subclone,arm,direction,n_genes_nonneutral,n_genes_arm,frac_arm,is_event,dataset,sample
observation.observation_s30,1p,gain,59,197,0.299492385786802,FALSE,GSE185381,GSM5613769_2020-03-18-count-1
observation.observation_s30,6p,loss,43,119,0.361344537815126,FALSE,GSE185381,GSM5613769_2020-03-18-count-1
observation.observation_s30,7p,gain,38,69,0.550724637681159,TRUE,GSE185381,GSM5613769_2020-03-18-count-1
observation.observation_s30,8q,gain,88,90,0.977777777777778,TRUE,GSE185381,GSM5613769_2020-03-18-count-1
observation.observation_s30,9q,gain,54,75,0.72,TRUE,GSE185381,GSM5613769_2020-03-18-count-1
observation.observation_s30,11p,gain,23,63,0.365079365079365,FALSE,GSE185381,GSM5613769_2020-03-18-count-1
observation.observation_s30,12p,gain,17,46,0.369565217391304,FALSE,GSE185381,GSM5613769_2020-03-18-count-1
observation.observation_s30,14q,loss,19,112,0.169642857142857,FALSE,GSE185381,GSM5613769_2020-03-18-count-1
observation.observation_s30,17p,gain,46,59,0.779661016949153,TRUE,GSE185381,GSM5613769_2020-03-18-count-1
observation.observation_s30,20p,gain,30,30,1,TRUE,GSE185381,GSM5613769_2020-03-18-count-1
observation.observation_s30,20q,gain,13,61,0.213114754098361,FALSE,GSE185381,GSM5613769_2020-03-18-count-1
observation.observation_s30,21q,gain,41,41,1,TRUE,GSE185381,GSM5613769_2020-03-18-count-1
observation.observation_s30,22q,gain,73,73,1,TRUE,GSE185381,GSM5613769_2020-03-18-count-1
observation.observation_s9,6p,loss,46,119,0.38655462184874,FALSE,GSE185381,GSM5613769_2020-03-18-count-1
observation.observation_s9,7p,gain,49,69,0.710144927536232,TRUE,GSE185381,GSM5613769_2020-03-18-count-1
observation.observation_s9,8p,gain,36,36,1,TRUE,GSE185381,GSM5613769_2020-03-18-count-1
observation.observation_s9,8q,gain,90,90,1,TRUE,GSE185381,GSM5613769_2020-03-18-count-1
observation.observation_s9,10p,gain,28,32,0.875,TRUE,GSE185381,GSM5613769_2020-03-18-count-1
observation.observation_s9,12p,gain,46,46,1,TRUE,GSE185381,GSM5613769_2020-03-18-count-1
observation.observation_s9,12q,gain,47,138,0.340579710144928,FALSE,GSE185381,GSM5613769_2020-03-18-count-1
observation.observation_s9,14q,loss,12,112,0.107142857142857,FALSE,GSE185381,GSM5613769_2020-03-18-count-1
observation.observation_s9,15q,gain,51,105,0.485714285714286,FALSE,GSE185381,GSM5613769_2020-03-18-count-1
observation.observation_s9,19p,loss,40,124,0.32258064516129,FALSE,GSE185381,GSM5613769_2020-03-18-count-1
observation.observation_s9,19q,loss,114,114,1,TRUE,GSE185381,GSM5613769_2020-03-18-count-1
observation.observation_s9,20p,gain,30,30,1,TRUE,GSE185381,GSM5613769_2020-03-18-count-1
observation.observation_s9,20q,gain,13,61,0.213114754098361,FALSE,GSE185381,GSM5613769_2020-03-18-count-1
observation.observation_s9,21q,gain,41,41,1,TRUE,GSE185381,GSM5613769_2020-03-18-count-1
observation.observation_s11,1q,gain,63,151,0.417218543046358,FALSE,GSE185381,GSM5613769_2020-03-18-count-1
observation.observation_s11,4p,gain,9,29,0.310344827586207,FALSE,GSE185381,GSM5613769_2020-03-18-count-1
observation.observation_s11,4q,gain,42,88,0.477272727272727,FALSE,GSE185381,GSM5613769_2020-03-18-count-1
observation.observation_s11,5p,loss,24,24,1,TRUE,GSE185381,GSM5613769_2020-03-18-count-1
observation.observation_s11,5q,loss,113,134,0.843283582089552,TRUE,GSE185381,GSM5613769_2020-03-18-count-1
observation.observation_s11,6p,loss,49,119,0.411764705882353,FALSE,GSE185381,GSM5613769_2020-03-18-count-1
observation.observation_s11,7p,gain,39,69,0.565217391304348,TRUE,GSE185381,GSM5613769_2020-03-18-count-1
observation.observation_s11,8q,gain,61,90,0.677777777777778,TRUE,GSE185381,GSM5613769_2020-03-18-count-1
observation.observation_s11,11p,gain,23,63,0.365079365079365,FALSE,GSE185381,GSM5613769_2020-03-18-count-1
observation.observation_s11,11q,gain,65,139,0.467625899280576,FALSE,GSE185381,GSM5613769_2020-03-18-count-1
observation.observation_s11,12p,gain,46,46,1,TRUE,GSE185381,GSM5613769_2020-03-18-count-1
observation.observation_s11,12q,gain,40,138,0.289855072463768,FALSE,GSE185381,GSM5613769_2020-03-18-count-1
observation.observation_s11,15q,gain,56,105,0.533333333333333,TRUE,GSE185381,GSM5613769_2020-03-18-count-1
observation.observation_s11,17p,gain,32,59,0.542372881355932,TRUE,GSE185381,GSM5613769_2020-03-18-count-1
observation.observation_s11,17q,loss,33,142,0.232394366197183,FALSE,GSE185381,GSM5613769_2020-03-18-count-1
observation.observation_s11,19q,loss,53,114,0.464912280701754,FALSE,GSE185381,GSM5613769_2020-03-18-count-1
observation.observation_s11,20p,gain,30,30,1,TRUE,GSE185381,GSM5613769_2020-03-18-count-1
observation.observation_s11,20q,gain,61,61,1,TRUE,GSE185381,GSM5613769_2020-03-18-count-1
observation.observation_s11,21q,gain,41,41,1,TRUE,GSE185381,GSM5613769_2020-03-18-count-1
observation.observation_s11,22q,gain,73,73,1,TRUE,GSE185381,GSM5613769_2020-03-18-count-1
observation.observation_s21,6p,loss,49,119,0.411764705882353,FALSE,GSE185381,GSM5613769_2020-03-18-count-1
observation.observation_s21,17q,gain,39,142,0.274647887323944,FALSE,GSE185381,GSM5613769_2020-03-18-count-1
observation.observation_s21,20p,gain,30,30,1,TRUE,GSE185381,GSM5613769_2020-03-18-count-1
observation.observation_s21,20q,gain,25,61,0.409836065573771,FALSE,GSE185381,GSM5613769_2020-03-18-count-1
observation.observation_s13,1q,gain,42,151,0.278145695364238,FALSE,GSE185381,GSM5613769_2020-03-18-count-1
observation.observation_s13,6p,loss,45,119,0.378151260504202,FALSE,GSE185381,GSM5613769_2020-03-18-count-1
observation.observation_s13,8p,gain,2,36,0.0555555555555556,FALSE,GSE185381,GSM5613769_2020-03-18-count-1
observation.observation_s13,8q,gain,90,90,1,TRUE,GSE185381,GSM5613769_2020-03-18-count-1
observation.observation_s13,11p,gain,28,63,0.444444444444444,FALSE,GSE185381,GSM5613769_2020-03-18-count-1
observation.observation_s13,12p,gain,46,46,1,TRUE,GSE185381,GSM5613769_2020-03-18-count-1
observation.observation_s13,12q,gain,47,138,0.340579710144928,FALSE,GSE185381,GSM5613769_2020-03-18-count-1
observation.observation_s13,14q,loss,13,112,0.116071428571429,FALSE,GSE185381,GSM5613769_2020-03-18-count-1
observation.observation_s13,15q,gain,55,105,0.523809523809524,TRUE,GSE185381,GSM5613769_2020-03-18-count-1
observation.observation_s13,17p,gain,40,59,0.677966101694915,TRUE,GSE185381,GSM5613769_2020-03-18-count-1
observation.observation_s13,20p,gain,30,30,1,TRUE,GSE185381,GSM5613769_2020-03-18-count-1
observation.observation_s13,20q,gain,17,61,0.278688524590164,FALSE,GSE185381,GSM5613769_2020-03-18-count-1
observation.observation_s13,21q,gain,41,41,1,TRUE,GSE185381,GSM5613769_2020-03-18-count-1
observation.observation_s13,22q,gain,73,73,1,TRUE,GSE185381,GSM5613769_2020-03-18-count-1
observation.observation_s18,1p,gain,17,197,0.0862944162436548,FALSE,GSE185381,GSM5613769_2020-03-18-count-1
observation.observation_s18,1q,gain,67,151,0.443708609271523,FALSE,GSE185381,GSM5613769_2020-03-18-count-1
observation.observation_s18,7p,gain,19,69,0.27536231884058,FALSE,GSE185381,GSM5613769_2020-03-18-count-1
observation.observation_s18,12p,gain,46,46,1,TRUE,GSE185381,GSM5613769_2020-03-18-count-1
observation.observation_s18,12q,gain,79,138,0.572463768115942,TRUE,GSE185381,GSM5613769_2020-03-18-count-1
observation.observation_s18,17p,gain,33,59,0.559322033898305,TRUE,GSE185381,GSM5613769_2020-03-18-count-1
observation.observation_s18,19p,gain,124,124,1,TRUE,GSE185381,GSM5613769_2020-03-18-count-1
observation.observation_s18,19q,gain,32,114,0.280701754385965,FALSE,GSE185381,GSM5613769_2020-03-18-count-1
observation.observation_s18,20p,gain,30,30,1,TRUE,GSE185381,GSM5613769_2020-03-18-count-1
observation.observation_s18,20q,gain,36,61,0.59016393442623,TRUE,GSE185381,GSM5613769_2020-03-18-count-1
observation.observation_s18,22q,gain,31,73,0.424657534246575,FALSE,GSE185381,GSM5613769_2020-03-18-count-1
observation.observation_s16,6p,loss,56,119,0.470588235294118,FALSE,GSE185381,GSM5613769_2020-03-18-count-1
observation.observation_s16,8q,gain,37,90,0.411111111111111,FALSE,GSE185381,GSM5613769_2020-03-18-count-1
observation.observation_s16,12p,gain,46,46,1,TRUE,GSE185381,GSM5613769_2020-03-18-count-1
observation.observation_s16,12q,gain,63,138,0.456521739130435,FALSE,GSE185381,GSM5613769_2020-03-18-count-1
observation.observation_s16,14q,loss,19,112,0.169642857142857,FALSE,GSE185381,GSM5613769_2020-03-18-count-1
observation.observation_s16,19p,gain,52,124,0.419354838709677,FALSE,GSE185381,GSM5613769_2020-03-18-count-1
observation.observation_s1,1q,gain,39,151,0.258278145695364,FALSE,GSE185381,GSM5613769_2020-03-18-count-1
observation.observation_s1,6p,loss,31,119,0.260504201680672,FALSE,GSE185381,GSM5613769_2020-03-18-count-1
observation.observation_s1,8q,gain,81,90,0.9,TRUE,GSE185381,GSM5613769_2020-03-18-count-1
observation.observation_s1,11p,gain,43,63,0.682539682539683,TRUE,GSE185381,GSM5613769_2020-03-18-count-1
observation.observation_s1,14q,loss,18,112,0.160714285714286,FALSE,GSE185381,GSM5613769_2020-03-18-count-1
observation.observation_s1,17p,gain,48,59,0.813559322033898,TRUE,GSE185381,GSM5613769_2020-03-18-count-1
observation.observation_s1,19p,gain,54,124,0.435483870967742,FALSE,GSE185381,GSM5613769_2020-03-18-count-1
observation.observation_s1,20p,gain,30,30,1,TRUE,GSE185381,GSM5613769_2020-03-18-count-1
observation.observation_s1,20q,gain,24,61,0.39344262295082,FALSE,GSE185381,GSM5613769_2020-03-18-count-1
observation.observation_s1,21q,gain,41,41,1,TRUE,GSE185381,GSM5613769_2020-03-18-count-1
observation.observation_s1,22q,gain,73,73,1,TRUE,GSE185381,GSM5613769_2020-03-18-count-1
observation.observation_s23,1p,gain,73,197,0.370558375634518,FALSE,GSE185381,GSM5613769_2020-03-18-count-1
observation.observation_s23,1q,gain,136,151,0.900662251655629,TRUE,GSE185381,GSM5613769_2020-03-18-count-1
observation.observation_s23,4p,gain,7,29,0.241379310344828,FALSE,GSE185381,GSM5613769_2020-03-18-count-1
observation.observation_s23,4q,gain,48,88,0.545454545454545,TRUE,GSE185381,GSM5613769_2020-03-18-count-1
observation.observation_s23,6p,gain,29,119,0.243697478991597,FALSE,GSE185381,GSM5613769_2020-03-18-count-1
observation.observation_s23,6p,loss,49,119,0.411764705882353,FALSE,GSE185381,GSM5613769_2020-03-18-count-1
observation.observation_s23,7p,gain,69,69,1,TRUE,GSE185381,GSM5613769_2020-03-18-count-1
observation.observation_s23,7q,gain,94,94,1,TRUE,GSE185381,GSM5613769_2020-03-18-count-1
observation.observation_s23,8q,gain,64,90,0.711111111111111,TRUE,GSE185381,GSM5613769_2020-03-18-count-1
observation.observation_s23,12p,gain,46,46,1,TRUE,GSE185381,GSM5613769_2020-03-18-count-1
observation.observation_s23,12q,gain,53,138,0.384057971014493,FALSE,GSE185381,GSM5613769_2020-03-18-count-1
observation.observation_s23,15q,gain,54,105,0.514285714285714,TRUE,GSE185381,GSM5613769_2020-03-18-count-1
observation.observation_s23,17p,gain,29,59,0.491525423728814,FALSE,GSE185381,GSM5613769_2020-03-18-count-1
observation.observation_s23,19q,loss,64,114,0.56140350877193,TRUE,GSE185381,GSM5613769_2020-03-18-count-1
observation.observation_s23,20p,gain,30,30,1,TRUE,GSE185381,GSM5613769_2020-03-18-count-1
observation.observation_s23,20q,gain,32,61,0.524590163934426,TRUE,GSE185381,GSM5613769_2020-03-18-count-1
observation.observation_s23,21q,gain,41,41,1,TRUE,GSE185381,GSM5613769_2020-03-18-count-1
observation.observation_s23,22q,gain,73,73,1,TRUE,GSE185381,GSM5613769_2020-03-18-count-1
observation.observation_s7,1p,gain,22,197,0.111675126903553,FALSE,GSE185381,GSM5613769_2020-03-18-count-1
observation.observation_s7,1q,gain,151,151,1,TRUE,GSE185381,GSM5613769_2020-03-18-count-1
observation.observation_s7,3p,loss,38,98,0.387755102040816,FALSE,GSE185381,GSM5613769_2020-03-18-count-1
observation.observation_s7,6p,loss,51,119,0.428571428571429,FALSE,GSE185381,GSM5613769_2020-03-18-count-1
observation.observation_s7,6q,loss,8,69,0.115942028985507,FALSE,GSE185381,GSM5613769_2020-03-18-count-1
observation.observation_s7,7q,gain,81,94,0.861702127659575,TRUE,GSE185381,GSM5613769_2020-03-18-count-1
observation.observation_s7,10p,gain,32,32,1,TRUE,GSE185381,GSM5613769_2020-03-18-count-1
observation.observation_s7,10q,gain,49,77,0.636363636363636,TRUE,GSE185381,GSM5613769_2020-03-18-count-1
observation.observation_s7,11q,loss,56,139,0.402877697841727,FALSE,GSE185381,GSM5613769_2020-03-18-count-1
observation.observation_s7,14q,gain,37,112,0.330357142857143,FALSE,GSE185381,GSM5613769_2020-03-18-count-1
observation.observation_s7,17p,gain,41,59,0.694915254237288,TRUE,GSE185381,GSM5613769_2020-03-18-count-1
observation.observation_s7,19p,gain,124,124,1,TRUE,GSE185381,GSM5613769_2020-03-18-count-1
observation.observation_s7,19q,gain,38,114,0.333333333333333,FALSE,GSE185381,GSM5613769_2020-03-18-count-1
observation.observation_s7,20p,gain,24,30,0.8,TRUE,GSE185381,GSM5613769_2020-03-18-count-1
observation.observation_s7,20q,gain,27,61,0.442622950819672,FALSE,GSE185381,GSM5613769_2020-03-18-count-1
observation.observation_s7,22q,gain,21,73,0.287671232876712,FALSE,GSE185381,GSM5613769_2020-03-18-count-1
observation.observation_s3,1p,gain,20,197,0.101522842639594,FALSE,GSE185381,GSM5613769_2020-03-18-count-1
observation.observation_s3,1q,gain,68,151,0.450331125827815,FALSE,GSE185381,GSM5613769_2020-03-18-count-1
observation.observation_s3,4q,loss,43,88,0.488636363636364,FALSE,GSE185381,GSM5613769_2020-03-18-count-1
observation.observation_s3,7q,gain,46,94,0.48936170212766,FALSE,GSE185381,GSM5613769_2020-03-18-count-1
observation.observation_s3,12p,gain,46,46,1,TRUE,GSE185381,GSM5613769_2020-03-18-count-1
observation.observation_s3,12q,gain,74,138,0.536231884057971,TRUE,GSE185381,GSM5613769_2020-03-18-count-1
observation.observation_s3,17p,gain,42,59,0.711864406779661,TRUE,GSE185381,GSM5613769_2020-03-18-count-1
observation.observation_s3,19p,gain,124,124,1,TRUE,GSE185381,GSM5613769_2020-03-18-count-1
observation.observation_s3,19q,gain,60,114,0.526315789473684,TRUE,GSE185381,GSM5613769_2020-03-18-count-1
observation.observation_s3,20p,gain,28,30,0.933333333333333,TRUE,GSE185381,GSM5613769_2020-03-18-count-1
observation.observation_s3,20q,gain,41,61,0.672131147540984,TRUE,GSE185381,GSM5613769_2020-03-18-count-1
observation.observation_s3,22q,gain,29,73,0.397260273972603,FALSE,GSE185381,GSM5613769_2020-03-18-count-1
observation.observation_s19,1q,gain,57,151,0.377483443708609,FALSE,GSE185381,GSM5613769_2020-03-18-count-1
observation.observation_s19,3q,loss,21,100,0.21,FALSE,GSE185381,GSM5613769_2020-03-18-count-1
observation.observation_s19,5p,loss,24,24,1,TRUE,GSE185381,GSM5613769_2020-03-18-count-1
observation.observation_s19,5q,loss,113,134,0.843283582089552,TRUE,GSE185381,GSM5613769_2020-03-18-count-1
observation.observation_s19,6p,loss,45,119,0.378151260504202,FALSE,GSE185381,GSM5613769_2020-03-18-count-1
observation.observation_s19,6q,loss,38,69,0.550724637681159,TRUE,GSE185381,GSM5613769_2020-03-18-count-1
observation.observation_s19,8q,gain,56,90,0.622222222222222,TRUE,GSE185381,GSM5613769_2020-03-18-count-1
observation.observation_s19,11p,gain,26,63,0.412698412698413,FALSE,GSE185381,GSM5613769_2020-03-18-count-1
observation.observation_s19,11q,gain,74,139,0.532374100719425,TRUE,GSE185381,GSM5613769_2020-03-18-count-1
observation.observation_s19,12p,gain,46,46,1,TRUE,GSE185381,GSM5613769_2020-03-18-count-1
observation.observation_s19,12q,gain,45,138,0.326086956521739,FALSE,GSE185381,GSM5613769_2020-03-18-count-1
observation.observation_s19,17p,gain,43,59,0.728813559322034,TRUE,GSE185381,GSM5613769_2020-03-18-count-1
observation.observation_s19,18q,loss,25,28,0.892857142857143,TRUE,GSE185381,GSM5613769_2020-03-18-count-1
observation.observation_s19,19p,gain,58,124,0.467741935483871,FALSE,GSE185381,GSM5613769_2020-03-18-count-1
observation.observation_s19,20p,gain,30,30,1,TRUE,GSE185381,GSM5613769_2020-03-18-count-1
observation.observation_s19,20q,gain,61,61,1,TRUE,GSE185381,GSM5613769_2020-03-18-count-1
observation.observation_s19,21q,gain,41,41,1,TRUE,GSE185381,GSM5613769_2020-03-18-count-1
observation.observation_s19,22q,gain,73,73,1,TRUE,GSE185381,GSM5613769_2020-03-18-count-1
observation.observation_s26,1p,gain,22,197,0.111675126903553,FALSE,GSE185381,GSM5613769_2020-03-18-count-1
observation.observation_s26,1q,gain,71,151,0.470198675496689,FALSE,GSE185381,GSM5613769_2020-03-18-count-1
observation.observation_s26,3p,loss,51,98,0.520408163265306,TRUE,GSE185381,GSM5613769_2020-03-18-count-1
observation.observation_s26,6p,loss,47,119,0.394957983193277,FALSE,GSE185381,GSM5613769_2020-03-18-count-1
observation.observation_s26,6q,loss,10,69,0.144927536231884,FALSE,GSE185381,GSM5613769_2020-03-18-count-1
observation.observation_s26,7q,gain,56,94,0.595744680851064,TRUE,GSE185381,GSM5613769_2020-03-18-count-1
observation.observation_s26,10p,gain,32,32,1,TRUE,GSE185381,GSM5613769_2020-03-18-count-1
observation.observation_s26,10q,gain,38,77,0.493506493506494,FALSE,GSE185381,GSM5613769_2020-03-18-count-1
observation.observation_s26,11p,gain,18,63,0.285714285714286,FALSE,GSE185381,GSM5613769_2020-03-18-count-1
observation.observation_s26,11q,gain,52,139,0.37410071942446,FALSE,GSE185381,GSM5613769_2020-03-18-count-1
observation.observation_s26,12p,gain,46,46,1,TRUE,GSE185381,GSM5613769_2020-03-18-count-1
observation.observation_s26,12q,gain,76,138,0.550724637681159,TRUE,GSE185381,GSM5613769_2020-03-18-count-1
observation.observation_s26,14q,gain,37,112,0.330357142857143,FALSE,GSE185381,GSM5613769_2020-03-18-count-1
observation.observation_s26,17q,loss,67,142,0.471830985915493,FALSE,GSE185381,GSM5613769_2020-03-18-count-1
observation.observation_s26,19p,gain,124,124,1,TRUE,GSE185381,GSM5613769_2020-03-18-count-1
observation.observation_s26,19q,gain,38,114,0.333333333333333,FALSE,GSE185381,GSM5613769_2020-03-18-count-1
observation.observation_s26,20p,gain,30,30,1,TRUE,GSE185381,GSM5613769_2020-03-18-count-1
observation.observation_s26,20q,gain,42,61,0.688524590163934,TRUE,GSE185381,GSM5613769_2020-03-18-count-1
observation.observation_s26,22q,gain,15,73,0.205479452054795,FALSE,GSE185381,GSM5613769_2020-03-18-count-1
observation.observation_s14,1p,gain,20,197,0.101522842639594,FALSE,GSE185381,GSM5613769_2020-03-18-count-1
observation.observation_s14,1q,gain,68,151,0.450331125827815,FALSE,GSE185381,GSM5613769_2020-03-18-count-1
observation.observation_s14,3p,loss,42,98,0.428571428571429,FALSE,GSE185381,GSM5613769_2020-03-18-count-1
observation.observation_s14,4q,loss,35,88,0.397727272727273,FALSE,GSE185381,GSM5613769_2020-03-18-count-1
observation.observation_s14,6p,loss,43,119,0.361344537815126,FALSE,GSE185381,GSM5613769_2020-03-18-count-1
observation.observation_s14,6q,loss,10,69,0.144927536231884,FALSE,GSE185381,GSM5613769_2020-03-18-count-1
observation.observation_s14,9p,gain,21,29,0.724137931034483,TRUE,GSE185381,GSM5613769_2020-03-18-count-1
observation.observation_s14,9q,gain,75,75,1,TRUE,GSE185381,GSM5613769_2020-03-18-count-1
observation.observation_s14,11p,gain,63,63,1,TRUE,GSE185381,GSM5613769_2020-03-18-count-1
observation.observation_s14,11q,gain,65,139,0.467625899280576,FALSE,GSE185381,GSM5613769_2020-03-18-count-1
observation.observation_s14,17p,gain,36,59,0.610169491525424,TRUE,GSE185381,GSM5613769_2020-03-18-count-1
observation.observation_s14,18p,loss,4,16,0.25,FALSE,GSE185381,GSM5613769_2020-03-18-count-1
observation.observation_s14,18q,loss,28,28,1,TRUE,GSE185381,GSM5613769_2020-03-18-count-1
observation.observation_s14,19p,gain,124,124,1,TRUE,GSE185381,GSM5613769_2020-03-18-count-1
observation.observation_s14,19q,gain,49,114,0.429824561403509,FALSE,GSE185381,GSM5613769_2020-03-18-count-1
observation.observation_s14,20p,gain,30,30,1,TRUE,GSE185381,GSM5613769_2020-03-18-count-1
observation.observation_s14,20q,gain,40,61,0.655737704918033,TRUE,GSE185381,GSM5613769_2020-03-18-count-1
observation.observation_s14,22q,gain,33,73,0.452054794520548,FALSE,GSE185381,GSM5613769_2020-03-18-count-1
observation.observation_s5,1p,gain,99,197,0.50253807106599,TRUE,GSE185381,GSM5613769_2020-03-18-count-1
observation.observation_s5,1q,gain,71,151,0.470198675496689,FALSE,GSE185381,GSM5613769_2020-03-18-count-1
observation.observation_s5,3p,loss,45,98,0.459183673469388,FALSE,GSE185381,GSM5613769_2020-03-18-count-1
observation.observation_s5,6p,loss,47,119,0.394957983193277,FALSE,GSE185381,GSM5613769_2020-03-18-count-1
observation.observation_s5,6q,loss,22,69,0.318840579710145,FALSE,GSE185381,GSM5613769_2020-03-18-count-1
observation.observation_s5,7q,gain,88,94,0.936170212765957,TRUE,GSE185381,GSM5613769_2020-03-18-count-1
observation.observation_s5,10p,gain,32,32,1,TRUE,GSE185381,GSM5613769_2020-03-18-count-1
observation.observation_s5,10q,gain,37,77,0.480519480519481,FALSE,GSE185381,GSM5613769_2020-03-18-count-1
observation.observation_s5,11p,gain,63,63,1,TRUE,GSE185381,GSM5613769_2020-03-18-count-1
observation.observation_s5,11q,gain,78,139,0.561151079136691,TRUE,GSE185381,GSM5613769_2020-03-18-count-1
observation.observation_s5,16q,gain,50,58,0.862068965517241,TRUE,GSE185381,GSM5613769_2020-03-18-count-1
observation.observation_s5,17p,gain,36,59,0.610169491525424,TRUE,GSE185381,GSM5613769_2020-03-18-count-1
observation.observation_s5,19p,gain,124,124,1,TRUE,GSE185381,GSM5613769_2020-03-18-count-1
observation.observation_s5,19q,gain,46,114,0.403508771929825,FALSE,GSE185381,GSM5613769_2020-03-18-count-1
observation.observation_s5,20p,gain,30,30,1,TRUE,GSE185381,GSM5613769_2020-03-18-count-1
observation.observation_s5,20q,gain,34,61,0.557377049180328,TRUE,GSE185381,GSM5613769_2020-03-18-count-1
observation.observation_s5,22q,gain,24,73,0.328767123287671,FALSE,GSE185381,GSM5613769_2020-03-18-count-1
observation.observation_s37,1p,gain,21,197,0.106598984771574,FALSE,GSE185381,GSM5613769_2020-03-18-count-1
observation.observation_s37,1q,gain,58,151,0.384105960264901,FALSE,GSE185381,GSM5613769_2020-03-18-count-1
observation.observation_s37,10p,gain,32,32,1,TRUE,GSE185381,GSM5613769_2020-03-18-count-1
observation.observation_s37,10q,gain,32,77,0.415584415584416,FALSE,GSE185381,GSM5613769_2020-03-18-count-1
observation.observation_s37,11p,gain,63,63,1,TRUE,GSE185381,GSM5613769_2020-03-18-count-1
observation.observation_s37,11q,gain,58,139,0.41726618705036,FALSE,GSE185381,GSM5613769_2020-03-18-count-1
observation.observation_s37,19p,gain,124,124,1,TRUE,GSE185381,GSM5613769_2020-03-18-count-1
observation.observation_s37,19q,gain,36,114,0.315789473684211,FALSE,GSE185381,GSM5613769_2020-03-18-count-1
observation.observation_s37,20p,gain,19,30,0.633333333333333,TRUE,GSE185381,GSM5613769_2020-03-18-count-1
observation.observation_s37,20q,gain,28,61,0.459016393442623,FALSE,GSE185381,GSM5613769_2020-03-18-count-1
observation.observation_s37,22q,gain,23,73,0.315068493150685,FALSE,GSE185381,GSM5613769_2020-03-18-count-1
observation.observation_s22,1q,gain,56,151,0.370860927152318,FALSE,GSE185381,GSM5613769_2020-03-18-count-1
observation.observation_s22,3q,gain,47,100,0.47,FALSE,GSE185381,GSM5613769_2020-03-18-count-1
observation.observation_s22,4p,gain,16,29,0.551724137931035,TRUE,GSE185381,GSM5613769_2020-03-18-count-1
observation.observation_s22,4q,gain,51,88,0.579545454545455,TRUE,GSE185381,GSM5613769_2020-03-18-count-1
observation.observation_s22,6p,loss,46,119,0.38655462184874,FALSE,GSE185381,GSM5613769_2020-03-18-count-1
observation.observation_s22,7p,gain,35,69,0.507246376811594,TRUE,GSE185381,GSM5613769_2020-03-18-count-1
observation.observation_s22,8q,gain,70,90,0.777777777777778,TRUE,GSE185381,GSM5613769_2020-03-18-count-1
observation.observation_s22,9p,gain,27,29,0.931034482758621,TRUE,GSE185381,GSM5613769_2020-03-18-count-1
observation.observation_s22,9q,gain,75,75,1,TRUE,GSE185381,GSM5613769_2020-03-18-count-1
observation.observation_s22,12p,gain,39,46,0.847826086956522,TRUE,GSE185381,GSM5613769_2020-03-18-count-1
observation.observation_s22,15q,gain,51,105,0.485714285714286,FALSE,GSE185381,GSM5613769_2020-03-18-count-1
observation.observation_s22,17q,loss,33,142,0.232394366197183,FALSE,GSE185381,GSM5613769_2020-03-18-count-1
observation.observation_s22,19q,loss,68,114,0.596491228070175,TRUE,GSE185381,GSM5613769_2020-03-18-count-1
observation.observation_s22,20p,gain,30,30,1,TRUE,GSE185381,GSM5613769_2020-03-18-count-1
observation.observation_s22,20q,gain,31,61,0.508196721311475,TRUE,GSE185381,GSM5613769_2020-03-18-count-1
observation.observation_s22,21q,gain,41,41,1,TRUE,GSE185381,GSM5613769_2020-03-18-count-1
observation.observation_s22,22q,gain,47,73,0.643835616438356,TRUE,GSE185381,GSM5613769_2020-03-18-count-1
observation.observation_s6,1q,gain,142,151,0.940397350993378,TRUE,GSE185381,GSM5613769_2020-03-18-count-1
observation.observation_s6,4p,gain,20,29,0.689655172413793,TRUE,GSE185381,GSM5613769_2020-03-18-count-1
observation.observation_s6,4q,gain,50,88,0.568181818181818,TRUE,GSE185381,GSM5613769_2020-03-18-count-1
observation.observation_s6,5p,loss,24,24,1,TRUE,GSE185381,GSM5613769_2020-03-18-count-1
observation.observation_s6,5q,loss,118,134,0.880597014925373,TRUE,GSE185381,GSM5613769_2020-03-18-count-1
observation.observation_s6,6p,gain,37,119,0.310924369747899,FALSE,GSE185381,GSM5613769_2020-03-18-count-1
observation.observation_s6,6p,loss,50,119,0.420168067226891,FALSE,GSE185381,GSM5613769_2020-03-18-count-1
observation.observation_s6,7p,gain,69,69,1,TRUE,GSE185381,GSM5613769_2020-03-18-count-1
observation.observation_s6,7q,gain,94,94,1,TRUE,GSE185381,GSM5613769_2020-03-18-count-1
observation.observation_s6,8q,gain,64,90,0.711111111111111,TRUE,GSE185381,GSM5613769_2020-03-18-count-1
observation.observation_s6,12p,gain,46,46,1,TRUE,GSE185381,GSM5613769_2020-03-18-count-1
observation.observation_s6,12q,gain,45,138,0.326086956521739,FALSE,GSE185381,GSM5613769_2020-03-18-count-1
observation.observation_s6,15q,gain,54,105,0.514285714285714,TRUE,GSE185381,GSM5613769_2020-03-18-count-1
observation.observation_s6,17p,gain,25,59,0.423728813559322,FALSE,GSE185381,GSM5613769_2020-03-18-count-1
observation.observation_s6,17p,loss,3,59,0.0508474576271187,FALSE,GSE185381,GSM5613769_2020-03-18-count-1
observation.observation_s6,17q,loss,40,142,0.28169014084507,FALSE,GSE185381,GSM5613769_2020-03-18-count-1
observation.observation_s6,19q,loss,67,114,0.587719298245614,TRUE,GSE185381,GSM5613769_2020-03-18-count-1
observation.observation_s6,20p,gain,30,30,1,TRUE,GSE185381,GSM5613769_2020-03-18-count-1
observation.observation_s6,20q,gain,25,61,0.409836065573771,FALSE,GSE185381,GSM5613769_2020-03-18-count-1
observation.observation_s6,21q,gain,41,41,1,TRUE,GSE185381,GSM5613769_2020-03-18-count-1
observation.observation_s6,22q,gain,47,73,0.643835616438356,TRUE,GSE185381,GSM5613769_2020-03-18-count-1
observation.observation_s12,1p,gain,107,197,0.543147208121827,TRUE,GSE185381,GSM5613769_2020-03-18-count-1
observation.observation_s12,1q,gain,71,151,0.470198675496689,FALSE,GSE185381,GSM5613769_2020-03-18-count-1
observation.observation_s12,3p,loss,47,98,0.479591836734694,FALSE,GSE185381,GSM5613769_2020-03-18-count-1
observation.observation_s12,6p,loss,53,119,0.445378151260504,FALSE,GSE185381,GSM5613769_2020-03-18-count-1
observation.observation_s12,6q,loss,6,69,0.0869565217391304,FALSE,GSE185381,GSM5613769_2020-03-18-count-1
observation.observation_s12,10p,gain,32,32,1,TRUE,GSE185381,GSM5613769_2020-03-18-count-1
observation.observation_s12,10q,gain,43,77,0.558441558441558,TRUE,GSE185381,GSM5613769_2020-03-18-count-1
observation.observation_s12,11p,gain,63,63,1,TRUE,GSE185381,GSM5613769_2020-03-18-count-1
observation.observation_s12,11q,gain,61,139,0.438848920863309,FALSE,GSE185381,GSM5613769_2020-03-18-count-1
observation.observation_s12,19p,gain,124,124,1,TRUE,GSE185381,GSM5613769_2020-03-18-count-1
observation.observation_s12,19q,gain,34,114,0.298245614035088,FALSE,GSE185381,GSM5613769_2020-03-18-count-1
observation.observation_s12,22q,gain,20,73,0.273972602739726,FALSE,GSE185381,GSM5613769_2020-03-18-count-1
observation.observation_s31,1p,gain,105,197,0.532994923857868,TRUE,GSE185381,GSM5613769_2020-03-18-count-1
observation.observation_s31,1q,gain,58,151,0.384105960264901,FALSE,GSE185381,GSM5613769_2020-03-18-count-1
observation.observation_s31,4q,gain,42,88,0.477272727272727,FALSE,GSE185381,GSM5613769_2020-03-18-count-1
observation.observation_s31,6p,loss,50,119,0.420168067226891,FALSE,GSE185381,GSM5613769_2020-03-18-count-1
observation.observation_s31,7p,gain,44,69,0.63768115942029,TRUE,GSE185381,GSM5613769_2020-03-18-count-1
observation.observation_s31,8q,gain,74,90,0.822222222222222,TRUE,GSE185381,GSM5613769_2020-03-18-count-1
observation.observation_s31,11p,gain,20,63,0.317460317460317,FALSE,GSE185381,GSM5613769_2020-03-18-count-1
observation.observation_s31,12p,gain,23,46,0.5,TRUE,GSE185381,GSM5613769_2020-03-18-count-1
observation.observation_s31,15q,gain,51,105,0.485714285714286,FALSE,GSE185381,GSM5613769_2020-03-18-count-1
observation.observation_s31,17q,loss,31,142,0.21830985915493,FALSE,GSE185381,GSM5613769_2020-03-18-count-1
observation.observation_s31,19q,loss,71,114,0.62280701754386,TRUE,GSE185381,GSM5613769_2020-03-18-count-1
observation.observation_s31,20p,gain,30,30,1,TRUE,GSE185381,GSM5613769_2020-03-18-count-1
observation.observation_s31,20q,gain,27,61,0.442622950819672,FALSE,GSE185381,GSM5613769_2020-03-18-count-1
observation.observation_s31,21q,gain,41,41,1,TRUE,GSE185381,GSM5613769_2020-03-18-count-1
observation.observation_s31,22q,gain,73,73,1,TRUE,GSE185381,GSM5613769_2020-03-18-count-1
observation.observation_s4,1p,gain,24,197,0.121827411167513,FALSE,GSE185381,GSM5613769_2020-03-18-count-1
observation.observation_s4,1q,gain,69,151,0.456953642384106,FALSE,GSE185381,GSM5613769_2020-03-18-count-1
observation.observation_s4,5q,gain,24,134,0.17910447761194,FALSE,GSE185381,GSM5613769_2020-03-18-count-1
observation.observation_s4,6p,loss,49,119,0.411764705882353,FALSE,GSE185381,GSM5613769_2020-03-18-count-1
observation.observation_s4,6q,loss,10,69,0.144927536231884,FALSE,GSE185381,GSM5613769_2020-03-18-count-1
observation.observation_s4,7q,gain,83,94,0.882978723404255,TRUE,GSE185381,GSM5613769_2020-03-18-count-1
observation.observation_s4,10p,gain,32,32,1,TRUE,GSE185381,GSM5613769_2020-03-18-count-1
observation.observation_s4,10q,gain,47,77,0.61038961038961,TRUE,GSE185381,GSM5613769_2020-03-18-count-1
observation.observation_s4,19p,gain,124,124,1,TRUE,GSE185381,GSM5613769_2020-03-18-count-1
observation.observation_s4,19q,gain,36,114,0.315789473684211,FALSE,GSE185381,GSM5613769_2020-03-18-count-1
observation.observation_s4,20p,gain,27,30,0.9,TRUE,GSE185381,GSM5613769_2020-03-18-count-1
observation.observation_s4,20q,gain,26,61,0.426229508196721,FALSE,GSE185381,GSM5613769_2020-03-18-count-1
observation.observation_s17,1p,gain,21,197,0.106598984771574,FALSE,GSE185381,GSM5613769_2020-03-18-count-1
observation.observation_s17,1q,gain,70,151,0.463576158940397,FALSE,GSE185381,GSM5613769_2020-03-18-count-1
observation.observation_s17,6p,loss,45,119,0.378151260504202,FALSE,GSE185381,GSM5613769_2020-03-18-count-1
observation.observation_s17,10p,gain,29,32,0.90625,TRUE,GSE185381,GSM5613769_2020-03-18-count-1
observation.observation_s17,10q,gain,31,77,0.402597402597403,FALSE,GSE185381,GSM5613769_2020-03-18-count-1
observation.observation_s17,11q,gain,39,139,0.280575539568345,FALSE,GSE185381,GSM5613769_2020-03-18-count-1
observation.observation_s17,12p,gain,46,46,1,TRUE,GSE185381,GSM5613769_2020-03-18-count-1
observation.observation_s17,12q,gain,80,138,0.579710144927536,TRUE,GSE185381,GSM5613769_2020-03-18-count-1
observation.observation_s17,19p,gain,16,124,0.129032258064516,FALSE,GSE185381,GSM5613769_2020-03-18-count-1
observation.observation_s17,19q,gain,24,114,0.210526315789474,FALSE,GSE185381,GSM5613769_2020-03-18-count-1
observation.observation_s17,20p,gain,30,30,1,TRUE,GSE185381,GSM5613769_2020-03-18-count-1
observation.observation_s17,20q,gain,33,61,0.540983606557377,TRUE,GSE185381,GSM5613769_2020-03-18-count-1
observation.observation_s17,22q,gain,18,73,0.246575342465753,FALSE,GSE185381,GSM5613769_2020-03-18-count-1
observation.observation_s29,1q,gain,53,151,0.350993377483444,FALSE,GSE185381,GSM5613769_2020-03-18-count-1
observation.observation_s29,5p,loss,19,24,0.791666666666667,TRUE,GSE185381,GSM5613769_2020-03-18-count-1
observation.observation_s29,5q,loss,113,134,0.843283582089552,TRUE,GSE185381,GSM5613769_2020-03-18-count-1
observation.observation_s29,6p,loss,52,119,0.436974789915966,FALSE,GSE185381,GSM5613769_2020-03-18-count-1
observation.observation_s29,7p,gain,49,69,0.710144927536232,TRUE,GSE185381,GSM5613769_2020-03-18-count-1
observation.observation_s29,8q,gain,53,90,0.588888888888889,TRUE,GSE185381,GSM5613769_2020-03-18-count-1
observation.observation_s29,11p,gain,20,63,0.317460317460317,FALSE,GSE185381,GSM5613769_2020-03-18-count-1
observation.observation_s29,15q,gain,54,105,0.514285714285714,TRUE,GSE185381,GSM5613769_2020-03-18-count-1
observation.observation_s29,17p,gain,44,59,0.745762711864407,TRUE,GSE185381,GSM5613769_2020-03-18-count-1
observation.observation_s29,19q,loss,51,114,0.447368421052632,FALSE,GSE185381,GSM5613769_2020-03-18-count-1
observation.observation_s29,20p,gain,30,30,1,TRUE,GSE185381,GSM5613769_2020-03-18-count-1
observation.observation_s29,20q,gain,22,61,0.360655737704918,FALSE,GSE185381,GSM5613769_2020-03-18-count-1
observation.observation_s29,21q,gain,41,41,1,TRUE,GSE185381,GSM5613769_2020-03-18-count-1
observation.observation_s29,22q,gain,47,73,0.643835616438356,TRUE,GSE185381,GSM5613769_2020-03-18-count-1
observation.observation_s25,1q,gain,134,151,0.887417218543046,TRUE,GSE185381,GSM5613769_2020-03-18-count-1
observation.observation_s25,2p,gain,34,106,0.320754716981132,FALSE,GSE185381,GSM5613769_2020-03-18-count-1
observation.observation_s25,4p,gain,7,29,0.241379310344828,FALSE,GSE185381,GSM5613769_2020-03-18-count-1
observation.observation_s25,4q,gain,40,88,0.454545454545455,FALSE,GSE185381,GSM5613769_2020-03-18-count-1
observation.observation_s25,5p,loss,12,24,0.5,TRUE,GSE185381,GSM5613769_2020-03-18-count-1
observation.observation_s25,5q,loss,110,134,0.82089552238806,TRUE,GSE185381,GSM5613769_2020-03-18-count-1
observation.observation_s25,6p,loss,49,119,0.411764705882353,FALSE,GSE185381,GSM5613769_2020-03-18-count-1
observation.observation_s25,6q,loss,30,69,0.434782608695652,FALSE,GSE185381,GSM5613769_2020-03-18-count-1
observation.observation_s25,8q,gain,60,90,0.666666666666667,TRUE,GSE185381,GSM5613769_2020-03-18-count-1
observation.observation_s25,11q,gain,51,139,0.366906474820144,FALSE,GSE185381,GSM5613769_2020-03-18-count-1
observation.observation_s25,12p,gain,38,46,0.826086956521739,TRUE,GSE185381,GSM5613769_2020-03-18-count-1
observation.observation_s25,15q,gain,52,105,0.495238095238095,FALSE,GSE185381,GSM5613769_2020-03-18-count-1
observation.observation_s25,19q,loss,59,114,0.517543859649123,TRUE,GSE185381,GSM5613769_2020-03-18-count-1
observation.observation_s25,20p,gain,30,30,1,TRUE,GSE185381,GSM5613769_2020-03-18-count-1
observation.observation_s25,20q,gain,32,61,0.524590163934426,TRUE,GSE185381,GSM5613769_2020-03-18-count-1
observation.observation_s25,21q,gain,41,41,1,TRUE,GSE185381,GSM5613769_2020-03-18-count-1
observation.observation_s25,22q,gain,73,73,1,TRUE,GSE185381,GSM5613769_2020-03-18-count-1
observation.observation_s28,1p,gain,85,197,0.431472081218274,FALSE,GSE185381,GSM5613769_2020-03-18-count-1
observation.observation_s28,1q,gain,61,151,0.403973509933775,FALSE,GSE185381,GSM5613769_2020-03-18-count-1
observation.observation_s28,3q,loss,24,100,0.24,FALSE,GSE185381,GSM5613769_2020-03-18-count-1
observation.observation_s28,5p,loss,23,24,0.958333333333333,TRUE,GSE185381,GSM5613769_2020-03-18-count-1
observation.observation_s28,5q,loss,112,134,0.835820895522388,TRUE,GSE185381,GSM5613769_2020-03-18-count-1
observation.observation_s28,6p,loss,48,119,0.403361344537815,FALSE,GSE185381,GSM5613769_2020-03-18-count-1
observation.observation_s28,6q,loss,40,69,0.579710144927536,TRUE,GSE185381,GSM5613769_2020-03-18-count-1
observation.observation_s28,7p,gain,69,69,1,TRUE,GSE185381,GSM5613769_2020-03-18-count-1
observation.observation_s28,7q,gain,22,94,0.234042553191489,FALSE,GSE185381,GSM5613769_2020-03-18-count-1
observation.observation_s28,8q,gain,64,90,0.711111111111111,TRUE,GSE185381,GSM5613769_2020-03-18-count-1
observation.observation_s28,11p,gain,22,63,0.349206349206349,FALSE,GSE185381,GSM5613769_2020-03-18-count-1
observation.observation_s28,12p,gain,10,46,0.217391304347826,FALSE,GSE185381,GSM5613769_2020-03-18-count-1
observation.observation_s28,17p,gain,42,59,0.711864406779661,TRUE,GSE185381,GSM5613769_2020-03-18-count-1
observation.observation_s28,19p,gain,59,124,0.475806451612903,FALSE,GSE185381,GSM5613769_2020-03-18-count-1
observation.observation_s28,20p,gain,30,30,1,TRUE,GSE185381,GSM5613769_2020-03-18-count-1
observation.observation_s28,20q,gain,61,61,1,TRUE,GSE185381,GSM5613769_2020-03-18-count-1
observation.observation_s28,21q,gain,41,41,1,TRUE,GSE185381,GSM5613769_2020-03-18-count-1
observation.observation_s28,22q,gain,73,73,1,TRUE,GSE185381,GSM5613769_2020-03-18-count-1
observation.observation_s36,1p,loss,49,197,0.248730964467005,FALSE,GSE185381,GSM5613769_2020-03-18-count-1
observation.observation_s36,1p,gain,19,197,0.0964467005076142,FALSE,GSE185381,GSM5613769_2020-03-18-count-1
observation.observation_s36,1q,gain,68,151,0.450331125827815,FALSE,GSE185381,GSM5613769_2020-03-18-count-1
observation.observation_s36,4q,loss,41,88,0.465909090909091,FALSE,GSE185381,GSM5613769_2020-03-18-count-1
observation.observation_s36,6p,loss,39,119,0.327731092436975,FALSE,GSE185381,GSM5613769_2020-03-18-count-1
observation.observation_s36,6q,loss,6,69,0.0869565217391304,FALSE,GSE185381,GSM5613769_2020-03-18-count-1
observation.observation_s36,10p,gain,32,32,1,TRUE,GSE185381,GSM5613769_2020-03-18-count-1
observation.observation_s36,10q,gain,36,77,0.467532467532468,FALSE,GSE185381,GSM5613769_2020-03-18-count-1
observation.observation_s36,11q,loss,50,139,0.359712230215827,FALSE,GSE185381,GSM5613769_2020-03-18-count-1
observation.observation_s36,14q,gain,31,112,0.276785714285714,FALSE,GSE185381,GSM5613769_2020-03-18-count-1
observation.observation_s36,19p,gain,124,124,1,TRUE,GSE185381,GSM5613769_2020-03-18-count-1
observation.observation_s36,19q,gain,57,114,0.5,TRUE,GSE185381,GSM5613769_2020-03-18-count-1
observation.observation_s36,20p,gain,17,30,0.566666666666667,TRUE,GSE185381,GSM5613769_2020-03-18-count-1
observation.observation_s36,20q,gain,36,61,0.59016393442623,TRUE,GSE185381,GSM5613769_2020-03-18-count-1
observation.observation_s36,22q,gain,18,73,0.246575342465753,FALSE,GSE185381,GSM5613769_2020-03-18-count-1
observation.observation_s15,6p,loss,50,119,0.420168067226891,FALSE,GSE185381,GSM5613769_2020-03-18-count-1
observation.observation_s15,8q,gain,62,90,0.688888888888889,TRUE,GSE185381,GSM5613769_2020-03-18-count-1
observation.observation_s15,15q,gain,51,105,0.485714285714286,FALSE,GSE185381,GSM5613769_2020-03-18-count-1
observation.observation_s15,17q,gain,38,142,0.267605633802817,FALSE,GSE185381,GSM5613769_2020-03-18-count-1
observation.observation_s15,20p,gain,30,30,1,TRUE,GSE185381,GSM5613769_2020-03-18-count-1
observation.observation_s15,20q,gain,20,61,0.327868852459016,FALSE,GSE185381,GSM5613769_2020-03-18-count-1
observation.observation_s15,21q,gain,41,41,1,TRUE,GSE185381,GSM5613769_2020-03-18-count-1
observation.observation_s41,1p,gain,21,197,0.106598984771574,FALSE,GSE185381,GSM5613769_2020-03-18-count-1
observation.observation_s41,1q,gain,69,151,0.456953642384106,FALSE,GSE185381,GSM5613769_2020-03-18-count-1
observation.observation_s41,6p,loss,47,119,0.394957983193277,FALSE,GSE185381,GSM5613769_2020-03-18-count-1
observation.observation_s41,11q,gain,73,139,0.525179856115108,TRUE,GSE185381,GSM5613769_2020-03-18-count-1
observation.observation_s41,12p,gain,46,46,1,TRUE,GSE185381,GSM5613769_2020-03-18-count-1
observation.observation_s41,12q,gain,76,138,0.550724637681159,TRUE,GSE185381,GSM5613769_2020-03-18-count-1
observation.observation_s41,19p,gain,124,124,1,TRUE,GSE185381,GSM5613769_2020-03-18-count-1
observation.observation_s41,19q,gain,37,114,0.324561403508772,FALSE,GSE185381,GSM5613769_2020-03-18-count-1
observation.observation_s41,22q,gain,14,73,0.191780821917808,FALSE,GSE185381,GSM5613769_2020-03-18-count-1
observation.observation_s38,2p,gain,59,106,0.556603773584906,TRUE,GSE185381,GSM5613769_2020-03-18-count-1
observation.observation_s38,6p,loss,52,119,0.436974789915966,FALSE,GSE185381,GSM5613769_2020-03-18-count-1
observation.observation_s38,9p,gain,29,29,1,TRUE,GSE185381,GSM5613769_2020-03-18-count-1
observation.observation_s38,9q,gain,75,75,1,TRUE,GSE185381,GSM5613769_2020-03-18-count-1
observation.observation_s38,11p,gain,23,63,0.365079365079365,FALSE,GSE185381,GSM5613769_2020-03-18-count-1
observation.observation_s38,15q,gain,41,105,0.39047619047619,FALSE,GSE185381,GSM5613769_2020-03-18-count-1
observation.observation_s45,1q,gain,145,151,0.960264900662252,TRUE,GSE185381,GSM5613769_2020-03-18-count-1
observation.observation_s45,6p,loss,47,119,0.394957983193277,FALSE,GSE185381,GSM5613769_2020-03-18-count-1
observation.observation_s45,7p,gain,42,69,0.608695652173913,TRUE,GSE185381,GSM5613769_2020-03-18-count-1
observation.observation_s45,8p,gain,36,36,1,TRUE,GSE185381,GSM5613769_2020-03-18-count-1
observation.observation_s45,8q,gain,90,90,1,TRUE,GSE185381,GSM5613769_2020-03-18-count-1
observation.observation_s45,11p,gain,63,63,1,TRUE,GSE185381,GSM5613769_2020-03-18-count-1
observation.observation_s45,11q,gain,76,139,0.546762589928058,TRUE,GSE185381,GSM5613769_2020-03-18-count-1
observation.observation_s45,14q,loss,16,112,0.142857142857143,FALSE,GSE185381,GSM5613769_2020-03-18-count-1
observation.observation_s45,15q,gain,60,105,0.571428571428571,TRUE,GSE185381,GSM5613769_2020-03-18-count-1
observation.observation_s45,17p,gain,37,59,0.627118644067797,TRUE,GSE185381,GSM5613769_2020-03-18-count-1
observation.observation_s45,19p,loss,50,124,0.403225806451613,FALSE,GSE185381,GSM5613769_2020-03-18-count-1
observation.observation_s45,19q,loss,114,114,1,TRUE,GSE185381,GSM5613769_2020-03-18-count-1
observation.observation_s45,20p,gain,30,30,1,TRUE,GSE185381,GSM5613769_2020-03-18-count-1
observation.observation_s45,20q,gain,17,61,0.278688524590164,FALSE,GSE185381,GSM5613769_2020-03-18-count-1
observation.observation_s45,21q,gain,41,41,1,TRUE,GSE185381,GSM5613769_2020-03-18-count-1
observation.observation_s40,1q,gain,58,151,0.384105960264901,FALSE,GSE185381,GSM5613769_2020-03-18-count-1
observation.observation_s40,6p,loss,42,119,0.352941176470588,FALSE,GSE185381,GSM5613769_2020-03-18-count-1
observation.observation_s40,7p,gain,36,69,0.521739130434783,TRUE,GSE185381,GSM5613769_2020-03-18-count-1
observation.observation_s40,8q,gain,88,90,0.977777777777778,TRUE,GSE185381,GSM5613769_2020-03-18-count-1
observation.observation_s40,11p,gain,46,63,0.73015873015873,TRUE,GSE185381,GSM5613769_2020-03-18-count-1
observation.observation_s40,12p,gain,46,46,1,TRUE,GSE185381,GSM5613769_2020-03-18-count-1
observation.observation_s40,12q,gain,73,138,0.528985507246377,TRUE,GSE185381,GSM5613769_2020-03-18-count-1
observation.observation_s40,14q,loss,10,112,0.0892857142857143,FALSE,GSE185381,GSM5613769_2020-03-18-count-1
observation.observation_s40,19q,loss,67,114,0.587719298245614,TRUE,GSE185381,GSM5613769_2020-03-18-count-1
observation.observation_s40,20p,gain,30,30,1,TRUE,GSE185381,GSM5613769_2020-03-18-count-1
observation.observation_s40,20q,gain,23,61,0.377049180327869,FALSE,GSE185381,GSM5613769_2020-03-18-count-1
observation.observation_s40,21q,gain,41,41,1,TRUE,GSE185381,GSM5613769_2020-03-18-count-1
observation.observation_s32,1q,gain,88,151,0.582781456953642,TRUE,GSE185381,GSM5613769_2020-03-18-count-1
observation.observation_s32,4p,gain,4,29,0.137931034482759,FALSE,GSE185381,GSM5613769_2020-03-18-count-1
observation.observation_s32,4q,gain,41,88,0.465909090909091,FALSE,GSE185381,GSM5613769_2020-03-18-count-1
observation.observation_s32,5p,loss,24,24,1,TRUE,GSE185381,GSM5613769_2020-03-18-count-1
observation.observation_s32,5q,loss,118,134,0.880597014925373,TRUE,GSE185381,GSM5613769_2020-03-18-count-1
observation.observation_s32,6p,loss,47,119,0.394957983193277,FALSE,GSE185381,GSM5613769_2020-03-18-count-1
observation.observation_s32,7p,gain,39,69,0.565217391304348,TRUE,GSE185381,GSM5613769_2020-03-18-count-1
observation.observation_s32,8q,gain,79,90,0.877777777777778,TRUE,GSE185381,GSM5613769_2020-03-18-count-1
observation.observation_s32,11p,gain,16,63,0.253968253968254,FALSE,GSE185381,GSM5613769_2020-03-18-count-1
observation.observation_s32,12p,gain,46,46,1,TRUE,GSE185381,GSM5613769_2020-03-18-count-1
observation.observation_s32,12q,gain,43,138,0.311594202898551,FALSE,GSE185381,GSM5613769_2020-03-18-count-1
observation.observation_s32,15q,gain,55,105,0.523809523809524,TRUE,GSE185381,GSM5613769_2020-03-18-count-1
observation.observation_s32,17p,gain,39,59,0.661016949152542,TRUE,GSE185381,GSM5613769_2020-03-18-count-1
observation.observation_s32,19q,loss,53,114,0.464912280701754,FALSE,GSE185381,GSM5613769_2020-03-18-count-1
observation.observation_s32,20p,gain,30,30,1,TRUE,GSE185381,GSM5613769_2020-03-18-count-1
observation.observation_s32,20q,gain,22,61,0.360655737704918,FALSE,GSE185381,GSM5613769_2020-03-18-count-1
observation.observation_s32,21q,gain,41,41,1,TRUE,GSE185381,GSM5613769_2020-03-18-count-1
observation.observation_s33,1q,gain,49,151,0.324503311258278,FALSE,GSE185381,GSM5613769_2020-03-18-count-1
observation.observation_s33,5p,loss,11,24,0.458333333333333,FALSE,GSE185381,GSM5613769_2020-03-18-count-1
observation.observation_s33,5q,loss,108,134,0.805970149253731,TRUE,GSE185381,GSM5613769_2020-03-18-count-1
observation.observation_s33,6p,loss,37,119,0.310924369747899,FALSE,GSE185381,GSM5613769_2020-03-18-count-1
observation.observation_s33,7p,gain,45,69,0.652173913043478,TRUE,GSE185381,GSM5613769_2020-03-18-count-1
observation.observation_s33,8q,gain,73,90,0.811111111111111,TRUE,GSE185381,GSM5613769_2020-03-18-count-1
observation.observation_s33,11p,gain,27,63,0.428571428571429,FALSE,GSE185381,GSM5613769_2020-03-18-count-1
observation.observation_s33,12p,gain,46,46,1,TRUE,GSE185381,GSM5613769_2020-03-18-count-1
observation.observation_s33,12q,gain,93,138,0.673913043478261,TRUE,GSE185381,GSM5613769_2020-03-18-count-1
observation.observation_s33,14q,loss,12,112,0.107142857142857,FALSE,GSE185381,GSM5613769_2020-03-18-count-1
observation.observation_s33,17p,gain,47,59,0.796610169491525,TRUE,GSE185381,GSM5613769_2020-03-18-count-1
observation.observation_s33,20p,gain,30,30,1,TRUE,GSE185381,GSM5613769_2020-03-18-count-1
observation.observation_s33,20q,gain,29,61,0.475409836065574,FALSE,GSE185381,GSM5613769_2020-03-18-count-1
observation.observation_s33,22q,gain,73,73,1,TRUE,GSE185381,GSM5613769_2020-03-18-count-1
observation.observation_s44,1q,gain,58,151,0.384105960264901,FALSE,GSE185381,GSM5613769_2020-03-18-count-1
observation.observation_s44,6p,loss,50,119,0.420168067226891,FALSE,GSE185381,GSM5613769_2020-03-18-count-1
observation.observation_s44,8q,gain,53,90,0.588888888888889,TRUE,GSE185381,GSM5613769_2020-03-18-count-1
observation.observation_s44,9p,gain,25,29,0.862068965517241,TRUE,GSE185381,GSM5613769_2020-03-18-count-1
observation.observation_s44,9q,gain,75,75,1,TRUE,GSE185381,GSM5613769_2020-03-18-count-1
observation.observation_s44,12p,gain,18,46,0.391304347826087,FALSE,GSE185381,GSM5613769_2020-03-18-count-1
observation.observation_s44,14q,loss,12,112,0.107142857142857,FALSE,GSE185381,GSM5613769_2020-03-18-count-1
observation.observation_s44,15q,gain,55,105,0.523809523809524,TRUE,GSE185381,GSM5613769_2020-03-18-count-1
observation.observation_s44,17q,loss,45,142,0.316901408450704,FALSE,GSE185381,GSM5613769_2020-03-18-count-1
observation.observation_s44,19q,loss,48,114,0.421052631578947,FALSE,GSE185381,GSM5613769_2020-03-18-count-1
observation.observation_s44,20p,gain,30,30,1,TRUE,GSE185381,GSM5613769_2020-03-18-count-1
observation.observation_s44,20q,gain,27,61,0.442622950819672,FALSE,GSE185381,GSM5613769_2020-03-18-count-1
observation.observation_s44,21q,gain,41,41,1,TRUE,GSE185381,GSM5613769_2020-03-18-count-1
observation.observation_s44,22q,gain,54,73,0.73972602739726,TRUE,GSE185381,GSM5613769_2020-03-18-count-1
observation.observation_s24,1p,gain,73,197,0.370558375634518,FALSE,GSE185381,GSM5613769_2020-03-18-count-1
observation.observation_s24,1q,gain,115,151,0.76158940397351,TRUE,GSE185381,GSM5613769_2020-03-18-count-1
observation.observation_s24,3p,gain,11,98,0.112244897959184,FALSE,GSE185381,GSM5613769_2020-03-18-count-1
observation.observation_s24,3q,gain,82,100,0.82,TRUE,GSE185381,GSM5613769_2020-03-18-count-1
observation.observation_s24,4p,gain,11,29,0.379310344827586,FALSE,GSE185381,GSM5613769_2020-03-18-count-1
observation.observation_s24,4q,gain,54,88,0.613636363636364,TRUE,GSE185381,GSM5613769_2020-03-18-count-1
observation.observation_s24,6p,gain,25,119,0.210084033613445,FALSE,GSE185381,GSM5613769_2020-03-18-count-1
observation.observation_s24,6p,loss,56,119,0.470588235294118,FALSE,GSE185381,GSM5613769_2020-03-18-count-1
observation.observation_s24,7p,gain,69,69,1,TRUE,GSE185381,GSM5613769_2020-03-18-count-1
observation.observation_s24,7q,gain,94,94,1,TRUE,GSE185381,GSM5613769_2020-03-18-count-1
observation.observation_s24,8p,gain,36,36,1,TRUE,GSE185381,GSM5613769_2020-03-18-count-1
observation.observation_s24,8q,gain,90,90,1,TRUE,GSE185381,GSM5613769_2020-03-18-count-1
observation.observation_s24,12q,loss,71,138,0.514492753623188,TRUE,GSE185381,GSM5613769_2020-03-18-count-1
observation.observation_s24,14q,loss,9,112,0.0803571428571429,FALSE,GSE185381,GSM5613769_2020-03-18-count-1
observation.observation_s24,15q,gain,55,105,0.523809523809524,TRUE,GSE185381,GSM5613769_2020-03-18-count-1
observation.observation_s24,17p,loss,3,59,0.0508474576271187,FALSE,GSE185381,GSM5613769_2020-03-18-count-1
observation.observation_s24,17q,loss,33,142,0.232394366197183,FALSE,GSE185381,GSM5613769_2020-03-18-count-1
observation.observation_s24,19p,loss,24,124,0.193548387096774,FALSE,GSE185381,GSM5613769_2020-03-18-count-1
observation.observation_s24,19q,loss,114,114,1,TRUE,GSE185381,GSM5613769_2020-03-18-count-1
observation.observation_s24,20p,gain,30,30,1,TRUE,GSE185381,GSM5613769_2020-03-18-count-1
observation.observation_s24,20q,gain,22,61,0.360655737704918,FALSE,GSE185381,GSM5613769_2020-03-18-count-1
observation.observation_s24,21q,gain,41,41,1,TRUE,GSE185381,GSM5613769_2020-03-18-count-1
observation.observation_s27,1p,gain,145,197,0.736040609137056,TRUE,GSE185381,GSM5613769_2020-03-18-count-1
observation.observation_s27,1q,gain,52,151,0.344370860927152,FALSE,GSE185381,GSM5613769_2020-03-18-count-1
observation.observation_s27,6p,loss,62,119,0.521008403361345,TRUE,GSE185381,GSM5613769_2020-03-18-count-1
observation.observation_s27,6q,loss,69,69,1,TRUE,GSE185381,GSM5613769_2020-03-18-count-1
observation.observation_s27,17p,gain,41,59,0.694915254237288,TRUE,GSE185381,GSM5613769_2020-03-18-count-1
observation.observation_s27,19p,gain,124,124,1,TRUE,GSE185381,GSM5613769_2020-03-18-count-1
observation.observation_s27,19q,gain,34,114,0.298245614035088,FALSE,GSE185381,GSM5613769_2020-03-18-count-1
observation.observation_s27,19q,loss,40,114,0.350877192982456,FALSE,GSE185381,GSM5613769_2020-03-18-count-1
observation.observation_s27,20p,gain,30,30,1,TRUE,GSE185381,GSM5613769_2020-03-18-count-1
observation.observation_s27,20q,gain,34,61,0.557377049180328,TRUE,GSE185381,GSM5613769_2020-03-18-count-1
observation.observation_s27,21q,gain,41,41,1,TRUE,GSE185381,GSM5613769_2020-03-18-count-1
observation.observation_s10,1q,gain,58,151,0.384105960264901,FALSE,GSE185381,GSM5613769_2020-03-18-count-1
observation.observation_s10,6p,loss,43,119,0.361344537815126,FALSE,GSE185381,GSM5613769_2020-03-18-count-1
observation.observation_s10,7p,gain,69,69,1,TRUE,GSE185381,GSM5613769_2020-03-18-count-1
observation.observation_s10,7q,gain,94,94,1,TRUE,GSE185381,GSM5613769_2020-03-18-count-1
observation.observation_s10,19q,loss,60,114,0.526315789473684,TRUE,GSE185381,GSM5613769_2020-03-18-count-1
observation.observation_s10,20p,gain,30,30,1,TRUE,GSE185381,GSM5613769_2020-03-18-count-1
observation.observation_s10,20q,gain,26,61,0.426229508196721,FALSE,GSE185381,GSM5613769_2020-03-18-count-1
observation.observation_s10,21q,gain,41,41,1,TRUE,GSE185381,GSM5613769_2020-03-18-count-1
observation.observation_s46,1q,gain,48,151,0.317880794701987,FALSE,GSE185381,GSM5613769_2020-03-18-count-1
observation.observation_s46,3q,loss,17,100,0.17,FALSE,GSE185381,GSM5613769_2020-03-18-count-1
observation.observation_s46,5p,loss,24,24,1,TRUE,GSE185381,GSM5613769_2020-03-18-count-1
observation.observation_s46,5q,loss,112,134,0.835820895522388,TRUE,GSE185381,GSM5613769_2020-03-18-count-1
observation.observation_s46,6p,loss,49,119,0.411764705882353,FALSE,GSE185381,GSM5613769_2020-03-18-count-1
observation.observation_s46,7p,gain,25,69,0.36231884057971,FALSE,GSE185381,GSM5613769_2020-03-18-count-1
observation.observation_s46,8q,gain,71,90,0.788888888888889,TRUE,GSE185381,GSM5613769_2020-03-18-count-1
observation.observation_s46,9p,gain,25,29,0.862068965517241,TRUE,GSE185381,GSM5613769_2020-03-18-count-1
observation.observation_s46,9q,gain,75,75,1,TRUE,GSE185381,GSM5613769_2020-03-18-count-1
observation.observation_s46,11p,gain,20,63,0.317460317460317,FALSE,GSE185381,GSM5613769_2020-03-18-count-1
observation.observation_s46,11q,gain,46,139,0.330935251798561,FALSE,GSE185381,GSM5613769_2020-03-18-count-1
observation.observation_s46,12p,gain,46,46,1,TRUE,GSE185381,GSM5613769_2020-03-18-count-1
observation.observation_s46,12q,gain,43,138,0.311594202898551,FALSE,GSE185381,GSM5613769_2020-03-18-count-1
observation.observation_s46,15q,gain,53,105,0.504761904761905,TRUE,GSE185381,GSM5613769_2020-03-18-count-1
observation.observation_s46,17q,loss,35,142,0.246478873239437,FALSE,GSE185381,GSM5613769_2020-03-18-count-1
observation.observation_s46,19p,gain,44,124,0.354838709677419,FALSE,GSE185381,GSM5613769_2020-03-18-count-1
observation.observation_s46,20p,gain,30,30,1,TRUE,GSE185381,GSM5613769_2020-03-18-count-1
observation.observation_s46,20q,gain,37,61,0.60655737704918,TRUE,GSE185381,GSM5613769_2020-03-18-count-1
observation.observation_s46,21q,gain,41,41,1,TRUE,GSE185381,GSM5613769_2020-03-18-count-1
observation.observation_s46,22q,gain,73,73,1,TRUE,GSE185381,GSM5613769_2020-03-18-count-1
observation.observation_s2,1p,loss,46,197,0.233502538071066,FALSE,GSE185381,GSM5613769_2020-03-18-count-1
observation.observation_s2,2q,gain,41,133,0.308270676691729,FALSE,GSE185381,GSM5613769_2020-03-18-count-1
observation.observation_s2,6p,loss,33,119,0.277310924369748,FALSE,GSE185381,GSM5613769_2020-03-18-count-1
observation.observation_s2,8q,gain,89,90,0.988888888888889,TRUE,GSE185381,GSM5613769_2020-03-18-count-1
observation.observation_s2,11p,gain,36,63,0.571428571428571,TRUE,GSE185381,GSM5613769_2020-03-18-count-1
observation.observation_s2,14q,loss,15,112,0.133928571428571,FALSE,GSE185381,GSM5613769_2020-03-18-count-1
observation.observation_s2,17p,gain,52,59,0.88135593220339,TRUE,GSE185381,GSM5613769_2020-03-18-count-1
observation.observation_s2,20p,gain,30,30,1,TRUE,GSE185381,GSM5613769_2020-03-18-count-1
observation.observation_s2,20q,gain,29,61,0.475409836065574,FALSE,GSE185381,GSM5613769_2020-03-18-count-1
observation.observation_s2,21q,gain,41,41,1,TRUE,GSE185381,GSM5613769_2020-03-18-count-1
observation.observation_s2,22q,gain,44,73,0.602739726027397,TRUE,GSE185381,GSM5613769_2020-03-18-count-1
observation.observation_s20,1q,gain,43,151,0.28476821192053,FALSE,GSE185381,GSM5613769_2020-03-18-count-1
observation.observation_s20,3q,loss,24,100,0.24,FALSE,GSE185381,GSM5613769_2020-03-18-count-1
observation.observation_s20,4p,gain,10,29,0.344827586206897,FALSE,GSE185381,GSM5613769_2020-03-18-count-1
observation.observation_s20,4q,gain,43,88,0.488636363636364,FALSE,GSE185381,GSM5613769_2020-03-18-count-1
observation.observation_s20,5q,loss,40,134,0.298507462686567,FALSE,GSE185381,GSM5613769_2020-03-18-count-1
observation.observation_s20,6p,loss,32,119,0.26890756302521,FALSE,GSE185381,GSM5613769_2020-03-18-count-1
observation.observation_s20,7p,gain,69,69,1,TRUE,GSE185381,GSM5613769_2020-03-18-count-1
observation.observation_s20,7q,gain,36,94,0.382978723404255,FALSE,GSE185381,GSM5613769_2020-03-18-count-1
observation.observation_s20,8q,gain,80,90,0.888888888888889,TRUE,GSE185381,GSM5613769_2020-03-18-count-1
observation.observation_s20,12p,gain,27,46,0.586956521739131,TRUE,GSE185381,GSM5613769_2020-03-18-count-1
observation.observation_s20,12q,loss,40,138,0.289855072463768,FALSE,GSE185381,GSM5613769_2020-03-18-count-1
observation.observation_s20,14q,loss,12,112,0.107142857142857,FALSE,GSE185381,GSM5613769_2020-03-18-count-1
observation.observation_s20,17p,loss,4,59,0.0677966101694915,FALSE,GSE185381,GSM5613769_2020-03-18-count-1
observation.observation_s20,17q,loss,125,142,0.880281690140845,TRUE,GSE185381,GSM5613769_2020-03-18-count-1
observation.observation_s20,18p,loss,16,16,1,TRUE,GSE185381,GSM5613769_2020-03-18-count-1
observation.observation_s20,18q,loss,28,28,1,TRUE,GSE185381,GSM5613769_2020-03-18-count-1
observation.observation_s20,21q,gain,41,41,1,TRUE,GSE185381,GSM5613769_2020-03-18-count-1
observation.observation_s20,22q,gain,73,73,1,TRUE,GSE185381,GSM5613769_2020-03-18-count-1
observation.observation_s34,3p,gain,46,98,0.469387755102041,FALSE,GSE185381,GSM5613769_2020-03-18-count-1
observation.observation_s34,3q,gain,64,100,0.64,TRUE,GSE185381,GSM5613769_2020-03-18-count-1
observation.observation_s34,4p,gain,29,29,1,TRUE,GSE185381,GSM5613769_2020-03-18-count-1
observation.observation_s34,4q,gain,45,88,0.511363636363636,TRUE,GSE185381,GSM5613769_2020-03-18-count-1
observation.observation_s34,6p,loss,36,119,0.302521008403361,FALSE,GSE185381,GSM5613769_2020-03-18-count-1
observation.observation_s34,7p,gain,69,69,1,TRUE,GSE185381,GSM5613769_2020-03-18-count-1
observation.observation_s34,7q,gain,94,94,1,TRUE,GSE185381,GSM5613769_2020-03-18-count-1
observation.observation_s34,8q,gain,66,90,0.733333333333333,TRUE,GSE185381,GSM5613769_2020-03-18-count-1
observation.observation_s34,15q,gain,60,105,0.571428571428571,TRUE,GSE185381,GSM5613769_2020-03-18-count-1
observation.observation_s34,17p,gain,45,59,0.76271186440678,TRUE,GSE185381,GSM5613769_2020-03-18-count-1
observation.observation_s34,17q,gain,102,142,0.71830985915493,TRUE,GSE185381,GSM5613769_2020-03-18-count-1
observation.observation_s34,20p,gain,30,30,1,TRUE,GSE185381,GSM5613769_2020-03-18-count-1
observation.observation_s34,20q,gain,15,61,0.245901639344262,FALSE,GSE185381,GSM5613769_2020-03-18-count-1
observation.observation_s34,21q,gain,41,41,1,TRUE,GSE185381,GSM5613769_2020-03-18-count-1
observation.observation_s34,22q,gain,73,73,1,TRUE,GSE185381,GSM5613769_2020-03-18-count-1
observation.observation_s8,1p,gain,47,197,0.238578680203046,FALSE,GSE185381,GSM5613769_2020-03-18-count-1
observation.observation_s8,1q,gain,151,151,1,TRUE,GSE185381,GSM5613769_2020-03-18-count-1
observation.observation_s8,6p,loss,58,119,0.487394957983193,FALSE,GSE185381,GSM5613769_2020-03-18-count-1
observation.observation_s8,6q,loss,5,69,0.072463768115942,FALSE,GSE185381,GSM5613769_2020-03-18-count-1
observation.observation_s8,10p,gain,32,32,1,TRUE,GSE185381,GSM5613769_2020-03-18-count-1
observation.observation_s8,10q,gain,77,77,1,TRUE,GSE185381,GSM5613769_2020-03-18-count-1
observation.observation_s8,11p,gain,5,63,0.0793650793650794,FALSE,GSE185381,GSM5613769_2020-03-18-count-1
observation.observation_s8,11q,gain,83,139,0.597122302158273,TRUE,GSE185381,GSM5613769_2020-03-18-count-1
observation.observation_s8,14q,gain,45,112,0.401785714285714,FALSE,GSE185381,GSM5613769_2020-03-18-count-1
observation.observation_s8,17p,loss,15,59,0.254237288135593,FALSE,GSE185381,GSM5613769_2020-03-18-count-1
observation.observation_s8,17q,loss,29,142,0.204225352112676,FALSE,GSE185381,GSM5613769_2020-03-18-count-1
observation.observation_s8,19q,loss,44,114,0.385964912280702,FALSE,GSE185381,GSM5613769_2020-03-18-count-1
observation.observation_s8,20p,gain,30,30,1,TRUE,GSE185381,GSM5613769_2020-03-18-count-1
observation.observation_s8,20q,gain,32,61,0.524590163934426,TRUE,GSE185381,GSM5613769_2020-03-18-count-1
observation.observation_s48,4p,gain,11,29,0.379310344827586,FALSE,GSE185381,GSM5613769_2020-03-18-count-1
observation.observation_s48,4q,gain,44,88,0.5,TRUE,GSE185381,GSM5613769_2020-03-18-count-1
observation.observation_s48,5p,loss,20,24,0.833333333333333,TRUE,GSE185381,GSM5613769_2020-03-18-count-1
observation.observation_s48,5q,loss,119,134,0.888059701492537,TRUE,GSE185381,GSM5613769_2020-03-18-count-1
observation.observation_s48,11p,gain,63,63,1,TRUE,GSE185381,GSM5613769_2020-03-18-count-1
observation.observation_s48,11q,gain,96,139,0.690647482014389,TRUE,GSE185381,GSM5613769_2020-03-18-count-1
observation.observation_s48,12p,gain,46,46,1,TRUE,GSE185381,GSM5613769_2020-03-18-count-1
observation.observation_s48,12q,gain,138,138,1,TRUE,GSE185381,GSM5613769_2020-03-18-count-1
observation.observation_s48,13q,loss,55,55,1,TRUE,GSE185381,GSM5613769_2020-03-18-count-1
observation.observation_s48,14q,loss,92,112,0.821428571428571,TRUE,GSE185381,GSM5613769_2020-03-18-count-1
observation.observation_s48,15q,gain,89,105,0.847619047619048,TRUE,GSE185381,GSM5613769_2020-03-18-count-1
observation.observation_s48,15q,loss,16,105,0.152380952380952,FALSE,GSE185381,GSM5613769_2020-03-18-count-1
observation.observation_s48,17q,gain,111,142,0.78169014084507,TRUE,GSE185381,GSM5613769_2020-03-18-count-1
observation.observation_s48,19p,loss,67,124,0.540322580645161,TRUE,GSE185381,GSM5613769_2020-03-18-count-1
observation.observation_s48,19q,loss,78,114,0.68421052631579,TRUE,GSE185381,GSM5613769_2020-03-18-count-1
observation.observation_s48,20p,gain,30,30,1,TRUE,GSE185381,GSM5613769_2020-03-18-count-1
observation.observation_s48,20q,gain,25,61,0.409836065573771,FALSE,GSE185381,GSM5613769_2020-03-18-count-1
observation.observation_s48,21q,gain,41,41,1,TRUE,GSE185381,GSM5613769_2020-03-18-count-1
observation.observation_s42,1p,gain,134,197,0.680203045685279,TRUE,GSE185381,GSM5613769_2020-03-18-count-1
observation.observation_s42,1q,gain,60,151,0.397350993377483,FALSE,GSE185381,GSM5613769_2020-03-18-count-1
observation.observation_s42,2p,loss,74,106,0.69811320754717,TRUE,GSE185381,GSM5613769_2020-03-18-count-1
observation.observation_s42,2q,loss,22,133,0.165413533834586,FALSE,GSE185381,GSM5613769_2020-03-18-count-1
observation.observation_s42,6p,loss,43,119,0.361344537815126,FALSE,GSE185381,GSM5613769_2020-03-18-count-1
observation.observation_s42,11p,gain,40,63,0.634920634920635,TRUE,GSE185381,GSM5613769_2020-03-18-count-1
observation.observation_s42,11q,gain,41,139,0.294964028776978,FALSE,GSE185381,GSM5613769_2020-03-18-count-1
observation.observation_s42,14q,gain,40,112,0.357142857142857,FALSE,GSE185381,GSM5613769_2020-03-18-count-1
observation.observation_s42,17q,gain,102,142,0.71830985915493,TRUE,GSE185381,GSM5613769_2020-03-18-count-1
observation.observation_s42,20q,gain,34,61,0.557377049180328,TRUE,GSE185381,GSM5613769_2020-03-18-count-1
observation.observation_s42,22q,gain,48,73,0.657534246575342,TRUE,GSE185381,GSM5613769_2020-03-18-count-1
observation.observation_s47,1p,gain,16,197,0.0812182741116751,FALSE,GSE185381,GSM5613769_2020-03-18-count-1
observation.observation_s47,1q,gain,87,151,0.576158940397351,TRUE,GSE185381,GSM5613769_2020-03-18-count-1
observation.observation_s47,3q,gain,80,100,0.8,TRUE,GSE185381,GSM5613769_2020-03-18-count-1
observation.observation_s47,4p,gain,29,29,1,TRUE,GSE185381,GSM5613769_2020-03-18-count-1
observation.observation_s47,4q,gain,34,88,0.386363636363636,FALSE,GSE185381,GSM5613769_2020-03-18-count-1
observation.observation_s47,6p,loss,72,119,0.605042016806723,TRUE,GSE185381,GSM5613769_2020-03-18-count-1
observation.observation_s47,8q,loss,57,90,0.633333333333333,TRUE,GSE185381,GSM5613769_2020-03-18-count-1
observation.observation_s47,9p,gain,29,29,1,TRUE,GSE185381,GSM5613769_2020-03-18-count-1
observation.observation_s47,9q,gain,22,75,0.293333333333333,FALSE,GSE185381,GSM5613769_2020-03-18-count-1
observation.observation_s47,11p,gain,63,63,1,TRUE,GSE185381,GSM5613769_2020-03-18-count-1
observation.observation_s47,11q,gain,115,139,0.827338129496403,TRUE,GSE185381,GSM5613769_2020-03-18-count-1
observation.observation_s47,12q,loss,49,138,0.355072463768116,FALSE,GSE185381,GSM5613769_2020-03-18-count-1
observation.observation_s47,17q,gain,34,142,0.23943661971831,FALSE,GSE185381,GSM5613769_2020-03-18-count-1
observation.observation_s47,19p,loss,45,124,0.362903225806452,FALSE,GSE185381,GSM5613769_2020-03-18-count-1
observation.observation_s47,19q,loss,58,114,0.508771929824562,TRUE,GSE185381,GSM5613769_2020-03-18-count-1
observation.observation_s47,20p,gain,9,30,0.3,FALSE,GSE185381,GSM5613769_2020-03-18-count-1
observation.observation_s47,20q,gain,41,61,0.672131147540984,TRUE,GSE185381,GSM5613769_2020-03-18-count-1
observation.observation_s47,21q,gain,19,41,0.463414634146342,FALSE,GSE185381,GSM5613769_2020-03-18-count-1
observation.observation_s51,1p,gain,137,197,0.695431472081218,TRUE,GSE185381,GSM5613769_2020-03-18-count-1
observation.observation_s51,1q,gain,57,151,0.377483443708609,FALSE,GSE185381,GSM5613769_2020-03-18-count-1
observation.observation_s51,3p,loss,39,98,0.397959183673469,FALSE,GSE185381,GSM5613769_2020-03-18-count-1
observation.observation_s51,5q,loss,46,134,0.343283582089552,FALSE,GSE185381,GSM5613769_2020-03-18-count-1
observation.observation_s51,6p,loss,39,119,0.327731092436975,FALSE,GSE185381,GSM5613769_2020-03-18-count-1
observation.observation_s51,7p,gain,69,69,1,TRUE,GSE185381,GSM5613769_2020-03-18-count-1
observation.observation_s51,7q,gain,32,94,0.340425531914894,FALSE,GSE185381,GSM5613769_2020-03-18-count-1
observation.observation_s51,8q,gain,87,90,0.966666666666667,TRUE,GSE185381,GSM5613769_2020-03-18-count-1
observation.observation_s51,12p,gain,46,46,1,TRUE,GSE185381,GSM5613769_2020-03-18-count-1
observation.observation_s51,12q,gain,101,138,0.731884057971015,TRUE,GSE185381,GSM5613769_2020-03-18-count-1
observation.observation_s51,19q,loss,72,114,0.631578947368421,TRUE,GSE185381,GSM5613769_2020-03-18-count-1
observation.observation_s51,20p,gain,30,30,1,TRUE,GSE185381,GSM5613769_2020-03-18-count-1
observation.observation_s51,20q,gain,61,61,1,TRUE,GSE185381,GSM5613769_2020-03-18-count-1
observation.observation_s51,21q,gain,41,41,1,TRUE,GSE185381,GSM5613769_2020-03-18-count-1
observation.observation_s51,22q,gain,73,73,1,TRUE,GSE185381,GSM5613769_2020-03-18-count-1
observation.observation_s49,1p,loss,67,197,0.34010152284264,FALSE,GSE185381,GSM5613769_2020-03-18-count-1
observation.observation_s49,1p,gain,11,197,0.0558375634517767,FALSE,GSE185381,GSM5613769_2020-03-18-count-1
observation.observation_s49,1q,gain,69,151,0.456953642384106,FALSE,GSE185381,GSM5613769_2020-03-18-count-1
observation.observation_s49,2q,loss,63,133,0.473684210526316,FALSE,GSE185381,GSM5613769_2020-03-18-count-1
observation.observation_s49,5p,loss,24,24,1,TRUE,GSE185381,GSM5613769_2020-03-18-count-1
observation.observation_s49,5q,loss,75,134,0.559701492537313,TRUE,GSE185381,GSM5613769_2020-03-18-count-1
observation.observation_s49,8q,gain,71,90,0.788888888888889,TRUE,GSE185381,GSM5613769_2020-03-18-count-1
observation.observation_s49,9q,gain,16,75,0.213333333333333,FALSE,GSE185381,GSM5613769_2020-03-18-count-1
observation.observation_s49,11p,gain,28,63,0.444444444444444,FALSE,GSE185381,GSM5613769_2020-03-18-count-1
observation.observation_s49,11q,gain,60,139,0.431654676258993,FALSE,GSE185381,GSM5613769_2020-03-18-count-1
observation.observation_s49,11q,loss,33,139,0.237410071942446,FALSE,GSE185381,GSM5613769_2020-03-18-count-1
observation.observation_s49,12p,gain,20,46,0.434782608695652,FALSE,GSE185381,GSM5613769_2020-03-18-count-1
observation.observation_s49,12q,gain,32,138,0.231884057971015,FALSE,GSE185381,GSM5613769_2020-03-18-count-1
observation.observation_s49,14q,loss,61,112,0.544642857142857,TRUE,GSE185381,GSM5613769_2020-03-18-count-1
observation.observation_s49,17p,gain,46,59,0.779661016949153,TRUE,GSE185381,GSM5613769_2020-03-18-count-1
observation.observation_s49,18p,loss,16,16,1,TRUE,GSE185381,GSM5613769_2020-03-18-count-1
observation.observation_s49,18q,loss,28,28,1,TRUE,GSE185381,GSM5613769_2020-03-18-count-1
observation.observation_s49,19p,gain,71,124,0.57258064516129,TRUE,GSE185381,GSM5613769_2020-03-18-count-1
observation.observation_s49,20p,gain,30,30,1,TRUE,GSE185381,GSM5613769_2020-03-18-count-1
observation.observation_s49,20q,gain,61,61,1,TRUE,GSE185381,GSM5613769_2020-03-18-count-1
observation.observation_s49,22q,gain,36,73,0.493150684931507,FALSE,GSE185381,GSM5613769_2020-03-18-count-1
observation.observation_s39,3p,gain,41,98,0.418367346938776,FALSE,GSE185381,GSM5613769_2020-03-18-count-1
observation.observation_s39,4p,gain,29,29,1,TRUE,GSE185381,GSM5613769_2020-03-18-count-1
observation.observation_s39,4q,gain,32,88,0.363636363636364,FALSE,GSE185381,GSM5613769_2020-03-18-count-1
observation.observation_s39,5p,loss,24,24,1,TRUE,GSE185381,GSM5613769_2020-03-18-count-1
observation.observation_s39,5q,loss,33,134,0.246268656716418,FALSE,GSE185381,GSM5613769_2020-03-18-count-1
observation.observation_s39,6p,loss,46,119,0.38655462184874,FALSE,GSE185381,GSM5613769_2020-03-18-count-1
observation.observation_s39,7p,gain,69,69,1,TRUE,GSE185381,GSM5613769_2020-03-18-count-1
observation.observation_s39,8p,gain,9,36,0.25,FALSE,GSE185381,GSM5613769_2020-03-18-count-1
observation.observation_s39,8q,gain,90,90,1,TRUE,GSE185381,GSM5613769_2020-03-18-count-1
observation.observation_s39,9p,loss,23,29,0.793103448275862,TRUE,GSE185381,GSM5613769_2020-03-18-count-1
observation.observation_s39,11p,gain,19,63,0.301587301587302,FALSE,GSE185381,GSM5613769_2020-03-18-count-1
observation.observation_s39,12p,gain,46,46,1,TRUE,GSE185381,GSM5613769_2020-03-18-count-1
observation.observation_s39,12q,gain,23,138,0.166666666666667,FALSE,GSE185381,GSM5613769_2020-03-18-count-1
observation.observation_s39,12q,loss,76,138,0.550724637681159,TRUE,GSE185381,GSM5613769_2020-03-18-count-1
observation.observation_s39,14q,loss,112,112,1,TRUE,GSE185381,GSM5613769_2020-03-18-count-1
observation.observation_s39,15q,gain,44,105,0.419047619047619,FALSE,GSE185381,GSM5613769_2020-03-18-count-1
observation.observation_s39,15q,loss,24,105,0.228571428571429,FALSE,GSE185381,GSM5613769_2020-03-18-count-1
observation.observation_s39,17p,gain,35,59,0.593220338983051,TRUE,GSE185381,GSM5613769_2020-03-18-count-1
observation.observation_s39,17q,loss,37,142,0.26056338028169,FALSE,GSE185381,GSM5613769_2020-03-18-count-1
observation.observation_s39,18p,loss,16,16,1,TRUE,GSE185381,GSM5613769_2020-03-18-count-1
observation.observation_s39,18q,loss,28,28,1,TRUE,GSE185381,GSM5613769_2020-03-18-count-1
observation.observation_s39,19p,gain,50,124,0.403225806451613,FALSE,GSE185381,GSM5613769_2020-03-18-count-1
observation.observation_s39,19q,gain,60,114,0.526315789473684,TRUE,GSE185381,GSM5613769_2020-03-18-count-1
observation.observation_s39,20p,gain,30,30,1,TRUE,GSE185381,GSM5613769_2020-03-18-count-1
observation.observation_s39,20q,gain,31,61,0.508196721311475,TRUE,GSE185381,GSM5613769_2020-03-18-count-1
observation.observation_s39,21q,gain,41,41,1,TRUE,GSE185381,GSM5613769_2020-03-18-count-1
observation.observation_s39,22q,gain,52,73,0.712328767123288,TRUE,GSE185381,GSM5613769_2020-03-18-count-1
observation.observation_s50,1p,gain,28,197,0.142131979695431,FALSE,GSE185381,GSM5613769_2020-03-18-count-1
observation.observation_s50,1p,loss,42,197,0.213197969543147,FALSE,GSE185381,GSM5613769_2020-03-18-count-1
observation.observation_s50,4p,gain,29,29,1,TRUE,GSE185381,GSM5613769_2020-03-18-count-1
observation.observation_s50,4q,gain,17,88,0.193181818181818,FALSE,GSE185381,GSM5613769_2020-03-18-count-1
observation.observation_s50,4q,loss,37,88,0.420454545454546,FALSE,GSE185381,GSM5613769_2020-03-18-count-1
observation.observation_s50,6p,loss,79,119,0.663865546218487,TRUE,GSE185381,GSM5613769_2020-03-18-count-1
observation.observation_s50,6q,loss,1,69,0.0144927536231884,FALSE,GSE185381,GSM5613769_2020-03-18-count-1
observation.observation_s50,8p,loss,15,36,0.416666666666667,FALSE,GSE185381,GSM5613769_2020-03-18-count-1
observation.observation_s50,8q,loss,38,90,0.422222222222222,FALSE,GSE185381,GSM5613769_2020-03-18-count-1
observation.observation_s50,9p,gain,29,29,1,TRUE,GSE185381,GSM5613769_2020-03-18-count-1
observation.observation_s50,9q,gain,75,75,1,TRUE,GSE185381,GSM5613769_2020-03-18-count-1
observation.observation_s50,11p,loss,39,63,0.619047619047619,TRUE,GSE185381,GSM5613769_2020-03-18-count-1
observation.observation_s50,11q,loss,98,139,0.705035971223022,TRUE,GSE185381,GSM5613769_2020-03-18-count-1
observation.observation_s50,19p,gain,95,124,0.766129032258065,TRUE,GSE185381,GSM5613769_2020-03-18-count-1
observation.observation_s50,22q,gain,40,73,0.547945205479452,TRUE,GSE185381,GSM5613769_2020-03-18-count-1
observation.observation_s35,1q,gain,22,151,0.145695364238411,FALSE,GSE185381,GSM5613769_2020-03-18-count-1
observation.observation_s35,2q,gain,53,133,0.398496240601504,FALSE,GSE185381,GSM5613769_2020-03-18-count-1
observation.observation_s35,6p,loss,81,119,0.680672268907563,TRUE,GSE185381,GSM5613769_2020-03-18-count-1
observation.observation_s35,6q,loss,17,69,0.246376811594203,FALSE,GSE185381,GSM5613769_2020-03-18-count-1
observation.observation_s35,6q,gain,18,69,0.260869565217391,FALSE,GSE185381,GSM5613769_2020-03-18-count-1
observation.observation_s35,7p,gain,69,69,1,TRUE,GSE185381,GSM5613769_2020-03-18-count-1
observation.observation_s35,7q,gain,48,94,0.51063829787234,TRUE,GSE185381,GSM5613769_2020-03-18-count-1
observation.observation_s35,8q,gain,63,90,0.7,TRUE,GSE185381,GSM5613769_2020-03-18-count-1
observation.observation_s35,9p,gain,26,29,0.896551724137931,TRUE,GSE185381,GSM5613769_2020-03-18-count-1
observation.observation_s35,9q,gain,57,75,0.76,TRUE,GSE185381,GSM5613769_2020-03-18-count-1
observation.observation_s35,10p,gain,32,32,1,TRUE,GSE185381,GSM5613769_2020-03-18-count-1
observation.observation_s35,10q,gain,77,77,1,TRUE,GSE185381,GSM5613769_2020-03-18-count-1
observation.observation_s35,11p,loss,25,63,0.396825396825397,FALSE,GSE185381,GSM5613769_2020-03-18-count-1
observation.observation_s35,11q,loss,139,139,1,TRUE,GSE185381,GSM5613769_2020-03-18-count-1
observation.observation_s35,12q,gain,16,138,0.115942028985507,FALSE,GSE185381,GSM5613769_2020-03-18-count-1
observation.observation_s35,13q,loss,28,55,0.509090909090909,TRUE,GSE185381,GSM5613769_2020-03-18-count-1
observation.observation_s35,14q,gain,58,112,0.517857142857143,TRUE,GSE185381,GSM5613769_2020-03-18-count-1
observation.observation_s35,15q,gain,33,105,0.314285714285714,FALSE,GSE185381,GSM5613769_2020-03-18-count-1
observation.observation_s35,17p,loss,18,59,0.305084745762712,FALSE,GSE185381,GSM5613769_2020-03-18-count-1
observation.observation_s35,17q,loss,31,142,0.21830985915493,FALSE,GSE185381,GSM5613769_2020-03-18-count-1
observation.observation_s35,17q,gain,70,142,0.492957746478873,FALSE,GSE185381,GSM5613769_2020-03-18-count-1
observation.observation_s35,18p,loss,16,16,1,TRUE,GSE185381,GSM5613769_2020-03-18-count-1
observation.observation_s35,18q,loss,28,28,1,TRUE,GSE185381,GSM5613769_2020-03-18-count-1
observation.observation_s35,19p,loss,124,124,1,TRUE,GSE185381,GSM5613769_2020-03-18-count-1
observation.observation_s35,19q,loss,44,114,0.385964912280702,FALSE,GSE185381,GSM5613769_2020-03-18-count-1
observation.observation_s35,20q,loss,18,61,0.295081967213115,FALSE,GSE185381,GSM5613769_2020-03-18-count-1
observation.observation_s43,1q,gain,58,151,0.384105960264901,FALSE,GSE185381,GSM5613769_2020-03-18-count-1
observation.observation_s43,2p,loss,106,106,1,TRUE,GSE185381,GSM5613769_2020-03-18-count-1
observation.observation_s43,2q,loss,63,133,0.473684210526316,FALSE,GSE185381,GSM5613769_2020-03-18-count-1
observation.observation_s43,4p,loss,29,29,1,TRUE,GSE185381,GSM5613769_2020-03-18-count-1
observation.observation_s43,4q,loss,88,88,1,TRUE,GSE185381,GSM5613769_2020-03-18-count-1
observation.observation_s43,5q,loss,51,134,0.380597014925373,FALSE,GSE185381,GSM5613769_2020-03-18-count-1
observation.observation_s43,6p,loss,60,119,0.504201680672269,TRUE,GSE185381,GSM5613769_2020-03-18-count-1
observation.observation_s43,6q,gain,17,69,0.246376811594203,FALSE,GSE185381,GSM5613769_2020-03-18-count-1
observation.observation_s43,7p,gain,69,69,1,TRUE,GSE185381,GSM5613769_2020-03-18-count-1
observation.observation_s43,7q,gain,57,94,0.606382978723404,TRUE,GSE185381,GSM5613769_2020-03-18-count-1
observation.observation_s43,9p,loss,18,29,0.620689655172414,TRUE,GSE185381,GSM5613769_2020-03-18-count-1
observation.observation_s43,11p,loss,61,63,0.968253968253968,TRUE,GSE185381,GSM5613769_2020-03-18-count-1
observation.observation_s43,11q,loss,123,139,0.884892086330935,TRUE,GSE185381,GSM5613769_2020-03-18-count-1
observation.observation_s43,12p,gain,46,46,1,TRUE,GSE185381,GSM5613769_2020-03-18-count-1
observation.observation_s43,12q,gain,54,138,0.391304347826087,FALSE,GSE185381,GSM5613769_2020-03-18-count-1
observation.observation_s43,14q,loss,112,112,1,TRUE,GSE185381,GSM5613769_2020-03-18-count-1
observation.observation_s43,15q,gain,74,105,0.704761904761905,TRUE,GSE185381,GSM5613769_2020-03-18-count-1
observation.observation_s43,17p,gain,56,59,0.949152542372881,TRUE,GSE185381,GSM5613769_2020-03-18-count-1
observation.observation_s43,17q,gain,42,142,0.295774647887324,FALSE,GSE185381,GSM5613769_2020-03-18-count-1
observation.observation_s43,18p,loss,3,16,0.1875,FALSE,GSE185381,GSM5613769_2020-03-18-count-1
observation.observation_s43,18q,loss,28,28,1,TRUE,GSE185381,GSM5613769_2020-03-18-count-1
observation.observation_s43,19p,gain,124,124,1,TRUE,GSE185381,GSM5613769_2020-03-18-count-1
observation.observation_s43,19q,gain,46,114,0.403508771929825,FALSE,GSE185381,GSM5613769_2020-03-18-count-1
observation.observation_s43,20p,gain,30,30,1,TRUE,GSE185381,GSM5613769_2020-03-18-count-1
observation.observation_s43,20q,gain,61,61,1,TRUE,GSE185381,GSM5613769_2020-03-18-count-1
observation.observation_s43,22q,gain,46,73,0.63013698630137,TRUE,GSE185381,GSM5613769_2020-03-18-count-1
observation.observation_s52,1p,loss,87,197,0.441624365482233,FALSE,GSE185381,GSM5613769_2020-03-18-count-1
observation.observation_s52,1p,gain,8,197,0.0406091370558376,FALSE,GSE185381,GSM5613769_2020-03-18-count-1
observation.observation_s52,1q,gain,104,151,0.688741721854305,TRUE,GSE185381,GSM5613769_2020-03-18-count-1
observation.observation_s52,3p,loss,70,98,0.714285714285714,TRUE,GSE185381,GSM5613769_2020-03-18-count-1
observation.observation_s52,3q,gain,79,100,0.79,TRUE,GSE185381,GSM5613769_2020-03-18-count-1
observation.observation_s52,6p,gain,22,119,0.184873949579832,FALSE,GSE185381,GSM5613769_2020-03-18-count-1
observation.observation_s52,7p,gain,69,69,1,TRUE,GSE185381,GSM5613769_2020-03-18-count-1
observation.observation_s52,7q,gain,61,94,0.648936170212766,TRUE,GSE185381,GSM5613769_2020-03-18-count-1
observation.observation_s52,8p,gain,36,36,1,TRUE,GSE185381,GSM5613769_2020-03-18-count-1
observation.observation_s52,8q,gain,1,90,0.0111111111111111,FALSE,GSE185381,GSM5613769_2020-03-18-count-1
observation.observation_s52,10p,gain,17,32,0.53125,TRUE,GSE185381,GSM5613769_2020-03-18-count-1
observation.observation_s52,10q,gain,77,77,1,TRUE,GSE185381,GSM5613769_2020-03-18-count-1
observation.observation_s52,11q,loss,59,139,0.424460431654676,FALSE,GSE185381,GSM5613769_2020-03-18-count-1
observation.observation_s52,12q,gain,134,138,0.971014492753623,TRUE,GSE185381,GSM5613769_2020-03-18-count-1
observation.observation_s52,13q,loss,20,55,0.363636363636364,FALSE,GSE185381,GSM5613769_2020-03-18-count-1
observation.observation_s52,14q,gain,33,112,0.294642857142857,FALSE,GSE185381,GSM5613769_2020-03-18-count-1
observation.observation_s52,16p,gain,74,74,1,TRUE,GSE185381,GSM5613769_2020-03-18-count-1
observation.observation_s52,16q,gain,17,58,0.293103448275862,FALSE,GSE185381,GSM5613769_2020-03-18-count-1
observation.observation_s52,17p,gain,59,59,1,TRUE,GSE185381,GSM5613769_2020-03-18-count-1
observation.observation_s52,17q,gain,77,142,0.542253521126761,TRUE,GSE185381,GSM5613769_2020-03-18-count-1
observation.observation_s52,20p,gain,29,30,0.966666666666667,TRUE,GSE185381,GSM5613769_2020-03-18-count-1
observation.observation_s52,21q,gain,41,41,1,TRUE,GSE185381,GSM5613769_2020-03-18-count-1
observation.observation_s52,22q,loss,20,73,0.273972602739726,FALSE,GSE185381,GSM5613769_2020-03-18-count-1
observation.observation_s52,22q,gain,30,73,0.410958904109589,FALSE,GSE185381,GSM5613769_2020-03-18-count-1
observation.observation_s53,1p,gain,62,197,0.314720812182741,FALSE,GSE185381,GSM5613769_2020-03-18-count-1
observation.observation_s53,1q,gain,135,151,0.894039735099338,TRUE,GSE185381,GSM5613769_2020-03-18-count-1
observation.observation_s53,2q,loss,33,133,0.24812030075188,FALSE,GSE185381,GSM5613769_2020-03-18-count-1
observation.observation_s53,3p,gain,19,98,0.193877551020408,FALSE,GSE185381,GSM5613769_2020-03-18-count-1
observation.observation_s53,3q,gain,54,100,0.54,TRUE,GSE185381,GSM5613769_2020-03-18-count-1
observation.observation_s53,3q,loss,10,100,0.1,FALSE,GSE185381,GSM5613769_2020-03-18-count-1
observation.observation_s53,5p,loss,10,24,0.416666666666667,FALSE,GSE185381,GSM5613769_2020-03-18-count-1
observation.observation_s53,5q,loss,134,134,1,TRUE,GSE185381,GSM5613769_2020-03-18-count-1
observation.observation_s53,6p,loss,62,119,0.521008403361345,TRUE,GSE185381,GSM5613769_2020-03-18-count-1
observation.observation_s53,6q,loss,69,69,1,TRUE,GSE185381,GSM5613769_2020-03-18-count-1
observation.observation_s53,7p,gain,42,69,0.608695652173913,TRUE,GSE185381,GSM5613769_2020-03-18-count-1
observation.observation_s53,8p,loss,2,36,0.0555555555555556,FALSE,GSE185381,GSM5613769_2020-03-18-count-1
observation.observation_s53,8q,loss,90,90,1,TRUE,GSE185381,GSM5613769_2020-03-18-count-1
observation.observation_s53,9p,gain,29,29,1,TRUE,GSE185381,GSM5613769_2020-03-18-count-1
observation.observation_s53,9q,gain,42,75,0.56,TRUE,GSE185381,GSM5613769_2020-03-18-count-1
observation.observation_s53,10p,gain,32,32,1,TRUE,GSE185381,GSM5613769_2020-03-18-count-1
observation.observation_s53,10q,gain,5,77,0.0649350649350649,FALSE,GSE185381,GSM5613769_2020-03-18-count-1
observation.observation_s53,12p,gain,15,46,0.326086956521739,FALSE,GSE185381,GSM5613769_2020-03-18-count-1
observation.observation_s53,14q,loss,35,112,0.3125,FALSE,GSE185381,GSM5613769_2020-03-18-count-1
observation.observation_s53,15q,loss,17,105,0.161904761904762,FALSE,GSE185381,GSM5613769_2020-03-18-count-1
observation.observation_s53,16p,loss,44,74,0.594594594594595,TRUE,GSE185381,GSM5613769_2020-03-18-count-1
observation.observation_s53,17p,gain,52,59,0.88135593220339,TRUE,GSE185381,GSM5613769_2020-03-18-count-1
observation.observation_s53,18p,loss,7,16,0.4375,FALSE,GSE185381,GSM5613769_2020-03-18-count-1
observation.observation_s53,18q,loss,28,28,1,TRUE,GSE185381,GSM5613769_2020-03-18-count-1
observation.observation_s53,19q,gain,31,114,0.271929824561404,FALSE,GSE185381,GSM5613769_2020-03-18-count-1
observation.observation_s53,19q,loss,55,114,0.482456140350877,FALSE,GSE185381,GSM5613769_2020-03-18-count-1
observation.observation_s53,21q,gain,41,41,1,TRUE,GSE185381,GSM5613769_2020-03-18-count-1
observation.observation_s54,1p,gain,63,197,0.319796954314721,FALSE,GSE185381,GSM5613769_2020-03-18-count-1
observation.observation_s54,1q,gain,151,151,1,TRUE,GSE185381,GSM5613769_2020-03-18-count-1
observation.observation_s54,2p,loss,106,106,1,TRUE,GSE185381,GSM5613769_2020-03-18-count-1
observation.observation_s54,2q,loss,53,133,0.398496240601504,FALSE,GSE185381,GSM5613769_2020-03-18-count-1
observation.observation_s54,3p,loss,96,98,0.979591836734694,TRUE,GSE185381,GSM5613769_2020-03-18-count-1
observation.observation_s54,3q,gain,77,100,0.77,TRUE,GSE185381,GSM5613769_2020-03-18-count-1
observation.observation_s54,4q,gain,46,88,0.522727272727273,TRUE,GSE185381,GSM5613769_2020-03-18-count-1
observation.observation_s54,5p,loss,24,24,1,TRUE,GSE185381,GSM5613769_2020-03-18-count-1
observation.observation_s54,5q,loss,88,134,0.656716417910448,TRUE,GSE185381,GSM5613769_2020-03-18-count-1
observation.observation_s54,5q,gain,25,134,0.186567164179104,FALSE,GSE185381,GSM5613769_2020-03-18-count-1
observation.observation_s54,6p,loss,50,119,0.420168067226891,FALSE,GSE185381,GSM5613769_2020-03-18-count-1
observation.observation_s54,6q,loss,15,69,0.217391304347826,FALSE,GSE185381,GSM5613769_2020-03-18-count-1
observation.observation_s54,7q,gain,46,94,0.48936170212766,FALSE,GSE185381,GSM5613769_2020-03-18-count-1
observation.observation_s54,8p,gain,36,36,1,TRUE,GSE185381,GSM5613769_2020-03-18-count-1
observation.observation_s54,8q,gain,40,90,0.444444444444444,FALSE,GSE185381,GSM5613769_2020-03-18-count-1
observation.observation_s54,9p,loss,29,29,1,TRUE,GSE185381,GSM5613769_2020-03-18-count-1
observation.observation_s54,9q,loss,11,75,0.146666666666667,FALSE,GSE185381,GSM5613769_2020-03-18-count-1
observation.observation_s54,10p,gain,32,32,1,TRUE,GSE185381,GSM5613769_2020-03-18-count-1
observation.observation_s54,10q,gain,25,77,0.324675324675325,FALSE,GSE185381,GSM5613769_2020-03-18-count-1
observation.observation_s54,11p,gain,63,63,1,TRUE,GSE185381,GSM5613769_2020-03-18-count-1
observation.observation_s54,11q,gain,63,139,0.453237410071943,FALSE,GSE185381,GSM5613769_2020-03-18-count-1
observation.observation_s54,11q,loss,37,139,0.266187050359712,FALSE,GSE185381,GSM5613769_2020-03-18-count-1
observation.observation_s54,12p,gain,46,46,1,TRUE,GSE185381,GSM5613769_2020-03-18-count-1
observation.observation_s54,12q,gain,138,138,1,TRUE,GSE185381,GSM5613769_2020-03-18-count-1
observation.observation_s54,13q,loss,16,55,0.290909090909091,FALSE,GSE185381,GSM5613769_2020-03-18-count-1
observation.observation_s54,14q,gain,91,112,0.8125,TRUE,GSE185381,GSM5613769_2020-03-18-count-1
observation.observation_s54,15q,gain,49,105,0.466666666666667,FALSE,GSE185381,GSM5613769_2020-03-18-count-1
observation.observation_s54,15q,loss,28,105,0.266666666666667,FALSE,GSE185381,GSM5613769_2020-03-18-count-1
observation.observation_s54,17p,gain,28,59,0.474576271186441,FALSE,GSE185381,GSM5613769_2020-03-18-count-1
observation.observation_s54,17p,loss,15,59,0.254237288135593,FALSE,GSE185381,GSM5613769_2020-03-18-count-1
observation.observation_s54,17q,loss,22,142,0.154929577464789,FALSE,GSE185381,GSM5613769_2020-03-18-count-1
observation.observation_s54,17q,gain,43,142,0.302816901408451,FALSE,GSE185381,GSM5613769_2020-03-18-count-1
observation.observation_s54,18p,loss,16,16,1,TRUE,GSE185381,GSM5613769_2020-03-18-count-1
observation.observation_s54,18q,loss,28,28,1,TRUE,GSE185381,GSM5613769_2020-03-18-count-1
observation.observation_s54,19p,loss,60,124,0.483870967741936,FALSE,GSE185381,GSM5613769_2020-03-18-count-1
observation.observation_s54,19q,gain,74,114,0.649122807017544,TRUE,GSE185381,GSM5613769_2020-03-18-count-1
observation.observation_s54,22q,loss,56,73,0.767123287671233,TRUE,GSE185381,GSM5613769_2020-03-18-count-1
observation.observation_s55,1p,loss,47,197,0.238578680203046,FALSE,GSE185381,GSM5613769_2020-03-18-count-1
observation.observation_s55,1p,gain,19,197,0.0964467005076142,FALSE,GSE185381,GSM5613769_2020-03-18-count-1
observation.observation_s55,1q,gain,29,151,0.19205298013245,FALSE,GSE185381,GSM5613769_2020-03-18-count-1
observation.observation_s55,1q,loss,40,151,0.264900662251656,FALSE,GSE185381,GSM5613769_2020-03-18-count-1
observation.observation_s55,2p,gain,59,106,0.556603773584906,TRUE,GSE185381,GSM5613769_2020-03-18-count-1
observation.observation_s55,2q,gain,35,133,0.263157894736842,FALSE,GSE185381,GSM5613769_2020-03-18-count-1
observation.observation_s55,3p,loss,25,98,0.255102040816327,FALSE,GSE185381,GSM5613769_2020-03-18-count-1
observation.observation_s55,3q,loss,76,100,0.76,TRUE,GSE185381,GSM5613769_2020-03-18-count-1
observation.observation_s55,4p,loss,29,29,1,TRUE,GSE185381,GSM5613769_2020-03-18-count-1
observation.observation_s55,4q,loss,33,88,0.375,FALSE,GSE185381,GSM5613769_2020-03-18-count-1
observation.observation_s55,5q,gain,16,134,0.119402985074627,FALSE,GSE185381,GSM5613769_2020-03-18-count-1
observation.observation_s55,6p,gain,57,119,0.478991596638655,FALSE,GSE185381,GSM5613769_2020-03-18-count-1
observation.observation_s55,6p,loss,50,119,0.420168067226891,FALSE,GSE185381,GSM5613769_2020-03-18-count-1
observation.observation_s55,6q,loss,32,69,0.463768115942029,FALSE,GSE185381,GSM5613769_2020-03-18-count-1
observation.observation_s55,7p,gain,18,69,0.260869565217391,FALSE,GSE185381,GSM5613769_2020-03-18-count-1
observation.observation_s55,7q,gain,37,94,0.393617021276596,FALSE,GSE185381,GSM5613769_2020-03-18-count-1
observation.observation_s55,8p,loss,36,36,1,TRUE,GSE185381,GSM5613769_2020-03-18-count-1
observation.observation_s55,8q,loss,75,90,0.833333333333333,TRUE,GSE185381,GSM5613769_2020-03-18-count-1
observation.observation_s55,9p,gain,29,29,1,TRUE,GSE185381,GSM5613769_2020-03-18-count-1
observation.observation_s55,9q,gain,41,75,0.546666666666667,TRUE,GSE185381,GSM5613769_2020-03-18-count-1
observation.observation_s55,10p,gain,32,32,1,TRUE,GSE185381,GSM5613769_2020-03-18-count-1
observation.observation_s55,10q,gain,39,77,0.506493506493507,TRUE,GSE185381,GSM5613769_2020-03-18-count-1
observation.observation_s55,11p,gain,49,63,0.777777777777778,TRUE,GSE185381,GSM5613769_2020-03-18-count-1
observation.observation_s55,11q,gain,50,139,0.359712230215827,FALSE,GSE185381,GSM5613769_2020-03-18-count-1
observation.observation_s55,11q,loss,26,139,0.18705035971223,FALSE,GSE185381,GSM5613769_2020-03-18-count-1
observation.observation_s55,12p,gain,46,46,1,TRUE,GSE185381,GSM5613769_2020-03-18-count-1
observation.observation_s55,12q,gain,91,138,0.659420289855073,TRUE,GSE185381,GSM5613769_2020-03-18-count-1
observation.observation_s55,13q,gain,55,55,1,TRUE,GSE185381,GSM5613769_2020-03-18-count-1
observation.observation_s55,14q,loss,12,112,0.107142857142857,FALSE,GSE185381,GSM5613769_2020-03-18-count-1
observation.observation_s55,15q,loss,68,105,0.647619047619048,TRUE,GSE185381,GSM5613769_2020-03-18-count-1
observation.observation_s55,17p,gain,27,59,0.457627118644068,FALSE,GSE185381,GSM5613769_2020-03-18-count-1
observation.observation_s55,17p,loss,9,59,0.152542372881356,FALSE,GSE185381,GSM5613769_2020-03-18-count-1
observation.observation_s55,17q,loss,107,142,0.753521126760563,TRUE,GSE185381,GSM5613769_2020-03-18-count-1
observation.observation_s55,17q,gain,22,142,0.154929577464789,FALSE,GSE185381,GSM5613769_2020-03-18-count-1
observation.observation_s55,19p,gain,124,124,1,TRUE,GSE185381,GSM5613769_2020-03-18-count-1
observation.observation_s55,19q,gain,65,114,0.570175438596491,TRUE,GSE185381,GSM5613769_2020-03-18-count-1
observation.observation_s55,20p,gain,30,30,1,TRUE,GSE185381,GSM5613769_2020-03-18-count-1
observation.observation_s55,20q,gain,1,61,0.0163934426229508,FALSE,GSE185381,GSM5613769_2020-03-18-count-1
observation.observation_s55,21q,gain,41,41,1,TRUE,GSE185381,GSM5613769_2020-03-18-count-1
observation.observation_s56,1p,gain,174,197,0.883248730964467,TRUE,GSE185381,GSM5613769_2020-03-18-count-1
observation.observation_s56,1p,loss,5,197,0.0253807106598985,FALSE,GSE185381,GSM5613769_2020-03-18-count-1
observation.observation_s56,1q,loss,39,151,0.258278145695364,FALSE,GSE185381,GSM5613769_2020-03-18-count-1
observation.observation_s56,1q,gain,28,151,0.185430463576159,FALSE,GSE185381,GSM5613769_2020-03-18-count-1
observation.observation_s56,2p,gain,90,106,0.849056603773585,TRUE,GSE185381,GSM5613769_2020-03-18-count-1
observation.observation_s56,2q,loss,44,133,0.330827067669173,FALSE,GSE185381,GSM5613769_2020-03-18-count-1
observation.observation_s56,3p,loss,67,98,0.683673469387755,TRUE,GSE185381,GSM5613769_2020-03-18-count-1
observation.observation_s56,3p,gain,2,98,0.0204081632653061,FALSE,GSE185381,GSM5613769_2020-03-18-count-1
observation.observation_s56,3q,gain,78,100,0.78,TRUE,GSE185381,GSM5613769_2020-03-18-count-1
observation.observation_s56,4p,gain,29,29,1,TRUE,GSE185381,GSM5613769_2020-03-18-count-1
observation.observation_s56,4q,gain,13,88,0.147727272727273,FALSE,GSE185381,GSM5613769_2020-03-18-count-1
observation.observation_s56,5p,loss,4,24,0.166666666666667,FALSE,GSE185381,GSM5613769_2020-03-18-count-1
observation.observation_s56,5q,loss,111,134,0.828358208955224,TRUE,GSE185381,GSM5613769_2020-03-18-count-1
observation.observation_s56,6p,loss,54,119,0.453781512605042,FALSE,GSE185381,GSM5613769_2020-03-18-count-1
observation.observation_s56,6p,gain,13,119,0.109243697478992,FALSE,GSE185381,GSM5613769_2020-03-18-count-1
observation.observation_s56,6q,gain,29,69,0.420289855072464,FALSE,GSE185381,GSM5613769_2020-03-18-count-1
observation.observation_s56,7p,loss,69,69,1,TRUE,GSE185381,GSM5613769_2020-03-18-count-1
observation.observation_s56,7q,loss,94,94,1,TRUE,GSE185381,GSM5613769_2020-03-18-count-1
observation.observation_s56,8p,gain,36,36,1,TRUE,GSE185381,GSM5613769_2020-03-18-count-1
observation.observation_s56,8q,gain,90,90,1,TRUE,GSE185381,GSM5613769_2020-03-18-count-1
observation.observation_s56,9q,gain,75,75,1,TRUE,GSE185381,GSM5613769_2020-03-18-count-1
observation.observation_s56,10p,gain,24,32,0.75,TRUE,GSE185381,GSM5613769_2020-03-18-count-1
observation.observation_s56,11q,gain,80,139,0.575539568345324,TRUE,GSE185381,GSM5613769_2020-03-18-count-1
observation.observation_s56,12p,gain,40,46,0.869565217391304,TRUE,GSE185381,GSM5613769_2020-03-18-count-1
observation.observation_s56,12q,gain,34,138,0.246376811594203,FALSE,GSE185381,GSM5613769_2020-03-18-count-1
observation.observation_s56,13q,loss,55,55,1,TRUE,GSE185381,GSM5613769_2020-03-18-count-1
observation.observation_s56,14q,loss,25,112,0.223214285714286,FALSE,GSE185381,GSM5613769_2020-03-18-count-1
observation.observation_s56,15q,gain,33,105,0.314285714285714,FALSE,GSE185381,GSM5613769_2020-03-18-count-1
observation.observation_s56,15q,loss,38,105,0.361904761904762,FALSE,GSE185381,GSM5613769_2020-03-18-count-1
observation.observation_s56,16q,loss,34,58,0.586206896551724,TRUE,GSE185381,GSM5613769_2020-03-18-count-1
observation.observation_s56,17p,gain,54,59,0.915254237288136,TRUE,GSE185381,GSM5613769_2020-03-18-count-1
observation.observation_s56,17q,loss,58,142,0.408450704225352,FALSE,GSE185381,GSM5613769_2020-03-18-count-1
observation.observation_s56,17q,gain,28,142,0.197183098591549,FALSE,GSE185381,GSM5613769_2020-03-18-count-1
observation.observation_s56,18p,loss,16,16,1,TRUE,GSE185381,GSM5613769_2020-03-18-count-1
observation.observation_s56,18q,loss,28,28,1,TRUE,GSE185381,GSM5613769_2020-03-18-count-1
observation.observation_s56,19p,loss,107,124,0.862903225806452,TRUE,GSE185381,GSM5613769_2020-03-18-count-1
observation.observation_s56,19q,loss,114,114,1,TRUE,GSE185381,GSM5613769_2020-03-18-count-1
observation.observation_s56,20p,gain,30,30,1,TRUE,GSE185381,GSM5613769_2020-03-18-count-1
observation.observation_s56,20q,gain,61,61,1,TRUE,GSE185381,GSM5613769_2020-03-18-count-1
observation.observation_s56,21q,gain,41,41,1,TRUE,GSE185381,GSM5613769_2020-03-18-count-1
observation.observation_s56,22q,gain,47,73,0.643835616438356,TRUE,GSE185381,GSM5613769_2020-03-18-count-1
observation.observation_s57,1p,loss,54,197,0.274111675126904,FALSE,GSE185381,GSM5613769_2020-03-18-count-1
observation.observation_s57,1p,gain,44,197,0.223350253807107,FALSE,GSE185381,GSM5613769_2020-03-18-count-1
observation.observation_s57,1q,gain,73,151,0.483443708609272,FALSE,GSE185381,GSM5613769_2020-03-18-count-1
observation.observation_s57,2p,gain,106,106,1,TRUE,GSE185381,GSM5613769_2020-03-18-count-1
observation.observation_s57,2q,gain,133,133,1,TRUE,GSE185381,GSM5613769_2020-03-18-count-1
observation.observation_s57,3p,loss,98,98,1,TRUE,GSE185381,GSM5613769_2020-03-18-count-1
observation.observation_s57,3q,loss,6,100,0.06,FALSE,GSE185381,GSM5613769_2020-03-18-count-1
observation.observation_s57,4p,gain,29,29,1,TRUE,GSE185381,GSM5613769_2020-03-18-count-1
observation.observation_s57,4q,gain,88,88,1,TRUE,GSE185381,GSM5613769_2020-03-18-count-1
observation.observation_s57,5p,loss,23,24,0.958333333333333,TRUE,GSE185381,GSM5613769_2020-03-18-count-1
observation.observation_s57,5q,loss,73,134,0.544776119402985,TRUE,GSE185381,GSM5613769_2020-03-18-count-1
observation.observation_s57,6p,gain,82,119,0.689075630252101,TRUE,GSE185381,GSM5613769_2020-03-18-count-1
observation.observation_s57,6q,gain,30,69,0.434782608695652,FALSE,GSE185381,GSM5613769_2020-03-18-count-1
observation.observation_s57,7p,loss,69,69,1,TRUE,GSE185381,GSM5613769_2020-03-18-count-1
observation.observation_s57,7q,loss,57,94,0.606382978723404,TRUE,GSE185381,GSM5613769_2020-03-18-count-1
observation.observation_s57,9p,gain,22,29,0.758620689655172,TRUE,GSE185381,GSM5613769_2020-03-18-count-1
observation.observation_s57,10p,gain,23,32,0.71875,TRUE,GSE185381,GSM5613769_2020-03-18-count-1
observation.observation_s57,11q,loss,63,139,0.453237410071943,FALSE,GSE185381,GSM5613769_2020-03-18-count-1
observation.observation_s57,12p,gain,18,46,0.391304347826087,FALSE,GSE185381,GSM5613769_2020-03-18-count-1
observation.observation_s57,12q,loss,124,138,0.898550724637681,TRUE,GSE185381,GSM5613769_2020-03-18-count-1
observation.observation_s57,13q,loss,55,55,1,TRUE,GSE185381,GSM5613769_2020-03-18-count-1
observation.observation_s57,14q,loss,70,112,0.625,TRUE,GSE185381,GSM5613769_2020-03-18-count-1
observation.observation_s57,15q,gain,105,105,1,TRUE,GSE185381,GSM5613769_2020-03-18-count-1
observation.observation_s57,16p,gain,50,74,0.675675675675676,TRUE,GSE185381,GSM5613769_2020-03-18-count-1
observation.observation_s57,17p,gain,59,59,1,TRUE,GSE185381,GSM5613769_2020-03-18-count-1
observation.observation_s57,17q,gain,119,142,0.838028169014084,TRUE,GSE185381,GSM5613769_2020-03-18-count-1
observation.observation_s57,18p,gain,16,16,1,TRUE,GSE185381,GSM5613769_2020-03-18-count-1
observation.observation_s57,18q,gain,28,28,1,TRUE,GSE185381,GSM5613769_2020-03-18-count-1
observation.observation_s57,19p,loss,91,124,0.733870967741936,TRUE,GSE185381,GSM5613769_2020-03-18-count-1
observation.observation_s57,19q,loss,114,114,1,TRUE,GSE185381,GSM5613769_2020-03-18-count-1
observation.observation_s57,20p,gain,30,30,1,TRUE,GSE185381,GSM5613769_2020-03-18-count-1
observation.observation_s57,20q,gain,49,61,0.80327868852459,TRUE,GSE185381,GSM5613769_2020-03-18-count-1
observation.observation_s57,21q,gain,41,41,1,TRUE,GSE185381,GSM5613769_2020-03-18-count-1
observation.observation_s57,22q,gain,47,73,0.643835616438356,TRUE,GSE185381,GSM5613769_2020-03-18-count-1
observation.observation_s58,1p,loss,100,197,0.50761421319797,TRUE,GSE185381,GSM5613769_2020-03-18-count-1
observation.observation_s58,1q,loss,60,151,0.397350993377483,FALSE,GSE185381,GSM5613769_2020-03-18-count-1
observation.observation_s58,2p,loss,65,106,0.613207547169811,TRUE,GSE185381,GSM5613769_2020-03-18-count-1
observation.observation_s58,4p,loss,29,29,1,TRUE,GSE185381,GSM5613769_2020-03-18-count-1
observation.observation_s58,4q,loss,88,88,1,TRUE,GSE185381,GSM5613769_2020-03-18-count-1
observation.observation_s58,5p,gain,24,24,1,TRUE,GSE185381,GSM5613769_2020-03-18-count-1
observation.observation_s58,5q,gain,134,134,1,TRUE,GSE185381,GSM5613769_2020-03-18-count-1
observation.observation_s58,6p,gain,119,119,1,TRUE,GSE185381,GSM5613769_2020-03-18-count-1
observation.observation_s58,6q,gain,69,69,1,TRUE,GSE185381,GSM5613769_2020-03-18-count-1
observation.observation_s58,7p,loss,35,69,0.507246376811594,TRUE,GSE185381,GSM5613769_2020-03-18-count-1
observation.observation_s58,7q,loss,26,94,0.276595744680851,FALSE,GSE185381,GSM5613769_2020-03-18-count-1
observation.observation_s58,8p,gain,36,36,1,TRUE,GSE185381,GSM5613769_2020-03-18-count-1
observation.observation_s58,8q,gain,90,90,1,TRUE,GSE185381,GSM5613769_2020-03-18-count-1
observation.observation_s58,9p,gain,29,29,1,TRUE,GSE185381,GSM5613769_2020-03-18-count-1
observation.observation_s58,9q,gain,75,75,1,TRUE,GSE185381,GSM5613769_2020-03-18-count-1
observation.observation_s58,11q,loss,66,139,0.474820143884892,FALSE,GSE185381,GSM5613769_2020-03-18-count-1
observation.observation_s58,12p,gain,46,46,1,TRUE,GSE185381,GSM5613769_2020-03-18-count-1
observation.observation_s58,12q,gain,37,138,0.268115942028986,FALSE,GSE185381,GSM5613769_2020-03-18-count-1
observation.observation_s58,13q,gain,55,55,1,TRUE,GSE185381,GSM5613769_2020-03-18-count-1
observation.observation_s58,14q,gain,112,112,1,TRUE,GSE185381,GSM5613769_2020-03-18-count-1
observation.observation_s58,15q,loss,105,105,1,TRUE,GSE185381,GSM5613769_2020-03-18-count-1
observation.observation_s58,16p,gain,41,74,0.554054054054054,TRUE,GSE185381,GSM5613769_2020-03-18-count-1
observation.observation_s58,16q,gain,44,58,0.758620689655172,TRUE,GSE185381,GSM5613769_2020-03-18-count-1
observation.observation_s58,17q,gain,49,142,0.345070422535211,FALSE,GSE185381,GSM5613769_2020-03-18-count-1
observation.observation_s58,18p,gain,16,16,1,TRUE,GSE185381,GSM5613769_2020-03-18-count-1
observation.observation_s58,18q,gain,28,28,1,TRUE,GSE185381,GSM5613769_2020-03-18-count-1
observation.observation_s58,19p,gain,74,124,0.596774193548387,TRUE,GSE185381,GSM5613769_2020-03-18-count-1
observation.observation_s58,20p,loss,30,30,1,TRUE,GSE185381,GSM5613769_2020-03-18-count-1
observation.observation_s58,20q,loss,61,61,1,TRUE,GSE185381,GSM5613769_2020-03-18-count-1
observation.observation_s58,21q,gain,41,41,1,TRUE,GSE185381,GSM5613769_2020-03-18-count-1
observation.observation_s59,1p,gain,77,197,0.390862944162437,FALSE,GSE185381,GSM5613769_2020-03-18-count-1
observation.observation_s59,1q,gain,85,151,0.562913907284768,TRUE,GSE185381,GSM5613769_2020-03-18-count-1
observation.observation_s59,2p,loss,106,106,1,TRUE,GSE185381,GSM5613769_2020-03-18-count-1
observation.observation_s59,2q,loss,45,133,0.338345864661654,FALSE,GSE185381,GSM5613769_2020-03-18-count-1
observation.observation_s59,3p,loss,41,98,0.418367346938776,FALSE,GSE185381,GSM5613769_2020-03-18-count-1
observation.observation_s59,4p,gain,4,29,0.137931034482759,FALSE,GSE185381,GSM5613769_2020-03-18-count-1
observation.observation_s59,4q,gain,58,88,0.659090909090909,TRUE,GSE185381,GSM5613769_2020-03-18-count-1
observation.observation_s59,5p,loss,24,24,1,TRUE,GSE185381,GSM5613769_2020-03-18-count-1
observation.observation_s59,5q,loss,113,134,0.843283582089552,TRUE,GSE185381,GSM5613769_2020-03-18-count-1
observation.observation_s59,6p,loss,86,119,0.722689075630252,TRUE,GSE185381,GSM5613769_2020-03-18-count-1
observation.observation_s59,6q,loss,69,69,1,TRUE,GSE185381,GSM5613769_2020-03-18-count-1
observation.observation_s59,7q,gain,81,94,0.861702127659575,TRUE,GSE185381,GSM5613769_2020-03-18-count-1
observation.observation_s59,8q,gain,78,90,0.866666666666667,TRUE,GSE185381,GSM5613769_2020-03-18-count-1
observation.observation_s59,10p,gain,32,32,1,TRUE,GSE185381,GSM5613769_2020-03-18-count-1
observation.observation_s59,10q,gain,5,77,0.0649350649350649,FALSE,GSE185381,GSM5613769_2020-03-18-count-1
observation.observation_s59,11p,loss,44,63,0.698412698412698,TRUE,GSE185381,GSM5613769_2020-03-18-count-1
observation.observation_s59,11q,loss,43,139,0.309352517985612,FALSE,GSE185381,GSM5613769_2020-03-18-count-1
observation.observation_s59,11q,gain,37,139,0.266187050359712,FALSE,GSE185381,GSM5613769_2020-03-18-count-1
observation.observation_s59,12p,gain,39,46,0.847826086956522,TRUE,GSE185381,GSM5613769_2020-03-18-count-1
observation.observation_s59,12q,loss,34,138,0.246376811594203,FALSE,GSE185381,GSM5613769_2020-03-18-count-1
observation.observation_s59,13q,loss,23,55,0.418181818181818,FALSE,GSE185381,GSM5613769_2020-03-18-count-1
observation.observation_s59,14q,loss,112,112,1,TRUE,GSE185381,GSM5613769_2020-03-18-count-1
observation.observation_s59,15q,gain,31,105,0.295238095238095,FALSE,GSE185381,GSM5613769_2020-03-18-count-1
observation.observation_s59,15q,loss,49,105,0.466666666666667,FALSE,GSE185381,GSM5613769_2020-03-18-count-1
observation.observation_s59,16p,gain,46,74,0.621621621621622,TRUE,GSE185381,GSM5613769_2020-03-18-count-1
observation.observation_s59,16q,gain,12,58,0.206896551724138,FALSE,GSE185381,GSM5613769_2020-03-18-count-1
observation.observation_s59,19p,gain,49,124,0.395161290322581,FALSE,GSE185381,GSM5613769_2020-03-18-count-1
observation.observation_s59,19p,loss,40,124,0.32258064516129,FALSE,GSE185381,GSM5613769_2020-03-18-count-1
observation.observation_s59,19q,loss,83,114,0.728070175438597,TRUE,GSE185381,GSM5613769_2020-03-18-count-1
observation.observation_s59,20p,gain,30,30,1,TRUE,GSE185381,GSM5613769_2020-03-18-count-1
observation.observation_s59,20q,gain,61,61,1,TRUE,GSE185381,GSM5613769_2020-03-18-count-1
observation.observation_s59,21q,gain,41,41,1,TRUE,GSE185381,GSM5613769_2020-03-18-count-1
observation.observation_s59,22q,gain,73,73,1,TRUE,GSE185381,GSM5613769_2020-03-18-count-1
reference_normal.reference_normal_s17,12q,gain,71,138,0.514492753623188,TRUE,GSE185381,GSM5613769_2020-03-18-count-1
reference_normal.reference_normal_s14,17q,gain,54,142,0.380281690140845,FALSE,GSE185381,GSM5613769_2020-03-18-count-1
reference_normal.reference_normal_s15,19p,gain,68,124,0.548387096774194,TRUE,GSE185381,GSM5613769_2020-03-18-count-1
reference_normal.reference_normal_s15,19q,gain,21,114,0.184210526315789,FALSE,GSE185381,GSM5613769_2020-03-18-count-1
reference_normal.reference_normal_s21,3p,gain,75,98,0.76530612244898,TRUE,GSE185381,GSM5613769_2020-03-18-count-1
reference_normal.reference_normal_s21,3q,gain,53,100,0.53,TRUE,GSE185381,GSM5613769_2020-03-18-count-1
reference_normal.reference_normal_s2,1p,gain,158,197,0.802030456852792,TRUE,GSE185381,GSM5613769_2020-03-18-count-1
reference_normal.reference_normal_s22,19p,gain,79,124,0.637096774193548,TRUE,GSE185381,GSM5613769_2020-03-18-count-1
reference_normal.reference_normal_s22,19q,gain,24,114,0.210526315789474,FALSE,GSE185381,GSM5613769_2020-03-18-count-1
reference_normal.reference_normal_s5,12p,gain,31,46,0.673913043478261,TRUE,GSE185381,GSM5613769_2020-03-18-count-1
reference_normal.reference_normal_s5,12q,gain,73,138,0.528985507246377,TRUE,GSE185381,GSM5613769_2020-03-18-count-1
reference_normal.reference_normal_s18,7p,gain,34,69,0.492753623188406,FALSE,GSE185381,GSM5613769_2020-03-18-count-1
reference_normal.reference_normal_s18,7q,gain,59,94,0.627659574468085,TRUE,GSE185381,GSM5613769_2020-03-18-count-1
reference_normal.reference_normal_s29,11q,gain,79,139,0.568345323741007,TRUE,GSE185381,GSM5613769_2020-03-18-count-1
reference_normal.reference_normal_s29,19p,gain,124,124,1,TRUE,GSE185381,GSM5613769_2020-03-18-count-1
reference_normal.reference_normal_s29,19q,gain,39,114,0.342105263157895,FALSE,GSE185381,GSM5613769_2020-03-18-count-1
reference_normal.reference_normal_s7,1p,gain,58,197,0.294416243654822,FALSE,GSE185381,GSM5613769_2020-03-18-count-1
reference_normal.reference_normal_s7,7p,gain,31,69,0.449275362318841,FALSE,GSE185381,GSM5613769_2020-03-18-count-1
reference_normal.reference_normal_s7,7q,gain,42,94,0.446808510638298,FALSE,GSE185381,GSM5613769_2020-03-18-count-1
reference_normal.reference_normal_s10,12p,gain,46,46,1,TRUE,GSE185381,GSM5613769_2020-03-18-count-1
reference_normal.reference_normal_s10,12q,gain,90,138,0.652173913043478,TRUE,GSE185381,GSM5613769_2020-03-18-count-1
reference_normal.reference_normal_s10,19p,gain,112,124,0.903225806451613,TRUE,GSE185381,GSM5613769_2020-03-18-count-1
reference_normal.reference_normal_s10,19q,gain,12,114,0.105263157894737,FALSE,GSE185381,GSM5613769_2020-03-18-count-1
reference_normal.reference_normal_s26,7p,gain,26,69,0.376811594202899,FALSE,GSE185381,GSM5613769_2020-03-18-count-1
reference_normal.reference_normal_s26,7q,gain,94,94,1,TRUE,GSE185381,GSM5613769_2020-03-18-count-1
reference_normal.reference_normal_s28,2q,gain,66,133,0.496240601503759,FALSE,GSE185381,GSM5613769_2020-03-18-count-1
reference_normal.reference_normal_s28,6p,loss,48,119,0.403361344537815,FALSE,GSE185381,GSM5613769_2020-03-18-count-1
reference_normal.reference_normal_s28,16p,gain,67,74,0.905405405405405,TRUE,GSE185381,GSM5613769_2020-03-18-count-1
reference_normal.reference_normal_s28,16q,gain,58,58,1,TRUE,GSE185381,GSM5613769_2020-03-18-count-1
reference_normal.reference_normal_s11,7p,gain,16,69,0.231884057971015,FALSE,GSE185381,GSM5613769_2020-03-18-count-1
reference_normal.reference_normal_s11,7q,gain,94,94,1,TRUE,GSE185381,GSM5613769_2020-03-18-count-1
reference_normal.reference_normal_s11,10q,gain,71,77,0.922077922077922,TRUE,GSE185381,GSM5613769_2020-03-18-count-1
reference_normal.reference_normal_s25,7q,gain,82,94,0.872340425531915,TRUE,GSE185381,GSM5613769_2020-03-18-count-1
reference_normal.reference_normal_s25,11p,gain,8,63,0.126984126984127,FALSE,GSE185381,GSM5613769_2020-03-18-count-1
reference_normal.reference_normal_s25,11q,gain,105,139,0.755395683453237,TRUE,GSE185381,GSM5613769_2020-03-18-count-1
reference_normal.reference_normal_s25,12q,gain,103,138,0.746376811594203,TRUE,GSE185381,GSM5613769_2020-03-18-count-1
reference_normal.reference_normal_s32,3p,gain,18,98,0.183673469387755,FALSE,GSE185381,GSM5613769_2020-03-18-count-1
reference_normal.reference_normal_s32,3q,gain,100,100,1,TRUE,GSE185381,GSM5613769_2020-03-18-count-1
reference_normal.reference_normal_s32,10q,gain,57,77,0.74025974025974,TRUE,GSE185381,GSM5613769_2020-03-18-count-1
reference_normal.reference_normal_s3,1q,gain,93,151,0.615894039735099,TRUE,GSE185381,GSM5613769_2020-03-18-count-1
reference_normal.reference_normal_s3,2p,gain,9,106,0.0849056603773585,FALSE,GSE185381,GSM5613769_2020-03-18-count-1
reference_normal.reference_normal_s3,2q,gain,115,133,0.864661654135338,TRUE,GSE185381,GSM5613769_2020-03-18-count-1
reference_normal.reference_normal_s27,1p,gain,70,197,0.355329949238579,FALSE,GSE185381,GSM5613769_2020-03-18-count-1
reference_normal.reference_normal_s27,1q,gain,28,151,0.185430463576159,FALSE,GSE185381,GSM5613769_2020-03-18-count-1
reference_normal.reference_normal_s27,11q,gain,109,139,0.784172661870504,TRUE,GSE185381,GSM5613769_2020-03-18-count-1
reference_normal.reference_normal_s34,1p,gain,86,197,0.436548223350254,FALSE,GSE185381,GSM5613769_2020-03-18-count-1
reference_normal.reference_normal_s34,19p,gain,49,124,0.395161290322581,FALSE,GSE185381,GSM5613769_2020-03-18-count-1
reference_normal.reference_normal_s34,19q,gain,14,114,0.12280701754386,FALSE,GSE185381,GSM5613769_2020-03-18-count-1
reference_normal.reference_normal_s34,22q,gain,45,73,0.616438356164384,TRUE,GSE185381,GSM5613769_2020-03-18-count-1
reference_normal.reference_normal_s8,1q,gain,92,151,0.609271523178808,TRUE,GSE185381,GSM5613769_2020-03-18-count-1
reference_normal.reference_normal_s1,6p,gain,70,119,0.588235294117647,TRUE,GSE185381,GSM5613769_2020-03-18-count-1
reference_normal.reference_normal_s23,16p,gain,42,74,0.567567567567568,TRUE,GSE185381,GSM5613769_2020-03-18-count-1
reference_normal.reference_normal_s23,16q,gain,58,58,1,TRUE,GSE185381,GSM5613769_2020-03-18-count-1
reference_normal.reference_normal_s33,11q,gain,38,139,0.273381294964029,FALSE,GSE185381,GSM5613769_2020-03-18-count-1
reference_normal.reference_normal_s33,16p,gain,74,74,1,TRUE,GSE185381,GSM5613769_2020-03-18-count-1
reference_normal.reference_normal_s33,16q,gain,58,58,1,TRUE,GSE185381,GSM5613769_2020-03-18-count-1
reference_normal.reference_normal_s30,11q,gain,78,139,0.561151079136691,TRUE,GSE185381,GSM5613769_2020-03-18-count-1
reference_normal.reference_normal_s30,17q,gain,52,142,0.366197183098592,FALSE,GSE185381,GSM5613769_2020-03-18-count-1
reference_normal.reference_normal_s30,22q,gain,35,73,0.479452054794521,FALSE,GSE185381,GSM5613769_2020-03-18-count-1
reference_normal.reference_normal_s31,1p,loss,115,197,0.583756345177665,TRUE,GSE185381,GSM5613769_2020-03-18-count-1
reference_normal.reference_normal_s31,1q,loss,21,151,0.139072847682119,FALSE,GSE185381,GSM5613769_2020-03-18-count-1
reference_normal.reference_normal_s31,2q,gain,72,133,0.541353383458647,TRUE,GSE185381,GSM5613769_2020-03-18-count-1
reference_normal.reference_normal_s31,3q,gain,24,100,0.24,FALSE,GSE185381,GSM5613769_2020-03-18-count-1
reference_normal.reference_normal_s31,5q,gain,44,134,0.328358208955224,FALSE,GSE185381,GSM5613769_2020-03-18-count-1
reference_normal.reference_normal_s31,10p,gain,32,32,1,TRUE,GSE185381,GSM5613769_2020-03-18-count-1
reference_normal.reference_normal_s31,10q,gain,2,77,0.025974025974026,FALSE,GSE185381,GSM5613769_2020-03-18-count-1
reference_normal.reference_normal_s31,16p,gain,63,74,0.851351351351351,TRUE,GSE185381,GSM5613769_2020-03-18-count-1
reference_normal.reference_normal_s31,19p,gain,77,124,0.620967741935484,TRUE,GSE185381,GSM5613769_2020-03-18-count-1
reference_normal.reference_normal_s31,19q,gain,17,114,0.149122807017544,FALSE,GSE185381,GSM5613769_2020-03-18-count-1
reference_normal.reference_normal_s24,1p,gain,182,197,0.923857868020305,TRUE,GSE185381,GSM5613769_2020-03-18-count-1
reference_normal.reference_normal_s24,1q,gain,47,151,0.311258278145695,FALSE,GSE185381,GSM5613769_2020-03-18-count-1
reference_normal.reference_normal_s24,2q,gain,32,133,0.240601503759399,FALSE,GSE185381,GSM5613769_2020-03-18-count-1
reference_normal.reference_normal_s24,8p,gain,36,36,1,TRUE,GSE185381,GSM5613769_2020-03-18-count-1
reference_normal.reference_normal_s24,8q,gain,28,90,0.311111111111111,FALSE,GSE185381,GSM5613769_2020-03-18-count-1
reference_normal.reference_normal_s24,9p,gain,22,29,0.758620689655172,TRUE,GSE185381,GSM5613769_2020-03-18-count-1
reference_normal.reference_normal_s24,11q,loss,62,139,0.446043165467626,FALSE,GSE185381,GSM5613769_2020-03-18-count-1
reference_normal.reference_normal_s24,13q,gain,55,55,1,TRUE,GSE185381,GSM5613769_2020-03-18-count-1
reference_normal.reference_normal_s24,17p,gain,3,59,0.0508474576271187,FALSE,GSE185381,GSM5613769_2020-03-18-count-1
reference_normal.reference_normal_s24,17q,gain,54,142,0.380281690140845,FALSE,GSE185381,GSM5613769_2020-03-18-count-1
reference_normal.reference_normal_s24,18p,gain,16,16,1,TRUE,GSE185381,GSM5613769_2020-03-18-count-1
reference_normal.reference_normal_s24,18q,gain,28,28,1,TRUE,GSE185381,GSM5613769_2020-03-18-count-1
reference_normal.reference_normal_s35,1p,gain,141,197,0.715736040609137,TRUE,GSE185381,GSM5613769_2020-03-18-count-1
reference_normal.reference_normal_s35,1q,gain,29,151,0.19205298013245,FALSE,GSE185381,GSM5613769_2020-03-18-count-1
reference_normal.reference_normal_s35,1q,loss,84,151,0.556291390728477,TRUE,GSE185381,GSM5613769_2020-03-18-count-1
reference_normal.reference_normal_s35,2p,gain,55,106,0.518867924528302,TRUE,GSE185381,GSM5613769_2020-03-18-count-1
reference_normal.reference_normal_s35,4p,loss,26,29,0.896551724137931,TRUE,GSE185381,GSM5613769_2020-03-18-count-1
reference_normal.reference_normal_s35,4q,loss,32,88,0.363636363636364,FALSE,GSE185381,GSM5613769_2020-03-18-count-1
reference_normal.reference_normal_s35,4q,gain,20,88,0.227272727272727,FALSE,GSE185381,GSM5613769_2020-03-18-count-1
reference_normal.reference_normal_s35,6p,gain,47,119,0.394957983193277,FALSE,GSE185381,GSM5613769_2020-03-18-count-1
reference_normal.reference_normal_s35,6p,loss,55,119,0.46218487394958,FALSE,GSE185381,GSM5613769_2020-03-18-count-1
reference_normal.reference_normal_s35,6q,loss,69,69,1,TRUE,GSE185381,GSM5613769_2020-03-18-count-1
reference_normal.reference_normal_s35,7p,gain,14,69,0.202898550724638,FALSE,GSE185381,GSM5613769_2020-03-18-count-1
reference_normal.reference_normal_s35,7q,gain,34,94,0.361702127659575,FALSE,GSE185381,GSM5613769_2020-03-18-count-1
reference_normal.reference_normal_s35,9q,gain,70,75,0.933333333333333,TRUE,GSE185381,GSM5613769_2020-03-18-count-1
reference_normal.reference_normal_s35,11q,gain,30,139,0.215827338129496,FALSE,GSE185381,GSM5613769_2020-03-18-count-1
reference_normal.reference_normal_s35,12q,gain,25,138,0.181159420289855,FALSE,GSE185381,GSM5613769_2020-03-18-count-1
reference_normal.reference_normal_s35,14q,gain,67,112,0.598214285714286,TRUE,GSE185381,GSM5613769_2020-03-18-count-1
reference_normal.reference_normal_s35,14q,loss,11,112,0.0982142857142857,FALSE,GSE185381,GSM5613769_2020-03-18-count-1
reference_normal.reference_normal_s35,16p,gain,68,74,0.918918918918919,TRUE,GSE185381,GSM5613769_2020-03-18-count-1
reference_normal.reference_normal_s36,1p,loss,27,197,0.137055837563452,FALSE,GSE185381,GSM5613769_2020-03-18-count-1
reference_normal.reference_normal_s36,1p,gain,11,197,0.0558375634517767,FALSE,GSE185381,GSM5613769_2020-03-18-count-1
reference_normal.reference_normal_s36,1q,gain,104,151,0.688741721854305,TRUE,GSE185381,GSM5613769_2020-03-18-count-1
reference_normal.reference_normal_s36,2p,gain,23,106,0.216981132075472,FALSE,GSE185381,GSM5613769_2020-03-18-count-1
reference_normal.reference_normal_s36,2p,loss,35,106,0.330188679245283,FALSE,GSE185381,GSM5613769_2020-03-18-count-1
reference_normal.reference_normal_s36,2q,gain,54,133,0.406015037593985,FALSE,GSE185381,GSM5613769_2020-03-18-count-1
reference_normal.reference_normal_s36,3p,loss,27,98,0.275510204081633,FALSE,GSE185381,GSM5613769_2020-03-18-count-1
reference_normal.reference_normal_s36,3q,loss,73,100,0.73,TRUE,GSE185381,GSM5613769_2020-03-18-count-1
reference_normal.reference_normal_s36,4q,loss,49,88,0.556818181818182,TRUE,GSE185381,GSM5613769_2020-03-18-count-1
reference_normal.reference_normal_s36,5p,gain,16,24,0.666666666666667,TRUE,GSE185381,GSM5613769_2020-03-18-count-1
reference_normal.reference_normal_s36,5q,loss,38,134,0.283582089552239,FALSE,GSE185381,GSM5613769_2020-03-18-count-1
reference_normal.reference_normal_s36,6p,gain,45,119,0.378151260504202,FALSE,GSE185381,GSM5613769_2020-03-18-count-1
reference_normal.reference_normal_s36,6p,loss,27,119,0.226890756302521,FALSE,GSE185381,GSM5613769_2020-03-18-count-1
reference_normal.reference_normal_s36,6q,gain,51,69,0.739130434782609,TRUE,GSE185381,GSM5613769_2020-03-18-count-1
reference_normal.reference_normal_s36,7p,gain,69,69,1,TRUE,GSE185381,GSM5613769_2020-03-18-count-1
reference_normal.reference_normal_s36,7q,gain,94,94,1,TRUE,GSE185381,GSM5613769_2020-03-18-count-1
reference_normal.reference_normal_s36,9p,loss,17,29,0.586206896551724,TRUE,GSE185381,GSM5613769_2020-03-18-count-1
reference_normal.reference_normal_s36,9q,loss,12,75,0.16,FALSE,GSE185381,GSM5613769_2020-03-18-count-1
reference_normal.reference_normal_s36,10p,loss,32,32,1,TRUE,GSE185381,GSM5613769_2020-03-18-count-1
reference_normal.reference_normal_s36,10q,loss,13,77,0.168831168831169,FALSE,GSE185381,GSM5613769_2020-03-18-count-1
reference_normal.reference_normal_s36,11p,loss,35,63,0.555555555555556,TRUE,GSE185381,GSM5613769_2020-03-18-count-1
reference_normal.reference_normal_s36,11q,loss,23,139,0.165467625899281,FALSE,GSE185381,GSM5613769_2020-03-18-count-1
reference_normal.reference_normal_s36,12p,gain,18,46,0.391304347826087,FALSE,GSE185381,GSM5613769_2020-03-18-count-1
reference_normal.reference_normal_s36,12q,gain,66,138,0.478260869565217,FALSE,GSE185381,GSM5613769_2020-03-18-count-1
reference_normal.reference_normal_s36,13q,gain,23,55,0.418181818181818,FALSE,GSE185381,GSM5613769_2020-03-18-count-1
reference_normal.reference_normal_s36,14q,gain,98,112,0.875,TRUE,GSE185381,GSM5613769_2020-03-18-count-1
reference_normal.reference_normal_s36,15q,gain,37,105,0.352380952380952,FALSE,GSE185381,GSM5613769_2020-03-18-count-1
reference_normal.reference_normal_s36,15q,loss,35,105,0.333333333333333,FALSE,GSE185381,GSM5613769_2020-03-18-count-1
reference_normal.reference_normal_s36,16p,gain,74,74,1,TRUE,GSE185381,GSM5613769_2020-03-18-count-1
reference_normal.reference_normal_s36,16q,gain,58,58,1,TRUE,GSE185381,GSM5613769_2020-03-18-count-1
reference_normal.reference_normal_s36,17p,gain,59,59,1,TRUE,GSE185381,GSM5613769_2020-03-18-count-1
reference_normal.reference_normal_s36,17q,gain,44,142,0.309859154929577,FALSE,GSE185381,GSM5613769_2020-03-18-count-1
reference_normal.reference_normal_s36,19q,gain,23,114,0.201754385964912,FALSE,GSE185381,GSM5613769_2020-03-18-count-1
reference_normal.reference_normal_s36,20p,gain,25,30,0.833333333333333,TRUE,GSE185381,GSM5613769_2020-03-18-count-1
reference_normal.reference_normal_s36,20q,loss,40,61,0.655737704918033,TRUE,GSE185381,GSM5613769_2020-03-18-count-1
reference_normal.reference_normal_s36,22q,gain,42,73,0.575342465753425,TRUE,GSE185381,GSM5613769_2020-03-18-count-1
reference_normal.reference_normal_s37,1p,loss,62,197,0.314720812182741,FALSE,GSE185381,GSM5613769_2020-03-18-count-1
reference_normal.reference_normal_s37,1p,gain,51,197,0.258883248730964,FALSE,GSE185381,GSM5613769_2020-03-18-count-1
reference_normal.reference_normal_s37,1q,loss,112,151,0.741721854304636,TRUE,GSE185381,GSM5613769_2020-03-18-count-1
reference_normal.reference_normal_s37,2p,gain,55,106,0.518867924528302,TRUE,GSE185381,GSM5613769_2020-03-18-count-1
reference_normal.reference_normal_s37,2q,gain,133,133,1,TRUE,GSE185381,GSM5613769_2020-03-18-count-1
reference_normal.reference_normal_s37,5p,gain,24,24,1,TRUE,GSE185381,GSM5613769_2020-03-18-count-1
reference_normal.reference_normal_s37,5q,gain,6,134,0.0447761194029851,FALSE,GSE185381,GSM5613769_2020-03-18-count-1
reference_normal.reference_normal_s37,6p,gain,45,119,0.378151260504202,FALSE,GSE185381,GSM5613769_2020-03-18-count-1
reference_normal.reference_normal_s37,6q,gain,54,69,0.782608695652174,TRUE,GSE185381,GSM5613769_2020-03-18-count-1
reference_normal.reference_normal_s37,7p,gain,11,69,0.159420289855072,FALSE,GSE185381,GSM5613769_2020-03-18-count-1
reference_normal.reference_normal_s37,7q,gain,73,94,0.776595744680851,TRUE,GSE185381,GSM5613769_2020-03-18-count-1
reference_normal.reference_normal_s37,8q,gain,53,90,0.588888888888889,TRUE,GSE185381,GSM5613769_2020-03-18-count-1
reference_normal.reference_normal_s37,9p,loss,22,29,0.758620689655172,TRUE,GSE185381,GSM5613769_2020-03-18-count-1
reference_normal.reference_normal_s37,9q,loss,75,75,1,TRUE,GSE185381,GSM5613769_2020-03-18-count-1
reference_normal.reference_normal_s37,10p,gain,14,32,0.4375,FALSE,GSE185381,GSM5613769_2020-03-18-count-1
reference_normal.reference_normal_s37,10q,gain,77,77,1,TRUE,GSE185381,GSM5613769_2020-03-18-count-1
reference_normal.reference_normal_s37,11p,gain,63,63,1,TRUE,GSE185381,GSM5613769_2020-03-18-count-1
reference_normal.reference_normal_s37,11q,gain,3,139,0.0215827338129496,FALSE,GSE185381,GSM5613769_2020-03-18-count-1
reference_normal.reference_normal_s37,11q,loss,54,139,0.388489208633094,FALSE,GSE185381,GSM5613769_2020-03-18-count-1
reference_normal.reference_normal_s37,12q,loss,72,138,0.521739130434783,TRUE,GSE185381,GSM5613769_2020-03-18-count-1
reference_normal.reference_normal_s37,12q,gain,31,138,0.22463768115942,FALSE,GSE185381,GSM5613769_2020-03-18-count-1
reference_normal.reference_normal_s37,14q,loss,95,112,0.848214285714286,TRUE,GSE185381,GSM5613769_2020-03-18-count-1
reference_normal.reference_normal_s37,16p,gain,15,74,0.202702702702703,FALSE,GSE185381,GSM5613769_2020-03-18-count-1
reference_normal.reference_normal_s37,17p,loss,27,59,0.457627118644068,FALSE,GSE185381,GSM5613769_2020-03-18-count-1
reference_normal.reference_normal_s37,17q,loss,58,142,0.408450704225352,FALSE,GSE185381,GSM5613769_2020-03-18-count-1
reference_normal.reference_normal_s37,18p,loss,16,16,1,TRUE,GSE185381,GSM5613769_2020-03-18-count-1
reference_normal.reference_normal_s37,18q,loss,28,28,1,TRUE,GSE185381,GSM5613769_2020-03-18-count-1
reference_normal.reference_normal_s37,19p,gain,76,124,0.612903225806452,TRUE,GSE185381,GSM5613769_2020-03-18-count-1
reference_normal.reference_normal_s37,19q,gain,57,114,0.5,TRUE,GSE185381,GSM5613769_2020-03-18-count-1
reference_normal.reference_normal_s37,22q,loss,31,73,0.424657534246575,FALSE,GSE185381,GSM5613769_2020-03-18-count-1
reference_normal.reference_normal_s38,2p,loss,51,106,0.481132075471698,FALSE,GSE185381,GSM5613769_2020-03-18-count-1
reference_normal.reference_normal_s38,2q,gain,43,133,0.323308270676692,FALSE,GSE185381,GSM5613769_2020-03-18-count-1
reference_normal.reference_normal_s38,2q,loss,40,133,0.300751879699248,FALSE,GSE185381,GSM5613769_2020-03-18-count-1
reference_normal.reference_normal_s38,3p,gain,48,98,0.489795918367347,FALSE,GSE185381,GSM5613769_2020-03-18-count-1
reference_normal.reference_normal_s38,3q,gain,33,100,0.33,FALSE,GSE185381,GSM5613769_2020-03-18-count-1
reference_normal.reference_normal_s38,4p,gain,29,29,1,TRUE,GSE185381,GSM5613769_2020-03-18-count-1
reference_normal.reference_normal_s38,4q,gain,43,88,0.488636363636364,FALSE,GSE185381,GSM5613769_2020-03-18-count-1
reference_normal.reference_normal_s38,5p,loss,24,24,1,TRUE,GSE185381,GSM5613769_2020-03-18-count-1
reference_normal.reference_normal_s38,5q,loss,104,134,0.776119402985075,TRUE,GSE185381,GSM5613769_2020-03-18-count-1
reference_normal.reference_normal_s38,6p,gain,7,119,0.0588235294117647,FALSE,GSE185381,GSM5613769_2020-03-18-count-1
reference_normal.reference_normal_s38,6q,gain,50,69,0.72463768115942,TRUE,GSE185381,GSM5613769_2020-03-18-count-1
reference_normal.reference_normal_s38,7q,gain,12,94,0.127659574468085,FALSE,GSE185381,GSM5613769_2020-03-18-count-1
reference_normal.reference_normal_s38,8p,gain,33,36,0.916666666666667,TRUE,GSE185381,GSM5613769_2020-03-18-count-1
reference_normal.reference_normal_s38,8q,gain,37,90,0.411111111111111,FALSE,GSE185381,GSM5613769_2020-03-18-count-1
reference_normal.reference_normal_s38,10p,gain,32,32,1,TRUE,GSE185381,GSM5613769_2020-03-18-count-1
reference_normal.reference_normal_s38,10q,gain,77,77,1,TRUE,GSE185381,GSM5613769_2020-03-18-count-1
reference_normal.reference_normal_s38,11p,loss,17,63,0.26984126984127,FALSE,GSE185381,GSM5613769_2020-03-18-count-1
reference_normal.reference_normal_s38,11q,loss,60,139,0.431654676258993,FALSE,GSE185381,GSM5613769_2020-03-18-count-1
reference_normal.reference_normal_s38,11q,gain,40,139,0.287769784172662,FALSE,GSE185381,GSM5613769_2020-03-18-count-1
reference_normal.reference_normal_s38,12p,loss,27,46,0.586956521739131,TRUE,GSE185381,GSM5613769_2020-03-18-count-1
reference_normal.reference_normal_s38,12p,gain,4,46,0.0869565217391304,FALSE,GSE185381,GSM5613769_2020-03-18-count-1
reference_normal.reference_normal_s38,12q,gain,86,138,0.623188405797102,TRUE,GSE185381,GSM5613769_2020-03-18-count-1
reference_normal.reference_normal_s38,12q,loss,33,138,0.239130434782609,FALSE,GSE185381,GSM5613769_2020-03-18-count-1
reference_normal.reference_normal_s38,13q,loss,31,55,0.563636363636364,TRUE,GSE185381,GSM5613769_2020-03-18-count-1
reference_normal.reference_normal_s38,13q,gain,10,55,0.181818181818182,FALSE,GSE185381,GSM5613769_2020-03-18-count-1
reference_normal.reference_normal_s38,14q,gain,61,112,0.544642857142857,TRUE,GSE185381,GSM5613769_2020-03-18-count-1
reference_normal.reference_normal_s38,15q,gain,19,105,0.180952380952381,FALSE,GSE185381,GSM5613769_2020-03-18-count-1
reference_normal.reference_normal_s38,16p,gain,43,74,0.581081081081081,TRUE,GSE185381,GSM5613769_2020-03-18-count-1
reference_normal.reference_normal_s38,16q,loss,41,58,0.706896551724138,TRUE,GSE185381,GSM5613769_2020-03-18-count-1
reference_normal.reference_normal_s38,17p,loss,59,59,1,TRUE,GSE185381,GSM5613769_2020-03-18-count-1
reference_normal.reference_normal_s38,17q,loss,69,142,0.485915492957747,FALSE,GSE185381,GSM5613769_2020-03-18-count-1
reference_normal.reference_normal_s38,18p,gain,16,16,1,TRUE,GSE185381,GSM5613769_2020-03-18-count-1
reference_normal.reference_normal_s38,18q,gain,16,28,0.571428571428571,TRUE,GSE185381,GSM5613769_2020-03-18-count-1
reference_normal.reference_normal_s38,19p,loss,20,124,0.161290322580645,FALSE,GSE185381,GSM5613769_2020-03-18-count-1
reference_normal.reference_normal_s38,19q,loss,49,114,0.429824561403509,FALSE,GSE185381,GSM5613769_2020-03-18-count-1
reference_normal.reference_normal_s38,20p,gain,30,30,1,TRUE,GSE185381,GSM5613769_2020-03-18-count-1
reference_normal.reference_normal_s38,20q,gain,61,61,1,TRUE,GSE185381,GSM5613769_2020-03-18-count-1
reference_normal.reference_normal_s38,21q,loss,24,41,0.585365853658537,TRUE,GSE185381,GSM5613769_2020-03-18-count-1
reference_normal.reference_normal_s38,22q,loss,23,73,0.315068493150685,FALSE,GSE185381,GSM5613769_2020-03-18-count-1
reference_normal.reference_normal_s38,22q,gain,29,73,0.397260273972603,FALSE,GSE185381,GSM5613769_2020-03-18-count-1
