subclone,arm,direction,n_genes_nonneutral,n_genes_arm,frac_arm,is_event,dataset,sample
observation.observation_s9,1p,gain,32,203,0.157635467980296,FALSE,GSE289435,GSM8791442_MLL_29538
observation.observation_s9,1q,gain,210,212,0.990566037735849,TRUE,GSE289435,GSM8791442_MLL_29538
observation.observation_s9,2p,loss,42,108,0.388888888888889,FALSE,GSE289435,GSM8791442_MLL_29538
observation.observation_s9,2p,gain,33,108,0.305555555555556,FALSE,GSE289435,GSM8791442_MLL_29538
observation.observation_s9,2q,loss,49,141,0.347517730496454,FALSE,GSE289435,GSM8791442_MLL_29538
observation.observation_s9,5q,gain,27,159,0.169811320754717,FALSE,GSE289435,GSM8791442_MLL_29538
observation.observation_s9,6p,loss,97,119,0.815126050420168,TRUE,GSE289435,GSM8791442_MLL_29538
observation.observation_s9,6q,loss,81,81,1,TRUE,GSE289435,GSM8791442_MLL_29538
observation.observation_s9,8p,loss,31,43,0.72093023255814,TRUE,GSE289435,GSM8791442_MLL_29538
observation.observation_s9,10p,loss,31,31,1,TRUE,GSE289435,GSM8791442_MLL_29538
observation.observation_s9,10q,loss,15,112,0.133928571428571,FALSE,GSE289435,GSM8791442_MLL_29538
observation.observation_s9,11p,gain,25,68,0.367647058823529,FALSE,GSE289435,GSM8791442_MLL_29538
observation.observation_s9,11q,gain,48,143,0.335664335664336,FALSE,GSE289435,GSM8791442_MLL_29538
observation.observation_s9,12p,gain,20,45,0.444444444444444,FALSE,GSE289435,GSM8791442_MLL_29538
observation.observation_s9,12q,gain,62,166,0.373493975903614,FALSE,GSE289435,GSM8791442_MLL_29538
observation.observation_s9,14q,gain,23,128,0.1796875,FALSE,GSE289435,GSM8791442_MLL_29538
observation.observation_s9,17p,gain,65,65,1,TRUE,GSE289435,GSM8791442_MLL_29538
observation.observation_s9,17q,gain,1,166,0.00602409638554217,FALSE,GSE289435,GSM8791442_MLL_29538
observation.observation_s9,18p,loss,19,19,1,TRUE,GSE289435,GSM8791442_MLL_29538
observation.observation_s9,18q,loss,30,30,1,TRUE,GSE289435,GSM8791442_MLL_29538
observation.observation_s9,19p,gain,160,160,1,TRUE,GSE289435,GSM8791442_MLL_29538
observation.observation_s9,19q,gain,105,136,0.772058823529412,TRUE,GSE289435,GSM8791442_MLL_29538
observation.observation_s9,20p,gain,37,37,1,TRUE,GSE289435,GSM8791442_MLL_29538
observation.observation_s9,20q,gain,11,78,0.141025641025641,FALSE,GSE289435,GSM8791442_MLL_29538
observation.observation_s9,21q,gain,18,33,0.545454545454545,TRUE,GSE289435,GSM8791442_MLL_29538
observation.observation_s9,22q,gain,97,97,1,TRUE,GSE289435,GSM8791442_MLL_29538
observation.observation_s16,1p,gain,28,203,0.137931034482759,FALSE,GSE289435,GSM8791442_MLL_29538
observation.observation_s16,1q,gain,212,212,1,TRUE,GSE289435,GSM8791442_MLL_29538
observation.observation_s16,3p,gain,10,112,0.0892857142857143,FALSE,GSE289435,GSM8791442_MLL_29538
observation.observation_s16,3q,gain,103,103,1,TRUE,GSE289435,GSM8791442_MLL_29538
observation.observation_s16,6p,loss,83,119,0.697478991596639,TRUE,GSE289435,GSM8791442_MLL_29538
observation.observation_s16,7q,gain,85,111,0.765765765765766,TRUE,GSE289435,GSM8791442_MLL_29538
observation.observation_s16,8q,loss,70,80,0.875,TRUE,GSE289435,GSM8791442_MLL_29538
observation.observation_s16,9p,gain,34,34,1,TRUE,GSE289435,GSM8791442_MLL_29538
observation.observation_s16,9q,gain,23,105,0.219047619047619,FALSE,GSE289435,GSM8791442_MLL_29538
observation.observation_s16,9q,loss,49,105,0.466666666666667,FALSE,GSE289435,GSM8791442_MLL_29538
observation.observation_s16,10q,gain,60,112,0.535714285714286,TRUE,GSE289435,GSM8791442_MLL_29538
observation.observation_s16,11p,loss,18,68,0.264705882352941,FALSE,GSE289435,GSM8791442_MLL_29538
observation.observation_s16,16p,gain,30,93,0.32258064516129,FALSE,GSE289435,GSM8791442_MLL_29538
observation.observation_s16,16q,gain,25,64,0.390625,FALSE,GSE289435,GSM8791442_MLL_29538
observation.observation_s16,19p,loss,82,160,0.5125,TRUE,GSE289435,GSM8791442_MLL_29538
observation.observation_s16,19q,loss,136,136,1,TRUE,GSE289435,GSM8791442_MLL_29538
observation.observation_s16,20p,gain,37,37,1,TRUE,GSE289435,GSM8791442_MLL_29538
observation.observation_s16,20q,gain,32,78,0.41025641025641,FALSE,GSE289435,GSM8791442_MLL_29538
observation.observation_s16,20q,loss,17,78,0.217948717948718,FALSE,GSE289435,GSM8791442_MLL_29538
observation.observation_s16,22q,gain,18,97,0.185567010309278,FALSE,GSE289435,GSM8791442_MLL_29538
observation.observation_s7,1p,gain,11,203,0.0541871921182266,FALSE,GSE289435,GSM8791442_MLL_29538
observation.observation_s7,1q,gain,78,212,0.367924528301887,FALSE,GSE289435,GSM8791442_MLL_29538
observation.observation_s7,2p,loss,54,108,0.5,TRUE,GSE289435,GSM8791442_MLL_29538
observation.observation_s7,2q,loss,74,141,0.524822695035461,TRUE,GSE289435,GSM8791442_MLL_29538
observation.observation_s7,4p,gain,26,41,0.634146341463415,TRUE,GSE289435,GSM8791442_MLL_29538
observation.observation_s7,4q,gain,78,78,1,TRUE,GSE289435,GSM8791442_MLL_29538
observation.observation_s7,5p,loss,28,28,1,TRUE,GSE289435,GSM8791442_MLL_29538
observation.observation_s7,5q,loss,17,159,0.106918238993711,FALSE,GSE289435,GSM8791442_MLL_29538
observation.observation_s7,5q,gain,18,159,0.113207547169811,FALSE,GSE289435,GSM8791442_MLL_29538
observation.observation_s7,6p,loss,64,119,0.53781512605042,TRUE,GSE289435,GSM8791442_MLL_29538
observation.observation_s7,6q,loss,8,81,0.0987654320987654,FALSE,GSE289435,GSM8791442_MLL_29538
observation.observation_s7,11p,gain,41,68,0.602941176470588,TRUE,GSE289435,GSM8791442_MLL_29538
observation.observation_s7,12p,gain,24,45,0.533333333333333,TRUE,GSE289435,GSM8791442_MLL_29538
observation.observation_s7,12q,gain,56,166,0.337349397590361,FALSE,GSE289435,GSM8791442_MLL_29538
observation.observation_s7,15q,gain,35,121,0.289256198347107,FALSE,GSE289435,GSM8791442_MLL_29538
observation.observation_s7,17p,gain,65,65,1,TRUE,GSE289435,GSM8791442_MLL_29538
observation.observation_s7,17q,gain,61,166,0.367469879518072,FALSE,GSE289435,GSM8791442_MLL_29538
observation.observation_s7,18p,loss,19,19,1,TRUE,GSE289435,GSM8791442_MLL_29538
observation.observation_s7,18q,loss,30,30,1,TRUE,GSE289435,GSM8791442_MLL_29538
observation.observation_s7,19p,gain,100,160,0.625,TRUE,GSE289435,GSM8791442_MLL_29538
observation.observation_s7,19q,gain,71,136,0.522058823529412,TRUE,GSE289435,GSM8791442_MLL_29538
observation.observation_s7,20p,gain,37,37,1,TRUE,GSE289435,GSM8791442_MLL_29538
observation.observation_s7,20q,gain,38,78,0.487179487179487,FALSE,GSE289435,GSM8791442_MLL_29538
observation.observation_s7,22q,gain,35,97,0.360824742268041,FALSE,GSE289435,GSM8791442_MLL_29538
observation.observation_s22,1p,gain,8,203,0.0394088669950739,FALSE,GSE289435,GSM8791442_MLL_29538
observation.observation_s22,1q,gain,79,212,0.372641509433962,FALSE,GSE289435,GSM8791442_MLL_29538
observation.observation_s22,2p,loss,49,108,0.453703703703704,FALSE,GSE289435,GSM8791442_MLL_29538
observation.observation_s22,2q,loss,78,141,0.553191489361702,TRUE,GSE289435,GSM8791442_MLL_29538
observation.observation_s22,4p,gain,11,41,0.268292682926829,FALSE,GSE289435,GSM8791442_MLL_29538
observation.observation_s22,4q,gain,46,78,0.58974358974359,TRUE,GSE289435,GSM8791442_MLL_29538
observation.observation_s22,5q,gain,21,159,0.132075471698113,FALSE,GSE289435,GSM8791442_MLL_29538
observation.observation_s22,6p,loss,69,119,0.579831932773109,TRUE,GSE289435,GSM8791442_MLL_29538
observation.observation_s22,6q,loss,81,81,1,TRUE,GSE289435,GSM8791442_MLL_29538
observation.observation_s22,11p,gain,43,68,0.632352941176471,TRUE,GSE289435,GSM8791442_MLL_29538
observation.observation_s22,12p,gain,25,45,0.555555555555556,TRUE,GSE289435,GSM8791442_MLL_29538
observation.observation_s22,12q,gain,62,166,0.373493975903614,FALSE,GSE289435,GSM8791442_MLL_29538
observation.observation_s22,15q,gain,34,121,0.28099173553719,FALSE,GSE289435,GSM8791442_MLL_29538
observation.observation_s22,17p,gain,63,65,0.969230769230769,TRUE,GSE289435,GSM8791442_MLL_29538
observation.observation_s22,18p,loss,19,19,1,TRUE,GSE289435,GSM8791442_MLL_29538
observation.observation_s22,18q,loss,30,30,1,TRUE,GSE289435,GSM8791442_MLL_29538
observation.observation_s22,19p,gain,104,160,0.65,TRUE,GSE289435,GSM8791442_MLL_29538
observation.observation_s22,19q,gain,82,136,0.602941176470588,TRUE,GSE289435,GSM8791442_MLL_29538
observation.observation_s22,20p,gain,37,37,1,TRUE,GSE289435,GSM8791442_MLL_29538
observation.observation_s22,20q,gain,44,78,0.564102564102564,TRUE,GSE289435,GSM8791442_MLL_29538
observation.observation_s2,1p,gain,12,203,0.0591133004926108,FALSE,GSE289435,GSM8791442_MLL_29538
observation.observation_s2,1q,gain,212,212,1,TRUE,GSE289435,GSM8791442_MLL_29538
observation.observation_s2,2p,loss,29,108,0.268518518518519,FALSE,GSE289435,GSM8791442_MLL_29538
observation.observation_s2,2p,gain,35,108,0.324074074074074,FALSE,GSE289435,GSM8791442_MLL_29538
observation.observation_s2,2q,loss,54,141,0.382978723404255,FALSE,GSE289435,GSM8791442_MLL_29538
observation.observation_s2,3q,loss,24,103,0.233009708737864,FALSE,GSE289435,GSM8791442_MLL_29538
observation.observation_s2,6p,loss,73,119,0.613445378151261,TRUE,GSE289435,GSM8791442_MLL_29538
observation.observation_s2,6q,loss,2,81,0.0246913580246914,FALSE,GSE289435,GSM8791442_MLL_29538
observation.observation_s2,7q,gain,22,111,0.198198198198198,FALSE,GSE289435,GSM8791442_MLL_29538
observation.observation_s2,10q,gain,99,112,0.883928571428571,TRUE,GSE289435,GSM8791442_MLL_29538
observation.observation_s2,11p,gain,24,68,0.352941176470588,FALSE,GSE289435,GSM8791442_MLL_29538
observation.observation_s2,12p,gain,21,45,0.466666666666667,FALSE,GSE289435,GSM8791442_MLL_29538
observation.observation_s2,12q,gain,53,166,0.319277108433735,FALSE,GSE289435,GSM8791442_MLL_29538
observation.observation_s2,15q,gain,24,121,0.198347107438017,FALSE,GSE289435,GSM8791442_MLL_29538
observation.observation_s2,16p,gain,23,93,0.247311827956989,FALSE,GSE289435,GSM8791442_MLL_29538
observation.observation_s2,16q,gain,64,64,1,TRUE,GSE289435,GSM8791442_MLL_29538
observation.observation_s2,17p,gain,65,65,1,TRUE,GSE289435,GSM8791442_MLL_29538
observation.observation_s2,19p,gain,40,160,0.25,FALSE,GSE289435,GSM8791442_MLL_29538
observation.observation_s2,20p,gain,25,37,0.675675675675676,TRUE,GSE289435,GSM8791442_MLL_29538
observation.observation_s2,20q,gain,65,78,0.833333333333333,TRUE,GSE289435,GSM8791442_MLL_29538
observation.observation_s2,21q,gain,28,33,0.848484848484848,TRUE,GSE289435,GSM8791442_MLL_29538
observation.observation_s2,22q,gain,97,97,1,TRUE,GSE289435,GSM8791442_MLL_29538
observation.observation_s26,1p,gain,52,203,0.25615763546798,FALSE,GSE289435,GSM8791442_MLL_29538
observation.observation_s26,1p,loss,33,203,0.16256157635468,FALSE,GSE289435,GSM8791442_MLL_29538
observation.observation_s26,1q,gain,212,212,1,TRUE,GSE289435,GSM8791442_MLL_29538
observation.observation_s26,2p,loss,43,108,0.398148148148148,FALSE,GSE289435,GSM8791442_MLL_29538
observation.observation_s26,2p,gain,31,108,0.287037037037037,FALSE,GSE289435,GSM8791442_MLL_29538
observation.observation_s26,2q,loss,81,141,0.574468085106383,TRUE,GSE289435,GSM8791442_MLL_29538
observation.observation_s26,3p,loss,43,112,0.383928571428571,FALSE,GSE289435,GSM8791442_MLL_29538
observation.observation_s26,3q,loss,49,103,0.475728155339806,FALSE,GSE289435,GSM8791442_MLL_29538
observation.observation_s26,5q,gain,18,159,0.113207547169811,FALSE,GSE289435,GSM8791442_MLL_29538
observation.observation_s26,6p,loss,81,119,0.680672268907563,TRUE,GSE289435,GSM8791442_MLL_29538
observation.observation_s26,6q,loss,81,81,1,TRUE,GSE289435,GSM8791442_MLL_29538
observation.observation_s26,11p,gain,31,68,0.455882352941176,FALSE,GSE289435,GSM8791442_MLL_29538
observation.observation_s26,11q,gain,47,143,0.328671328671329,FALSE,GSE289435,GSM8791442_MLL_29538
observation.observation_s26,12p,gain,19,45,0.422222222222222,FALSE,GSE289435,GSM8791442_MLL_29538
observation.observation_s26,12q,gain,55,166,0.331325301204819,FALSE,GSE289435,GSM8791442_MLL_29538
observation.observation_s26,16p,gain,23,93,0.247311827956989,FALSE,GSE289435,GSM8791442_MLL_29538
observation.observation_s26,16q,gain,64,64,1,TRUE,GSE289435,GSM8791442_MLL_29538
observation.observation_s26,17p,gain,65,65,1,TRUE,GSE289435,GSM8791442_MLL_29538
observation.observation_s26,17q,gain,2,166,0.0120481927710843,FALSE,GSE289435,GSM8791442_MLL_29538
observation.observation_s26,18p,loss,19,19,1,TRUE,GSE289435,GSM8791442_MLL_29538
observation.observation_s26,18q,loss,30,30,1,TRUE,GSE289435,GSM8791442_MLL_29538
observation.observation_s26,19p,gain,116,160,0.725,TRUE,GSE289435,GSM8791442_MLL_29538
observation.observation_s26,19q,gain,75,136,0.551470588235294,TRUE,GSE289435,GSM8791442_MLL_29538
observation.observation_s26,20p,gain,37,37,1,TRUE,GSE289435,GSM8791442_MLL_29538
observation.observation_s26,20q,gain,78,78,1,TRUE,GSE289435,GSM8791442_MLL_29538
observation.observation_s26,21q,gain,15,33,0.454545454545455,FALSE,GSE289435,GSM8791442_MLL_29538
observation.observation_s26,22q,gain,97,97,1,TRUE,GSE289435,GSM8791442_MLL_29538
observation.observation_s3,1p,gain,8,203,0.0394088669950739,FALSE,GSE289435,GSM8791442_MLL_29538
observation.observation_s3,1q,gain,212,212,1,TRUE,GSE289435,GSM8791442_MLL_29538
observation.observation_s3,2p,loss,28,108,0.259259259259259,FALSE,GSE289435,GSM8791442_MLL_29538
observation.observation_s3,4p,gain,41,41,1,TRUE,GSE289435,GSM8791442_MLL_29538
observation.observation_s3,4q,gain,15,78,0.192307692307692,FALSE,GSE289435,GSM8791442_MLL_29538
observation.observation_s3,6p,loss,82,119,0.689075630252101,TRUE,GSE289435,GSM8791442_MLL_29538
observation.observation_s3,7q,gain,91,111,0.81981981981982,TRUE,GSE289435,GSM8791442_MLL_29538
observation.observation_s3,8q,loss,74,80,0.925,TRUE,GSE289435,GSM8791442_MLL_29538
observation.observation_s3,10q,gain,55,112,0.491071428571429,FALSE,GSE289435,GSM8791442_MLL_29538
observation.observation_s3,11q,gain,67,143,0.468531468531469,FALSE,GSE289435,GSM8791442_MLL_29538
observation.observation_s3,12q,loss,36,166,0.216867469879518,FALSE,GSE289435,GSM8791442_MLL_29538
observation.observation_s3,14q,gain,128,128,1,TRUE,GSE289435,GSM8791442_MLL_29538
observation.observation_s3,17p,gain,47,65,0.723076923076923,TRUE,GSE289435,GSM8791442_MLL_29538
observation.observation_s3,17q,gain,21,166,0.126506024096386,FALSE,GSE289435,GSM8791442_MLL_29538
observation.observation_s3,19p,gain,94,160,0.5875,TRUE,GSE289435,GSM8791442_MLL_29538
observation.observation_s3,19q,loss,116,136,0.852941176470588,TRUE,GSE289435,GSM8791442_MLL_29538
observation.observation_s3,20q,loss,12,78,0.153846153846154,FALSE,GSE289435,GSM8791442_MLL_29538
observation.observation_s33,1p,gain,103,203,0.507389162561576,TRUE,GSE289435,GSM8791442_MLL_29538
observation.observation_s33,1q,gain,80,212,0.377358490566038,FALSE,GSE289435,GSM8791442_MLL_29538
observation.observation_s33,2p,loss,50,108,0.462962962962963,FALSE,GSE289435,GSM8791442_MLL_29538
observation.observation_s33,2q,loss,72,141,0.51063829787234,TRUE,GSE289435,GSM8791442_MLL_29538
observation.observation_s33,4p,gain,11,41,0.268292682926829,FALSE,GSE289435,GSM8791442_MLL_29538
observation.observation_s33,4q,gain,38,78,0.487179487179487,FALSE,GSE289435,GSM8791442_MLL_29538
observation.observation_s33,5q,gain,18,159,0.113207547169811,FALSE,GSE289435,GSM8791442_MLL_29538
observation.observation_s33,6p,loss,70,119,0.588235294117647,TRUE,GSE289435,GSM8791442_MLL_29538
observation.observation_s33,6q,loss,81,81,1,TRUE,GSE289435,GSM8791442_MLL_29538
observation.observation_s33,11p,gain,37,68,0.544117647058824,TRUE,GSE289435,GSM8791442_MLL_29538
observation.observation_s33,11q,gain,50,143,0.34965034965035,FALSE,GSE289435,GSM8791442_MLL_29538
observation.observation_s33,12p,gain,22,45,0.488888888888889,FALSE,GSE289435,GSM8791442_MLL_29538
observation.observation_s33,12q,gain,54,166,0.325301204819277,FALSE,GSE289435,GSM8791442_MLL_29538
observation.observation_s33,15q,gain,32,121,0.264462809917355,FALSE,GSE289435,GSM8791442_MLL_29538
observation.observation_s33,16q,gain,59,64,0.921875,TRUE,GSE289435,GSM8791442_MLL_29538
observation.observation_s33,17p,gain,64,65,0.984615384615385,TRUE,GSE289435,GSM8791442_MLL_29538
observation.observation_s33,18p,loss,19,19,1,TRUE,GSE289435,GSM8791442_MLL_29538
observation.observation_s33,18q,loss,30,30,1,TRUE,GSE289435,GSM8791442_MLL_29538
observation.observation_s33,19p,gain,160,160,1,TRUE,GSE289435,GSM8791442_MLL_29538
observation.observation_s33,19q,gain,86,136,0.632352941176471,TRUE,GSE289435,GSM8791442_MLL_29538
observation.observation_s33,20p,gain,37,37,1,TRUE,GSE289435,GSM8791442_MLL_29538
observation.observation_s33,20q,gain,78,78,1,TRUE,GSE289435,GSM8791442_MLL_29538
observation.observation_s33,22q,gain,75,97,0.77319587628866,TRUE,GSE289435,GSM8791442_MLL_29538
observation.observation_s5,1p,gain,47,203,0.231527093596059,FALSE,GSE289435,GSM8791442_MLL_29538
observation.observation_s5,1q,gain,212,212,1,TRUE,GSE289435,GSM8791442_MLL_29538
observation.observation_s5,2p,loss,39,108,0.361111111111111,FALSE,GSE289435,GSM8791442_MLL_29538
observation.observation_s5,2p,gain,30,108,0.277777777777778,FALSE,GSE289435,GSM8791442_MLL_29538
observation.observation_s5,2q,loss,50,141,0.354609929078014,FALSE,GSE289435,GSM8791442_MLL_29538
observation.observation_s5,5q,gain,26,159,0.163522012578616,FALSE,GSE289435,GSM8791442_MLL_29538
observation.observation_s5,6p,loss,89,119,0.747899159663866,TRUE,GSE289435,GSM8791442_MLL_29538
observation.observation_s5,6q,loss,81,81,1,TRUE,GSE289435,GSM8791442_MLL_29538
observation.observation_s5,11q,gain,47,143,0.328671328671329,FALSE,GSE289435,GSM8791442_MLL_29538
observation.observation_s5,12p,gain,20,45,0.444444444444444,FALSE,GSE289435,GSM8791442_MLL_29538
observation.observation_s5,12q,gain,58,166,0.349397590361446,FALSE,GSE289435,GSM8791442_MLL_29538
observation.observation_s5,14q,gain,29,128,0.2265625,FALSE,GSE289435,GSM8791442_MLL_29538
observation.observation_s5,17p,gain,64,65,0.984615384615385,TRUE,GSE289435,GSM8791442_MLL_29538
observation.observation_s5,18p,loss,19,19,1,TRUE,GSE289435,GSM8791442_MLL_29538
observation.observation_s5,18q,loss,30,30,1,TRUE,GSE289435,GSM8791442_MLL_29538
observation.observation_s5,19p,gain,117,160,0.73125,TRUE,GSE289435,GSM8791442_MLL_29538
observation.observation_s5,19q,gain,24,136,0.176470588235294,FALSE,GSE289435,GSM8791442_MLL_29538
observation.observation_s5,20p,gain,37,37,1,TRUE,GSE289435,GSM8791442_MLL_29538
observation.observation_s5,20q,gain,26,78,0.333333333333333,FALSE,GSE289435,GSM8791442_MLL_29538
observation.observation_s5,22q,gain,97,97,1,TRUE,GSE289435,GSM8791442_MLL_29538
observation.observation_s1,1p,gain,14,203,0.0689655172413793,FALSE,GSE289435,GSM8791442_MLL_29538
observation.observation_s1,1q,gain,79,212,0.372641509433962,FALSE,GSE289435,GSM8791442_MLL_29538
observation.observation_s1,2p,loss,51,108,0.472222222222222,FALSE,GSE289435,GSM8791442_MLL_29538
observation.observation_s1,2q,loss,74,141,0.524822695035461,TRUE,GSE289435,GSM8791442_MLL_29538
observation.observation_s1,3p,loss,59,112,0.526785714285714,TRUE,GSE289435,GSM8791442_MLL_29538
observation.observation_s1,4p,gain,28,41,0.682926829268293,TRUE,GSE289435,GSM8791442_MLL_29538
observation.observation_s1,4q,gain,78,78,1,TRUE,GSE289435,GSM8791442_MLL_29538
observation.observation_s1,5q,gain,16,159,0.10062893081761,FALSE,GSE289435,GSM8791442_MLL_29538
observation.observation_s1,6p,loss,70,119,0.588235294117647,TRUE,GSE289435,GSM8791442_MLL_29538
observation.observation_s1,6q,loss,6,81,0.0740740740740741,FALSE,GSE289435,GSM8791442_MLL_29538
observation.observation_s1,11p,gain,44,68,0.647058823529412,TRUE,GSE289435,GSM8791442_MLL_29538
observation.observation_s1,12p,gain,29,45,0.644444444444445,TRUE,GSE289435,GSM8791442_MLL_29538
observation.observation_s1,12q,gain,62,166,0.373493975903614,FALSE,GSE289435,GSM8791442_MLL_29538
observation.observation_s1,15q,gain,45,121,0.371900826446281,FALSE,GSE289435,GSM8791442_MLL_29538
observation.observation_s1,17p,gain,58,65,0.892307692307692,TRUE,GSE289435,GSM8791442_MLL_29538
observation.observation_s1,18p,loss,19,19,1,TRUE,GSE289435,GSM8791442_MLL_29538
observation.observation_s1,18q,loss,30,30,1,TRUE,GSE289435,GSM8791442_MLL_29538
observation.observation_s1,19p,gain,96,160,0.6,TRUE,GSE289435,GSM8791442_MLL_29538
observation.observation_s1,19q,gain,33,136,0.242647058823529,FALSE,GSE289435,GSM8791442_MLL_29538
observation.observation_s1,20p,gain,35,37,0.945945945945946,TRUE,GSE289435,GSM8791442_MLL_29538
observation.observation_s1,20q,gain,46,78,0.58974358974359,TRUE,GSE289435,GSM8791442_MLL_29538
observation.observation_s18,1p,gain,46,203,0.226600985221675,FALSE,GSE289435,GSM8791442_MLL_29538
observation.observation_s18,1q,gain,161,212,0.759433962264151,TRUE,GSE289435,GSM8791442_MLL_29538
observation.observation_s18,3q,gain,71,103,0.689320388349515,TRUE,GSE289435,GSM8791442_MLL_29538
observation.observation_s18,4p,gain,41,41,1,TRUE,GSE289435,GSM8791442_MLL_29538
observation.observation_s18,4q,gain,78,78,1,TRUE,GSE289435,GSM8791442_MLL_29538
observation.observation_s18,6p,gain,27,119,0.226890756302521,FALSE,GSE289435,GSM8791442_MLL_29538
observation.observation_s18,6p,loss,79,119,0.663865546218487,TRUE,GSE289435,GSM8791442_MLL_29538
observation.observation_s18,9q,loss,53,105,0.504761904761905,TRUE,GSE289435,GSM8791442_MLL_29538
observation.observation_s18,10p,gain,31,31,1,TRUE,GSE289435,GSM8791442_MLL_29538
observation.observation_s18,10q,gain,112,112,1,TRUE,GSE289435,GSM8791442_MLL_29538
observation.observation_s18,12q,loss,31,166,0.186746987951807,FALSE,GSE289435,GSM8791442_MLL_29538
observation.observation_s18,15q,gain,55,121,0.454545454545455,FALSE,GSE289435,GSM8791442_MLL_29538
observation.observation_s18,16p,loss,44,93,0.473118279569893,FALSE,GSE289435,GSM8791442_MLL_29538
observation.observation_s18,16p,gain,18,93,0.193548387096774,FALSE,GSE289435,GSM8791442_MLL_29538
observation.observation_s18,16q,gain,21,64,0.328125,FALSE,GSE289435,GSM8791442_MLL_29538
observation.observation_s18,19p,loss,77,160,0.48125,FALSE,GSE289435,GSM8791442_MLL_29538
observation.observation_s18,19q,loss,136,136,1,TRUE,GSE289435,GSM8791442_MLL_29538
observation.observation_s18,20p,gain,37,37,1,TRUE,GSE289435,GSM8791442_MLL_29538
observation.observation_s18,20q,gain,34,78,0.435897435897436,FALSE,GSE289435,GSM8791442_MLL_29538
observation.observation_s18,20q,loss,19,78,0.243589743589744,FALSE,GSE289435,GSM8791442_MLL_29538
observation.observation_s17,1p,gain,126,203,0.620689655172414,TRUE,GSE289435,GSM8791442_MLL_29538
observation.observation_s17,1q,gain,212,212,1,TRUE,GSE289435,GSM8791442_MLL_29538
observation.observation_s17,2p,loss,27,108,0.25,FALSE,GSE289435,GSM8791442_MLL_29538
observation.observation_s17,2p,gain,41,108,0.37962962962963,FALSE,GSE289435,GSM8791442_MLL_29538
observation.observation_s17,2q,gain,4,141,0.0283687943262411,FALSE,GSE289435,GSM8791442_MLL_29538
observation.observation_s17,3p,loss,47,112,0.419642857142857,FALSE,GSE289435,GSM8791442_MLL_29538
observation.observation_s17,6p,loss,83,119,0.697478991596639,TRUE,GSE289435,GSM8791442_MLL_29538
observation.observation_s17,6q,loss,81,81,1,TRUE,GSE289435,GSM8791442_MLL_29538
observation.observation_s17,8p,loss,8,43,0.186046511627907,FALSE,GSE289435,GSM8791442_MLL_29538
observation.observation_s17,8q,loss,80,80,1,TRUE,GSE289435,GSM8791442_MLL_29538
observation.observation_s17,10q,gain,75,112,0.669642857142857,TRUE,GSE289435,GSM8791442_MLL_29538
observation.observation_s17,11q,gain,67,143,0.468531468531469,FALSE,GSE289435,GSM8791442_MLL_29538
observation.observation_s17,16p,gain,35,93,0.376344086021505,FALSE,GSE289435,GSM8791442_MLL_29538
observation.observation_s17,16q,gain,64,64,1,TRUE,GSE289435,GSM8791442_MLL_29538
observation.observation_s17,17q,gain,21,166,0.126506024096386,FALSE,GSE289435,GSM8791442_MLL_29538
observation.observation_s17,19p,gain,11,160,0.06875,FALSE,GSE289435,GSM8791442_MLL_29538
observation.observation_s17,19q,loss,107,136,0.786764705882353,TRUE,GSE289435,GSM8791442_MLL_29538
observation.observation_s17,21q,gain,33,33,1,TRUE,GSE289435,GSM8791442_MLL_29538
observation.observation_s17,22q,gain,97,97,1,TRUE,GSE289435,GSM8791442_MLL_29538
observation.observation_s20,1p,gain,70,203,0.344827586206897,FALSE,GSE289435,GSM8791442_MLL_29538
observation.observation_s20,1q,gain,80,212,0.377358490566038,FALSE,GSE289435,GSM8791442_MLL_29538
observation.observation_s20,2p,loss,53,108,0.490740740740741,FALSE,GSE289435,GSM8791442_MLL_29538
observation.observation_s20,2p,gain,28,108,0.259259259259259,FALSE,GSE289435,GSM8791442_MLL_29538
observation.observation_s20,2q,gain,2,141,0.0141843971631206,FALSE,GSE289435,GSM8791442_MLL_29538
observation.observation_s20,2q,loss,74,141,0.524822695035461,TRUE,GSE289435,GSM8791442_MLL_29538
observation.observation_s20,5p,loss,24,28,0.857142857142857,TRUE,GSE289435,GSM8791442_MLL_29538
observation.observation_s20,5q,loss,65,159,0.408805031446541,FALSE,GSE289435,GSM8791442_MLL_29538
observation.observation_s20,5q,gain,27,159,0.169811320754717,FALSE,GSE289435,GSM8791442_MLL_29538
observation.observation_s20,6p,loss,63,119,0.529411764705882,TRUE,GSE289435,GSM8791442_MLL_29538
observation.observation_s20,6q,loss,81,81,1,TRUE,GSE289435,GSM8791442_MLL_29538
observation.observation_s20,9q,gain,19,105,0.180952380952381,FALSE,GSE289435,GSM8791442_MLL_29538
observation.observation_s20,11p,gain,36,68,0.529411764705882,TRUE,GSE289435,GSM8791442_MLL_29538
observation.observation_s20,11q,gain,70,143,0.48951048951049,FALSE,GSE289435,GSM8791442_MLL_29538
observation.observation_s20,12p,gain,26,45,0.577777777777778,TRUE,GSE289435,GSM8791442_MLL_29538
observation.observation_s20,12q,gain,61,166,0.367469879518072,FALSE,GSE289435,GSM8791442_MLL_29538
observation.observation_s20,17p,gain,64,65,0.984615384615385,TRUE,GSE289435,GSM8791442_MLL_29538
observation.observation_s20,18p,loss,19,19,1,TRUE,GSE289435,GSM8791442_MLL_29538
observation.observation_s20,18q,loss,30,30,1,TRUE,GSE289435,GSM8791442_MLL_29538
observation.observation_s20,19p,gain,160,160,1,TRUE,GSE289435,GSM8791442_MLL_29538
observation.observation_s20,19q,gain,101,136,0.742647058823529,TRUE,GSE289435,GSM8791442_MLL_29538
observation.observation_s20,20p,gain,37,37,1,TRUE,GSE289435,GSM8791442_MLL_29538
observation.observation_s20,20q,gain,29,78,0.371794871794872,FALSE,GSE289435,GSM8791442_MLL_29538
observation.observation_s20,22q,gain,97,97,1,TRUE,GSE289435,GSM8791442_MLL_29538
observation.observation_s40,1p,gain,8,203,0.0394088669950739,FALSE,GSE289435,GSM8791442_MLL_29538
observation.observation_s40,1q,gain,80,212,0.377358490566038,FALSE,GSE289435,GSM8791442_MLL_29538
observation.observation_s40,2p,loss,54,108,0.5,TRUE,GSE289435,GSM8791442_MLL_29538
observation.observation_s40,2q,loss,78,141,0.553191489361702,TRUE,GSE289435,GSM8791442_MLL_29538
observation.observation_s40,4p,gain,22,41,0.536585365853659,TRUE,GSE289435,GSM8791442_MLL_29538
observation.observation_s40,4q,gain,40,78,0.512820512820513,TRUE,GSE289435,GSM8791442_MLL_29538
observation.observation_s40,5p,loss,28,28,1,TRUE,GSE289435,GSM8791442_MLL_29538
observation.observation_s40,5q,loss,79,159,0.49685534591195,FALSE,GSE289435,GSM8791442_MLL_29538
observation.observation_s40,5q,gain,21,159,0.132075471698113,FALSE,GSE289435,GSM8791442_MLL_29538
observation.observation_s40,6p,loss,71,119,0.596638655462185,TRUE,GSE289435,GSM8791442_MLL_29538
observation.observation_s40,6q,loss,81,81,1,TRUE,GSE289435,GSM8791442_MLL_29538
observation.observation_s40,11p,gain,45,68,0.661764705882353,TRUE,GSE289435,GSM8791442_MLL_29538
observation.observation_s40,11q,gain,36,143,0.251748251748252,FALSE,GSE289435,GSM8791442_MLL_29538
observation.observation_s40,12p,gain,21,45,0.466666666666667,FALSE,GSE289435,GSM8791442_MLL_29538
observation.observation_s40,12q,gain,53,166,0.319277108433735,FALSE,GSE289435,GSM8791442_MLL_29538
observation.observation_s40,17p,gain,65,65,1,TRUE,GSE289435,GSM8791442_MLL_29538
observation.observation_s40,17q,gain,34,166,0.204819277108434,FALSE,GSE289435,GSM8791442_MLL_29538
observation.observation_s40,18p,loss,19,19,1,TRUE,GSE289435,GSM8791442_MLL_29538
observation.observation_s40,18q,loss,30,30,1,TRUE,GSE289435,GSM8791442_MLL_29538
observation.observation_s40,19p,gain,160,160,1,TRUE,GSE289435,GSM8791442_MLL_29538
observation.observation_s40,19q,gain,94,136,0.691176470588235,TRUE,GSE289435,GSM8791442_MLL_29538
observation.observation_s40,20p,gain,37,37,1,TRUE,GSE289435,GSM8791442_MLL_29538
observation.observation_s40,20q,gain,78,78,1,TRUE,GSE289435,GSM8791442_MLL_29538
observation.observation_s40,22q,gain,52,97,0.536082474226804,TRUE,GSE289435,GSM8791442_MLL_29538
observation.observation_s21,5q,gain,25,159,0.157232704402516,FALSE,GSE289435,GSM8791442_MLL_29538
observation.observation_s21,6p,loss,55,119,0.46218487394958,FALSE,GSE289435,GSM8791442_MLL_29538
observation.observation_s21,6q,loss,42,81,0.518518518518519,TRUE,GSE289435,GSM8791442_MLL_29538
observation.observation_s21,10p,loss,31,31,1,TRUE,GSE289435,GSM8791442_MLL_29538
observation.observation_s21,10q,loss,18,112,0.160714285714286,FALSE,GSE289435,GSM8791442_MLL_29538
observation.observation_s21,11p,gain,43,68,0.632352941176471,TRUE,GSE289435,GSM8791442_MLL_29538
observation.observation_s21,11q,gain,53,143,0.370629370629371,FALSE,GSE289435,GSM8791442_MLL_29538
observation.observation_s21,12p,gain,45,45,1,TRUE,GSE289435,GSM8791442_MLL_29538
observation.observation_s21,12q,gain,76,166,0.457831325301205,FALSE,GSE289435,GSM8791442_MLL_29538
observation.observation_s21,14q,gain,22,128,0.171875,FALSE,GSE289435,GSM8791442_MLL_29538
observation.observation_s21,14q,loss,54,128,0.421875,FALSE,GSE289435,GSM8791442_MLL_29538
observation.observation_s21,17p,gain,61,65,0.938461538461539,TRUE,GSE289435,GSM8791442_MLL_29538
observation.observation_s21,19p,gain,110,160,0.6875,TRUE,GSE289435,GSM8791442_MLL_29538
observation.observation_s21,19q,gain,18,136,0.132352941176471,FALSE,GSE289435,GSM8791442_MLL_29538
observation.observation_s21,22q,gain,58,97,0.597938144329897,TRUE,GSE289435,GSM8791442_MLL_29538
observation.observation_s35,1p,gain,5,203,0.0246305418719212,FALSE,GSE289435,GSM8791442_MLL_29538
observation.observation_s35,1q,gain,212,212,1,TRUE,GSE289435,GSM8791442_MLL_29538
observation.observation_s35,2p,loss,26,108,0.240740740740741,FALSE,GSE289435,GSM8791442_MLL_29538
observation.observation_s35,6p,loss,76,119,0.638655462184874,TRUE,GSE289435,GSM8791442_MLL_29538
observation.observation_s35,10q,gain,19,112,0.169642857142857,FALSE,GSE289435,GSM8791442_MLL_29538
observation.observation_s35,11q,gain,45,143,0.314685314685315,FALSE,GSE289435,GSM8791442_MLL_29538
observation.observation_s35,12q,gain,41,166,0.246987951807229,FALSE,GSE289435,GSM8791442_MLL_29538
observation.observation_s35,16p,gain,28,93,0.301075268817204,FALSE,GSE289435,GSM8791442_MLL_29538
observation.observation_s35,16q,gain,19,64,0.296875,FALSE,GSE289435,GSM8791442_MLL_29538
observation.observation_s35,17p,gain,61,65,0.938461538461539,TRUE,GSE289435,GSM8791442_MLL_29538
observation.observation_s35,19p,gain,43,160,0.26875,FALSE,GSE289435,GSM8791442_MLL_29538
observation.observation_s35,20p,gain,37,37,1,TRUE,GSE289435,GSM8791442_MLL_29538
observation.observation_s35,20q,gain,37,78,0.474358974358974,FALSE,GSE289435,GSM8791442_MLL_29538
observation.observation_s35,22q,gain,29,97,0.298969072164948,FALSE,GSE289435,GSM8791442_MLL_29538
observation.observation_s36,1p,gain,49,203,0.241379310344828,FALSE,GSE289435,GSM8791442_MLL_29538
observation.observation_s36,1q,gain,67,212,0.316037735849057,FALSE,GSE289435,GSM8791442_MLL_29538
observation.observation_s36,2p,gain,37,108,0.342592592592593,FALSE,GSE289435,GSM8791442_MLL_29538
observation.observation_s36,2q,gain,4,141,0.0283687943262411,FALSE,GSE289435,GSM8791442_MLL_29538
observation.observation_s36,2q,loss,64,141,0.453900709219858,FALSE,GSE289435,GSM8791442_MLL_29538
observation.observation_s36,5q,gain,23,159,0.144654088050314,FALSE,GSE289435,GSM8791442_MLL_29538
observation.observation_s36,6p,loss,86,119,0.722689075630252,TRUE,GSE289435,GSM8791442_MLL_29538
observation.observation_s36,6q,loss,81,81,1,TRUE,GSE289435,GSM8791442_MLL_29538
observation.observation_s36,9q,gain,17,105,0.161904761904762,FALSE,GSE289435,GSM8791442_MLL_29538
observation.observation_s36,10p,loss,31,31,1,TRUE,GSE289435,GSM8791442_MLL_29538
observation.observation_s36,10q,loss,112,112,1,TRUE,GSE289435,GSM8791442_MLL_29538
observation.observation_s36,11p,gain,51,68,0.75,TRUE,GSE289435,GSM8791442_MLL_29538
observation.observation_s36,11q,gain,65,143,0.454545454545455,FALSE,GSE289435,GSM8791442_MLL_29538
observation.observation_s36,12p,gain,18,45,0.4,FALSE,GSE289435,GSM8791442_MLL_29538
observation.observation_s36,12q,gain,64,166,0.385542168674699,FALSE,GSE289435,GSM8791442_MLL_29538
observation.observation_s36,14q,gain,28,128,0.21875,FALSE,GSE289435,GSM8791442_MLL_29538
observation.observation_s36,17p,gain,65,65,1,TRUE,GSE289435,GSM8791442_MLL_29538
observation.observation_s36,17q,gain,3,166,0.0180722891566265,FALSE,GSE289435,GSM8791442_MLL_29538
observation.observation_s36,18p,loss,19,19,1,TRUE,GSE289435,GSM8791442_MLL_29538
observation.observation_s36,18q,loss,30,30,1,TRUE,GSE289435,GSM8791442_MLL_29538
observation.observation_s36,19p,gain,160,160,1,TRUE,GSE289435,GSM8791442_MLL_29538
observation.observation_s36,19q,gain,136,136,1,TRUE,GSE289435,GSM8791442_MLL_29538
observation.observation_s36,20p,gain,37,37,1,TRUE,GSE289435,GSM8791442_MLL_29538
observation.observation_s36,20q,gain,26,78,0.333333333333333,FALSE,GSE289435,GSM8791442_MLL_29538
observation.observation_s36,22q,gain,53,97,0.54639175257732,TRUE,GSE289435,GSM8791442_MLL_29538
observation.observation_s13,1p,gain,22,203,0.108374384236453,FALSE,GSE289435,GSM8791442_MLL_29538
observation.observation_s13,1q,gain,174,212,0.820754716981132,TRUE,GSE289435,GSM8791442_MLL_29538
observation.observation_s13,2p,loss,40,108,0.37037037037037,FALSE,GSE289435,GSM8791442_MLL_29538
observation.observation_s13,2q,loss,35,141,0.24822695035461,FALSE,GSE289435,GSM8791442_MLL_29538
observation.observation_s13,3p,loss,51,112,0.455357142857143,FALSE,GSE289435,GSM8791442_MLL_29538
observation.observation_s13,4p,gain,41,41,1,TRUE,GSE289435,GSM8791442_MLL_29538
observation.observation_s13,4q,gain,49,78,0.628205128205128,TRUE,GSE289435,GSM8791442_MLL_29538
observation.observation_s13,5p,loss,15,28,0.535714285714286,TRUE,GSE289435,GSM8791442_MLL_29538
observation.observation_s13,5q,loss,63,159,0.39622641509434,FALSE,GSE289435,GSM8791442_MLL_29538
observation.observation_s13,5q,gain,19,159,0.119496855345912,FALSE,GSE289435,GSM8791442_MLL_29538
observation.observation_s13,6p,gain,29,119,0.243697478991597,FALSE,GSE289435,GSM8791442_MLL_29538
observation.observation_s13,6p,loss,75,119,0.630252100840336,TRUE,GSE289435,GSM8791442_MLL_29538
observation.observation_s13,6q,loss,4,81,0.0493827160493827,FALSE,GSE289435,GSM8791442_MLL_29538
observation.observation_s13,8p,loss,4,43,0.0930232558139535,FALSE,GSE289435,GSM8791442_MLL_29538
observation.observation_s13,8q,loss,80,80,1,TRUE,GSE289435,GSM8791442_MLL_29538
observation.observation_s13,10q,gain,63,112,0.5625,TRUE,GSE289435,GSM8791442_MLL_29538
observation.observation_s13,11q,gain,68,143,0.475524475524476,FALSE,GSE289435,GSM8791442_MLL_29538
observation.observation_s13,12p,gain,27,45,0.6,TRUE,GSE289435,GSM8791442_MLL_29538
observation.observation_s13,15q,gain,56,121,0.462809917355372,FALSE,GSE289435,GSM8791442_MLL_29538
observation.observation_s13,17p,gain,65,65,1,TRUE,GSE289435,GSM8791442_MLL_29538
observation.observation_s13,17q,gain,91,166,0.548192771084337,TRUE,GSE289435,GSM8791442_MLL_29538
observation.observation_s13,20p,gain,37,37,1,TRUE,GSE289435,GSM8791442_MLL_29538
observation.observation_s13,20q,gain,42,78,0.538461538461538,TRUE,GSE289435,GSM8791442_MLL_29538
observation.observation_s25,1p,gain,9,203,0.0443349753694581,FALSE,GSE289435,GSM8791442_MLL_29538
observation.observation_s25,1q,gain,212,212,1,TRUE,GSE289435,GSM8791442_MLL_29538
observation.observation_s25,3p,loss,70,112,0.625,TRUE,GSE289435,GSM8791442_MLL_29538
observation.observation_s25,6p,loss,79,119,0.663865546218487,TRUE,GSE289435,GSM8791442_MLL_29538
observation.observation_s25,6q,loss,1,81,0.0123456790123457,FALSE,GSE289435,GSM8791442_MLL_29538
observation.observation_s25,11q,gain,54,143,0.377622377622378,FALSE,GSE289435,GSM8791442_MLL_29538
observation.observation_s25,12q,gain,40,166,0.240963855421687,FALSE,GSE289435,GSM8791442_MLL_29538
observation.observation_s25,14q,gain,128,128,1,TRUE,GSE289435,GSM8791442_MLL_29538
observation.observation_s25,16p,gain,13,93,0.139784946236559,FALSE,GSE289435,GSM8791442_MLL_29538
observation.observation_s25,16q,gain,16,64,0.25,FALSE,GSE289435,GSM8791442_MLL_29538
observation.observation_s25,17p,gain,54,65,0.830769230769231,TRUE,GSE289435,GSM8791442_MLL_29538
observation.observation_s25,19q,loss,45,136,0.330882352941176,FALSE,GSE289435,GSM8791442_MLL_29538
observation.observation_s25,20p,gain,21,37,0.567567567567568,TRUE,GSE289435,GSM8791442_MLL_29538
observation.observation_s25,20q,gain,30,78,0.384615384615385,FALSE,GSE289435,GSM8791442_MLL_29538
observation.observation_s8,1p,gain,38,203,0.187192118226601,FALSE,GSE289435,GSM8791442_MLL_29538
observation.observation_s8,1q,gain,76,212,0.358490566037736,FALSE,GSE289435,GSM8791442_MLL_29538
observation.observation_s8,2p,loss,43,108,0.398148148148148,FALSE,GSE289435,GSM8791442_MLL_29538
observation.observation_s8,2p,gain,28,108,0.259259259259259,FALSE,GSE289435,GSM8791442_MLL_29538
observation.observation_s8,2q,gain,1,141,0.00709219858156028,FALSE,GSE289435,GSM8791442_MLL_29538
observation.observation_s8,2q,loss,57,141,0.404255319148936,FALSE,GSE289435,GSM8791442_MLL_29538
observation.observation_s8,5q,gain,20,159,0.125786163522013,FALSE,GSE289435,GSM8791442_MLL_29538
observation.observation_s8,6p,loss,81,119,0.680672268907563,TRUE,GSE289435,GSM8791442_MLL_29538
observation.observation_s8,6q,loss,81,81,1,TRUE,GSE289435,GSM8791442_MLL_29538
observation.observation_s8,11p,gain,40,68,0.588235294117647,TRUE,GSE289435,GSM8791442_MLL_29538
observation.observation_s8,11q,gain,41,143,0.286713286713287,FALSE,GSE289435,GSM8791442_MLL_29538
observation.observation_s8,12p,gain,17,45,0.377777777777778,FALSE,GSE289435,GSM8791442_MLL_29538
observation.observation_s8,12q,gain,57,166,0.343373493975904,FALSE,GSE289435,GSM8791442_MLL_29538
observation.observation_s8,17p,gain,63,65,0.969230769230769,TRUE,GSE289435,GSM8791442_MLL_29538
observation.observation_s8,18p,loss,19,19,1,TRUE,GSE289435,GSM8791442_MLL_29538
observation.observation_s8,18q,loss,30,30,1,TRUE,GSE289435,GSM8791442_MLL_29538
observation.observation_s8,19p,gain,160,160,1,TRUE,GSE289435,GSM8791442_MLL_29538
observation.observation_s8,19q,gain,95,136,0.698529411764706,TRUE,GSE289435,GSM8791442_MLL_29538
observation.observation_s8,22q,gain,97,97,1,TRUE,GSE289435,GSM8791442_MLL_29538
observation.observation_s6,1p,gain,25,203,0.123152709359606,FALSE,GSE289435,GSM8791442_MLL_29538
observation.observation_s6,1q,gain,212,212,1,TRUE,GSE289435,GSM8791442_MLL_29538
observation.observation_s6,2p,loss,34,108,0.314814814814815,FALSE,GSE289435,GSM8791442_MLL_29538
observation.observation_s6,2p,gain,43,108,0.398148148148148,FALSE,GSE289435,GSM8791442_MLL_29538
observation.observation_s6,2q,gain,1,141,0.00709219858156028,FALSE,GSE289435,GSM8791442_MLL_29538
observation.observation_s6,2q,loss,48,141,0.340425531914894,FALSE,GSE289435,GSM8791442_MLL_29538
observation.observation_s6,3q,loss,20,103,0.194174757281553,FALSE,GSE289435,GSM8791442_MLL_29538
observation.observation_s6,5q,gain,23,159,0.144654088050314,FALSE,GSE289435,GSM8791442_MLL_29538
observation.observation_s6,6p,loss,84,119,0.705882352941177,TRUE,GSE289435,GSM8791442_MLL_29538
observation.observation_s6,6q,loss,81,81,1,TRUE,GSE289435,GSM8791442_MLL_29538
observation.observation_s6,10p,loss,31,31,1,TRUE,GSE289435,GSM8791442_MLL_29538
observation.observation_s6,10q,loss,14,112,0.125,FALSE,GSE289435,GSM8791442_MLL_29538
observation.observation_s6,11q,gain,56,143,0.391608391608392,FALSE,GSE289435,GSM8791442_MLL_29538
observation.observation_s6,15q,gain,56,121,0.462809917355372,FALSE,GSE289435,GSM8791442_MLL_29538
observation.observation_s6,17p,gain,62,65,0.953846153846154,TRUE,GSE289435,GSM8791442_MLL_29538
observation.observation_s6,18p,loss,19,19,1,TRUE,GSE289435,GSM8791442_MLL_29538
observation.observation_s6,18q,loss,30,30,1,TRUE,GSE289435,GSM8791442_MLL_29538
observation.observation_s6,19p,gain,160,160,1,TRUE,GSE289435,GSM8791442_MLL_29538
observation.observation_s6,19q,gain,31,136,0.227941176470588,FALSE,GSE289435,GSM8791442_MLL_29538
observation.observation_s6,20p,gain,37,37,1,TRUE,GSE289435,GSM8791442_MLL_29538
observation.observation_s6,20q,gain,78,78,1,TRUE,GSE289435,GSM8791442_MLL_29538
observation.observation_s6,21q,gain,14,33,0.424242424242424,FALSE,GSE289435,GSM8791442_MLL_29538
observation.observation_s6,22q,gain,97,97,1,TRUE,GSE289435,GSM8791442_MLL_29538
observation.observation_s23,1p,gain,10,203,0.0492610837438424,FALSE,GSE289435,GSM8791442_MLL_29538
observation.observation_s23,1q,gain,159,212,0.75,TRUE,GSE289435,GSM8791442_MLL_29538
observation.observation_s23,2q,loss,43,141,0.304964539007092,FALSE,GSE289435,GSM8791442_MLL_29538
observation.observation_s23,3p,loss,65,112,0.580357142857143,TRUE,GSE289435,GSM8791442_MLL_29538
observation.observation_s23,4p,gain,28,41,0.682926829268293,TRUE,GSE289435,GSM8791442_MLL_29538
observation.observation_s23,4q,gain,54,78,0.692307692307692,TRUE,GSE289435,GSM8791442_MLL_29538
observation.observation_s23,6p,gain,24,119,0.201680672268908,FALSE,GSE289435,GSM8791442_MLL_29538
observation.observation_s23,6p,loss,74,119,0.621848739495798,TRUE,GSE289435,GSM8791442_MLL_29538
observation.observation_s23,6q,loss,6,81,0.0740740740740741,FALSE,GSE289435,GSM8791442_MLL_29538
observation.observation_s23,11q,gain,54,143,0.377622377622378,FALSE,GSE289435,GSM8791442_MLL_29538
observation.observation_s23,12p,gain,22,45,0.488888888888889,FALSE,GSE289435,GSM8791442_MLL_29538
observation.observation_s23,12q,gain,38,166,0.228915662650602,FALSE,GSE289435,GSM8791442_MLL_29538
observation.observation_s23,17p,gain,65,65,1,TRUE,GSE289435,GSM8791442_MLL_29538
observation.observation_s23,17q,gain,3,166,0.0180722891566265,FALSE,GSE289435,GSM8791442_MLL_29538
observation.observation_s23,18p,loss,4,19,0.210526315789474,FALSE,GSE289435,GSM8791442_MLL_29538
observation.observation_s23,18q,loss,30,30,1,TRUE,GSE289435,GSM8791442_MLL_29538
observation.observation_s23,20p,gain,28,37,0.756756756756757,TRUE,GSE289435,GSM8791442_MLL_29538
observation.observation_s23,20q,gain,45,78,0.576923076923077,TRUE,GSE289435,GSM8791442_MLL_29538
observation.observation_s24,1p,gain,104,203,0.512315270935961,TRUE,GSE289435,GSM8791442_MLL_29538
observation.observation_s24,1q,gain,80,212,0.377358490566038,FALSE,GSE289435,GSM8791442_MLL_29538
observation.observation_s24,2p,loss,54,108,0.5,TRUE,GSE289435,GSM8791442_MLL_29538
observation.observation_s24,2q,loss,80,141,0.567375886524823,TRUE,GSE289435,GSM8791442_MLL_29538
observation.observation_s24,3p,loss,87,112,0.776785714285714,TRUE,GSE289435,GSM8791442_MLL_29538
observation.observation_s24,3q,loss,21,103,0.203883495145631,FALSE,GSE289435,GSM8791442_MLL_29538
observation.observation_s24,4p,gain,26,41,0.634146341463415,TRUE,GSE289435,GSM8791442_MLL_29538
observation.observation_s24,4q,gain,39,78,0.5,TRUE,GSE289435,GSM8791442_MLL_29538
observation.observation_s24,6p,loss,70,119,0.588235294117647,TRUE,GSE289435,GSM8791442_MLL_29538
observation.observation_s24,6q,loss,81,81,1,TRUE,GSE289435,GSM8791442_MLL_29538
observation.observation_s24,11p,gain,37,68,0.544117647058824,TRUE,GSE289435,GSM8791442_MLL_29538
observation.observation_s24,12p,gain,27,45,0.6,TRUE,GSE289435,GSM8791442_MLL_29538
observation.observation_s24,12q,gain,61,166,0.367469879518072,FALSE,GSE289435,GSM8791442_MLL_29538
observation.observation_s24,15q,gain,35,121,0.289256198347107,FALSE,GSE289435,GSM8791442_MLL_29538
observation.observation_s24,17p,gain,65,65,1,TRUE,GSE289435,GSM8791442_MLL_29538
observation.observation_s24,17q,gain,65,166,0.391566265060241,FALSE,GSE289435,GSM8791442_MLL_29538
observation.observation_s24,18p,loss,19,19,1,TRUE,GSE289435,GSM8791442_MLL_29538
observation.observation_s24,18q,loss,30,30,1,TRUE,GSE289435,GSM8791442_MLL_29538
observation.observation_s24,19p,gain,126,160,0.7875,TRUE,GSE289435,GSM8791442_MLL_29538
observation.observation_s24,19q,gain,62,136,0.455882352941176,FALSE,GSE289435,GSM8791442_MLL_29538
observation.observation_s24,21q,gain,33,33,1,TRUE,GSE289435,GSM8791442_MLL_29538
observation.observation_s24,22q,gain,23,97,0.237113402061856,FALSE,GSE289435,GSM8791442_MLL_29538
observation.observation_s19,1p,gain,10,203,0.0492610837438424,FALSE,GSE289435,GSM8791442_MLL_29538
observation.observation_s19,1q,gain,82,212,0.386792452830189,FALSE,GSE289435,GSM8791442_MLL_29538
observation.observation_s19,2p,loss,49,108,0.453703703703704,FALSE,GSE289435,GSM8791442_MLL_29538
observation.observation_s19,2q,loss,48,141,0.340425531914894,FALSE,GSE289435,GSM8791442_MLL_29538
observation.observation_s19,5q,gain,20,159,0.125786163522013,FALSE,GSE289435,GSM8791442_MLL_29538
observation.observation_s19,6p,loss,71,119,0.596638655462185,TRUE,GSE289435,GSM8791442_MLL_29538
observation.observation_s19,6q,loss,20,81,0.246913580246914,FALSE,GSE289435,GSM8791442_MLL_29538
observation.observation_s19,11p,gain,37,68,0.544117647058824,TRUE,GSE289435,GSM8791442_MLL_29538
observation.observation_s19,11q,gain,45,143,0.314685314685315,FALSE,GSE289435,GSM8791442_MLL_29538
observation.observation_s19,12p,gain,25,45,0.555555555555556,TRUE,GSE289435,GSM8791442_MLL_29538
observation.observation_s19,12q,gain,52,166,0.313253012048193,FALSE,GSE289435,GSM8791442_MLL_29538
observation.observation_s19,17p,gain,63,65,0.969230769230769,TRUE,GSE289435,GSM8791442_MLL_29538
observation.observation_s19,18p,loss,19,19,1,TRUE,GSE289435,GSM8791442_MLL_29538
observation.observation_s19,18q,loss,30,30,1,TRUE,GSE289435,GSM8791442_MLL_29538
observation.observation_s19,19p,gain,160,160,1,TRUE,GSE289435,GSM8791442_MLL_29538
observation.observation_s19,19q,gain,22,136,0.161764705882353,FALSE,GSE289435,GSM8791442_MLL_29538
observation.observation_s4,1p,gain,10,203,0.0492610837438424,FALSE,GSE289435,GSM8791442_MLL_29538
observation.observation_s4,1q,gain,212,212,1,TRUE,GSE289435,GSM8791442_MLL_29538
observation.observation_s4,2q,gain,17,141,0.120567375886525,FALSE,GSE289435,GSM8791442_MLL_29538
observation.observation_s4,3p,gain,68,112,0.607142857142857,TRUE,GSE289435,GSM8791442_MLL_29538
observation.observation_s4,3q,gain,58,103,0.563106796116505,TRUE,GSE289435,GSM8791442_MLL_29538
observation.observation_s4,5q,gain,31,159,0.19496855345912,FALSE,GSE289435,GSM8791442_MLL_29538
observation.observation_s4,6p,loss,72,119,0.605042016806723,TRUE,GSE289435,GSM8791442_MLL_29538
observation.observation_s4,8q,loss,36,80,0.45,FALSE,GSE289435,GSM8791442_MLL_29538
observation.observation_s4,16p,gain,25,93,0.268817204301075,FALSE,GSE289435,GSM8791442_MLL_29538
observation.observation_s4,16q,gain,16,64,0.25,FALSE,GSE289435,GSM8791442_MLL_29538
observation.observation_s4,17p,gain,65,65,1,TRUE,GSE289435,GSM8791442_MLL_29538
observation.observation_s4,17q,gain,11,166,0.0662650602409639,FALSE,GSE289435,GSM8791442_MLL_29538
observation.observation_s4,19p,gain,23,160,0.14375,FALSE,GSE289435,GSM8791442_MLL_29538
observation.observation_s4,19q,loss,119,136,0.875,TRUE,GSE289435,GSM8791442_MLL_29538
observation.observation_s4,20q,loss,17,78,0.217948717948718,FALSE,GSE289435,GSM8791442_MLL_29538
observation.observation_s27,1p,gain,58,203,0.285714285714286,FALSE,GSE289435,GSM8791442_MLL_29538
observation.observation_s27,1q,gain,212,212,1,TRUE,GSE289435,GSM8791442_MLL_29538
observation.observation_s27,2p,loss,48,108,0.444444444444444,FALSE,GSE289435,GSM8791442_MLL_29538
observation.observation_s27,2p,gain,32,108,0.296296296296296,FALSE,GSE289435,GSM8791442_MLL_29538
observation.observation_s27,2q,loss,67,141,0.475177304964539,FALSE,GSE289435,GSM8791442_MLL_29538
observation.observation_s27,3q,loss,34,103,0.330097087378641,FALSE,GSE289435,GSM8791442_MLL_29538
observation.observation_s27,5q,loss,76,159,0.477987421383648,FALSE,GSE289435,GSM8791442_MLL_29538
observation.observation_s27,5q,gain,25,159,0.157232704402516,FALSE,GSE289435,GSM8791442_MLL_29538
observation.observation_s27,6p,loss,92,119,0.773109243697479,TRUE,GSE289435,GSM8791442_MLL_29538
observation.observation_s27,6q,loss,81,81,1,TRUE,GSE289435,GSM8791442_MLL_29538
observation.observation_s27,10p,loss,31,31,1,TRUE,GSE289435,GSM8791442_MLL_29538
observation.observation_s27,10q,loss,2,112,0.0178571428571429,FALSE,GSE289435,GSM8791442_MLL_29538
observation.observation_s27,11p,gain,21,68,0.308823529411765,FALSE,GSE289435,GSM8791442_MLL_29538
observation.observation_s27,11q,gain,56,143,0.391608391608392,FALSE,GSE289435,GSM8791442_MLL_29538
observation.observation_s27,11q,loss,17,143,0.118881118881119,FALSE,GSE289435,GSM8791442_MLL_29538
observation.observation_s27,12p,gain,22,45,0.488888888888889,FALSE,GSE289435,GSM8791442_MLL_29538
observation.observation_s27,12q,gain,49,166,0.295180722891566,FALSE,GSE289435,GSM8791442_MLL_29538
observation.observation_s27,16p,gain,27,93,0.290322580645161,FALSE,GSE289435,GSM8791442_MLL_29538
observation.observation_s27,16q,gain,64,64,1,TRUE,GSE289435,GSM8791442_MLL_29538
observation.observation_s27,17p,gain,65,65,1,TRUE,GSE289435,GSM8791442_MLL_29538
observation.observation_s27,17q,gain,22,166,0.132530120481928,FALSE,GSE289435,GSM8791442_MLL_29538
observation.observation_s27,18p,loss,19,19,1,TRUE,GSE289435,GSM8791442_MLL_29538
observation.observation_s27,18q,loss,30,30,1,TRUE,GSE289435,GSM8791442_MLL_29538
observation.observation_s27,19p,gain,160,160,1,TRUE,GSE289435,GSM8791442_MLL_29538
observation.observation_s27,19q,gain,89,136,0.654411764705882,TRUE,GSE289435,GSM8791442_MLL_29538
observation.observation_s27,20p,gain,37,37,1,TRUE,GSE289435,GSM8791442_MLL_29538
observation.observation_s27,20q,gain,78,78,1,TRUE,GSE289435,GSM8791442_MLL_29538
observation.observation_s27,22q,gain,97,97,1,TRUE,GSE289435,GSM8791442_MLL_29538
observation.observation_s39,1p,gain,101,203,0.497536945812808,FALSE,GSE289435,GSM8791442_MLL_29538
observation.observation_s39,1q,gain,81,212,0.382075471698113,FALSE,GSE289435,GSM8791442_MLL_29538
observation.observation_s39,2p,loss,49,108,0.453703703703704,FALSE,GSE289435,GSM8791442_MLL_29538
observation.observation_s39,2p,gain,31,108,0.287037037037037,FALSE,GSE289435,GSM8791442_MLL_29538
observation.observation_s39,2q,gain,5,141,0.0354609929078014,FALSE,GSE289435,GSM8791442_MLL_29538
observation.observation_s39,2q,loss,68,141,0.482269503546099,FALSE,GSE289435,GSM8791442_MLL_29538
observation.observation_s39,3p,loss,64,112,0.571428571428571,TRUE,GSE289435,GSM8791442_MLL_29538
observation.observation_s39,5q,gain,16,159,0.10062893081761,FALSE,GSE289435,GSM8791442_MLL_29538
observation.observation_s39,6p,loss,64,119,0.53781512605042,TRUE,GSE289435,GSM8791442_MLL_29538
observation.observation_s39,6q,loss,81,81,1,TRUE,GSE289435,GSM8791442_MLL_29538
observation.observation_s39,11p,gain,19,68,0.279411764705882,FALSE,GSE289435,GSM8791442_MLL_29538
observation.observation_s39,12p,gain,25,45,0.555555555555556,TRUE,GSE289435,GSM8791442_MLL_29538
observation.observation_s39,12q,gain,46,166,0.27710843373494,FALSE,GSE289435,GSM8791442_MLL_29538
observation.observation_s39,14q,gain,76,128,0.59375,TRUE,GSE289435,GSM8791442_MLL_29538
observation.observation_s39,16p,gain,1,93,0.010752688172043,FALSE,GSE289435,GSM8791442_MLL_29538
observation.observation_s39,16q,gain,64,64,1,TRUE,GSE289435,GSM8791442_MLL_29538
observation.observation_s39,17p,gain,65,65,1,TRUE,GSE289435,GSM8791442_MLL_29538
observation.observation_s39,17q,gain,5,166,0.0301204819277108,FALSE,GSE289435,GSM8791442_MLL_29538
observation.observation_s39,18p,loss,19,19,1,TRUE,GSE289435,GSM8791442_MLL_29538
observation.observation_s39,18q,loss,30,30,1,TRUE,GSE289435,GSM8791442_MLL_29538
observation.observation_s39,19p,gain,160,160,1,TRUE,GSE289435,GSM8791442_MLL_29538
observation.observation_s39,19q,gain,76,136,0.558823529411765,TRUE,GSE289435,GSM8791442_MLL_29538
observation.observation_s39,20p,gain,35,37,0.945945945945946,TRUE,GSE289435,GSM8791442_MLL_29538
observation.observation_s39,20q,gain,43,78,0.551282051282051,TRUE,GSE289435,GSM8791442_MLL_29538
observation.observation_s15,1p,gain,11,203,0.0541871921182266,FALSE,GSE289435,GSM8791442_MLL_29538
observation.observation_s15,1q,gain,212,212,1,TRUE,GSE289435,GSM8791442_MLL_29538
observation.observation_s15,2p,loss,32,108,0.296296296296296,FALSE,GSE289435,GSM8791442_MLL_29538
observation.observation_s15,2q,loss,49,141,0.347517730496454,FALSE,GSE289435,GSM8791442_MLL_29538
observation.observation_s15,4p,gain,23,41,0.560975609756098,TRUE,GSE289435,GSM8791442_MLL_29538
observation.observation_s15,4q,gain,44,78,0.564102564102564,TRUE,GSE289435,GSM8791442_MLL_29538
observation.observation_s15,6p,loss,70,119,0.588235294117647,TRUE,GSE289435,GSM8791442_MLL_29538
observation.observation_s15,6q,loss,3,81,0.037037037037037,FALSE,GSE289435,GSM8791442_MLL_29538
observation.observation_s15,12p,gain,23,45,0.511111111111111,TRUE,GSE289435,GSM8791442_MLL_29538
observation.observation_s15,12q,gain,60,166,0.36144578313253,FALSE,GSE289435,GSM8791442_MLL_29538
observation.observation_s15,15q,gain,27,121,0.223140495867769,FALSE,GSE289435,GSM8791442_MLL_29538
observation.observation_s15,17p,gain,65,65,1,TRUE,GSE289435,GSM8791442_MLL_29538
observation.observation_s15,17q,gain,42,166,0.253012048192771,FALSE,GSE289435,GSM8791442_MLL_29538
observation.observation_s15,20p,gain,37,37,1,TRUE,GSE289435,GSM8791442_MLL_29538
observation.observation_s15,20q,gain,32,78,0.41025641025641,FALSE,GSE289435,GSM8791442_MLL_29538
observation.observation_s30,1p,loss,41,203,0.201970443349754,FALSE,GSE289435,GSM8791442_MLL_29538
observation.observation_s30,1p,gain,7,203,0.0344827586206897,FALSE,GSE289435,GSM8791442_MLL_29538
observation.observation_s30,1q,gain,84,212,0.39622641509434,FALSE,GSE289435,GSM8791442_MLL_29538
observation.observation_s30,2p,loss,49,108,0.453703703703704,FALSE,GSE289435,GSM8791442_MLL_29538
observation.observation_s30,2q,loss,79,141,0.560283687943262,TRUE,GSE289435,GSM8791442_MLL_29538
observation.observation_s30,3q,loss,24,103,0.233009708737864,FALSE,GSE289435,GSM8791442_MLL_29538
observation.observation_s30,5q,gain,21,159,0.132075471698113,FALSE,GSE289435,GSM8791442_MLL_29538
observation.observation_s30,6p,loss,79,119,0.663865546218487,TRUE,GSE289435,GSM8791442_MLL_29538
observation.observation_s30,6q,loss,81,81,1,TRUE,GSE289435,GSM8791442_MLL_29538
observation.observation_s30,11p,gain,15,68,0.220588235294118,FALSE,GSE289435,GSM8791442_MLL_29538
observation.observation_s30,12p,gain,17,45,0.377777777777778,FALSE,GSE289435,GSM8791442_MLL_29538
observation.observation_s30,14q,gain,35,128,0.2734375,FALSE,GSE289435,GSM8791442_MLL_29538
observation.observation_s30,16p,gain,19,93,0.204301075268817,FALSE,GSE289435,GSM8791442_MLL_29538
observation.observation_s30,16q,gain,64,64,1,TRUE,GSE289435,GSM8791442_MLL_29538
observation.observation_s30,17p,gain,65,65,1,TRUE,GSE289435,GSM8791442_MLL_29538
observation.observation_s30,17q,gain,28,166,0.168674698795181,FALSE,GSE289435,GSM8791442_MLL_29538
observation.observation_s30,18p,loss,19,19,1,TRUE,GSE289435,GSM8791442_MLL_29538
observation.observation_s30,18q,loss,30,30,1,TRUE,GSE289435,GSM8791442_MLL_29538
observation.observation_s30,19p,gain,160,160,1,TRUE,GSE289435,GSM8791442_MLL_29538
observation.observation_s30,19q,gain,102,136,0.75,TRUE,GSE289435,GSM8791442_MLL_29538
observation.observation_s30,20p,gain,37,37,1,TRUE,GSE289435,GSM8791442_MLL_29538
observation.observation_s30,20q,gain,78,78,1,TRUE,GSE289435,GSM8791442_MLL_29538
observation.observation_s30,22q,gain,97,97,1,TRUE,GSE289435,GSM8791442_MLL_29538
observation.observation_s31,1p,gain,32,203,0.157635467980296,FALSE,GSE289435,GSM8791442_MLL_29538
observation.observation_s31,1q,gain,212,212,1,TRUE,GSE289435,GSM8791442_MLL_29538
observation.observation_s31,2q,gain,14,141,0.099290780141844,FALSE,GSE289435,GSM8791442_MLL_29538
observation.observation_s31,5q,gain,17,159,0.106918238993711,FALSE,GSE289435,GSM8791442_MLL_29538
observation.observation_s31,6p,loss,82,119,0.689075630252101,TRUE,GSE289435,GSM8791442_MLL_29538
observation.observation_s31,6q,loss,50,81,0.617283950617284,TRUE,GSE289435,GSM8791442_MLL_29538
observation.observation_s31,8p,loss,11,43,0.255813953488372,FALSE,GSE289435,GSM8791442_MLL_29538
observation.observation_s31,8q,loss,55,80,0.6875,TRUE,GSE289435,GSM8791442_MLL_29538
observation.observation_s31,10q,gain,44,112,0.392857142857143,FALSE,GSE289435,GSM8791442_MLL_29538
observation.observation_s31,14q,gain,128,128,1,TRUE,GSE289435,GSM8791442_MLL_29538
observation.observation_s31,17p,gain,41,65,0.630769230769231,TRUE,GSE289435,GSM8791442_MLL_29538
observation.observation_s31,17q,gain,54,166,0.325301204819277,FALSE,GSE289435,GSM8791442_MLL_29538
observation.observation_s31,19p,gain,44,160,0.275,FALSE,GSE289435,GSM8791442_MLL_29538
observation.observation_s31,19q,loss,100,136,0.735294117647059,TRUE,GSE289435,GSM8791442_MLL_29538
observation.observation_s31,20p,gain,37,37,1,TRUE,GSE289435,GSM8791442_MLL_29538
observation.observation_s31,20q,gain,40,78,0.512820512820513,TRUE,GSE289435,GSM8791442_MLL_29538
observation.observation_s38,1p,gain,13,203,0.0640394088669951,FALSE,GSE289435,GSM8791442_MLL_29538
observation.observation_s38,1q,gain,76,212,0.358490566037736,FALSE,GSE289435,GSM8791442_MLL_29538
observation.observation_s38,2p,loss,42,108,0.388888888888889,FALSE,GSE289435,GSM8791442_MLL_29538
observation.observation_s38,2q,loss,47,141,0.333333333333333,FALSE,GSE289435,GSM8791442_MLL_29538
observation.observation_s38,4p,gain,25,41,0.609756097560976,TRUE,GSE289435,GSM8791442_MLL_29538
observation.observation_s38,4q,gain,78,78,1,TRUE,GSE289435,GSM8791442_MLL_29538
observation.observation_s38,5p,loss,28,28,1,TRUE,GSE289435,GSM8791442_MLL_29538
observation.observation_s38,5q,loss,27,159,0.169811320754717,FALSE,GSE289435,GSM8791442_MLL_29538
observation.observation_s38,5q,gain,22,159,0.138364779874214,FALSE,GSE289435,GSM8791442_MLL_29538
observation.observation_s38,6p,loss,65,119,0.546218487394958,TRUE,GSE289435,GSM8791442_MLL_29538
observation.observation_s38,12p,gain,18,45,0.4,FALSE,GSE289435,GSM8791442_MLL_29538
observation.observation_s38,12q,gain,64,166,0.385542168674699,FALSE,GSE289435,GSM8791442_MLL_29538
observation.observation_s38,15q,gain,44,121,0.363636363636364,FALSE,GSE289435,GSM8791442_MLL_29538
observation.observation_s38,17p,gain,63,65,0.969230769230769,TRUE,GSE289435,GSM8791442_MLL_29538
observation.observation_s38,19p,gain,68,160,0.425,FALSE,GSE289435,GSM8791442_MLL_29538
observation.observation_s38,20p,gain,37,37,1,TRUE,GSE289435,GSM8791442_MLL_29538
observation.observation_s38,20q,gain,46,78,0.58974358974359,TRUE,GSE289435,GSM8791442_MLL_29538
observation.observation_s37,1p,gain,94,203,0.463054187192118,FALSE,GSE289435,GSM8791442_MLL_29538
observation.observation_s37,1q,gain,201,212,0.94811320754717,TRUE,GSE289435,GSM8791442_MLL_29538
observation.observation_s37,2p,loss,31,108,0.287037037037037,FALSE,GSE289435,GSM8791442_MLL_29538
observation.observation_s37,5q,gain,20,159,0.125786163522013,FALSE,GSE289435,GSM8791442_MLL_29538
observation.observation_s37,6p,loss,86,119,0.722689075630252,TRUE,GSE289435,GSM8791442_MLL_29538
observation.observation_s37,6q,loss,81,81,1,TRUE,GSE289435,GSM8791442_MLL_29538
observation.observation_s37,11q,gain,63,143,0.440559440559441,FALSE,GSE289435,GSM8791442_MLL_29538
observation.observation_s37,15q,gain,60,121,0.495867768595041,FALSE,GSE289435,GSM8791442_MLL_29538
observation.observation_s37,17p,gain,44,65,0.676923076923077,TRUE,GSE289435,GSM8791442_MLL_29538
observation.observation_s37,18p,loss,19,19,1,TRUE,GSE289435,GSM8791442_MLL_29538
observation.observation_s37,18q,loss,30,30,1,TRUE,GSE289435,GSM8791442_MLL_29538
observation.observation_s37,19p,gain,160,160,1,TRUE,GSE289435,GSM8791442_MLL_29538
observation.observation_s37,19q,gain,2,136,0.0147058823529412,FALSE,GSE289435,GSM8791442_MLL_29538
observation.observation_s37,20p,gain,37,37,1,TRUE,GSE289435,GSM8791442_MLL_29538
observation.observation_s37,20q,gain,27,78,0.346153846153846,FALSE,GSE289435,GSM8791442_MLL_29538
observation.observation_s28,1p,gain,7,203,0.0344827586206897,FALSE,GSE289435,GSM8791442_MLL_29538
observation.observation_s28,1q,gain,81,212,0.382075471698113,FALSE,GSE289435,GSM8791442_MLL_29538
observation.observation_s28,2p,loss,44,108,0.407407407407407,FALSE,GSE289435,GSM8791442_MLL_29538
observation.observation_s28,3p,loss,74,112,0.660714285714286,TRUE,GSE289435,GSM8791442_MLL_29538
observation.observation_s28,4p,gain,41,41,1,TRUE,GSE289435,GSM8791442_MLL_29538
observation.observation_s28,4q,gain,39,78,0.5,TRUE,GSE289435,GSM8791442_MLL_29538
observation.observation_s28,6p,loss,77,119,0.647058823529412,TRUE,GSE289435,GSM8791442_MLL_29538
observation.observation_s28,6q,loss,81,81,1,TRUE,GSE289435,GSM8791442_MLL_29538
observation.observation_s28,11q,gain,74,143,0.517482517482518,TRUE,GSE289435,GSM8791442_MLL_29538
observation.observation_s28,12q,gain,44,166,0.265060240963855,FALSE,GSE289435,GSM8791442_MLL_29538
observation.observation_s28,15q,gain,29,121,0.239669421487603,FALSE,GSE289435,GSM8791442_MLL_29538
observation.observation_s28,17p,gain,55,65,0.846153846153846,TRUE,GSE289435,GSM8791442_MLL_29538
observation.observation_s28,18p,loss,19,19,1,TRUE,GSE289435,GSM8791442_MLL_29538
observation.observation_s28,18q,loss,30,30,1,TRUE,GSE289435,GSM8791442_MLL_29538
observation.observation_s28,19p,gain,111,160,0.69375,TRUE,GSE289435,GSM8791442_MLL_29538
observation.observation_s12,1p,gain,147,203,0.724137931034483,TRUE,GSE289435,GSM8791442_MLL_29538
observation.observation_s12,1q,gain,212,212,1,TRUE,GSE289435,GSM8791442_MLL_29538
observation.observation_s12,2p,loss,48,108,0.444444444444444,FALSE,GSE289435,GSM8791442_MLL_29538
observation.observation_s12,2q,loss,43,141,0.304964539007092,FALSE,GSE289435,GSM8791442_MLL_29538
observation.observation_s12,3p,loss,76,112,0.678571428571429,TRUE,GSE289435,GSM8791442_MLL_29538
observation.observation_s12,5q,gain,24,159,0.150943396226415,FALSE,GSE289435,GSM8791442_MLL_29538
observation.observation_s12,6p,loss,80,119,0.672268907563025,TRUE,GSE289435,GSM8791442_MLL_29538
observation.observation_s12,6q,loss,81,81,1,TRUE,GSE289435,GSM8791442_MLL_29538
observation.observation_s12,8p,loss,16,43,0.372093023255814,FALSE,GSE289435,GSM8791442_MLL_29538
observation.observation_s12,8q,loss,80,80,1,TRUE,GSE289435,GSM8791442_MLL_29538
observation.observation_s12,11q,gain,87,143,0.608391608391608,TRUE,GSE289435,GSM8791442_MLL_29538
observation.observation_s12,12p,gain,24,45,0.533333333333333,TRUE,GSE289435,GSM8791442_MLL_29538
observation.observation_s12,16p,gain,25,93,0.268817204301075,FALSE,GSE289435,GSM8791442_MLL_29538
observation.observation_s12,16q,gain,64,64,1,TRUE,GSE289435,GSM8791442_MLL_29538
observation.observation_s12,17p,gain,51,65,0.784615384615385,TRUE,GSE289435,GSM8791442_MLL_29538
observation.observation_s12,18p,loss,3,19,0.157894736842105,FALSE,GSE289435,GSM8791442_MLL_29538
observation.observation_s12,18q,loss,30,30,1,TRUE,GSE289435,GSM8791442_MLL_29538
observation.observation_s12,19p,gain,160,160,1,TRUE,GSE289435,GSM8791442_MLL_29538
observation.observation_s12,19q,gain,1,136,0.00735294117647059,FALSE,GSE289435,GSM8791442_MLL_29538
observation.observation_s12,20p,gain,37,37,1,TRUE,GSE289435,GSM8791442_MLL_29538
observation.observation_s12,20q,gain,47,78,0.602564102564103,TRUE,GSE289435,GSM8791442_MLL_29538
observation.observation_s12,22q,gain,97,97,1,TRUE,GSE289435,GSM8791442_MLL_29538
observation.observation_s10,1p,gain,35,203,0.172413793103448,FALSE,GSE289435,GSM8791442_MLL_29538
observation.observation_s10,1q,gain,212,212,1,TRUE,GSE289435,GSM8791442_MLL_29538
observation.observation_s10,2p,loss,29,108,0.268518518518519,FALSE,GSE289435,GSM8791442_MLL_29538
observation.observation_s10,2p,gain,35,108,0.324074074074074,FALSE,GSE289435,GSM8791442_MLL_29538
observation.observation_s10,2q,gain,12,141,0.0851063829787234,FALSE,GSE289435,GSM8791442_MLL_29538
observation.observation_s10,3p,gain,112,112,1,TRUE,GSE289435,GSM8791442_MLL_29538
observation.observation_s10,3q,gain,70,103,0.679611650485437,TRUE,GSE289435,GSM8791442_MLL_29538
observation.observation_s10,6p,loss,87,119,0.73109243697479,TRUE,GSE289435,GSM8791442_MLL_29538
observation.observation_s10,6q,loss,81,81,1,TRUE,GSE289435,GSM8791442_MLL_29538
observation.observation_s10,8p,loss,37,43,0.86046511627907,TRUE,GSE289435,GSM8791442_MLL_29538
observation.observation_s10,8q,loss,80,80,1,TRUE,GSE289435,GSM8791442_MLL_29538
observation.observation_s10,16p,gain,27,93,0.290322580645161,FALSE,GSE289435,GSM8791442_MLL_29538
observation.observation_s10,16q,gain,21,64,0.328125,FALSE,GSE289435,GSM8791442_MLL_29538
observation.observation_s10,17q,gain,52,166,0.313253012048193,FALSE,GSE289435,GSM8791442_MLL_29538
observation.observation_s10,21q,gain,26,33,0.787878787878788,TRUE,GSE289435,GSM8791442_MLL_29538
observation.observation_s10,22q,gain,42,97,0.43298969072165,FALSE,GSE289435,GSM8791442_MLL_29538
observation.observation_s11,1p,gain,1,203,0.00492610837438424,FALSE,GSE289435,GSM8791442_MLL_29538
observation.observation_s11,1q,gain,212,212,1,TRUE,GSE289435,GSM8791442_MLL_29538
observation.observation_s11,2p,loss,42,108,0.388888888888889,FALSE,GSE289435,GSM8791442_MLL_29538
observation.observation_s11,2p,gain,45,108,0.416666666666667,FALSE,GSE289435,GSM8791442_MLL_29538
observation.observation_s11,2q,gain,28,141,0.198581560283688,FALSE,GSE289435,GSM8791442_MLL_29538
observation.observation_s11,3p,loss,99,112,0.883928571428571,TRUE,GSE289435,GSM8791442_MLL_29538
observation.observation_s11,4p,gain,17,41,0.414634146341463,FALSE,GSE289435,GSM8791442_MLL_29538
observation.observation_s11,4q,loss,33,78,0.423076923076923,FALSE,GSE289435,GSM8791442_MLL_29538
observation.observation_s11,5p,gain,24,28,0.857142857142857,TRUE,GSE289435,GSM8791442_MLL_29538
observation.observation_s11,6p,loss,85,119,0.714285714285714,TRUE,GSE289435,GSM8791442_MLL_29538
observation.observation_s11,6q,loss,81,81,1,TRUE,GSE289435,GSM8791442_MLL_29538
observation.observation_s11,10q,gain,57,112,0.508928571428571,TRUE,GSE289435,GSM8791442_MLL_29538
observation.observation_s11,11q,gain,77,143,0.538461538461538,TRUE,GSE289435,GSM8791442_MLL_29538
observation.observation_s11,14q,gain,21,128,0.1640625,FALSE,GSE289435,GSM8791442_MLL_29538
observation.observation_s11,16p,gain,93,93,1,TRUE,GSE289435,GSM8791442_MLL_29538
observation.observation_s11,16q,gain,64,64,1,TRUE,GSE289435,GSM8791442_MLL_29538
observation.observation_s11,17p,gain,65,65,1,TRUE,GSE289435,GSM8791442_MLL_29538
observation.observation_s11,17q,gain,16,166,0.0963855421686747,FALSE,GSE289435,GSM8791442_MLL_29538
observation.observation_s11,19p,gain,160,160,1,TRUE,GSE289435,GSM8791442_MLL_29538
observation.observation_s11,19q,gain,4,136,0.0294117647058824,FALSE,GSE289435,GSM8791442_MLL_29538
observation.observation_s11,19q,loss,49,136,0.360294117647059,FALSE,GSE289435,GSM8791442_MLL_29538
observation.observation_s42,1p,gain,10,203,0.0492610837438424,FALSE,GSE289435,GSM8791442_MLL_29538
observation.observation_s42,1q,gain,212,212,1,TRUE,GSE289435,GSM8791442_MLL_29538
observation.observation_s42,2p,loss,43,108,0.398148148148148,FALSE,GSE289435,GSM8791442_MLL_29538
observation.observation_s42,2q,loss,53,141,0.375886524822695,FALSE,GSE289435,GSM8791442_MLL_29538
observation.observation_s42,3p,gain,90,112,0.803571428571429,TRUE,GSE289435,GSM8791442_MLL_29538
observation.observation_s42,4p,gain,41,41,1,TRUE,GSE289435,GSM8791442_MLL_29538
observation.observation_s42,4q,gain,35,78,0.448717948717949,FALSE,GSE289435,GSM8791442_MLL_29538
observation.observation_s42,6p,loss,58,119,0.487394957983193,FALSE,GSE289435,GSM8791442_MLL_29538
observation.observation_s42,10q,gain,69,112,0.616071428571429,TRUE,GSE289435,GSM8791442_MLL_29538
observation.observation_s42,12p,gain,25,45,0.555555555555556,TRUE,GSE289435,GSM8791442_MLL_29538
observation.observation_s42,12q,gain,67,166,0.403614457831325,FALSE,GSE289435,GSM8791442_MLL_29538
observation.observation_s42,15q,gain,44,121,0.363636363636364,FALSE,GSE289435,GSM8791442_MLL_29538
observation.observation_s42,16p,gain,23,93,0.247311827956989,FALSE,GSE289435,GSM8791442_MLL_29538
observation.observation_s42,16q,gain,36,64,0.5625,TRUE,GSE289435,GSM8791442_MLL_29538
observation.observation_s42,17q,loss,56,166,0.337349397590361,FALSE,GSE289435,GSM8791442_MLL_29538
observation.observation_s42,20p,gain,37,37,1,TRUE,GSE289435,GSM8791442_MLL_29538
observation.observation_s42,20q,gain,44,78,0.564102564102564,TRUE,GSE289435,GSM8791442_MLL_29538
observation.observation_s42,22q,gain,97,97,1,TRUE,GSE289435,GSM8791442_MLL_29538
observation.observation_s43,1p,gain,6,203,0.0295566502463054,FALSE,GSE289435,GSM8791442_MLL_29538
observation.observation_s43,1q,gain,49,212,0.231132075471698,FALSE,GSE289435,GSM8791442_MLL_29538
observation.observation_s43,2p,loss,39,108,0.361111111111111,FALSE,GSE289435,GSM8791442_MLL_29538
observation.observation_s43,2p,gain,31,108,0.287037037037037,FALSE,GSE289435,GSM8791442_MLL_29538
observation.observation_s43,2q,loss,60,141,0.425531914893617,FALSE,GSE289435,GSM8791442_MLL_29538
observation.observation_s43,6p,gain,30,119,0.252100840336134,FALSE,GSE289435,GSM8791442_MLL_29538
observation.observation_s43,6p,loss,73,119,0.613445378151261,TRUE,GSE289435,GSM8791442_MLL_29538
observation.observation_s43,6q,loss,81,81,1,TRUE,GSE289435,GSM8791442_MLL_29538
observation.observation_s43,8p,loss,21,43,0.488372093023256,FALSE,GSE289435,GSM8791442_MLL_29538
observation.observation_s43,8q,loss,80,80,1,TRUE,GSE289435,GSM8791442_MLL_29538
observation.observation_s43,10q,gain,30,112,0.267857142857143,FALSE,GSE289435,GSM8791442_MLL_29538
observation.observation_s43,11p,gain,46,68,0.676470588235294,TRUE,GSE289435,GSM8791442_MLL_29538
observation.observation_s43,11q,gain,59,143,0.412587412587413,FALSE,GSE289435,GSM8791442_MLL_29538
observation.observation_s43,12q,gain,35,166,0.210843373493976,FALSE,GSE289435,GSM8791442_MLL_29538
observation.observation_s43,17p,gain,65,65,1,TRUE,GSE289435,GSM8791442_MLL_29538
observation.observation_s43,17q,gain,108,166,0.650602409638554,TRUE,GSE289435,GSM8791442_MLL_29538
observation.observation_s43,19p,gain,160,160,1,TRUE,GSE289435,GSM8791442_MLL_29538
observation.observation_s43,19q,gain,17,136,0.125,FALSE,GSE289435,GSM8791442_MLL_29538
observation.observation_s43,21q,gain,33,33,1,TRUE,GSE289435,GSM8791442_MLL_29538
observation.observation_s45,1p,gain,136,203,0.669950738916256,TRUE,GSE289435,GSM8791442_MLL_29538
observation.observation_s45,1q,gain,66,212,0.311320754716981,FALSE,GSE289435,GSM8791442_MLL_29538
observation.observation_s45,2q,loss,47,141,0.333333333333333,FALSE,GSE289435,GSM8791442_MLL_29538
observation.observation_s45,3p,loss,53,112,0.473214285714286,FALSE,GSE289435,GSM8791442_MLL_29538
observation.observation_s45,5p,loss,28,28,1,TRUE,GSE289435,GSM8791442_MLL_29538
observation.observation_s45,5q,loss,106,159,0.666666666666667,TRUE,GSE289435,GSM8791442_MLL_29538
observation.observation_s45,5q,gain,12,159,0.0754716981132076,FALSE,GSE289435,GSM8791442_MLL_29538
observation.observation_s45,6p,loss,73,119,0.613445378151261,TRUE,GSE289435,GSM8791442_MLL_29538
observation.observation_s45,6q,loss,81,81,1,TRUE,GSE289435,GSM8791442_MLL_29538
observation.observation_s45,10q,gain,33,112,0.294642857142857,FALSE,GSE289435,GSM8791442_MLL_29538
observation.observation_s45,12p,gain,21,45,0.466666666666667,FALSE,GSE289435,GSM8791442_MLL_29538
observation.observation_s45,12q,gain,58,166,0.349397590361446,FALSE,GSE289435,GSM8791442_MLL_29538
observation.observation_s45,17p,gain,65,65,1,TRUE,GSE289435,GSM8791442_MLL_29538
observation.observation_s45,17q,gain,5,166,0.0301204819277108,FALSE,GSE289435,GSM8791442_MLL_29538
observation.observation_s45,18p,loss,19,19,1,TRUE,GSE289435,GSM8791442_MLL_29538
observation.observation_s45,18q,loss,30,30,1,TRUE,GSE289435,GSM8791442_MLL_29538
observation.observation_s45,19p,gain,50,160,0.3125,FALSE,GSE289435,GSM8791442_MLL_29538
observation.observation_s29,1p,gain,45,203,0.221674876847291,FALSE,GSE289435,GSM8791442_MLL_29538
observation.observation_s29,1p,loss,41,203,0.201970443349754,FALSE,GSE289435,GSM8791442_MLL_29538
observation.observation_s29,1q,gain,212,212,1,TRUE,GSE289435,GSM8791442_MLL_29538
observation.observation_s29,2p,loss,48,108,0.444444444444444,FALSE,GSE289435,GSM8791442_MLL_29538
observation.observation_s29,2q,loss,74,141,0.524822695035461,TRUE,GSE289435,GSM8791442_MLL_29538
observation.observation_s29,6p,loss,85,119,0.714285714285714,TRUE,GSE289435,GSM8791442_MLL_29538
observation.observation_s29,6q,loss,81,81,1,TRUE,GSE289435,GSM8791442_MLL_29538
observation.observation_s29,10q,gain,86,112,0.767857142857143,TRUE,GSE289435,GSM8791442_MLL_29538
observation.observation_s29,11q,gain,63,143,0.440559440559441,FALSE,GSE289435,GSM8791442_MLL_29538
observation.observation_s29,12p,gain,21,45,0.466666666666667,FALSE,GSE289435,GSM8791442_MLL_29538
observation.observation_s29,13q,loss,65,71,0.915492957746479,TRUE,GSE289435,GSM8791442_MLL_29538
observation.observation_s29,16p,gain,37,93,0.397849462365591,FALSE,GSE289435,GSM8791442_MLL_29538
observation.observation_s29,16q,gain,64,64,1,TRUE,GSE289435,GSM8791442_MLL_29538
observation.observation_s29,17p,gain,65,65,1,TRUE,GSE289435,GSM8791442_MLL_29538
observation.observation_s29,17q,gain,111,166,0.668674698795181,TRUE,GSE289435,GSM8791442_MLL_29538
observation.observation_s29,19p,gain,112,160,0.7,TRUE,GSE289435,GSM8791442_MLL_29538
observation.observation_s29,21q,gain,33,33,1,TRUE,GSE289435,GSM8791442_MLL_29538
observation.observation_s29,22q,gain,97,97,1,TRUE,GSE289435,GSM8791442_MLL_29538
observation.observation_s46,1p,gain,22,203,0.108374384236453,FALSE,GSE289435,GSM8791442_MLL_29538
observation.observation_s46,1q,gain,79,212,0.372641509433962,FALSE,GSE289435,GSM8791442_MLL_29538
observation.observation_s46,2p,loss,55,108,0.509259259259259,TRUE,GSE289435,GSM8791442_MLL_29538
observation.observation_s46,2p,gain,26,108,0.240740740740741,FALSE,GSE289435,GSM8791442_MLL_29538
observation.observation_s46,2q,gain,2,141,0.0141843971631206,FALSE,GSE289435,GSM8791442_MLL_29538
observation.observation_s46,2q,loss,103,141,0.730496453900709,TRUE,GSE289435,GSM8791442_MLL_29538
observation.observation_s46,5p,loss,28,28,1,TRUE,GSE289435,GSM8791442_MLL_29538
observation.observation_s46,5q,loss,106,159,0.666666666666667,TRUE,GSE289435,GSM8791442_MLL_29538
observation.observation_s46,5q,gain,21,159,0.132075471698113,FALSE,GSE289435,GSM8791442_MLL_29538
observation.observation_s46,6p,gain,28,119,0.235294117647059,FALSE,GSE289435,GSM8791442_MLL_29538
observation.observation_s46,6p,loss,66,119,0.554621848739496,TRUE,GSE289435,GSM8791442_MLL_29538
observation.observation_s46,6q,loss,50,81,0.617283950617284,TRUE,GSE289435,GSM8791442_MLL_29538
observation.observation_s46,11p,gain,33,68,0.485294117647059,FALSE,GSE289435,GSM8791442_MLL_29538
observation.observation_s46,11q,gain,60,143,0.41958041958042,FALSE,GSE289435,GSM8791442_MLL_29538
observation.observation_s46,12p,gain,24,45,0.533333333333333,TRUE,GSE289435,GSM8791442_MLL_29538
observation.observation_s46,14q,gain,71,128,0.5546875,TRUE,GSE289435,GSM8791442_MLL_29538
observation.observation_s46,16p,gain,17,93,0.182795698924731,FALSE,GSE289435,GSM8791442_MLL_29538
observation.observation_s46,16q,gain,64,64,1,TRUE,GSE289435,GSM8791442_MLL_29538
observation.observation_s46,17p,gain,65,65,1,TRUE,GSE289435,GSM8791442_MLL_29538
observation.observation_s46,17q,gain,72,166,0.433734939759036,FALSE,GSE289435,GSM8791442_MLL_29538
observation.observation_s46,18p,loss,19,19,1,TRUE,GSE289435,GSM8791442_MLL_29538
observation.observation_s46,18q,loss,30,30,1,TRUE,GSE289435,GSM8791442_MLL_29538
observation.observation_s46,19p,gain,86,160,0.5375,TRUE,GSE289435,GSM8791442_MLL_29538
observation.observation_s46,20p,gain,37,37,1,TRUE,GSE289435,GSM8791442_MLL_29538
observation.observation_s46,20q,gain,44,78,0.564102564102564,TRUE,GSE289435,GSM8791442_MLL_29538
observation.observation_s46,22q,gain,87,97,0.896907216494845,TRUE,GSE289435,GSM8791442_MLL_29538
observation.observation_s49,1p,gain,86,203,0.423645320197044,FALSE,GSE289435,GSM8791442_MLL_29538
observation.observation_s49,1q,gain,80,212,0.377358490566038,FALSE,GSE289435,GSM8791442_MLL_29538
observation.observation_s49,2p,loss,57,108,0.527777777777778,TRUE,GSE289435,GSM8791442_MLL_29538
observation.observation_s49,2q,loss,71,141,0.50354609929078,TRUE,GSE289435,GSM8791442_MLL_29538
observation.observation_s49,3p,loss,57,112,0.508928571428571,TRUE,GSE289435,GSM8791442_MLL_29538
observation.observation_s49,5p,loss,28,28,1,TRUE,GSE289435,GSM8791442_MLL_29538
observation.observation_s49,5q,loss,105,159,0.660377358490566,TRUE,GSE289435,GSM8791442_MLL_29538
observation.observation_s49,6p,loss,64,119,0.53781512605042,TRUE,GSE289435,GSM8791442_MLL_29538
observation.observation_s49,6q,loss,9,81,0.111111111111111,FALSE,GSE289435,GSM8791442_MLL_29538
observation.observation_s49,9q,loss,67,105,0.638095238095238,TRUE,GSE289435,GSM8791442_MLL_29538
observation.observation_s49,10p,gain,22,31,0.709677419354839,TRUE,GSE289435,GSM8791442_MLL_29538
observation.observation_s49,10q,gain,82,112,0.732142857142857,TRUE,GSE289435,GSM8791442_MLL_29538
observation.observation_s49,11p,gain,19,68,0.279411764705882,FALSE,GSE289435,GSM8791442_MLL_29538
observation.observation_s49,12p,gain,14,45,0.311111111111111,FALSE,GSE289435,GSM8791442_MLL_29538
observation.observation_s49,16q,gain,23,64,0.359375,FALSE,GSE289435,GSM8791442_MLL_29538
observation.observation_s49,17p,gain,65,65,1,TRUE,GSE289435,GSM8791442_MLL_29538
observation.observation_s49,17q,gain,59,166,0.355421686746988,FALSE,GSE289435,GSM8791442_MLL_29538
observation.observation_s49,17q,loss,62,166,0.373493975903614,FALSE,GSE289435,GSM8791442_MLL_29538
observation.observation_s49,18p,loss,19,19,1,TRUE,GSE289435,GSM8791442_MLL_29538
observation.observation_s49,18q,loss,30,30,1,TRUE,GSE289435,GSM8791442_MLL_29538
observation.observation_s49,19p,gain,106,160,0.6625,TRUE,GSE289435,GSM8791442_MLL_29538
observation.observation_s49,19q,gain,122,136,0.897058823529412,TRUE,GSE289435,GSM8791442_MLL_29538
observation.observation_s49,20q,gain,67,78,0.858974358974359,TRUE,GSE289435,GSM8791442_MLL_29538
observation.observation_s49,21q,gain,33,33,1,TRUE,GSE289435,GSM8791442_MLL_29538
observation.observation_s49,22q,gain,53,97,0.54639175257732,TRUE,GSE289435,GSM8791442_MLL_29538
observation.observation_s14,1p,gain,28,203,0.137931034482759,FALSE,GSE289435,GSM8791442_MLL_29538
observation.observation_s14,1q,gain,212,212,1,TRUE,GSE289435,GSM8791442_MLL_29538
observation.observation_s14,2p,loss,43,108,0.398148148148148,FALSE,GSE289435,GSM8791442_MLL_29538
observation.observation_s14,2p,gain,41,108,0.37962962962963,FALSE,GSE289435,GSM8791442_MLL_29538
observation.observation_s14,2q,gain,45,141,0.319148936170213,FALSE,GSE289435,GSM8791442_MLL_29538
observation.observation_s14,2q,loss,32,141,0.226950354609929,FALSE,GSE289435,GSM8791442_MLL_29538
observation.observation_s14,3p,loss,78,112,0.696428571428571,TRUE,GSE289435,GSM8791442_MLL_29538
observation.observation_s14,4p,gain,41,41,1,TRUE,GSE289435,GSM8791442_MLL_29538
observation.observation_s14,4q,gain,45,78,0.576923076923077,TRUE,GSE289435,GSM8791442_MLL_29538
observation.observation_s14,5p,gain,28,28,1,TRUE,GSE289435,GSM8791442_MLL_29538
observation.observation_s14,5q,gain,71,159,0.446540880503145,FALSE,GSE289435,GSM8791442_MLL_29538
observation.observation_s14,6p,gain,22,119,0.184873949579832,FALSE,GSE289435,GSM8791442_MLL_29538
observation.observation_s14,6p,loss,81,119,0.680672268907563,TRUE,GSE289435,GSM8791442_MLL_29538
observation.observation_s14,6q,loss,81,81,1,TRUE,GSE289435,GSM8791442_MLL_29538
observation.observation_s14,7q,gain,60,111,0.540540540540541,TRUE,GSE289435,GSM8791442_MLL_29538
observation.observation_s14,8p,gain,19,43,0.441860465116279,FALSE,GSE289435,GSM8791442_MLL_29538
observation.observation_s14,10p,gain,28,31,0.903225806451613,TRUE,GSE289435,GSM8791442_MLL_29538
observation.observation_s14,10q,gain,35,112,0.3125,FALSE,GSE289435,GSM8791442_MLL_29538
observation.observation_s14,11q,gain,66,143,0.461538461538462,FALSE,GSE289435,GSM8791442_MLL_29538
observation.observation_s14,12p,gain,35,45,0.777777777777778,TRUE,GSE289435,GSM8791442_MLL_29538
observation.observation_s14,12q,loss,25,166,0.150602409638554,FALSE,GSE289435,GSM8791442_MLL_29538
observation.observation_s14,14q,loss,53,128,0.4140625,FALSE,GSE289435,GSM8791442_MLL_29538
observation.observation_s14,15q,gain,121,121,1,TRUE,GSE289435,GSM8791442_MLL_29538
observation.observation_s14,16p,loss,53,93,0.56989247311828,TRUE,GSE289435,GSM8791442_MLL_29538
observation.observation_s14,17p,gain,65,65,1,TRUE,GSE289435,GSM8791442_MLL_29538
observation.observation_s14,17q,gain,131,166,0.789156626506024,TRUE,GSE289435,GSM8791442_MLL_29538
observation.observation_s14,19q,loss,110,136,0.808823529411765,TRUE,GSE289435,GSM8791442_MLL_29538
observation.observation_s32,1p,gain,57,203,0.280788177339901,FALSE,GSE289435,GSM8791442_MLL_29538
observation.observation_s32,1q,gain,155,212,0.731132075471698,TRUE,GSE289435,GSM8791442_MLL_29538
observation.observation_s32,2p,loss,56,108,0.518518518518519,TRUE,GSE289435,GSM8791442_MLL_29538
observation.observation_s32,2q,loss,65,141,0.460992907801419,FALSE,GSE289435,GSM8791442_MLL_29538
observation.observation_s32,4q,loss,65,78,0.833333333333333,TRUE,GSE289435,GSM8791442_MLL_29538
observation.observation_s32,5q,loss,48,159,0.30188679245283,FALSE,GSE289435,GSM8791442_MLL_29538
observation.observation_s32,5q,gain,37,159,0.232704402515723,FALSE,GSE289435,GSM8791442_MLL_29538
observation.observation_s32,6p,loss,69,119,0.579831932773109,TRUE,GSE289435,GSM8791442_MLL_29538
observation.observation_s32,6q,loss,54,81,0.666666666666667,TRUE,GSE289435,GSM8791442_MLL_29538
observation.observation_s32,10p,loss,8,31,0.258064516129032,FALSE,GSE289435,GSM8791442_MLL_29538
observation.observation_s32,10q,loss,57,112,0.508928571428571,TRUE,GSE289435,GSM8791442_MLL_29538
observation.observation_s32,12p,loss,6,45,0.133333333333333,FALSE,GSE289435,GSM8791442_MLL_29538
observation.observation_s32,12q,loss,29,166,0.174698795180723,FALSE,GSE289435,GSM8791442_MLL_29538
observation.observation_s32,14q,gain,128,128,1,TRUE,GSE289435,GSM8791442_MLL_29538
observation.observation_s32,15q,loss,33,121,0.272727272727273,FALSE,GSE289435,GSM8791442_MLL_29538
observation.observation_s32,16p,gain,9,93,0.0967741935483871,FALSE,GSE289435,GSM8791442_MLL_29538
observation.observation_s32,16q,gain,64,64,1,TRUE,GSE289435,GSM8791442_MLL_29538
observation.observation_s32,17p,gain,51,65,0.784615384615385,TRUE,GSE289435,GSM8791442_MLL_29538
observation.observation_s32,18p,loss,19,19,1,TRUE,GSE289435,GSM8791442_MLL_29538
observation.observation_s32,18q,loss,30,30,1,TRUE,GSE289435,GSM8791442_MLL_29538
observation.observation_s32,19p,gain,160,160,1,TRUE,GSE289435,GSM8791442_MLL_29538
observation.observation_s32,19q,gain,136,136,1,TRUE,GSE289435,GSM8791442_MLL_29538
observation.observation_s32,20p,gain,37,37,1,TRUE,GSE289435,GSM8791442_MLL_29538
observation.observation_s32,20q,gain,13,78,0.166666666666667,FALSE,GSE289435,GSM8791442_MLL_29538
observation.observation_s32,21q,gain,33,33,1,TRUE,GSE289435,GSM8791442_MLL_29538
observation.observation_s32,22q,gain,14,97,0.144329896907216,FALSE,GSE289435,GSM8791442_MLL_29538
observation.observation_s44,1p,gain,23,203,0.113300492610837,FALSE,GSE289435,GSM8791442_MLL_29538
observation.observation_s44,1q,gain,110,212,0.518867924528302,TRUE,GSE289435,GSM8791442_MLL_29538
observation.observation_s44,2p,loss,32,108,0.296296296296296,FALSE,GSE289435,GSM8791442_MLL_29538
observation.observation_s44,2q,gain,117,141,0.829787234042553,TRUE,GSE289435,GSM8791442_MLL_29538
observation.observation_s44,3p,gain,13,112,0.116071428571429,FALSE,GSE289435,GSM8791442_MLL_29538
observation.observation_s44,3q,gain,69,103,0.669902912621359,TRUE,GSE289435,GSM8791442_MLL_29538
observation.observation_s44,4q,loss,63,78,0.807692307692308,TRUE,GSE289435,GSM8791442_MLL_29538
observation.observation_s44,5p,gain,28,28,1,TRUE,GSE289435,GSM8791442_MLL_29538
observation.observation_s44,5q,gain,26,159,0.163522012578616,FALSE,GSE289435,GSM8791442_MLL_29538
observation.observation_s44,6p,loss,74,119,0.621848739495798,TRUE,GSE289435,GSM8791442_MLL_29538
observation.observation_s44,6q,loss,17,81,0.209876543209877,FALSE,GSE289435,GSM8791442_MLL_29538
observation.observation_s44,8p,gain,43,43,1,TRUE,GSE289435,GSM8791442_MLL_29538
observation.observation_s44,8q,gain,22,80,0.275,FALSE,GSE289435,GSM8791442_MLL_29538
observation.observation_s44,10q,gain,55,112,0.491071428571429,FALSE,GSE289435,GSM8791442_MLL_29538
observation.observation_s44,11q,gain,51,143,0.356643356643357,FALSE,GSE289435,GSM8791442_MLL_29538
observation.observation_s44,12q,gain,38,166,0.228915662650602,FALSE,GSE289435,GSM8791442_MLL_29538
observation.observation_s44,13q,loss,22,71,0.309859154929577,FALSE,GSE289435,GSM8791442_MLL_29538
observation.observation_s44,13q,gain,16,71,0.225352112676056,FALSE,GSE289435,GSM8791442_MLL_29538
observation.observation_s44,15q,gain,64,121,0.528925619834711,TRUE,GSE289435,GSM8791442_MLL_29538
observation.observation_s44,16p,gain,41,93,0.440860215053763,FALSE,GSE289435,GSM8791442_MLL_29538
observation.observation_s44,16q,gain,64,64,1,TRUE,GSE289435,GSM8791442_MLL_29538
observation.observation_s44,17p,gain,36,65,0.553846153846154,TRUE,GSE289435,GSM8791442_MLL_29538
observation.observation_s44,19q,loss,106,136,0.779411764705882,TRUE,GSE289435,GSM8791442_MLL_29538
observation.observation_s44,21q,loss,14,33,0.424242424242424,FALSE,GSE289435,GSM8791442_MLL_29538
observation.observation_s34,1p,gain,57,203,0.280788177339901,FALSE,GSE289435,GSM8791442_MLL_29538
observation.observation_s34,1q,gain,80,212,0.377358490566038,FALSE,GSE289435,GSM8791442_MLL_29538
observation.observation_s34,2p,loss,48,108,0.444444444444444,FALSE,GSE289435,GSM8791442_MLL_29538
observation.observation_s34,2p,gain,32,108,0.296296296296296,FALSE,GSE289435,GSM8791442_MLL_29538
observation.observation_s34,2q,gain,3,141,0.0212765957446809,FALSE,GSE289435,GSM8791442_MLL_29538
observation.observation_s34,2q,loss,95,141,0.673758865248227,TRUE,GSE289435,GSM8791442_MLL_29538
observation.observation_s34,3p,gain,112,112,1,TRUE,GSE289435,GSM8791442_MLL_29538
observation.observation_s34,3q,gain,40,103,0.388349514563107,FALSE,GSE289435,GSM8791442_MLL_29538
observation.observation_s34,3q,loss,24,103,0.233009708737864,FALSE,GSE289435,GSM8791442_MLL_29538
observation.observation_s34,5q,gain,47,159,0.29559748427673,FALSE,GSE289435,GSM8791442_MLL_29538
observation.observation_s34,8p,loss,43,43,1,TRUE,GSE289435,GSM8791442_MLL_29538
observation.observation_s34,8q,loss,22,80,0.275,FALSE,GSE289435,GSM8791442_MLL_29538
observation.observation_s34,12p,gain,45,45,1,TRUE,GSE289435,GSM8791442_MLL_29538
observation.observation_s34,12q,gain,36,166,0.216867469879518,FALSE,GSE289435,GSM8791442_MLL_29538
observation.observation_s34,16q,gain,16,64,0.25,FALSE,GSE289435,GSM8791442_MLL_29538
observation.observation_s34,17p,gain,62,65,0.953846153846154,TRUE,GSE289435,GSM8791442_MLL_29538
observation.observation_s34,17q,loss,33,166,0.198795180722892,FALSE,GSE289435,GSM8791442_MLL_29538
observation.observation_s34,18p,loss,19,19,1,TRUE,GSE289435,GSM8791442_MLL_29538
observation.observation_s34,18q,loss,30,30,1,TRUE,GSE289435,GSM8791442_MLL_29538
observation.observation_s34,19p,gain,75,160,0.46875,FALSE,GSE289435,GSM8791442_MLL_29538
observation.observation_s34,19q,gain,33,136,0.242647058823529,FALSE,GSE289435,GSM8791442_MLL_29538
observation.observation_s48,1q,gain,49,212,0.231132075471698,FALSE,GSE289435,GSM8791442_MLL_29538
observation.observation_s48,3p,gain,32,112,0.285714285714286,FALSE,GSE289435,GSM8791442_MLL_29538
observation.observation_s48,6p,loss,100,119,0.840336134453782,TRUE,GSE289435,GSM8791442_MLL_29538
observation.observation_s48,6q,loss,38,81,0.469135802469136,FALSE,GSE289435,GSM8791442_MLL_29538
observation.observation_s48,8p,gain,43,43,1,TRUE,GSE289435,GSM8791442_MLL_29538
observation.observation_s48,8q,gain,80,80,1,TRUE,GSE289435,GSM8791442_MLL_29538
observation.observation_s48,11p,gain,22,68,0.323529411764706,FALSE,GSE289435,GSM8791442_MLL_29538
observation.observation_s48,12p,gain,19,45,0.422222222222222,FALSE,GSE289435,GSM8791442_MLL_29538
observation.observation_s48,14q,gain,82,128,0.640625,TRUE,GSE289435,GSM8791442_MLL_29538
observation.observation_s48,16p,gain,34,93,0.365591397849462,FALSE,GSE289435,GSM8791442_MLL_29538
observation.observation_s48,17p,gain,65,65,1,TRUE,GSE289435,GSM8791442_MLL_29538
observation.observation_s48,17q,gain,5,166,0.0301204819277108,FALSE,GSE289435,GSM8791442_MLL_29538
observation.observation_s48,19p,gain,160,160,1,TRUE,GSE289435,GSM8791442_MLL_29538
observation.observation_s48,19q,gain,45,136,0.330882352941176,FALSE,GSE289435,GSM8791442_MLL_29538
observation.observation_s48,22q,gain,97,97,1,TRUE,GSE289435,GSM8791442_MLL_29538
observation.observation_s41,1p,gain,80,203,0.394088669950739,FALSE,GSE289435,GSM8791442_MLL_29538
observation.observation_s41,1q,gain,70,212,0.330188679245283,FALSE,GSE289435,GSM8791442_MLL_29538
observation.observation_s41,1q,loss,86,212,0.405660377358491,FALSE,GSE289435,GSM8791442_MLL_29538
observation.observation_s41,2p,loss,66,108,0.611111111111111,TRUE,GSE289435,GSM8791442_MLL_29538
observation.observation_s41,2q,loss,86,141,0.609929078014184,TRUE,GSE289435,GSM8791442_MLL_29538
observation.observation_s41,4p,gain,41,41,1,TRUE,GSE289435,GSM8791442_MLL_29538
observation.observation_s41,4q,gain,78,78,1,TRUE,GSE289435,GSM8791442_MLL_29538
observation.observation_s41,5q,loss,47,159,0.29559748427673,FALSE,GSE289435,GSM8791442_MLL_29538
observation.observation_s41,6p,gain,26,119,0.218487394957983,FALSE,GSE289435,GSM8791442_MLL_29538
observation.observation_s41,6p,loss,70,119,0.588235294117647,TRUE,GSE289435,GSM8791442_MLL_29538
observation.observation_s41,6q,loss,45,81,0.555555555555556,TRUE,GSE289435,GSM8791442_MLL_29538
observation.observation_s41,7p,gain,49,70,0.7,TRUE,GSE289435,GSM8791442_MLL_29538
observation.observation_s41,7q,gain,27,111,0.243243243243243,FALSE,GSE289435,GSM8791442_MLL_29538
observation.observation_s41,7q,loss,26,111,0.234234234234234,FALSE,GSE289435,GSM8791442_MLL_29538
observation.observation_s41,9p,gain,34,34,1,TRUE,GSE289435,GSM8791442_MLL_29538
observation.observation_s41,9q,gain,49,105,0.466666666666667,FALSE,GSE289435,GSM8791442_MLL_29538
observation.observation_s41,11p,gain,41,68,0.602941176470588,TRUE,GSE289435,GSM8791442_MLL_29538
observation.observation_s41,12p,gain,25,45,0.555555555555556,TRUE,GSE289435,GSM8791442_MLL_29538
observation.observation_s41,12q,gain,56,166,0.337349397590361,FALSE,GSE289435,GSM8791442_MLL_29538
observation.observation_s41,15q,gain,59,121,0.487603305785124,FALSE,GSE289435,GSM8791442_MLL_29538
observation.observation_s41,15q,loss,22,121,0.181818181818182,FALSE,GSE289435,GSM8791442_MLL_29538
observation.observation_s41,16p,gain,38,93,0.408602150537634,FALSE,GSE289435,GSM8791442_MLL_29538
observation.observation_s41,16q,gain,26,64,0.40625,FALSE,GSE289435,GSM8791442_MLL_29538
observation.observation_s41,17p,gain,65,65,1,TRUE,GSE289435,GSM8791442_MLL_29538
observation.observation_s41,17q,gain,36,166,0.216867469879518,FALSE,GSE289435,GSM8791442_MLL_29538
observation.observation_s41,19p,gain,107,160,0.66875,TRUE,GSE289435,GSM8791442_MLL_29538
observation.observation_s41,19q,gain,47,136,0.345588235294118,FALSE,GSE289435,GSM8791442_MLL_29538
observation.observation_s41,21q,gain,33,33,1,TRUE,GSE289435,GSM8791442_MLL_29538
observation.observation_s47,1p,loss,85,203,0.41871921182266,FALSE,GSE289435,GSM8791442_MLL_29538
observation.observation_s47,1q,gain,61,212,0.287735849056604,FALSE,GSE289435,GSM8791442_MLL_29538
observation.observation_s47,2p,gain,107,108,0.990740740740741,TRUE,GSE289435,GSM8791442_MLL_29538
observation.observation_s47,2q,gain,26,141,0.184397163120567,FALSE,GSE289435,GSM8791442_MLL_29538
observation.observation_s47,2q,loss,61,141,0.432624113475177,FALSE,GSE289435,GSM8791442_MLL_29538
observation.observation_s47,3p,loss,4,112,0.0357142857142857,FALSE,GSE289435,GSM8791442_MLL_29538
observation.observation_s47,3q,loss,103,103,1,TRUE,GSE289435,GSM8791442_MLL_29538
observation.observation_s47,4p,loss,24,41,0.585365853658537,TRUE,GSE289435,GSM8791442_MLL_29538
observation.observation_s47,5q,gain,17,159,0.106918238993711,FALSE,GSE289435,GSM8791442_MLL_29538
observation.observation_s47,6p,loss,86,119,0.722689075630252,TRUE,GSE289435,GSM8791442_MLL_29538
observation.observation_s47,6q,gain,52,81,0.641975308641975,TRUE,GSE289435,GSM8791442_MLL_29538
observation.observation_s47,7p,loss,11,70,0.157142857142857,FALSE,GSE289435,GSM8791442_MLL_29538
observation.observation_s47,7q,loss,59,111,0.531531531531532,TRUE,GSE289435,GSM8791442_MLL_29538
observation.observation_s47,8p,loss,35,43,0.813953488372093,TRUE,GSE289435,GSM8791442_MLL_29538
observation.observation_s47,9q,gain,74,105,0.704761904761905,TRUE,GSE289435,GSM8791442_MLL_29538
observation.observation_s47,10p,gain,31,31,1,TRUE,GSE289435,GSM8791442_MLL_29538
observation.observation_s47,10q,gain,112,112,1,TRUE,GSE289435,GSM8791442_MLL_29538
observation.observation_s47,11p,gain,37,68,0.544117647058824,TRUE,GSE289435,GSM8791442_MLL_29538
observation.observation_s47,11q,gain,84,143,0.587412587412587,TRUE,GSE289435,GSM8791442_MLL_29538
observation.observation_s47,12p,gain,45,45,1,TRUE,GSE289435,GSM8791442_MLL_29538
observation.observation_s47,12q,gain,61,166,0.367469879518072,FALSE,GSE289435,GSM8791442_MLL_29538
observation.observation_s47,12q,loss,85,166,0.512048192771084,TRUE,GSE289435,GSM8791442_MLL_29538
observation.observation_s47,15q,gain,60,121,0.495867768595041,FALSE,GSE289435,GSM8791442_MLL_29538
observation.observation_s47,15q,loss,26,121,0.214876033057851,FALSE,GSE289435,GSM8791442_MLL_29538
observation.observation_s47,16p,gain,32,93,0.344086021505376,FALSE,GSE289435,GSM8791442_MLL_29538
observation.observation_s47,16q,gain,32,64,0.5,TRUE,GSE289435,GSM8791442_MLL_29538
observation.observation_s47,17p,gain,65,65,1,TRUE,GSE289435,GSM8791442_MLL_29538
observation.observation_s47,17q,gain,54,166,0.325301204819277,FALSE,GSE289435,GSM8791442_MLL_29538
observation.observation_s47,19p,gain,76,160,0.475,FALSE,GSE289435,GSM8791442_MLL_29538
observation.observation_s47,19q,loss,37,136,0.272058823529412,FALSE,GSE289435,GSM8791442_MLL_29538
observation.observation_s47,19q,gain,26,136,0.191176470588235,FALSE,GSE289435,GSM8791442_MLL_29538
observation.observation_s47,20q,loss,57,78,0.730769230769231,TRUE,GSE289435,GSM8791442_MLL_29538
observation.observation_s47,21q,gain,33,33,1,TRUE,GSE289435,GSM8791442_MLL_29538
observation.observation_s47,22q,gain,47,97,0.484536082474227,FALSE,GSE289435,GSM8791442_MLL_29538
observation.observation_s50,1p,loss,62,203,0.305418719211823,FALSE,GSE289435,GSM8791442_MLL_29538
observation.observation_s50,1q,gain,75,212,0.35377358490566,FALSE,GSE289435,GSM8791442_MLL_29538
observation.observation_s50,2p,loss,61,108,0.564814814814815,TRUE,GSE289435,GSM8791442_MLL_29538
observation.observation_s50,3p,loss,71,112,0.633928571428571,TRUE,GSE289435,GSM8791442_MLL_29538
observation.observation_s50,3q,gain,38,103,0.368932038834951,FALSE,GSE289435,GSM8791442_MLL_29538
observation.observation_s50,4p,loss,33,41,0.804878048780488,TRUE,GSE289435,GSM8791442_MLL_29538
observation.observation_s50,4q,loss,46,78,0.58974358974359,TRUE,GSE289435,GSM8791442_MLL_29538
observation.observation_s50,5p,gain,28,28,1,TRUE,GSE289435,GSM8791442_MLL_29538
observation.observation_s50,5q,gain,48,159,0.30188679245283,FALSE,GSE289435,GSM8791442_MLL_29538
observation.observation_s50,5q,loss,48,159,0.30188679245283,FALSE,GSE289435,GSM8791442_MLL_29538
observation.observation_s50,6p,gain,47,119,0.394957983193277,FALSE,GSE289435,GSM8791442_MLL_29538
observation.observation_s50,6p,loss,54,119,0.453781512605042,FALSE,GSE289435,GSM8791442_MLL_29538
observation.observation_s50,6q,loss,37,81,0.45679012345679,FALSE,GSE289435,GSM8791442_MLL_29538
observation.observation_s50,7p,gain,23,70,0.328571428571429,FALSE,GSE289435,GSM8791442_MLL_29538
observation.observation_s50,7p,loss,27,70,0.385714285714286,FALSE,GSE289435,GSM8791442_MLL_29538
observation.observation_s50,7q,loss,84,111,0.756756756756757,TRUE,GSE289435,GSM8791442_MLL_29538
observation.observation_s50,8p,loss,43,43,1,TRUE,GSE289435,GSM8791442_MLL_29538
observation.observation_s50,8q,loss,23,80,0.2875,FALSE,GSE289435,GSM8791442_MLL_29538
observation.observation_s50,9q,gain,82,105,0.780952380952381,TRUE,GSE289435,GSM8791442_MLL_29538
observation.observation_s50,10p,loss,31,31,1,TRUE,GSE289435,GSM8791442_MLL_29538
observation.observation_s50,10q,loss,112,112,1,TRUE,GSE289435,GSM8791442_MLL_29538
observation.observation_s50,11p,gain,68,68,1,TRUE,GSE289435,GSM8791442_MLL_29538
observation.observation_s50,11q,gain,85,143,0.594405594405594,TRUE,GSE289435,GSM8791442_MLL_29538
observation.observation_s50,12p,gain,45,45,1,TRUE,GSE289435,GSM8791442_MLL_29538
observation.observation_s50,12q,gain,78,166,0.469879518072289,FALSE,GSE289435,GSM8791442_MLL_29538
observation.observation_s50,13q,loss,21,71,0.295774647887324,FALSE,GSE289435,GSM8791442_MLL_29538
observation.observation_s50,14q,gain,24,128,0.1875,FALSE,GSE289435,GSM8791442_MLL_29538
observation.observation_s50,15q,gain,45,121,0.371900826446281,FALSE,GSE289435,GSM8791442_MLL_29538
observation.observation_s50,15q,loss,39,121,0.322314049586777,FALSE,GSE289435,GSM8791442_MLL_29538
observation.observation_s50,16p,gain,38,93,0.408602150537634,FALSE,GSE289435,GSM8791442_MLL_29538
observation.observation_s50,16q,gain,64,64,1,TRUE,GSE289435,GSM8791442_MLL_29538
observation.observation_s50,17p,gain,65,65,1,TRUE,GSE289435,GSM8791442_MLL_29538
observation.observation_s50,17q,gain,73,166,0.439759036144578,FALSE,GSE289435,GSM8791442_MLL_29538
observation.observation_s50,18p,loss,19,19,1,TRUE,GSE289435,GSM8791442_MLL_29538
observation.observation_s50,18q,loss,30,30,1,TRUE,GSE289435,GSM8791442_MLL_29538
observation.observation_s50,19p,gain,160,160,1,TRUE,GSE289435,GSM8791442_MLL_29538
observation.observation_s50,19q,gain,45,136,0.330882352941176,FALSE,GSE289435,GSM8791442_MLL_29538
observation.observation_s50,20p,gain,37,37,1,TRUE,GSE289435,GSM8791442_MLL_29538
observation.observation_s50,20q,gain,78,78,1,TRUE,GSE289435,GSM8791442_MLL_29538
observation.observation_s50,21q,gain,33,33,1,TRUE,GSE289435,GSM8791442_MLL_29538
observation.observation_s51,1p,gain,135,203,0.665024630541872,TRUE,GSE289435,GSM8791442_MLL_29538
observation.observation_s51,1q,gain,141,212,0.665094339622642,TRUE,GSE289435,GSM8791442_MLL_29538
observation.observation_s51,2p,loss,24,108,0.222222222222222,FALSE,GSE289435,GSM8791442_MLL_29538
observation.observation_s51,2q,loss,82,141,0.581560283687943,TRUE,GSE289435,GSM8791442_MLL_29538
observation.observation_s51,2q,gain,9,141,0.0638297872340426,FALSE,GSE289435,GSM8791442_MLL_29538
observation.observation_s51,3p,loss,82,112,0.732142857142857,TRUE,GSE289435,GSM8791442_MLL_29538
observation.observation_s51,3p,gain,18,112,0.160714285714286,FALSE,GSE289435,GSM8791442_MLL_29538
observation.observation_s51,3q,gain,89,103,0.864077669902913,TRUE,GSE289435,GSM8791442_MLL_29538
observation.observation_s51,4p,loss,13,41,0.317073170731707,FALSE,GSE289435,GSM8791442_MLL_29538
observation.observation_s51,4p,gain,9,41,0.219512195121951,FALSE,GSE289435,GSM8791442_MLL_29538
observation.observation_s51,4q,gain,78,78,1,TRUE,GSE289435,GSM8791442_MLL_29538
observation.observation_s51,5q,loss,67,159,0.421383647798742,FALSE,GSE289435,GSM8791442_MLL_29538
observation.observation_s51,5q,gain,63,159,0.39622641509434,FALSE,GSE289435,GSM8791442_MLL_29538
observation.observation_s51,6p,loss,66,119,0.554621848739496,TRUE,GSE289435,GSM8791442_MLL_29538
observation.observation_s51,7p,loss,39,70,0.557142857142857,TRUE,GSE289435,GSM8791442_MLL_29538
observation.observation_s51,7q,loss,61,111,0.54954954954955,TRUE,GSE289435,GSM8791442_MLL_29538
observation.observation_s51,8p,gain,24,43,0.558139534883721,TRUE,GSE289435,GSM8791442_MLL_29538
observation.observation_s51,9p,gain,34,34,1,TRUE,GSE289435,GSM8791442_MLL_29538
observation.observation_s51,9q,gain,24,105,0.228571428571429,FALSE,GSE289435,GSM8791442_MLL_29538
observation.observation_s51,9q,loss,55,105,0.523809523809524,TRUE,GSE289435,GSM8791442_MLL_29538
observation.observation_s51,10q,gain,63,112,0.5625,TRUE,GSE289435,GSM8791442_MLL_29538
observation.observation_s51,11q,gain,71,143,0.496503496503497,FALSE,GSE289435,GSM8791442_MLL_29538
observation.observation_s51,11q,loss,24,143,0.167832167832168,FALSE,GSE289435,GSM8791442_MLL_29538
observation.observation_s51,12p,gain,13,45,0.288888888888889,FALSE,GSE289435,GSM8791442_MLL_29538
observation.observation_s51,12p,loss,16,45,0.355555555555556,FALSE,GSE289435,GSM8791442_MLL_29538
observation.observation_s51,12q,loss,86,166,0.518072289156627,TRUE,GSE289435,GSM8791442_MLL_29538
observation.observation_s51,13q,loss,53,71,0.746478873239437,TRUE,GSE289435,GSM8791442_MLL_29538
observation.observation_s51,14q,gain,33,128,0.2578125,FALSE,GSE289435,GSM8791442_MLL_29538
observation.observation_s51,14q,loss,48,128,0.375,FALSE,GSE289435,GSM8791442_MLL_29538
observation.observation_s51,15q,loss,104,121,0.859504132231405,TRUE,GSE289435,GSM8791442_MLL_29538
observation.observation_s51,16p,gain,71,93,0.763440860215054,TRUE,GSE289435,GSM8791442_MLL_29538
observation.observation_s51,16q,gain,22,64,0.34375,FALSE,GSE289435,GSM8791442_MLL_29538
observation.observation_s51,17p,gain,30,65,0.461538461538462,FALSE,GSE289435,GSM8791442_MLL_29538
observation.observation_s51,17q,loss,33,166,0.198795180722892,FALSE,GSE289435,GSM8791442_MLL_29538
observation.observation_s51,17q,gain,84,166,0.506024096385542,TRUE,GSE289435,GSM8791442_MLL_29538
observation.observation_s51,18q,loss,17,30,0.566666666666667,TRUE,GSE289435,GSM8791442_MLL_29538
observation.observation_s51,19p,gain,141,160,0.88125,TRUE,GSE289435,GSM8791442_MLL_29538
observation.observation_s51,19q,loss,95,136,0.698529411764706,TRUE,GSE289435,GSM8791442_MLL_29538
observation.observation_s51,20p,gain,24,37,0.648648648648649,TRUE,GSE289435,GSM8791442_MLL_29538
observation.observation_s51,20q,gain,23,78,0.294871794871795,FALSE,GSE289435,GSM8791442_MLL_29538
observation.observation_s51,21q,gain,33,33,1,TRUE,GSE289435,GSM8791442_MLL_29538
observation.observation_s51,22q,gain,18,97,0.185567010309278,FALSE,GSE289435,GSM8791442_MLL_29538
observation.observation_s52,1p,gain,74,203,0.364532019704434,FALSE,GSE289435,GSM8791442_MLL_29538
observation.observation_s52,1q,gain,212,212,1,TRUE,GSE289435,GSM8791442_MLL_29538
observation.observation_s52,2p,loss,61,108,0.564814814814815,TRUE,GSE289435,GSM8791442_MLL_29538
observation.observation_s52,2p,gain,19,108,0.175925925925926,FALSE,GSE289435,GSM8791442_MLL_29538
observation.observation_s52,2q,gain,28,141,0.198581560283688,FALSE,GSE289435,GSM8791442_MLL_29538
observation.observation_s52,2q,loss,60,141,0.425531914893617,FALSE,GSE289435,GSM8791442_MLL_29538
observation.observation_s52,3p,gain,47,112,0.419642857142857,FALSE,GSE289435,GSM8791442_MLL_29538
observation.observation_s52,3q,loss,89,103,0.864077669902913,TRUE,GSE289435,GSM8791442_MLL_29538
observation.observation_s52,4p,loss,41,41,1,TRUE,GSE289435,GSM8791442_MLL_29538
observation.observation_s52,4q,loss,78,78,1,TRUE,GSE289435,GSM8791442_MLL_29538
observation.observation_s52,5q,loss,52,159,0.327044025157233,FALSE,GSE289435,GSM8791442_MLL_29538
observation.observation_s52,6p,gain,49,119,0.411764705882353,FALSE,GSE289435,GSM8791442_MLL_29538
observation.observation_s52,6p,loss,27,119,0.226890756302521,FALSE,GSE289435,GSM8791442_MLL_29538
observation.observation_s52,6q,loss,59,81,0.728395061728395,TRUE,GSE289435,GSM8791442_MLL_29538
observation.observation_s52,7p,gain,42,70,0.6,TRUE,GSE289435,GSM8791442_MLL_29538
observation.observation_s52,7q,gain,63,111,0.567567567567568,TRUE,GSE289435,GSM8791442_MLL_29538
observation.observation_s52,8q,loss,53,80,0.6625,TRUE,GSE289435,GSM8791442_MLL_29538
observation.observation_s52,9p,loss,34,34,1,TRUE,GSE289435,GSM8791442_MLL_29538
observation.observation_s52,9q,loss,105,105,1,TRUE,GSE289435,GSM8791442_MLL_29538
observation.observation_s52,10p,loss,31,31,1,TRUE,GSE289435,GSM8791442_MLL_29538
observation.observation_s52,10q,loss,4,112,0.0357142857142857,FALSE,GSE289435,GSM8791442_MLL_29538
observation.observation_s52,10q,gain,79,112,0.705357142857143,TRUE,GSE289435,GSM8791442_MLL_29538
observation.observation_s52,11p,gain,30,68,0.441176470588235,FALSE,GSE289435,GSM8791442_MLL_29538
observation.observation_s52,11q,gain,70,143,0.48951048951049,FALSE,GSE289435,GSM8791442_MLL_29538
observation.observation_s52,12p,gain,45,45,1,TRUE,GSE289435,GSM8791442_MLL_29538
observation.observation_s52,12q,gain,111,166,0.668674698795181,TRUE,GSE289435,GSM8791442_MLL_29538
observation.observation_s52,13q,loss,31,71,0.436619718309859,FALSE,GSE289435,GSM8791442_MLL_29538
observation.observation_s52,15q,gain,53,121,0.43801652892562,FALSE,GSE289435,GSM8791442_MLL_29538
observation.observation_s52,16p,gain,14,93,0.150537634408602,FALSE,GSE289435,GSM8791442_MLL_29538
observation.observation_s52,16q,gain,19,64,0.296875,FALSE,GSE289435,GSM8791442_MLL_29538
observation.observation_s52,17p,gain,29,65,0.446153846153846,FALSE,GSE289435,GSM8791442_MLL_29538
observation.observation_s52,17p,loss,2,65,0.0307692307692308,FALSE,GSE289435,GSM8791442_MLL_29538
observation.observation_s52,17q,loss,78,166,0.469879518072289,FALSE,GSE289435,GSM8791442_MLL_29538
observation.observation_s52,18p,loss,19,19,1,TRUE,GSE289435,GSM8791442_MLL_29538
observation.observation_s52,18q,loss,30,30,1,TRUE,GSE289435,GSM8791442_MLL_29538
observation.observation_s52,19p,gain,78,160,0.4875,FALSE,GSE289435,GSM8791442_MLL_29538
observation.observation_s52,19q,gain,50,136,0.367647058823529,FALSE,GSE289435,GSM8791442_MLL_29538
observation.observation_s52,19q,loss,10,136,0.0735294117647059,FALSE,GSE289435,GSM8791442_MLL_29538
observation.observation_s52,22q,gain,57,97,0.587628865979382,TRUE,GSE289435,GSM8791442_MLL_29538
reference_normal.reference_normal_s2,6p,gain,45,119,0.378151260504202,FALSE,GSE289435,GSM8791442_MLL_29538
reference_normal.reference_normal_s2,19q,gain,106,136,0.779411764705882,TRUE,GSE289435,GSM8791442_MLL_29538
reference_normal.reference_normal_s9,6p,gain,57,119,0.478991596638655,FALSE,GSE289435,GSM8791442_MLL_29538
reference_normal.reference_normal_s9,19q,gain,111,136,0.816176470588235,TRUE,GSE289435,GSM8791442_MLL_29538
reference_normal.reference_normal_s1,1p,gain,46,203,0.226600985221675,FALSE,GSE289435,GSM8791442_MLL_29538
reference_normal.reference_normal_s1,1q,gain,35,212,0.165094339622642,FALSE,GSE289435,GSM8791442_MLL_29538
reference_normal.reference_normal_s1,6p,loss,49,119,0.411764705882353,FALSE,GSE289435,GSM8791442_MLL_29538
reference_normal.reference_normal_s7,7p,gain,70,70,1,TRUE,GSE289435,GSM8791442_MLL_29538
reference_normal.reference_normal_s7,7q,gain,25,111,0.225225225225225,FALSE,GSE289435,GSM8791442_MLL_29538
reference_normal.reference_normal_s10,5q,gain,45,159,0.283018867924528,FALSE,GSE289435,GSM8791442_MLL_29538
reference_normal.reference_normal_s10,19q,gain,74,136,0.544117647058824,TRUE,GSE289435,GSM8791442_MLL_29538
reference_normal.reference_normal_s3,1q,gain,54,212,0.254716981132076,FALSE,GSE289435,GSM8791442_MLL_29538
reference_normal.reference_normal_s3,6p,gain,66,119,0.554621848739496,TRUE,GSE289435,GSM8791442_MLL_29538
reference_normal.reference_normal_s3,6q,gain,38,81,0.469135802469136,FALSE,GSE289435,GSM8791442_MLL_29538
reference_normal.reference_normal_s12,1q,gain,88,212,0.415094339622642,FALSE,GSE289435,GSM8791442_MLL_29538
reference_normal.reference_normal_s12,3p,gain,15,112,0.133928571428571,FALSE,GSE289435,GSM8791442_MLL_29538
reference_normal.reference_normal_s12,3q,gain,84,103,0.815533980582524,TRUE,GSE289435,GSM8791442_MLL_29538
reference_normal.reference_normal_s12,6p,loss,47,119,0.394957983193277,FALSE,GSE289435,GSM8791442_MLL_29538
reference_normal.reference_normal_s12,6q,gain,62,81,0.765432098765432,TRUE,GSE289435,GSM8791442_MLL_29538
reference_normal.reference_normal_s12,7q,gain,108,111,0.972972972972973,TRUE,GSE289435,GSM8791442_MLL_29538
reference_normal.reference_normal_s12,8q,loss,61,80,0.7625,TRUE,GSE289435,GSM8791442_MLL_29538
reference_normal.reference_normal_s12,9p,gain,7,34,0.205882352941176,FALSE,GSE289435,GSM8791442_MLL_29538
reference_normal.reference_normal_s12,9q,gain,25,105,0.238095238095238,FALSE,GSE289435,GSM8791442_MLL_29538
reference_normal.reference_normal_s12,9q,loss,48,105,0.457142857142857,FALSE,GSE289435,GSM8791442_MLL_29538
reference_normal.reference_normal_s12,10p,gain,31,31,1,TRUE,GSE289435,GSM8791442_MLL_29538
reference_normal.reference_normal_s12,10q,gain,112,112,1,TRUE,GSE289435,GSM8791442_MLL_29538
reference_normal.reference_normal_s12,12q,loss,33,166,0.198795180722892,FALSE,GSE289435,GSM8791442_MLL_29538
reference_normal.reference_normal_s12,13q,gain,14,71,0.197183098591549,FALSE,GSE289435,GSM8791442_MLL_29538
reference_normal.reference_normal_s12,15q,loss,11,121,0.0909090909090909,FALSE,GSE289435,GSM8791442_MLL_29538
reference_normal.reference_normal_s12,17p,loss,17,65,0.261538461538462,FALSE,GSE289435,GSM8791442_MLL_29538
reference_normal.reference_normal_s12,17q,loss,42,166,0.253012048192771,FALSE,GSE289435,GSM8791442_MLL_29538
reference_normal.reference_normal_s12,18p,gain,19,19,1,TRUE,GSE289435,GSM8791442_MLL_29538
reference_normal.reference_normal_s12,18q,gain,3,30,0.1,FALSE,GSE289435,GSM8791442_MLL_29538
reference_normal.reference_normal_s12,19p,loss,111,160,0.69375,TRUE,GSE289435,GSM8791442_MLL_29538
reference_normal.reference_normal_s12,19q,loss,136,136,1,TRUE,GSE289435,GSM8791442_MLL_29538
reference_normal.reference_normal_s12,20p,gain,37,37,1,TRUE,GSE289435,GSM8791442_MLL_29538
reference_normal.reference_normal_s12,20q,gain,38,78,0.487179487179487,FALSE,GSE289435,GSM8791442_MLL_29538
reference_normal.reference_normal_s12,20q,loss,16,78,0.205128205128205,FALSE,GSE289435,GSM8791442_MLL_29538
reference_normal.reference_normal_s12,21q,gain,33,33,1,TRUE,GSE289435,GSM8791442_MLL_29538
reference_normal.reference_normal_s13,9q,gain,59,105,0.561904761904762,TRUE,GSE289435,GSM8791442_MLL_29538
reference_normal.reference_normal_s13,19q,gain,87,136,0.639705882352941,TRUE,GSE289435,GSM8791442_MLL_29538
reference_normal.reference_normal_s4,2p,gain,83,108,0.768518518518519,TRUE,GSE289435,GSM8791442_MLL_29538
reference_normal.reference_normal_s4,2q,gain,141,141,1,TRUE,GSE289435,GSM8791442_MLL_29538
reference_normal.reference_normal_s4,4p,gain,41,41,1,TRUE,GSE289435,GSM8791442_MLL_29538
reference_normal.reference_normal_s4,4q,gain,53,78,0.67948717948718,TRUE,GSE289435,GSM8791442_MLL_29538
reference_normal.reference_normal_s4,5p,gain,28,28,1,TRUE,GSE289435,GSM8791442_MLL_29538
reference_normal.reference_normal_s4,5q,gain,71,159,0.446540880503145,FALSE,GSE289435,GSM8791442_MLL_29538
reference_normal.reference_normal_s4,6p,loss,72,119,0.605042016806723,TRUE,GSE289435,GSM8791442_MLL_29538
reference_normal.reference_normal_s11,16q,gain,26,64,0.40625,FALSE,GSE289435,GSM8791442_MLL_29538
reference_normal.reference_normal_s11,17q,gain,58,166,0.349397590361446,FALSE,GSE289435,GSM8791442_MLL_29538
reference_normal.reference_normal_s11,19p,gain,56,160,0.35,FALSE,GSE289435,GSM8791442_MLL_29538
reference_normal.reference_normal_s5,1p,gain,36,203,0.177339901477833,FALSE,GSE289435,GSM8791442_MLL_29538
reference_normal.reference_normal_s5,1q,gain,42,212,0.19811320754717,FALSE,GSE289435,GSM8791442_MLL_29538
reference_normal.reference_normal_s5,2p,gain,75,108,0.694444444444445,TRUE,GSE289435,GSM8791442_MLL_29538
reference_normal.reference_normal_s5,4p,gain,41,41,1,TRUE,GSE289435,GSM8791442_MLL_29538
reference_normal.reference_normal_s5,4q,gain,30,78,0.384615384615385,FALSE,GSE289435,GSM8791442_MLL_29538
reference_normal.reference_normal_s5,5p,gain,28,28,1,TRUE,GSE289435,GSM8791442_MLL_29538
reference_normal.reference_normal_s5,5q,gain,114,159,0.716981132075472,TRUE,GSE289435,GSM8791442_MLL_29538
reference_normal.reference_normal_s5,6p,loss,61,119,0.512605042016807,TRUE,GSE289435,GSM8791442_MLL_29538
reference_normal.reference_normal_s5,8p,gain,28,43,0.651162790697675,TRUE,GSE289435,GSM8791442_MLL_29538
reference_normal.reference_normal_s5,8q,loss,33,80,0.4125,FALSE,GSE289435,GSM8791442_MLL_29538
reference_normal.reference_normal_s5,9p,gain,34,34,1,TRUE,GSE289435,GSM8791442_MLL_29538
reference_normal.reference_normal_s5,9q,gain,29,105,0.276190476190476,FALSE,GSE289435,GSM8791442_MLL_29538
reference_normal.reference_normal_s5,10p,gain,31,31,1,TRUE,GSE289435,GSM8791442_MLL_29538
reference_normal.reference_normal_s5,10q,gain,74,112,0.660714285714286,TRUE,GSE289435,GSM8791442_MLL_29538
reference_normal.reference_normal_s5,11q,gain,34,143,0.237762237762238,FALSE,GSE289435,GSM8791442_MLL_29538
reference_normal.reference_normal_s5,12p,gain,38,45,0.844444444444445,TRUE,GSE289435,GSM8791442_MLL_29538
reference_normal.reference_normal_s5,15q,gain,48,121,0.396694214876033,FALSE,GSE289435,GSM8791442_MLL_29538
reference_normal.reference_normal_s5,16p,gain,31,93,0.333333333333333,FALSE,GSE289435,GSM8791442_MLL_29538
reference_normal.reference_normal_s5,16q,gain,30,64,0.46875,FALSE,GSE289435,GSM8791442_MLL_29538
reference_normal.reference_normal_s5,19q,loss,97,136,0.713235294117647,TRUE,GSE289435,GSM8791442_MLL_29538
reference_normal.reference_normal_s5,20p,gain,9,37,0.243243243243243,FALSE,GSE289435,GSM8791442_MLL_29538
reference_normal.reference_normal_s5,20q,gain,60,78,0.769230769230769,TRUE,GSE289435,GSM8791442_MLL_29538
reference_normal.reference_normal_s5,21q,gain,33,33,1,TRUE,GSE289435,GSM8791442_MLL_29538
reference_normal.reference_normal_s8,1p,gain,37,203,0.182266009852217,FALSE,GSE289435,GSM8791442_MLL_29538
reference_normal.reference_normal_s8,1q,gain,19,212,0.089622641509434,FALSE,GSE289435,GSM8791442_MLL_29538
reference_normal.reference_normal_s8,2q,gain,74,141,0.524822695035461,TRUE,GSE289435,GSM8791442_MLL_29538
reference_normal.reference_normal_s8,3p,gain,6,112,0.0535714285714286,FALSE,GSE289435,GSM8791442_MLL_29538
reference_normal.reference_normal_s8,3q,gain,84,103,0.815533980582524,TRUE,GSE289435,GSM8791442_MLL_29538
reference_normal.reference_normal_s8,5q,loss,22,159,0.138364779874214,FALSE,GSE289435,GSM8791442_MLL_29538
reference_normal.reference_normal_s8,6p,gain,36,119,0.302521008403361,FALSE,GSE289435,GSM8791442_MLL_29538
reference_normal.reference_normal_s8,9q,loss,25,105,0.238095238095238,FALSE,GSE289435,GSM8791442_MLL_29538
reference_normal.reference_normal_s8,11q,gain,121,143,0.846153846153846,TRUE,GSE289435,GSM8791442_MLL_29538
reference_normal.reference_normal_s8,16p,gain,7,93,0.0752688172043011,FALSE,GSE289435,GSM8791442_MLL_29538
reference_normal.reference_normal_s8,16q,gain,64,64,1,TRUE,GSE289435,GSM8791442_MLL_29538
reference_normal.reference_normal_s14,1p,gain,62,203,0.305418719211823,FALSE,GSE289435,GSM8791442_MLL_29538
reference_normal.reference_normal_s14,1q,gain,86,212,0.405660377358491,FALSE,GSE289435,GSM8791442_MLL_29538
reference_normal.reference_normal_s14,2p,loss,61,108,0.564814814814815,TRUE,GSE289435,GSM8791442_MLL_29538
reference_normal.reference_normal_s14,2q,gain,140,141,0.99290780141844,TRUE,GSE289435,GSM8791442_MLL_29538
reference_normal.reference_normal_s14,3q,gain,64,103,0.621359223300971,TRUE,GSE289435,GSM8791442_MLL_29538
reference_normal.reference_normal_s14,4p,gain,12,41,0.292682926829268,FALSE,GSE289435,GSM8791442_MLL_29538
reference_normal.reference_normal_s14,4q,gain,35,78,0.448717948717949,FALSE,GSE289435,GSM8791442_MLL_29538
reference_normal.reference_normal_s14,5q,loss,79,159,0.49685534591195,FALSE,GSE289435,GSM8791442_MLL_29538
reference_normal.reference_normal_s14,6p,loss,83,119,0.697478991596639,TRUE,GSE289435,GSM8791442_MLL_29538
reference_normal.reference_normal_s14,6q,loss,18,81,0.222222222222222,FALSE,GSE289435,GSM8791442_MLL_29538
reference_normal.reference_normal_s14,6q,gain,49,81,0.604938271604938,TRUE,GSE289435,GSM8791442_MLL_29538
reference_normal.reference_normal_s14,7p,loss,55,70,0.785714285714286,TRUE,GSE289435,GSM8791442_MLL_29538
reference_normal.reference_normal_s14,7q,loss,45,111,0.405405405405405,FALSE,GSE289435,GSM8791442_MLL_29538
reference_normal.reference_normal_s14,7q,gain,48,111,0.432432432432432,FALSE,GSE289435,GSM8791442_MLL_29538
reference_normal.reference_normal_s14,9p,gain,23,34,0.676470588235294,TRUE,GSE289435,GSM8791442_MLL_29538
reference_normal.reference_normal_s14,9q,gain,29,105,0.276190476190476,FALSE,GSE289435,GSM8791442_MLL_29538
reference_normal.reference_normal_s14,9q,loss,53,105,0.504761904761905,TRUE,GSE289435,GSM8791442_MLL_29538
reference_normal.reference_normal_s14,10q,gain,88,112,0.785714285714286,TRUE,GSE289435,GSM8791442_MLL_29538
reference_normal.reference_normal_s14,11p,loss,44,68,0.647058823529412,TRUE,GSE289435,GSM8791442_MLL_29538
reference_normal.reference_normal_s14,11q,loss,17,143,0.118881118881119,FALSE,GSE289435,GSM8791442_MLL_29538
reference_normal.reference_normal_s14,11q,gain,38,143,0.265734265734266,FALSE,GSE289435,GSM8791442_MLL_29538
reference_normal.reference_normal_s14,12p,gain,17,45,0.377777777777778,FALSE,GSE289435,GSM8791442_MLL_29538
reference_normal.reference_normal_s14,12q,loss,160,166,0.963855421686747,TRUE,GSE289435,GSM8791442_MLL_29538
reference_normal.reference_normal_s14,13q,gain,71,71,1,TRUE,GSE289435,GSM8791442_MLL_29538
reference_normal.reference_normal_s14,14q,gain,128,128,1,TRUE,GSE289435,GSM8791442_MLL_29538
reference_normal.reference_normal_s14,15q,gain,66,121,0.545454545454545,TRUE,GSE289435,GSM8791442_MLL_29538
reference_normal.reference_normal_s14,15q,loss,36,121,0.297520661157025,FALSE,GSE289435,GSM8791442_MLL_29538
reference_normal.reference_normal_s14,16p,loss,81,93,0.870967741935484,TRUE,GSE289435,GSM8791442_MLL_29538
reference_normal.reference_normal_s14,16q,loss,34,64,0.53125,TRUE,GSE289435,GSM8791442_MLL_29538
reference_normal.reference_normal_s14,17p,gain,65,65,1,TRUE,GSE289435,GSM8791442_MLL_29538
reference_normal.reference_normal_s14,17q,gain,101,166,0.608433734939759,TRUE,GSE289435,GSM8791442_MLL_29538
reference_normal.reference_normal_s14,19p,loss,160,160,1,TRUE,GSE289435,GSM8791442_MLL_29538
reference_normal.reference_normal_s14,19q,loss,136,136,1,TRUE,GSE289435,GSM8791442_MLL_29538
reference_normal.reference_normal_s14,20q,loss,64,78,0.82051282051282,TRUE,GSE289435,GSM8791442_MLL_29538
reference_normal.reference_normal_s14,21q,loss,33,33,1,TRUE,GSE289435,GSM8791442_MLL_29538
reference_normal.reference_normal_s14,22q,gain,40,97,0.412371134020619,FALSE,GSE289435,GSM8791442_MLL_29538
reference_normal.reference_normal_s14,22q,loss,34,97,0.350515463917526,FALSE,GSE289435,GSM8791442_MLL_29538
reference_normal.reference_normal_s15,1p,loss,109,203,0.536945812807882,TRUE,GSE289435,GSM8791442_MLL_29538
reference_normal.reference_normal_s15,1p,gain,75,203,0.369458128078818,FALSE,GSE289435,GSM8791442_MLL_29538
reference_normal.reference_normal_s15,1q,gain,155,212,0.731132075471698,TRUE,GSE289435,GSM8791442_MLL_29538
reference_normal.reference_normal_s15,2p,loss,16,108,0.148148148148148,FALSE,GSE289435,GSM8791442_MLL_29538
reference_normal.reference_normal_s15,2p,gain,57,108,0.527777777777778,TRUE,GSE289435,GSM8791442_MLL_29538
reference_normal.reference_normal_s15,3q,gain,33,103,0.320388349514563,FALSE,GSE289435,GSM8791442_MLL_29538
reference_normal.reference_normal_s15,4p,gain,41,41,1,TRUE,GSE289435,GSM8791442_MLL_29538
reference_normal.reference_normal_s15,4q,gain,78,78,1,TRUE,GSE289435,GSM8791442_MLL_29538
reference_normal.reference_normal_s15,5p,loss,28,28,1,TRUE,GSE289435,GSM8791442_MLL_29538
reference_normal.reference_normal_s15,5q,loss,38,159,0.238993710691824,FALSE,GSE289435,GSM8791442_MLL_29538
reference_normal.reference_normal_s15,5q,gain,91,159,0.572327044025157,TRUE,GSE289435,GSM8791442_MLL_29538
reference_normal.reference_normal_s15,6p,gain,37,119,0.310924369747899,FALSE,GSE289435,GSM8791442_MLL_29538
reference_normal.reference_normal_s15,7p,loss,23,70,0.328571428571429,FALSE,GSE289435,GSM8791442_MLL_29538
reference_normal.reference_normal_s15,7q,loss,22,111,0.198198198198198,FALSE,GSE289435,GSM8791442_MLL_29538
reference_normal.reference_normal_s15,7q,gain,64,111,0.576576576576577,TRUE,GSE289435,GSM8791442_MLL_29538
reference_normal.reference_normal_s15,8p,gain,43,43,1,TRUE,GSE289435,GSM8791442_MLL_29538
reference_normal.reference_normal_s15,8q,gain,16,80,0.2,FALSE,GSE289435,GSM8791442_MLL_29538
reference_normal.reference_normal_s15,8q,loss,27,80,0.3375,FALSE,GSE289435,GSM8791442_MLL_29538
reference_normal.reference_normal_s15,10p,loss,31,31,1,TRUE,GSE289435,GSM8791442_MLL_29538
reference_normal.reference_normal_s15,10q,loss,61,112,0.544642857142857,TRUE,GSE289435,GSM8791442_MLL_29538
reference_normal.reference_normal_s15,11p,loss,68,68,1,TRUE,GSE289435,GSM8791442_MLL_29538
reference_normal.reference_normal_s15,11q,loss,19,143,0.132867132867133,FALSE,GSE289435,GSM8791442_MLL_29538
reference_normal.reference_normal_s15,11q,gain,55,143,0.384615384615385,FALSE,GSE289435,GSM8791442_MLL_29538
reference_normal.reference_normal_s15,12q,loss,52,166,0.313253012048193,FALSE,GSE289435,GSM8791442_MLL_29538
reference_normal.reference_normal_s15,12q,gain,96,166,0.578313253012048,TRUE,GSE289435,GSM8791442_MLL_29538
reference_normal.reference_normal_s15,13q,loss,71,71,1,TRUE,GSE289435,GSM8791442_MLL_29538
reference_normal.reference_normal_s15,14q,gain,47,128,0.3671875,FALSE,GSE289435,GSM8791442_MLL_29538
reference_normal.reference_normal_s15,15q,gain,56,121,0.462809917355372,FALSE,GSE289435,GSM8791442_MLL_29538
reference_normal.reference_normal_s15,16q,loss,51,64,0.796875,TRUE,GSE289435,GSM8791442_MLL_29538
reference_normal.reference_normal_s15,17q,gain,88,166,0.530120481927711,TRUE,GSE289435,GSM8791442_MLL_29538
reference_normal.reference_normal_s15,18p,gain,19,19,1,TRUE,GSE289435,GSM8791442_MLL_29538
reference_normal.reference_normal_s15,18q,gain,17,30,0.566666666666667,TRUE,GSE289435,GSM8791442_MLL_29538
reference_normal.reference_normal_s15,19p,gain,20,160,0.125,FALSE,GSE289435,GSM8791442_MLL_29538
reference_normal.reference_normal_s15,19p,loss,23,160,0.14375,FALSE,GSE289435,GSM8791442_MLL_29538
reference_normal.reference_normal_s15,19q,loss,136,136,1,TRUE,GSE289435,GSM8791442_MLL_29538
