sample,dataset,timepoint,engine,sender_bin,receiver_bin,ligand,receptor,prob,pval,n_sender,n_receiver
AML162,Chen2023,Diagnosis,cellchat,B,cDC,TGFB1,TGFbR1_R2,0.000849367662061253,0,301,44
AML162,Chen2023,Diagnosis,cellchat,CD4 Memory T,cDC,TGFB1,TGFbR1_R2,0.00246720768186799,0,291,44
AML162,Chen2023,Diagnosis,cellchat,CD8 Memory T,cDC,TGFB1,TGFbR1_R2,0.00496391381092495,0,415,44
AML162,Chen2023,Diagnosis,cellchat,cDC,cDC,TGFB1,TGFbR1_R2,0.0022022619033606,0,44,44
AML162,Chen2023,Diagnosis,cellchat,Cycling Progenitor,cDC,TGFB1,TGFbR1_R2,0.00126585027603229,0,32,44
AML162,Chen2023,Diagnosis,cellchat,Early GMP,cDC,TGFB1,TGFbR1_R2,0.00118013395279101,0,220,44
AML162,Chen2023,Diagnosis,cellchat,HSC MPP,cDC,TGFB1,TGFbR1_R2,0.000521132682404012,0,58,44
AML162,Chen2023,Diagnosis,cellchat,Late GMP,cDC,TGFB1,TGFbR1_R2,0.000610894765262928,0,317,44
AML162,Chen2023,Diagnosis,cellchat,LMPP,cDC,TGFB1,TGFbR1_R2,0.00195387753427109,0,39,44
AML162,Chen2023,Diagnosis,cellchat,Megakaryocyte Precursor,cDC,TGFB1,TGFbR1_R2,0.00104280115204894,0,32,44
AML162,Chen2023,Diagnosis,cellchat,MEP,cDC,TGFB1,TGFbR1_R2,0.000665081996979346,0,29,44
AML162,Chen2023,Diagnosis,cellchat,Monocyte,cDC,TGFB1,TGFbR1_R2,0.00115663833243172,0,620,44
AML162,Chen2023,Diagnosis,cellchat,Naive T,cDC,TGFB1,TGFbR1_R2,0.000648205729451866,0,193,44
AML162,Chen2023,Diagnosis,cellchat,NK,cDC,TGFB1,TGFbR1_R2,0.00540205714519999,0,58,44
AML162,Chen2023,Diagnosis,cellchat,Plasma Cell,cDC,TGFB1,TGFbR1_R2,0.000234257982000675,0,506,44
AML162,Chen2023,Diagnosis,cellchat,Pro-Monocyte,cDC,TGFB1,TGFbR1_R2,0.000754433305078319,0,618,44
AML162,Chen2023,Diagnosis,cellchat,B,Cycling Progenitor,TGFB1,TGFbR1_R2,0.000580861247846462,0,301,32
AML162,Chen2023,Diagnosis,cellchat,CD4 Memory T,Cycling Progenitor,TGFB1,TGFbR1_R2,0.00168812558175616,0,291,32
AML162,Chen2023,Diagnosis,cellchat,CD8 Memory T,Cycling Progenitor,TGFB1,TGFbR1_R2,0.00339912122837475,0,415,32
AML162,Chen2023,Diagnosis,cellchat,cDC,Cycling Progenitor,TGFB1,TGFbR1_R2,0.00150671664436969,0,44,32
AML162,Chen2023,Diagnosis,cellchat,Cycling Progenitor,Cycling Progenitor,TGFB1,TGFbR1_R2,0.000865797353351289,0,32,32
AML162,Chen2023,Diagnosis,cellchat,Early GMP,Cycling Progenitor,TGFB1,TGFbR1_R2,0.000807148490788752,0,220,32
AML162,Chen2023,Diagnosis,cellchat,HSC MPP,Cycling Progenitor,TGFB1,TGFbR1_R2,0.00035635256735668,0,58,32
AML162,Chen2023,Diagnosis,cellchat,Late GMP,Cycling Progenitor,TGFB1,TGFbR1_R2,0.00041773861987027,0,317,32
AML162,Chen2023,Diagnosis,cellchat,LMPP,Cycling Progenitor,TGFB1,TGFbR1_R2,0.00133667497056801,0,39,32
AML162,Chen2023,Diagnosis,cellchat,Megakaryocyte Precursor,Cycling Progenitor,TGFB1,TGFbR1_R2,0.000713191508018771,0,32,32
AML162,Chen2023,Diagnosis,cellchat,MEP,Cycling Progenitor,TGFB1,TGFbR1_R2,0.000454806383775961,0,29,32
AML162,Chen2023,Diagnosis,cellchat,Monocyte,Cycling Progenitor,TGFB1,TGFbR1_R2,0.000791007818959813,0,620,32
AML162,Chen2023,Diagnosis,cellchat,Naive T,Cycling Progenitor,TGFB1,TGFbR1_R2,0.000443263433760646,0,193,32
AML162,Chen2023,Diagnosis,cellchat,NK,Cycling Progenitor,TGFB1,TGFbR1_R2,0.00369966058486474,0,58,32
AML162,Chen2023,Diagnosis,cellchat,Plasma Cell,Cycling Progenitor,TGFB1,TGFbR1_R2,0.000160171988153526,0,506,32
AML162,Chen2023,Diagnosis,cellchat,Pro-Monocyte,Cycling Progenitor,TGFB1,TGFbR1_R2,0.000515911940667313,0,618,32
AML162,Chen2023,Diagnosis,cellchat,B,B,MIF,CD74_CXCR4,0.0721485807897051,0.01,301,301
AML162,Chen2023,Diagnosis,cellchat,CD4 Memory T,B,MIF,CD74_CXCR4,0.0948939098646031,0,291,301
AML162,Chen2023,Diagnosis,cellchat,CD8 Memory T,B,MIF,CD74_CXCR4,0.0856651906608146,0,415,301
AML162,Chen2023,Diagnosis,cellchat,cDC,B,MIF,CD74_CXCR4,0.171938114769301,0,44,301
AML162,Chen2023,Diagnosis,cellchat,Cycling Progenitor,B,MIF,CD74_CXCR4,0.187244401708768,0,32,301
AML162,Chen2023,Diagnosis,cellchat,Early GMP,B,MIF,CD74_CXCR4,0.170144926200499,0,220,301
AML162,Chen2023,Diagnosis,cellchat,HSC MPP,B,MIF,CD74_CXCR4,0.130635971552218,0,58,301
AML162,Chen2023,Diagnosis,cellchat,Late GMP,B,MIF,CD74_CXCR4,0.162037611027362,0,317,301
AML162,Chen2023,Diagnosis,cellchat,LMPP,B,MIF,CD74_CXCR4,0.150096716863304,0,39,301
AML162,Chen2023,Diagnosis,cellchat,Megakaryocyte Precursor,B,MIF,CD74_CXCR4,0.166028559882129,0,32,301
AML162,Chen2023,Diagnosis,cellchat,MEP,B,MIF,CD74_CXCR4,0.187510459597093,0,29,301
AML162,Chen2023,Diagnosis,cellchat,Monocyte,B,MIF,CD74_CXCR4,0.0886919854294996,0,620,301
AML162,Chen2023,Diagnosis,cellchat,Naive T,B,MIF,CD74_CXCR4,0.0922441397929237,0,193,301
AML162,Chen2023,Diagnosis,cellchat,NK,B,MIF,CD74_CXCR4,0.101057736012988,0,58,301
AML162,Chen2023,Diagnosis,cellchat,Plasma Cell,B,MIF,CD74_CXCR4,0.0869233621405267,0,506,301
AML162,Chen2023,Diagnosis,cellchat,Pro-Monocyte,B,MIF,CD74_CXCR4,0.153196940797175,0,618,301
AML162,Chen2023,Diagnosis,cellchat,cDC,CD4 Memory T,MIF,CD74_CXCR4,0.0583630239020569,0.71,44,291
AML162,Chen2023,Diagnosis,cellchat,Cycling Progenitor,CD4 Memory T,MIF,CD74_CXCR4,0.0643442688452829,0.42,32,291
AML162,Chen2023,Diagnosis,cellchat,Early GMP,CD4 Memory T,MIF,CD74_CXCR4,0.0576718433641712,0.78,220,291
AML162,Chen2023,Diagnosis,cellchat,Late GMP,CD4 Memory T,MIF,CD74_CXCR4,0.0545713835688945,0.95,317,291
AML162,Chen2023,Diagnosis,cellchat,LMPP,CD4 Memory T,MIF,CD74_CXCR4,0.0500766387173354,0.95,39,291
AML162,Chen2023,Diagnosis,cellchat,Megakaryocyte Precursor,CD4 Memory T,MIF,CD74_CXCR4,0.0560926437153458,0.83,32,291
AML162,Chen2023,Diagnosis,cellchat,MEP,CD4 Memory T,MIF,CD74_CXCR4,0.0644495441735043,0.5,29,291
AML162,Chen2023,Diagnosis,cellchat,CD4 Memory T,CD8 Memory T,MIF,CD74_CXCR4,0.0670029135057318,0.1,291,415
AML162,Chen2023,Diagnosis,cellchat,CD8 Memory T,CD8 Memory T,MIF,CD74_CXCR4,0.0603059489200066,0.73,415,415
AML162,Chen2023,Diagnosis,cellchat,cDC,CD8 Memory T,MIF,CD74_CXCR4,0.124517748152228,0,44,415
AML162,Chen2023,Diagnosis,cellchat,Cycling Progenitor,CD8 Memory T,MIF,CD74_CXCR4,0.136297420082686,0,32,415
AML162,Chen2023,Diagnosis,cellchat,Early GMP,CD8 Memory T,MIF,CD74_CXCR4,0.123145570614773,0,220,415
AML162,Chen2023,Diagnosis,cellchat,HSC MPP,CD8 Memory T,MIF,CD74_CXCR4,0.0933229156051236,0,58,415
AML162,Chen2023,Diagnosis,cellchat,Late GMP,CD8 Memory T,MIF,CD74_CXCR4,0.116962109094803,0,317,415
AML162,Chen2023,Diagnosis,cellchat,LMPP,CD8 Memory T,MIF,CD74_CXCR4,0.107915144974179,0,39,415
AML162,Chen2023,Diagnosis,cellchat,Megakaryocyte Precursor,CD8 Memory T,MIF,CD74_CXCR4,0.120001846755136,0,32,415
AML162,Chen2023,Diagnosis,cellchat,MEP,CD8 Memory T,MIF,CD74_CXCR4,0.136503244959574,0,29,415
AML162,Chen2023,Diagnosis,cellchat,Monocyte,CD8 Memory T,MIF,CD74_CXCR4,0.0624979752629181,0.28,620,415
AML162,Chen2023,Diagnosis,cellchat,Naive T,CD8 Memory T,MIF,CD74_CXCR4,0.0650759619249468,0.19,193,415
AML162,Chen2023,Diagnosis,cellchat,NK,CD8 Memory T,MIF,CD74_CXCR4,0.0714981928170226,0.12,58,415
AML162,Chen2023,Diagnosis,cellchat,Plasma Cell,CD8 Memory T,MIF,CD74_CXCR4,0.0612166037071908,0.52,506,415
AML162,Chen2023,Diagnosis,cellchat,Pro-Monocyte,CD8 Memory T,MIF,CD74_CXCR4,0.110257142126265,0,618,415
AML162,Chen2023,Diagnosis,cellchat,B,cDC,MIF,CD74_CXCR4,0.0642618764045089,0.28,301,44
AML162,Chen2023,Diagnosis,cellchat,CD4 Memory T,cDC,MIF,CD74_CXCR4,0.0847479651778895,0,291,44
AML162,Chen2023,Diagnosis,cellchat,CD8 Memory T,cDC,MIF,CD74_CXCR4,0.0764226556790199,0.02,415,44
AML162,Chen2023,Diagnosis,cellchat,cDC,cDC,MIF,CD74_CXCR4,0.154965049613486,0,44,44
AML162,Chen2023,Diagnosis,cellchat,Cycling Progenitor,cDC,MIF,CD74_CXCR4,0.169068861734773,0,32,44
AML162,Chen2023,Diagnosis,cellchat,Early GMP,cDC,MIF,CD74_CXCR4,0.15331610295418,0,220,44
AML162,Chen2023,Diagnosis,cellchat,HSC MPP,cDC,MIF,CD74_CXCR4,0.117163209205281,0,58,44
AML162,Chen2023,Diagnosis,cellchat,Late GMP,cDC,MIF,CD74_CXCR4,0.145869719130698,0,317,44
AML162,Chen2023,Diagnosis,cellchat,LMPP,cDC,MIF,CD74_CXCR4,0.134928424844876,0,39,44
AML162,Chen2023,Diagnosis,cellchat,Megakaryocyte Precursor,cDC,MIF,CD74_CXCR4,0.149533516966774,0,32,44
AML162,Chen2023,Diagnosis,cellchat,MEP,cDC,MIF,CD74_CXCR4,0.169314473853378,0,29,44
AML162,Chen2023,Diagnosis,cellchat,Monocyte,cDC,MIF,CD74_CXCR4,0.0791511551385892,0,620,44
AML162,Chen2023,Diagnosis,cellchat,Naive T,cDC,MIF,CD74_CXCR4,0.0823557269489661,0.01,193,44
AML162,Chen2023,Diagnosis,cellchat,NK,cDC,MIF,CD74_CXCR4,0.0903185253596224,0.01,58,44
AML162,Chen2023,Diagnosis,cellchat,Plasma Cell,cDC,MIF,CD74_CXCR4,0.077556595677343,0,506,44
AML162,Chen2023,Diagnosis,cellchat,Pro-Monocyte,cDC,MIF,CD74_CXCR4,0.13776613464709,0,618,44
AML162,Chen2023,Diagnosis,cellchat,Cycling Progenitor,Cycling Progenitor,MIF,CD74_CXCR4,0.0350609319302086,0.96,32,32
AML162,Chen2023,Diagnosis,cellchat,Early GMP,Cycling Progenitor,MIF,CD74_CXCR4,0.0313234946277057,0.99,220,32
AML162,Chen2023,Diagnosis,cellchat,LMPP,Cycling Progenitor,MIF,CD74_CXCR4,0.0270985000082668,0.99,39,32
AML162,Chen2023,Diagnosis,cellchat,Megakaryocyte Precursor,Cycling Progenitor,MIF,CD74_CXCR4,0.0304424708558897,0.98,32,32
AML162,Chen2023,Diagnosis,cellchat,MEP,Cycling Progenitor,MIF,CD74_CXCR4,0.035120094391957,0.93,29,32
AML162,Chen2023,Diagnosis,cellchat,Cycling Progenitor,Early GMP,MIF,CD74_CXCR4,0.0466730597462361,0.96,32,220
AML162,Chen2023,Diagnosis,cellchat,LMPP,Early GMP,MIF,CD74_CXCR4,0.0361723401394604,0.99,39,220
AML162,Chen2023,Diagnosis,cellchat,Megakaryocyte Precursor,Early GMP,MIF,CD74_CXCR4,0.0405893137543325,0.99,32,220
AML162,Chen2023,Diagnosis,cellchat,MEP,Early GMP,MIF,CD74_CXCR4,0.0467508673804896,0.97,29,220
AML162,Chen2023,Diagnosis,cellchat,cDC,HSC MPP,MIF,CD74_CXCR4,0.0347411731114995,0.98,44,58
AML162,Chen2023,Diagnosis,cellchat,Cycling Progenitor,HSC MPP,MIF,CD74_CXCR4,0.0384002920171758,0.95,32,58
AML162,Chen2023,Diagnosis,cellchat,Early GMP,HSC MPP,MIF,CD74_CXCR4,0.034319545088317,0.98,220,58
AML162,Chen2023,Diagnosis,cellchat,Late GMP,HSC MPP,MIF,CD74_CXCR4,0.0324313065460146,0.99,317,58
AML162,Chen2023,Diagnosis,cellchat,LMPP,HSC MPP,MIF,CD74_CXCR4,0.0297028268777364,0.99,39,58
AML162,Chen2023,Diagnosis,cellchat,Megakaryocyte Precursor,HSC MPP,MIF,CD74_CXCR4,0.033357154430539,0.99,32,58
AML162,Chen2023,Diagnosis,cellchat,MEP,HSC MPP,MIF,CD74_CXCR4,0.0384648647555896,0.97,29,58
AML162,Chen2023,Diagnosis,cellchat,cDC,Late GMP,MIF,CD74_CXCR4,0.0595919538744581,0.65,44,317
AML162,Chen2023,Diagnosis,cellchat,Cycling Progenitor,Late GMP,MIF,CD74_CXCR4,0.065690357660981,0.38,32,317
AML162,Chen2023,Diagnosis,cellchat,Early GMP,Late GMP,MIF,CD74_CXCR4,0.0588871295474444,0.71,220,317
AML162,Chen2023,Diagnosis,cellchat,Late GMP,Late GMP,MIF,CD74_CXCR4,0.0557251990973894,0.91,317,317
AML162,Chen2023,Diagnosis,cellchat,LMPP,Late GMP,MIF,CD74_CXCR4,0.0511405613968236,0.92,39,317
AML162,Chen2023,Diagnosis,cellchat,Megakaryocyte Precursor,Late GMP,MIF,CD74_CXCR4,0.057276674997329,0.76,32,317
AML162,Chen2023,Diagnosis,cellchat,MEP,Late GMP,MIF,CD74_CXCR4,0.0657976804837542,0.4,29,317
AML162,Chen2023,Diagnosis,cellchat,CD4 Memory T,LMPP,MIF,CD74_CXCR4,0.0444311366983317,0.97,291,39
AML162,Chen2023,Diagnosis,cellchat,CD8 Memory T,LMPP,MIF,CD74_CXCR4,0.0398937629684478,0.98,415,39
AML162,Chen2023,Diagnosis,cellchat,cDC,LMPP,MIF,CD74_CXCR4,0.0843216136431021,0.02,44,39
AML162,Chen2023,Diagnosis,cellchat,Cycling Progenitor,LMPP,MIF,CD74_CXCR4,0.0927012838298398,0.02,32,39
AML162,Chen2023,Diagnosis,cellchat,Early GMP,LMPP,MIF,CD74_CXCR4,0.083350223049958,0.02,220,39
AML162,Chen2023,Diagnosis,cellchat,HSC MPP,LMPP,MIF,CD74_CXCR4,0.0624782754268929,0.49,58,39
AML162,Chen2023,Diagnosis,cellchat,Late GMP,LMPP,MIF,CD74_CXCR4,0.0789849943692615,0,317,39
AML162,Chen2023,Diagnosis,cellchat,LMPP,LMPP,MIF,CD74_CXCR4,0.0726339183710241,0.18,39,39
AML162,Chen2023,Diagnosis,cellchat,Megakaryocyte Precursor,LMPP,MIF,CD74_CXCR4,0.0811284207071416,0.13,32,39
AML162,Chen2023,Diagnosis,cellchat,MEP,LMPP,MIF,CD74_CXCR4,0.0928483508057814,0.03,29,39
AML162,Chen2023,Diagnosis,cellchat,Monocyte,LMPP,MIF,CD74_CXCR4,0.0413765079735631,0.97,620,39
AML162,Chen2023,Diagnosis,cellchat,Naive T,LMPP,MIF,CD74_CXCR4,0.0431233281274736,0.97,193,39
AML162,Chen2023,Diagnosis,cellchat,NK,LMPP,MIF,CD74_CXCR4,0.0474891375475211,0.91,58,39
AML162,Chen2023,Diagnosis,cellchat,Plasma Cell,LMPP,MIF,CD74_CXCR4,0.0405094697191947,0.98,506,39
AML162,Chen2023,Diagnosis,cellchat,Pro-Monocyte,LMPP,MIF,CD74_CXCR4,0.0742739846373942,0.01,618,39
AML162,Chen2023,Diagnosis,cellchat,CD4 Memory T,Monocyte,MIF,CD74_CXCR4,0.0548981003797731,0.99,291,620
AML162,Chen2023,Diagnosis,cellchat,cDC,Monocyte,MIF,CD74_CXCR4,0.103171254754933,0,44,620
AML162,Chen2023,Diagnosis,cellchat,Cycling Progenitor,Monocyte,MIF,CD74_CXCR4,0.113192593542462,0,32,620
AML162,Chen2023,Diagnosis,cellchat,Early GMP,Monocyte,MIF,CD74_CXCR4,0.102006905534265,0,220,620
AML162,Chen2023,Diagnosis,cellchat,HSC MPP,Monocyte,MIF,CD74_CXCR4,0.0768547933254959,0.1,58,620
AML162,Chen2023,Diagnosis,cellchat,Late GMP,Monocyte,MIF,CD74_CXCR4,0.0967677348941964,0,317,620
AML162,Chen2023,Diagnosis,cellchat,LMPP,Monocyte,MIF,CD74_CXCR4,0.0891251406771595,0.01,39,620
AML162,Chen2023,Diagnosis,cellchat,Megakaryocyte Precursor,Monocyte,MIF,CD74_CXCR4,0.0993416830285826,0,32,620
AML162,Chen2023,Diagnosis,cellchat,MEP,Monocyte,MIF,CD74_CXCR4,0.113368107184861,0,29,620
AML162,Chen2023,Diagnosis,cellchat,Naive T,Monocyte,MIF,CD74_CXCR4,0.0532993864323285,0.99,193,620
AML162,Chen2023,Diagnosis,cellchat,NK,Monocyte,MIF,CD74_CXCR4,0.0586322941748058,0.73,58,620
AML162,Chen2023,Diagnosis,cellchat,Pro-Monocyte,Monocyte,MIF,CD74_CXCR4,0.0911009967635635,0,618,620
AML162,Chen2023,Diagnosis,cellchat,cDC,NK,MIF,CD74_CXCR4,0.0543329220676791,0.68,44,58
AML162,Chen2023,Diagnosis,cellchat,Cycling Progenitor,NK,MIF,CD74_CXCR4,0.059927433451873,0.56,32,58
AML162,Chen2023,Diagnosis,cellchat,Early GMP,NK,MIF,CD74_CXCR4,0.0536867479898039,0.82,220,58
AML162,Chen2023,Diagnosis,cellchat,HSC MPP,NK,MIF,CD74_CXCR4,0.0399194202032303,0.97,58,58
AML162,Chen2023,Diagnosis,cellchat,Late GMP,NK,MIF,CD74_CXCR4,0.0507889814295459,0.9,317,58
AML162,Chen2023,Diagnosis,cellchat,LMPP,NK,MIF,CD74_CXCR4,0.0465904198697878,0.88,39,58
AML162,Chen2023,Diagnosis,cellchat,Megakaryocyte Precursor,NK,MIF,CD74_CXCR4,0.052210624235596,0.85,32,58
AML162,Chen2023,Diagnosis,cellchat,MEP,NK,MIF,CD74_CXCR4,0.0600259458890285,0.53,29,58
AML162,Chen2023,Diagnosis,cellchat,Pro-Monocyte,NK,MIF,CD74_CXCR4,0.0476726567555861,0.92,618,58
AML162,Chen2023,Diagnosis,cellchat,cDC,Plasma Cell,MIF,CD74_CXCR4,0.0761528105203501,0.12,44,506
AML162,Chen2023,Diagnosis,cellchat,Cycling Progenitor,Plasma Cell,MIF,CD74_CXCR4,0.0837949740457852,0.03,32,506
AML162,Chen2023,Diagnosis,cellchat,Early GMP,Plasma Cell,MIF,CD74_CXCR4,0.0752677897384047,0.02,220,506
AML162,Chen2023,Diagnosis,cellchat,HSC MPP,Plasma Cell,MIF,CD74_CXCR4,0.0562954861653432,0.79,58,506
AML162,Chen2023,Diagnosis,cellchat,Late GMP,Plasma Cell,MIF,CD74_CXCR4,0.0712929333629264,0.02,317,506
AML162,Chen2023,Diagnosis,cellchat,LMPP,Plasma Cell,MIF,CD74_CXCR4,0.0655163679757347,0.45,39,506
AML162,Chen2023,Diagnosis,cellchat,Megakaryocyte Precursor,Plasma Cell,MIF,CD74_CXCR4,0.0732442194150322,0.31,32,506
AML162,Chen2023,Diagnosis,cellchat,MEP,Plasma Cell,MIF,CD74_CXCR4,0.0839292185518251,0.07,29,506
AML162,Chen2023,Diagnosis,cellchat,Pro-Monocyte,Plasma Cell,MIF,CD74_CXCR4,0.0670073331430478,0.02,618,506
AML162,Chen2023,Diagnosis,cellchat,CD4 Memory T,Pro-Monocyte,MIF,CD74_CXCR4,0.0567188374587363,0.91,291,618
AML162,Chen2023,Diagnosis,cellchat,cDC,Pro-Monocyte,MIF,CD74_CXCR4,0.10641274289841,0,44,618
AML162,Chen2023,Diagnosis,cellchat,Cycling Progenitor,Pro-Monocyte,MIF,CD74_CXCR4,0.116707963878924,0,32,618
AML162,Chen2023,Diagnosis,cellchat,Early GMP,Pro-Monocyte,MIF,CD74_CXCR4,0.105216103370069,0,220,618
AML162,Chen2023,Diagnosis,cellchat,HSC MPP,Pro-Monocyte,MIF,CD74_CXCR4,0.0793426064937885,0.04,58,618
AML162,Chen2023,Diagnosis,cellchat,Late GMP,Pro-Monocyte,MIF,CD74_CXCR4,0.0998304292726837,0,317,618
AML162,Chen2023,Diagnosis,cellchat,LMPP,Pro-Monocyte,MIF,CD74_CXCR4,0.0919705772387857,0,39,618
AML162,Chen2023,Diagnosis,cellchat,Megakaryocyte Precursor,Pro-Monocyte,MIF,CD74_CXCR4,0.102476600062865,0,32,618
AML162,Chen2023,Diagnosis,cellchat,MEP,Pro-Monocyte,MIF,CD74_CXCR4,0.116888209903265,0,29,618
AML162,Chen2023,Diagnosis,cellchat,Naive T,Pro-Monocyte,MIF,CD74_CXCR4,0.0550701905265334,0.95,193,618
AML162,Chen2023,Diagnosis,cellchat,NK,Pro-Monocyte,MIF,CD74_CXCR4,0.0605689415874472,0.59,58,618
AML162,Chen2023,Diagnosis,cellchat,Pro-Monocyte,Pro-Monocyte,MIF,CD74_CXCR4,0.094003005022023,0,618,618
AML162,Chen2023,Diagnosis,cellchat,B,B,MIF,CD74_CD44,0.0708913040762268,0.85,301,301
AML162,Chen2023,Diagnosis,cellchat,CD4 Memory T,B,MIF,CD74_CD44,0.093280116092581,0.01,291,301
AML162,Chen2023,Diagnosis,cellchat,CD8 Memory T,B,MIF,CD74_CD44,0.0841937439241222,0.03,415,301
AML162,Chen2023,Diagnosis,cellchat,cDC,B,MIF,CD74_CD44,0.169259104952265,0,44,301
AML162,Chen2023,Diagnosis,cellchat,Cycling Progenitor,B,MIF,CD74_CD44,0.184380004376199,0,32,301
AML162,Chen2023,Diagnosis,cellchat,Early GMP,B,MIF,CD74_CD44,0.167488205177793,0,220,301
AML162,Chen2023,Diagnosis,cellchat,HSC MPP,B,MIF,CD74_CD44,0.128500634632178,0,58,301
AML162,Chen2023,Diagnosis,cellchat,Late GMP,B,MIF,CD74_CD44,0.15948315277831,0,317,301
AML162,Chen2023,Diagnosis,cellchat,LMPP,B,MIF,CD74_CD44,0.147697322689933,0,39,301
AML162,Chen2023,Diagnosis,cellchat,Megakaryocyte Precursor,B,MIF,CD74_CD44,0.163423456043126,0,32,301
AML162,Chen2023,Diagnosis,cellchat,MEP,B,MIF,CD74_CD44,0.184642916848096,0,29,301
AML162,Chen2023,Diagnosis,cellchat,Monocyte,B,MIF,CD74_CD44,0.0871735051069905,0,620,301
AML162,Chen2023,Diagnosis,cellchat,Naive T,B,MIF,CD74_CD44,0.0906708945337628,0.08,193,301
AML162,Chen2023,Diagnosis,cellchat,NK,B,MIF,CD74_CD44,0.099350624579273,0.01,58,301
AML162,Chen2023,Diagnosis,cellchat,Plasma Cell,B,MIF,CD74_CD44,0.0854323234303274,0,506,301
AML162,Chen2023,Diagnosis,cellchat,Pro-Monocyte,B,MIF,CD74_CD44,0.150756778365713,0,618,301
AML162,Chen2023,Diagnosis,cellchat,cDC,CD4 Memory T,MIF,CD74_CD44,0.0613875051609757,0.98,44,291
AML162,Chen2023,Diagnosis,cellchat,Cycling Progenitor,CD4 Memory T,MIF,CD74_CD44,0.0676564389061352,0.81,32,291
AML162,Chen2023,Diagnosis,cellchat,LMPP,CD4 Memory T,MIF,CD74_CD44,0.0526957348775601,0.98,39,291
AML162,Chen2023,Diagnosis,cellchat,Megakaryocyte Precursor,CD4 Memory T,MIF,CD74_CD44,0.0590068423868197,0.96,32,291
AML162,Chen2023,Diagnosis,cellchat,MEP,CD4 Memory T,MIF,CD74_CD44,0.0677667408705968,0.76,29,291
AML162,Chen2023,Diagnosis,cellchat,cDC,CD8 Memory T,MIF,CD74_CD44,0.110353044366841,0,44,415
AML162,Chen2023,Diagnosis,cellchat,Cycling Progenitor,CD8 Memory T,MIF,CD74_CD44,0.120977870884347,0,32,415
AML162,Chen2023,Diagnosis,cellchat,Early GMP,CD8 Memory T,MIF,CD74_CD44,0.109117505842456,0,220,415
AML162,Chen2023,Diagnosis,cellchat,HSC MPP,CD8 Memory T,MIF,CD74_CD44,0.0823729425280787,0.29,58,415
AML162,Chen2023,Diagnosis,cellchat,Late GMP,CD8 Memory T,MIF,CD74_CD44,0.103555243228918,0,317,415
AML162,Chen2023,Diagnosis,cellchat,LMPP,CD8 Memory T,MIF,CD74_CD44,0.0954332197975944,0.11,39,415
AML162,Chen2023,Diagnosis,cellchat,Megakaryocyte Precursor,CD8 Memory T,MIF,CD74_CD44,0.106288488449767,0.03,32,415
AML162,Chen2023,Diagnosis,cellchat,MEP,CD8 Memory T,MIF,CD74_CD44,0.121163806844302,0,29,415
AML162,Chen2023,Diagnosis,cellchat,NK,CD8 Memory T,MIF,CD74_CD44,0.0629312660544515,0.98,58,415
AML162,Chen2023,Diagnosis,cellchat,Pro-Monocyte,CD8 Memory T,MIF,CD74_CD44,0.0975339481851859,0,618,415
AML162,Chen2023,Diagnosis,cellchat,B,cDC,MIF,CD74_CD44,0.083686731182912,0.11,301,44
AML162,Chen2023,Diagnosis,cellchat,CD4 Memory T,cDC,MIF,CD74_CD44,0.109639716927242,0,291,44
AML162,Chen2023,Diagnosis,cellchat,CD8 Memory T,cDC,MIF,CD74_CD44,0.0991339940180099,0,415,44
AML162,Chen2023,Diagnosis,cellchat,cDC,cDC,MIF,CD74_CD44,0.196062641295315,0,44,44
AML162,Chen2023,Diagnosis,cellchat,Cycling Progenitor,cDC,MIF,CD74_CD44,0.212964211385227,0,32,44
AML162,Chen2023,Diagnosis,cellchat,Early GMP,cDC,MIF,CD74_CD44,0.194076820550041,0,220,44
AML162,Chen2023,Diagnosis,cellchat,HSC MPP,cDC,MIF,CD74_CD44,0.150015282191002,0,58,44
AML162,Chen2023,Diagnosis,cellchat,Late GMP,cDC,MIF,CD74_CD44,0.185083495092922,0,317,44
AML162,Chen2023,Diagnosis,cellchat,LMPP,cDC,MIF,CD74_CD44,0.171792473127726,0,39,44
AML162,Chen2023,Diagnosis,cellchat,Megakaryocyte Precursor,cDC,MIF,CD74_CD44,0.189513686900534,0,32,44
AML162,Chen2023,Diagnosis,cellchat,MEP,cDC,MIF,CD74_CD44,0.213257225747735,0,29,44
AML162,Chen2023,Diagnosis,cellchat,Monocyte,cDC,MIF,CD74_CD44,0.102583287566179,0,620,44
AML162,Chen2023,Diagnosis,cellchat,Naive T,cDC,MIF,CD74_CD44,0.106626699366567,0,193,44
AML162,Chen2023,Diagnosis,cellchat,NK,cDC,MIF,CD74_CD44,0.116637925721407,0,58,44
AML162,Chen2023,Diagnosis,cellchat,Plasma Cell,cDC,MIF,CD74_CD44,0.100568224834474,0,506,44
AML162,Chen2023,Diagnosis,cellchat,Pro-Monocyte,cDC,MIF,CD74_CD44,0.175248417496896,0,618,44
AML162,Chen2023,Diagnosis,cellchat,CD4 Memory T,Cycling Progenitor,MIF,CD74_CD44,0.0556427819041099,0.99,291,32
AML162,Chen2023,Diagnosis,cellchat,cDC,Cycling Progenitor,MIF,CD74_CD44,0.104498349901223,0.01,44,32
AML162,Chen2023,Diagnosis,cellchat,Cycling Progenitor,Cycling Progenitor,MIF,CD74_CD44,0.114632116954746,0.01,32,32
AML162,Chen2023,Diagnosis,cellchat,Early GMP,Cycling Progenitor,MIF,CD74_CD44,0.103320749078278,0,220,32
AML162,Chen2023,Diagnosis,cellchat,HSC MPP,Cycling Progenitor,MIF,CD74_CD44,0.0778727721934733,0.44,58,32
AML162,Chen2023,Diagnosis,cellchat,Late GMP,Cycling Progenitor,MIF,CD74_CD44,0.0980214640805704,0,317,32
AML162,Chen2023,Diagnosis,cellchat,LMPP,Cycling Progenitor,MIF,CD74_CD44,0.090289750032177,0.2,39,32
AML162,Chen2023,Diagnosis,cellchat,Megakaryocyte Precursor,Cycling Progenitor,MIF,CD74_CD44,0.10062504527981,0.11,32,32
AML162,Chen2023,Diagnosis,cellchat,MEP,Cycling Progenitor,MIF,CD74_CD44,0.114809573711545,0.01,29,32
AML162,Chen2023,Diagnosis,cellchat,NK,Cycling Progenitor,MIF,CD74_CD44,0.0594244443697214,0.97,58,32
AML162,Chen2023,Diagnosis,cellchat,Pro-Monocyte,Cycling Progenitor,MIF,CD74_CD44,0.0922888089497057,0.04,618,32
AML162,Chen2023,Diagnosis,cellchat,CD4 Memory T,Early GMP,MIF,CD74_CD44,0.0655718241218177,0.97,291,220
AML162,Chen2023,Diagnosis,cellchat,cDC,Early GMP,MIF,CD74_CD44,0.122018878614442,0,44,220
AML162,Chen2023,Diagnosis,cellchat,Cycling Progenitor,Early GMP,MIF,CD74_CD44,0.133598225986605,0,32,220
AML162,Chen2023,Diagnosis,cellchat,Early GMP,Early GMP,MIF,CD74_CD44,0.120670442894917,0,220,220
AML162,Chen2023,Diagnosis,cellchat,HSC MPP,Early GMP,MIF,CD74_CD44,0.0913847294937773,0.12,58,220
AML162,Chen2023,Diagnosis,cellchat,Late GMP,Early GMP,MIF,CD74_CD44,0.114595021673097,0,317,220
AML162,Chen2023,Diagnosis,cellchat,LMPP,Early GMP,MIF,CD74_CD44,0.105709232417322,0.01,39,220
AML162,Chen2023,Diagnosis,cellchat,Megakaryocyte Precursor,Early GMP,MIF,CD74_CD44,0.117581432430349,0,32,220
AML162,Chen2023,Diagnosis,cellchat,MEP,Early GMP,MIF,CD74_CD44,0.133800606216949,0,29,220
AML162,Chen2023,Diagnosis,cellchat,Naive T,Early GMP,MIF,CD74_CD44,0.0636832203180986,0.99,193,220
AML162,Chen2023,Diagnosis,cellchat,NK,Early GMP,MIF,CD74_CD44,0.0699782918278072,0.77,58,220
AML162,Chen2023,Diagnosis,cellchat,Pro-Monocyte,Early GMP,MIF,CD74_CD44,0.108009152635447,0,618,220
AML162,Chen2023,Diagnosis,cellchat,CD4 Memory T,HSC MPP,MIF,CD74_CD44,0.0751825069588536,0.54,291,58
AML162,Chen2023,Diagnosis,cellchat,CD8 Memory T,HSC MPP,MIF,CD74_CD44,0.0677273362858537,0.84,415,58
AML162,Chen2023,Diagnosis,cellchat,cDC,HSC MPP,MIF,CD74_CD44,0.138675043233677,0,44,58
AML162,Chen2023,Diagnosis,cellchat,Cycling Progenitor,HSC MPP,MIF,CD74_CD44,0.151562168664677,0,32,58
AML162,Chen2023,Diagnosis,cellchat,Early GMP,HSC MPP,MIF,CD74_CD44,0.137171297385781,0,220,58
AML162,Chen2023,Diagnosis,cellchat,HSC MPP,HSC MPP,MIF,CD74_CD44,0.104356220199079,0.02,58,58
AML162,Chen2023,Diagnosis,cellchat,Late GMP,HSC MPP,MIF,CD74_CD44,0.130388292153937,0,317,58
AML162,Chen2023,Diagnosis,cellchat,LMPP,HSC MPP,MIF,CD74_CD44,0.120444469476047,0,39,58
AML162,Chen2023,Diagnosis,cellchat,Megakaryocyte Precursor,HSC MPP,MIF,CD74_CD44,0.133724122616787,0,32,58
AML162,Chen2023,Diagnosis,cellchat,MEP,HSC MPP,MIF,CD74_CD44,0.151786994003904,0,29,58
AML162,Chen2023,Diagnosis,cellchat,Monocyte,HSC MPP,MIF,CD74_CD44,0.0701689751388783,0.71,620,58
AML162,Chen2023,Diagnosis,cellchat,Naive T,HSC MPP,MIF,CD74_CD44,0.0730387320703086,0.64,193,58
AML162,Chen2023,Diagnosis,cellchat,NK,HSC MPP,MIF,CD74_CD44,0.0801794013947715,0.35,58,58
AML162,Chen2023,Diagnosis,cellchat,Plasma Cell,HSC MPP,MIF,CD74_CD44,0.0687418602184559,0.81,506,58
AML162,Chen2023,Diagnosis,cellchat,Pro-Monocyte,HSC MPP,MIF,CD74_CD44,0.123020882990163,0,618,58
AML162,Chen2023,Diagnosis,cellchat,cDC,Late GMP,MIF,CD74_CD44,0.116576217354415,0,44,317
AML162,Chen2023,Diagnosis,cellchat,Cycling Progenitor,Late GMP,MIF,CD74_CD44,0.12771419861855,0,32,317
AML162,Chen2023,Diagnosis,cellchat,Early GMP,Late GMP,MIF,CD74_CD44,0.115280031324382,0,220,317
AML162,Chen2023,Diagnosis,cellchat,HSC MPP,Late GMP,MIF,CD74_CD44,0.0871728360504353,0.17,58,317
AML162,Chen2023,Diagnosis,cellchat,Late GMP,Late GMP,MIF,CD74_CD44,0.109442224589617,0,317,317
AML162,Chen2023,Diagnosis,cellchat,LMPP,Late GMP,MIF,CD74_CD44,0.100910450002455,0.06,39,317
AML162,Chen2023,Diagnosis,cellchat,Megakaryocyte Precursor,Late GMP,MIF,CD74_CD44,0.112311384241494,0,32,317
AML162,Chen2023,Diagnosis,cellchat,MEP,Late GMP,MIF,CD74_CD44,0.127908981378665,0,29,317
AML162,Chen2023,Diagnosis,cellchat,NK,Late GMP,MIF,CD74_CD44,0.0666806095117201,0.93,58,317
AML162,Chen2023,Diagnosis,cellchat,Pro-Monocyte,Late GMP,MIF,CD74_CD44,0.103118001805341,0,618,317
AML162,Chen2023,Diagnosis,cellchat,B,LMPP,MIF,CD74_CD44,0.0642067259978187,0.95,301,39
AML162,Chen2023,Diagnosis,cellchat,CD4 Memory T,LMPP,MIF,CD74_CD44,0.0846768243138437,0.15,291,39
AML162,Chen2023,Diagnosis,cellchat,CD8 Memory T,LMPP,MIF,CD74_CD44,0.0763579203688484,0.46,415,39
AML162,Chen2023,Diagnosis,cellchat,cDC,LMPP,MIF,CD74_CD44,0.154844937847005,0,44,39
AML162,Chen2023,Diagnosis,cellchat,Cycling Progenitor,LMPP,MIF,CD74_CD44,0.16894000372957,0,32,39
AML162,Chen2023,Diagnosis,cellchat,Early GMP,LMPP,MIF,CD74_CD44,0.153197037564465,0,220,39
AML162,Chen2023,Diagnosis,cellchat,HSC MPP,LMPP,MIF,CD74_CD44,0.117068338146546,0,58,39
AML162,Chen2023,Diagnosis,cellchat,Late GMP,LMPP,MIF,CD74_CD44,0.14575544109535,0,317,39
AML162,Chen2023,Diagnosis,cellchat,LMPP,LMPP,MIF,CD74_CD44,0.13482136548707,0,39,39
AML162,Chen2023,Diagnosis,cellchat,Megakaryocyte Precursor,LMPP,MIF,CD74_CD44,0.149416870736002,0,32,39
AML162,Chen2023,Diagnosis,cellchat,MEP,LMPP,MIF,CD74_CD44,0.169185466766714,0,29,39
AML162,Chen2023,Diagnosis,cellchat,Monocyte,LMPP,MIF,CD74_CD44,0.0790843065058901,0.31,620,39
AML162,Chen2023,Diagnosis,cellchat,Naive T,LMPP,MIF,CD74_CD44,0.0822864136828465,0.28,193,39
AML162,Chen2023,Diagnosis,cellchat,NK,LMPP,MIF,CD74_CD44,0.0902431694076443,0.13,58,39
AML162,Chen2023,Diagnosis,cellchat,Plasma Cell,LMPP,MIF,CD74_CD44,0.077490980432141,0.4,506,39
AML162,Chen2023,Diagnosis,cellchat,Pro-Monocyte,LMPP,MIF,CD74_CD44,0.137657181991128,0,618,39
AML162,Chen2023,Diagnosis,cellchat,Cycling Progenitor,Megakaryocyte Precursor,MIF,CD74_CD44,0.0499756943853609,0.98,32,32
AML162,Chen2023,Diagnosis,cellchat,LMPP,Megakaryocyte Precursor,MIF,CD74_CD44,0.0387621448349821,0.99,39,32
AML162,Chen2023,Diagnosis,cellchat,Megakaryocyte Precursor,Megakaryocyte Precursor,MIF,CD74_CD44,0.043481090832068,0.98,32,32
AML162,Chen2023,Diagnosis,cellchat,MEP,Megakaryocyte Precursor,MIF,CD74_CD44,0.0500587186652325,0.98,29,32
AML162,Chen2023,Diagnosis,cellchat,Cycling Progenitor,MEP,MIF,CD74_CD44,0.0552932770069651,0.95,32,29
AML162,Chen2023,Diagnosis,cellchat,LMPP,MEP,MIF,CD74_CD44,0.0429404979793348,0.99,39,29
AML162,Chen2023,Diagnosis,cellchat,Megakaryocyte Precursor,MEP,MIF,CD74_CD44,0.048142644670196,0.98,32,29
AML162,Chen2023,Diagnosis,cellchat,MEP,MEP,MIF,CD74_CD44,0.0553846203413329,0.92,29,29
AML162,Chen2023,Diagnosis,cellchat,B,Monocyte,MIF,CD74_CD44,0.0657947912196506,0.98,301,620
AML162,Chen2023,Diagnosis,cellchat,CD4 Memory T,Monocyte,MIF,CD74_CD44,0.0867242681852926,0.04,291,620
AML162,Chen2023,Diagnosis,cellchat,CD8 Memory T,Monocyte,MIF,CD74_CD44,0.0782214068018739,0.18,415,620
AML162,Chen2023,Diagnosis,cellchat,cDC,Monocyte,MIF,CD74_CD44,0.158295597581713,0,44,620
AML162,Chen2023,Diagnosis,cellchat,Cycling Progenitor,Monocyte,MIF,CD74_CD44,0.172640604440883,0,32,620
AML162,Chen2023,Diagnosis,cellchat,Early GMP,Monocyte,MIF,CD74_CD44,0.156617779674028,0,220,620
AML162,Chen2023,Diagnosis,cellchat,HSC MPP,Monocyte,MIF,CD74_CD44,0.119796487085392,0,58,620
AML162,Chen2023,Diagnosis,cellchat,Late GMP,Monocyte,MIF,CD74_CD44,0.14903926471996,0,317,620
AML162,Chen2023,Diagnosis,cellchat,LMPP,Monocyte,MIF,CD74_CD44,0.137898614138523,0,39,620
AML162,Chen2023,Diagnosis,cellchat,Megakaryocyte Precursor,Monocyte,MIF,CD74_CD44,0.152768432991323,0,32,620
AML162,Chen2023,Diagnosis,cellchat,MEP,Monocyte,MIF,CD74_CD44,0.172890325729642,0,29,620
AML162,Chen2023,Diagnosis,cellchat,Monocyte,Monocyte,MIF,CD74_CD44,0.0810084937596533,0.04,620,620
AML162,Chen2023,Diagnosis,cellchat,Naive T,Monocyte,MIF,CD74_CD44,0.084281380631341,0.11,193,620
AML162,Chen2023,Diagnosis,cellchat,NK,Monocyte,MIF,CD74_CD44,0.0924116163171899,0.08,58,620
AML162,Chen2023,Diagnosis,cellchat,Plasma Cell,Monocyte,MIF,CD74_CD44,0.0793797423084576,0.1,506,620
AML162,Chen2023,Diagnosis,cellchat,Pro-Monocyte,Monocyte,MIF,CD74_CD44,0.140788624324847,0,618,620
AML162,Chen2023,Diagnosis,cellchat,Cycling Progenitor,NK,MIF,CD74_CD44,0.0575842589931405,0.96,32,58
AML162,Chen2023,Diagnosis,cellchat,LMPP,NK,MIF,CD74_CD44,0.0447439047982335,0.99,39,58
AML162,Chen2023,Diagnosis,cellchat,Megakaryocyte Precursor,NK,MIF,CD74_CD44,0.0501530812413286,0.98,32,58
AML162,Chen2023,Diagnosis,cellchat,MEP,NK,MIF,CD74_CD44,0.057679155909307,0.97,29,58
AML162,Chen2023,Diagnosis,cellchat,Cycling Progenitor,Plasma Cell,MIF,CD74_CD44,0.0527469518534326,0.98,32,506
AML162,Chen2023,Diagnosis,cellchat,LMPP,Plasma Cell,MIF,CD74_CD44,0.040938382579047,0.99,39,506
AML162,Chen2023,Diagnosis,cellchat,Megakaryocyte Precursor,Plasma Cell,MIF,CD74_CD44,0.0459096124800855,0.99,32,506
AML162,Chen2023,Diagnosis,cellchat,MEP,Plasma Cell,MIF,CD74_CD44,0.0528343239663154,0.99,29,506
AML162,Chen2023,Diagnosis,cellchat,CD4 Memory T,Pro-Monocyte,MIF,CD74_CD44,0.0798499821362998,0.17,291,618
AML162,Chen2023,Diagnosis,cellchat,CD8 Memory T,Pro-Monocyte,MIF,CD74_CD44,0.0719679969630151,0.83,415,618
AML162,Chen2023,Diagnosis,cellchat,cDC,Pro-Monocyte,MIF,CD74_CD44,0.146659169763775,0,44,618
AML162,Chen2023,Diagnosis,cellchat,Cycling Progenitor,Pro-Monocyte,MIF,CD74_CD44,0.160150305478226,0,32,618
AML162,Chen2023,Diagnosis,cellchat,Early GMP,Pro-Monocyte,MIF,CD74_CD44,0.145083429964836,0,220,618
AML162,Chen2023,Diagnosis,cellchat,HSC MPP,Pro-Monocyte,MIF,CD74_CD44,0.110618221347597,0.01,58,618
AML162,Chen2023,Diagnosis,cellchat,Late GMP,Pro-Monocyte,MIF,CD74_CD44,0.137971739499787,0,317,618
AML162,Chen2023,Diagnosis,cellchat,LMPP,Pro-Monocyte,MIF,CD74_CD44,0.127534396289913,0,39,618
AML162,Chen2023,Diagnosis,cellchat,Megakaryocyte Precursor,Pro-Monocyte,MIF,CD74_CD44,0.141470021029005,0,32,618
AML162,Chen2023,Diagnosis,cellchat,MEP,Pro-Monocyte,MIF,CD74_CD44,0.160385462115016,0,29,618
AML162,Chen2023,Diagnosis,cellchat,Monocyte,Pro-Monocyte,MIF,CD74_CD44,0.0745502906763084,0.59,620,618
AML162,Chen2023,Diagnosis,cellchat,Naive T,Pro-Monocyte,MIF,CD74_CD44,0.0775842826508233,0.36,193,618
AML162,Chen2023,Diagnosis,cellchat,NK,Pro-Monocyte,MIF,CD74_CD44,0.0851285382702216,0.16,58,618
AML162,Chen2023,Diagnosis,cellchat,Plasma Cell,Pro-Monocyte,MIF,CD74_CD44,0.0730410671497427,0.77,506,618
AML162,Chen2023,Diagnosis,cellchat,Pro-Monocyte,Pro-Monocyte,MIF,CD74_CD44,0.130240012602575,0,618,618
AML162,Chen2023,Diagnosis,cellchat,CD8 Memory T,B,IFNG,IFNGR1_IFNGR2,0.0134944388678837,0,415,301
AML162,Chen2023,Diagnosis,cellchat,NK,B,IFNG,IFNGR1_IFNGR2,0.0138659773896274,0,58,301
AML162,Chen2023,Diagnosis,cellchat,CD8 Memory T,cDC,IFNG,IFNGR1_IFNGR2,0.00889508921949758,0,415,44
AML162,Chen2023,Diagnosis,cellchat,NK,cDC,IFNG,IFNGR1_IFNGR2,0.00914116856838009,0,58,44
AML162,Chen2023,Diagnosis,cellchat,CD8 Memory T,Cycling Progenitor,IFNG,IFNGR1_IFNGR2,0.00361693255396234,0,415,32
AML162,Chen2023,Diagnosis,cellchat,NK,Cycling Progenitor,IFNG,IFNGR1_IFNGR2,0.00371754135423201,0,58,32
AML162,Chen2023,Diagnosis,cellchat,CD8 Memory T,Early GMP,IFNG,IFNGR1_IFNGR2,0.00258074430603756,0,415,220
AML162,Chen2023,Diagnosis,cellchat,NK,Early GMP,IFNG,IFNGR1_IFNGR2,0.00265260716822113,0,58,220
AML162,Chen2023,Diagnosis,cellchat,CD8 Memory T,HSC MPP,IFNG,IFNGR1_IFNGR2,0.00301235716660154,0,415,58
AML162,Chen2023,Diagnosis,cellchat,NK,HSC MPP,IFNG,IFNGR1_IFNGR2,0.00309620132126887,0,58,58
AML162,Chen2023,Diagnosis,cellchat,CD8 Memory T,Late GMP,IFNG,IFNGR1_IFNGR2,0.00311242303176866,0,415,317
AML162,Chen2023,Diagnosis,cellchat,NK,Late GMP,IFNG,IFNGR1_IFNGR2,0.00319904342329722,0,58,317
AML162,Chen2023,Diagnosis,cellchat,CD8 Memory T,LMPP,IFNG,IFNGR1_IFNGR2,0.00498278181441623,0,415,39
AML162,Chen2023,Diagnosis,cellchat,NK,LMPP,IFNG,IFNGR1_IFNGR2,0.00512118788165559,0,58,39
AML162,Chen2023,Diagnosis,cellchat,CD8 Memory T,Monocyte,IFNG,IFNGR1_IFNGR2,0.00959239451335805,0,415,620
AML162,Chen2023,Diagnosis,cellchat,NK,Monocyte,IFNG,IFNGR1_IFNGR2,0.00985757268887069,0,58,620
AML162,Chen2023,Diagnosis,cellchat,CD8 Memory T,Naive T,IFNG,IFNGR1_IFNGR2,0.00366059372239918,0,415,193
AML162,Chen2023,Diagnosis,cellchat,NK,Naive T,IFNG,IFNGR1_IFNGR2,0.00376241241822932,0,58,193
AML162,Chen2023,Diagnosis,cellchat,CD8 Memory T,Plasma Cell,IFNG,IFNGR1_IFNGR2,0.00377990567049676,0,415,506
AML162,Chen2023,Diagnosis,cellchat,NK,Plasma Cell,IFNG,IFNGR1_IFNGR2,0.00388503006436335,0,58,506
AML162,Chen2023,Diagnosis,cellchat,CD8 Memory T,Pro-Monocyte,IFNG,IFNGR1_IFNGR2,0.00380035705203518,0,415,618
AML162,Chen2023,Diagnosis,cellchat,NK,Pro-Monocyte,IFNG,IFNGR1_IFNGR2,0.00390604799693403,0,58,618
AML162,Chen2023,Diagnosis,cellchat,cDC,CD8 Memory T,TNFSF9,TNFRSF9,0.00293930655237476,0,44,415
AML162,Chen2023,Diagnosis,cellchat,cDC,Plasma Cell,TNFSF13B,TNFRSF13B,0.00156589971215447,0,44,506
AML162,Chen2023,Diagnosis,cellchat,Cycling Progenitor,Plasma Cell,TNFSF13B,TNFRSF13B,0.000578073260004401,0,32,506
AML162,Chen2023,Diagnosis,cellchat,Early GMP,Plasma Cell,TNFSF13B,TNFRSF13B,0.000810850604040033,0,220,506
AML162,Chen2023,Diagnosis,cellchat,Monocyte,Plasma Cell,TNFSF13B,TNFRSF13B,0.00128729427907563,0,620,506
AML162,Chen2023,Diagnosis,cellchat,cDC,B,TNFSF13B,TNFRSF13C,0.0132273986738034,0,44,301
AML162,Chen2023,Diagnosis,cellchat,Cycling Progenitor,B,TNFSF13B,TNFRSF13C,0.0049193205573026,0,32,301
AML162,Chen2023,Diagnosis,cellchat,Early GMP,B,TNFSF13B,TNFRSF13C,0.00688817402849623,0,220,301
AML162,Chen2023,Diagnosis,cellchat,Monocyte,B,TNFSF13B,TNFRSF13C,0.010896619162836,0,620,301
AML162,Chen2023,Diagnosis,cellchat,cDC,Plasma Cell,TNFSF13B,TNFRSF13C,0.000712848558581219,0,44,506
AML162,Chen2023,Diagnosis,cellchat,Cycling Progenitor,Plasma Cell,TNFSF13B,TNFRSF13C,0.000263016018563089,0,32,506
AML162,Chen2023,Diagnosis,cellchat,Early GMP,Plasma Cell,TNFSF13B,TNFRSF13C,0.000368973602116527,0,220,506
AML162,Chen2023,Diagnosis,cellchat,Monocyte,Plasma Cell,TNFSF13B,TNFRSF13C,0.000585929220819225,0,620,506
AML162,Chen2023,Diagnosis,cellchat,B,cDC,NAMPT,ITGA5_ITGB1,0.00710191071668133,0.15,301,44
AML162,Chen2023,Diagnosis,cellchat,CD4 Memory T,cDC,NAMPT,ITGA5_ITGB1,0.00730489248067298,0.13,291,44
AML162,Chen2023,Diagnosis,cellchat,CD8 Memory T,cDC,NAMPT,ITGA5_ITGB1,0.00798272442013715,0.09,415,44
AML162,Chen2023,Diagnosis,cellchat,cDC,cDC,NAMPT,ITGA5_ITGB1,0.0231909709307089,0,44,44
AML162,Chen2023,Diagnosis,cellchat,Cycling Progenitor,cDC,NAMPT,ITGA5_ITGB1,0.0222478912591813,0,32,44
AML162,Chen2023,Diagnosis,cellchat,Early GMP,cDC,NAMPT,ITGA5_ITGB1,0.0175757943307181,0,220,44
AML162,Chen2023,Diagnosis,cellchat,HSC MPP,cDC,NAMPT,ITGA5_ITGB1,0.0196284248764768,0,58,44
AML162,Chen2023,Diagnosis,cellchat,Late GMP,cDC,NAMPT,ITGA5_ITGB1,0.0219934500753419,0,317,44
AML162,Chen2023,Diagnosis,cellchat,LMPP,cDC,NAMPT,ITGA5_ITGB1,0.0226681365128547,0,39,44
AML162,Chen2023,Diagnosis,cellchat,Megakaryocyte Precursor,cDC,NAMPT,ITGA5_ITGB1,0.00415867603258784,0.25,32,44
AML162,Chen2023,Diagnosis,cellchat,MEP,cDC,NAMPT,ITGA5_ITGB1,0.00153035126527689,0.35,29,44
AML162,Chen2023,Diagnosis,cellchat,Monocyte,cDC,NAMPT,ITGA5_ITGB1,0.0468002231260565,0,620,44
AML162,Chen2023,Diagnosis,cellchat,Naive T,cDC,NAMPT,ITGA5_ITGB1,0.00598064497323142,0.22,193,44
AML162,Chen2023,Diagnosis,cellchat,Plasma Cell,cDC,NAMPT,ITGA5_ITGB1,0.0133168589028793,0.01,506,44
AML162,Chen2023,Diagnosis,cellchat,Pro-Monocyte,cDC,NAMPT,ITGA5_ITGB1,0.0233714465125158,0,618,44
AML162,Chen2023,Diagnosis,cellchat,B,Cycling Progenitor,NAMPT,ITGA5_ITGB1,0.00354297542045908,0.34,301,32
AML162,Chen2023,Diagnosis,cellchat,CD4 Memory T,Cycling Progenitor,NAMPT,ITGA5_ITGB1,0.00364461160333627,0.33,291,32
AML162,Chen2023,Diagnosis,cellchat,CD8 Memory T,Cycling Progenitor,NAMPT,ITGA5_ITGB1,0.00398416373616423,0.32,415,32
AML162,Chen2023,Diagnosis,cellchat,cDC,Cycling Progenitor,NAMPT,ITGA5_ITGB1,0.0116641434208108,0.02,44,32
AML162,Chen2023,Diagnosis,cellchat,Cycling Progenitor,Cycling Progenitor,NAMPT,ITGA5_ITGB1,0.0111844444002666,0.03,32,32
AML162,Chen2023,Diagnosis,cellchat,Early GMP,Cycling Progenitor,NAMPT,ITGA5_ITGB1,0.00881474540640796,0.11,220,32
AML162,Chen2023,Diagnosis,cellchat,HSC MPP,Cycling Progenitor,NAMPT,ITGA5_ITGB1,0.0098544594827306,0.06,58,32
AML162,Chen2023,Diagnosis,cellchat,Late GMP,Cycling Progenitor,NAMPT,ITGA5_ITGB1,0.0110551012898655,0.02,317,32
AML162,Chen2023,Diagnosis,cellchat,LMPP,Cycling Progenitor,NAMPT,ITGA5_ITGB1,0.0113981459843277,0.03,39,32
AML162,Chen2023,Diagnosis,cellchat,Megakaryocyte Precursor,Cycling Progenitor,NAMPT,ITGA5_ITGB1,0.00207158790233507,0.38,32,32
AML162,Chen2023,Diagnosis,cellchat,MEP,Cycling Progenitor,NAMPT,ITGA5_ITGB1,0.000761315253494859,0.41,29,32
AML162,Chen2023,Diagnosis,cellchat,Monocyte,Cycling Progenitor,NAMPT,ITGA5_ITGB1,0.0238248819992162,0,620,32
AML162,Chen2023,Diagnosis,cellchat,Naive T,Cycling Progenitor,NAMPT,ITGA5_ITGB1,0.00298191493849159,0.38,193,32
AML162,Chen2023,Diagnosis,cellchat,Plasma Cell,Cycling Progenitor,NAMPT,ITGA5_ITGB1,0.00666437055478202,0.21,506,32
AML162,Chen2023,Diagnosis,cellchat,Pro-Monocyte,Cycling Progenitor,NAMPT,ITGA5_ITGB1,0.011755995108602,0.02,618,32
AML162,Chen2023,Diagnosis,cellchat,B,Early GMP,NAMPT,ITGA5_ITGB1,0.00226738923348532,0.16,301,220
AML162,Chen2023,Diagnosis,cellchat,CD4 Memory T,Early GMP,NAMPT,ITGA5_ITGB1,0.00233251874629987,0.16,291,220
AML162,Chen2023,Diagnosis,cellchat,CD8 Memory T,Early GMP,NAMPT,ITGA5_ITGB1,0.00255014194095403,0.16,415,220
AML162,Chen2023,Diagnosis,cellchat,cDC,Early GMP,NAMPT,ITGA5_ITGB1,0.00748664097311382,0.04,44,220
AML162,Chen2023,Diagnosis,cellchat,Cycling Progenitor,Early GMP,NAMPT,ITGA5_ITGB1,0.00717749804990788,0.05,32,220
AML162,Chen2023,Diagnosis,cellchat,Early GMP,Early GMP,NAMPT,ITGA5_ITGB1,0.00565191638382311,0.1,220,220
AML162,Chen2023,Diagnosis,cellchat,HSC MPP,Early GMP,NAMPT,ITGA5_ITGB1,0.00632094851692365,0.08,58,220
AML162,Chen2023,Diagnosis,cellchat,Late GMP,Early GMP,NAMPT,ITGA5_ITGB1,0.00709416103525499,0.08,317,220
AML162,Chen2023,Diagnosis,cellchat,LMPP,Early GMP,NAMPT,ITGA5_ITGB1,0.00731520515824867,0.06,39,220
AML162,Chen2023,Diagnosis,cellchat,Megakaryocyte Precursor,Early GMP,NAMPT,ITGA5_ITGB1,0.00132504456129667,0.16,32,220
AML162,Chen2023,Diagnosis,cellchat,MEP,Early GMP,NAMPT,ITGA5_ITGB1,0.000486727858093327,0.16,29,220
AML162,Chen2023,Diagnosis,cellchat,Monocyte,Early GMP,NAMPT,ITGA5_ITGB1,0.0153597085238886,0,620,220
AML162,Chen2023,Diagnosis,cellchat,Naive T,Early GMP,NAMPT,ITGA5_ITGB1,0.00190794196730739,0.16,193,220
AML162,Chen2023,Diagnosis,cellchat,Plasma Cell,Early GMP,NAMPT,ITGA5_ITGB1,0.00426979624546209,0.11,506,220
AML162,Chen2023,Diagnosis,cellchat,Pro-Monocyte,Early GMP,NAMPT,ITGA5_ITGB1,0.00754584722405695,0.03,618,220
AML162,Chen2023,Diagnosis,cellchat,B,HSC MPP,NAMPT,ITGA5_ITGB1,0.00233964071680713,0.34,301,58
AML162,Chen2023,Diagnosis,cellchat,CD4 Memory T,HSC MPP,NAMPT,ITGA5_ITGB1,0.00240684060740321,0.34,291,58
AML162,Chen2023,Diagnosis,cellchat,CD8 Memory T,HSC MPP,NAMPT,ITGA5_ITGB1,0.00263137971688456,0.34,415,58
AML162,Chen2023,Diagnosis,cellchat,cDC,HSC MPP,NAMPT,ITGA5_ITGB1,0.00772391898811813,0.1,44,58
AML162,Chen2023,Diagnosis,cellchat,Cycling Progenitor,HSC MPP,NAMPT,ITGA5_ITGB1,0.00740505133779336,0.09,32,58
AML162,Chen2023,Diagnosis,cellchat,Early GMP,HSC MPP,NAMPT,ITGA5_ITGB1,0.00583138716244498,0.27,220,58
AML162,Chen2023,Diagnosis,cellchat,HSC MPP,HSC MPP,NAMPT,ITGA5_ITGB1,0.00652152438773389,0.18,58,58
AML162,Chen2023,Diagnosis,cellchat,Late GMP,HSC MPP,NAMPT,ITGA5_ITGB1,0.00731909170844522,0.13,317,58
AML162,Chen2023,Diagnosis,cellchat,LMPP,HSC MPP,NAMPT,ITGA5_ITGB1,0.00754709108432194,0.09,39,58
AML162,Chen2023,Diagnosis,cellchat,Megakaryocyte Precursor,HSC MPP,NAMPT,ITGA5_ITGB1,0.00136730891515729,0.34,32,58
AML162,Chen2023,Diagnosis,cellchat,MEP,HSC MPP,NAMPT,ITGA5_ITGB1,0.000502266247060168,0.34,29,58
AML162,Chen2023,Diagnosis,cellchat,Monocyte,HSC MPP,NAMPT,ITGA5_ITGB1,0.0158425288433806,0,620,58
AML162,Chen2023,Diagnosis,cellchat,Naive T,HSC MPP,NAMPT,ITGA5_ITGB1,0.00196876208646348,0.34,193,58
AML162,Chen2023,Diagnosis,cellchat,Plasma Cell,HSC MPP,NAMPT,ITGA5_ITGB1,0.00440557367376901,0.33,506,58
AML162,Chen2023,Diagnosis,cellchat,Pro-Monocyte,HSC MPP,NAMPT,ITGA5_ITGB1,0.00778498697526996,0.1,618,58
AML162,Chen2023,Diagnosis,cellchat,B,Late GMP,NAMPT,ITGA5_ITGB1,0.00180771485697595,0.09,301,317
AML162,Chen2023,Diagnosis,cellchat,CD4 Memory T,Late GMP,NAMPT,ITGA5_ITGB1,0.00185966508592893,0.09,291,317
AML162,Chen2023,Diagnosis,cellchat,CD8 Memory T,Late GMP,NAMPT,ITGA5_ITGB1,0.0020332611084051,0.09,415,317
AML162,Chen2023,Diagnosis,cellchat,cDC,Late GMP,NAMPT,ITGA5_ITGB1,0.0059751893970878,0.05,44,317
AML162,Chen2023,Diagnosis,cellchat,Cycling Progenitor,Late GMP,NAMPT,ITGA5_ITGB1,0.00572809805231961,0.06,32,317
AML162,Chen2023,Diagnosis,cellchat,Early GMP,Late GMP,NAMPT,ITGA5_ITGB1,0.00450918806328118,0.09,220,317
AML162,Chen2023,Diagnosis,cellchat,HSC MPP,Late GMP,NAMPT,ITGA5_ITGB1,0.00504363857411355,0.06,58,317
AML162,Chen2023,Diagnosis,cellchat,Late GMP,Late GMP,NAMPT,ITGA5_ITGB1,0.00566149387129737,0.08,317,317
AML162,Chen2023,Diagnosis,cellchat,LMPP,Late GMP,NAMPT,ITGA5_ITGB1,0.00583816056878234,0.08,39,317
AML162,Chen2023,Diagnosis,cellchat,Megakaryocyte Precursor,Late GMP,NAMPT,ITGA5_ITGB1,0.00105621220356521,0.09,32,317
AML162,Chen2023,Diagnosis,cellchat,MEP,Late GMP,NAMPT,ITGA5_ITGB1,0.000387911757973209,0.09,29,317
AML162,Chen2023,Diagnosis,cellchat,Monocyte,Late GMP,NAMPT,ITGA5_ITGB1,0.0122784544683657,0,620,317
AML162,Chen2023,Diagnosis,cellchat,Naive T,Late GMP,NAMPT,ITGA5_ITGB1,0.00152102828264554,0.09,193,317
AML162,Chen2023,Diagnosis,cellchat,Plasma Cell,Late GMP,NAMPT,ITGA5_ITGB1,0.00340555374367394,0.09,506,317
AML162,Chen2023,Diagnosis,cellchat,Pro-Monocyte,Late GMP,NAMPT,ITGA5_ITGB1,0.00602251523634541,0.06,618,317
AML162,Chen2023,Diagnosis,cellchat,B,LMPP,NAMPT,ITGA5_ITGB1,0.00366256104610044,0.41,301,39
AML162,Chen2023,Diagnosis,cellchat,CD4 Memory T,LMPP,NAMPT,ITGA5_ITGB1,0.0037676147720928,0.41,291,39
AML162,Chen2023,Diagnosis,cellchat,CD8 Memory T,LMPP,NAMPT,ITGA5_ITGB1,0.00411857918888015,0.4,415,39
AML162,Chen2023,Diagnosis,cellchat,cDC,LMPP,NAMPT,ITGA5_ITGB1,0.0120545258100604,0.03,44,39
AML162,Chen2023,Diagnosis,cellchat,Cycling Progenitor,LMPP,NAMPT,ITGA5_ITGB1,0.0115589597089967,0.05,32,39
AML162,Chen2023,Diagnosis,cellchat,Early GMP,LMPP,NAMPT,ITGA5_ITGB1,0.00911064156580668,0.12,220,39
AML162,Chen2023,Diagnosis,cellchat,HSC MPP,LMPP,NAMPT,ITGA5_ITGB1,0.0101848984638548,0.09,58,39
AML162,Chen2023,Diagnosis,cellchat,Late GMP,LMPP,NAMPT,ITGA5_ITGB1,0.0114253355401253,0.03,317,39
AML162,Chen2023,Diagnosis,cellchat,LMPP,LMPP,NAMPT,ITGA5_ITGB1,0.0117797319228519,0.08,39,39
AML162,Chen2023,Diagnosis,cellchat,Megakaryocyte Precursor,LMPP,NAMPT,ITGA5_ITGB1,0.00214161669954529,0.39,32,39
AML162,Chen2023,Diagnosis,cellchat,MEP,LMPP,NAMPT,ITGA5_ITGB1,0.000787085997699294,0.41,29,39
AML162,Chen2023,Diagnosis,cellchat,Monocyte,LMPP,NAMPT,ITGA5_ITGB1,0.0246121316897652,0,620,39
AML162,Chen2023,Diagnosis,cellchat,Naive T,LMPP,NAMPT,ITGA5_ITGB1,0.00308262174121243,0.41,193,39
AML162,Chen2023,Diagnosis,cellchat,Plasma Cell,LMPP,NAMPT,ITGA5_ITGB1,0.00688858392243848,0.24,506,39
AML162,Chen2023,Diagnosis,cellchat,Pro-Monocyte,LMPP,NAMPT,ITGA5_ITGB1,0.01214941385412,0.01,618,39
AML162,Chen2023,Diagnosis,cellchat,B,Monocyte,NAMPT,ITGA5_ITGB1,0.00738136023175482,0.01,301,620
AML162,Chen2023,Diagnosis,cellchat,CD4 Memory T,Monocyte,NAMPT,ITGA5_ITGB1,0.00759226794976072,0.01,291,620
AML162,Chen2023,Diagnosis,cellchat,CD8 Memory T,Monocyte,NAMPT,ITGA5_ITGB1,0.00829654302679167,0.01,415,620
AML162,Chen2023,Diagnosis,cellchat,cDC,Monocyte,NAMPT,ITGA5_ITGB1,0.0240881419830438,0,44,620
AML162,Chen2023,Diagnosis,cellchat,Cycling Progenitor,Monocyte,NAMPT,ITGA5_ITGB1,0.0231094412683192,0,32,620
AML162,Chen2023,Diagnosis,cellchat,Early GMP,Monocyte,NAMPT,ITGA5_ITGB1,0.0182597961615646,0,220,620
AML162,Chen2023,Diagnosis,cellchat,HSC MPP,Monocyte,NAMPT,ITGA5_ITGB1,0.0203906514701709,0,58,620
AML162,Chen2023,Diagnosis,cellchat,Late GMP,Monocyte,NAMPT,ITGA5_ITGB1,0.0228453770677812,0,317,620
AML162,Chen2023,Diagnosis,cellchat,LMPP,Monocyte,NAMPT,ITGA5_ITGB1,0.0235455686277256,0,39,620
AML162,Chen2023,Diagnosis,cellchat,Megakaryocyte Precursor,Monocyte,NAMPT,ITGA5_ITGB1,0.00432281789994682,0.02,32,620
AML162,Chen2023,Diagnosis,cellchat,MEP,Monocyte,NAMPT,ITGA5_ITGB1,0.00159091956398763,0.02,29,620
AML162,Chen2023,Diagnosis,cellchat,Monocyte,Monocyte,NAMPT,ITGA5_ITGB1,0.0485653365565832,0,620,620
AML162,Chen2023,Diagnosis,cellchat,Naive T,Monocyte,NAMPT,ITGA5_ITGB1,0.0062162505896105,0.01,193,620
AML162,Chen2023,Diagnosis,cellchat,Plasma Cell,Monocyte,NAMPT,ITGA5_ITGB1,0.0138374491533692,0,506,620
AML162,Chen2023,Diagnosis,cellchat,Pro-Monocyte,Monocyte,NAMPT,ITGA5_ITGB1,0.0242754259703149,0,618,620
AML162,Chen2023,Diagnosis,cellchat,B,Pro-Monocyte,NAMPT,ITGA5_ITGB1,0.00334738033326216,0.03,301,618
AML162,Chen2023,Diagnosis,cellchat,CD4 Memory T,Pro-Monocyte,NAMPT,ITGA5_ITGB1,0.00344342493318658,0.03,291,618
AML162,Chen2023,Diagnosis,cellchat,CD8 Memory T,Pro-Monocyte,NAMPT,ITGA5_ITGB1,0.00376430422033884,0.03,415,618
AML162,Chen2023,Diagnosis,cellchat,cDC,Pro-Monocyte,NAMPT,ITGA5_ITGB1,0.0110251681056688,0,44,618
AML162,Chen2023,Diagnosis,cellchat,Cycling Progenitor,Pro-Monocyte,NAMPT,ITGA5_ITGB1,0.0105714664737368,0,32,618
AML162,Chen2023,Diagnosis,cellchat,Early GMP,Pro-Monocyte,NAMPT,ITGA5_ITGB1,0.00833054773245632,0,220,618
AML162,Chen2023,Diagnosis,cellchat,HSC MPP,Pro-Monocyte,NAMPT,ITGA5_ITGB1,0.00931368653019904,0,58,618
AML162,Chen2023,Diagnosis,cellchat,Late GMP,Pro-Monocyte,NAMPT,ITGA5_ITGB1,0.0104491372697833,0,317,618
AML162,Chen2023,Diagnosis,cellchat,LMPP,Pro-Monocyte,NAMPT,ITGA5_ITGB1,0.010773583475878,0,39,618
AML162,Chen2023,Diagnosis,cellchat,Megakaryocyte Precursor,Pro-Monocyte,NAMPT,ITGA5_ITGB1,0.00195706335553398,0.03,32,618
AML162,Chen2023,Diagnosis,cellchat,MEP,Pro-Monocyte,NAMPT,ITGA5_ITGB1,0.000719174909592563,0.03,29,618
AML162,Chen2023,Diagnosis,cellchat,Monocyte,Pro-Monocyte,NAMPT,ITGA5_ITGB1,0.0225349167787046,0,620,618
AML162,Chen2023,Diagnosis,cellchat,Naive T,Pro-Monocyte,NAMPT,ITGA5_ITGB1,0.00281720643658679,0.03,193,618
AML162,Chen2023,Diagnosis,cellchat,Plasma Cell,Pro-Monocyte,NAMPT,ITGA5_ITGB1,0.00629754338874474,0.02,506,618
AML162,Chen2023,Diagnosis,cellchat,Pro-Monocyte,Pro-Monocyte,NAMPT,ITGA5_ITGB1,0.0111120446242065,0,618,618
AML162,Chen2023,Diagnosis,cellchat,Cycling Progenitor,Plasma Cell,MDK,SDC1,0.0046700379457499,0,32,506
AML162,Chen2023,Diagnosis,cellchat,Early GMP,Plasma Cell,MDK,SDC1,0.00179681192073209,0,220,506
AML162,Chen2023,Diagnosis,cellchat,HSC MPP,Plasma Cell,MDK,SDC1,0.00289195746933092,0,58,506
AML162,Chen2023,Diagnosis,cellchat,LMPP,Plasma Cell,MDK,SDC1,0.000780189602517734,0,39,506
AML162,Chen2023,Diagnosis,cellchat,Cycling Progenitor,Cycling Progenitor,MDK,SDC4,0.00152684102148307,0,32,32
AML162,Chen2023,Diagnosis,cellchat,Early GMP,Cycling Progenitor,MDK,SDC4,0.000586317762864278,0,220,32
AML162,Chen2023,Diagnosis,cellchat,HSC MPP,Cycling Progenitor,MDK,SDC4,0.00094437274804306,0,58,32
AML162,Chen2023,Diagnosis,cellchat,LMPP,Cycling Progenitor,MDK,SDC4,0.000254409141949408,0,39,32
AML162,Chen2023,Diagnosis,cellchat,Cycling Progenitor,Monocyte,MDK,SDC4,0.00466214451231391,0,32,620
AML162,Chen2023,Diagnosis,cellchat,Early GMP,Monocyte,MDK,SDC4,0.00179376614503011,0,220,620
AML162,Chen2023,Diagnosis,cellchat,HSC MPP,Monocyte,MDK,SDC4,0.0028870606816544,0,58,620
AML162,Chen2023,Diagnosis,cellchat,LMPP,Monocyte,MDK,SDC4,0.000778865758585777,0,39,620
AML162,Chen2023,Diagnosis,cellchat,Cycling Progenitor,CD4 Memory T,MDK,ITGA4_ITGB1,0.00472596116135053,0,32,291
AML162,Chen2023,Diagnosis,cellchat,Early GMP,CD4 Memory T,MDK,ITGA4_ITGB1,0.00181839141359701,0,220,291
AML162,Chen2023,Diagnosis,cellchat,HSC MPP,CD4 Memory T,MDK,ITGA4_ITGB1,0.00292665096492404,0,58,291
AML162,Chen2023,Diagnosis,cellchat,LMPP,CD4 Memory T,MDK,ITGA4_ITGB1,0.000789569242461977,0,39,291
AML162,Chen2023,Diagnosis,cellchat,Cycling Progenitor,CD8 Memory T,MDK,ITGA4_ITGB1,0.00518729397150754,0,32,415
AML162,Chen2023,Diagnosis,cellchat,Early GMP,CD8 Memory T,MDK,ITGA4_ITGB1,0.00199646615493806,0,220,415
AML162,Chen2023,Diagnosis,cellchat,HSC MPP,CD8 Memory T,MDK,ITGA4_ITGB1,0.00321290802566346,0,58,415
AML162,Chen2023,Diagnosis,cellchat,LMPP,CD8 Memory T,MDK,ITGA4_ITGB1,0.000866979124502624,0,39,415
AML162,Chen2023,Diagnosis,cellchat,Cycling Progenitor,cDC,MDK,ITGA4_ITGB1,0.0138133964795504,0,32,44
AML162,Chen2023,Diagnosis,cellchat,Early GMP,cDC,MDK,ITGA4_ITGB1,0.00534495684991812,0,220,44
AML162,Chen2023,Diagnosis,cellchat,HSC MPP,cDC,MDK,ITGA4_ITGB1,0.00858407728456817,0,58,44
AML162,Chen2023,Diagnosis,cellchat,LMPP,cDC,MDK,ITGA4_ITGB1,0.00232549838460892,0,39,44
AML162,Chen2023,Diagnosis,cellchat,Cycling Progenitor,Cycling Progenitor,MDK,ITGA4_ITGB1,0.00869858863119576,0,32,32
AML162,Chen2023,Diagnosis,cellchat,Early GMP,Cycling Progenitor,MDK,ITGA4_ITGB1,0.00335516455348372,0,220,32
AML162,Chen2023,Diagnosis,cellchat,HSC MPP,Cycling Progenitor,MDK,ITGA4_ITGB1,0.00539498280514476,0,58,32
AML162,Chen2023,Diagnosis,cellchat,LMPP,Cycling Progenitor,MDK,ITGA4_ITGB1,0.00145812629176463,0,39,32
AML162,Chen2023,Diagnosis,cellchat,Cycling Progenitor,Early GMP,MDK,ITGA4_ITGB1,0.00497000405685404,0,32,220
AML162,Chen2023,Diagnosis,cellchat,Early GMP,Early GMP,MDK,ITGA4_ITGB1,0.00191257946275527,0,220,220
AML162,Chen2023,Diagnosis,cellchat,HSC MPP,Early GMP,MDK,ITGA4_ITGB1,0.00307806702097705,0,58,220
AML162,Chen2023,Diagnosis,cellchat,LMPP,Early GMP,MDK,ITGA4_ITGB1,0.000830511259401998,0,39,220
AML162,Chen2023,Diagnosis,cellchat,Cycling Progenitor,HSC MPP,MDK,ITGA4_ITGB1,0.00393843921284719,0,32,58
AML162,Chen2023,Diagnosis,cellchat,Early GMP,HSC MPP,MDK,ITGA4_ITGB1,0.00151464202633791,0,220,58
AML162,Chen2023,Diagnosis,cellchat,HSC MPP,HSC MPP,MDK,ITGA4_ITGB1,0.00243822688448515,0,58,58
AML162,Chen2023,Diagnosis,cellchat,LMPP,HSC MPP,MDK,ITGA4_ITGB1,0.000657564088003799,0,39,58
AML162,Chen2023,Diagnosis,cellchat,Cycling Progenitor,Late GMP,MDK,ITGA4_ITGB1,0.00420766684644743,0,32,317
AML162,Chen2023,Diagnosis,cellchat,Early GMP,Late GMP,MDK,ITGA4_ITGB1,0.00161845060822293,0,220,317
AML162,Chen2023,Diagnosis,cellchat,HSC MPP,Late GMP,MDK,ITGA4_ITGB1,0.00260516977828916,0,58,317
AML162,Chen2023,Diagnosis,cellchat,LMPP,Late GMP,MDK,ITGA4_ITGB1,0.000702672705981089,0,39,317
AML162,Chen2023,Diagnosis,cellchat,Cycling Progenitor,LMPP,MDK,ITGA4_ITGB1,0.003298405521075,0,32,39
AML162,Chen2023,Diagnosis,cellchat,Early GMP,LMPP,MDK,ITGA4_ITGB1,0.00126799691852595,0,220,39
AML162,Chen2023,Diagnosis,cellchat,HSC MPP,LMPP,MDK,ITGA4_ITGB1,0.00204149223056154,0,58,39
AML162,Chen2023,Diagnosis,cellchat,LMPP,LMPP,MDK,ITGA4_ITGB1,0.000550409069011467,0,39,39
AML162,Chen2023,Diagnosis,cellchat,Cycling Progenitor,Megakaryocyte Precursor,MDK,ITGA4_ITGB1,0.00235468749280384,0,32,32
AML162,Chen2023,Diagnosis,cellchat,Early GMP,Megakaryocyte Precursor,MDK,ITGA4_ITGB1,0.000904678713494066,0,220,32
AML162,Chen2023,Diagnosis,cellchat,HSC MPP,Megakaryocyte Precursor,MDK,ITGA4_ITGB1,0.00145686828876859,0,58,32
AML162,Chen2023,Diagnosis,cellchat,LMPP,Megakaryocyte Precursor,MDK,ITGA4_ITGB1,0.000392619942682804,0,39,32
AML162,Chen2023,Diagnosis,cellchat,Cycling Progenitor,MEP,MDK,ITGA4_ITGB1,0.0138575951735168,0,32,29
AML162,Chen2023,Diagnosis,cellchat,Early GMP,MEP,MDK,ITGA4_ITGB1,0.00536220642835127,0,220,29
AML162,Chen2023,Diagnosis,cellchat,HSC MPP,MEP,MDK,ITGA4_ITGB1,0.00861168984870839,0,58,29
AML162,Chen2023,Diagnosis,cellchat,LMPP,MEP,MDK,ITGA4_ITGB1,0.00233302623471658,0,39,29
AML162,Chen2023,Diagnosis,cellchat,Cycling Progenitor,Plasma Cell,MDK,ITGA4_ITGB1,0.00245926500058155,0,32,506
AML162,Chen2023,Diagnosis,cellchat,Early GMP,Plasma Cell,MDK,ITGA4_ITGB1,0.000944918732413984,0,220,506
AML162,Chen2023,Diagnosis,cellchat,HSC MPP,Plasma Cell,MDK,ITGA4_ITGB1,0.00152163223774292,0,58,506
AML162,Chen2023,Diagnosis,cellchat,LMPP,Plasma Cell,MDK,ITGA4_ITGB1,0.00041009298743124,0,39,506
AML162,Chen2023,Diagnosis,cellchat,Cycling Progenitor,Pro-Monocyte,MDK,ITGA4_ITGB1,0.00473321727473308,0,32,618
AML162,Chen2023,Diagnosis,cellchat,Early GMP,Pro-Monocyte,MDK,ITGA4_ITGB1,0.00182119149153619,0,220,618
AML162,Chen2023,Diagnosis,cellchat,HSC MPP,Pro-Monocyte,MDK,ITGA4_ITGB1,0.0029311526020193,0,58,618
AML162,Chen2023,Diagnosis,cellchat,LMPP,Pro-Monocyte,MDK,ITGA4_ITGB1,0.000790786327867211,0,39,618
AML162,Chen2023,Diagnosis,cellchat,Cycling Progenitor,Cycling Progenitor,MDK,ITGA6_ITGB1,0.00327025574231957,0,32,32
AML162,Chen2023,Diagnosis,cellchat,Early GMP,Cycling Progenitor,MDK,ITGA6_ITGB1,0.00125715352053235,0,220,32
AML162,Chen2023,Diagnosis,cellchat,HSC MPP,Cycling Progenitor,MDK,ITGA6_ITGB1,0.00202404761807837,0,58,32
AML162,Chen2023,Diagnosis,cellchat,LMPP,Cycling Progenitor,MDK,ITGA6_ITGB1,0.00054569883980635,0,39,32
AML162,Chen2023,Diagnosis,cellchat,Cycling Progenitor,Plasma Cell,MDK,ITGA6_ITGB1,0.00260636340531912,0,32,506
AML162,Chen2023,Diagnosis,cellchat,Early GMP,Plasma Cell,MDK,ITGA6_ITGB1,0.00100152901501602,0,220,506
AML162,Chen2023,Diagnosis,cellchat,HSC MPP,Plasma Cell,MDK,ITGA6_ITGB1,0.00161273777488329,0,58,506
AML162,Chen2023,Diagnosis,cellchat,LMPP,Plasma Cell,MDK,ITGA6_ITGB1,0.000434675686535343,0,39,506
AML162,Chen2023,Diagnosis,cellchat,Cycling Progenitor,Monocyte,MDK,LRP1,0.0035918274504222,0,32,620
AML162,Chen2023,Diagnosis,cellchat,Early GMP,Monocyte,MDK,LRP1,0.00138104657353749,0,220,620
AML162,Chen2023,Diagnosis,cellchat,HSC MPP,Monocyte,MDK,LRP1,0.00222335018693346,0,58,620
AML162,Chen2023,Diagnosis,cellchat,LMPP,Monocyte,MDK,LRP1,0.000599519797187609,0,39,620
AML162,Chen2023,Diagnosis,cellchat,Cycling Progenitor,B,MDK,NCL,0.0324680277537478,0,32,301
AML162,Chen2023,Diagnosis,cellchat,Early GMP,B,MDK,NCL,0.0127105809769282,0,220,301
AML162,Chen2023,Diagnosis,cellchat,HSC MPP,B,MDK,NCL,0.020322176149479,0,58,301
AML162,Chen2023,Diagnosis,cellchat,LMPP,B,MDK,NCL,0.00555338582651063,0,39,301
AML162,Chen2023,Diagnosis,cellchat,Cycling Progenitor,CD4 Memory T,MDK,NCL,0.0203777770579762,0,32,291
AML162,Chen2023,Diagnosis,cellchat,Early GMP,CD4 Memory T,MDK,NCL,0.00791728713849368,0,220,291
AML162,Chen2023,Diagnosis,cellchat,HSC MPP,CD4 Memory T,MDK,NCL,0.0126953798032714,0,58,291
AML162,Chen2023,Diagnosis,cellchat,LMPP,CD4 Memory T,MDK,NCL,0.00344971475720565,0,39,291
AML162,Chen2023,Diagnosis,cellchat,Cycling Progenitor,CD8 Memory T,MDK,NCL,0.0230069025950215,0,32,415
AML162,Chen2023,Diagnosis,cellchat,Early GMP,CD8 Memory T,MDK,NCL,0.00895346298806118,0,220,415
AML162,Chen2023,Diagnosis,cellchat,HSC MPP,CD8 Memory T,MDK,NCL,0.0143478452812609,0,58,415
AML162,Chen2023,Diagnosis,cellchat,LMPP,CD8 Memory T,MDK,NCL,0.00390349713191209,0,39,415
AML162,Chen2023,Diagnosis,cellchat,Cycling Progenitor,cDC,MDK,NCL,0.0375246162757153,0,32,44
AML162,Chen2023,Diagnosis,cellchat,Early GMP,cDC,MDK,NCL,0.0147370018489494,0,220,44
AML162,Chen2023,Diagnosis,cellchat,HSC MPP,cDC,MDK,NCL,0.0235331722692832,0,58,44
AML162,Chen2023,Diagnosis,cellchat,LMPP,cDC,MDK,NCL,0.0064462004833286,0,39,44
AML162,Chen2023,Diagnosis,cellchat,Cycling Progenitor,Cycling Progenitor,MDK,NCL,0.0387922864958812,0,32,32
AML162,Chen2023,Diagnosis,cellchat,Early GMP,Cycling Progenitor,MDK,NCL,0.0152470476897859,0,220,32
AML162,Chen2023,Diagnosis,cellchat,HSC MPP,Cycling Progenitor,MDK,NCL,0.0243401316908305,0,58,32
AML162,Chen2023,Diagnosis,cellchat,LMPP,Cycling Progenitor,MDK,NCL,0.00667124560168721,0,39,32
AML162,Chen2023,Diagnosis,cellchat,Cycling Progenitor,Early GMP,MDK,NCL,0.0338138369506069,0,32,220
AML162,Chen2023,Diagnosis,cellchat,Early GMP,Early GMP,MDK,NCL,0.0132486523657907,0,220,220
AML162,Chen2023,Diagnosis,cellchat,HSC MPP,Early GMP,MDK,NCL,0.0211755548282665,0,58,220
AML162,Chen2023,Diagnosis,cellchat,LMPP,Early GMP,MDK,NCL,0.00579025177644975,0,39,220
AML162,Chen2023,Diagnosis,cellchat,Cycling Progenitor,HSC MPP,MDK,NCL,0.0276425107199757,0,32,58
AML162,Chen2023,Diagnosis,cellchat,Early GMP,HSC MPP,MDK,NCL,0.0107887445009627,0,220,58
AML162,Chen2023,Diagnosis,cellchat,HSC MPP,HSC MPP,MDK,NCL,0.0172695994605592,0,58,58
AML162,Chen2023,Diagnosis,cellchat,LMPP,HSC MPP,MDK,NCL,0.00470855432371685,0,39,58
AML162,Chen2023,Diagnosis,cellchat,Cycling Progenitor,Late GMP,MDK,NCL,0.0344598020602363,0,32,317
AML162,Chen2023,Diagnosis,cellchat,Early GMP,Late GMP,MDK,NCL,0.0135072412511306,0,220,317
AML162,Chen2023,Diagnosis,cellchat,HSC MPP,Late GMP,MDK,NCL,0.0215854774977106,0,58,317
AML162,Chen2023,Diagnosis,cellchat,LMPP,Late GMP,MDK,NCL,0.00590413767753322,0,39,317
AML162,Chen2023,Diagnosis,cellchat,Cycling Progenitor,LMPP,MDK,NCL,0.0272483005062717,0,32,39
AML162,Chen2023,Diagnosis,cellchat,Early GMP,LMPP,MDK,NCL,0.0106322579415878,0,220,39
AML162,Chen2023,Diagnosis,cellchat,HSC MPP,LMPP,MDK,NCL,0.0170207280482523,0,58,39
AML162,Chen2023,Diagnosis,cellchat,LMPP,LMPP,MDK,NCL,0.00463984491290689,0,39,39
AML162,Chen2023,Diagnosis,cellchat,Cycling Progenitor,Megakaryocyte Precursor,MDK,NCL,0.0381119943869645,0,32,32
AML162,Chen2023,Diagnosis,cellchat,Early GMP,Megakaryocyte Precursor,MDK,NCL,0.0149732313649397,0,220,32
AML162,Chen2023,Diagnosis,cellchat,HSC MPP,Megakaryocyte Precursor,MDK,NCL,0.0239069803369624,0,58,32
AML162,Chen2023,Diagnosis,cellchat,LMPP,Megakaryocyte Precursor,MDK,NCL,0.00655041461889716,0,39,32
AML162,Chen2023,Diagnosis,cellchat,Cycling Progenitor,MEP,MDK,NCL,0.040429256525595,0,32,29
AML162,Chen2023,Diagnosis,cellchat,Early GMP,MEP,MDK,NCL,0.0159068902148911,0,220,29
AML162,Chen2023,Diagnosis,cellchat,HSC MPP,MEP,MDK,NCL,0.0253833497623061,0,58,29
AML162,Chen2023,Diagnosis,cellchat,LMPP,MEP,MDK,NCL,0.00696257941623947,0,39,29
AML162,Chen2023,Diagnosis,cellchat,Cycling Progenitor,Monocyte,MDK,NCL,0.0155974973451145,0,32,620
AML162,Chen2023,Diagnosis,cellchat,Early GMP,Monocyte,MDK,NCL,0.00604199806051897,0,220,620
AML162,Chen2023,Diagnosis,cellchat,HSC MPP,Monocyte,MDK,NCL,0.0096994162411796,0,58,620
AML162,Chen2023,Diagnosis,cellchat,LMPP,Monocyte,MDK,NCL,0.00262981007970691,0,39,620
AML162,Chen2023,Diagnosis,cellchat,Cycling Progenitor,Naive T,MDK,NCL,0.0268596065703936,0,32,193
AML162,Chen2023,Diagnosis,cellchat,Early GMP,Naive T,MDK,NCL,0.010478036844793,0,220,193
AML162,Chen2023,Diagnosis,cellchat,HSC MPP,Naive T,MDK,NCL,0.0167754132721483,0,58,193
AML162,Chen2023,Diagnosis,cellchat,LMPP,Naive T,MDK,NCL,0.00457214219553288,0,39,193
AML162,Chen2023,Diagnosis,cellchat,Cycling Progenitor,NK,MDK,NCL,0.0336604046873551,0,32,58
AML162,Chen2023,Diagnosis,cellchat,Early GMP,NK,MDK,NCL,0.0131872621848183,0,220,58
AML162,Chen2023,Diagnosis,cellchat,HSC MPP,NK,MDK,NCL,0.0210782184344061,0,58,58
AML162,Chen2023,Diagnosis,cellchat,LMPP,NK,MDK,NCL,0.0057632196795302,0,39,58
AML162,Chen2023,Diagnosis,cellchat,Cycling Progenitor,Plasma Cell,MDK,NCL,0.0101788799263717,0,32,506
AML162,Chen2023,Diagnosis,cellchat,Early GMP,Plasma Cell,MDK,NCL,0.00392973789928978,0,220,506
AML162,Chen2023,Diagnosis,cellchat,HSC MPP,Plasma Cell,MDK,NCL,0.00631666192454896,0,58,506
AML162,Chen2023,Diagnosis,cellchat,LMPP,Plasma Cell,MDK,NCL,0.00170838790460285,0,39,506
AML162,Chen2023,Diagnosis,cellchat,Cycling Progenitor,Pro-Monocyte,MDK,NCL,0.0320407656995458,0,32,618
AML162,Chen2023,Diagnosis,cellchat,Early GMP,Pro-Monocyte,MDK,NCL,0.0125399466963238,0,220,618
AML162,Chen2023,Diagnosis,cellchat,HSC MPP,Pro-Monocyte,MDK,NCL,0.0200514346429578,0,58,618
AML162,Chen2023,Diagnosis,cellchat,LMPP,Pro-Monocyte,MDK,NCL,0.00547830077913015,0,39,618
AML162,Chen2023,Diagnosis,cellchat,cDC,CD8 Memory T,CTSG,F2R,0.0237562820997953,0,44,415
AML162,Chen2023,Diagnosis,cellchat,Cycling Progenitor,CD8 Memory T,CTSG,F2R,0.00584542570621958,0,32,415
AML162,Chen2023,Diagnosis,cellchat,Early GMP,CD8 Memory T,CTSG,F2R,0.00783152567958725,0,220,415
AML162,Chen2023,Diagnosis,cellchat,Late GMP,CD8 Memory T,CTSG,F2R,0.022498353269696,0,317,415
AML162,Chen2023,Diagnosis,cellchat,LMPP,CD8 Memory T,CTSG,F2R,0.00210537925036479,0,39,415
AML162,Chen2023,Diagnosis,cellchat,Monocyte,CD8 Memory T,CTSG,F2R,0.00549618060891902,0,620,415
AML162,Chen2023,Diagnosis,cellchat,Pro-Monocyte,CD8 Memory T,CTSG,F2R,0.0257907689134578,0,618,415
AML162,Chen2023,Diagnosis,cellchat,cDC,Cycling Progenitor,CTSG,F2R,0.0014648825203853,0.01,44,32
AML162,Chen2023,Diagnosis,cellchat,Cycling Progenitor,Cycling Progenitor,CTSG,F2R,0.000354346007904294,0.01,32,32
AML162,Chen2023,Diagnosis,cellchat,Early GMP,Cycling Progenitor,CTSG,F2R,0.000475634742946127,0.01,220,32
AML162,Chen2023,Diagnosis,cellchat,Late GMP,Cycling Progenitor,CTSG,F2R,0.00138563955790702,0.01,317,32
AML162,Chen2023,Diagnosis,cellchat,LMPP,Cycling Progenitor,CTSG,F2R,0.000127177315375493,0.01,39,32
AML162,Chen2023,Diagnosis,cellchat,Monocyte,Cycling Progenitor,CTSG,F2R,0.00033306507856889,0.01,620,32
AML162,Chen2023,Diagnosis,cellchat,Pro-Monocyte,Cycling Progenitor,CTSG,F2R,0.00159345096297784,0.01,618,32
AML162,Chen2023,Diagnosis,cellchat,cDC,MEP,CTSG,F2R,0.00842518683164019,0,44,29
AML162,Chen2023,Diagnosis,cellchat,Cycling Progenitor,MEP,CTSG,F2R,0.00204882731151646,0,32,29
AML162,Chen2023,Diagnosis,cellchat,Early GMP,MEP,CTSG,F2R,0.00274852361538008,0,220,29
AML162,Chen2023,Diagnosis,cellchat,Late GMP,MEP,CTSG,F2R,0.00797243170061139,0,317,29
AML162,Chen2023,Diagnosis,cellchat,LMPP,MEP,CTSG,F2R,0.000736138734285782,0,39,29
AML162,Chen2023,Diagnosis,cellchat,Monocyte,MEP,CTSG,F2R,0.00192597712370946,0,620,29
AML162,Chen2023,Diagnosis,cellchat,Pro-Monocyte,MEP,CTSG,F2R,0.00915903743903115,0,618,29
AML162,Chen2023,Diagnosis,cellchat,cDC,NK,CTSG,F2R,0.0186415243724418,0,44,58
AML162,Chen2023,Diagnosis,cellchat,Cycling Progenitor,NK,CTSG,F2R,0.00456885084631463,0,32,58
AML162,Chen2023,Diagnosis,cellchat,Early GMP,NK,CTSG,F2R,0.00612388084989724,0,220,58
AML162,Chen2023,Diagnosis,cellchat,Late GMP,NK,CTSG,F2R,0.0176495328098295,0,317,58
AML162,Chen2023,Diagnosis,cellchat,LMPP,NK,CTSG,F2R,0.00164423735185811,0,39,58
AML162,Chen2023,Diagnosis,cellchat,Monocyte,NK,CTSG,F2R,0.00429554737530901,0,620,58
AML162,Chen2023,Diagnosis,cellchat,Pro-Monocyte,NK,CTSG,F2R,0.0202470681802562,0,618,58
AML162,Chen2023,Diagnosis,cellchat,CD8 Memory T,CD8 Memory T,GZMA,F2R,0.0051385626127761,0,415,415
AML162,Chen2023,Diagnosis,cellchat,NK,CD8 Memory T,GZMA,F2R,0.00620405224194549,0,58,415
AML162,Chen2023,Diagnosis,cellchat,CD8 Memory T,Cycling Progenitor,GZMA,F2R,0.000311288499294454,0,415,32
AML162,Chen2023,Diagnosis,cellchat,NK,Cycling Progenitor,GZMA,F2R,0.000376213208081481,0,58,32
AML162,Chen2023,Diagnosis,cellchat,CD8 Memory T,MEP,GZMA,F2R,0.00180023975773651,0,415,29
AML162,Chen2023,Diagnosis,cellchat,NK,MEP,GZMA,F2R,0.0021750358606694,0,58,29
AML162,Chen2023,Diagnosis,cellchat,CD8 Memory T,NK,GZMA,F2R,0.00401573509992695,0,415,58
AML162,Chen2023,Diagnosis,cellchat,NK,NK,GZMA,F2R,0.00484953945193007,0,58,58
AML162,Chen2023,Diagnosis,cellchat,Naive T,cDC,FLT3LG,FLT3,0.0114342311687685,0,193,44
AML162,Chen2023,Diagnosis,cellchat,Naive T,Cycling Progenitor,FLT3LG,FLT3,0.00551116398191798,0,193,32
AML162,Chen2023,Diagnosis,cellchat,Naive T,Early GMP,FLT3LG,FLT3,0.00543341621267385,0,193,220
AML162,Chen2023,Diagnosis,cellchat,Naive T,Late GMP,FLT3LG,FLT3,0.00236733951000205,0,193,317
AML162,Chen2023,Diagnosis,cellchat,Naive T,LMPP,FLT3LG,FLT3,0.00660794730280902,0,193,39
AML162,Chen2023,Diagnosis,cellchat,Naive T,Pro-Monocyte,FLT3LG,FLT3,0.00243718546413331,0,193,618
AML162,Chen2023,Diagnosis,cellchat,cDC,B,LGALS9,PTPRC,0.0188652045274627,0,44,301
AML162,Chen2023,Diagnosis,cellchat,Cycling Progenitor,B,LGALS9,PTPRC,0.0122175830321002,0,32,301
AML162,Chen2023,Diagnosis,cellchat,Early GMP,B,LGALS9,PTPRC,0.00587287720982815,0,220,301
AML162,Chen2023,Diagnosis,cellchat,HSC MPP,B,LGALS9,PTPRC,0.00598360848417673,0,58,301
AML162,Chen2023,Diagnosis,cellchat,LMPP,B,LGALS9,PTPRC,0.00719310735057676,0,39,301
AML162,Chen2023,Diagnosis,cellchat,Pro-Monocyte,B,LGALS9,PTPRC,0.00654232699995926,0,618,301
AML162,Chen2023,Diagnosis,cellchat,cDC,CD4 Memory T,LGALS9,PTPRC,0.0306131198301197,0,44,291
AML162,Chen2023,Diagnosis,cellchat,Cycling Progenitor,CD4 Memory T,LGALS9,PTPRC,0.0199098346486269,0,32,291
AML162,Chen2023,Diagnosis,cellchat,Early GMP,CD4 Memory T,LGALS9,PTPRC,0.00960933096826865,0,220,291
AML162,Chen2023,Diagnosis,cellchat,HSC MPP,CD4 Memory T,LGALS9,PTPRC,0.00978981815295602,0,58,291
AML162,Chen2023,Diagnosis,cellchat,LMPP,CD4 Memory T,LGALS9,PTPRC,0.0117595846592527,0,39,291
AML162,Chen2023,Diagnosis,cellchat,Pro-Monocyte,CD4 Memory T,LGALS9,PTPRC,0.0107001151491393,0,618,291
AML162,Chen2023,Diagnosis,cellchat,cDC,CD8 Memory T,LGALS9,PTPRC,0.0382615377347863,0,44,415
AML162,Chen2023,Diagnosis,cellchat,Cycling Progenitor,CD8 Memory T,LGALS9,PTPRC,0.0249529656782073,0,32,415
AML162,Chen2023,Diagnosis,cellchat,Early GMP,CD8 Memory T,LGALS9,PTPRC,0.0120755062355857,0,220,415
AML162,Chen2023,Diagnosis,cellchat,HSC MPP,CD8 Memory T,LGALS9,PTPRC,0.0123017389815485,0,58,415
AML162,Chen2023,Diagnosis,cellchat,LMPP,CD8 Memory T,LGALS9,PTPRC,0.0147693796642899,0,39,415
AML162,Chen2023,Diagnosis,cellchat,Pro-Monocyte,CD8 Memory T,LGALS9,PTPRC,0.0134424337923767,0,618,415
AML162,Chen2023,Diagnosis,cellchat,cDC,cDC,LGALS9,PTPRC,0.0224695658608995,0,44,44
AML162,Chen2023,Diagnosis,cellchat,Cycling Progenitor,cDC,LGALS9,PTPRC,0.0145707203862171,0,32,44
AML162,Chen2023,Diagnosis,cellchat,Early GMP,cDC,LGALS9,PTPRC,0.00701268373387022,0,220,44
AML162,Chen2023,Diagnosis,cellchat,HSC MPP,cDC,LGALS9,PTPRC,0.00714475125317646,0,58,44
AML162,Chen2023,Diagnosis,cellchat,LMPP,cDC,LGALS9,PTPRC,0.00858693057989489,0,39,44
AML162,Chen2023,Diagnosis,cellchat,Pro-Monocyte,cDC,LGALS9,PTPRC,0.00781103931250224,0,618,44
AML162,Chen2023,Diagnosis,cellchat,cDC,Cycling Progenitor,LGALS9,PTPRC,0.0200751509440308,0,44,32
AML162,Chen2023,Diagnosis,cellchat,Cycling Progenitor,Cycling Progenitor,LGALS9,PTPRC,0.0130068270464557,0,32,32
AML162,Chen2023,Diagnosis,cellchat,Early GMP,Cycling Progenitor,LGALS9,PTPRC,0.00625485471663107,0,220,32
AML162,Chen2023,Diagnosis,cellchat,HSC MPP,Cycling Progenitor,LGALS9,PTPRC,0.00637274189008748,0,58,32
AML162,Chen2023,Diagnosis,cellchat,LMPP,Cycling Progenitor,LGALS9,PTPRC,0.00766029221088111,0.01,39,32
AML162,Chen2023,Diagnosis,cellchat,Pro-Monocyte,Cycling Progenitor,LGALS9,PTPRC,0.00696754098593071,0,618,32
AML162,Chen2023,Diagnosis,cellchat,cDC,Early GMP,LGALS9,PTPRC,0.0154843928370052,0,44,220
AML162,Chen2023,Diagnosis,cellchat,Cycling Progenitor,Early GMP,LGALS9,PTPRC,0.0100159224493963,0.01,32,220
AML162,Chen2023,Diagnosis,cellchat,Early GMP,Early GMP,LGALS9,PTPRC,0.00480899334654579,0,220,220
AML162,Chen2023,Diagnosis,cellchat,HSC MPP,Early GMP,LGALS9,PTPRC,0.0048997642873123,0,58,220
AML162,Chen2023,Diagnosis,cellchat,LMPP,Early GMP,LGALS9,PTPRC,0.00589147840858991,0.01,39,220
AML162,Chen2023,Diagnosis,cellchat,Pro-Monocyte,Early GMP,LGALS9,PTPRC,0.00535782451517229,0,618,220
AML162,Chen2023,Diagnosis,cellchat,cDC,HSC MPP,LGALS9,PTPRC,0.0180675256142332,0,44,58
AML162,Chen2023,Diagnosis,cellchat,Cycling Progenitor,HSC MPP,LGALS9,PTPRC,0.0116976348018779,0.01,32,58
AML162,Chen2023,Diagnosis,cellchat,Early GMP,HSC MPP,LGALS9,PTPRC,0.00562140635529286,0,220,58
AML162,Chen2023,Diagnosis,cellchat,HSC MPP,HSC MPP,LGALS9,PTPRC,0.00572742354130253,0,58,58
AML162,Chen2023,Diagnosis,cellchat,LMPP,HSC MPP,LGALS9,PTPRC,0.0068854970767429,0,39,58
AML162,Chen2023,Diagnosis,cellchat,Pro-Monocyte,HSC MPP,LGALS9,PTPRC,0.00626237153309659,0,618,58
AML162,Chen2023,Diagnosis,cellchat,cDC,Late GMP,LGALS9,PTPRC,0.0139199714497186,0,44,317
AML162,Chen2023,Diagnosis,cellchat,Cycling Progenitor,Late GMP,LGALS9,PTPRC,0.00899894230898751,0.01,32,317
AML162,Chen2023,Diagnosis,cellchat,Early GMP,Late GMP,LGALS9,PTPRC,0.00431839954273397,0,220,317
AML162,Chen2023,Diagnosis,cellchat,HSC MPP,Late GMP,LGALS9,PTPRC,0.0043999513447004,0,58,317
AML162,Chen2023,Diagnosis,cellchat,LMPP,Late GMP,LGALS9,PTPRC,0.00529104102931856,0.02,39,317
AML162,Chen2023,Diagnosis,cellchat,Pro-Monocyte,Late GMP,LGALS9,PTPRC,0.00481151189948122,0,618,317
AML162,Chen2023,Diagnosis,cellchat,cDC,LMPP,LGALS9,PTPRC,0.0198563873307867,0,44,39
AML162,Chen2023,Diagnosis,cellchat,Cycling Progenitor,LMPP,LGALS9,PTPRC,0.012864077454255,0,32,39
AML162,Chen2023,Diagnosis,cellchat,Early GMP,LMPP,LGALS9,PTPRC,0.00618574342596446,0,220,39
AML162,Chen2023,Diagnosis,cellchat,HSC MPP,LMPP,LGALS9,PTPRC,0.00630233629849095,0,58,39
AML162,Chen2023,Diagnosis,cellchat,LMPP,LMPP,LGALS9,PTPRC,0.00757577031113141,0,39,39
AML162,Chen2023,Diagnosis,cellchat,Pro-Monocyte,LMPP,LGALS9,PTPRC,0.00689060966758794,0,618,39
AML162,Chen2023,Diagnosis,cellchat,cDC,Megakaryocyte Precursor,LGALS9,PTPRC,0.0010314798372016,0.05,44,32
AML162,Chen2023,Diagnosis,cellchat,Cycling Progenitor,Megakaryocyte Precursor,LGALS9,PTPRC,0.000663761020557659,0.09,32,32
AML162,Chen2023,Diagnosis,cellchat,Early GMP,Megakaryocyte Precursor,LGALS9,PTPRC,0.000317137315268922,0,220,32
AML162,Chen2023,Diagnosis,cellchat,HSC MPP,Megakaryocyte Precursor,LGALS9,PTPRC,0.000323150891369786,0.01,58,32
AML162,Chen2023,Diagnosis,cellchat,LMPP,Megakaryocyte Precursor,LGALS9,PTPRC,0.000388918785001805,0.06,39,32
AML162,Chen2023,Diagnosis,cellchat,Pro-Monocyte,Megakaryocyte Precursor,LGALS9,PTPRC,0.000353513027884033,0,618,32
AML162,Chen2023,Diagnosis,cellchat,cDC,MEP,LGALS9,PTPRC,0.0108297408522786,0,44,29
AML162,Chen2023,Diagnosis,cellchat,Cycling Progenitor,MEP,LGALS9,PTPRC,0.0069934311508111,0.03,32,29
AML162,Chen2023,Diagnosis,cellchat,Early GMP,MEP,LGALS9,PTPRC,0.00335246897470464,0,220,29
AML162,Chen2023,Diagnosis,cellchat,HSC MPP,MEP,LGALS9,PTPRC,0.00341584202012459,0,58,29
AML162,Chen2023,Diagnosis,cellchat,LMPP,MEP,LGALS9,PTPRC,0.00410844975449492,0.03,39,29
AML162,Chen2023,Diagnosis,cellchat,Pro-Monocyte,MEP,LGALS9,PTPRC,0.00373569682018506,0,618,29
AML162,Chen2023,Diagnosis,cellchat,cDC,Monocyte,LGALS9,PTPRC,0.020868506729387,0,44,620
AML162,Chen2023,Diagnosis,cellchat,Cycling Progenitor,Monocyte,LGALS9,PTPRC,0.0135247029853794,0,32,620
AML162,Chen2023,Diagnosis,cellchat,Early GMP,Monocyte,LGALS9,PTPRC,0.0065056681390961,0,220,620
AML162,Chen2023,Diagnosis,cellchat,HSC MPP,Monocyte,LGALS9,PTPRC,0.00662825094037702,0,58,620
AML162,Chen2023,Diagnosis,cellchat,LMPP,Monocyte,LGALS9,PTPRC,0.00796701045214445,0,39,620
AML162,Chen2023,Diagnosis,cellchat,Pro-Monocyte,Monocyte,LGALS9,PTPRC,0.00724672401502638,0,618,620
AML162,Chen2023,Diagnosis,cellchat,cDC,Naive T,LGALS9,PTPRC,0.0192934083161982,0,44,193
AML162,Chen2023,Diagnosis,cellchat,Cycling Progenitor,Naive T,LGALS9,PTPRC,0.0124968205025056,0,32,193
AML162,Chen2023,Diagnosis,cellchat,Early GMP,Naive T,LGALS9,PTPRC,0.00600798603235715,0,220,193
AML162,Chen2023,Diagnosis,cellchat,HSC MPP,Naive T,LGALS9,PTPRC,0.00612124905595638,0,58,193
AML162,Chen2023,Diagnosis,cellchat,LMPP,Naive T,LGALS9,PTPRC,0.00735836399217886,0,39,193
AML162,Chen2023,Diagnosis,cellchat,Pro-Monocyte,Naive T,LGALS9,PTPRC,0.00669273320490787,0,618,193
AML162,Chen2023,Diagnosis,cellchat,cDC,NK,LGALS9,PTPRC,0.0309346729454336,0,44,58
AML162,Chen2023,Diagnosis,cellchat,Cycling Progenitor,NK,LGALS9,PTPRC,0.0201212965083257,0,32,58
AML162,Chen2023,Diagnosis,cellchat,Early GMP,NK,LGALS9,PTPRC,0.00971247557749147,0,220,58
AML162,Chen2023,Diagnosis,cellchat,HSC MPP,NK,LGALS9,PTPRC,0.00989488071953239,0,58,58
AML162,Chen2023,Diagnosis,cellchat,LMPP,NK,LGALS9,PTPRC,0.011885532671058,0,39,58
AML162,Chen2023,Diagnosis,cellchat,Pro-Monocyte,NK,LGALS9,PTPRC,0.0108148401629927,0,618,58
AML162,Chen2023,Diagnosis,cellchat,cDC,Pro-Monocyte,LGALS9,PTPRC,0.0156001267587578,0,44,618
AML162,Chen2023,Diagnosis,cellchat,Cycling Progenitor,Pro-Monocyte,LGALS9,PTPRC,0.0100912027036201,0.01,32,618
AML162,Chen2023,Diagnosis,cellchat,Early GMP,Pro-Monocyte,LGALS9,PTPRC,0.00484532956281325,0,220,618
AML162,Chen2023,Diagnosis,cellchat,HSC MPP,Pro-Monocyte,LGALS9,PTPRC,0.00493678295638428,0,58,618
AML162,Chen2023,Diagnosis,cellchat,LMPP,Pro-Monocyte,LGALS9,PTPRC,0.00593594497549497,0.01,39,618
AML162,Chen2023,Diagnosis,cellchat,Pro-Monocyte,Pro-Monocyte,LGALS9,PTPRC,0.0053982851440503,0,618,618
AML162,Chen2023,Diagnosis,cellchat,cDC,NK,BAG6,NCR3,0.00100898904135287,0,44,58
AML162,Chen2023,Diagnosis,cellchat,Cycling Progenitor,NK,BAG6,NCR3,0.000786089209998607,0,32,58
AML162,Chen2023,Diagnosis,cellchat,cDC,B,LGALS9,CD44,0.029295636835749,0,44,301
AML162,Chen2023,Diagnosis,cellchat,Cycling Progenitor,B,LGALS9,CD44,0.019043934817446,0,32,301
AML162,Chen2023,Diagnosis,cellchat,Early GMP,B,LGALS9,CD44,0.00918721167715835,0,220,301
AML162,Chen2023,Diagnosis,cellchat,HSC MPP,B,LGALS9,CD44,0.00935984533862707,0,58,301
AML162,Chen2023,Diagnosis,cellchat,LMPP,B,LGALS9,CD44,0.0112440812708555,0,39,301
AML162,Chen2023,Diagnosis,cellchat,Pro-Monocyte,B,LGALS9,CD44,0.0102305747872532,0,618,301
AML162,Chen2023,Diagnosis,cellchat,cDC,CD4 Memory T,LGALS9,CD44,0.0382190692206451,0,44,291
AML162,Chen2023,Diagnosis,cellchat,Cycling Progenitor,CD4 Memory T,LGALS9,CD44,0.0249248862198846,0,32,291
AML162,Chen2023,Diagnosis,cellchat,Early GMP,CD4 Memory T,LGALS9,CD44,0.0120617384645159,0,220,291
AML162,Chen2023,Diagnosis,cellchat,HSC MPP,CD4 Memory T,LGALS9,CD44,0.0122877164816103,0,58,291
AML162,Chen2023,Diagnosis,cellchat,LMPP,CD4 Memory T,LGALS9,CD44,0.0147525863644533,0,39,291
AML162,Chen2023,Diagnosis,cellchat,Pro-Monocyte,CD4 Memory T,LGALS9,CD44,0.0134271287139542,0,618,291
AML162,Chen2023,Diagnosis,cellchat,cDC,CD8 Memory T,LGALS9,CD44,0.0305096812097874,0,44,415
AML162,Chen2023,Diagnosis,cellchat,Cycling Progenitor,CD8 Memory T,LGALS9,CD44,0.0198418210940883,0,32,415
AML162,Chen2023,Diagnosis,cellchat,Early GMP,CD8 Memory T,LGALS9,CD44,0.00957616093645643,0,220,415
AML162,Chen2023,Diagnosis,cellchat,HSC MPP,CD8 Memory T,LGALS9,CD44,0.00975603124241352,0,58,415
AML162,Chen2023,Diagnosis,cellchat,LMPP,CD8 Memory T,LGALS9,CD44,0.0117190800874824,0,39,415
AML162,Chen2023,Diagnosis,cellchat,Pro-Monocyte,CD8 Memory T,LGALS9,CD44,0.0106632204258698,0,618,415
AML162,Chen2023,Diagnosis,cellchat,cDC,cDC,LGALS9,CD44,0.0409839927965936,0,44,44
AML162,Chen2023,Diagnosis,cellchat,Cycling Progenitor,cDC,LGALS9,CD44,0.0267548083974604,0,32,44
AML162,Chen2023,Diagnosis,cellchat,Early GMP,cDC,LGALS9,CD44,0.012959832688536,0,220,44
AML162,Chen2023,Diagnosis,cellchat,HSC MPP,cDC,LGALS9,CD44,0.0132024117466716,0,58,44
AML162,Chen2023,Diagnosis,cellchat,LMPP,cDC,LGALS9,CD44,0.015847822068341,0,39,44
AML162,Chen2023,Diagnosis,cellchat,Pro-Monocyte,cDC,LGALS9,CD44,0.0144254028578265,0,618,44
AML162,Chen2023,Diagnosis,cellchat,cDC,Cycling Progenitor,LGALS9,CD44,0.0241935217244493,0,44,32
AML162,Chen2023,Diagnosis,cellchat,Cycling Progenitor,Cycling Progenitor,LGALS9,CD44,0.0156983773069875,0,32,32
AML162,Chen2023,Diagnosis,cellchat,Early GMP,Cycling Progenitor,LGALS9,CD44,0.00755989662869641,0,220,32
AML162,Chen2023,Diagnosis,cellchat,HSC MPP,Cycling Progenitor,LGALS9,CD44,0.00770218968950834,0,58,32
AML162,Chen2023,Diagnosis,cellchat,LMPP,Cycling Progenitor,LGALS9,CD44,0.00925583988508318,0,39,32
AML162,Chen2023,Diagnosis,cellchat,Pro-Monocyte,Cycling Progenitor,LGALS9,CD44,0.00842002114588426,0,618,32
AML162,Chen2023,Diagnosis,cellchat,cDC,Early GMP,LGALS9,CD44,0.0267670090262129,0,44,220
AML162,Chen2023,Diagnosis,cellchat,Cycling Progenitor,Early GMP,LGALS9,CD44,0.0173843268248269,0,32,220
AML162,Chen2023,Diagnosis,cellchat,Early GMP,Early GMP,LGALS9,CD44,0.00837924309025,0,220,220
AML162,Chen2023,Diagnosis,cellchat,HSC MPP,Early GMP,LGALS9,CD44,0.00853682530836608,0,58,220
AML162,Chen2023,Diagnosis,cellchat,LMPP,Early GMP,LGALS9,CD44,0.0102570940766498,0,39,220
AML162,Chen2023,Diagnosis,cellchat,Pro-Monocyte,Early GMP,LGALS9,CD44,0.00933171191948587,0,618,220
AML162,Chen2023,Diagnosis,cellchat,cDC,HSC MPP,LGALS9,CD44,0.0238519842597605,0,44,58
AML162,Chen2023,Diagnosis,cellchat,Cycling Progenitor,HSC MPP,LGALS9,CD44,0.0154748630883549,0.01,32,58
AML162,Chen2023,Diagnosis,cellchat,Early GMP,HSC MPP,LGALS9,CD44,0.00745138126508954,0,220,58
AML162,Chen2023,Diagnosis,cellchat,HSC MPP,HSC MPP,LGALS9,CD44,0.00759164746382338,0,58,58
AML162,Chen2023,Diagnosis,cellchat,LMPP,HSC MPP,LGALS9,CD44,0.00912320460010917,0.01,39,58
AML162,Chen2023,Diagnosis,cellchat,Pro-Monocyte,HSC MPP,LGALS9,CD44,0.00829926273153563,0,618,58
AML162,Chen2023,Diagnosis,cellchat,cDC,Late GMP,LGALS9,CD44,0.0227029793236993,0,44,317
AML162,Chen2023,Diagnosis,cellchat,Cycling Progenitor,Late GMP,LGALS9,CD44,0.0147233166410348,0.01,32,317
AML162,Chen2023,Diagnosis,cellchat,Early GMP,Late GMP,LGALS9,CD44,0.00708669540809256,0,220,317
AML162,Chen2023,Diagnosis,cellchat,HSC MPP,Late GMP,LGALS9,CD44,0.00722014662964146,0,58,317
AML162,Chen2023,Diagnosis,cellchat,LMPP,Late GMP,LGALS9,CD44,0.00867741162316723,0.01,39,317
AML162,Chen2023,Diagnosis,cellchat,Pro-Monocyte,Late GMP,LGALS9,CD44,0.00789340983170974,0,618,317
AML162,Chen2023,Diagnosis,cellchat,cDC,LMPP,LGALS9,CD44,0.034757437868821,0,44,39
AML162,Chen2023,Diagnosis,cellchat,Cycling Progenitor,LMPP,LGALS9,CD44,0.022639011470462,0,32,39
AML162,Chen2023,Diagnosis,cellchat,Early GMP,LMPP,LGALS9,CD44,0.0109423114676895,0,220,39
AML162,Chen2023,Diagnosis,cellchat,HSC MPP,LMPP,LGALS9,CD44,0.0111475535424367,0,58,39
AML162,Chen2023,Diagnosis,cellchat,LMPP,LMPP,LGALS9,CD44,0.013386810831507,0,39,39
AML162,Chen2023,Diagnosis,cellchat,Pro-Monocyte,LMPP,LGALS9,CD44,0.0121825450570631,0,618,39
AML162,Chen2023,Diagnosis,cellchat,cDC,Megakaryocyte Precursor,LGALS9,CD44,0.0076358869488308,0.01,44,32
AML162,Chen2023,Diagnosis,cellchat,Cycling Progenitor,Megakaryocyte Precursor,LGALS9,CD44,0.00492532937916461,0.06,32,32
AML162,Chen2023,Diagnosis,cellchat,Early GMP,Megakaryocyte Precursor,LGALS9,CD44,0.0023585174645162,0,220,32
AML162,Chen2023,Diagnosis,cellchat,HSC MPP,Megakaryocyte Precursor,LGALS9,CD44,0.00240314675662573,0.01,58,32
AML162,Chen2023,Diagnosis,cellchat,LMPP,Megakaryocyte Precursor,LGALS9,CD44,0.00289101262653409,0.06,39,32
AML162,Chen2023,Diagnosis,cellchat,Pro-Monocyte,Megakaryocyte Precursor,LGALS9,CD44,0.0026284242507825,0,618,32
AML162,Chen2023,Diagnosis,cellchat,cDC,MEP,LGALS9,CD44,0.00682293552754217,0.05,44,29
AML162,Chen2023,Diagnosis,cellchat,Cycling Progenitor,MEP,LGALS9,CD44,0.00439967688325015,0.06,32,29
AML162,Chen2023,Diagnosis,cellchat,Early GMP,MEP,LGALS9,CD44,0.00210622642147401,0,220,29
AML162,Chen2023,Diagnosis,cellchat,HSC MPP,MEP,LGALS9,CD44,0.0021460919797443,0.01,58,29
AML162,Chen2023,Diagnosis,cellchat,LMPP,MEP,LGALS9,CD44,0.00258190789496712,0.05,39,29
AML162,Chen2023,Diagnosis,cellchat,Pro-Monocyte,MEP,LGALS9,CD44,0.00234732916187586,0,618,29
AML162,Chen2023,Diagnosis,cellchat,cDC,Monocyte,LGALS9,CD44,0.0370585265919167,0,44,620
AML162,Chen2023,Diagnosis,cellchat,Cycling Progenitor,Monocyte,LGALS9,CD44,0.024157888912362,0,32,620
AML162,Chen2023,Diagnosis,cellchat,Early GMP,Monocyte,LGALS9,CD44,0.0116858266023465,0,220,620
AML162,Chen2023,Diagnosis,cellchat,HSC MPP,Monocyte,LGALS9,CD44,0.0119048467352297,0,58,620
AML162,Chen2023,Diagnosis,cellchat,LMPP,Monocyte,LGALS9,CD44,0.0142940258521912,0,39,620
AML162,Chen2023,Diagnosis,cellchat,Pro-Monocyte,Monocyte,LGALS9,CD44,0.0130092239273469,0,618,620
AML162,Chen2023,Diagnosis,cellchat,cDC,Naive T,LGALS9,CD44,0.0352163432992597,0,44,193
AML162,Chen2023,Diagnosis,cellchat,Cycling Progenitor,Naive T,LGALS9,CD44,0.0229417191460315,0,32,193
AML162,Chen2023,Diagnosis,cellchat,Early GMP,Naive T,LGALS9,CD44,0.0110903965021993,0,220,193
AML162,Chen2023,Diagnosis,cellchat,HSC MPP,Naive T,LGALS9,CD44,0.0112983844397147,0,58,193
AML162,Chen2023,Diagnosis,cellchat,LMPP,Naive T,LGALS9,CD44,0.0135675240797439,0,39,193
AML162,Chen2023,Diagnosis,cellchat,Pro-Monocyte,Naive T,LGALS9,CD44,0.0123472049494597,0,618,193
AML162,Chen2023,Diagnosis,cellchat,cDC,NK,LGALS9,CD44,0.0216853826453033,0,44,58
AML162,Chen2023,Diagnosis,cellchat,Cycling Progenitor,NK,LGALS9,CD44,0.0140582407604891,0.01,32,58
AML162,Chen2023,Diagnosis,cellchat,Early GMP,NK,LGALS9,CD44,0.00676420974487978,0,220,58
AML162,Chen2023,Diagnosis,cellchat,HSC MPP,NK,LGALS9,CD44,0.00689163031357013,0,58,58
AML162,Chen2023,Diagnosis,cellchat,LMPP,NK,LGALS9,CD44,0.00828314303375001,0.02,39,58
AML162,Chen2023,Diagnosis,cellchat,Pro-Monocyte,NK,LGALS9,CD44,0.0075344925591292,0,618,58
AML162,Chen2023,Diagnosis,cellchat,cDC,Plasma Cell,LGALS9,CD44,0.00334557124490414,0.05,44,506
AML162,Chen2023,Diagnosis,cellchat,Cycling Progenitor,Plasma Cell,LGALS9,CD44,0.00215466660422074,0.09,32,506
AML162,Chen2023,Diagnosis,cellchat,Early GMP,Plasma Cell,LGALS9,CD44,0.00103027738098977,0,220,506
AML162,Chen2023,Diagnosis,cellchat,HSC MPP,Plasma Cell,LGALS9,CD44,0.00104979935970864,0.01,58,506
AML162,Chen2023,Diagnosis,cellchat,LMPP,Plasma Cell,LGALS9,CD44,0.0012632683711822,0.06,39,506
AML162,Chen2023,Diagnosis,cellchat,Pro-Monocyte,Plasma Cell,LGALS9,CD44,0.00114835643754432,0,618,506
AML162,Chen2023,Diagnosis,cellchat,cDC,Pro-Monocyte,LGALS9,CD44,0.0304019617434653,0,44,618
AML162,Chen2023,Diagnosis,cellchat,Cycling Progenitor,Pro-Monocyte,LGALS9,CD44,0.0197709981669462,0,32,618
AML162,Chen2023,Diagnosis,cellchat,Early GMP,Pro-Monocyte,LGALS9,CD44,0.00954162331217562,0,220,618
AML162,Chen2023,Diagnosis,cellchat,HSC MPP,Pro-Monocyte,LGALS9,CD44,0.00972085126046698,0,58,618
AML162,Chen2023,Diagnosis,cellchat,LMPP,Pro-Monocyte,LGALS9,CD44,0.0116769048767312,0,39,618
AML162,Chen2023,Diagnosis,cellchat,Pro-Monocyte,Pro-Monocyte,LGALS9,CD44,0.0106248042438747,0,618,618
AML162,Chen2023,Diagnosis,cellchat,cDC,CD4 Memory T,LGALS9,P4HB,0.00446964300570032,0.01,44,291
AML162,Chen2023,Diagnosis,cellchat,Cycling Progenitor,CD4 Memory T,LGALS9,P4HB,0.00287976485480678,0.05,32,291
AML162,Chen2023,Diagnosis,cellchat,Early GMP,CD4 Memory T,LGALS9,P4HB,0.00137751338805547,0,220,291
AML162,Chen2023,Diagnosis,cellchat,HSC MPP,CD4 Memory T,LGALS9,P4HB,0.00140360564540335,0.01,58,291
AML162,Chen2023,Diagnosis,cellchat,LMPP,CD4 Memory T,LGALS9,P4HB,0.00168889694038076,0.04,39,291
AML162,Chen2023,Diagnosis,cellchat,Pro-Monocyte,CD4 Memory T,LGALS9,P4HB,0.00153532765137895,0,618,291
AML162,Chen2023,Diagnosis,cellchat,cDC,CD8 Memory T,LGALS9,P4HB,0.00581494740080991,0,44,415
AML162,Chen2023,Diagnosis,cellchat,Cycling Progenitor,CD8 Memory T,LGALS9,P4HB,0.00374833836610719,0.06,32,415
AML162,Chen2023,Diagnosis,cellchat,Early GMP,CD8 Memory T,LGALS9,P4HB,0.00179380396884374,0,220,415
AML162,Chen2023,Diagnosis,cellchat,HSC MPP,CD8 Memory T,LGALS9,P4HB,0.00182776698849425,0.01,58,415
AML162,Chen2023,Diagnosis,cellchat,LMPP,CD8 Memory T,LGALS9,P4HB,0.00219908177257321,0.03,39,415
AML162,Chen2023,Diagnosis,cellchat,Pro-Monocyte,CD8 Memory T,LGALS9,P4HB,0.00199921491552757,0,618,415
AML162,Chen2023,Diagnosis,cellchat,cDC,cDC,LGALS9,P4HB,0.0246345731177304,0,44,44
AML162,Chen2023,Diagnosis,cellchat,Cycling Progenitor,cDC,LGALS9,P4HB,0.0159870982620931,0,32,44
AML162,Chen2023,Diagnosis,cellchat,Early GMP,cDC,LGALS9,P4HB,0.00770010745589324,0,220,44
AML162,Chen2023,Diagnosis,cellchat,HSC MPP,cDC,LGALS9,P4HB,0.00784501871643557,0,58,44
AML162,Chen2023,Diagnosis,cellchat,LMPP,cDC,LGALS9,P4HB,0.00942720601119001,0,39,44
AML162,Chen2023,Diagnosis,cellchat,Pro-Monocyte,cDC,LGALS9,P4HB,0.0085760465584899,0,618,44
AML162,Chen2023,Diagnosis,cellchat,cDC,Cycling Progenitor,LGALS9,P4HB,0.0127446845584426,0,44,32
AML162,Chen2023,Diagnosis,cellchat,Cycling Progenitor,Cycling Progenitor,LGALS9,P4HB,0.00823567613452108,0,32,32
AML162,Chen2023,Diagnosis,cellchat,Early GMP,Cycling Progenitor,LGALS9,P4HB,0.00395054189301304,0,220,32
AML162,Chen2023,Diagnosis,cellchat,HSC MPP,Cycling Progenitor,LGALS9,P4HB,0.00402517488695002,0,58,32
AML162,Chen2023,Diagnosis,cellchat,LMPP,Cycling Progenitor,LGALS9,P4HB,0.00484073289936477,0.01,39,32
AML162,Chen2023,Diagnosis,cellchat,Pro-Monocyte,Cycling Progenitor,LGALS9,P4HB,0.00440183477098108,0,618,32
AML162,Chen2023,Diagnosis,cellchat,cDC,Early GMP,LGALS9,P4HB,0.0124238907935955,0,44,220
AML162,Chen2023,Diagnosis,cellchat,Cycling Progenitor,Early GMP,LGALS9,P4HB,0.00802745482925305,0.01,32,220
AML162,Chen2023,Diagnosis,cellchat,Early GMP,Early GMP,LGALS9,P4HB,0.00385024036284225,0,220,220
AML162,Chen2023,Diagnosis,cellchat,HSC MPP,Early GMP,LGALS9,P4HB,0.00392298593968085,0,58,220
AML162,Chen2023,Diagnosis,cellchat,LMPP,Early GMP,LGALS9,P4HB,0.00471793708896416,0,39,220
AML162,Chen2023,Diagnosis,cellchat,Pro-Monocyte,Early GMP,LGALS9,P4HB,0.00429012457760374,0,618,220
AML162,Chen2023,Diagnosis,cellchat,cDC,HSC MPP,LGALS9,P4HB,0.00254271323044224,0.04,44,58
AML162,Chen2023,Diagnosis,cellchat,Cycling Progenitor,HSC MPP,LGALS9,P4HB,0.00163712810861204,0.06,32,58
AML162,Chen2023,Diagnosis,cellchat,Early GMP,HSC MPP,LGALS9,P4HB,0.000782598879853606,0,220,58
AML162,Chen2023,Diagnosis,cellchat,HSC MPP,HSC MPP,LGALS9,P4HB,0.000797431524592741,0.01,58,58
AML162,Chen2023,Diagnosis,cellchat,LMPP,HSC MPP,LGALS9,P4HB,0.00095963268240723,0.05,39,58
AML162,Chen2023,Diagnosis,cellchat,Pro-Monocyte,HSC MPP,LGALS9,P4HB,0.000872316539261683,0,618,58
AML162,Chen2023,Diagnosis,cellchat,cDC,Late GMP,LGALS9,P4HB,0.0190153229717547,0,44,317
AML162,Chen2023,Diagnosis,cellchat,Cycling Progenitor,Late GMP,LGALS9,P4HB,0.0123154675182202,0,32,317
AML162,Chen2023,Diagnosis,cellchat,Early GMP,Late GMP,LGALS9,P4HB,0.00592023402286783,0,220,317
AML162,Chen2023,Diagnosis,cellchat,HSC MPP,Late GMP,LGALS9,P4HB,0.00603185277756015,0,58,317
AML162,Chen2023,Diagnosis,cellchat,LMPP,Late GMP,LGALS9,P4HB,0.00725103238482671,0,39,317
AML162,Chen2023,Diagnosis,cellchat,Pro-Monocyte,Late GMP,LGALS9,P4HB,0.00659504620854162,0,618,317
AML162,Chen2023,Diagnosis,cellchat,cDC,LMPP,LGALS9,P4HB,0.00963367558722121,0,44,39
AML162,Chen2023,Diagnosis,cellchat,Cycling Progenitor,LMPP,LGALS9,P4HB,0.00621839455998021,0.02,32,39
AML162,Chen2023,Diagnosis,cellchat,Early GMP,LMPP,LGALS9,P4HB,0.00297972579441567,0,220,39
AML162,Chen2023,Diagnosis,cellchat,HSC MPP,LMPP,LGALS9,P4HB,0.00303607419272316,0,58,39
AML162,Chen2023,Diagnosis,cellchat,LMPP,LMPP,LGALS9,P4HB,0.00365196108791492,0.01,39,39
AML162,Chen2023,Diagnosis,cellchat,Pro-Monocyte,LMPP,LGALS9,P4HB,0.00332048653439422,0,618,39
AML162,Chen2023,Diagnosis,cellchat,cDC,Megakaryocyte Precursor,LGALS9,P4HB,0.0137582880364621,0,44,32
AML162,Chen2023,Diagnosis,cellchat,Cycling Progenitor,Megakaryocyte Precursor,LGALS9,P4HB,0.00889390214923673,0.01,32,32
AML162,Chen2023,Diagnosis,cellchat,Early GMP,Megakaryocyte Precursor,LGALS9,P4HB,0.0042677577409526,0,220,32
AML162,Chen2023,Diagnosis,cellchat,HSC MPP,Megakaryocyte Precursor,LGALS9,P4HB,0.00434835736286966,0,58,32
AML162,Chen2023,Diagnosis,cellchat,LMPP,Megakaryocyte Precursor,LGALS9,P4HB,0.00522905297856179,0.01,39,32
AML162,Chen2023,Diagnosis,cellchat,Pro-Monocyte,Megakaryocyte Precursor,LGALS9,P4HB,0.00475511499380813,0,618,32
AML162,Chen2023,Diagnosis,cellchat,cDC,MEP,LGALS9,P4HB,0.00870025616867718,0,44,29
AML162,Chen2023,Diagnosis,cellchat,Cycling Progenitor,MEP,LGALS9,P4HB,0.00561401037486578,0.02,32,29
AML162,Chen2023,Diagnosis,cellchat,Early GMP,MEP,LGALS9,P4HB,0.00268926560634799,0,220,29
AML162,Chen2023,Diagnosis,cellchat,HSC MPP,MEP,LGALS9,P4HB,0.00274013632457904,0,58,29
AML162,Chen2023,Diagnosis,cellchat,LMPP,MEP,LGALS9,P4HB,0.00329618882960462,0.02,39,29
AML162,Chen2023,Diagnosis,cellchat,Pro-Monocyte,MEP,LGALS9,P4HB,0.00299690923335975,0,618,29
AML162,Chen2023,Diagnosis,cellchat,cDC,Monocyte,LGALS9,P4HB,0.0218636692140185,0,44,620
AML162,Chen2023,Diagnosis,cellchat,Cycling Progenitor,Monocyte,LGALS9,P4HB,0.0141747292650984,0,32,620
AML162,Chen2023,Diagnosis,cellchat,Early GMP,Monocyte,LGALS9,P4HB,0.00682067702661645,0,220,620
AML162,Chen2023,Diagnosis,cellchat,HSC MPP,Monocyte,LGALS9,P4HB,0.00694915385362802,0,58,620
AML162,Chen2023,Diagnosis,cellchat,LMPP,Monocyte,LGALS9,P4HB,0.00835218366720629,0,39,620
AML162,Chen2023,Diagnosis,cellchat,Pro-Monocyte,Monocyte,LGALS9,P4HB,0.00759734093719513,0,618,620
AML162,Chen2023,Diagnosis,cellchat,cDC,NK,LGALS9,P4HB,0.00621551429470335,0,44,58
AML162,Chen2023,Diagnosis,cellchat,Cycling Progenitor,NK,LGALS9,P4HB,0.00400711917851356,0.04,32,58
AML162,Chen2023,Diagnosis,cellchat,Early GMP,NK,LGALS9,P4HB,0.00191790582994703,0,220,58
AML162,Chen2023,Diagnosis,cellchat,HSC MPP,NK,LGALS9,P4HB,0.00195421393437452,0.01,58,58
AML162,Chen2023,Diagnosis,cellchat,LMPP,NK,LGALS9,P4HB,0.00235115617970628,0.03,39,58
AML162,Chen2023,Diagnosis,cellchat,Pro-Monocyte,NK,LGALS9,P4HB,0.0021374974198165,0,618,58
AML162,Chen2023,Diagnosis,cellchat,cDC,Plasma Cell,LGALS9,P4HB,0.0143336472282126,0,44,506
AML162,Chen2023,Diagnosis,cellchat,Cycling Progenitor,Plasma Cell,LGALS9,P4HB,0.00926774869702363,0,32,506
AML162,Chen2023,Diagnosis,cellchat,Early GMP,Plasma Cell,LGALS9,P4HB,0.00444802150087478,0,220,506
AML162,Chen2023,Diagnosis,cellchat,HSC MPP,Plasma Cell,LGALS9,P4HB,0.00453201003638837,0,58,506
AML162,Chen2023,Diagnosis,cellchat,LMPP,Plasma Cell,LGALS9,P4HB,0.00544969819793628,0,39,506
AML162,Chen2023,Diagnosis,cellchat,Pro-Monocyte,Plasma Cell,LGALS9,P4HB,0.00495586154668097,0,618,506
AML162,Chen2023,Diagnosis,cellchat,cDC,Pro-Monocyte,LGALS9,P4HB,0.0217268432084248,0,44,618
AML162,Chen2023,Diagnosis,cellchat,Cycling Progenitor,Pro-Monocyte,LGALS9,P4HB,0.0140853288437544,0,32,618
AML162,Chen2023,Diagnosis,cellchat,Early GMP,Pro-Monocyte,LGALS9,P4HB,0.00677733995435472,0,220,618
AML162,Chen2023,Diagnosis,cellchat,HSC MPP,Pro-Monocyte,LGALS9,P4HB,0.0069050061434005,0,58,618
AML162,Chen2023,Diagnosis,cellchat,LMPP,Pro-Monocyte,LGALS9,P4HB,0.00829919705359201,0,39,618
AML162,Chen2023,Diagnosis,cellchat,Pro-Monocyte,Pro-Monocyte,LGALS9,P4HB,0.0075491066231321,0,618,618
AML162,Chen2023,Diagnosis,cellchat,B,cDC,PPIA,BSG,0.0681999975609677,0,301,44
AML162,Chen2023,Diagnosis,cellchat,CD4 Memory T,cDC,PPIA,BSG,0.0658898412813251,0,291,44
AML162,Chen2023,Diagnosis,cellchat,CD8 Memory T,cDC,PPIA,BSG,0.0474400204036518,0.04,415,44
AML162,Chen2023,Diagnosis,cellchat,cDC,cDC,PPIA,BSG,0.104716991274796,0,44,44
AML162,Chen2023,Diagnosis,cellchat,Cycling Progenitor,cDC,PPIA,BSG,0.0989305042493078,0,32,44
AML162,Chen2023,Diagnosis,cellchat,Early GMP,cDC,PPIA,BSG,0.0914332182717979,0,220,44
AML162,Chen2023,Diagnosis,cellchat,HSC MPP,cDC,PPIA,BSG,0.0763040140774663,0,58,44
AML162,Chen2023,Diagnosis,cellchat,Late GMP,cDC,PPIA,BSG,0.0932353150922939,0,317,44
AML162,Chen2023,Diagnosis,cellchat,LMPP,cDC,PPIA,BSG,0.0834083444784237,0,39,44
AML162,Chen2023,Diagnosis,cellchat,Megakaryocyte Precursor,cDC,PPIA,BSG,0.109151081204537,0,32,44
AML162,Chen2023,Diagnosis,cellchat,MEP,cDC,PPIA,BSG,0.101749063825807,0,29,44
AML162,Chen2023,Diagnosis,cellchat,Monocyte,cDC,PPIA,BSG,0.0756555423113631,0,620,44
AML162,Chen2023,Diagnosis,cellchat,Naive T,cDC,PPIA,BSG,0.0706450005819387,0,193,44
AML162,Chen2023,Diagnosis,cellchat,NK,cDC,PPIA,BSG,0.0654762688702468,0.01,58,44
AML162,Chen2023,Diagnosis,cellchat,Plasma Cell,cDC,PPIA,BSG,0.0095859171951759,0.97,506,44
AML162,Chen2023,Diagnosis,cellchat,Pro-Monocyte,cDC,PPIA,BSG,0.0965636720688026,0,618,44
AML162,Chen2023,Diagnosis,cellchat,B,Cycling Progenitor,PPIA,BSG,0.0646349672551455,0,301,32
AML162,Chen2023,Diagnosis,cellchat,CD4 Memory T,Cycling Progenitor,PPIA,BSG,0.0624374784177326,0.02,291,32
AML162,Chen2023,Diagnosis,cellchat,CD8 Memory T,Cycling Progenitor,PPIA,BSG,0.044907879517246,0.1,415,32
AML162,Chen2023,Diagnosis,cellchat,cDC,Cycling Progenitor,PPIA,BSG,0.0994468257770449,0,44,32
AML162,Chen2023,Diagnosis,cellchat,Cycling Progenitor,Cycling Progenitor,PPIA,BSG,0.0939210084107616,0,32,32
AML162,Chen2023,Diagnosis,cellchat,Early GMP,Cycling Progenitor,PPIA,BSG,0.08676680247799,0,220,32
AML162,Chen2023,Diagnosis,cellchat,HSC MPP,Cycling Progenitor,PPIA,BSG,0.0723482526740884,0,58,32
AML162,Chen2023,Diagnosis,cellchat,Late GMP,Cycling Progenitor,PPIA,BSG,0.088485884142403,0,317,32
AML162,Chen2023,Diagnosis,cellchat,LMPP,Cycling Progenitor,PPIA,BSG,0.0791158252672735,0,39,32
AML162,Chen2023,Diagnosis,cellchat,Megakaryocyte Precursor,Cycling Progenitor,PPIA,BSG,0.103683602246649,0,32,32
AML162,Chen2023,Diagnosis,cellchat,MEP,Cycling Progenitor,PPIA,BSG,0.0966121485298435,0,29,32
AML162,Chen2023,Diagnosis,cellchat,Monocyte,Cycling Progenitor,PPIA,BSG,0.0717307883952179,0,620,32
AML162,Chen2023,Diagnosis,cellchat,Naive T,Cycling Progenitor,PPIA,BSG,0.0669613467982448,0,193,32
AML162,Chen2023,Diagnosis,cellchat,NK,Cycling Progenitor,PPIA,BSG,0.0620441362359553,0.02,58,32
AML162,Chen2023,Diagnosis,cellchat,Plasma Cell,Cycling Progenitor,PPIA,BSG,0.00905505605460136,0.93,506,32
AML162,Chen2023,Diagnosis,cellchat,Pro-Monocyte,Cycling Progenitor,PPIA,BSG,0.0916618327378599,0,618,32
AML162,Chen2023,Diagnosis,cellchat,B,Early GMP,PPIA,BSG,0.0481378588485085,0,301,220
AML162,Chen2023,Diagnosis,cellchat,CD4 Memory T,Early GMP,PPIA,BSG,0.0464733791687485,0,291,220
AML162,Chen2023,Diagnosis,cellchat,CD8 Memory T,Early GMP,PPIA,BSG,0.0332667411798166,0,415,220
AML162,Chen2023,Diagnosis,cellchat,cDC,Early GMP,PPIA,BSG,0.0747748111040357,0,44,220
AML162,Chen2023,Diagnosis,cellchat,Cycling Progenitor,Early GMP,PPIA,BSG,0.0705125663222811,0,32,220
AML162,Chen2023,Diagnosis,cellchat,Early GMP,Early GMP,PPIA,BSG,0.0650135012263722,0,220,220
AML162,Chen2023,Diagnosis,cellchat,HSC MPP,Early GMP,PPIA,BSG,0.0539960913230927,0,58,220
AML162,Chen2023,Diagnosis,cellchat,Late GMP,Early GMP,PPIA,BSG,0.0663328971213431,0,317,220
AML162,Chen2023,Diagnosis,cellchat,LMPP,Early GMP,PPIA,BSG,0.059156446606569,0,39,220
AML162,Chen2023,Diagnosis,cellchat,Megakaryocyte Precursor,Early GMP,PPIA,BSG,0.0780515756438717,0,32,220
AML162,Chen2023,Diagnosis,cellchat,MEP,Early GMP,PPIA,BSG,0.0725867115112108,0,29,220
AML162,Chen2023,Diagnosis,cellchat,Monocyte,Early GMP,PPIA,BSG,0.0535262180348051,0,620,220
AML162,Chen2023,Diagnosis,cellchat,Naive T,Early GMP,PPIA,BSG,0.0499021429033132,0,193,220
AML162,Chen2023,Diagnosis,cellchat,NK,Early GMP,PPIA,BSG,0.0461756540894899,0,58,220
AML162,Chen2023,Diagnosis,cellchat,Pro-Monocyte,Early GMP,PPIA,BSG,0.0687737190508052,0,618,220
AML162,Chen2023,Diagnosis,cellchat,B,HSC MPP,PPIA,BSG,0.0281628499121917,0.09,301,58
AML162,Chen2023,Diagnosis,cellchat,CD4 Memory T,HSC MPP,PPIA,BSG,0.0271693387360807,0.13,291,58
AML162,Chen2023,Diagnosis,cellchat,CD8 Memory T,HSC MPP,PPIA,BSG,0.0193372043759211,0.77,415,58
AML162,Chen2023,Diagnosis,cellchat,cDC,HSC MPP,PPIA,BSG,0.0442606446636584,0.02,44,58
AML162,Chen2023,Diagnosis,cellchat,Cycling Progenitor,HSC MPP,PPIA,BSG,0.0416594242588999,0.04,32,58
AML162,Chen2023,Diagnosis,cellchat,Early GMP,HSC MPP,PPIA,BSG,0.0383177673698712,0.04,220,58
AML162,Chen2023,Diagnosis,cellchat,HSC MPP,HSC MPP,PPIA,BSG,0.0316710666104642,0.07,58,58
AML162,Chen2023,Diagnosis,cellchat,Late GMP,HSC MPP,PPIA,BSG,0.0391180617052851,0.04,317,58
AML162,Chen2023,Diagnosis,cellchat,LMPP,HSC MPP,PPIA,BSG,0.0347762735291537,0.07,39,58
AML162,Chen2023,Diagnosis,cellchat,Megakaryocyte Precursor,HSC MPP,PPIA,BSG,0.0462670921020868,0.02,32,58
AML162,Chen2023,Diagnosis,cellchat,MEP,HSC MPP,PPIA,BSG,0.042924041180144,0.02,29,58
AML162,Chen2023,Diagnosis,cellchat,Monocyte,HSC MPP,PPIA,BSG,0.031389019325779,0.07,620,58
AML162,Chen2023,Diagnosis,cellchat,Naive T,HSC MPP,PPIA,BSG,0.0292175086061855,0.07,193,58
AML162,Chen2023,Diagnosis,cellchat,NK,HSC MPP,PPIA,BSG,0.026991781514279,0.16,58,58
AML162,Chen2023,Diagnosis,cellchat,Plasma Cell,HSC MPP,PPIA,BSG,0.0038174840698415,0.98,506,58
AML162,Chen2023,Diagnosis,cellchat,Pro-Monocyte,HSC MPP,PPIA,BSG,0.0406010184624872,0.03,618,58
AML162,Chen2023,Diagnosis,cellchat,B,Late GMP,PPIA,BSG,0.0514256623254129,0,301,317
AML162,Chen2023,Diagnosis,cellchat,CD4 Memory T,Late GMP,PPIA,BSG,0.0496534293551019,0,291,317
AML162,Chen2023,Diagnosis,cellchat,CD8 Memory T,Late GMP,PPIA,BSG,0.035576813691441,0,415,317
AML162,Chen2023,Diagnosis,cellchat,cDC,Late GMP,PPIA,BSG,0.0797295243380591,0,44,317
AML162,Chen2023,Diagnosis,cellchat,Cycling Progenitor,Late GMP,PPIA,BSG,0.0752078126684091,0,32,317
AML162,Chen2023,Diagnosis,cellchat,Early GMP,Late GMP,PPIA,BSG,0.0693699073193804,0,220,317
AML162,Chen2023,Diagnosis,cellchat,HSC MPP,Late GMP,PPIA,BSG,0.057659773265341,0,58,317
AML162,Chen2023,Diagnosis,cellchat,Late GMP,Late GMP,PPIA,BSG,0.0707710210076798,0,317,317
AML162,Chen2023,Diagnosis,cellchat,LMPP,Late GMP,PPIA,BSG,0.0631468912568021,0,39,317
AML162,Chen2023,Diagnosis,cellchat,Megakaryocyte Precursor,Late GMP,PPIA,BSG,0.0832038875696381,0,32,317
AML162,Chen2023,Diagnosis,cellchat,MEP,Late GMP,PPIA,BSG,0.077408567646828,0,29,317
AML162,Chen2023,Diagnosis,cellchat,Monocyte,Late GMP,PPIA,BSG,0.05715994501361,0,620,317
AML162,Chen2023,Diagnosis,cellchat,Naive T,Late GMP,PPIA,BSG,0.0533036985961472,0,193,317
AML162,Chen2023,Diagnosis,cellchat,NK,Late GMP,PPIA,BSG,0.0493363858323651,0,58,317
AML162,Chen2023,Diagnosis,cellchat,Pro-Monocyte,Late GMP,PPIA,BSG,0.0733623187966996,0,618,317
AML162,Chen2023,Diagnosis,cellchat,B,LMPP,PPIA,BSG,0.0494470074540032,0.02,301,39
AML162,Chen2023,Diagnosis,cellchat,CD4 Memory T,LMPP,PPIA,BSG,0.047739531190328,0.02,291,39
AML162,Chen2023,Diagnosis,cellchat,CD8 Memory T,LMPP,PPIA,BSG,0.0341859826495856,0.08,415,39
AML162,Chen2023,Diagnosis,cellchat,cDC,LMPP,PPIA,BSG,0.0767499630146075,0,44,39
AML162,Chen2023,Diagnosis,cellchat,Cycling Progenitor,LMPP,PPIA,BSG,0.0723839404672573,0,32,39
AML162,Chen2023,Diagnosis,cellchat,Early GMP,LMPP,PPIA,BSG,0.0667494130918384,0,220,39
AML162,Chen2023,Diagnosis,cellchat,HSC MPP,LMPP,PPIA,BSG,0.055455277456445,0.01,58,39
AML162,Chen2023,Diagnosis,cellchat,Late GMP,LMPP,PPIA,BSG,0.0681014719368899,0,317,39
AML162,Chen2023,Diagnosis,cellchat,LMPP,LMPP,PPIA,BSG,0.0607461310219025,0,39,39
AML162,Chen2023,Diagnosis,cellchat,Megakaryocyte Precursor,LMPP,PPIA,BSG,0.0801057883240333,0,32,39
AML162,Chen2023,Diagnosis,cellchat,MEP,LMPP,PPIA,BSG,0.0745087199825865,0,29,39
AML162,Chen2023,Diagnosis,cellchat,Monocyte,LMPP,PPIA,BSG,0.0549734442350839,0.02,620,39
AML162,Chen2023,Diagnosis,cellchat,Naive T,LMPP,PPIA,BSG,0.0512566889323077,0.02,193,39
AML162,Chen2023,Diagnosis,cellchat,NK,LMPP,PPIA,BSG,0.047434098199128,0.02,58,39
AML162,Chen2023,Diagnosis,cellchat,Plasma Cell,LMPP,PPIA,BSG,0.00683190242020525,0.95,506,39
AML162,Chen2023,Diagnosis,cellchat,Pro-Monocyte,LMPP,PPIA,BSG,0.0706024502666164,0,618,39
AML162,Chen2023,Diagnosis,cellchat,B,Megakaryocyte Precursor,PPIA,BSG,0.0200776894150036,0.68,301,32
AML162,Chen2023,Diagnosis,cellchat,CD4 Memory T,Megakaryocyte Precursor,PPIA,BSG,0.0193637183769183,0.71,291,32
AML162,Chen2023,Diagnosis,cellchat,CD8 Memory T,Megakaryocyte Precursor,PPIA,BSG,0.0137499153208965,0.91,415,32
AML162,Chen2023,Diagnosis,cellchat,cDC,Megakaryocyte Precursor,PPIA,BSG,0.0317048006111797,0.18,44,32
AML162,Chen2023,Diagnosis,cellchat,Cycling Progenitor,Megakaryocyte Precursor,PPIA,BSG,0.0298184710587888,0.21,32,32
AML162,Chen2023,Diagnosis,cellchat,Early GMP,Megakaryocyte Precursor,PPIA,BSG,0.02739946545191,0.2,220,32
AML162,Chen2023,Diagnosis,cellchat,HSC MPP,Megakaryocyte Precursor,PPIA,BSG,0.0226021698217751,0.45,58,32
AML162,Chen2023,Diagnosis,cellchat,Late GMP,Megakaryocyte Precursor,PPIA,BSG,0.0279783574431644,0.21,317,32
AML162,Chen2023,Diagnosis,cellchat,LMPP,Megakaryocyte Precursor,PPIA,BSG,0.024841022019765,0.34,39,32
AML162,Chen2023,Diagnosis,cellchat,Megakaryocyte Precursor,Megakaryocyte Precursor,PPIA,BSG,0.0331618091852521,0.19,32,32
AML162,Chen2023,Diagnosis,cellchat,MEP,Megakaryocyte Precursor,PPIA,BSG,0.0307351708728179,0.2,29,32
AML162,Chen2023,Diagnosis,cellchat,Monocyte,Megakaryocyte Precursor,PPIA,BSG,0.0223990175850736,0.5,620,32
AML162,Chen2023,Diagnosis,cellchat,Naive T,Megakaryocyte Precursor,PPIA,BSG,0.0208360618578001,0.63,193,32
AML162,Chen2023,Diagnosis,cellchat,NK,Megakaryocyte Precursor,PPIA,BSG,0.0192361638238154,0.7,58,32
AML162,Chen2023,Diagnosis,cellchat,Plasma Cell,Megakaryocyte Precursor,PPIA,BSG,0.00270210488631854,0.99,506,32
AML162,Chen2023,Diagnosis,cellchat,Pro-Monocyte,Megakaryocyte Precursor,PPIA,BSG,0.0290517787004669,0.21,618,32
AML162,Chen2023,Diagnosis,cellchat,B,MEP,PPIA,BSG,0.0225827823964999,0.46,301,29
AML162,Chen2023,Diagnosis,cellchat,CD4 Memory T,MEP,PPIA,BSG,0.0217817093214059,0.47,291,29
AML162,Chen2023,Diagnosis,cellchat,CD8 Memory T,MEP,PPIA,BSG,0.0154779625133715,0.81,415,29
AML162,Chen2023,Diagnosis,cellchat,cDC,MEP,PPIA,BSG,0.0356078927807406,0.14,44,29
AML162,Chen2023,Diagnosis,cellchat,Cycling Progenitor,MEP,PPIA,BSG,0.0334973757957999,0.14,32,29
AML162,Chen2023,Diagnosis,cellchat,Early GMP,MEP,PPIA,BSG,0.0307893927323579,0.14,220,29
AML162,Chen2023,Diagnosis,cellchat,HSC MPP,MEP,PPIA,BSG,0.0254140732604313,0.26,58,29
AML162,Chen2023,Diagnosis,cellchat,Late GMP,MEP,PPIA,BSG,0.0314375915716631,0.14,317,29
AML162,Chen2023,Diagnosis,cellchat,LMPP,MEP,PPIA,BSG,0.0279235003853997,0.18,39,29
AML162,Chen2023,Diagnosis,cellchat,Megakaryocyte Precursor,MEP,PPIA,BSG,0.0372373718320784,0.14,32,29
AML162,Chen2023,Diagnosis,cellchat,MEP,MEP,PPIA,BSG,0.0345231504595075,0.14,29,29
AML162,Chen2023,Diagnosis,cellchat,Monocyte,MEP,PPIA,BSG,0.0251862984218231,0.24,620,29
AML162,Chen2023,Diagnosis,cellchat,Naive T,MEP,PPIA,BSG,0.0234335141969227,0.36,193,29
AML162,Chen2023,Diagnosis,cellchat,NK,MEP,PPIA,BSG,0.0216385782106181,0.45,58,29
AML162,Chen2023,Diagnosis,cellchat,Plasma Cell,MEP,PPIA,BSG,0.00304598531764125,0.95,506,29
AML162,Chen2023,Diagnosis,cellchat,Pro-Monocyte,MEP,PPIA,BSG,0.0326392737647202,0.14,618,29
AML162,Chen2023,Diagnosis,cellchat,B,Monocyte,PPIA,BSG,0.0254622876919434,0.02,301,620
AML162,Chen2023,Diagnosis,cellchat,CD4 Memory T,Monocyte,PPIA,BSG,0.0245616374734755,0.02,291,620
AML162,Chen2023,Diagnosis,cellchat,cDC,Monocyte,PPIA,BSG,0.0400801116042906,0,44,620
AML162,Chen2023,Diagnosis,cellchat,Cycling Progenitor,Monocyte,PPIA,BSG,0.0377148878644616,0,32,620
AML162,Chen2023,Diagnosis,cellchat,Early GMP,Monocyte,PPIA,BSG,0.034678187509217,0,220,620
AML162,Chen2023,Diagnosis,cellchat,HSC MPP,Monocyte,PPIA,BSG,0.0286440134507135,0,58,620
AML162,Chen2023,Diagnosis,cellchat,Late GMP,Monocyte,PPIA,BSG,0.0354052651578099,0,317,620
AML162,Chen2023,Diagnosis,cellchat,LMPP,Monocyte,PPIA,BSG,0.0314620743031021,0,39,620
AML162,Chen2023,Diagnosis,cellchat,Megakaryocyte Precursor,Monocyte,PPIA,BSG,0.0419053543012692,0,32,620
AML162,Chen2023,Diagnosis,cellchat,MEP,Monocyte,PPIA,BSG,0.0388646200861162,0,29,620
AML162,Chen2023,Diagnosis,cellchat,Monocyte,Monocyte,PPIA,BSG,0.0283881333431502,0,620,620
AML162,Chen2023,Diagnosis,cellchat,Naive T,Monocyte,PPIA,BSG,0.0264185633627726,0,193,620
AML162,Chen2023,Diagnosis,cellchat,NK,Monocyte,PPIA,BSG,0.0244006946694735,0.09,58,620
AML162,Chen2023,Diagnosis,cellchat,Pro-Monocyte,Monocyte,PPIA,BSG,0.0367528542555653,0,618,620
AML162,Chen2023,Diagnosis,cellchat,B,NK,PPIA,BSG,0.0266037154967134,0.13,301,58
AML162,Chen2023,Diagnosis,cellchat,CD4 Memory T,NK,PPIA,BSG,0.0256637540092674,0.18,291,58
AML162,Chen2023,Diagnosis,cellchat,CD8 Memory T,NK,PPIA,BSG,0.0182574908133262,0.9,415,58
AML162,Chen2023,Diagnosis,cellchat,cDC,NK,PPIA,BSG,0.0418486901907919,0.03,44,58
AML162,Chen2023,Diagnosis,cellchat,Cycling Progenitor,NK,PPIA,BSG,0.0393833803670521,0.03,32,58
AML162,Chen2023,Diagnosis,cellchat,Early GMP,NK,PPIA,BSG,0.0362173937561629,0.03,220,58
AML162,Chen2023,Diagnosis,cellchat,HSC MPP,NK,PPIA,BSG,0.029923692645889,0.06,58,58
AML162,Chen2023,Diagnosis,cellchat,Late GMP,NK,PPIA,BSG,0.036975506931056,0.03,317,58
AML162,Chen2023,Diagnosis,cellchat,LMPP,NK,PPIA,BSG,0.0328633917126882,0.03,39,58
AML162,Chen2023,Diagnosis,cellchat,Megakaryocyte Precursor,NK,PPIA,BSG,0.0437508028562603,0.01,32,58
AML162,Chen2023,Diagnosis,cellchat,MEP,NK,PPIA,BSG,0.0405818312681785,0.02,29,58
AML162,Chen2023,Diagnosis,cellchat,Monocyte,NK,PPIA,BSG,0.0296567300426286,0.04,620,58
AML162,Chen2023,Diagnosis,cellchat,Naive T,NK,PPIA,BSG,0.0276016451128081,0.09,193,58
AML162,Chen2023,Diagnosis,cellchat,NK,NK,PPIA,BSG,0.025495778226761,0.2,58,58
AML162,Chen2023,Diagnosis,cellchat,Plasma Cell,NK,PPIA,BSG,0.00360114860315914,0.99,506,58
AML162,Chen2023,Diagnosis,cellchat,Pro-Monocyte,NK,PPIA,BSG,0.0383804842463569,0.03,618,58
AML162,Chen2023,Diagnosis,cellchat,B,Plasma Cell,PPIA,BSG,0.0326819912648019,0,301,506
AML162,Chen2023,Diagnosis,cellchat,CD4 Memory T,Plasma Cell,PPIA,BSG,0.0315342296633833,0,291,506
AML162,Chen2023,Diagnosis,cellchat,CD8 Memory T,Plasma Cell,PPIA,BSG,0.0224728902507039,0.43,415,506
AML162,Chen2023,Diagnosis,cellchat,cDC,Plasma Cell,PPIA,BSG,0.0512267528870765,0,44,506
AML162,Chen2023,Diagnosis,cellchat,Cycling Progenitor,Plasma Cell,PPIA,BSG,0.0482367935620323,0,32,506
AML162,Chen2023,Diagnosis,cellchat,Early GMP,Plasma Cell,PPIA,BSG,0.0443919806073726,0,220,506
AML162,Chen2023,Diagnosis,cellchat,HSC MPP,Plasma Cell,PPIA,BSG,0.0367318754227546,0,58,506
AML162,Chen2023,Diagnosis,cellchat,Late GMP,Plasma Cell,PPIA,BSG,0.045313161611702,0,317,506
AML162,Chen2023,Diagnosis,cellchat,LMPP,Plasma Cell,PPIA,BSG,0.0403126151552998,0,39,506
AML162,Chen2023,Diagnosis,cellchat,Megakaryocyte Precursor,Plasma Cell,PPIA,BSG,0.053531304115814,0,32,506
AML162,Chen2023,Diagnosis,cellchat,MEP,Plasma Cell,PPIA,BSG,0.0496907209548117,0,29,506
AML162,Chen2023,Diagnosis,cellchat,Monocyte,Plasma Cell,PPIA,BSG,0.0364064534820679,0,620,506
AML162,Chen2023,Diagnosis,cellchat,Naive T,Plasma Cell,PPIA,BSG,0.0338999820458719,0,193,506
AML162,Chen2023,Diagnosis,cellchat,NK,Plasma Cell,PPIA,BSG,0.0313290656155328,0,58,506
AML162,Chen2023,Diagnosis,cellchat,Pro-Monocyte,Plasma Cell,PPIA,BSG,0.0470194808785813,0,618,506
AML162,Chen2023,Diagnosis,cellchat,B,Pro-Monocyte,PPIA,BSG,0.0516512783268597,0,301,618
AML162,Chen2023,Diagnosis,cellchat,CD4 Memory T,Pro-Monocyte,PPIA,BSG,0.0498716789536024,0,291,618
AML162,Chen2023,Diagnosis,cellchat,CD8 Memory T,Pro-Monocyte,PPIA,BSG,0.0357355167005343,0,415,618
AML162,Chen2023,Diagnosis,cellchat,cDC,Pro-Monocyte,PPIA,BSG,0.0800688341719352,0,44,618
AML162,Chen2023,Diagnosis,cellchat,Cycling Progenitor,Pro-Monocyte,PPIA,BSG,0.0755294585357883,0,32,618
AML162,Chen2023,Diagnosis,cellchat,Early GMP,Pro-Monocyte,PPIA,BSG,0.0696684667520616,0,220,618
AML162,Chen2023,Diagnosis,cellchat,HSC MPP,Pro-Monocyte,PPIA,BSG,0.05791106995755,0,58,618
AML162,Chen2023,Diagnosis,cellchat,Late GMP,Pro-Monocyte,PPIA,BSG,0.0710751501122148,0,317,618
AML162,Chen2023,Diagnosis,cellchat,LMPP,Pro-Monocyte,PPIA,BSG,0.063420492815381,0,39,618
AML162,Chen2023,Diagnosis,cellchat,Megakaryocyte Precursor,Pro-Monocyte,PPIA,BSG,0.0835566409531365,0,32,618
AML162,Chen2023,Diagnosis,cellchat,MEP,Pro-Monocyte,PPIA,BSG,0.0777388344284426,0,29,618
AML162,Chen2023,Diagnosis,cellchat,Monocyte,Pro-Monocyte,PPIA,BSG,0.0574091960322435,0,620,618
AML162,Chen2023,Diagnosis,cellchat,Naive T,Pro-Monocyte,PPIA,BSG,0.0535370889409647,0,193,618
AML162,Chen2023,Diagnosis,cellchat,NK,Pro-Monocyte,PPIA,BSG,0.0495533145422298,0,58,618
AML162,Chen2023,Diagnosis,cellchat,Pro-Monocyte,Pro-Monocyte,PPIA,BSG,0.0736767007288003,0,618,618
AML162,Chen2023,Diagnosis,cellchat,cDC,B,COL9A2,CD44,0.0104318494804441,0,44,301
AML162,Chen2023,Diagnosis,cellchat,cDC,CD4 Memory T,COL9A2,CD44,0.0136904220289419,0,44,291
AML162,Chen2023,Diagnosis,cellchat,cDC,CD8 Memory T,COL9A2,CD44,0.0108729134155207,0,44,415
AML162,Chen2023,Diagnosis,cellchat,cDC,cDC,COL9A2,CD44,0.0147079795558361,0,44,44
AML162,Chen2023,Diagnosis,cellchat,cDC,Cycling Progenitor,COL9A2,CD44,0.00858598429477559,0,44,32
AML162,Chen2023,Diagnosis,cellchat,cDC,Early GMP,COL9A2,CD44,0.00951547254002062,0,44,220
AML162,Chen2023,Diagnosis,cellchat,cDC,HSC MPP,COL9A2,CD44,0.00846286598155636,0,44,58
AML162,Chen2023,Diagnosis,cellchat,cDC,Late GMP,COL9A2,CD44,0.00804907744534903,0,44,317
AML162,Chen2023,Diagnosis,cellchat,cDC,LMPP,COL9A2,CD44,0.0124217405416195,0,44,39
AML162,Chen2023,Diagnosis,cellchat,cDC,Megakaryocyte Precursor,COL9A2,CD44,0.00268054050433619,0,44,32
AML162,Chen2023,Diagnosis,cellchat,cDC,MEP,COL9A2,CD44,0.00239388525481811,0,44,29
AML162,Chen2023,Diagnosis,cellchat,cDC,Monocyte,COL9A2,CD44,0.0132644327017504,0,44,620
AML162,Chen2023,Diagnosis,cellchat,cDC,Naive T,COL9A2,CD44,0.0125895922083841,0,44,193
AML162,Chen2023,Diagnosis,cellchat,cDC,NK,COL9A2,CD44,0.00768313670502906,0,44,58
AML162,Chen2023,Diagnosis,cellchat,cDC,Plasma Cell,COL9A2,CD44,0.00117116044700944,0,44,506
AML162,Chen2023,Diagnosis,cellchat,cDC,Pro-Monocyte,COL9A2,CD44,0.0108337500492136,0,44,618
AML162,Chen2023,Diagnosis,cellchat,cDC,Plasma Cell,COL9A2,SDC1,0.00163737036281562,0,44,506
AML162,Chen2023,Diagnosis,cellchat,Late GMP,Plasma Cell,THBS1,SDC1,0.00287747130872329,0,317,506
AML162,Chen2023,Diagnosis,cellchat,Monocyte,Plasma Cell,THBS1,SDC1,0.0147898873241042,0,620,506
AML162,Chen2023,Diagnosis,cellchat,Pro-Monocyte,Plasma Cell,THBS1,SDC1,0.0038042336424458,0,618,506
AML162,Chen2023,Diagnosis,cellchat,cDC,Cycling Progenitor,COL9A2,SDC4,0.0005342328948507,0,44,32
AML162,Chen2023,Diagnosis,cellchat,cDC,Monocyte,COL9A2,SDC4,0.00163459441390604,0,44,620
AML162,Chen2023,Diagnosis,cellchat,Late GMP,Cycling Progenitor,THBS1,SDC4,0.00093963307872689,0,317,32
AML162,Chen2023,Diagnosis,cellchat,Monocyte,Cycling Progenitor,THBS1,SDC4,0.00486878332508953,0,620,32
AML162,Chen2023,Diagnosis,cellchat,Pro-Monocyte,Cycling Progenitor,THBS1,SDC4,0.00124304371079417,0,618,32
AML162,Chen2023,Diagnosis,cellchat,Late GMP,Monocyte,THBS1,SDC4,0.00287259897897633,0,317,620
AML162,Chen2023,Diagnosis,cellchat,Monocyte,Monocyte,THBS1,SDC4,0.0147651427687745,0,620,620
AML162,Chen2023,Diagnosis,cellchat,Pro-Monocyte,Monocyte,THBS1,SDC4,0.00379779803272452,0,618,620
AML162,Chen2023,Diagnosis,cellchat,Late GMP,cDC,THBS1,CD36,0.00192057532479044,0,317,44
AML162,Chen2023,Diagnosis,cellchat,Monocyte,cDC,THBS1,CD36,0.00991092165323402,0,620,44
AML162,Chen2023,Diagnosis,cellchat,Pro-Monocyte,cDC,THBS1,CD36,0.00253993017754756,0,618,44
AML162,Chen2023,Diagnosis,cellchat,Late GMP,Monocyte,THBS1,CD36,0.00432372044673507,0,317,620
AML162,Chen2023,Diagnosis,cellchat,Monocyte,Monocyte,THBS1,CD36,0.0220908032298193,0,620,620
AML162,Chen2023,Diagnosis,cellchat,Pro-Monocyte,Monocyte,THBS1,CD36,0.00571361476643537,0,618,620
AML162,Chen2023,Diagnosis,cellchat,Late GMP,B,THBS1,CD47,0.00906235971083279,0,317,301
AML162,Chen2023,Diagnosis,cellchat,Monocyte,B,THBS1,CD47,0.0454133818674752,0,620,301
AML162,Chen2023,Diagnosis,cellchat,Pro-Monocyte,B,THBS1,CD47,0.0119572340736018,0,618,301
AML162,Chen2023,Diagnosis,cellchat,Late GMP,CD4 Memory T,THBS1,CD47,0.00263074181343072,0,317,291
AML162,Chen2023,Diagnosis,cellchat,Monocyte,CD4 Memory T,THBS1,CD47,0.0135355903430762,0,620,291
AML162,Chen2023,Diagnosis,cellchat,Pro-Monocyte,CD4 Memory T,THBS1,CD47,0.00347831588326536,0,618,291
AML162,Chen2023,Diagnosis,cellchat,Late GMP,cDC,THBS1,CD47,0.00570650488704392,0,317,44
AML162,Chen2023,Diagnosis,cellchat,Monocyte,cDC,THBS1,CD47,0.0289902990414577,0,620,44
AML162,Chen2023,Diagnosis,cellchat,Pro-Monocyte,cDC,THBS1,CD47,0.0075375412212073,0,618,44
AML162,Chen2023,Diagnosis,cellchat,Late GMP,Cycling Progenitor,THBS1,CD47,0.00477721196616976,0,317,32
AML162,Chen2023,Diagnosis,cellchat,Monocyte,Cycling Progenitor,THBS1,CD47,0.024362191511697,0,620,32
AML162,Chen2023,Diagnosis,cellchat,Pro-Monocyte,Cycling Progenitor,THBS1,CD47,0.00631196059734056,0,618,32
AML162,Chen2023,Diagnosis,cellchat,Late GMP,Early GMP,THBS1,CD47,0.00496733323370955,0,317,220
AML162,Chen2023,Diagnosis,cellchat,Monocyte,Early GMP,THBS1,CD47,0.0253119230435879,0,620,220
AML162,Chen2023,Diagnosis,cellchat,Pro-Monocyte,Early GMP,THBS1,CD47,0.00656275830727918,0,618,220
AML162,Chen2023,Diagnosis,cellchat,Late GMP,HSC MPP,THBS1,CD47,0.00181206001051789,0,317,58
AML162,Chen2023,Diagnosis,cellchat,Monocyte,HSC MPP,THBS1,CD47,0.00935517175884016,0,620,58
AML162,Chen2023,Diagnosis,cellchat,Pro-Monocyte,HSC MPP,THBS1,CD47,0.00239650443416703,0,618,58
AML162,Chen2023,Diagnosis,cellchat,Late GMP,Late GMP,THBS1,CD47,0.00189685673301342,0,317,317
AML162,Chen2023,Diagnosis,cellchat,Monocyte,Late GMP,THBS1,CD47,0.0097894922932626,0,620,317
AML162,Chen2023,Diagnosis,cellchat,Pro-Monocyte,Late GMP,THBS1,CD47,0.0025085819436612,0,618,317
AML162,Chen2023,Diagnosis,cellchat,Late GMP,LMPP,THBS1,CD47,0.00668746689598788,0,317,39
AML162,Chen2023,Diagnosis,cellchat,Monocyte,LMPP,THBS1,CD47,0.0338375880259766,0,620,39
AML162,Chen2023,Diagnosis,cellchat,Pro-Monocyte,LMPP,THBS1,CD47,0.0088304673837102,0,618,39
AML162,Chen2023,Diagnosis,cellchat,Late GMP,Naive T,THBS1,CD47,0.00276918197307733,0,317,193
AML162,Chen2023,Diagnosis,cellchat,Monocyte,Naive T,THBS1,CD47,0.0142396941632582,0,620,193
AML162,Chen2023,Diagnosis,cellchat,Pro-Monocyte,Naive T,THBS1,CD47,0.00366119505149693,0,618,193
AML162,Chen2023,Diagnosis,cellchat,Late GMP,NK,THBS1,CD47,0.00332011068373797,0,317,58
AML162,Chen2023,Diagnosis,cellchat,Monocyte,NK,THBS1,CD47,0.0170337012562405,0,620,58
AML162,Chen2023,Diagnosis,cellchat,Pro-Monocyte,NK,THBS1,CD47,0.00438880872321264,0,618,58
AML162,Chen2023,Diagnosis,cellchat,Late GMP,Plasma Cell,THBS1,CD47,0.00140250902749891,0,317,506
AML162,Chen2023,Diagnosis,cellchat,Monocyte,Plasma Cell,THBS1,CD47,0.00725315969186769,0,620,506
AML162,Chen2023,Diagnosis,cellchat,Pro-Monocyte,Plasma Cell,THBS1,CD47,0.00185510630320431,0,618,506
AML162,Chen2023,Diagnosis,cellchat,Late GMP,Pro-Monocyte,THBS1,CD47,0.00155247770360636,0,317,618
AML162,Chen2023,Diagnosis,cellchat,Monocyte,Pro-Monocyte,THBS1,CD47,0.00802370500310629,0,620,618
AML162,Chen2023,Diagnosis,cellchat,Pro-Monocyte,Pro-Monocyte,THBS1,CD47,0.00205337117117465,0,618,618
AML162,Chen2023,Diagnosis,cellchat,HSC MPP,B,APP,CD74,0.0293952061057965,0,58,301
AML162,Chen2023,Diagnosis,cellchat,HSC MPP,CD4 Memory T,APP,CD74,0.00236446239461615,0,58,291
AML162,Chen2023,Diagnosis,cellchat,HSC MPP,CD8 Memory T,APP,CD74,0.0106504012950385,0,58,415
AML162,Chen2023,Diagnosis,cellchat,HSC MPP,cDC,APP,CD74,0.0297321056114199,0,58,44
AML162,Chen2023,Diagnosis,cellchat,HSC MPP,Cycling Progenitor,APP,CD74,0.0119483375478691,0,58,32
AML162,Chen2023,Diagnosis,cellchat,HSC MPP,Early GMP,APP,CD74,0.0152269863574973,0,58,220
AML162,Chen2023,Diagnosis,cellchat,HSC MPP,HSC MPP,APP,CD74,0.0228246107292885,0,58,58
AML162,Chen2023,Diagnosis,cellchat,HSC MPP,Late GMP,APP,CD74,0.0162365328800606,0,58,317
AML162,Chen2023,Diagnosis,cellchat,HSC MPP,LMPP,APP,CD74,0.0201123746868648,0,58,39
AML162,Chen2023,Diagnosis,cellchat,HSC MPP,Megakaryocyte Precursor,APP,CD74,0.00639106765180312,0,58,32
AML162,Chen2023,Diagnosis,cellchat,HSC MPP,MEP,APP,CD74,0.00883991303274459,0,58,29
AML162,Chen2023,Diagnosis,cellchat,HSC MPP,Monocyte,APP,CD74,0.019833851556543,0,58,620
AML162,Chen2023,Diagnosis,cellchat,HSC MPP,NK,APP,CD74,0.00300348675041195,0,58,58
AML162,Chen2023,Diagnosis,cellchat,HSC MPP,Plasma Cell,APP,CD74,0.016252449323735,0,58,506
AML162,Chen2023,Diagnosis,cellchat,HSC MPP,Pro-Monocyte,APP,CD74,0.0203200545461635,0,58,618
AML162,Chen2023,Diagnosis,cellchat,B,Monocyte,FCER2,ITGAM_ITGB2,0.00751691384533027,0,301,620
AML162,Chen2023,Diagnosis,cellchat,B,NK,FCER2,ITGAM_ITGB2,0.0091381938398242,0,301,58
AML162,Chen2023,Diagnosis,cellchat,B,cDC,FCER2,ITGAX_ITGB2,0.00608698770672331,0,301,44
AML162,Chen2023,Diagnosis,cellchat,B,Monocyte,FCER2,ITGAX_ITGB2,0.00976626329364584,0,301,620
AML162,Chen2023,Diagnosis,cellchat,B,B,PTPRC,CD22,0.00804825013792527,0,301,301
AML162,Chen2023,Diagnosis,cellchat,CD4 Memory T,B,PTPRC,CD22,0.0131504160777858,0,291,301
AML162,Chen2023,Diagnosis,cellchat,CD8 Memory T,B,PTPRC,CD22,0.0165102388563912,0,415,301
AML162,Chen2023,Diagnosis,cellchat,cDC,B,PTPRC,CD22,0.00960617284449912,0,44,301
AML162,Chen2023,Diagnosis,cellchat,Cycling Progenitor,B,PTPRC,CD22,0.00857049617552365,0,32,301
AML162,Chen2023,Diagnosis,cellchat,Early GMP,B,PTPRC,CD22,0.00659290640258068,0,220,301
AML162,Chen2023,Diagnosis,cellchat,HSC MPP,B,PTPRC,CD22,0.00770435382314771,0,58,301
AML162,Chen2023,Diagnosis,cellchat,Late GMP,B,PTPRC,CD22,0.0059214079251769,0,317,301
AML162,Chen2023,Diagnosis,cellchat,LMPP,B,PTPRC,CD22,0.00847601707647798,0,39,301
AML162,Chen2023,Diagnosis,cellchat,Megakaryocyte Precursor,B,PTPRC,CD22,0.000435509705084838,0,32,301
AML162,Chen2023,Diagnosis,cellchat,MEP,B,PTPRC,CD22,0.00459857580388312,0,29,301
AML162,Chen2023,Diagnosis,cellchat,Monocyte,B,PTPRC,CD22,0.0089133316500433,0,620,301
AML162,Chen2023,Diagnosis,cellchat,Naive T,B,PTPRC,CD22,0.00823299017088889,0,193,301
AML162,Chen2023,Diagnosis,cellchat,NK,B,PTPRC,CD22,0.0132910598908964,0,58,301
AML162,Chen2023,Diagnosis,cellchat,Pro-Monocyte,B,PTPRC,CD22,0.00664263169751747,0,618,301
AML162,Chen2023,Diagnosis,cellchat,CD4 Memory T,cDC,CD6,ALCAM,0.00255732349255881,0,291,44
AML162,Chen2023,Diagnosis,cellchat,CD8 Memory T,cDC,CD6,ALCAM,0.00270365636850578,0,415,44
AML162,Chen2023,Diagnosis,cellchat,Naive T,cDC,CD6,ALCAM,0.00234101342693019,0,193,44
AML162,Chen2023,Diagnosis,cellchat,CD4 Memory T,Cycling Progenitor,CD6,ALCAM,0.00140968324483085,0,291,32
AML162,Chen2023,Diagnosis,cellchat,CD8 Memory T,Cycling Progenitor,CD6,ALCAM,0.00149044500506169,0,415,32
AML162,Chen2023,Diagnosis,cellchat,Naive T,Cycling Progenitor,CD6,ALCAM,0.00129032024114229,0,193,32
AML162,Chen2023,Diagnosis,cellchat,CD4 Memory T,Early GMP,CD6,ALCAM,0.00143583779610385,0,291,220
AML162,Chen2023,Diagnosis,cellchat,CD8 Memory T,Early GMP,CD6,ALCAM,0.00151809569131759,0,415,220
AML162,Chen2023,Diagnosis,cellchat,Naive T,Early GMP,CD6,ALCAM,0.00131426310618003,0,193,220
AML162,Chen2023,Diagnosis,cellchat,B,cDC,CD99,PILRA,0.00157469693343366,0,301,44
AML162,Chen2023,Diagnosis,cellchat,CD4 Memory T,cDC,CD99,PILRA,0.00505162904481156,0,291,44
AML162,Chen2023,Diagnosis,cellchat,CD8 Memory T,cDC,CD99,PILRA,0.00762805330236087,0,415,44
AML162,Chen2023,Diagnosis,cellchat,cDC,cDC,CD99,PILRA,0.00656253925988144,0,44,44
AML162,Chen2023,Diagnosis,cellchat,Cycling Progenitor,cDC,CD99,PILRA,0.00789754390239559,0,32,44
AML162,Chen2023,Diagnosis,cellchat,Early GMP,cDC,CD99,PILRA,0.0100889663796908,0,220,44
AML162,Chen2023,Diagnosis,cellchat,HSC MPP,cDC,CD99,PILRA,0.00577773128700818,0,58,44
AML162,Chen2023,Diagnosis,cellchat,Late GMP,cDC,CD99,PILRA,0.00635574747637185,0,317,44
AML162,Chen2023,Diagnosis,cellchat,LMPP,cDC,CD99,PILRA,0.0126182432287301,0,39,44
AML162,Chen2023,Diagnosis,cellchat,Megakaryocyte Precursor,cDC,CD99,PILRA,0.00192718521925991,0,32,44
AML162,Chen2023,Diagnosis,cellchat,MEP,cDC,CD99,PILRA,0.00513401557576318,0,29,44
AML162,Chen2023,Diagnosis,cellchat,Monocyte,cDC,CD99,PILRA,0.00804459744915655,0,620,44
AML162,Chen2023,Diagnosis,cellchat,Naive T,cDC,CD99,PILRA,0.00395691758715582,0,193,44
AML162,Chen2023,Diagnosis,cellchat,NK,cDC,CD99,PILRA,0.00632890256703725,0,58,44
AML162,Chen2023,Diagnosis,cellchat,Pro-Monocyte,cDC,CD99,PILRA,0.00597778096873419,0,618,44
AML162,Chen2023,Diagnosis,cellchat,Cycling Progenitor,B,CD99,CD99,0.0218082164468284,0.99,32,301
AML162,Chen2023,Diagnosis,cellchat,LMPP,B,CD99,CD99,0.0345543125365688,0.97,39,301
AML162,Chen2023,Diagnosis,cellchat,CD4 Memory T,CD4 Memory T,CD99,CD99,0.0437725869257684,0.95,291,291
AML162,Chen2023,Diagnosis,cellchat,CD8 Memory T,CD4 Memory T,CD99,CD99,0.0648110035498879,0,415,291
AML162,Chen2023,Diagnosis,cellchat,cDC,CD4 Memory T,CD99,CD99,0.0562104013850413,0.27,44,291
AML162,Chen2023,Diagnosis,cellchat,Cycling Progenitor,CD4 Memory T,CD99,CD99,0.0669643819215194,0.04,32,291
AML162,Chen2023,Diagnosis,cellchat,Early GMP,CD4 Memory T,CD99,CD99,0.0841554759527556,0,220,291
AML162,Chen2023,Diagnosis,cellchat,HSC MPP,CD4 Memory T,CD99,CD99,0.049785799683146,0.61,58,291
AML162,Chen2023,Diagnosis,cellchat,Late GMP,CD4 Memory T,CD99,CD99,0.054525023989544,0.23,317,291
AML162,Chen2023,Diagnosis,cellchat,LMPP,CD4 Memory T,CD99,CD99,0.103315093485305,0,39,291
AML162,Chen2023,Diagnosis,cellchat,Megakaryocyte Precursor,CD4 Memory T,CD99,CD99,0.0171110166757951,0.99,32,291
AML162,Chen2023,Diagnosis,cellchat,MEP,CD4 Memory T,CD99,CD99,0.0444582520544351,0.77,29,291
AML162,Chen2023,Diagnosis,cellchat,Monocyte,CD4 Memory T,CD99,CD99,0.0681357350186349,0,620,291
AML162,Chen2023,Diagnosis,cellchat,NK,CD4 Memory T,CD99,CD99,0.0543058448486946,0.27,58,291
AML162,Chen2023,Diagnosis,cellchat,Pro-Monocyte,CD4 Memory T,CD99,CD99,0.0514307733557688,0.68,618,291
AML162,Chen2023,Diagnosis,cellchat,CD4 Memory T,CD8 Memory T,CD99,CD99,0.0648110035498879,0,291,415
AML162,Chen2023,Diagnosis,cellchat,CD8 Memory T,CD8 Memory T,CD99,CD99,0.0949569842406678,0,415,415
AML162,Chen2023,Diagnosis,cellchat,cDC,CD8 Memory T,CD99,CD99,0.0827097330626579,0,44,415
AML162,Chen2023,Diagnosis,cellchat,Cycling Progenitor,CD8 Memory T,CD99,CD99,0.0980070096214683,0,32,415
AML162,Chen2023,Diagnosis,cellchat,Early GMP,CD8 Memory T,CD99,CD99,0.122124275766876,0,220,415
AML162,Chen2023,Diagnosis,cellchat,HSC MPP,CD8 Memory T,CD99,CD99,0.073492221425853,0,58,415
AML162,Chen2023,Diagnosis,cellchat,Late GMP,CD8 Memory T,CD99,CD99,0.0802974155728755,0,317,415
AML162,Chen2023,Diagnosis,cellchat,LMPP,CD8 Memory T,CD99,CD99,0.148526335931028,0,39,415
AML162,Chen2023,Diagnosis,cellchat,Megakaryocyte Precursor,CD8 Memory T,CD99,CD99,0.0256792095376656,0.97,32,415
AML162,Chen2023,Diagnosis,cellchat,MEP,CD8 Memory T,CD99,CD99,0.0658035415554957,0.04,29,415
AML162,Chen2023,Diagnosis,cellchat,Monocyte,CD8 Memory T,CD99,CD99,0.099663364412934,0,620,415
AML162,Chen2023,Diagnosis,cellchat,Naive T,CD8 Memory T,CD99,CD99,0.0514356386738712,0.59,193,415
AML162,Chen2023,Diagnosis,cellchat,NK,CD8 Memory T,CD99,CD99,0.079983400944285,0,58,415
AML162,Chen2023,Diagnosis,cellchat,Pro-Monocyte,CD8 Memory T,CD99,CD99,0.0758579479580375,0,618,415
AML162,Chen2023,Diagnosis,cellchat,CD4 Memory T,cDC,CD99,CD99,0.0562104013850413,0.27,291,44
AML162,Chen2023,Diagnosis,cellchat,CD8 Memory T,cDC,CD99,CD99,0.0827097330626579,0,415,44
AML162,Chen2023,Diagnosis,cellchat,cDC,cDC,CD99,CD99,0.0719165743807153,0.08,44,44
AML162,Chen2023,Diagnosis,cellchat,Cycling Progenitor,cDC,CD99,CD99,0.0854034969917277,0.01,32,44
AML162,Chen2023,Diagnosis,cellchat,Early GMP,cDC,CD99,CD99,0.10678650641347,0,220,44
AML162,Chen2023,Diagnosis,cellchat,HSC MPP,cDC,CD99,CD99,0.0638182123794508,0.1,58,44
AML162,Chen2023,Diagnosis,cellchat,Late GMP,cDC,CD99,CD99,0.0697950987111665,0.02,317,44
AML162,Chen2023,Diagnosis,cellchat,LMPP,cDC,CD99,CD99,0.130365101980922,0,39,44
AML162,Chen2023,Diagnosis,cellchat,Megakaryocyte Precursor,cDC,CD99,CD99,0.022148520456993,0.98,32,44
AML162,Chen2023,Diagnosis,cellchat,MEP,cDC,CD99,CD99,0.0570792658883112,0.24,29,44
AML162,Chen2023,Diagnosis,cellchat,Monocyte,cDC,CD99,CD99,0.0868673613203086,0,620,44
AML162,Chen2023,Diagnosis,cellchat,Naive T,cDC,CD99,CD99,0.0445254775463826,0.84,193,44
AML162,Chen2023,Diagnosis,cellchat,NK,cDC,CD99,CD99,0.069519050420832,0.02,58,44
AML162,Chen2023,Diagnosis,cellchat,Pro-Monocyte,cDC,CD99,CD99,0.0658946788079844,0.03,618,44
AML162,Chen2023,Diagnosis,cellchat,B,Cycling Progenitor,CD99,CD99,0.0218082164468284,0.99,301,32
AML162,Chen2023,Diagnosis,cellchat,CD4 Memory T,Cycling Progenitor,CD99,CD99,0.0669643819215194,0.04,291,32
AML162,Chen2023,Diagnosis,cellchat,CD8 Memory T,Cycling Progenitor,CD99,CD99,0.0980070096214683,0,415,32
AML162,Chen2023,Diagnosis,cellchat,cDC,Cycling Progenitor,CD99,CD99,0.0854034969917277,0.01,44,32
AML162,Chen2023,Diagnosis,cellchat,Cycling Progenitor,Cycling Progenitor,CD99,CD99,0.101144053631968,0.02,32,32
AML162,Chen2023,Diagnosis,cellchat,Early GMP,Cycling Progenitor,CD99,CD99,0.125925502962175,0,220,32
AML162,Chen2023,Diagnosis,cellchat,HSC MPP,Cycling Progenitor,CD99,CD99,0.0759106247399468,0.01,58,32
AML162,Chen2023,Diagnosis,cellchat,Late GMP,Cycling Progenitor,CD99,CD99,0.0829197151331917,0,317,32
AML162,Chen2023,Diagnosis,cellchat,LMPP,Cycling Progenitor,CD99,CD99,0.15300612037138,0,39,32
AML162,Chen2023,Diagnosis,cellchat,Megakaryocyte Precursor,Cycling Progenitor,CD99,CD99,0.0265693530763425,0.93,32,32
AML162,Chen2023,Diagnosis,cellchat,MEP,Cycling Progenitor,CD99,CD99,0.0679875000605777,0.08,29,32
AML162,Chen2023,Diagnosis,cellchat,Monocyte,Cycling Progenitor,CD99,CD99,0.102847380482373,0,620,32
AML162,Chen2023,Diagnosis,cellchat,Naive T,Cycling Progenitor,CD99,CD99,0.0531698801923958,0.33,193,32
AML162,Chen2023,Diagnosis,cellchat,NK,Cycling Progenitor,CD99,CD99,0.0825963665910105,0.01,58,32
AML162,Chen2023,Diagnosis,cellchat,Pro-Monocyte,Cycling Progenitor,CD99,CD99,0.0783476169950317,0.01,618,32
AML162,Chen2023,Diagnosis,cellchat,CD4 Memory T,Early GMP,CD99,CD99,0.0841554759527556,0,291,220
AML162,Chen2023,Diagnosis,cellchat,CD8 Memory T,Early GMP,CD99,CD99,0.122124275766876,0,415,220
AML162,Chen2023,Diagnosis,cellchat,cDC,Early GMP,CD99,CD99,0.10678650641347,0,44,220
AML162,Chen2023,Diagnosis,cellchat,Cycling Progenitor,Early GMP,CD99,CD99,0.125925502962175,0,32,220
AML162,Chen2023,Diagnosis,cellchat,Early GMP,Early GMP,CD99,CD99,0.155726762192408,0,220,220
AML162,Chen2023,Diagnosis,cellchat,HSC MPP,Early GMP,CD99,CD99,0.0951641501677367,0,58,220
AML162,Chen2023,Diagnosis,cellchat,Late GMP,Early GMP,CD99,CD99,0.103751390281659,0,317,220
AML162,Chen2023,Diagnosis,cellchat,LMPP,Early GMP,CD99,CD99,0.187838957948098,0,39,220
AML162,Chen2023,Diagnosis,cellchat,Megakaryocyte Precursor,Early GMP,CD99,CD99,0.0337655229709561,0.96,32,220
AML162,Chen2023,Diagnosis,cellchat,MEP,Early GMP,CD99,CD99,0.0854172035177014,0,29,220
AML162,Chen2023,Diagnosis,cellchat,Monocyte,Early GMP,CD99,CD99,0.12798674072567,0,620,220
AML162,Chen2023,Diagnosis,cellchat,Naive T,Early GMP,CD99,CD99,0.0670742295011084,0,193,220
AML162,Chen2023,Diagnosis,cellchat,NK,Early GMP,CD99,CD99,0.103355962990512,0,58,220
AML162,Chen2023,Diagnosis,cellchat,Pro-Monocyte,Early GMP,CD99,CD99,0.0981535939142089,0,618,220
AML162,Chen2023,Diagnosis,cellchat,CD4 Memory T,HSC MPP,CD99,CD99,0.049785799683146,0.61,291,58
AML162,Chen2023,Diagnosis,cellchat,CD8 Memory T,HSC MPP,CD99,CD99,0.073492221425853,0,415,58
AML162,Chen2023,Diagnosis,cellchat,cDC,HSC MPP,CD99,CD99,0.0638182123794508,0.1,44,58
AML162,Chen2023,Diagnosis,cellchat,Cycling Progenitor,HSC MPP,CD99,CD99,0.0759106247399468,0.01,32,58
AML162,Chen2023,Diagnosis,cellchat,Early GMP,HSC MPP,CD99,CD99,0.0951641501677367,0,220,58
AML162,Chen2023,Diagnosis,cellchat,HSC MPP,HSC MPP,CD99,CD99,0.0565761965426327,0.26,58,58
AML162,Chen2023,Diagnosis,cellchat,Late GMP,HSC MPP,CD99,CD99,0.0619196927425042,0.05,317,58
AML162,Chen2023,Diagnosis,cellchat,LMPP,HSC MPP,CD99,CD99,0.116511255352972,0,39,58
AML162,Chen2023,Diagnosis,cellchat,Megakaryocyte Precursor,HSC MPP,CD99,CD99,0.019536454273462,0.98,32,58
AML162,Chen2023,Diagnosis,cellchat,MEP,HSC MPP,CD99,CD99,0.0505606768879424,0.39,29,58
AML162,Chen2023,Diagnosis,cellchat,Monocyte,HSC MPP,CD99,CD99,0.0772255148265985,0,620,58
AML162,Chen2023,Diagnosis,cellchat,Naive T,HSC MPP,CD99,CD99,0.0393806845365728,0.96,193,58
AML162,Chen2023,Diagnosis,cellchat,NK,HSC MPP,CD99,CD99,0.0616727275305604,0.11,58,58
AML162,Chen2023,Diagnosis,cellchat,Pro-Monocyte,HSC MPP,CD99,CD99,0.0584317351420021,0.11,618,58
AML162,Chen2023,Diagnosis,cellchat,CD4 Memory T,Late GMP,CD99,CD99,0.054525023989544,0.23,291,317
AML162,Chen2023,Diagnosis,cellchat,CD8 Memory T,Late GMP,CD99,CD99,0.0802974155728755,0,415,317
AML162,Chen2023,Diagnosis,cellchat,cDC,Late GMP,CD99,CD99,0.0697950987111665,0.02,44,317
AML162,Chen2023,Diagnosis,cellchat,Cycling Progenitor,Late GMP,CD99,CD99,0.0829197151331917,0,32,317
AML162,Chen2023,Diagnosis,cellchat,Early GMP,Late GMP,CD99,CD99,0.103751390281659,0,220,317
AML162,Chen2023,Diagnosis,cellchat,HSC MPP,Late GMP,CD99,CD99,0.0619196927425042,0.05,58,317
AML162,Chen2023,Diagnosis,cellchat,Late GMP,Late GMP,CD99,CD99,0.0677316374900028,0,317,317
AML162,Chen2023,Diagnosis,cellchat,LMPP,Late GMP,CD99,CD99,0.126754929671039,0,39,317
AML162,Chen2023,Diagnosis,cellchat,Megakaryocyte Precursor,Late GMP,CD99,CD99,0.0214612095971979,0.97,32,317
AML162,Chen2023,Diagnosis,cellchat,MEP,Late GMP,CD99,CD99,0.0553693653692041,0.26,29,317
AML162,Chen2023,Diagnosis,cellchat,Monocyte,Late GMP,CD99,CD99,0.0843449321941826,0,620,317
AML162,Chen2023,Diagnosis,cellchat,Naive T,Late GMP,CD99,CD99,0.0431744263698027,0.99,193,317
AML162,Chen2023,Diagnosis,cellchat,NK,Late GMP,CD99,CD99,0.0674631585505096,0.02,58,317
AML162,Chen2023,Diagnosis,cellchat,Pro-Monocyte,Late GMP,CD99,CD99,0.0639386055347542,0,618,317
AML162,Chen2023,Diagnosis,cellchat,B,LMPP,CD99,CD99,0.0345543125365688,0.97,301,39
AML162,Chen2023,Diagnosis,cellchat,CD4 Memory T,LMPP,CD99,CD99,0.103315093485305,0,291,39
AML162,Chen2023,Diagnosis,cellchat,CD8 Memory T,LMPP,CD99,CD99,0.148526335931028,0,415,39
AML162,Chen2023,Diagnosis,cellchat,cDC,LMPP,CD99,CD99,0.130365101980922,0,44,39
AML162,Chen2023,Diagnosis,cellchat,Cycling Progenitor,LMPP,CD99,CD99,0.15300612037138,0,32,39
AML162,Chen2023,Diagnosis,cellchat,Early GMP,LMPP,CD99,CD99,0.187838957948098,0,220,39
AML162,Chen2023,Diagnosis,cellchat,HSC MPP,LMPP,CD99,CD99,0.116511255352972,0,58,39
AML162,Chen2023,Diagnosis,cellchat,Late GMP,LMPP,CD99,CD99,0.126754929671039,0,317,39
AML162,Chen2023,Diagnosis,cellchat,LMPP,LMPP,CD99,CD99,0.224809734757825,0,39,39
AML162,Chen2023,Diagnosis,cellchat,Megakaryocyte Precursor,LMPP,CD99,CD99,0.0419787385713682,0.82,32,39
AML162,Chen2023,Diagnosis,cellchat,MEP,LMPP,CD99,CD99,0.104831197138033,0,29,39
AML162,Chen2023,Diagnosis,cellchat,Monocyte,LMPP,CD99,CD99,0.155431807770869,0,620,39
AML162,Chen2023,Diagnosis,cellchat,Naive T,LMPP,CD99,CD99,0.0826961174881812,0,193,39
AML162,Chen2023,Diagnosis,cellchat,NK,LMPP,CD99,CD99,0.126284182513051,0,58,39
AML162,Chen2023,Diagnosis,cellchat,Pro-Monocyte,LMPP,CD99,CD99,0.120082292534815,0,618,39
AML162,Chen2023,Diagnosis,cellchat,CD4 Memory T,Megakaryocyte Precursor,CD99,CD99,0.0171110166757951,0.99,291,32
AML162,Chen2023,Diagnosis,cellchat,CD8 Memory T,Megakaryocyte Precursor,CD99,CD99,0.0256792095376656,0.97,415,32
AML162,Chen2023,Diagnosis,cellchat,cDC,Megakaryocyte Precursor,CD99,CD99,0.022148520456993,0.98,44,32
AML162,Chen2023,Diagnosis,cellchat,Cycling Progenitor,Megakaryocyte Precursor,CD99,CD99,0.0265693530763425,0.93,32,32
AML162,Chen2023,Diagnosis,cellchat,Early GMP,Megakaryocyte Precursor,CD99,CD99,0.0337655229709561,0.96,220,32
AML162,Chen2023,Diagnosis,cellchat,HSC MPP,Megakaryocyte Precursor,CD99,CD99,0.019536454273462,0.98,58,32
AML162,Chen2023,Diagnosis,cellchat,Late GMP,Megakaryocyte Precursor,CD99,CD99,0.0214612095971979,0.97,317,32
AML162,Chen2023,Diagnosis,cellchat,LMPP,Megakaryocyte Precursor,CD99,CD99,0.0419787385713682,0.82,39,32
AML162,Chen2023,Diagnosis,cellchat,Megakaryocyte Precursor,Megakaryocyte Precursor,CD99,CD99,0.00657712094826508,0.98,32,32
AML162,Chen2023,Diagnosis,cellchat,MEP,Megakaryocyte Precursor,CD99,CD99,0.0173866417102923,0.98,29,32
AML162,Chen2023,Diagnosis,cellchat,Monocyte,Megakaryocyte Precursor,CD99,CD99,0.0270545977287352,0.97,620,32
AML162,Chen2023,Diagnosis,cellchat,NK,Megakaryocyte Precursor,CD99,CD99,0.0213719356963126,0.97,58,32
AML162,Chen2023,Diagnosis,cellchat,Pro-Monocyte,Megakaryocyte Precursor,CD99,CD99,0.0202032091348371,0.98,618,32
AML162,Chen2023,Diagnosis,cellchat,CD4 Memory T,MEP,CD99,CD99,0.0444582520544351,0.77,291,29
AML162,Chen2023,Diagnosis,cellchat,CD8 Memory T,MEP,CD99,CD99,0.0658035415554957,0.04,415,29
AML162,Chen2023,Diagnosis,cellchat,cDC,MEP,CD99,CD99,0.0570792658883112,0.24,44,29
AML162,Chen2023,Diagnosis,cellchat,Cycling Progenitor,MEP,CD99,CD99,0.0679875000605777,0.08,32,29
AML162,Chen2023,Diagnosis,cellchat,Early GMP,MEP,CD99,CD99,0.0854172035177014,0,220,29
AML162,Chen2023,Diagnosis,cellchat,HSC MPP,MEP,CD99,CD99,0.0505606768879424,0.39,58,29
AML162,Chen2023,Diagnosis,cellchat,Late GMP,MEP,CD99,CD99,0.0553693653692041,0.26,317,29
AML162,Chen2023,Diagnosis,cellchat,LMPP,MEP,CD99,CD99,0.104831197138033,0,39,29
AML162,Chen2023,Diagnosis,cellchat,Megakaryocyte Precursor,MEP,CD99,CD99,0.0173866417102923,0.98,32,29
AML162,Chen2023,Diagnosis,cellchat,MEP,MEP,CD99,CD99,0.0451541504434537,0.62,29,29
AML162,Chen2023,Diagnosis,cellchat,Monocyte,MEP,CD99,CD99,0.0691754228708416,0.03,620,29
AML162,Chen2023,Diagnosis,cellchat,Naive T,MEP,CD99,CD99,0.0351254224673151,0.93,193,29
AML162,Chen2023,Diagnosis,cellchat,NK,MEP,CD99,CD99,0.055146990120586,0.3,58,29
AML162,Chen2023,Diagnosis,cellchat,Pro-Monocyte,MEP,CD99,CD99,0.0522298460049451,0.42,618,29
AML162,Chen2023,Diagnosis,cellchat,CD4 Memory T,Monocyte,CD99,CD99,0.0681357350186349,0,291,620
AML162,Chen2023,Diagnosis,cellchat,CD8 Memory T,Monocyte,CD99,CD99,0.099663364412934,0,415,620
AML162,Chen2023,Diagnosis,cellchat,cDC,Monocyte,CD99,CD99,0.0868673613203086,0,44,620
AML162,Chen2023,Diagnosis,cellchat,Cycling Progenitor,Monocyte,CD99,CD99,0.102847380482373,0,32,620
AML162,Chen2023,Diagnosis,cellchat,Early GMP,Monocyte,CD99,CD99,0.12798674072567,0,220,620
AML162,Chen2023,Diagnosis,cellchat,HSC MPP,Monocyte,CD99,CD99,0.0772255148265985,0,58,620
AML162,Chen2023,Diagnosis,cellchat,Late GMP,Monocyte,CD99,CD99,0.0843449321941826,0,317,620
AML162,Chen2023,Diagnosis,cellchat,LMPP,Monocyte,CD99,CD99,0.155431807770869,0,39,620
AML162,Chen2023,Diagnosis,cellchat,Megakaryocyte Precursor,Monocyte,CD99,CD99,0.0270545977287352,0.97,32,620
AML162,Chen2023,Diagnosis,cellchat,MEP,Monocyte,CD99,CD99,0.0691754228708416,0.03,29,620
AML162,Chen2023,Diagnosis,cellchat,Monocyte,Monocyte,CD99,CD99,0.10457605506448,0,620,620
AML162,Chen2023,Diagnosis,cellchat,Naive T,Monocyte,CD99,CD99,0.0541139319784825,0.26,193,620
AML162,Chen2023,Diagnosis,cellchat,NK,Monocyte,CD99,CD99,0.0840165351213424,0,58,620
AML162,Chen2023,Diagnosis,cellchat,Pro-Monocyte,Monocyte,CD99,CD99,0.0797010788245241,0,618,620
AML162,Chen2023,Diagnosis,cellchat,CD8 Memory T,Naive T,CD99,CD99,0.0514356386738712,0.59,415,193
AML162,Chen2023,Diagnosis,cellchat,cDC,Naive T,CD99,CD99,0.0445254775463826,0.84,44,193
AML162,Chen2023,Diagnosis,cellchat,Cycling Progenitor,Naive T,CD99,CD99,0.0531698801923958,0.33,32,193
AML162,Chen2023,Diagnosis,cellchat,Early GMP,Naive T,CD99,CD99,0.0670742295011084,0,220,193
AML162,Chen2023,Diagnosis,cellchat,HSC MPP,Naive T,CD99,CD99,0.0393806845365728,0.96,58,193
AML162,Chen2023,Diagnosis,cellchat,Late GMP,Naive T,CD99,CD99,0.0431744263698027,0.99,317,193
AML162,Chen2023,Diagnosis,cellchat,LMPP,Naive T,CD99,CD99,0.0826961174881812,0,39,193
AML162,Chen2023,Diagnosis,cellchat,MEP,Naive T,CD99,CD99,0.0351254224673151,0.93,29,193
AML162,Chen2023,Diagnosis,cellchat,Monocyte,Naive T,CD99,CD99,0.0541139319784825,0.26,620,193
AML162,Chen2023,Diagnosis,cellchat,NK,Naive T,CD99,CD99,0.0429987991975765,0.91,58,193
AML162,Chen2023,Diagnosis,cellchat,CD4 Memory T,NK,CD99,CD99,0.0543058448486946,0.27,291,58
AML162,Chen2023,Diagnosis,cellchat,CD8 Memory T,NK,CD99,CD99,0.079983400944285,0,415,58
AML162,Chen2023,Diagnosis,cellchat,cDC,NK,CD99,CD99,0.069519050420832,0.02,44,58
AML162,Chen2023,Diagnosis,cellchat,Cycling Progenitor,NK,CD99,CD99,0.0825963665910105,0.01,32,58
AML162,Chen2023,Diagnosis,cellchat,Early GMP,NK,CD99,CD99,0.103355962990512,0,220,58
AML162,Chen2023,Diagnosis,cellchat,HSC MPP,NK,CD99,CD99,0.0616727275305604,0.11,58,58
AML162,Chen2023,Diagnosis,cellchat,Late GMP,NK,CD99,CD99,0.0674631585505096,0.02,317,58
AML162,Chen2023,Diagnosis,cellchat,LMPP,NK,CD99,CD99,0.126284182513051,0,39,58
AML162,Chen2023,Diagnosis,cellchat,Megakaryocyte Precursor,NK,CD99,CD99,0.0213719356963126,0.97,32,58
AML162,Chen2023,Diagnosis,cellchat,MEP,NK,CD99,CD99,0.055146990120586,0.3,29,58
AML162,Chen2023,Diagnosis,cellchat,Monocyte,NK,CD99,CD99,0.0840165351213424,0,620,58
AML162,Chen2023,Diagnosis,cellchat,Naive T,NK,CD99,CD99,0.0429987991975765,0.91,193,58
AML162,Chen2023,Diagnosis,cellchat,NK,NK,CD99,CD99,0.0671956671188063,0.11,58,58
AML162,Chen2023,Diagnosis,cellchat,Pro-Monocyte,NK,CD99,CD99,0.0636841345955704,0.03,618,58
AML162,Chen2023,Diagnosis,cellchat,CD4 Memory T,Pro-Monocyte,CD99,CD99,0.0514307733557688,0.68,291,618
AML162,Chen2023,Diagnosis,cellchat,CD8 Memory T,Pro-Monocyte,CD99,CD99,0.0758579479580375,0,415,618
AML162,Chen2023,Diagnosis,cellchat,cDC,Pro-Monocyte,CD99,CD99,0.0658946788079844,0.03,44,618
AML162,Chen2023,Diagnosis,cellchat,Cycling Progenitor,Pro-Monocyte,CD99,CD99,0.0783476169950317,0.01,32,618
AML162,Chen2023,Diagnosis,cellchat,Early GMP,Pro-Monocyte,CD99,CD99,0.0981535939142089,0,220,618
AML162,Chen2023,Diagnosis,cellchat,HSC MPP,Pro-Monocyte,CD99,CD99,0.0584317351420021,0.11,58,618
AML162,Chen2023,Diagnosis,cellchat,Late GMP,Pro-Monocyte,CD99,CD99,0.0639386055347542,0,317,618
AML162,Chen2023,Diagnosis,cellchat,LMPP,Pro-Monocyte,CD99,CD99,0.120082292534815,0,39,618
AML162,Chen2023,Diagnosis,cellchat,Megakaryocyte Precursor,Pro-Monocyte,CD99,CD99,0.0202032091348371,0.98,32,618
AML162,Chen2023,Diagnosis,cellchat,MEP,Pro-Monocyte,CD99,CD99,0.0522298460049451,0.42,29,618
AML162,Chen2023,Diagnosis,cellchat,Monocyte,Pro-Monocyte,CD99,CD99,0.0797010788245241,0,620,618
AML162,Chen2023,Diagnosis,cellchat,NK,Pro-Monocyte,CD99,CD99,0.0636841345955704,0.03,58,618
AML162,Chen2023,Diagnosis,cellchat,Pro-Monocyte,Pro-Monocyte,CD99,CD99,0.0603442375795741,0.01,618,618
AML162,Chen2023,Diagnosis,cellchat,Naive T,CD4 Memory T,CLEC2D,KLRB1,0.00485325508334751,0,193,291
AML162,Chen2023,Diagnosis,cellchat,Naive T,CD8 Memory T,CLEC2D,KLRB1,0.00368837520347447,0,193,415
AML162,Chen2023,Diagnosis,cellchat,Naive T,NK,CLEC2D,KLRB1,0.0168226011911481,0,193,58
AML162,Chen2023,Diagnosis,cellchat,B,CD4 Memory T,CLEC2B,KLRB1,0.00858615402585142,0,301,291
AML162,Chen2023,Diagnosis,cellchat,CD4 Memory T,CD4 Memory T,CLEC2B,KLRB1,0.0227473806308104,0,291,291
AML162,Chen2023,Diagnosis,cellchat,CD8 Memory T,CD4 Memory T,CLEC2B,KLRB1,0.0281679741219252,0,415,291
AML162,Chen2023,Diagnosis,cellchat,cDC,CD4 Memory T,CLEC2B,KLRB1,0.0219877786753771,0,44,291
AML162,Chen2023,Diagnosis,cellchat,Cycling Progenitor,CD4 Memory T,CLEC2B,KLRB1,0.0225316802035325,0,32,291
AML162,Chen2023,Diagnosis,cellchat,Early GMP,CD4 Memory T,CLEC2B,KLRB1,0.0158130158688429,0,220,291
AML162,Chen2023,Diagnosis,cellchat,HSC MPP,CD4 Memory T,CLEC2B,KLRB1,0.0163536733756462,0,58,291
AML162,Chen2023,Diagnosis,cellchat,Late GMP,CD4 Memory T,CLEC2B,KLRB1,0.0076610451094828,0,317,291
AML162,Chen2023,Diagnosis,cellchat,LMPP,CD4 Memory T,CLEC2B,KLRB1,0.0166510051905234,0,39,291
AML162,Chen2023,Diagnosis,cellchat,MEP,CD4 Memory T,CLEC2B,KLRB1,0.0050207731335787,0,29,291
AML162,Chen2023,Diagnosis,cellchat,Monocyte,CD4 Memory T,CLEC2B,KLRB1,0.00641527998838944,0,620,291
AML162,Chen2023,Diagnosis,cellchat,Naive T,CD4 Memory T,CLEC2B,KLRB1,0.027442252336927,0,193,291
AML162,Chen2023,Diagnosis,cellchat,NK,CD4 Memory T,CLEC2B,KLRB1,0.0527166333376089,0,58,291
AML162,Chen2023,Diagnosis,cellchat,Pro-Monocyte,CD4 Memory T,CLEC2B,KLRB1,0.00678005272208766,0,618,291
AML162,Chen2023,Diagnosis,cellchat,B,CD8 Memory T,CLEC2B,KLRB1,0.00653118280825099,0,301,415
AML162,Chen2023,Diagnosis,cellchat,CD4 Memory T,CD8 Memory T,CLEC2B,KLRB1,0.0173624815923761,0,291,415
AML162,Chen2023,Diagnosis,cellchat,CD8 Memory T,CD8 Memory T,CLEC2B,KLRB1,0.0215281468988534,0,415,415
AML162,Chen2023,Diagnosis,cellchat,cDC,CD8 Memory T,CLEC2B,KLRB1,0.0167796097545708,0,44,415
AML162,Chen2023,Diagnosis,cellchat,Cycling Progenitor,CD8 Memory T,CLEC2B,KLRB1,0.0171969445405003,0,32,415
AML162,Chen2023,Diagnosis,cellchat,Early GMP,CD8 Memory T,CLEC2B,KLRB1,0.0120494219791014,0,220,415
AML162,Chen2023,Diagnosis,cellchat,HSC MPP,CD8 Memory T,CLEC2B,KLRB1,0.0124630292203111,0,58,415
AML162,Chen2023,Diagnosis,cellchat,Late GMP,CD8 Memory T,CLEC2B,KLRB1,0.00582618411470532,0,317,415
AML162,Chen2023,Diagnosis,cellchat,LMPP,CD8 Memory T,CLEC2B,KLRB1,0.0126905364997308,0,39,415
AML162,Chen2023,Diagnosis,cellchat,MEP,CD8 Memory T,CLEC2B,KLRB1,0.00381583969077195,0,29,415
AML162,Chen2023,Diagnosis,cellchat,Monocyte,CD8 Memory T,CLEC2B,KLRB1,0.00487731988914934,0,620,415
AML162,Chen2023,Diagnosis,cellchat,Naive T,CD8 Memory T,CLEC2B,KLRB1,0.0209698028588274,0,193,415
AML162,Chen2023,Diagnosis,cellchat,NK,CD8 Memory T,CLEC2B,KLRB1,0.0405314735551398,0,58,415
AML162,Chen2023,Diagnosis,cellchat,Pro-Monocyte,CD8 Memory T,CLEC2B,KLRB1,0.00515509794805974,0,618,415
AML162,Chen2023,Diagnosis,cellchat,B,NK,CLEC2B,KLRB1,0.0294889593596582,0,301,58
AML162,Chen2023,Diagnosis,cellchat,CD4 Memory T,NK,CLEC2B,KLRB1,0.0754999657615179,0,291,58
AML162,Chen2023,Diagnosis,cellchat,CD8 Memory T,NK,CLEC2B,KLRB1,0.0923039185644066,0,415,58
AML162,Chen2023,Diagnosis,cellchat,cDC,NK,CLEC2B,KLRB1,0.0731105865872743,0,44,58
AML162,Chen2023,Diagnosis,cellchat,Cycling Progenitor,NK,CLEC2B,KLRB1,0.0748223417115661,0,32,58
AML162,Chen2023,Diagnosis,cellchat,Early GMP,NK,CLEC2B,KLRB1,0.0533624881227702,0,220,58
AML162,Chen2023,Diagnosis,cellchat,HSC MPP,NK,CLEC2B,KLRB1,0.055115091079718,0,58,58
AML162,Chen2023,Diagnosis,cellchat,Late GMP,NK,CLEC2B,KLRB1,0.0263716002685167,0,317,58
AML162,Chen2023,Diagnosis,cellchat,LMPP,NK,CLEC2B,KLRB1,0.0560769812585668,0,39,58
AML162,Chen2023,Diagnosis,cellchat,MEP,NK,CLEC2B,KLRB1,0.0173960387538276,0,29,58
AML162,Chen2023,Diagnosis,cellchat,Monocyte,NK,CLEC2B,KLRB1,0.0221512215386724,0,620,58
AML162,Chen2023,Diagnosis,cellchat,Naive T,NK,CLEC2B,KLRB1,0.0900789545183041,0,193,58
AML162,Chen2023,Diagnosis,cellchat,NK,NK,CLEC2B,KLRB1,0.163352424204099,0,58,58
AML162,Chen2023,Diagnosis,cellchat,Pro-Monocyte,NK,CLEC2B,KLRB1,0.0233896767660222,0,618,58
AML162,Chen2023,Diagnosis,cellchat,B,CD4 Memory T,CD69,KLRB1,0.056007645449589,0,301,291
AML162,Chen2023,Diagnosis,cellchat,CD4 Memory T,CD4 Memory T,CD69,KLRB1,0.0530569279365465,0,291,291
AML162,Chen2023,Diagnosis,cellchat,CD8 Memory T,CD4 Memory T,CD69,KLRB1,0.0515230523740961,0,415,291
AML162,Chen2023,Diagnosis,cellchat,Cycling Progenitor,CD4 Memory T,CD69,KLRB1,0.0396502383944525,0,32,291
AML162,Chen2023,Diagnosis,cellchat,Early GMP,CD4 Memory T,CD69,KLRB1,0.0173102700314049,0,220,291
AML162,Chen2023,Diagnosis,cellchat,HSC MPP,CD4 Memory T,CD69,KLRB1,0.0308024455299444,0,58,291
AML162,Chen2023,Diagnosis,cellchat,Late GMP,CD4 Memory T,CD69,KLRB1,0.0183800907669126,0,317,291
AML162,Chen2023,Diagnosis,cellchat,LMPP,CD4 Memory T,CD69,KLRB1,0.0233502496731661,0,39,291
AML162,Chen2023,Diagnosis,cellchat,Megakaryocyte Precursor,CD4 Memory T,CD69,KLRB1,0.0296776253785825,0,32,291
AML162,Chen2023,Diagnosis,cellchat,MEP,CD4 Memory T,CD69,KLRB1,0.0333676278395556,0,29,291
AML162,Chen2023,Diagnosis,cellchat,Naive T,CD4 Memory T,CD69,KLRB1,0.0542771588622539,0,193,291
AML162,Chen2023,Diagnosis,cellchat,NK,CD4 Memory T,CD69,KLRB1,0.0481403190784053,0,58,291
AML162,Chen2023,Diagnosis,cellchat,Pro-Monocyte,CD4 Memory T,CD69,KLRB1,0.00386750232812903,0,618,291
AML162,Chen2023,Diagnosis,cellchat,B,CD8 Memory T,CD69,KLRB1,0.043096394128276,0,301,415
AML162,Chen2023,Diagnosis,cellchat,CD4 Memory T,CD8 Memory T,CD69,KLRB1,0.0407964984474914,0,291,415
AML162,Chen2023,Diagnosis,cellchat,CD8 Memory T,CD8 Memory T,CD69,KLRB1,0.0396022483863935,0,415,415
AML162,Chen2023,Diagnosis,cellchat,Cycling Progenitor,CD8 Memory T,CD69,KLRB1,0.0303884164756734,0,32,415
AML162,Chen2023,Diagnosis,cellchat,Early GMP,CD8 Memory T,CD69,KLRB1,0.0131950982473578,0,220,415
AML162,Chen2023,Diagnosis,cellchat,HSC MPP,CD8 Memory T,CD69,KLRB1,0.0235566667384825,0,58,415
AML162,Chen2023,Diagnosis,cellchat,Late GMP,CD8 Memory T,CD69,KLRB1,0.0140142174198515,0,317,415
AML162,Chen2023,Diagnosis,cellchat,LMPP,CD8 Memory T,CD69,KLRB1,0.0178252389294735,0,39,415
AML162,Chen2023,Diagnosis,cellchat,Megakaryocyte Precursor,CD8 Memory T,CD69,KLRB1,0.0226902478443784,0,32,415
AML162,Chen2023,Diagnosis,cellchat,MEP,CD8 Memory T,CD69,KLRB1,0.0255343288108702,0,29,415
AML162,Chen2023,Diagnosis,cellchat,Naive T,CD8 Memory T,CD69,KLRB1,0.041747188698826,0,193,415
AML162,Chen2023,Diagnosis,cellchat,NK,CD8 Memory T,CD69,KLRB1,0.0369716645217569,0,58,415
AML162,Chen2023,Diagnosis,cellchat,Pro-Monocyte,CD8 Memory T,CD69,KLRB1,0.00293852450080966,0,618,415
AML162,Chen2023,Diagnosis,cellchat,B,NK,CD69,KLRB1,0.172294019589486,0,301,58
AML162,Chen2023,Diagnosis,cellchat,CD4 Memory T,NK,CD69,KLRB1,0.164283035500981,0,291,58
AML162,Chen2023,Diagnosis,cellchat,CD8 Memory T,NK,CD69,KLRB1,0.16007718973152,0,415,58
AML162,Chen2023,Diagnosis,cellchat,Cycling Progenitor,NK,CD69,KLRB1,0.126526469571872,0,32,58
AML162,Chen2023,Diagnosis,cellchat,Early GMP,NK,CD69,KLRB1,0.0582048464950568,0,220,58
AML162,Chen2023,Diagnosis,cellchat,HSC MPP,NK,CD69,KLRB1,0.100317652231615,0,58,58
AML162,Chen2023,Diagnosis,cellchat,Late GMP,NK,CD69,KLRB1,0.0616435190028289,0,317,58
AML162,Chen2023,Diagnosis,cellchat,LMPP,NK,CD69,KLRB1,0.0773902084166659,0,39,58
AML162,Chen2023,Diagnosis,cellchat,Megakaryocyte Precursor,NK,CD69,KLRB1,0.0969081488361356,0,32,58
AML162,Chen2023,Diagnosis,cellchat,MEP,NK,CD69,KLRB1,0.10802670316823,0,29,58
AML162,Chen2023,Diagnosis,cellchat,Naive T,NK,CD69,KLRB1,0.167608531184735,0,193,58
AML162,Chen2023,Diagnosis,cellchat,NK,NK,CD69,KLRB1,0.150699757324652,0,58,58
AML162,Chen2023,Diagnosis,cellchat,Pro-Monocyte,NK,CD69,KLRB1,0.0134385645472808,0,618,58
AML162,Chen2023,Diagnosis,cellchat,Plasma Cell,cDC,ICAM2,ITGAL_ITGB2,0.00352826354153193,0,506,44
AML162,Chen2023,Diagnosis,cellchat,Plasma Cell,NK,ICAM2,ITGAL_ITGB2,0.00322273247850501,0,506,58
AML162,Chen2023,Diagnosis,cellchat,Plasma Cell,Monocyte,ICAM2,ITGAM_ITGB2,0.00283010642363653,0,506,620
AML162,Chen2023,Diagnosis,cellchat,Plasma Cell,NK,ICAM2,ITGAM_ITGB2,0.0034440236614644,0,506,58
AML162,Chen2023,Diagnosis,cellchat,Cycling Progenitor,cDC,F11R,ITGAL_ITGB2,0.00255275338998631,0,32,44
AML162,Chen2023,Diagnosis,cellchat,Cycling Progenitor,NK,F11R,ITGAL_ITGB2,0.00233149927776031,0,32,58
AML162,Chen2023,Diagnosis,cellchat,Cycling Progenitor,Cycling Progenitor,F11R,F11R,0.000287347201088977,0,32,32
AML162,Chen2023,Diagnosis,cellchat,B,CD8 Memory T,HLA-A,CD8A,0.0831195849211644,0,301,415
AML162,Chen2023,Diagnosis,cellchat,CD4 Memory T,CD8 Memory T,HLA-A,CD8A,0.0995053413274249,0,291,415
AML162,Chen2023,Diagnosis,cellchat,CD8 Memory T,CD8 Memory T,HLA-A,CD8A,0.118487527743097,0,415,415
AML162,Chen2023,Diagnosis,cellchat,cDC,CD8 Memory T,HLA-A,CD8A,0.0704650950225699,0,44,415
AML162,Chen2023,Diagnosis,cellchat,Cycling Progenitor,CD8 Memory T,HLA-A,CD8A,0.0737055004891049,0,32,415
AML162,Chen2023,Diagnosis,cellchat,Early GMP,CD8 Memory T,HLA-A,CD8A,0.0835247142762125,0,220,415
AML162,Chen2023,Diagnosis,cellchat,HSC MPP,CD8 Memory T,HLA-A,CD8A,0.070255729994789,0,58,415
AML162,Chen2023,Diagnosis,cellchat,Late GMP,CD8 Memory T,HLA-A,CD8A,0.0882201589811187,0,317,415
AML162,Chen2023,Diagnosis,cellchat,LMPP,CD8 Memory T,HLA-A,CD8A,0.0924463410360233,0,39,415
AML162,Chen2023,Diagnosis,cellchat,Megakaryocyte Precursor,CD8 Memory T,HLA-A,CD8A,0.0565223468168547,0,32,415
AML162,Chen2023,Diagnosis,cellchat,MEP,CD8 Memory T,HLA-A,CD8A,0.0420575888967904,0,29,415
AML162,Chen2023,Diagnosis,cellchat,Monocyte,CD8 Memory T,HLA-A,CD8A,0.102954701190852,0,620,415
AML162,Chen2023,Diagnosis,cellchat,Naive T,CD8 Memory T,HLA-A,CD8A,0.0826989619834382,0,193,415
AML162,Chen2023,Diagnosis,cellchat,NK,CD8 Memory T,HLA-A,CD8A,0.119243377708389,0,58,415
AML162,Chen2023,Diagnosis,cellchat,Plasma Cell,CD8 Memory T,HLA-A,CD8A,0.0506819183235356,0,506,415
AML162,Chen2023,Diagnosis,cellchat,Pro-Monocyte,CD8 Memory T,HLA-A,CD8A,0.089709794872421,0,618,415
AML162,Chen2023,Diagnosis,cellchat,B,CD8 Memory T,HLA-B,CD8A,0.135981444522019,0,301,415
AML162,Chen2023,Diagnosis,cellchat,CD4 Memory T,CD8 Memory T,HLA-B,CD8A,0.140860142648512,0,291,415
AML162,Chen2023,Diagnosis,cellchat,CD8 Memory T,CD8 Memory T,HLA-B,CD8A,0.165081824510894,0,415,415
AML162,Chen2023,Diagnosis,cellchat,cDC,CD8 Memory T,HLA-B,CD8A,0.123817283178567,0,44,415
AML162,Chen2023,Diagnosis,cellchat,Cycling Progenitor,CD8 Memory T,HLA-B,CD8A,0.103685606032095,0,32,415
AML162,Chen2023,Diagnosis,cellchat,Early GMP,CD8 Memory T,HLA-B,CD8A,0.105655483017717,0,220,415
AML162,Chen2023,Diagnosis,cellchat,HSC MPP,CD8 Memory T,HLA-B,CD8A,0.111798607728695,0,58,415
AML162,Chen2023,Diagnosis,cellchat,Late GMP,CD8 Memory T,HLA-B,CD8A,0.111461948436922,0,317,415
AML162,Chen2023,Diagnosis,cellchat,LMPP,CD8 Memory T,HLA-B,CD8A,0.116088698622815,0,39,415
AML162,Chen2023,Diagnosis,cellchat,Megakaryocyte Precursor,CD8 Memory T,HLA-B,CD8A,0.103210978572963,0,32,415
AML162,Chen2023,Diagnosis,cellchat,MEP,CD8 Memory T,HLA-B,CD8A,0.102273149912447,0,29,415
AML162,Chen2023,Diagnosis,cellchat,Monocyte,CD8 Memory T,HLA-B,CD8A,0.133584855076703,0,620,415
AML162,Chen2023,Diagnosis,cellchat,Naive T,CD8 Memory T,HLA-B,CD8A,0.125804103344367,0,193,415
AML162,Chen2023,Diagnosis,cellchat,NK,CD8 Memory T,HLA-B,CD8A,0.163506211181243,0,58,415
AML162,Chen2023,Diagnosis,cellchat,Plasma Cell,CD8 Memory T,HLA-B,CD8A,0.0829378980160915,0,506,415
AML162,Chen2023,Diagnosis,cellchat,Pro-Monocyte,CD8 Memory T,HLA-B,CD8A,0.121730830902422,0,618,415
AML162,Chen2023,Diagnosis,cellchat,B,CD8 Memory T,HLA-C,CD8A,0.106517052211493,0,301,415
AML162,Chen2023,Diagnosis,cellchat,CD4 Memory T,CD8 Memory T,HLA-C,CD8A,0.108464775946198,0,291,415
AML162,Chen2023,Diagnosis,cellchat,CD8 Memory T,CD8 Memory T,HLA-C,CD8A,0.128012614472444,0,415,415
AML162,Chen2023,Diagnosis,cellchat,cDC,CD8 Memory T,HLA-C,CD8A,0.0871165422124275,0,44,415
AML162,Chen2023,Diagnosis,cellchat,Cycling Progenitor,CD8 Memory T,HLA-C,CD8A,0.0729186289071292,0,32,415
AML162,Chen2023,Diagnosis,cellchat,Early GMP,CD8 Memory T,HLA-C,CD8A,0.0737867202119223,0,220,415
AML162,Chen2023,Diagnosis,cellchat,HSC MPP,CD8 Memory T,HLA-C,CD8A,0.0803918712560812,0,58,415
AML162,Chen2023,Diagnosis,cellchat,Late GMP,CD8 Memory T,HLA-C,CD8A,0.0788275545396642,0,317,415
AML162,Chen2023,Diagnosis,cellchat,LMPP,CD8 Memory T,HLA-C,CD8A,0.0827622183007529,0,39,415
AML162,Chen2023,Diagnosis,cellchat,Megakaryocyte Precursor,CD8 Memory T,HLA-C,CD8A,0.0655855622528047,0,32,415
AML162,Chen2023,Diagnosis,cellchat,MEP,CD8 Memory T,HLA-C,CD8A,0.0426408756456752,0,29,415
AML162,Chen2023,Diagnosis,cellchat,Monocyte,CD8 Memory T,HLA-C,CD8A,0.0992708280426955,0,620,415
AML162,Chen2023,Diagnosis,cellchat,Naive T,CD8 Memory T,HLA-C,CD8A,0.093703117077313,0,193,415
AML162,Chen2023,Diagnosis,cellchat,NK,CD8 Memory T,HLA-C,CD8A,0.132480655270011,0,58,415
AML162,Chen2023,Diagnosis,cellchat,Plasma Cell,CD8 Memory T,HLA-C,CD8A,0.090759079678496,0,506,415
AML162,Chen2023,Diagnosis,cellchat,Pro-Monocyte,CD8 Memory T,HLA-C,CD8A,0.0844624837191439,0,618,415
AML162,Chen2023,Diagnosis,cellchat,B,CD8 Memory T,HLA-E,CD8A,0.0626761770225649,0,301,415
AML162,Chen2023,Diagnosis,cellchat,CD4 Memory T,CD8 Memory T,HLA-E,CD8A,0.0667620449253475,0,291,415
AML162,Chen2023,Diagnosis,cellchat,CD8 Memory T,CD8 Memory T,HLA-E,CD8A,0.0848056150145764,0,415,415
AML162,Chen2023,Diagnosis,cellchat,cDC,CD8 Memory T,HLA-E,CD8A,0.0449253879754338,0,44,415
AML162,Chen2023,Diagnosis,cellchat,Cycling Progenitor,CD8 Memory T,HLA-E,CD8A,0.0510533900437618,0,32,415
AML162,Chen2023,Diagnosis,cellchat,Early GMP,CD8 Memory T,HLA-E,CD8A,0.0537826469636358,0,220,415
AML162,Chen2023,Diagnosis,cellchat,HSC MPP,CD8 Memory T,HLA-E,CD8A,0.0797425545691042,0,58,415
AML162,Chen2023,Diagnosis,cellchat,Late GMP,CD8 Memory T,HLA-E,CD8A,0.042834652753501,0,317,415
AML162,Chen2023,Diagnosis,cellchat,LMPP,CD8 Memory T,HLA-E,CD8A,0.0715107231240733,0,39,415
AML162,Chen2023,Diagnosis,cellchat,Megakaryocyte Precursor,CD8 Memory T,HLA-E,CD8A,0.0161938850411959,0,32,415
AML162,Chen2023,Diagnosis,cellchat,MEP,CD8 Memory T,HLA-E,CD8A,0.0364128685993196,0,29,415
AML162,Chen2023,Diagnosis,cellchat,Monocyte,CD8 Memory T,HLA-E,CD8A,0.0701722725706447,0,620,415
AML162,Chen2023,Diagnosis,cellchat,Naive T,CD8 Memory T,HLA-E,CD8A,0.0643770238910086,0,193,415
AML162,Chen2023,Diagnosis,cellchat,NK,CD8 Memory T,HLA-E,CD8A,0.105311270531086,0,58,415
AML162,Chen2023,Diagnosis,cellchat,Plasma Cell,CD8 Memory T,HLA-E,CD8A,0.0458382333491747,0,506,415
AML162,Chen2023,Diagnosis,cellchat,Pro-Monocyte,CD8 Memory T,HLA-E,CD8A,0.0427067925645963,0,618,415
AML162,Chen2023,Diagnosis,cellchat,B,CD8 Memory T,HLA-F,CD8A,0.00930786626001764,0,301,415
AML162,Chen2023,Diagnosis,cellchat,CD8 Memory T,CD8 Memory T,HLA-F,CD8A,0.0118260219606621,0,415,415
AML162,Chen2023,Diagnosis,cellchat,Cycling Progenitor,CD8 Memory T,HLA-F,CD8A,0.00355730580763391,0,32,415
AML162,Chen2023,Diagnosis,cellchat,NK,CD8 Memory T,HLA-F,CD8A,0.0120324045799434,0,58,415
AML162,Chen2023,Diagnosis,cellchat,B,CD8 Memory T,HLA-A,CD8B,0.0255570376337672,0,301,415
AML162,Chen2023,Diagnosis,cellchat,CD4 Memory T,CD8 Memory T,HLA-A,CD8B,0.0309786175041885,0,291,415
AML162,Chen2023,Diagnosis,cellchat,CD8 Memory T,CD8 Memory T,HLA-A,CD8B,0.0374316667799607,0,415,415
AML162,Chen2023,Diagnosis,cellchat,cDC,CD8 Memory T,HLA-A,CD8B,0.0214609972664273,0,44,415
AML162,Chen2023,Diagnosis,cellchat,Cycling Progenitor,CD8 Memory T,HLA-A,CD8B,0.022502455369828,0,32,415
AML162,Chen2023,Diagnosis,cellchat,Early GMP,CD8 Memory T,HLA-A,CD8B,0.0256894649262541,0,220,415
AML162,Chen2023,Diagnosis,cellchat,HSC MPP,CD8 Memory T,HLA-A,CD8B,0.0213938815218373,0,58,415
AML162,Chen2023,Diagnosis,cellchat,Late GMP,CD8 Memory T,HLA-A,CD8B,0.0272302315770076,0,317,415
AML162,Chen2023,Diagnosis,cellchat,LMPP,CD8 Memory T,HLA-A,CD8B,0.0286264252736232,0,39,415
AML162,Chen2023,Diagnosis,cellchat,Megakaryocyte Precursor,CD8 Memory T,HLA-A,CD8B,0.0170368470755273,0,32,415
AML162,Chen2023,Diagnosis,cellchat,MEP,CD8 Memory T,HLA-A,CD8B,0.0125425767926751,0,29,415
AML162,Chen2023,Diagnosis,cellchat,Monocyte,CD8 Memory T,HLA-A,CD8B,0.032137270892305,0,620,415
AML162,Chen2023,Diagnosis,cellchat,Naive T,CD8 Memory T,HLA-A,CD8B,0.0254196315781662,0,193,415
AML162,Chen2023,Diagnosis,cellchat,NK,CD8 Memory T,HLA-A,CD8B,0.0376925583537386,0,58,415
AML162,Chen2023,Diagnosis,cellchat,Plasma Cell,CD8 Memory T,HLA-A,CD8B,0.0152106596977086,0,506,415
AML162,Chen2023,Diagnosis,cellchat,Pro-Monocyte,CD8 Memory T,HLA-A,CD8B,0.0277213367535655,0,618,415
AML162,Chen2023,Diagnosis,cellchat,B,CD8 Memory T,HLA-B,CD8B,0.0435494353335628,0,301,415
AML162,Chen2023,Diagnosis,cellchat,CD4 Memory T,CD8 Memory T,HLA-B,CD8B,0.0452857018256709,0,291,415
AML162,Chen2023,Diagnosis,cellchat,CD8 Memory T,CD8 Memory T,HLA-B,CD8B,0.0541078627305476,0,415,415
AML162,Chen2023,Diagnosis,cellchat,cDC,CD8 Memory T,HLA-B,CD8B,0.0392778590433363,0,44,415
AML162,Chen2023,Diagnosis,cellchat,Cycling Progenitor,CD8 Memory T,HLA-B,CD8B,0.0323835720832694,0,32,415
AML162,Chen2023,Diagnosis,cellchat,Early GMP,CD8 Memory T,HLA-B,CD8B,0.033048761166753,0,220,415
AML162,Chen2023,Diagnosis,cellchat,HSC MPP,CD8 Memory T,HLA-B,CD8B,0.035136167776967,0,58,415
AML162,Chen2023,Diagnosis,cellchat,Late GMP,CD8 Memory T,HLA-B,CD8B,0.0350212597634679,0,317,415
AML162,Chen2023,Diagnosis,cellchat,LMPP,CD8 Memory T,HLA-B,CD8B,0.0366057025780465,0,39,415
AML162,Chen2023,Diagnosis,cellchat,Megakaryocyte Precursor,CD8 Memory T,HLA-B,CD8B,0.0322236001157586,0,32,415
AML162,Chen2023,Diagnosis,cellchat,MEP,CD8 Memory T,HLA-B,CD8B,0.0319078495418049,0,29,415
AML162,Chen2023,Diagnosis,cellchat,Monocyte,CD8 Memory T,HLA-B,CD8B,0.0427013922579855,0,620,415
AML162,Chen2023,Diagnosis,cellchat,Naive T,CD8 Memory T,HLA-B,CD8B,0.0399700104921713,0,193,415
AML162,Chen2023,Diagnosis,cellchat,NK,CD8 Memory T,HLA-B,CD8B,0.0535235331592485,0,58,415
AML162,Chen2023,Diagnosis,cellchat,Plasma Cell,CD8 Memory T,HLA-B,CD8B,0.0254976747613684,0,506,415
AML162,Chen2023,Diagnosis,cellchat,Pro-Monocyte,CD8 Memory T,HLA-B,CD8B,0.0385533020258697,0,618,415
AML162,Chen2023,Diagnosis,cellchat,B,CD8 Memory T,HLA-C,CD8B,0.0333403296907319,0,301,415
AML162,Chen2023,Diagnosis,cellchat,CD4 Memory T,CD8 Memory T,HLA-C,CD8B,0.03400089585537,0,291,415
AML162,Chen2023,Diagnosis,cellchat,CD8 Memory T,CD8 Memory T,HLA-C,CD8B,0.0407419163075558,0,415,415
AML162,Chen2023,Diagnosis,cellchat,cDC,CD8 Memory T,HLA-C,CD8B,0.0268671045236389,0,44,415
AML162,Chen2023,Diagnosis,cellchat,Cycling Progenitor,CD8 Memory T,HLA-C,CD8B,0.0222490917565006,0,32,415
AML162,Chen2023,Diagnosis,cellchat,Early GMP,CD8 Memory T,HLA-C,CD8B,0.0225286242149803,0,220,415
AML162,Chen2023,Diagnosis,cellchat,HSC MPP,CD8 Memory T,HLA-C,CD8B,0.0246675174379475,0,58,415
AML162,Chen2023,Diagnosis,cellchat,Late GMP,CD8 Memory T,HLA-C,CD8B,0.024159034834312,0,317,415
AML162,Chen2023,Diagnosis,cellchat,LMPP,CD8 Memory T,HLA-C,CD8B,0.0254402901176831,0,39,415
AML162,Chen2023,Diagnosis,cellchat,Megakaryocyte Precursor,CD8 Memory T,HLA-C,CD8B,0.0199022203656027,0,32,415
AML162,Chen2023,Diagnosis,cellchat,MEP,CD8 Memory T,HLA-C,CD8B,0.0127219630225028,0,29,415
AML162,Chen2023,Diagnosis,cellchat,Monocyte,CD8 Memory T,HLA-C,CD8B,0.0309000654721636,0,620,415
AML162,Chen2023,Diagnosis,cellchat,Naive T,CD8 Memory T,HLA-C,CD8B,0.0290433567045468,0,193,415
AML162,Chen2023,Diagnosis,cellchat,NK,CD8 Memory T,HLA-C,CD8B,0.0423117397515533,0,58,415
AML162,Chen2023,Diagnosis,cellchat,Plasma Cell,CD8 Memory T,HLA-C,CD8B,0.0280679336161059,0,506,415
AML162,Chen2023,Diagnosis,cellchat,Pro-Monocyte,CD8 Memory T,HLA-C,CD8B,0.025996311016308,0,618,415
AML162,Chen2023,Diagnosis,cellchat,B,CD8 Memory T,HLA-E,CD8B,0.018978195795684,0,301,415
AML162,Chen2023,Diagnosis,cellchat,CD4 Memory T,CD8 Memory T,HLA-E,CD8B,0.0202770118586903,0,291,415
AML162,Chen2023,Diagnosis,cellchat,CD8 Memory T,CD8 Memory T,HLA-E,CD8B,0.0261086952392842,0,415,415
AML162,Chen2023,Diagnosis,cellchat,cDC,CD8 Memory T,HLA-E,CD8B,0.0134260298339288,0,44,415
AML162,Chen2023,Diagnosis,cellchat,Cycling Progenitor,CD8 Memory T,HLA-E,CD8B,0.0153263431666369,0,32,415
AML162,Chen2023,Diagnosis,cellchat,Early GMP,CD8 Memory T,HLA-E,CD8B,0.0161782339083505,0,220,415
AML162,Chen2023,Diagnosis,cellchat,HSC MPP,CD8 Memory T,HLA-E,CD8B,0.0244563109503829,0,58,415
AML162,Chen2023,Diagnosis,cellchat,Late GMP,CD8 Memory T,HLA-E,CD8B,0.0127815919175384,0,317,415
AML162,Chen2023,Diagnosis,cellchat,LMPP,CD8 Memory T,HLA-E,CD8B,0.0217965072290006,0,39,415
AML162,Chen2023,Diagnosis,cellchat,Megakaryocyte Precursor,CD8 Memory T,HLA-E,CD8B,0.00473959986287194,0,32,415
AML162,Chen2023,Diagnosis,cellchat,MEP,CD8 Memory T,HLA-E,CD8B,0.0108144659731577,0,29,415
AML162,Chen2023,Diagnosis,cellchat,Monocyte,CD8 Memory T,HLA-E,CD8B,0.0213671335956297,0,620,415
AML162,Chen2023,Diagnosis,cellchat,Naive T,CD8 Memory T,HLA-E,CD8B,0.0195179007813346,0,193,415
AML162,Chen2023,Diagnosis,cellchat,NK,CD8 Memory T,HLA-E,CD8B,0.0329323821616375,0,58,415
AML162,Chen2023,Diagnosis,cellchat,Plasma Cell,CD8 Memory T,HLA-E,CD8B,0.0137080216348045,0,506,415
AML162,Chen2023,Diagnosis,cellchat,Pro-Monocyte,CD8 Memory T,HLA-E,CD8B,0.0127422450090517,0,618,415
AML162,Chen2023,Diagnosis,cellchat,B,CD8 Memory T,HLA-F,CD8B,0.00271079052732555,0,301,415
AML162,Chen2023,Diagnosis,cellchat,CD8 Memory T,CD8 Memory T,HLA-F,CD8B,0.00345038544250305,0,415,415
AML162,Chen2023,Diagnosis,cellchat,Cycling Progenitor,CD8 Memory T,HLA-F,CD8B,0.00103177254914155,0,32,415
AML162,Chen2023,Diagnosis,cellchat,NK,CD8 Memory T,HLA-F,CD8B,0.00351111943175609,0,58,415
AML162,Chen2023,Diagnosis,cellchat,cDC,cDC,MPZL1,MPZL1,0.000937841325173726,0,44,44
AML162,Chen2023,Diagnosis,cellchat,Cycling Progenitor,cDC,MPZL1,MPZL1,0.000866421481096061,0,32,44
AML162,Chen2023,Diagnosis,cellchat,Early GMP,cDC,MPZL1,MPZL1,0.000627516894516499,0,220,44
AML162,Chen2023,Diagnosis,cellchat,cDC,Cycling Progenitor,MPZL1,MPZL1,0.000866421481096061,0,44,32
AML162,Chen2023,Diagnosis,cellchat,Cycling Progenitor,Cycling Progenitor,MPZL1,MPZL1,0.000800436146352339,0,32,32
AML162,Chen2023,Diagnosis,cellchat,Early GMP,Cycling Progenitor,MPZL1,MPZL1,0.000579715610819312,0,220,32
AML162,Chen2023,Diagnosis,cellchat,cDC,Early GMP,MPZL1,MPZL1,0.000627516894516499,0,44,220
AML162,Chen2023,Diagnosis,cellchat,Cycling Progenitor,Early GMP,MPZL1,MPZL1,0.000579715610819312,0,32,220
AML162,Chen2023,Diagnosis,cellchat,Early GMP,Early GMP,MPZL1,MPZL1,0.000419833263807916,0,220,220
AML162,Chen2023,Diagnosis,cellchat,HSC MPP,Cycling Progenitor,DLK1,NOTCH2,0.000808015005240348,0,58,32
AML162,Chen2023,Diagnosis,cellchat,cDC,cDC,PECAM1,PECAM1,0.00665133539142552,0,44,44
AML162,Chen2023,Diagnosis,cellchat,Cycling Progenitor,cDC,PECAM1,PECAM1,0.00151037008321162,0,32,44
AML162,Chen2023,Diagnosis,cellchat,LMPP,cDC,PECAM1,PECAM1,0.00233304768172402,0,39,44
AML162,Chen2023,Diagnosis,cellchat,Monocyte,cDC,PECAM1,PECAM1,0.00419236463517808,0,620,44
AML162,Chen2023,Diagnosis,cellchat,Plasma Cell,cDC,PECAM1,PECAM1,0.00284302075659672,0,506,44
AML162,Chen2023,Diagnosis,cellchat,cDC,Cycling Progenitor,PECAM1,PECAM1,0.00151037008321162,0,44,32
AML162,Chen2023,Diagnosis,cellchat,Cycling Progenitor,Cycling Progenitor,PECAM1,PECAM1,0.000341604917763359,0.19,32,32
AML162,Chen2023,Diagnosis,cellchat,LMPP,Cycling Progenitor,PECAM1,PECAM1,0.000528009014398418,0.02,39,32
AML162,Chen2023,Diagnosis,cellchat,Monocyte,Cycling Progenitor,PECAM1,PECAM1,0.000950174619994144,0,620,32
AML162,Chen2023,Diagnosis,cellchat,Plasma Cell,Cycling Progenitor,PECAM1,PECAM1,0.000643679297841863,0,506,32
AML162,Chen2023,Diagnosis,cellchat,cDC,LMPP,PECAM1,PECAM1,0.00233304768172402,0,44,39
AML162,Chen2023,Diagnosis,cellchat,Cycling Progenitor,LMPP,PECAM1,PECAM1,0.000528009014398418,0.02,32,39
AML162,Chen2023,Diagnosis,cellchat,LMPP,LMPP,PECAM1,PECAM1,0.000816045496965679,0.06,39,39
AML162,Chen2023,Diagnosis,cellchat,Monocyte,LMPP,PECAM1,PECAM1,0.00146817019474117,0,620,39
AML162,Chen2023,Diagnosis,cellchat,Plasma Cell,LMPP,PECAM1,PECAM1,0.000994752775471321,0,506,39
AML162,Chen2023,Diagnosis,cellchat,cDC,Monocyte,PECAM1,PECAM1,0.00419236463517808,0,44,620
AML162,Chen2023,Diagnosis,cellchat,Cycling Progenitor,Monocyte,PECAM1,PECAM1,0.000950174619994144,0,32,620
AML162,Chen2023,Diagnosis,cellchat,LMPP,Monocyte,PECAM1,PECAM1,0.00146817019474117,0,39,620
AML162,Chen2023,Diagnosis,cellchat,Monocyte,Monocyte,PECAM1,PECAM1,0.00264004897654072,0,620,620
AML162,Chen2023,Diagnosis,cellchat,Plasma Cell,Monocyte,PECAM1,PECAM1,0.00178943168223822,0,506,620
AML162,Chen2023,Diagnosis,cellchat,cDC,Plasma Cell,PECAM1,PECAM1,0.00284302075659672,0,44,506
AML162,Chen2023,Diagnosis,cellchat,Cycling Progenitor,Plasma Cell,PECAM1,PECAM1,0.000643679297841863,0,32,506
AML162,Chen2023,Diagnosis,cellchat,LMPP,Plasma Cell,PECAM1,PECAM1,0.000994752775471321,0,39,506
AML162,Chen2023,Diagnosis,cellchat,Monocyte,Plasma Cell,PECAM1,PECAM1,0.00178943168223822,0,620,506
AML162,Chen2023,Diagnosis,cellchat,Plasma Cell,Plasma Cell,PECAM1,PECAM1,0.00121254799159432,0,506,506
AML162,Chen2023,Diagnosis,cellchat,cDC,Cycling Progenitor,SELL,CD34,0.00165377223054211,0,44,32
AML162,Chen2023,Diagnosis,cellchat,Cycling Progenitor,Cycling Progenitor,SELL,CD34,0.00764307337687191,0,32,32
AML162,Chen2023,Diagnosis,cellchat,Early GMP,Cycling Progenitor,SELL,CD34,0.00620826594699096,0,220,32
AML162,Chen2023,Diagnosis,cellchat,HSC MPP,Cycling Progenitor,SELL,CD34,0.00279012533423451,0,58,32
AML162,Chen2023,Diagnosis,cellchat,Late GMP,Cycling Progenitor,SELL,CD34,0.00159459893492467,0,317,32
AML162,Chen2023,Diagnosis,cellchat,LMPP,Cycling Progenitor,SELL,CD34,0.00729008647236388,0,39,32
AML162,Chen2023,Diagnosis,cellchat,cDC,HSC MPP,SELL,CD34,0.00144398630469456,0,44,58
AML162,Chen2023,Diagnosis,cellchat,Cycling Progenitor,HSC MPP,SELL,CD34,0.00667860933816227,0,32,58
AML162,Chen2023,Diagnosis,cellchat,Early GMP,HSC MPP,SELL,CD34,0.00542386778426817,0,220,58
AML162,Chen2023,Diagnosis,cellchat,HSC MPP,HSC MPP,SELL,CD34,0.0024365414463137,0,58,58
AML162,Chen2023,Diagnosis,cellchat,Late GMP,HSC MPP,SELL,CD34,0.00139230884919844,0,317,58
AML162,Chen2023,Diagnosis,cellchat,LMPP,HSC MPP,SELL,CD34,0.00636987922338479,0,39,58
AML162,Chen2023,Diagnosis,cellchat,cDC,LMPP,SELL,CD34,0.000886829784353051,0,44,39
AML162,Chen2023,Diagnosis,cellchat,Cycling Progenitor,LMPP,SELL,CD34,0.00411000703201583,0,32,39
AML162,Chen2023,Diagnosis,cellchat,Early GMP,LMPP,SELL,CD34,0.00333621999754122,0,220,39
AML162,Chen2023,Diagnosis,cellchat,HSC MPP,LMPP,SELL,CD34,0.00149698550555,0,58,39
AML162,Chen2023,Diagnosis,cellchat,Late GMP,LMPP,SELL,CD34,0.000855074800355772,0,317,39
AML162,Chen2023,Diagnosis,cellchat,LMPP,LMPP,SELL,CD34,0.00391954641425386,0,39,39
AML162,Chen2023,Diagnosis,cellchat,cDC,MEP,SELL,CD34,0.00102057930088566,0,44,29
AML162,Chen2023,Diagnosis,cellchat,Cycling Progenitor,MEP,SELL,CD34,0.00472756815487713,0,32,29
AML162,Chen2023,Diagnosis,cellchat,Early GMP,MEP,SELL,CD34,0.00383796155953376,0,220,29
AML162,Chen2023,Diagnosis,cellchat,HSC MPP,MEP,SELL,CD34,0.00172259856962842,0,58,29
AML162,Chen2023,Diagnosis,cellchat,Late GMP,MEP,SELL,CD34,0.00098403982419904,0,317,29
AML162,Chen2023,Diagnosis,cellchat,LMPP,MEP,SELL,CD34,0.00450861888128163,0,39,29
AML162,Chen2023,Diagnosis,cellchat,cDC,cDC,SEMA4A,PLXNB2,0.00115680400153059,0,44,44
AML162,Chen2023,Diagnosis,cellchat,cDC,Cycling Progenitor,SEMA4A,PLXNB2,0.000264031918635863,0,44,32
AML162,Chen2023,Diagnosis,cellchat,cDC,Monocyte,SEMA4A,PLXNB2,0.000948817150947511,0,44,620
AML162,Chen2023,Diagnosis,cellchat,CD4 Memory T,cDC,SEMA4D,PLXNB2,0.00274429993563795,0,291,44
AML162,Chen2023,Diagnosis,cellchat,cDC,cDC,SEMA4D,PLXNB2,0.00153833543887194,0,44,44
AML162,Chen2023,Diagnosis,cellchat,Naive T,cDC,SEMA4D,PLXNB2,0.00277167636545849,0,193,44
AML162,Chen2023,Diagnosis,cellchat,CD4 Memory T,Cycling Progenitor,SEMA4D,PLXNB2,0.000627135303023978,0,291,32
AML162,Chen2023,Diagnosis,cellchat,cDC,Cycling Progenitor,SEMA4D,PLXNB2,0.000351217170110924,0,44,32
AML162,Chen2023,Diagnosis,cellchat,Naive T,Cycling Progenitor,SEMA4D,PLXNB2,0.000633404857900068,0,193,32
AML162,Chen2023,Diagnosis,cellchat,CD4 Memory T,Monocyte,SEMA4D,PLXNB2,0.00225153363171731,0,291,620
AML162,Chen2023,Diagnosis,cellchat,cDC,Monocyte,SEMA4D,PLXNB2,0.0012618380413968,0,44,620
AML162,Chen2023,Diagnosis,cellchat,Naive T,Monocyte,SEMA4D,PLXNB2,0.00227400556083245,0,193,620
AML162,Chen2023,Diagnosis,cellchat,B,B,CD55,ADGRE5,0.0177733355978043,0,301,301
AML162,Chen2023,Diagnosis,cellchat,cDC,B,CD55,ADGRE5,0.00240276451592857,0.96,44,301
AML162,Chen2023,Diagnosis,cellchat,Cycling Progenitor,B,CD55,ADGRE5,0.00517326647361233,0.87,32,301
AML162,Chen2023,Diagnosis,cellchat,HSC MPP,B,CD55,ADGRE5,0.00380243901239044,0.99,58,301
AML162,Chen2023,Diagnosis,cellchat,LMPP,B,CD55,ADGRE5,0.00762014475580594,0.85,39,301
AML162,Chen2023,Diagnosis,cellchat,NK,B,CD55,ADGRE5,0.00543566742320799,0.98,58,301
AML162,Chen2023,Diagnosis,cellchat,B,CD4 Memory T,CD55,ADGRE5,0.0687905396312011,0,301,291
AML162,Chen2023,Diagnosis,cellchat,CD4 Memory T,CD4 Memory T,CD55,ADGRE5,0.0167848727897181,0,291,291
AML162,Chen2023,Diagnosis,cellchat,CD8 Memory T,CD4 Memory T,CD55,ADGRE5,0.0182947793395562,0,415,291
AML162,Chen2023,Diagnosis,cellchat,cDC,CD4 Memory T,CD55,ADGRE5,0.00973712145368786,0.69,44,291
AML162,Chen2023,Diagnosis,cellchat,Cycling Progenitor,CD4 Memory T,CD55,ADGRE5,0.0207882594853585,0.07,32,291
AML162,Chen2023,Diagnosis,cellchat,Early GMP,CD4 Memory T,CD55,ADGRE5,0.00985296436998508,0.94,220,291
AML162,Chen2023,Diagnosis,cellchat,HSC MPP,CD4 Memory T,CD55,ADGRE5,0.0153435421874124,0.12,58,291
AML162,Chen2023,Diagnosis,cellchat,LMPP,CD4 Memory T,CD55,ADGRE5,0.0303951422077375,0.01,39,291
AML162,Chen2023,Diagnosis,cellchat,Monocyte,CD4 Memory T,CD55,ADGRE5,0.021567968786729,0,620,291
AML162,Chen2023,Diagnosis,cellchat,Naive T,CD4 Memory T,CD55,ADGRE5,0.0199004293456409,0,193,291
AML162,Chen2023,Diagnosis,cellchat,NK,CD4 Memory T,CD55,ADGRE5,0.0218253155146056,0,58,291
AML162,Chen2023,Diagnosis,cellchat,Plasma Cell,CD4 Memory T,CD55,ADGRE5,0.01294585359747,0.03,506,291
AML162,Chen2023,Diagnosis,cellchat,B,CD8 Memory T,CD55,ADGRE5,0.0896219863158384,0,301,415
AML162,Chen2023,Diagnosis,cellchat,CD4 Memory T,CD8 Memory T,CD55,ADGRE5,0.0222439285473117,0,291,415
AML162,Chen2023,Diagnosis,cellchat,CD8 Memory T,CD8 Memory T,CD55,ADGRE5,0.0242328087152482,0,415,415
AML162,Chen2023,Diagnosis,cellchat,cDC,CD8 Memory T,CD55,ADGRE5,0.0129341437940313,0.28,44,415
AML162,Chen2023,Diagnosis,cellchat,Cycling Progenitor,CD8 Memory T,CD55,ADGRE5,0.0275129286036759,0.02,32,415
AML162,Chen2023,Diagnosis,cellchat,Early GMP,CD8 Memory T,CD55,ADGRE5,0.013087519130897,0.07,220,415
AML162,Chen2023,Diagnosis,cellchat,HSC MPP,CD8 Memory T,CD55,ADGRE5,0.0203435237188658,0.04,58,415
AML162,Chen2023,Diagnosis,cellchat,LMPP,CD8 Memory T,CD55,ADGRE5,0.0401002201205707,0,39,415
AML162,Chen2023,Diagnosis,cellchat,Monocyte,CD8 Memory T,CD55,ADGRE5,0.0285375107436026,0,620,415
AML162,Chen2023,Diagnosis,cellchat,Naive T,CD8 Memory T,CD55,ADGRE5,0.0263456266936998,0,193,415
AML162,Chen2023,Diagnosis,cellchat,NK,CD8 Memory T,CD55,ADGRE5,0.0288755630910167,0,58,415
AML162,Chen2023,Diagnosis,cellchat,Plasma Cell,CD8 Memory T,CD55,ADGRE5,0.0171781342199079,0,506,415
AML162,Chen2023,Diagnosis,cellchat,B,cDC,CD55,ADGRE5,0.045088981146783,0,301,44
AML162,Chen2023,Diagnosis,cellchat,CD4 Memory T,cDC,CD55,ADGRE5,0.0107940002655242,0.68,291,44
AML162,Chen2023,Diagnosis,cellchat,CD8 Memory T,cDC,CD55,ADGRE5,0.0117714416860622,0.42,415,44
AML162,Chen2023,Diagnosis,cellchat,cDC,cDC,CD55,ADGRE5,0.0062457595830494,0.89,44,44
AML162,Chen2023,Diagnosis,cellchat,Cycling Progenitor,cDC,CD55,ADGRE5,0.0133879509487225,0.29,32,44
AML162,Chen2023,Diagnosis,cellchat,Early GMP,cDC,CD55,ADGRE5,0.00632033073821272,0.98,220,44
AML162,Chen2023,Diagnosis,cellchat,HSC MPP,cDC,CD55,ADGRE5,0.00986195072991461,0.69,58,44
AML162,Chen2023,Diagnosis,cellchat,LMPP,cDC,CD55,ADGRE5,0.0196435327540794,0.07,39,44
AML162,Chen2023,Diagnosis,cellchat,Monocyte,cDC,CD55,ADGRE5,0.0138940338017659,0.07,620,44
AML162,Chen2023,Diagnosis,cellchat,Naive T,cDC,CD55,ADGRE5,0.0128120397565312,0.22,193,44
AML162,Chen2023,Diagnosis,cellchat,NK,cDC,CD55,ADGRE5,0.0140611318296773,0.22,58,44
AML162,Chen2023,Diagnosis,cellchat,Plasma Cell,cDC,CD55,ADGRE5,0.00831362138803517,0.95,506,44
AML162,Chen2023,Diagnosis,cellchat,B,Cycling Progenitor,CD55,ADGRE5,0.0497851433557934,0,301,32
AML162,Chen2023,Diagnosis,cellchat,CD4 Memory T,Cycling Progenitor,CD55,ADGRE5,0.0119629786837654,0.38,291,32
AML162,Chen2023,Diagnosis,cellchat,CD8 Memory T,Cycling Progenitor,CD55,ADGRE5,0.0130448799961491,0.21,415,32
AML162,Chen2023,Diagnosis,cellchat,cDC,Cycling Progenitor,CD55,ADGRE5,0.006925617083498,0.86,44,32
AML162,Chen2023,Diagnosis,cellchat,Cycling Progenitor,Cycling Progenitor,CD55,ADGRE5,0.0148336388214865,0.2,32,32
AML162,Chen2023,Diagnosis,cellchat,Early GMP,Cycling Progenitor,CD55,ADGRE5,0.00700824814281357,0.93,220,32
AML162,Chen2023,Diagnosis,cellchat,HSC MPP,Cycling Progenitor,CD55,ADGRE5,0.0109311046282701,0.49,58,32
AML162,Chen2023,Diagnosis,cellchat,LMPP,Cycling Progenitor,CD55,ADGRE5,0.0217498334778085,0.06,39,32
AML162,Chen2023,Diagnosis,cellchat,Monocyte,Cycling Progenitor,CD55,ADGRE5,0.0153935179976661,0.04,620,32
AML162,Chen2023,Diagnosis,cellchat,Naive T,Cycling Progenitor,CD55,ADGRE5,0.0141964331367935,0.09,193,32
AML162,Chen2023,Diagnosis,cellchat,NK,Cycling Progenitor,CD55,ADGRE5,0.015578364832732,0.11,58,32
AML162,Chen2023,Diagnosis,cellchat,Plasma Cell,Cycling Progenitor,CD55,ADGRE5,0.00921648025497413,0.82,506,32
AML162,Chen2023,Diagnosis,cellchat,Pro-Monocyte,Cycling Progenitor,CD55,ADGRE5,0.0050523664966984,0.98,618,32
AML162,Chen2023,Diagnosis,cellchat,B,Early GMP,CD55,ADGRE5,0.0543927010574014,0,301,220
AML162,Chen2023,Diagnosis,cellchat,CD4 Memory T,Early GMP,CD55,ADGRE5,0.0131184643363231,0.07,291,220
AML162,Chen2023,Diagnosis,cellchat,CD8 Memory T,Early GMP,CD55,ADGRE5,0.0143033520411664,0,415,220
AML162,Chen2023,Diagnosis,cellchat,cDC,Early GMP,CD55,ADGRE5,0.00759829347085602,0.89,44,220
AML162,Chen2023,Diagnosis,cellchat,Cycling Progenitor,Early GMP,CD55,ADGRE5,0.0162618335522817,0.13,32,220
AML162,Chen2023,Diagnosis,cellchat,HSC MPP,Early GMP,CD55,ADGRE5,0.0119881324473299,0.41,58,220
AML162,Chen2023,Diagnosis,cellchat,LMPP,Early GMP,CD55,ADGRE5,0.0238278192420809,0.06,39,220
AML162,Chen2023,Diagnosis,cellchat,Monocyte,Early GMP,CD55,ADGRE5,0.0168746950105665,0,620,220
AML162,Chen2023,Diagnosis,cellchat,Naive T,Early GMP,CD55,ADGRE5,0.0155642464440742,0,193,220
AML162,Chen2023,Diagnosis,cellchat,NK,Early GMP,CD55,ADGRE5,0.0170770194782748,0.02,58,220
AML162,Chen2023,Diagnosis,cellchat,Plasma Cell,Early GMP,CD55,ADGRE5,0.0101094001552214,0.95,506,220
AML162,Chen2023,Diagnosis,cellchat,B,HSC MPP,CD55,ADGRE5,0.0156168912159829,0.01,301,58
AML162,Chen2023,Diagnosis,cellchat,cDC,HSC MPP,CD55,ADGRE5,0.00210723541639184,0.97,44,58
AML162,Chen2023,Diagnosis,cellchat,Cycling Progenitor,HSC MPP,CD55,ADGRE5,0.00453852851288656,0.89,32,58
AML162,Chen2023,Diagnosis,cellchat,HSC MPP,HSC MPP,CD55,ADGRE5,0.00333533189258838,0.99,58,58
AML162,Chen2023,Diagnosis,cellchat,LMPP,HSC MPP,CD55,ADGRE5,0.00668720324095158,0.88,39,58
AML162,Chen2023,Diagnosis,cellchat,NK,HSC MPP,CD55,ADGRE5,0.00476888830862965,0.98,58,58
AML162,Chen2023,Diagnosis,cellchat,B,Late GMP,CD55,ADGRE5,0.0408495733556662,0,301,317
AML162,Chen2023,Diagnosis,cellchat,CD4 Memory T,Late GMP,CD55,ADGRE5,0.00974620365827734,0.97,291,317
AML162,Chen2023,Diagnosis,cellchat,CD8 Memory T,Late GMP,CD55,ADGRE5,0.0106297823410594,0.87,415,317
AML162,Chen2023,Diagnosis,cellchat,cDC,Late GMP,CD55,ADGRE5,0.00563695447694643,0.95,44,317
AML162,Chen2023,Diagnosis,cellchat,Cycling Progenitor,Late GMP,CD55,ADGRE5,0.0120914318697977,0.36,32,317
AML162,Chen2023,Diagnosis,cellchat,HSC MPP,Late GMP,CD55,ADGRE5,0.00890381578496074,0.82,58,317
AML162,Chen2023,Diagnosis,cellchat,LMPP,Late GMP,CD55,ADGRE5,0.0177521093979224,0.08,39,317
AML162,Chen2023,Diagnosis,cellchat,Monocyte,Late GMP,CD55,ADGRE5,0.012549127909738,0.06,620,317
AML162,Chen2023,Diagnosis,cellchat,Naive T,Late GMP,CD55,ADGRE5,0.0115706391234844,0.56,193,317
AML162,Chen2023,Diagnosis,cellchat,NK,Late GMP,CD55,ADGRE5,0.0127002596050819,0.24,58,317
AML162,Chen2023,Diagnosis,cellchat,B,LMPP,CD55,ADGRE5,0.0599604901189043,0,301,39
AML162,Chen2023,Diagnosis,cellchat,CD4 Memory T,LMPP,CD55,ADGRE5,0.0145262097383367,0.09,291,39
AML162,Chen2023,Diagnosis,cellchat,CD8 Memory T,LMPP,CD55,ADGRE5,0.0158362076641403,0.01,415,39
AML162,Chen2023,Diagnosis,cellchat,cDC,LMPP,CD55,ADGRE5,0.00841872137356667,0.78,44,39
AML162,Chen2023,Diagnosis,cellchat,Cycling Progenitor,LMPP,CD55,ADGRE5,0.0180007419767186,0.11,32,39
AML162,Chen2023,Diagnosis,cellchat,Early GMP,LMPP,CD55,ADGRE5,0.00851901416744582,0.88,220,39
AML162,Chen2023,Diagnosis,cellchat,HSC MPP,LMPP,CD55,ADGRE5,0.0132762134364231,0.33,58,39
AML162,Chen2023,Diagnosis,cellchat,LMPP,LMPP,CD55,ADGRE5,0.0263540986215461,0.05,39,39
AML162,Chen2023,Diagnosis,cellchat,Monocyte,LMPP,CD55,ADGRE5,0.0186778935832301,0,620,39
AML162,Chen2023,Diagnosis,cellchat,Naive T,LMPP,CD55,ADGRE5,0.0172298670638775,0.01,193,39
AML162,Chen2023,Diagnosis,cellchat,NK,LMPP,CD55,ADGRE5,0.0189014224045802,0.03,58,39
AML162,Chen2023,Diagnosis,cellchat,Plasma Cell,LMPP,CD55,ADGRE5,0.0111979060995645,0.58,506,39
AML162,Chen2023,Diagnosis,cellchat,Pro-Monocyte,LMPP,CD55,ADGRE5,0.0061441124989973,0.98,618,39
AML162,Chen2023,Diagnosis,cellchat,B,Monocyte,CD55,ADGRE5,0.0476301039740162,0,301,620
AML162,Chen2023,Diagnosis,cellchat,CD4 Memory T,Monocyte,CD55,ADGRE5,0.0114254538385476,0.61,291,620
AML162,Chen2023,Diagnosis,cellchat,CD8 Memory T,Monocyte,CD55,ADGRE5,0.0124593557858184,0.13,415,620
AML162,Chen2023,Diagnosis,cellchat,cDC,Monocyte,CD55,ADGRE5,0.00661291788084302,0.9,44,620
AML162,Chen2023,Diagnosis,cellchat,Cycling Progenitor,Monocyte,CD55,ADGRE5,0.0141689781675797,0.21,32,620
AML162,Chen2023,Diagnosis,cellchat,HSC MPP,Monocyte,CD55,ADGRE5,0.0104394544370081,0.65,58,620
AML162,Chen2023,Diagnosis,cellchat,LMPP,Monocyte,CD55,ADGRE5,0.0207818115441273,0.08,39,620
AML162,Chen2023,Diagnosis,cellchat,Monocyte,Monocyte,CD55,ADGRE5,0.0147041449029506,0,620,620
AML162,Chen2023,Diagnosis,cellchat,Naive T,Monocyte,CD55,ADGRE5,0.0135599311904613,0.02,193,620
AML162,Chen2023,Diagnosis,cellchat,NK,Monocyte,CD55,ADGRE5,0.0148808387903558,0.07,58,620
AML162,Chen2023,Diagnosis,cellchat,B,Naive T,CD55,ADGRE5,0.0528182216848283,0,301,193
AML162,Chen2023,Diagnosis,cellchat,CD4 Memory T,Naive T,CD55,ADGRE5,0.0127226557738957,0.16,291,193
AML162,Chen2023,Diagnosis,cellchat,CD8 Memory T,Naive T,CD55,ADGRE5,0.0138722957351986,0,415,193
AML162,Chen2023,Diagnosis,cellchat,cDC,Naive T,CD55,ADGRE5,0.00736779532323862,0.89,44,193
AML162,Chen2023,Diagnosis,cellchat,Cycling Progenitor,Naive T,CD55,ADGRE5,0.0157726994600692,0.16,32,193
AML162,Chen2023,Diagnosis,cellchat,HSC MPP,Naive T,CD55,ADGRE5,0.0116260263412595,0.47,58,193
AML162,Chen2023,Diagnosis,cellchat,LMPP,Naive T,CD55,ADGRE5,0.0231164581550675,0.06,39,193
AML162,Chen2023,Diagnosis,cellchat,Monocyte,Naive T,CD55,ADGRE5,0.0163674335752337,0,620,193
AML162,Chen2023,Diagnosis,cellchat,Naive T,Naive T,CD55,ADGRE5,0.0150957728514795,0,193,193
AML162,Chen2023,Diagnosis,cellchat,NK,Naive T,CD55,ADGRE5,0.016563778541843,0.03,58,193
AML162,Chen2023,Diagnosis,cellchat,Plasma Cell,Naive T,CD55,ADGRE5,0.00980347879719433,0.97,506,193
AML162,Chen2023,Diagnosis,cellchat,B,NK,CD55,ADGRE5,0.0796686315324604,0,301,58
AML162,Chen2023,Diagnosis,cellchat,CD4 Memory T,NK,CD55,ADGRE5,0.0196123276376298,0,291,58
AML162,Chen2023,Diagnosis,cellchat,CD8 Memory T,NK,CD55,ADGRE5,0.0213710533448616,0,415,58
AML162,Chen2023,Diagnosis,cellchat,cDC,NK,CD55,ADGRE5,0.0113911190616902,0.54,44,58
AML162,Chen2023,Diagnosis,cellchat,Cycling Progenitor,NK,CD55,ADGRE5,0.0242734460883772,0.04,32,58
AML162,Chen2023,Diagnosis,cellchat,Early GMP,NK,CD55,ADGRE5,0.0115264106093027,0.54,220,58
AML162,Chen2023,Diagnosis,cellchat,HSC MPP,NK,CD55,ADGRE5,0.0179326294967806,0.1,58,58
AML162,Chen2023,Diagnosis,cellchat,LMPP,NK,CD55,ADGRE5,0.0354326590978311,0.01,39,58
AML162,Chen2023,Diagnosis,cellchat,Monocyte,NK,CD55,ADGRE5,0.0251805134981461,0,620,58
AML162,Chen2023,Diagnosis,cellchat,Naive T,NK,CD55,ADGRE5,0.0232403024042587,0,193,58
AML162,Chen2023,Diagnosis,cellchat,NK,NK,CD55,ADGRE5,0.0254798422222566,0,58,58
AML162,Chen2023,Diagnosis,cellchat,Plasma Cell,NK,CD55,ADGRE5,0.0151365716378137,0.02,506,58
AML162,Chen2023,Diagnosis,cellchat,Pro-Monocyte,NK,CD55,ADGRE5,0.00832015271654057,0.98,618,58
AML162,Chen2023,Diagnosis,cellchat,B,Plasma Cell,CD55,ADGRE5,0.0315961344911951,0,301,506
AML162,Chen2023,Diagnosis,cellchat,cDC,Plasma Cell,CD55,ADGRE5,0.00432408470149531,0.96,44,506
AML162,Chen2023,Diagnosis,cellchat,Cycling Progenitor,Plasma Cell,CD55,ADGRE5,0.00928933146023406,0.66,32,506
AML162,Chen2023,Diagnosis,cellchat,HSC MPP,Plasma Cell,CD55,ADGRE5,0.00683531087024427,0.93,58,506
AML162,Chen2023,Diagnosis,cellchat,LMPP,Plasma Cell,CD55,ADGRE5,0.0136563225097534,0.16,39,506
AML162,Chen2023,Diagnosis,cellchat,Naive T,Plasma Cell,CD55,ADGRE5,0.00888814276441443,0.97,193,506
AML162,Chen2023,Diagnosis,cellchat,NK,Plasma Cell,CD55,ADGRE5,0.00975846153165414,0.75,58,506
AML162,Chen2023,Diagnosis,cellchat,B,Pro-Monocyte,CD55,ADGRE5,0.0387221152775288,0,301,618
AML162,Chen2023,Diagnosis,cellchat,CD8 Memory T,Pro-Monocyte,CD55,ADGRE5,0.0100596733068157,0.93,415,618
AML162,Chen2023,Diagnosis,cellchat,cDC,Pro-Monocyte,CD55,ADGRE5,0.00533318321022651,0.95,44,618
AML162,Chen2023,Diagnosis,cellchat,Cycling Progenitor,Pro-Monocyte,CD55,ADGRE5,0.0114438366769444,0.44,32,618
AML162,Chen2023,Diagnosis,cellchat,HSC MPP,Pro-Monocyte,CD55,ADGRE5,0.00842548750718553,0.88,58,618
AML162,Chen2023,Diagnosis,cellchat,LMPP,Pro-Monocyte,CD55,ADGRE5,0.0168064962523747,0.08,39,618
AML162,Chen2023,Diagnosis,cellchat,Monocyte,Pro-Monocyte,CD55,ADGRE5,0.0118773140624435,0.31,620,618
AML162,Chen2023,Diagnosis,cellchat,Naive T,Pro-Monocyte,CD55,ADGRE5,0.0109506274657574,0.74,193,618
AML162,Chen2023,Diagnosis,cellchat,NK,Pro-Monocyte,CD55,ADGRE5,0.0120204534581688,0.37,58,618
AML162,Chen2023,Diagnosis,cellchat,HSC MPP,Cycling Progenitor,APP,SORL1,0.00178378763369046,0,58,32
AML162,Chen2023,Diagnosis,cellchat,HSC MPP,Early GMP,APP,SORL1,0.00129034701636405,0,58,220
AML162,Chen2023,Diagnosis,cellchat,HSC MPP,HSC MPP,APP,SORL1,0.00102672506984549,0,58,58
AML162,Chen2023,Diagnosis,cellchat,HSC MPP,LMPP,APP,SORL1,0.00131580791847075,0,58,39
AML162,Chen2023,Diagnosis,cellchat,HSC MPP,NK,APP,SORL1,0.00328290054572675,0,58,58
AML162,Chen2023,Diagnosis,cellchat,HSC MPP,cDC,APP,TNFRSF21,0.00108199641511421,0,58,44
AML162,Chen2023,Diagnosis,cellchat,Cycling Progenitor,cDC,APOA1,ABCA1,0.000479006448128064,0,32,44
AML162,Chen2023,Diagnosis,cellchat,Cycling Progenitor,Monocyte,APOA1,ABCA1,0.000970585776976922,0,32,620
AML162,Chen2023,Diagnosis,cellchat,NK,B,CD160,TNFRSF14,0.00279961587546214,0,58,301
AML162,Chen2023,Diagnosis,cellchat,NK,CD4 Memory T,CD160,TNFRSF14,0.00306980772332032,0,58,291
AML162,Chen2023,Diagnosis,cellchat,NK,HSC MPP,CD160,TNFRSF14,0.00166273413555586,0,58,58
AML162,Chen2023,Diagnosis,cellchat,NK,Naive T,CD160,TNFRSF14,0.00318313398098874,0,58,193
AML162,Chen2023,Diagnosis,cellchat,NK,NK,CD160,TNFRSF14,0.00422554821571382,0,58,58
AML162,Chen2023,Diagnosis,cellchat,NK,Plasma Cell,CD160,TNFRSF14,0.000848040269831095,0,58,506
AML162,Chen2023,Diagnosis,cellchat,B,Cycling Progenitor,CD99,PILRB,0.00109073998980776,0.01,301,32
AML162,Chen2023,Diagnosis,cellchat,CD4 Memory T,Cycling Progenitor,CD99,PILRB,0.00350284373842323,0,291,32
AML162,Chen2023,Diagnosis,cellchat,CD8 Memory T,Cycling Progenitor,CD99,PILRB,0.00529356150337933,0,415,32
AML162,Chen2023,Diagnosis,cellchat,cDC,Cycling Progenitor,CD99,PILRB,0.00455264172548568,0,44,32
AML162,Chen2023,Diagnosis,cellchat,Cycling Progenitor,Cycling Progenitor,CD99,PILRB,0.00548103263942707,0,32,32
AML162,Chen2023,Diagnosis,cellchat,Early GMP,Cycling Progenitor,CD99,PILRB,0.00700665352285728,0,220,32
AML162,Chen2023,Diagnosis,cellchat,HSC MPP,Cycling Progenitor,CD99,PILRB,0.0040072259847135,0,58,32
AML162,Chen2023,Diagnosis,cellchat,Late GMP,Cycling Progenitor,CD99,PILRB,0.0044089026264326,0,317,32
AML162,Chen2023,Diagnosis,cellchat,LMPP,Cycling Progenitor,CD99,PILRB,0.00877004872120276,0,39,32
AML162,Chen2023,Diagnosis,cellchat,Megakaryocyte Precursor,Cycling Progenitor,CD99,PILRB,0.00133504171158663,0.01,32,32
AML162,Chen2023,Diagnosis,cellchat,MEP,Cycling Progenitor,CD99,PILRB,0.00356006165929537,0,29,32
AML162,Chen2023,Diagnosis,cellchat,Monocyte,Cycling Progenitor,CD99,PILRB,0.0055833435820854,0,620,32
AML162,Chen2023,Diagnosis,cellchat,Naive T,Cycling Progenitor,CD99,PILRB,0.00274283599506057,0,193,32
AML162,Chen2023,Diagnosis,cellchat,NK,Cycling Progenitor,CD99,PILRB,0.00439024431659107,0,58,32
AML162,Chen2023,Diagnosis,cellchat,Pro-Monocyte,Cycling Progenitor,CD99,PILRB,0.00414622887804511,0,618,32
AML162,Chen2023,Diagnosis,cellchat,cDC,cDC,LAIR1,LILRB4,0.0025680951126854,0,44,44
AML162,Chen2023,Diagnosis,cellchat,Cycling Progenitor,cDC,LAIR1,LILRB4,0.00155993237231619,0,32,44
AML162,Chen2023,Diagnosis,cellchat,Early GMP,cDC,LAIR1,LILRB4,0.00225213796089676,0,220,44
AML162,Chen2023,Diagnosis,cellchat,LMPP,cDC,LAIR1,LILRB4,0.00318231413452451,0,39,44
AML162,Chen2023,Diagnosis,cellchat,Monocyte,cDC,LAIR1,LILRB4,0.00487592324327121,0,620,44
AML162,Chen2023,Diagnosis,cellchat,cDC,cDC,PECAM1,CD38,0.00225116187738473,0,44,44
AML162,Chen2023,Diagnosis,cellchat,Cycling Progenitor,cDC,PECAM1,CD38,0.000509444490941116,0,32,44
AML162,Chen2023,Diagnosis,cellchat,LMPP,cDC,PECAM1,CD38,0.000787361737966353,0,39,44
AML162,Chen2023,Diagnosis,cellchat,Monocyte,cDC,PECAM1,CD38,0.00141659694232297,0,620,44
AML162,Chen2023,Diagnosis,cellchat,Plasma Cell,cDC,PECAM1,CD38,0.000959793542113472,0,506,44
AML162,Chen2023,Diagnosis,cellchat,cDC,Cycling Progenitor,PECAM1,CD38,0.00191547835734153,0,44,32
AML162,Chen2023,Diagnosis,cellchat,Cycling Progenitor,Cycling Progenitor,PECAM1,CD38,0.000433365525944821,0.05,32,32
AML162,Chen2023,Diagnosis,cellchat,LMPP,Cycling Progenitor,PECAM1,CD38,0.000669807229527122,0,39,32
AML162,Chen2023,Diagnosis,cellchat,Monocyte,Cycling Progenitor,PECAM1,CD38,0.00120520981205096,0,620,32
AML162,Chen2023,Diagnosis,cellchat,Plasma Cell,Cycling Progenitor,PECAM1,CD38,0.000816515695755718,0,506,32
AML162,Chen2023,Diagnosis,cellchat,cDC,Early GMP,PECAM1,CD38,0.00261713798518805,0,44,220
AML162,Chen2023,Diagnosis,cellchat,Cycling Progenitor,Early GMP,PECAM1,CD38,0.0005924340792482,0,32,220
AML162,Chen2023,Diagnosis,cellchat,LMPP,Early GMP,PECAM1,CD38,0.000915583162778448,0,39,220
AML162,Chen2023,Diagnosis,cellchat,Monocyte,Early GMP,PECAM1,CD38,0.0016471200587654,0,620,220
AML162,Chen2023,Diagnosis,cellchat,Plasma Cell,Early GMP,PECAM1,CD38,0.00111606402689158,0,506,220
AML162,Chen2023,Diagnosis,cellchat,cDC,Late GMP,PECAM1,CD38,0.00179229293639722,0,44,317
AML162,Chen2023,Diagnosis,cellchat,Cycling Progenitor,Late GMP,PECAM1,CD38,0.000405456840494428,0,32,317
AML162,Chen2023,Diagnosis,cellchat,LMPP,Late GMP,PECAM1,CD38,0.000626681274555103,0,39,317
AML162,Chen2023,Diagnosis,cellchat,Monocyte,Late GMP,PECAM1,CD38,0.00112765052756053,0,620,317
AML162,Chen2023,Diagnosis,cellchat,Plasma Cell,Late GMP,PECAM1,CD38,0.000763951046013436,0,506,317
AML162,Chen2023,Diagnosis,cellchat,cDC,LMPP,PECAM1,CD38,0.00223159140849771,0,44,39
AML162,Chen2023,Diagnosis,cellchat,Cycling Progenitor,LMPP,PECAM1,CD38,0.000505007972930424,0,32,39
AML162,Chen2023,Diagnosis,cellchat,LMPP,LMPP,PECAM1,CD38,0.000780506856325951,0,39,39
AML162,Chen2023,Diagnosis,cellchat,Monocyte,LMPP,PECAM1,CD38,0.00140427154976153,0,620,39
AML162,Chen2023,Diagnosis,cellchat,Plasma Cell,LMPP,PECAM1,CD38,0.000951438874459874,0,506,39
AML162,Chen2023,Diagnosis,cellchat,cDC,Plasma Cell,PECAM1,CD38,0.00597921914150688,0,44,506
AML162,Chen2023,Diagnosis,cellchat,Cycling Progenitor,Plasma Cell,PECAM1,CD38,0.00135703776396946,0,32,506
AML162,Chen2023,Diagnosis,cellchat,LMPP,Plasma Cell,PECAM1,CD38,0.0020963727283306,0,39,506
AML162,Chen2023,Diagnosis,cellchat,Monocyte,Plasma Cell,PECAM1,CD38,0.00376778445732618,0,620,506
AML162,Chen2023,Diagnosis,cellchat,Plasma Cell,Plasma Cell,PECAM1,CD38,0.00255474429439801,0,506,506
