sample,dataset,timepoint,engine,sender_bin,receiver_bin,ligand,receptor,prob,pval,n_sender,n_receiver
NBM2,Chen2023,Healthy,cellchat,B,Cycling Progenitor,TGFB1,TGFbR1_R2,0.000772485264045464,0.01,170,14
NBM2,Chen2023,Healthy,cellchat,CD4 Memory T,Cycling Progenitor,TGFB1,TGFbR1_R2,0.00080857559829902,0.01,197,14
NBM2,Chen2023,Healthy,cellchat,CD8 Memory T,Cycling Progenitor,TGFB1,TGFbR1_R2,0.00319172161623498,0,116,14
NBM2,Chen2023,Healthy,cellchat,cDC,Cycling Progenitor,TGFB1,TGFbR1_R2,0.00163241522801865,0.01,32,14
NBM2,Chen2023,Healthy,cellchat,Cycling Progenitor,Cycling Progenitor,TGFB1,TGFbR1_R2,0.00111102857664136,0.01,14,14
NBM2,Chen2023,Healthy,cellchat,Early GMP,Cycling Progenitor,TGFB1,TGFbR1_R2,0.000737980248120356,0.01,47,14
NBM2,Chen2023,Healthy,cellchat,HSC MPP,Cycling Progenitor,TGFB1,TGFbR1_R2,0.00114774815651404,0.01,144,14
NBM2,Chen2023,Healthy,cellchat,Late GMP,Cycling Progenitor,TGFB1,TGFbR1_R2,0.000286229430628356,0.01,32,14
NBM2,Chen2023,Healthy,cellchat,LMPP,Cycling Progenitor,TGFB1,TGFbR1_R2,0.001045640802545,0.01,34,14
NBM2,Chen2023,Healthy,cellchat,MEP,Cycling Progenitor,TGFB1,TGFbR1_R2,0.00112379307667392,0.01,16,14
NBM2,Chen2023,Healthy,cellchat,Monocyte,Cycling Progenitor,TGFB1,TGFbR1_R2,0.00331629579746818,0,404,14
NBM2,Chen2023,Healthy,cellchat,Naive T,Cycling Progenitor,TGFB1,TGFbR1_R2,0.000695430000067336,0.01,818,14
NBM2,Chen2023,Healthy,cellchat,NK,Cycling Progenitor,TGFB1,TGFbR1_R2,0.004604846846612,0,55,14
NBM2,Chen2023,Healthy,cellchat,pDC,Cycling Progenitor,TGFB1,TGFbR1_R2,0.00154852021953634,0.01,31,14
NBM2,Chen2023,Healthy,cellchat,Plasma Cell,Cycling Progenitor,TGFB1,TGFbR1_R2,0.000155536345930044,0.01,317,14
NBM2,Chen2023,Healthy,cellchat,Pro-Monocyte,Cycling Progenitor,TGFB1,TGFbR1_R2,0.00154904514526858,0.01,62,14
NBM2,Chen2023,Healthy,cellchat,B,NK,TGFB1,TGFbR1_R2,0.00389592674957598,0,170,55
NBM2,Chen2023,Healthy,cellchat,CD4 Memory T,NK,TGFB1,TGFbR1_R2,0.00407734810022331,0,197,55
NBM2,Chen2023,Healthy,cellchat,CD8 Memory T,NK,TGFB1,TGFbR1_R2,0.0159409708208189,0,116,55
NBM2,Chen2023,Healthy,cellchat,cDC,NK,TGFB1,TGFbR1_R2,0.0082043206411539,0,32,55
NBM2,Chen2023,Healthy,cellchat,Cycling Progenitor,NK,TGFB1,TGFbR1_R2,0.00559565937986944,0,14,55
NBM2,Chen2023,Healthy,cellchat,Early GMP,NK,TGFB1,TGFbR1_R2,0.00372242502920521,0,47,55
NBM2,Chen2023,Healthy,cellchat,HSC MPP,NK,TGFB1,TGFbR1_R2,0.00577973874192498,0,144,55
NBM2,Chen2023,Healthy,cellchat,Late GMP,NK,TGFB1,TGFbR1_R2,0.00144640608057171,0,32,55
NBM2,Chen2023,Healthy,cellchat,LMPP,NK,TGFB1,TGFbR1_R2,0.00526772786457676,0,34,55
NBM2,Chen2023,Healthy,cellchat,MEP,NK,TGFB1,TGFbR1_R2,0.00565965544060601,0,16,55
NBM2,Chen2023,Healthy,cellchat,Monocyte,NK,TGFB1,TGFbR1_R2,0.0166180611893432,0,404,55
NBM2,Chen2023,Healthy,cellchat,Naive T,NK,TGFB1,TGFbR1_R2,0.00350840270050399,0,818,55
NBM2,Chen2023,Healthy,cellchat,NK,NK,TGFB1,TGFbR1_R2,0.0228692847191692,0,55,55
NBM2,Chen2023,Healthy,cellchat,pDC,NK,TGFB1,TGFbR1_R2,0.00778530831552398,0,31,55
NBM2,Chen2023,Healthy,cellchat,Plasma Cell,NK,TGFB1,TGFbR1_R2,0.000786390093325225,0,317,55
NBM2,Chen2023,Healthy,cellchat,Pro-Monocyte,NK,TGFB1,TGFbR1_R2,0.00779289598847971,0,62,55
NBM2,Chen2023,Healthy,cellchat,Plasma Cell,Early GMP,IGF1,IGF1R,0.000344480307167015,0,317,47
NBM2,Chen2023,Healthy,cellchat,Plasma Cell,HSC MPP,IGF1,IGF1R,0.000111184370108156,0,317,144
NBM2,Chen2023,Healthy,cellchat,CD8 Memory T,Monocyte,CCL5,CCR1,0.0333543887462514,0,116,404
NBM2,Chen2023,Healthy,cellchat,NK,Monocyte,CCL5,CCR1,0.0326487472488645,0,55,404
NBM2,Chen2023,Healthy,cellchat,NK,Monocyte,CCL3,CCR1,0.00581807297596522,0,55,404
NBM2,Chen2023,Healthy,cellchat,Cycling Progenitor,Plasma Cell,CCL28,CCR10,0.00055914845423732,0,14,317
NBM2,Chen2023,Healthy,cellchat,Early GMP,Plasma Cell,CCL28,CCR10,0.000263713255720197,0,47,317
NBM2,Chen2023,Healthy,cellchat,HSC MPP,Plasma Cell,CCL28,CCR10,0.000457571533132868,0,144,317
NBM2,Chen2023,Healthy,cellchat,LMPP,Plasma Cell,CCL28,CCR10,0.000369854604710983,0,34,317
NBM2,Chen2023,Healthy,cellchat,Plasma Cell,B,CXCL12,CXCR4,0.00548573267174739,0,317,170
NBM2,Chen2023,Healthy,cellchat,Plasma Cell,CD4 Memory T,CXCL12,CXCR4,0.00574564274362971,0,317,197
NBM2,Chen2023,Healthy,cellchat,Plasma Cell,CD8 Memory T,CXCL12,CXCR4,0.00624432709806386,0,317,116
NBM2,Chen2023,Healthy,cellchat,Plasma Cell,cDC,CXCL12,CXCR4,0.0036640855065668,0,317,32
NBM2,Chen2023,Healthy,cellchat,Plasma Cell,Cycling Progenitor,CXCL12,CXCR4,0.00025400377881938,0,317,14
NBM2,Chen2023,Healthy,cellchat,Plasma Cell,Early GMP,CXCL12,CXCR4,0.000274500342976891,0,317,47
NBM2,Chen2023,Healthy,cellchat,Plasma Cell,HSC MPP,CXCL12,CXCR4,0.000442116106375523,0,317,144
NBM2,Chen2023,Healthy,cellchat,Plasma Cell,Late GMP,CXCL12,CXCR4,0.00140651239880758,0,317,32
NBM2,Chen2023,Healthy,cellchat,Plasma Cell,LMPP,CXCL12,CXCR4,0.000388671784444779,0,317,34
NBM2,Chen2023,Healthy,cellchat,Plasma Cell,Monocyte,CXCL12,CXCR4,0.0010524898380716,0,317,404
NBM2,Chen2023,Healthy,cellchat,Plasma Cell,Naive T,CXCL12,CXCR4,0.00472739658274788,0,317,818
NBM2,Chen2023,Healthy,cellchat,Plasma Cell,NK,CXCL12,CXCR4,0.00309398260842837,0,317,55
NBM2,Chen2023,Healthy,cellchat,Plasma Cell,pDC,CXCL12,CXCR4,0.00306120656927598,0,317,31
NBM2,Chen2023,Healthy,cellchat,Plasma Cell,Plasma Cell,CXCL12,CXCR4,0.00151818479566732,0,317,317
NBM2,Chen2023,Healthy,cellchat,Plasma Cell,Pro-B,CXCL12,CXCR4,0.0057894336357535,0,317,21
NBM2,Chen2023,Healthy,cellchat,Plasma Cell,Pro-Monocyte,CXCL12,CXCR4,0.00144426522592689,0,317,62
NBM2,Chen2023,Healthy,cellchat,B,B,MIF,CD74_CXCR4,0.111276907614396,0,170,170
NBM2,Chen2023,Healthy,cellchat,CD4 Memory T,B,MIF,CD74_CXCR4,0.158943694291213,0,197,170
NBM2,Chen2023,Healthy,cellchat,CD8 Memory T,B,MIF,CD74_CXCR4,0.120701526133858,0,116,170
NBM2,Chen2023,Healthy,cellchat,cDC,B,MIF,CD74_CXCR4,0.169200996407061,0,32,170
NBM2,Chen2023,Healthy,cellchat,Cycling Progenitor,B,MIF,CD74_CXCR4,0.218788281924999,0,14,170
NBM2,Chen2023,Healthy,cellchat,Early GMP,B,MIF,CD74_CXCR4,0.219542631092278,0,47,170
NBM2,Chen2023,Healthy,cellchat,HSC MPP,B,MIF,CD74_CXCR4,0.172071031408883,0,144,170
NBM2,Chen2023,Healthy,cellchat,Late GMP,B,MIF,CD74_CXCR4,0.21514181409713,0,32,170
NBM2,Chen2023,Healthy,cellchat,LMPP,B,MIF,CD74_CXCR4,0.203190217433513,0,34,170
NBM2,Chen2023,Healthy,cellchat,MEP,B,MIF,CD74_CXCR4,0.16665998639266,0,16,170
NBM2,Chen2023,Healthy,cellchat,Monocyte,B,MIF,CD74_CXCR4,0.0889291508079071,0,404,170
NBM2,Chen2023,Healthy,cellchat,Naive T,B,MIF,CD74_CXCR4,0.155158896594418,0,818,170
NBM2,Chen2023,Healthy,cellchat,NK,B,MIF,CD74_CXCR4,0.148987407307996,0,55,170
NBM2,Chen2023,Healthy,cellchat,pDC,B,MIF,CD74_CXCR4,0.162445373211557,0,31,170
NBM2,Chen2023,Healthy,cellchat,Plasma Cell,B,MIF,CD74_CXCR4,0.115552785525992,0,317,170
NBM2,Chen2023,Healthy,cellchat,Pro-B,B,MIF,CD74_CXCR4,0.051109208058496,0.91,21,170
NBM2,Chen2023,Healthy,cellchat,Pro-Monocyte,B,MIF,CD74_CXCR4,0.113541102108667,0,62,170
NBM2,Chen2023,Healthy,cellchat,cDC,CD4 Memory T,MIF,CD74_CXCR4,0.0516394591048007,0.86,32,197
NBM2,Chen2023,Healthy,cellchat,Cycling Progenitor,CD4 Memory T,MIF,CD74_CXCR4,0.0696622074159739,0.34,14,197
NBM2,Chen2023,Healthy,cellchat,Early GMP,CD4 Memory T,MIF,CD74_CXCR4,0.0699484296942042,0.17,47,197
NBM2,Chen2023,Healthy,cellchat,Late GMP,CD4 Memory T,MIF,CD74_CXCR4,0.0682839258229573,0.29,32,197
NBM2,Chen2023,Healthy,cellchat,LMPP,CD4 Memory T,MIF,CD74_CXCR4,0.0638271481536315,0.59,34,197
NBM2,Chen2023,Healthy,cellchat,MEP,CD4 Memory T,MIF,CD74_CXCR4,0.0507560930067308,0.89,16,197
NBM2,Chen2023,Healthy,cellchat,pDC,CD4 Memory T,MIF,CD74_CXCR4,0.0492991407922786,0.97,31,197
NBM2,Chen2023,Healthy,cellchat,B,CD8 Memory T,MIF,CD74_CXCR4,0.0617286770303449,0.79,170,116
NBM2,Chen2023,Healthy,cellchat,CD4 Memory T,CD8 Memory T,MIF,CD74_CXCR4,0.0903281149892402,0,197,116
NBM2,Chen2023,Healthy,cellchat,CD8 Memory T,CD8 Memory T,MIF,CD74_CXCR4,0.0672744648379972,0.28,116,116
NBM2,Chen2023,Healthy,cellchat,cDC,CD8 Memory T,MIF,CD74_CXCR4,0.0966663018109433,0,32,116
NBM2,Chen2023,Healthy,cellchat,Cycling Progenitor,CD8 Memory T,MIF,CD74_CXCR4,0.128278277697481,0,14,116
NBM2,Chen2023,Healthy,cellchat,Early GMP,CD8 Memory T,MIF,CD74_CXCR4,0.128772001557786,0,47,116
NBM2,Chen2023,Healthy,cellchat,HSC MPP,CD8 Memory T,MIF,CD74_CXCR4,0.0984517829273594,0,144,116
NBM2,Chen2023,Healthy,cellchat,Late GMP,CD8 Memory T,MIF,CD74_CXCR4,0.125897204394776,0,32,116
NBM2,Chen2023,Healthy,cellchat,LMPP,CD8 Memory T,MIF,CD74_CXCR4,0.118156975297488,0,34,116
NBM2,Chen2023,Healthy,cellchat,MEP,CD8 Memory T,MIF,CD74_CXCR4,0.0950899187642522,0,16,116
NBM2,Chen2023,Healthy,cellchat,Naive T,CD8 Memory T,MIF,CD74_CXCR4,0.0880062383206555,0,818,116
NBM2,Chen2023,Healthy,cellchat,NK,CD8 Memory T,MIF,CD74_CXCR4,0.0842394370748504,0,55,116
NBM2,Chen2023,Healthy,cellchat,pDC,CD8 Memory T,MIF,CD74_CXCR4,0.0924843542284555,0,31,116
NBM2,Chen2023,Healthy,cellchat,Plasma Cell,CD8 Memory T,MIF,CD74_CXCR4,0.064238254380885,0.6,317,116
NBM2,Chen2023,Healthy,cellchat,Pro-Monocyte,CD8 Memory T,MIF,CD74_CXCR4,0.0630562260830276,0.57,62,116
NBM2,Chen2023,Healthy,cellchat,B,cDC,MIF,CD74_CXCR4,0.0930774170806892,0,170,32
NBM2,Chen2023,Healthy,cellchat,CD4 Memory T,cDC,MIF,CD74_CXCR4,0.134124791699273,0,197,32
NBM2,Chen2023,Healthy,cellchat,CD8 Memory T,cDC,MIF,CD74_CXCR4,0.101136037588337,0,116,32
NBM2,Chen2023,Healthy,cellchat,cDC,cDC,MIF,CD74_CXCR4,0.143052849165533,0,32,32
NBM2,Chen2023,Healthy,cellchat,Cycling Progenitor,cDC,MIF,CD74_CXCR4,0.18669905139881,0,14,32
NBM2,Chen2023,Healthy,cellchat,Early GMP,cDC,MIF,CD74_CXCR4,0.187369297829177,0,47,32
NBM2,Chen2023,Healthy,cellchat,HSC MPP,cDC,MIF,CD74_CXCR4,0.145557059344888,0,144,32
NBM2,Chen2023,Healthy,cellchat,Late GMP,cDC,MIF,CD74_CXCR4,0.183461805034309,0,32,32
NBM2,Chen2023,Healthy,cellchat,LMPP,cDC,MIF,CD74_CXCR4,0.172882446279755,0,34,32
NBM2,Chen2023,Healthy,cellchat,MEP,cDC,MIF,CD74_CXCR4,0.140837955813054,0,16,32
NBM2,Chen2023,Healthy,cellchat,Monocyte,cDC,MIF,CD74_CXCR4,0.0740800014350418,0.1,404,32
NBM2,Chen2023,Healthy,cellchat,Naive T,cDC,MIF,CD74_CXCR4,0.130839048635529,0,818,32
NBM2,Chen2023,Healthy,cellchat,NK,cDC,MIF,CD74_CXCR4,0.1254912029056,0,55,32
NBM2,Chen2023,Healthy,cellchat,pDC,cDC,MIF,CD74_CXCR4,0.137168862480915,0,31,32
NBM2,Chen2023,Healthy,cellchat,Plasma Cell,cDC,MIF,CD74_CXCR4,0.0967300850671369,0,317,32
NBM2,Chen2023,Healthy,cellchat,Pro-B,cDC,MIF,CD74_CXCR4,0.0422820532382481,0.95,21,32
NBM2,Chen2023,Healthy,cellchat,Pro-Monocyte,cDC,MIF,CD74_CXCR4,0.0950108884935716,0,62,32
NBM2,Chen2023,Healthy,cellchat,cDC,Cycling Progenitor,MIF,CD74_CXCR4,0.028609325806238,0.96,32,14
NBM2,Chen2023,Healthy,cellchat,Cycling Progenitor,Cycling Progenitor,MIF,CD74_CXCR4,0.0389241999925244,0.91,14,14
NBM2,Chen2023,Healthy,cellchat,Early GMP,Cycling Progenitor,MIF,CD74_CXCR4,0.0390894349129282,0.9,47,14
NBM2,Chen2023,Healthy,cellchat,HSC MPP,Cycling Progenitor,MIF,CD74_CXCR4,0.0291783598770915,0.97,144,14
NBM2,Chen2023,Healthy,cellchat,Late GMP,Cycling Progenitor,MIF,CD74_CXCR4,0.0381291515446425,0.93,32,14
NBM2,Chen2023,Healthy,cellchat,LMPP,Cycling Progenitor,MIF,CD74_CXCR4,0.0355653974325298,0.93,34,14
NBM2,Chen2023,Healthy,cellchat,MEP,Cycling Progenitor,MIF,CD74_CXCR4,0.0281082461787482,0.96,16,14
NBM2,Chen2023,Healthy,cellchat,NK,Cycling Progenitor,MIF,CD74_CXCR4,0.0246923237790502,0.99,55,14
NBM2,Chen2023,Healthy,cellchat,Cycling Progenitor,Early GMP,MIF,CD74_CXCR4,0.0393861543532327,0.97,14,47
NBM2,Chen2023,Healthy,cellchat,Early GMP,Early GMP,MIF,CD74_CXCR4,0.0395532695839465,0.96,47,47
NBM2,Chen2023,Healthy,cellchat,Late GMP,Early GMP,MIF,CD74_CXCR4,0.0385820490222769,0.99,32,47
NBM2,Chen2023,Healthy,cellchat,LMPP,Early GMP,MIF,CD74_CXCR4,0.0359889820668755,0.99,34,47
NBM2,Chen2023,Healthy,cellchat,Cycling Progenitor,HSC MPP,MIF,CD74_CXCR4,0.053825635252114,0.77,14,144
NBM2,Chen2023,Healthy,cellchat,Early GMP,HSC MPP,MIF,CD74_CXCR4,0.0540505698474684,0.86,47,144
NBM2,Chen2023,Healthy,cellchat,Late GMP,HSC MPP,MIF,CD74_CXCR4,0.052742920236046,0.87,32,144
NBM2,Chen2023,Healthy,cellchat,LMPP,HSC MPP,MIF,CD74_CXCR4,0.0492468642161677,0.91,34,144
NBM2,Chen2023,Healthy,cellchat,MEP,HSC MPP,MIF,CD74_CXCR4,0.039037174155295,0.98,16,144
NBM2,Chen2023,Healthy,cellchat,B,Late GMP,MIF,CD74_CXCR4,0.0391541276697197,0.96,170,32
NBM2,Chen2023,Healthy,cellchat,CD4 Memory T,Late GMP,MIF,CD74_CXCR4,0.0579404456055271,0.76,197,32
NBM2,Chen2023,Healthy,cellchat,CD8 Memory T,Late GMP,MIF,CD74_CXCR4,0.0427642247990134,0.94,116,32
NBM2,Chen2023,Healthy,cellchat,cDC,Late GMP,MIF,CD74_CXCR4,0.0621613337429865,0.51,32,32
NBM2,Chen2023,Healthy,cellchat,Cycling Progenitor,Late GMP,MIF,CD74_CXCR4,0.0835328769873973,0.08,14,32
NBM2,Chen2023,Healthy,cellchat,Early GMP,Late GMP,MIF,CD74_CXCR4,0.0838709521494082,0.04,47,32
NBM2,Chen2023,Healthy,cellchat,HSC MPP,Late GMP,MIF,CD74_CXCR4,0.0633541867204312,0.55,144,32
NBM2,Chen2023,Healthy,cellchat,Late GMP,Late GMP,MIF,CD74_CXCR4,0.08190432165645,0.06,32,32
NBM2,Chen2023,Healthy,cellchat,LMPP,Late GMP,MIF,CD74_CXCR4,0.0766316802905473,0.19,34,32
NBM2,Chen2023,Healthy,cellchat,MEP,Late GMP,MIF,CD74_CXCR4,0.0611095742037865,0.58,16,32
NBM2,Chen2023,Healthy,cellchat,Naive T,Late GMP,MIF,CD74_CXCR4,0.0563994750606752,0.78,818,32
NBM2,Chen2023,Healthy,cellchat,NK,Late GMP,MIF,CD74_CXCR4,0.0539055300341326,0.73,55,32
NBM2,Chen2023,Healthy,cellchat,pDC,Late GMP,MIF,CD74_CXCR4,0.059374014865185,0.66,31,32
NBM2,Chen2023,Healthy,cellchat,Plasma Cell,Late GMP,MIF,CD74_CXCR4,0.0407858320043161,0.96,317,32
NBM2,Chen2023,Healthy,cellchat,Pro-Monocyte,Late GMP,MIF,CD74_CXCR4,0.0400168900956276,0.95,62,32
NBM2,Chen2023,Healthy,cellchat,cDC,LMPP,MIF,CD74_CXCR4,0.0366224636451325,0.97,32,34
NBM2,Chen2023,Healthy,cellchat,Cycling Progenitor,LMPP,MIF,CD74_CXCR4,0.0496786610413043,0.84,14,34
NBM2,Chen2023,Healthy,cellchat,Early GMP,LMPP,MIF,CD74_CXCR4,0.0498871793685535,0.91,47,34
NBM2,Chen2023,Healthy,cellchat,Late GMP,LMPP,MIF,CD74_CXCR4,0.048675072035534,0.86,32,34
NBM2,Chen2023,Healthy,cellchat,LMPP,LMPP,MIF,CD74_CXCR4,0.0454357194074821,0.95,34,34
NBM2,Chen2023,Healthy,cellchat,MEP,LMPP,MIF,CD74_CXCR4,0.0359862367618006,0.99,16,34
NBM2,Chen2023,Healthy,cellchat,CD4 Memory T,Monocyte,MIF,CD74_CXCR4,0.0624366906808792,0.89,197,404
NBM2,Chen2023,Healthy,cellchat,cDC,Monocyte,MIF,CD74_CXCR4,0.0669618425423818,0.41,32,404
NBM2,Chen2023,Healthy,cellchat,Cycling Progenitor,Monocyte,MIF,CD74_CXCR4,0.0898257580143688,0,14,404
NBM2,Chen2023,Healthy,cellchat,Early GMP,Monocyte,MIF,CD74_CXCR4,0.0901867955019165,0,47,404
NBM2,Chen2023,Healthy,cellchat,HSC MPP,Monocyte,MIF,CD74_CXCR4,0.0682401125641012,0.12,144,404
NBM2,Chen2023,Healthy,cellchat,Late GMP,Monocyte,MIF,CD74_CXCR4,0.088086308761754,0,32,404
NBM2,Chen2023,Healthy,cellchat,LMPP,Monocyte,MIF,CD74_CXCR4,0.082451438584806,0,34,404
NBM2,Chen2023,Healthy,cellchat,MEP,Monocyte,MIF,CD74_CXCR4,0.06583456094785,0.5,16,404
NBM2,Chen2023,Healthy,cellchat,NK,Monocyte,MIF,CD74_CXCR4,0.0581079744855171,0.85,55,404
NBM2,Chen2023,Healthy,cellchat,pDC,Monocyte,MIF,CD74_CXCR4,0.0639739519573735,0.63,31,404
NBM2,Chen2023,Healthy,cellchat,cDC,NK,MIF,CD74_CXCR4,0.0413151538858948,0.98,32,55
NBM2,Chen2023,Healthy,cellchat,Cycling Progenitor,NK,MIF,CD74_CXCR4,0.0559471757124896,0.64,14,55
NBM2,Chen2023,Healthy,cellchat,Early GMP,NK,MIF,CD74_CXCR4,0.0561804496975757,0.79,47,55
NBM2,Chen2023,Healthy,cellchat,HSC MPP,NK,MIF,CD74_CXCR4,0.0421259450055451,0.97,144,55
NBM2,Chen2023,Healthy,cellchat,Late GMP,NK,MIF,CD74_CXCR4,0.0548242581596251,0.79,32,55
NBM2,Chen2023,Healthy,cellchat,LMPP,NK,MIF,CD74_CXCR4,0.0511976975636649,0.83,34,55
NBM2,Chen2023,Healthy,cellchat,MEP,NK,MIF,CD74_CXCR4,0.040600838615773,0.97,16,55
NBM2,Chen2023,Healthy,cellchat,NK,NK,MIF,CD74_CXCR4,0.0357225259636868,0.99,55,55
NBM2,Chen2023,Healthy,cellchat,pDC,NK,MIF,CD74_CXCR4,0.0394232860708085,0.98,31,55
NBM2,Chen2023,Healthy,cellchat,Pro-Monocyte,NK,MIF,CD74_CXCR4,0.0263880300160543,0.99,62,55
NBM2,Chen2023,Healthy,cellchat,B,pDC,MIF,CD74_CXCR4,0.0789480639423989,0.01,170,31
NBM2,Chen2023,Healthy,cellchat,CD4 Memory T,pDC,MIF,CD74_CXCR4,0.114551392359138,0,197,31
NBM2,Chen2023,Healthy,cellchat,CD8 Memory T,pDC,MIF,CD74_CXCR4,0.0858992348955491,0,116,31
NBM2,Chen2023,Healthy,cellchat,cDC,pDC,MIF,CD74_CXCR4,0.122360660436679,0,32,31
NBM2,Chen2023,Healthy,cellchat,Cycling Progenitor,pDC,MIF,CD74_CXCR4,0.16087878924965,0,14,31
NBM2,Chen2023,Healthy,cellchat,Early GMP,pDC,MIF,CD74_CXCR4,0.161474745128594,0,47,31
NBM2,Chen2023,Healthy,cellchat,HSC MPP,pDC,MIF,CD74_CXCR4,0.124555292563422,0,144,31
NBM2,Chen2023,Healthy,cellchat,Late GMP,pDC,MIF,CD74_CXCR4,0.158002272916213,0,32,31
NBM2,Chen2023,Healthy,cellchat,LMPP,pDC,MIF,CD74_CXCR4,0.148623818428369,0,34,31
NBM2,Chen2023,Healthy,cellchat,MEP,pDC,MIF,CD74_CXCR4,0.120421124512748,0,16,31
NBM2,Chen2023,Healthy,cellchat,Monocyte,pDC,MIF,CD74_CXCR4,0.062635328117938,0.62,404,31
NBM2,Chen2023,Healthy,cellchat,Naive T,pDC,MIF,CD74_CXCR4,0.111683303980148,0,818,31
NBM2,Chen2023,Healthy,cellchat,NK,pDC,MIF,CD74_CXCR4,0.107022011894907,0,55,31
NBM2,Chen2023,Healthy,cellchat,pDC,pDC,MIF,CD74_CXCR4,0.117211363856647,0,31,31
NBM2,Chen2023,Healthy,cellchat,Plasma Cell,pDC,MIF,CD74_CXCR4,0.0820964419300387,0,317,31
NBM2,Chen2023,Healthy,cellchat,Pro-Monocyte,pDC,MIF,CD74_CXCR4,0.0806141191653019,0.03,62,31
NBM2,Chen2023,Healthy,cellchat,cDC,Plasma Cell,MIF,CD74_CXCR4,0.0574803874226447,0.71,32,317
NBM2,Chen2023,Healthy,cellchat,Cycling Progenitor,Plasma Cell,MIF,CD74_CXCR4,0.0773753627097927,0.11,14,317
NBM2,Chen2023,Healthy,cellchat,Early GMP,Plasma Cell,MIF,CD74_CXCR4,0.0776906296927345,0.02,47,317
NBM2,Chen2023,Healthy,cellchat,HSC MPP,Plasma Cell,MIF,CD74_CXCR4,0.0585890263953737,0.94,144,317
NBM2,Chen2023,Healthy,cellchat,Late GMP,Plasma Cell,MIF,CD74_CXCR4,0.0758569177622793,0.03,32,317
NBM2,Chen2023,Healthy,cellchat,LMPP,Plasma Cell,MIF,CD74_CXCR4,0.0709434991844157,0.14,34,317
NBM2,Chen2023,Healthy,cellchat,MEP,Plasma Cell,MIF,CD74_CXCR4,0.0565030570197764,0.82,16,317
NBM2,Chen2023,Healthy,cellchat,NK,Plasma Cell,MIF,CD74_CXCR4,0.0498132510740733,0.94,55,317
NBM2,Chen2023,Healthy,cellchat,pDC,Plasma Cell,MIF,CD74_CXCR4,0.0548906776629509,0.85,31,317
NBM2,Chen2023,Healthy,cellchat,B,Pro-B,MIF,CD74_CXCR4,0.111651397515038,0,170,21
NBM2,Chen2023,Healthy,cellchat,CD4 Memory T,Pro-B,MIF,CD74_CXCR4,0.159449820220081,0,197,21
NBM2,Chen2023,Healthy,cellchat,CD8 Memory T,Pro-B,MIF,CD74_CXCR4,0.121103411487004,0,116,21
NBM2,Chen2023,Healthy,cellchat,cDC,Pro-B,MIF,CD74_CXCR4,0.16973319317203,0,32,21
NBM2,Chen2023,Healthy,cellchat,Cycling Progenitor,Pro-B,MIF,CD74_CXCR4,0.219435252650183,0,14,21
NBM2,Chen2023,Healthy,cellchat,Early GMP,Pro-B,MIF,CD74_CXCR4,0.220191203745417,0,47,21
NBM2,Chen2023,Healthy,cellchat,HSC MPP,Pro-B,MIF,CD74_CXCR4,0.172610379900587,0,144,21
NBM2,Chen2023,Healthy,cellchat,Late GMP,Pro-B,MIF,CD74_CXCR4,0.215780980348592,0,32,21
NBM2,Chen2023,Healthy,cellchat,LMPP,Pro-B,MIF,CD74_CXCR4,0.203803096683171,0,34,21
NBM2,Chen2023,Healthy,cellchat,MEP,Pro-B,MIF,CD74_CXCR4,0.167185799130224,0,16,21
NBM2,Chen2023,Healthy,cellchat,Monocyte,Pro-B,MIF,CD74_CXCR4,0.0892359835118895,0,404,21
NBM2,Chen2023,Healthy,cellchat,Naive T,Pro-B,MIF,CD74_CXCR4,0.155655201026398,0,818,21
NBM2,Chen2023,Healthy,cellchat,NK,Pro-B,MIF,CD74_CXCR4,0.149467463563077,0,55,21
NBM2,Chen2023,Healthy,cellchat,pDC,Pro-B,MIF,CD74_CXCR4,0.162960489097115,0,31,21
NBM2,Chen2023,Healthy,cellchat,Plasma Cell,Pro-B,MIF,CD74_CXCR4,0.115939788143686,0,317,21
NBM2,Chen2023,Healthy,cellchat,Pro-B,Pro-B,MIF,CD74_CXCR4,0.051292896970658,0.88,21,21
NBM2,Chen2023,Healthy,cellchat,Pro-Monocyte,Pro-B,MIF,CD74_CXCR4,0.113922235134235,0,62,21
NBM2,Chen2023,Healthy,cellchat,B,Pro-Monocyte,MIF,CD74_CXCR4,0.0458621590176662,0.98,170,62
NBM2,Chen2023,Healthy,cellchat,CD4 Memory T,Pro-Monocyte,MIF,CD74_CXCR4,0.0676404441230367,0.35,197,62
NBM2,Chen2023,Healthy,cellchat,CD8 Memory T,Pro-Monocyte,MIF,CD74_CXCR4,0.050058528852548,0.96,116,62
NBM2,Chen2023,Healthy,cellchat,cDC,Pro-Monocyte,MIF,CD74_CXCR4,0.0725135729273761,0.18,32,62
NBM2,Chen2023,Healthy,cellchat,Cycling Progenitor,Pro-Monocyte,MIF,CD74_CXCR4,0.0970758839787816,0.01,14,62
NBM2,Chen2023,Healthy,cellchat,Early GMP,Pro-Monocyte,MIF,CD74_CXCR4,0.097462941551712,0,47,62
NBM2,Chen2023,Healthy,cellchat,HSC MPP,Pro-Monocyte,MIF,CD74_CXCR4,0.0738894300736468,0.1,144,62
NBM2,Chen2023,Healthy,cellchat,Late GMP,Pro-Monocyte,MIF,CD74_CXCR4,0.0952107246611265,0,32,62
NBM2,Chen2023,Healthy,cellchat,LMPP,Pro-Monocyte,MIF,CD74_CXCR4,0.0891646684017194,0.01,34,62
NBM2,Chen2023,Healthy,cellchat,MEP,Pro-Monocyte,MIF,CD74_CXCR4,0.0712999717524143,0.31,16,62
NBM2,Chen2023,Healthy,cellchat,Naive T,Pro-Monocyte,MIF,CD74_CXCR4,0.0658595300300027,0.42,818,62
NBM2,Chen2023,Healthy,cellchat,NK,Pro-Monocyte,MIF,CD74_CXCR4,0.0629751861998907,0.62,55,62
NBM2,Chen2023,Healthy,cellchat,pDC,Pro-Monocyte,MIF,CD74_CXCR4,0.0692963579806317,0.35,31,62
NBM2,Chen2023,Healthy,cellchat,Pro-Monocyte,Pro-Monocyte,MIF,CD74_CXCR4,0.0468655235681589,0.97,62,62
NBM2,Chen2023,Healthy,cellchat,B,B,MIF,CD74_CD44,0.0504455865321338,0.97,170,170
NBM2,Chen2023,Healthy,cellchat,CD4 Memory T,B,MIF,CD74_CD44,0.0742310460035839,0,197,170
NBM2,Chen2023,Healthy,cellchat,CD8 Memory T,B,MIF,CD74_CD44,0.055037147180674,0.93,116,170
NBM2,Chen2023,Healthy,cellchat,cDC,B,MIF,CD74_CD44,0.079538485992127,0,32,170
NBM2,Chen2023,Healthy,cellchat,Cycling Progenitor,B,MIF,CD74_CD44,0.106207842050649,0,14,170
NBM2,Chen2023,Healthy,cellchat,Early GMP,B,MIF,CD74_CD44,0.106627010488846,0,47,170
NBM2,Chen2023,Healthy,cellchat,HSC MPP,B,MIF,CD74_CD44,0.0810359866548139,0,144,170
NBM2,Chen2023,Healthy,cellchat,Late GMP,B,MIF,CD74_CD44,0.104187472323246,0,32,170
NBM2,Chen2023,Healthy,cellchat,LMPP,B,MIF,CD74_CD44,0.097632887239266,0,34,170
NBM2,Chen2023,Healthy,cellchat,MEP,B,MIF,CD74_CD44,0.0782172295091482,0.06,16,170
NBM2,Chen2023,Healthy,cellchat,Naive T,B,MIF,CD74_CD44,0.0722900612577979,0,818,170
NBM2,Chen2023,Healthy,cellchat,NK,B,MIF,CD74_CD44,0.0691449358361164,0.18,55,170
NBM2,Chen2023,Healthy,cellchat,pDC,B,MIF,CD74_CD44,0.0760351472566604,0.05,31,170
NBM2,Chen2023,Healthy,cellchat,Pro-Monocyte,B,MIF,CD74_CD44,0.0515438095190635,0.91,62,170
NBM2,Chen2023,Healthy,cellchat,cDC,CD4 Memory T,MIF,CD74_CD44,0.0421713509170965,0.99,32,197
NBM2,Chen2023,Healthy,cellchat,Cycling Progenitor,CD4 Memory T,MIF,CD74_CD44,0.0570885434706334,0.69,14,197
NBM2,Chen2023,Healthy,cellchat,Early GMP,CD4 Memory T,MIF,CD74_CD44,0.0573262874518897,0.72,47,197
NBM2,Chen2023,Healthy,cellchat,Late GMP,CD4 Memory T,MIF,CD74_CD44,0.0559440750304646,0.79,32,197
NBM2,Chen2023,Healthy,cellchat,LMPP,CD4 Memory T,MIF,CD74_CD44,0.0522475345604823,0.86,34,197
NBM2,Chen2023,Healthy,cellchat,MEP,CD4 Memory T,MIF,CD74_CD44,0.0414428724160953,0.97,16,197
NBM2,Chen2023,Healthy,cellchat,CD4 Memory T,CD8 Memory T,MIF,CD74_CD44,0.067490522748082,0.23,197,116
NBM2,Chen2023,Healthy,cellchat,CD8 Memory T,CD8 Memory T,MIF,CD74_CD44,0.0499454892925975,0.99,116,116
NBM2,Chen2023,Healthy,cellchat,cDC,CD8 Memory T,MIF,CD74_CD44,0.0723536887163506,0.08,32,116
NBM2,Chen2023,Healthy,cellchat,Cycling Progenitor,CD8 Memory T,MIF,CD74_CD44,0.0968674988717997,0,14,116
NBM2,Chen2023,Healthy,cellchat,Early GMP,CD8 Memory T,MIF,CD74_CD44,0.0972538150713392,0,47,116
NBM2,Chen2023,Healthy,cellchat,HSC MPP,CD8 Memory T,MIF,CD74_CD44,0.0737267533979177,0.03,144,116
NBM2,Chen2023,Healthy,cellchat,Late GMP,CD8 Memory T,MIF,CD74_CD44,0.0950059220639949,0,32,116
NBM2,Chen2023,Healthy,cellchat,LMPP,CD8 Memory T,MIF,CD74_CD44,0.0889715922785466,0,34,116
NBM2,Chen2023,Healthy,cellchat,MEP,CD8 Memory T,MIF,CD74_CD44,0.0711425581439759,0.24,16,116
NBM2,Chen2023,Healthy,cellchat,Naive T,CD8 Memory T,MIF,CD74_CD44,0.0657132777464153,0.22,818,116
NBM2,Chen2023,Healthy,cellchat,NK,CD8 Memory T,MIF,CD74_CD44,0.0628349082483538,0.53,55,116
NBM2,Chen2023,Healthy,cellchat,pDC,CD8 Memory T,MIF,CD74_CD44,0.0691430385447448,0.24,31,116
NBM2,Chen2023,Healthy,cellchat,Pro-Monocyte,CD8 Memory T,MIF,CD74_CD44,0.0467593393719399,0.96,62,116
NBM2,Chen2023,Healthy,cellchat,B,cDC,MIF,CD74_CD44,0.0937078979544292,0.01,170,32
NBM2,Chen2023,Healthy,cellchat,CD4 Memory T,cDC,MIF,CD74_CD44,0.134991930496009,0,197,32
NBM2,Chen2023,Healthy,cellchat,CD8 Memory T,cDC,MIF,CD74_CD44,0.101814977190198,0,116,32
NBM2,Chen2023,Healthy,cellchat,cDC,cDC,MIF,CD74_CD44,0.143968112053309,0,32,32
NBM2,Chen2023,Healthy,cellchat,Cycling Progenitor,cDC,MIF,CD74_CD44,0.187832357409759,0,14,32
NBM2,Chen2023,Healthy,cellchat,Early GMP,cDC,MIF,CD74_CD44,0.18850572938695,0,47,32
NBM2,Chen2023,Healthy,cellchat,HSC MPP,cDC,MIF,CD74_CD44,0.146485605553253,0,144,32
NBM2,Chen2023,Healthy,cellchat,Late GMP,cDC,MIF,CD74_CD44,0.184579920004108,0,32,32
NBM2,Chen2023,Healthy,cellchat,LMPP,cDC,MIF,CD74_CD44,0.173949820543713,0,34,32
NBM2,Chen2023,Healthy,cellchat,MEP,cDC,MIF,CD74_CD44,0.141741391577531,0,16,32
NBM2,Chen2023,Healthy,cellchat,Monocyte,cDC,MIF,CD74_CD44,0.0745923829459256,0.08,404,32
NBM2,Chen2023,Healthy,cellchat,Naive T,cDC,MIF,CD74_CD44,0.13168817532347,0,818,32
NBM2,Chen2023,Healthy,cellchat,NK,cDC,MIF,CD74_CD44,0.12631066659356,0,55,32
NBM2,Chen2023,Healthy,cellchat,pDC,cDC,MIF,CD74_CD44,0.138052543908319,0,31,32
NBM2,Chen2023,Healthy,cellchat,Plasma Cell,cDC,MIF,CD74_CD44,0.0973826513704607,0,317,32
NBM2,Chen2023,Healthy,cellchat,Pro-B,cDC,MIF,CD74_CD44,0.0425846162734279,0.88,21,32
NBM2,Chen2023,Healthy,cellchat,Pro-Monocyte,cDC,MIF,CD74_CD44,0.0956530848525226,0.01,62,32
NBM2,Chen2023,Healthy,cellchat,B,Cycling Progenitor,MIF,CD74_CD44,0.045781927815831,0.77,170,14
NBM2,Chen2023,Healthy,cellchat,CD4 Memory T,Cycling Progenitor,MIF,CD74_CD44,0.0675248102957322,0.36,197,14
NBM2,Chen2023,Healthy,cellchat,CD8 Memory T,Cycling Progenitor,MIF,CD74_CD44,0.0499713410055752,0.71,116,14
NBM2,Chen2023,Healthy,cellchat,cDC,Cycling Progenitor,MIF,CD74_CD44,0.0723902551265046,0.26,32,14
NBM2,Chen2023,Healthy,cellchat,Cycling Progenitor,Cycling Progenitor,MIF,CD74_CD44,0.096915159853673,0,14,14
NBM2,Chen2023,Healthy,cellchat,Early GMP,Cycling Progenitor,MIF,CD74_CD44,0.0973016456510225,0.01,47,14
NBM2,Chen2023,Healthy,cellchat,HSC MPP,Cycling Progenitor,MIF,CD74_CD44,0.0737639585541716,0.18,144,14
NBM2,Chen2023,Healthy,cellchat,Late GMP,Cycling Progenitor,MIF,CD74_CD44,0.0950527635087959,0.02,32,14
NBM2,Chen2023,Healthy,cellchat,LMPP,Cycling Progenitor,MIF,CD74_CD44,0.0890157512122177,0.05,34,14
NBM2,Chen2023,Healthy,cellchat,MEP,Cycling Progenitor,MIF,CD74_CD44,0.0711785594334374,0.28,16,14
NBM2,Chen2023,Healthy,cellchat,Monocyte,Cycling Progenitor,MIF,CD74_CD44,0.0360539280460303,0.92,404,14
NBM2,Chen2023,Healthy,cellchat,Naive T,Cycling Progenitor,MIF,CD74_CD44,0.065746726050696,0.39,818,14
NBM2,Chen2023,Healthy,cellchat,NK,Cycling Progenitor,MIF,CD74_CD44,0.0628669900366001,0.39,55,14
NBM2,Chen2023,Healthy,cellchat,pDC,Cycling Progenitor,MIF,CD74_CD44,0.0691781033473891,0.34,31,14
NBM2,Chen2023,Healthy,cellchat,Plasma Cell,Cycling Progenitor,MIF,CD74_CD44,0.0476761332345576,0.74,317,14
NBM2,Chen2023,Healthy,cellchat,Pro-B,Cycling Progenitor,MIF,CD74_CD44,0.0202217423514764,0.99,21,14
NBM2,Chen2023,Healthy,cellchat,Pro-Monocyte,Cycling Progenitor,MIF,CD74_CD44,0.0467836231474092,0.7,62,14
NBM2,Chen2023,Healthy,cellchat,B,Early GMP,MIF,CD74_CD44,0.0613848881840483,0.61,170,47
NBM2,Chen2023,Healthy,cellchat,CD4 Memory T,Early GMP,MIF,CD74_CD44,0.0898402969886923,0,197,47
NBM2,Chen2023,Healthy,cellchat,CD8 Memory T,Early GMP,MIF,CD74_CD44,0.0669019918480098,0.29,116,47
NBM2,Chen2023,Healthy,cellchat,cDC,Early GMP,MIF,CD74_CD44,0.0961478722466892,0,32,47
NBM2,Chen2023,Healthy,cellchat,Cycling Progenitor,Early GMP,MIF,CD74_CD44,0.127614261078579,0,14,47
NBM2,Chen2023,Healthy,cellchat,Early GMP,Early GMP,MIF,CD74_CD44,0.128105804817103,0,47,47
NBM2,Chen2023,Healthy,cellchat,HSC MPP,Early GMP,MIF,CD74_CD44,0.097924815717555,0,144,47
NBM2,Chen2023,Healthy,cellchat,Late GMP,Early GMP,MIF,CD74_CD44,0.125243742277405,0,32,47
NBM2,Chen2023,Healthy,cellchat,LMPP,Early GMP,MIF,CD74_CD44,0.117538286135217,0,34,47
NBM2,Chen2023,Healthy,cellchat,MEP,Early GMP,MIF,CD74_CD44,0.0945790583129328,0,16,47
NBM2,Chen2023,Healthy,cellchat,Monocyte,Early GMP,MIF,CD74_CD44,0.048510030988686,0.94,404,47
NBM2,Chen2023,Healthy,cellchat,Naive T,Early GMP,MIF,CD74_CD44,0.0875297530921912,0,818,47
NBM2,Chen2023,Healthy,cellchat,NK,Early GMP,MIF,CD74_CD44,0.0837814725930582,0,55,47
NBM2,Chen2023,Healthy,cellchat,pDC,Early GMP,MIF,CD74_CD44,0.0919860689558626,0,31,47
NBM2,Chen2023,Healthy,cellchat,Plasma Cell,Early GMP,MIF,CD74_CD44,0.0638814404041754,0.5,317,47
NBM2,Chen2023,Healthy,cellchat,Pro-Monocyte,Early GMP,MIF,CD74_CD44,0.0627055377667453,0.46,62,47
NBM2,Chen2023,Healthy,cellchat,B,HSC MPP,MIF,CD74_CD44,0.0644535731612098,0.35,170,144
NBM2,Chen2023,Healthy,cellchat,CD4 Memory T,HSC MPP,MIF,CD74_CD44,0.0941887460278482,0,197,144
NBM2,Chen2023,Healthy,cellchat,CD8 Memory T,HSC MPP,MIF,CD74_CD44,0.0702258463979776,0.06,116,144
NBM2,Chen2023,Healthy,cellchat,cDC,HSC MPP,MIF,CD74_CD44,0.100767819444526,0,32,144
NBM2,Chen2023,Healthy,cellchat,Cycling Progenitor,HSC MPP,MIF,CD74_CD44,0.133522823547255,0,14,144
NBM2,Chen2023,Healthy,cellchat,Early GMP,HSC MPP,MIF,CD74_CD44,0.134033629213652,0,47,144
NBM2,Chen2023,Healthy,cellchat,HSC MPP,HSC MPP,MIF,CD74_CD44,0.102620451724473,0,144,144
NBM2,Chen2023,Healthy,cellchat,Late GMP,HSC MPP,MIF,CD74_CD44,0.131059037938668,0,32,144
NBM2,Chen2023,Healthy,cellchat,LMPP,HSC MPP,MIF,CD74_CD44,0.123046129698605,0,34,144
NBM2,Chen2023,Healthy,cellchat,MEP,HSC MPP,MIF,CD74_CD44,0.0991318910182973,0,16,144
NBM2,Chen2023,Healthy,cellchat,Naive T,HSC MPP,MIF,CD74_CD44,0.0917776442936397,0,818,144
NBM2,Chen2023,Healthy,cellchat,NK,HSC MPP,MIF,CD74_CD44,0.0878649731263036,0,55,144
NBM2,Chen2023,Healthy,cellchat,pDC,HSC MPP,MIF,CD74_CD44,0.096427374159401,0,31,144
NBM2,Chen2023,Healthy,cellchat,Plasma Cell,HSC MPP,MIF,CD74_CD44,0.0670660126718242,0.13,317,144
NBM2,Chen2023,Healthy,cellchat,Pro-Monocyte,HSC MPP,MIF,CD74_CD44,0.065835612432602,0.24,62,144
NBM2,Chen2023,Healthy,cellchat,B,Late GMP,MIF,CD74_CD44,0.0651209141005155,0.45,170,32
NBM2,Chen2023,Healthy,cellchat,CD4 Memory T,Late GMP,MIF,CD74_CD44,0.0951326531364777,0.01,197,32
NBM2,Chen2023,Healthy,cellchat,CD8 Memory T,Late GMP,MIF,CD74_CD44,0.0709484200706151,0.21,116,32
NBM2,Chen2023,Healthy,cellchat,cDC,Late GMP,MIF,CD74_CD44,0.101770250749573,0,32,32
NBM2,Chen2023,Healthy,cellchat,Cycling Progenitor,Late GMP,MIF,CD74_CD44,0.134802252613773,0,14,32
NBM2,Chen2023,Healthy,cellchat,Early GMP,Late GMP,MIF,CD74_CD44,0.135317188486054,0,47,32
NBM2,Chen2023,Healthy,cellchat,HSC MPP,Late GMP,MIF,CD74_CD44,0.103639188791379,0,144,32
NBM2,Chen2023,Healthy,cellchat,Late GMP,Late GMP,MIF,CD74_CD44,0.132318463944667,0,32,32
NBM2,Chen2023,Healthy,cellchat,LMPP,Late GMP,MIF,CD74_CD44,0.124239564242717,0,34,32
NBM2,Chen2023,Healthy,cellchat,MEP,Late GMP,MIF,CD74_CD44,0.100119860167243,0.02,16,32
NBM2,Chen2023,Healthy,cellchat,Monocyte,Late GMP,MIF,CD74_CD44,0.051505462216617,0.82,404,32
NBM2,Chen2023,Healthy,cellchat,Naive T,Late GMP,MIF,CD74_CD44,0.0926998614742334,0,818,32
NBM2,Chen2023,Healthy,cellchat,NK,Late GMP,MIF,CD74_CD44,0.0887517162496347,0.02,55,32
NBM2,Chen2023,Healthy,cellchat,pDC,Late GMP,MIF,CD74_CD44,0.0973913034548513,0.01,31,32
NBM2,Chen2023,Healthy,cellchat,Plasma Cell,Late GMP,MIF,CD74_CD44,0.0677584433014398,0.33,317,32
NBM2,Chen2023,Healthy,cellchat,Pro-B,Late GMP,MIF,CD74_CD44,0.0290929027796791,0.99,21,32
NBM2,Chen2023,Healthy,cellchat,Pro-Monocyte,Late GMP,MIF,CD74_CD44,0.0665162453822014,0.36,62,32
NBM2,Chen2023,Healthy,cellchat,B,LMPP,MIF,CD74_CD44,0.0591228170652815,0.67,170,34
NBM2,Chen2023,Healthy,cellchat,CD4 Memory T,LMPP,MIF,CD74_CD44,0.0866264034902516,0.02,197,34
NBM2,Chen2023,Healthy,cellchat,CD8 Memory T,LMPP,MIF,CD74_CD44,0.0644505723582109,0.46,116,34
NBM2,Chen2023,Healthy,cellchat,cDC,LMPP,MIF,CD74_CD44,0.0927313249021509,0,32,34
NBM2,Chen2023,Healthy,cellchat,Cycling Progenitor,LMPP,MIF,CD74_CD44,0.123232025329256,0,14,34
NBM2,Chen2023,Healthy,cellchat,Early GMP,LMPP,MIF,CD74_CD44,0.123709083202903,0,47,34
NBM2,Chen2023,Healthy,cellchat,HSC MPP,LMPP,MIF,CD74_CD44,0.0944517242582392,0.01,144,34
NBM2,Chen2023,Healthy,cellchat,Late GMP,LMPP,MIF,CD74_CD44,0.120931625225589,0,32,34
NBM2,Chen2023,Healthy,cellchat,LMPP,LMPP,MIF,CD74_CD44,0.113457056983617,0,34,34
NBM2,Chen2023,Healthy,cellchat,MEP,LMPP,MIF,CD74_CD44,0.0912126319704116,0.03,16,34
NBM2,Chen2023,Healthy,cellchat,Monocyte,LMPP,MIF,CD74_CD44,0.0466988012497555,0.97,404,34
NBM2,Chen2023,Healthy,cellchat,Naive T,LMPP,MIF,CD74_CD44,0.0843908516772097,0.03,818,34
NBM2,Chen2023,Healthy,cellchat,NK,LMPP,MIF,CD74_CD44,0.0807650905431899,0.03,55,34
NBM2,Chen2023,Healthy,cellchat,pDC,LMPP,MIF,CD74_CD44,0.0887028949596516,0.02,31,34
NBM2,Chen2023,Healthy,cellchat,Plasma Cell,LMPP,MIF,CD74_CD44,0.0615334010617172,0.58,317,34
NBM2,Chen2023,Healthy,cellchat,Pro-Monocyte,LMPP,MIF,CD74_CD44,0.0603979314980394,0.55,62,34
NBM2,Chen2023,Healthy,cellchat,B,MEP,MIF,CD74_CD44,0.026729307711178,0.99,170,16
NBM2,Chen2023,Healthy,cellchat,CD4 Memory T,MEP,MIF,CD74_CD44,0.0398010861421767,0.92,197,16
NBM2,Chen2023,Healthy,cellchat,CD8 Memory T,MEP,MIF,CD74_CD44,0.0292286576726028,0.99,116,16
NBM2,Chen2023,Healthy,cellchat,cDC,MEP,MIF,CD74_CD44,0.0427605251981266,0.79,32,16
NBM2,Chen2023,Healthy,cellchat,Cycling Progenitor,MEP,MIF,CD74_CD44,0.0578735329469871,0.43,14,16
NBM2,Chen2023,Healthy,cellchat,Early GMP,MEP,MIF,CD74_CD44,0.0581143445173498,0.5,47,16
NBM2,Chen2023,Healthy,cellchat,HSC MPP,MEP,MIF,CD74_CD44,0.0435983911206752,0.83,144,16
NBM2,Chen2023,Healthy,cellchat,Late GMP,MEP,MIF,CD74_CD44,0.0567142741672409,0.49,32,16
NBM2,Chen2023,Healthy,cellchat,LMPP,MEP,MIF,CD74_CD44,0.0529696977450541,0.6,34,16
NBM2,Chen2023,Healthy,cellchat,MEP,MEP,MIF,CD74_CD44,0.0420223156667951,0.81,16,16
NBM2,Chen2023,Healthy,cellchat,Monocyte,MEP,MIF,CD74_CD44,0.0209607859497948,0.99,404,16
NBM2,Chen2023,Healthy,cellchat,Naive T,MEP,MIF,CD74_CD44,0.0387227157976326,0.92,818,16
NBM2,Chen2023,Healthy,cellchat,NK,MEP,MIF,CD74_CD44,0.0369797915181653,0.93,55,16
NBM2,Chen2023,Healthy,cellchat,pDC,MEP,MIF,CD74_CD44,0.040805289283928,0.9,31,16
NBM2,Chen2023,Healthy,cellchat,Plasma Cell,MEP,MIF,CD74_CD44,0.0278582341457922,0.99,317,16
NBM2,Chen2023,Healthy,cellchat,Pro-Monocyte,MEP,MIF,CD74_CD44,0.0273260750726351,0.97,62,16
NBM2,Chen2023,Healthy,cellchat,B,Monocyte,MIF,CD74_CD44,0.0986753401807606,0,170,404
NBM2,Chen2023,Healthy,cellchat,CD4 Memory T,Monocyte,MIF,CD74_CD44,0.1418054100353,0,197,404
NBM2,Chen2023,Healthy,cellchat,CD8 Memory T,Monocyte,MIF,CD74_CD44,0.107161359624743,0,116,404
NBM2,Chen2023,Healthy,cellchat,cDC,Monocyte,MIF,CD74_CD44,0.151155479274371,0,32,404
NBM2,Chen2023,Healthy,cellchat,Cycling Progenitor,Monocyte,MIF,CD74_CD44,0.196706371358848,0,14,404
NBM2,Chen2023,Healthy,cellchat,Early GMP,Monocyte,MIF,CD74_CD44,0.197403823938801,0,47,404
NBM2,Chen2023,Healthy,cellchat,HSC MPP,Monocyte,MIF,CD74_CD44,0.153776077193864,0,144,404
NBM2,Chen2023,Healthy,cellchat,Late GMP,Monocyte,MIF,CD74_CD44,0.193336853370408,0,32,404
NBM2,Chen2023,Healthy,cellchat,LMPP,Monocyte,MIF,CD74_CD44,0.182315193131282,0,34,404
NBM2,Chen2023,Healthy,cellchat,MEP,Monocyte,MIF,CD74_CD44,0.148836921638431,0,16,404
NBM2,Chen2023,Healthy,cellchat,Monocyte,Monocyte,MIF,CD74_CD44,0.0786344343678897,0,404,404
NBM2,Chen2023,Healthy,cellchat,Naive T,Monocyte,MIF,CD74_CD44,0.13836157618711,0,818,404
NBM2,Chen2023,Healthy,cellchat,NK,Monocyte,MIF,CD74_CD44,0.132753221049026,0,55,404
NBM2,Chen2023,Healthy,cellchat,pDC,Monocyte,MIF,CD74_CD44,0.144994608380345,0,31,404
NBM2,Chen2023,Healthy,cellchat,Plasma Cell,Monocyte,MIF,CD74_CD44,0.102522855516484,0,317,404
NBM2,Chen2023,Healthy,cellchat,Pro-B,Monocyte,MIF,CD74_CD44,0.0449765115804904,0.99,21,404
NBM2,Chen2023,Healthy,cellchat,Pro-Monocyte,Monocyte,MIF,CD74_CD44,0.100712182551502,0,62,404
NBM2,Chen2023,Healthy,cellchat,Early GMP,NK,MIF,CD74_CD44,0.0316878849546918,0.99,47,55
NBM2,Chen2023,Healthy,cellchat,B,pDC,MIF,CD74_CD44,0.0655226538169671,0.39,170,31
NBM2,Chen2023,Healthy,cellchat,CD4 Memory T,pDC,MIF,CD74_CD44,0.0957005864722916,0,197,31
NBM2,Chen2023,Healthy,cellchat,CD8 Memory T,pDC,MIF,CD74_CD44,0.0713833654192484,0.17,116,31
NBM2,Chen2023,Healthy,cellchat,cDC,pDC,MIF,CD74_CD44,0.102373326820697,0,32,31
NBM2,Chen2023,Healthy,cellchat,Cycling Progenitor,pDC,MIF,CD74_CD44,0.135571527785119,0,14,31
NBM2,Chen2023,Healthy,cellchat,Early GMP,pDC,MIF,CD74_CD44,0.136088940022518,0,47,31
NBM2,Chen2023,Healthy,cellchat,HSC MPP,pDC,MIF,CD74_CD44,0.10425205450931,0,144,31
NBM2,Chen2023,Healthy,cellchat,Late GMP,pDC,MIF,CD74_CD44,0.13307574502648,0,32,31
NBM2,Chen2023,Healthy,cellchat,LMPP,pDC,MIF,CD74_CD44,0.124957267115995,0,34,31
NBM2,Chen2023,Healthy,cellchat,MEP,pDC,MIF,CD74_CD44,0.100714252840813,0,16,31
NBM2,Chen2023,Healthy,cellchat,Monocyte,pDC,MIF,CD74_CD44,0.0518278629202633,0.91,404,31
NBM2,Chen2023,Healthy,cellchat,Naive T,pDC,MIF,CD74_CD44,0.0932547680466931,0,818,31
NBM2,Chen2023,Healthy,cellchat,NK,pDC,MIF,CD74_CD44,0.0892853147528607,0,55,31
NBM2,Chen2023,Healthy,cellchat,pDC,pDC,MIF,CD74_CD44,0.0979712608038485,0,31,31
NBM2,Chen2023,Healthy,cellchat,Plasma Cell,pDC,MIF,CD74_CD44,0.068175267722933,0.23,317,31
NBM2,Chen2023,Healthy,cellchat,Pro-Monocyte,pDC,MIF,CD74_CD44,0.0669259768585977,0.31,62,31
NBM2,Chen2023,Healthy,cellchat,B,Pro-Monocyte,MIF,CD74_CD44,0.0778582624771978,0.01,170,62
NBM2,Chen2023,Healthy,cellchat,CD4 Memory T,Pro-Monocyte,MIF,CD74_CD44,0.113030434032685,0,197,62
NBM2,Chen2023,Healthy,cellchat,CD8 Memory T,Pro-Monocyte,MIF,CD74_CD44,0.0847223055323292,0,116,62
NBM2,Chen2023,Healthy,cellchat,cDC,Pro-Monocyte,MIF,CD74_CD44,0.120750154474,0,32,62
NBM2,Chen2023,Healthy,cellchat,Cycling Progenitor,Pro-Monocyte,MIF,CD74_CD44,0.158853071766099,0,14,62
NBM2,Chen2023,Healthy,cellchat,Early GMP,Pro-Monocyte,MIF,CD74_CD44,0.159442949474572,0,47,62
NBM2,Chen2023,Healthy,cellchat,HSC MPP,Pro-Monocyte,MIF,CD74_CD44,0.122919946595409,0,144,62
NBM2,Chen2023,Healthy,cellchat,Late GMP,Pro-Monocyte,MIF,CD74_CD44,0.156006041453085,0,32,62
NBM2,Chen2023,Healthy,cellchat,LMPP,Pro-Monocyte,MIF,CD74_CD44,0.146725428407135,0,34,62
NBM2,Chen2023,Healthy,cellchat,MEP,Pro-Monocyte,MIF,CD74_CD44,0.118832690128814,0,16,62
NBM2,Chen2023,Healthy,cellchat,Monocyte,Pro-Monocyte,MIF,CD74_CD44,0.0617556099579799,0.59,404,62
NBM2,Chen2023,Healthy,cellchat,Naive T,Pro-Monocyte,MIF,CD74_CD44,0.110195687490665,0,818,62
NBM2,Chen2023,Healthy,cellchat,NK,Pro-Monocyte,MIF,CD74_CD44,0.10558910353497,0,55,62
NBM2,Chen2023,Healthy,cellchat,pDC,Pro-Monocyte,MIF,CD74_CD44,0.115659701017137,0,31,62
NBM2,Chen2023,Healthy,cellchat,Plasma Cell,Pro-Monocyte,MIF,CD74_CD44,0.0809670006289582,0,317,62
NBM2,Chen2023,Healthy,cellchat,Pro-B,Pro-Monocyte,MIF,CD74_CD44,0.0350475199065324,0.99,21,62
NBM2,Chen2023,Healthy,cellchat,Pro-Monocyte,Pro-Monocyte,MIF,CD74_CD44,0.0795033045871989,0,62,62
NBM2,Chen2023,Healthy,cellchat,cDC,cDC,IL1B,IL1R2,0.00319055177161623,0,32,32
NBM2,Chen2023,Healthy,cellchat,Cycling Progenitor,cDC,IL1B,IL1R2,0.000886650586472295,0,14,32
NBM2,Chen2023,Healthy,cellchat,Early GMP,cDC,IL1B,IL1R2,0.00275238142287667,0,47,32
NBM2,Chen2023,Healthy,cellchat,LMPP,cDC,IL1B,IL1R2,0.00117869464999348,0,34,32
NBM2,Chen2023,Healthy,cellchat,MEP,cDC,IL1B,IL1R2,0.0047599007127369,0,16,32
NBM2,Chen2023,Healthy,cellchat,Monocyte,cDC,IL1B,IL1R2,0.0108887470736874,0,404,32
NBM2,Chen2023,Healthy,cellchat,CD8 Memory T,CD4 Memory T,IL16,CD4,0.00269697862754488,0,116,197
NBM2,Chen2023,Healthy,cellchat,cDC,CD4 Memory T,IL16,CD4,0.00143930429928447,0,32,197
NBM2,Chen2023,Healthy,cellchat,Cycling Progenitor,CD4 Memory T,IL16,CD4,0.000481335418528035,0,14,197
NBM2,Chen2023,Healthy,cellchat,Naive T,CD4 Memory T,IL16,CD4,0.00251507297552974,0,818,197
NBM2,Chen2023,Healthy,cellchat,NK,CD4 Memory T,IL16,CD4,0.00323445374054546,0,55,197
NBM2,Chen2023,Healthy,cellchat,pDC,CD4 Memory T,IL16,CD4,0.00403472838723775,0,31,197
NBM2,Chen2023,Healthy,cellchat,CD8 Memory T,cDC,IL16,CD4,0.00205863822434905,0,116,32
NBM2,Chen2023,Healthy,cellchat,cDC,cDC,IL16,CD4,0.00109831152572201,0.02,32,32
NBM2,Chen2023,Healthy,cellchat,Cycling Progenitor,cDC,IL16,CD4,0.000367216376826617,0.04,14,32
NBM2,Chen2023,Healthy,cellchat,Naive T,cDC,IL16,CD4,0.00191970444149766,0,818,32
NBM2,Chen2023,Healthy,cellchat,NK,cDC,IL16,CD4,0.00246921480807432,0,55,32
NBM2,Chen2023,Healthy,cellchat,pDC,cDC,IL16,CD4,0.00308073778436419,0.01,31,32
NBM2,Chen2023,Healthy,cellchat,CD8 Memory T,Monocyte,IL16,CD4,0.0037657232149998,0,116,404
NBM2,Chen2023,Healthy,cellchat,cDC,Monocyte,IL16,CD4,0.00201066907701054,0,32,404
NBM2,Chen2023,Healthy,cellchat,Cycling Progenitor,Monocyte,IL16,CD4,0.00067266870381555,0,14,404
NBM2,Chen2023,Healthy,cellchat,Naive T,Monocyte,IL16,CD4,0.00351198678727612,0,818,404
NBM2,Chen2023,Healthy,cellchat,NK,Monocyte,IL16,CD4,0.00451522186725094,0,55,404
NBM2,Chen2023,Healthy,cellchat,pDC,Monocyte,IL16,CD4,0.00563059651018425,0,31,404
NBM2,Chen2023,Healthy,cellchat,CD8 Memory T,Pro-Monocyte,IL16,CD4,0.00237258528613114,0,116,62
NBM2,Chen2023,Healthy,cellchat,cDC,Pro-Monocyte,IL16,CD4,0.0012659923479065,0,32,62
NBM2,Chen2023,Healthy,cellchat,Cycling Progenitor,Pro-Monocyte,IL16,CD4,0.000423327139161599,0.01,14,62
NBM2,Chen2023,Healthy,cellchat,Naive T,Pro-Monocyte,IL16,CD4,0.00221251075676766,0,818,62
NBM2,Chen2023,Healthy,cellchat,NK,Pro-Monocyte,IL16,CD4,0.0028455972013285,0,55,62
NBM2,Chen2023,Healthy,cellchat,pDC,Pro-Monocyte,IL16,CD4,0.00355000288930191,0,31,62
NBM2,Chen2023,Healthy,cellchat,cDC,Plasma Cell,TNFSF13B,TNFRSF17,0.0149321179903357,0,32,317
NBM2,Chen2023,Healthy,cellchat,Cycling Progenitor,Plasma Cell,TNFSF13B,TNFRSF17,0.022318415315636,0,14,317
NBM2,Chen2023,Healthy,cellchat,Early GMP,Plasma Cell,TNFSF13B,TNFRSF17,0.0233873501772882,0,47,317
NBM2,Chen2023,Healthy,cellchat,HSC MPP,Plasma Cell,TNFSF13B,TNFRSF17,0.00376055791601145,0,144,317
NBM2,Chen2023,Healthy,cellchat,Late GMP,Plasma Cell,TNFSF13B,TNFRSF17,0.0280992904152948,0,32,317
NBM2,Chen2023,Healthy,cellchat,LMPP,Plasma Cell,TNFSF13B,TNFRSF17,0.0128225412270816,0,34,317
NBM2,Chen2023,Healthy,cellchat,MEP,Plasma Cell,TNFSF13B,TNFRSF17,0.0009098926738434,0,16,317
NBM2,Chen2023,Healthy,cellchat,Monocyte,Plasma Cell,TNFSF13B,TNFRSF17,0.0266978487582455,0,404,317
NBM2,Chen2023,Healthy,cellchat,pDC,Plasma Cell,TNFSF13B,TNFRSF17,0.0135078056405945,0,31,317
NBM2,Chen2023,Healthy,cellchat,Pro-Monocyte,Plasma Cell,TNFSF13B,TNFRSF17,0.0230248988180036,0,62,317
NBM2,Chen2023,Healthy,cellchat,cDC,Plasma Cell,TNFSF13B,TNFRSF13B,0.0100992051898697,0,32,317
NBM2,Chen2023,Healthy,cellchat,Cycling Progenitor,Plasma Cell,TNFSF13B,TNFRSF13B,0.0151315842169445,0,14,317
NBM2,Chen2023,Healthy,cellchat,Early GMP,Plasma Cell,TNFSF13B,TNFRSF13B,0.0158618921010583,0,47,317
NBM2,Chen2023,Healthy,cellchat,HSC MPP,Plasma Cell,TNFSF13B,TNFRSF13B,0.00253411820372028,0,144,317
NBM2,Chen2023,Healthy,cellchat,Late GMP,Plasma Cell,TNFSF13B,TNFRSF13B,0.0190872819351342,0,32,317
NBM2,Chen2023,Healthy,cellchat,LMPP,Plasma Cell,TNFSF13B,TNFRSF13B,0.00866640473644769,0,34,317
NBM2,Chen2023,Healthy,cellchat,MEP,Plasma Cell,TNFSF13B,TNFRSF13B,0.000612575550679987,0,16,317
NBM2,Chen2023,Healthy,cellchat,Monocyte,Plasma Cell,TNFSF13B,TNFRSF13B,0.0181269277695892,0,404,317
NBM2,Chen2023,Healthy,cellchat,pDC,Plasma Cell,TNFSF13B,TNFRSF13B,0.00913161079592263,0,31,317
NBM2,Chen2023,Healthy,cellchat,Pro-Monocyte,Plasma Cell,TNFSF13B,TNFRSF13B,0.0156142037689082,0,62,317
NBM2,Chen2023,Healthy,cellchat,cDC,B,TNFSF13B,TNFRSF13C,0.0290404978528971,0,32,170
NBM2,Chen2023,Healthy,cellchat,Cycling Progenitor,B,TNFSF13B,TNFRSF13C,0.0431002746092423,0,14,170
NBM2,Chen2023,Healthy,cellchat,Early GMP,B,TNFSF13B,TNFRSF13C,0.0451186177539501,0,47,170
NBM2,Chen2023,Healthy,cellchat,HSC MPP,B,TNFSF13B,TNFRSF13C,0.00739287943043907,0,144,170
NBM2,Chen2023,Healthy,cellchat,Late GMP,B,TNFSF13B,TNFRSF13C,0.0539669001337757,0,32,170
NBM2,Chen2023,Healthy,cellchat,LMPP,B,TNFSF13B,TNFRSF13C,0.0249882818934236,0,34,170
NBM2,Chen2023,Healthy,cellchat,MEP,B,TNFSF13B,TNFRSF13C,0.00179371523450768,0,16,170
NBM2,Chen2023,Healthy,cellchat,Monocyte,B,TNFSF13B,TNFRSF13C,0.0513434763182442,0,404,170
NBM2,Chen2023,Healthy,cellchat,pDC,B,TNFSF13B,TNFRSF13C,0.0263063842629835,0,31,170
NBM2,Chen2023,Healthy,cellchat,Pro-Monocyte,B,TNFSF13B,TNFRSF13C,0.0444347039431912,0,62,170
NBM2,Chen2023,Healthy,cellchat,cDC,Plasma Cell,TNFSF13B,TNFRSF13C,0.00225660829046177,0,32,317
NBM2,Chen2023,Healthy,cellchat,Cycling Progenitor,Plasma Cell,TNFSF13B,TNFRSF13C,0.00339446457360265,0,14,317
NBM2,Chen2023,Healthy,cellchat,Early GMP,Plasma Cell,TNFSF13B,TNFRSF13C,0.0035603422049854,0,47,317
NBM2,Chen2023,Healthy,cellchat,HSC MPP,Plasma Cell,TNFSF13B,TNFRSF13C,0.00056289330725823,0,144,317
NBM2,Chen2023,Healthy,cellchat,Late GMP,Plasma Cell,TNFSF13B,TNFRSF13C,0.00429522687443637,0,32,317
NBM2,Chen2023,Healthy,cellchat,LMPP,Plasma Cell,TNFSF13B,TNFRSF13C,0.00193428327859762,0,34,317
NBM2,Chen2023,Healthy,cellchat,MEP,Plasma Cell,TNFSF13B,TNFRSF13C,0.000135865304194212,0,16,317
NBM2,Chen2023,Healthy,cellchat,Monocyte,Plasma Cell,TNFSF13B,TNFRSF13C,0.00407602499074004,0,404,317
NBM2,Chen2023,Healthy,cellchat,pDC,Plasma Cell,TNFSF13B,TNFRSF13C,0.00203885737744045,0,31,317
NBM2,Chen2023,Healthy,cellchat,Pro-Monocyte,Plasma Cell,TNFSF13B,TNFRSF13C,0.00350406241165965,0,62,317
NBM2,Chen2023,Healthy,cellchat,Late GMP,Monocyte,RETN,TLR4,0.00160663507351023,0,32,404
NBM2,Chen2023,Healthy,cellchat,Monocyte,Monocyte,RETN,TLR4,0.00344666839459126,0,404,404
NBM2,Chen2023,Healthy,cellchat,Pro-Monocyte,Monocyte,RETN,TLR4,0.0193717582929575,0,62,404
NBM2,Chen2023,Healthy,cellchat,Late GMP,Pro-Monocyte,RETN,TLR4,0.00155205773232963,0,32,62
NBM2,Chen2023,Healthy,cellchat,Monocyte,Pro-Monocyte,RETN,TLR4,0.0033297936479384,0,404,62
NBM2,Chen2023,Healthy,cellchat,Pro-Monocyte,Pro-Monocyte,RETN,TLR4,0.0187250186650156,0,62,62
NBM2,Chen2023,Healthy,cellchat,Late GMP,B,RETN,CAP1,0.00158135273813348,0,32,170
NBM2,Chen2023,Healthy,cellchat,Monocyte,B,RETN,CAP1,0.00339252931090422,0,404,170
NBM2,Chen2023,Healthy,cellchat,Pro-Monocyte,B,RETN,CAP1,0.0190722607123708,0,62,170
NBM2,Chen2023,Healthy,cellchat,Late GMP,CD4 Memory T,RETN,CAP1,0.00177405980802662,0,32,197
NBM2,Chen2023,Healthy,cellchat,Monocyte,CD4 Memory T,RETN,CAP1,0.00380510911031999,0,404,197
NBM2,Chen2023,Healthy,cellchat,Pro-Monocyte,CD4 Memory T,RETN,CAP1,0.021350866689928,0,62,197
NBM2,Chen2023,Healthy,cellchat,Late GMP,CD8 Memory T,RETN,CAP1,0.00571092745798719,0,32,116
NBM2,Chen2023,Healthy,cellchat,Monocyte,CD8 Memory T,RETN,CAP1,0.012194078913944,0,404,116
NBM2,Chen2023,Healthy,cellchat,Pro-Monocyte,CD8 Memory T,RETN,CAP1,0.0658647185096309,0,62,116
NBM2,Chen2023,Healthy,cellchat,Late GMP,cDC,RETN,CAP1,0.00907684256510221,0,32,32
NBM2,Chen2023,Healthy,cellchat,Monocyte,cDC,RETN,CAP1,0.0193068475300044,0,404,32
NBM2,Chen2023,Healthy,cellchat,Pro-Monocyte,cDC,RETN,CAP1,0.101079941931251,0,62,32
NBM2,Chen2023,Healthy,cellchat,Late GMP,Cycling Progenitor,RETN,CAP1,0.00263256298449188,0,32,14
NBM2,Chen2023,Healthy,cellchat,Monocyte,Cycling Progenitor,RETN,CAP1,0.00564092371868133,0,404,14
NBM2,Chen2023,Healthy,cellchat,Pro-Monocyte,Cycling Progenitor,RETN,CAP1,0.0313851211343626,0,62,14
NBM2,Chen2023,Healthy,cellchat,Late GMP,Early GMP,RETN,CAP1,0.00294244006370168,0,32,47
NBM2,Chen2023,Healthy,cellchat,Monocyte,Early GMP,RETN,CAP1,0.0063026750140077,0,404,47
NBM2,Chen2023,Healthy,cellchat,Pro-Monocyte,Early GMP,RETN,CAP1,0.0349608058151817,0,62,47
NBM2,Chen2023,Healthy,cellchat,Late GMP,HSC MPP,RETN,CAP1,0.00268260664033641,0,32,144
NBM2,Chen2023,Healthy,cellchat,Monocyte,HSC MPP,RETN,CAP1,0.00574782517987066,0,404,144
NBM2,Chen2023,Healthy,cellchat,Pro-Monocyte,HSC MPP,RETN,CAP1,0.0319642191599964,0,62,144
NBM2,Chen2023,Healthy,cellchat,Late GMP,Late GMP,RETN,CAP1,0.00344437190906903,0,32,32
NBM2,Chen2023,Healthy,cellchat,Monocyte,Late GMP,RETN,CAP1,0.00737356862763706,0,404,32
NBM2,Chen2023,Healthy,cellchat,Pro-Monocyte,Late GMP,RETN,CAP1,0.040701583659416,0,62,32
NBM2,Chen2023,Healthy,cellchat,Late GMP,LMPP,RETN,CAP1,0.00283559539855516,0,32,34
NBM2,Chen2023,Healthy,cellchat,Monocyte,LMPP,RETN,CAP1,0.00607455826616349,0,404,34
NBM2,Chen2023,Healthy,cellchat,Pro-Monocyte,LMPP,RETN,CAP1,0.0337306557742811,0,62,34
NBM2,Chen2023,Healthy,cellchat,Late GMP,MEP,RETN,CAP1,0.00270910733641143,0,32,16
NBM2,Chen2023,Healthy,cellchat,Monocyte,MEP,RETN,CAP1,0.00580443005117011,0,404,16
NBM2,Chen2023,Healthy,cellchat,Pro-Monocyte,MEP,RETN,CAP1,0.0322706245897144,0,62,16
NBM2,Chen2023,Healthy,cellchat,Late GMP,Monocyte,RETN,CAP1,0.00676719860852726,0,32,404
NBM2,Chen2023,Healthy,cellchat,Monocyte,Monocyte,RETN,CAP1,0.0144320439486164,0,404,404
NBM2,Chen2023,Healthy,cellchat,Pro-Monocyte,Monocyte,RETN,CAP1,0.0771831456349984,0,62,404
NBM2,Chen2023,Healthy,cellchat,Late GMP,Naive T,RETN,CAP1,0.001670398522948,0,32,818
NBM2,Chen2023,Healthy,cellchat,Monocyte,Naive T,RETN,CAP1,0.00358319621462762,0,404,818
NBM2,Chen2023,Healthy,cellchat,Pro-Monocyte,Naive T,RETN,CAP1,0.0201263633752745,0,62,818
NBM2,Chen2023,Healthy,cellchat,Late GMP,NK,RETN,CAP1,0.0068459249272099,0,32,55
NBM2,Chen2023,Healthy,cellchat,Monocyte,NK,RETN,CAP1,0.0145986287584233,0,404,55
NBM2,Chen2023,Healthy,cellchat,Pro-Monocyte,NK,RETN,CAP1,0.0780167114891761,0,62,55
NBM2,Chen2023,Healthy,cellchat,Late GMP,pDC,RETN,CAP1,0.00610473137007702,0,32,31
NBM2,Chen2023,Healthy,cellchat,Monocyte,pDC,RETN,CAP1,0.013029078226981,0,404,31
NBM2,Chen2023,Healthy,cellchat,Pro-Monocyte,pDC,RETN,CAP1,0.0701139981207924,0,62,31
NBM2,Chen2023,Healthy,cellchat,Late GMP,Pro-B,RETN,CAP1,0.00167837010457719,0,32,21
NBM2,Chen2023,Healthy,cellchat,Monocyte,Pro-B,RETN,CAP1,0.00360026325101258,0,404,21
NBM2,Chen2023,Healthy,cellchat,Pro-Monocyte,Pro-B,RETN,CAP1,0.0202206277347586,0,62,21
NBM2,Chen2023,Healthy,cellchat,Late GMP,Pro-Monocyte,RETN,CAP1,0.00899871884071877,0,32,62
NBM2,Chen2023,Healthy,cellchat,Monocyte,Pro-Monocyte,RETN,CAP1,0.0191423758004088,0,404,62
NBM2,Chen2023,Healthy,cellchat,Pro-Monocyte,Pro-Monocyte,RETN,CAP1,0.100290097783698,0,62,62
NBM2,Chen2023,Healthy,cellchat,cDC,cDC,NAMPT,ITGA5_ITGB1,0.00672798752392237,0.01,32,32
NBM2,Chen2023,Healthy,cellchat,Cycling Progenitor,cDC,NAMPT,ITGA5_ITGB1,0.00183214575084963,0,14,32
NBM2,Chen2023,Healthy,cellchat,Early GMP,cDC,NAMPT,ITGA5_ITGB1,0.00207169160623531,0.01,47,32
NBM2,Chen2023,Healthy,cellchat,HSC MPP,cDC,NAMPT,ITGA5_ITGB1,0.00275290651429102,0,144,32
NBM2,Chen2023,Healthy,cellchat,Late GMP,cDC,NAMPT,ITGA5_ITGB1,0.00323973647621774,0,32,32
NBM2,Chen2023,Healthy,cellchat,LMPP,cDC,NAMPT,ITGA5_ITGB1,0.000826068868358549,0.02,34,32
NBM2,Chen2023,Healthy,cellchat,MEP,cDC,NAMPT,ITGA5_ITGB1,0.00102715048518391,0.01,16,32
NBM2,Chen2023,Healthy,cellchat,Monocyte,cDC,NAMPT,ITGA5_ITGB1,0.0171550673995225,0,404,32
NBM2,Chen2023,Healthy,cellchat,pDC,cDC,NAMPT,ITGA5_ITGB1,0.00060384884269317,0.02,31,32
NBM2,Chen2023,Healthy,cellchat,Plasma Cell,cDC,NAMPT,ITGA5_ITGB1,0.00245550162978512,0,317,32
NBM2,Chen2023,Healthy,cellchat,Pro-Monocyte,cDC,NAMPT,ITGA5_ITGB1,0.0103180736647032,0,62,32
NBM2,Chen2023,Healthy,cellchat,cDC,Early GMP,NAMPT,ITGA5_ITGB1,0.010620849663142,0,32,47
NBM2,Chen2023,Healthy,cellchat,Cycling Progenitor,Early GMP,NAMPT,ITGA5_ITGB1,0.00290051063796921,0,14,47
NBM2,Chen2023,Healthy,cellchat,Early GMP,Early GMP,NAMPT,ITGA5_ITGB1,0.00327928209727527,0,47,47
NBM2,Chen2023,Healthy,cellchat,HSC MPP,Early GMP,NAMPT,ITGA5_ITGB1,0.00435584444105055,0,144,47
NBM2,Chen2023,Healthy,cellchat,Late GMP,Early GMP,NAMPT,ITGA5_ITGB1,0.00512468473515088,0,32,47
NBM2,Chen2023,Healthy,cellchat,LMPP,Early GMP,NAMPT,ITGA5_ITGB1,0.00130853705900955,0,34,47
NBM2,Chen2023,Healthy,cellchat,MEP,Early GMP,NAMPT,ITGA5_ITGB1,0.00162686982220107,0,16,47
NBM2,Chen2023,Healthy,cellchat,Monocyte,Early GMP,NAMPT,ITGA5_ITGB1,0.0269176142803802,0,404,47
NBM2,Chen2023,Healthy,cellchat,pDC,Early GMP,NAMPT,ITGA5_ITGB1,0.000956652974652349,0,31,47
NBM2,Chen2023,Healthy,cellchat,Plasma Cell,Early GMP,NAMPT,ITGA5_ITGB1,0.00388594407248675,0,317,47
NBM2,Chen2023,Healthy,cellchat,Pro-Monocyte,Early GMP,NAMPT,ITGA5_ITGB1,0.0162541928350611,0,62,47
NBM2,Chen2023,Healthy,cellchat,cDC,Monocyte,NAMPT,ITGA5_ITGB1,0.0217874801947883,0,32,404
NBM2,Chen2023,Healthy,cellchat,Cycling Progenitor,Monocyte,NAMPT,ITGA5_ITGB1,0.00599929121561138,0,14,404
NBM2,Chen2023,Healthy,cellchat,Early GMP,Monocyte,NAMPT,ITGA5_ITGB1,0.0067799741937139,0,47,404
NBM2,Chen2023,Healthy,cellchat,HSC MPP,Monocyte,NAMPT,ITGA5_ITGB1,0.00899541404293246,0,144,404
NBM2,Chen2023,Healthy,cellchat,Late GMP,Monocyte,NAMPT,ITGA5_ITGB1,0.0105744767849344,0,32,404
NBM2,Chen2023,Healthy,cellchat,LMPP,Monocyte,NAMPT,ITGA5_ITGB1,0.0027111461857341,0,34,404
NBM2,Chen2023,Healthy,cellchat,MEP,Monocyte,NAMPT,ITGA5_ITGB1,0.00336954572387608,0,16,404
NBM2,Chen2023,Healthy,cellchat,Monocyte,Monocyte,NAMPT,ITGA5_ITGB1,0.0542784598543198,0,404,404
NBM2,Chen2023,Healthy,cellchat,pDC,Monocyte,NAMPT,ITGA5_ITGB1,0.00198282957657963,0,31,404
NBM2,Chen2023,Healthy,cellchat,Plasma Cell,Monocyte,NAMPT,ITGA5_ITGB1,0.00802904174648154,0,317,404
NBM2,Chen2023,Healthy,cellchat,Pro-Monocyte,Monocyte,NAMPT,ITGA5_ITGB1,0.0331452301154149,0,62,404
NBM2,Chen2023,Healthy,cellchat,Cycling Progenitor,Plasma Cell,MDK,SDC1,0.0359418546544272,0,14,317
NBM2,Chen2023,Healthy,cellchat,Early GMP,Plasma Cell,MDK,SDC1,0.0122823115065026,0,47,317
NBM2,Chen2023,Healthy,cellchat,HSC MPP,Plasma Cell,MDK,SDC1,0.030525611022786,0,144,317
NBM2,Chen2023,Healthy,cellchat,LMPP,Plasma Cell,MDK,SDC1,0.0177190935803065,0,34,317
NBM2,Chen2023,Healthy,cellchat,MEP,Plasma Cell,MDK,SDC1,0.011925560463545,0,16,317
NBM2,Chen2023,Healthy,cellchat,Plasma Cell,Plasma Cell,MDK,SDC1,0.0127295821119825,0,317,317
NBM2,Chen2023,Healthy,cellchat,Cycling Progenitor,B,MDK,ITGA4_ITGB1,0.0137577402082475,0,14,170
NBM2,Chen2023,Healthy,cellchat,Early GMP,B,MDK,ITGA4_ITGB1,0.00463124250747153,0,47,170
NBM2,Chen2023,Healthy,cellchat,HSC MPP,B,MDK,ITGA4_ITGB1,0.0116441450237514,0,144,170
NBM2,Chen2023,Healthy,cellchat,LMPP,B,MDK,ITGA4_ITGB1,0.00670425639845322,0,34,170
NBM2,Chen2023,Healthy,cellchat,MEP,B,MDK,ITGA4_ITGB1,0.00449571228958707,0,16,170
NBM2,Chen2023,Healthy,cellchat,Plasma Cell,B,MDK,ITGA4_ITGB1,0.00480124741996529,0,317,170
NBM2,Chen2023,Healthy,cellchat,Cycling Progenitor,CD4 Memory T,MDK,ITGA4_ITGB1,0.0289712771548359,0,14,197
NBM2,Chen2023,Healthy,cellchat,Early GMP,CD4 Memory T,MDK,ITGA4_ITGB1,0.0098533769226698,0,47,197
NBM2,Chen2023,Healthy,cellchat,HSC MPP,CD4 Memory T,MDK,ITGA4_ITGB1,0.0245786812607896,0,144,197
NBM2,Chen2023,Healthy,cellchat,LMPP,CD4 Memory T,MDK,ITGA4_ITGB1,0.0142304782231573,0,34,197
NBM2,Chen2023,Healthy,cellchat,MEP,CD4 Memory T,MDK,ITGA4_ITGB1,0.00956649320550052,0,16,197
NBM2,Chen2023,Healthy,cellchat,Plasma Cell,CD4 Memory T,MDK,ITGA4_ITGB1,0.0102131104519616,0,317,197
NBM2,Chen2023,Healthy,cellchat,Cycling Progenitor,CD8 Memory T,MDK,ITGA4_ITGB1,0.0209319243473906,0,14,116
NBM2,Chen2023,Healthy,cellchat,Early GMP,CD8 Memory T,MDK,ITGA4_ITGB1,0.00708044173340764,0,47,116
NBM2,Chen2023,Healthy,cellchat,HSC MPP,CD8 Memory T,MDK,ITGA4_ITGB1,0.0177359833092612,0,144,116
NBM2,Chen2023,Healthy,cellchat,LMPP,CD8 Memory T,MDK,ITGA4_ITGB1,0.0102384774299441,0,34,116
NBM2,Chen2023,Healthy,cellchat,MEP,CD8 Memory T,MDK,ITGA4_ITGB1,0.0068737322978727,0,16,116
NBM2,Chen2023,Healthy,cellchat,Plasma Cell,CD8 Memory T,MDK,ITGA4_ITGB1,0.00733968956728048,0,317,116
NBM2,Chen2023,Healthy,cellchat,Cycling Progenitor,cDC,MDK,ITGA4_ITGB1,0.0198354269095591,0,14,32
NBM2,Chen2023,Healthy,cellchat,Early GMP,cDC,MDK,ITGA4_ITGB1,0.0067045712232381,0,47,32
NBM2,Chen2023,Healthy,cellchat,HSC MPP,cDC,MDK,ITGA4_ITGB1,0.0168040285614238,0,144,32
NBM2,Chen2023,Healthy,cellchat,LMPP,cDC,MDK,ITGA4_ITGB1,0.00969659744275484,0,34,32
NBM2,Chen2023,Healthy,cellchat,MEP,cDC,MDK,ITGA4_ITGB1,0.00650876317959526,0,16,32
NBM2,Chen2023,Healthy,cellchat,Plasma Cell,cDC,MDK,ITGA4_ITGB1,0.0069501530258417,0,317,32
NBM2,Chen2023,Healthy,cellchat,Cycling Progenitor,Cycling Progenitor,MDK,ITGA4_ITGB1,0.0249042839487304,0,14,14
NBM2,Chen2023,Healthy,cellchat,Early GMP,Cycling Progenitor,MDK,ITGA4_ITGB1,0.00844681236832473,0,47,14
NBM2,Chen2023,Healthy,cellchat,HSC MPP,Cycling Progenitor,MDK,ITGA4_ITGB1,0.0211149128468698,0,144,14
NBM2,Chen2023,Healthy,cellchat,LMPP,Cycling Progenitor,MDK,ITGA4_ITGB1,0.0122067877358446,0,34,14
NBM2,Chen2023,Healthy,cellchat,MEP,Cycling Progenitor,MDK,ITGA4_ITGB1,0.00820054198141199,0,16,14
NBM2,Chen2023,Healthy,cellchat,Plasma Cell,Cycling Progenitor,MDK,ITGA4_ITGB1,0.00875564821135685,0,317,14
NBM2,Chen2023,Healthy,cellchat,Cycling Progenitor,Early GMP,MDK,ITGA4_ITGB1,0.0302170999800223,0,14,47
NBM2,Chen2023,Healthy,cellchat,Early GMP,Early GMP,MDK,ITGA4_ITGB1,0.0102858001544031,0,47,47
NBM2,Chen2023,Healthy,cellchat,HSC MPP,Early GMP,MDK,ITGA4_ITGB1,0.0256406014481361,0,144,47
NBM2,Chen2023,Healthy,cellchat,LMPP,Early GMP,MDK,ITGA4_ITGB1,0.0148521126325431,0,34,47
NBM2,Chen2023,Healthy,cellchat,MEP,Early GMP,MDK,ITGA4_ITGB1,0.00998645330046077,0,16,47
NBM2,Chen2023,Healthy,cellchat,Plasma Cell,Early GMP,MDK,ITGA4_ITGB1,0.0106611508893271,0,317,47
NBM2,Chen2023,Healthy,cellchat,Cycling Progenitor,HSC MPP,MDK,ITGA4_ITGB1,0.0251795276613491,0,14,144
NBM2,Chen2023,Healthy,cellchat,Early GMP,HSC MPP,MDK,ITGA4_ITGB1,0.00854176040307695,0,47,144
NBM2,Chen2023,Healthy,cellchat,HSC MPP,HSC MPP,MDK,ITGA4_ITGB1,0.0213491931397221,0,144,144
NBM2,Chen2023,Healthy,cellchat,LMPP,HSC MPP,MDK,ITGA4_ITGB1,0.0123434743660431,0,34,144
NBM2,Chen2023,Healthy,cellchat,MEP,HSC MPP,MDK,ITGA4_ITGB1,0.00829274491800793,0,16,144
NBM2,Chen2023,Healthy,cellchat,Plasma Cell,HSC MPP,MDK,ITGA4_ITGB1,0.00885403677648734,0,317,144
NBM2,Chen2023,Healthy,cellchat,Cycling Progenitor,Late GMP,MDK,ITGA4_ITGB1,0.0316159529625913,0,14,32
NBM2,Chen2023,Healthy,cellchat,Early GMP,Late GMP,MDK,ITGA4_ITGB1,0.0107722141403953,0,47,32
NBM2,Chen2023,Healthy,cellchat,HSC MPP,Late GMP,MDK,ITGA4_ITGB1,0.0268334547693977,0,144,32
NBM2,Chen2023,Healthy,cellchat,LMPP,Late GMP,MDK,ITGA4_ITGB1,0.0155510738657227,0,34,32
NBM2,Chen2023,Healthy,cellchat,MEP,Late GMP,MDK,ITGA4_ITGB1,0.0104588608125407,0,16,32
NBM2,Chen2023,Healthy,cellchat,Plasma Cell,Late GMP,MDK,ITGA4_ITGB1,0.0111651149131178,0,317,32
NBM2,Chen2023,Healthy,cellchat,Cycling Progenitor,LMPP,MDK,ITGA4_ITGB1,0.0346784682146391,0,14,34
NBM2,Chen2023,Healthy,cellchat,Early GMP,LMPP,MDK,ITGA4_ITGB1,0.0118403637310618,0,47,34
NBM2,Chen2023,Healthy,cellchat,HSC MPP,LMPP,MDK,ITGA4_ITGB1,0.0294467948505262,0,144,34
NBM2,Chen2023,Healthy,cellchat,LMPP,LMPP,MDK,ITGA4_ITGB1,0.0170849008746027,0,34,34
NBM2,Chen2023,Healthy,cellchat,MEP,LMPP,MDK,ITGA4_ITGB1,0.0114963000574515,0,16,34
NBM2,Chen2023,Healthy,cellchat,Plasma Cell,LMPP,MDK,ITGA4_ITGB1,0.0122717403961687,0,317,34
NBM2,Chen2023,Healthy,cellchat,Cycling Progenitor,MEP,MDK,ITGA4_ITGB1,0.0405099437548802,0,14,16
NBM2,Chen2023,Healthy,cellchat,Early GMP,MEP,MDK,ITGA4_ITGB1,0.0138866667689635,0,47,16
NBM2,Chen2023,Healthy,cellchat,HSC MPP,MEP,MDK,ITGA4_ITGB1,0.0344298984282356,0,144,16
NBM2,Chen2023,Healthy,cellchat,LMPP,MEP,MDK,ITGA4_ITGB1,0.0200192250613381,0,34,16
NBM2,Chen2023,Healthy,cellchat,MEP,MEP,MDK,ITGA4_ITGB1,0.0134839519160875,0,16,16
NBM2,Chen2023,Healthy,cellchat,Plasma Cell,MEP,MDK,ITGA4_ITGB1,0.0143915100437434,0,317,16
NBM2,Chen2023,Healthy,cellchat,Cycling Progenitor,NK,MDK,ITGA4_ITGB1,0.0476040251478289,0,14,55
NBM2,Chen2023,Healthy,cellchat,Early GMP,NK,MDK,ITGA4_ITGB1,0.016398173325246,0,47,55
NBM2,Chen2023,Healthy,cellchat,HSC MPP,NK,MDK,ITGA4_ITGB1,0.0405041922925777,0,144,55
NBM2,Chen2023,Healthy,cellchat,LMPP,NK,MDK,ITGA4_ITGB1,0.0236132914609669,0,34,55
NBM2,Chen2023,Healthy,cellchat,MEP,NK,MDK,ITGA4_ITGB1,0.0159238006339525,0,16,55
NBM2,Chen2023,Healthy,cellchat,Plasma Cell,NK,MDK,ITGA4_ITGB1,0.0169927478804659,0,317,55
NBM2,Chen2023,Healthy,cellchat,Cycling Progenitor,pDC,MDK,ITGA4_ITGB1,0.0244676156799942,0,14,31
NBM2,Chen2023,Healthy,cellchat,Early GMP,pDC,MDK,ITGA4_ITGB1,0.00829625199406163,0,47,31
NBM2,Chen2023,Healthy,cellchat,HSC MPP,pDC,MDK,ITGA4_ITGB1,0.0207432734552218,0,144,31
NBM2,Chen2023,Healthy,cellchat,LMPP,pDC,MDK,ITGA4_ITGB1,0.0119900180196999,0,34,31
NBM2,Chen2023,Healthy,cellchat,MEP,pDC,MDK,ITGA4_ITGB1,0.00805433560162262,0,16,31
NBM2,Chen2023,Healthy,cellchat,Plasma Cell,pDC,MDK,ITGA4_ITGB1,0.00859963072945442,0,317,31
NBM2,Chen2023,Healthy,cellchat,Cycling Progenitor,Plasma Cell,MDK,ITGA4_ITGB1,0.00887936031367159,0,14,317
NBM2,Chen2023,Healthy,cellchat,Early GMP,Plasma Cell,MDK,ITGA4_ITGB1,0.0029792666159292,0,47,317
NBM2,Chen2023,Healthy,cellchat,HSC MPP,Plasma Cell,MDK,ITGA4_ITGB1,0.00750952172697381,0,144,317
NBM2,Chen2023,Healthy,cellchat,LMPP,Plasma Cell,MDK,ITGA4_ITGB1,0.00431603756000456,0,34,317
NBM2,Chen2023,Healthy,cellchat,MEP,Plasma Cell,MDK,ITGA4_ITGB1,0.00289193991048335,0.02,16,317
NBM2,Chen2023,Healthy,cellchat,Plasma Cell,Plasma Cell,MDK,ITGA4_ITGB1,0.00308881852816575,0,317,317
NBM2,Chen2023,Healthy,cellchat,Cycling Progenitor,Pro-B,MDK,ITGA4_ITGB1,0.0170147913211288,0,14,21
NBM2,Chen2023,Healthy,cellchat,Early GMP,Pro-B,MDK,ITGA4_ITGB1,0.00574023313401587,0,47,21
NBM2,Chen2023,Healthy,cellchat,HSC MPP,Pro-B,MDK,ITGA4_ITGB1,0.0144081269976848,0,144,21
NBM2,Chen2023,Healthy,cellchat,LMPP,Pro-B,MDK,ITGA4_ITGB1,0.00830550588693902,0,34,21
NBM2,Chen2023,Healthy,cellchat,MEP,Pro-B,MDK,ITGA4_ITGB1,0.00557243073473788,0,16,21
NBM2,Chen2023,Healthy,cellchat,Plasma Cell,Pro-B,MDK,ITGA4_ITGB1,0.00595070380164708,0,317,21
NBM2,Chen2023,Healthy,cellchat,Cycling Progenitor,Early GMP,MDK,ITGA6_ITGB1,0.0100939348379983,0,14,47
NBM2,Chen2023,Healthy,cellchat,Early GMP,Early GMP,MDK,ITGA6_ITGB1,0.00338954941522846,0,47,47
NBM2,Chen2023,Healthy,cellchat,HSC MPP,Early GMP,MDK,ITGA6_ITGB1,0.00853833535326217,0,144,47
NBM2,Chen2023,Healthy,cellchat,LMPP,Early GMP,MDK,ITGA6_ITGB1,0.00490950417983299,0,34,47
NBM2,Chen2023,Healthy,cellchat,MEP,Early GMP,MDK,ITGA6_ITGB1,0.00329023640147405,0.01,16,47
NBM2,Chen2023,Healthy,cellchat,Plasma Cell,Early GMP,MDK,ITGA6_ITGB1,0.00351413484015813,0,317,47
NBM2,Chen2023,Healthy,cellchat,Cycling Progenitor,HSC MPP,MDK,ITGA6_ITGB1,0.00516042011092855,0,14,144
NBM2,Chen2023,Healthy,cellchat,Early GMP,HSC MPP,MDK,ITGA6_ITGB1,0.00172715487400959,0,47,144
NBM2,Chen2023,Healthy,cellchat,HSC MPP,HSC MPP,MDK,ITGA6_ITGB1,0.00436178576501527,0,144,144
NBM2,Chen2023,Healthy,cellchat,LMPP,HSC MPP,MDK,ITGA6_ITGB1,0.00250352491323061,0,34,144
NBM2,Chen2023,Healthy,cellchat,MEP,HSC MPP,MDK,ITGA6_ITGB1,0.00167646770101335,0,16,144
NBM2,Chen2023,Healthy,cellchat,Plasma Cell,HSC MPP,MDK,ITGA6_ITGB1,0.00179074753511171,0,317,144
NBM2,Chen2023,Healthy,cellchat,Cycling Progenitor,LMPP,MDK,ITGA6_ITGB1,0.0133704323803312,0,14,34
NBM2,Chen2023,Healthy,cellchat,Early GMP,LMPP,MDK,ITGA6_ITGB1,0.00449969156446681,0,47,34
NBM2,Chen2023,Healthy,cellchat,HSC MPP,LMPP,MDK,ITGA6_ITGB1,0.0113156564204004,0,144,34
NBM2,Chen2023,Healthy,cellchat,LMPP,LMPP,MDK,ITGA6_ITGB1,0.00651420664072768,0,34,34
NBM2,Chen2023,Healthy,cellchat,MEP,LMPP,MDK,ITGA6_ITGB1,0.00436799420311367,0,16,34
NBM2,Chen2023,Healthy,cellchat,Plasma Cell,LMPP,MDK,ITGA6_ITGB1,0.00466489010068596,0,317,34
NBM2,Chen2023,Healthy,cellchat,Cycling Progenitor,Plasma Cell,MDK,ITGA6_ITGB1,0.00615072730388217,0,14,317
NBM2,Chen2023,Healthy,cellchat,Early GMP,Plasma Cell,MDK,ITGA6_ITGB1,0.00205996771724952,0,47,317
NBM2,Chen2023,Healthy,cellchat,HSC MPP,Plasma Cell,MDK,ITGA6_ITGB1,0.00519963257023468,0,144,317
NBM2,Chen2023,Healthy,cellchat,LMPP,Plasma Cell,MDK,ITGA6_ITGB1,0.00298549240391172,0,34,317
NBM2,Chen2023,Healthy,cellchat,MEP,Plasma Cell,MDK,ITGA6_ITGB1,0.00199953298006613,0,16,317
NBM2,Chen2023,Healthy,cellchat,Plasma Cell,Plasma Cell,MDK,ITGA6_ITGB1,0.00213578810249572,0,317,317
NBM2,Chen2023,Healthy,cellchat,Cycling Progenitor,cDC,MDK,LRP1,0.00141181323907253,0,14,32
NBM2,Chen2023,Healthy,cellchat,Early GMP,cDC,MDK,LRP1,0.000471341953875553,0,47,32
NBM2,Chen2023,Healthy,cellchat,HSC MPP,cDC,MDK,LRP1,0.00119262342997627,0,144,32
NBM2,Chen2023,Healthy,cellchat,LMPP,cDC,MDK,LRP1,0.000683600520632007,0,34,32
NBM2,Chen2023,Healthy,cellchat,MEP,cDC,MDK,LRP1,0.00045749249373316,0,16,32
NBM2,Chen2023,Healthy,cellchat,Plasma Cell,cDC,MDK,LRP1,0.000488719078797515,0,317,32
NBM2,Chen2023,Healthy,cellchat,Cycling Progenitor,Monocyte,MDK,LRP1,0.0409738528665949,0,14,404
NBM2,Chen2023,Healthy,cellchat,Early GMP,Monocyte,MDK,LRP1,0.0140501576937304,0,47,404
NBM2,Chen2023,Healthy,cellchat,HSC MPP,Monocyte,MDK,LRP1,0.0348267077370141,0,144,404
NBM2,Chen2023,Healthy,cellchat,LMPP,Monocyte,MDK,LRP1,0.0202534331159812,0,34,404
NBM2,Chen2023,Healthy,cellchat,MEP,Monocyte,MDK,LRP1,0.013642767180907,0,16,404
NBM2,Chen2023,Healthy,cellchat,Plasma Cell,Monocyte,MDK,LRP1,0.0145608568414338,0,317,404
NBM2,Chen2023,Healthy,cellchat,Cycling Progenitor,Pro-Monocyte,MDK,LRP1,0.0104425431833274,0,14,62
NBM2,Chen2023,Healthy,cellchat,Early GMP,Pro-Monocyte,MDK,LRP1,0.00350743271941943,0,47,62
NBM2,Chen2023,Healthy,cellchat,HSC MPP,Pro-Monocyte,MDK,LRP1,0.00883369829398426,0,144,62
NBM2,Chen2023,Healthy,cellchat,LMPP,Pro-Monocyte,MDK,LRP1,0.00507997971836471,0,34,62
NBM2,Chen2023,Healthy,cellchat,MEP,Pro-Monocyte,MDK,LRP1,0.00340467755171582,0,16,62
NBM2,Chen2023,Healthy,cellchat,Plasma Cell,Pro-Monocyte,MDK,LRP1,0.00363633522397493,0,317,62
NBM2,Chen2023,Healthy,cellchat,Cycling Progenitor,B,MDK,NCL,0.072869665848406,0,14,170
NBM2,Chen2023,Healthy,cellchat,Early GMP,B,MDK,NCL,0.0255456815001001,0,47,170
NBM2,Chen2023,Healthy,cellchat,HSC MPP,B,MDK,NCL,0.0622479131802071,0,144,170
NBM2,Chen2023,Healthy,cellchat,LMPP,B,MDK,NCL,0.0366357476111397,0,34,170
NBM2,Chen2023,Healthy,cellchat,MEP,B,MDK,NCL,0.0248133618052944,0,16,170
NBM2,Chen2023,Healthy,cellchat,Plasma Cell,B,MDK,NCL,0.0264630082892819,0,317,170
NBM2,Chen2023,Healthy,cellchat,Cycling Progenitor,CD4 Memory T,MDK,NCL,0.0663132251384444,0,14,197
NBM2,Chen2023,Healthy,cellchat,Early GMP,CD4 Memory T,MDK,NCL,0.0231409335806282,0,47,197
NBM2,Chen2023,Healthy,cellchat,HSC MPP,CD4 Memory T,MDK,NCL,0.0565888314946682,0,144,197
NBM2,Chen2023,Healthy,cellchat,LMPP,CD4 Memory T,MDK,NCL,0.0332226265798032,0,34,197
NBM2,Chen2023,Healthy,cellchat,MEP,CD4 Memory T,MDK,NCL,0.0224759609035807,0,16,197
NBM2,Chen2023,Healthy,cellchat,Plasma Cell,CD4 Memory T,MDK,NCL,0.0239740321212165,0,317,197
NBM2,Chen2023,Healthy,cellchat,Cycling Progenitor,CD8 Memory T,MDK,NCL,0.0784648218750839,0,14,116
NBM2,Chen2023,Healthy,cellchat,Early GMP,CD8 Memory T,MDK,NCL,0.027615389486034,0,47,116
NBM2,Chen2023,Healthy,cellchat,HSC MPP,CD8 Memory T,MDK,NCL,0.0670865126530506,0,144,116
NBM2,Chen2023,Healthy,cellchat,LMPP,CD8 Memory T,MDK,NCL,0.0395674873732348,0,34,116
NBM2,Chen2023,Healthy,cellchat,MEP,CD8 Memory T,MDK,NCL,0.0268253706790558,0,16,116
NBM2,Chen2023,Healthy,cellchat,Plasma Cell,CD8 Memory T,MDK,NCL,0.0286048562847697,0,317,116
NBM2,Chen2023,Healthy,cellchat,Cycling Progenitor,cDC,MDK,NCL,0.0770324777406236,0,14,32
NBM2,Chen2023,Healthy,cellchat,Early GMP,cDC,MDK,NCL,0.0270840005842563,0,47,32
NBM2,Chen2023,Healthy,cellchat,HSC MPP,cDC,MDK,NCL,0.0658470336464272,0,144,32
NBM2,Chen2023,Healthy,cellchat,LMPP,cDC,MDK,NCL,0.0388152909096438,0,34,32
NBM2,Chen2023,Healthy,cellchat,MEP,cDC,MDK,NCL,0.0263087724051795,0,16,32
NBM2,Chen2023,Healthy,cellchat,Plasma Cell,cDC,MDK,NCL,0.0280549769077067,0,317,32
NBM2,Chen2023,Healthy,cellchat,Cycling Progenitor,Cycling Progenitor,MDK,NCL,0.100679828880633,0,14,14
NBM2,Chen2023,Healthy,cellchat,Early GMP,Cycling Progenitor,MDK,NCL,0.0359962195912687,0,47,14
NBM2,Chen2023,Healthy,cellchat,HSC MPP,Cycling Progenitor,MDK,NCL,0.0863820539044771,0,144,14
NBM2,Chen2023,Healthy,cellchat,LMPP,Cycling Progenitor,MDK,NCL,0.0513839118933576,0,34,14
NBM2,Chen2023,Healthy,cellchat,MEP,Cycling Progenitor,MDK,NCL,0.0349750663836062,0,16,14
NBM2,Chen2023,Healthy,cellchat,Plasma Cell,Cycling Progenitor,MDK,NCL,0.0372744628466284,0,317,14
NBM2,Chen2023,Healthy,cellchat,Cycling Progenitor,Early GMP,MDK,NCL,0.1009903557024,0,14,47
NBM2,Chen2023,Healthy,cellchat,Early GMP,Early GMP,MDK,NCL,0.0361152544877363,0,47,47
NBM2,Chen2023,Healthy,cellchat,HSC MPP,Early GMP,MDK,NCL,0.086652731156868,0,144,47
NBM2,Chen2023,Healthy,cellchat,LMPP,Early GMP,MDK,NCL,0.0515511107854843,0,34,47
NBM2,Chen2023,Healthy,cellchat,MEP,Early GMP,MDK,NCL,0.0350908473772081,0,16,47
NBM2,Chen2023,Healthy,cellchat,Plasma Cell,Early GMP,MDK,NCL,0.0373975607484054,0,317,47
NBM2,Chen2023,Healthy,cellchat,Cycling Progenitor,HSC MPP,MDK,NCL,0.0806417484641972,0,14,144
NBM2,Chen2023,Healthy,cellchat,Early GMP,HSC MPP,MDK,NCL,0.0284250658975001,0,47,144
NBM2,Chen2023,Healthy,cellchat,HSC MPP,HSC MPP,MDK,NCL,0.0689713863651642,0,144,144
NBM2,Chen2023,Healthy,cellchat,LMPP,HSC MPP,MDK,NCL,0.0407129240320436,0,34,144
NBM2,Chen2023,Healthy,cellchat,MEP,HSC MPP,MDK,NCL,0.02761254169174,0,16,144
NBM2,Chen2023,Healthy,cellchat,Plasma Cell,HSC MPP,MDK,NCL,0.0294426652021322,0,317,144
NBM2,Chen2023,Healthy,cellchat,Cycling Progenitor,Late GMP,MDK,NCL,0.101815454886148,0,14,32
NBM2,Chen2023,Healthy,cellchat,Early GMP,Late GMP,MDK,NCL,0.0364317982914748,0,47,32
NBM2,Chen2023,Healthy,cellchat,HSC MPP,Late GMP,MDK,NCL,0.0873720752577695,0,144,32
NBM2,Chen2023,Healthy,cellchat,LMPP,Late GMP,MDK,NCL,0.0519956489335039,0,34,32
NBM2,Chen2023,Healthy,cellchat,MEP,Late GMP,MDK,NCL,0.0353987421793824,0,16,32
NBM2,Chen2023,Healthy,cellchat,Plasma Cell,Late GMP,MDK,NCL,0.0377249038554493,0,317,32
NBM2,Chen2023,Healthy,cellchat,Cycling Progenitor,LMPP,MDK,NCL,0.0903755533957744,0,14,34
NBM2,Chen2023,Healthy,cellchat,Early GMP,LMPP,MDK,NCL,0.0320759943367344,0,47,34
NBM2,Chen2023,Healthy,cellchat,HSC MPP,LMPP,MDK,NCL,0.0774151458775781,0,144,34
NBM2,Chen2023,Healthy,cellchat,LMPP,LMPP,MDK,NCL,0.0458676017463607,0,34,34
NBM2,Chen2023,Healthy,cellchat,MEP,LMPP,MDK,NCL,0.0311624564425593,0,16,34
NBM2,Chen2023,Healthy,cellchat,Plasma Cell,LMPP,MDK,NCL,0.0332198256703126,0,317,34
NBM2,Chen2023,Healthy,cellchat,Cycling Progenitor,MEP,MDK,NCL,0.0882175366578708,0,14,16
NBM2,Chen2023,Healthy,cellchat,Early GMP,MEP,MDK,NCL,0.0312622294147288,0,47,16
NBM2,Chen2023,Healthy,cellchat,HSC MPP,MEP,MDK,NCL,0.0755409013914612,0,144,16
NBM2,Chen2023,Healthy,cellchat,LMPP,MEP,MDK,NCL,0.0447201107880777,0,34,16
NBM2,Chen2023,Healthy,cellchat,MEP,MEP,MDK,NCL,0.0303711406708917,0,16,16
NBM2,Chen2023,Healthy,cellchat,Plasma Cell,MEP,MDK,NCL,0.0323780125668479,0,317,16
NBM2,Chen2023,Healthy,cellchat,Cycling Progenitor,Monocyte,MDK,NCL,0.0471578755628059,0,14,404
NBM2,Chen2023,Healthy,cellchat,Early GMP,Monocyte,MDK,NCL,0.0162395011697695,0,47,404
NBM2,Chen2023,Healthy,cellchat,HSC MPP,Monocyte,MDK,NCL,0.040121779878255,0,144,404
NBM2,Chen2023,Healthy,cellchat,LMPP,Monocyte,MDK,NCL,0.0233864642589637,0,34,404
NBM2,Chen2023,Healthy,cellchat,MEP,Monocyte,MDK,NCL,0.0157696450163954,0.02,16,404
NBM2,Chen2023,Healthy,cellchat,Plasma Cell,Monocyte,MDK,NCL,0.0168284209290534,0,317,404
NBM2,Chen2023,Healthy,cellchat,Cycling Progenitor,Naive T,MDK,NCL,0.0669380054966162,0,14,818
NBM2,Chen2023,Healthy,cellchat,Early GMP,Naive T,MDK,NCL,0.0233691400943196,0,47,818
NBM2,Chen2023,Healthy,cellchat,HSC MPP,Naive T,MDK,NCL,0.0571275977266267,0,144,818
NBM2,Chen2023,Healthy,cellchat,LMPP,Naive T,MDK,NCL,0.0335468403767657,0,34,818
NBM2,Chen2023,Healthy,cellchat,MEP,Naive T,MDK,NCL,0.0226977620969995,0,16,818
NBM2,Chen2023,Healthy,cellchat,Plasma Cell,Naive T,MDK,NCL,0.0242102506997322,0,317,818
NBM2,Chen2023,Healthy,cellchat,Cycling Progenitor,NK,MDK,NCL,0.0835162510446564,0,14,55
NBM2,Chen2023,Healthy,cellchat,Early GMP,NK,MDK,NCL,0.0294980070689538,0,47,55
NBM2,Chen2023,Healthy,cellchat,HSC MPP,NK,MDK,NCL,0.0714622303634699,0,144,55
NBM2,Chen2023,Healthy,cellchat,LMPP,NK,MDK,NCL,0.0422295264290359,0,34,55
NBM2,Chen2023,Healthy,cellchat,MEP,NK,MDK,NCL,0.0286557176551045,0,16,55
NBM2,Chen2023,Healthy,cellchat,Plasma Cell,NK,MDK,NCL,0.0305528090996746,0,317,55
NBM2,Chen2023,Healthy,cellchat,Cycling Progenitor,pDC,MDK,NCL,0.0876313817717535,0,14,31
NBM2,Chen2023,Healthy,cellchat,Early GMP,pDC,MDK,NCL,0.031041626020521,0,47,31
NBM2,Chen2023,Healthy,cellchat,HSC MPP,pDC,MDK,NCL,0.07503204413235,0,144,31
NBM2,Chen2023,Healthy,cellchat,LMPP,pDC,MDK,NCL,0.0444088946612187,0,34,31
NBM2,Chen2023,Healthy,cellchat,MEP,pDC,MDK,NCL,0.030156629541781,0,16,31
NBM2,Chen2023,Healthy,cellchat,Plasma Cell,pDC,MDK,NCL,0.0321497968990664,0,317,31
NBM2,Chen2023,Healthy,cellchat,Cycling Progenitor,Plasma Cell,MDK,NCL,0.0314571077973126,0,14,317
NBM2,Chen2023,Healthy,cellchat,Early GMP,Plasma Cell,MDK,NCL,0.0107169333276665,0,47,317
NBM2,Chen2023,Healthy,cellchat,HSC MPP,Plasma Cell,MDK,NCL,0.0266979754258665,0,144,317
NBM2,Chen2023,Healthy,cellchat,LMPP,Plasma Cell,MDK,NCL,0.0154716524772507,0,34,317
NBM2,Chen2023,Healthy,cellchat,MEP,Plasma Cell,MDK,NCL,0.0104051711509754,0.03,16,317
NBM2,Chen2023,Healthy,cellchat,Plasma Cell,Plasma Cell,MDK,NCL,0.0111078404539902,0,317,317
NBM2,Chen2023,Healthy,cellchat,Cycling Progenitor,Pro-B,MDK,NCL,0.0827102151587962,0,14,21
NBM2,Chen2023,Healthy,cellchat,Early GMP,Pro-B,MDK,NCL,0.029196705948933,0,47,21
NBM2,Chen2023,Healthy,cellchat,HSC MPP,Pro-B,MDK,NCL,0.0707635482362736,0,144,21
NBM2,Chen2023,Healthy,cellchat,LMPP,Pro-B,MDK,NCL,0.041803783452337,0,34,21
NBM2,Chen2023,Healthy,cellchat,MEP,Pro-B,MDK,NCL,0.0283627684885673,0,16,21
NBM2,Chen2023,Healthy,cellchat,Plasma Cell,Pro-B,MDK,NCL,0.0302410696505861,0,317,21
NBM2,Chen2023,Healthy,cellchat,Cycling Progenitor,Pro-Monocyte,MDK,NCL,0.0760287333246806,0,14,62
NBM2,Chen2023,Healthy,cellchat,Early GMP,Pro-Monocyte,MDK,NCL,0.0267122558047064,0,47,62
NBM2,Chen2023,Healthy,cellchat,HSC MPP,Pro-Monocyte,MDK,NCL,0.0649787762467777,0,144,62
NBM2,Chen2023,Healthy,cellchat,LMPP,Pro-Monocyte,MDK,NCL,0.0382888637352202,0,34,62
NBM2,Chen2023,Healthy,cellchat,MEP,Pro-Monocyte,MDK,NCL,0.0259473843365644,0,16,62
NBM2,Chen2023,Healthy,cellchat,Plasma Cell,Pro-Monocyte,MDK,NCL,0.0276702839079665,0,317,62
NBM2,Chen2023,Healthy,cellchat,Cycling Progenitor,CD8 Memory T,CTSG,F2R,0.000748448337136077,0,14,116
NBM2,Chen2023,Healthy,cellchat,Early GMP,CD8 Memory T,CTSG,F2R,0.00121044977108297,0,47,116
NBM2,Chen2023,Healthy,cellchat,Late GMP,CD8 Memory T,CTSG,F2R,0.0180294267392788,0,32,116
NBM2,Chen2023,Healthy,cellchat,Pro-Monocyte,CD8 Memory T,CTSG,F2R,0.00201142281974388,0,62,116
NBM2,Chen2023,Healthy,cellchat,Cycling Progenitor,Cycling Progenitor,CTSG,F2R,0.00027078525761979,0,14,14
NBM2,Chen2023,Healthy,cellchat,Early GMP,Cycling Progenitor,CTSG,F2R,0.000438064568759575,0,47,14
NBM2,Chen2023,Healthy,cellchat,Late GMP,Cycling Progenitor,CTSG,F2R,0.00659576370722361,0,32,14
NBM2,Chen2023,Healthy,cellchat,Pro-Monocyte,Cycling Progenitor,CTSG,F2R,0.000728311255941078,0,62,14
NBM2,Chen2023,Healthy,cellchat,Cycling Progenitor,HSC MPP,CTSG,F2R,0.000457027416514202,0,14,144
NBM2,Chen2023,Healthy,cellchat,Early GMP,HSC MPP,CTSG,F2R,0.00073927392490987,0,47,144
NBM2,Chen2023,Healthy,cellchat,Late GMP,HSC MPP,CTSG,F2R,0.0110840029816301,0,32,144
NBM2,Chen2023,Healthy,cellchat,Pro-Monocyte,HSC MPP,CTSG,F2R,0.00122884633939716,0,62,144
NBM2,Chen2023,Healthy,cellchat,Cycling Progenitor,LMPP,CTSG,F2R,0.00023721536821771,0,14,34
NBM2,Chen2023,Healthy,cellchat,Early GMP,LMPP,CTSG,F2R,0.000383764627835604,0,47,34
NBM2,Chen2023,Healthy,cellchat,Late GMP,LMPP,CTSG,F2R,0.00578260676717006,0,32,34
NBM2,Chen2023,Healthy,cellchat,Pro-Monocyte,LMPP,CTSG,F2R,0.000638056986216792,0,62,34
NBM2,Chen2023,Healthy,cellchat,Cycling Progenitor,MEP,CTSG,F2R,0.00043205625465957,0,14,16
NBM2,Chen2023,Healthy,cellchat,Early GMP,MEP,CTSG,F2R,0.000698892100741492,0,47,16
NBM2,Chen2023,Healthy,cellchat,Late GMP,MEP,CTSG,F2R,0.0104844833361999,0,32,16
NBM2,Chen2023,Healthy,cellchat,Pro-Monocyte,MEP,CTSG,F2R,0.00116175338443061,0,62,16
NBM2,Chen2023,Healthy,cellchat,CD8 Memory T,CD8 Memory T,GZMA,F2R,0.0216093975150003,0,116,116
NBM2,Chen2023,Healthy,cellchat,NK,CD8 Memory T,GZMA,F2R,0.0268120005707454,0,55,116
NBM2,Chen2023,Healthy,cellchat,CD8 Memory T,Cycling Progenitor,GZMA,F2R,0.00792375561825014,0,116,14
NBM2,Chen2023,Healthy,cellchat,NK,Cycling Progenitor,GZMA,F2R,0.00986467240890961,0,55,14
NBM2,Chen2023,Healthy,cellchat,CD8 Memory T,HSC MPP,GZMA,F2R,0.0133035558169397,0,116,144
NBM2,Chen2023,Healthy,cellchat,NK,HSC MPP,GZMA,F2R,0.0165402793212717,0,55,144
NBM2,Chen2023,Healthy,cellchat,CD8 Memory T,LMPP,GZMA,F2R,0.00694802264637714,0,116,34
NBM2,Chen2023,Healthy,cellchat,NK,LMPP,GZMA,F2R,0.00865201891700641,0,55,34
NBM2,Chen2023,Healthy,cellchat,CD8 Memory T,MEP,GZMA,F2R,0.012585511237914,0,116,16
NBM2,Chen2023,Healthy,cellchat,NK,MEP,GZMA,F2R,0.0156503071524177,0,55,16
NBM2,Chen2023,Healthy,cellchat,Cycling Progenitor,CD8 Memory T,PRSS2,F2R,0.00123467546916779,0,14,116
NBM2,Chen2023,Healthy,cellchat,LMPP,CD8 Memory T,PRSS2,F2R,0.00445597851272205,0,34,116
NBM2,Chen2023,Healthy,cellchat,Cycling Progenitor,Cycling Progenitor,PRSS2,F2R,0.000446838820634579,0,14,14
NBM2,Chen2023,Healthy,cellchat,LMPP,Cycling Progenitor,PRSS2,F2R,0.00161597961085487,0,34,14
NBM2,Chen2023,Healthy,cellchat,Cycling Progenitor,HSC MPP,PRSS2,F2R,0.000754076724020825,0,14,144
NBM2,Chen2023,Healthy,cellchat,LMPP,HSC MPP,PRSS2,F2R,0.00272490508758005,0,34,144
NBM2,Chen2023,Healthy,cellchat,Cycling Progenitor,LMPP,PRSS2,F2R,0.00039145170031535,0,14,34
NBM2,Chen2023,Healthy,cellchat,LMPP,LMPP,PRSS2,F2R,0.00141587897882196,0,34,34
NBM2,Chen2023,Healthy,cellchat,Cycling Progenitor,MEP,PRSS2,F2R,0.000712886894108755,0,14,16
NBM2,Chen2023,Healthy,cellchat,LMPP,MEP,PRSS2,F2R,0.00257634052737502,0,34,16
NBM2,Chen2023,Healthy,cellchat,CD4 Memory T,cDC,FLT3LG,FLT3,0.0109986107386258,0,197,32
NBM2,Chen2023,Healthy,cellchat,CD8 Memory T,cDC,FLT3LG,FLT3,0.00364102289594526,0,116,32
NBM2,Chen2023,Healthy,cellchat,Cycling Progenitor,cDC,FLT3LG,FLT3,0.00104744338142771,0,14,32
NBM2,Chen2023,Healthy,cellchat,Naive T,cDC,FLT3LG,FLT3,0.0116453970892689,0,818,32
NBM2,Chen2023,Healthy,cellchat,CD4 Memory T,Cycling Progenitor,FLT3LG,FLT3,0.0138483541540542,0,197,14
NBM2,Chen2023,Healthy,cellchat,CD8 Memory T,Cycling Progenitor,FLT3LG,FLT3,0.00459326681325722,0,116,14
NBM2,Chen2023,Healthy,cellchat,Cycling Progenitor,Cycling Progenitor,FLT3LG,FLT3,0.00132228350783385,0,14,14
NBM2,Chen2023,Healthy,cellchat,Naive T,Cycling Progenitor,FLT3LG,FLT3,0.0146602389245119,0,818,14
NBM2,Chen2023,Healthy,cellchat,CD4 Memory T,Early GMP,FLT3LG,FLT3,0.0237629554084619,0,197,47
NBM2,Chen2023,Healthy,cellchat,CD8 Memory T,Early GMP,FLT3LG,FLT3,0.00793509077786488,0,116,47
NBM2,Chen2023,Healthy,cellchat,Cycling Progenitor,Early GMP,FLT3LG,FLT3,0.00228978313910268,0,14,47
NBM2,Chen2023,Healthy,cellchat,Naive T,Early GMP,FLT3LG,FLT3,0.0251412827075553,0,818,47
NBM2,Chen2023,Healthy,cellchat,CD4 Memory T,HSC MPP,FLT3LG,FLT3,0.00500269101191017,0,197,144
NBM2,Chen2023,Healthy,cellchat,CD8 Memory T,HSC MPP,FLT3LG,FLT3,0.00164942088552371,0,116,144
NBM2,Chen2023,Healthy,cellchat,Cycling Progenitor,HSC MPP,FLT3LG,FLT3,0.000473827985795858,0,14,144
NBM2,Chen2023,Healthy,cellchat,Naive T,HSC MPP,FLT3LG,FLT3,0.00529876929951743,0,818,144
NBM2,Chen2023,Healthy,cellchat,CD4 Memory T,Late GMP,FLT3LG,FLT3,0.0150932337096278,0,197,32
NBM2,Chen2023,Healthy,cellchat,CD8 Memory T,Late GMP,FLT3LG,FLT3,0.00501039954255799,0,116,32
NBM2,Chen2023,Healthy,cellchat,Cycling Progenitor,Late GMP,FLT3LG,FLT3,0.00144279586539562,0,14,32
NBM2,Chen2023,Healthy,cellchat,Naive T,Late GMP,FLT3LG,FLT3,0.0159769193690027,0,818,32
NBM2,Chen2023,Healthy,cellchat,CD4 Memory T,LMPP,FLT3LG,FLT3,0.0194211566506618,0,197,34
NBM2,Chen2023,Healthy,cellchat,CD8 Memory T,LMPP,FLT3LG,FLT3,0.00646609241741894,0,116,34
NBM2,Chen2023,Healthy,cellchat,Cycling Progenitor,LMPP,FLT3LG,FLT3,0.00186391923996806,0,14,34
NBM2,Chen2023,Healthy,cellchat,Naive T,LMPP,FLT3LG,FLT3,0.0205529477651845,0,818,34
NBM2,Chen2023,Healthy,cellchat,CD4 Memory T,pDC,FLT3LG,FLT3,0.0195733829841636,0,197,31
NBM2,Chen2023,Healthy,cellchat,CD8 Memory T,pDC,FLT3LG,FLT3,0.00651744966659446,0,116,31
NBM2,Chen2023,Healthy,cellchat,Cycling Progenitor,pDC,FLT3LG,FLT3,0.00187879263035925,0,14,31
NBM2,Chen2023,Healthy,cellchat,Naive T,pDC,FLT3LG,FLT3,0.0207138578745748,0,818,31
NBM2,Chen2023,Healthy,cellchat,CD4 Memory T,Monocyte,ANXA1,FPR1,0.0753718931139853,0,197,404
NBM2,Chen2023,Healthy,cellchat,CD8 Memory T,Monocyte,ANXA1,FPR1,0.0771427202536309,0,116,404
NBM2,Chen2023,Healthy,cellchat,cDC,Monocyte,ANXA1,FPR1,0.0950532335070885,0,32,404
NBM2,Chen2023,Healthy,cellchat,Cycling Progenitor,Monocyte,ANXA1,FPR1,0.0733487990018116,0,14,404
NBM2,Chen2023,Healthy,cellchat,Early GMP,Monocyte,ANXA1,FPR1,0.0658169777163359,0,47,404
NBM2,Chen2023,Healthy,cellchat,HSC MPP,Monocyte,ANXA1,FPR1,0.0713028396733375,0,144,404
NBM2,Chen2023,Healthy,cellchat,Late GMP,Monocyte,ANXA1,FPR1,0.0860081600902735,0,32,404
NBM2,Chen2023,Healthy,cellchat,LMPP,Monocyte,ANXA1,FPR1,0.0608415290564135,0,34,404
NBM2,Chen2023,Healthy,cellchat,MEP,Monocyte,ANXA1,FPR1,0.0406962383269019,0,16,404
NBM2,Chen2023,Healthy,cellchat,Monocyte,Monocyte,ANXA1,FPR1,0.0962009188805639,0,404,404
NBM2,Chen2023,Healthy,cellchat,Naive T,Monocyte,ANXA1,FPR1,0.0374056656821232,0,818,404
NBM2,Chen2023,Healthy,cellchat,NK,Monocyte,ANXA1,FPR1,0.0755505883258112,0,55,404
NBM2,Chen2023,Healthy,cellchat,pDC,Monocyte,ANXA1,FPR1,0.0196392978502629,0,31,404
NBM2,Chen2023,Healthy,cellchat,Pro-Monocyte,Monocyte,ANXA1,FPR1,0.104595152547345,0,62,404
NBM2,Chen2023,Healthy,cellchat,CD4 Memory T,Pro-Monocyte,ANXA1,FPR1,0.0223395310681453,0,197,62
NBM2,Chen2023,Healthy,cellchat,CD8 Memory T,Pro-Monocyte,ANXA1,FPR1,0.0228952400098115,0,116,62
NBM2,Chen2023,Healthy,cellchat,cDC,Pro-Monocyte,ANXA1,FPR1,0.0286012534332305,0,32,62
NBM2,Chen2023,Healthy,cellchat,Cycling Progenitor,Pro-Monocyte,ANXA1,FPR1,0.0217064875071609,0,14,62
NBM2,Chen2023,Healthy,cellchat,Early GMP,Pro-Monocyte,ANXA1,FPR1,0.0193667280781047,0,47,62
NBM2,Chen2023,Healthy,cellchat,HSC MPP,Pro-Monocyte,ANXA1,FPR1,0.0210682654176677,0,144,62
NBM2,Chen2023,Healthy,cellchat,Late GMP,Pro-Monocyte,ANXA1,FPR1,0.0257000336081249,0,32,62
NBM2,Chen2023,Healthy,cellchat,LMPP,Pro-Monocyte,ANXA1,FPR1,0.0178356552393397,0,34,62
NBM2,Chen2023,Healthy,cellchat,MEP,Pro-Monocyte,ANXA1,FPR1,0.0117518916067887,0,16,62
NBM2,Chen2023,Healthy,cellchat,Monocyte,Pro-Monocyte,ANXA1,FPR1,0.0289722763642816,0,404,62
NBM2,Chen2023,Healthy,cellchat,Naive T,Pro-Monocyte,ANXA1,FPR1,0.0107753818052184,0,818,62
NBM2,Chen2023,Healthy,cellchat,NK,Pro-Monocyte,ANXA1,FPR1,0.0223955400358673,0,55,62
NBM2,Chen2023,Healthy,cellchat,pDC,Pro-Monocyte,ANXA1,FPR1,0.00558408210072415,0,31,62
NBM2,Chen2023,Healthy,cellchat,Pro-Monocyte,Pro-Monocyte,ANXA1,FPR1,0.0317061107592869,0,62,62
NBM2,Chen2023,Healthy,cellchat,cDC,Pro-Monocyte,GRN,SORT1,0.00787093409578208,0,32,62
NBM2,Chen2023,Healthy,cellchat,Cycling Progenitor,Pro-Monocyte,GRN,SORT1,0.000475711210000499,0,14,62
NBM2,Chen2023,Healthy,cellchat,Early GMP,Pro-Monocyte,GRN,SORT1,0.00069719788156212,0,47,62
NBM2,Chen2023,Healthy,cellchat,HSC MPP,Pro-Monocyte,GRN,SORT1,0.000841242247482494,0,144,62
NBM2,Chen2023,Healthy,cellchat,Late GMP,Pro-Monocyte,GRN,SORT1,0.00475147650607206,0,32,62
NBM2,Chen2023,Healthy,cellchat,LMPP,Pro-Monocyte,GRN,SORT1,0.000755450665549317,0,34,62
NBM2,Chen2023,Healthy,cellchat,Monocyte,Pro-Monocyte,GRN,SORT1,0.00981262406727615,0,404,62
NBM2,Chen2023,Healthy,cellchat,pDC,Pro-Monocyte,GRN,SORT1,0.00322513190634978,0,31,62
NBM2,Chen2023,Healthy,cellchat,Plasma Cell,Pro-Monocyte,GRN,SORT1,0.000649379175020449,0,317,62
NBM2,Chen2023,Healthy,cellchat,Pro-Monocyte,Pro-Monocyte,GRN,SORT1,0.0107591754571624,0,62,62
NBM2,Chen2023,Healthy,cellchat,cDC,B,LGALS9,PTPRC,0.0484761323304195,0,32,170
NBM2,Chen2023,Healthy,cellchat,Cycling Progenitor,B,LGALS9,PTPRC,0.0134406377364268,0.06,14,170
NBM2,Chen2023,Healthy,cellchat,Early GMP,B,LGALS9,PTPRC,0.0254354254667099,0,47,170
NBM2,Chen2023,Healthy,cellchat,HSC MPP,B,LGALS9,PTPRC,0.0129952145431609,0,144,170
NBM2,Chen2023,Healthy,cellchat,Late GMP,B,LGALS9,PTPRC,0.0327488805063058,0,32,170
NBM2,Chen2023,Healthy,cellchat,LMPP,B,LGALS9,PTPRC,0.0289362778476704,0,34,170
NBM2,Chen2023,Healthy,cellchat,MEP,B,LGALS9,PTPRC,0.0111410981437101,0.09,16,170
NBM2,Chen2023,Healthy,cellchat,Monocyte,B,LGALS9,PTPRC,0.0218644337580739,0,404,170
NBM2,Chen2023,Healthy,cellchat,pDC,B,LGALS9,PTPRC,0.0121007834994127,0.07,31,170
NBM2,Chen2023,Healthy,cellchat,Pro-Monocyte,B,LGALS9,PTPRC,0.0238703798648536,0,62,170
NBM2,Chen2023,Healthy,cellchat,cDC,CD4 Memory T,LGALS9,PTPRC,0.0641209896213528,0,32,197
NBM2,Chen2023,Healthy,cellchat,Cycling Progenitor,CD4 Memory T,LGALS9,PTPRC,0.0179921818641172,0.02,14,197
NBM2,Chen2023,Healthy,cellchat,Early GMP,CD4 Memory T,LGALS9,PTPRC,0.0339092770811412,0,47,197
NBM2,Chen2023,Healthy,cellchat,HSC MPP,CD4 Memory T,LGALS9,PTPRC,0.0173985804697123,0,144,197
NBM2,Chen2023,Healthy,cellchat,Late GMP,CD4 Memory T,LGALS9,PTPRC,0.0435503417414961,0,32,197
NBM2,Chen2023,Healthy,cellchat,LMPP,CD4 Memory T,LGALS9,PTPRC,0.0385303325417567,0,34,197
NBM2,Chen2023,Healthy,cellchat,MEP,CD4 Memory T,LGALS9,PTPRC,0.0149257063125187,0.07,16,197
NBM2,Chen2023,Healthy,cellchat,Monocyte,CD4 Memory T,LGALS9,PTPRC,0.0291842300244831,0,404,197
NBM2,Chen2023,Healthy,cellchat,pDC,CD4 Memory T,LGALS9,PTPRC,0.0162060520654713,0.04,31,197
NBM2,Chen2023,Healthy,cellchat,Pro-Monocyte,CD4 Memory T,LGALS9,PTPRC,0.031839868603117,0,62,197
NBM2,Chen2023,Healthy,cellchat,cDC,CD8 Memory T,LGALS9,PTPRC,0.0724465390648846,0,32,116
NBM2,Chen2023,Healthy,cellchat,Cycling Progenitor,CD8 Memory T,LGALS9,PTPRC,0.0204592439578358,0.01,14,116
NBM2,Chen2023,Healthy,cellchat,Early GMP,CD8 Memory T,LGALS9,PTPRC,0.0384733606695934,0,47,116
NBM2,Chen2023,Healthy,cellchat,HSC MPP,CD8 Memory T,LGALS9,PTPRC,0.0197858887486043,0,144,116
NBM2,Chen2023,Healthy,cellchat,Late GMP,CD8 Memory T,LGALS9,PTPRC,0.0493458012464153,0,32,116
NBM2,Chen2023,Healthy,cellchat,LMPP,CD8 Memory T,LGALS9,PTPRC,0.0436882688877099,0,34,116
NBM2,Chen2023,Healthy,cellchat,MEP,CD8 Memory T,LGALS9,PTPRC,0.0169795679081897,0.03,16,116
NBM2,Chen2023,Healthy,cellchat,Monocyte,CD8 Memory T,LGALS9,PTPRC,0.0331341491067882,0,404,116
NBM2,Chen2023,Healthy,cellchat,pDC,CD8 Memory T,LGALS9,PTPRC,0.0184327997284214,0.03,31,116
NBM2,Chen2023,Healthy,cellchat,Pro-Monocyte,CD8 Memory T,LGALS9,PTPRC,0.0361358346352537,0,62,116
NBM2,Chen2023,Healthy,cellchat,cDC,cDC,LGALS9,PTPRC,0.0504924301347721,0,32,32
NBM2,Chen2023,Healthy,cellchat,Cycling Progenitor,cDC,LGALS9,PTPRC,0.0140211558237553,0.07,14,32
NBM2,Chen2023,Healthy,cellchat,Early GMP,cDC,LGALS9,PTPRC,0.0265200871150702,0,47,32
NBM2,Chen2023,Healthy,cellchat,HSC MPP,cDC,LGALS9,PTPRC,0.0135567586046759,0,144,32
NBM2,Chen2023,Healthy,cellchat,Late GMP,cDC,LGALS9,PTPRC,0.0341344917516905,0,32,32
NBM2,Chen2023,Healthy,cellchat,LMPP,cDC,LGALS9,PTPRC,0.0301656079894852,0,34,32
NBM2,Chen2023,Healthy,cellchat,MEP,cDC,LGALS9,PTPRC,0.0116234663878741,0.1,16,32
NBM2,Chen2023,Healthy,cellchat,Monocyte,cDC,LGALS9,PTPRC,0.0228003776370904,0,404,32
NBM2,Chen2023,Healthy,cellchat,pDC,cDC,LGALS9,PTPRC,0.0126241721069371,0.05,31,32
NBM2,Chen2023,Healthy,cellchat,Pro-Monocyte,cDC,LGALS9,PTPRC,0.024890006615502,0,62,32
NBM2,Chen2023,Healthy,cellchat,cDC,Cycling Progenitor,LGALS9,PTPRC,0.0259145665186096,0,32,14
NBM2,Chen2023,Healthy,cellchat,Cycling Progenitor,Cycling Progenitor,LGALS9,PTPRC,0.00706409437679151,0.19,14,14
NBM2,Chen2023,Healthy,cellchat,Early GMP,Cycling Progenitor,LGALS9,PTPRC,0.0134458400887286,0.04,47,14
NBM2,Chen2023,Healthy,cellchat,HSC MPP,Cycling Progenitor,LGALS9,PTPRC,0.00682852739239226,0.02,144,14
NBM2,Chen2023,Healthy,cellchat,Late GMP,Cycling Progenitor,LGALS9,PTPRC,0.0173733818769208,0.01,32,14
NBM2,Chen2023,Healthy,cellchat,LMPP,Cycling Progenitor,LGALS9,PTPRC,0.0153224285857063,0,34,14
NBM2,Chen2023,Healthy,cellchat,MEP,Cycling Progenitor,LGALS9,PTPRC,0.00584904055142954,0.12,16,14
NBM2,Chen2023,Healthy,cellchat,Monocyte,Cycling Progenitor,LGALS9,PTPRC,0.0115381904225442,0,404,14
NBM2,Chen2023,Healthy,cellchat,pDC,Cycling Progenitor,LGALS9,PTPRC,0.0063558022229516,0.15,31,14
NBM2,Chen2023,Healthy,cellchat,Pro-Monocyte,Cycling Progenitor,LGALS9,PTPRC,0.0126089708251304,0.02,62,14
NBM2,Chen2023,Healthy,cellchat,cDC,Early GMP,LGALS9,PTPRC,0.0212354996344541,0,32,47
NBM2,Chen2023,Healthy,cellchat,Cycling Progenitor,Early GMP,LGALS9,PTPRC,0.00576846399751216,0.23,14,47
NBM2,Chen2023,Healthy,cellchat,Early GMP,Early GMP,LGALS9,PTPRC,0.0109926876284966,0.06,47,47
NBM2,Chen2023,Healthy,cellchat,HSC MPP,Early GMP,LGALS9,PTPRC,0.00557585989304909,0.04,144,47
NBM2,Chen2023,Healthy,cellchat,Late GMP,Early GMP,LGALS9,PTPRC,0.0142139855157318,0.03,32,47
NBM2,Chen2023,Healthy,cellchat,LMPP,Early GMP,LGALS9,PTPRC,0.0125312471812552,0.01,34,47
NBM2,Chen2023,Healthy,cellchat,MEP,Early GMP,LGALS9,PTPRC,0.00477519228409957,0.15,16,47
NBM2,Chen2023,Healthy,cellchat,Monocyte,Early GMP,LGALS9,PTPRC,0.0094297561094006,0,404,47
NBM2,Chen2023,Healthy,cellchat,pDC,Early GMP,LGALS9,PTPRC,0.00518940124919904,0.18,31,47
NBM2,Chen2023,Healthy,cellchat,Pro-Monocyte,Early GMP,LGALS9,PTPRC,0.0103069074557371,0.03,62,47
NBM2,Chen2023,Healthy,cellchat,cDC,HSC MPP,LGALS9,PTPRC,0.0403541456898197,0,32,144
NBM2,Chen2023,Healthy,cellchat,Cycling Progenitor,HSC MPP,LGALS9,PTPRC,0.0111201101386377,0.13,14,144
NBM2,Chen2023,Healthy,cellchat,Early GMP,HSC MPP,LGALS9,PTPRC,0.02108826312209,0,47,144
NBM2,Chen2023,Healthy,cellchat,HSC MPP,HSC MPP,LGALS9,PTPRC,0.0107507512874209,0,144,144
NBM2,Chen2023,Healthy,cellchat,Late GMP,HSC MPP,LGALS9,PTPRC,0.0271866459457279,0,32,144
NBM2,Chen2023,Healthy,cellchat,LMPP,HSC MPP,LGALS9,PTPRC,0.0240055237693966,0,34,144
NBM2,Chen2023,Healthy,cellchat,MEP,HSC MPP,LGALS9,PTPRC,0.00921387842054473,0.1,16,144
NBM2,Chen2023,Healthy,cellchat,Monocyte,HSC MPP,LGALS9,PTPRC,0.018116243504986,0,404,144
NBM2,Chen2023,Healthy,cellchat,pDC,HSC MPP,LGALS9,PTPRC,0.0100092349439487,0.08,31,144
NBM2,Chen2023,Healthy,cellchat,Pro-Monocyte,HSC MPP,LGALS9,PTPRC,0.0197852687642161,0,62,144
NBM2,Chen2023,Healthy,cellchat,cDC,Late GMP,LGALS9,PTPRC,0.0204151552753764,0,32,32
NBM2,Chen2023,Healthy,cellchat,Cycling Progenitor,Late GMP,LGALS9,PTPRC,0.00554224025526259,0.24,14,32
NBM2,Chen2023,Healthy,cellchat,Early GMP,Late GMP,LGALS9,PTPRC,0.010563760658112,0.07,47,32
NBM2,Chen2023,Healthy,cellchat,HSC MPP,Late GMP,LGALS9,PTPRC,0.00535714886949832,0.04,144,32
NBM2,Chen2023,Healthy,cellchat,Late GMP,Late GMP,LGALS9,PTPRC,0.0136611019457941,0.03,32,32
NBM2,Chen2023,Healthy,cellchat,LMPP,Late GMP,LGALS9,PTPRC,0.0120430177155296,0.01,34,32
NBM2,Chen2023,Healthy,cellchat,MEP,Late GMP,LGALS9,PTPRC,0.00458774225871648,0.14,16,32
NBM2,Chen2023,Healthy,cellchat,Monocyte,Late GMP,LGALS9,PTPRC,0.00906125489391777,0,404,32
NBM2,Chen2023,Healthy,cellchat,pDC,Late GMP,LGALS9,PTPRC,0.00498577292014711,0.17,31,32
NBM2,Chen2023,Healthy,cellchat,Pro-Monocyte,Late GMP,LGALS9,PTPRC,0.00990447117109928,0.04,62,32
NBM2,Chen2023,Healthy,cellchat,cDC,LMPP,LGALS9,PTPRC,0.0320146194731384,0,32,34
NBM2,Chen2023,Healthy,cellchat,Cycling Progenitor,LMPP,LGALS9,PTPRC,0.00876685331012613,0.18,14,34
NBM2,Chen2023,Healthy,cellchat,Early GMP,LMPP,LGALS9,PTPRC,0.0166610699982788,0.01,47,34
NBM2,Chen2023,Healthy,cellchat,HSC MPP,LMPP,LGALS9,PTPRC,0.00847498892280482,0,144,34
NBM2,Chen2023,Healthy,cellchat,Late GMP,LMPP,LGALS9,PTPRC,0.0215073089417943,0,32,34
NBM2,Chen2023,Healthy,cellchat,LMPP,LMPP,LGALS9,PTPRC,0.0189777646822562,0,34,34
NBM2,Chen2023,Healthy,cellchat,MEP,LMPP,LGALS9,PTPRC,0.00726105957597014,0.12,16,34
NBM2,Chen2023,Healthy,cellchat,Monocyte,LMPP,LGALS9,PTPRC,0.0143038684066819,0,404,34
NBM2,Chen2023,Healthy,cellchat,pDC,LMPP,LGALS9,PTPRC,0.00788918794638569,0.14,31,34
NBM2,Chen2023,Healthy,cellchat,Pro-Monocyte,LMPP,LGALS9,PTPRC,0.0156272546676146,0,62,34
NBM2,Chen2023,Healthy,cellchat,cDC,MEP,LGALS9,PTPRC,0.0296168367967591,0,32,16
NBM2,Chen2023,Healthy,cellchat,Cycling Progenitor,MEP,LGALS9,PTPRC,0.00809568453896693,0.19,14,16
NBM2,Chen2023,Healthy,cellchat,Early GMP,MEP,LGALS9,PTPRC,0.0153949257688667,0.02,47,16
NBM2,Chen2023,Healthy,cellchat,HSC MPP,MEP,LGALS9,PTPRC,0.00782598815898838,0.01,144,16
NBM2,Chen2023,Healthy,cellchat,Late GMP,MEP,LGALS9,PTPRC,0.0198803244904192,0,32,16
NBM2,Chen2023,Healthy,cellchat,LMPP,MEP,LGALS9,PTPRC,0.0175387052564875,0,34,16
NBM2,Chen2023,Healthy,cellchat,MEP,MEP,LGALS9,PTPRC,0.00670439096012496,0.12,16,16
NBM2,Chen2023,Healthy,cellchat,Monocyte,MEP,LGALS9,PTPRC,0.0132144505025066,0,404,16
NBM2,Chen2023,Healthy,cellchat,pDC,MEP,LGALS9,PTPRC,0.00728471727810418,0.16,31,16
NBM2,Chen2023,Healthy,cellchat,Pro-Monocyte,MEP,LGALS9,PTPRC,0.0144385208121447,0,62,16
NBM2,Chen2023,Healthy,cellchat,cDC,Monocyte,LGALS9,PTPRC,0.0610017637411953,0,32,404
NBM2,Chen2023,Healthy,cellchat,Cycling Progenitor,Monocyte,LGALS9,PTPRC,0.0170759917363867,0.02,14,404
NBM2,Chen2023,Healthy,cellchat,Early GMP,Monocyte,LGALS9,PTPRC,0.0322091480781035,0,47,404
NBM2,Chen2023,Healthy,cellchat,HSC MPP,Monocyte,LGALS9,PTPRC,0.0165121091981786,0,144,404
NBM2,Chen2023,Healthy,cellchat,Late GMP,Monocyte,LGALS9,PTPRC,0.0413875412037101,0,32,404
NBM2,Chen2023,Healthy,cellchat,LMPP,Monocyte,LGALS9,PTPRC,0.0366072941989234,0,34,404
NBM2,Chen2023,Healthy,cellchat,MEP,Monocyte,LGALS9,PTPRC,0.0141634137964698,0.08,16,404
NBM2,Chen2023,Healthy,cellchat,Monocyte,Monocyte,LGALS9,PTPRC,0.027714207423406,0,404,404
NBM2,Chen2023,Healthy,cellchat,pDC,Monocyte,LGALS9,PTPRC,0.0153793900463402,0.05,31,404
NBM2,Chen2023,Healthy,cellchat,Pro-Monocyte,Monocyte,LGALS9,PTPRC,0.0302402470196206,0,62,404
NBM2,Chen2023,Healthy,cellchat,cDC,Naive T,LGALS9,PTPRC,0.0585779577469054,0,32,818
NBM2,Chen2023,Healthy,cellchat,Cycling Progenitor,Naive T,LGALS9,PTPRC,0.0163670833887666,0.02,14,818
NBM2,Chen2023,Healthy,cellchat,Early GMP,Naive T,LGALS9,PTPRC,0.0308917329777446,0,47,818
NBM2,Chen2023,Healthy,cellchat,HSC MPP,Naive T,LGALS9,PTPRC,0.0158262334651942,0,144,818
NBM2,Chen2023,Healthy,cellchat,Late GMP,Naive T,LGALS9,PTPRC,0.0397101163226814,0,32,818
NBM2,Chen2023,Healthy,cellchat,LMPP,Naive T,LGALS9,PTPRC,0.0351165140410942,0,34,818
NBM2,Chen2023,Healthy,cellchat,MEP,Naive T,LGALS9,PTPRC,0.0135737510856207,0.08,16,818
NBM2,Chen2023,Healthy,cellchat,Monocyte,Naive T,LGALS9,PTPRC,0.0265755953254002,0,404,818
NBM2,Chen2023,Healthy,cellchat,pDC,Naive T,LGALS9,PTPRC,0.0147398597464155,0.05,31,818
NBM2,Chen2023,Healthy,cellchat,Pro-Monocyte,Naive T,LGALS9,PTPRC,0.0290009504718925,0,62,818
NBM2,Chen2023,Healthy,cellchat,cDC,NK,LGALS9,PTPRC,0.0781356949773403,0,32,55
NBM2,Chen2023,Healthy,cellchat,Cycling Progenitor,NK,LGALS9,PTPRC,0.0221634380141539,0.01,14,55
NBM2,Chen2023,Healthy,cellchat,Early GMP,NK,LGALS9,PTPRC,0.0416143295170039,0,47,55
NBM2,Chen2023,Healthy,cellchat,HSC MPP,NK,LGALS9,PTPRC,0.021435221702817,0,144,55
NBM2,Chen2023,Healthy,cellchat,Late GMP,NK,LGALS9,PTPRC,0.0533251703974693,0,32,55
NBM2,Chen2023,Healthy,cellchat,LMPP,NK,LGALS9,PTPRC,0.0472340689988049,0,34,55
NBM2,Chen2023,Healthy,cellchat,MEP,NK,LGALS9,PTPRC,0.0183993596990757,0.03,16,55
NBM2,Chen2023,Healthy,cellchat,Monocyte,NK,LGALS9,PTPRC,0.0358554787570349,0,404,55
NBM2,Chen2023,Healthy,cellchat,pDC,NK,LGALS9,PTPRC,0.0199716385786283,0.02,31,55
NBM2,Chen2023,Healthy,cellchat,Pro-Monocyte,NK,LGALS9,PTPRC,0.0390937266327901,0,62,55
NBM2,Chen2023,Healthy,cellchat,cDC,pDC,LGALS9,PTPRC,0.0240854281042251,0.01,32,31
NBM2,Chen2023,Healthy,cellchat,Cycling Progenitor,pDC,LGALS9,PTPRC,0.0065565307743258,0.2,14,31
NBM2,Chen2023,Healthy,cellchat,Early GMP,pDC,LGALS9,PTPRC,0.0124855062334323,0.06,47,31
NBM2,Chen2023,Healthy,cellchat,HSC MPP,pDC,LGALS9,PTPRC,0.00633778152359464,0.04,144,31
NBM2,Chen2023,Healthy,cellchat,Late GMP,pDC,LGALS9,PTPRC,0.016137122042045,0.02,32,31
NBM2,Chen2023,Healthy,cellchat,LMPP,pDC,LGALS9,PTPRC,0.0142299975664858,0,34,31
NBM2,Chen2023,Healthy,cellchat,MEP,pDC,LGALS9,PTPRC,0.00542830273583281,0.13,16,31
NBM2,Chen2023,Healthy,cellchat,Monocyte,pDC,LGALS9,PTPRC,0.0107126259642248,0,404,31
NBM2,Chen2023,Healthy,cellchat,pDC,pDC,LGALS9,PTPRC,0.00589882791939664,0.15,31,31
NBM2,Chen2023,Healthy,cellchat,Pro-Monocyte,pDC,LGALS9,PTPRC,0.0117076988410692,0.03,62,31
NBM2,Chen2023,Healthy,cellchat,cDC,Pro-Monocyte,LGALS9,PTPRC,0.0542260108878001,0,32,62
NBM2,Chen2023,Healthy,cellchat,Cycling Progenitor,Pro-Monocyte,LGALS9,PTPRC,0.0151008170455022,0.04,14,62
NBM2,Chen2023,Healthy,cellchat,Early GMP,Pro-Monocyte,LGALS9,PTPRC,0.0285343414603938,0,47,62
NBM2,Chen2023,Healthy,cellchat,HSC MPP,Pro-Monocyte,LGALS9,PTPRC,0.014601189731782,0,144,62
NBM2,Chen2023,Healthy,cellchat,Late GMP,Pro-Monocyte,LGALS9,PTPRC,0.0367052695190857,0,32,62
NBM2,Chen2023,Healthy,cellchat,LMPP,Pro-Monocyte,LGALS9,PTPRC,0.0324475180565591,0,34,62
NBM2,Chen2023,Healthy,cellchat,MEP,Pro-Monocyte,LGALS9,PTPRC,0.012520844579691,0.09,16,62
NBM2,Chen2023,Healthy,cellchat,Monocyte,Pro-Monocyte,LGALS9,PTPRC,0.0245392341905438,0,404,62
NBM2,Chen2023,Healthy,cellchat,pDC,Pro-Monocyte,LGALS9,PTPRC,0.0135977458951972,0.06,31,62
NBM2,Chen2023,Healthy,cellchat,Pro-Monocyte,Pro-Monocyte,LGALS9,PTPRC,0.0267838594360209,0,62,62
NBM2,Chen2023,Healthy,cellchat,cDC,CD8 Memory T,BAG6,NCR3,0.00153118313062154,0,32,116
NBM2,Chen2023,Healthy,cellchat,Early GMP,CD8 Memory T,BAG6,NCR3,0.00137142248038613,0,47,116
NBM2,Chen2023,Healthy,cellchat,Late GMP,CD8 Memory T,BAG6,NCR3,0.00426747709009676,0,32,116
NBM2,Chen2023,Healthy,cellchat,pDC,CD8 Memory T,BAG6,NCR3,0.000634087132304902,0,31,116
NBM2,Chen2023,Healthy,cellchat,Pro-B,CD8 Memory T,BAG6,NCR3,0.00333899963614509,0,21,116
NBM2,Chen2023,Healthy,cellchat,Pro-Monocyte,CD8 Memory T,BAG6,NCR3,0.00288408070813324,0,62,116
NBM2,Chen2023,Healthy,cellchat,cDC,NK,BAG6,NCR3,0.00548241020744014,0,32,55
NBM2,Chen2023,Healthy,cellchat,Early GMP,NK,BAG6,NCR3,0.00491241457332157,0,47,55
NBM2,Chen2023,Healthy,cellchat,Late GMP,NK,BAG6,NCR3,0.0151724296662011,0,32,55
NBM2,Chen2023,Healthy,cellchat,pDC,NK,BAG6,NCR3,0.0022756287793239,0,31,55
NBM2,Chen2023,Healthy,cellchat,Pro-B,NK,BAG6,NCR3,0.0118997095994314,0,21,55
NBM2,Chen2023,Healthy,cellchat,Pro-Monocyte,NK,BAG6,NCR3,0.0102904871112285,0,62,55
NBM2,Chen2023,Healthy,cellchat,cDC,cDC,LGALS9,HAVCR2,0.00420546523599962,0,32,32
NBM2,Chen2023,Healthy,cellchat,Cycling Progenitor,cDC,LGALS9,HAVCR2,0.00112808672359111,0,14,32
NBM2,Chen2023,Healthy,cellchat,Early GMP,cDC,LGALS9,HAVCR2,0.00215886667012717,0,47,32
NBM2,Chen2023,Healthy,cellchat,HSC MPP,cDC,LGALS9,HAVCR2,0.00109025096613802,0,144,32
NBM2,Chen2023,Healthy,cellchat,Late GMP,cDC,LGALS9,HAVCR2,0.00279882684799312,0,32,32
NBM2,Chen2023,Healthy,cellchat,LMPP,cDC,LGALS9,HAVCR2,0.00246410664916465,0,34,32
NBM2,Chen2023,Healthy,cellchat,MEP,cDC,LGALS9,HAVCR2,0.000933091600051399,0,16,32
NBM2,Chen2023,Healthy,cellchat,Monocyte,cDC,LGALS9,HAVCR2,0.00184957188090586,0,404,32
NBM2,Chen2023,Healthy,cellchat,pDC,cDC,LGALS9,HAVCR2,0.00101436936415237,0,31,32
NBM2,Chen2023,Healthy,cellchat,Pro-Monocyte,cDC,LGALS9,HAVCR2,0.0020230582093869,0,62,32
NBM2,Chen2023,Healthy,cellchat,cDC,B,LGALS9,CD44,0.00951406163540158,0.02,32,170
NBM2,Chen2023,Healthy,cellchat,Cycling Progenitor,B,LGALS9,CD44,0.00256207536576723,0.24,14,170
NBM2,Chen2023,Healthy,cellchat,Early GMP,B,LGALS9,CD44,0.00489672721102564,0.09,47,170
NBM2,Chen2023,Healthy,cellchat,HSC MPP,B,LGALS9,CD44,0.00247626320602135,0.04,144,170
NBM2,Chen2023,Healthy,cellchat,Late GMP,B,LGALS9,CD44,0.00634312151308467,0.08,32,170
NBM2,Chen2023,Healthy,cellchat,LMPP,B,LGALS9,CD44,0.00558690314001857,0.03,34,170
NBM2,Chen2023,Healthy,cellchat,MEP,B,LGALS9,CD44,0.00211973454144806,0.17,16,170
NBM2,Chen2023,Healthy,cellchat,Monocyte,B,LGALS9,CD44,0.00419683655259017,0,404,170
NBM2,Chen2023,Healthy,cellchat,pDC,B,LGALS9,CD44,0.00230413749580544,0.18,31,170
NBM2,Chen2023,Healthy,cellchat,Pro-Monocyte,B,LGALS9,CD44,0.0045894795144295,0.04,62,170
NBM2,Chen2023,Healthy,cellchat,cDC,CD4 Memory T,LGALS9,CD44,0.0352581678873347,0,32,197
NBM2,Chen2023,Healthy,cellchat,Cycling Progenitor,CD4 Memory T,LGALS9,CD44,0.00967861392440024,0.02,14,197
NBM2,Chen2023,Healthy,cellchat,Early GMP,CD4 Memory T,LGALS9,CD44,0.0183786138369567,0,47,197
NBM2,Chen2023,Healthy,cellchat,HSC MPP,CD4 Memory T,LGALS9,CD44,0.0093566819049265,0,144,197
NBM2,Chen2023,Healthy,cellchat,Late GMP,CD4 Memory T,LGALS9,CD44,0.0237123911291744,0,32,197
NBM2,Chen2023,Healthy,cellchat,LMPP,CD4 Memory T,LGALS9,CD44,0.0209290471997666,0,34,197
NBM2,Chen2023,Healthy,cellchat,MEP,CD4 Memory T,LGALS9,CD44,0.0080174829639831,0.07,16,197
NBM2,Chen2023,Healthy,cellchat,Monocyte,CD4 Memory T,LGALS9,CD44,0.015782314863278,0,404,197
NBM2,Chen2023,Healthy,cellchat,pDC,CD4 Memory T,LGALS9,CD44,0.00871047268129856,0.05,31,197
NBM2,Chen2023,Healthy,cellchat,Pro-Monocyte,CD4 Memory T,LGALS9,CD44,0.017240093792053,0,62,197
NBM2,Chen2023,Healthy,cellchat,cDC,CD8 Memory T,LGALS9,CD44,0.0312803365198314,0,32,116
NBM2,Chen2023,Healthy,cellchat,Cycling Progenitor,CD8 Memory T,LGALS9,CD44,0.00856106215837349,0.04,14,116
NBM2,Chen2023,Healthy,cellchat,Early GMP,CD8 Memory T,LGALS9,CD44,0.0162730139463774,0,47,116
NBM2,Chen2023,Healthy,cellchat,HSC MPP,CD8 Memory T,LGALS9,CD44,0.00827599172871765,0,144,116
NBM2,Chen2023,Healthy,cellchat,Late GMP,CD8 Memory T,LGALS9,CD44,0.0210087897840035,0,32,116
NBM2,Chen2023,Healthy,cellchat,LMPP,CD8 Memory T,LGALS9,CD44,0.0185367672318787,0,34,116
NBM2,Chen2023,Healthy,cellchat,MEP,CD8 Memory T,LGALS9,CD44,0.00709036225194818,0.07,16,116
NBM2,Chen2023,Healthy,cellchat,Monocyte,CD8 Memory T,LGALS9,CD44,0.0139699343987215,0,404,116
NBM2,Chen2023,Healthy,cellchat,pDC,CD8 Memory T,LGALS9,CD44,0.0077038387957228,0.05,31,116
NBM2,Chen2023,Healthy,cellchat,Pro-Monocyte,CD8 Memory T,LGALS9,CD44,0.0152629036600644,0,62,116
NBM2,Chen2023,Healthy,cellchat,cDC,cDC,LGALS9,CD44,0.0348487753149077,0,32,32
NBM2,Chen2023,Healthy,cellchat,Cycling Progenitor,cDC,LGALS9,CD44,0.00956328858340239,0.03,14,32
NBM2,Chen2023,Healthy,cellchat,Early GMP,cDC,LGALS9,CD44,0.018161524920539,0,47,32
NBM2,Chen2023,Healthy,cellchat,HSC MPP,cDC,LGALS9,CD44,0.00924515672802464,0,144,32
NBM2,Chen2023,Healthy,cellchat,Late GMP,cDC,LGALS9,CD44,0.0234338034606838,0,32,32
NBM2,Chen2023,Healthy,cellchat,LMPP,cDC,LGALS9,CD44,0.0206824672051599,0,34,32
NBM2,Chen2023,Healthy,cellchat,MEP,cDC,LGALS9,CD44,0.00792179246766441,0.07,16,32
NBM2,Chen2023,Healthy,cellchat,Monocyte,cDC,LGALS9,CD44,0.0155954063053817,0,404,32
NBM2,Chen2023,Healthy,cellchat,pDC,cDC,LGALS9,CD44,0.00860658295421833,0.03,31,32
NBM2,Chen2023,Healthy,cellchat,Pro-Monocyte,cDC,LGALS9,CD44,0.0170362197228658,0,62,32
NBM2,Chen2023,Healthy,cellchat,cDC,Cycling Progenitor,LGALS9,CD44,0.0169624041157033,0,32,14
NBM2,Chen2023,Healthy,cellchat,Cycling Progenitor,Cycling Progenitor,LGALS9,CD44,0.00459310422884511,0.18,14,14
NBM2,Chen2023,Healthy,cellchat,Early GMP,Cycling Progenitor,LGALS9,CD44,0.00876224162613039,0.03,47,14
NBM2,Chen2023,Healthy,cellchat,HSC MPP,Cycling Progenitor,LGALS9,CD44,0.0044395691484644,0,144,14
NBM2,Chen2023,Healthy,cellchat,Late GMP,Cycling Progenitor,LGALS9,CD44,0.0113374220907685,0.01,32,14
NBM2,Chen2023,Healthy,cellchat,LMPP,Cycling Progenitor,LGALS9,CD44,0.0099917771727297,0,34,14
NBM2,Chen2023,Healthy,cellchat,MEP,Cycling Progenitor,LGALS9,CD44,0.00380144387350648,0.11,16,14
NBM2,Chen2023,Healthy,cellchat,Monocyte,Cycling Progenitor,LGALS9,CD44,0.00751402377725606,0,404,14
NBM2,Chen2023,Healthy,cellchat,pDC,Cycling Progenitor,LGALS9,CD44,0.00413153875346091,0.1,31,14
NBM2,Chen2023,Healthy,cellchat,Pro-Monocyte,Cycling Progenitor,LGALS9,CD44,0.00821445238420535,0,62,14
NBM2,Chen2023,Healthy,cellchat,cDC,Early GMP,LGALS9,CD44,0.0327023264276238,0,32,47
NBM2,Chen2023,Healthy,cellchat,Cycling Progenitor,Early GMP,LGALS9,CD44,0.00895979671639807,0.04,14,47
NBM2,Chen2023,Healthy,cellchat,Early GMP,Early GMP,LGALS9,CD44,0.0170247675629647,0,47,47
NBM2,Chen2023,Healthy,cellchat,HSC MPP,Early GMP,LGALS9,CD44,0.0086615650235289,0,144,47
NBM2,Chen2023,Healthy,cellchat,Late GMP,Early GMP,LGALS9,CD44,0.0219744318981802,0,32,47
NBM2,Chen2023,Healthy,cellchat,LMPP,Early GMP,LGALS9,CD44,0.0193910365516345,0,34,47
NBM2,Chen2023,Healthy,cellchat,MEP,Early GMP,LGALS9,CD44,0.00742111115488537,0.08,16,47
NBM2,Chen2023,Healthy,cellchat,Monocyte,Early GMP,LGALS9,CD44,0.0146168750501172,0,404,47
NBM2,Chen2023,Healthy,cellchat,pDC,Early GMP,LGALS9,CD44,0.00806297256429661,0.04,31,47
NBM2,Chen2023,Healthy,cellchat,Pro-Monocyte,Early GMP,LGALS9,CD44,0.015968751365342,0,62,47
NBM2,Chen2023,Healthy,cellchat,cDC,HSC MPP,LGALS9,CD44,0.0304388969374348,0,32,144
NBM2,Chen2023,Healthy,cellchat,Cycling Progenitor,HSC MPP,LGALS9,CD44,0.00832551757277222,0.03,14,144
NBM2,Chen2023,Healthy,cellchat,Early GMP,HSC MPP,LGALS9,CD44,0.0158286743242896,0,47,144
NBM2,Chen2023,Healthy,cellchat,HSC MPP,HSC MPP,LGALS9,CD44,0.00804822675222219,0,144,144
NBM2,Chen2023,Healthy,cellchat,Late GMP,HSC MPP,LGALS9,CD44,0.0204378249251542,0,32,144
NBM2,Chen2023,Healthy,cellchat,LMPP,HSC MPP,LGALS9,CD44,0.0180317481587976,0,34,144
NBM2,Chen2023,Healthy,cellchat,MEP,HSC MPP,LGALS9,CD44,0.00689500032527182,0.08,16,144
NBM2,Chen2023,Healthy,cellchat,Monocyte,HSC MPP,LGALS9,CD44,0.0135876124585141,0,404,144
NBM2,Chen2023,Healthy,cellchat,pDC,HSC MPP,LGALS9,CD44,0.00749170118629639,0.05,31,144
NBM2,Chen2023,Healthy,cellchat,Pro-Monocyte,HSC MPP,LGALS9,CD44,0.0148457291692195,0,62,144
NBM2,Chen2023,Healthy,cellchat,cDC,Late GMP,LGALS9,CD44,0.0382866588248317,0,32,32
NBM2,Chen2023,Healthy,cellchat,Cycling Progenitor,Late GMP,LGALS9,CD44,0.0105339463999189,0.02,14,32
NBM2,Chen2023,Healthy,cellchat,Early GMP,Late GMP,LGALS9,CD44,0.0199872779093492,0,47,32
NBM2,Chen2023,Healthy,cellchat,HSC MPP,Late GMP,LGALS9,CD44,0.0101838567029692,0,144,32
NBM2,Chen2023,Healthy,cellchat,Late GMP,Late GMP,LGALS9,CD44,0.025775657136877,0,32,32
NBM2,Chen2023,Healthy,cellchat,LMPP,Late GMP,LGALS9,CD44,0.0227557734389153,0,34,32
NBM2,Chen2023,Healthy,cellchat,MEP,Late GMP,LGALS9,CD44,0.00872730925943998,0.04,16,32
NBM2,Chen2023,Healthy,cellchat,Monocyte,Late GMP,LGALS9,CD44,0.0171677015818436,0,404,32
NBM2,Chen2023,Healthy,cellchat,pDC,Late GMP,LGALS9,CD44,0.00948106628660412,0.04,31,32
NBM2,Chen2023,Healthy,cellchat,Pro-Monocyte,Late GMP,LGALS9,CD44,0.0187510077879829,0,62,32
NBM2,Chen2023,Healthy,cellchat,cDC,LMPP,LGALS9,CD44,0.0264694546729757,0,32,34
NBM2,Chen2023,Healthy,cellchat,Cycling Progenitor,LMPP,LGALS9,CD44,0.00721834330664618,0.09,14,34
NBM2,Chen2023,Healthy,cellchat,Early GMP,LMPP,LGALS9,CD44,0.0137375105043046,0,47,34
NBM2,Chen2023,Healthy,cellchat,HSC MPP,LMPP,LGALS9,CD44,0.00697766871619078,0,144,34
NBM2,Chen2023,Healthy,cellchat,Late GMP,LMPP,LGALS9,CD44,0.0177487167291485,0,32,34
NBM2,Chen2023,Healthy,cellchat,LMPP,LMPP,LGALS9,CD44,0.0156541604875173,0,34,34
NBM2,Chen2023,Healthy,cellchat,MEP,LMPP,LGALS9,CD44,0.00597691772371124,0.09,16,34
NBM2,Chen2023,Healthy,cellchat,Monocyte,LMPP,LGALS9,CD44,0.0117889741308418,0,404,34
NBM2,Chen2023,Healthy,cellchat,pDC,LMPP,LGALS9,CD44,0.00649468631098679,0.06,31,34
NBM2,Chen2023,Healthy,cellchat,Pro-Monocyte,LMPP,LGALS9,CD44,0.0128827247250658,0,62,34
NBM2,Chen2023,Healthy,cellchat,cDC,MEP,LGALS9,CD44,0.0101103771898793,0.04,32,16
NBM2,Chen2023,Healthy,cellchat,Cycling Progenitor,MEP,LGALS9,CD44,0.00272385756546994,0.2,14,16
NBM2,Chen2023,Healthy,cellchat,Early GMP,MEP,LGALS9,CD44,0.00520516163256131,0.07,47,16
NBM2,Chen2023,Healthy,cellchat,HSC MPP,MEP,LGALS9,CD44,0.00263264110043755,0.04,144,16
NBM2,Chen2023,Healthy,cellchat,Late GMP,MEP,LGALS9,CD44,0.00674204397375976,0.08,32,16
NBM2,Chen2023,Healthy,cellchat,LMPP,MEP,LGALS9,CD44,0.00593855083859082,0.03,34,16
NBM2,Chen2023,Healthy,cellchat,MEP,MEP,LGALS9,CD44,0.00225364824800496,0.18,16,16
NBM2,Chen2023,Healthy,cellchat,Monocyte,MEP,LGALS9,CD44,0.00446138399791783,0,404,16
NBM2,Chen2023,Healthy,cellchat,pDC,MEP,LGALS9,CD44,0.00244967221514806,0.18,31,16
NBM2,Chen2023,Healthy,cellchat,Pro-Monocyte,MEP,LGALS9,CD44,0.0048786559383482,0.05,62,16
NBM2,Chen2023,Healthy,cellchat,cDC,Monocyte,LGALS9,CD44,0.0590400149936719,0,32,404
NBM2,Chen2023,Healthy,cellchat,Cycling Progenitor,Monocyte,LGALS9,CD44,0.0165020216690625,0,14,404
NBM2,Chen2023,Healthy,cellchat,Early GMP,Monocyte,LGALS9,CD44,0.0311426282770856,0,47,404
NBM2,Chen2023,Healthy,cellchat,HSC MPP,Monocyte,LGALS9,CD44,0.0159567850486288,0,144,404
NBM2,Chen2023,Healthy,cellchat,Late GMP,Monocyte,LGALS9,CD44,0.0400296740856184,0,32,404
NBM2,Chen2023,Healthy,cellchat,LMPP,Monocyte,LGALS9,CD44,0.0354004686019533,0,34,404
NBM2,Chen2023,Healthy,cellchat,MEP,Monocyte,LGALS9,CD44,0.0136859801885845,0,16,404
NBM2,Chen2023,Healthy,cellchat,Monocyte,Monocyte,LGALS9,CD44,0.0267924051189648,0,404,404
NBM2,Chen2023,Healthy,cellchat,pDC,Monocyte,LGALS9,CD44,0.0148615850902586,0,31,404
NBM2,Chen2023,Healthy,cellchat,Pro-Monocyte,Monocyte,LGALS9,CD44,0.0292369525745722,0,62,404
NBM2,Chen2023,Healthy,cellchat,cDC,Naive T,LGALS9,CD44,0.0277935315958705,0,32,818
NBM2,Chen2023,Healthy,cellchat,Cycling Progenitor,Naive T,LGALS9,CD44,0.00758693006145598,0.06,14,818
NBM2,Chen2023,Healthy,cellchat,Early GMP,Naive T,LGALS9,CD44,0.0144341424780714,0,47,818
NBM2,Chen2023,Healthy,cellchat,HSC MPP,Naive T,LGALS9,CD44,0.00733405680825295,0,144,818
NBM2,Chen2023,Healthy,cellchat,Late GMP,Naive T,LGALS9,CD44,0.0186449124223612,0,32,818
NBM2,Chen2023,Healthy,cellchat,LMPP,Naive T,LGALS9,CD44,0.0164463654264546,0,34,818
NBM2,Chen2023,Healthy,cellchat,MEP,Naive T,LGALS9,CD44,0.0062825153137539,0.09,16,818
NBM2,Chen2023,Healthy,cellchat,Monocyte,Naive T,LGALS9,CD44,0.0123880365458775,0,404,818
NBM2,Chen2023,Healthy,cellchat,pDC,Naive T,LGALS9,CD44,0.00682657540842935,0.06,31,818
NBM2,Chen2023,Healthy,cellchat,Pro-Monocyte,Naive T,LGALS9,CD44,0.013536605272269,0,62,818
NBM2,Chen2023,Healthy,cellchat,cDC,NK,LGALS9,CD44,0.00899225350906287,0.03,32,55
NBM2,Chen2023,Healthy,cellchat,Cycling Progenitor,NK,LGALS9,CD44,0.00242062398501871,0.24,14,55
NBM2,Chen2023,Healthy,cellchat,Early GMP,NK,LGALS9,CD44,0.00462697835922601,0.11,47,55
NBM2,Chen2023,Healthy,cellchat,HSC MPP,NK,LGALS9,CD44,0.00233953837539711,0.04,144,55
NBM2,Chen2023,Healthy,cellchat,Late GMP,NK,LGALS9,CD44,0.00599417425571025,0.1,32,55
NBM2,Chen2023,Healthy,cellchat,LMPP,NK,LGALS9,CD44,0.00527933587524612,0.04,34,55
NBM2,Chen2023,Healthy,cellchat,MEP,NK,LGALS9,CD44,0.00200265562597756,0.17,16,55
NBM2,Chen2023,Healthy,cellchat,Monocyte,NK,LGALS9,CD44,0.00396548934049358,0,404,55
NBM2,Chen2023,Healthy,cellchat,pDC,NK,LGALS9,CD44,0.00217689570421632,0.18,31,55
NBM2,Chen2023,Healthy,cellchat,Pro-Monocyte,NK,LGALS9,CD44,0.00433658243453655,0.05,62,55
NBM2,Chen2023,Healthy,cellchat,cDC,pDC,LGALS9,CD44,0.0194882203939728,0,32,31
NBM2,Chen2023,Healthy,cellchat,Cycling Progenitor,pDC,LGALS9,CD44,0.00528695432225959,0.18,14,31
NBM2,Chen2023,Healthy,cellchat,Early GMP,pDC,LGALS9,CD44,0.0100795185125514,0.01,47,31
NBM2,Chen2023,Healthy,cellchat,HSC MPP,pDC,LGALS9,CD44,0.00511034477942079,0.01,144,31
NBM2,Chen2023,Healthy,cellchat,Late GMP,pDC,LGALS9,CD44,0.0130367486090481,0,32,31
NBM2,Chen2023,Healthy,cellchat,LMPP,pDC,LGALS9,CD44,0.0114917540811092,0,34,31
NBM2,Chen2023,Healthy,cellchat,MEP,pDC,LGALS9,CD44,0.00437622880799559,0.11,16,31
NBM2,Chen2023,Healthy,cellchat,Monocyte,pDC,LGALS9,CD44,0.0086452857217776,0,404,31
NBM2,Chen2023,Healthy,cellchat,pDC,pDC,LGALS9,CD44,0.00475599632674015,0.12,31,31
NBM2,Chen2023,Healthy,cellchat,Pro-Monocyte,pDC,LGALS9,CD44,0.00945016216544697,0,62,31
NBM2,Chen2023,Healthy,cellchat,cDC,Plasma Cell,LGALS9,CD44,0.00273808627261708,0.1,32,317
NBM2,Chen2023,Healthy,cellchat,Cycling Progenitor,Plasma Cell,LGALS9,CD44,0.000733681420797078,0.24,14,317
NBM2,Chen2023,Healthy,cellchat,Early GMP,Plasma Cell,LGALS9,CD44,0.00140458353434238,0.2,47,317
NBM2,Chen2023,Healthy,cellchat,HSC MPP,Plasma Cell,LGALS9,CD44,0.000709064532079906,0.05,144,317
NBM2,Chen2023,Healthy,cellchat,Late GMP,Plasma Cell,LGALS9,CD44,0.00182135712786925,0.16,32,317
NBM2,Chen2023,Healthy,cellchat,LMPP,Plasma Cell,LGALS9,CD44,0.00160334754497226,0.12,34,317
NBM2,Chen2023,Healthy,cellchat,MEP,Plasma Cell,LGALS9,CD44,0.000606819701968035,0.31,16,317
NBM2,Chen2023,Healthy,cellchat,Monocyte,Plasma Cell,LGALS9,CD44,0.00120322247377528,0,404,317
NBM2,Chen2023,Healthy,cellchat,pDC,Plasma Cell,LGALS9,CD44,0.000659696031765728,0.22,31,317
NBM2,Chen2023,Healthy,cellchat,Pro-Monocyte,Plasma Cell,LGALS9,CD44,0.00131616239782384,0.1,62,317
NBM2,Chen2023,Healthy,cellchat,cDC,Pro-Monocyte,LGALS9,CD44,0.0413820552694402,0,32,62
NBM2,Chen2023,Healthy,cellchat,Cycling Progenitor,Pro-Monocyte,LGALS9,CD44,0.0114122195356185,0.01,14,62
NBM2,Chen2023,Healthy,cellchat,Early GMP,Pro-Monocyte,LGALS9,CD44,0.0216364924422155,0,47,62
NBM2,Chen2023,Healthy,cellchat,HSC MPP,Pro-Monocyte,LGALS9,CD44,0.0110332664097724,0,144,62
NBM2,Chen2023,Healthy,cellchat,Late GMP,Pro-Monocyte,LGALS9,CD44,0.0278888975436074,0,32,62
NBM2,Chen2023,Healthy,cellchat,LMPP,Pro-Monocyte,LGALS9,CD44,0.0246276848096486,0,34,62
NBM2,Chen2023,Healthy,cellchat,MEP,Pro-Monocyte,LGALS9,CD44,0.00945639267931513,0.04,16,62
NBM2,Chen2023,Healthy,cellchat,Monocyte,Pro-Monocyte,LGALS9,CD44,0.0185886767110625,0,404,62
NBM2,Chen2023,Healthy,cellchat,pDC,Pro-Monocyte,LGALS9,CD44,0.0102724663703501,0.04,31,62
NBM2,Chen2023,Healthy,cellchat,Pro-Monocyte,Pro-Monocyte,LGALS9,CD44,0.020300326742462,0,62,62
NBM2,Chen2023,Healthy,cellchat,Cycling Progenitor,Monocyte,CTSG,FPR1,0.00359885375823619,0,14,404
NBM2,Chen2023,Healthy,cellchat,Early GMP,Monocyte,CTSG,FPR1,0.00581012003648261,0,47,404
NBM2,Chen2023,Healthy,cellchat,Late GMP,Monocyte,CTSG,FPR1,0.0813360544057853,0,32,404
NBM2,Chen2023,Healthy,cellchat,Pro-Monocyte,Monocyte,CTSG,FPR1,0.00962543278857797,0,62,404
NBM2,Chen2023,Healthy,cellchat,Cycling Progenitor,Pro-Monocyte,CTSG,FPR1,0.00101142612331814,0,14,62
NBM2,Chen2023,Healthy,cellchat,Early GMP,Pro-Monocyte,CTSG,FPR1,0.00163549253018817,0,47,62
NBM2,Chen2023,Healthy,cellchat,Late GMP,Pro-Monocyte,CTSG,FPR1,0.0242171632123489,0,32,62
NBM2,Chen2023,Healthy,cellchat,Pro-Monocyte,Pro-Monocyte,CTSG,FPR1,0.00271695775572859,0,62,62
NBM2,Chen2023,Healthy,cellchat,cDC,CD4 Memory T,LGALS9,P4HB,0.00753390087633986,0,32,197
NBM2,Chen2023,Healthy,cellchat,Cycling Progenitor,CD4 Memory T,LGALS9,P4HB,0.00202587143688767,0.05,14,197
NBM2,Chen2023,Healthy,cellchat,Early GMP,CD4 Memory T,LGALS9,P4HB,0.00387381332002111,0,47,197
NBM2,Chen2023,Healthy,cellchat,HSC MPP,CD4 Memory T,LGALS9,P4HB,0.00195798322039292,0,144,197
NBM2,Chen2023,Healthy,cellchat,Late GMP,CD4 Memory T,LGALS9,P4HB,0.00501958364286015,0,32,197
NBM2,Chen2023,Healthy,cellchat,LMPP,CD4 Memory T,LGALS9,P4HB,0.00442045370796915,0,34,197
NBM2,Chen2023,Healthy,cellchat,MEP,CD4 Memory T,LGALS9,P4HB,0.00167595035942783,0.09,16,197
NBM2,Chen2023,Healthy,cellchat,Monocyte,CD4 Memory T,LGALS9,P4HB,0.00331964030685561,0,404,197
NBM2,Chen2023,Healthy,cellchat,pDC,CD4 Memory T,LGALS9,P4HB,0.00182181749369928,0.07,31,197
NBM2,Chen2023,Healthy,cellchat,Pro-Monocyte,CD4 Memory T,LGALS9,P4HB,0.00363051472280474,0.01,62,197
NBM2,Chen2023,Healthy,cellchat,cDC,CD8 Memory T,LGALS9,P4HB,0.00924755686905367,0,32,116
NBM2,Chen2023,Healthy,cellchat,Cycling Progenitor,CD8 Memory T,LGALS9,P4HB,0.00248981783668971,0.02,14,116
NBM2,Chen2023,Healthy,cellchat,Early GMP,CD8 Memory T,LGALS9,P4HB,0.00475894026830624,0.01,47,116
NBM2,Chen2023,Healthy,cellchat,HSC MPP,CD8 Memory T,LGALS9,P4HB,0.00240641997560056,0,144,116
NBM2,Chen2023,Healthy,cellchat,Late GMP,CD8 Memory T,LGALS9,P4HB,0.0061648872332179,0,32,116
NBM2,Chen2023,Healthy,cellchat,LMPP,CD8 Memory T,LGALS9,P4HB,0.0054298015965242,0,34,116
NBM2,Chen2023,Healthy,cellchat,MEP,CD8 Memory T,LGALS9,P4HB,0.00205992646876571,0.09,16,116
NBM2,Chen2023,Healthy,cellchat,Monocyte,CD8 Memory T,LGALS9,P4HB,0.00407866281790429,0,404,116
NBM2,Chen2023,Healthy,cellchat,pDC,CD8 Memory T,LGALS9,P4HB,0.00223913818919755,0.06,31,116
NBM2,Chen2023,Healthy,cellchat,Pro-Monocyte,CD8 Memory T,LGALS9,P4HB,0.0044602993337884,0,62,116
NBM2,Chen2023,Healthy,cellchat,cDC,cDC,LGALS9,P4HB,0.0193645934924742,0,32,32
NBM2,Chen2023,Healthy,cellchat,Cycling Progenitor,cDC,LGALS9,P4HB,0.00525293297891118,0.01,14,32
NBM2,Chen2023,Healthy,cellchat,Early GMP,cDC,LGALS9,P4HB,0.0100149677097707,0,47,32
NBM2,Chen2023,Healthy,cellchat,HSC MPP,cDC,LGALS9,P4HB,0.00507745411046982,0,144,32
NBM2,Chen2023,Healthy,cellchat,Late GMP,cDC,LGALS9,P4HB,0.0129535070638917,0,32,32
NBM2,Chen2023,Healthy,cellchat,LMPP,cDC,LGALS9,P4HB,0.0114182634225869,0,34,32
NBM2,Chen2023,Healthy,cellchat,MEP,cDC,LGALS9,P4HB,0.00434804233048664,0.03,16,32
NBM2,Chen2023,Healthy,cellchat,Monocyte,cDC,LGALS9,P4HB,0.00858984026718847,0,404,32
NBM2,Chen2023,Healthy,cellchat,pDC,cDC,LGALS9,P4HB,0.00472537544625888,0,31,32
NBM2,Chen2023,Healthy,cellchat,Pro-Monocyte,cDC,LGALS9,P4HB,0.0093896036284076,0,62,32
NBM2,Chen2023,Healthy,cellchat,cDC,Cycling Progenitor,LGALS9,P4HB,0.022035523543216,0,32,14
NBM2,Chen2023,Healthy,cellchat,Cycling Progenitor,Cycling Progenitor,LGALS9,P4HB,0.00598935021919738,0,14,14
NBM2,Chen2023,Healthy,cellchat,Early GMP,Cycling Progenitor,LGALS9,P4HB,0.0114113239650069,0,47,14
NBM2,Chen2023,Healthy,cellchat,HSC MPP,Cycling Progenitor,LGALS9,P4HB,0.00578941385757927,0,144,14
NBM2,Chen2023,Healthy,cellchat,Late GMP,Cycling Progenitor,LGALS9,P4HB,0.0147534690396103,0,32,14
NBM2,Chen2023,Healthy,cellchat,LMPP,Cycling Progenitor,LGALS9,P4HB,0.0130077061003457,0,34,14
NBM2,Chen2023,Healthy,cellchat,MEP,Cycling Progenitor,LGALS9,P4HB,0.00495823378875945,0.01,16,14
NBM2,Chen2023,Healthy,cellchat,Monocyte,Cycling Progenitor,LGALS9,P4HB,0.00978946022562723,0,404,14
NBM2,Chen2023,Healthy,cellchat,pDC,Cycling Progenitor,LGALS9,P4HB,0.00538823414937144,0.01,31,14
NBM2,Chen2023,Healthy,cellchat,Pro-Monocyte,Cycling Progenitor,LGALS9,P4HB,0.010699709659626,0,62,14
NBM2,Chen2023,Healthy,cellchat,cDC,Early GMP,LGALS9,P4HB,0.0225701121584229,0,32,47
NBM2,Chen2023,Healthy,cellchat,Cycling Progenitor,Early GMP,LGALS9,P4HB,0.00613709661886698,0,14,47
NBM2,Chen2023,Healthy,cellchat,Early GMP,Early GMP,LGALS9,P4HB,0.0116912474871771,0,47,47
NBM2,Chen2023,Healthy,cellchat,HSC MPP,Early GMP,LGALS9,P4HB,0.00593225762466494,0,144,47
NBM2,Chen2023,Healthy,cellchat,Late GMP,Early GMP,LGALS9,P4HB,0.0151141230592354,0,32,47
NBM2,Chen2023,Healthy,cellchat,LMPP,Early GMP,LGALS9,P4HB,0.0133262615230269,0,34,47
NBM2,Chen2023,Healthy,cellchat,MEP,Early GMP,LGALS9,P4HB,0.0050806744270356,0,16,47
NBM2,Chen2023,Healthy,cellchat,Monocyte,Early GMP,LGALS9,P4HB,0.0100300025462656,0,404,47
NBM2,Chen2023,Healthy,cellchat,pDC,Early GMP,LGALS9,P4HB,0.00552123447119889,0,31,47
NBM2,Chen2023,Healthy,cellchat,Pro-Monocyte,Early GMP,LGALS9,P4HB,0.0109623706188041,0,62,47
NBM2,Chen2023,Healthy,cellchat,cDC,HSC MPP,LGALS9,P4HB,0.00487861240970591,0,32,144
NBM2,Chen2023,Healthy,cellchat,Cycling Progenitor,HSC MPP,LGALS9,P4HB,0.00130930141846523,0.18,14,144
NBM2,Chen2023,Healthy,cellchat,Early GMP,HSC MPP,LGALS9,P4HB,0.0025052495026528,0.01,47,144
NBM2,Chen2023,Healthy,cellchat,HSC MPP,HSC MPP,LGALS9,P4HB,0.00126539546334988,0.01,144,144
NBM2,Chen2023,Healthy,cellchat,Late GMP,HSC MPP,LGALS9,P4HB,0.00324755494120547,0,32,144
NBM2,Chen2023,Healthy,cellchat,LMPP,HSC MPP,LGALS9,P4HB,0.00285932386314262,0,34,144
NBM2,Chen2023,Healthy,cellchat,MEP,HSC MPP,LGALS9,P4HB,0.00108301644069112,0.12,16,144
NBM2,Chen2023,Healthy,cellchat,Monocyte,HSC MPP,LGALS9,P4HB,0.00214643616188183,0,404,144
NBM2,Chen2023,Healthy,cellchat,pDC,HSC MPP,LGALS9,P4HB,0.00117733815022128,0.15,31,144
NBM2,Chen2023,Healthy,cellchat,Pro-Monocyte,HSC MPP,LGALS9,P4HB,0.00234770230229148,0.01,62,144
NBM2,Chen2023,Healthy,cellchat,cDC,Late GMP,LGALS9,P4HB,0.0460129578181833,0,32,32
NBM2,Chen2023,Healthy,cellchat,Cycling Progenitor,Late GMP,LGALS9,P4HB,0.0127338665121325,0,14,32
NBM2,Chen2023,Healthy,cellchat,Early GMP,Late GMP,LGALS9,P4HB,0.0241133290237105,0,47,32
NBM2,Chen2023,Healthy,cellchat,HSC MPP,Late GMP,LGALS9,P4HB,0.0123115734458464,0,144,32
NBM2,Chen2023,Healthy,cellchat,Late GMP,Late GMP,LGALS9,P4HB,0.0310587562103829,0,32,32
NBM2,Chen2023,Healthy,cellchat,LMPP,Late GMP,LGALS9,P4HB,0.0274373352443101,0,34,32
NBM2,Chen2023,Healthy,cellchat,MEP,Late GMP,LGALS9,P4HB,0.0105539538272062,0,16,32
NBM2,Chen2023,Healthy,cellchat,Monocyte,Late GMP,LGALS9,P4HB,0.0207240051922762,0,404,32
NBM2,Chen2023,Healthy,cellchat,pDC,Late GMP,LGALS9,P4HB,0.0114636493567171,0,31,32
NBM2,Chen2023,Healthy,cellchat,Pro-Monocyte,Late GMP,LGALS9,P4HB,0.0226277434356624,0,62,32
NBM2,Chen2023,Healthy,cellchat,cDC,LMPP,LGALS9,P4HB,0.0141429749839905,0,32,34
NBM2,Chen2023,Healthy,cellchat,Cycling Progenitor,LMPP,LGALS9,P4HB,0.0038216623066097,0.05,14,34
NBM2,Chen2023,Healthy,cellchat,Early GMP,LMPP,LGALS9,P4HB,0.0072956980546299,0,47,34
NBM2,Chen2023,Healthy,cellchat,HSC MPP,LMPP,LGALS9,P4HB,0.00369381875518684,0,144,34
NBM2,Chen2023,Healthy,cellchat,Late GMP,LMPP,LGALS9,P4HB,0.00944397488142032,0,32,34
NBM2,Chen2023,Healthy,cellchat,LMPP,LMPP,LGALS9,P4HB,0.00832117276551564,0,34,34
NBM2,Chen2023,Healthy,cellchat,MEP,LMPP,LGALS9,P4HB,0.00316254404370023,0.02,16,34
NBM2,Chen2023,Healthy,cellchat,Monocyte,LMPP,LGALS9,P4HB,0.00625507711892217,0,404,34
NBM2,Chen2023,Healthy,cellchat,pDC,LMPP,LGALS9,P4HB,0.00343735207104047,0.01,31,34
NBM2,Chen2023,Healthy,cellchat,Pro-Monocyte,LMPP,LGALS9,P4HB,0.00683896018218469,0,62,34
NBM2,Chen2023,Healthy,cellchat,cDC,MEP,LGALS9,P4HB,0.0137467397067154,0,32,16
NBM2,Chen2023,Healthy,cellchat,Cycling Progenitor,MEP,LGALS9,P4HB,0.00371350385375873,0.04,14,16
NBM2,Chen2023,Healthy,cellchat,Early GMP,MEP,LGALS9,P4HB,0.00708991922860798,0.01,47,16
NBM2,Chen2023,Healthy,cellchat,HSC MPP,MEP,LGALS9,P4HB,0.00358926541947046,0,144,16
NBM2,Chen2023,Healthy,cellchat,Late GMP,MEP,LGALS9,P4HB,0.00917816305079779,0.01,32,16
NBM2,Chen2023,Healthy,cellchat,LMPP,MEP,LGALS9,P4HB,0.00808670552960298,0,34,16
NBM2,Chen2023,Healthy,cellchat,MEP,MEP,LGALS9,P4HB,0.00307298202741775,0.07,16,16
NBM2,Chen2023,Healthy,cellchat,Monocyte,MEP,LGALS9,P4HB,0.00607846980697952,0,404,16
NBM2,Chen2023,Healthy,cellchat,pDC,MEP,LGALS9,P4HB,0.00334003367452728,0.06,31,16
NBM2,Chen2023,Healthy,cellchat,Pro-Monocyte,MEP,LGALS9,P4HB,0.00664597763096217,0,62,16
NBM2,Chen2023,Healthy,cellchat,cDC,Monocyte,LGALS9,P4HB,0.0218936651867359,0,32,404
NBM2,Chen2023,Healthy,cellchat,Cycling Progenitor,Monocyte,LGALS9,P4HB,0.005950164001622,0,14,404
NBM2,Chen2023,Healthy,cellchat,Early GMP,Monocyte,LGALS9,P4HB,0.011337068270343,0,47,404
NBM2,Chen2023,Healthy,cellchat,HSC MPP,Monocyte,LGALS9,P4HB,0.00575152818450061,0,144,404
NBM2,Chen2023,Healthy,cellchat,Late GMP,Monocyte,LGALS9,P4HB,0.0146577878168054,0,32,404
NBM2,Chen2023,Healthy,cellchat,LMPP,Monocyte,LGALS9,P4HB,0.0129231982333833,0,34,404
NBM2,Chen2023,Healthy,cellchat,MEP,Monocyte,LGALS9,P4HB,0.00492576037374445,0,16,404
NBM2,Chen2023,Healthy,cellchat,Monocyte,Monocyte,LGALS9,P4HB,0.00972565448512625,0,404,404
NBM2,Chen2023,Healthy,cellchat,pDC,Monocyte,LGALS9,P4HB,0.00535295964392383,0,31,404
NBM2,Chen2023,Healthy,cellchat,Pro-Monocyte,Monocyte,LGALS9,P4HB,0.0106300347852828,0,62,404
NBM2,Chen2023,Healthy,cellchat,cDC,NK,LGALS9,P4HB,0.0103236149831594,0,32,55
NBM2,Chen2023,Healthy,cellchat,Cycling Progenitor,NK,LGALS9,P4HB,0.00278174419030433,0.04,14,55
NBM2,Chen2023,Healthy,cellchat,Early GMP,NK,LGALS9,P4HB,0.00531549914397566,0,47,55
NBM2,Chen2023,Healthy,cellchat,HSC MPP,NK,LGALS9,P4HB,0.00268859444570908,0.01,144,55
NBM2,Chen2023,Healthy,cellchat,Late GMP,NK,LGALS9,P4HB,0.00688473440557384,0,32,55
NBM2,Chen2023,Healthy,cellchat,LMPP,NK,LGALS9,P4HB,0.00606433975179611,0,34,55
NBM2,Chen2023,Healthy,cellchat,MEP,NK,LGALS9,P4HB,0.00230156518364521,0.05,16,55
NBM2,Chen2023,Healthy,cellchat,Monocyte,NK,LGALS9,P4HB,0.00455602733399481,0,404,55
NBM2,Chen2023,Healthy,cellchat,pDC,NK,LGALS9,P4HB,0.00250174655031774,0.08,31,55
NBM2,Chen2023,Healthy,cellchat,Pro-Monocyte,NK,LGALS9,P4HB,0.00498210693890243,0,62,55
NBM2,Chen2023,Healthy,cellchat,cDC,pDC,LGALS9,P4HB,0.0369271154563655,0,32,31
NBM2,Chen2023,Healthy,cellchat,Cycling Progenitor,pDC,LGALS9,P4HB,0.0101494899445024,0,14,31
NBM2,Chen2023,Healthy,cellchat,Early GMP,pDC,LGALS9,P4HB,0.0192645214534797,0,47,31
NBM2,Chen2023,Healthy,cellchat,HSC MPP,pDC,LGALS9,P4HB,0.00981205073329135,0,144,31
NBM2,Chen2023,Healthy,cellchat,Late GMP,pDC,LGALS9,P4HB,0.0248488953773963,0,32,31
NBM2,Chen2023,Healthy,cellchat,LMPP,pDC,LGALS9,P4HB,0.0219351466385871,0,34,31
NBM2,Chen2023,Healthy,cellchat,MEP,pDC,LGALS9,P4HB,0.0084082291576675,0,16,31
NBM2,Chen2023,Healthy,cellchat,Monocyte,pDC,LGALS9,P4HB,0.0165451820101221,0,404,31
NBM2,Chen2023,Healthy,cellchat,pDC,pDC,LGALS9,P4HB,0.00913468194392862,0,31,31
NBM2,Chen2023,Healthy,cellchat,Pro-Monocyte,pDC,LGALS9,P4HB,0.0180721314958066,0,62,31
NBM2,Chen2023,Healthy,cellchat,cDC,Plasma Cell,LGALS9,P4HB,0.0229728791890259,0,32,317
NBM2,Chen2023,Healthy,cellchat,Cycling Progenitor,Plasma Cell,LGALS9,P4HB,0.00624848870552254,0,14,317
NBM2,Chen2023,Healthy,cellchat,Early GMP,Plasma Cell,LGALS9,P4HB,0.0119022435463329,0,47,317
NBM2,Chen2023,Healthy,cellchat,HSC MPP,Plasma Cell,LGALS9,P4HB,0.00603995435224893,0,144,317
NBM2,Chen2023,Healthy,cellchat,Late GMP,Plasma Cell,LGALS9,P4HB,0.0153859312673843,0,32,317
NBM2,Chen2023,Healthy,cellchat,LMPP,Plasma Cell,LGALS9,P4HB,0.0135663602088331,0,34,317
NBM2,Chen2023,Healthy,cellchat,MEP,Plasma Cell,LGALS9,P4HB,0.00517299160284658,0,16,317
NBM2,Chen2023,Healthy,cellchat,Monocyte,Plasma Cell,LGALS9,P4HB,0.0102113273012702,0,404,317
NBM2,Chen2023,Healthy,cellchat,pDC,Plasma Cell,LGALS9,P4HB,0.00562151150709061,0,31,317
NBM2,Chen2023,Healthy,cellchat,Pro-Monocyte,Plasma Cell,LGALS9,P4HB,0.0111603609238889,0,62,317
NBM2,Chen2023,Healthy,cellchat,cDC,Pro-Monocyte,LGALS9,P4HB,0.0296904584250644,0,32,62
NBM2,Chen2023,Healthy,cellchat,Cycling Progenitor,Pro-Monocyte,LGALS9,P4HB,0.00811625626793048,0,14,62
NBM2,Chen2023,Healthy,cellchat,Early GMP,Pro-Monocyte,LGALS9,P4HB,0.0154337568055355,0,47,62
NBM2,Chen2023,Healthy,cellchat,HSC MPP,Pro-Monocyte,LGALS9,P4HB,0.00784587999045417,0,144,62
NBM2,Chen2023,Healthy,cellchat,Late GMP,Pro-Monocyte,LGALS9,P4HB,0.019930240160127,0,32,62
NBM2,Chen2023,Healthy,cellchat,LMPP,Pro-Monocyte,LGALS9,P4HB,0.017582847043476,0,34,62
NBM2,Chen2023,Healthy,cellchat,MEP,Pro-Monocyte,LGALS9,P4HB,0.0067214512667532,0.01,16,62
NBM2,Chen2023,Healthy,cellchat,Monocyte,Pro-Monocyte,LGALS9,P4HB,0.0132478556683163,0,404,62
NBM2,Chen2023,Healthy,cellchat,pDC,Pro-Monocyte,LGALS9,P4HB,0.00730324345252822,0,31,62
NBM2,Chen2023,Healthy,cellchat,Pro-Monocyte,Pro-Monocyte,LGALS9,P4HB,0.0144749749477021,0,62,62
NBM2,Chen2023,Healthy,cellchat,B,CD4 Memory T,PPIA,BSG,0.0259430880521714,0.02,170,197
NBM2,Chen2023,Healthy,cellchat,CD4 Memory T,CD4 Memory T,PPIA,BSG,0.0254743434588284,0.02,197,197
NBM2,Chen2023,Healthy,cellchat,CD8 Memory T,CD4 Memory T,PPIA,BSG,0.0271942336701865,0.01,116,197
NBM2,Chen2023,Healthy,cellchat,cDC,CD4 Memory T,PPIA,BSG,0.0330765334110143,0.01,32,197
NBM2,Chen2023,Healthy,cellchat,Cycling Progenitor,CD4 Memory T,PPIA,BSG,0.0340393306482323,0.01,14,197
NBM2,Chen2023,Healthy,cellchat,Early GMP,CD4 Memory T,PPIA,BSG,0.0317383393276397,0.01,47,197
NBM2,Chen2023,Healthy,cellchat,HSC MPP,CD4 Memory T,PPIA,BSG,0.0252664672721503,0.05,144,197
NBM2,Chen2023,Healthy,cellchat,Late GMP,CD4 Memory T,PPIA,BSG,0.0315532898672867,0.01,32,197
NBM2,Chen2023,Healthy,cellchat,LMPP,CD4 Memory T,PPIA,BSG,0.0302313334918656,0.01,34,197
NBM2,Chen2023,Healthy,cellchat,MEP,CD4 Memory T,PPIA,BSG,0.0266103370677533,0.09,16,197
NBM2,Chen2023,Healthy,cellchat,Monocyte,CD4 Memory T,PPIA,BSG,0.0229489504860441,0.49,404,197
NBM2,Chen2023,Healthy,cellchat,Naive T,CD4 Memory T,PPIA,BSG,0.0241160457429738,0.15,818,197
NBM2,Chen2023,Healthy,cellchat,NK,CD4 Memory T,PPIA,BSG,0.0279092864012998,0.01,55,197
NBM2,Chen2023,Healthy,cellchat,pDC,CD4 Memory T,PPIA,BSG,0.032631277354414,0.01,31,197
NBM2,Chen2023,Healthy,cellchat,Pro-B,CD4 Memory T,PPIA,BSG,0.02893305179584,0.02,21,197
NBM2,Chen2023,Healthy,cellchat,Pro-Monocyte,CD4 Memory T,PPIA,BSG,0.0270314264061264,0.02,62,197
NBM2,Chen2023,Healthy,cellchat,B,CD8 Memory T,PPIA,BSG,0.0329377089307652,0.04,170,116
NBM2,Chen2023,Healthy,cellchat,CD4 Memory T,CD8 Memory T,PPIA,BSG,0.0323467810821136,0.04,197,116
NBM2,Chen2023,Healthy,cellchat,CD8 Memory T,CD8 Memory T,PPIA,BSG,0.0345142283281845,0.04,116,116
NBM2,Chen2023,Healthy,cellchat,cDC,CD8 Memory T,PPIA,BSG,0.0419116766613653,0.03,32,116
NBM2,Chen2023,Healthy,cellchat,Cycling Progenitor,CD8 Memory T,PPIA,BSG,0.0431201799464419,0.02,14,116
NBM2,Chen2023,Healthy,cellchat,Early GMP,CD8 Memory T,PPIA,BSG,0.0402309070865204,0.02,47,116
NBM2,Chen2023,Healthy,cellchat,HSC MPP,CD8 Memory T,PPIA,BSG,0.0320846706707759,0.05,144,116
NBM2,Chen2023,Healthy,cellchat,Late GMP,CD8 Memory T,PPIA,BSG,0.0399983874245174,0.03,32,116
NBM2,Chen2023,Healthy,cellchat,LMPP,CD8 Memory T,PPIA,BSG,0.0383366213471098,0.02,34,116
NBM2,Chen2023,Healthy,cellchat,MEP,CD8 Memory T,PPIA,BSG,0.0337786190391805,0.05,16,116
NBM2,Chen2023,Healthy,cellchat,Monocyte,CD8 Memory T,PPIA,BSG,0.0291604769283615,0.06,404,116
NBM2,Chen2023,Healthy,cellchat,Naive T,CD8 Memory T,PPIA,BSG,0.0306335622420828,0.05,818,116
NBM2,Chen2023,Healthy,cellchat,NK,CD8 Memory T,PPIA,BSG,0.03541474806506,0.04,55,116
NBM2,Chen2023,Healthy,cellchat,pDC,CD8 Memory T,PPIA,BSG,0.0413525737512204,0.02,31,116
NBM2,Chen2023,Healthy,cellchat,Plasma Cell,CD8 Memory T,PPIA,BSG,0.0141762880461057,0.99,317,116
NBM2,Chen2023,Healthy,cellchat,Pro-B,CD8 Memory T,PPIA,BSG,0.0367034328761088,0.04,21,116
NBM2,Chen2023,Healthy,cellchat,Pro-Monocyte,CD8 Memory T,PPIA,BSG,0.034309143077656,0.04,62,116
NBM2,Chen2023,Healthy,cellchat,B,cDC,PPIA,BSG,0.0507523407770732,0.05,170,32
NBM2,Chen2023,Healthy,cellchat,CD4 Memory T,cDC,PPIA,BSG,0.0498582825813031,0.07,197,32
NBM2,Chen2023,Healthy,cellchat,CD8 Memory T,cDC,PPIA,BSG,0.053134684048874,0.03,116,32
NBM2,Chen2023,Healthy,cellchat,cDC,cDC,PPIA,BSG,0.0642574476546857,0.01,32,32
NBM2,Chen2023,Healthy,cellchat,Cycling Progenitor,cDC,PPIA,BSG,0.0660658502914268,0,14,32
NBM2,Chen2023,Healthy,cellchat,Early GMP,cDC,PPIA,BSG,0.0617382987272192,0.01,47,32
NBM2,Chen2023,Healthy,cellchat,HSC MPP,cDC,PPIA,BSG,0.0494615271790298,0.06,144,32
NBM2,Chen2023,Healthy,cellchat,Late GMP,cDC,PPIA,BSG,0.0613894252158643,0.01,32,32
NBM2,Chen2023,Healthy,cellchat,LMPP,cDC,PPIA,BSG,0.0588934706109195,0.02,34,32
NBM2,Chen2023,Healthy,cellchat,MEP,cDC,PPIA,BSG,0.0520235971600333,0.06,16,32
NBM2,Chen2023,Healthy,cellchat,Monocyte,cDC,PPIA,BSG,0.0450272830975953,0.11,404,32
NBM2,Chen2023,Healthy,cellchat,Naive T,cDC,PPIA,BSG,0.0472628832242141,0.09,818,32
NBM2,Chen2023,Healthy,cellchat,NK,cDC,PPIA,BSG,0.0544936138397543,0.01,55,32
NBM2,Chen2023,Healthy,cellchat,pDC,cDC,PPIA,BSG,0.0634199836194758,0.01,31,32
NBM2,Chen2023,Healthy,cellchat,Plasma Cell,cDC,PPIA,BSG,0.0220752838143017,0.5,317,32
NBM2,Chen2023,Healthy,cellchat,Pro-B,cDC,PPIA,BSG,0.0564359283123097,0.02,21,32
NBM2,Chen2023,Healthy,cellchat,Pro-Monocyte,cDC,PPIA,BSG,0.0528250088214,0.03,62,32
NBM2,Chen2023,Healthy,cellchat,B,Cycling Progenitor,PPIA,BSG,0.0869022856431947,0,170,14
NBM2,Chen2023,Healthy,cellchat,CD4 Memory T,Cycling Progenitor,PPIA,BSG,0.0854287179759718,0,197,14
NBM2,Chen2023,Healthy,cellchat,CD8 Memory T,Cycling Progenitor,PPIA,BSG,0.0908191769415776,0,116,14
NBM2,Chen2023,Healthy,cellchat,cDC,Cycling Progenitor,PPIA,BSG,0.108923029617814,0,32,14
NBM2,Chen2023,Healthy,cellchat,Cycling Progenitor,Cycling Progenitor,PPIA,BSG,0.111838221839572,0,14,14
NBM2,Chen2023,Healthy,cellchat,Early GMP,Cycling Progenitor,PPIA,BSG,0.104849016829018,0,47,14
NBM2,Chen2023,Healthy,cellchat,HSC MPP,Cycling Progenitor,PPIA,BSG,0.0847741601845344,0,144,14
NBM2,Chen2023,Healthy,cellchat,Late GMP,Cycling Progenitor,PPIA,BSG,0.104283607746789,0,32,14
NBM2,Chen2023,Healthy,cellchat,LMPP,Cycling Progenitor,PPIA,BSG,0.100229904703736,0,34,14
NBM2,Chen2023,Healthy,cellchat,MEP,Cycling Progenitor,PPIA,BSG,0.0889941422485948,0,16,14
NBM2,Chen2023,Healthy,cellchat,Monocyte,Cycling Progenitor,PPIA,BSG,0.0774320147102919,0,404,14
NBM2,Chen2023,Healthy,cellchat,Naive T,Cycling Progenitor,PPIA,BSG,0.0811398061292489,0,818,14
NBM2,Chen2023,Healthy,cellchat,NK,Cycling Progenitor,PPIA,BSG,0.093047184733981,0,55,14
NBM2,Chen2023,Healthy,cellchat,pDC,Cycling Progenitor,PPIA,BSG,0.107570360717234,0,31,14
NBM2,Chen2023,Healthy,cellchat,Plasma Cell,Cycling Progenitor,PPIA,BSG,0.038630353306888,0.24,317,14
NBM2,Chen2023,Healthy,cellchat,Pro-B,Cycling Progenitor,PPIA,BSG,0.096223815013668,0,21,14
NBM2,Chen2023,Healthy,cellchat,Pro-Monocyte,Cycling Progenitor,PPIA,BSG,0.0903108200317453,0,62,14
NBM2,Chen2023,Healthy,cellchat,B,Early GMP,PPIA,BSG,0.0675928630090429,0,170,47
NBM2,Chen2023,Healthy,cellchat,CD4 Memory T,Early GMP,PPIA,BSG,0.0664228993904889,0,197,47
NBM2,Chen2023,Healthy,cellchat,CD8 Memory T,Early GMP,PPIA,BSG,0.0707068273990298,0,116,47
NBM2,Chen2023,Healthy,cellchat,cDC,Early GMP,PPIA,BSG,0.0851770964280902,0,32,47
NBM2,Chen2023,Healthy,cellchat,Cycling Progenitor,Early GMP,PPIA,BSG,0.0875191778096019,0,14,47
NBM2,Chen2023,Healthy,cellchat,Early GMP,Early GMP,PPIA,BSG,0.0819096034828023,0,47,47
NBM2,Chen2023,Healthy,cellchat,HSC MPP,Early GMP,PPIA,BSG,0.0659034713129222,0,144,47
NBM2,Chen2023,Healthy,cellchat,Late GMP,Early GMP,PPIA,BSG,0.0814566408451881,0,32,47
NBM2,Chen2023,Healthy,cellchat,LMPP,Early GMP,PPIA,BSG,0.0782127853061018,0,34,47
NBM2,Chen2023,Healthy,cellchat,MEP,Early GMP,PPIA,BSG,0.0692551691803312,0,16,47
NBM2,Chen2023,Healthy,cellchat,Monocyte,Early GMP,PPIA,BSG,0.0600883816171974,0,404,47
NBM2,Chen2023,Healthy,cellchat,Naive T,Early GMP,PPIA,BSG,0.0630224147018119,0,818,47
NBM2,Chen2023,Healthy,cellchat,NK,Early GMP,PPIA,BSG,0.0724807665777532,0,55,47
NBM2,Chen2023,Healthy,cellchat,pDC,Early GMP,PPIA,BSG,0.0840914891824688,0,31,47
NBM2,Chen2023,Healthy,cellchat,Plasma Cell,Early GMP,PPIA,BSG,0.0296979540387335,0.14,317,47
NBM2,Chen2023,Healthy,cellchat,Pro-B,Early GMP,PPIA,BSG,0.0750133326898653,0,21,47
NBM2,Chen2023,Healthy,cellchat,Pro-Monocyte,Early GMP,PPIA,BSG,0.0703023435105229,0,62,47
NBM2,Chen2023,Healthy,cellchat,B,HSC MPP,PPIA,BSG,0.0526774391368235,0,170,144
NBM2,Chen2023,Healthy,cellchat,CD4 Memory T,HSC MPP,PPIA,BSG,0.0517513170822324,0,197,144
NBM2,Chen2023,Healthy,cellchat,CD8 Memory T,HSC MPP,PPIA,BSG,0.0551448979933414,0,116,144
NBM2,Chen2023,Healthy,cellchat,cDC,HSC MPP,PPIA,BSG,0.066658838532495,0,32,144
NBM2,Chen2023,Healthy,cellchat,Cycling Progenitor,HSC MPP,PPIA,BSG,0.0685298742474138,0,14,144
NBM2,Chen2023,Healthy,cellchat,Early GMP,HSC MPP,PPIA,BSG,0.0640519896858175,0,47,144
NBM2,Chen2023,Healthy,cellchat,HSC MPP,HSC MPP,PPIA,BSG,0.0513403115304955,0,144,144
NBM2,Chen2023,Healthy,cellchat,Late GMP,HSC MPP,PPIA,BSG,0.063690929375193,0,32,144
NBM2,Chen2023,Healthy,cellchat,LMPP,HSC MPP,PPIA,BSG,0.0611074928943998,0,34,144
NBM2,Chen2023,Healthy,cellchat,MEP,HSC MPP,PPIA,BSG,0.0539941730089545,0,16,144
NBM2,Chen2023,Healthy,cellchat,Monocyte,HSC MPP,PPIA,BSG,0.0467459170341739,0,404,144
NBM2,Chen2023,Healthy,cellchat,Naive T,HSC MPP,PPIA,BSG,0.0490624632697086,0,818,144
NBM2,Chen2023,Healthy,cellchat,NK,HSC MPP,PPIA,BSG,0.0565521688005005,0,55,144
NBM2,Chen2023,Healthy,cellchat,pDC,HSC MPP,PPIA,BSG,0.0657922778063432,0,31,144
NBM2,Chen2023,Healthy,cellchat,Plasma Cell,HSC MPP,PPIA,BSG,0.0229389123418206,0.44,317,144
NBM2,Chen2023,Healthy,cellchat,Pro-B,HSC MPP,PPIA,BSG,0.0585633116745464,0,21,144
NBM2,Chen2023,Healthy,cellchat,Pro-Monocyte,HSC MPP,PPIA,BSG,0.0548241853523162,0,62,144
NBM2,Chen2023,Healthy,cellchat,B,Late GMP,PPIA,BSG,0.0743086205345046,0,170,32
NBM2,Chen2023,Healthy,cellchat,CD4 Memory T,Late GMP,PPIA,BSG,0.0730315188108015,0,197,32
NBM2,Chen2023,Healthy,cellchat,CD8 Memory T,Late GMP,PPIA,BSG,0.0777061915695537,0,116,32
NBM2,Chen2023,Healthy,cellchat,cDC,Late GMP,PPIA,BSG,0.0934648234543332,0,32,32
NBM2,Chen2023,Healthy,cellchat,Cycling Progenitor,Late GMP,PPIA,BSG,0.0960108727123286,0,14,32
NBM2,Chen2023,Healthy,cellchat,Early GMP,Late GMP,PPIA,BSG,0.0899106501161402,0,47,32
NBM2,Chen2023,Healthy,cellchat,HSC MPP,Late GMP,PPIA,BSG,0.0724644226018308,0,144,32
NBM2,Chen2023,Healthy,cellchat,Late GMP,Late GMP,PPIA,BSG,0.0894177508022824,0,32,32
NBM2,Chen2023,Healthy,cellchat,LMPP,Late GMP,PPIA,BSG,0.0858865030268574,0,34,32
NBM2,Chen2023,Healthy,cellchat,MEP,Late GMP,PPIA,BSG,0.0761226029944213,0,16,32
NBM2,Chen2023,Healthy,cellchat,Monocyte,Late GMP,PPIA,BSG,0.0661113908835216,0.01,404,32
NBM2,Chen2023,Healthy,cellchat,Naive T,Late GMP,PPIA,BSG,0.0693178299104276,0,818,32
NBM2,Chen2023,Healthy,cellchat,NK,Late GMP,PPIA,BSG,0.0796406860129753,0,55,32
NBM2,Chen2023,Healthy,cellchat,pDC,Late GMP,PPIA,BSG,0.092284242230265,0,31,32
NBM2,Chen2023,Healthy,cellchat,Plasma Cell,Late GMP,PPIA,BSG,0.0327809950238525,0.17,317,32
NBM2,Chen2023,Healthy,cellchat,Pro-B,Late GMP,PPIA,BSG,0.0824012026478324,0,21,32
NBM2,Chen2023,Healthy,cellchat,Pro-Monocyte,Late GMP,PPIA,BSG,0.0772649963883871,0,62,32
NBM2,Chen2023,Healthy,cellchat,B,LMPP,PPIA,BSG,0.0791440990462588,0,170,34
NBM2,Chen2023,Healthy,cellchat,CD4 Memory T,LMPP,PPIA,BSG,0.0777908763333801,0,197,34
NBM2,Chen2023,Healthy,cellchat,CD8 Memory T,LMPP,PPIA,BSG,0.0827429977969934,0,116,34
NBM2,Chen2023,Healthy,cellchat,cDC,LMPP,PPIA,BSG,0.0994129809036014,0,32,34
NBM2,Chen2023,Healthy,cellchat,Cycling Progenitor,LMPP,PPIA,BSG,0.102102812632116,0,14,34
NBM2,Chen2023,Healthy,cellchat,Early GMP,LMPP,PPIA,BSG,0.0956564851049774,0,47,34
NBM2,Chen2023,Healthy,cellchat,HSC MPP,LMPP,PPIA,BSG,0.077189900736598,0,144,34
NBM2,Chen2023,Healthy,cellchat,Late GMP,LMPP,PPIA,BSG,0.0951353792863765,0,32,34
NBM2,Chen2023,Healthy,cellchat,LMPP,LMPP,PPIA,BSG,0.0914009981722596,0,34,34
NBM2,Chen2023,Healthy,cellchat,MEP,LMPP,PPIA,BSG,0.0810657853889176,0,16,34
NBM2,Chen2023,Healthy,cellchat,Monocyte,LMPP,PPIA,BSG,0.0704540500014189,0,404,34
NBM2,Chen2023,Healthy,cellchat,Naive T,LMPP,PPIA,BSG,0.0738544538863139,0,818,34
NBM2,Chen2023,Healthy,cellchat,NK,LMPP,PPIA,BSG,0.0847913555754354,0,55,34
NBM2,Chen2023,Healthy,cellchat,pDC,LMPP,PPIA,BSG,0.0981654026506782,0,31,34
NBM2,Chen2023,Healthy,cellchat,Plasma Cell,LMPP,PPIA,BSG,0.0350163714176554,0.18,317,34
NBM2,Chen2023,Healthy,cellchat,Pro-B,LMPP,PPIA,BSG,0.0877133906138932,0,21,34
NBM2,Chen2023,Healthy,cellchat,Pro-Monocyte,LMPP,PPIA,BSG,0.0822757560959039,0,62,34
NBM2,Chen2023,Healthy,cellchat,B,MEP,PPIA,BSG,0.0618307370381061,0.05,170,16
NBM2,Chen2023,Healthy,cellchat,CD4 Memory T,MEP,PPIA,BSG,0.0607540112944094,0.05,197,16
NBM2,Chen2023,Healthy,cellchat,CD8 Memory T,MEP,PPIA,BSG,0.0646976631233547,0.03,116,16
NBM2,Chen2023,Healthy,cellchat,cDC,MEP,PPIA,BSG,0.078041423317351,0.01,32,16
NBM2,Chen2023,Healthy,cellchat,Cycling Progenitor,MEP,PPIA,BSG,0.0802044997554935,0.01,14,16
NBM2,Chen2023,Healthy,cellchat,Early GMP,MEP,PPIA,BSG,0.0750252141309707,0.01,47,16
NBM2,Chen2023,Healthy,cellchat,HSC MPP,MEP,PPIA,BSG,0.0602760518067676,0.05,144,16
NBM2,Chen2023,Healthy,cellchat,Late GMP,MEP,PPIA,BSG,0.074607228606146,0.01,32,16
NBM2,Chen2023,Healthy,cellchat,LMPP,MEP,PPIA,BSG,0.0716148715639427,0.01,34,16
NBM2,Chen2023,Healthy,cellchat,MEP,MEP,PPIA,BSG,0.0633609653002315,0.05,16,16
NBM2,Chen2023,Healthy,cellchat,Monocyte,MEP,PPIA,BSG,0.0549283071560222,0.08,404,16
NBM2,Chen2023,Healthy,cellchat,Naive T,MEP,PPIA,BSG,0.0576258284834543,0.05,818,16
NBM2,Chen2023,Healthy,cellchat,NK,MEP,PPIA,BSG,0.0663316016169049,0.02,55,16
NBM2,Chen2023,Healthy,cellchat,pDC,MEP,PPIA,BSG,0.077039103562375,0.01,31,16
NBM2,Chen2023,Healthy,cellchat,Plasma Cell,MEP,PPIA,BSG,0.0270724800196679,0.34,317,16
NBM2,Chen2023,Healthy,cellchat,Pro-B,MEP,PPIA,BSG,0.068665214686383,0.01,21,16
NBM2,Chen2023,Healthy,cellchat,Pro-Monocyte,MEP,PPIA,BSG,0.0643251756443126,0.03,62,16
NBM2,Chen2023,Healthy,cellchat,B,Monocyte,PPIA,BSG,0.0280788988755623,0,170,404
NBM2,Chen2023,Healthy,cellchat,CD4 Memory T,Monocyte,PPIA,BSG,0.0275726564254097,0,197,404
NBM2,Chen2023,Healthy,cellchat,CD8 Memory T,Monocyte,PPIA,BSG,0.0294299351769195,0,116,404
NBM2,Chen2023,Healthy,cellchat,cDC,Monocyte,PPIA,BSG,0.0357780466767778,0,32,404
NBM2,Chen2023,Healthy,cellchat,Cycling Progenitor,Monocyte,PPIA,BSG,0.0368164858710002,0,14,404
NBM2,Chen2023,Healthy,cellchat,Early GMP,Monocyte,PPIA,BSG,0.0343344371051089,0,47,404
NBM2,Chen2023,Healthy,cellchat,HSC MPP,Monocyte,PPIA,BSG,0.0273481380627567,0,144,404
NBM2,Chen2023,Healthy,cellchat,Late GMP,Monocyte,PPIA,BSG,0.0341347847888168,0,32,404
NBM2,Chen2023,Healthy,cellchat,LMPP,Monocyte,PPIA,BSG,0.0327083269270399,0,34,404
NBM2,Chen2023,Healthy,cellchat,MEP,Monocyte,PPIA,BSG,0.0287994561912726,0,16,404
NBM2,Chen2023,Healthy,cellchat,Monocyte,Monocyte,PPIA,BSG,0.0248445508486972,0.02,404,404
NBM2,Chen2023,Healthy,cellchat,Naive T,Monocyte,PPIA,BSG,0.0261054732859412,0,818,404
NBM2,Chen2023,Healthy,cellchat,NK,Monocyte,PPIA,BSG,0.0302019489758657,0,55,404
NBM2,Chen2023,Healthy,cellchat,pDC,Monocyte,PPIA,BSG,0.035297752054475,0,31,404
NBM2,Chen2023,Healthy,cellchat,Pro-B,Monocyte,PPIA,BSG,0.0313071050738992,0,21,404
NBM2,Chen2023,Healthy,cellchat,Pro-Monocyte,Monocyte,PPIA,BSG,0.0292541456528972,0,62,404
NBM2,Chen2023,Healthy,cellchat,B,Naive T,PPIA,BSG,0.0210395513724361,0.99,170,818
NBM2,Chen2023,Healthy,cellchat,CD8 Memory T,Naive T,PPIA,BSG,0.0220595719393172,0.81,116,818
NBM2,Chen2023,Healthy,cellchat,cDC,Naive T,PPIA,BSG,0.0268618775297583,0,32,818
NBM2,Chen2023,Healthy,cellchat,Cycling Progenitor,Naive T,PPIA,BSG,0.0276489502438655,0.01,14,818
NBM2,Chen2023,Healthy,cellchat,Early GMP,Naive T,PPIA,BSG,0.0257684123601969,0.01,47,818
NBM2,Chen2023,Healthy,cellchat,HSC MPP,Naive T,PPIA,BSG,0.0204881295700466,0.99,144,818
NBM2,Chen2023,Healthy,cellchat,Late GMP,Naive T,PPIA,BSG,0.0256172494847883,0.07,32,818
NBM2,Chen2023,Healthy,cellchat,LMPP,Naive T,PPIA,BSG,0.0245376881512583,0.07,34,818
NBM2,Chen2023,Healthy,cellchat,MEP,Naive T,PPIA,BSG,0.0215834773430066,0.71,16,818
NBM2,Chen2023,Healthy,cellchat,NK,Naive T,PPIA,BSG,0.0226427549558481,0.56,55,818
NBM2,Chen2023,Healthy,cellchat,pDC,Naive T,PPIA,BSG,0.0264979867715487,0.04,31,818
NBM2,Chen2023,Healthy,cellchat,Pro-B,Naive T,PPIA,BSG,0.0234779998684786,0.38,21,818
NBM2,Chen2023,Healthy,cellchat,Pro-Monocyte,Naive T,PPIA,BSG,0.0219268121438543,0.81,62,818
NBM2,Chen2023,Healthy,cellchat,B,NK,PPIA,BSG,0.0331098268619205,0.07,170,55
NBM2,Chen2023,Healthy,cellchat,CD4 Memory T,NK,PPIA,BSG,0.032515914911734,0.07,197,55
NBM2,Chen2023,Healthy,cellchat,CD8 Memory T,NK,PPIA,BSG,0.0346942889008297,0.07,116,55
NBM2,Chen2023,Healthy,cellchat,cDC,NK,PPIA,BSG,0.042128645719693,0.03,32,55
NBM2,Chen2023,Healthy,cellchat,Cycling Progenitor,NK,PPIA,BSG,0.043343122179195,0.04,14,55
NBM2,Chen2023,Healthy,cellchat,Early GMP,NK,PPIA,BSG,0.0404395423675291,0.03,47,55
NBM2,Chen2023,Healthy,cellchat,HSC MPP,NK,PPIA,BSG,0.0322524796658373,0.07,144,55
NBM2,Chen2023,Healthy,cellchat,Late GMP,NK,PPIA,BSG,0.0402058673851208,0.04,32,55
NBM2,Chen2023,Healthy,cellchat,LMPP,NK,PPIA,BSG,0.0385358273972851,0.04,34,55
NBM2,Chen2023,Healthy,cellchat,MEP,NK,PPIA,BSG,0.033954976907765,0.07,16,55
NBM2,Chen2023,Healthy,cellchat,Monocyte,NK,PPIA,BSG,0.029313455011928,0.07,404,55
NBM2,Chen2023,Healthy,cellchat,Naive T,NK,PPIA,BSG,0.0307940231218926,0.07,818,55
NBM2,Chen2023,Healthy,cellchat,NK,NK,PPIA,BSG,0.0355993334204419,0.06,55,55
NBM2,Chen2023,Healthy,cellchat,pDC,NK,PPIA,BSG,0.0415667740091085,0.02,31,55
NBM2,Chen2023,Healthy,cellchat,Plasma Cell,NK,PPIA,BSG,0.0142518118924512,0.95,317,55
NBM2,Chen2023,Healthy,cellchat,Pro-B,NK,PPIA,BSG,0.0368944780812154,0.05,21,55
NBM2,Chen2023,Healthy,cellchat,Pro-Monocyte,NK,PPIA,BSG,0.0344881719404674,0.07,62,55
NBM2,Chen2023,Healthy,cellchat,B,pDC,PPIA,BSG,0.0912972383464891,0,170,31
NBM2,Chen2023,Healthy,cellchat,CD4 Memory T,pDC,PPIA,BSG,0.0897564727787178,0,197,31
NBM2,Chen2023,Healthy,cellchat,CD8 Memory T,pDC,PPIA,BSG,0.0953915259437442,0,116,31
NBM2,Chen2023,Healthy,cellchat,cDC,pDC,PPIA,BSG,0.114292251054106,0,32,31
NBM2,Chen2023,Healthy,cellchat,Cycling Progenitor,pDC,PPIA,BSG,0.117332222216487,0,14,31
NBM2,Chen2023,Healthy,cellchat,Early GMP,pDC,PPIA,BSG,0.110042215381764,0,47,31
NBM2,Chen2023,Healthy,cellchat,HSC MPP,pDC,PPIA,BSG,0.0890719850434116,0,144,31
NBM2,Chen2023,Healthy,cellchat,Late GMP,pDC,PPIA,BSG,0.109452225663365,0,32,31
NBM2,Chen2023,Healthy,cellchat,LMPP,pDC,PPIA,BSG,0.105221210257405,0,34,31
NBM2,Chen2023,Healthy,cellchat,MEP,pDC,PPIA,BSG,0.0934840562950156,0,16,31
NBM2,Chen2023,Healthy,cellchat,Monocyte,pDC,PPIA,BSG,0.0813907143282178,0,404,31
NBM2,Chen2023,Healthy,cellchat,Naive T,pDC,PPIA,BSG,0.085270545443928,0,818,31
NBM2,Chen2023,Healthy,cellchat,NK,pDC,PPIA,BSG,0.0977196480083745,0,55,31
NBM2,Chen2023,Healthy,cellchat,pDC,pDC,PPIA,BSG,0.112881350828762,0,31,31
NBM2,Chen2023,Healthy,cellchat,Plasma Cell,pDC,PPIA,BSG,0.0406928227959187,0.15,317,31
NBM2,Chen2023,Healthy,cellchat,Pro-B,pDC,PPIA,BSG,0.101038025251162,0,21,31
NBM2,Chen2023,Healthy,cellchat,Pro-Monocyte,pDC,PPIA,BSG,0.0948602458106656,0,62,31
NBM2,Chen2023,Healthy,cellchat,B,Plasma Cell,PPIA,BSG,0.0412298843101422,0,170,317
NBM2,Chen2023,Healthy,cellchat,CD4 Memory T,Plasma Cell,PPIA,BSG,0.0404964182188236,0,197,317
NBM2,Chen2023,Healthy,cellchat,CD8 Memory T,Plasma Cell,PPIA,BSG,0.0431855737207151,0,116,317
NBM2,Chen2023,Healthy,cellchat,cDC,Plasma Cell,PPIA,BSG,0.0523408004061762,0,32,317
NBM2,Chen2023,Healthy,cellchat,Cycling Progenitor,Plasma Cell,PPIA,BSG,0.0538331257116984,0,14,317
NBM2,Chen2023,Healthy,cellchat,Early GMP,Plasma Cell,PPIA,BSG,0.0502637369594348,0,47,317
NBM2,Chen2023,Healthy,cellchat,HSC MPP,Plasma Cell,PPIA,BSG,0.0401710116543774,0,144,317
NBM2,Chen2023,Healthy,cellchat,Late GMP,Plasma Cell,PPIA,BSG,0.0499762506737202,0,32,317
NBM2,Chen2023,Healthy,cellchat,LMPP,Plasma Cell,PPIA,BSG,0.0479206386426972,0,34,317
NBM2,Chen2023,Healthy,cellchat,MEP,Plasma Cell,PPIA,BSG,0.0422732421403145,0,16,317
NBM2,Chen2023,Healthy,cellchat,Monocyte,Plasma Cell,PPIA,BSG,0.0365376500175873,0,404,317
NBM2,Chen2023,Healthy,cellchat,Naive T,Plasma Cell,PPIA,BSG,0.0383686760163676,0,818,317
NBM2,Chen2023,Healthy,cellchat,NK,Plasma Cell,PPIA,BSG,0.0443019583288526,0,55,317
NBM2,Chen2023,Healthy,cellchat,pDC,Plasma Cell,PPIA,BSG,0.051650072850396,0,31,317
NBM2,Chen2023,Healthy,cellchat,Pro-B,Plasma Cell,PPIA,BSG,0.0458986460185927,0,21,317
NBM2,Chen2023,Healthy,cellchat,Pro-Monocyte,Plasma Cell,PPIA,BSG,0.0429312540410419,0,62,317
NBM2,Chen2023,Healthy,cellchat,B,Pro-B,PPIA,BSG,0.0347969655667016,0.21,170,21
NBM2,Chen2023,Healthy,cellchat,CD4 Memory T,Pro-B,PPIA,BSG,0.0341738599683901,0.21,197,21
NBM2,Chen2023,Healthy,cellchat,CD8 Memory T,Pro-B,PPIA,BSG,0.0364591207623349,0.21,116,21
NBM2,Chen2023,Healthy,cellchat,cDC,Pro-B,PPIA,BSG,0.0442543118181108,0.15,32,21
NBM2,Chen2023,Healthy,cellchat,Cycling Progenitor,Pro-B,PPIA,BSG,0.0455271540421757,0.11,14,21
NBM2,Chen2023,Healthy,cellchat,Early GMP,Pro-B,PPIA,BSG,0.0424837621194924,0.18,47,21
NBM2,Chen2023,Healthy,cellchat,HSC MPP,Pro-B,PPIA,BSG,0.0338974631161883,0.22,144,21
NBM2,Chen2023,Healthy,cellchat,Late GMP,Pro-B,PPIA,BSG,0.0422387948249684,0.17,32,21
NBM2,Chen2023,Healthy,cellchat,LMPP,Pro-B,PPIA,BSG,0.040487874782136,0.16,34,21
NBM2,Chen2023,Healthy,cellchat,MEP,Pro-B,PPIA,BSG,0.0356835915860905,0.2,16,21
NBM2,Chen2023,Healthy,cellchat,Monocyte,Pro-B,PPIA,BSG,0.030813311307523,0.23,404,21
NBM2,Chen2023,Healthy,cellchat,Naive T,Pro-B,PPIA,BSG,0.0323671083552936,0.22,818,21
NBM2,Chen2023,Healthy,cellchat,NK,Pro-B,PPIA,BSG,0.037408419056569,0.21,55,21
NBM2,Chen2023,Healthy,cellchat,pDC,Pro-B,PPIA,BSG,0.0436653823635791,0.15,31,21
NBM2,Chen2023,Healthy,cellchat,Plasma Cell,Pro-B,PPIA,BSG,0.0149929252343517,0.79,317,21
NBM2,Chen2023,Healthy,cellchat,Pro-B,Pro-B,PPIA,BSG,0.0387667346521349,0.19,21,21
NBM2,Chen2023,Healthy,cellchat,Pro-Monocyte,Pro-B,PPIA,BSG,0.0362429126843319,0.21,62,21
NBM2,Chen2023,Healthy,cellchat,B,Pro-Monocyte,PPIA,BSG,0.0227232155159322,0.52,170,62
NBM2,Chen2023,Healthy,cellchat,CD4 Memory T,Pro-Monocyte,PPIA,BSG,0.0223113156024779,0.51,197,62
NBM2,Chen2023,Healthy,cellchat,CD8 Memory T,Pro-Monocyte,PPIA,BSG,0.023822875614955,0.34,116,62
NBM2,Chen2023,Healthy,cellchat,cDC,Pro-Monocyte,PPIA,BSG,0.0289976650509643,0.11,32,62
NBM2,Chen2023,Healthy,cellchat,Cycling Progenitor,Pro-Monocyte,PPIA,BSG,0.0298453986211413,0.12,14,62
NBM2,Chen2023,Healthy,cellchat,Early GMP,Pro-Monocyte,PPIA,BSG,0.0278197439318759,0.13,47,62
NBM2,Chen2023,Healthy,cellchat,HSC MPP,Pro-Monocyte,PPIA,BSG,0.0221286643182877,0.55,144,62
NBM2,Chen2023,Healthy,cellchat,Late GMP,Pro-Monocyte,PPIA,BSG,0.0276568891311631,0.14,32,62
NBM2,Chen2023,Healthy,cellchat,LMPP,Pro-Monocyte,PPIA,BSG,0.0264937104893464,0.17,34,62
NBM2,Chen2023,Healthy,cellchat,MEP,Pro-Monocyte,PPIA,BSG,0.0233096320873511,0.45,16,62
NBM2,Chen2023,Healthy,cellchat,Monocyte,Pro-Monocyte,PPIA,BSG,0.020093023457425,0.7,404,62
NBM2,Chen2023,Healthy,cellchat,Naive T,Pro-Monocyte,PPIA,BSG,0.0211180165163732,0.64,818,62
NBM2,Chen2023,Healthy,cellchat,NK,Pro-Monocyte,PPIA,BSG,0.0244515090775596,0.24,55,62
NBM2,Chen2023,Healthy,cellchat,pDC,Pro-Monocyte,PPIA,BSG,0.0286056918363289,0.13,31,62
NBM2,Chen2023,Healthy,cellchat,Pro-B,Pro-Monocyte,PPIA,BSG,0.0253517445424276,0.2,21,62
NBM2,Chen2023,Healthy,cellchat,Pro-Monocyte,Pro-Monocyte,PPIA,BSG,0.0236797607926299,0.37,62,62
NBM2,Chen2023,Healthy,cellchat,pDC,cDC,PLAU,PLAUR,0.00322131969009321,0,31,32
NBM2,Chen2023,Healthy,cellchat,pDC,Cycling Progenitor,PLAU,PLAUR,0.000174853914830439,0,31,14
NBM2,Chen2023,Healthy,cellchat,pDC,Early GMP,PLAU,PLAUR,0.000201510707872694,0,31,47
NBM2,Chen2023,Healthy,cellchat,pDC,Late GMP,PLAU,PLAUR,0.000485264493527119,0,31,32
NBM2,Chen2023,Healthy,cellchat,pDC,Monocyte,PLAU,PLAUR,0.00532408382485171,0,31,404
NBM2,Chen2023,Healthy,cellchat,pDC,pDC,PLAU,PLAUR,0.000254565544047012,0,31,31
NBM2,Chen2023,Healthy,cellchat,pDC,Pro-Monocyte,PLAU,PLAUR,0.00265409282437844,0,31,62
NBM2,Chen2023,Healthy,cellchat,Monocyte,Plasma Cell,THBS1,SDC1,0.0695108046758921,0,404,317
NBM2,Chen2023,Healthy,cellchat,Pro-Monocyte,Plasma Cell,THBS1,SDC1,0.0140947793755625,0,62,317
NBM2,Chen2023,Healthy,cellchat,Monocyte,cDC,THBS1,CD36,0.0329807046046273,0,404,32
NBM2,Chen2023,Healthy,cellchat,Pro-Monocyte,cDC,THBS1,CD36,0.00648457531047638,0,62,32
NBM2,Chen2023,Healthy,cellchat,Monocyte,Monocyte,THBS1,CD36,0.0985524905580271,0,404,404
NBM2,Chen2023,Healthy,cellchat,Pro-Monocyte,Monocyte,THBS1,CD36,0.0204935222545659,0,62,404
NBM2,Chen2023,Healthy,cellchat,Monocyte,pDC,THBS1,CD36,0.0188618057480639,0,404,31
NBM2,Chen2023,Healthy,cellchat,Pro-Monocyte,pDC,THBS1,CD36,0.00366556025124773,0,62,31
NBM2,Chen2023,Healthy,cellchat,Monocyte,Pro-Monocyte,THBS1,CD36,0.0347180572339133,0,404,62
NBM2,Chen2023,Healthy,cellchat,Pro-Monocyte,Pro-Monocyte,THBS1,CD36,0.00683603567556742,0,62,62
NBM2,Chen2023,Healthy,cellchat,Monocyte,B,THBS1,CD47,0.0861833777964715,0,404,170
NBM2,Chen2023,Healthy,cellchat,Pro-Monocyte,B,THBS1,CD47,0.0177287463655681,0,62,170
NBM2,Chen2023,Healthy,cellchat,Monocyte,CD4 Memory T,THBS1,CD47,0.077634925962136,0,404,197
NBM2,Chen2023,Healthy,cellchat,Pro-Monocyte,CD4 Memory T,THBS1,CD47,0.0158524590335927,0,62,197
NBM2,Chen2023,Healthy,cellchat,Monocyte,CD8 Memory T,THBS1,CD47,0.0845212025679257,0,404,116
NBM2,Chen2023,Healthy,cellchat,Pro-Monocyte,CD8 Memory T,THBS1,CD47,0.0173617373763284,0,62,116
NBM2,Chen2023,Healthy,cellchat,Monocyte,cDC,THBS1,CD47,0.064202347393397,0,404,32
NBM2,Chen2023,Healthy,cellchat,Pro-Monocyte,cDC,THBS1,CD47,0.0129594357057032,0,62,32
NBM2,Chen2023,Healthy,cellchat,Monocyte,Cycling Progenitor,THBS1,CD47,0.0835416737317635,0,404,14
NBM2,Chen2023,Healthy,cellchat,Pro-Monocyte,Cycling Progenitor,THBS1,CD47,0.0171459524767771,0,62,14
NBM2,Chen2023,Healthy,cellchat,Monocyte,Early GMP,THBS1,CD47,0.0710282770089236,0,404,47
NBM2,Chen2023,Healthy,cellchat,Pro-Monocyte,Early GMP,THBS1,CD47,0.0144212285643694,0,62,47
NBM2,Chen2023,Healthy,cellchat,Monocyte,HSC MPP,THBS1,CD47,0.0482642245065309,0,404,144
NBM2,Chen2023,Healthy,cellchat,Pro-Monocyte,HSC MPP,THBS1,CD47,0.00961162035305155,0,62,144
NBM2,Chen2023,Healthy,cellchat,Monocyte,Late GMP,THBS1,CD47,0.0365943335835827,0,404,32
NBM2,Chen2023,Healthy,cellchat,Pro-Monocyte,Late GMP,THBS1,CD47,0.00721674275969597,0,62,32
NBM2,Chen2023,Healthy,cellchat,Monocyte,LMPP,THBS1,CD47,0.0627187746126532,0,404,34
NBM2,Chen2023,Healthy,cellchat,Pro-Monocyte,LMPP,THBS1,CD47,0.0126439730866873,0,62,34
NBM2,Chen2023,Healthy,cellchat,Monocyte,MEP,THBS1,CD47,0.0408319029557792,0,404,16
NBM2,Chen2023,Healthy,cellchat,Pro-Monocyte,MEP,THBS1,CD47,0.00808096552548866,0,62,16
NBM2,Chen2023,Healthy,cellchat,Monocyte,Monocyte,THBS1,CD47,0.0187110876700426,0,404,404
NBM2,Chen2023,Healthy,cellchat,Pro-Monocyte,Monocyte,THBS1,CD47,0.00363582006691106,0,62,404
NBM2,Chen2023,Healthy,cellchat,Monocyte,Naive T,THBS1,CD47,0.0756443748972737,0,404,818
NBM2,Chen2023,Healthy,cellchat,Pro-Monocyte,Naive T,THBS1,CD47,0.0154195217860076,0,62,818
NBM2,Chen2023,Healthy,cellchat,Monocyte,NK,THBS1,CD47,0.103559941816037,0,404,55
NBM2,Chen2023,Healthy,cellchat,Pro-Monocyte,NK,THBS1,CD47,0.0216299651606948,0,62,55
NBM2,Chen2023,Healthy,cellchat,Monocyte,pDC,THBS1,CD47,0.0893988713207075,0,404,31
NBM2,Chen2023,Healthy,cellchat,Pro-Monocyte,pDC,THBS1,CD47,0.0184417472183957,0,62,31
NBM2,Chen2023,Healthy,cellchat,Monocyte,Plasma Cell,THBS1,CD47,0.0106810946401987,0,404,317
NBM2,Chen2023,Healthy,cellchat,Pro-Monocyte,Plasma Cell,THBS1,CD47,0.00206188860274988,0.03,62,317
NBM2,Chen2023,Healthy,cellchat,Monocyte,Pro-B,THBS1,CD47,0.095768972454482,0,404,21
NBM2,Chen2023,Healthy,cellchat,Pro-Monocyte,Pro-B,THBS1,CD47,0.0198661156989365,0,62,21
NBM2,Chen2023,Healthy,cellchat,cDC,B,APP,CD74,0.0241666885472299,0,32,170
NBM2,Chen2023,Healthy,cellchat,Cycling Progenitor,B,APP,CD74,0.0264595618980283,0,14,170
NBM2,Chen2023,Healthy,cellchat,Early GMP,B,APP,CD74,0.0698876374444724,0,47,170
NBM2,Chen2023,Healthy,cellchat,HSC MPP,B,APP,CD74,0.0258942432261936,0,144,170
NBM2,Chen2023,Healthy,cellchat,Late GMP,B,APP,CD74,0.0216062453108127,0,32,170
NBM2,Chen2023,Healthy,cellchat,LMPP,B,APP,CD74,0.0694146145428141,0,34,170
NBM2,Chen2023,Healthy,cellchat,Monocyte,B,APP,CD74,0.0305989872491919,0,404,170
NBM2,Chen2023,Healthy,cellchat,pDC,B,APP,CD74,0.204246368461825,0,31,170
NBM2,Chen2023,Healthy,cellchat,Pro-Monocyte,B,APP,CD74,0.0385230077296368,0,62,170
NBM2,Chen2023,Healthy,cellchat,cDC,CD4 Memory T,APP,CD74,0.00168691536848238,0.07,32,197
NBM2,Chen2023,Healthy,cellchat,Cycling Progenitor,CD4 Memory T,APP,CD74,0.0018510112162794,0.13,14,197
NBM2,Chen2023,Healthy,cellchat,Early GMP,CD4 Memory T,APP,CD74,0.00510069196700324,0.02,47,197
NBM2,Chen2023,Healthy,cellchat,HSC MPP,CD4 Memory T,APP,CD74,0.0018104858802525,0,144,197
NBM2,Chen2023,Healthy,cellchat,Late GMP,CD4 Memory T,APP,CD74,0.00150451582995839,0.09,32,197
NBM2,Chen2023,Healthy,cellchat,LMPP,CD4 Memory T,APP,CD74,0.005063781467838,0.01,34,197
NBM2,Chen2023,Healthy,cellchat,Monocyte,CD4 Memory T,APP,CD74,0.00214908833920045,0,404,197
NBM2,Chen2023,Healthy,cellchat,pDC,CD4 Memory T,APP,CD74,0.0172115811969204,0,31,197
NBM2,Chen2023,Healthy,cellchat,Pro-Monocyte,CD4 Memory T,APP,CD74,0.00272634407251315,0.03,62,197
NBM2,Chen2023,Healthy,cellchat,cDC,CD8 Memory T,APP,CD74,0.00596623187893279,0.01,32,116
NBM2,Chen2023,Healthy,cellchat,Cycling Progenitor,CD8 Memory T,APP,CD74,0.00654387252773822,0.1,14,116
NBM2,Chen2023,Healthy,cellchat,Early GMP,CD8 Memory T,APP,CD74,0.0178848312132221,0,47,116
NBM2,Chen2023,Healthy,cellchat,HSC MPP,CD8 Memory T,APP,CD74,0.00640126237901598,0,144,116
NBM2,Chen2023,Healthy,cellchat,Late GMP,CD8 Memory T,APP,CD74,0.005323594059882,0.04,32,116
NBM2,Chen2023,Healthy,cellchat,LMPP,CD8 Memory T,APP,CD74,0.0177570610816446,0,34,116
NBM2,Chen2023,Healthy,cellchat,Monocyte,CD8 Memory T,APP,CD74,0.00759191543040372,0,404,116
NBM2,Chen2023,Healthy,cellchat,pDC,CD8 Memory T,APP,CD74,0.0585631453995973,0,31,116
NBM2,Chen2023,Healthy,cellchat,Pro-Monocyte,CD8 Memory T,APP,CD74,0.00961705125646099,0,62,116
NBM2,Chen2023,Healthy,cellchat,cDC,cDC,APP,CD74,0.0243484379479466,0,32,32
NBM2,Chen2023,Healthy,cellchat,Cycling Progenitor,cDC,APP,CD74,0.0266580841410885,0,14,32
NBM2,Chen2023,Healthy,cellchat,Early GMP,cDC,APP,CD74,0.070388435893524,0,47,32
NBM2,Chen2023,Healthy,cellchat,HSC MPP,cDC,APP,CD74,0.0260886376280272,0,144,32
NBM2,Chen2023,Healthy,cellchat,Late GMP,cDC,APP,CD74,0.0217691680667056,0,32,32
NBM2,Chen2023,Healthy,cellchat,LMPP,cDC,APP,CD74,0.0699122781990147,0,34,32
NBM2,Chen2023,Healthy,cellchat,Monocyte,cDC,APP,CD74,0.0308275835488684,0,404,32
NBM2,Chen2023,Healthy,cellchat,pDC,cDC,APP,CD74,0.205497234654229,0,31,32
NBM2,Chen2023,Healthy,cellchat,Pro-Monocyte,cDC,APP,CD74,0.0388084322226571,0,62,32
NBM2,Chen2023,Healthy,cellchat,cDC,Cycling Progenitor,APP,CD74,0.0111191624207234,0,32,14
NBM2,Chen2023,Healthy,cellchat,Cycling Progenitor,Cycling Progenitor,APP,CD74,0.0121895833740072,0.03,14,14
NBM2,Chen2023,Healthy,cellchat,Early GMP,Cycling Progenitor,APP,CD74,0.0329900146409929,0,47,14
NBM2,Chen2023,Healthy,cellchat,HSC MPP,Cycling Progenitor,APP,CD74,0.0119254135770908,0,144,14
NBM2,Chen2023,Healthy,cellchat,Late GMP,Cycling Progenitor,APP,CD74,0.00992703243383168,0.01,32,14
NBM2,Chen2023,Healthy,cellchat,LMPP,Cycling Progenitor,APP,CD74,0.0327579316750186,0,34,14
NBM2,Chen2023,Healthy,cellchat,Monocyte,Cycling Progenitor,APP,CD74,0.0141289633488553,0,404,14
NBM2,Chen2023,Healthy,cellchat,pDC,Cycling Progenitor,APP,CD74,0.104373286753519,0,31,14
NBM2,Chen2023,Healthy,cellchat,Pro-Monocyte,Cycling Progenitor,APP,CD74,0.0178664571652375,0,62,14
NBM2,Chen2023,Healthy,cellchat,cDC,Early GMP,APP,CD74,0.0105505589624167,0,32,47
NBM2,Chen2023,Healthy,cellchat,Cycling Progenitor,Early GMP,APP,CD74,0.0115668817968669,0.02,14,47
NBM2,Chen2023,Healthy,cellchat,Early GMP,Early GMP,APP,CD74,0.0313384393019914,0,47,47
NBM2,Chen2023,Healthy,cellchat,HSC MPP,Early GMP,APP,CD74,0.0113160524476748,0,144,47
NBM2,Chen2023,Healthy,cellchat,Late GMP,Early GMP,APP,CD74,0.00941881058391087,0.02,32,47
NBM2,Chen2023,Healthy,cellchat,LMPP,Early GMP,APP,CD74,0.0311176011972854,0,34,47
NBM2,Chen2023,Healthy,cellchat,Monocyte,Early GMP,APP,CD74,0.0134085338814602,0,404,47
NBM2,Chen2023,Healthy,cellchat,pDC,Early GMP,APP,CD74,0.0995158264601248,0,31,47
NBM2,Chen2023,Healthy,cellchat,Pro-Monocyte,Early GMP,APP,CD74,0.0169587327703695,0,62,47
NBM2,Chen2023,Healthy,cellchat,cDC,HSC MPP,APP,CD74,0.0125823849073531,0,32,144
NBM2,Chen2023,Healthy,cellchat,Cycling Progenitor,HSC MPP,APP,CD74,0.0137917029836225,0,14,144
NBM2,Chen2023,Healthy,cellchat,Early GMP,HSC MPP,APP,CD74,0.0372229890411382,0,47,144
NBM2,Chen2023,Healthy,cellchat,HSC MPP,HSC MPP,APP,CD74,0.0134932867040734,0,144,144
NBM2,Chen2023,Healthy,cellchat,Late GMP,HSC MPP,APP,CD74,0.0112351593378766,0,32,144
NBM2,Chen2023,Healthy,cellchat,LMPP,HSC MPP,APP,CD74,0.0369622655700268,0,34,144
NBM2,Chen2023,Healthy,cellchat,Monocyte,HSC MPP,APP,CD74,0.0159818584189082,0,404,144
NBM2,Chen2023,Healthy,cellchat,pDC,HSC MPP,APP,CD74,0.11666052894388,0,31,144
NBM2,Chen2023,Healthy,cellchat,Pro-Monocyte,HSC MPP,APP,CD74,0.0201994507418108,0,62,144
NBM2,Chen2023,Healthy,cellchat,cDC,Late GMP,APP,CD74,0.0101681558704749,0,32,32
NBM2,Chen2023,Healthy,cellchat,Cycling Progenitor,Late GMP,APP,CD74,0.0111480573020552,0.02,14,32
NBM2,Chen2023,Healthy,cellchat,Early GMP,Late GMP,APP,CD74,0.0302255996684977,0,47,32
NBM2,Chen2023,Healthy,cellchat,HSC MPP,Late GMP,APP,CD74,0.0109062100047549,0,144,32
NBM2,Chen2023,Healthy,cellchat,Late GMP,Late GMP,APP,CD74,0.00907705119518178,0.04,32,32
NBM2,Chen2023,Healthy,cellchat,LMPP,Late GMP,APP,CD74,0.0300123606344016,0,34,32
NBM2,Chen2023,Healthy,cellchat,Monocyte,Late GMP,APP,CD74,0.0129238970280529,0,404,32
NBM2,Chen2023,Healthy,cellchat,pDC,Late GMP,APP,CD74,0.0962224741192659,0,31,32
NBM2,Chen2023,Healthy,cellchat,Pro-Monocyte,Late GMP,APP,CD74,0.0163479040860929,0,62,32
NBM2,Chen2023,Healthy,cellchat,cDC,LMPP,APP,CD74,0.0120925454715196,0,32,34
NBM2,Chen2023,Healthy,cellchat,Cycling Progenitor,LMPP,APP,CD74,0.0132554161137108,0.01,14,34
NBM2,Chen2023,Healthy,cellchat,Early GMP,LMPP,APP,CD74,0.0358086647973329,0,47,34
NBM2,Chen2023,Healthy,cellchat,HSC MPP,LMPP,APP,CD74,0.0129684510871474,0,144,34
NBM2,Chen2023,Healthy,cellchat,Late GMP,LMPP,APP,CD74,0.0107971946532479,0.02,32,34
NBM2,Chen2023,Healthy,cellchat,LMPP,LMPP,APP,CD74,0.0355574819051627,0,34,34
NBM2,Chen2023,Healthy,cellchat,Monocyte,LMPP,APP,CD74,0.015361734467472,0,404,34
NBM2,Chen2023,Healthy,cellchat,pDC,LMPP,APP,CD74,0.112580838036796,0,31,34
NBM2,Chen2023,Healthy,cellchat,Pro-Monocyte,LMPP,APP,CD74,0.0194189063763915,0,62,34
NBM2,Chen2023,Healthy,cellchat,cDC,MEP,APP,CD74,0.00618564967390701,0.03,32,16
NBM2,Chen2023,Healthy,cellchat,Cycling Progenitor,MEP,APP,CD74,0.00678438899839483,0.07,14,16
NBM2,Chen2023,Healthy,cellchat,Early GMP,MEP,APP,CD74,0.0185344018456783,0,47,16
NBM2,Chen2023,Healthy,cellchat,HSC MPP,MEP,APP,CD74,0.00663657230644389,0,144,16
NBM2,Chen2023,Healthy,cellchat,Late GMP,MEP,APP,CD74,0.00551950904438518,0.05,32,16
NBM2,Chen2023,Healthy,cellchat,LMPP,MEP,APP,CD74,0.0184020781000594,0,34,16
NBM2,Chen2023,Healthy,cellchat,Monocyte,MEP,APP,CD74,0.00787064697084156,0,404,16
NBM2,Chen2023,Healthy,cellchat,pDC,MEP,APP,CD74,0.0605989771238854,0,31,16
NBM2,Chen2023,Healthy,cellchat,Pro-Monocyte,MEP,APP,CD74,0.00996938724778084,0,62,16
NBM2,Chen2023,Healthy,cellchat,cDC,Monocyte,APP,CD74,0.0158451158765458,0,32,404
NBM2,Chen2023,Healthy,cellchat,Cycling Progenitor,Monocyte,APP,CD74,0.0173625074788637,0,14,404
NBM2,Chen2023,Healthy,cellchat,Early GMP,Monocyte,APP,CD74,0.0465738830694036,0,47,404
NBM2,Chen2023,Healthy,cellchat,HSC MPP,Monocyte,APP,CD74,0.0169881592645755,0,144,404
NBM2,Chen2023,Healthy,cellchat,Late GMP,Monocyte,APP,CD74,0.0141535495469805,0,32,404
NBM2,Chen2023,Healthy,cellchat,LMPP,Monocyte,APP,CD74,0.0462508089183628,0,34,404
NBM2,Chen2023,Healthy,cellchat,Monocyte,Monocyte,APP,CD74,0.0201081533804559,0,404,404
NBM2,Chen2023,Healthy,cellchat,pDC,Monocyte,APP,CD74,0.143003092851719,0,31,404
NBM2,Chen2023,Healthy,cellchat,Pro-Monocyte,Monocyte,APP,CD74,0.0253865767178568,0,62,404
NBM2,Chen2023,Healthy,cellchat,cDC,NK,APP,CD74,0.00196697805195822,0.07,32,55
NBM2,Chen2023,Healthy,cellchat,Cycling Progenitor,NK,APP,CD74,0.00215825829168851,0.13,14,55
NBM2,Chen2023,Healthy,cellchat,Early GMP,NK,APP,CD74,0.00594413727766691,0.02,47,55
NBM2,Chen2023,Healthy,cellchat,HSC MPP,NK,APP,CD74,0.00211102043161454,0,144,55
NBM2,Chen2023,Healthy,cellchat,Late GMP,NK,APP,CD74,0.00175434964969497,0.07,32,55
NBM2,Chen2023,Healthy,cellchat,LMPP,NK,APP,CD74,0.00590115949764349,0.01,34,55
NBM2,Chen2023,Healthy,cellchat,Monocyte,NK,APP,CD74,0.00250568866466361,0,404,55
NBM2,Chen2023,Healthy,cellchat,pDC,NK,APP,CD74,0.0200173777956469,0,31,55
NBM2,Chen2023,Healthy,cellchat,Pro-Monocyte,NK,APP,CD74,0.00317842390538907,0.02,62,55
NBM2,Chen2023,Healthy,cellchat,cDC,pDC,APP,CD74,0.0204228890595889,0,32,31
NBM2,Chen2023,Healthy,cellchat,Cycling Progenitor,pDC,APP,CD74,0.0223687025080468,0,14,31
NBM2,Chen2023,Healthy,cellchat,Early GMP,pDC,APP,CD74,0.0594927615534096,0,47,31
NBM2,Chen2023,Healthy,cellchat,HSC MPP,pDC,APP,CD74,0.0218888214730017,0,144,31
NBM2,Chen2023,Healthy,cellchat,Late GMP,pDC,APP,CD74,0.0182516798105157,0,32,31
NBM2,Chen2023,Healthy,cellchat,LMPP,pDC,APP,CD74,0.059085625265358,0,34,31
NBM2,Chen2023,Healthy,cellchat,Monocyte,pDC,APP,CD74,0.0258851561132356,0,404,31
NBM2,Chen2023,Healthy,cellchat,pDC,pDC,APP,CD74,0.177685068504554,0,31,31
NBM2,Chen2023,Healthy,cellchat,Pro-Monocyte,pDC,APP,CD74,0.0326295549342508,0,62,31
NBM2,Chen2023,Healthy,cellchat,cDC,Plasma Cell,APP,CD74,0.00799172675763344,0,32,317
NBM2,Chen2023,Healthy,cellchat,Cycling Progenitor,Plasma Cell,APP,CD74,0.00876374352272174,0.06,14,317
NBM2,Chen2023,Healthy,cellchat,Early GMP,Plasma Cell,APP,CD74,0.0238594872869913,0,47,317
NBM2,Chen2023,Healthy,cellchat,HSC MPP,Plasma Cell,APP,CD74,0.00857317336379521,0,144,317
NBM2,Chen2023,Healthy,cellchat,Late GMP,Plasma Cell,APP,CD74,0.00713248324023517,0.04,32,317
NBM2,Chen2023,Healthy,cellchat,LMPP,Plasma Cell,APP,CD74,0.0236900634952815,0,34,317
NBM2,Chen2023,Healthy,cellchat,Monocyte,Plasma Cell,APP,CD74,0.0101636756592666,0,404,317
NBM2,Chen2023,Healthy,cellchat,pDC,Plasma Cell,APP,CD74,0.077060655853263,0,31,317
NBM2,Chen2023,Healthy,cellchat,Pro-Monocyte,Plasma Cell,APP,CD74,0.0128659322107431,0,62,317
NBM2,Chen2023,Healthy,cellchat,cDC,Pro-B,APP,CD74,0.0230911612884115,0,32,21
NBM2,Chen2023,Healthy,cellchat,Cycling Progenitor,Pro-B,APP,CD74,0.0252846353988222,0,14,21
NBM2,Chen2023,Healthy,cellchat,Early GMP,Pro-B,APP,CD74,0.0669168543624273,0,47,21
NBM2,Chen2023,Healthy,cellchat,HSC MPP,Pro-B,APP,CD74,0.0247437814627754,0,144,21
NBM2,Chen2023,Healthy,cellchat,Late GMP,Pro-B,APP,CD74,0.0206422589240071,0,32,21
NBM2,Chen2023,Healthy,cellchat,LMPP,Pro-B,APP,CD74,0.0664625019217494,0,34,21
NBM2,Chen2023,Healthy,cellchat,Monocyte,Pro-B,APP,CD74,0.0292457729419875,0,404,21
NBM2,Chen2023,Healthy,cellchat,pDC,Pro-B,APP,CD74,0.196772539950476,0,31,21
NBM2,Chen2023,Healthy,cellchat,Pro-Monocyte,Pro-B,APP,CD74,0.0368326751329286,0,62,21
NBM2,Chen2023,Healthy,cellchat,cDC,Pro-Monocyte,APP,CD74,0.0137276726989369,0,32,62
NBM2,Chen2023,Healthy,cellchat,Cycling Progenitor,Pro-Monocyte,APP,CD74,0.0150453894278477,0,14,62
NBM2,Chen2023,Healthy,cellchat,Early GMP,Pro-Monocyte,APP,CD74,0.0405191043259921,0,47,62
NBM2,Chen2023,Healthy,cellchat,HSC MPP,Pro-Monocyte,APP,CD74,0.0147202515546938,0,144,62
NBM2,Chen2023,Healthy,cellchat,Late GMP,Pro-Monocyte,APP,CD74,0.0122593409730182,0,32,62
NBM2,Chen2023,Healthy,cellchat,LMPP,Pro-Monocyte,APP,CD74,0.0402362585116451,0,34,62
NBM2,Chen2023,Healthy,cellchat,Monocyte,Pro-Monocyte,APP,CD74,0.0174311144064313,0,404,62
NBM2,Chen2023,Healthy,cellchat,pDC,Pro-Monocyte,APP,CD74,0.126069789835227,0,31,62
NBM2,Chen2023,Healthy,cellchat,Pro-Monocyte,Pro-Monocyte,APP,CD74,0.0220226040685367,0,62,62
NBM2,Chen2023,Healthy,cellchat,B,Monocyte,FCER2,ITGAM_ITGB2,0.0313227230185412,0,170,404
NBM2,Chen2023,Healthy,cellchat,B,NK,FCER2,ITGAM_ITGB2,0.0337070356776411,0,170,55
NBM2,Chen2023,Healthy,cellchat,B,cDC,FCER2,ITGAX_ITGB2,0.0377106483636323,0,170,32
NBM2,Chen2023,Healthy,cellchat,B,Monocyte,FCER2,ITGAX_ITGB2,0.0533214527417864,0,170,404
NBM2,Chen2023,Healthy,cellchat,B,Pro-Monocyte,FCER2,ITGAX_ITGB2,0.0216316534576028,0,170,62
NBM2,Chen2023,Healthy,cellchat,B,B,PTPRC,CD22,0.0224928127941526,0,170,170
NBM2,Chen2023,Healthy,cellchat,CD4 Memory T,B,PTPRC,CD22,0.0300165226951482,0,197,170
NBM2,Chen2023,Healthy,cellchat,CD8 Memory T,B,PTPRC,CD22,0.0340751340245091,0,116,170
NBM2,Chen2023,Healthy,cellchat,cDC,B,PTPRC,CD22,0.0234550104801612,0,32,170
NBM2,Chen2023,Healthy,cellchat,Cycling Progenitor,B,PTPRC,CD22,0.0118733979691541,0,14,170
NBM2,Chen2023,Healthy,cellchat,Early GMP,B,PTPRC,CD22,0.00970431078421548,0,47,170
NBM2,Chen2023,Healthy,cellchat,HSC MPP,B,PTPRC,CD22,0.0186389530841039,0,144,170
NBM2,Chen2023,Healthy,cellchat,Late GMP,B,PTPRC,CD22,0.00932518137373946,0,32,170
NBM2,Chen2023,Healthy,cellchat,LMPP,B,PTPRC,CD22,0.0147182280477705,0,34,170
NBM2,Chen2023,Healthy,cellchat,MEP,B,PTPRC,CD22,0.0135976868430324,0,16,170
NBM2,Chen2023,Healthy,cellchat,Monocyte,B,PTPRC,CD22,0.0285058081159443,0,404,170
NBM2,Chen2023,Healthy,cellchat,Naive T,B,PTPRC,CD22,0.0273355882025601,0,818,170
NBM2,Chen2023,Healthy,cellchat,NK,B,PTPRC,CD22,0.0368708002261621,0,55,170
NBM2,Chen2023,Healthy,cellchat,pDC,B,PTPRC,CD22,0.0110241167015527,0,31,170
NBM2,Chen2023,Healthy,cellchat,Pro-Monocyte,B,PTPRC,CD22,0.0252425025579516,0,62,170
NBM2,Chen2023,Healthy,cellchat,B,LMPP,CD48,CD244,0.00345448517776056,0,170,34
NBM2,Chen2023,Healthy,cellchat,CD4 Memory T,LMPP,CD48,CD244,0.00499943682013969,0,197,34
NBM2,Chen2023,Healthy,cellchat,CD8 Memory T,LMPP,CD48,CD244,0.00468928999305999,0,116,34
NBM2,Chen2023,Healthy,cellchat,cDC,LMPP,CD48,CD244,0.00343818998763109,0,32,34
NBM2,Chen2023,Healthy,cellchat,Early GMP,LMPP,CD48,CD244,0.000560110561593946,0,47,34
NBM2,Chen2023,Healthy,cellchat,Late GMP,LMPP,CD48,CD244,0.00059323875961725,0,32,34
NBM2,Chen2023,Healthy,cellchat,Monocyte,LMPP,CD48,CD244,0.0038957938336187,0,404,34
NBM2,Chen2023,Healthy,cellchat,Naive T,LMPP,CD48,CD244,0.00501133928322015,0,818,34
NBM2,Chen2023,Healthy,cellchat,NK,LMPP,CD48,CD244,0.00480256037953936,0,55,34
NBM2,Chen2023,Healthy,cellchat,Plasma Cell,LMPP,CD48,CD244,0.00186883391800695,0,317,34
NBM2,Chen2023,Healthy,cellchat,Pro-Monocyte,LMPP,CD48,CD244,0.0011078842984035,0,62,34
NBM2,Chen2023,Healthy,cellchat,B,NK,CD48,CD244,0.007057119161957,0,170,55
NBM2,Chen2023,Healthy,cellchat,CD4 Memory T,NK,CD48,CD244,0.0101967930244559,0,197,55
NBM2,Chen2023,Healthy,cellchat,CD8 Memory T,NK,CD48,CD244,0.00956732141683246,0,116,55
NBM2,Chen2023,Healthy,cellchat,cDC,NK,CD48,CD244,0.0070239497262777,0,32,55
NBM2,Chen2023,Healthy,cellchat,Early GMP,NK,CD48,CD244,0.00114771838508157,0,47,55
NBM2,Chen2023,Healthy,cellchat,Late GMP,NK,CD48,CD244,0.00121555885933716,0,32,55
NBM2,Chen2023,Healthy,cellchat,Monocyte,NK,CD48,CD244,0.00795498855325902,0,404,55
NBM2,Chen2023,Healthy,cellchat,Naive T,NK,CD48,CD244,0.0102209420433853,0,818,55
NBM2,Chen2023,Healthy,cellchat,NK,NK,CD48,CD244,0.00979726141779939,0,55,55
NBM2,Chen2023,Healthy,cellchat,Plasma Cell,NK,CD48,CD244,0.00382416027184516,0,317,55
NBM2,Chen2023,Healthy,cellchat,Pro-Monocyte,NK,CD48,CD244,0.00226885291241419,0,62,55
NBM2,Chen2023,Healthy,cellchat,CD4 Memory T,cDC,CD6,ALCAM,0.00168521436977763,0,197,32
NBM2,Chen2023,Healthy,cellchat,CD8 Memory T,cDC,CD6,ALCAM,0.00153841560534012,0,116,32
NBM2,Chen2023,Healthy,cellchat,Naive T,cDC,CD6,ALCAM,0.00167026086861602,0,818,32
NBM2,Chen2023,Healthy,cellchat,CD4 Memory T,Cycling Progenitor,CD6,ALCAM,0.00100562373229243,0,197,14
NBM2,Chen2023,Healthy,cellchat,CD8 Memory T,Cycling Progenitor,CD6,ALCAM,0.00091796956906618,0,116,14
NBM2,Chen2023,Healthy,cellchat,Naive T,Cycling Progenitor,CD6,ALCAM,0.000996694457961384,0,818,14
NBM2,Chen2023,Healthy,cellchat,CD4 Memory T,Early GMP,CD6,ALCAM,0.00340534497048443,0,197,47
NBM2,Chen2023,Healthy,cellchat,CD8 Memory T,Early GMP,CD6,ALCAM,0.00310917255992415,0,116,47
NBM2,Chen2023,Healthy,cellchat,Naive T,Early GMP,CD6,ALCAM,0.00337517974756468,0,818,47
NBM2,Chen2023,Healthy,cellchat,CD4 Memory T,HSC MPP,CD6,ALCAM,0.000243422837995044,0,197,144
NBM2,Chen2023,Healthy,cellchat,CD8 Memory T,HSC MPP,CD6,ALCAM,0.00022219035909856,0,116,144
NBM2,Chen2023,Healthy,cellchat,Naive T,HSC MPP,CD6,ALCAM,0.000241259769570926,0,818,144
NBM2,Chen2023,Healthy,cellchat,CD4 Memory T,Late GMP,CD6,ALCAM,0.00146971315666854,0,197,32
NBM2,Chen2023,Healthy,cellchat,CD8 Memory T,Late GMP,CD6,ALCAM,0.0013416614411881,0,116,32
NBM2,Chen2023,Healthy,cellchat,Naive T,Late GMP,CD6,ALCAM,0.00145666908356644,0,818,32
NBM2,Chen2023,Healthy,cellchat,CD4 Memory T,LMPP,CD6,ALCAM,0.00163297846392801,0,197,34
NBM2,Chen2023,Healthy,cellchat,CD8 Memory T,LMPP,CD6,ALCAM,0.00149072316658025,0,116,34
NBM2,Chen2023,Healthy,cellchat,Naive T,LMPP,CD6,ALCAM,0.00161848771892509,0,818,34
NBM2,Chen2023,Healthy,cellchat,CD4 Memory T,pDC,CD6,ALCAM,0.00179967557437937,0,197,31
NBM2,Chen2023,Healthy,cellchat,CD8 Memory T,pDC,CD6,ALCAM,0.00164292252075822,0,116,31
NBM2,Chen2023,Healthy,cellchat,Naive T,pDC,CD6,ALCAM,0.00178370823329001,0,818,31
NBM2,Chen2023,Healthy,cellchat,cDC,CD4 Memory T,CD86,CD28,0.00835988416094493,0,32,197
NBM2,Chen2023,Healthy,cellchat,Monocyte,CD4 Memory T,CD86,CD28,0.00318513014820724,0,404,197
NBM2,Chen2023,Healthy,cellchat,Pro-Monocyte,CD4 Memory T,CD86,CD28,0.00225598937120172,0,62,197
NBM2,Chen2023,Healthy,cellchat,B,cDC,CD99,PILRA,0.00489559990547135,0,170,32
NBM2,Chen2023,Healthy,cellchat,CD4 Memory T,cDC,CD99,PILRA,0.0197632087321881,0,197,32
NBM2,Chen2023,Healthy,cellchat,CD8 Memory T,cDC,CD99,PILRA,0.025539798725242,0,116,32
NBM2,Chen2023,Healthy,cellchat,cDC,cDC,CD99,PILRA,0.0184480894174299,0,32,32
NBM2,Chen2023,Healthy,cellchat,Cycling Progenitor,cDC,CD99,PILRA,0.0227063626860914,0,14,32
NBM2,Chen2023,Healthy,cellchat,Early GMP,cDC,CD99,PILRA,0.0252290973625453,0,47,32
NBM2,Chen2023,Healthy,cellchat,HSC MPP,cDC,CD99,PILRA,0.0161747177873378,0,144,32
NBM2,Chen2023,Healthy,cellchat,Late GMP,cDC,CD99,PILRA,0.016367970490831,0,32,32
NBM2,Chen2023,Healthy,cellchat,LMPP,cDC,CD99,PILRA,0.0264123278632501,0,34,32
NBM2,Chen2023,Healthy,cellchat,MEP,cDC,CD99,PILRA,0.0142429641460564,0,16,32
NBM2,Chen2023,Healthy,cellchat,Monocyte,cDC,CD99,PILRA,0.0163117543282116,0,404,32
NBM2,Chen2023,Healthy,cellchat,Naive T,cDC,CD99,PILRA,0.0041159768437741,0,818,32
NBM2,Chen2023,Healthy,cellchat,NK,cDC,CD99,PILRA,0.0274056029874274,0,55,32
NBM2,Chen2023,Healthy,cellchat,pDC,cDC,CD99,PILRA,0.0253129617207036,0,31,32
NBM2,Chen2023,Healthy,cellchat,Plasma Cell,cDC,CD99,PILRA,0.00190450341767506,0,317,32
NBM2,Chen2023,Healthy,cellchat,Pro-B,cDC,CD99,PILRA,0.0329010455123921,0,21,32
NBM2,Chen2023,Healthy,cellchat,Pro-Monocyte,cDC,CD99,PILRA,0.0166480608522785,0,62,32
NBM2,Chen2023,Healthy,cellchat,B,Monocyte,CD99,PILRA,0.0104688941721691,0,170,404
NBM2,Chen2023,Healthy,cellchat,CD4 Memory T,Monocyte,CD99,PILRA,0.0415554086374614,0,197,404
NBM2,Chen2023,Healthy,cellchat,CD8 Memory T,Monocyte,CD99,PILRA,0.0533549386819198,0,116,404
NBM2,Chen2023,Healthy,cellchat,cDC,Monocyte,CD99,PILRA,0.0388476233301714,0,32,404
NBM2,Chen2023,Healthy,cellchat,Cycling Progenitor,Monocyte,CD99,PILRA,0.0475863294928928,0,14,404
NBM2,Chen2023,Healthy,cellchat,Early GMP,Monocyte,CD99,PILRA,0.0527241640555394,0,47,404
NBM2,Chen2023,Healthy,cellchat,HSC MPP,Monocyte,CD99,PILRA,0.0341478581033331,0,144,404
NBM2,Chen2023,Healthy,cellchat,Late GMP,Monocyte,CD99,PILRA,0.0345483098750756,0,32,404
NBM2,Chen2023,Healthy,cellchat,LMPP,Monocyte,CD99,PILRA,0.0551239754401162,0,34,404
NBM2,Chen2023,Healthy,cellchat,MEP,Monocyte,CD99,PILRA,0.0301353145784488,0,16,404
NBM2,Chen2023,Healthy,cellchat,Monocyte,Monocyte,CD99,PILRA,0.0344318386550537,0,404,404
NBM2,Chen2023,Healthy,cellchat,Naive T,Monocyte,CD99,PILRA,0.00880958276511514,0,818,404
NBM2,Chen2023,Healthy,cellchat,NK,Monocyte,CD99,PILRA,0.0571336317521387,0,55,404
NBM2,Chen2023,Healthy,cellchat,pDC,Monocyte,CD99,PILRA,0.0528944656057186,0,31,404
NBM2,Chen2023,Healthy,cellchat,Plasma Cell,Monocyte,CD99,PILRA,0.00408662992441955,0,317,404
NBM2,Chen2023,Healthy,cellchat,Pro-B,Monocyte,CD99,PILRA,0.0681723793922227,0,21,404
NBM2,Chen2023,Healthy,cellchat,Pro-Monocyte,Monocyte,CD99,PILRA,0.0351283936052329,0,62,404
NBM2,Chen2023,Healthy,cellchat,CD4 Memory T,B,CD99,CD99,0.0193757192192483,0.97,197,170
NBM2,Chen2023,Healthy,cellchat,CD8 Memory T,B,CD99,CD99,0.0250419432862457,0.78,116,170
NBM2,Chen2023,Healthy,cellchat,cDC,B,CD99,CD99,0.0180859091871014,0.75,32,170
NBM2,Chen2023,Healthy,cellchat,Cycling Progenitor,B,CD99,CD99,0.0222624784666083,0.61,14,170
NBM2,Chen2023,Healthy,cellchat,Early GMP,B,CD99,CD99,0.0247371447745215,0.67,47,170
NBM2,Chen2023,Healthy,cellchat,HSC MPP,B,CD99,CD99,0.015856448291302,0.98,144,170
NBM2,Chen2023,Healthy,cellchat,Late GMP,B,CD99,CD99,0.0160459603864165,0.86,32,170
NBM2,Chen2023,Healthy,cellchat,LMPP,B,CD99,CD99,0.0258979159647354,0.57,34,170
NBM2,Chen2023,Healthy,cellchat,MEP,B,CD99,CD99,0.0139621662734171,0.79,16,170
NBM2,Chen2023,Healthy,cellchat,Monocyte,B,CD99,CD99,0.0159908321953781,0.99,404,170
NBM2,Chen2023,Healthy,cellchat,NK,B,CD99,CD99,0.0268723798148366,0.62,55,170
NBM2,Chen2023,Healthy,cellchat,pDC,B,CD99,CD99,0.0248194154647451,0.69,31,170
NBM2,Chen2023,Healthy,cellchat,Pro-B,B,CD99,CD99,0.032264446076809,0.38,21,170
NBM2,Chen2023,Healthy,cellchat,Pro-Monocyte,B,CD99,CD99,0.0163206319060502,0.88,62,170
NBM2,Chen2023,Healthy,cellchat,B,CD4 Memory T,CD99,CD99,0.0193757192192483,0.97,170,197
NBM2,Chen2023,Healthy,cellchat,CD4 Memory T,CD4 Memory T,CD99,CD99,0.0749081756618332,0,197,197
NBM2,Chen2023,Healthy,cellchat,CD8 Memory T,CD4 Memory T,CD99,CD99,0.0952370809696017,0,116,197
NBM2,Chen2023,Healthy,cellchat,cDC,CD4 Memory T,CD99,CD99,0.0701862449214693,0,32,197
NBM2,Chen2023,Healthy,cellchat,Cycling Progenitor,CD4 Memory T,CD99,CD99,0.0853485316596595,0,14,197
NBM2,Chen2023,Healthy,cellchat,Early GMP,CD4 Memory T,CD99,CD99,0.0941604162025239,0,47,197
NBM2,Chen2023,Healthy,cellchat,HSC MPP,CD4 Memory T,CD99,CD99,0.061939474000802,0,144,197
NBM2,Chen2023,Healthy,cellchat,Late GMP,CD4 Memory T,CD99,CD99,0.0626446994185311,0,32,197
NBM2,Chen2023,Healthy,cellchat,LMPP,CD4 Memory T,CD99,CD99,0.0982506373595248,0,34,197
NBM2,Chen2023,Healthy,cellchat,MEP,CD4 Memory T,CD99,CD99,0.0548467199435123,0,16,197
NBM2,Chen2023,Healthy,cellchat,Monocyte,CD4 Memory T,CD99,CD99,0.0624396339894131,0,404,197
NBM2,Chen2023,Healthy,cellchat,NK,CD4 Memory T,CD99,CD99,0.101663396105836,0,55,197
NBM2,Chen2023,Healthy,cellchat,pDC,CD4 Memory T,CD99,CD99,0.0944512137546094,0,31,197
NBM2,Chen2023,Healthy,cellchat,Pro-B,CD4 Memory T,CD99,CD99,0.12020881360198,0,21,197
NBM2,Chen2023,Healthy,cellchat,Pro-Monocyte,CD4 Memory T,CD99,CD99,0.0636654267443927,0,62,197
NBM2,Chen2023,Healthy,cellchat,B,CD8 Memory T,CD99,CD99,0.0250419432862457,0.78,170,116
NBM2,Chen2023,Healthy,cellchat,CD4 Memory T,CD8 Memory T,CD99,CD99,0.0952370809696017,0,197,116
NBM2,Chen2023,Healthy,cellchat,CD8 Memory T,CD8 Memory T,CD99,CD99,0.120365114341477,0,116,116
NBM2,Chen2023,Healthy,cellchat,cDC,CD8 Memory T,CD99,CD99,0.089357472186125,0,32,116
NBM2,Chen2023,Healthy,cellchat,Cycling Progenitor,CD8 Memory T,CD99,CD99,0.108179456573967,0,14,116
NBM2,Chen2023,Healthy,cellchat,Early GMP,CD8 Memory T,CD99,CD99,0.119041751030419,0,47,116
NBM2,Chen2023,Healthy,cellchat,HSC MPP,CD8 Memory T,CD99,CD99,0.0790496203330253,0,144,116
NBM2,Chen2023,Healthy,cellchat,Late GMP,CD8 Memory T,CD99,CD99,0.0799330569984069,0,32,116
NBM2,Chen2023,Healthy,cellchat,LMPP,CD8 Memory T,CD99,CD99,0.124064759183381,0,34,116
NBM2,Chen2023,Healthy,cellchat,MEP,CD8 Memory T,CD99,CD99,0.0701440734583703,0,16,116
NBM2,Chen2023,Healthy,cellchat,Monocyte,CD8 Memory T,CD99,CD99,0.0796762091375475,0,404,116
NBM2,Chen2023,Healthy,cellchat,Naive T,CD8 Memory T,CD99,CD99,0.0211221195622594,0.97,818,116
NBM2,Chen2023,Healthy,cellchat,NK,CD8 Memory T,CD99,CD99,0.128246654677743,0,55,116
NBM2,Chen2023,Healthy,cellchat,pDC,CD8 Memory T,CD99,CD99,0.119399261591621,0,31,116
NBM2,Chen2023,Healthy,cellchat,Pro-B,CD8 Memory T,CD99,CD99,0.150827204477789,0,21,116
NBM2,Chen2023,Healthy,cellchat,Pro-Monocyte,CD8 Memory T,CD99,CD99,0.0812110736928653,0,62,116
NBM2,Chen2023,Healthy,cellchat,B,cDC,CD99,CD99,0.0180859091871014,0.75,170,32
NBM2,Chen2023,Healthy,cellchat,CD4 Memory T,cDC,CD99,CD99,0.0701862449214693,0,197,32
NBM2,Chen2023,Healthy,cellchat,CD8 Memory T,cDC,CD99,CD99,0.089357472186125,0,116,32
NBM2,Chen2023,Healthy,cellchat,cDC,cDC,CD99,CD99,0.0657408145747701,0,32,32
NBM2,Chen2023,Healthy,cellchat,Cycling Progenitor,cDC,CD99,CD99,0.0800254109878783,0,14,32
NBM2,Chen2023,Healthy,cellchat,Early GMP,cDC,CD99,CD99,0.088340786917781,0,47,32
NBM2,Chen2023,Healthy,cellchat,HSC MPP,cDC,CD99,CD99,0.0579838016696962,0,144,32
NBM2,Chen2023,Healthy,cellchat,Late GMP,cDC,CD99,CD99,0.0586468046666123,0.01,32,32
NBM2,Chen2023,Healthy,cellchat,LMPP,cDC,CD99,CD99,0.0922039419165719,0,34,32
NBM2,Chen2023,Healthy,cellchat,MEP,cDC,CD99,CD99,0.0513192348988613,0.02,16,32
NBM2,Chen2023,Healthy,cellchat,Monocyte,cDC,CD99,CD99,0.0584540101070869,0,404,32
NBM2,Chen2023,Healthy,cellchat,Naive T,cDC,CD99,CD99,0.0152378981571487,0.81,818,32
NBM2,Chen2023,Healthy,cellchat,NK,cDC,CD99,CD99,0.0954288943669798,0,55,32
NBM2,Chen2023,Healthy,cellchat,pDC,cDC,CD99,CD99,0.0886153698179953,0,31,32
NBM2,Chen2023,Healthy,cellchat,Pro-B,cDC,CD99,CD99,0.112980048288706,0,21,32
NBM2,Chen2023,Healthy,cellchat,Pro-Monocyte,cDC,CD99,CD99,0.0596065329866004,0,62,32
NBM2,Chen2023,Healthy,cellchat,B,Cycling Progenitor,CD99,CD99,0.0222624784666083,0.61,170,14
NBM2,Chen2023,Healthy,cellchat,CD4 Memory T,Cycling Progenitor,CD99,CD99,0.0853485316596595,0,197,14
NBM2,Chen2023,Healthy,cellchat,CD8 Memory T,Cycling Progenitor,CD99,CD99,0.108179456573967,0,116,14
NBM2,Chen2023,Healthy,cellchat,cDC,Cycling Progenitor,CD99,CD99,0.0800254109878783,0,32,14
NBM2,Chen2023,Healthy,cellchat,Cycling Progenitor,Cycling Progenitor,CD99,CD99,0.0970912959898952,0,14,14
NBM2,Chen2023,Healthy,cellchat,Early GMP,Cycling Progenitor,CD99,CD99,0.106973776347363,0,47,14
NBM2,Chen2023,Healthy,cellchat,HSC MPP,Cycling Progenitor,CD99,CD99,0.0707104719125924,0,144,14
NBM2,Chen2023,Healthy,cellchat,Late GMP,Cycling Progenitor,CD99,CD99,0.0715079488456375,0,32,14
NBM2,Chen2023,Healthy,cellchat,LMPP,Cycling Progenitor,CD99,CD99,0.111552051536567,0,34,14
NBM2,Chen2023,Healthy,cellchat,MEP,Cycling Progenitor,CD99,CD99,0.0626804533065406,0.02,16,14
NBM2,Chen2023,Healthy,cellchat,Monocyte,Cycling Progenitor,CD99,CD99,0.0712760760301375,0,404,14
NBM2,Chen2023,Healthy,cellchat,Naive T,Cycling Progenitor,CD99,CD99,0.0187693495606517,0.75,818,14
NBM2,Chen2023,Healthy,cellchat,NK,Cycling Progenitor,CD99,CD99,0.11536772724177,0,55,14
NBM2,Chen2023,Healthy,cellchat,pDC,Cycling Progenitor,CD99,CD99,0.107299458267413,0,31,14
NBM2,Chen2023,Healthy,cellchat,Plasma Cell,Cycling Progenitor,CD99,CD99,0.00875397053197044,0.93,317,14
NBM2,Chen2023,Healthy,cellchat,Pro-B,Cycling Progenitor,CD99,CD99,0.13603452173453,0,21,14
NBM2,Chen2023,Healthy,cellchat,Pro-Monocyte,Cycling Progenitor,CD99,CD99,0.0726618982756094,0,62,14
NBM2,Chen2023,Healthy,cellchat,B,Early GMP,CD99,CD99,0.0247371447745215,0.67,170,47
NBM2,Chen2023,Healthy,cellchat,CD4 Memory T,Early GMP,CD99,CD99,0.0941604162025239,0,197,47
NBM2,Chen2023,Healthy,cellchat,CD8 Memory T,Early GMP,CD99,CD99,0.119041751030419,0,116,47
NBM2,Chen2023,Healthy,cellchat,cDC,Early GMP,CD99,CD99,0.088340786917781,0,32,47
NBM2,Chen2023,Healthy,cellchat,Cycling Progenitor,Early GMP,CD99,CD99,0.106973776347363,0,14,47
NBM2,Chen2023,Healthy,cellchat,Early GMP,Early GMP,CD99,CD99,0.117730990178462,0,47,47
NBM2,Chen2023,Healthy,cellchat,HSC MPP,Early GMP,CD99,CD99,0.0781401515034036,0,144,47
NBM2,Chen2023,Healthy,cellchat,Late GMP,Early GMP,CD99,CD99,0.0790142962299581,0,32,47
NBM2,Chen2023,Healthy,cellchat,LMPP,Early GMP,CD99,CD99,0.122706394030317,0,34,47
NBM2,Chen2023,Healthy,cellchat,MEP,Early GMP,CD99,CD99,0.0693293501676622,0,16,47
NBM2,Chen2023,Healthy,cellchat,Monocyte,Early GMP,CD99,CD99,0.0787601478915401,0,404,47
NBM2,Chen2023,Healthy,cellchat,Naive T,Early GMP,CD99,CD99,0.020864010269063,0.78,818,47
NBM2,Chen2023,Healthy,cellchat,NK,Early GMP,CD99,CD99,0.126849133281774,0,55,47
NBM2,Chen2023,Healthy,cellchat,pDC,Early GMP,CD99,CD99,0.118085091872809,0,31,47
NBM2,Chen2023,Healthy,cellchat,Plasma Cell,Early GMP,CD99,CD99,0.00974201134536896,0.97,317,47
NBM2,Chen2023,Healthy,cellchat,Pro-B,Early GMP,CD99,CD99,0.149225740574623,0,21,47
NBM2,Chen2023,Healthy,cellchat,Pro-Monocyte,Early GMP,CD99,CD99,0.0802789049613923,0,62,47
NBM2,Chen2023,Healthy,cellchat,B,HSC MPP,CD99,CD99,0.015856448291302,0.98,170,144
NBM2,Chen2023,Healthy,cellchat,CD4 Memory T,HSC MPP,CD99,CD99,0.061939474000802,0,197,144
NBM2,Chen2023,Healthy,cellchat,CD8 Memory T,HSC MPP,CD99,CD99,0.0790496203330253,0,116,144
NBM2,Chen2023,Healthy,cellchat,cDC,HSC MPP,CD99,CD99,0.0579838016696962,0,32,144
NBM2,Chen2023,Healthy,cellchat,Cycling Progenitor,HSC MPP,CD99,CD99,0.0707104719125924,0,14,144
NBM2,Chen2023,Healthy,cellchat,Early GMP,HSC MPP,CD99,CD99,0.0781401515034036,0,47,144
NBM2,Chen2023,Healthy,cellchat,HSC MPP,HSC MPP,CD99,CD99,0.0510920146173149,0,144,144
NBM2,Chen2023,Healthy,cellchat,Late GMP,HSC MPP,CD99,CD99,0.0516805382342341,0,32,144
NBM2,Chen2023,Healthy,cellchat,LMPP,HSC MPP,CD99,CD99,0.0815971568066278,0,34,144
NBM2,Chen2023,Healthy,cellchat,MEP,HSC MPP,CD99,CD99,0.045181586284717,0.04,16,144
NBM2,Chen2023,Healthy,cellchat,Monocyte,HSC MPP,CD99,CD99,0.0515093913706695,0,404,144
NBM2,Chen2023,Healthy,cellchat,NK,HSC MPP,CD99,CD99,0.0844856496675185,0,55,144
NBM2,Chen2023,Healthy,cellchat,pDC,HSC MPP,CD99,CD99,0.0783857546643749,0,31,144
NBM2,Chen2023,Healthy,cellchat,Pro-B,HSC MPP,CD99,CD99,0.10024718630193,0,21,144
NBM2,Chen2023,Healthy,cellchat,Pro-Monocyte,HSC MPP,CD99,CD99,0.0525326285763866,0,62,144
NBM2,Chen2023,Healthy,cellchat,B,Late GMP,CD99,CD99,0.0160459603864165,0.86,170,32
NBM2,Chen2023,Healthy,cellchat,CD4 Memory T,Late GMP,CD99,CD99,0.0626446994185311,0,197,32
NBM2,Chen2023,Healthy,cellchat,CD8 Memory T,Late GMP,CD99,CD99,0.0799330569984069,0,116,32
NBM2,Chen2023,Healthy,cellchat,cDC,Late GMP,CD99,CD99,0.0586468046666123,0.01,32,32
NBM2,Chen2023,Healthy,cellchat,Cycling Progenitor,Late GMP,CD99,CD99,0.0715079488456375,0,14,32
NBM2,Chen2023,Healthy,cellchat,Early GMP,Late GMP,CD99,CD99,0.0790142962299581,0,47,32
NBM2,Chen2023,Healthy,cellchat,HSC MPP,Late GMP,CD99,CD99,0.0516805382342341,0,144,32
NBM2,Chen2023,Healthy,cellchat,Late GMP,Late GMP,CD99,CD99,0.0522754675297879,0.02,32,32
NBM2,Chen2023,Healthy,cellchat,LMPP,Late GMP,CD99,CD99,0.0825065134007217,0,34,32
NBM2,Chen2023,Healthy,cellchat,MEP,Late GMP,CD99,CD99,0.0457053075243403,0.11,16,32
NBM2,Chen2023,Healthy,cellchat,Monocyte,Late GMP,CD99,CD99,0.0521024587257715,0,404,32
NBM2,Chen2023,Healthy,cellchat,Naive T,Late GMP,CD99,CD99,0.0135147613222918,0.93,818,32
NBM2,Chen2023,Healthy,cellchat,NK,Late GMP,CD99,CD99,0.085424202784852,0,55,32
NBM2,Chen2023,Healthy,cellchat,pDC,Late GMP,CD99,CD99,0.0792624106890951,0,31,32
NBM2,Chen2023,Healthy,cellchat,Plasma Cell,Late GMP,CD99,CD99,0.00628528554084545,0.99,317,32
NBM2,Chen2023,Healthy,cellchat,Pro-B,Late GMP,CD99,CD99,0.101341452805596,0,21,32
NBM2,Chen2023,Healthy,cellchat,Pro-Monocyte,Late GMP,CD99,CD99,0.0531368172317387,0,62,32
NBM2,Chen2023,Healthy,cellchat,B,LMPP,CD99,CD99,0.0258979159647354,0.57,170,34
NBM2,Chen2023,Healthy,cellchat,CD4 Memory T,LMPP,CD99,CD99,0.0982506373595248,0,197,34
NBM2,Chen2023,Healthy,cellchat,CD8 Memory T,LMPP,CD99,CD99,0.124064759183381,0,116,34
NBM2,Chen2023,Healthy,cellchat,cDC,LMPP,CD99,CD99,0.0922039419165719,0,32,34
NBM2,Chen2023,Healthy,cellchat,Cycling Progenitor,LMPP,CD99,CD99,0.111552051536567,0,14,34
NBM2,Chen2023,Healthy,cellchat,Early GMP,LMPP,CD99,CD99,0.122706394030317,0,47,34
NBM2,Chen2023,Healthy,cellchat,HSC MPP,LMPP,CD99,CD99,0.0815971568066278,0,144,34
NBM2,Chen2023,Healthy,cellchat,Late GMP,LMPP,CD99,CD99,0.0825065134007217,0,32,34
NBM2,Chen2023,Healthy,cellchat,LMPP,LMPP,CD99,CD99,0.127861590065307,0,34,34
NBM2,Chen2023,Healthy,cellchat,MEP,LMPP,CD99,CD99,0.0724271811617611,0,16,34
NBM2,Chen2023,Healthy,cellchat,Monocyte,LMPP,CD99,CD99,0.0822421354504377,0,404,34
NBM2,Chen2023,Healthy,cellchat,Naive T,LMPP,CD99,CD99,0.0218471089377632,0.7,818,34
NBM2,Chen2023,Healthy,cellchat,NK,LMPP,CD99,CD99,0.132152158217472,0,55,34
NBM2,Chen2023,Healthy,cellchat,pDC,LMPP,CD99,CD99,0.123073372829314,0,31,34
NBM2,Chen2023,Healthy,cellchat,Plasma Cell,LMPP,CD99,CD99,0.0102065114335219,0.97,317,34
NBM2,Chen2023,Healthy,cellchat,Pro-B,LMPP,CD99,CD99,0.155297854586365,0,21,34
NBM2,Chen2023,Healthy,cellchat,Pro-Monocyte,LMPP,CD99,CD99,0.08382192746287,0,62,34
NBM2,Chen2023,Healthy,cellchat,B,MEP,CD99,CD99,0.0139621662734171,0.79,170,16
NBM2,Chen2023,Healthy,cellchat,CD4 Memory T,MEP,CD99,CD99,0.0548467199435123,0,197,16
NBM2,Chen2023,Healthy,cellchat,CD8 Memory T,MEP,CD99,CD99,0.0701440734583703,0,116,16
NBM2,Chen2023,Healthy,cellchat,cDC,MEP,CD99,CD99,0.0513192348988613,0.02,32,16
NBM2,Chen2023,Healthy,cellchat,Cycling Progenitor,MEP,CD99,CD99,0.0626804533065406,0.02,14,16
NBM2,Chen2023,Healthy,cellchat,Early GMP,MEP,CD99,CD99,0.0693293501676622,0,47,16
NBM2,Chen2023,Healthy,cellchat,HSC MPP,MEP,CD99,CD99,0.045181586284717,0.04,144,16
NBM2,Chen2023,Healthy,cellchat,Late GMP,MEP,CD99,CD99,0.0457053075243403,0.11,32,16
NBM2,Chen2023,Healthy,cellchat,LMPP,MEP,CD99,CD99,0.0724271811617611,0,34,16
NBM2,Chen2023,Healthy,cellchat,MEP,MEP,CD99,CD99,0.0399261197976688,0.24,16,16
NBM2,Chen2023,Healthy,cellchat,Monocyte,MEP,CD99,CD99,0.0455529979041657,0.04,404,16
NBM2,Chen2023,Healthy,cellchat,Naive T,MEP,CD99,CD99,0.0117557518112265,0.85,818,16
NBM2,Chen2023,Healthy,cellchat,NK,MEP,CD99,CD99,0.0750175772704627,0,55,16
NBM2,Chen2023,Healthy,cellchat,pDC,MEP,CD99,CD99,0.0695493493149512,0,31,16
NBM2,Chen2023,Healthy,cellchat,Pro-B,MEP,CD99,CD99,0.0891848313679123,0,21,16
NBM2,Chen2023,Healthy,cellchat,Pro-Monocyte,MEP,CD99,CD99,0.0464637073332646,0.05,62,16
NBM2,Chen2023,Healthy,cellchat,B,Monocyte,CD99,CD99,0.0159908321953781,0.99,170,404
NBM2,Chen2023,Healthy,cellchat,CD4 Memory T,Monocyte,CD99,CD99,0.0624396339894131,0,197,404
NBM2,Chen2023,Healthy,cellchat,CD8 Memory T,Monocyte,CD99,CD99,0.0796762091375475,0,116,404
NBM2,Chen2023,Healthy,cellchat,cDC,Monocyte,CD99,CD99,0.0584540101070869,0,32,404
NBM2,Chen2023,Healthy,cellchat,Cycling Progenitor,Monocyte,CD99,CD99,0.0712760760301375,0,14,404
NBM2,Chen2023,Healthy,cellchat,Early GMP,Monocyte,CD99,CD99,0.0787601478915401,0,47,404
NBM2,Chen2023,Healthy,cellchat,HSC MPP,Monocyte,CD99,CD99,0.0515093913706695,0,144,404
NBM2,Chen2023,Healthy,cellchat,Late GMP,Monocyte,CD99,CD99,0.0521024587257715,0,32,404
NBM2,Chen2023,Healthy,cellchat,LMPP,Monocyte,CD99,CD99,0.0822421354504377,0,34,404
NBM2,Chen2023,Healthy,cellchat,MEP,Monocyte,CD99,CD99,0.0455529979041657,0.04,16,404
NBM2,Chen2023,Healthy,cellchat,Monocyte,Monocyte,CD99,CD99,0.0519299911304573,0,404,404
NBM2,Chen2023,Healthy,cellchat,NK,Monocyte,CD99,CD99,0.0851513432900456,0,55,404
NBM2,Chen2023,Healthy,cellchat,pDC,Monocyte,CD99,CD99,0.0790075327560689,0,31,404
NBM2,Chen2023,Healthy,cellchat,Pro-B,Monocyte,CD99,CD99,0.101023366911074,0,21,404
NBM2,Chen2023,Healthy,cellchat,Pro-Monocyte,Monocyte,CD99,CD99,0.0529611170423859,0,62,404
NBM2,Chen2023,Healthy,cellchat,CD8 Memory T,Naive T,CD99,CD99,0.0211221195622594,0.97,116,818
NBM2,Chen2023,Healthy,cellchat,cDC,Naive T,CD99,CD99,0.0152378981571487,0.81,32,818
NBM2,Chen2023,Healthy,cellchat,Cycling Progenitor,Naive T,CD99,CD99,0.0187693495606517,0.75,14,818
NBM2,Chen2023,Healthy,cellchat,Early GMP,Naive T,CD99,CD99,0.020864010269063,0.78,47,818
NBM2,Chen2023,Healthy,cellchat,Late GMP,Naive T,CD99,CD99,0.0135147613222918,0.93,32,818
NBM2,Chen2023,Healthy,cellchat,LMPP,Naive T,CD99,CD99,0.0218471089377632,0.7,34,818
NBM2,Chen2023,Healthy,cellchat,MEP,Naive T,CD99,CD99,0.0117557518112265,0.85,16,818
NBM2,Chen2023,Healthy,cellchat,NK,Naive T,CD99,CD99,0.0226727002618166,0.78,55,818
NBM2,Chen2023,Healthy,cellchat,pDC,Naive T,CD99,CD99,0.020933676196741,0.81,31,818
NBM2,Chen2023,Healthy,cellchat,Pro-B,Naive T,CD99,CD99,0.0272456750945268,0.67,21,818
NBM2,Chen2023,Healthy,cellchat,Pro-Monocyte,Naive T,CD99,CD99,0.0137467096242218,0.92,62,818
NBM2,Chen2023,Healthy,cellchat,B,NK,CD99,CD99,0.0268723798148366,0.62,170,55
NBM2,Chen2023,Healthy,cellchat,CD4 Memory T,NK,CD99,CD99,0.101663396105836,0,197,55
NBM2,Chen2023,Healthy,cellchat,CD8 Memory T,NK,CD99,CD99,0.128246654677743,0,116,55
NBM2,Chen2023,Healthy,cellchat,cDC,NK,CD99,CD99,0.0954288943669798,0,32,55
NBM2,Chen2023,Healthy,cellchat,Cycling Progenitor,NK,CD99,CD99,0.11536772724177,0,14,55
NBM2,Chen2023,Healthy,cellchat,Early GMP,NK,CD99,CD99,0.126849133281774,0,47,55
NBM2,Chen2023,Healthy,cellchat,HSC MPP,NK,CD99,CD99,0.0844856496675185,0,144,55
NBM2,Chen2023,Healthy,cellchat,Late GMP,NK,CD99,CD99,0.085424202784852,0,32,55
NBM2,Chen2023,Healthy,cellchat,LMPP,NK,CD99,CD99,0.132152158217472,0,34,55
NBM2,Chen2023,Healthy,cellchat,MEP,NK,CD99,CD99,0.0750175772704627,0,16,55
NBM2,Chen2023,Healthy,cellchat,Monocyte,NK,CD99,CD99,0.0851513432900456,0,404,55
NBM2,Chen2023,Healthy,cellchat,Naive T,NK,CD99,CD99,0.0226727002618166,0.78,818,55
NBM2,Chen2023,Healthy,cellchat,NK,NK,CD99,CD99,0.136564157661088,0,55,55
NBM2,Chen2023,Healthy,cellchat,pDC,NK,CD99,CD99,0.127226705018462,0,31,55
NBM2,Chen2023,Healthy,cellchat,Plasma Cell,NK,CD99,CD99,0.0105969760420856,0.99,317,55
NBM2,Chen2023,Healthy,cellchat,Pro-B,NK,CD99,CD99,0.160339823088376,0,21,55
NBM2,Chen2023,Healthy,cellchat,Pro-Monocyte,NK,CD99,CD99,0.0867817341608905,0,62,55
NBM2,Chen2023,Healthy,cellchat,B,pDC,CD99,CD99,0.0248194154647451,0.69,170,31
NBM2,Chen2023,Healthy,cellchat,CD4 Memory T,pDC,CD99,CD99,0.0944512137546094,0,197,31
NBM2,Chen2023,Healthy,cellchat,CD8 Memory T,pDC,CD99,CD99,0.119399261591621,0,116,31
NBM2,Chen2023,Healthy,cellchat,cDC,pDC,CD99,CD99,0.0886153698179953,0,32,31
NBM2,Chen2023,Healthy,cellchat,Cycling Progenitor,pDC,CD99,CD99,0.107299458267413,0,14,31
NBM2,Chen2023,Healthy,cellchat,Early GMP,pDC,CD99,CD99,0.118085091872809,0,47,31
NBM2,Chen2023,Healthy,cellchat,HSC MPP,pDC,CD99,CD99,0.0783857546643749,0,144,31
NBM2,Chen2023,Healthy,cellchat,Late GMP,pDC,CD99,CD99,0.0792624106890951,0,32,31
NBM2,Chen2023,Healthy,cellchat,LMPP,pDC,CD99,CD99,0.123073372829314,0,34,31
NBM2,Chen2023,Healthy,cellchat,MEP,pDC,CD99,CD99,0.0695493493149512,0,16,31
NBM2,Chen2023,Healthy,cellchat,Monocyte,pDC,CD99,CD99,0.0790075327560689,0,404,31
NBM2,Chen2023,Healthy,cellchat,Naive T,pDC,CD99,CD99,0.020933676196741,0.81,818,31
NBM2,Chen2023,Healthy,cellchat,NK,pDC,CD99,CD99,0.127226705018462,0,55,31
NBM2,Chen2023,Healthy,cellchat,pDC,pDC,CD99,CD99,0.118440115629468,0,31,31
NBM2,Chen2023,Healthy,cellchat,Plasma Cell,pDC,CD99,CD99,0.00977491113194971,0.97,317,31
NBM2,Chen2023,Healthy,cellchat,Pro-B,pDC,CD99,CD99,0.14965850110187,0,21,31
NBM2,Chen2023,Healthy,cellchat,Pro-Monocyte,pDC,CD99,CD99,0.0805306432202025,0,62,31
NBM2,Chen2023,Healthy,cellchat,Cycling Progenitor,Plasma Cell,CD99,CD99,0.00875397053197044,0.93,14,317
NBM2,Chen2023,Healthy,cellchat,Early GMP,Plasma Cell,CD99,CD99,0.00974201134536896,0.97,47,317
NBM2,Chen2023,Healthy,cellchat,Late GMP,Plasma Cell,CD99,CD99,0.00628528554084545,0.99,32,317
NBM2,Chen2023,Healthy,cellchat,LMPP,Plasma Cell,CD99,CD99,0.0102065114335219,0.97,34,317
NBM2,Chen2023,Healthy,cellchat,NK,Plasma Cell,CD99,CD99,0.0105969760420856,0.99,55,317
NBM2,Chen2023,Healthy,cellchat,pDC,Plasma Cell,CD99,CD99,0.00977491113194971,0.97,31,317
NBM2,Chen2023,Healthy,cellchat,Pro-B,Plasma Cell,CD99,CD99,0.0127661500140474,0.87,21,317
NBM2,Chen2023,Healthy,cellchat,B,Pro-B,CD99,CD99,0.032264446076809,0.38,170,21
NBM2,Chen2023,Healthy,cellchat,CD4 Memory T,Pro-B,CD99,CD99,0.12020881360198,0,197,21
NBM2,Chen2023,Healthy,cellchat,CD8 Memory T,Pro-B,CD99,CD99,0.150827204477789,0,116,21
NBM2,Chen2023,Healthy,cellchat,cDC,Pro-B,CD99,CD99,0.112980048288706,0,32,21
NBM2,Chen2023,Healthy,cellchat,Cycling Progenitor,Pro-B,CD99,CD99,0.13603452173453,0,14,21
NBM2,Chen2023,Healthy,cellchat,Early GMP,Pro-B,CD99,CD99,0.149225740574623,0,47,21
NBM2,Chen2023,Healthy,cellchat,HSC MPP,Pro-B,CD99,CD99,0.10024718630193,0,144,21
NBM2,Chen2023,Healthy,cellchat,Late GMP,Pro-B,CD99,CD99,0.101341452805596,0,32,21
NBM2,Chen2023,Healthy,cellchat,LMPP,Pro-B,CD99,CD99,0.155297854586365,0,34,21
NBM2,Chen2023,Healthy,cellchat,MEP,Pro-B,CD99,CD99,0.0891848313679123,0,16,21
NBM2,Chen2023,Healthy,cellchat,Monocyte,Pro-B,CD99,CD99,0.101023366911074,0,404,21
NBM2,Chen2023,Healthy,cellchat,Naive T,Pro-B,CD99,CD99,0.0272456750945268,0.67,818,21
NBM2,Chen2023,Healthy,cellchat,NK,Pro-B,CD99,CD99,0.160339823088376,0,55,21
NBM2,Chen2023,Healthy,cellchat,pDC,Pro-B,CD99,CD99,0.14965850110187,0,31,21
NBM2,Chen2023,Healthy,cellchat,Plasma Cell,Pro-B,CD99,CD99,0.0127661500140474,0.87,317,21
NBM2,Chen2023,Healthy,cellchat,Pro-B,Pro-B,CD99,CD99,0.187356616270329,0,21,21
NBM2,Chen2023,Healthy,cellchat,Pro-Monocyte,Pro-B,CD99,CD99,0.102923469174941,0,62,21
NBM2,Chen2023,Healthy,cellchat,B,Pro-Monocyte,CD99,CD99,0.0163206319060502,0.88,170,62
NBM2,Chen2023,Healthy,cellchat,CD4 Memory T,Pro-Monocyte,CD99,CD99,0.0636654267443927,0,197,62
NBM2,Chen2023,Healthy,cellchat,CD8 Memory T,Pro-Monocyte,CD99,CD99,0.0812110736928653,0,116,62
NBM2,Chen2023,Healthy,cellchat,cDC,Pro-Monocyte,CD99,CD99,0.0596065329866004,0,32,62
NBM2,Chen2023,Healthy,cellchat,Cycling Progenitor,Pro-Monocyte,CD99,CD99,0.0726618982756094,0,14,62
NBM2,Chen2023,Healthy,cellchat,Early GMP,Pro-Monocyte,CD99,CD99,0.0802789049613923,0,47,62
NBM2,Chen2023,Healthy,cellchat,HSC MPP,Pro-Monocyte,CD99,CD99,0.0525326285763866,0,144,62
NBM2,Chen2023,Healthy,cellchat,Late GMP,Pro-Monocyte,CD99,CD99,0.0531368172317387,0,32,62
NBM2,Chen2023,Healthy,cellchat,LMPP,Pro-Monocyte,CD99,CD99,0.08382192746287,0,34,62
NBM2,Chen2023,Healthy,cellchat,MEP,Pro-Monocyte,CD99,CD99,0.0464637073332646,0.05,16,62
NBM2,Chen2023,Healthy,cellchat,Monocyte,Pro-Monocyte,CD99,CD99,0.0529611170423859,0,404,62
NBM2,Chen2023,Healthy,cellchat,Naive T,Pro-Monocyte,CD99,CD99,0.0137467096242218,0.92,818,62
NBM2,Chen2023,Healthy,cellchat,NK,Pro-Monocyte,CD99,CD99,0.0867817341608905,0,55,62
NBM2,Chen2023,Healthy,cellchat,pDC,Pro-Monocyte,CD99,CD99,0.0805306432202025,0,31,62
NBM2,Chen2023,Healthy,cellchat,Pro-B,Pro-Monocyte,CD99,CD99,0.102923469174941,0,21,62
NBM2,Chen2023,Healthy,cellchat,Pro-Monocyte,Pro-Monocyte,CD99,CD99,0.0540115506595861,0,62,62
NBM2,Chen2023,Healthy,cellchat,Early GMP,Early GMP,CDH2,CDH2,0.000422271949264506,0,47,47
NBM2,Chen2023,Healthy,cellchat,B,CD4 Memory T,CLEC2D,KLRB1,0.00995563655509486,0,170,197
NBM2,Chen2023,Healthy,cellchat,CD4 Memory T,CD4 Memory T,CLEC2D,KLRB1,0.0112131176964726,0,197,197
NBM2,Chen2023,Healthy,cellchat,CD8 Memory T,CD4 Memory T,CLEC2D,KLRB1,0.0131023189414744,0,116,197
NBM2,Chen2023,Healthy,cellchat,Naive T,CD4 Memory T,CLEC2D,KLRB1,0.0118094859319293,0,818,197
NBM2,Chen2023,Healthy,cellchat,pDC,CD4 Memory T,CLEC2D,KLRB1,0.000603113987077342,0,31,197
NBM2,Chen2023,Healthy,cellchat,Pro-B,CD4 Memory T,CLEC2D,KLRB1,0.00445373479919674,0,21,197
NBM2,Chen2023,Healthy,cellchat,B,CD8 Memory T,CLEC2D,KLRB1,0.0395894771167488,0,170,116
NBM2,Chen2023,Healthy,cellchat,CD4 Memory T,CD8 Memory T,CLEC2D,KLRB1,0.044422019262214,0,197,116
NBM2,Chen2023,Healthy,cellchat,CD8 Memory T,CD8 Memory T,CLEC2D,KLRB1,0.0516142404359137,0,116,116
NBM2,Chen2023,Healthy,cellchat,Naive T,CD8 Memory T,CLEC2D,KLRB1,0.0467011791559786,0,818,116
NBM2,Chen2023,Healthy,cellchat,pDC,CD8 Memory T,CLEC2D,KLRB1,0.00246772546316404,0,31,116
NBM2,Chen2023,Healthy,cellchat,Pro-B,CD8 Memory T,CLEC2D,KLRB1,0.0180085640074759,0,21,116
NBM2,Chen2023,Healthy,cellchat,B,NK,CLEC2D,KLRB1,0.0734108196946009,0,170,55
NBM2,Chen2023,Healthy,cellchat,CD4 Memory T,NK,CLEC2D,KLRB1,0.0820192388163246,0,197,55
NBM2,Chen2023,Healthy,cellchat,CD8 Memory T,NK,CLEC2D,KLRB1,0.0946954697370786,0,116,55
NBM2,Chen2023,Healthy,cellchat,Naive T,NK,CLEC2D,KLRB1,0.0860536844082621,0,818,55
NBM2,Chen2023,Healthy,cellchat,pDC,NK,CLEC2D,KLRB1,0.00473216466248528,0,31,55
NBM2,Chen2023,Healthy,cellchat,Pro-B,NK,CLEC2D,KLRB1,0.0340468880103024,0,21,55
NBM2,Chen2023,Healthy,cellchat,B,CD4 Memory T,CLEC2B,KLRB1,0.00387659172057935,0,170,197
NBM2,Chen2023,Healthy,cellchat,CD4 Memory T,CD4 Memory T,CLEC2B,KLRB1,0.0116915313290653,0,197,197
NBM2,Chen2023,Healthy,cellchat,CD8 Memory T,CD4 Memory T,CLEC2B,KLRB1,0.0213895824018041,0,116,197
NBM2,Chen2023,Healthy,cellchat,cDC,CD4 Memory T,CLEC2B,KLRB1,0.00772747847587175,0,32,197
NBM2,Chen2023,Healthy,cellchat,Cycling Progenitor,CD4 Memory T,CLEC2B,KLRB1,0.00894915804301526,0,14,197
NBM2,Chen2023,Healthy,cellchat,Early GMP,CD4 Memory T,CLEC2B,KLRB1,0.00599543227959094,0,47,197
NBM2,Chen2023,Healthy,cellchat,HSC MPP,CD4 Memory T,CLEC2B,KLRB1,0.00884339846806489,0,144,197
NBM2,Chen2023,Healthy,cellchat,Late GMP,CD4 Memory T,CLEC2B,KLRB1,0.00178134317209891,0,32,197
NBM2,Chen2023,Healthy,cellchat,LMPP,CD4 Memory T,CLEC2B,KLRB1,0.0111858762532531,0,34,197
NBM2,Chen2023,Healthy,cellchat,MEP,CD4 Memory T,CLEC2B,KLRB1,0.00634357646111741,0,16,197
NBM2,Chen2023,Healthy,cellchat,Monocyte,CD4 Memory T,CLEC2B,KLRB1,0.00286644493153206,0,404,197
NBM2,Chen2023,Healthy,cellchat,Naive T,CD4 Memory T,CLEC2B,KLRB1,0.0115875776639489,0,818,197
NBM2,Chen2023,Healthy,cellchat,NK,CD4 Memory T,CLEC2B,KLRB1,0.0210156604475799,0,55,197
NBM2,Chen2023,Healthy,cellchat,pDC,CD4 Memory T,CLEC2B,KLRB1,0.00594021493360731,0,31,197
NBM2,Chen2023,Healthy,cellchat,Pro-B,CD4 Memory T,CLEC2B,KLRB1,0.0101807273238608,0,21,197
NBM2,Chen2023,Healthy,cellchat,B,CD8 Memory T,CLEC2B,KLRB1,0.0157026059066201,0,170,116
NBM2,Chen2023,Healthy,cellchat,CD4 Memory T,CD8 Memory T,CLEC2B,KLRB1,0.0462510332450056,0,197,116
NBM2,Chen2023,Healthy,cellchat,CD8 Memory T,CD8 Memory T,CLEC2B,KLRB1,0.0822307847745359,0,116,116
NBM2,Chen2023,Healthy,cellchat,cDC,CD8 Memory T,CLEC2B,KLRB1,0.0309362497599835,0,32,116
NBM2,Chen2023,Healthy,cellchat,Cycling Progenitor,CD8 Memory T,CLEC2B,KLRB1,0.0356951389532344,0,14,116
NBM2,Chen2023,Healthy,cellchat,Early GMP,CD8 Memory T,CLEC2B,KLRB1,0.0241286577982439,0,47,116
NBM2,Chen2023,Healthy,cellchat,HSC MPP,CD8 Memory T,CLEC2B,KLRB1,0.0352845535079436,0,144,116
NBM2,Chen2023,Healthy,cellchat,Late GMP,CD8 Memory T,CLEC2B,KLRB1,0.00726214591884215,0,32,116
NBM2,Chen2023,Healthy,cellchat,LMPP,CD8 Memory T,CLEC2B,KLRB1,0.0443177152769589,0,34,116
NBM2,Chen2023,Healthy,cellchat,MEP,CD8 Memory T,CLEC2B,KLRB1,0.0255027509546518,0,16,116
NBM2,Chen2023,Healthy,cellchat,Monocyte,CD8 Memory T,CLEC2B,KLRB1,0.0116469140904716,0,404,116
NBM2,Chen2023,Healthy,cellchat,Naive T,CD8 Memory T,CLEC2B,KLRB1,0.0458540552249258,0,818,116
NBM2,Chen2023,Healthy,cellchat,NK,CD8 Memory T,CLEC2B,KLRB1,0.0808811725236004,0,55,116
NBM2,Chen2023,Healthy,cellchat,pDC,CD8 Memory T,CLEC2B,KLRB1,0.0239104524714736,0,31,116
NBM2,Chen2023,Healthy,cellchat,Pro-B,CD8 Memory T,CLEC2B,KLRB1,0.0404571916384897,0,21,116
NBM2,Chen2023,Healthy,cellchat,B,NK,CLEC2B,KLRB1,0.0297494729415298,0,170,55
NBM2,Chen2023,Healthy,cellchat,CD4 Memory T,NK,CLEC2B,KLRB1,0.0852581492067417,0,197,55
NBM2,Chen2023,Healthy,cellchat,CD8 Memory T,NK,CLEC2B,KLRB1,0.146908393810795,0,116,55
NBM2,Chen2023,Healthy,cellchat,cDC,NK,CLEC2B,KLRB1,0.0578101042139402,0,32,55
NBM2,Chen2023,Healthy,cellchat,Cycling Progenitor,NK,CLEC2B,KLRB1,0.0664196261493035,0,14,55
NBM2,Chen2023,Healthy,cellchat,Early GMP,NK,CLEC2B,KLRB1,0.0453657010302812,0,47,55
NBM2,Chen2023,Healthy,cellchat,HSC MPP,NK,CLEC2B,KLRB1,0.0656797015739776,0,144,55
NBM2,Chen2023,Healthy,cellchat,Late GMP,NK,CLEC2B,KLRB1,0.0138649017934284,0,32,55
NBM2,Chen2023,Healthy,cellchat,LMPP,NK,CLEC2B,KLRB1,0.0818342157348584,0,34,55
NBM2,Chen2023,Healthy,cellchat,MEP,NK,CLEC2B,KLRB1,0.0478898629496203,0,16,55
NBM2,Chen2023,Healthy,cellchat,Monocyte,NK,CLEC2B,KLRB1,0.0221473694611439,0,404,55
NBM2,Chen2023,Healthy,cellchat,Naive T,NK,CLEC2B,KLRB1,0.0845560509862048,0,818,55
NBM2,Chen2023,Healthy,cellchat,NK,NK,CLEC2B,KLRB1,0.144664584325517,0,55,55
NBM2,Chen2023,Healthy,cellchat,pDC,NK,CLEC2B,KLRB1,0.0449642895775577,0,31,55
NBM2,Chen2023,Healthy,cellchat,Pro-B,NK,CLEC2B,KLRB1,0.0749619647353765,0,21,55
NBM2,Chen2023,Healthy,cellchat,B,CD4 Memory T,CD69,KLRB1,0.0277675390242829,0,170,197
NBM2,Chen2023,Healthy,cellchat,CD4 Memory T,CD4 Memory T,CD69,KLRB1,0.0260679006896035,0,197,197
NBM2,Chen2023,Healthy,cellchat,CD8 Memory T,CD4 Memory T,CD69,KLRB1,0.0210457268860835,0,116,197
NBM2,Chen2023,Healthy,cellchat,Cycling Progenitor,CD4 Memory T,CD69,KLRB1,0.011128093495524,0,14,197
NBM2,Chen2023,Healthy,cellchat,Early GMP,CD4 Memory T,CD69,KLRB1,0.00936258433923482,0,47,197
NBM2,Chen2023,Healthy,cellchat,HSC MPP,CD4 Memory T,CD69,KLRB1,0.00400602519220347,0,144,197
NBM2,Chen2023,Healthy,cellchat,Late GMP,CD4 Memory T,CD69,KLRB1,0.00193068789564988,0,32,197
NBM2,Chen2023,Healthy,cellchat,LMPP,CD4 Memory T,CD69,KLRB1,0.0138252554044621,0,34,197
NBM2,Chen2023,Healthy,cellchat,MEP,CD4 Memory T,CD69,KLRB1,0.0191782421150055,0,16,197
NBM2,Chen2023,Healthy,cellchat,Naive T,CD4 Memory T,CD69,KLRB1,0.0189622032874027,0,818,197
NBM2,Chen2023,Healthy,cellchat,NK,CD4 Memory T,CD69,KLRB1,0.0162621064990135,0,55,197
NBM2,Chen2023,Healthy,cellchat,pDC,CD4 Memory T,CD69,KLRB1,0.000631492425660209,0,31,197
NBM2,Chen2023,Healthy,cellchat,Pro-B,CD4 Memory T,CD69,KLRB1,0.0110533239195235,0,21,197
NBM2,Chen2023,Healthy,cellchat,B,CD8 Memory T,CD69,KLRB1,0.104807462134171,0,170,116
NBM2,Chen2023,Healthy,cellchat,CD4 Memory T,CD8 Memory T,CD69,KLRB1,0.0988717991676687,0,197,116
NBM2,Chen2023,Healthy,cellchat,CD8 Memory T,CD8 Memory T,CD69,KLRB1,0.0809898011548719,0,116,116
NBM2,Chen2023,Healthy,cellchat,Cycling Progenitor,CD8 Memory T,CD69,KLRB1,0.044096416166376,0,14,116
NBM2,Chen2023,Healthy,cellchat,Early GMP,CD8 Memory T,CD69,KLRB1,0.0372976546741105,0,47,116
NBM2,Chen2023,Healthy,cellchat,HSC MPP,CD8 Memory T,CD69,KLRB1,0.0162204622984915,0,144,116
NBM2,Chen2023,Healthy,cellchat,Late GMP,CD8 Memory T,CD69,KLRB1,0.00786737012797455,0,32,116
NBM2,Chen2023,Healthy,cellchat,LMPP,CD8 Memory T,CD69,KLRB1,0.0543451058787251,0,34,116
NBM2,Chen2023,Healthy,cellchat,MEP,CD8 Memory T,CD69,KLRB1,0.0742063991623987,0,16,116
NBM2,Chen2023,Healthy,cellchat,Naive T,CD8 Memory T,CD69,KLRB1,0.0734168793778462,0,818,116
NBM2,Chen2023,Healthy,cellchat,NK,CD8 Memory T,CD69,KLRB1,0.063464398650081,0,55,116
NBM2,Chen2023,Healthy,cellchat,pDC,CD8 Memory T,CD69,KLRB1,0.00258361301215614,0,31,116
NBM2,Chen2023,Healthy,cellchat,Pro-B,CD8 Memory T,CD69,KLRB1,0.0438099464003401,0,21,116
NBM2,Chen2023,Healthy,cellchat,B,NK,CD69,KLRB1,0.18368839341479,0,170,55
NBM2,Chen2023,Healthy,cellchat,CD4 Memory T,NK,CD69,KLRB1,0.174154484959002,0,197,55
NBM2,Chen2023,Healthy,cellchat,CD8 Memory T,NK,CD69,KLRB1,0.144845378073736,0,116,55
NBM2,Chen2023,Healthy,cellchat,Cycling Progenitor,NK,CD69,KLRB1,0.0814415437298703,0,14,55
NBM2,Chen2023,Healthy,cellchat,Early GMP,NK,CD69,KLRB1,0.0693023711403494,0,47,55
NBM2,Chen2023,Healthy,cellchat,HSC MPP,NK,CD69,KLRB1,0.0307161247964545,0,144,55
NBM2,Chen2023,Healthy,cellchat,Late GMP,NK,CD69,KLRB1,0.0150120757826395,0,32,55
NBM2,Chen2023,Healthy,cellchat,LMPP,NK,CD69,KLRB1,0.0994666638254301,0,34,55
NBM2,Chen2023,Healthy,cellchat,MEP,NK,CD69,KLRB1,0.133490538618028,0,16,55
NBM2,Chen2023,Healthy,cellchat,Naive T,NK,CD69,KLRB1,0.132160306988249,0,818,55
NBM2,Chen2023,Healthy,cellchat,NK,NK,CD69,KLRB1,0.115234858878111,0,55,55
NBM2,Chen2023,Healthy,cellchat,pDC,NK,CD69,KLRB1,0.00495386507509623,0,31,55
NBM2,Chen2023,Healthy,cellchat,Pro-B,NK,CD69,KLRB1,0.0809330045192576,0,21,55
NBM2,Chen2023,Healthy,cellchat,cDC,cDC,ICAM1,ITGAX_ITGB2,0.0159228627557978,0,32,32
NBM2,Chen2023,Healthy,cellchat,Monocyte,cDC,ICAM1,ITGAX_ITGB2,0.0341539539841072,0,404,32
NBM2,Chen2023,Healthy,cellchat,Plasma Cell,cDC,ICAM1,ITGAX_ITGB2,0.00286311487477196,0,317,32
NBM2,Chen2023,Healthy,cellchat,cDC,Monocyte,ICAM1,ITGAX_ITGB2,0.0227273537157973,0,32,404
NBM2,Chen2023,Healthy,cellchat,Monocyte,Monocyte,ICAM1,ITGAX_ITGB2,0.0483664217640483,0,404,404
NBM2,Chen2023,Healthy,cellchat,Plasma Cell,Monocyte,ICAM1,ITGAX_ITGB2,0.00410994966917879,0,317,404
NBM2,Chen2023,Healthy,cellchat,cDC,Pro-Monocyte,ICAM1,ITGAX_ITGB2,0.00904637000385117,0,32,62
NBM2,Chen2023,Healthy,cellchat,Monocyte,Pro-Monocyte,ICAM1,ITGAX_ITGB2,0.0195606295979145,0,404,62
NBM2,Chen2023,Healthy,cellchat,Plasma Cell,Pro-Monocyte,ICAM1,ITGAX_ITGB2,0.00161737233907645,0,317,62
NBM2,Chen2023,Healthy,cellchat,cDC,CD8 Memory T,ICAM1,ITGAL_ITGB2,0.0112812594246066,0,32,116
NBM2,Chen2023,Healthy,cellchat,Monocyte,CD8 Memory T,ICAM1,ITGAL_ITGB2,0.024329275011331,0,404,116
NBM2,Chen2023,Healthy,cellchat,Plasma Cell,CD8 Memory T,ICAM1,ITGAL_ITGB2,0.00202068372114955,0,317,116
NBM2,Chen2023,Healthy,cellchat,cDC,cDC,ICAM1,ITGAL_ITGB2,0.0074277472231973,0,32,32
NBM2,Chen2023,Healthy,cellchat,Monocyte,cDC,ICAM1,ITGAL_ITGB2,0.016091290058727,0,404,32
NBM2,Chen2023,Healthy,cellchat,Plasma Cell,cDC,ICAM1,ITGAL_ITGB2,0.00132620487975781,0,317,32
NBM2,Chen2023,Healthy,cellchat,cDC,Monocyte,ICAM1,ITGAL_ITGB2,0.0108483847918429,0,32,404
NBM2,Chen2023,Healthy,cellchat,Monocyte,Monocyte,ICAM1,ITGAL_ITGB2,0.023407586447168,0,404,404
NBM2,Chen2023,Healthy,cellchat,Plasma Cell,Monocyte,ICAM1,ITGAL_ITGB2,0.00194244970733606,0,317,404
NBM2,Chen2023,Healthy,cellchat,cDC,NK,ICAM1,ITGAL_ITGB2,0.0144497970230614,0,32,55
NBM2,Chen2023,Healthy,cellchat,Monocyte,NK,ICAM1,ITGAL_ITGB2,0.0310474944382462,0,404,55
NBM2,Chen2023,Healthy,cellchat,Plasma Cell,NK,ICAM1,ITGAL_ITGB2,0.00259505456579919,0,317,55
NBM2,Chen2023,Healthy,cellchat,cDC,pDC,ICAM1,ITGAL_ITGB2,0.00480861065217008,0,32,31
NBM2,Chen2023,Healthy,cellchat,Monocyte,pDC,ICAM1,ITGAL_ITGB2,0.0104494173746639,0,404,31
NBM2,Chen2023,Healthy,cellchat,Plasma Cell,pDC,ICAM1,ITGAL_ITGB2,0.000856707883749468,0,317,31
NBM2,Chen2023,Healthy,cellchat,Cycling Progenitor,CD8 Memory T,ICAM2,ITGAL_ITGB2,0.00277280582246581,0,14,116
NBM2,Chen2023,Healthy,cellchat,Early GMP,CD8 Memory T,ICAM2,ITGAL_ITGB2,0.00359160410951704,0,47,116
NBM2,Chen2023,Healthy,cellchat,Late GMP,CD8 Memory T,ICAM2,ITGAL_ITGB2,0.000669710806333143,0.01,32,116
NBM2,Chen2023,Healthy,cellchat,Plasma Cell,CD8 Memory T,ICAM2,ITGAL_ITGB2,0.00388466962408319,0,317,116
NBM2,Chen2023,Healthy,cellchat,Cycling Progenitor,cDC,ICAM2,ITGAL_ITGB2,0.00182030532753723,0,14,32
NBM2,Chen2023,Healthy,cellchat,Early GMP,cDC,ICAM2,ITGAL_ITGB2,0.0023584993091481,0,47,32
NBM2,Chen2023,Healthy,cellchat,Late GMP,cDC,ICAM2,ITGAL_ITGB2,0.000439336794768205,0.02,32,32
NBM2,Chen2023,Healthy,cellchat,Plasma Cell,cDC,ICAM2,ITGAL_ITGB2,0.00255120431539115,0,317,32
NBM2,Chen2023,Healthy,cellchat,Cycling Progenitor,Monocyte,ICAM2,ITGAL_ITGB2,0.00266552997057939,0,14,404
NBM2,Chen2023,Healthy,cellchat,Early GMP,Monocyte,ICAM2,ITGAL_ITGB2,0.00345275981575274,0,47,404
NBM2,Chen2023,Healthy,cellchat,Late GMP,Monocyte,ICAM2,ITGAL_ITGB2,0.000643748137985656,0,32,404
NBM2,Chen2023,Healthy,cellchat,Plasma Cell,Monocyte,ICAM2,ITGAL_ITGB2,0.00373453846092268,0,317,404
NBM2,Chen2023,Healthy,cellchat,Cycling Progenitor,NK,ICAM2,ITGAL_ITGB2,0.00356020154161781,0,14,55
NBM2,Chen2023,Healthy,cellchat,Early GMP,NK,ICAM2,ITGAL_ITGB2,0.00461043960759008,0,47,55
NBM2,Chen2023,Healthy,cellchat,Late GMP,NK,ICAM2,ITGAL_ITGB2,0.00086040435633547,0,32,55
NBM2,Chen2023,Healthy,cellchat,Plasma Cell,NK,ICAM2,ITGAL_ITGB2,0.00498622341729045,0,317,55
NBM2,Chen2023,Healthy,cellchat,Cycling Progenitor,pDC,ICAM2,ITGAL_ITGB2,0.00117609514188984,0.01,14,31
NBM2,Chen2023,Healthy,cellchat,Early GMP,pDC,ICAM2,ITGAL_ITGB2,0.00152411187629652,0,47,31
NBM2,Chen2023,Healthy,cellchat,Late GMP,pDC,ICAM2,ITGAL_ITGB2,0.0002837155936656,0.02,32,31
NBM2,Chen2023,Healthy,cellchat,Plasma Cell,pDC,ICAM2,ITGAL_ITGB2,0.0016487545753717,0,317,31
NBM2,Chen2023,Healthy,cellchat,cDC,Monocyte,ICAM1,ITGAM_ITGB2,0.0131751080021567,0,32,404
NBM2,Chen2023,Healthy,cellchat,Monocyte,Monocyte,ICAM1,ITGAM_ITGB2,0.0283507581640606,0,404,404
NBM2,Chen2023,Healthy,cellchat,Plasma Cell,Monocyte,ICAM1,ITGAM_ITGB2,0.00236362375697355,0,317,404
NBM2,Chen2023,Healthy,cellchat,cDC,NK,ICAM1,ITGAM_ITGB2,0.0141982564341841,0,32,55
NBM2,Chen2023,Healthy,cellchat,Monocyte,NK,ICAM1,ITGAM_ITGB2,0.0305159691121377,0,404,55
NBM2,Chen2023,Healthy,cellchat,Plasma Cell,NK,ICAM1,ITGAM_ITGB2,0.00254934630905242,0,317,55
NBM2,Chen2023,Healthy,cellchat,Cycling Progenitor,Monocyte,ICAM2,ITGAM_ITGB2,0.00324297735614787,0,14,404
NBM2,Chen2023,Healthy,cellchat,Early GMP,Monocyte,ICAM2,ITGAM_ITGB2,0.00420003063312412,0,47,404
NBM2,Chen2023,Healthy,cellchat,Late GMP,Monocyte,ICAM2,ITGAM_ITGB2,0.00078355069215756,0,32,404
NBM2,Chen2023,Healthy,cellchat,Plasma Cell,Monocyte,ICAM2,ITGAM_ITGB2,0.00454251583219082,0,317,404
NBM2,Chen2023,Healthy,cellchat,Cycling Progenitor,NK,ICAM2,ITGAM_ITGB2,0.00349755318284244,0,14,55
NBM2,Chen2023,Healthy,cellchat,Early GMP,NK,ICAM2,ITGAM_ITGB2,0.00452939436566775,0,47,55
NBM2,Chen2023,Healthy,cellchat,Late GMP,NK,ICAM2,ITGAM_ITGB2,0.000845223645277642,0,32,55
NBM2,Chen2023,Healthy,cellchat,Plasma Cell,NK,ICAM2,ITGAM_ITGB2,0.00489860491730154,0,317,55
NBM2,Chen2023,Healthy,cellchat,cDC,CD8 Memory T,ICAM1,ITGAL,0.00486671734113089,0,32,116
NBM2,Chen2023,Healthy,cellchat,Monocyte,CD8 Memory T,ICAM1,ITGAL,0.0105749626101418,0,404,116
NBM2,Chen2023,Healthy,cellchat,Plasma Cell,CD8 Memory T,ICAM1,ITGAL,0.000867101849606776,0,317,116
NBM2,Chen2023,Healthy,cellchat,cDC,cDC,ICAM1,ITGAL,0.00190710075860943,0,32,32
NBM2,Chen2023,Healthy,cellchat,Monocyte,cDC,ICAM1,ITGAL,0.0041584738825726,0,404,32
NBM2,Chen2023,Healthy,cellchat,Plasma Cell,cDC,ICAM1,ITGAL,0.000338959196860677,0,317,32
NBM2,Chen2023,Healthy,cellchat,cDC,Monocyte,ICAM1,ITGAL,0.00332647461842897,0,32,404
NBM2,Chen2023,Healthy,cellchat,Monocyte,Monocyte,ICAM1,ITGAL,0.00724129215784738,0,404,404
NBM2,Chen2023,Healthy,cellchat,Plasma Cell,Monocyte,ICAM1,ITGAL,0.000591924244155399,0,317,404
NBM2,Chen2023,Healthy,cellchat,cDC,NK,ICAM1,ITGAL,0.00544469608034517,0,32,55
NBM2,Chen2023,Healthy,cellchat,Monocyte,NK,ICAM1,ITGAL,0.0118228071097526,0,404,55
NBM2,Chen2023,Healthy,cellchat,Plasma Cell,NK,ICAM1,ITGAL,0.000970543444647389,0,317,55
NBM2,Chen2023,Healthy,cellchat,cDC,pDC,ICAM1,ITGAL,0.00197127517561545,0.01,32,31
NBM2,Chen2023,Healthy,cellchat,Monocyte,pDC,ICAM1,ITGAL,0.0042980813260221,0,404,31
NBM2,Chen2023,Healthy,cellchat,Plasma Cell,pDC,ICAM1,ITGAL,0.000350383783026227,0,317,31
NBM2,Chen2023,Healthy,cellchat,cDC,CD8 Memory T,ICAM1,SPN,0.00431092589961399,0,32,116
NBM2,Chen2023,Healthy,cellchat,Monocyte,CD8 Memory T,ICAM1,SPN,0.00937341548334235,0,404,116
NBM2,Chen2023,Healthy,cellchat,Plasma Cell,CD8 Memory T,ICAM1,SPN,0.000767724237669003,0,317,116
NBM2,Chen2023,Healthy,cellchat,cDC,cDC,ICAM1,SPN,0.00449572064830275,0,32,32
NBM2,Chen2023,Healthy,cellchat,Monocyte,cDC,ICAM1,SPN,0.00977309190461298,0,404,32
NBM2,Chen2023,Healthy,cellchat,Plasma Cell,cDC,ICAM1,SPN,0.000800756117140142,0,317,32
NBM2,Chen2023,Healthy,cellchat,cDC,Cycling Progenitor,ICAM1,SPN,0.0111896930067433,0,32,14
NBM2,Chen2023,Healthy,cellchat,Monocyte,Cycling Progenitor,ICAM1,SPN,0.0241343871292894,0,404,14
NBM2,Chen2023,Healthy,cellchat,Plasma Cell,Cycling Progenitor,ICAM1,SPN,0.00200413011034085,0,317,14
NBM2,Chen2023,Healthy,cellchat,cDC,Early GMP,ICAM1,SPN,0.0124575347025091,0,32,47
NBM2,Chen2023,Healthy,cellchat,Monocyte,Early GMP,ICAM1,SPN,0.0268291245720863,0,404,47
NBM2,Chen2023,Healthy,cellchat,Plasma Cell,Early GMP,ICAM1,SPN,0.00223355782820396,0,317,47
NBM2,Chen2023,Healthy,cellchat,cDC,HSC MPP,ICAM1,SPN,0.00820500887980345,0,32,144
NBM2,Chen2023,Healthy,cellchat,Monocyte,HSC MPP,ICAM1,SPN,0.0177589103804332,0,404,144
NBM2,Chen2023,Healthy,cellchat,Plasma Cell,HSC MPP,ICAM1,SPN,0.00146592589367456,0,317,144
NBM2,Chen2023,Healthy,cellchat,cDC,Late GMP,ICAM1,SPN,0.0175975963044279,0,32,32
NBM2,Chen2023,Healthy,cellchat,Monocyte,Late GMP,ICAM1,SPN,0.0376727890181076,0,404,32
NBM2,Chen2023,Healthy,cellchat,Plasma Cell,Late GMP,ICAM1,SPN,0.00316867424251792,0,317,32
NBM2,Chen2023,Healthy,cellchat,cDC,LMPP,ICAM1,SPN,0.00951709090151024,0,32,34
NBM2,Chen2023,Healthy,cellchat,Monocyte,LMPP,ICAM1,SPN,0.0205670968886568,0,404,34
NBM2,Chen2023,Healthy,cellchat,Plasma Cell,LMPP,ICAM1,SPN,0.00170219507451948,0,317,34
NBM2,Chen2023,Healthy,cellchat,cDC,MEP,ICAM1,SPN,0.0116051129115301,0,32,16
NBM2,Chen2023,Healthy,cellchat,Monocyte,MEP,ICAM1,SPN,0.0250182225726635,0,404,16
NBM2,Chen2023,Healthy,cellchat,Plasma Cell,MEP,ICAM1,SPN,0.00207925097977127,0,317,16
NBM2,Chen2023,Healthy,cellchat,cDC,NK,ICAM1,SPN,0.0148825427396879,0,32,55
NBM2,Chen2023,Healthy,cellchat,Monocyte,NK,ICAM1,SPN,0.0319611917398192,0,404,55
NBM2,Chen2023,Healthy,cellchat,Plasma Cell,NK,ICAM1,SPN,0.00267373500339289,0,317,55
NBM2,Chen2023,Healthy,cellchat,cDC,pDC,ICAM1,SPN,0.00534429771275052,0,32,31
NBM2,Chen2023,Healthy,cellchat,Monocyte,pDC,ICAM1,SPN,0.0116061709934213,0,404,31
NBM2,Chen2023,Healthy,cellchat,Plasma Cell,pDC,ICAM1,SPN,0.000952567930529021,0,317,31
NBM2,Chen2023,Healthy,cellchat,cDC,Pro-Monocyte,ICAM1,SPN,0.00469674663338222,0,32,62
NBM2,Chen2023,Healthy,cellchat,Monocyte,Pro-Monocyte,ICAM1,SPN,0.0102076756937133,0,404,62
NBM2,Chen2023,Healthy,cellchat,Plasma Cell,Pro-Monocyte,ICAM1,SPN,0.000836700761924389,0,317,62
NBM2,Chen2023,Healthy,cellchat,Cycling Progenitor,Cycling Progenitor,JAM2,ITGAV_ITGB1,0.000543578476725453,0,14,14
NBM2,Chen2023,Healthy,cellchat,Cycling Progenitor,MEP,JAM2,ITGAV_ITGB1,0.000493439153723888,0,14,16
NBM2,Chen2023,Healthy,cellchat,Cycling Progenitor,Cycling Progenitor,JAM2,JAM2,0.000265907163925047,0,14,14
NBM2,Chen2023,Healthy,cellchat,CD4 Memory T,CD8 Memory T,LCK,CD8 receptor,0.015038559058496,0,197,116
NBM2,Chen2023,Healthy,cellchat,CD8 Memory T,CD8 Memory T,LCK,CD8 receptor,0.0171844220269643,0,116,116
NBM2,Chen2023,Healthy,cellchat,Naive T,CD8 Memory T,LCK,CD8 receptor,0.0160827782794463,0,818,116
NBM2,Chen2023,Healthy,cellchat,NK,CD8 Memory T,LCK,CD8 receptor,0.0175889033040221,0,55,116
NBM2,Chen2023,Healthy,cellchat,B,CD8 Memory T,HLA-A,CD8A,0.0366122181783771,0,170,116
NBM2,Chen2023,Healthy,cellchat,CD4 Memory T,CD8 Memory T,HLA-A,CD8A,0.0435375235060519,0,197,116
NBM2,Chen2023,Healthy,cellchat,CD8 Memory T,CD8 Memory T,HLA-A,CD8A,0.0497587704418167,0,116,116
NBM2,Chen2023,Healthy,cellchat,cDC,CD8 Memory T,HLA-A,CD8A,0.034151594834222,0,32,116
NBM2,Chen2023,Healthy,cellchat,Cycling Progenitor,CD8 Memory T,HLA-A,CD8A,0.0279541476067163,0,14,116
NBM2,Chen2023,Healthy,cellchat,Early GMP,CD8 Memory T,HLA-A,CD8A,0.0302788867114565,0,47,116
NBM2,Chen2023,Healthy,cellchat,HSC MPP,CD8 Memory T,HLA-A,CD8A,0.0256786609236557,0,144,116
NBM2,Chen2023,Healthy,cellchat,Late GMP,CD8 Memory T,HLA-A,CD8A,0.0360572123915047,0,32,116
NBM2,Chen2023,Healthy,cellchat,LMPP,CD8 Memory T,HLA-A,CD8A,0.0274552707617694,0,34,116
NBM2,Chen2023,Healthy,cellchat,MEP,CD8 Memory T,HLA-A,CD8A,0.0203968346836693,0,16,116
NBM2,Chen2023,Healthy,cellchat,Monocyte,CD8 Memory T,HLA-A,CD8A,0.0433191563314558,0,404,116
NBM2,Chen2023,Healthy,cellchat,Naive T,CD8 Memory T,HLA-A,CD8A,0.0365306923864241,0,818,116
NBM2,Chen2023,Healthy,cellchat,NK,CD8 Memory T,HLA-A,CD8A,0.0542104552918273,0,55,116
NBM2,Chen2023,Healthy,cellchat,pDC,CD8 Memory T,HLA-A,CD8A,0.0315849581626922,0,31,116
NBM2,Chen2023,Healthy,cellchat,Plasma Cell,CD8 Memory T,HLA-A,CD8A,0.0140000235773037,0,317,116
NBM2,Chen2023,Healthy,cellchat,Pro-B,CD8 Memory T,HLA-A,CD8A,0.0379967517088458,0,21,116
NBM2,Chen2023,Healthy,cellchat,Pro-Monocyte,CD8 Memory T,HLA-A,CD8A,0.0401768540857838,0,62,116
NBM2,Chen2023,Healthy,cellchat,B,CD8 Memory T,HLA-B,CD8A,0.0568191594954417,0,170,116
NBM2,Chen2023,Healthy,cellchat,CD4 Memory T,CD8 Memory T,HLA-B,CD8A,0.0594418324416854,0,197,116
NBM2,Chen2023,Healthy,cellchat,CD8 Memory T,CD8 Memory T,HLA-B,CD8A,0.0667469519772727,0,116,116
NBM2,Chen2023,Healthy,cellchat,cDC,CD8 Memory T,HLA-B,CD8A,0.0502222488867747,0,32,116
NBM2,Chen2023,Healthy,cellchat,Cycling Progenitor,CD8 Memory T,HLA-B,CD8A,0.0361361898570792,0,14,116
NBM2,Chen2023,Healthy,cellchat,Early GMP,CD8 Memory T,HLA-B,CD8A,0.0369609780932252,0,47,116
NBM2,Chen2023,Healthy,cellchat,HSC MPP,CD8 Memory T,HLA-B,CD8A,0.0366356196613616,0,144,116
NBM2,Chen2023,Healthy,cellchat,Late GMP,CD8 Memory T,HLA-B,CD8A,0.0377454327828581,0,32,116
NBM2,Chen2023,Healthy,cellchat,LMPP,CD8 Memory T,HLA-B,CD8A,0.0367145162017595,0,34,116
NBM2,Chen2023,Healthy,cellchat,MEP,CD8 Memory T,HLA-B,CD8A,0.0277994175185056,0,16,116
NBM2,Chen2023,Healthy,cellchat,Monocyte,CD8 Memory T,HLA-B,CD8A,0.0521848575930341,0,404,116
NBM2,Chen2023,Healthy,cellchat,Naive T,CD8 Memory T,HLA-B,CD8A,0.0559206877592674,0,818,116
NBM2,Chen2023,Healthy,cellchat,NK,CD8 Memory T,HLA-B,CD8A,0.0674718163964631,0,55,116
NBM2,Chen2023,Healthy,cellchat,pDC,CD8 Memory T,HLA-B,CD8A,0.0489551682679848,0,31,116
NBM2,Chen2023,Healthy,cellchat,Plasma Cell,CD8 Memory T,HLA-B,CD8A,0.0386382285176055,0,317,116
NBM2,Chen2023,Healthy,cellchat,Pro-B,CD8 Memory T,HLA-B,CD8A,0.058424341051359,0,21,116
NBM2,Chen2023,Healthy,cellchat,Pro-Monocyte,CD8 Memory T,HLA-B,CD8A,0.0471326755301148,0,62,116
NBM2,Chen2023,Healthy,cellchat,B,CD8 Memory T,HLA-C,CD8A,0.0477551521846309,0,170,116
NBM2,Chen2023,Healthy,cellchat,CD4 Memory T,CD8 Memory T,HLA-C,CD8A,0.049828475864874,0,197,116
NBM2,Chen2023,Healthy,cellchat,CD8 Memory T,CD8 Memory T,HLA-C,CD8A,0.0580906884553994,0,116,116
NBM2,Chen2023,Healthy,cellchat,cDC,CD8 Memory T,HLA-C,CD8A,0.0421356990380541,0,32,116
NBM2,Chen2023,Healthy,cellchat,Cycling Progenitor,CD8 Memory T,HLA-C,CD8A,0.0300840147857504,0,14,116
NBM2,Chen2023,Healthy,cellchat,Early GMP,CD8 Memory T,HLA-C,CD8A,0.0282464455337893,0,47,116
NBM2,Chen2023,Healthy,cellchat,HSC MPP,CD8 Memory T,HLA-C,CD8A,0.0269268741667732,0,144,116
NBM2,Chen2023,Healthy,cellchat,Late GMP,CD8 Memory T,HLA-C,CD8A,0.0225873751430986,0,32,116
NBM2,Chen2023,Healthy,cellchat,LMPP,CD8 Memory T,HLA-C,CD8A,0.0268709944840174,0,34,116
NBM2,Chen2023,Healthy,cellchat,MEP,CD8 Memory T,HLA-C,CD8A,0.0224998793699783,0,16,116
NBM2,Chen2023,Healthy,cellchat,Monocyte,CD8 Memory T,HLA-C,CD8A,0.0438377305209719,0,404,116
NBM2,Chen2023,Healthy,cellchat,Naive T,CD8 Memory T,HLA-C,CD8A,0.0452774138092943,0,818,116
NBM2,Chen2023,Healthy,cellchat,NK,CD8 Memory T,HLA-C,CD8A,0.0605028679493619,0,55,116
NBM2,Chen2023,Healthy,cellchat,pDC,CD8 Memory T,HLA-C,CD8A,0.0354328090111699,0,31,116
NBM2,Chen2023,Healthy,cellchat,Plasma Cell,CD8 Memory T,HLA-C,CD8A,0.0393628796452239,0,317,116
NBM2,Chen2023,Healthy,cellchat,Pro-B,CD8 Memory T,HLA-C,CD8A,0.0494260848821117,0,21,116
NBM2,Chen2023,Healthy,cellchat,Pro-Monocyte,CD8 Memory T,HLA-C,CD8A,0.0341779652299276,0,62,116
NBM2,Chen2023,Healthy,cellchat,B,CD8 Memory T,HLA-E,CD8A,0.0403806299887986,0,170,116
NBM2,Chen2023,Healthy,cellchat,CD4 Memory T,CD8 Memory T,HLA-E,CD8A,0.0461992095478369,0,197,116
NBM2,Chen2023,Healthy,cellchat,CD8 Memory T,CD8 Memory T,HLA-E,CD8A,0.0494022500403049,0,116,116
NBM2,Chen2023,Healthy,cellchat,cDC,CD8 Memory T,HLA-E,CD8A,0.025731763159133,0,32,116
NBM2,Chen2023,Healthy,cellchat,Cycling Progenitor,CD8 Memory T,HLA-E,CD8A,0.0183028075055407,0,14,116
NBM2,Chen2023,Healthy,cellchat,Early GMP,CD8 Memory T,HLA-E,CD8A,0.0184111805593226,0,47,116
NBM2,Chen2023,Healthy,cellchat,HSC MPP,CD8 Memory T,HLA-E,CD8A,0.0330928015772723,0,144,116
NBM2,Chen2023,Healthy,cellchat,Late GMP,CD8 Memory T,HLA-E,CD8A,0.0148082108245697,0,32,116
NBM2,Chen2023,Healthy,cellchat,LMPP,CD8 Memory T,HLA-E,CD8A,0.0270076850654276,0,34,116
NBM2,Chen2023,Healthy,cellchat,MEP,CD8 Memory T,HLA-E,CD8A,0.0224096253389206,0,16,116
NBM2,Chen2023,Healthy,cellchat,Monocyte,CD8 Memory T,HLA-E,CD8A,0.0337775880345129,0,404,116
NBM2,Chen2023,Healthy,cellchat,Naive T,CD8 Memory T,HLA-E,CD8A,0.0457372851201039,0,818,116
NBM2,Chen2023,Healthy,cellchat,NK,CD8 Memory T,HLA-E,CD8A,0.0515256671415915,0,55,116
NBM2,Chen2023,Healthy,cellchat,pDC,CD8 Memory T,HLA-E,CD8A,0.023182922816869,0,31,116
NBM2,Chen2023,Healthy,cellchat,Plasma Cell,CD8 Memory T,HLA-E,CD8A,0.0191540199809821,0,317,116
NBM2,Chen2023,Healthy,cellchat,Pro-B,CD8 Memory T,HLA-E,CD8A,0.0339700133384562,0,21,116
NBM2,Chen2023,Healthy,cellchat,Pro-Monocyte,CD8 Memory T,HLA-E,CD8A,0.0233627192535498,0,62,116
NBM2,Chen2023,Healthy,cellchat,B,CD8 Memory T,HLA-F,CD8A,0.00552421520816595,0,170,116
NBM2,Chen2023,Healthy,cellchat,CD4 Memory T,CD8 Memory T,HLA-F,CD8A,0.0150823143054495,0,197,116
NBM2,Chen2023,Healthy,cellchat,CD8 Memory T,CD8 Memory T,HLA-F,CD8A,0.0194800017685453,0,116,116
NBM2,Chen2023,Healthy,cellchat,cDC,CD8 Memory T,HLA-F,CD8A,0.00250225871058225,0,32,116
NBM2,Chen2023,Healthy,cellchat,Cycling Progenitor,CD8 Memory T,HLA-F,CD8A,0.000906443137487202,0,14,116
NBM2,Chen2023,Healthy,cellchat,Early GMP,CD8 Memory T,HLA-F,CD8A,0.00141098274454521,0,47,116
NBM2,Chen2023,Healthy,cellchat,Monocyte,CD8 Memory T,HLA-F,CD8A,0.00508982440603728,0,404,116
NBM2,Chen2023,Healthy,cellchat,Naive T,CD8 Memory T,HLA-F,CD8A,0.0150997271413221,0,818,116
NBM2,Chen2023,Healthy,cellchat,NK,CD8 Memory T,HLA-F,CD8A,0.0269120024838214,0,55,116
NBM2,Chen2023,Healthy,cellchat,Plasma Cell,CD8 Memory T,HLA-F,CD8A,0.00136410695432007,0,317,116
NBM2,Chen2023,Healthy,cellchat,Pro-B,CD8 Memory T,HLA-F,CD8A,0.00601150222380457,0,21,116
NBM2,Chen2023,Healthy,cellchat,B,CD8 Memory T,HLA-A,CD8B,0.0316151024099617,0,170,116
NBM2,Chen2023,Healthy,cellchat,CD4 Memory T,CD8 Memory T,HLA-A,CD8B,0.0376321114449778,0,197,116
NBM2,Chen2023,Healthy,cellchat,CD8 Memory T,CD8 Memory T,HLA-A,CD8B,0.0430474899911149,0,116,116
NBM2,Chen2023,Healthy,cellchat,cDC,CD8 Memory T,HLA-A,CD8B,0.029480046792769,0,32,116
NBM2,Chen2023,Healthy,cellchat,Cycling Progenitor,CD8 Memory T,HLA-A,CD8B,0.0241091785528275,0,14,116
NBM2,Chen2023,Healthy,cellchat,Early GMP,CD8 Memory T,HLA-A,CD8B,0.0261227532639276,0,47,116
NBM2,Chen2023,Healthy,cellchat,HSC MPP,CD8 Memory T,HLA-A,CD8B,0.0221395463962091,0,144,116
NBM2,Chen2023,Healthy,cellchat,Late GMP,CD8 Memory T,HLA-A,CD8B,0.0311334000333836,0,32,116
NBM2,Chen2023,Healthy,cellchat,LMPP,CD8 Memory T,HLA-A,CD8B,0.0236772485903754,0,34,116
NBM2,Chen2023,Healthy,cellchat,MEP,CD8 Memory T,HLA-A,CD8B,0.0175725489886704,0,16,116
NBM2,Chen2023,Healthy,cellchat,Monocyte,CD8 Memory T,HLA-A,CD8B,0.037442204014729,0,404,116
NBM2,Chen2023,Healthy,cellchat,Naive T,CD8 Memory T,HLA-A,CD8B,0.0315443395405475,0,818,116
NBM2,Chen2023,Healthy,cellchat,NK,CD8 Memory T,HLA-A,CD8B,0.0469284004661335,0,55,116
NBM2,Chen2023,Healthy,cellchat,pDC,CD8 Memory T,HLA-A,CD8B,0.0272545896352876,0,31,116
NBM2,Chen2023,Healthy,cellchat,Plasma Cell,CD8 Memory T,HLA-A,CD8B,0.0120505882347486,0,317,116
NBM2,Chen2023,Healthy,cellchat,Pro-B,CD8 Memory T,HLA-A,CD8B,0.0328171013910438,0,21,116
NBM2,Chen2023,Healthy,cellchat,Pro-Monocyte,CD8 Memory T,HLA-A,CD8B,0.0347107390952918,0,62,116
NBM2,Chen2023,Healthy,cellchat,B,CD8 Memory T,HLA-B,CD8B,0.049204910114013,0,170,116
NBM2,Chen2023,Healthy,cellchat,CD4 Memory T,CD8 Memory T,HLA-B,CD8B,0.0514953114955821,0,197,116
NBM2,Chen2023,Healthy,cellchat,CD8 Memory T,CD8 Memory T,HLA-B,CD8B,0.057883942666094,0,116,116
NBM2,Chen2023,Healthy,cellchat,cDC,CD8 Memory T,HLA-B,CD8B,0.0434513146379868,0,32,116
NBM2,Chen2023,Healthy,cellchat,Cycling Progenitor,CD8 Memory T,HLA-B,CD8B,0.0312019417823698,0,14,116
NBM2,Chen2023,Healthy,cellchat,Early GMP,CD8 Memory T,HLA-B,CD8B,0.0319178379769055,0,47,116
NBM2,Chen2023,Healthy,cellchat,HSC MPP,CD8 Memory T,HLA-B,CD8B,0.0316354147634099,0,144,116
NBM2,Chen2023,Healthy,cellchat,Late GMP,CD8 Memory T,HLA-B,CD8B,0.032598880890634,0,32,116
NBM2,Chen2023,Healthy,cellchat,LMPP,CD8 Memory T,HLA-B,CD8B,0.03170389750196,0,34,116
NBM2,Chen2023,Healthy,cellchat,MEP,CD8 Memory T,HLA-B,CD8B,0.0239752059775279,0,16,116
NBM2,Chen2023,Healthy,cellchat,Monocyte,CD8 Memory T,HLA-B,CD8B,0.0451619072017826,0,404,116
NBM2,Chen2023,Healthy,cellchat,Naive T,CD8 Memory T,HLA-B,CD8B,0.0484206600173893,0,818,116
NBM2,Chen2023,Healthy,cellchat,NK,CD8 Memory T,HLA-B,CD8B,0.0585185911269266,0,55,116
NBM2,Chen2023,Healthy,cellchat,pDC,CD8 Memory T,HLA-B,CD8B,0.0423474444745847,0,31,116
NBM2,Chen2023,Healthy,cellchat,Plasma Cell,CD8 Memory T,HLA-B,CD8B,0.0333741668836571,0,317,116
NBM2,Chen2023,Healthy,cellchat,Pro-B,CD8 Memory T,HLA-B,CD8B,0.0506065253770538,0,21,116
NBM2,Chen2023,Healthy,cellchat,Pro-Monocyte,CD8 Memory T,HLA-B,CD8B,0.0407603998773849,0,62,116
NBM2,Chen2023,Healthy,cellchat,B,CD8 Memory T,HLA-C,CD8B,0.0413023663669625,0,170,116
NBM2,Chen2023,Healthy,cellchat,CD4 Memory T,CD8 Memory T,HLA-C,CD8B,0.04310822031171,0,197,116
NBM2,Chen2023,Healthy,cellchat,CD8 Memory T,CD8 Memory T,HLA-C,CD8B,0.0503151333715756,0,116,116
NBM2,Chen2023,Healthy,cellchat,cDC,CD8 Memory T,HLA-C,CD8B,0.03641319100782,0,32,116
NBM2,Chen2023,Healthy,cellchat,Cycling Progenitor,CD8 Memory T,HLA-C,CD8B,0.0259539138986649,0,14,116
NBM2,Chen2023,Healthy,cellchat,Early GMP,CD8 Memory T,HLA-C,CD8B,0.0243622798316954,0,47,116
NBM2,Chen2023,Healthy,cellchat,HSC MPP,CD8 Memory T,HLA-C,CD8B,0.0232198267778888,0,144,116
NBM2,Chen2023,Healthy,cellchat,Late GMP,CD8 Memory T,HLA-C,CD8B,0.0194657994342629,0,32,116
NBM2,Chen2023,Healthy,cellchat,LMPP,CD8 Memory T,HLA-C,CD8B,0.0231714569112151,0,34,116
NBM2,Chen2023,Healthy,cellchat,MEP,CD8 Memory T,HLA-C,CD8B,0.0193901556963041,0,16,116
NBM2,Chen2023,Healthy,cellchat,Monocyte,CD8 Memory T,HLA-C,CD8B,0.0378932117486985,0,404,116
NBM2,Chen2023,Healthy,cellchat,Naive T,CD8 Memory T,HLA-C,CD8B,0.0391456625517306,0,818,116
NBM2,Chen2023,Healthy,cellchat,NK,CD8 Memory T,HLA-C,CD8B,0.0524224075693743,0,55,116
NBM2,Chen2023,Healthy,cellchat,pDC,CD8 Memory T,HLA-C,CD8B,0.0305915564161222,0,31,116
NBM2,Chen2023,Healthy,cellchat,Plasma Cell,CD8 Memory T,HLA-C,CD8B,0.0340035837113697,0,317,116
NBM2,Chen2023,Healthy,cellchat,Pro-B,CD8 Memory T,HLA-C,CD8B,0.0427576567771467,0,21,116
NBM2,Chen2023,Healthy,cellchat,Pro-Monocyte,CD8 Memory T,HLA-C,CD8B,0.0295029202045949,0,62,116
NBM2,Chen2023,Healthy,cellchat,B,CD8 Memory T,HLA-E,CD8B,0.0348877987285246,0,170,116
NBM2,Chen2023,Healthy,cellchat,CD4 Memory T,CD8 Memory T,HLA-E,CD8B,0.0399478463379317,0,197,116
NBM2,Chen2023,Healthy,cellchat,CD8 Memory T,CD8 Memory T,HLA-E,CD8B,0.042736893088909,0,116,116
NBM2,Chen2023,Healthy,cellchat,cDC,CD8 Memory T,HLA-E,CD8B,0.0221854965618205,0,32,116
NBM2,Chen2023,Healthy,cellchat,Cycling Progenitor,CD8 Memory T,HLA-E,CD8B,0.0157638092429452,0,14,116
NBM2,Chen2023,Healthy,cellchat,Early GMP,CD8 Memory T,HLA-E,CD8B,0.0158573914324485,0,47,116
NBM2,Chen2023,Healthy,cellchat,HSC MPP,CD8 Memory T,HLA-E,CD8B,0.0285618014612542,0,144,116
NBM2,Chen2023,Healthy,cellchat,Late GMP,CD8 Memory T,HLA-E,CD8B,0.0127476942756142,0,32,116
NBM2,Chen2023,Healthy,cellchat,LMPP,CD8 Memory T,HLA-E,CD8B,0.0232897786422254,0,34,116
NBM2,Chen2023,Healthy,cellchat,MEP,CD8 Memory T,HLA-E,CD8B,0.0193121292905581,0,16,116
NBM2,Chen2023,Healthy,cellchat,Monocyte,CD8 Memory T,HLA-E,CD8B,0.029155655509889,0,404,116
NBM2,Chen2023,Healthy,cellchat,Naive T,CD8 Memory T,HLA-E,CD8B,0.0395458348682097,0,818,116
NBM2,Chen2023,Healthy,cellchat,NK,CD8 Memory T,HLA-E,CD8B,0.0445872562553356,0,55,116
NBM2,Chen2023,Healthy,cellchat,pDC,CD8 Memory T,HLA-E,CD8B,0.0199807249183771,0,31,116
NBM2,Chen2023,Healthy,cellchat,Plasma Cell,CD8 Memory T,HLA-E,CD8B,0.0164989245422264,0,317,116
NBM2,Chen2023,Healthy,cellchat,Pro-B,CD8 Memory T,HLA-E,CD8B,0.0293225494969513,0,21,116
NBM2,Chen2023,Healthy,cellchat,Pro-Monocyte,CD8 Memory T,HLA-E,CD8B,0.020136198479972,0,62,116
NBM2,Chen2023,Healthy,cellchat,B,CD8 Memory T,HLA-F,CD8B,0.0047493102535017,0,170,116
NBM2,Chen2023,Healthy,cellchat,CD4 Memory T,CD8 Memory T,HLA-F,CD8B,0.0129841597762463,0,197,116
NBM2,Chen2023,Healthy,cellchat,CD8 Memory T,CD8 Memory T,HLA-F,CD8B,0.016780492394355,0,116,116
NBM2,Chen2023,Healthy,cellchat,cDC,CD8 Memory T,HLA-F,CD8B,0.00215033973489858,0,32,116
NBM2,Chen2023,Healthy,cellchat,Cycling Progenitor,CD8 Memory T,HLA-F,CD8B,0.000778785273680095,0,14,116
NBM2,Chen2023,Healthy,cellchat,Early GMP,CD8 Memory T,HLA-F,CD8B,0.00121235485620733,0,47,116
NBM2,Chen2023,Healthy,cellchat,Monocyte,CD8 Memory T,HLA-F,CD8B,0.00437558517815544,0,404,116
NBM2,Chen2023,Healthy,cellchat,Naive T,CD8 Memory T,HLA-F,CD8B,0.0129991822213399,0,818,116
NBM2,Chen2023,Healthy,cellchat,NK,CD8 Memory T,HLA-F,CD8B,0.0232069536644492,0,55,116
NBM2,Chen2023,Healthy,cellchat,Plasma Cell,CD8 Memory T,HLA-F,CD8B,0.00117207015356709,0,317,116
NBM2,Chen2023,Healthy,cellchat,Pro-B,CD8 Memory T,HLA-F,CD8B,0.00516859872118389,0,21,116
NBM2,Chen2023,Healthy,cellchat,B,NK,HLA-E,KLRC1,0.0306066281734813,0,170,55
NBM2,Chen2023,Healthy,cellchat,CD4 Memory T,NK,HLA-E,KLRC1,0.0350683066190052,0,197,55
NBM2,Chen2023,Healthy,cellchat,CD8 Memory T,NK,HLA-E,KLRC1,0.0375299951419635,0,116,55
NBM2,Chen2023,Healthy,cellchat,cDC,NK,HLA-E,KLRC1,0.0194316741508494,0,32,55
NBM2,Chen2023,Healthy,cellchat,Cycling Progenitor,NK,HLA-E,KLRC1,0.0137958463111544,0,14,55
NBM2,Chen2023,Healthy,cellchat,Early GMP,NK,HLA-E,KLRC1,0.0138779103771525,0,47,55
NBM2,Chen2023,Healthy,cellchat,HSC MPP,NK,HLA-E,KLRC1,0.0250367720277002,0,144,55
NBM2,Chen2023,Healthy,cellchat,Late GMP,NK,HLA-E,KLRC1,0.0111519985004639,0,32,55
NBM2,Chen2023,Healthy,cellchat,LMPP,NK,HLA-E,KLRC1,0.0204017447909446,0,34,55
NBM2,Chen2023,Healthy,cellchat,MEP,NK,HLA-E,KLRC1,0.0169088021907601,0,16,55
NBM2,Chen2023,Healthy,cellchat,Monocyte,NK,HLA-E,KLRC1,0.0255592623940703,0,404,55
NBM2,Chen2023,Healthy,cellchat,Naive T,NK,HLA-E,KLRC1,0.0347136244132153,0,818,55
NBM2,Chen2023,Healthy,cellchat,NK,NK,HLA-E,KLRC1,0.0391641405945417,0,55,55
NBM2,Chen2023,Healthy,cellchat,pDC,NK,HLA-E,KLRC1,0.0174956778096486,0,31,55
NBM2,Chen2023,Healthy,cellchat,Plasma Cell,NK,HLA-E,KLRC1,0.0144405358627889,0,317,55
NBM2,Chen2023,Healthy,cellchat,Pro-B,NK,HLA-E,KLRC1,0.025706114856232,0,21,55
NBM2,Chen2023,Healthy,cellchat,Pro-Monocyte,NK,HLA-E,KLRC1,0.0176321626764606,0,62,55
NBM2,Chen2023,Healthy,cellchat,B,Monocyte,HLA-F,LILRB1,0.00310681524672202,0,170,404
NBM2,Chen2023,Healthy,cellchat,CD4 Memory T,Monocyte,HLA-F,LILRB1,0.00851811033455701,0,197,404
NBM2,Chen2023,Healthy,cellchat,CD8 Memory T,Monocyte,HLA-F,LILRB1,0.011023234570143,0,116,404
NBM2,Chen2023,Healthy,cellchat,cDC,Monocyte,HLA-F,LILRB1,0.00140539992613759,0,32,404
NBM2,Chen2023,Healthy,cellchat,Cycling Progenitor,Monocyte,HLA-F,LILRB1,0.000508749304143041,0,14,404
NBM2,Chen2023,Healthy,cellchat,Early GMP,Monocyte,HLA-F,LILRB1,0.000792102164011316,0,47,404
NBM2,Chen2023,Healthy,cellchat,Monocyte,Monocyte,HLA-F,LILRB1,0.00286196707344264,0,404,404
NBM2,Chen2023,Healthy,cellchat,Naive T,Monocyte,HLA-F,LILRB1,0.00852801028389945,0,818,404
NBM2,Chen2023,Healthy,cellchat,NK,Monocyte,HLA-F,LILRB1,0.0152790897800846,0,55,404
NBM2,Chen2023,Healthy,cellchat,Plasma Cell,Monocyte,HLA-F,LILRB1,0.000765771110831658,0,317,404
NBM2,Chen2023,Healthy,cellchat,Pro-B,Monocyte,HLA-F,LILRB1,0.00338159025162853,0,21,404
NBM2,Chen2023,Healthy,cellchat,B,NK,HLA-E,CD94:NKG2A,0.0780892158747765,0,170,55
NBM2,Chen2023,Healthy,cellchat,CD4 Memory T,NK,HLA-E,CD94:NKG2A,0.0888383309455459,0,197,55
NBM2,Chen2023,Healthy,cellchat,CD8 Memory T,NK,HLA-E,CD94:NKG2A,0.0947040608968088,0,116,55
NBM2,Chen2023,Healthy,cellchat,cDC,NK,HLA-E,CD94:NKG2A,0.0504804253893363,0,32,55
NBM2,Chen2023,Healthy,cellchat,Cycling Progenitor,NK,HLA-E,CD94:NKG2A,0.0361716196497841,0,14,55
NBM2,Chen2023,Healthy,cellchat,Early GMP,NK,HLA-E,CD94:NKG2A,0.0363818749303026,0,47,55
NBM2,Chen2023,Healthy,cellchat,HSC MPP,NK,HLA-E,CD94:NKG2A,0.0644529025111553,0,144,55
NBM2,Chen2023,Healthy,cellchat,Late GMP,NK,HLA-E,CD94:NKG2A,0.0293673515843128,0,32,55
NBM2,Chen2023,Healthy,cellchat,LMPP,NK,HLA-E,CD94:NKG2A,0.0529168683350431,0,34,55
NBM2,Chen2023,Healthy,cellchat,MEP,NK,HLA-E,CD94:NKG2A,0.0441077303145319,0,16,55
NBM2,Chen2023,Healthy,cellchat,Monocyte,NK,HLA-E,CD94:NKG2A,0.0657424982639473,0,404,55
NBM2,Chen2023,Healthy,cellchat,Naive T,NK,HLA-E,CD94:NKG2A,0.0879894071593388,0,818,55
NBM2,Chen2023,Healthy,cellchat,NK,NK,HLA-E,CD94:NKG2A,0.0985727362763837,0,55,55
NBM2,Chen2023,Healthy,cellchat,pDC,NK,HLA-E,CD94:NKG2A,0.0455948510823902,0,31,55
NBM2,Chen2023,Healthy,cellchat,Plasma Cell,NK,HLA-E,CD94:NKG2A,0.0378218436541444,0,317,55
NBM2,Chen2023,Healthy,cellchat,Pro-B,NK,HLA-E,CD94:NKG2A,0.0661045639734388,0,21,55
NBM2,Chen2023,Healthy,cellchat,Pro-Monocyte,NK,HLA-E,CD94:NKG2A,0.0459402897503437,0,62,55
NBM2,Chen2023,Healthy,cellchat,B,CD4 Memory T,HLA-DPA1,CD4,0.0303363781767074,0,170,197
NBM2,Chen2023,Healthy,cellchat,CD8 Memory T,CD4 Memory T,HLA-DPA1,CD4,0.0032539398643576,0,116,197
NBM2,Chen2023,Healthy,cellchat,cDC,CD4 Memory T,HLA-DPA1,CD4,0.0347561930251726,0,32,197
NBM2,Chen2023,Healthy,cellchat,Cycling Progenitor,CD4 Memory T,HLA-DPA1,CD4,0.0142655272457781,0,14,197
NBM2,Chen2023,Healthy,cellchat,Early GMP,CD4 Memory T,HLA-DPA1,CD4,0.01329645363683,0,47,197
NBM2,Chen2023,Healthy,cellchat,HSC MPP,CD4 Memory T,HLA-DPA1,CD4,0.0171225252696203,0,144,197
NBM2,Chen2023,Healthy,cellchat,Late GMP,CD4 Memory T,HLA-DPA1,CD4,0.00766435065535381,0,32,197
NBM2,Chen2023,Healthy,cellchat,LMPP,CD4 Memory T,HLA-DPA1,CD4,0.0152814020001715,0,34,197
NBM2,Chen2023,Healthy,cellchat,MEP,CD4 Memory T,HLA-DPA1,CD4,0.010717726545479,0,16,197
NBM2,Chen2023,Healthy,cellchat,Monocyte,CD4 Memory T,HLA-DPA1,CD4,0.00984491329927481,0,404,197
NBM2,Chen2023,Healthy,cellchat,pDC,CD4 Memory T,HLA-DPA1,CD4,0.0240078986713354,0,31,197
NBM2,Chen2023,Healthy,cellchat,Plasma Cell,CD4 Memory T,HLA-DPA1,CD4,0.000615563856001316,0,317,197
NBM2,Chen2023,Healthy,cellchat,Pro-B,CD4 Memory T,HLA-DPA1,CD4,0.0226369805828829,0,21,197
NBM2,Chen2023,Healthy,cellchat,Pro-Monocyte,CD4 Memory T,HLA-DPA1,CD4,0.00699219759512141,0,62,197
NBM2,Chen2023,Healthy,cellchat,B,cDC,HLA-DPA1,CD4,0.0233090424519676,0,170,32
NBM2,Chen2023,Healthy,cellchat,CD8 Memory T,cDC,HLA-DPA1,CD4,0.00248410220215104,0.04,116,32
NBM2,Chen2023,Healthy,cellchat,cDC,cDC,HLA-DPA1,CD4,0.0267332465614729,0,32,32
NBM2,Chen2023,Healthy,cellchat,Cycling Progenitor,cDC,HLA-DPA1,CD4,0.0109190376759056,0,14,32
NBM2,Chen2023,Healthy,cellchat,Early GMP,cDC,HLA-DPA1,CD4,0.0101749483825957,0,47,32
NBM2,Chen2023,Healthy,cellchat,HSC MPP,cDC,HLA-DPA1,CD4,0.0131147414914708,0,144,32
NBM2,Chen2023,Healthy,cellchat,Late GMP,cDC,HLA-DPA1,CD4,0.00585720173596675,0,32,32
NBM2,Chen2023,Healthy,cellchat,LMPP,cDC,HLA-DPA1,CD4,0.0116994311153037,0,34,32
NBM2,Chen2023,Healthy,cellchat,MEP,cDC,HLA-DPA1,CD4,0.00819658006562226,0.02,16,32
NBM2,Chen2023,Healthy,cellchat,Monocyte,cDC,HLA-DPA1,CD4,0.00752751771304194,0,404,32
NBM2,Chen2023,Healthy,cellchat,pDC,cDC,HLA-DPA1,CD4,0.0184186911485663,0,31,32
NBM2,Chen2023,Healthy,cellchat,Plasma Cell,cDC,HLA-DPA1,CD4,0.000469635762421477,0.08,317,32
NBM2,Chen2023,Healthy,cellchat,Pro-B,cDC,HLA-DPA1,CD4,0.0173612551176589,0,21,32
NBM2,Chen2023,Healthy,cellchat,Pro-Monocyte,cDC,HLA-DPA1,CD4,0.00534267989038655,0.01,62,32
NBM2,Chen2023,Healthy,cellchat,B,Monocyte,HLA-DPA1,CD4,0.0418977806263361,0,170,404
NBM2,Chen2023,Healthy,cellchat,CD8 Memory T,Monocyte,HLA-DPA1,CD4,0.00454238887787841,0,116,404
NBM2,Chen2023,Healthy,cellchat,cDC,Monocyte,HLA-DPA1,CD4,0.047918776669293,0,32,404
NBM2,Chen2023,Healthy,cellchat,Cycling Progenitor,Monocyte,HLA-DPA1,CD4,0.0198274545046123,0,14,404
NBM2,Chen2023,Healthy,cellchat,Early GMP,Monocyte,HLA-DPA1,CD4,0.0184876390432974,0,47,404
NBM2,Chen2023,Healthy,cellchat,HSC MPP,Monocyte,HLA-DPA1,CD4,0.0237714932941495,0,144,404
NBM2,Chen2023,Healthy,cellchat,Late GMP,Monocyte,HLA-DPA1,CD4,0.0106804587131139,0,32,404
NBM2,Chen2023,Healthy,cellchat,LMPP,Monocyte,HLA-DPA1,CD4,0.0212308737365283,0,34,404
NBM2,Chen2023,Healthy,cellchat,MEP,Monocyte,HLA-DPA1,CD4,0.0149173493542264,0,16,404
NBM2,Chen2023,Healthy,cellchat,Monocyte,Monocyte,HLA-DPA1,CD4,0.0137072725805205,0,404,404
NBM2,Chen2023,Healthy,cellchat,pDC,Monocyte,HLA-DPA1,CD4,0.0332401516771028,0,31,404
NBM2,Chen2023,Healthy,cellchat,Plasma Cell,Monocyte,HLA-DPA1,CD4,0.000860207710433048,0,317,404
NBM2,Chen2023,Healthy,cellchat,Pro-B,Monocyte,HLA-DPA1,CD4,0.0313589848747301,0,21,404
NBM2,Chen2023,Healthy,cellchat,Pro-Monocyte,Monocyte,HLA-DPA1,CD4,0.00974639502130066,0,62,404
NBM2,Chen2023,Healthy,cellchat,B,Pro-Monocyte,HLA-DPA1,CD4,0.0267767695732233,0,170,62
NBM2,Chen2023,Healthy,cellchat,CD8 Memory T,Pro-Monocyte,HLA-DPA1,CD4,0.00286274736829274,0.02,116,62
NBM2,Chen2023,Healthy,cellchat,cDC,Pro-Monocyte,HLA-DPA1,CD4,0.0306943888787572,0,32,62
NBM2,Chen2023,Healthy,cellchat,Cycling Progenitor,Pro-Monocyte,HLA-DPA1,CD4,0.0125671997992864,0.01,14,62
NBM2,Chen2023,Healthy,cellchat,Early GMP,Pro-Monocyte,HLA-DPA1,CD4,0.011712124744649,0,47,62
NBM2,Chen2023,Healthy,cellchat,HSC MPP,Pro-Monocyte,HLA-DPA1,CD4,0.0150892754915911,0,144,62
NBM2,Chen2023,Healthy,cellchat,Late GMP,Pro-Monocyte,HLA-DPA1,CD4,0.00674652221296408,0,32,62
NBM2,Chen2023,Healthy,cellchat,LMPP,Pro-Monocyte,HLA-DPA1,CD4,0.013463785383852,0,34,62
NBM2,Chen2023,Healthy,cellchat,MEP,Pro-Monocyte,HLA-DPA1,CD4,0.009437724959978,0,16,62
NBM2,Chen2023,Healthy,cellchat,Monocyte,Pro-Monocyte,HLA-DPA1,CD4,0.00866823710117923,0,404,62
NBM2,Chen2023,Healthy,cellchat,pDC,Pro-Monocyte,HLA-DPA1,CD4,0.021174645319893,0,31,62
NBM2,Chen2023,Healthy,cellchat,Plasma Cell,Pro-Monocyte,HLA-DPA1,CD4,0.000541387759079962,0.06,317,62
NBM2,Chen2023,Healthy,cellchat,Pro-B,Pro-Monocyte,HLA-DPA1,CD4,0.0199622048509484,0,21,62
NBM2,Chen2023,Healthy,cellchat,Pro-Monocyte,Pro-Monocyte,HLA-DPA1,CD4,0.00615436224581218,0,62,62
NBM2,Chen2023,Healthy,cellchat,B,CD4 Memory T,HLA-DPB1,CD4,0.0269653062645847,0,170,197
NBM2,Chen2023,Healthy,cellchat,CD8 Memory T,CD4 Memory T,HLA-DPB1,CD4,0.00352347107934044,0,116,197
NBM2,Chen2023,Healthy,cellchat,cDC,CD4 Memory T,HLA-DPB1,CD4,0.0316347974204022,0,32,197
NBM2,Chen2023,Healthy,cellchat,Cycling Progenitor,CD4 Memory T,HLA-DPB1,CD4,0.0107126614441051,0,14,197
NBM2,Chen2023,Healthy,cellchat,Early GMP,CD4 Memory T,HLA-DPB1,CD4,0.0100182295591442,0,47,197
NBM2,Chen2023,Healthy,cellchat,HSC MPP,CD4 Memory T,HLA-DPB1,CD4,0.0131951580224829,0,144,197
NBM2,Chen2023,Healthy,cellchat,Late GMP,CD4 Memory T,HLA-DPB1,CD4,0.00892991933475789,0,32,197
NBM2,Chen2023,Healthy,cellchat,LMPP,CD4 Memory T,HLA-DPB1,CD4,0.0116883905579037,0,34,197
NBM2,Chen2023,Healthy,cellchat,MEP,CD4 Memory T,HLA-DPB1,CD4,0.00660187799358674,0,16,197
NBM2,Chen2023,Healthy,cellchat,Monocyte,CD4 Memory T,HLA-DPB1,CD4,0.00867470606951361,0,404,197
NBM2,Chen2023,Healthy,cellchat,pDC,CD4 Memory T,HLA-DPB1,CD4,0.0196470892306302,0,31,197
NBM2,Chen2023,Healthy,cellchat,Pro-B,CD4 Memory T,HLA-DPB1,CD4,0.0241349915521942,0,21,197
NBM2,Chen2023,Healthy,cellchat,Pro-Monocyte,CD4 Memory T,HLA-DPB1,CD4,0.00309975252218654,0,62,197
NBM2,Chen2023,Healthy,cellchat,B,cDC,HLA-DPB1,CD4,0.0207021976594133,0,170,32
NBM2,Chen2023,Healthy,cellchat,CD8 Memory T,cDC,HLA-DPB1,CD4,0.00269003811523353,0.03,116,32
NBM2,Chen2023,Healthy,cellchat,cDC,cDC,HLA-DPB1,CD4,0.024314228480026,0,32,32
NBM2,Chen2023,Healthy,cellchat,Cycling Progenitor,cDC,HLA-DPB1,CD4,0.00819269656833246,0,14,32
NBM2,Chen2023,Healthy,cellchat,Early GMP,cDC,HLA-DPB1,CD4,0.00766035265932674,0,47,32
NBM2,Chen2023,Healthy,cellchat,HSC MPP,cDC,HLA-DPB1,CD4,0.010097189802917,0,144,32
NBM2,Chen2023,Healthy,cellchat,Late GMP,cDC,HLA-DPB1,CD4,0.00682641941536516,0,32,32
NBM2,Chen2023,Healthy,cellchat,LMPP,cDC,HLA-DPB1,CD4,0.00894097698066678,0,34,32
NBM2,Chen2023,Healthy,cellchat,MEP,cDC,HLA-DPB1,CD4,0.00504397221928203,0.03,16,32
NBM2,Chen2023,Healthy,cellchat,Monocyte,cDC,HLA-DPB1,CD4,0.00663092105205099,0,404,32
NBM2,Chen2023,Healthy,cellchat,pDC,cDC,HLA-DPB1,CD4,0.0150574460337323,0,31,32
NBM2,Chen2023,Healthy,cellchat,Pro-B,cDC,HLA-DPB1,CD4,0.0185167572664947,0,21,32
NBM2,Chen2023,Healthy,cellchat,Pro-Monocyte,cDC,HLA-DPB1,CD4,0.00236630687465796,0.04,62,32
NBM2,Chen2023,Healthy,cellchat,B,Monocyte,HLA-DPB1,CD4,0.0372913785679698,0,170,404
NBM2,Chen2023,Healthy,cellchat,CD8 Memory T,Monocyte,HLA-DPB1,CD4,0.00491811864481393,0,116,404
NBM2,Chen2023,Healthy,cellchat,cDC,Monocyte,HLA-DPB1,CD4,0.0436687514407356,0,32,404
NBM2,Chen2023,Healthy,cellchat,Cycling Progenitor,Monocyte,HLA-DPB1,CD4,0.0149103294619973,0,14,404
NBM2,Chen2023,Healthy,cellchat,Early GMP,Monocyte,HLA-DPB1,CD4,0.0139476265212859,0,47,404
NBM2,Chen2023,Healthy,cellchat,HSC MPP,Monocyte,HLA-DPB1,CD4,0.0183475310980867,0,144,404
NBM2,Chen2023,Healthy,cellchat,Late GMP,Monocyte,HLA-DPB1,CD4,0.0124378171193808,0,32,404
NBM2,Chen2023,Healthy,cellchat,LMPP,Monocyte,HLA-DPB1,CD4,0.0162621051393575,0,34,404
NBM2,Chen2023,Healthy,cellchat,MEP,Monocyte,HLA-DPB1,CD4,0.00920375515669423,0,16,404
NBM2,Chen2023,Healthy,cellchat,Monocyte,Monocyte,HLA-DPB1,CD4,0.0120835719841687,0,404,404
NBM2,Chen2023,Healthy,cellchat,pDC,Monocyte,HLA-DPB1,CD4,0.0272492097987682,0,31,404
NBM2,Chen2023,Healthy,cellchat,Pro-B,Monocyte,HLA-DPB1,CD4,0.0334144449504586,0,21,404
NBM2,Chen2023,Healthy,cellchat,Pro-Monocyte,Monocyte,HLA-DPB1,CD4,0.00432741367984958,0,62,404
NBM2,Chen2023,Healthy,cellchat,B,Pro-Monocyte,HLA-DPB1,CD4,0.0237915470672951,0,170,62
NBM2,Chen2023,Healthy,cellchat,CD8 Memory T,Pro-Monocyte,HLA-DPB1,CD4,0.00309997599963909,0.02,116,62
NBM2,Chen2023,Healthy,cellchat,cDC,Pro-Monocyte,HLA-DPB1,CD4,0.0279272228912485,0,32,62
NBM2,Chen2023,Healthy,cellchat,Cycling Progenitor,Pro-Monocyte,HLA-DPB1,CD4,0.00943325900770263,0,14,62
NBM2,Chen2023,Healthy,cellchat,Early GMP,Pro-Monocyte,HLA-DPB1,CD4,0.00882102293166289,0,47,62
NBM2,Chen2023,Healthy,cellchat,HSC MPP,Pro-Monocyte,HLA-DPB1,CD4,0.0116227567579368,0,144,62
NBM2,Chen2023,Healthy,cellchat,Late GMP,Pro-Monocyte,HLA-DPB1,CD4,0.00786173602804807,0,32,62
NBM2,Chen2023,Healthy,cellchat,LMPP,Pro-Monocyte,HLA-DPB1,CD4,0.0102936702840988,0,34,62
NBM2,Chen2023,Healthy,cellchat,MEP,Pro-Monocyte,HLA-DPB1,CD4,0.00581053875543463,0.01,16,62
NBM2,Chen2023,Healthy,cellchat,Monocyte,Pro-Monocyte,HLA-DPB1,CD4,0.00763681574458592,0,404,62
NBM2,Chen2023,Healthy,cellchat,pDC,Pro-Monocyte,HLA-DPB1,CD4,0.0173193373891392,0,31,62
NBM2,Chen2023,Healthy,cellchat,Pro-B,Pro-Monocyte,HLA-DPB1,CD4,0.0212870666710983,0,21,62
NBM2,Chen2023,Healthy,cellchat,Pro-Monocyte,Pro-Monocyte,HLA-DPB1,CD4,0.00272704589547851,0,62,62
NBM2,Chen2023,Healthy,cellchat,B,CD4 Memory T,HLA-DQA1,CD4,0.0209799441821674,0,170,197
NBM2,Chen2023,Healthy,cellchat,cDC,CD4 Memory T,HLA-DQA1,CD4,0.0165326220451415,0,32,197
NBM2,Chen2023,Healthy,cellchat,Cycling Progenitor,CD4 Memory T,HLA-DQA1,CD4,0.000817254893317166,0,14,197
NBM2,Chen2023,Healthy,cellchat,HSC MPP,CD4 Memory T,HLA-DQA1,CD4,0.00153535824070854,0,144,197
NBM2,Chen2023,Healthy,cellchat,pDC,CD4 Memory T,HLA-DQA1,CD4,0.00175982967769883,0,31,197
NBM2,Chen2023,Healthy,cellchat,Pro-B,CD4 Memory T,HLA-DQA1,CD4,0.00262506030785567,0,21,197
NBM2,Chen2023,Healthy,cellchat,B,cDC,HLA-DQA1,CD4,0.0160840487291728,0,170,32
NBM2,Chen2023,Healthy,cellchat,cDC,cDC,HLA-DQA1,CD4,0.0126611353117804,0,32,32
NBM2,Chen2023,Healthy,cellchat,Cycling Progenitor,cDC,HLA-DQA1,CD4,0.000623542927082767,0,14,32
NBM2,Chen2023,Healthy,cellchat,HSC MPP,cDC,HLA-DQA1,CD4,0.00117163554880885,0,144,32
NBM2,Chen2023,Healthy,cellchat,pDC,cDC,HLA-DQA1,CD4,0.00134300176599584,0,31,32
NBM2,Chen2023,Healthy,cellchat,Pro-B,cDC,HLA-DQA1,CD4,0.00200370785295206,0,21,32
NBM2,Chen2023,Healthy,cellchat,B,Monocyte,HLA-DQA1,CD4,0.0290824920279877,0,170,404
NBM2,Chen2023,Healthy,cellchat,cDC,Monocyte,HLA-DQA1,CD4,0.0229578711685504,0,32,404
NBM2,Chen2023,Healthy,cellchat,Cycling Progenitor,Monocyte,HLA-DQA1,CD4,0.00114196532442176,0,14,404
NBM2,Chen2023,Healthy,cellchat,HSC MPP,Monocyte,HLA-DQA1,CD4,0.00214477192875047,0,144,404
NBM2,Chen2023,Healthy,cellchat,pDC,Monocyte,HLA-DQA1,CD4,0.00245812111721903,0,31,404
NBM2,Chen2023,Healthy,cellchat,Pro-B,Monocyte,HLA-DQA1,CD4,0.00366541022420348,0,21,404
NBM2,Chen2023,Healthy,cellchat,B,Pro-Monocyte,HLA-DQA1,CD4,0.0184972575997674,0,170,62
NBM2,Chen2023,Healthy,cellchat,cDC,Pro-Monocyte,HLA-DQA1,CD4,0.0145683832662472,0,32,62
NBM2,Chen2023,Healthy,cellchat,Cycling Progenitor,Pro-Monocyte,HLA-DQA1,CD4,0.000718792292956717,0.01,14,62
NBM2,Chen2023,Healthy,cellchat,HSC MPP,Pro-Monocyte,HLA-DQA1,CD4,0.00135049572179128,0,144,62
NBM2,Chen2023,Healthy,cellchat,pDC,Pro-Monocyte,HLA-DQA1,CD4,0.00154798191209141,0.01,31,62
NBM2,Chen2023,Healthy,cellchat,Pro-B,Pro-Monocyte,HLA-DQA1,CD4,0.00230929729172581,0,21,62
NBM2,Chen2023,Healthy,cellchat,B,CD4 Memory T,HLA-DMA,CD4,0.016495796488651,0,170,197
NBM2,Chen2023,Healthy,cellchat,cDC,CD4 Memory T,HLA-DMA,CD4,0.0207837557113808,0,32,197
NBM2,Chen2023,Healthy,cellchat,Cycling Progenitor,CD4 Memory T,HLA-DMA,CD4,0.00791641317884906,0,14,197
NBM2,Chen2023,Healthy,cellchat,Early GMP,CD4 Memory T,HLA-DMA,CD4,0.00838611959773254,0,47,197
NBM2,Chen2023,Healthy,cellchat,HSC MPP,CD4 Memory T,HLA-DMA,CD4,0.00953950291352083,0,144,197
NBM2,Chen2023,Healthy,cellchat,Late GMP,CD4 Memory T,HLA-DMA,CD4,0.00294202398540994,0,32,197
NBM2,Chen2023,Healthy,cellchat,LMPP,CD4 Memory T,HLA-DMA,CD4,0.00913009397678114,0,34,197
NBM2,Chen2023,Healthy,cellchat,MEP,CD4 Memory T,HLA-DMA,CD4,0.00657705327055537,0,16,197
NBM2,Chen2023,Healthy,cellchat,Monocyte,CD4 Memory T,HLA-DMA,CD4,0.0034585621985559,0,404,197
NBM2,Chen2023,Healthy,cellchat,pDC,CD4 Memory T,HLA-DMA,CD4,0.017559643768574,0,31,197
NBM2,Chen2023,Healthy,cellchat,Plasma Cell,CD4 Memory T,HLA-DMA,CD4,0.000599455361937095,0,317,197
NBM2,Chen2023,Healthy,cellchat,Pro-B,CD4 Memory T,HLA-DMA,CD4,0.0143669176328754,0,21,197
NBM2,Chen2023,Healthy,cellchat,Pro-Monocyte,CD4 Memory T,HLA-DMA,CD4,0.00246690697889691,0,62,197
NBM2,Chen2023,Healthy,cellchat,B,cDC,HLA-DMA,CD4,0.0126328225198797,0,170,32
NBM2,Chen2023,Healthy,cellchat,cDC,cDC,HLA-DMA,CD4,0.0159328978638562,0,32,32
NBM2,Chen2023,Healthy,cellchat,Cycling Progenitor,cDC,HLA-DMA,CD4,0.0060501937262203,0,14,32
NBM2,Chen2023,Healthy,cellchat,Early GMP,cDC,HLA-DMA,CD4,0.00640988672704375,0,47,32
NBM2,Chen2023,Healthy,cellchat,HSC MPP,cDC,HLA-DMA,CD4,0.00729346837769801,0,144,32
NBM2,Chen2023,Healthy,cellchat,Late GMP,cDC,HLA-DMA,CD4,0.00224581508252737,0.03,32,32
NBM2,Chen2023,Healthy,cellchat,LMPP,cDC,HLA-DMA,CD4,0.00697977371200682,0,34,32
NBM2,Chen2023,Healthy,cellchat,MEP,cDC,HLA-DMA,CD4,0.00502497598157458,0.02,16,32
NBM2,Chen2023,Healthy,cellchat,Monocyte,cDC,HLA-DMA,CD4,0.00264044193436971,0.01,404,32
NBM2,Chen2023,Healthy,cellchat,pDC,cDC,HLA-DMA,CD4,0.0134509460483654,0,31,32
NBM2,Chen2023,Healthy,cellchat,Plasma Cell,cDC,HLA-DMA,CD4,0.000457344266501783,0.08,317,32
NBM2,Chen2023,Healthy,cellchat,Pro-B,cDC,HLA-DMA,CD4,0.0109969086657497,0,21,32
NBM2,Chen2023,Healthy,cellchat,Pro-Monocyte,cDC,HLA-DMA,CD4,0.00188291878546839,0.03,62,32
NBM2,Chen2023,Healthy,cellchat,B,Monocyte,HLA-DMA,CD4,0.0229070670586067,0,170,404
NBM2,Chen2023,Healthy,cellchat,cDC,Monocyte,HLA-DMA,CD4,0.0288127645897423,0,32,404
NBM2,Chen2023,Healthy,cellchat,Cycling Progenitor,Monocyte,HLA-DMA,CD4,0.0110306113520317,0,14,404
NBM2,Chen2023,Healthy,cellchat,Early GMP,Monocyte,HLA-DMA,CD4,0.0116829172869638,0,47,404
NBM2,Chen2023,Healthy,cellchat,HSC MPP,Monocyte,HLA-DMA,CD4,0.0132836509573396,0,144,404
NBM2,Chen2023,Healthy,cellchat,Late GMP,Monocyte,HLA-DMA,CD4,0.00410747392980732,0,32,404
NBM2,Chen2023,Healthy,cellchat,LMPP,Monocyte,HLA-DMA,CD4,0.0127156165303209,0,34,404
NBM2,Chen2023,Healthy,cellchat,MEP,Monocyte,HLA-DMA,CD4,0.00916923702597352,0,16,404
NBM2,Chen2023,Healthy,cellchat,Monocyte,Monocyte,HLA-DMA,CD4,0.00482764223619087,0,404,404
NBM2,Chen2023,Healthy,cellchat,pDC,Monocyte,HLA-DMA,CD4,0.0243741429916235,0,31,404
NBM2,Chen2023,Healthy,cellchat,Plasma Cell,Monocyte,HLA-DMA,CD4,0.000837702575711721,0,317,404
NBM2,Chen2023,Healthy,cellchat,Pro-B,Monocyte,HLA-DMA,CD4,0.0199675748143167,0,21,404
NBM2,Chen2023,Healthy,cellchat,Pro-Monocyte,Monocyte,HLA-DMA,CD4,0.00344479489326948,0,62,404
NBM2,Chen2023,Healthy,cellchat,B,Pro-Monocyte,HLA-DMA,CD4,0.0145358682825403,0,170,62
NBM2,Chen2023,Healthy,cellchat,cDC,Pro-Monocyte,HLA-DMA,CD4,0.0183238507979598,0,32,62
NBM2,Chen2023,Healthy,cellchat,Cycling Progenitor,Pro-Monocyte,HLA-DMA,CD4,0.00696861148464718,0.01,14,62
NBM2,Chen2023,Healthy,cellchat,Early GMP,Pro-Monocyte,HLA-DMA,CD4,0.00738250023719867,0,47,62
NBM2,Chen2023,Healthy,cellchat,HSC MPP,Pro-Monocyte,HLA-DMA,CD4,0.00839902010396422,0,144,62
NBM2,Chen2023,Healthy,cellchat,Late GMP,Pro-Monocyte,HLA-DMA,CD4,0.00258823301221615,0.02,32,62
NBM2,Chen2023,Healthy,cellchat,LMPP,Pro-Monocyte,HLA-DMA,CD4,0.00803816028988408,0,34,62
NBM2,Chen2023,Healthy,cellchat,MEP,Pro-Monocyte,HLA-DMA,CD4,0.00578867232768142,0,16,62
NBM2,Chen2023,Healthy,cellchat,Monocyte,Pro-Monocyte,HLA-DMA,CD4,0.00304284486180933,0,404,62
NBM2,Chen2023,Healthy,cellchat,pDC,Pro-Monocyte,HLA-DMA,CD4,0.0154753047109079,0,31,62
NBM2,Chen2023,Healthy,cellchat,Plasma Cell,Pro-Monocyte,HLA-DMA,CD4,0.000527219331608774,0.06,317,62
NBM2,Chen2023,Healthy,cellchat,Pro-B,Pro-Monocyte,HLA-DMA,CD4,0.0126566745291769,0,21,62
NBM2,Chen2023,Healthy,cellchat,Pro-Monocyte,Pro-Monocyte,HLA-DMA,CD4,0.00217012650305006,0.01,62,62
NBM2,Chen2023,Healthy,cellchat,B,CD4 Memory T,HLA-DMB,CD4,0.00314071987317831,0,170,197
NBM2,Chen2023,Healthy,cellchat,cDC,CD4 Memory T,HLA-DMB,CD4,0.00869893116262106,0,32,197
NBM2,Chen2023,Healthy,cellchat,Late GMP,CD4 Memory T,HLA-DMB,CD4,0.000208789983224579,0,32,197
NBM2,Chen2023,Healthy,cellchat,Monocyte,CD4 Memory T,HLA-DMB,CD4,0.00240250926122714,0,404,197
NBM2,Chen2023,Healthy,cellchat,pDC,CD4 Memory T,HLA-DMB,CD4,0.00550970396648365,0,31,197
NBM2,Chen2023,Healthy,cellchat,Pro-B,CD4 Memory T,HLA-DMB,CD4,0.00321512919010434,0,21,197
NBM2,Chen2023,Healthy,cellchat,B,cDC,HLA-DMB,CD4,0.00239760407957644,0,170,32
NBM2,Chen2023,Healthy,cellchat,cDC,cDC,HLA-DMB,CD4,0.00664947692944262,0,32,32
NBM2,Chen2023,Healthy,cellchat,Late GMP,cDC,HLA-DMB,CD4,0.000159278004187487,0,32,32
NBM2,Chen2023,Healthy,cellchat,Monocyte,cDC,HLA-DMB,CD4,0.00183373784503068,0,404,32
NBM2,Chen2023,Healthy,cellchat,pDC,cDC,HLA-DMB,CD4,0.00420843667658865,0,31,32
NBM2,Chen2023,Healthy,cellchat,Pro-B,cDC,HLA-DMB,CD4,0.00245445099202062,0,21,32
NBM2,Chen2023,Healthy,cellchat,B,Monocyte,HLA-DMB,CD4,0.00438453484428578,0,170,404
NBM2,Chen2023,Healthy,cellchat,cDC,Monocyte,HLA-DMB,CD4,0.012117200358236,0,32,404
NBM2,Chen2023,Healthy,cellchat,Late GMP,Monocyte,HLA-DMB,CD4,0.000291816697205318,0,32,404
NBM2,Chen2023,Healthy,cellchat,Monocyte,Monocyte,HLA-DMB,CD4,0.00335495561913205,0,404,404
NBM2,Chen2023,Healthy,cellchat,pDC,Monocyte,HLA-DMB,CD4,0.00768447227458021,0,31,404
NBM2,Chen2023,Healthy,cellchat,Pro-B,Monocyte,HLA-DMB,CD4,0.00448827970232256,0,21,404
NBM2,Chen2023,Healthy,cellchat,B,Pro-Monocyte,HLA-DMB,CD4,0.00276310108569138,0,170,62
NBM2,Chen2023,Healthy,cellchat,cDC,Pro-Monocyte,HLA-DMB,CD4,0.00765816480299271,0,32,62
NBM2,Chen2023,Healthy,cellchat,Late GMP,Pro-Monocyte,HLA-DMB,CD4,0.000183621562941084,0,32,62
NBM2,Chen2023,Healthy,cellchat,Monocyte,Pro-Monocyte,HLA-DMB,CD4,0.00211345971855079,0,404,62
NBM2,Chen2023,Healthy,cellchat,pDC,Pro-Monocyte,HLA-DMB,CD4,0.00484864004247532,0,31,62
NBM2,Chen2023,Healthy,cellchat,Pro-B,Pro-Monocyte,HLA-DMB,CD4,0.00282858931826409,0,21,62
NBM2,Chen2023,Healthy,cellchat,B,CD4 Memory T,HLA-DQA2,CD4,0.00303178917471157,0,170,197
NBM2,Chen2023,Healthy,cellchat,cDC,CD4 Memory T,HLA-DQA2,CD4,0.0065181942951374,0,32,197
NBM2,Chen2023,Healthy,cellchat,B,cDC,HLA-DQA2,CD4,0.00231438729070403,0,170,32
NBM2,Chen2023,Healthy,cellchat,cDC,cDC,HLA-DQA2,CD4,0.004979937136196,0,32,32
NBM2,Chen2023,Healthy,cellchat,B,Monocyte,HLA-DQA2,CD4,0.00423264764147557,0,170,404
NBM2,Chen2023,Healthy,cellchat,cDC,Monocyte,HLA-DQA2,CD4,0.00908739243662839,0,32,404
NBM2,Chen2023,Healthy,cellchat,B,Pro-Monocyte,HLA-DQA2,CD4,0.00266723243018993,0,170,62
NBM2,Chen2023,Healthy,cellchat,cDC,Pro-Monocyte,HLA-DQA2,CD4,0.00573682794108735,0,32,62
NBM2,Chen2023,Healthy,cellchat,Plasma Cell,CD4 Memory T,HLA-DOB,CD4,0.00105029709771734,0,317,197
NBM2,Chen2023,Healthy,cellchat,Plasma Cell,cDC,HLA-DOB,CD4,0.000801392000039494,0,317,32
NBM2,Chen2023,Healthy,cellchat,Plasma Cell,Monocyte,HLA-DOB,CD4,0.00146746350513099,0,317,404
NBM2,Chen2023,Healthy,cellchat,Plasma Cell,Pro-Monocyte,HLA-DOB,CD4,0.000923783607476291,0,317,62
NBM2,Chen2023,Healthy,cellchat,B,CD4 Memory T,HLA-DQB1,CD4,0.024089356561911,0,170,197
NBM2,Chen2023,Healthy,cellchat,cDC,CD4 Memory T,HLA-DQB1,CD4,0.0225995495870523,0,32,197
NBM2,Chen2023,Healthy,cellchat,HSC MPP,CD4 Memory T,HLA-DQB1,CD4,0.00171005651462012,0,144,197
NBM2,Chen2023,Healthy,cellchat,LMPP,CD4 Memory T,HLA-DQB1,CD4,0.00110899822725799,0,34,197
NBM2,Chen2023,Healthy,cellchat,pDC,CD4 Memory T,HLA-DQB1,CD4,0.00443674076363826,0,31,197
NBM2,Chen2023,Healthy,cellchat,Pro-B,CD4 Memory T,HLA-DQB1,CD4,0.00323101011681405,0,21,197
NBM2,Chen2023,Healthy,cellchat,B,cDC,HLA-DQB1,CD4,0.018481544174571,0,170,32
NBM2,Chen2023,Healthy,cellchat,cDC,cDC,HLA-DQB1,CD4,0.0173323930056843,0,32,32
NBM2,Chen2023,Healthy,cellchat,HSC MPP,cDC,HLA-DQB1,CD4,0.00130500231117868,0,144,32
NBM2,Chen2023,Healthy,cellchat,LMPP,cDC,HLA-DQB1,CD4,0.000846193601845482,0.02,34,32
NBM2,Chen2023,Healthy,cellchat,pDC,cDC,HLA-DQB1,CD4,0.0033880197677987,0,31,32
NBM2,Chen2023,Healthy,cellchat,Pro-B,cDC,HLA-DQB1,CD4,0.00246658389466049,0.01,21,32
NBM2,Chen2023,Healthy,cellchat,B,Monocyte,HLA-DQB1,CD4,0.0333518638168091,0,170,404
NBM2,Chen2023,Healthy,cellchat,cDC,Monocyte,HLA-DQB1,CD4,0.0313075937362095,0,32,404
NBM2,Chen2023,Healthy,cellchat,HSC MPP,Monocyte,HLA-DQB1,CD4,0.00238864547520209,0,144,404
NBM2,Chen2023,Healthy,cellchat,LMPP,Monocyte,HLA-DQB1,CD4,0.00154944391106214,0,34,404
NBM2,Chen2023,Healthy,cellchat,pDC,Monocyte,HLA-DQB1,CD4,0.0061906296833577,0,31,404
NBM2,Chen2023,Healthy,cellchat,Pro-B,Monocyte,HLA-DQB1,CD4,0.00451042081930547,0,21,404
NBM2,Chen2023,Healthy,cellchat,B,Pro-Monocyte,HLA-DQB1,CD4,0.0212466993604549,0,170,62
NBM2,Chen2023,Healthy,cellchat,cDC,Pro-Monocyte,HLA-DQB1,CD4,0.0199291065006673,0,32,62
NBM2,Chen2023,Healthy,cellchat,HSC MPP,Pro-Monocyte,HLA-DQB1,CD4,0.00150419139884633,0,144,62
NBM2,Chen2023,Healthy,cellchat,LMPP,Pro-Monocyte,HLA-DQB1,CD4,0.000975420799364073,0,34,62
NBM2,Chen2023,Healthy,cellchat,pDC,Pro-Monocyte,HLA-DQB1,CD4,0.00390390748460101,0,31,62
NBM2,Chen2023,Healthy,cellchat,Pro-B,Pro-Monocyte,HLA-DQB1,CD4,0.00284256640058073,0,21,62
NBM2,Chen2023,Healthy,cellchat,B,CD4 Memory T,HLA-DRA,CD4,0.0372671060972145,0,170,197
NBM2,Chen2023,Healthy,cellchat,cDC,CD4 Memory T,HLA-DRA,CD4,0.0396503968793821,0,32,197
NBM2,Chen2023,Healthy,cellchat,Cycling Progenitor,CD4 Memory T,HLA-DRA,CD4,0.0184813455948707,0,14,197
NBM2,Chen2023,Healthy,cellchat,Early GMP,CD4 Memory T,HLA-DRA,CD4,0.0191576787024144,0,47,197
NBM2,Chen2023,Healthy,cellchat,HSC MPP,CD4 Memory T,HLA-DRA,CD4,0.023198698897074,0,144,197
NBM2,Chen2023,Healthy,cellchat,Late GMP,CD4 Memory T,HLA-DRA,CD4,0.012904864435487,0,32,197
NBM2,Chen2023,Healthy,cellchat,LMPP,CD4 Memory T,HLA-DRA,CD4,0.0197667632122843,0,34,197
NBM2,Chen2023,Healthy,cellchat,MEP,CD4 Memory T,HLA-DRA,CD4,0.0121766883732156,0,16,197
NBM2,Chen2023,Healthy,cellchat,Monocyte,CD4 Memory T,HLA-DRA,CD4,0.0246622663615309,0,404,197
NBM2,Chen2023,Healthy,cellchat,pDC,CD4 Memory T,HLA-DRA,CD4,0.0292976184825143,0,31,197
NBM2,Chen2023,Healthy,cellchat,Pro-B,CD4 Memory T,HLA-DRA,CD4,0.0372086432811098,0,21,197
NBM2,Chen2023,Healthy,cellchat,Pro-Monocyte,CD4 Memory T,HLA-DRA,CD4,0.0165626176194462,0,62,197
NBM2,Chen2023,Healthy,cellchat,B,cDC,HLA-DRA,CD4,0.0286817757132607,0,170,32
NBM2,Chen2023,Healthy,cellchat,cDC,cDC,HLA-DRA,CD4,0.0305334341305335,0,32,32
NBM2,Chen2023,Healthy,cellchat,Cycling Progenitor,cDC,HLA-DRA,CD4,0.0141600916517053,0,14,32
NBM2,Chen2023,Healthy,cellchat,Early GMP,cDC,HLA-DRA,CD4,0.0146806518244064,0,47,32
NBM2,Chen2023,Healthy,cellchat,HSC MPP,cDC,HLA-DRA,CD4,0.0177944440591973,0,144,32
NBM2,Chen2023,Healthy,cellchat,Late GMP,cDC,HLA-DRA,CD4,0.00987436955284778,0.01,32,32
NBM2,Chen2023,Healthy,cellchat,LMPP,cDC,HLA-DRA,CD4,0.0151495956819941,0,34,32
NBM2,Chen2023,Healthy,cellchat,MEP,cDC,HLA-DRA,CD4,0.00931557985511287,0.04,16,32
NBM2,Chen2023,Healthy,cellchat,Monocyte,cDC,HLA-DRA,CD4,0.018923671214381,0,404,32
NBM2,Chen2023,Healthy,cellchat,pDC,cDC,HLA-DRA,CD4,0.0225053237046142,0,31,32
NBM2,Chen2023,Healthy,cellchat,Pro-B,cDC,HLA-DRA,CD4,0.0286363805327196,0,21,32
NBM2,Chen2023,Healthy,cellchat,Pro-Monocyte,cDC,HLA-DRA,CD4,0.0126841973384428,0,62,32
NBM2,Chen2023,Healthy,cellchat,B,Monocyte,HLA-DRA,CD4,0.0513300344559709,0,170,404
NBM2,Chen2023,Healthy,cellchat,cDC,Monocyte,HLA-DRA,CD4,0.0545617025357638,0,32,404
NBM2,Chen2023,Healthy,cellchat,Cycling Progenitor,Monocyte,HLA-DRA,CD4,0.0256441997160191,0,14,404
NBM2,Chen2023,Healthy,cellchat,Early GMP,Monocyte,HLA-DRA,CD4,0.0265755633094903,0,47,404
NBM2,Chen2023,Healthy,cellchat,HSC MPP,Monocyte,HLA-DRA,CD4,0.0321300177084246,0,144,404
NBM2,Chen2023,Healthy,cellchat,Late GMP,Monocyte,HLA-DRA,CD4,0.0179459466744134,0,32,404
NBM2,Chen2023,Healthy,cellchat,LMPP,Monocyte,HLA-DRA,CD4,0.0274138948094831,0,34,404
NBM2,Chen2023,Healthy,cellchat,MEP,Monocyte,HLA-DRA,CD4,0.0169382011606605,0,16,404
NBM2,Chen2023,Healthy,cellchat,Monocyte,Monocyte,HLA-DRA,CD4,0.0341373553409383,0,404,404
NBM2,Chen2023,Healthy,cellchat,pDC,Monocyte,HLA-DRA,CD4,0.0404796688453356,0,31,404
NBM2,Chen2023,Healthy,cellchat,Pro-B,Monocyte,HLA-DRA,CD4,0.0512506848252951,0,21,404
NBM2,Chen2023,Healthy,cellchat,Pro-Monocyte,Monocyte,HLA-DRA,CD4,0.0229992516217055,0,62,404
NBM2,Chen2023,Healthy,cellchat,B,Pro-Monocyte,HLA-DRA,CD4,0.0329218709603034,0,170,62
NBM2,Chen2023,Healthy,cellchat,cDC,Pro-Monocyte,HLA-DRA,CD4,0.0350373902820979,0,32,62
NBM2,Chen2023,Healthy,cellchat,Cycling Progenitor,Pro-Monocyte,HLA-DRA,CD4,0.0162894140613471,0.01,14,62
NBM2,Chen2023,Healthy,cellchat,Early GMP,Pro-Monocyte,HLA-DRA,CD4,0.0168869125388086,0,47,62
NBM2,Chen2023,Healthy,cellchat,HSC MPP,Pro-Monocyte,HLA-DRA,CD4,0.0204589401343116,0,144,62
NBM2,Chen2023,Healthy,cellchat,Late GMP,Pro-Monocyte,HLA-DRA,CD4,0.0113666575491726,0,32,62
NBM2,Chen2023,Healthy,cellchat,LMPP,Pro-Monocyte,HLA-DRA,CD4,0.0174250846298827,0,34,62
NBM2,Chen2023,Healthy,cellchat,MEP,Pro-Monocyte,HLA-DRA,CD4,0.0107243340912845,0.01,16,62
NBM2,Chen2023,Healthy,cellchat,Monocyte,Pro-Monocyte,HLA-DRA,CD4,0.021753510084029,0,404,62
NBM2,Chen2023,Healthy,cellchat,pDC,Pro-Monocyte,HLA-DRA,CD4,0.0258566456585673,0,31,62
NBM2,Chen2023,Healthy,cellchat,Pro-B,Pro-Monocyte,HLA-DRA,CD4,0.0328699920021863,0,21,62
NBM2,Chen2023,Healthy,cellchat,Pro-Monocyte,Pro-Monocyte,HLA-DRA,CD4,0.0145948679572037,0,62,62
NBM2,Chen2023,Healthy,cellchat,B,CD4 Memory T,HLA-DRB1,CD4,0.0332127502156776,0,170,197
NBM2,Chen2023,Healthy,cellchat,CD8 Memory T,CD4 Memory T,HLA-DRB1,CD4,0.00317928869567178,0,116,197
NBM2,Chen2023,Healthy,cellchat,cDC,CD4 Memory T,HLA-DRB1,CD4,0.0369052084486887,0,32,197
NBM2,Chen2023,Healthy,cellchat,Cycling Progenitor,CD4 Memory T,HLA-DRB1,CD4,0.0172758128054223,0,14,197
NBM2,Chen2023,Healthy,cellchat,Early GMP,CD4 Memory T,HLA-DRB1,CD4,0.0152359683968499,0,47,197
NBM2,Chen2023,Healthy,cellchat,HSC MPP,CD4 Memory T,HLA-DRB1,CD4,0.0188046281028076,0,144,197
NBM2,Chen2023,Healthy,cellchat,Late GMP,CD4 Memory T,HLA-DRB1,CD4,0.00912853677450651,0,32,197
NBM2,Chen2023,Healthy,cellchat,LMPP,CD4 Memory T,HLA-DRB1,CD4,0.0147303644019783,0,34,197
NBM2,Chen2023,Healthy,cellchat,MEP,CD4 Memory T,HLA-DRB1,CD4,0.010309041769325,0,16,197
NBM2,Chen2023,Healthy,cellchat,Monocyte,CD4 Memory T,HLA-DRB1,CD4,0.0172092973115598,0,404,197
NBM2,Chen2023,Healthy,cellchat,pDC,CD4 Memory T,HLA-DRB1,CD4,0.0247513508311,0,31,197
NBM2,Chen2023,Healthy,cellchat,Pro-B,CD4 Memory T,HLA-DRB1,CD4,0.0251205844532386,0,21,197
NBM2,Chen2023,Healthy,cellchat,Pro-Monocyte,CD4 Memory T,HLA-DRB1,CD4,0.00944614893748536,0,62,197
NBM2,Chen2023,Healthy,cellchat,B,cDC,HLA-DRB1,CD4,0.0255366585785946,0,170,32
NBM2,Chen2023,Healthy,cellchat,CD8 Memory T,cDC,HLA-DRB1,CD4,0.00242706947335236,0.05,116,32
NBM2,Chen2023,Healthy,cellchat,cDC,cDC,HLA-DRB1,CD4,0.0284007899955294,0,32,32
NBM2,Chen2023,Healthy,cellchat,Cycling Progenitor,cDC,HLA-DRB1,CD4,0.013232632828983,0,14,32
NBM2,Chen2023,Healthy,cellchat,Early GMP,cDC,HLA-DRB1,CD4,0.0116645210280627,0,47,32
NBM2,Chen2023,Healthy,cellchat,HSC MPP,cDC,HLA-DRB1,CD4,0.0144088948546967,0,144,32
NBM2,Chen2023,Healthy,cellchat,Late GMP,cDC,HLA-DRB1,CD4,0.00697858067910856,0,32,32
NBM2,Chen2023,Healthy,cellchat,LMPP,cDC,HLA-DRB1,CD4,0.0112760780391908,0,34,32
NBM2,Chen2023,Healthy,cellchat,MEP,cDC,HLA-DRB1,CD4,0.00788326473439312,0.02,16,32
NBM2,Chen2023,Healthy,cellchat,Monocyte,cDC,HLA-DRB1,CD4,0.0131814756195019,0,404,32
NBM2,Chen2023,Healthy,cellchat,pDC,cDC,HLA-DRB1,CD4,0.0189924305084596,0,31,32
NBM2,Chen2023,Healthy,cellchat,Pro-B,cDC,HLA-DRB1,CD4,0.0192774523491965,0,21,32
NBM2,Chen2023,Healthy,cellchat,Pro-Monocyte,cDC,HLA-DRB1,CD4,0.00722193392450058,0,62,32
NBM2,Chen2023,Healthy,cellchat,B,Monocyte,HLA-DRB1,CD4,0.0458185599366744,0,170,404
NBM2,Chen2023,Healthy,cellchat,CD8 Memory T,Monocyte,HLA-DRB1,CD4,0.00443831001857494,0,116,404
NBM2,Chen2023,Healthy,cellchat,cDC,Monocyte,HLA-DRB1,CD4,0.0508387844180529,0,32,404
NBM2,Chen2023,Healthy,cellchat,Cycling Progenitor,Monocyte,HLA-DRB1,CD4,0.0239828525610069,0,14,404
NBM2,Chen2023,Healthy,cellchat,Early GMP,Monocyte,HLA-DRB1,CD4,0.0211681318213151,0,47,404
NBM2,Chen2023,Healthy,cellchat,HSC MPP,Monocyte,HLA-DRB1,CD4,0.0260894470723051,0,144,404
NBM2,Chen2023,Healthy,cellchat,Late GMP,Monocyte,HLA-DRB1,CD4,0.0127134556381254,0,32,404
NBM2,Chen2023,Healthy,cellchat,LMPP,Monocyte,HLA-DRB1,CD4,0.0204697615986213,0,34,404
NBM2,Chen2023,Healthy,cellchat,MEP,Monocyte,HLA-DRB1,CD4,0.0143508489835973,0,16,404
NBM2,Chen2023,Healthy,cellchat,Monocyte,Monocyte,HLA-DRB1,CD4,0.0238911413595682,0,404,404
NBM2,Chen2023,Healthy,cellchat,pDC,Monocyte,HLA-DRB1,CD4,0.0342594633052282,0,31,404
NBM2,Chen2023,Healthy,cellchat,Pro-B,Monocyte,HLA-DRB1,CD4,0.0347654799874911,0,21,404
NBM2,Chen2023,Healthy,cellchat,Pro-Monocyte,Monocyte,HLA-DRB1,CD4,0.0131541432063481,0,62,404
NBM2,Chen2023,Healthy,cellchat,B,Pro-Monocyte,HLA-DRB1,CD4,0.0293258413456178,0,170,62
NBM2,Chen2023,Healthy,cellchat,CD8 Memory T,Pro-Monocyte,HLA-DRB1,CD4,0.00279704566687115,0.04,116,62
NBM2,Chen2023,Healthy,cellchat,cDC,Pro-Monocyte,HLA-DRB1,CD4,0.0326007406372845,0,32,62
NBM2,Chen2023,Healthy,cellchat,Cycling Progenitor,Pro-Monocyte,HLA-DRB1,CD4,0.0152246425345064,0,14,62
NBM2,Chen2023,Healthy,cellchat,Early GMP,Pro-Monocyte,HLA-DRB1,CD4,0.0134236821245679,0,47,62
NBM2,Chen2023,Healthy,cellchat,HSC MPP,Pro-Monocyte,HLA-DRB1,CD4,0.0165750019814982,0,144,62
NBM2,Chen2023,Healthy,cellchat,Late GMP,Pro-Monocyte,HLA-DRB1,CD4,0.00803678781410441,0,32,62
NBM2,Chen2023,Healthy,cellchat,LMPP,Pro-Monocyte,HLA-DRB1,CD4,0.0129774261129409,0,34,62
NBM2,Chen2023,Healthy,cellchat,MEP,Pro-Monocyte,HLA-DRB1,CD4,0.00907740092246322,0,16,62
NBM2,Chen2023,Healthy,cellchat,Monocyte,Pro-Monocyte,HLA-DRB1,CD4,0.0151659025980924,0,404,62
NBM2,Chen2023,Healthy,cellchat,pDC,Pro-Monocyte,HLA-DRB1,CD4,0.0218323228025873,0,31,62
NBM2,Chen2023,Healthy,cellchat,Pro-B,Pro-Monocyte,HLA-DRB1,CD4,0.0221590006016077,0,21,62
NBM2,Chen2023,Healthy,cellchat,Pro-Monocyte,Pro-Monocyte,HLA-DRB1,CD4,0.00831673322508641,0,62,62
NBM2,Chen2023,Healthy,cellchat,B,CD4 Memory T,HLA-DRB5,CD4,0.0217555899224344,0,170,197
NBM2,Chen2023,Healthy,cellchat,cDC,CD4 Memory T,HLA-DRB5,CD4,0.0244466805774135,0,32,197
NBM2,Chen2023,Healthy,cellchat,Cycling Progenitor,CD4 Memory T,HLA-DRB5,CD4,0.004966884560828,0,14,197
NBM2,Chen2023,Healthy,cellchat,Early GMP,CD4 Memory T,HLA-DRB5,CD4,0.00463371988815791,0,47,197
NBM2,Chen2023,Healthy,cellchat,HSC MPP,CD4 Memory T,HLA-DRB5,CD4,0.00861299879125392,0,144,197
NBM2,Chen2023,Healthy,cellchat,Late GMP,CD4 Memory T,HLA-DRB5,CD4,0.00151407875599732,0,32,197
NBM2,Chen2023,Healthy,cellchat,LMPP,CD4 Memory T,HLA-DRB5,CD4,0.00696064818619042,0,34,197
NBM2,Chen2023,Healthy,cellchat,MEP,CD4 Memory T,HLA-DRB5,CD4,0.00123500403559461,0,16,197
NBM2,Chen2023,Healthy,cellchat,Monocyte,CD4 Memory T,HLA-DRB5,CD4,0.00814761834974548,0,404,197
NBM2,Chen2023,Healthy,cellchat,pDC,CD4 Memory T,HLA-DRB5,CD4,0.0137679222287647,0,31,197
NBM2,Chen2023,Healthy,cellchat,Pro-B,CD4 Memory T,HLA-DRB5,CD4,0.0095733015329148,0,21,197
NBM2,Chen2023,Healthy,cellchat,Pro-Monocyte,CD4 Memory T,HLA-DRB5,CD4,0.00174013345734465,0,62,197
NBM2,Chen2023,Healthy,cellchat,B,cDC,HLA-DRB5,CD4,0.0166817733949713,0,170,32
NBM2,Chen2023,Healthy,cellchat,cDC,cDC,HLA-DRB5,CD4,0.0187572847611488,0,32,32
NBM2,Chen2023,Healthy,cellchat,Cycling Progenitor,cDC,HLA-DRB5,CD4,0.00379332991503097,0,14,32
NBM2,Chen2023,Healthy,cellchat,Early GMP,cDC,HLA-DRB5,CD4,0.00353860404850352,0,47,32
NBM2,Chen2023,Healthy,cellchat,HSC MPP,cDC,HLA-DRB5,CD4,0.00658365562773505,0,144,32
NBM2,Chen2023,Healthy,cellchat,Late GMP,cDC,HLA-DRB5,CD4,0.00115539128973518,0.02,32,32
NBM2,Chen2023,Healthy,cellchat,LMPP,cDC,HLA-DRB5,CD4,0.0053185333866956,0,34,32
NBM2,Chen2023,Healthy,cellchat,MEP,cDC,HLA-DRB5,CD4,0.000942367380346548,0.05,16,32
NBM2,Chen2023,Healthy,cellchat,Monocyte,cDC,HLA-DRB5,CD4,0.00622723658752397,0,404,32
NBM2,Chen2023,Healthy,cellchat,pDC,cDC,HLA-DRB5,CD4,0.0105369159250573,0,31,32
NBM2,Chen2023,Healthy,cellchat,Pro-B,cDC,HLA-DRB5,CD4,0.00731936806552608,0,21,32
NBM2,Chen2023,Healthy,cellchat,Pro-Monocyte,cDC,HLA-DRB5,CD4,0.00132796452643995,0.04,62,32
NBM2,Chen2023,Healthy,cellchat,B,Monocyte,HLA-DRB5,CD4,0.0301484708609235,0,170,404
NBM2,Chen2023,Healthy,cellchat,cDC,Monocyte,HLA-DRB5,CD4,0.0338418167255791,0,32,404
NBM2,Chen2023,Healthy,cellchat,Cycling Progenitor,Monocyte,HLA-DRB5,CD4,0.00692888616929877,0,14,404
NBM2,Chen2023,Healthy,cellchat,Early GMP,Monocyte,HLA-DRB5,CD4,0.00646497100989236,0,47,404
NBM2,Chen2023,Healthy,cellchat,HSC MPP,Monocyte,HLA-DRB5,CD4,0.0119979093154944,0,144,404
NBM2,Chen2023,Healthy,cellchat,Late GMP,Monocyte,HLA-DRB5,CD4,0.00211506409255304,0,32,404
NBM2,Chen2023,Healthy,cellchat,LMPP,Monocyte,HLA-DRB5,CD4,0.00970253985620955,0,34,404
NBM2,Chen2023,Healthy,cellchat,MEP,Monocyte,HLA-DRB5,CD4,0.00172540728367169,0,16,404
NBM2,Chen2023,Healthy,cellchat,Monocyte,Monocyte,HLA-DRB5,CD4,0.0113517284599346,0,404,404
NBM2,Chen2023,Healthy,cellchat,pDC,Monocyte,HLA-DRB5,CD4,0.0191396073283556,0,31,404
NBM2,Chen2023,Healthy,cellchat,Pro-B,Monocyte,HLA-DRB5,CD4,0.013330536615794,0,21,404
NBM2,Chen2023,Healthy,cellchat,Pro-Monocyte,Monocyte,HLA-DRB5,CD4,0.00243062856682116,0,62,404
NBM2,Chen2023,Healthy,cellchat,B,Pro-Monocyte,HLA-DRB5,CD4,0.0191829148545292,0,170,62
NBM2,Chen2023,Healthy,cellchat,cDC,Pro-Monocyte,HLA-DRB5,CD4,0.0215627891217826,0,32,62
NBM2,Chen2023,Healthy,cellchat,Cycling Progenitor,Pro-Monocyte,HLA-DRB5,CD4,0.00437066282763226,0.01,14,62
NBM2,Chen2023,Healthy,cellchat,Early GMP,Pro-Monocyte,HLA-DRB5,CD4,0.00407732715701623,0,47,62
NBM2,Chen2023,Healthy,cellchat,HSC MPP,Pro-Monocyte,HLA-DRB5,CD4,0.00758243499901978,0,144,62
NBM2,Chen2023,Healthy,cellchat,Late GMP,Pro-Monocyte,HLA-DRB5,CD4,0.00133177494427708,0.04,32,62
NBM2,Chen2023,Healthy,cellchat,LMPP,Pro-Monocyte,HLA-DRB5,CD4,0.00612656989958738,0,34,62
NBM2,Chen2023,Healthy,cellchat,MEP,Pro-Monocyte,HLA-DRB5,CD4,0.00108626587295235,0.05,16,62
NBM2,Chen2023,Healthy,cellchat,Monocyte,Pro-Monocyte,HLA-DRB5,CD4,0.00717233547378885,0,404,62
NBM2,Chen2023,Healthy,cellchat,pDC,Pro-Monocyte,HLA-DRB5,CD4,0.0121281063603512,0,31,62
NBM2,Chen2023,Healthy,cellchat,Pro-B,Pro-Monocyte,HLA-DRB5,CD4,0.00842881236032136,0,21,62
NBM2,Chen2023,Healthy,cellchat,Pro-Monocyte,Pro-Monocyte,HLA-DRB5,CD4,0.00153065308118563,0.03,62,62
NBM2,Chen2023,Healthy,cellchat,cDC,cDC,MPZL1,MPZL1,0.00060216142811448,0,32,32
NBM2,Chen2023,Healthy,cellchat,Cycling Progenitor,cDC,MPZL1,MPZL1,0.000442054690468289,0,14,32
NBM2,Chen2023,Healthy,cellchat,Early GMP,cDC,MPZL1,MPZL1,0.000527862567901078,0,47,32
NBM2,Chen2023,Healthy,cellchat,Late GMP,cDC,MPZL1,MPZL1,0.000107095311796411,0,32,32
NBM2,Chen2023,Healthy,cellchat,LMPP,cDC,MPZL1,MPZL1,0.000614633115605938,0,34,32
NBM2,Chen2023,Healthy,cellchat,pDC,cDC,MPZL1,MPZL1,0.00213109399010118,0,31,32
NBM2,Chen2023,Healthy,cellchat,cDC,Cycling Progenitor,MPZL1,MPZL1,0.000442054690468289,0,32,14
NBM2,Chen2023,Healthy,cellchat,Cycling Progenitor,Cycling Progenitor,MPZL1,MPZL1,0.000324504388407955,0,14,14
NBM2,Chen2023,Healthy,cellchat,Early GMP,Cycling Progenitor,MPZL1,MPZL1,0.000387503252035671,0,47,14
NBM2,Chen2023,Healthy,cellchat,Late GMP,Cycling Progenitor,MPZL1,MPZL1,7.86097349746081e-05,0,32,14
NBM2,Chen2023,Healthy,cellchat,LMPP,Cycling Progenitor,MPZL1,MPZL1,0.000451211818805257,0,34,14
NBM2,Chen2023,Healthy,cellchat,pDC,Cycling Progenitor,MPZL1,MPZL1,0.00156510099423311,0,31,14
NBM2,Chen2023,Healthy,cellchat,cDC,Early GMP,MPZL1,MPZL1,0.000527862567901078,0,32,47
NBM2,Chen2023,Healthy,cellchat,Cycling Progenitor,Early GMP,MPZL1,MPZL1,0.000387503252035671,0,14,47
NBM2,Chen2023,Healthy,cellchat,Early GMP,Early GMP,MPZL1,MPZL1,0.000462726972604771,0,47,47
NBM2,Chen2023,Healthy,cellchat,Late GMP,Early GMP,MPZL1,MPZL1,9.38754104302826e-05,0,32,47
NBM2,Chen2023,Healthy,cellchat,LMPP,Early GMP,MPZL1,MPZL1,0.000538796241571715,0,34,47
NBM2,Chen2023,Healthy,cellchat,pDC,Early GMP,MPZL1,MPZL1,0.00186849751394361,0,31,47
NBM2,Chen2023,Healthy,cellchat,cDC,Late GMP,MPZL1,MPZL1,0.000107095311796411,0,32,32
NBM2,Chen2023,Healthy,cellchat,Cycling Progenitor,Late GMP,MPZL1,MPZL1,7.86097349746081e-05,0,14,32
NBM2,Chen2023,Healthy,cellchat,Early GMP,Late GMP,MPZL1,MPZL1,9.38754104302826e-05,0,47,32
NBM2,Chen2023,Healthy,cellchat,Late GMP,Late GMP,MPZL1,MPZL1,1.90393075830751e-05,0,32,32
NBM2,Chen2023,Healthy,cellchat,LMPP,Late GMP,MPZL1,MPZL1,0.000109314541635217,0,34,32
NBM2,Chen2023,Healthy,cellchat,pDC,Late GMP,MPZL1,MPZL1,0.000379495574707315,0,31,32
NBM2,Chen2023,Healthy,cellchat,cDC,LMPP,MPZL1,MPZL1,0.000614633115605938,0,32,34
NBM2,Chen2023,Healthy,cellchat,Cycling Progenitor,LMPP,MPZL1,MPZL1,0.000451211818805257,0,14,34
NBM2,Chen2023,Healthy,cellchat,Early GMP,LMPP,MPZL1,MPZL1,0.000538796241571715,0,47,34
NBM2,Chen2023,Healthy,cellchat,Late GMP,LMPP,MPZL1,MPZL1,0.000109314541635217,0,32,34
NBM2,Chen2023,Healthy,cellchat,LMPP,LMPP,MPZL1,MPZL1,0.000627362948738953,0,34,34
NBM2,Chen2023,Healthy,cellchat,pDC,LMPP,MPZL1,MPZL1,0.00217516329645839,0,31,34
NBM2,Chen2023,Healthy,cellchat,cDC,pDC,MPZL1,MPZL1,0.00213109399010118,0,32,31
NBM2,Chen2023,Healthy,cellchat,Cycling Progenitor,pDC,MPZL1,MPZL1,0.00156510099423311,0,14,31
NBM2,Chen2023,Healthy,cellchat,Early GMP,pDC,MPZL1,MPZL1,0.00186849751394361,0,47,31
NBM2,Chen2023,Healthy,cellchat,Late GMP,pDC,MPZL1,MPZL1,0.000379495574707315,0,32,31
NBM2,Chen2023,Healthy,cellchat,LMPP,pDC,MPZL1,MPZL1,0.00217516329645839,0,34,31
NBM2,Chen2023,Healthy,cellchat,pDC,pDC,MPZL1,MPZL1,0.00751291654796152,0,31,31
NBM2,Chen2023,Healthy,cellchat,pDC,pDC,NEGR1,NEGR1,8.63655375867004e-05,0,31,31
NBM2,Chen2023,Healthy,cellchat,Early GMP,Early GMP,OCLN,OCLN,0.000343293790605952,0,47,47
NBM2,Chen2023,Healthy,cellchat,cDC,cDC,PECAM1,PECAM1,0.000398368816428365,0.33,32,32
NBM2,Chen2023,Healthy,cellchat,Cycling Progenitor,cDC,PECAM1,PECAM1,0.00119065817224563,0.05,14,32
NBM2,Chen2023,Healthy,cellchat,Early GMP,cDC,PECAM1,PECAM1,0.00130892484428627,0.05,47,32
NBM2,Chen2023,Healthy,cellchat,HSC MPP,cDC,PECAM1,PECAM1,0.000624677631261225,0.15,144,32
NBM2,Chen2023,Healthy,cellchat,Late GMP,cDC,PECAM1,PECAM1,0.000668188560104986,0.13,32,32
NBM2,Chen2023,Healthy,cellchat,LMPP,cDC,PECAM1,PECAM1,0.00171264816770957,0.02,34,32
NBM2,Chen2023,Healthy,cellchat,MEP,cDC,PECAM1,PECAM1,0.000539017776549732,0.17,16,32
NBM2,Chen2023,Healthy,cellchat,Monocyte,cDC,PECAM1,PECAM1,0.00345780946752027,0,404,32
NBM2,Chen2023,Healthy,cellchat,pDC,cDC,PECAM1,PECAM1,0.000541894904411152,0.18,31,32
NBM2,Chen2023,Healthy,cellchat,Plasma Cell,cDC,PECAM1,PECAM1,0.00104112219116942,0.02,317,32
NBM2,Chen2023,Healthy,cellchat,Pro-B,cDC,PECAM1,PECAM1,0.00138330264334204,0.05,21,32
NBM2,Chen2023,Healthy,cellchat,Pro-Monocyte,cDC,PECAM1,PECAM1,0.00123794248609377,0,62,32
NBM2,Chen2023,Healthy,cellchat,cDC,Cycling Progenitor,PECAM1,PECAM1,0.00119065817224563,0.05,32,14
NBM2,Chen2023,Healthy,cellchat,Cycling Progenitor,Cycling Progenitor,PECAM1,PECAM1,0.00355307842609486,0.02,14,14
NBM2,Chen2023,Healthy,cellchat,Early GMP,Cycling Progenitor,PECAM1,PECAM1,0.00390508407041591,0,47,14
NBM2,Chen2023,Healthy,cellchat,HSC MPP,Cycling Progenitor,PECAM1,PECAM1,0.00186621729927557,0.01,144,14
NBM2,Chen2023,Healthy,cellchat,Late GMP,Cycling Progenitor,PECAM1,PECAM1,0.00199603298319091,0.02,32,14
NBM2,Chen2023,Healthy,cellchat,LMPP,Cycling Progenitor,PECAM1,PECAM1,0.0051054702620421,0,34,14
NBM2,Chen2023,Healthy,cellchat,MEP,Cycling Progenitor,PECAM1,PECAM1,0.00161058383027376,0.05,16,14
NBM2,Chen2023,Healthy,cellchat,Monocyte,Cycling Progenitor,PECAM1,PECAM1,0.010272288814246,0,404,14
NBM2,Chen2023,Healthy,cellchat,pDC,Cycling Progenitor,PECAM1,PECAM1,0.00161917141525191,0.01,31,14
NBM2,Chen2023,Healthy,cellchat,Plasma Cell,Cycling Progenitor,PECAM1,PECAM1,0.00310776683208697,0,317,14
NBM2,Chen2023,Healthy,cellchat,Pro-B,Cycling Progenitor,PECAM1,PECAM1,0.00412637540440404,0.01,21,14
NBM2,Chen2023,Healthy,cellchat,Pro-Monocyte,Cycling Progenitor,PECAM1,PECAM1,0.00369383398984659,0,62,14
NBM2,Chen2023,Healthy,cellchat,cDC,Early GMP,PECAM1,PECAM1,0.00130892484428627,0.05,32,47
NBM2,Chen2023,Healthy,cellchat,Cycling Progenitor,Early GMP,PECAM1,PECAM1,0.00390508407041591,0,14,47
NBM2,Chen2023,Healthy,cellchat,Early GMP,Early GMP,PECAM1,PECAM1,0.0042918129245194,0,47,47
NBM2,Chen2023,Healthy,cellchat,HSC MPP,Early GMP,PECAM1,PECAM1,0.00205144864126721,0,144,47
NBM2,Chen2023,Healthy,cellchat,Late GMP,Early GMP,PECAM1,PECAM1,0.00219412085321046,0,32,47
NBM2,Chen2023,Healthy,cellchat,LMPP,Early GMP,PECAM1,PECAM1,0.00561040637424367,0,34,47
NBM2,Chen2023,Healthy,cellchat,MEP,Early GMP,PECAM1,PECAM1,0.00177048728635194,0.04,16,47
NBM2,Chen2023,Healthy,cellchat,Monocyte,Early GMP,PECAM1,PECAM1,0.0112824334967032,0,404,47
NBM2,Chen2023,Healthy,cellchat,pDC,Early GMP,PECAM1,PECAM1,0.00177992595177804,0,31,47
NBM2,Chen2023,Healthy,cellchat,Plasma Cell,Early GMP,PECAM1,PECAM1,0.00341580641896163,0,317,47
NBM2,Chen2023,Healthy,cellchat,Pro-B,Early GMP,PECAM1,PECAM1,0.00453491944193028,0,21,47
NBM2,Chen2023,Healthy,cellchat,Pro-Monocyte,Early GMP,PECAM1,PECAM1,0.00405972755991464,0,62,47
NBM2,Chen2023,Healthy,cellchat,cDC,HSC MPP,PECAM1,PECAM1,0.000624677631261225,0.15,32,144
NBM2,Chen2023,Healthy,cellchat,Cycling Progenitor,HSC MPP,PECAM1,PECAM1,0.00186621729927557,0.01,14,144
NBM2,Chen2023,Healthy,cellchat,Early GMP,HSC MPP,PECAM1,PECAM1,0.00205144864126721,0,47,144
NBM2,Chen2023,Healthy,cellchat,HSC MPP,HSC MPP,PECAM1,PECAM1,0.000979423953516061,0.07,144,144
NBM2,Chen2023,Healthy,cellchat,Late GMP,HSC MPP,PECAM1,PECAM1,0.00104761827225521,0.04,32,144
NBM2,Chen2023,Healthy,cellchat,LMPP,HSC MPP,PECAM1,PECAM1,0.0026835797713441,0,34,144
NBM2,Chen2023,Healthy,cellchat,MEP,HSC MPP,PECAM1,PECAM1,0.000845160117274683,0.14,16,144
NBM2,Chen2023,Healthy,cellchat,Monocyte,HSC MPP,PECAM1,PECAM1,0.00541274060729095,0,404,144
NBM2,Chen2023,Healthy,cellchat,pDC,HSC MPP,PECAM1,PECAM1,0.00084966995911025,0.05,31,144
NBM2,Chen2023,Healthy,cellchat,Plasma Cell,HSC MPP,PECAM1,PECAM1,0.0016319757832139,0,317,144
NBM2,Chen2023,Healthy,cellchat,Pro-B,HSC MPP,PECAM1,PECAM1,0.00216792771169998,0.01,21,144
NBM2,Chen2023,Healthy,cellchat,Pro-Monocyte,HSC MPP,PECAM1,PECAM1,0.00194027780940919,0,62,144
NBM2,Chen2023,Healthy,cellchat,cDC,Late GMP,PECAM1,PECAM1,0.000668188560104986,0.13,32,32
NBM2,Chen2023,Healthy,cellchat,Cycling Progenitor,Late GMP,PECAM1,PECAM1,0.00199603298319091,0.02,14,32
NBM2,Chen2023,Healthy,cellchat,Early GMP,Late GMP,PECAM1,PECAM1,0.00219412085321046,0,47,32
NBM2,Chen2023,Healthy,cellchat,HSC MPP,Late GMP,PECAM1,PECAM1,0.00104761827225521,0.04,144,32
NBM2,Chen2023,Healthy,cellchat,Late GMP,Late GMP,PECAM1,PECAM1,0.00112055542873976,0.15,32,32
NBM2,Chen2023,Healthy,cellchat,LMPP,Late GMP,PECAM1,PECAM1,0.00287008840523046,0,34,32
NBM2,Chen2023,Healthy,cellchat,MEP,Late GMP,PECAM1,PECAM1,0.000904014511753888,0.14,16,32
NBM2,Chen2023,Healthy,cellchat,Monocyte,Late GMP,PECAM1,PECAM1,0.00578782498785813,0,404,32
NBM2,Chen2023,Healthy,cellchat,pDC,Late GMP,PECAM1,PECAM1,0.000908838119671766,0.09,31,32
NBM2,Chen2023,Healthy,cellchat,Plasma Cell,Late GMP,PECAM1,PECAM1,0.00174552592021838,0,317,32
NBM2,Chen2023,Healthy,cellchat,Pro-B,Late GMP,PECAM1,PECAM1,0.00231868187825191,0,21,32
NBM2,Chen2023,Healthy,cellchat,Pro-Monocyte,Late GMP,PECAM1,PECAM1,0.00207523449524414,0,62,32
NBM2,Chen2023,Healthy,cellchat,cDC,LMPP,PECAM1,PECAM1,0.00171264816770957,0.02,32,34
NBM2,Chen2023,Healthy,cellchat,Cycling Progenitor,LMPP,PECAM1,PECAM1,0.0051054702620421,0,14,34
NBM2,Chen2023,Healthy,cellchat,Early GMP,LMPP,PECAM1,PECAM1,0.00561040637424367,0,47,34
NBM2,Chen2023,Healthy,cellchat,HSC MPP,LMPP,PECAM1,PECAM1,0.0026835797713441,0,144,34
NBM2,Chen2023,Healthy,cellchat,Late GMP,LMPP,PECAM1,PECAM1,0.00287008840523046,0,32,34
NBM2,Chen2023,Healthy,cellchat,LMPP,LMPP,PECAM1,PECAM1,0.00733113458929723,0,34,34
NBM2,Chen2023,Healthy,cellchat,MEP,LMPP,PECAM1,PECAM1,0.00231624423461159,0,16,34
NBM2,Chen2023,Healthy,cellchat,Monocyte,LMPP,PECAM1,PECAM1,0.0147170425716956,0,404,34
NBM2,Chen2023,Healthy,cellchat,pDC,LMPP,PECAM1,PECAM1,0.00232858560425542,0.02,31,34
NBM2,Chen2023,Healthy,cellchat,Plasma Cell,LMPP,PECAM1,PECAM1,0.00446646764010754,0,317,34
NBM2,Chen2023,Healthy,cellchat,Pro-B,LMPP,PECAM1,PECAM1,0.00592775896950923,0,21,34
NBM2,Chen2023,Healthy,cellchat,Pro-Monocyte,LMPP,PECAM1,PECAM1,0.00530739642753405,0,62,34
NBM2,Chen2023,Healthy,cellchat,cDC,MEP,PECAM1,PECAM1,0.000539017776549732,0.17,32,16
NBM2,Chen2023,Healthy,cellchat,Cycling Progenitor,MEP,PECAM1,PECAM1,0.00161058383027376,0.05,14,16
NBM2,Chen2023,Healthy,cellchat,Early GMP,MEP,PECAM1,PECAM1,0.00177048728635194,0.04,47,16
NBM2,Chen2023,Healthy,cellchat,HSC MPP,MEP,PECAM1,PECAM1,0.000845160117274683,0.14,144,16
NBM2,Chen2023,Healthy,cellchat,Late GMP,MEP,PECAM1,PECAM1,0.000904014511753888,0.14,32,16
NBM2,Chen2023,Healthy,cellchat,LMPP,MEP,PECAM1,PECAM1,0.00231624423461159,0,34,16
NBM2,Chen2023,Healthy,cellchat,MEP,MEP,PECAM1,PECAM1,0.000729288334903378,0.33,16,16
NBM2,Chen2023,Healthy,cellchat,Monocyte,MEP,PECAM1,PECAM1,0.00467358090644921,0,404,16
NBM2,Chen2023,Healthy,cellchat,pDC,MEP,PECAM1,PECAM1,0.000733180329370465,0.14,31,16
NBM2,Chen2023,Healthy,cellchat,Plasma Cell,MEP,PECAM1,PECAM1,0.00140838332022233,0.03,317,16
NBM2,Chen2023,Healthy,cellchat,Pro-B,MEP,PECAM1,PECAM1,0.00187104357961811,0.03,21,16
NBM2,Chen2023,Healthy,cellchat,Pro-Monocyte,MEP,PECAM1,PECAM1,0.00167451658983492,0.04,62,16
NBM2,Chen2023,Healthy,cellchat,cDC,Monocyte,PECAM1,PECAM1,0.00345780946752027,0,32,404
NBM2,Chen2023,Healthy,cellchat,Cycling Progenitor,Monocyte,PECAM1,PECAM1,0.010272288814246,0,14,404
NBM2,Chen2023,Healthy,cellchat,Early GMP,Monocyte,PECAM1,PECAM1,0.0112824334967032,0,47,404
NBM2,Chen2023,Healthy,cellchat,HSC MPP,Monocyte,PECAM1,PECAM1,0.00541274060729095,0,144,404
NBM2,Chen2023,Healthy,cellchat,Late GMP,Monocyte,PECAM1,PECAM1,0.00578782498785813,0,32,404
NBM2,Chen2023,Healthy,cellchat,LMPP,Monocyte,PECAM1,PECAM1,0.0147170425716956,0,34,404
NBM2,Chen2023,Healthy,cellchat,MEP,Monocyte,PECAM1,PECAM1,0.00467358090644921,0,16,404
NBM2,Chen2023,Healthy,cellchat,Monocyte,Monocyte,PECAM1,PECAM1,0.0293242254431089,0,404,404
NBM2,Chen2023,Healthy,cellchat,pDC,Monocyte,PECAM1,PECAM1,0.00469842344300187,0,31,404
NBM2,Chen2023,Healthy,cellchat,Plasma Cell,Monocyte,PECAM1,PECAM1,0.008992450283427,0,317,404
NBM2,Chen2023,Healthy,cellchat,Pro-B,Monocyte,PECAM1,PECAM1,0.0119167793350844,0,21,404
NBM2,Chen2023,Healthy,cellchat,Pro-Monocyte,Monocyte,PECAM1,PECAM1,0.0106763745876386,0,62,404
NBM2,Chen2023,Healthy,cellchat,cDC,pDC,PECAM1,PECAM1,0.000541894904411152,0.18,32,31
NBM2,Chen2023,Healthy,cellchat,Cycling Progenitor,pDC,PECAM1,PECAM1,0.00161917141525191,0.01,14,31
NBM2,Chen2023,Healthy,cellchat,Early GMP,pDC,PECAM1,PECAM1,0.00177992595177804,0,47,31
NBM2,Chen2023,Healthy,cellchat,HSC MPP,pDC,PECAM1,PECAM1,0.00084966995911025,0.05,144,31
NBM2,Chen2023,Healthy,cellchat,Late GMP,pDC,PECAM1,PECAM1,0.000908838119671766,0.09,32,31
NBM2,Chen2023,Healthy,cellchat,LMPP,pDC,PECAM1,PECAM1,0.00232858560425542,0.02,34,31
NBM2,Chen2023,Healthy,cellchat,MEP,pDC,PECAM1,PECAM1,0.000733180329370465,0.14,16,31
NBM2,Chen2023,Healthy,cellchat,Monocyte,pDC,PECAM1,PECAM1,0.00469842344300187,0,404,31
NBM2,Chen2023,Healthy,cellchat,pDC,pDC,PECAM1,PECAM1,0.000737093078931048,0.25,31,31
NBM2,Chen2023,Healthy,cellchat,Plasma Cell,pDC,PECAM1,PECAM1,0.00141589430708421,0.01,317,31
NBM2,Chen2023,Healthy,cellchat,Pro-B,pDC,PECAM1,PECAM1,0.00188101731171402,0.02,21,31
NBM2,Chen2023,Healthy,cellchat,Pro-Monocyte,pDC,PECAM1,PECAM1,0.00168344448759043,0.01,62,31
NBM2,Chen2023,Healthy,cellchat,cDC,Plasma Cell,PECAM1,PECAM1,0.00104112219116942,0.02,32,317
NBM2,Chen2023,Healthy,cellchat,Cycling Progenitor,Plasma Cell,PECAM1,PECAM1,0.00310776683208697,0,14,317
NBM2,Chen2023,Healthy,cellchat,Early GMP,Plasma Cell,PECAM1,PECAM1,0.00341580641896163,0,47,317
NBM2,Chen2023,Healthy,cellchat,HSC MPP,Plasma Cell,PECAM1,PECAM1,0.0016319757832139,0,144,317
NBM2,Chen2023,Healthy,cellchat,Late GMP,Plasma Cell,PECAM1,PECAM1,0.00174552592021838,0,32,317
NBM2,Chen2023,Healthy,cellchat,LMPP,Plasma Cell,PECAM1,PECAM1,0.00446646764010754,0,34,317
NBM2,Chen2023,Healthy,cellchat,MEP,Plasma Cell,PECAM1,PECAM1,0.00140838332022233,0.03,16,317
NBM2,Chen2023,Healthy,cellchat,Monocyte,Plasma Cell,PECAM1,PECAM1,0.008992450283427,0,404,317
NBM2,Chen2023,Healthy,cellchat,pDC,Plasma Cell,PECAM1,PECAM1,0.00141589430708421,0.01,31,317
NBM2,Chen2023,Healthy,cellchat,Plasma Cell,Plasma Cell,PECAM1,PECAM1,0.00271811443312474,0,317,317
NBM2,Chen2023,Healthy,cellchat,Pro-B,Plasma Cell,PECAM1,PECAM1,0.00360947208290287,0,21,317
NBM2,Chen2023,Healthy,cellchat,Pro-Monocyte,Plasma Cell,PECAM1,PECAM1,0.00323093853211601,0,62,317
NBM2,Chen2023,Healthy,cellchat,cDC,Pro-B,PECAM1,PECAM1,0.00138330264334204,0.05,32,21
NBM2,Chen2023,Healthy,cellchat,Cycling Progenitor,Pro-B,PECAM1,PECAM1,0.00412637540440404,0.01,14,21
NBM2,Chen2023,Healthy,cellchat,Early GMP,Pro-B,PECAM1,PECAM1,0.00453491944193028,0,47,21
NBM2,Chen2023,Healthy,cellchat,HSC MPP,Pro-B,PECAM1,PECAM1,0.00216792771169998,0.01,144,21
NBM2,Chen2023,Healthy,cellchat,Late GMP,Pro-B,PECAM1,PECAM1,0.00231868187825191,0,32,21
NBM2,Chen2023,Healthy,cellchat,LMPP,Pro-B,PECAM1,PECAM1,0.00592775896950923,0,34,21
NBM2,Chen2023,Healthy,cellchat,MEP,Pro-B,PECAM1,PECAM1,0.00187104357961811,0.03,16,21
NBM2,Chen2023,Healthy,cellchat,Monocyte,Pro-B,PECAM1,PECAM1,0.0119167793350844,0,404,21
NBM2,Chen2023,Healthy,cellchat,pDC,Pro-B,PECAM1,PECAM1,0.00188101731171402,0.02,31,21
NBM2,Chen2023,Healthy,cellchat,Plasma Cell,Pro-B,PECAM1,PECAM1,0.00360947208290287,0,317,21
NBM2,Chen2023,Healthy,cellchat,Pro-B,Pro-B,PECAM1,PECAM1,0.0047917302759533,0.01,21,21
NBM2,Chen2023,Healthy,cellchat,Pro-Monocyte,Pro-B,PECAM1,PECAM1,0.00428974441362969,0,62,21
NBM2,Chen2023,Healthy,cellchat,cDC,Pro-Monocyte,PECAM1,PECAM1,0.00123794248609377,0,32,62
NBM2,Chen2023,Healthy,cellchat,Cycling Progenitor,Pro-Monocyte,PECAM1,PECAM1,0.00369383398984659,0,14,62
NBM2,Chen2023,Healthy,cellchat,Early GMP,Pro-Monocyte,PECAM1,PECAM1,0.00405972755991464,0,47,62
NBM2,Chen2023,Healthy,cellchat,HSC MPP,Pro-Monocyte,PECAM1,PECAM1,0.00194027780940919,0,144,62
NBM2,Chen2023,Healthy,cellchat,Late GMP,Pro-Monocyte,PECAM1,PECAM1,0.00207523449524414,0,32,62
NBM2,Chen2023,Healthy,cellchat,LMPP,Pro-Monocyte,PECAM1,PECAM1,0.00530739642753405,0,34,62
NBM2,Chen2023,Healthy,cellchat,MEP,Pro-Monocyte,PECAM1,PECAM1,0.00167451658983492,0.04,16,62
NBM2,Chen2023,Healthy,cellchat,Monocyte,Pro-Monocyte,PECAM1,PECAM1,0.0106763745876386,0,404,62
NBM2,Chen2023,Healthy,cellchat,pDC,Pro-Monocyte,PECAM1,PECAM1,0.00168344448759043,0.01,31,62
NBM2,Chen2023,Healthy,cellchat,Plasma Cell,Pro-Monocyte,PECAM1,PECAM1,0.00323093853211601,0,317,62
NBM2,Chen2023,Healthy,cellchat,Pro-B,Pro-Monocyte,PECAM1,PECAM1,0.00428974441362969,0,21,62
NBM2,Chen2023,Healthy,cellchat,Pro-Monocyte,Pro-Monocyte,PECAM1,PECAM1,0.00384014411042022,0,62,62
NBM2,Chen2023,Healthy,cellchat,B,Cycling Progenitor,SELL,CD34,0.0227687148611142,0,170,14
NBM2,Chen2023,Healthy,cellchat,CD4 Memory T,Cycling Progenitor,SELL,CD34,0.0182712847583149,0,197,14
NBM2,Chen2023,Healthy,cellchat,cDC,Cycling Progenitor,SELL,CD34,0.0249239678656367,0,32,14
NBM2,Chen2023,Healthy,cellchat,Cycling Progenitor,Cycling Progenitor,SELL,CD34,0.0270610566400489,0,14,14
NBM2,Chen2023,Healthy,cellchat,Early GMP,Cycling Progenitor,SELL,CD34,0.0289749958356551,0,47,14
NBM2,Chen2023,Healthy,cellchat,HSC MPP,Cycling Progenitor,SELL,CD34,0.0277508581666979,0,144,14
NBM2,Chen2023,Healthy,cellchat,Late GMP,Cycling Progenitor,SELL,CD34,0.0144712386360535,0,32,14
NBM2,Chen2023,Healthy,cellchat,LMPP,Cycling Progenitor,SELL,CD34,0.0337892035384374,0,34,14
NBM2,Chen2023,Healthy,cellchat,MEP,Cycling Progenitor,SELL,CD34,0.0129447569480769,0,16,14
NBM2,Chen2023,Healthy,cellchat,Monocyte,Cycling Progenitor,SELL,CD34,0.0246408742174231,0,404,14
NBM2,Chen2023,Healthy,cellchat,Naive T,Cycling Progenitor,SELL,CD34,0.0245553603881318,0,818,14
NBM2,Chen2023,Healthy,cellchat,pDC,Cycling Progenitor,SELL,CD34,0.0315173032312433,0,31,14
NBM2,Chen2023,Healthy,cellchat,Pro-Monocyte,Cycling Progenitor,SELL,CD34,0.0247368947158019,0,62,14
NBM2,Chen2023,Healthy,cellchat,B,Early GMP,SELL,CD34,0.0276926681494493,0,170,47
NBM2,Chen2023,Healthy,cellchat,CD4 Memory T,Early GMP,SELL,CD34,0.0222447652145318,0,197,47
NBM2,Chen2023,Healthy,cellchat,cDC,Early GMP,SELL,CD34,0.0302995638262168,0,32,47
NBM2,Chen2023,Healthy,cellchat,Cycling Progenitor,Early GMP,SELL,CD34,0.0328820358203804,0,14,47
NBM2,Chen2023,Healthy,cellchat,Early GMP,Early GMP,SELL,CD34,0.0351927818472886,0,47,47
NBM2,Chen2023,Healthy,cellchat,HSC MPP,Early GMP,SELL,CD34,0.0337150755884084,0,144,47
NBM2,Chen2023,Healthy,cellchat,Late GMP,Early GMP,SELL,CD34,0.0176331613060167,0,32,47
NBM2,Chen2023,Healthy,cellchat,LMPP,Early GMP,SELL,CD34,0.0409964605660199,0,34,47
NBM2,Chen2023,Healthy,cellchat,MEP,Early GMP,SELL,CD34,0.0157784878031654,0,16,47
NBM2,Chen2023,Healthy,cellchat,Monocyte,Early GMP,SELL,CD34,0.0299572884752609,0,404,47
NBM2,Chen2023,Healthy,cellchat,Naive T,Early GMP,SELL,CD34,0.0298538892547815,0,818,47
NBM2,Chen2023,Healthy,cellchat,pDC,Early GMP,SELL,CD34,0.0382591512498559,0,31,47
NBM2,Chen2023,Healthy,cellchat,Pro-Monocyte,Early GMP,SELL,CD34,0.0300733871938024,0,62,47
NBM2,Chen2023,Healthy,cellchat,B,HSC MPP,SELL,CD34,0.0322436281739227,0,170,144
NBM2,Chen2023,Healthy,cellchat,CD4 Memory T,HSC MPP,SELL,CD34,0.0259242983318274,0,197,144
NBM2,Chen2023,Healthy,cellchat,cDC,HSC MPP,SELL,CD34,0.0352633985436546,0,32,144
NBM2,Chen2023,Healthy,cellchat,Cycling Progenitor,HSC MPP,SELL,CD34,0.0382522555325374,0,14,144
NBM2,Chen2023,Healthy,cellchat,Early GMP,HSC MPP,SELL,CD34,0.0409244179725088,0,47,144
NBM2,Chen2023,Healthy,cellchat,HSC MPP,HSC MPP,SELL,CD34,0.039215828749956,0,144,144
NBM2,Chen2023,Healthy,cellchat,Late GMP,HSC MPP,SELL,CD34,0.0205659283540636,0,32,144
NBM2,Chen2023,Healthy,cellchat,LMPP,HSC MPP,SELL,CD34,0.0476266475812382,0,34,144
NBM2,Chen2023,Healthy,cellchat,MEP,HSC MPP,SELL,CD34,0.0184085639287096,0,16,144
NBM2,Chen2023,Healthy,cellchat,Monocyte,HSC MPP,SELL,CD34,0.0348670660388897,0,404,144
NBM2,Chen2023,Healthy,cellchat,Naive T,HSC MPP,SELL,CD34,0.034747327478252,0,818,144
NBM2,Chen2023,Healthy,cellchat,pDC,HSC MPP,SELL,CD34,0.0444671714801288,0,31,144
NBM2,Chen2023,Healthy,cellchat,Pro-Monocyte,HSC MPP,SELL,CD34,0.035001505910468,0,62,144
NBM2,Chen2023,Healthy,cellchat,B,LMPP,SELL,CD34,0.0445867728177783,0,170,34
NBM2,Chen2023,Healthy,cellchat,CD4 Memory T,LMPP,SELL,CD34,0.0359381823645651,0,197,34
NBM2,Chen2023,Healthy,cellchat,cDC,LMPP,SELL,CD34,0.0487043600166551,0,32,34
NBM2,Chen2023,Healthy,cellchat,Cycling Progenitor,LMPP,SELL,CD34,0.0527701319932606,0,14,34
NBM2,Chen2023,Healthy,cellchat,Early GMP,LMPP,SELL,CD34,0.0563969893169267,0,47,34
NBM2,Chen2023,Healthy,cellchat,HSC MPP,LMPP,SELL,CD34,0.0540788466025475,0,144,34
NBM2,Chen2023,Healthy,cellchat,Late GMP,LMPP,SELL,CD34,0.0285707225616368,0,32,34
NBM2,Chen2023,Healthy,cellchat,LMPP,LMPP,SELL,CD34,0.0654602248349812,0,34,34
NBM2,Chen2023,Healthy,cellchat,MEP,LMPP,SELL,CD34,0.0255955997753175,0,16,34
NBM2,Chen2023,Healthy,cellchat,Monocyte,LMPP,SELL,CD34,0.0481645037730668,0,404,34
NBM2,Chen2023,Healthy,cellchat,Naive T,LMPP,SELL,CD34,0.0480013710711543,0,818,34
NBM2,Chen2023,Healthy,cellchat,pDC,LMPP,SELL,CD34,0.0611937132294768,0,31,34
NBM2,Chen2023,Healthy,cellchat,Pro-Monocyte,LMPP,SELL,CD34,0.0483476472542046,0,62,34
NBM2,Chen2023,Healthy,cellchat,B,MEP,SELL,CD34,0.00673629711145431,0,170,16
NBM2,Chen2023,Healthy,cellchat,CD4 Memory T,MEP,SELL,CD34,0.00538823707211713,0,197,16
NBM2,Chen2023,Healthy,cellchat,cDC,MEP,SELL,CD34,0.00738541435462021,0,32,16
NBM2,Chen2023,Healthy,cellchat,Cycling Progenitor,MEP,SELL,CD34,0.0080310577823468,0,14,16
NBM2,Chen2023,Healthy,cellchat,Early GMP,MEP,SELL,CD34,0.00861098010761197,0,47,16
NBM2,Chen2023,Healthy,cellchat,HSC MPP,MEP,SELL,CD34,0.00823988217301003,0,144,16
NBM2,Chen2023,Healthy,cellchat,Late GMP,MEP,SELL,CD34,0.00425598042005455,0,32,16
NBM2,Chen2023,Healthy,cellchat,LMPP,MEP,SELL,CD34,0.0100768102204634,0,34,16
NBM2,Chen2023,Healthy,cellchat,MEP,MEP,SELL,CD34,0.00380288535233774,0,16,16
NBM2,Chen2023,Healthy,cellchat,Monocyte,MEP,SELL,CD34,0.00730003728145318,0,404,16
NBM2,Chen2023,Healthy,cellchat,Naive T,MEP,SELL,CD34,0.00727425436867596,0,818,16
NBM2,Chen2023,Healthy,cellchat,pDC,MEP,SELL,CD34,0.00938378672186066,0,31,16
NBM2,Chen2023,Healthy,cellchat,Pro-Monocyte,MEP,SELL,CD34,0.00732899180782052,0,62,16
NBM2,Chen2023,Healthy,cellchat,B,Pro-B,SELL,CD34,0.0130115479326643,0,170,21
NBM2,Chen2023,Healthy,cellchat,CD4 Memory T,Pro-B,SELL,CD34,0.0104208671433703,0,197,21
NBM2,Chen2023,Healthy,cellchat,cDC,Pro-B,SELL,CD34,0.0142566761342789,0,32,21
NBM2,Chen2023,Healthy,cellchat,Cycling Progenitor,Pro-B,SELL,CD34,0.0154936388343537,0,14,21
NBM2,Chen2023,Healthy,cellchat,Early GMP,Pro-B,SELL,CD34,0.0166034142430803,0,47,21
NBM2,Chen2023,Healthy,cellchat,HSC MPP,Pro-B,SELL,CD34,0.0158933970576864,0,144,21
NBM2,Chen2023,Healthy,cellchat,Late GMP,Pro-B,SELL,CD34,0.00823984037562586,0.01,32,21
NBM2,Chen2023,Healthy,cellchat,LMPP,Pro-B,SELL,CD34,0.0194031526256397,0,34,21
NBM2,Chen2023,Healthy,cellchat,MEP,Pro-B,SELL,CD34,0.00736575775556622,0,16,21
NBM2,Chen2023,Healthy,cellchat,Monocyte,Pro-B,SELL,CD34,0.0140929934917527,0,404,21
NBM2,Chen2023,Healthy,cellchat,Naive T,Pro-B,SELL,CD34,0.0140435580298383,0,818,21
NBM2,Chen2023,Healthy,cellchat,pDC,Pro-B,SELL,CD34,0.0180804334075075,0,31,21
NBM2,Chen2023,Healthy,cellchat,Pro-Monocyte,Pro-B,SELL,CD34,0.0141485072715968,0,62,21
NBM2,Chen2023,Healthy,cellchat,Late GMP,B,SELPLG,SELL,0.00658088594041204,0.01,32,170
NBM2,Chen2023,Healthy,cellchat,pDC,B,SELPLG,SELL,0.00623516515204783,0,31,170
NBM2,Chen2023,Healthy,cellchat,Pro-Monocyte,B,SELPLG,SELL,0.00858397457358794,0,62,170
NBM2,Chen2023,Healthy,cellchat,Late GMP,CD4 Memory T,SELPLG,SELL,0.00526376178913,0.01,32,197
NBM2,Chen2023,Healthy,cellchat,pDC,CD4 Memory T,SELPLG,SELL,0.00498688755819446,0,31,197
NBM2,Chen2023,Healthy,cellchat,Pro-Monocyte,CD4 Memory T,SELPLG,SELL,0.00686871641048051,0,62,197
NBM2,Chen2023,Healthy,cellchat,Late GMP,cDC,SELPLG,SELL,0.00721513637033898,0.01,32,32
NBM2,Chen2023,Healthy,cellchat,pDC,cDC,SELPLG,SELL,0.0068363251128455,0,31,32
NBM2,Chen2023,Healthy,cellchat,Pro-Monocyte,cDC,SELPLG,SELL,0.00940944945557628,0,62,32
NBM2,Chen2023,Healthy,cellchat,Late GMP,Cycling Progenitor,SELPLG,SELL,0.0078460115187645,0,32,14
NBM2,Chen2023,Healthy,cellchat,pDC,Cycling Progenitor,SELPLG,SELL,0.00743432589696024,0,31,14
NBM2,Chen2023,Healthy,cellchat,Pro-Monocyte,Cycling Progenitor,SELPLG,SELL,0.0102302132672698,0,62,14
NBM2,Chen2023,Healthy,cellchat,Late GMP,Early GMP,SELPLG,SELL,0.0084126849834934,0.01,32,47
NBM2,Chen2023,Healthy,cellchat,pDC,Early GMP,SELPLG,SELL,0.0079715045122536,0,31,47
NBM2,Chen2023,Healthy,cellchat,Pro-Monocyte,Early GMP,SELPLG,SELL,0.0109671808137726,0,62,47
NBM2,Chen2023,Healthy,cellchat,Late GMP,HSC MPP,SELPLG,SELL,0.00805006336465592,0.01,32,144
NBM2,Chen2023,Healthy,cellchat,pDC,HSC MPP,SELPLG,SELL,0.00762775331634209,0,31,144
NBM2,Chen2023,Healthy,cellchat,Pro-Monocyte,HSC MPP,SELPLG,SELL,0.010495615298816,0,62,144
NBM2,Chen2023,Healthy,cellchat,Late GMP,Late GMP,SELPLG,SELL,0.00415755240149505,0.01,32,32
NBM2,Chen2023,Healthy,cellchat,pDC,Late GMP,SELPLG,SELL,0.00393863447136567,0,31,32
NBM2,Chen2023,Healthy,cellchat,Pro-Monocyte,Late GMP,SELPLG,SELL,0.00542705688842304,0,62,32
NBM2,Chen2023,Healthy,cellchat,Late GMP,LMPP,SELPLG,SELL,0.00984509492104234,0,32,34
NBM2,Chen2023,Healthy,cellchat,pDC,LMPP,SELPLG,SELL,0.00932950235887261,0,31,34
NBM2,Chen2023,Healthy,cellchat,Pro-Monocyte,LMPP,SELPLG,SELL,0.0128289120533831,0,62,34
NBM2,Chen2023,Healthy,cellchat,Late GMP,MEP,SELPLG,SELL,0.00371489696531826,0,32,16
NBM2,Chen2023,Healthy,cellchat,pDC,MEP,SELPLG,SELL,0.00351920490210771,0,31,16
NBM2,Chen2023,Healthy,cellchat,Pro-Monocyte,MEP,SELPLG,SELL,0.00484989532544378,0,62,16
NBM2,Chen2023,Healthy,cellchat,Late GMP,Monocyte,SELPLG,SELL,0.00713171360658951,0.01,32,404
NBM2,Chen2023,Healthy,cellchat,pDC,Monocyte,SELPLG,SELL,0.00675725242500947,0,31,404
NBM2,Chen2023,Healthy,cellchat,Pro-Monocyte,Monocyte,SELPLG,SELL,0.00930089331970789,0,62,404
NBM2,Chen2023,Healthy,cellchat,Late GMP,Naive T,SELPLG,SELL,0.00710652093825245,0.01,32,818
NBM2,Chen2023,Healthy,cellchat,pDC,Naive T,SELPLG,SELL,0.00673337356428427,0,31,818
NBM2,Chen2023,Healthy,cellchat,Pro-Monocyte,Naive T,SELPLG,SELL,0.00926810958536135,0,62,818
NBM2,Chen2023,Healthy,cellchat,Late GMP,pDC,SELPLG,SELL,0.00916785984604014,0.01,32,31
NBM2,Chen2023,Healthy,cellchat,pDC,pDC,SELPLG,SELL,0.00868742324296952,0,31,31
NBM2,Chen2023,Healthy,cellchat,Pro-Monocyte,pDC,SELPLG,SELL,0.0119488998728115,0,62,31
NBM2,Chen2023,Healthy,cellchat,Late GMP,Pro-Monocyte,SELPLG,SELL,0.00716000531720243,0.01,32,62
NBM2,Chen2023,Healthy,cellchat,pDC,Pro-Monocyte,SELPLG,SELL,0.00678406878757944,0,31,62
NBM2,Chen2023,Healthy,cellchat,Pro-Monocyte,Pro-Monocyte,SELPLG,SELL,0.00933770929790363,0,62,62
NBM2,Chen2023,Healthy,cellchat,cDC,cDC,SEMA4A,PLXNB2,0.000715263553322099,0,32,32
NBM2,Chen2023,Healthy,cellchat,Late GMP,cDC,SEMA4A,PLXNB2,0.000110854617008403,0,32,32
NBM2,Chen2023,Healthy,cellchat,cDC,Late GMP,SEMA4A,PLXNB2,0.000113342888100866,0,32,32
NBM2,Chen2023,Healthy,cellchat,Late GMP,Late GMP,SEMA4A,PLXNB2,1.75574308490819e-05,0,32,32
NBM2,Chen2023,Healthy,cellchat,cDC,Monocyte,SEMA4A,PLXNB2,0.00141669859242839,0,32,404
NBM2,Chen2023,Healthy,cellchat,Late GMP,Monocyte,SEMA4A,PLXNB2,0.000219696343921667,0,32,404
NBM2,Chen2023,Healthy,cellchat,cDC,pDC,SEMA4A,PLXNB2,0.000803164042262116,0,32,31
NBM2,Chen2023,Healthy,cellchat,Late GMP,pDC,SEMA4A,PLXNB2,0.000124487065431051,0,32,31
NBM2,Chen2023,Healthy,cellchat,CD4 Memory T,cDC,SEMA4D,PLXNB2,0.00147818643353267,0,197,32
NBM2,Chen2023,Healthy,cellchat,CD8 Memory T,cDC,SEMA4D,PLXNB2,0.00158030159514081,0,116,32
NBM2,Chen2023,Healthy,cellchat,Cycling Progenitor,cDC,SEMA4D,PLXNB2,0.00090700590443486,0,14,32
NBM2,Chen2023,Healthy,cellchat,LMPP,cDC,SEMA4D,PLXNB2,0.000490583896064546,0.01,34,32
NBM2,Chen2023,Healthy,cellchat,Naive T,cDC,SEMA4D,PLXNB2,0.00160079178950294,0,818,32
NBM2,Chen2023,Healthy,cellchat,NK,cDC,SEMA4D,PLXNB2,0.00175754512416749,0,55,32
NBM2,Chen2023,Healthy,cellchat,pDC,cDC,SEMA4D,PLXNB2,0.000963068074812533,0,31,32
NBM2,Chen2023,Healthy,cellchat,CD4 Memory T,Late GMP,SEMA4D,PLXNB2,0.000234388613131683,0.01,197,32
NBM2,Chen2023,Healthy,cellchat,CD8 Memory T,Late GMP,SEMA4D,PLXNB2,0.00025060206686603,0.01,116,32
NBM2,Chen2023,Healthy,cellchat,Cycling Progenitor,Late GMP,SEMA4D,PLXNB2,0.000143750189520714,0.01,14,32
NBM2,Chen2023,Healthy,cellchat,LMPP,Late GMP,SEMA4D,PLXNB2,7.77247441330739e-05,0.01,34,32
NBM2,Chen2023,Healthy,cellchat,Naive T,Late GMP,SEMA4D,PLXNB2,0.000253855757506194,0.01,818,32
NBM2,Chen2023,Healthy,cellchat,NK,Late GMP,SEMA4D,PLXNB2,0.000278750741135405,0.01,55,32
NBM2,Chen2023,Healthy,cellchat,pDC,Late GMP,SEMA4D,PLXNB2,0.000152642617948833,0.02,31,32
NBM2,Chen2023,Healthy,cellchat,CD4 Memory T,Monocyte,SEMA4D,PLXNB2,0.00292560399479003,0,197,404
NBM2,Chen2023,Healthy,cellchat,CD8 Memory T,Monocyte,SEMA4D,PLXNB2,0.00312739559181375,0,116,404
NBM2,Chen2023,Healthy,cellchat,Cycling Progenitor,Monocyte,SEMA4D,PLXNB2,0.00179613827378045,0,14,404
NBM2,Chen2023,Healthy,cellchat,LMPP,Monocyte,SEMA4D,PLXNB2,0.000971897408578345,0,34,404
NBM2,Chen2023,Healthy,cellchat,Naive T,Monocyte,SEMA4D,PLXNB2,0.0031678817636343,0,818,404
NBM2,Chen2023,Healthy,cellchat,NK,Monocyte,SEMA4D,PLXNB2,0.00347755377386531,0,55,404
NBM2,Chen2023,Healthy,cellchat,pDC,Monocyte,SEMA4D,PLXNB2,0.00190705294683646,0,31,404
NBM2,Chen2023,Healthy,cellchat,CD4 Memory T,pDC,SEMA4D,PLXNB2,0.00165968866318341,0,197,31
NBM2,Chen2023,Healthy,cellchat,CD8 Memory T,pDC,SEMA4D,PLXNB2,0.00177431996953107,0,116,31
NBM2,Chen2023,Healthy,cellchat,Cycling Progenitor,pDC,SEMA4D,PLXNB2,0.00101844606474188,0,14,31
NBM2,Chen2023,Healthy,cellchat,LMPP,pDC,SEMA4D,PLXNB2,0.000550888173637028,0,34,31
NBM2,Chen2023,Healthy,cellchat,Naive T,pDC,SEMA4D,PLXNB2,0.00179732127803714,0,818,31
NBM2,Chen2023,Healthy,cellchat,NK,pDC,SEMA4D,PLXNB2,0.00197328121110623,0,55,31
NBM2,Chen2023,Healthy,cellchat,pDC,pDC,SEMA4D,PLXNB2,0.00108138891255441,0,31,31
NBM2,Chen2023,Healthy,cellchat,CD4 Memory T,B,SEMA4D,CD72,0.00303854665442829,0,197,170
NBM2,Chen2023,Healthy,cellchat,CD8 Memory T,B,SEMA4D,CD72,0.00324810301912611,0,116,170
NBM2,Chen2023,Healthy,cellchat,Cycling Progenitor,B,SEMA4D,CD72,0.00186555960086785,0,14,170
NBM2,Chen2023,Healthy,cellchat,LMPP,B,SEMA4D,CD72,0.00100949377626724,0,34,170
NBM2,Chen2023,Healthy,cellchat,Naive T,B,SEMA4D,CD72,0.00329014666974012,0,818,170
NBM2,Chen2023,Healthy,cellchat,NK,B,SEMA4D,CD72,0.00361172721703403,0,55,170
NBM2,Chen2023,Healthy,cellchat,pDC,B,SEMA4D,CD72,0.00198075265548282,0,31,170
NBM2,Chen2023,Healthy,cellchat,pDC,Cycling Progenitor,SEMA7A,PLXNC1,0.000634698739942765,0,31,14
NBM2,Chen2023,Healthy,cellchat,pDC,LMPP,SEMA7A,PLXNC1,0.000363679926844736,0,31,34
NBM2,Chen2023,Healthy,cellchat,Cycling Progenitor,cDC,ITGAV_ITGB1,ADGRE2,0.000813678787735637,0,14,32
NBM2,Chen2023,Healthy,cellchat,MEP,cDC,ITGAV_ITGB1,ADGRE2,0.000738644001280787,0,16,32
NBM2,Chen2023,Healthy,cellchat,Cycling Progenitor,Early GMP,ITGAV_ITGB1,ADGRE2,0.000579396469057111,0,14,47
NBM2,Chen2023,Healthy,cellchat,MEP,Early GMP,ITGAV_ITGB1,ADGRE2,0.000525955056490649,0,16,47
NBM2,Chen2023,Healthy,cellchat,Cycling Progenitor,MEP,ITGAV_ITGB1,ADGRE2,0.000934236330356371,0,14,16
NBM2,Chen2023,Healthy,cellchat,MEP,MEP,ITGAV_ITGB1,ADGRE2,0.000848093559408846,0,16,16
NBM2,Chen2023,Healthy,cellchat,Cycling Progenitor,Monocyte,ITGAV_ITGB1,ADGRE2,0.00156970846630774,0,14,404
NBM2,Chen2023,Healthy,cellchat,MEP,Monocyte,ITGAV_ITGB1,ADGRE2,0.00142505453865868,0,16,404
NBM2,Chen2023,Healthy,cellchat,B,CD8 Memory T,CD55,ADGRE5,0.0127425513982986,0,170,116
NBM2,Chen2023,Healthy,cellchat,CD4 Memory T,CD8 Memory T,CD55,ADGRE5,0.00372330893088197,0.15,197,116
NBM2,Chen2023,Healthy,cellchat,cDC,CD8 Memory T,CD55,ADGRE5,0.00733208066489262,0.03,32,116
NBM2,Chen2023,Healthy,cellchat,Cycling Progenitor,CD8 Memory T,CD55,ADGRE5,0.00118408852578954,0.55,14,116
NBM2,Chen2023,Healthy,cellchat,Early GMP,CD8 Memory T,CD55,ADGRE5,0.00145342809111368,0.53,47,116
NBM2,Chen2023,Healthy,cellchat,HSC MPP,CD8 Memory T,CD55,ADGRE5,0.00262081754010688,0.37,144,116
NBM2,Chen2023,Healthy,cellchat,Late GMP,CD8 Memory T,CD55,ADGRE5,0.00205690573515671,0.45,32,116
NBM2,Chen2023,Healthy,cellchat,LMPP,CD8 Memory T,CD55,ADGRE5,0.00338625911580159,0.31,34,116
NBM2,Chen2023,Healthy,cellchat,MEP,CD8 Memory T,CD55,ADGRE5,0.00852815478227642,0,16,116
NBM2,Chen2023,Healthy,cellchat,Monocyte,CD8 Memory T,CD55,ADGRE5,0.0198584242713888,0,404,116
NBM2,Chen2023,Healthy,cellchat,Naive T,CD8 Memory T,CD55,ADGRE5,0.0115946877309988,0,818,116
NBM2,Chen2023,Healthy,cellchat,NK,CD8 Memory T,CD55,ADGRE5,0.00166213583908323,0.52,55,116
NBM2,Chen2023,Healthy,cellchat,Plasma Cell,CD8 Memory T,CD55,ADGRE5,0.00470353657649383,0.08,317,116
NBM2,Chen2023,Healthy,cellchat,Pro-Monocyte,CD8 Memory T,CD55,ADGRE5,0.0159339181101398,0,62,116
NBM2,Chen2023,Healthy,cellchat,B,cDC,CD55,ADGRE5,0.0009735575510932,0.59,170,32
NBM2,Chen2023,Healthy,cellchat,CD4 Memory T,cDC,CD55,ADGRE5,0.000282088412588795,0.72,197,32
NBM2,Chen2023,Healthy,cellchat,cDC,cDC,CD55,ADGRE5,0.000557365124719921,0.66,32,32
NBM2,Chen2023,Healthy,cellchat,Cycling Progenitor,cDC,CD55,ADGRE5,8.94990696960669e-05,0.71,14,32
NBM2,Chen2023,Healthy,cellchat,Early GMP,cDC,CD55,ADGRE5,0.000109884432888301,0.72,47,32
NBM2,Chen2023,Healthy,cellchat,HSC MPP,cDC,CD55,ADGRE5,0.000198357672833348,0.72,144,32
NBM2,Chen2023,Healthy,cellchat,Late GMP,cDC,CD55,ADGRE5,0.000155596456822332,0.72,32,32
NBM2,Chen2023,Healthy,cellchat,LMPP,cDC,CD55,ADGRE5,0.000256472372249309,0.71,34,32
NBM2,Chen2023,Healthy,cellchat,MEP,cDC,CD55,ADGRE5,0.000649010026451562,0.62,16,32
NBM2,Chen2023,Healthy,cellchat,Monocyte,cDC,CD55,ADGRE5,0.00152739301202355,0.53,404,32
NBM2,Chen2023,Healthy,cellchat,Naive T,cDC,CD55,ADGRE5,0.000884908111718205,0.59,818,32
NBM2,Chen2023,Healthy,cellchat,NK,cDC,CD55,ADGRE5,0.000125687779348743,0.72,55,32
NBM2,Chen2023,Healthy,cellchat,Plasma Cell,cDC,CD55,ADGRE5,0.000356677574958866,0.71,317,32
NBM2,Chen2023,Healthy,cellchat,Pro-Monocyte,cDC,CD55,ADGRE5,0.00122103012339971,0.54,62,32
NBM2,Chen2023,Healthy,cellchat,B,Early GMP,CD55,ADGRE5,0.00398866689707759,0.24,170,47
NBM2,Chen2023,Healthy,cellchat,CD4 Memory T,Early GMP,CD55,ADGRE5,0.00115819937200236,0.47,197,47
NBM2,Chen2023,Healthy,cellchat,cDC,Early GMP,CD55,ADGRE5,0.00228647585980028,0.38,32,47
NBM2,Chen2023,Healthy,cellchat,Cycling Progenitor,Early GMP,CD55,ADGRE5,0.000367685515022866,0.52,14,47
NBM2,Chen2023,Healthy,cellchat,Early GMP,Early GMP,CD55,ADGRE5,0.000451405297496138,0.58,47,47
NBM2,Chen2023,Healthy,cellchat,HSC MPP,Early GMP,CD55,ADGRE5,0.000814629377963562,0.54,144,47
NBM2,Chen2023,Healthy,cellchat,Late GMP,Early GMP,CD55,ADGRE5,0.0006390995026929,0.54,32,47
NBM2,Chen2023,Healthy,cellchat,LMPP,Early GMP,CD55,ADGRE5,0.00105310877112828,0.53,34,47
NBM2,Chen2023,Healthy,cellchat,MEP,Early GMP,CD55,ADGRE5,0.0026616730710038,0.26,16,47
NBM2,Chen2023,Healthy,cellchat,Monocyte,Early GMP,CD55,ADGRE5,0.0062470062063392,0.06,404,47
NBM2,Chen2023,Healthy,cellchat,Naive T,Early GMP,CD55,ADGRE5,0.00362646660478464,0.29,818,47
NBM2,Chen2023,Healthy,cellchat,NK,Early GMP,CD55,ADGRE5,0.000516300089743514,0.58,55,47
NBM2,Chen2023,Healthy,cellchat,Plasma Cell,Early GMP,CD55,ADGRE5,0.00146410848788769,0.45,317,47
NBM2,Chen2023,Healthy,cellchat,Pro-Monocyte,Early GMP,CD55,ADGRE5,0.00499872756206034,0.11,62,47
NBM2,Chen2023,Healthy,cellchat,B,Late GMP,CD55,ADGRE5,0.0204557825268851,0,170,32
NBM2,Chen2023,Healthy,cellchat,CD4 Memory T,Late GMP,CD55,ADGRE5,0.00601031257569777,0.12,197,32
NBM2,Chen2023,Healthy,cellchat,cDC,Late GMP,CD55,ADGRE5,0.0118094594034652,0.01,32,32
NBM2,Chen2023,Healthy,cellchat,Cycling Progenitor,Late GMP,CD55,ADGRE5,0.00191439957059364,0.35,14,32
NBM2,Chen2023,Healthy,cellchat,Early GMP,Late GMP,CD55,ADGRE5,0.00234946911534293,0.34,47,32
NBM2,Chen2023,Healthy,cellchat,HSC MPP,Late GMP,CD55,ADGRE5,0.00423350497426065,0.25,144,32
NBM2,Chen2023,Healthy,cellchat,Late GMP,Late GMP,CD55,ADGRE5,0.0033237534230872,0.25,32,32
NBM2,Chen2023,Healthy,cellchat,LMPP,Late GMP,CD55,ADGRE5,0.0054673695660654,0.16,34,32
NBM2,Chen2023,Healthy,cellchat,MEP,Late GMP,CD55,ADGRE5,0.0137258240559866,0,16,32
NBM2,Chen2023,Healthy,cellchat,Monocyte,Late GMP,CD55,ADGRE5,0.0317405038349573,0,404,32
NBM2,Chen2023,Healthy,cellchat,Naive T,Late GMP,CD55,ADGRE5,0.0186262109822802,0,818,32
NBM2,Chen2023,Healthy,cellchat,NK,Late GMP,CD55,ADGRE5,0.00268649939263538,0.37,55,32
NBM2,Chen2023,Healthy,cellchat,Plasma Cell,Late GMP,CD55,ADGRE5,0.00758804902278681,0.03,317,32
NBM2,Chen2023,Healthy,cellchat,Pro-Monocyte,Late GMP,CD55,ADGRE5,0.0255289720059547,0,62,32
NBM2,Chen2023,Healthy,cellchat,B,LMPP,CD55,ADGRE5,0.0049635118187861,0.14,170,34
NBM2,Chen2023,Healthy,cellchat,CD4 Memory T,LMPP,CD55,ADGRE5,0.00144226930017125,0.51,197,34
NBM2,Chen2023,Healthy,cellchat,cDC,LMPP,CD55,ADGRE5,0.00284648794826085,0.33,32,34
NBM2,Chen2023,Healthy,cellchat,Cycling Progenitor,LMPP,CD55,ADGRE5,0.000457956118510684,0.56,14,34
NBM2,Chen2023,Healthy,cellchat,Early GMP,LMPP,CD55,ADGRE5,0.000562218414863321,0.57,47,34
NBM2,Chen2023,Healthy,cellchat,HSC MPP,LMPP,CD55,ADGRE5,0.0010145179671973,0.57,144,34
NBM2,Chen2023,Healthy,cellchat,Late GMP,LMPP,CD55,ADGRE5,0.000795951994517791,0.56,32,34
NBM2,Chen2023,Healthy,cellchat,LMPP,LMPP,CD55,ADGRE5,0.00131143711772737,0.53,34,34
NBM2,Chen2023,Healthy,cellchat,MEP,LMPP,CD55,ADGRE5,0.0033132746721598,0.27,16,34
NBM2,Chen2023,Healthy,cellchat,Monocyte,LMPP,CD55,ADGRE5,0.00776949207937619,0.02,404,34
NBM2,Chen2023,Healthy,cellchat,Naive T,LMPP,CD55,ADGRE5,0.00451318955869878,0.17,818,34
NBM2,Chen2023,Healthy,cellchat,NK,LMPP,CD55,ADGRE5,0.000643033640480804,0.57,55,34
NBM2,Chen2023,Healthy,cellchat,Plasma Cell,LMPP,CD55,ADGRE5,0.0018230713704439,0.49,317,34
NBM2,Chen2023,Healthy,cellchat,Pro-Monocyte,LMPP,CD55,ADGRE5,0.00621889368096156,0.09,62,34
NBM2,Chen2023,Healthy,cellchat,B,Monocyte,CD55,ADGRE5,0.0117787160519131,0,170,404
NBM2,Chen2023,Healthy,cellchat,CD4 Memory T,Monocyte,CD55,ADGRE5,0.00343930452454167,0.07,197,404
NBM2,Chen2023,Healthy,cellchat,cDC,Monocyte,CD55,ADGRE5,0.00677468027503641,0,32,404
NBM2,Chen2023,Healthy,cellchat,Cycling Progenitor,Monocyte,CD55,ADGRE5,0.00109355670839137,0.66,14,404
NBM2,Chen2023,Healthy,cellchat,Early GMP,Monocyte,CD55,ADGRE5,0.00134233106268566,0.65,47,404
NBM2,Chen2023,Healthy,cellchat,HSC MPP,Monocyte,CD55,ADGRE5,0.00242070400439293,0.5,144,404
NBM2,Chen2023,Healthy,cellchat,Late GMP,Monocyte,CD55,ADGRE5,0.00189976788856444,0.43,32,404
NBM2,Chen2023,Healthy,cellchat,LMPP,Monocyte,CD55,ADGRE5,0.00312788328422879,0.24,34,404
NBM2,Chen2023,Healthy,cellchat,MEP,Monocyte,CD55,ADGRE5,0.0078805481463098,0,16,404
NBM2,Chen2023,Healthy,cellchat,Monocyte,Monocyte,CD55,ADGRE5,0.018366363651757,0,404,404
NBM2,Chen2023,Healthy,cellchat,Naive T,Monocyte,CD55,ADGRE5,0.010716733307094,0,818,404
NBM2,Chen2023,Healthy,cellchat,NK,Monocyte,CD55,ADGRE5,0.00153511014887034,0.59,55,404
NBM2,Chen2023,Healthy,cellchat,Plasma Cell,Monocyte,CD55,ADGRE5,0.00434508902557002,0.01,317,404
NBM2,Chen2023,Healthy,cellchat,Pro-Monocyte,Monocyte,CD55,ADGRE5,0.0147322927617993,0,62,404
NBM2,Chen2023,Healthy,cellchat,B,NK,CD55,ADGRE5,0.0133112584915307,0,170,55
NBM2,Chen2023,Healthy,cellchat,CD4 Memory T,NK,CD55,ADGRE5,0.00389106876358334,0.18,197,55
NBM2,Chen2023,Healthy,cellchat,cDC,NK,CD55,ADGRE5,0.00766118930924408,0.04,32,55
NBM2,Chen2023,Healthy,cellchat,Cycling Progenitor,NK,CD55,ADGRE5,0.00123758170912368,0.41,14,55
NBM2,Chen2023,Healthy,cellchat,Early GMP,NK,CD55,ADGRE5,0.00151907063488397,0.41,47,55
NBM2,Chen2023,Healthy,cellchat,HSC MPP,NK,CD55,ADGRE5,0.0027390393715915,0.29,144,55
NBM2,Chen2023,Healthy,cellchat,Late GMP,NK,CD55,ADGRE5,0.00214974503146362,0.32,32,55
NBM2,Chen2023,Healthy,cellchat,LMPP,NK,CD55,ADGRE5,0.00353888655603605,0.21,34,55
NBM2,Chen2023,Healthy,cellchat,MEP,NK,CD55,ADGRE5,0.00891046864079516,0.03,16,55
NBM2,Chen2023,Healthy,cellchat,Monocyte,NK,CD55,ADGRE5,0.0207380455876288,0,404,55
NBM2,Chen2023,Healthy,cellchat,Naive T,NK,CD55,ADGRE5,0.0121127935811184,0,818,55
NBM2,Chen2023,Healthy,cellchat,NK,NK,CD55,ADGRE5,0.00173718804904923,0.4,55,55
NBM2,Chen2023,Healthy,cellchat,Plasma Cell,NK,CD55,ADGRE5,0.00491524428768275,0.16,317,55
NBM2,Chen2023,Healthy,cellchat,Pro-Monocyte,NK,CD55,ADGRE5,0.0166426566090101,0,62,55
NBM2,Chen2023,Healthy,cellchat,B,pDC,CD55,ADGRE5,0.00395825569223971,0.19,170,31
NBM2,Chen2023,Healthy,cellchat,CD4 Memory T,pDC,CD55,ADGRE5,0.00114934389006105,0.43,197,31
NBM2,Chen2023,Healthy,cellchat,cDC,pDC,CD55,ADGRE5,0.00226901328021775,0.36,32,31
NBM2,Chen2023,Healthy,cellchat,Cycling Progenitor,pDC,CD55,ADGRE5,0.000364872018726715,0.49,14,31
NBM2,Chen2023,Healthy,cellchat,Early GMP,pDC,CD55,ADGRE5,0.00044795147206922,0.52,47,31
NBM2,Chen2023,Healthy,cellchat,HSC MPP,pDC,CD55,ADGRE5,0.000808398673382923,0.51,144,31
NBM2,Chen2023,Healthy,cellchat,Late GMP,pDC,CD55,ADGRE5,0.000634210488753332,0.5,32,31
NBM2,Chen2023,Healthy,cellchat,LMPP,pDC,CD55,ADGRE5,0.00104505596120937,0.46,34,31
NBM2,Chen2023,Healthy,cellchat,MEP,pDC,CD55,ADGRE5,0.00264135257120131,0.27,16,31
NBM2,Chen2023,Healthy,cellchat,Monocyte,pDC,CD55,ADGRE5,0.00619948368516428,0.07,404,31
NBM2,Chen2023,Healthy,cellchat,Naive T,pDC,CD55,ADGRE5,0.00359880698290634,0.28,818,31
NBM2,Chen2023,Healthy,cellchat,NK,pDC,CD55,ADGRE5,0.000512349991018055,0.49,55,31
NBM2,Chen2023,Healthy,cellchat,Plasma Cell,pDC,CD55,ADGRE5,0.00145291745626531,0.42,317,31
NBM2,Chen2023,Healthy,cellchat,Pro-Monocyte,pDC,CD55,ADGRE5,0.0049606536029351,0.15,62,31
NBM2,Chen2023,Healthy,cellchat,B,Plasma Cell,CD55,ADGRE5,0.00445326260466728,0.04,170,317
NBM2,Chen2023,Healthy,cellchat,CD4 Memory T,Plasma Cell,CD55,ADGRE5,0.00129353338432396,0.72,197,317
NBM2,Chen2023,Healthy,cellchat,cDC,Plasma Cell,CD55,ADGRE5,0.00255331042380086,0.35,32,317
NBM2,Chen2023,Healthy,cellchat,Cycling Progenitor,Plasma Cell,CD55,ADGRE5,0.000410687043837527,0.76,14,317
NBM2,Chen2023,Healthy,cellchat,Early GMP,Plasma Cell,CD55,ADGRE5,0.000504193077574424,0.78,47,317
NBM2,Chen2023,Healthy,cellchat,HSC MPP,Plasma Cell,CD55,ADGRE5,0.000909854275526284,0.77,144,317
NBM2,Chen2023,Healthy,cellchat,Late GMP,Plasma Cell,CD55,ADGRE5,0.000713820753155852,0.76,32,317
NBM2,Chen2023,Healthy,cellchat,LMPP,Plasma Cell,CD55,ADGRE5,0.00117617755033737,0.72,34,317
NBM2,Chen2023,Healthy,cellchat,MEP,Plasma Cell,CD55,ADGRE5,0.00297216317681222,0.32,16,317
NBM2,Chen2023,Healthy,cellchat,Monocyte,Plasma Cell,CD55,ADGRE5,0.00697280935590966,0,404,317
NBM2,Chen2023,Healthy,cellchat,Naive T,Plasma Cell,CD55,ADGRE5,0.00404904511293,0.05,818,317
NBM2,Chen2023,Healthy,cellchat,NK,Plasma Cell,CD55,ADGRE5,0.000576672352479441,0.78,55,317
NBM2,Chen2023,Healthy,cellchat,Plasma Cell,Plasma Cell,CD55,ADGRE5,0.00163512904638707,0.69,317,317
NBM2,Chen2023,Healthy,cellchat,Pro-Monocyte,Plasma Cell,CD55,ADGRE5,0.00558031491147282,0.02,62,317
NBM2,Chen2023,Healthy,cellchat,B,Pro-Monocyte,CD55,ADGRE5,0.0295732632583415,0,170,62
NBM2,Chen2023,Healthy,cellchat,CD4 Memory T,Pro-Monocyte,CD55,ADGRE5,0.0087467007653931,0,197,62
NBM2,Chen2023,Healthy,cellchat,cDC,Pro-Monocyte,CD55,ADGRE5,0.0171405667876843,0,32,62
NBM2,Chen2023,Healthy,cellchat,Cycling Progenitor,Pro-Monocyte,CD55,ADGRE5,0.0027912281182204,0.21,14,62
NBM2,Chen2023,Healthy,cellchat,Early GMP,Pro-Monocyte,CD55,ADGRE5,0.003424883354053,0.19,47,62
NBM2,Chen2023,Healthy,cellchat,HSC MPP,Pro-Monocyte,CD55,ADGRE5,0.00616596244082392,0.05,144,62
NBM2,Chen2023,Healthy,cellchat,Late GMP,Pro-Monocyte,CD55,ADGRE5,0.0048429585615967,0.09,32,62
NBM2,Chen2023,Healthy,cellchat,LMPP,Pro-Monocyte,CD55,ADGRE5,0.00795854466701991,0.03,34,62
NBM2,Chen2023,Healthy,cellchat,MEP,Pro-Monocyte,CD55,ADGRE5,0.0199046047251456,0,16,62
NBM2,Chen2023,Healthy,cellchat,Monocyte,Pro-Monocyte,CD55,ADGRE5,0.045653349660896,0,404,62
NBM2,Chen2023,Healthy,cellchat,Naive T,Pro-Monocyte,CD55,ADGRE5,0.0269506578201177,0,818,62
NBM2,Chen2023,Healthy,cellchat,NK,Pro-Monocyte,CD55,ADGRE5,0.00391557584600648,0.19,55,62
NBM2,Chen2023,Healthy,cellchat,Plasma Cell,Pro-Monocyte,CD55,ADGRE5,0.0110347781174625,0,317,62
NBM2,Chen2023,Healthy,cellchat,Pro-Monocyte,Pro-Monocyte,CD55,ADGRE5,0.0368226548866578,0,62,62
NBM2,Chen2023,Healthy,cellchat,Cycling Progenitor,CD8 Memory T,LPAR2,ADGRE5,0.0008136798758602,0,14,116
NBM2,Chen2023,Healthy,cellchat,Cycling Progenitor,cDC,LPAR2,ADGRE5,6.14807370405937e-05,0,14,32
NBM2,Chen2023,Healthy,cellchat,Cycling Progenitor,Early GMP,LPAR2,ADGRE5,0.000252600899295264,0,14,47
NBM2,Chen2023,Healthy,cellchat,Cycling Progenitor,Late GMP,LPAR2,ADGRE5,0.00131583470667849,0,14,32
NBM2,Chen2023,Healthy,cellchat,Cycling Progenitor,LMPP,LPAR2,ADGRE5,0.000314625930100021,0,14,34
NBM2,Chen2023,Healthy,cellchat,Cycling Progenitor,Monocyte,LPAR2,ADGRE5,0.000751447073952178,0,14,404
NBM2,Chen2023,Healthy,cellchat,Cycling Progenitor,NK,LPAR2,ADGRE5,0.000850453475954886,0,14,55
NBM2,Chen2023,Healthy,cellchat,Cycling Progenitor,pDC,LPAR2,ADGRE5,0.000250667799243327,0,14,31
NBM2,Chen2023,Healthy,cellchat,Cycling Progenitor,Plasma Cell,LPAR2,ADGRE5,0.000282146859665805,0,14,317
NBM2,Chen2023,Healthy,cellchat,Cycling Progenitor,Pro-Monocyte,LPAR2,ADGRE5,0.00191903717781262,0,14,62
NBM2,Chen2023,Healthy,cellchat,Cycling Progenitor,CD8 Memory T,ITGAV_ITGB1,ADGRE5,0.00223350153199417,0,14,116
NBM2,Chen2023,Healthy,cellchat,MEP,CD8 Memory T,ITGAV_ITGB1,ADGRE5,0.00202780107244362,0,16,116
NBM2,Chen2023,Healthy,cellchat,Cycling Progenitor,cDC,ITGAV_ITGB1,ADGRE5,0.000168982843460068,0,14,32
NBM2,Chen2023,Healthy,cellchat,MEP,cDC,ITGAV_ITGB1,ADGRE5,0.000153390673646488,0.01,16,32
NBM2,Chen2023,Healthy,cellchat,Cycling Progenitor,Early GMP,ITGAV_ITGB1,ADGRE5,0.000694054097106574,0,14,47
NBM2,Chen2023,Healthy,cellchat,MEP,Early GMP,ITGAV_ITGB1,ADGRE5,0.000630043750965254,0.01,16,47
NBM2,Chen2023,Healthy,cellchat,Cycling Progenitor,Late GMP,ITGAV_ITGB1,ADGRE5,0.00360872121093739,0,14,32
NBM2,Chen2023,Healthy,cellchat,MEP,Late GMP,ITGAV_ITGB1,ADGRE5,0.00327678206565449,0,16,32
NBM2,Chen2023,Healthy,cellchat,Cycling Progenitor,LMPP,ITGAV_ITGB1,ADGRE5,0.000864382283244602,0,14,34
NBM2,Chen2023,Healthy,cellchat,MEP,LMPP,ITGAV_ITGB1,ADGRE5,0.000784675458798706,0,16,34
NBM2,Chen2023,Healthy,cellchat,Cycling Progenitor,Monocyte,ITGAV_ITGB1,ADGRE5,0.00206290049186784,0,14,404
NBM2,Chen2023,Healthy,cellchat,MEP,Monocyte,ITGAV_ITGB1,ADGRE5,0.00187288251124124,0,16,404
NBM2,Chen2023,Healthy,cellchat,Cycling Progenitor,NK,ITGAV_ITGB1,ADGRE5,0.00233429290872303,0,14,55
NBM2,Chen2023,Healthy,cellchat,MEP,NK,ITGAV_ITGB1,ADGRE5,0.00211932950748531,0,16,55
NBM2,Chen2023,Healthy,cellchat,Cycling Progenitor,pDC,ITGAV_ITGB1,ADGRE5,0.000688744978612167,0,14,31
NBM2,Chen2023,Healthy,cellchat,MEP,pDC,ITGAV_ITGB1,ADGRE5,0.000625223968808164,0,16,31
NBM2,Chen2023,Healthy,cellchat,Cycling Progenitor,Plasma Cell,ITGAV_ITGB1,ADGRE5,0.000775195460233987,0,14,317
NBM2,Chen2023,Healthy,cellchat,MEP,Plasma Cell,ITGAV_ITGB1,ADGRE5,0.000703706980545247,0.01,16,317
NBM2,Chen2023,Healthy,cellchat,Cycling Progenitor,Pro-Monocyte,ITGAV_ITGB1,ADGRE5,0.00525749096679005,0,14,62
NBM2,Chen2023,Healthy,cellchat,MEP,Pro-Monocyte,ITGAV_ITGB1,ADGRE5,0.00477462061358058,0,16,62
NBM2,Chen2023,Healthy,cellchat,cDC,Cycling Progenitor,PRNP,ADGRG6,0.0014660904941079,0,32,14
NBM2,Chen2023,Healthy,cellchat,Cycling Progenitor,Cycling Progenitor,PRNP,ADGRG6,0.000312025090988746,0,14,14
NBM2,Chen2023,Healthy,cellchat,Early GMP,Cycling Progenitor,PRNP,ADGRG6,0.000317605636600807,0,47,14
NBM2,Chen2023,Healthy,cellchat,Late GMP,Cycling Progenitor,PRNP,ADGRG6,0.000337706112514245,0,32,14
NBM2,Chen2023,Healthy,cellchat,LMPP,Cycling Progenitor,PRNP,ADGRG6,0.000253613427529398,0,34,14
NBM2,Chen2023,Healthy,cellchat,MEP,Cycling Progenitor,PRNP,ADGRG6,0.00043522667399474,0,16,14
NBM2,Chen2023,Healthy,cellchat,Monocyte,Cycling Progenitor,PRNP,ADGRG6,0.000872274101550825,0,404,14
NBM2,Chen2023,Healthy,cellchat,cDC,HSC MPP,PRNP,ADGRG6,0.00869298817600653,0,32,144
NBM2,Chen2023,Healthy,cellchat,Cycling Progenitor,HSC MPP,PRNP,ADGRG6,0.00186071197007003,0,14,144
NBM2,Chen2023,Healthy,cellchat,Early GMP,HSC MPP,PRNP,ADGRG6,0.00189393819070383,0,47,144
NBM2,Chen2023,Healthy,cellchat,Late GMP,HSC MPP,PRNP,ADGRG6,0.00201359991376938,0,32,144
NBM2,Chen2023,Healthy,cellchat,LMPP,HSC MPP,PRNP,ADGRG6,0.00151282204119512,0,34,144
NBM2,Chen2023,Healthy,cellchat,MEP,HSC MPP,PRNP,ADGRG6,0.00259381840946651,0,16,144
NBM2,Chen2023,Healthy,cellchat,Monocyte,HSC MPP,PRNP,ADGRG6,0.00518723908558321,0,404,144
NBM2,Chen2023,Healthy,cellchat,cDC,LMPP,PRNP,ADGRG6,0.00276044314627857,0,32,34
NBM2,Chen2023,Healthy,cellchat,Cycling Progenitor,LMPP,PRNP,ADGRG6,0.000588099644178422,0,14,34
NBM2,Chen2023,Healthy,cellchat,Early GMP,LMPP,PRNP,ADGRG6,0.000598614806073364,0,47,34
NBM2,Chen2023,Healthy,cellchat,Late GMP,LMPP,PRNP,ADGRG6,0.000636488334784148,0,32,34
NBM2,Chen2023,Healthy,cellchat,LMPP,LMPP,PRNP,ADGRG6,0.000478031036344969,0,34,34
NBM2,Chen2023,Healthy,cellchat,MEP,LMPP,PRNP,ADGRG6,0.000820218478743482,0,16,34
NBM2,Chen2023,Healthy,cellchat,Monocyte,LMPP,PRNP,ADGRG6,0.00164323275468141,0,404,34
NBM2,Chen2023,Healthy,cellchat,Early GMP,pDC,LRFN4,PTPRS,0.00273756033795746,0,47,31
NBM2,Chen2023,Healthy,cellchat,cDC,CD4 Memory T,APP,SORL1,0.00171893488161817,0,32,197
NBM2,Chen2023,Healthy,cellchat,Cycling Progenitor,CD4 Memory T,APP,SORL1,0.00188613956476108,0.03,14,197
NBM2,Chen2023,Healthy,cellchat,Early GMP,CD4 Memory T,APP,SORL1,0.00519717139146835,0,47,197
NBM2,Chen2023,Healthy,cellchat,HSC MPP,CD4 Memory T,APP,SORL1,0.00184484656350244,0,144,197
NBM2,Chen2023,Healthy,cellchat,Late GMP,CD4 Memory T,APP,SORL1,0.0015330785155067,0.03,32,197
NBM2,Chen2023,Healthy,cellchat,LMPP,CD4 Memory T,APP,SORL1,0.00515956635207429,0,34,197
NBM2,Chen2023,Healthy,cellchat,Monocyte,CD4 Memory T,APP,SORL1,0.00218986116162807,0,404,197
NBM2,Chen2023,Healthy,cellchat,pDC,CD4 Memory T,APP,SORL1,0.0175331006784373,0,31,197
NBM2,Chen2023,Healthy,cellchat,Pro-Monocyte,CD4 Memory T,APP,SORL1,0.00277803818625974,0,62,197
NBM2,Chen2023,Healthy,cellchat,cDC,CD8 Memory T,APP,SORL1,0.00177878822359165,0,32,116
NBM2,Chen2023,Healthy,cellchat,Cycling Progenitor,CD8 Memory T,APP,SORL1,0.00195180359355715,0.02,14,116
NBM2,Chen2023,Healthy,cellchat,Early GMP,CD8 Memory T,APP,SORL1,0.00537748458747853,0,47,116
NBM2,Chen2023,Healthy,cellchat,HSC MPP,CD8 Memory T,APP,SORL1,0.00190907576812078,0,144,116
NBM2,Chen2023,Healthy,cellchat,Late GMP,CD8 Memory T,APP,SORL1,0.0015864706201916,0,32,116
NBM2,Chen2023,Healthy,cellchat,LMPP,CD8 Memory T,APP,SORL1,0.00533858186209846,0,34,116
NBM2,Chen2023,Healthy,cellchat,Monocyte,CD8 Memory T,APP,SORL1,0.00226607494241309,0,404,116
NBM2,Chen2023,Healthy,cellchat,pDC,CD8 Memory T,APP,SORL1,0.01813360109153,0,31,116
NBM2,Chen2023,Healthy,cellchat,Pro-Monocyte,CD8 Memory T,APP,SORL1,0.002874663329051,0,62,116
NBM2,Chen2023,Healthy,cellchat,cDC,Cycling Progenitor,APP,SORL1,0.000761468870157397,0.04,32,14
NBM2,Chen2023,Healthy,cellchat,Cycling Progenitor,Cycling Progenitor,APP,SORL1,0.000835616628211526,0.08,14,14
NBM2,Chen2023,Healthy,cellchat,Early GMP,Cycling Progenitor,APP,SORL1,0.00230676548793875,0,47,14
NBM2,Chen2023,Healthy,cellchat,HSC MPP,Cycling Progenitor,APP,SORL1,0.000817303752460935,0,144,14
NBM2,Chen2023,Healthy,cellchat,Late GMP,Cycling Progenitor,APP,SORL1,0.000679066164091435,0.04,32,14
NBM2,Chen2023,Healthy,cellchat,LMPP,Cycling Progenitor,APP,SORL1,0.00229002634031054,0,34,14
NBM2,Chen2023,Healthy,cellchat,Monocyte,Cycling Progenitor,APP,SORL1,0.000970338898574585,0,404,14
NBM2,Chen2023,Healthy,cellchat,pDC,Cycling Progenitor,APP,SORL1,0.0078361114778922,0,31,14
NBM2,Chen2023,Healthy,cellchat,Pro-Monocyte,Cycling Progenitor,APP,SORL1,0.00123136742786301,0,62,14
NBM2,Chen2023,Healthy,cellchat,cDC,Early GMP,APP,SORL1,0.00206643480825756,0,32,47
NBM2,Chen2023,Healthy,cellchat,Cycling Progenitor,Early GMP,APP,SORL1,0.00226736482143299,0.02,14,47
NBM2,Chen2023,Healthy,cellchat,Early GMP,Early GMP,APP,SORL1,0.00624343401919066,0,47,47
NBM2,Chen2023,Healthy,cellchat,HSC MPP,Early GMP,APP,SORL1,0.00221774425113406,0,144,47
NBM2,Chen2023,Healthy,cellchat,Late GMP,Early GMP,APP,SORL1,0.00184307508226156,0.01,32,47
NBM2,Chen2023,Healthy,cellchat,LMPP,Early GMP,APP,SORL1,0.00619830573310061,0,34,47
NBM2,Chen2023,Healthy,cellchat,Monocyte,Early GMP,APP,SORL1,0.00263231252483112,0,404,47
NBM2,Chen2023,Healthy,cellchat,pDC,Early GMP,APP,SORL1,0.0210103073828157,0,31,47
NBM2,Chen2023,Healthy,cellchat,Pro-Monocyte,Early GMP,APP,SORL1,0.00333893034451562,0,62,47
NBM2,Chen2023,Healthy,cellchat,cDC,HSC MPP,APP,SORL1,0.0026731738250595,0,32,144
NBM2,Chen2023,Healthy,cellchat,Cycling Progenitor,HSC MPP,APP,SORL1,0.00293292678224992,0,14,144
NBM2,Chen2023,Healthy,cellchat,Early GMP,HSC MPP,APP,SORL1,0.00806669447518768,0,47,144
NBM2,Chen2023,Healthy,cellchat,HSC MPP,HSC MPP,APP,SORL1,0.00286878247704572,0,144,144
NBM2,Chen2023,Healthy,cellchat,Late GMP,HSC MPP,APP,SORL1,0.00238438873166542,0,32,144
NBM2,Chen2023,Healthy,cellchat,LMPP,HSC MPP,APP,SORL1,0.00800849364993314,0,34,144
NBM2,Chen2023,Healthy,cellchat,Monocyte,HSC MPP,APP,SORL1,0.00340463562856339,0,404,144
NBM2,Chen2023,Healthy,cellchat,pDC,HSC MPP,APP,SORL1,0.0270286260957962,0,31,144
NBM2,Chen2023,Healthy,cellchat,Pro-Monocyte,HSC MPP,APP,SORL1,0.00431767830305914,0,62,144
NBM2,Chen2023,Healthy,cellchat,cDC,Late GMP,APP,SORL1,0.00286660128672375,0,32,32
NBM2,Chen2023,Healthy,cellchat,Cycling Progenitor,Late GMP,APP,SORL1,0.00314509036621959,0.01,14,32
NBM2,Chen2023,Healthy,cellchat,Early GMP,Late GMP,APP,SORL1,0.00864700654075737,0,47,32
NBM2,Chen2023,Healthy,cellchat,HSC MPP,Late GMP,APP,SORL1,0.0030763202733181,0,144,32
NBM2,Chen2023,Healthy,cellchat,Late GMP,Late GMP,APP,SORL1,0.00255697364492563,0,32,32
NBM2,Chen2023,Healthy,cellchat,LMPP,Late GMP,APP,SORL1,0.00858465502655901,0,34,32
NBM2,Chen2023,Healthy,cellchat,Monocyte,Late GMP,APP,SORL1,0.00365079699098304,0,404,32
NBM2,Chen2023,Healthy,cellchat,pDC,Late GMP,APP,SORL1,0.0289332565355123,0,31,32
NBM2,Chen2023,Healthy,cellchat,Pro-Monocyte,Late GMP,APP,SORL1,0.00462954765323482,0,62,32
NBM2,Chen2023,Healthy,cellchat,cDC,LMPP,APP,SORL1,0.0023038035702305,0,32,34
NBM2,Chen2023,Healthy,cellchat,Cycling Progenitor,LMPP,APP,SORL1,0.00252775569790459,0,14,34
NBM2,Chen2023,Healthy,cellchat,Early GMP,LMPP,APP,SORL1,0.00695726436206398,0,47,34
NBM2,Chen2023,Healthy,cellchat,HSC MPP,LMPP,APP,SORL1,0.00247245067613584,0,144,34
NBM2,Chen2023,Healthy,cellchat,Late GMP,LMPP,APP,SORL1,0.00205483962431676,0,32,34
NBM2,Chen2023,Healthy,cellchat,LMPP,LMPP,APP,SORL1,0.00690701228674978,0,34,34
NBM2,Chen2023,Healthy,cellchat,Monocyte,LMPP,APP,SORL1,0.0029344918050763,0,404,34
NBM2,Chen2023,Healthy,cellchat,pDC,LMPP,APP,SORL1,0.0233727690747083,0,31,34
NBM2,Chen2023,Healthy,cellchat,Pro-Monocyte,LMPP,APP,SORL1,0.00372192390493602,0,62,34
NBM2,Chen2023,Healthy,cellchat,cDC,MEP,APP,SORL1,0.000716937600455137,0.05,32,16
NBM2,Chen2023,Healthy,cellchat,Cycling Progenitor,MEP,APP,SORL1,0.00078675255622673,0.09,14,16
NBM2,Chen2023,Healthy,cellchat,Early GMP,MEP,APP,SORL1,0.00217206055385452,0,47,16
NBM2,Chen2023,Healthy,cellchat,HSC MPP,MEP,APP,SORL1,0.000769509731601833,0,144,16
NBM2,Chen2023,Healthy,cellchat,Late GMP,MEP,APP,SORL1,0.000639350782980339,0.01,32,16
NBM2,Chen2023,Healthy,cellchat,LMPP,MEP,APP,SORL1,0.00215629678600862,0,34,16
NBM2,Chen2023,Healthy,cellchat,Monocyte,MEP,APP,SORL1,0.000913603921274455,0,404,16
NBM2,Chen2023,Healthy,cellchat,pDC,MEP,APP,SORL1,0.00738090584329146,0,31,16
NBM2,Chen2023,Healthy,cellchat,Pro-Monocyte,MEP,APP,SORL1,0.00115938802293814,0,62,16
NBM2,Chen2023,Healthy,cellchat,cDC,Monocyte,APP,SORL1,0.00171039535369587,0,32,404
NBM2,Chen2023,Healthy,cellchat,Cycling Progenitor,Monocyte,APP,SORL1,0.00187677093928784,0.03,14,404
NBM2,Chen2023,Healthy,cellchat,Early GMP,Monocyte,APP,SORL1,0.00517144178329177,0,47,404
NBM2,Chen2023,Healthy,cellchat,HSC MPP,Monocyte,APP,SORL1,0.00183568266687268,0,144,404
NBM2,Chen2023,Healthy,cellchat,Late GMP,Monocyte,APP,SORL1,0.00152546089589979,0.01,32,404
NBM2,Chen2023,Healthy,cellchat,LMPP,Monocyte,APP,SORL1,0.00513402195416219,0,34,404
NBM2,Chen2023,Healthy,cellchat,Monocyte,Monocyte,APP,SORL1,0.00217898721702679,0,404,404
NBM2,Chen2023,Healthy,cellchat,pDC,Monocyte,APP,SORL1,0.0174473707545258,0,31,404
NBM2,Chen2023,Healthy,cellchat,Pro-Monocyte,Monocyte,APP,SORL1,0.00276425168899101,0,62,404
NBM2,Chen2023,Healthy,cellchat,cDC,Naive T,APP,SORL1,0.00169192634870781,0,32,818
NBM2,Chen2023,Healthy,cellchat,Cycling Progenitor,Naive T,APP,SORL1,0.00185650873656025,0.05,14,818
NBM2,Chen2023,Healthy,cellchat,Early GMP,Naive T,APP,SORL1,0.00511579160185982,0,47,818
NBM2,Chen2023,Healthy,cellchat,HSC MPP,Naive T,APP,SORL1,0.00181586325887758,0,144,818
NBM2,Chen2023,Healthy,cellchat,Late GMP,Naive T,APP,SORL1,0.0015089858115342,0.04,32,818
NBM2,Chen2023,Healthy,cellchat,LMPP,Naive T,APP,SORL1,0.00507877239392065,0,34,818
NBM2,Chen2023,Healthy,cellchat,Monocyte,Naive T,APP,SORL1,0.00215546923951099,0,404,818
NBM2,Chen2023,Healthy,cellchat,pDC,Naive T,APP,SORL1,0.0172619107842576,0,31,818
NBM2,Chen2023,Healthy,cellchat,Pro-Monocyte,Naive T,APP,SORL1,0.00273443421738231,0,62,818
NBM2,Chen2023,Healthy,cellchat,cDC,NK,APP,SORL1,0.0058369418734669,0,32,55
NBM2,Chen2023,Healthy,cellchat,Cycling Progenitor,NK,APP,SORL1,0.00640214549972567,0,14,55
NBM2,Chen2023,Healthy,cellchat,Early GMP,NK,APP,SORL1,0.0175018091340067,0,47,55
NBM2,Chen2023,Healthy,cellchat,HSC MPP,NK,APP,SORL1,0.00626260452766131,0,144,55
NBM2,Chen2023,Healthy,cellchat,Late GMP,NK,APP,SORL1,0.00520815724068821,0,32,55
NBM2,Chen2023,Healthy,cellchat,LMPP,NK,APP,SORL1,0.0173767269170587,0,34,55
NBM2,Chen2023,Healthy,cellchat,Monocyte,NK,APP,SORL1,0.00742765962251956,0,404,55
NBM2,Chen2023,Healthy,cellchat,pDC,NK,APP,SORL1,0.0573598353626619,0,31,55
NBM2,Chen2023,Healthy,cellchat,Pro-Monocyte,NK,APP,SORL1,0.00940939580382215,0,62,55
NBM2,Chen2023,Healthy,cellchat,cDC,pDC,APP,SORL1,0.00113507783832663,0.02,32,31
NBM2,Chen2023,Healthy,cellchat,Cycling Progenitor,pDC,APP,SORL1,0.00124556028756051,0.05,14,31
NBM2,Chen2023,Healthy,cellchat,Early GMP,pDC,APP,SORL1,0.00343595552135987,0,47,31
NBM2,Chen2023,Healthy,cellchat,HSC MPP,pDC,APP,SORL1,0.00121827428524676,0,144,31
NBM2,Chen2023,Healthy,cellchat,Late GMP,pDC,APP,SORL1,0.00101228582310061,0.02,32,31
NBM2,Chen2023,Healthy,cellchat,LMPP,pDC,APP,SORL1,0.00341105037024382,0,34,31
NBM2,Chen2023,Healthy,cellchat,Monocyte,pDC,APP,SORL1,0.00144628004517909,0,404,31
NBM2,Chen2023,Healthy,cellchat,pDC,pDC,APP,SORL1,0.0116404045443942,0,31,31
NBM2,Chen2023,Healthy,cellchat,Pro-Monocyte,pDC,APP,SORL1,0.00183510517565202,0,62,31
NBM2,Chen2023,Healthy,cellchat,cDC,Pro-Monocyte,APP,SORL1,0.000933960327135401,0.03,32,62
NBM2,Chen2023,Healthy,cellchat,Cycling Progenitor,Pro-Monocyte,APP,SORL1,0.00102488715150755,0.08,14,62
NBM2,Chen2023,Healthy,cellchat,Early GMP,Pro-Monocyte,APP,SORL1,0.00282831389602366,0,47,62
NBM2,Chen2023,Healthy,cellchat,HSC MPP,Pro-Monocyte,APP,SORL1,0.0010024304973282,0,144,62
NBM2,Chen2023,Healthy,cellchat,Late GMP,Pro-Monocyte,APP,SORL1,0.000832906937342941,0.04,32,62
NBM2,Chen2023,Healthy,cellchat,LMPP,Pro-Monocyte,APP,SORL1,0.00280780075997204,0,34,62
NBM2,Chen2023,Healthy,cellchat,Monocyte,Pro-Monocyte,APP,SORL1,0.00119008821126669,0,404,62
NBM2,Chen2023,Healthy,cellchat,pDC,Pro-Monocyte,APP,SORL1,0.00959579400669181,0,31,62
NBM2,Chen2023,Healthy,cellchat,Pro-Monocyte,Pro-Monocyte,APP,SORL1,0.00151014161615428,0,62,62
NBM2,Chen2023,Healthy,cellchat,cDC,cDC,APP,TNFRSF21,0.000145770942141904,0,32,32
NBM2,Chen2023,Healthy,cellchat,Cycling Progenitor,cDC,APP,TNFRSF21,0.00015997493368196,0,14,32
NBM2,Chen2023,Healthy,cellchat,Early GMP,cDC,APP,TNFRSF21,0.00044214594421611,0,47,32
NBM2,Chen2023,Healthy,cellchat,HSC MPP,cDC,APP,TNFRSF21,0.000156466699693687,0,144,32
NBM2,Chen2023,Healthy,cellchat,Late GMP,cDC,APP,TNFRSF21,0.000129987604780534,0,32,32
NBM2,Chen2023,Healthy,cellchat,LMPP,cDC,APP,TNFRSF21,0.000438931539482981,0,34,32
NBM2,Chen2023,Healthy,cellchat,Monocyte,cDC,APP,TNFRSF21,0.000185787143213685,0,404,32
NBM2,Chen2023,Healthy,cellchat,pDC,cDC,APP,TNFRSF21,0.00150873425713259,0,31,32
NBM2,Chen2023,Healthy,cellchat,Pro-Monocyte,cDC,APP,TNFRSF21,0.000235815112204564,0,62,32
NBM2,Chen2023,Healthy,cellchat,Cycling Progenitor,Monocyte,APOA1,ABCA1,0.000702423753880467,0,14,404
NBM2,Chen2023,Healthy,cellchat,Early GMP,Monocyte,APOA1,ABCA1,0.000805681166624245,0,47,404
NBM2,Chen2023,Healthy,cellchat,LMPP,Monocyte,APOA1,ABCA1,0.00117413309716203,0,34,404
NBM2,Chen2023,Healthy,cellchat,pDC,Monocyte,APOA1,ABCA1,0.000397275735737562,0,31,404
NBM2,Chen2023,Healthy,cellchat,NK,B,CD160,TNFRSF14,0.00364744471911139,0,55,170
NBM2,Chen2023,Healthy,cellchat,NK,CD4 Memory T,CD160,TNFRSF14,0.00379089931531489,0,55,197
NBM2,Chen2023,Healthy,cellchat,NK,CD8 Memory T,CD160,TNFRSF14,0.00360306263617768,0,55,116
NBM2,Chen2023,Healthy,cellchat,NK,Cycling Progenitor,CD160,TNFRSF14,0.00224936619073999,0,55,14
NBM2,Chen2023,Healthy,cellchat,NK,Early GMP,CD160,TNFRSF14,0.00134053569508157,0,55,47
NBM2,Chen2023,Healthy,cellchat,NK,HSC MPP,CD160,TNFRSF14,0.00224617179865004,0,55,144
NBM2,Chen2023,Healthy,cellchat,NK,LMPP,CD160,TNFRSF14,0.00175554649173162,0,55,34
NBM2,Chen2023,Healthy,cellchat,NK,Monocyte,CD160,TNFRSF14,0.00305218192615438,0,55,404
NBM2,Chen2023,Healthy,cellchat,NK,Naive T,CD160,TNFRSF14,0.00370036192510007,0,55,818
NBM2,Chen2023,Healthy,cellchat,NK,NK,CD160,TNFRSF14,0.0041320401459465,0,55,55
NBM2,Chen2023,Healthy,cellchat,NK,Plasma Cell,CD160,TNFRSF14,0.00102650582932898,0,55,317
NBM2,Chen2023,Healthy,cellchat,B,Early GMP,CD99,PILRB,0.000579433991268428,0,170,47
NBM2,Chen2023,Healthy,cellchat,CD4 Memory T,Early GMP,CD99,PILRB,0.0023703594988919,0,197,47
NBM2,Chen2023,Healthy,cellchat,CD8 Memory T,Early GMP,CD99,PILRB,0.00307916139670471,0,116,47
NBM2,Chen2023,Healthy,cellchat,cDC,Early GMP,CD99,PILRB,0.00221001731909782,0,32,47
NBM2,Chen2023,Healthy,cellchat,Cycling Progenitor,Early GMP,CD99,PILRB,0.0027305706685946,0,14,47
NBM2,Chen2023,Healthy,cellchat,Early GMP,Early GMP,CD99,PILRB,0.00304084956219465,0,47,47
NBM2,Chen2023,Healthy,cellchat,HSC MPP,Early GMP,CD99,PILRB,0.0019337330762775,0,144,47
NBM2,Chen2023,Healthy,cellchat,Late GMP,Early GMP,CD99,PILRB,0.00195717546734943,0,32,47
NBM2,Chen2023,Healthy,cellchat,LMPP,Early GMP,CD99,PILRB,0.00318686583688881,0,34,47
NBM2,Chen2023,Healthy,cellchat,MEP,Early GMP,CD99,PILRB,0.00169984784168952,0,16,47
NBM2,Chen2023,Healthy,cellchat,Monocyte,Early GMP,CD99,PILRB,0.00195035536661676,0,404,47
NBM2,Chen2023,Healthy,cellchat,Naive T,Early GMP,CD99,PILRB,0.000486823009741041,0,818,47
NBM2,Chen2023,Healthy,cellchat,NK,Early GMP,CD99,PILRB,0.00330968188990255,0,55,47
NBM2,Chen2023,Healthy,cellchat,pDC,Early GMP,CD99,PILRB,0.00305118855704765,0,31,47
NBM2,Chen2023,Healthy,cellchat,Plasma Cell,Early GMP,CD99,PILRB,0.000224817662293389,0,317,47
NBM2,Chen2023,Healthy,cellchat,Pro-B,Early GMP,CD99,PILRB,0.00399318572790514,0,21,47
NBM2,Chen2023,Healthy,cellchat,Pro-Monocyte,Early GMP,CD99,PILRB,0.00199116604153284,0,62,47
NBM2,Chen2023,Healthy,cellchat,B,MEP,CD99,PILRB,0.00169366645891964,0.03,170,16
NBM2,Chen2023,Healthy,cellchat,CD4 Memory T,MEP,CD99,PILRB,0.00690468990674062,0,197,16
NBM2,Chen2023,Healthy,cellchat,CD8 Memory T,MEP,CD99,PILRB,0.0089572059793428,0,116,16
NBM2,Chen2023,Healthy,cellchat,cDC,MEP,CD99,PILRB,0.00643960432438039,0,32,16
NBM2,Chen2023,Healthy,cellchat,Cycling Progenitor,MEP,CD99,PILRB,0.0079484696442044,0,14,16
NBM2,Chen2023,Healthy,cellchat,Early GMP,MEP,CD99,PILRB,0.00884640677238401,0,47,16
NBM2,Chen2023,Healthy,cellchat,HSC MPP,MEP,CD99,PILRB,0.00563754782526726,0,144,16
NBM2,Chen2023,Healthy,cellchat,Late GMP,MEP,CD99,PILRB,0.00570563438986228,0,32,16
NBM2,Chen2023,Healthy,cellchat,LMPP,MEP,CD99,PILRB,0.00926860403021045,0,34,16
NBM2,Chen2023,Healthy,cellchat,MEP,MEP,CD99,PILRB,0.00495791110971836,0.01,16,16
NBM2,Chen2023,Healthy,cellchat,Monocyte,MEP,CD99,PILRB,0.00568582658035376,0.01,404,16
NBM2,Chen2023,Healthy,cellchat,Naive T,MEP,CD99,PILRB,0.00142322121765513,0.05,818,16
NBM2,Chen2023,Healthy,cellchat,NK,MEP,CD99,PILRB,0.00962353651995993,0,55,16
NBM2,Chen2023,Healthy,cellchat,pDC,MEP,CD99,PILRB,0.00887630912003292,0,31,16
NBM2,Chen2023,Healthy,cellchat,Plasma Cell,MEP,CD99,PILRB,0.000657583293347906,0.08,317,16
NBM2,Chen2023,Healthy,cellchat,Pro-B,MEP,CD99,PILRB,0.0115957852345791,0,21,16
NBM2,Chen2023,Healthy,cellchat,Pro-Monocyte,MEP,CD99,PILRB,0.00580434643535634,0.01,62,16
NBM2,Chen2023,Healthy,cellchat,Cycling Progenitor,cDC,LAIR1,LILRB4,0.00465562540006166,0,14,32
NBM2,Chen2023,Healthy,cellchat,Early GMP,cDC,LAIR1,LILRB4,0.00514390652236561,0,47,32
NBM2,Chen2023,Healthy,cellchat,HSC MPP,cDC,LAIR1,LILRB4,0.00277002214606468,0,144,32
NBM2,Chen2023,Healthy,cellchat,Late GMP,cDC,LAIR1,LILRB4,0.00986642954176649,0,32,32
NBM2,Chen2023,Healthy,cellchat,LMPP,cDC,LAIR1,LILRB4,0.00259223650861608,0,34,32
NBM2,Chen2023,Healthy,cellchat,MEP,cDC,LAIR1,LILRB4,0.000485518301543492,0,16,32
NBM2,Chen2023,Healthy,cellchat,Monocyte,cDC,LAIR1,LILRB4,0.0034131836294186,0,404,32
NBM2,Chen2023,Healthy,cellchat,pDC,cDC,LAIR1,LILRB4,0.00912624325930145,0,31,32
NBM2,Chen2023,Healthy,cellchat,Pro-B,cDC,LAIR1,LILRB4,0.0044282909606359,0,21,32
NBM2,Chen2023,Healthy,cellchat,Pro-Monocyte,cDC,LAIR1,LILRB4,0.00263448244909513,0,62,32
NBM2,Chen2023,Healthy,cellchat,Cycling Progenitor,pDC,LAIR1,LILRB4,0.00633926895035064,0,14,31
NBM2,Chen2023,Healthy,cellchat,Early GMP,pDC,LAIR1,LILRB4,0.00700288793826846,0,47,31
NBM2,Chen2023,Healthy,cellchat,HSC MPP,pDC,LAIR1,LILRB4,0.00377434872488149,0,144,31
NBM2,Chen2023,Healthy,cellchat,Late GMP,pDC,LAIR1,LILRB4,0.0134091029533236,0,32,31
NBM2,Chen2023,Healthy,cellchat,LMPP,pDC,LAIR1,LILRB4,0.00353233169693572,0,34,31
NBM2,Chen2023,Healthy,cellchat,MEP,pDC,LAIR1,LILRB4,0.000662102548430404,0,16,31
NBM2,Chen2023,Healthy,cellchat,Monocyte,pDC,LAIR1,LILRB4,0.00464961392608102,0,404,31
NBM2,Chen2023,Healthy,cellchat,pDC,pDC,LAIR1,LILRB4,0.0124064730642043,0,31,31
NBM2,Chen2023,Healthy,cellchat,Pro-B,pDC,LAIR1,LILRB4,0.00603022018331241,0,21,31
NBM2,Chen2023,Healthy,cellchat,Pro-Monocyte,pDC,LAIR1,LILRB4,0.00358984332144278,0,62,31
NBM2,Chen2023,Healthy,cellchat,Cycling Progenitor,Pro-Monocyte,LAIR1,LILRB4,0.00265492426802094,0,14,62
NBM2,Chen2023,Healthy,cellchat,Early GMP,Pro-Monocyte,LAIR1,LILRB4,0.00293399075751098,0,47,62
NBM2,Chen2023,Healthy,cellchat,HSC MPP,Pro-Monocyte,LAIR1,LILRB4,0.00157835224210798,0,144,62
NBM2,Chen2023,Healthy,cellchat,Late GMP,Pro-Monocyte,LAIR1,LILRB4,0.00563913231528181,0,32,62
NBM2,Chen2023,Healthy,cellchat,LMPP,Pro-Monocyte,LAIR1,LILRB4,0.00147693711963561,0,34,62
NBM2,Chen2023,Healthy,cellchat,MEP,Pro-Monocyte,LAIR1,LILRB4,0.000276374835188103,0,16,62
NBM2,Chen2023,Healthy,cellchat,Monocyte,Pro-Monocyte,LAIR1,LILRB4,0.00194536393174657,0,404,62
NBM2,Chen2023,Healthy,cellchat,pDC,Pro-Monocyte,LAIR1,LILRB4,0.00521441060868233,0,31,62
NBM2,Chen2023,Healthy,cellchat,Pro-B,Pro-Monocyte,LAIR1,LILRB4,0.0025250363371988,0,21,62
NBM2,Chen2023,Healthy,cellchat,Pro-Monocyte,Pro-Monocyte,LAIR1,LILRB4,0.00150103426713297,0,62,62
NBM2,Chen2023,Healthy,cellchat,cDC,Cycling Progenitor,PECAM1,CD38,0.00141596110456705,0.01,32,14
NBM2,Chen2023,Healthy,cellchat,Cycling Progenitor,Cycling Progenitor,PECAM1,CD38,0.00422352130771217,0,14,14
NBM2,Chen2023,Healthy,cellchat,Early GMP,Cycling Progenitor,PECAM1,CD38,0.00464163873429496,0,47,14
NBM2,Chen2023,Healthy,cellchat,HSC MPP,Cycling Progenitor,PECAM1,CD38,0.00221906926182772,0,144,14
NBM2,Chen2023,Healthy,cellchat,Late GMP,Cycling Progenitor,PECAM1,CD38,0.00237337126982601,0,32,14
NBM2,Chen2023,Healthy,cellchat,LMPP,Cycling Progenitor,PECAM1,CD38,0.00606705588929361,0,34,14
NBM2,Chen2023,Healthy,cellchat,MEP,Cycling Progenitor,PECAM1,CD38,0.0019151950567662,0.03,16,14
NBM2,Chen2023,Healthy,cellchat,Monocyte,Cycling Progenitor,PECAM1,CD38,0.0121950862332103,0,404,14
NBM2,Chen2023,Healthy,cellchat,pDC,Cycling Progenitor,PECAM1,CD38,0.00192540368748178,0.01,31,14
NBM2,Chen2023,Healthy,cellchat,Plasma Cell,Cycling Progenitor,PECAM1,CD38,0.00369449384641833,0,317,14
NBM2,Chen2023,Healthy,cellchat,Pro-B,Cycling Progenitor,PECAM1,CD38,0.00490446326789544,0,21,14
NBM2,Chen2023,Healthy,cellchat,Pro-Monocyte,Cycling Progenitor,PECAM1,CD38,0.00439071950265386,0,62,14
NBM2,Chen2023,Healthy,cellchat,cDC,Early GMP,PECAM1,CD38,0.00161635647121972,0.01,32,47
NBM2,Chen2023,Healthy,cellchat,Cycling Progenitor,Early GMP,PECAM1,CD38,0.00481934190297735,0,14,47
NBM2,Chen2023,Healthy,cellchat,Early GMP,Early GMP,PECAM1,CD38,0.00529613027546553,0,47,47
NBM2,Chen2023,Healthy,cellchat,HSC MPP,Early GMP,PECAM1,CD38,0.00253283705266369,0,144,47
NBM2,Chen2023,Healthy,cellchat,Late GMP,Early GMP,PECAM1,CD38,0.00270889753302974,0,32,47
NBM2,Chen2023,Healthy,cellchat,LMPP,Early GMP,PECAM1,CD38,0.00692113997080749,0,34,47
NBM2,Chen2023,Healthy,cellchat,MEP,Early GMP,PECAM1,CD38,0.00218609035089572,0,16,47
NBM2,Chen2023,Healthy,cellchat,Monocyte,Early GMP,PECAM1,CD38,0.013899773938189,0,404,47
NBM2,Chen2023,Healthy,cellchat,pDC,Early GMP,PECAM1,CD38,0.00219773976466089,0,31,47
NBM2,Chen2023,Healthy,cellchat,Plasma Cell,Early GMP,PECAM1,CD38,0.00421599945863318,0,317,47
NBM2,Chen2023,Healthy,cellchat,Pro-B,Early GMP,PECAM1,CD38,0.00559580588355315,0,21,47
NBM2,Chen2023,Healthy,cellchat,Pro-Monocyte,Early GMP,PECAM1,CD38,0.00501000840936968,0,62,47
NBM2,Chen2023,Healthy,cellchat,cDC,Late GMP,PECAM1,CD38,0.00191407512049287,0,32,32
NBM2,Chen2023,Healthy,cellchat,Cycling Progenitor,Late GMP,PECAM1,CD38,0.00570365192050023,0,14,32
NBM2,Chen2023,Healthy,cellchat,Early GMP,Late GMP,PECAM1,CD38,0.00626737611115562,0,47,32
NBM2,Chen2023,Healthy,cellchat,HSC MPP,Late GMP,PECAM1,CD38,0.00299885631686307,0,144,32
NBM2,Chen2023,Healthy,cellchat,Late GMP,Late GMP,PECAM1,CD38,0.00320720618739929,0,32,32
NBM2,Chen2023,Healthy,cellchat,LMPP,Late GMP,PECAM1,CD38,0.00818793975228986,0,34,32
NBM2,Chen2023,Healthy,cellchat,MEP,Late GMP,PECAM1,CD38,0.00258847689663925,0,16,32
NBM2,Chen2023,Healthy,cellchat,Monocyte,Late GMP,PECAM1,CD38,0.0164227734369934,0,404,32
NBM2,Chen2023,Healthy,cellchat,pDC,Late GMP,PECAM1,CD38,0.00260226498795065,0,31,32
NBM2,Chen2023,Healthy,cellchat,Plasma Cell,Late GMP,PECAM1,CD38,0.00499015617555106,0,317,32
NBM2,Chen2023,Healthy,cellchat,Pro-B,Late GMP,PECAM1,CD38,0.00662164273631249,0,21,32
NBM2,Chen2023,Healthy,cellchat,Pro-Monocyte,Late GMP,PECAM1,CD38,0.00592909574068723,0,62,32
NBM2,Chen2023,Healthy,cellchat,cDC,LMPP,PECAM1,CD38,0.000531431982178014,0.08,32,34
NBM2,Chen2023,Healthy,cellchat,Cycling Progenitor,LMPP,PECAM1,CD38,0.00158794145472144,0,14,34
NBM2,Chen2023,Healthy,cellchat,Early GMP,LMPP,PECAM1,CD38,0.00174560084021534,0,47,34
NBM2,Chen2023,Healthy,cellchat,HSC MPP,LMPP,PECAM1,CD38,0.000833269461776868,0.03,144,34
NBM2,Chen2023,Healthy,cellchat,Late GMP,LMPP,PECAM1,CD38,0.000891296565613032,0.02,32,34
NBM2,Chen2023,Healthy,cellchat,LMPP,LMPP,PECAM1,CD38,0.00228370403188939,0.01,34,34
NBM2,Chen2023,Healthy,cellchat,MEP,LMPP,PECAM1,CD38,0.000719026719762659,0.02,16,34
NBM2,Chen2023,Healthy,cellchat,Monocyte,LMPP,PECAM1,CD38,0.00460807616824517,0,404,34
NBM2,Chen2023,Healthy,cellchat,pDC,LMPP,PECAM1,CD38,0.000722863990663605,0.04,31,34
NBM2,Chen2023,Healthy,cellchat,Plasma Cell,LMPP,PECAM1,CD38,0.00138857962478715,0,317,34
NBM2,Chen2023,Healthy,cellchat,Pro-B,LMPP,PECAM1,CD38,0.0018447462992154,0,21,34
NBM2,Chen2023,Healthy,cellchat,Pro-Monocyte,LMPP,PECAM1,CD38,0.00165097690255464,0,62,34
NBM2,Chen2023,Healthy,cellchat,cDC,NK,PECAM1,CD38,0.00104476836480926,0,32,55
NBM2,Chen2023,Healthy,cellchat,Cycling Progenitor,NK,PECAM1,CD38,0.00311862812499428,0,14,55
NBM2,Chen2023,Healthy,cellchat,Early GMP,NK,PECAM1,CD38,0.00342774057363396,0,47,55
NBM2,Chen2023,Healthy,cellchat,HSC MPP,NK,PECAM1,CD38,0.00163768782671307,0,144,55
NBM2,Chen2023,Healthy,cellchat,Late GMP,NK,PECAM1,CD38,0.00175163470082317,0,32,55
NBM2,Chen2023,Healthy,cellchat,LMPP,NK,PECAM1,CD38,0.00448205608895511,0,34,55
NBM2,Chen2023,Healthy,cellchat,MEP,NK,PECAM1,CD38,0.00141331388038376,0,16,55
NBM2,Chen2023,Healthy,cellchat,Monocyte,NK,PECAM1,CD38,0.00902369171562989,0,404,55
NBM2,Chen2023,Healthy,cellchat,pDC,NK,PECAM1,CD38,0.00142085112478429,0,31,55
NBM2,Chen2023,Healthy,cellchat,Plasma Cell,NK,PECAM1,CD38,0.00272761766107766,0,317,55
NBM2,Chen2023,Healthy,cellchat,Pro-B,NK,PECAM1,CD38,0.00362208040804325,0,21,55
NBM2,Chen2023,Healthy,cellchat,Pro-Monocyte,NK,PECAM1,CD38,0.00324222889612022,0,62,55
NBM2,Chen2023,Healthy,cellchat,cDC,pDC,PECAM1,CD38,0.000656567103662131,0.03,32,31
NBM2,Chen2023,Healthy,cellchat,Cycling Progenitor,pDC,PECAM1,CD38,0.00196136234561552,0,14,31
NBM2,Chen2023,Healthy,cellchat,Early GMP,pDC,PECAM1,CD38,0.00215601690765418,0,47,31
NBM2,Chen2023,Healthy,cellchat,HSC MPP,pDC,PECAM1,CD38,0.00102940438978842,0.01,144,31
NBM2,Chen2023,Healthy,cellchat,Late GMP,pDC,PECAM1,CD38,0.00110107485920458,0.01,32,31
NBM2,Chen2023,Healthy,cellchat,LMPP,pDC,PECAM1,CD38,0.00282027852787663,0,34,31
NBM2,Chen2023,Healthy,cellchat,MEP,pDC,PECAM1,CD38,0.000888295102932203,0.04,16,31
NBM2,Chen2023,Healthy,cellchat,Monocyte,pDC,PECAM1,CD38,0.00568766714170821,0,404,31
NBM2,Chen2023,Healthy,cellchat,pDC,pDC,PECAM1,CD38,0.00089303491076846,0.03,31,31
NBM2,Chen2023,Healthy,cellchat,Plasma Cell,pDC,PECAM1,CD38,0.00171519905499268,0,317,31
NBM2,Chen2023,Healthy,cellchat,Pro-B,pDC,PECAM1,CD38,0.00227841969754501,0.01,21,31
NBM2,Chen2023,Healthy,cellchat,Pro-Monocyte,pDC,PECAM1,CD38,0.00203919095642276,0,62,31
NBM2,Chen2023,Healthy,cellchat,cDC,Plasma Cell,PECAM1,CD38,0.003570637194325,0,32,317
NBM2,Chen2023,Healthy,cellchat,Cycling Progenitor,Plasma Cell,PECAM1,CD38,0.0106051055438933,0,14,317
NBM2,Chen2023,Healthy,cellchat,Early GMP,Plasma Cell,PECAM1,CD38,0.01164759321959,0,47,317
NBM2,Chen2023,Healthy,cellchat,HSC MPP,Plasma Cell,PECAM1,CD38,0.00558899964604638,0,144,317
NBM2,Chen2023,Healthy,cellchat,Late GMP,Plasma Cell,PECAM1,CD38,0.00597622478241147,0,32,317
NBM2,Chen2023,Healthy,cellchat,LMPP,Plasma Cell,PECAM1,CD38,0.0151916565532559,0,34,317
NBM2,Chen2023,Healthy,cellchat,MEP,Plasma Cell,PECAM1,CD38,0.00482588693650701,0,16,317
NBM2,Chen2023,Healthy,cellchat,Monocyte,Plasma Cell,PECAM1,CD38,0.0302554451577233,0,404,317
NBM2,Chen2023,Healthy,cellchat,pDC,Plasma Cell,PECAM1,CD38,0.00485153511340305,0,31,317
NBM2,Chen2023,Healthy,cellchat,Plasma Cell,Plasma Cell,PECAM1,CD38,0.00928418989568382,0,317,317
NBM2,Chen2023,Healthy,cellchat,Pro-B,Plasma Cell,PECAM1,CD38,0.0123022144159327,0,21,317
NBM2,Chen2023,Healthy,cellchat,Pro-Monocyte,Plasma Cell,PECAM1,CD38,0.0110221376814578,0,62,317
NBM2,Chen2023,Healthy,cellchat,cDC,Pro-B,PECAM1,CD38,0.00454406327392981,0,32,21
NBM2,Chen2023,Healthy,cellchat,Cycling Progenitor,Pro-B,PECAM1,CD38,0.0134703412408571,0,14,21
NBM2,Chen2023,Healthy,cellchat,Early GMP,Pro-B,PECAM1,CD38,0.0147902727581218,0,47,21
NBM2,Chen2023,Healthy,cellchat,HSC MPP,Pro-B,PECAM1,CD38,0.00710874554246751,0,144,21
NBM2,Chen2023,Healthy,cellchat,Late GMP,Pro-B,PECAM1,CD38,0.00760045913170806,0,32,21
NBM2,Chen2023,Healthy,cellchat,LMPP,Pro-B,PECAM1,CD38,0.0192719270245736,0,34,21
NBM2,Chen2023,Healthy,cellchat,MEP,Pro-B,PECAM1,CD38,0.00613941036736487,0,16,21
NBM2,Chen2023,Healthy,cellchat,Monocyte,Pro-B,PECAM1,CD38,0.0382246028829281,0,404,21
NBM2,Chen2023,Healthy,cellchat,pDC,Pro-B,PECAM1,CD38,0.00617199624132696,0,31,21
NBM2,Chen2023,Healthy,cellchat,Plasma Cell,Pro-B,PECAM1,CD38,0.011796802196619,0,317,21
NBM2,Chen2023,Healthy,cellchat,Pro-B,Pro-B,PECAM1,CD38,0.0156187285032684,0,21,21
NBM2,Chen2023,Healthy,cellchat,Pro-Monocyte,Pro-B,PECAM1,CD38,0.0139984509522021,0,62,21
