sample,dataset,timepoint,engine,sender_bin,receiver_bin,ligand,receptor,prob,pval,n_sender,n_receiver
AML4340,GSE185381,Diagnosis,cellchat,B,Monocyte,TGFB1,TGFbR1_R2,0.0119996175898259,0,126,164
AML4340,GSE185381,Diagnosis,cellchat,CD4 Memory T,Monocyte,TGFB1,TGFbR1_R2,0.0196946921225643,0,491,164
AML4340,GSE185381,Diagnosis,cellchat,CD8 Memory T,Monocyte,TGFB1,TGFbR1_R2,0.0271405757847608,0,725,164
AML4340,GSE185381,Diagnosis,cellchat,Early GMP,Monocyte,TGFB1,TGFbR1_R2,0.004800732234305,0,34,164
AML4340,GSE185381,Diagnosis,cellchat,HSC MPP,Monocyte,TGFB1,TGFbR1_R2,0.00181617010272578,0,66,164
AML4340,GSE185381,Diagnosis,cellchat,Late GMP,Monocyte,TGFB1,TGFbR1_R2,0.000376887661372625,0,16,164
AML4340,GSE185381,Diagnosis,cellchat,LMPP,Monocyte,TGFB1,TGFbR1_R2,0.0048218609103632,0,53,164
AML4340,GSE185381,Diagnosis,cellchat,Monocyte,Monocyte,TGFB1,TGFbR1_R2,0.00846823405269521,0,164,164
AML4340,GSE185381,Diagnosis,cellchat,Naive T,Monocyte,TGFB1,TGFbR1_R2,0.0155828647821573,0,113,164
AML4340,GSE185381,Diagnosis,cellchat,NK,Monocyte,TGFB1,TGFbR1_R2,0.0257629819400898,0,432,164
AML4340,GSE185381,Diagnosis,cellchat,pDC,Monocyte,TGFB1,TGFbR1_R2,0.00883371305145931,0,28,164
AML4340,GSE185381,Diagnosis,cellchat,Pro-Monocyte,Monocyte,TGFB1,TGFbR1_R2,0.00431665712906885,0,11,164
AML4340,GSE185381,Diagnosis,cellchat,B,pDC,TGFB1,TGFbR1_R2,0.0369956733028491,0,126,28
AML4340,GSE185381,Diagnosis,cellchat,CD4 Memory T,pDC,TGFB1,TGFbR1_R2,0.0597507345646342,0,491,28
AML4340,GSE185381,Diagnosis,cellchat,CD8 Memory T,pDC,TGFB1,TGFbR1_R2,0.0810877777748235,0,725,28
AML4340,GSE185381,Diagnosis,cellchat,Early GMP,pDC,TGFB1,TGFbR1_R2,0.0150291090460926,0.02,34,28
AML4340,GSE185381,Diagnosis,cellchat,HSC MPP,pDC,TGFB1,TGFbR1_R2,0.00572224068573526,0.02,66,28
AML4340,GSE185381,Diagnosis,cellchat,Late GMP,pDC,TGFB1,TGFbR1_R2,0.00119116085238065,0.02,16,28
AML4340,GSE185381,Diagnosis,cellchat,LMPP,pDC,TGFB1,TGFbR1_R2,0.0150945714185199,0.02,53,28
AML4340,GSE185381,Diagnosis,cellchat,Monocyte,pDC,TGFB1,TGFbR1_R2,0.0263040126589768,0,164,28
AML4340,GSE185381,Diagnosis,cellchat,Naive T,pDC,TGFB1,TGFbR1_R2,0.047682843915047,0,113,28
AML4340,GSE185381,Diagnosis,cellchat,NK,pDC,TGFB1,TGFbR1_R2,0.0771892056443829,0,432,28
AML4340,GSE185381,Diagnosis,cellchat,pDC,pDC,TGFB1,TGFbR1_R2,0.0274179770145154,0,28,28
AML4340,GSE185381,Diagnosis,cellchat,Pro-Monocyte,pDC,TGFB1,TGFbR1_R2,0.0135276891779758,0.02,11,28
AML4340,GSE185381,Diagnosis,cellchat,CD4 Memory T,Monocyte,CCL5,CCR1,0.00247310718862488,0,491,164
AML4340,GSE185381,Diagnosis,cellchat,CD8 Memory T,Monocyte,CCL5,CCR1,0.0307911572499033,0,725,164
AML4340,GSE185381,Diagnosis,cellchat,NK,Monocyte,CCL5,CCR1,0.029369348901255,0,432,164
AML4340,GSE185381,Diagnosis,cellchat,CD8 Memory T,Monocyte,CCL3L1,CCR1,0.00263535133152561,0,725,164
AML4340,GSE185381,Diagnosis,cellchat,B,B,MIF,CD74_CXCR4,0.158243420707567,0.01,126,126
AML4340,GSE185381,Diagnosis,cellchat,CD4 Memory T,B,MIF,CD74_CXCR4,0.25207574098994,0,491,126
AML4340,GSE185381,Diagnosis,cellchat,CD8 Memory T,B,MIF,CD74_CXCR4,0.226741102191247,0,725,126
AML4340,GSE185381,Diagnosis,cellchat,Early GMP,B,MIF,CD74_CXCR4,0.316556418122819,0,34,126
AML4340,GSE185381,Diagnosis,cellchat,HSC MPP,B,MIF,CD74_CXCR4,0.237413177947859,0,66,126
AML4340,GSE185381,Diagnosis,cellchat,Late GMP,B,MIF,CD74_CXCR4,0.312633129735408,0,16,126
AML4340,GSE185381,Diagnosis,cellchat,LMPP,B,MIF,CD74_CXCR4,0.26356107596978,0,53,126
AML4340,GSE185381,Diagnosis,cellchat,Monocyte,B,MIF,CD74_CXCR4,0.274206816759428,0,164,126
AML4340,GSE185381,Diagnosis,cellchat,Naive T,B,MIF,CD74_CXCR4,0.249650097410352,0,113,126
AML4340,GSE185381,Diagnosis,cellchat,NK,B,MIF,CD74_CXCR4,0.260998967171734,0,432,126
AML4340,GSE185381,Diagnosis,cellchat,pDC,B,MIF,CD74_CXCR4,0.191834881852286,0,28,126
AML4340,GSE185381,Diagnosis,cellchat,Pro-Monocyte,B,MIF,CD74_CXCR4,0.300806615586401,0,11,126
AML4340,GSE185381,Diagnosis,cellchat,CD4 Memory T,CD4 Memory T,MIF,CD74_CXCR4,0.132956830591937,0.97,491,491
AML4340,GSE185381,Diagnosis,cellchat,Early GMP,CD4 Memory T,MIF,CD74_CXCR4,0.174058170736841,0,34,491
AML4340,GSE185381,Diagnosis,cellchat,HSC MPP,CD4 Memory T,MIF,CD74_CXCR4,0.124073664514592,0.98,66,491
AML4340,GSE185381,Diagnosis,cellchat,Late GMP,CD4 Memory T,MIF,CD74_CXCR4,0.171457894350079,0.03,16,491
AML4340,GSE185381,Diagnosis,cellchat,LMPP,CD4 Memory T,MIF,CD74_CXCR4,0.140030901016652,0.39,53,491
AML4340,GSE185381,Diagnosis,cellchat,Monocyte,CD4 Memory T,MIF,CD74_CXCR4,0.146680831653262,0.06,164,491
AML4340,GSE185381,Diagnosis,cellchat,Naive T,CD4 Memory T,MIF,CD74_CXCR4,0.131475934407331,0.86,113,491
AML4340,GSE185381,Diagnosis,cellchat,NK,CD4 Memory T,MIF,CD74_CXCR4,0.13844389454324,0.33,432,491
AML4340,GSE185381,Diagnosis,cellchat,pDC,CD4 Memory T,MIF,CD74_CXCR4,0.0974729691429766,0.98,28,491
AML4340,GSE185381,Diagnosis,cellchat,Pro-Monocyte,CD4 Memory T,MIF,CD74_CXCR4,0.163699996958046,0.09,11,491
AML4340,GSE185381,Diagnosis,cellchat,CD4 Memory T,CD8 Memory T,MIF,CD74_CXCR4,0.15552122226465,0,491,725
AML4340,GSE185381,Diagnosis,cellchat,CD8 Memory T,CD8 Memory T,MIF,CD74_CXCR4,0.138098908544907,0.65,725,725
AML4340,GSE185381,Diagnosis,cellchat,Early GMP,CD8 Memory T,MIF,CD74_CXCR4,0.201973078257811,0,34,725
AML4340,GSE185381,Diagnosis,cellchat,HSC MPP,CD8 Memory T,MIF,CD74_CXCR4,0.145383261663689,0.27,66,725
AML4340,GSE185381,Diagnosis,cellchat,Late GMP,CD8 Memory T,MIF,CD74_CXCR4,0.19905628265145,0,16,725
AML4340,GSE185381,Diagnosis,cellchat,LMPP,CD8 Memory T,MIF,CD74_CXCR4,0.163569361339051,0,53,725
AML4340,GSE185381,Diagnosis,cellchat,Monocyte,CD8 Memory T,MIF,CD74_CXCR4,0.171114689481764,0,164,725
AML4340,GSE185381,Diagnosis,cellchat,Naive T,CD8 Memory T,MIF,CD74_CXCR4,0.153833591067017,0,113,725
AML4340,GSE185381,Diagnosis,cellchat,NK,CD8 Memory T,MIF,CD74_CXCR4,0.161765768089497,0,432,725
AML4340,GSE185381,Diagnosis,cellchat,pDC,CD8 Memory T,MIF,CD74_CXCR4,0.114812749078921,0.95,28,725
AML4340,GSE185381,Diagnosis,cellchat,Pro-Monocyte,CD8 Memory T,MIF,CD74_CXCR4,0.190336515466138,0,11,725
AML4340,GSE185381,Diagnosis,cellchat,Early GMP,Early GMP,MIF,CD74_CXCR4,0.10948092965514,0.98,34,34
AML4340,GSE185381,Diagnosis,cellchat,Late GMP,Early GMP,MIF,CD74_CXCR4,0.107719560598525,0.91,16,34
AML4340,GSE185381,Diagnosis,cellchat,Pro-Monocyte,Early GMP,MIF,CD74_CXCR4,0.102488872043445,0.96,11,34
AML4340,GSE185381,Diagnosis,cellchat,Early GMP,Late GMP,MIF,CD74_CXCR4,0.0794521382221538,0.98,34,16
AML4340,GSE185381,Diagnosis,cellchat,Late GMP,Late GMP,MIF,CD74_CXCR4,0.0781314962973882,0.98,16,16
AML4340,GSE185381,Diagnosis,cellchat,Monocyte,Late GMP,MIF,CD74_CXCR4,0.0657702959423871,0.99,164,16
AML4340,GSE185381,Diagnosis,cellchat,Pro-Monocyte,Late GMP,MIF,CD74_CXCR4,0.0742180507327802,0.97,11,16
AML4340,GSE185381,Diagnosis,cellchat,CD4 Memory T,Monocyte,MIF,CD74_CXCR4,0.144570465565185,0.19,491,164
AML4340,GSE185381,Diagnosis,cellchat,CD8 Memory T,Monocyte,MIF,CD74_CXCR4,0.12818869595894,0.97,725,164
AML4340,GSE185381,Diagnosis,cellchat,Early GMP,Monocyte,MIF,CD74_CXCR4,0.188481519547225,0,34,164
AML4340,GSE185381,Diagnosis,cellchat,HSC MPP,Monocyte,MIF,CD74_CXCR4,0.135032207688578,0.78,66,164
AML4340,GSE185381,Diagnosis,cellchat,Late GMP,Monocyte,MIF,CD74_CXCR4,0.185714220213907,0.01,16,164
AML4340,GSE185381,Diagnosis,cellchat,LMPP,Monocyte,MIF,CD74_CXCR4,0.152154013344389,0.07,53,164
AML4340,GSE185381,Diagnosis,cellchat,Monocyte,Monocyte,MIF,CD74_CXCR4,0.159273031842576,0,164,164
AML4340,GSE185381,Diagnosis,cellchat,Naive T,Monocyte,MIF,CD74_CXCR4,0.142981546204964,0.33,113,164
AML4340,GSE185381,Diagnosis,cellchat,NK,Monocyte,MIF,CD74_CXCR4,0.150453649972643,0.04,432,164
AML4340,GSE185381,Diagnosis,cellchat,pDC,Monocyte,MIF,CD74_CXCR4,0.106367365786381,0.97,28,164
AML4340,GSE185381,Diagnosis,cellchat,Pro-Monocyte,Monocyte,MIF,CD74_CXCR4,0.17744942270659,0.01,11,164
AML4340,GSE185381,Diagnosis,cellchat,Early GMP,Naive T,MIF,CD74_CXCR4,0.153841083191058,0.11,34,113
AML4340,GSE185381,Diagnosis,cellchat,Late GMP,Naive T,MIF,CD74_CXCR4,0.151487437322095,0.29,16,113
AML4340,GSE185381,Diagnosis,cellchat,LMPP,Naive T,MIF,CD74_CXCR4,0.123176698531768,0.91,53,113
AML4340,GSE185381,Diagnosis,cellchat,Monocyte,Naive T,MIF,CD74_CXCR4,0.129146438611918,0.93,164,113
AML4340,GSE185381,Diagnosis,cellchat,Naive T,Naive T,MIF,CD74_CXCR4,0.115513103595281,0.99,113,113
AML4340,GSE185381,Diagnosis,cellchat,Pro-Monocyte,Naive T,MIF,CD74_CXCR4,0.144475573394283,0.34,11,113
AML4340,GSE185381,Diagnosis,cellchat,Early GMP,NK,MIF,CD74_CXCR4,0.152500859450684,0.12,34,432
AML4340,GSE185381,Diagnosis,cellchat,Late GMP,NK,MIF,CD74_CXCR4,0.150164079118955,0.29,16,432
AML4340,GSE185381,Diagnosis,cellchat,LMPP,NK,MIF,CD74_CXCR4,0.122065077908824,0.93,53,432
AML4340,GSE185381,Diagnosis,cellchat,Monocyte,NK,MIF,CD74_CXCR4,0.127988807460993,0.99,164,432
AML4340,GSE185381,Diagnosis,cellchat,Naive T,NK,MIF,CD74_CXCR4,0.114461615513416,0.99,113,432
AML4340,GSE185381,Diagnosis,cellchat,Pro-Monocyte,NK,MIF,CD74_CXCR4,0.143203131356606,0.36,11,432
AML4340,GSE185381,Diagnosis,cellchat,B,pDC,MIF,CD74_CXCR4,0.132016420211122,0.68,126,28
AML4340,GSE185381,Diagnosis,cellchat,CD4 Memory T,pDC,MIF,CD74_CXCR4,0.214255539973253,0,491,28
AML4340,GSE185381,Diagnosis,cellchat,CD8 Memory T,pDC,MIF,CD74_CXCR4,0.191747490546871,0,725,28
AML4340,GSE185381,Diagnosis,cellchat,Early GMP,pDC,MIF,CD74_CXCR4,0.272587763362961,0,34,28
AML4340,GSE185381,Diagnosis,cellchat,HSC MPP,pDC,MIF,CD74_CXCR4,0.201201075048681,0,66,28
AML4340,GSE185381,Diagnosis,cellchat,Late GMP,pDC,MIF,CD74_CXCR4,0.268994928472028,0,16,28
AML4340,GSE185381,Diagnosis,cellchat,LMPP,pDC,MIF,CD74_CXCR4,0.224534996220786,0,53,28
AML4340,GSE185381,Diagnosis,cellchat,Monocyte,pDC,MIF,CD74_CXCR4,0.234105498313383,0,164,28
AML4340,GSE185381,Diagnosis,cellchat,Naive T,pDC,MIF,CD74_CXCR4,0.212090627060888,0,113,28
AML4340,GSE185381,Diagnosis,cellchat,NK,pDC,MIF,CD74_CXCR4,0.222237778621384,0,432,28
AML4340,GSE185381,Diagnosis,cellchat,pDC,pDC,MIF,CD74_CXCR4,0.161106046845639,0.09,28,28
AML4340,GSE185381,Diagnosis,cellchat,Pro-Monocyte,pDC,MIF,CD74_CXCR4,0.258199102038704,0,11,28
AML4340,GSE185381,Diagnosis,cellchat,CD4 Memory T,Pro-Monocyte,MIF,CD74_CXCR4,0.0868603298967032,0.97,491,11
AML4340,GSE185381,Diagnosis,cellchat,CD8 Memory T,Pro-Monocyte,MIF,CD74_CXCR4,0.0764335948034153,0.99,725,11
AML4340,GSE185381,Diagnosis,cellchat,Early GMP,Pro-Monocyte,MIF,CD74_CXCR4,0.115611814470085,0.87,34,11
AML4340,GSE185381,Diagnosis,cellchat,HSC MPP,Pro-Monocyte,MIF,CD74_CXCR4,0.080770079196564,0.98,66,11
AML4340,GSE185381,Diagnosis,cellchat,Late GMP,Pro-Monocyte,MIF,CD74_CXCR4,0.113764410309889,0.75,16,11
AML4340,GSE185381,Diagnosis,cellchat,LMPP,Pro-Monocyte,MIF,CD74_CXCR4,0.0917413086355486,0.95,53,11
AML4340,GSE185381,Diagnosis,cellchat,Monocyte,Pro-Monocyte,MIF,CD74_CXCR4,0.0963549574327947,0.94,164,11
AML4340,GSE185381,Diagnosis,cellchat,Naive T,Pro-Monocyte,MIF,CD74_CXCR4,0.0858420320459485,0.94,113,11
AML4340,GSE185381,Diagnosis,cellchat,NK,Pro-Monocyte,MIF,CD74_CXCR4,0.0906438954652854,0.94,432,11
AML4340,GSE185381,Diagnosis,cellchat,Pro-Monocyte,Pro-Monocyte,MIF,CD74_CXCR4,0.108275812426744,0.83,11,11
AML4340,GSE185381,Diagnosis,cellchat,B,B,MIF,CD74_CD44,0.115075251033031,0.5,126,126
AML4340,GSE185381,Diagnosis,cellchat,CD4 Memory T,B,MIF,CD74_CD44,0.189059628852674,0,491,126
AML4340,GSE185381,Diagnosis,cellchat,CD8 Memory T,B,MIF,CD74_CD44,0.168630414192306,0,725,126
AML4340,GSE185381,Diagnosis,cellchat,Early GMP,B,MIF,CD74_CD44,0.242650522445144,0,34,126
AML4340,GSE185381,Diagnosis,cellchat,HSC MPP,B,MIF,CD74_CD44,0.177194137639499,0,66,126
AML4340,GSE185381,Diagnosis,cellchat,Late GMP,B,MIF,CD74_CD44,0.239322453295742,0,16,126
AML4340,GSE185381,Diagnosis,cellchat,LMPP,B,MIF,CD74_CD44,0.198435532531995,0,53,126
AML4340,GSE185381,Diagnosis,cellchat,Monocyte,B,MIF,CD74_CD44,0.20719080866998,0,164,126
AML4340,GSE185381,Diagnosis,cellchat,Naive T,B,MIF,CD74_CD44,0.187088685815477,0,113,126
AML4340,GSE185381,Diagnosis,cellchat,NK,B,MIF,CD74_CD44,0.196337731617315,0,432,126
AML4340,GSE185381,Diagnosis,cellchat,pDC,B,MIF,CD74_CD44,0.141038483901682,0.04,28,126
AML4340,GSE185381,Diagnosis,cellchat,Pro-Monocyte,B,MIF,CD74_CD44,0.229343878300848,0,11,126
AML4340,GSE185381,Diagnosis,cellchat,CD4 Memory T,CD4 Memory T,MIF,CD74_CD44,0.118720272533204,0.16,491,491
AML4340,GSE185381,Diagnosis,cellchat,CD8 Memory T,CD4 Memory T,MIF,CD74_CD44,0.104908447063749,0.98,725,491
AML4340,GSE185381,Diagnosis,cellchat,Early GMP,CD4 Memory T,MIF,CD74_CD44,0.156213541200532,0,34,491
AML4340,GSE185381,Diagnosis,cellchat,HSC MPP,CD4 Memory T,MIF,CD74_CD44,0.110666879489263,0.72,66,491
AML4340,GSE185381,Diagnosis,cellchat,Late GMP,CD4 Memory T,MIF,CD74_CD44,0.153830197295059,0,16,491
AML4340,GSE185381,Diagnosis,cellchat,LMPP,CD4 Memory T,MIF,CD74_CD44,0.125146206276898,0.07,53,491
AML4340,GSE185381,Diagnosis,cellchat,Monocyte,CD4 Memory T,MIF,CD74_CD44,0.131197115997983,0,164,491
AML4340,GSE185381,Diagnosis,cellchat,Naive T,CD4 Memory T,MIF,CD74_CD44,0.117376479190494,0.3,113,491
AML4340,GSE185381,Diagnosis,cellchat,NK,CD4 Memory T,MIF,CD74_CD44,0.123703626120324,0,432,491
AML4340,GSE185381,Diagnosis,cellchat,pDC,CD4 Memory T,MIF,CD74_CD44,0.0866561624627052,0.97,28,491
AML4340,GSE185381,Diagnosis,cellchat,Pro-Monocyte,CD4 Memory T,MIF,CD74_CD44,0.146728646306751,0.01,11,491
AML4340,GSE185381,Diagnosis,cellchat,CD4 Memory T,CD8 Memory T,MIF,CD74_CD44,0.109820384371819,0.76,491,725
AML4340,GSE185381,Diagnosis,cellchat,Early GMP,CD8 Memory T,MIF,CD74_CD44,0.144965304820105,0,34,725
AML4340,GSE185381,Diagnosis,cellchat,HSC MPP,CD8 Memory T,MIF,CD74_CD44,0.102300634038723,0.98,66,725
AML4340,GSE185381,Diagnosis,cellchat,Late GMP,CD8 Memory T,MIF,CD74_CD44,0.142724546719666,0.03,16,725
AML4340,GSE185381,Diagnosis,cellchat,LMPP,CD8 Memory T,MIF,CD74_CD44,0.115827910109236,0.38,53,725
AML4340,GSE185381,Diagnosis,cellchat,Monocyte,CD8 Memory T,MIF,CD74_CD44,0.121490840780999,0.09,164,725
AML4340,GSE185381,Diagnosis,cellchat,Naive T,CD8 Memory T,MIF,CD74_CD44,0.108564918868035,0.76,113,725
AML4340,GSE185381,Diagnosis,cellchat,NK,CD8 Memory T,MIF,CD74_CD44,0.114478687876578,0.47,432,725
AML4340,GSE185381,Diagnosis,cellchat,pDC,CD8 Memory T,MIF,CD74_CD44,0.0799419247476571,0.97,28,725
AML4340,GSE185381,Diagnosis,cellchat,Pro-Monocyte,CD8 Memory T,MIF,CD74_CD44,0.136053252517973,0.09,11,725
AML4340,GSE185381,Diagnosis,cellchat,B,Early GMP,MIF,CD74_CD44,0.0932720737196287,0.96,126,34
AML4340,GSE185381,Diagnosis,cellchat,CD4 Memory T,Early GMP,MIF,CD74_CD44,0.155705178327611,0,491,34
AML4340,GSE185381,Diagnosis,cellchat,CD8 Memory T,Early GMP,MIF,CD74_CD44,0.138265630955301,0.05,725,34
AML4340,GSE185381,Diagnosis,cellchat,Early GMP,Early GMP,MIF,CD74_CD44,0.202198823432924,0,34,34
AML4340,GSE185381,Diagnosis,cellchat,HSC MPP,Early GMP,MIF,CD74_CD44,0.145557293088182,0.05,66,34
AML4340,GSE185381,Diagnosis,cellchat,Late GMP,Early GMP,MIF,CD74_CD44,0.199279581823234,0,16,34
AML4340,GSE185381,Diagnosis,cellchat,LMPP,Early GMP,MIF,CD74_CD44,0.163760990986454,0,53,34
AML4340,GSE185381,Diagnosis,cellchat,Monocyte,Early GMP,MIF,CD74_CD44,0.171313348349869,0,164,34
AML4340,GSE185381,Diagnosis,cellchat,Naive T,Early GMP,MIF,CD74_CD44,0.154015915004384,0,113,34
AML4340,GSE185381,Diagnosis,cellchat,NK,Early GMP,MIF,CD74_CD44,0.161955693871703,0,432,34
AML4340,GSE185381,Diagnosis,cellchat,pDC,Early GMP,MIF,CD74_CD44,0.114955108343363,0.45,28,34
AML4340,GSE185381,Diagnosis,cellchat,Pro-Monocyte,Early GMP,MIF,CD74_CD44,0.19055236006978,0,11,34
AML4340,GSE185381,Diagnosis,cellchat,CD4 Memory T,HSC MPP,MIF,CD74_CD44,0.105617833271309,0.8,491,66
AML4340,GSE185381,Diagnosis,cellchat,Early GMP,HSC MPP,MIF,CD74_CD44,0.139628800694665,0.01,34,66
AML4340,GSE185381,Diagnosis,cellchat,HSC MPP,HSC MPP,MIF,CD74_CD44,0.0983540507402937,0.92,66,66
AML4340,GSE185381,Diagnosis,cellchat,Late GMP,HSC MPP,MIF,CD74_CD44,0.137457269159099,0.11,16,66
AML4340,GSE185381,Diagnosis,cellchat,LMPP,HSC MPP,MIF,CD74_CD44,0.111424241863847,0.59,53,66
AML4340,GSE185381,Diagnosis,cellchat,Monocyte,HSC MPP,MIF,CD74_CD44,0.116900338917091,0.36,164,66
AML4340,GSE185381,Diagnosis,cellchat,Naive T,HSC MPP,MIF,CD74_CD44,0.104404776500845,0.79,113,66
AML4340,GSE185381,Diagnosis,cellchat,NK,HSC MPP,MIF,CD74_CD44,0.11011992707021,0.62,432,66
AML4340,GSE185381,Diagnosis,cellchat,pDC,HSC MPP,MIF,CD74_CD44,0.0767841236075237,0.98,28,66
AML4340,GSE185381,Diagnosis,cellchat,Pro-Monocyte,HSC MPP,MIF,CD74_CD44,0.130994559372541,0.17,11,66
AML4340,GSE185381,Diagnosis,cellchat,B,Late GMP,MIF,CD74_CD44,0.0797630154605588,0.97,126,16
AML4340,GSE185381,Diagnosis,cellchat,CD4 Memory T,Late GMP,MIF,CD74_CD44,0.134494896071844,0.13,491,16
AML4340,GSE185381,Diagnosis,cellchat,CD8 Memory T,Late GMP,MIF,CD74_CD44,0.119095872389883,0.44,725,16
AML4340,GSE185381,Diagnosis,cellchat,Early GMP,Late GMP,MIF,CD74_CD44,0.17597520217102,0,34,16
AML4340,GSE185381,Diagnosis,cellchat,HSC MPP,Late GMP,MIF,CD74_CD44,0.125523845207414,0.31,66,16
AML4340,GSE185381,Diagnosis,cellchat,Late GMP,Late GMP,MIF,CD74_CD44,0.173352297846636,0.03,16,16
AML4340,GSE185381,Diagnosis,cellchat,LMPP,Late GMP,MIF,CD74_CD44,0.141637432316717,0.08,53,16
AML4340,GSE185381,Diagnosis,cellchat,Monocyte,Late GMP,MIF,CD74_CD44,0.148350494564196,0.04,164,16
AML4340,GSE185381,Diagnosis,cellchat,Naive T,Late GMP,MIF,CD74_CD44,0.1329994964826,0.17,113,16
AML4340,GSE185381,Diagnosis,cellchat,NK,Late GMP,MIF,CD74_CD44,0.140035183427896,0.1,432,16
AML4340,GSE185381,Diagnosis,cellchat,pDC,Late GMP,MIF,CD74_CD44,0.0986472541591354,0.75,28,16
AML4340,GSE185381,Diagnosis,cellchat,Pro-Monocyte,Late GMP,MIF,CD74_CD44,0.16552580921504,0,11,16
AML4340,GSE185381,Diagnosis,cellchat,CD4 Memory T,LMPP,MIF,CD74_CD44,0.134855274933912,0.06,491,53
AML4340,GSE185381,Diagnosis,cellchat,CD8 Memory T,LMPP,MIF,CD74_CD44,0.119420682794476,0.31,725,53
AML4340,GSE185381,Diagnosis,cellchat,Early GMP,LMPP,MIF,CD74_CD44,0.176424071425504,0,34,53
AML4340,GSE185381,Diagnosis,cellchat,HSC MPP,LMPP,MIF,CD74_CD44,0.12586368180026,0.25,66,53
AML4340,GSE185381,Diagnosis,cellchat,Late GMP,LMPP,MIF,CD74_CD44,0.173795887795197,0,16,53
AML4340,GSE185381,Diagnosis,cellchat,LMPP,LMPP,MIF,CD74_CD44,0.142013809324032,0.03,53,53
AML4340,GSE185381,Diagnosis,cellchat,Monocyte,LMPP,MIF,CD74_CD44,0.148741619172248,0,164,53
AML4340,GSE185381,Diagnosis,cellchat,Naive T,LMPP,MIF,CD74_CD44,0.133356485807686,0.07,113,53
AML4340,GSE185381,Diagnosis,cellchat,NK,LMPP,MIF,CD74_CD44,0.140407999195464,0.01,432,53
AML4340,GSE185381,Diagnosis,cellchat,pDC,LMPP,MIF,CD74_CD44,0.0989225577402017,0.88,28,53
AML4340,GSE185381,Diagnosis,cellchat,Pro-Monocyte,LMPP,MIF,CD74_CD44,0.165953392561241,0,11,53
AML4340,GSE185381,Diagnosis,cellchat,B,Monocyte,MIF,CD74_CD44,0.121487400427266,0.19,126,164
AML4340,GSE185381,Diagnosis,cellchat,CD4 Memory T,Monocyte,MIF,CD74_CD44,0.198668770081683,0,491,164
AML4340,GSE185381,Diagnosis,cellchat,CD8 Memory T,Monocyte,MIF,CD74_CD44,0.177428401352932,0,725,164
AML4340,GSE185381,Diagnosis,cellchat,Early GMP,Monocyte,MIF,CD74_CD44,0.254129894670891,0,34,164
AML4340,GSE185381,Diagnosis,cellchat,HSC MPP,Monocyte,MIF,CD74_CD44,0.186338778927713,0,66,164
AML4340,GSE185381,Diagnosis,cellchat,Late GMP,Monocyte,MIF,CD74_CD44,0.250696497598506,0,16,164
AML4340,GSE185381,Diagnosis,cellchat,LMPP,Monocyte,MIF,CD74_CD44,0.20839875021112,0,53,164
AML4340,GSE185381,Diagnosis,cellchat,Monocyte,Monocyte,MIF,CD74_CD44,0.217474351785077,0,164,164
AML4340,GSE185381,Diagnosis,cellchat,Naive T,Monocyte,MIF,CD74_CD44,0.196621940553426,0,113,164
AML4340,GSE185381,Diagnosis,cellchat,NK,Monocyte,MIF,CD74_CD44,0.20622271947669,0,432,164
AML4340,GSE185381,Diagnosis,cellchat,pDC,Monocyte,MIF,CD74_CD44,0.14865431453061,0.02,28,164
AML4340,GSE185381,Diagnosis,cellchat,Pro-Monocyte,Monocyte,MIF,CD74_CD44,0.240393553214481,0,11,164
AML4340,GSE185381,Diagnosis,cellchat,Early GMP,Naive T,MIF,CD74_CD44,0.129515755752188,0.08,34,113
AML4340,GSE185381,Diagnosis,cellchat,Late GMP,Naive T,MIF,CD74_CD44,0.127478200454711,0.23,16,113
AML4340,GSE185381,Diagnosis,cellchat,LMPP,Naive T,MIF,CD74_CD44,0.103109183929722,0.83,53,113
AML4340,GSE185381,Diagnosis,cellchat,Monocyte,Naive T,MIF,CD74_CD44,0.108226399256627,0.74,164,113
AML4340,GSE185381,Diagnosis,cellchat,Naive T,Naive T,MIF,CD74_CD44,0.0965566260545909,0.98,113,113
AML4340,GSE185381,Diagnosis,cellchat,NK,Naive T,MIF,CD74_CD44,0.101891042741404,0.95,432,113
AML4340,GSE185381,Diagnosis,cellchat,Pro-Monocyte,Naive T,MIF,CD74_CD44,0.121418622671137,0.3,11,113
AML4340,GSE185381,Diagnosis,cellchat,Late GMP,NK,MIF,CD74_CD44,0.0771778910171754,0.97,16,432
AML4340,GSE185381,Diagnosis,cellchat,Pro-Monocyte,NK,MIF,CD74_CD44,0.0733084112979932,0.98,11,432
AML4340,GSE185381,Diagnosis,cellchat,CD4 Memory T,pDC,MIF,CD74_CD44,0.0894453013633314,0.95,491,28
AML4340,GSE185381,Diagnosis,cellchat,CD8 Memory T,pDC,MIF,CD74_CD44,0.0787350211850776,0.98,725,28
AML4340,GSE185381,Diagnosis,cellchat,Early GMP,pDC,MIF,CD74_CD44,0.118940980527544,0.38,34,28
AML4340,GSE185381,Diagnosis,cellchat,HSC MPP,pDC,MIF,CD74_CD44,0.0831903164408559,0.96,66,28
AML4340,GSE185381,Diagnosis,cellchat,Late GMP,pDC,MIF,CD74_CD44,0.117047419056626,0.52,16,28
AML4340,GSE185381,Diagnosis,cellchat,LMPP,pDC,MIF,CD74_CD44,0.0944565127409591,0.88,53,28
AML4340,GSE185381,Diagnosis,cellchat,Monocyte,pDC,MIF,CD74_CD44,0.0991917960879025,0.84,164,28
AML4340,GSE185381,Diagnosis,cellchat,Naive T,pDC,MIF,CD74_CD44,0.0883996326191336,0.94,113,28
AML4340,GSE185381,Diagnosis,cellchat,NK,pDC,MIF,CD74_CD44,0.0933299576758166,0.92,432,28
AML4340,GSE185381,Diagnosis,cellchat,pDC,pDC,MIF,CD74_CD44,0.0647072724925487,0.98,28,28
AML4340,GSE185381,Diagnosis,cellchat,Pro-Monocyte,pDC,MIF,CD74_CD44,0.111420344697091,0.47,11,28
AML4340,GSE185381,Diagnosis,cellchat,B,Pro-Monocyte,MIF,CD74_CD44,0.0939229466339595,0.87,126,11
AML4340,GSE185381,Diagnosis,cellchat,CD4 Memory T,Pro-Monocyte,MIF,CD74_CD44,0.156716422736501,0.02,491,11
AML4340,GSE185381,Diagnosis,cellchat,CD8 Memory T,Pro-Monocyte,MIF,CD74_CD44,0.13918228375849,0.11,725,11
AML4340,GSE185381,Diagnosis,cellchat,Early GMP,Pro-Monocyte,MIF,CD74_CD44,0.203439266832533,0,34,11
AML4340,GSE185381,Diagnosis,cellchat,HSC MPP,Pro-Monocyte,MIF,CD74_CD44,0.14651406798496,0.06,66,11
AML4340,GSE185381,Diagnosis,cellchat,Late GMP,Pro-Monocyte,MIF,CD74_CD44,0.200506617276743,0.01,16,11
AML4340,GSE185381,Diagnosis,cellchat,LMPP,Pro-Monocyte,MIF,CD74_CD44,0.164814341522199,0,53,11
AML4340,GSE185381,Diagnosis,cellchat,Monocyte,Pro-Monocyte,MIF,CD74_CD44,0.17240526215963,0,164,11
AML4340,GSE185381,Diagnosis,cellchat,Naive T,Pro-Monocyte,MIF,CD74_CD44,0.155018202675668,0.03,113,11
AML4340,GSE185381,Diagnosis,cellchat,NK,Pro-Monocyte,MIF,CD74_CD44,0.162999695729558,0.01,432,11
AML4340,GSE185381,Diagnosis,cellchat,pDC,Pro-Monocyte,MIF,CD74_CD44,0.115737976599025,0.5,28,11
AML4340,GSE185381,Diagnosis,cellchat,Pro-Monocyte,Pro-Monocyte,MIF,CD74_CD44,0.191738526543633,0,11,11
AML4340,GSE185381,Diagnosis,cellchat,pDC,Monocyte,IL16,CD4,0.0036637204553433,0,28,164
AML4340,GSE185381,Diagnosis,cellchat,pDC,pDC,IL16,CD4,0.00442821296566482,0,28,28
AML4340,GSE185381,Diagnosis,cellchat,Early GMP,B,TNFSF13B,TNFRSF13C,0.0383169394688645,0,34,126
AML4340,GSE185381,Diagnosis,cellchat,Late GMP,B,TNFSF13B,TNFRSF13C,0.043316728438493,0,16,126
AML4340,GSE185381,Diagnosis,cellchat,Monocyte,B,TNFSF13B,TNFRSF13C,0.023212847101675,0,164,126
AML4340,GSE185381,Diagnosis,cellchat,Pro-Monocyte,B,TNFSF13B,TNFRSF13C,0.0694464881435293,0,11,126
AML4340,GSE185381,Diagnosis,cellchat,B,Early GMP,NAMPT,ITGA5_ITGB1,0.00394570939223438,0.02,126,34
AML4340,GSE185381,Diagnosis,cellchat,CD4 Memory T,Early GMP,NAMPT,ITGA5_ITGB1,0.0034012765832423,0.09,491,34
AML4340,GSE185381,Diagnosis,cellchat,Early GMP,Early GMP,NAMPT,ITGA5_ITGB1,0.00725725005206316,0,34,34
AML4340,GSE185381,Diagnosis,cellchat,HSC MPP,Early GMP,NAMPT,ITGA5_ITGB1,0.0021784902559346,0.13,66,34
AML4340,GSE185381,Diagnosis,cellchat,Late GMP,Early GMP,NAMPT,ITGA5_ITGB1,0.0112728206881445,0,16,34
AML4340,GSE185381,Diagnosis,cellchat,LMPP,Early GMP,NAMPT,ITGA5_ITGB1,0.00209485512801296,0.12,53,34
AML4340,GSE185381,Diagnosis,cellchat,Monocyte,Early GMP,NAMPT,ITGA5_ITGB1,0.0262414948376184,0,164,34
AML4340,GSE185381,Diagnosis,cellchat,Naive T,Early GMP,NAMPT,ITGA5_ITGB1,0.00303451231991076,0.09,113,34
AML4340,GSE185381,Diagnosis,cellchat,Pro-Monocyte,Early GMP,NAMPT,ITGA5_ITGB1,0.0127870895141458,0,11,34
AML4340,GSE185381,Diagnosis,cellchat,B,HSC MPP,NAMPT,ITGA5_ITGB1,0.00280273946235194,0.08,126,66
AML4340,GSE185381,Diagnosis,cellchat,CD4 Memory T,HSC MPP,NAMPT,ITGA5_ITGB1,0.00241563227897612,0.12,491,66
AML4340,GSE185381,Diagnosis,cellchat,Early GMP,HSC MPP,NAMPT,ITGA5_ITGB1,0.00515998187881005,0,34,66
AML4340,GSE185381,Diagnosis,cellchat,HSC MPP,HSC MPP,NAMPT,ITGA5_ITGB1,0.00154664309906771,0.12,66,66
AML4340,GSE185381,Diagnosis,cellchat,Late GMP,HSC MPP,NAMPT,ITGA5_ITGB1,0.00802447539206785,0,16,66
AML4340,GSE185381,Diagnosis,cellchat,LMPP,HSC MPP,NAMPT,ITGA5_ITGB1,0.001487229265687,0.09,53,66
AML4340,GSE185381,Diagnosis,cellchat,Monocyte,HSC MPP,NAMPT,ITGA5_ITGB1,0.0187616651362795,0,164,66
AML4340,GSE185381,Diagnosis,cellchat,Naive T,HSC MPP,NAMPT,ITGA5_ITGB1,0.00215492156273705,0.1,113,66
AML4340,GSE185381,Diagnosis,cellchat,Pro-Monocyte,HSC MPP,NAMPT,ITGA5_ITGB1,0.00910641550519738,0.02,11,66
AML4340,GSE185381,Diagnosis,cellchat,B,Late GMP,NAMPT,ITGA5_ITGB1,0.0123414288258967,0,126,16
AML4340,GSE185381,Diagnosis,cellchat,CD4 Memory T,Late GMP,NAMPT,ITGA5_ITGB1,0.0106509339526996,0,491,16
AML4340,GSE185381,Diagnosis,cellchat,Early GMP,Late GMP,NAMPT,ITGA5_ITGB1,0.0225398461017628,0,34,16
AML4340,GSE185381,Diagnosis,cellchat,HSC MPP,Late GMP,NAMPT,ITGA5_ITGB1,0.00683972469254673,0,66,16
AML4340,GSE185381,Diagnosis,cellchat,Late GMP,Late GMP,NAMPT,ITGA5_ITGB1,0.0347158514667567,0,16,16
AML4340,GSE185381,Diagnosis,cellchat,LMPP,Late GMP,NAMPT,ITGA5_ITGB1,0.00657831836394894,0.01,53,16
AML4340,GSE185381,Diagnosis,cellchat,Monocyte,Late GMP,NAMPT,ITGA5_ITGB1,0.07834681666589,0,164,16
AML4340,GSE185381,Diagnosis,cellchat,Naive T,Late GMP,NAMPT,ITGA5_ITGB1,0.00950988894706384,0,113,16
AML4340,GSE185381,Diagnosis,cellchat,Pro-Monocyte,Late GMP,NAMPT,ITGA5_ITGB1,0.0392541794802027,0,11,16
AML4340,GSE185381,Diagnosis,cellchat,B,Monocyte,NAMPT,ITGA5_ITGB1,0.0160817767786845,0,126,164
AML4340,GSE185381,Diagnosis,cellchat,CD4 Memory T,Monocyte,NAMPT,ITGA5_ITGB1,0.0138861427231966,0,491,164
AML4340,GSE185381,Diagnosis,cellchat,Early GMP,Monocyte,NAMPT,ITGA5_ITGB1,0.0292794246514858,0,34,164
AML4340,GSE185381,Diagnosis,cellchat,HSC MPP,Monocyte,NAMPT,ITGA5_ITGB1,0.00892772954755694,0,66,164
AML4340,GSE185381,Diagnosis,cellchat,Late GMP,Monocyte,NAMPT,ITGA5_ITGB1,0.0449287996587735,0,16,164
AML4340,GSE185381,Diagnosis,cellchat,LMPP,Monocyte,NAMPT,ITGA5_ITGB1,0.00858721208855081,0,53,164
AML4340,GSE185381,Diagnosis,cellchat,Monocyte,Monocyte,NAMPT,ITGA5_ITGB1,0.10006483206766,0,164,164
AML4340,GSE185381,Diagnosis,cellchat,Naive T,Monocyte,NAMPT,ITGA5_ITGB1,0.0124028516235444,0,113,164
AML4340,GSE185381,Diagnosis,cellchat,Pro-Monocyte,Monocyte,NAMPT,ITGA5_ITGB1,0.050732075033466,0,11,164
AML4340,GSE185381,Diagnosis,cellchat,B,Pro-Monocyte,NAMPT,ITGA5_ITGB1,0.0164776242502078,0,126,11
AML4340,GSE185381,Diagnosis,cellchat,CD4 Memory T,Pro-Monocyte,NAMPT,ITGA5_ITGB1,0.0142287269657631,0,491,11
AML4340,GSE185381,Diagnosis,cellchat,Early GMP,Pro-Monocyte,NAMPT,ITGA5_ITGB1,0.0299902260105729,0,34,11
AML4340,GSE185381,Diagnosis,cellchat,HSC MPP,Pro-Monocyte,NAMPT,ITGA5_ITGB1,0.00914912001928181,0.01,66,11
AML4340,GSE185381,Diagnosis,cellchat,Late GMP,Pro-Monocyte,NAMPT,ITGA5_ITGB1,0.0460015091033808,0,16,11
AML4340,GSE185381,Diagnosis,cellchat,LMPP,Pro-Monocyte,NAMPT,ITGA5_ITGB1,0.00880023336425298,0,53,11
AML4340,GSE185381,Diagnosis,cellchat,Monocyte,Pro-Monocyte,NAMPT,ITGA5_ITGB1,0.102312934209353,0,164,11
AML4340,GSE185381,Diagnosis,cellchat,Naive T,Pro-Monocyte,NAMPT,ITGA5_ITGB1,0.0127093133114423,0,113,11
AML4340,GSE185381,Diagnosis,cellchat,Pro-Monocyte,Pro-Monocyte,NAMPT,ITGA5_ITGB1,0.051935807490474,0,11,11
AML4340,GSE185381,Diagnosis,cellchat,Early GMP,Pro-Monocyte,MDK,SDC4,0.00169358971644588,0,34,11
AML4340,GSE185381,Diagnosis,cellchat,HSC MPP,Pro-Monocyte,MDK,SDC4,0.000486748624027717,0,66,11
AML4340,GSE185381,Diagnosis,cellchat,LMPP,Pro-Monocyte,MDK,SDC4,0.000605962349222381,0,53,11
AML4340,GSE185381,Diagnosis,cellchat,pDC,Pro-Monocyte,MDK,SDC4,0.000992528527353379,0,28,11
AML4340,GSE185381,Diagnosis,cellchat,Early GMP,CD4 Memory T,MDK,ITGA4_ITGB1,0.00860028286281118,0,34,491
AML4340,GSE185381,Diagnosis,cellchat,HSC MPP,CD4 Memory T,MDK,ITGA4_ITGB1,0.00248402311677231,0,66,491
AML4340,GSE185381,Diagnosis,cellchat,LMPP,CD4 Memory T,MDK,ITGA4_ITGB1,0.00309089353542982,0,53,491
AML4340,GSE185381,Diagnosis,cellchat,pDC,CD4 Memory T,MDK,ITGA4_ITGB1,0.00505467311396017,0,28,491
AML4340,GSE185381,Diagnosis,cellchat,Early GMP,Early GMP,MDK,ITGA4_ITGB1,0.00790056246095584,0,34,34
AML4340,GSE185381,Diagnosis,cellchat,HSC MPP,Early GMP,MDK,ITGA4_ITGB1,0.0022807777890299,0,66,34
AML4340,GSE185381,Diagnosis,cellchat,LMPP,Early GMP,MDK,ITGA4_ITGB1,0.00283813472333982,0,53,34
AML4340,GSE185381,Diagnosis,cellchat,pDC,Early GMP,MDK,ITGA4_ITGB1,0.00464207337164515,0,28,34
AML4340,GSE185381,Diagnosis,cellchat,Early GMP,HSC MPP,MDK,ITGA4_ITGB1,0.00385884868600515,0,34,66
AML4340,GSE185381,Diagnosis,cellchat,HSC MPP,HSC MPP,MDK,ITGA4_ITGB1,0.00111077481510919,0,66,66
AML4340,GSE185381,Diagnosis,cellchat,LMPP,HSC MPP,MDK,ITGA4_ITGB1,0.00138261266106566,0,53,66
AML4340,GSE185381,Diagnosis,cellchat,pDC,HSC MPP,MDK,ITGA4_ITGB1,0.00226351114310745,0,28,66
AML4340,GSE185381,Diagnosis,cellchat,Early GMP,Late GMP,MDK,ITGA4_ITGB1,0.00816473446186954,0,34,16
AML4340,GSE185381,Diagnosis,cellchat,HSC MPP,Late GMP,MDK,ITGA4_ITGB1,0.00235748693569078,0,66,16
AML4340,GSE185381,Diagnosis,cellchat,LMPP,Late GMP,MDK,ITGA4_ITGB1,0.00293353427767001,0,53,16
AML4340,GSE185381,Diagnosis,cellchat,pDC,Late GMP,MDK,ITGA4_ITGB1,0.00479781781074576,0,28,16
AML4340,GSE185381,Diagnosis,cellchat,Early GMP,LMPP,MDK,ITGA4_ITGB1,0.00950219261693053,0,34,53
AML4340,GSE185381,Diagnosis,cellchat,HSC MPP,LMPP,MDK,ITGA4_ITGB1,0.00274629885606552,0,66,53
AML4340,GSE185381,Diagnosis,cellchat,LMPP,LMPP,MDK,ITGA4_ITGB1,0.00341702623045186,0,53,53
AML4340,GSE185381,Diagnosis,cellchat,pDC,LMPP,MDK,ITGA4_ITGB1,0.00558685092548625,0,28,53
AML4340,GSE185381,Diagnosis,cellchat,Early GMP,Monocyte,MDK,ITGA4_ITGB1,0.0116554330125901,0,34,164
AML4340,GSE185381,Diagnosis,cellchat,HSC MPP,Monocyte,MDK,ITGA4_ITGB1,0.00337383737670257,0,66,164
AML4340,GSE185381,Diagnosis,cellchat,LMPP,Monocyte,MDK,ITGA4_ITGB1,0.00419718316456684,0,53,164
AML4340,GSE185381,Diagnosis,cellchat,pDC,Monocyte,MDK,ITGA4_ITGB1,0.00685900087186382,0,28,164
AML4340,GSE185381,Diagnosis,cellchat,Early GMP,Naive T,MDK,ITGA4_ITGB1,0.00534458054691282,0,34,113
AML4340,GSE185381,Diagnosis,cellchat,HSC MPP,Naive T,MDK,ITGA4_ITGB1,0.00154008055436304,0,66,113
AML4340,GSE185381,Diagnosis,cellchat,LMPP,Naive T,MDK,ITGA4_ITGB1,0.00191677998512857,0,53,113
AML4340,GSE185381,Diagnosis,cellchat,pDC,Naive T,MDK,ITGA4_ITGB1,0.00313694128138588,0,28,113
AML4340,GSE185381,Diagnosis,cellchat,Early GMP,NK,MDK,ITGA4_ITGB1,0.00682754869084476,0,34,432
AML4340,GSE185381,Diagnosis,cellchat,HSC MPP,NK,MDK,ITGA4_ITGB1,0.00196949908554073,0,66,432
AML4340,GSE185381,Diagnosis,cellchat,LMPP,NK,MDK,ITGA4_ITGB1,0.00245097526339841,0,53,432
AML4340,GSE185381,Diagnosis,cellchat,pDC,NK,MDK,ITGA4_ITGB1,0.0040098221517088,0,28,432
AML4340,GSE185381,Diagnosis,cellchat,Early GMP,Pro-Monocyte,MDK,ITGA4_ITGB1,0.00577813439474784,0,34,11
AML4340,GSE185381,Diagnosis,cellchat,HSC MPP,Pro-Monocyte,MDK,ITGA4_ITGB1,0.00166552909468507,0,66,11
AML4340,GSE185381,Diagnosis,cellchat,LMPP,Pro-Monocyte,MDK,ITGA4_ITGB1,0.00207284918819895,0,53,11
AML4340,GSE185381,Diagnosis,cellchat,pDC,Pro-Monocyte,MDK,ITGA4_ITGB1,0.00339202154507961,0,28,11
AML4340,GSE185381,Diagnosis,cellchat,Early GMP,Monocyte,MDK,LRP1,0.0158284850872461,0,34,164
AML4340,GSE185381,Diagnosis,cellchat,HSC MPP,Monocyte,MDK,LRP1,0.00459557602449422,0,66,164
AML4340,GSE185381,Diagnosis,cellchat,LMPP,Monocyte,MDK,LRP1,0.00571536311503448,0,53,164
AML4340,GSE185381,Diagnosis,cellchat,pDC,Monocyte,MDK,LRP1,0.00933097569117358,0,28,164
AML4340,GSE185381,Diagnosis,cellchat,Early GMP,B,MDK,NCL,0.0447085736905912,0,34,126
AML4340,GSE185381,Diagnosis,cellchat,HSC MPP,B,MDK,NCL,0.0132565650944644,0,66,126
AML4340,GSE185381,Diagnosis,cellchat,LMPP,B,MDK,NCL,0.0164518633408319,0,53,126
AML4340,GSE185381,Diagnosis,cellchat,pDC,B,MDK,NCL,0.0266772897331333,0,28,126
AML4340,GSE185381,Diagnosis,cellchat,Early GMP,CD4 Memory T,MDK,NCL,0.0336959297518466,0,34,491
AML4340,GSE185381,Diagnosis,cellchat,HSC MPP,CD4 Memory T,MDK,NCL,0.00991082427350827,0,66,491
AML4340,GSE185381,Diagnosis,cellchat,LMPP,CD4 Memory T,MDK,NCL,0.012309741805943,0,53,491
AML4340,GSE185381,Diagnosis,cellchat,pDC,CD4 Memory T,MDK,NCL,0.0200130753335513,0,28,491
AML4340,GSE185381,Diagnosis,cellchat,Early GMP,CD8 Memory T,MDK,NCL,0.0417472614719241,0,34,725
AML4340,GSE185381,Diagnosis,cellchat,HSC MPP,CD8 Memory T,MDK,NCL,0.0123515690077574,0,66,725
AML4340,GSE185381,Diagnosis,cellchat,LMPP,CD8 Memory T,MDK,NCL,0.0153321207980496,0,53,725
AML4340,GSE185381,Diagnosis,cellchat,pDC,CD8 Memory T,MDK,NCL,0.0248791913763243,0,28,725
AML4340,GSE185381,Diagnosis,cellchat,Early GMP,Early GMP,MDK,NCL,0.0347549862156712,0,34,34
AML4340,GSE185381,Diagnosis,cellchat,HSC MPP,Early GMP,MDK,NCL,0.0102302339461161,0,66,34
AML4340,GSE185381,Diagnosis,cellchat,LMPP,Early GMP,MDK,NCL,0.0127054725374221,0,53,34
AML4340,GSE185381,Diagnosis,cellchat,pDC,Early GMP,MDK,NCL,0.0206512731258621,0,28,34
AML4340,GSE185381,Diagnosis,cellchat,Early GMP,HSC MPP,MDK,NCL,0.0331578262706474,0,34,66
AML4340,GSE185381,Diagnosis,cellchat,HSC MPP,HSC MPP,MDK,NCL,0.00974872242821845,0,66,66
AML4340,GSE185381,Diagnosis,cellchat,LMPP,HSC MPP,MDK,NCL,0.0121088830374708,0,53,66
AML4340,GSE185381,Diagnosis,cellchat,pDC,HSC MPP,MDK,NCL,0.0196890264975907,0,28,66
AML4340,GSE185381,Diagnosis,cellchat,Early GMP,Late GMP,MDK,NCL,0.033548732421126,0,34,16
AML4340,GSE185381,Diagnosis,cellchat,HSC MPP,Late GMP,MDK,NCL,0.0098664689169735,0,66,16
AML4340,GSE185381,Diagnosis,cellchat,LMPP,Late GMP,MDK,NCL,0.0122547831112278,0,53,16
AML4340,GSE185381,Diagnosis,cellchat,pDC,Late GMP,MDK,NCL,0.0199244177418644,0,28,16
AML4340,GSE185381,Diagnosis,cellchat,Early GMP,LMPP,MDK,NCL,0.0316360620068611,0,34,53
AML4340,GSE185381,Diagnosis,cellchat,HSC MPP,LMPP,MDK,NCL,0.00929098487739352,0,66,53
AML4340,GSE185381,Diagnosis,cellchat,LMPP,LMPP,MDK,NCL,0.0115416190755677,0,53,53
AML4340,GSE185381,Diagnosis,cellchat,pDC,LMPP,MDK,NCL,0.0187734043775902,0,28,53
AML4340,GSE185381,Diagnosis,cellchat,Early GMP,Monocyte,MDK,NCL,0.0265394850837967,0,34,164
AML4340,GSE185381,Diagnosis,cellchat,HSC MPP,Monocyte,MDK,NCL,0.00776533818364019,0,66,164
AML4340,GSE185381,Diagnosis,cellchat,LMPP,Monocyte,MDK,NCL,0.00965000182242952,0,53,164
AML4340,GSE185381,Diagnosis,cellchat,pDC,Monocyte,MDK,NCL,0.0157153756515499,0,28,164
AML4340,GSE185381,Diagnosis,cellchat,Early GMP,Naive T,MDK,NCL,0.0314042480827064,0,34,113
AML4340,GSE185381,Diagnosis,cellchat,HSC MPP,Naive T,MDK,NCL,0.00922134581178693,0,66,113
AML4340,GSE185381,Diagnosis,cellchat,LMPP,Naive T,MDK,NCL,0.011455305802294,0,53,113
AML4340,GSE185381,Diagnosis,cellchat,pDC,Naive T,MDK,NCL,0.0186340281932899,0,28,113
AML4340,GSE185381,Diagnosis,cellchat,Early GMP,NK,MDK,NCL,0.0490923968950099,0,34,432
AML4340,GSE185381,Diagnosis,cellchat,HSC MPP,NK,MDK,NCL,0.0146035598161833,0,66,432
AML4340,GSE185381,Diagnosis,cellchat,LMPP,NK,MDK,NCL,0.0181175698327124,0,53,432
AML4340,GSE185381,Diagnosis,cellchat,pDC,NK,MDK,NCL,0.0293474013932397,0,28,432
AML4340,GSE185381,Diagnosis,cellchat,Early GMP,pDC,MDK,NCL,0.0447782146198961,0,34,28
AML4340,GSE185381,Diagnosis,cellchat,HSC MPP,pDC,MDK,NCL,0.0132778953171857,0,66,28
AML4340,GSE185381,Diagnosis,cellchat,LMPP,pDC,MDK,NCL,0.0164782490387697,0,53,28
AML4340,GSE185381,Diagnosis,cellchat,pDC,pDC,MDK,NCL,0.0267196295713294,0,28,28
AML4340,GSE185381,Diagnosis,cellchat,Early GMP,Pro-Monocyte,MDK,NCL,0.0186804832781786,0,34,11
AML4340,GSE185381,Diagnosis,cellchat,HSC MPP,Pro-Monocyte,MDK,NCL,0.0054347899400446,0,66,11
AML4340,GSE185381,Diagnosis,cellchat,LMPP,Pro-Monocyte,MDK,NCL,0.00675767695094244,0,53,11
AML4340,GSE185381,Diagnosis,cellchat,pDC,Pro-Monocyte,MDK,NCL,0.0110253590277561,0,28,11
AML4340,GSE185381,Diagnosis,cellchat,Early GMP,CD8 Memory T,CTSG,F2R,0.00152891509252273,0,34,725
AML4340,GSE185381,Diagnosis,cellchat,Late GMP,CD8 Memory T,CTSG,F2R,0.0294690033543804,0,16,725
AML4340,GSE185381,Diagnosis,cellchat,Pro-Monocyte,CD8 Memory T,CTSG,F2R,0.00374303310394296,0,11,725
AML4340,GSE185381,Diagnosis,cellchat,Early GMP,NK,CTSG,F2R,0.00196245288310048,0,34,432
AML4340,GSE185381,Diagnosis,cellchat,Late GMP,NK,CTSG,F2R,0.0375274348666806,0,16,432
AML4340,GSE185381,Diagnosis,cellchat,Pro-Monocyte,NK,CTSG,F2R,0.00480138512396362,0,11,432
AML4340,GSE185381,Diagnosis,cellchat,CD8 Memory T,CD8 Memory T,GZMA,F2R,0.00532755001753501,0,725,725
AML4340,GSE185381,Diagnosis,cellchat,NK,CD8 Memory T,GZMA,F2R,0.0183257941136289,0,432,725
AML4340,GSE185381,Diagnosis,cellchat,CD8 Memory T,NK,GZMA,F2R,0.00683085627790404,0,725,432
AML4340,GSE185381,Diagnosis,cellchat,NK,NK,GZMA,F2R,0.0234105667222121,0,432,432
AML4340,GSE185381,Diagnosis,cellchat,HSC MPP,CD8 Memory T,PRSS2,F2R,0.00266149894426166,0,66,725
AML4340,GSE185381,Diagnosis,cellchat,HSC MPP,NK,PRSS2,F2R,0.0034150927430052,0,66,432
AML4340,GSE185381,Diagnosis,cellchat,CD4 Memory T,Early GMP,FLT3LG,FLT3,0.00691548352727538,0,491,34
AML4340,GSE185381,Diagnosis,cellchat,Naive T,Early GMP,FLT3LG,FLT3,0.00631175785109623,0,113,34
AML4340,GSE185381,Diagnosis,cellchat,CD4 Memory T,HSC MPP,FLT3LG,FLT3,0.0256137183285788,0,491,66
AML4340,GSE185381,Diagnosis,cellchat,Naive T,HSC MPP,FLT3LG,FLT3,0.0234161158975173,0,113,66
AML4340,GSE185381,Diagnosis,cellchat,CD4 Memory T,Late GMP,FLT3LG,FLT3,0.00203352995993785,0,491,16
AML4340,GSE185381,Diagnosis,cellchat,Naive T,Late GMP,FLT3LG,FLT3,0.00185520543906074,0,113,16
AML4340,GSE185381,Diagnosis,cellchat,CD4 Memory T,LMPP,FLT3LG,FLT3,0.0221563335856663,0,491,53
AML4340,GSE185381,Diagnosis,cellchat,Naive T,LMPP,FLT3LG,FLT3,0.0202492028510229,0,113,53
AML4340,GSE185381,Diagnosis,cellchat,CD4 Memory T,Pro-Monocyte,FLT3LG,FLT3,0.00260665991907652,0,491,11
AML4340,GSE185381,Diagnosis,cellchat,Naive T,Pro-Monocyte,FLT3LG,FLT3,0.00237819619542718,0,113,11
AML4340,GSE185381,Diagnosis,cellchat,Early GMP,B,LGALS9,PTPRC,0.0139804367636548,0.01,34,126
AML4340,GSE185381,Diagnosis,cellchat,HSC MPP,B,LGALS9,PTPRC,0.0105518521835693,0,66,126
AML4340,GSE185381,Diagnosis,cellchat,Late GMP,B,LGALS9,PTPRC,0.0212870410281504,0,16,126
AML4340,GSE185381,Diagnosis,cellchat,LMPP,B,LGALS9,PTPRC,0.008935941224593,0,53,126
AML4340,GSE185381,Diagnosis,cellchat,Monocyte,B,LGALS9,PTPRC,0.0130343961855927,0,164,126
AML4340,GSE185381,Diagnosis,cellchat,Pro-Monocyte,B,LGALS9,PTPRC,0.0105157702483062,0.09,11,126
AML4340,GSE185381,Diagnosis,cellchat,Early GMP,CD4 Memory T,LGALS9,PTPRC,0.0222731721433244,0,34,491
AML4340,GSE185381,Diagnosis,cellchat,HSC MPP,CD4 Memory T,LGALS9,PTPRC,0.016845608994287,0,66,491
AML4340,GSE185381,Diagnosis,cellchat,Late GMP,CD4 Memory T,LGALS9,PTPRC,0.0337653983883232,0,16,491
AML4340,GSE185381,Diagnosis,cellchat,LMPP,CD4 Memory T,LGALS9,PTPRC,0.0142797819319957,0,53,491
AML4340,GSE185381,Diagnosis,cellchat,Monocyte,CD4 Memory T,LGALS9,PTPRC,0.0207777963924559,0,164,491
AML4340,GSE185381,Diagnosis,cellchat,Pro-Monocyte,CD4 Memory T,LGALS9,PTPRC,0.0167883707939961,0.03,11,491
AML4340,GSE185381,Diagnosis,cellchat,Early GMP,CD8 Memory T,LGALS9,PTPRC,0.0294360082583043,0,34,725
AML4340,GSE185381,Diagnosis,cellchat,HSC MPP,CD8 Memory T,LGALS9,PTPRC,0.0223028087343826,0,66,725
AML4340,GSE185381,Diagnosis,cellchat,Late GMP,CD8 Memory T,LGALS9,PTPRC,0.0444559802459003,0,16,725
AML4340,GSE185381,Diagnosis,cellchat,LMPP,CD8 Memory T,LGALS9,PTPRC,0.0189217695814527,0,53,725
AML4340,GSE185381,Diagnosis,cellchat,Monocyte,CD8 Memory T,LGALS9,PTPRC,0.0274732469828303,0,164,725
AML4340,GSE185381,Diagnosis,cellchat,Pro-Monocyte,CD8 Memory T,LGALS9,PTPRC,0.0222274472143963,0.02,11,725
AML4340,GSE185381,Diagnosis,cellchat,Early GMP,Early GMP,LGALS9,PTPRC,0.0138674378406467,0.01,34,34
AML4340,GSE185381,Diagnosis,cellchat,HSC MPP,Early GMP,LGALS9,PTPRC,0.0104662711423416,0,66,34
AML4340,GSE185381,Diagnosis,cellchat,Late GMP,Early GMP,LGALS9,PTPRC,0.0211162501460726,0,16,34
AML4340,GSE185381,Diagnosis,cellchat,LMPP,Early GMP,LGALS9,PTPRC,0.00886334866576999,0,53,34
AML4340,GSE185381,Diagnosis,cellchat,Monocyte,Early GMP,LGALS9,PTPRC,0.0129289435107628,0,164,34
AML4340,GSE185381,Diagnosis,cellchat,Pro-Monocyte,Early GMP,LGALS9,PTPRC,0.0104304787654865,0.09,11,34
AML4340,GSE185381,Diagnosis,cellchat,Early GMP,HSC MPP,LGALS9,PTPRC,0.0169984174347758,0,34,66
AML4340,GSE185381,Diagnosis,cellchat,HSC MPP,HSC MPP,LGALS9,PTPRC,0.0128393360394045,0,66,66
AML4340,GSE185381,Diagnosis,cellchat,Late GMP,HSC MPP,LGALS9,PTPRC,0.0258409742032502,0,16,66
AML4340,GSE185381,Diagnosis,cellchat,LMPP,HSC MPP,LGALS9,PTPRC,0.0108769706293676,0,53,66
AML4340,GSE185381,Diagnosis,cellchat,Monocyte,HSC MPP,LGALS9,PTPRC,0.0158514366012415,0,164,66
AML4340,GSE185381,Diagnosis,cellchat,Pro-Monocyte,HSC MPP,LGALS9,PTPRC,0.012795533234159,0.05,11,66
AML4340,GSE185381,Diagnosis,cellchat,Early GMP,Late GMP,LGALS9,PTPRC,0.018518415084868,0,34,16
AML4340,GSE185381,Diagnosis,cellchat,HSC MPP,Late GMP,LGALS9,PTPRC,0.0139927227861933,0,66,16
AML4340,GSE185381,Diagnosis,cellchat,Late GMP,Late GMP,LGALS9,PTPRC,0.0281290465683356,0,16,16
AML4340,GSE185381,Diagnosis,cellchat,LMPP,Late GMP,LGALS9,PTPRC,0.011856190867582,0,53,16
AML4340,GSE185381,Diagnosis,cellchat,Monocyte,Late GMP,LGALS9,PTPRC,0.0172706732437101,0,164,16
AML4340,GSE185381,Diagnosis,cellchat,Pro-Monocyte,Late GMP,LGALS9,PTPRC,0.0139450406614735,0.05,11,16
AML4340,GSE185381,Diagnosis,cellchat,Early GMP,LMPP,LGALS9,PTPRC,0.0176975337097648,0.01,34,53
AML4340,GSE185381,Diagnosis,cellchat,HSC MPP,LMPP,LGALS9,PTPRC,0.0133697228212387,0,66,53
AML4340,GSE185381,Diagnosis,cellchat,Late GMP,LMPP,LGALS9,PTPRC,0.0268938200807078,0,16,53
AML4340,GSE185381,Diagnosis,cellchat,LMPP,LMPP,LGALS9,PTPRC,0.011327223219245,0,53,53
AML4340,GSE185381,Diagnosis,cellchat,Monocyte,LMPP,LGALS9,PTPRC,0.0165041715074671,0,164,53
AML4340,GSE185381,Diagnosis,cellchat,Pro-Monocyte,LMPP,LGALS9,PTPRC,0.0133241349664637,0.04,11,53
AML4340,GSE185381,Diagnosis,cellchat,Early GMP,Monocyte,LGALS9,PTPRC,0.0209316808557339,0,34,164
AML4340,GSE185381,Diagnosis,cellchat,HSC MPP,Monocyte,LGALS9,PTPRC,0.0158257232749245,0,66,164
AML4340,GSE185381,Diagnosis,cellchat,Late GMP,Monocyte,LGALS9,PTPRC,0.031754221473284,0,16,164
AML4340,GSE185381,Diagnosis,cellchat,LMPP,Monocyte,LGALS9,PTPRC,0.0134131200490376,0,53,164
AML4340,GSE185381,Diagnosis,cellchat,Monocyte,Monocyte,LGALS9,PTPRC,0.019524571578006,0,164,164
AML4340,GSE185381,Diagnosis,cellchat,Pro-Monocyte,Monocyte,LGALS9,PTPRC,0.0157718948617582,0.03,11,164
AML4340,GSE185381,Diagnosis,cellchat,Early GMP,Naive T,LGALS9,PTPRC,0.0162136545517602,0,34,113
AML4340,GSE185381,Diagnosis,cellchat,HSC MPP,Naive T,LGALS9,PTPRC,0.0122441930383154,0,66,113
AML4340,GSE185381,Diagnosis,cellchat,Late GMP,Naive T,LGALS9,PTPRC,0.0246582189529234,0,16,113
AML4340,GSE185381,Diagnosis,cellchat,LMPP,Naive T,LGALS9,PTPRC,0.0103718336338759,0,53,113
AML4340,GSE185381,Diagnosis,cellchat,Monocyte,Naive T,LGALS9,PTPRC,0.0151188117541177,0,164,113
AML4340,GSE185381,Diagnosis,cellchat,Pro-Monocyte,Naive T,LGALS9,PTPRC,0.0122023955308596,0.05,11,113
AML4340,GSE185381,Diagnosis,cellchat,Early GMP,NK,LGALS9,PTPRC,0.0248928342274749,0,34,432
AML4340,GSE185381,Diagnosis,cellchat,HSC MPP,NK,LGALS9,PTPRC,0.018839207750407,0,66,432
AML4340,GSE185381,Diagnosis,cellchat,Late GMP,NK,LGALS9,PTPRC,0.0376846230250518,0,16,432
AML4340,GSE185381,Diagnosis,cellchat,LMPP,NK,LGALS9,PTPRC,0.0159746609758499,0,53,432
AML4340,GSE185381,Diagnosis,cellchat,Monocyte,NK,LGALS9,PTPRC,0.0232257576356469,0,164,432
AML4340,GSE185381,Diagnosis,cellchat,Pro-Monocyte,NK,LGALS9,PTPRC,0.0187753250385878,0.03,11,432
AML4340,GSE185381,Diagnosis,cellchat,Early GMP,pDC,LGALS9,PTPRC,0.0180432126756305,0,34,28
AML4340,GSE185381,Diagnosis,cellchat,HSC MPP,pDC,LGALS9,PTPRC,0.0136320414836707,0,66,28
AML4340,GSE185381,Diagnosis,cellchat,Late GMP,pDC,LGALS9,PTPRC,0.0274141134458415,0,16,28
AML4340,GSE185381,Diagnosis,cellchat,LMPP,pDC,LGALS9,PTPRC,0.0115499364521341,0,53,28
AML4340,GSE185381,Diagnosis,cellchat,Monocyte,pDC,LGALS9,PTPRC,0.0168269402924106,0,164,28
AML4340,GSE185381,Diagnosis,cellchat,Pro-Monocyte,pDC,LGALS9,PTPRC,0.0135855714954329,0.05,11,28
AML4340,GSE185381,Diagnosis,cellchat,Early GMP,Pro-Monocyte,LGALS9,PTPRC,0.0132714217820584,0.02,34,11
AML4340,GSE185381,Diagnosis,cellchat,HSC MPP,Pro-Monocyte,LGALS9,PTPRC,0.0100149510753485,0,66,11
AML4340,GSE185381,Diagnosis,cellchat,Late GMP,Pro-Monocyte,LGALS9,PTPRC,0.0202150700730585,0,16,11
AML4340,GSE185381,Diagnosis,cellchat,LMPP,Pro-Monocyte,LGALS9,PTPRC,0.00848055645180907,0,53,11
AML4340,GSE185381,Diagnosis,cellchat,Monocyte,Pro-Monocyte,LGALS9,PTPRC,0.0123727574177007,0,164,11
AML4340,GSE185381,Diagnosis,cellchat,Pro-Monocyte,Pro-Monocyte,LGALS9,PTPRC,0.0099806865479275,0.1,11,11
AML4340,GSE185381,Diagnosis,cellchat,Early GMP,NK,BAG6,NCR3,0.0023157615331846,0,34,432
AML4340,GSE185381,Diagnosis,cellchat,HSC MPP,NK,BAG6,NCR3,0.00238820461818191,0,66,432
AML4340,GSE185381,Diagnosis,cellchat,Early GMP,Monocyte,LGALS9,HAVCR2,0.00286504406913628,0,34,164
AML4340,GSE185381,Diagnosis,cellchat,HSC MPP,Monocyte,LGALS9,HAVCR2,0.00215645434931468,0,66,164
AML4340,GSE185381,Diagnosis,cellchat,Late GMP,Monocyte,LGALS9,HAVCR2,0.00438825772425076,0,16,164
AML4340,GSE185381,Diagnosis,cellchat,LMPP,Monocyte,LGALS9,HAVCR2,0.00182384499374211,0,53,164
AML4340,GSE185381,Diagnosis,cellchat,Monocyte,Monocyte,LGALS9,HAVCR2,0.00266913363162104,0,164,164
AML4340,GSE185381,Diagnosis,cellchat,Pro-Monocyte,Monocyte,LGALS9,HAVCR2,0.00214901802699979,0,11,164
AML4340,GSE185381,Diagnosis,cellchat,Early GMP,B,LGALS9,CD44,0.0168980722572803,0,34,126
AML4340,GSE185381,Diagnosis,cellchat,HSC MPP,B,LGALS9,CD44,0.0127632240000896,0,66,126
AML4340,GSE185381,Diagnosis,cellchat,Late GMP,B,LGALS9,CD44,0.025689793764242,0,16,126
AML4340,GSE185381,Diagnosis,cellchat,LMPP,B,LGALS9,CD44,0.0108123641459258,0,53,126
AML4340,GSE185381,Diagnosis,cellchat,Monocyte,B,LGALS9,CD44,0.0157577537504658,0,164,126
AML4340,GSE185381,Diagnosis,cellchat,Pro-Monocyte,B,LGALS9,CD44,0.0127196775136192,0.04,11,126
AML4340,GSE185381,Diagnosis,cellchat,Early GMP,CD4 Memory T,LGALS9,CD44,0.030856153175074,0,34,491
AML4340,GSE185381,Diagnosis,cellchat,HSC MPP,CD4 Memory T,LGALS9,CD44,0.0233871038953168,0,66,491
AML4340,GSE185381,Diagnosis,cellchat,Late GMP,CD4 Memory T,LGALS9,CD44,0.0465659990763162,0,16,491
AML4340,GSE185381,Diagnosis,cellchat,LMPP,CD4 Memory T,LGALS9,CD44,0.0198450252927298,0,53,491
AML4340,GSE185381,Diagnosis,cellchat,Monocyte,CD4 Memory T,LGALS9,CD44,0.0288015082071741,0,164,491
AML4340,GSE185381,Diagnosis,cellchat,Pro-Monocyte,CD4 Memory T,LGALS9,CD44,0.0233081658716356,0.01,11,491
AML4340,GSE185381,Diagnosis,cellchat,Early GMP,CD8 Memory T,LGALS9,CD44,0.0183082208226217,0,34,725
AML4340,GSE185381,Diagnosis,cellchat,HSC MPP,CD8 Memory T,LGALS9,CD44,0.0138331736314867,0,66,725
AML4340,GSE185381,Diagnosis,cellchat,Late GMP,CD8 Memory T,LGALS9,CD44,0.027812857556556,0,16,725
AML4340,GSE185381,Diagnosis,cellchat,LMPP,CD8 Memory T,LGALS9,CD44,0.0117207134956528,0,53,725
AML4340,GSE185381,Diagnosis,cellchat,Monocyte,CD8 Memory T,LGALS9,CD44,0.0170743951623416,0,164,725
AML4340,GSE185381,Diagnosis,cellchat,Pro-Monocyte,CD8 Memory T,LGALS9,CD44,0.0137860275907917,0.03,11,725
AML4340,GSE185381,Diagnosis,cellchat,Early GMP,Early GMP,LGALS9,CD44,0.0235355241619069,0,34,34
AML4340,GSE185381,Diagnosis,cellchat,HSC MPP,Early GMP,LGALS9,CD44,0.0178059511018497,0,66,34
AML4340,GSE185381,Diagnosis,cellchat,Late GMP,Early GMP,LGALS9,CD44,0.0356553301325536,0,16,34
AML4340,GSE185381,Diagnosis,cellchat,LMPP,Early GMP,LGALS9,CD44,0.0150960962072829,0,53,34
AML4340,GSE185381,Diagnosis,cellchat,Monocyte,Early GMP,LGALS9,CD44,0.0219572999611315,0,164,34
AML4340,GSE185381,Diagnosis,cellchat,Pro-Monocyte,Early GMP,LGALS9,CD44,0.0177455087371462,0.03,11,34
AML4340,GSE185381,Diagnosis,cellchat,Early GMP,HSC MPP,LGALS9,CD44,0.0210394229328032,0,34,66
AML4340,GSE185381,Diagnosis,cellchat,HSC MPP,HSC MPP,LGALS9,CD44,0.0159076103722702,0,66,66
AML4340,GSE185381,Diagnosis,cellchat,Late GMP,HSC MPP,LGALS9,CD44,0.0319158546889637,0,16,66
AML4340,GSE185381,Diagnosis,cellchat,LMPP,HSC MPP,LGALS9,CD44,0.0134826946230277,0,53,66
AML4340,GSE185381,Diagnosis,cellchat,Monocyte,HSC MPP,LGALS9,CD44,0.0196252159934109,0,164,66
AML4340,GSE185381,Diagnosis,cellchat,Pro-Monocyte,HSC MPP,LGALS9,CD44,0.0158535079211452,0.02,11,66
AML4340,GSE185381,Diagnosis,cellchat,Early GMP,Late GMP,LGALS9,CD44,0.023956233101332,0,34,16
AML4340,GSE185381,Diagnosis,cellchat,HSC MPP,Late GMP,LGALS9,CD44,0.0181261423421194,0,66,16
AML4340,GSE185381,Diagnosis,cellchat,Late GMP,Late GMP,LGALS9,CD44,0.0362846360530012,0,16,16
AML4340,GSE185381,Diagnosis,cellchat,LMPP,Late GMP,LGALS9,CD44,0.0153683205967133,0,53,16
AML4340,GSE185381,Diagnosis,cellchat,Monocyte,Late GMP,LGALS9,CD44,0.0223504431133622,0,164,16
AML4340,GSE185381,Diagnosis,cellchat,Pro-Monocyte,Late GMP,LGALS9,CD44,0.018064633077325,0.03,11,16
AML4340,GSE185381,Diagnosis,cellchat,Early GMP,LMPP,LGALS9,CD44,0.0219274798939947,0,34,53
AML4340,GSE185381,Diagnosis,cellchat,HSC MPP,LMPP,LGALS9,CD44,0.0165827268674026,0,66,53
AML4340,GSE185381,Diagnosis,cellchat,Late GMP,LMPP,LGALS9,CD44,0.0332474055728826,0,16,53
AML4340,GSE185381,Diagnosis,cellchat,LMPP,LMPP,LGALS9,CD44,0.0140563680404927,0,53,53
AML4340,GSE185381,Diagnosis,cellchat,Monocyte,LMPP,LGALS9,CD44,0.020454827669403,0,164,53
AML4340,GSE185381,Diagnosis,cellchat,Pro-Monocyte,LMPP,LGALS9,CD44,0.0165263668762917,0.04,11,53
AML4340,GSE185381,Diagnosis,cellchat,Early GMP,Monocyte,LGALS9,CD44,0.0342118533561388,0,34,164
AML4340,GSE185381,Diagnosis,cellchat,HSC MPP,Monocyte,LGALS9,CD44,0.0259522740622785,0,66,164
AML4340,GSE185381,Diagnosis,cellchat,Late GMP,Monocyte,LGALS9,CD44,0.0515393344714261,0,16,164
AML4340,GSE185381,Diagnosis,cellchat,LMPP,Monocyte,LGALS9,CD44,0.0220304532113306,0,53,164
AML4340,GSE185381,Diagnosis,cellchat,Monocyte,Monocyte,LGALS9,CD44,0.0319411239669401,0,164,164
AML4340,GSE185381,Diagnosis,cellchat,Pro-Monocyte,Monocyte,LGALS9,CD44,0.0258649071765657,0,11,164
AML4340,GSE185381,Diagnosis,cellchat,Early GMP,Naive T,LGALS9,CD44,0.0252065618768675,0,34,113
AML4340,GSE185381,Diagnosis,cellchat,HSC MPP,Naive T,LGALS9,CD44,0.019078133470039,0,66,113
AML4340,GSE185381,Diagnosis,cellchat,Late GMP,Naive T,LGALS9,CD44,0.038153259302327,0,16,113
AML4340,GSE185381,Diagnosis,cellchat,LMPP,Naive T,LGALS9,CD44,0.0161778564801192,0,53,113
AML4340,GSE185381,Diagnosis,cellchat,Monocyte,Naive T,LGALS9,CD44,0.0235189816579349,0,164,113
AML4340,GSE185381,Diagnosis,cellchat,Pro-Monocyte,Naive T,LGALS9,CD44,0.0190134562744904,0.02,11,113
AML4340,GSE185381,Diagnosis,cellchat,Early GMP,NK,LGALS9,CD44,0.00516580030665074,0.03,34,432
AML4340,GSE185381,Diagnosis,cellchat,HSC MPP,NK,LGALS9,CD44,0.00389040202729185,0,66,432
AML4340,GSE185381,Diagnosis,cellchat,Late GMP,NK,LGALS9,CD44,0.00790252723084938,0,16,432
AML4340,GSE185381,Diagnosis,cellchat,LMPP,NK,LGALS9,CD44,0.00329123243847719,0,53,432
AML4340,GSE185381,Diagnosis,cellchat,Monocyte,NK,LGALS9,CD44,0.00481332461283366,0,164,432
AML4340,GSE185381,Diagnosis,cellchat,Pro-Monocyte,NK,LGALS9,CD44,0.00387700958776745,0.14,11,432
AML4340,GSE185381,Diagnosis,cellchat,Early GMP,pDC,LGALS9,CD44,0.00317250158898046,0.03,34,28
AML4340,GSE185381,Diagnosis,cellchat,HSC MPP,pDC,LGALS9,CD44,0.00238805283397831,0,66,28
AML4340,GSE185381,Diagnosis,cellchat,Late GMP,pDC,LGALS9,CD44,0.00485837998862143,0.01,16,28
AML4340,GSE185381,Diagnosis,cellchat,LMPP,pDC,LGALS9,CD44,0.00201979426650305,0,53,28
AML4340,GSE185381,Diagnosis,cellchat,Monocyte,pDC,LGALS9,CD44,0.00295562966031552,0,164,28
AML4340,GSE185381,Diagnosis,cellchat,Pro-Monocyte,pDC,LGALS9,CD44,0.00237981977163532,0.14,11,28
AML4340,GSE185381,Diagnosis,cellchat,Early GMP,Pro-Monocyte,LGALS9,CD44,0.0285794055557719,0,34,11
AML4340,GSE185381,Diagnosis,cellchat,HSC MPP,Pro-Monocyte,LGALS9,CD44,0.0216491555189569,0,66,11
AML4340,GSE185381,Diagnosis,cellchat,Late GMP,Pro-Monocyte,LGALS9,CD44,0.0431817354592879,0,16,11
AML4340,GSE185381,Diagnosis,cellchat,LMPP,Pro-Monocyte,LGALS9,CD44,0.0183653468696374,0,53,11
AML4340,GSE185381,Diagnosis,cellchat,Monocyte,Pro-Monocyte,LGALS9,CD44,0.0266721919754434,0,164,11
AML4340,GSE185381,Diagnosis,cellchat,Pro-Monocyte,Pro-Monocyte,LGALS9,CD44,0.0215759539608601,0.02,11,11
AML4340,GSE185381,Diagnosis,cellchat,Early GMP,CD4 Memory T,LGALS9,P4HB,0.00968321541094373,0,34,491
AML4340,GSE185381,Diagnosis,cellchat,HSC MPP,CD4 Memory T,LGALS9,P4HB,0.00730068526985514,0,66,491
AML4340,GSE185381,Diagnosis,cellchat,Late GMP,CD4 Memory T,LGALS9,P4HB,0.0147776192603999,0,16,491
AML4340,GSE185381,Diagnosis,cellchat,LMPP,CD4 Memory T,LGALS9,P4HB,0.00617954860108001,0,53,491
AML4340,GSE185381,Diagnosis,cellchat,Monocyte,CD4 Memory T,LGALS9,P4HB,0.00902530135147041,0,164,491
AML4340,GSE185381,Diagnosis,cellchat,Pro-Monocyte,CD4 Memory T,LGALS9,P4HB,0.0072756389136152,0.01,11,491
AML4340,GSE185381,Diagnosis,cellchat,Early GMP,CD8 Memory T,LGALS9,P4HB,0.00471201957217462,0.01,34,725
AML4340,GSE185381,Diagnosis,cellchat,HSC MPP,CD8 Memory T,LGALS9,P4HB,0.00354825684056807,0,66,725
AML4340,GSE185381,Diagnosis,cellchat,Late GMP,CD8 Memory T,LGALS9,P4HB,0.00721008581111365,0,16,725
AML4340,GSE185381,Diagnosis,cellchat,LMPP,CD8 Memory T,LGALS9,P4HB,0.00300162301655055,0,53,725
AML4340,GSE185381,Diagnosis,cellchat,Monocyte,CD8 Memory T,LGALS9,P4HB,0.00439036984883715,0,164,725
AML4340,GSE185381,Diagnosis,cellchat,Pro-Monocyte,CD8 Memory T,LGALS9,P4HB,0.00353603803110069,0.06,11,725
AML4340,GSE185381,Diagnosis,cellchat,Early GMP,Early GMP,LGALS9,P4HB,0.0124564836225977,0,34,34
AML4340,GSE185381,Diagnosis,cellchat,HSC MPP,Early GMP,LGALS9,P4HB,0.00939807353204612,0,66,34
AML4340,GSE185381,Diagnosis,cellchat,Late GMP,Early GMP,LGALS9,P4HB,0.0189819561346021,0,16,34
AML4340,GSE185381,Diagnosis,cellchat,LMPP,Early GMP,LGALS9,P4HB,0.0079574312800693,0,53,34
AML4340,GSE185381,Diagnosis,cellchat,Monocyte,Early GMP,LGALS9,P4HB,0.0116123527616516,0,164,34
AML4340,GSE185381,Diagnosis,cellchat,Pro-Monocyte,Early GMP,LGALS9,P4HB,0.00936589958374713,0.01,11,34
AML4340,GSE185381,Diagnosis,cellchat,Early GMP,Late GMP,LGALS9,P4HB,0.0262206864266805,0,34,16
AML4340,GSE185381,Diagnosis,cellchat,HSC MPP,Late GMP,LGALS9,P4HB,0.0198507166493342,0,66,16
AML4340,GSE185381,Diagnosis,cellchat,Late GMP,Late GMP,LGALS9,P4HB,0.0396670666392973,0,16,16
AML4340,GSE185381,Diagnosis,cellchat,LMPP,Late GMP,LGALS9,P4HB,0.0168350064978616,0,53,16
AML4340,GSE185381,Diagnosis,cellchat,Monocyte,Late GMP,LGALS9,P4HB,0.0244669146864135,0,164,16
AML4340,GSE185381,Diagnosis,cellchat,Pro-Monocyte,Late GMP,LGALS9,P4HB,0.0197834731264144,0,11,16
AML4340,GSE185381,Diagnosis,cellchat,Early GMP,LMPP,LGALS9,P4HB,0.00239575266814994,0.02,34,53
AML4340,GSE185381,Diagnosis,cellchat,HSC MPP,LMPP,LGALS9,P4HB,0.00180301937651825,0,66,53
AML4340,GSE185381,Diagnosis,cellchat,Late GMP,LMPP,LGALS9,P4HB,0.00367038381981843,0,16,53
AML4340,GSE185381,Diagnosis,cellchat,LMPP,LMPP,LGALS9,P4HB,0.00152484017265018,0,53,53
AML4340,GSE185381,Diagnosis,cellchat,Monocyte,LMPP,LGALS9,P4HB,0.00223186034159515,0,164,53
AML4340,GSE185381,Diagnosis,cellchat,Pro-Monocyte,LMPP,LGALS9,P4HB,0.00179679964555853,0.12,11,53
AML4340,GSE185381,Diagnosis,cellchat,Early GMP,Monocyte,LGALS9,P4HB,0.0172470732759449,0,34,164
AML4340,GSE185381,Diagnosis,cellchat,HSC MPP,Monocyte,LGALS9,P4HB,0.013027958430406,0,66,164
AML4340,GSE185381,Diagnosis,cellchat,Late GMP,Monocyte,LGALS9,P4HB,0.0262155308910567,0,16,164
AML4340,GSE185381,Diagnosis,cellchat,LMPP,Monocyte,LGALS9,P4HB,0.0110370862825295,0,53,164
AML4340,GSE185381,Diagnosis,cellchat,Monocyte,Monocyte,LGALS9,P4HB,0.0160835887256501,0,164,164
AML4340,GSE185381,Diagnosis,cellchat,Pro-Monocyte,Monocyte,LGALS9,P4HB,0.0129835205827953,0,11,164
AML4340,GSE185381,Diagnosis,cellchat,Early GMP,Naive T,LGALS9,P4HB,0.0103396450956333,0,34,113
AML4340,GSE185381,Diagnosis,cellchat,HSC MPP,Naive T,LGALS9,P4HB,0.00779687373450653,0,66,113
AML4340,GSE185381,Diagnosis,cellchat,Late GMP,Naive T,LGALS9,P4HB,0.0157739001421323,0,16,113
AML4340,GSE185381,Diagnosis,cellchat,LMPP,Naive T,LGALS9,P4HB,0.00660004601939254,0,53,113
AML4340,GSE185381,Diagnosis,cellchat,Monocyte,Naive T,LGALS9,P4HB,0.00963756477670831,0,164,113
AML4340,GSE185381,Diagnosis,cellchat,Pro-Monocyte,Naive T,LGALS9,P4HB,0.00777013843574059,0.02,11,113
AML4340,GSE185381,Diagnosis,cellchat,Early GMP,NK,LGALS9,P4HB,0.0133482767221572,0,34,432
AML4340,GSE185381,Diagnosis,cellchat,HSC MPP,NK,LGALS9,P4HB,0.0100731402769003,0,66,432
AML4340,GSE185381,Diagnosis,cellchat,Late GMP,NK,LGALS9,P4HB,0.0203313072191696,0,16,432
AML4340,GSE185381,Diagnosis,cellchat,LMPP,NK,LGALS9,P4HB,0.00852990727777707,0,53,432
AML4340,GSE185381,Diagnosis,cellchat,Monocyte,NK,LGALS9,P4HB,0.0124444738174929,0,164,432
AML4340,GSE185381,Diagnosis,cellchat,Pro-Monocyte,NK,LGALS9,P4HB,0.0100386786833506,0.01,11,432
AML4340,GSE185381,Diagnosis,cellchat,Early GMP,pDC,LGALS9,P4HB,0.0215163076346066,0,34,28
AML4340,GSE185381,Diagnosis,cellchat,HSC MPP,pDC,LGALS9,P4HB,0.016270109351278,0,66,28
AML4340,GSE185381,Diagnosis,cellchat,Late GMP,pDC,LGALS9,P4HB,0.032631049899697,0,16,28
AML4340,GSE185381,Diagnosis,cellchat,LMPP,pDC,LGALS9,P4HB,0.0137907095490284,0,53,28
AML4340,GSE185381,Diagnosis,cellchat,Monocyte,pDC,LGALS9,P4HB,0.0200707031235616,0,164,28
AML4340,GSE185381,Diagnosis,cellchat,Pro-Monocyte,pDC,LGALS9,P4HB,0.0162147943398464,0,11,28
AML4340,GSE185381,Diagnosis,cellchat,Early GMP,Pro-Monocyte,LGALS9,P4HB,0.0255955942374672,0,34,11
AML4340,GSE185381,Diagnosis,cellchat,HSC MPP,Pro-Monocyte,LGALS9,P4HB,0.0193744609714056,0,66,11
AML4340,GSE185381,Diagnosis,cellchat,Late GMP,Pro-Monocyte,LGALS9,P4HB,0.0387341681971356,0,16,11
AML4340,GSE185381,Diagnosis,cellchat,LMPP,Pro-Monocyte,LGALS9,P4HB,0.0164298905062172,0,53,11
AML4340,GSE185381,Diagnosis,cellchat,Monocyte,Pro-Monocyte,LGALS9,P4HB,0.0238826064129453,0,164,11
AML4340,GSE185381,Diagnosis,cellchat,Pro-Monocyte,Pro-Monocyte,LGALS9,P4HB,0.0193087989641624,0,11,11
AML4340,GSE185381,Diagnosis,cellchat,B,Early GMP,PPIA,BSG,0.0918103236350833,0,126,34
AML4340,GSE185381,Diagnosis,cellchat,CD4 Memory T,Early GMP,PPIA,BSG,0.0804833794441754,0,491,34
AML4340,GSE185381,Diagnosis,cellchat,CD8 Memory T,Early GMP,PPIA,BSG,0.0838633403099728,0,725,34
AML4340,GSE185381,Diagnosis,cellchat,Early GMP,Early GMP,PPIA,BSG,0.0993415101757909,0,34,34
AML4340,GSE185381,Diagnosis,cellchat,HSC MPP,Early GMP,PPIA,BSG,0.0711542358403944,0.01,66,34
AML4340,GSE185381,Diagnosis,cellchat,Late GMP,Early GMP,PPIA,BSG,0.10367999239748,0,16,34
AML4340,GSE185381,Diagnosis,cellchat,LMPP,Early GMP,PPIA,BSG,0.0790215203012023,0,53,34
AML4340,GSE185381,Diagnosis,cellchat,Monocyte,Early GMP,PPIA,BSG,0.0931676889044051,0,164,34
AML4340,GSE185381,Diagnosis,cellchat,Naive T,Early GMP,PPIA,BSG,0.0857648518106795,0,113,34
AML4340,GSE185381,Diagnosis,cellchat,NK,Early GMP,PPIA,BSG,0.0904892879744467,0,432,34
AML4340,GSE185381,Diagnosis,cellchat,pDC,Early GMP,PPIA,BSG,0.0867590974718659,0,28,34
AML4340,GSE185381,Diagnosis,cellchat,Pro-Monocyte,Early GMP,PPIA,BSG,0.100183384447941,0,11,34
AML4340,GSE185381,Diagnosis,cellchat,B,HSC MPP,PPIA,BSG,0.0553067858613135,0,126,66
AML4340,GSE185381,Diagnosis,cellchat,CD4 Memory T,HSC MPP,PPIA,BSG,0.0482441693547389,0,491,66
AML4340,GSE185381,Diagnosis,cellchat,CD8 Memory T,HSC MPP,PPIA,BSG,0.0503443477997844,0,725,66
AML4340,GSE185381,Diagnosis,cellchat,Early GMP,HSC MPP,PPIA,BSG,0.0600415550606661,0,34,66
AML4340,GSE185381,Diagnosis,cellchat,HSC MPP,HSC MPP,PPIA,BSG,0.0424793600328377,0,66,66
AML4340,GSE185381,Diagnosis,cellchat,Late GMP,HSC MPP,PPIA,BSG,0.0627833558556964,0,16,66
AML4340,GSE185381,Diagnosis,cellchat,LMPP,HSC MPP,PPIA,BSG,0.0473377406796197,0,53,66
AML4340,GSE185381,Diagnosis,cellchat,Monocyte,HSC MPP,PPIA,BSG,0.0561578377161591,0,164,66
AML4340,GSE185381,Diagnosis,cellchat,Naive T,HSC MPP,PPIA,BSG,0.0515285990319772,0,113,66
AML4340,GSE185381,Diagnosis,cellchat,NK,HSC MPP,PPIA,BSG,0.054479482894031,0,432,66
AML4340,GSE185381,Diagnosis,cellchat,pDC,HSC MPP,PPIA,BSG,0.0521485931970487,0,28,66
AML4340,GSE185381,Diagnosis,cellchat,Pro-Monocyte,HSC MPP,PPIA,BSG,0.0605727788843874,0,11,66
AML4340,GSE185381,Diagnosis,cellchat,B,Late GMP,PPIA,BSG,0.0729446739883568,0.02,126,16
AML4340,GSE185381,Diagnosis,cellchat,CD4 Memory T,Late GMP,PPIA,BSG,0.0637817869625305,0.04,491,16
AML4340,GSE185381,Diagnosis,cellchat,CD8 Memory T,Late GMP,PPIA,BSG,0.0665110855697745,0.03,725,16
AML4340,GSE185381,Diagnosis,cellchat,Early GMP,Late GMP,PPIA,BSG,0.0790630368677743,0.02,34,16
AML4340,GSE185381,Diagnosis,cellchat,HSC MPP,Late GMP,PPIA,BSG,0.0562701194238605,0.04,66,16
AML4340,GSE185381,Diagnosis,cellchat,Late GMP,Late GMP,PPIA,BSG,0.0825971265124346,0.01,16,16
AML4340,GSE185381,Diagnosis,cellchat,LMPP,Late GMP,PPIA,BSG,0.0626026337084422,0.04,53,16
AML4340,GSE185381,Diagnosis,cellchat,Monocyte,Late GMP,PPIA,BSG,0.0740458615398564,0.02,164,16
AML4340,GSE185381,Diagnosis,cellchat,Naive T,Late GMP,PPIA,BSG,0.0680483773007579,0.03,113,16
AML4340,GSE185381,Diagnosis,cellchat,NK,Late GMP,PPIA,BSG,0.0718736087752586,0.02,432,16
AML4340,GSE185381,Diagnosis,cellchat,pDC,Late GMP,PPIA,BSG,0.0688527089646629,0.03,28,16
AML4340,GSE185381,Diagnosis,cellchat,Pro-Monocyte,Late GMP,PPIA,BSG,0.0797482767041673,0.01,11,16
AML4340,GSE185381,Diagnosis,cellchat,B,LMPP,PPIA,BSG,0.0687096649367175,0,126,53
AML4340,GSE185381,Diagnosis,cellchat,CD4 Memory T,LMPP,PPIA,BSG,0.0600442996416732,0,491,53
AML4340,GSE185381,Diagnosis,cellchat,CD8 Memory T,LMPP,PPIA,BSG,0.0626243646609834,0,725,53
AML4340,GSE185381,Diagnosis,cellchat,Early GMP,LMPP,PPIA,BSG,0.0745013555880864,0,34,53
AML4340,GSE185381,Diagnosis,cellchat,HSC MPP,LMPP,PPIA,BSG,0.0529479072573199,0,66,53
AML4340,GSE185381,Diagnosis,cellchat,Late GMP,LMPP,PPIA,BSG,0.0778487762728508,0,16,53
AML4340,GSE185381,Diagnosis,cellchat,LMPP,LMPP,PPIA,BSG,0.0589298932251353,0,53,53
AML4340,GSE185381,Diagnosis,cellchat,Monocyte,LMPP,PPIA,BSG,0.0697517302263826,0,164,53
AML4340,GSE185381,Diagnosis,cellchat,Naive T,LMPP,PPIA,BSG,0.0640779879772169,0,113,53
AML4340,GSE185381,Diagnosis,cellchat,NK,LMPP,PPIA,BSG,0.0676962426058352,0,432,53
AML4340,GSE185381,Diagnosis,cellchat,pDC,LMPP,PPIA,BSG,0.0648386547080081,0,28,53
AML4340,GSE185381,Diagnosis,cellchat,Pro-Monocyte,LMPP,PPIA,BSG,0.0751502855301662,0,11,53
AML4340,GSE185381,Diagnosis,cellchat,B,Monocyte,PPIA,BSG,0.0220737871714075,0.48,126,164
AML4340,GSE185381,Diagnosis,cellchat,CD4 Memory T,Monocyte,PPIA,BSG,0.0191688767282363,0.7,491,164
AML4340,GSE185381,Diagnosis,cellchat,CD8 Memory T,Monocyte,PPIA,BSG,0.0200299788527425,0.64,725,164
AML4340,GSE185381,Diagnosis,cellchat,Early GMP,Monocyte,PPIA,BSG,0.0240358930375377,0.35,34,164
AML4340,GSE185381,Diagnosis,cellchat,HSC MPP,Monocyte,PPIA,BSG,0.016816954184758,0.78,66,164
AML4340,GSE185381,Diagnosis,cellchat,Late GMP,Monocyte,PPIA,BSG,0.0251775345846388,0.21,16,164
AML4340,GSE185381,Diagnosis,cellchat,LMPP,Monocyte,PPIA,BSG,0.0187979356243889,0.7,53,164
AML4340,GSE185381,Diagnosis,cellchat,Monocyte,Monocyte,PPIA,BSG,0.0224255945160392,0.44,164,164
AML4340,GSE185381,Diagnosis,cellchat,Naive T,Monocyte,PPIA,BSG,0.0205165501416703,0.62,113,164
AML4340,GSE185381,Diagnosis,cellchat,NK,Monocyte,PPIA,BSG,0.0217321620247535,0.53,432,164
AML4340,GSE185381,Diagnosis,cellchat,pDC,Monocyte,PPIA,BSG,0.0207715778419572,0.54,28,164
AML4340,GSE185381,Diagnosis,cellchat,Pro-Monocyte,Monocyte,PPIA,BSG,0.0242567739964506,0.23,11,164
AML4340,GSE185381,Diagnosis,cellchat,B,NK,PPIA,BSG,0.0397771039390921,0,126,432
AML4340,GSE185381,Diagnosis,cellchat,CD4 Memory T,NK,PPIA,BSG,0.0346249254472814,0,491,432
AML4340,GSE185381,Diagnosis,cellchat,CD8 Memory T,NK,PPIA,BSG,0.0361547490774078,0,725,432
AML4340,GSE185381,Diagnosis,cellchat,Early GMP,NK,PPIA,BSG,0.0432432466187627,0,34,432
AML4340,GSE185381,Diagnosis,cellchat,HSC MPP,NK,PPIA,BSG,0.0304354703942551,0,66,432
AML4340,GSE185381,Diagnosis,cellchat,Late GMP,NK,PPIA,BSG,0.0452548840652634,0,16,432
AML4340,GSE185381,Diagnosis,cellchat,LMPP,NK,PPIA,BSG,0.0339652483005775,0,53,432
AML4340,GSE185381,Diagnosis,cellchat,Monocyte,NK,PPIA,BSG,0.0403994069415879,0,164,432
AML4340,GSE185381,Diagnosis,cellchat,Naive T,NK,PPIA,BSG,0.0370182291191193,0,113,432
AML4340,GSE185381,Diagnosis,cellchat,NK,NK,PPIA,BSG,0.0391724682144971,0,432,432
AML4340,GSE185381,Diagnosis,cellchat,pDC,NK,PPIA,BSG,0.0374705313003128,0,28,432
AML4340,GSE185381,Diagnosis,cellchat,Pro-Monocyte,NK,PPIA,BSG,0.0436327448249762,0,11,432
AML4340,GSE185381,Diagnosis,cellchat,B,pDC,PPIA,BSG,0.025151286868092,0.37,126,28
AML4340,GSE185381,Diagnosis,cellchat,CD4 Memory T,pDC,PPIA,BSG,0.0218504266068725,0.5,491,28
AML4340,GSE185381,Diagnosis,cellchat,CD8 Memory T,pDC,PPIA,BSG,0.0228291852585109,0.45,725,28
AML4340,GSE185381,Diagnosis,cellchat,Early GMP,pDC,PPIA,BSG,0.0273792882895541,0.29,34,28
AML4340,GSE185381,Diagnosis,cellchat,HSC MPP,pDC,PPIA,BSG,0.0191759241093921,0.57,66,28
AML4340,GSE185381,Diagnosis,cellchat,Late GMP,pDC,PPIA,BSG,0.028675066477862,0.26,16,28
AML4340,GSE185381,Diagnosis,cellchat,LMPP,pDC,PPIA,BSG,0.0214287279431922,0.5,53,28
AML4340,GSE185381,Diagnosis,cellchat,Monocyte,pDC,PPIA,BSG,0.0255508612306588,0.35,164,28
AML4340,GSE185381,Diagnosis,cellchat,Naive T,pDC,PPIA,BSG,0.02338213284121,0.44,113,28
AML4340,GSE185381,Diagnosis,cellchat,NK,pDC,PPIA,BSG,0.024763238841922,0.38,432,28
AML4340,GSE185381,Diagnosis,cellchat,pDC,pDC,PPIA,BSG,0.0236719198500087,0.36,28,28
AML4340,GSE185381,Diagnosis,cellchat,Pro-Monocyte,pDC,PPIA,BSG,0.0276300239855664,0.24,11,28
AML4340,GSE185381,Diagnosis,cellchat,B,Pro-Monocyte,PPIA,BSG,0.0695795572681777,0.05,126,11
AML4340,GSE185381,Diagnosis,cellchat,CD4 Memory T,Pro-Monocyte,PPIA,BSG,0.0608116486014557,0.06,491,11
AML4340,GSE185381,Diagnosis,cellchat,CD8 Memory T,Pro-Monocyte,PPIA,BSG,0.0634224613309826,0.06,725,11
AML4340,GSE185381,Diagnosis,cellchat,Early GMP,Pro-Monocyte,PPIA,BSG,0.0754386334189464,0.05,34,11
AML4340,GSE185381,Diagnosis,cellchat,HSC MPP,Pro-Monocyte,PPIA,BSG,0.0536297407189682,0.06,66,11
AML4340,GSE185381,Diagnosis,cellchat,Late GMP,Pro-Monocyte,PPIA,BSG,0.0788245801937065,0.03,16,11
AML4340,GSE185381,Diagnosis,cellchat,LMPP,Pro-Monocyte,PPIA,BSG,0.0596839046941984,0.06,53,11
AML4340,GSE185381,Diagnosis,cellchat,Monocyte,Pro-Monocyte,PPIA,BSG,0.0706338149063796,0.05,164,11
AML4340,GSE185381,Diagnosis,cellchat,Naive T,Pro-Monocyte,PPIA,BSG,0.0648933274163951,0.05,113,11
AML4340,GSE185381,Diagnosis,cellchat,NK,Pro-Monocyte,PPIA,BSG,0.0685542490663798,0.05,432,11
AML4340,GSE185381,Diagnosis,cellchat,pDC,Pro-Monocyte,PPIA,BSG,0.0656629939475608,0.06,28,11
AML4340,GSE185381,Diagnosis,cellchat,Pro-Monocyte,Pro-Monocyte,PPIA,BSG,0.0760950560945531,0.04,11,11
AML4340,GSE185381,Diagnosis,cellchat,Early GMP,B,APP,CD74,0.1149953463039,0,34,126
AML4340,GSE185381,Diagnosis,cellchat,HSC MPP,B,APP,CD74,0.135211145862622,0,66,126
AML4340,GSE185381,Diagnosis,cellchat,Late GMP,B,APP,CD74,0.059784996254623,0,16,126
AML4340,GSE185381,Diagnosis,cellchat,LMPP,B,APP,CD74,0.119398638112451,0,53,126
AML4340,GSE185381,Diagnosis,cellchat,Monocyte,B,APP,CD74,0.056753650224296,0,164,126
AML4340,GSE185381,Diagnosis,cellchat,pDC,B,APP,CD74,0.344352673161801,0,28,126
AML4340,GSE185381,Diagnosis,cellchat,Pro-Monocyte,B,APP,CD74,0.126773548930063,0,11,126
AML4340,GSE185381,Diagnosis,cellchat,Early GMP,CD4 Memory T,APP,CD74,0.0228858754104703,0,34,491
AML4340,GSE185381,Diagnosis,cellchat,HSC MPP,CD4 Memory T,APP,CD74,0.0274106568861646,0,66,491
AML4340,GSE185381,Diagnosis,cellchat,Late GMP,CD4 Memory T,APP,CD74,0.0113319088836412,0.03,16,491
AML4340,GSE185381,Diagnosis,cellchat,LMPP,CD4 Memory T,APP,CD74,0.0238572767535452,0,53,491
AML4340,GSE185381,Diagnosis,cellchat,Monocyte,CD4 Memory T,APP,CD74,0.0107292987988124,0,164,491
AML4340,GSE185381,Diagnosis,cellchat,pDC,CD4 Memory T,APP,CD74,0.0864841966656983,0,28,491
AML4340,GSE185381,Diagnosis,cellchat,Pro-Monocyte,CD4 Memory T,APP,CD74,0.0255017713084651,0,11,491
AML4340,GSE185381,Diagnosis,cellchat,Early GMP,CD8 Memory T,APP,CD74,0.0324465245750242,0,34,725
AML4340,GSE185381,Diagnosis,cellchat,HSC MPP,CD8 Memory T,APP,CD74,0.0387865151761184,0,66,725
AML4340,GSE185381,Diagnosis,cellchat,Late GMP,CD8 Memory T,APP,CD74,0.0161456061993237,0,16,725
AML4340,GSE185381,Diagnosis,cellchat,LMPP,CD8 Memory T,APP,CD74,0.0338096904695912,0,53,725
AML4340,GSE185381,Diagnosis,cellchat,Monocyte,CD8 Memory T,APP,CD74,0.0152909716412495,0,164,725
AML4340,GSE185381,Diagnosis,cellchat,pDC,CD8 Memory T,APP,CD74,0.119367565790307,0,28,725
AML4340,GSE185381,Diagnosis,cellchat,Pro-Monocyte,CD8 Memory T,APP,CD74,0.0361148288985253,0,11,725
AML4340,GSE185381,Diagnosis,cellchat,Early GMP,Early GMP,APP,CD74,0.0548056244348494,0,34,34
AML4340,GSE185381,Diagnosis,cellchat,HSC MPP,Early GMP,APP,CD74,0.0652200446060175,0,66,34
AML4340,GSE185381,Diagnosis,cellchat,Late GMP,Early GMP,APP,CD74,0.0275919790838889,0,16,34
AML4340,GSE185381,Diagnosis,cellchat,LMPP,Early GMP,APP,CD74,0.0570527656770206,0,53,34
AML4340,GSE185381,Diagnosis,cellchat,Monocyte,Early GMP,APP,CD74,0.0261475567832717,0,164,34
AML4340,GSE185381,Diagnosis,cellchat,pDC,Early GMP,APP,CD74,0.189870290036477,0,28,34
AML4340,GSE185381,Diagnosis,cellchat,Pro-Monocyte,Early GMP,APP,CD74,0.0608428205872364,0,11,34
AML4340,GSE185381,Diagnosis,cellchat,Early GMP,HSC MPP,APP,CD74,0.0259707907093943,0,34,66
AML4340,GSE185381,Diagnosis,cellchat,HSC MPP,HSC MPP,APP,CD74,0.0310860886899761,0,66,66
AML4340,GSE185381,Diagnosis,cellchat,Late GMP,HSC MPP,APP,CD74,0.0128799296780902,0,16,66
AML4340,GSE185381,Diagnosis,cellchat,LMPP,HSC MPP,APP,CD74,0.0270695051621222,0,53,66
AML4340,GSE185381,Diagnosis,cellchat,Monocyte,HSC MPP,APP,CD74,0.0121960141872455,0,164,66
AML4340,GSE185381,Diagnosis,cellchat,pDC,HSC MPP,APP,CD74,0.0972883204535782,0,28,66
AML4340,GSE185381,Diagnosis,cellchat,Pro-Monocyte,HSC MPP,APP,CD74,0.0289288583039955,0,11,66
AML4340,GSE185381,Diagnosis,cellchat,Early GMP,Late GMP,APP,CD74,0.0388566052927127,0,34,16
AML4340,GSE185381,Diagnosis,cellchat,HSC MPP,Late GMP,APP,CD74,0.0463890621587437,0,66,16
AML4340,GSE185381,Diagnosis,cellchat,Late GMP,Late GMP,APP,CD74,0.0193998750346952,0,16,16
AML4340,GSE185381,Diagnosis,cellchat,LMPP,Late GMP,APP,CD74,0.0404778095213426,0,53,16
AML4340,GSE185381,Diagnosis,cellchat,Monocyte,Late GMP,APP,CD74,0.0183761998237084,0,164,16
AML4340,GSE185381,Diagnosis,cellchat,pDC,Late GMP,APP,CD74,0.14045681724519,0,28,16
AML4340,GSE185381,Diagnosis,cellchat,Pro-Monocyte,Late GMP,APP,CD74,0.0432172436323541,0,11,16
AML4340,GSE185381,Diagnosis,cellchat,Early GMP,LMPP,APP,CD74,0.0426355198371997,0,34,53
AML4340,GSE185381,Diagnosis,cellchat,HSC MPP,LMPP,APP,CD74,0.0508617641885639,0,66,53
AML4340,GSE185381,Diagnosis,cellchat,Late GMP,LMPP,APP,CD74,0.0213285575930137,0,16,53
AML4340,GSE185381,Diagnosis,cellchat,LMPP,LMPP,APP,CD74,0.0444071061780151,0,53,53
AML4340,GSE185381,Diagnosis,cellchat,Monocyte,LMPP,APP,CD74,0.0202052083754889,0,164,53
AML4340,GSE185381,Diagnosis,cellchat,pDC,LMPP,APP,CD74,0.152548385707738,0,28,53
AML4340,GSE185381,Diagnosis,cellchat,Pro-Monocyte,LMPP,APP,CD74,0.0473993286033158,0,11,53
AML4340,GSE185381,Diagnosis,cellchat,Early GMP,Monocyte,APP,CD74,0.066555279133498,0,34,164
AML4340,GSE185381,Diagnosis,cellchat,HSC MPP,Monocyte,APP,CD74,0.0790157735594794,0,66,164
AML4340,GSE185381,Diagnosis,cellchat,Late GMP,Monocyte,APP,CD74,0.0337154723865071,0,16,164
AML4340,GSE185381,Diagnosis,cellchat,LMPP,Monocyte,APP,CD74,0.0692488842223253,0,53,164
AML4340,GSE185381,Diagnosis,cellchat,Monocyte,Monocyte,APP,CD74,0.0319610253323893,0,164,164
AML4340,GSE185381,Diagnosis,cellchat,pDC,Monocyte,APP,CD74,0.223722377206269,0,28,164
AML4340,GSE185381,Diagnosis,cellchat,Pro-Monocyte,Monocyte,APP,CD74,0.0737857377839637,0,11,164
AML4340,GSE185381,Diagnosis,cellchat,Early GMP,Naive T,APP,CD74,0.018285675804764,0,34,113
AML4340,GSE185381,Diagnosis,cellchat,HSC MPP,Naive T,APP,CD74,0.0219213534265785,0,66,113
AML4340,GSE185381,Diagnosis,cellchat,Late GMP,Naive T,APP,CD74,0.00903265761116952,0.03,16,113
AML4340,GSE185381,Diagnosis,cellchat,LMPP,Naive T,APP,CD74,0.019065629494016,0,53,113
AML4340,GSE185381,Diagnosis,cellchat,Monocyte,Naive T,APP,CD74,0.00855125993647528,0,164,113
AML4340,GSE185381,Diagnosis,cellchat,pDC,Naive T,APP,CD74,0.0700163780372855,0,28,113
AML4340,GSE185381,Diagnosis,cellchat,Pro-Monocyte,Naive T,APP,CD74,0.0203867314182681,0,11,113
AML4340,GSE185381,Diagnosis,cellchat,Early GMP,NK,APP,CD74,0.0294963136334978,0,34,432
AML4340,GSE185381,Diagnosis,cellchat,HSC MPP,NK,APP,CD74,0.0352808587393925,0,66,432
AML4340,GSE185381,Diagnosis,cellchat,Late GMP,NK,APP,CD74,0.0146551119041613,0,16,432
AML4340,GSE185381,Diagnosis,cellchat,LMPP,NK,APP,CD74,0.0307394710320702,0,53,432
AML4340,GSE185381,Diagnosis,cellchat,Monocyte,NK,APP,CD74,0.0138782606939023,0,164,432
AML4340,GSE185381,Diagnosis,cellchat,pDC,NK,APP,CD74,0.109407712016487,0,28,432
AML4340,GSE185381,Diagnosis,cellchat,Pro-Monocyte,NK,APP,CD74,0.0328423978376481,0,11,432
AML4340,GSE185381,Diagnosis,cellchat,Early GMP,pDC,APP,CD74,0.11078512037916,0,34,28
AML4340,GSE185381,Diagnosis,cellchat,HSC MPP,pDC,APP,CD74,0.130369806597844,0,66,28
AML4340,GSE185381,Diagnosis,cellchat,Late GMP,pDC,APP,CD74,0.0574648884856378,0,16,28
AML4340,GSE185381,Diagnosis,cellchat,LMPP,pDC,APP,CD74,0.115048155610195,0,53,28
AML4340,GSE185381,Diagnosis,cellchat,Monocyte,pDC,APP,CD74,0.0545443569423084,0,164,28
AML4340,GSE185381,Diagnosis,cellchat,pDC,pDC,APP,CD74,0.334923062504494,0,28,28
AML4340,GSE185381,Diagnosis,cellchat,Pro-Monocyte,pDC,APP,CD74,0.122191636581645,0,11,28
AML4340,GSE185381,Diagnosis,cellchat,Early GMP,Pro-Monocyte,APP,CD74,0.0460181877292621,0,34,11
AML4340,GSE185381,Diagnosis,cellchat,HSC MPP,Pro-Monocyte,APP,CD74,0.0548596962249602,0,66,11
AML4340,GSE185381,Diagnosis,cellchat,Late GMP,Pro-Monocyte,APP,CD74,0.0230614692706638,0,16,11
AML4340,GSE185381,Diagnosis,cellchat,LMPP,Pro-Monocyte,APP,CD74,0.047923294410072,0,53,11
AML4340,GSE185381,Diagnosis,cellchat,Monocyte,Pro-Monocyte,APP,CD74,0.0218488873153412,0,164,11
AML4340,GSE185381,Diagnosis,cellchat,pDC,Pro-Monocyte,APP,CD74,0.163165220066825,0,28,11
AML4340,GSE185381,Diagnosis,cellchat,Pro-Monocyte,Pro-Monocyte,APP,CD74,0.0511397638505489,0,11,11
AML4340,GSE185381,Diagnosis,cellchat,B,B,PTPRC,CD22,0.0125702003732207,0,126,126
AML4340,GSE185381,Diagnosis,cellchat,CD4 Memory T,B,PTPRC,CD22,0.0200434340736233,0,491,126
AML4340,GSE185381,Diagnosis,cellchat,CD8 Memory T,B,PTPRC,CD22,0.0265086494232293,0,725,126
AML4340,GSE185381,Diagnosis,cellchat,Early GMP,B,PTPRC,CD22,0.0124684557558556,0,34,126
AML4340,GSE185381,Diagnosis,cellchat,HSC MPP,B,PTPRC,CD22,0.0152884711778844,0,66,126
AML4340,GSE185381,Diagnosis,cellchat,Late GMP,B,PTPRC,CD22,0.0166581566503184,0,16,126
AML4340,GSE185381,Diagnosis,cellchat,LMPP,B,PTPRC,CD22,0.0159183990990794,0,53,126
AML4340,GSE185381,Diagnosis,cellchat,Monocyte,B,PTPRC,CD22,0.0188336508385603,0,164,126
AML4340,GSE185381,Diagnosis,cellchat,Naive T,B,PTPRC,CD22,0.0145814800685489,0,113,126
AML4340,GSE185381,Diagnosis,cellchat,NK,B,PTPRC,CD22,0.0224068553025475,0,432,126
AML4340,GSE185381,Diagnosis,cellchat,pDC,B,PTPRC,CD22,0.0162299010971768,0,28,126
AML4340,GSE185381,Diagnosis,cellchat,Pro-Monocyte,B,PTPRC,CD22,0.0119318397778451,0,11,126
AML4340,GSE185381,Diagnosis,cellchat,CD4 Memory T,Late GMP,CD46,JAG1,0.00184991638279537,0,491,16
AML4340,GSE185381,Diagnosis,cellchat,CD8 Memory T,Late GMP,CD46,JAG1,0.00240523404960859,0,725,16
AML4340,GSE185381,Diagnosis,cellchat,Early GMP,Late GMP,CD46,JAG1,0.00401450911077441,0,34,16
AML4340,GSE185381,Diagnosis,cellchat,HSC MPP,Late GMP,CD46,JAG1,0.00381209409045615,0,66,16
AML4340,GSE185381,Diagnosis,cellchat,Late GMP,Late GMP,CD46,JAG1,0.00139547163075853,0,16,16
AML4340,GSE185381,Diagnosis,cellchat,LMPP,Late GMP,CD46,JAG1,0.00346965944492818,0,53,16
AML4340,GSE185381,Diagnosis,cellchat,Monocyte,Late GMP,CD46,JAG1,0.00158601075950805,0,164,16
AML4340,GSE185381,Diagnosis,cellchat,Naive T,Late GMP,CD46,JAG1,0.00167102235665269,0,113,16
AML4340,GSE185381,Diagnosis,cellchat,NK,Late GMP,CD46,JAG1,0.00266807598641292,0,432,16
AML4340,GSE185381,Diagnosis,cellchat,pDC,Late GMP,CD46,JAG1,0.00185851038214196,0,28,16
AML4340,GSE185381,Diagnosis,cellchat,Pro-Monocyte,Late GMP,CD46,JAG1,0.00158735854198085,0,11,16
AML4340,GSE185381,Diagnosis,cellchat,CD4 Memory T,Monocyte,CD46,JAG1,0.00231183503877764,0,491,164
AML4340,GSE185381,Diagnosis,cellchat,CD8 Memory T,Monocyte,CD46,JAG1,0.00300539638238169,0,725,164
AML4340,GSE185381,Diagnosis,cellchat,Early GMP,Monocyte,CD46,JAG1,0.00501420501397713,0,34,164
AML4340,GSE185381,Diagnosis,cellchat,HSC MPP,Monocyte,CD46,JAG1,0.00476162544155784,0,66,164
AML4340,GSE185381,Diagnosis,cellchat,Late GMP,Monocyte,CD46,JAG1,0.00174411505228114,0,16,164
AML4340,GSE185381,Diagnosis,cellchat,LMPP,Monocyte,CD46,JAG1,0.00433426693696878,0,53,164
AML4340,GSE185381,Diagnosis,cellchat,Monocyte,Monocyte,CD46,JAG1,0.0019821638206014,0,164,164
AML4340,GSE185381,Diagnosis,cellchat,Naive T,Monocyte,CD46,JAG1,0.00208836516149578,0,113,164
AML4340,GSE185381,Diagnosis,cellchat,NK,Monocyte,CD46,JAG1,0.00333360438749999,0,432,164
AML4340,GSE185381,Diagnosis,cellchat,pDC,Monocyte,CD46,JAG1,0.00232256994114252,0,28,164
AML4340,GSE185381,Diagnosis,cellchat,Pro-Monocyte,Monocyte,CD46,JAG1,0.00198384758265971,0,11,164
AML4340,GSE185381,Diagnosis,cellchat,CD4 Memory T,pDC,CD46,JAG1,0.00289957865308813,0,491,28
AML4340,GSE185381,Diagnosis,cellchat,CD8 Memory T,pDC,CD46,JAG1,0.00376879975818898,0,725,28
AML4340,GSE185381,Diagnosis,cellchat,Early GMP,pDC,CD46,JAG1,0.00628465116722879,0,34,28
AML4340,GSE185381,Diagnosis,cellchat,HSC MPP,pDC,CD46,JAG1,0.00596845954023176,0,66,28
AML4340,GSE185381,Diagnosis,cellchat,Late GMP,pDC,CD46,JAG1,0.00218784230126359,0,16,28
AML4340,GSE185381,Diagnosis,cellchat,LMPP,pDC,CD46,JAG1,0.00543337833769314,0,53,28
AML4340,GSE185381,Diagnosis,cellchat,Monocyte,pDC,CD46,JAG1,0.00248630316285188,0,164,28
AML4340,GSE185381,Diagnosis,cellchat,Naive T,pDC,CD46,JAG1,0.00261944463314607,0,113,28
AML4340,GSE185381,Diagnosis,cellchat,NK,pDC,CD46,JAG1,0.00418002663443798,0,432,28
AML4340,GSE185381,Diagnosis,cellchat,pDC,pDC,CD46,JAG1,0.00291303474801479,0,28,28
AML4340,GSE185381,Diagnosis,cellchat,Pro-Monocyte,pDC,CD46,JAG1,0.00248841410161502,0,11,28
AML4340,GSE185381,Diagnosis,cellchat,CD4 Memory T,Pro-Monocyte,CD46,JAG1,0.00120254682380675,0,491,11
AML4340,GSE185381,Diagnosis,cellchat,CD8 Memory T,Pro-Monocyte,CD46,JAG1,0.00156383814364957,0,725,11
AML4340,GSE185381,Diagnosis,cellchat,Early GMP,Pro-Monocyte,CD46,JAG1,0.00261163243161481,0,34,11
AML4340,GSE185381,Diagnosis,cellchat,HSC MPP,Pro-Monocyte,CD46,JAG1,0.00247977555430973,0,66,11
AML4340,GSE185381,Diagnosis,cellchat,Late GMP,Pro-Monocyte,CD46,JAG1,0.00090698837422733,0,16,11
AML4340,GSE185381,Diagnosis,cellchat,LMPP,Pro-Monocyte,CD46,JAG1,0.00225674994573036,0,53,11
AML4340,GSE185381,Diagnosis,cellchat,Monocyte,Pro-Monocyte,CD46,JAG1,0.00103089835270892,0,164,11
AML4340,GSE185381,Diagnosis,cellchat,Naive T,Pro-Monocyte,CD46,JAG1,0.00108618779802775,0,113,11
AML4340,GSE185381,Diagnosis,cellchat,NK,Pro-Monocyte,CD46,JAG1,0.00173489295238853,0,432,11
AML4340,GSE185381,Diagnosis,cellchat,pDC,Pro-Monocyte,CD46,JAG1,0.00120813703352326,0,28,11
AML4340,GSE185381,Diagnosis,cellchat,Pro-Monocyte,Pro-Monocyte,CD46,JAG1,0.00103177489146678,0,11,11
AML4340,GSE185381,Diagnosis,cellchat,CD4 Memory T,Early GMP,CD6,ALCAM,0.00794053563094979,0,491,34
AML4340,GSE185381,Diagnosis,cellchat,CD8 Memory T,Early GMP,CD6,ALCAM,0.00821055307374536,0,725,34
AML4340,GSE185381,Diagnosis,cellchat,Naive T,Early GMP,CD6,ALCAM,0.00694785779089235,0,113,34
AML4340,GSE185381,Diagnosis,cellchat,NK,Early GMP,CD6,ALCAM,0.00232505661904168,0,432,34
AML4340,GSE185381,Diagnosis,cellchat,CD4 Memory T,Late GMP,CD6,ALCAM,0.0190822176590211,0,491,16
AML4340,GSE185381,Diagnosis,cellchat,CD8 Memory T,Late GMP,CD6,ALCAM,0.0197235748106412,0,725,16
AML4340,GSE185381,Diagnosis,cellchat,Naive T,Late GMP,CD6,ALCAM,0.0167201493081807,0,113,16
AML4340,GSE185381,Diagnosis,cellchat,NK,Late GMP,CD6,ALCAM,0.00563216899540931,0,432,16
AML4340,GSE185381,Diagnosis,cellchat,CD4 Memory T,LMPP,CD6,ALCAM,0.00853318396919205,0,491,53
AML4340,GSE185381,Diagnosis,cellchat,CD8 Memory T,LMPP,CD6,ALCAM,0.00882317514711998,0,725,53
AML4340,GSE185381,Diagnosis,cellchat,Naive T,LMPP,CD6,ALCAM,0.00746697446186991,0,113,53
AML4340,GSE185381,Diagnosis,cellchat,NK,LMPP,CD6,ALCAM,0.00249964513806464,0,432,53
AML4340,GSE185381,Diagnosis,cellchat,CD4 Memory T,pDC,CD6,ALCAM,0.0150282941566698,0,491,28
AML4340,GSE185381,Diagnosis,cellchat,CD8 Memory T,pDC,CD6,ALCAM,0.0155355560759974,0,725,28
AML4340,GSE185381,Diagnosis,cellchat,Naive T,pDC,CD6,ALCAM,0.0131613026852461,0,113,28
AML4340,GSE185381,Diagnosis,cellchat,NK,pDC,CD6,ALCAM,0.00442275890866186,0,432,28
AML4340,GSE185381,Diagnosis,cellchat,CD4 Memory T,pDC,CD96,NECTIN1,0.0110075310729273,0,491,28
AML4340,GSE185381,Diagnosis,cellchat,CD8 Memory T,pDC,CD96,NECTIN1,0.0146668000367571,0,725,28
AML4340,GSE185381,Diagnosis,cellchat,Naive T,pDC,CD96,NECTIN1,0.0105309924407095,0,113,28
AML4340,GSE185381,Diagnosis,cellchat,NK,pDC,CD96,NECTIN1,0.0144258197560968,0,432,28
AML4340,GSE185381,Diagnosis,cellchat,B,Monocyte,CD99,PILRA,0.00362432263674534,0,126,164
AML4340,GSE185381,Diagnosis,cellchat,CD4 Memory T,Monocyte,CD99,PILRA,0.0173183366085237,0,491,164
AML4340,GSE185381,Diagnosis,cellchat,CD8 Memory T,Monocyte,CD99,PILRA,0.0222145901630827,0,725,164
AML4340,GSE185381,Diagnosis,cellchat,Early GMP,Monocyte,CD99,PILRA,0.0249884552584913,0,34,164
AML4340,GSE185381,Diagnosis,cellchat,HSC MPP,Monocyte,CD99,PILRA,0.0258104235399512,0,66,164
AML4340,GSE185381,Diagnosis,cellchat,Late GMP,Monocyte,CD99,PILRA,0.0173874960386817,0,16,164
AML4340,GSE185381,Diagnosis,cellchat,LMPP,Monocyte,CD99,PILRA,0.0278192548601927,0,53,164
AML4340,GSE185381,Diagnosis,cellchat,Monocyte,Monocyte,CD99,PILRA,0.025022636486908,0,164,164
AML4340,GSE185381,Diagnosis,cellchat,Naive T,Monocyte,CD99,PILRA,0.0115921560988443,0,113,164
AML4340,GSE185381,Diagnosis,cellchat,NK,Monocyte,CD99,PILRA,0.0248634652370032,0,432,164
AML4340,GSE185381,Diagnosis,cellchat,pDC,Monocyte,CD99,PILRA,0.0240732803575018,0,28,164
AML4340,GSE185381,Diagnosis,cellchat,Pro-Monocyte,Monocyte,CD99,PILRA,0.0272484841015883,0,11,164
AML4340,GSE185381,Diagnosis,cellchat,Early GMP,CD4 Memory T,CD99,CD99,0.142209412512151,0.62,34,491
AML4340,GSE185381,Diagnosis,cellchat,HSC MPP,CD4 Memory T,CD99,CD99,0.146308634167031,0.45,66,491
AML4340,GSE185381,Diagnosis,cellchat,Late GMP,CD4 Memory T,CD99,CD99,0.102708359747403,0.96,16,491
AML4340,GSE185381,Diagnosis,cellchat,LMPP,CD4 Memory T,CD99,CD99,0.156192226020717,0.11,53,491
AML4340,GSE185381,Diagnosis,cellchat,Monocyte,CD4 Memory T,CD99,CD99,0.142380523028577,0.73,164,491
AML4340,GSE185381,Diagnosis,cellchat,NK,CD4 Memory T,CD99,CD99,0.141583235618565,0.79,432,491
AML4340,GSE185381,Diagnosis,cellchat,pDC,CD4 Memory T,CD99,CD99,0.137607047880369,0.72,28,491
AML4340,GSE185381,Diagnosis,cellchat,Pro-Monocyte,CD4 Memory T,CD99,CD99,0.153403214323808,0.27,11,491
AML4340,GSE185381,Diagnosis,cellchat,CD8 Memory T,CD8 Memory T,CD99,CD99,0.159281149342774,0,725,725
AML4340,GSE185381,Diagnosis,cellchat,Early GMP,CD8 Memory T,CD99,CD99,0.176087853621519,0,34,725
AML4340,GSE185381,Diagnosis,cellchat,HSC MPP,CD8 Memory T,CD99,CD99,0.180957617971569,0,66,725
AML4340,GSE185381,Diagnosis,cellchat,Late GMP,CD8 Memory T,CD99,CD99,0.128587147306292,0.77,16,725
AML4340,GSE185381,Diagnosis,cellchat,LMPP,CD8 Memory T,CD99,CD99,0.192653637591527,0,53,725
AML4340,GSE185381,Diagnosis,cellchat,Monocyte,CD8 Memory T,CD99,CD99,0.17629135003089,0,164,725
AML4340,GSE185381,Diagnosis,cellchat,NK,CD8 Memory T,CD99,CD99,0.175342996016015,0,432,725
AML4340,GSE185381,Diagnosis,cellchat,pDC,CD8 Memory T,CD99,CD99,0.170607139175771,0.01,28,725
AML4340,GSE185381,Diagnosis,cellchat,Pro-Monocyte,CD8 Memory T,CD99,CD99,0.189359666922826,0.01,11,725
AML4340,GSE185381,Diagnosis,cellchat,CD4 Memory T,Early GMP,CD99,CD99,0.142209412512151,0.62,491,34
AML4340,GSE185381,Diagnosis,cellchat,CD8 Memory T,Early GMP,CD99,CD99,0.176087853621519,0,725,34
AML4340,GSE185381,Diagnosis,cellchat,Early GMP,Early GMP,CD99,CD99,0.194258173822242,0.01,34,34
AML4340,GSE185381,Diagnosis,cellchat,HSC MPP,Early GMP,CD99,CD99,0.19950876318826,0,66,34
AML4340,GSE185381,Diagnosis,cellchat,Late GMP,Early GMP,CD99,CD99,0.142704887383387,0.45,16,34
AML4340,GSE185381,Diagnosis,cellchat,LMPP,Early GMP,CD99,CD99,0.212093324496119,0,53,34
AML4340,GSE185381,Diagnosis,cellchat,Monocyte,Early GMP,CD99,CD99,0.194477712268993,0,164,34
AML4340,GSE185381,Diagnosis,cellchat,Naive T,Early GMP,CD99,CD99,0.0993644152798403,0.98,113,34
AML4340,GSE185381,Diagnosis,cellchat,NK,Early GMP,CD99,CD99,0.193454502117925,0,432,34
AML4340,GSE185381,Diagnosis,cellchat,pDC,Early GMP,CD99,CD99,0.188341191241951,0.01,28,34
AML4340,GSE185381,Diagnosis,cellchat,Pro-Monocyte,Early GMP,CD99,CD99,0.208552835629721,0,11,34
AML4340,GSE185381,Diagnosis,cellchat,CD4 Memory T,HSC MPP,CD99,CD99,0.146308634167031,0.45,491,66
AML4340,GSE185381,Diagnosis,cellchat,CD8 Memory T,HSC MPP,CD99,CD99,0.180957617971569,0,725,66
AML4340,GSE185381,Diagnosis,cellchat,Early GMP,HSC MPP,CD99,CD99,0.19950876318826,0,34,66
AML4340,GSE185381,Diagnosis,cellchat,HSC MPP,HSC MPP,CD99,CD99,0.204865186800038,0,66,66
AML4340,GSE185381,Diagnosis,cellchat,Late GMP,HSC MPP,CD99,CD99,0.146815946743664,0.43,16,66
AML4340,GSE185381,Diagnosis,cellchat,LMPP,HSC MPP,CD99,CD99,0.217695734243596,0,53,66
AML4340,GSE185381,Diagnosis,cellchat,Monocyte,HSC MPP,CD99,CD99,0.199732764590442,0,164,66
AML4340,GSE185381,Diagnosis,cellchat,NK,HSC MPP,CD99,CD99,0.198688725647598,0,432,66
AML4340,GSE185381,Diagnosis,cellchat,pDC,HSC MPP,CD99,CD99,0.193470252361402,0,28,66
AML4340,GSE185381,Diagnosis,cellchat,Pro-Monocyte,HSC MPP,CD99,CD99,0.214087135255618,0,11,66
AML4340,GSE185381,Diagnosis,cellchat,CD4 Memory T,Late GMP,CD99,CD99,0.102708359747403,0.96,491,16
AML4340,GSE185381,Diagnosis,cellchat,CD8 Memory T,Late GMP,CD99,CD99,0.128587147306292,0.77,725,16
AML4340,GSE185381,Diagnosis,cellchat,Early GMP,Late GMP,CD99,CD99,0.142704887383387,0.45,34,16
AML4340,GSE185381,Diagnosis,cellchat,HSC MPP,Late GMP,CD99,CD99,0.146815946743664,0.43,66,16
AML4340,GSE185381,Diagnosis,cellchat,Late GMP,Late GMP,CD99,CD99,0.103082747053345,0.82,16,16
AML4340,GSE185381,Diagnosis,cellchat,LMPP,Late GMP,CD99,CD99,0.156727517445958,0.24,53,16
AML4340,GSE185381,Diagnosis,cellchat,Monocyte,Late GMP,CD99,CD99,0.142876494769584,0.52,164,16
AML4340,GSE185381,Diagnosis,cellchat,NK,Late GMP,CD99,CD99,0.142076890167116,0.54,432,16
AML4340,GSE185381,Diagnosis,cellchat,pDC,Late GMP,CD99,CD99,0.138089068936425,0.52,28,16
AML4340,GSE185381,Diagnosis,cellchat,Pro-Monocyte,Late GMP,CD99,CD99,0.153930691101351,0.28,11,16
AML4340,GSE185381,Diagnosis,cellchat,CD4 Memory T,LMPP,CD99,CD99,0.156192226020717,0.11,491,53
AML4340,GSE185381,Diagnosis,cellchat,CD8 Memory T,LMPP,CD99,CD99,0.192653637591527,0,725,53
AML4340,GSE185381,Diagnosis,cellchat,Early GMP,LMPP,CD99,CD99,0.212093324496119,0,34,53
AML4340,GSE185381,Diagnosis,cellchat,HSC MPP,LMPP,CD99,CD99,0.217695734243596,0,66,53
AML4340,GSE185381,Diagnosis,cellchat,Late GMP,LMPP,CD99,CD99,0.156727517445958,0.24,16,53
AML4340,GSE185381,Diagnosis,cellchat,LMPP,LMPP,CD99,CD99,0.231096301825216,0,53,53
AML4340,GSE185381,Diagnosis,cellchat,Monocyte,LMPP,CD99,CD99,0.212327707595334,0,164,53
AML4340,GSE185381,Diagnosis,cellchat,Naive T,LMPP,CD99,CD99,0.109673095774733,0.99,113,53
AML4340,GSE185381,Diagnosis,cellchat,NK,LMPP,CD99,CD99,0.211235210431895,0,432,53
AML4340,GSE185381,Diagnosis,cellchat,pDC,LMPP,CD99,CD99,0.205771829928963,0,28,53
AML4340,GSE185381,Diagnosis,cellchat,Pro-Monocyte,LMPP,CD99,CD99,0.227330119987431,0,11,53
AML4340,GSE185381,Diagnosis,cellchat,CD4 Memory T,Monocyte,CD99,CD99,0.142380523028577,0.73,491,164
AML4340,GSE185381,Diagnosis,cellchat,CD8 Memory T,Monocyte,CD99,CD99,0.17629135003089,0,725,164
AML4340,GSE185381,Diagnosis,cellchat,Early GMP,Monocyte,CD99,CD99,0.194477712268993,0,34,164
AML4340,GSE185381,Diagnosis,cellchat,HSC MPP,Monocyte,CD99,CD99,0.199732764590442,0,66,164
AML4340,GSE185381,Diagnosis,cellchat,Late GMP,Monocyte,CD99,CD99,0.142876494769584,0.52,16,164
AML4340,GSE185381,Diagnosis,cellchat,LMPP,Monocyte,CD99,CD99,0.212327707595334,0,53,164
AML4340,GSE185381,Diagnosis,cellchat,Monocyte,Monocyte,CD99,CD99,0.194697438872027,0,164,164
AML4340,GSE185381,Diagnosis,cellchat,NK,Monocyte,CD99,CD99,0.193673350620319,0,432,164
AML4340,GSE185381,Diagnosis,cellchat,pDC,Monocyte,CD99,CD99,0.188555607543476,0,28,164
AML4340,GSE185381,Diagnosis,cellchat,Pro-Monocyte,Monocyte,CD99,CD99,0.208784342933045,0,11,164
AML4340,GSE185381,Diagnosis,cellchat,Early GMP,Naive T,CD99,CD99,0.0993644152798403,0.98,34,113
AML4340,GSE185381,Diagnosis,cellchat,LMPP,Naive T,CD99,CD99,0.109673095774733,0.99,53,113
AML4340,GSE185381,Diagnosis,cellchat,pDC,Naive T,CD99,CD99,0.0959934837996638,0.99,28,113
AML4340,GSE185381,Diagnosis,cellchat,Pro-Monocyte,Naive T,CD99,CD99,0.107608810652987,0.86,11,113
AML4340,GSE185381,Diagnosis,cellchat,CD4 Memory T,NK,CD99,CD99,0.141583235618565,0.79,491,432
AML4340,GSE185381,Diagnosis,cellchat,CD8 Memory T,NK,CD99,CD99,0.175342996016015,0,725,432
AML4340,GSE185381,Diagnosis,cellchat,Early GMP,NK,CD99,CD99,0.193454502117925,0,34,432
AML4340,GSE185381,Diagnosis,cellchat,HSC MPP,NK,CD99,CD99,0.198688725647598,0,66,432
AML4340,GSE185381,Diagnosis,cellchat,Late GMP,NK,CD99,CD99,0.142076890167116,0.54,16,432
AML4340,GSE185381,Diagnosis,cellchat,LMPP,NK,CD99,CD99,0.211235210431895,0,53,432
AML4340,GSE185381,Diagnosis,cellchat,Monocyte,NK,CD99,CD99,0.193673350620319,0,164,432
AML4340,GSE185381,Diagnosis,cellchat,NK,NK,CD99,CD99,0.192653360324888,0,432,432
AML4340,GSE185381,Diagnosis,cellchat,pDC,NK,CD99,CD99,0.187556300705329,0,28,432
AML4340,GSE185381,Diagnosis,cellchat,Pro-Monocyte,NK,CD99,CD99,0.207705269932947,0,11,432
AML4340,GSE185381,Diagnosis,cellchat,CD4 Memory T,pDC,CD99,CD99,0.137607047880369,0.72,491,28
AML4340,GSE185381,Diagnosis,cellchat,CD8 Memory T,pDC,CD99,CD99,0.170607139175771,0.01,725,28
AML4340,GSE185381,Diagnosis,cellchat,Early GMP,pDC,CD99,CD99,0.188341191241951,0.01,34,28
AML4340,GSE185381,Diagnosis,cellchat,HSC MPP,pDC,CD99,CD99,0.193470252361402,0,66,28
AML4340,GSE185381,Diagnosis,cellchat,Late GMP,pDC,CD99,CD99,0.138089068936425,0.52,16,28
AML4340,GSE185381,Diagnosis,cellchat,LMPP,pDC,CD99,CD99,0.205771829928963,0,53,28
AML4340,GSE185381,Diagnosis,cellchat,Monocyte,pDC,CD99,CD99,0.188555607543476,0,164,28
AML4340,GSE185381,Diagnosis,cellchat,Naive T,pDC,CD99,CD99,0.0959934837996638,0.99,113,28
AML4340,GSE185381,Diagnosis,cellchat,NK,pDC,CD99,CD99,0.187556300705329,0,432,28
AML4340,GSE185381,Diagnosis,cellchat,pDC,pDC,CD99,CD99,0.18256360059492,0.06,28,28
AML4340,GSE185381,Diagnosis,cellchat,Pro-Monocyte,pDC,CD99,CD99,0.202309770661656,0,11,28
AML4340,GSE185381,Diagnosis,cellchat,CD4 Memory T,Pro-Monocyte,CD99,CD99,0.153403214323808,0.27,491,11
AML4340,GSE185381,Diagnosis,cellchat,CD8 Memory T,Pro-Monocyte,CD99,CD99,0.189359666922826,0.01,725,11
AML4340,GSE185381,Diagnosis,cellchat,Early GMP,Pro-Monocyte,CD99,CD99,0.208552835629721,0,34,11
AML4340,GSE185381,Diagnosis,cellchat,HSC MPP,Pro-Monocyte,CD99,CD99,0.214087135255618,0,66,11
AML4340,GSE185381,Diagnosis,cellchat,Late GMP,Pro-Monocyte,CD99,CD99,0.153930691101351,0.28,16,11
AML4340,GSE185381,Diagnosis,cellchat,LMPP,Pro-Monocyte,CD99,CD99,0.227330119987431,0,53,11
AML4340,GSE185381,Diagnosis,cellchat,Monocyte,Pro-Monocyte,CD99,CD99,0.208784342933045,0,164,11
AML4340,GSE185381,Diagnosis,cellchat,Naive T,Pro-Monocyte,CD99,CD99,0.107608810652987,0.86,113,11
AML4340,GSE185381,Diagnosis,cellchat,NK,Pro-Monocyte,CD99,CD99,0.207705269932947,0,432,11
AML4340,GSE185381,Diagnosis,cellchat,pDC,Pro-Monocyte,CD99,CD99,0.202309770661656,0,28,11
AML4340,GSE185381,Diagnosis,cellchat,Pro-Monocyte,Pro-Monocyte,CD99,CD99,0.223607466290738,0.02,11,11
AML4340,GSE185381,Diagnosis,cellchat,B,CD4 Memory T,CLEC2D,KLRB1,0.00765177025941964,0.13,126,491
AML4340,GSE185381,Diagnosis,cellchat,CD4 Memory T,CD4 Memory T,CLEC2D,KLRB1,0.00704513395727421,0.2,491,491
AML4340,GSE185381,Diagnosis,cellchat,Naive T,CD4 Memory T,CLEC2D,KLRB1,0.00729968336535803,0.32,113,491
AML4340,GSE185381,Diagnosis,cellchat,B,CD8 Memory T,CLEC2D,KLRB1,0.0103136387993685,0,126,725
AML4340,GSE185381,Diagnosis,cellchat,CD4 Memory T,CD8 Memory T,CLEC2D,KLRB1,0.00949798804005673,0,491,725
AML4340,GSE185381,Diagnosis,cellchat,Naive T,CD8 Memory T,CLEC2D,KLRB1,0.0098402838221693,0,113,725
AML4340,GSE185381,Diagnosis,cellchat,B,NK,CLEC2D,KLRB1,0.041824915221468,0,126,432
AML4340,GSE185381,Diagnosis,cellchat,CD4 Memory T,NK,CLEC2D,KLRB1,0.0386144377240104,0,491,432
AML4340,GSE185381,Diagnosis,cellchat,Naive T,NK,CLEC2D,KLRB1,0.0399637175832805,0,113,432
AML4340,GSE185381,Diagnosis,cellchat,CD8 Memory T,CD4 Memory T,CLEC2B,KLRB1,0.0294298101264318,0.97,725,491
AML4340,GSE185381,Diagnosis,cellchat,Early GMP,CD4 Memory T,CLEC2B,KLRB1,0.0252713473512264,0.84,34,491
AML4340,GSE185381,Diagnosis,cellchat,HSC MPP,CD4 Memory T,CLEC2B,KLRB1,0.0162974792998146,0.99,66,491
AML4340,GSE185381,Diagnosis,cellchat,Late GMP,CD4 Memory T,CLEC2B,KLRB1,0.023098328877931,0.73,16,491
AML4340,GSE185381,Diagnosis,cellchat,LMPP,CD4 Memory T,CLEC2B,KLRB1,0.0143920188027335,0.97,53,491
AML4340,GSE185381,Diagnosis,cellchat,NK,CD4 Memory T,CLEC2B,KLRB1,0.0416515304633517,0,432,491
AML4340,GSE185381,Diagnosis,cellchat,pDC,CD4 Memory T,CLEC2B,KLRB1,0.0223999844621842,0.91,28,491
AML4340,GSE185381,Diagnosis,cellchat,Pro-Monocyte,CD4 Memory T,CLEC2B,KLRB1,0.00283103811084359,0.99,11,491
AML4340,GSE185381,Diagnosis,cellchat,CD4 Memory T,CD8 Memory T,CLEC2B,KLRB1,0.0308763971079223,0.97,491,725
AML4340,GSE185381,Diagnosis,cellchat,CD8 Memory T,CD8 Memory T,CLEC2B,KLRB1,0.0393671918138021,0,725,725
AML4340,GSE185381,Diagnosis,cellchat,Early GMP,CD8 Memory T,CLEC2B,KLRB1,0.033853543936136,0.44,34,725
AML4340,GSE185381,Diagnosis,cellchat,HSC MPP,CD8 Memory T,CLEC2B,KLRB1,0.0219006070383049,0.98,66,725
AML4340,GSE185381,Diagnosis,cellchat,Late GMP,CD8 Memory T,CLEC2B,KLRB1,0.0309660085219571,0.48,16,725
AML4340,GSE185381,Diagnosis,cellchat,LMPP,CD8 Memory T,CLEC2B,KLRB1,0.019352931089038,0.96,53,725
AML4340,GSE185381,Diagnosis,cellchat,Naive T,CD8 Memory T,CLEC2B,KLRB1,0.0278893678069618,0.95,113,725
AML4340,GSE185381,Diagnosis,cellchat,NK,CD8 Memory T,CLEC2B,KLRB1,0.0554798462655895,0,432,725
AML4340,GSE185381,Diagnosis,cellchat,pDC,CD8 Memory T,CLEC2B,KLRB1,0.0300371100422993,0.65,28,725
AML4340,GSE185381,Diagnosis,cellchat,Pro-Monocyte,CD8 Memory T,CLEC2B,KLRB1,0.00382234838267738,0.98,11,725
AML4340,GSE185381,Diagnosis,cellchat,CD4 Memory T,NK,CLEC2B,KLRB1,0.117739011753496,0,491,432
AML4340,GSE185381,Diagnosis,cellchat,CD8 Memory T,NK,CLEC2B,KLRB1,0.146505408588327,0,725,432
AML4340,GSE185381,Diagnosis,cellchat,Early GMP,NK,CLEC2B,KLRB1,0.127985493409785,0,34,432
AML4340,GSE185381,Diagnosis,cellchat,HSC MPP,NK,CLEC2B,KLRB1,0.0857463657257483,0,66,432
AML4340,GSE185381,Diagnosis,cellchat,Late GMP,NK,CLEC2B,KLRB1,0.118050012939768,0,16,432
AML4340,GSE185381,Diagnosis,cellchat,LMPP,NK,CLEC2B,KLRB1,0.0763513432178958,0,53,432
AML4340,GSE185381,Diagnosis,cellchat,Monocyte,NK,CLEC2B,KLRB1,0.0921613780260375,0,164,432
AML4340,GSE185381,Diagnosis,cellchat,Naive T,NK,CLEC2B,KLRB1,0.107278972301179,0,113,432
AML4340,GSE185381,Diagnosis,cellchat,NK,NK,CLEC2B,KLRB1,0.197455416296335,0,432,432
AML4340,GSE185381,Diagnosis,cellchat,pDC,NK,CLEC2B,KLRB1,0.114818347850676,0,28,432
AML4340,GSE185381,Diagnosis,cellchat,Pro-Monocyte,NK,CLEC2B,KLRB1,0.0158177556404593,0.71,11,432
AML4340,GSE185381,Diagnosis,cellchat,CD4 Memory T,CD4 Memory T,CD69,KLRB1,0.0413099830755578,0,491,491
AML4340,GSE185381,Diagnosis,cellchat,CD8 Memory T,CD4 Memory T,CD69,KLRB1,0.0242818088451783,0.42,725,491
AML4340,GSE185381,Diagnosis,cellchat,Naive T,CD4 Memory T,CD69,KLRB1,0.0358170815364441,0,113,491
AML4340,GSE185381,Diagnosis,cellchat,CD4 Memory T,CD8 Memory T,CD69,KLRB1,0.0550314165143305,0,491,725
AML4340,GSE185381,Diagnosis,cellchat,CD8 Memory T,CD8 Memory T,CD69,KLRB1,0.0325391745736178,0,725,725
AML4340,GSE185381,Diagnosis,cellchat,Naive T,CD8 Memory T,CD69,KLRB1,0.0478049838582144,0,113,725
AML4340,GSE185381,Diagnosis,cellchat,NK,CD8 Memory T,CD69,KLRB1,0.0126780556761321,0.94,432,725
AML4340,GSE185381,Diagnosis,cellchat,B,NK,CD69,KLRB1,0.0353633619072315,0.02,126,432
AML4340,GSE185381,Diagnosis,cellchat,CD4 Memory T,NK,CD69,KLRB1,0.196097684057906,0,491,432
AML4340,GSE185381,Diagnosis,cellchat,CD8 Memory T,NK,CD69,KLRB1,0.123483542850207,0,725,432
AML4340,GSE185381,Diagnosis,cellchat,Early GMP,NK,CD69,KLRB1,0.0200321149277646,0.49,34,432
AML4340,GSE185381,Diagnosis,cellchat,HSC MPP,NK,CD69,KLRB1,0.0273576862256729,0.42,66,432
AML4340,GSE185381,Diagnosis,cellchat,LMPP,NK,CD69,KLRB1,0.0202684267106442,0.49,53,432
AML4340,GSE185381,Diagnosis,cellchat,Naive T,NK,CD69,KLRB1,0.173753237647212,0,113,432
AML4340,GSE185381,Diagnosis,cellchat,NK,NK,CD69,KLRB1,0.0510407772334348,0,432,432
AML4340,GSE185381,Diagnosis,cellchat,Monocyte,Monocyte,ICAM1,ITGAX_ITGB2,0.0173389706263892,0,164,164
AML4340,GSE185381,Diagnosis,cellchat,Pro-Monocyte,Monocyte,ICAM1,ITGAX_ITGB2,0.00953671713393433,0,11,164
AML4340,GSE185381,Diagnosis,cellchat,Monocyte,Pro-Monocyte,ICAM1,ITGAX_ITGB2,0.0062620858218059,0,164,11
AML4340,GSE185381,Diagnosis,cellchat,Pro-Monocyte,Pro-Monocyte,ICAM1,ITGAX_ITGB2,0.00342686718651509,0,11,11
AML4340,GSE185381,Diagnosis,cellchat,Monocyte,CD8 Memory T,ICAM1,ITGAL_ITGB2,0.00636100708890752,0,164,725
AML4340,GSE185381,Diagnosis,cellchat,Pro-Monocyte,CD8 Memory T,ICAM1,ITGAL_ITGB2,0.00348115780849207,0,11,725
AML4340,GSE185381,Diagnosis,cellchat,Monocyte,Monocyte,ICAM1,ITGAL_ITGB2,0.00633090566479342,0,164,164
AML4340,GSE185381,Diagnosis,cellchat,Pro-Monocyte,Monocyte,ICAM1,ITGAL_ITGB2,0.00346463682843929,0,11,164
AML4340,GSE185381,Diagnosis,cellchat,Monocyte,NK,ICAM1,ITGAL_ITGB2,0.0103818005658327,0,164,432
AML4340,GSE185381,Diagnosis,cellchat,Pro-Monocyte,NK,ICAM1,ITGAL_ITGB2,0.00569202597843624,0,11,432
AML4340,GSE185381,Diagnosis,cellchat,Monocyte,Monocyte,ICAM1,ITGAM_ITGB2,0.0127969268557534,0,164,164
AML4340,GSE185381,Diagnosis,cellchat,Pro-Monocyte,Monocyte,ICAM1,ITGAM_ITGB2,0.00702390975788461,0,11,164
AML4340,GSE185381,Diagnosis,cellchat,Monocyte,NK,ICAM1,ITGAM_ITGB2,0.00953186376825881,0,164,432
AML4340,GSE185381,Diagnosis,cellchat,Pro-Monocyte,NK,ICAM1,ITGAM_ITGB2,0.00522400468541618,0,11,432
AML4340,GSE185381,Diagnosis,cellchat,Monocyte,CD8 Memory T,ICAM1,ITGAL,0.00336034094587992,0,164,725
AML4340,GSE185381,Diagnosis,cellchat,Pro-Monocyte,CD8 Memory T,ICAM1,ITGAL,0.00183648680561284,0,11,725
AML4340,GSE185381,Diagnosis,cellchat,Monocyte,Monocyte,ICAM1,ITGAL,0.00173360656328768,0,164,164
AML4340,GSE185381,Diagnosis,cellchat,Pro-Monocyte,Monocyte,ICAM1,ITGAL,0.000946746423224278,0,11,164
AML4340,GSE185381,Diagnosis,cellchat,Monocyte,NK,ICAM1,ITGAL,0.00418869977417843,0,164,432
AML4340,GSE185381,Diagnosis,cellchat,Pro-Monocyte,NK,ICAM1,ITGAL,0.0022900629669707,0,11,432
AML4340,GSE185381,Diagnosis,cellchat,Monocyte,Early GMP,ICAM1,SPN,0.00693435231344332,0,164,34
AML4340,GSE185381,Diagnosis,cellchat,Pro-Monocyte,Early GMP,ICAM1,SPN,0.00379592132443921,0,11,34
AML4340,GSE185381,Diagnosis,cellchat,Monocyte,HSC MPP,ICAM1,SPN,0.00252343920891292,0,164,66
AML4340,GSE185381,Diagnosis,cellchat,Pro-Monocyte,HSC MPP,ICAM1,SPN,0.00137857998142808,0,11,66
AML4340,GSE185381,Diagnosis,cellchat,Monocyte,Late GMP,ICAM1,SPN,0.00698388140056307,0,164,16
AML4340,GSE185381,Diagnosis,cellchat,Pro-Monocyte,Late GMP,ICAM1,SPN,0.00382312025215899,0,11,16
AML4340,GSE185381,Diagnosis,cellchat,Monocyte,LMPP,ICAM1,SPN,0.00626181769259082,0,164,53
AML4340,GSE185381,Diagnosis,cellchat,Pro-Monocyte,LMPP,ICAM1,SPN,0.00342672003672183,0,11,53
AML4340,GSE185381,Diagnosis,cellchat,Monocyte,pDC,ICAM1,SPN,0.000409307529386776,0,164,28
AML4340,GSE185381,Diagnosis,cellchat,Pro-Monocyte,pDC,ICAM1,SPN,0.000223393968595143,0,11,28
AML4340,GSE185381,Diagnosis,cellchat,Monocyte,Pro-Monocyte,ICAM1,SPN,0.00185690182195995,0,164,11
AML4340,GSE185381,Diagnosis,cellchat,Pro-Monocyte,Pro-Monocyte,ICAM1,SPN,0.00101413651396252,0,11,11
AML4340,GSE185381,Diagnosis,cellchat,B,CD4 Memory T,ICOSLG,ICOS,0.00359464942958599,0,126,491
AML4340,GSE185381,Diagnosis,cellchat,pDC,CD4 Memory T,ICOSLG,ICOS,0.0105875064128181,0,28,491
AML4340,GSE185381,Diagnosis,cellchat,B,Naive T,ICOSLG,ICOS,0.00378400149003427,0,126,113
AML4340,GSE185381,Diagnosis,cellchat,pDC,Naive T,ICOSLG,ICOS,0.0111410961065515,0,28,113
AML4340,GSE185381,Diagnosis,cellchat,Early GMP,CD8 Memory T,F11R,ITGAL_ITGB2,0.0147775819041239,0,34,725
AML4340,GSE185381,Diagnosis,cellchat,HSC MPP,CD8 Memory T,F11R,ITGAL_ITGB2,0.0123659014359353,0,66,725
AML4340,GSE185381,Diagnosis,cellchat,Late GMP,CD8 Memory T,F11R,ITGAL_ITGB2,0.0061699053075098,0.01,16,725
AML4340,GSE185381,Diagnosis,cellchat,LMPP,CD8 Memory T,F11R,ITGAL_ITGB2,0.0159666703985273,0,53,725
AML4340,GSE185381,Diagnosis,cellchat,Early GMP,Monocyte,F11R,ITGAL_ITGB2,0.0147082413023827,0,34,164
AML4340,GSE185381,Diagnosis,cellchat,HSC MPP,Monocyte,F11R,ITGAL_ITGB2,0.0123077357553905,0,66,164
AML4340,GSE185381,Diagnosis,cellchat,Late GMP,Monocyte,F11R,ITGAL_ITGB2,0.00614070262247253,0.01,16,164
AML4340,GSE185381,Diagnosis,cellchat,LMPP,Monocyte,F11R,ITGAL_ITGB2,0.0158918402557549,0,53,164
AML4340,GSE185381,Diagnosis,cellchat,Early GMP,NK,F11R,ITGAL_ITGB2,0.023990046573844,0,34,432
AML4340,GSE185381,Diagnosis,cellchat,HSC MPP,NK,F11R,ITGAL_ITGB2,0.0201055862652505,0,66,432
AML4340,GSE185381,Diagnosis,cellchat,Late GMP,NK,F11R,ITGAL_ITGB2,0.0100711276560226,0,16,432
AML4340,GSE185381,Diagnosis,cellchat,LMPP,NK,F11R,ITGAL_ITGB2,0.025900934477382,0,53,432
AML4340,GSE185381,Diagnosis,cellchat,Early GMP,Early GMP,F11R,F11R,0.0113089330379628,0,34,34
AML4340,GSE185381,Diagnosis,cellchat,HSC MPP,Early GMP,F11R,F11R,0.00945789694178701,0,66,34
AML4340,GSE185381,Diagnosis,cellchat,Late GMP,Early GMP,F11R,F11R,0.00471201915433744,0,16,34
AML4340,GSE185381,Diagnosis,cellchat,LMPP,Early GMP,F11R,F11R,0.012222376789939,0,53,34
AML4340,GSE185381,Diagnosis,cellchat,Early GMP,HSC MPP,F11R,F11R,0.00945789694178701,0,34,66
AML4340,GSE185381,Diagnosis,cellchat,HSC MPP,HSC MPP,F11R,F11R,0.00790741362721949,0,66,66
AML4340,GSE185381,Diagnosis,cellchat,Late GMP,HSC MPP,F11R,F11R,0.00393646093384251,0,16,66
AML4340,GSE185381,Diagnosis,cellchat,LMPP,HSC MPP,F11R,F11R,0.0102233750306429,0,53,66
AML4340,GSE185381,Diagnosis,cellchat,Early GMP,Late GMP,F11R,F11R,0.00471201915433744,0,34,16
AML4340,GSE185381,Diagnosis,cellchat,HSC MPP,Late GMP,F11R,F11R,0.00393646093384251,0,66,16
AML4340,GSE185381,Diagnosis,cellchat,Late GMP,Late GMP,F11R,F11R,0.0019557140938421,0.03,16,16
AML4340,GSE185381,Diagnosis,cellchat,LMPP,Late GMP,F11R,F11R,0.00509536388258722,0,53,16
AML4340,GSE185381,Diagnosis,cellchat,Early GMP,LMPP,F11R,F11R,0.012222376789939,0,34,53
AML4340,GSE185381,Diagnosis,cellchat,HSC MPP,LMPP,F11R,F11R,0.0102233750306429,0,66,53
AML4340,GSE185381,Diagnosis,cellchat,Late GMP,LMPP,F11R,F11R,0.00509536388258722,0,16,53
AML4340,GSE185381,Diagnosis,cellchat,LMPP,LMPP,F11R,F11R,0.0132086154223997,0,53,53
AML4340,GSE185381,Diagnosis,cellchat,B,CD8 Memory T,HLA-A,CD8A,0.185052456843291,0,126,725
AML4340,GSE185381,Diagnosis,cellchat,CD4 Memory T,CD8 Memory T,HLA-A,CD8A,0.199394297031598,0,491,725
AML4340,GSE185381,Diagnosis,cellchat,CD8 Memory T,CD8 Memory T,HLA-A,CD8A,0.221934806511953,0,725,725
AML4340,GSE185381,Diagnosis,cellchat,Early GMP,CD8 Memory T,HLA-A,CD8A,0.170560428978164,0,34,725
AML4340,GSE185381,Diagnosis,cellchat,HSC MPP,CD8 Memory T,HLA-A,CD8A,0.135709688735192,0,66,725
AML4340,GSE185381,Diagnosis,cellchat,Late GMP,CD8 Memory T,HLA-A,CD8A,0.14960144455794,0,16,725
AML4340,GSE185381,Diagnosis,cellchat,LMPP,CD8 Memory T,HLA-A,CD8A,0.153176617380804,0,53,725
AML4340,GSE185381,Diagnosis,cellchat,Monocyte,CD8 Memory T,HLA-A,CD8A,0.180318342250265,0,164,725
AML4340,GSE185381,Diagnosis,cellchat,Naive T,CD8 Memory T,HLA-A,CD8A,0.189023326167792,0,113,725
AML4340,GSE185381,Diagnosis,cellchat,NK,CD8 Memory T,HLA-A,CD8A,0.229289061583292,0,432,725
AML4340,GSE185381,Diagnosis,cellchat,pDC,CD8 Memory T,HLA-A,CD8A,0.163110073404614,0,28,725
AML4340,GSE185381,Diagnosis,cellchat,Pro-Monocyte,CD8 Memory T,HLA-A,CD8A,0.167682535826057,0,11,725
AML4340,GSE185381,Diagnosis,cellchat,B,Naive T,HLA-A,CD8A,0.0387718101338546,0.71,126,113
AML4340,GSE185381,Diagnosis,cellchat,CD4 Memory T,Naive T,HLA-A,CD8A,0.0423660491649474,0.69,491,113
AML4340,GSE185381,Diagnosis,cellchat,CD8 Memory T,Naive T,HLA-A,CD8A,0.0482245630837911,0.6,725,113
AML4340,GSE185381,Diagnosis,cellchat,Early GMP,Naive T,HLA-A,CD8A,0.0352401014382807,0.75,34,113
AML4340,GSE185381,Diagnosis,cellchat,HSC MPP,Naive T,HLA-A,CD8A,0.0271348991724331,0.77,66,113
AML4340,GSE185381,Diagnosis,cellchat,Late GMP,Naive T,HLA-A,CD8A,0.0303021933202629,0.77,16,113
AML4340,GSE185381,Diagnosis,cellchat,LMPP,Naive T,HLA-A,CD8A,0.0311307222196483,0.77,53,113
AML4340,GSE185381,Diagnosis,cellchat,Monocyte,Naive T,HLA-A,CD8A,0.0376072360526123,0.72,164,113
AML4340,GSE185381,Diagnosis,cellchat,Naive T,Naive T,HLA-A,CD8A,0.0397569086066037,0.71,113,113
AML4340,GSE185381,Diagnosis,cellchat,NK,Naive T,HLA-A,CD8A,0.0501939225398148,0.58,432,113
AML4340,GSE185381,Diagnosis,cellchat,pDC,Naive T,HLA-A,CD8A,0.0334622873879934,0.74,28,113
AML4340,GSE185381,Diagnosis,cellchat,Pro-Monocyte,Naive T,HLA-A,CD8A,0.0345503793334078,0.74,11,113
AML4340,GSE185381,Diagnosis,cellchat,B,CD8 Memory T,HLA-B,CD8A,0.220942825868442,0,126,725
AML4340,GSE185381,Diagnosis,cellchat,CD4 Memory T,CD8 Memory T,HLA-B,CD8A,0.22444296440327,0,491,725
AML4340,GSE185381,Diagnosis,cellchat,CD8 Memory T,CD8 Memory T,HLA-B,CD8A,0.248020105564592,0,725,725
AML4340,GSE185381,Diagnosis,cellchat,Early GMP,CD8 Memory T,HLA-B,CD8A,0.159520372731997,0,34,725
AML4340,GSE185381,Diagnosis,cellchat,HSC MPP,CD8 Memory T,HLA-B,CD8A,0.11900920294257,0,66,725
AML4340,GSE185381,Diagnosis,cellchat,Late GMP,CD8 Memory T,HLA-B,CD8A,0.145551589042549,0,16,725
AML4340,GSE185381,Diagnosis,cellchat,LMPP,CD8 Memory T,HLA-B,CD8A,0.132437932695667,0,53,725
AML4340,GSE185381,Diagnosis,cellchat,Monocyte,CD8 Memory T,HLA-B,CD8A,0.202173724854895,0,164,725
AML4340,GSE185381,Diagnosis,cellchat,Naive T,CD8 Memory T,HLA-B,CD8A,0.218115289865319,0,113,725
AML4340,GSE185381,Diagnosis,cellchat,NK,CD8 Memory T,HLA-B,CD8A,0.253419344059026,0,432,725
AML4340,GSE185381,Diagnosis,cellchat,pDC,CD8 Memory T,HLA-B,CD8A,0.208828604829427,0,28,725
AML4340,GSE185381,Diagnosis,cellchat,Pro-Monocyte,CD8 Memory T,HLA-B,CD8A,0.178873444033136,0,11,725
AML4340,GSE185381,Diagnosis,cellchat,B,Naive T,HLA-B,CD8A,0.047961153593008,0.7,126,113
AML4340,GSE185381,Diagnosis,cellchat,CD4 Memory T,Naive T,HLA-B,CD8A,0.0488929276603136,0.7,491,113
AML4340,GSE185381,Diagnosis,cellchat,CD8 Memory T,Naive T,HLA-B,CD8A,0.0553449846726855,0.6,725,113
AML4340,GSE185381,Diagnosis,cellchat,Early GMP,Naive T,HLA-B,CD8A,0.0326146592030558,0.78,34,113
AML4340,GSE185381,Diagnosis,cellchat,HSC MPP,Naive T,HLA-B,CD8A,0.0234334059850871,0.78,66,113
AML4340,GSE185381,Diagnosis,cellchat,Late GMP,Naive T,HLA-B,CD8A,0.0293703443780574,0.78,16,113
AML4340,GSE185381,Diagnosis,cellchat,LMPP,Naive T,HLA-B,CD8A,0.026400760771605,0.78,53,113
AML4340,GSE185381,Diagnosis,cellchat,Monocyte,Naive T,HLA-B,CD8A,0.0430743707642883,0.74,164,113
AML4340,GSE185381,Diagnosis,cellchat,Naive T,Naive T,HLA-B,CD8A,0.0472132065183549,0.71,113,113
AML4340,GSE185381,Diagnosis,cellchat,NK,Naive T,HLA-B,CD8A,0.0568670037680453,0.59,432,113
AML4340,GSE185381,Diagnosis,cellchat,pDC,Naive T,HLA-B,CD8A,0.0447862158496852,0.72,28,113
AML4340,GSE185381,Diagnosis,cellchat,Pro-Monocyte,Naive T,HLA-B,CD8A,0.0372539142569358,0.75,11,113
AML4340,GSE185381,Diagnosis,cellchat,B,CD8 Memory T,HLA-C,CD8A,0.173656476573776,0,126,725
AML4340,GSE185381,Diagnosis,cellchat,CD4 Memory T,CD8 Memory T,HLA-C,CD8A,0.183876082910621,0,491,725
AML4340,GSE185381,Diagnosis,cellchat,CD8 Memory T,CD8 Memory T,HLA-C,CD8A,0.209754353294166,0,725,725
AML4340,GSE185381,Diagnosis,cellchat,Early GMP,CD8 Memory T,HLA-C,CD8A,0.12273729597298,0,34,725
AML4340,GSE185381,Diagnosis,cellchat,HSC MPP,CD8 Memory T,HLA-C,CD8A,0.101883323426997,0,66,725
AML4340,GSE185381,Diagnosis,cellchat,Late GMP,CD8 Memory T,HLA-C,CD8A,0.111821061339029,0,16,725
AML4340,GSE185381,Diagnosis,cellchat,LMPP,CD8 Memory T,HLA-C,CD8A,0.112137274431313,0,53,725
AML4340,GSE185381,Diagnosis,cellchat,Monocyte,CD8 Memory T,HLA-C,CD8A,0.160126584656973,0,164,725
AML4340,GSE185381,Diagnosis,cellchat,Naive T,CD8 Memory T,HLA-C,CD8A,0.174235550380499,0,113,725
AML4340,GSE185381,Diagnosis,cellchat,NK,CD8 Memory T,HLA-C,CD8A,0.227654025204268,0,432,725
AML4340,GSE185381,Diagnosis,cellchat,pDC,CD8 Memory T,HLA-C,CD8A,0.152184466836007,0,28,725
AML4340,GSE185381,Diagnosis,cellchat,Pro-Monocyte,CD8 Memory T,HLA-C,CD8A,0.119061468426269,0,11,725
AML4340,GSE185381,Diagnosis,cellchat,B,Naive T,HLA-C,CD8A,0.0359863595246959,0.71,126,113
AML4340,GSE185381,Diagnosis,cellchat,CD4 Memory T,Naive T,HLA-C,CD8A,0.0384814291411159,0.71,491,113
AML4340,GSE185381,Diagnosis,cellchat,CD8 Memory T,Naive T,HLA-C,CD8A,0.0450261415403218,0.59,725,113
AML4340,GSE185381,Diagnosis,cellchat,Early GMP,Naive T,HLA-C,CD8A,0.0242498953866501,0.78,34,113
AML4340,GSE185381,Diagnosis,cellchat,HSC MPP,Naive T,HLA-C,CD8A,0.019752874209593,0.78,66,113
AML4340,GSE185381,Diagnosis,cellchat,Late GMP,Naive T,HLA-C,CD8A,0.0218746952798891,0.78,16,113
AML4340,GSE185381,Diagnosis,cellchat,LMPP,Naive T,HLA-C,CD8A,0.0219428375602805,0.78,53,113
AML4340,GSE185381,Diagnosis,cellchat,Monocyte,Naive T,HLA-C,CD8A,0.0327573982347458,0.74,164,113
AML4340,GSE185381,Diagnosis,cellchat,Naive T,Naive T,HLA-C,CD8A,0.0361264293994995,0.72,113,113
AML4340,GSE185381,Diagnosis,cellchat,NK,Naive T,HLA-C,CD8A,0.0497535506516652,0.45,432,113
AML4340,GSE185381,Diagnosis,cellchat,pDC,Naive T,HLA-C,CD8A,0.0309002378841962,0.76,28,113
AML4340,GSE185381,Diagnosis,cellchat,Pro-Monocyte,Naive T,HLA-C,CD8A,0.0234448142875965,0.78,11,113
AML4340,GSE185381,Diagnosis,cellchat,B,CD8 Memory T,HLA-E,CD8A,0.126550302805743,0,126,725
AML4340,GSE185381,Diagnosis,cellchat,CD4 Memory T,CD8 Memory T,HLA-E,CD8A,0.143664397752205,0,491,725
AML4340,GSE185381,Diagnosis,cellchat,CD8 Memory T,CD8 Memory T,HLA-E,CD8A,0.167672147420338,0,725,725
AML4340,GSE185381,Diagnosis,cellchat,Early GMP,CD8 Memory T,HLA-E,CD8A,0.0912050807128332,0,34,725
AML4340,GSE185381,Diagnosis,cellchat,HSC MPP,CD8 Memory T,HLA-E,CD8A,0.113872205950692,0,66,725
AML4340,GSE185381,Diagnosis,cellchat,Late GMP,CD8 Memory T,HLA-E,CD8A,0.0719933387022929,0,16,725
AML4340,GSE185381,Diagnosis,cellchat,LMPP,CD8 Memory T,HLA-E,CD8A,0.110215669382267,0,53,725
AML4340,GSE185381,Diagnosis,cellchat,Monocyte,CD8 Memory T,HLA-E,CD8A,0.120333396334528,0,164,725
AML4340,GSE185381,Diagnosis,cellchat,Naive T,CD8 Memory T,HLA-E,CD8A,0.131869385012252,0,113,725
AML4340,GSE185381,Diagnosis,cellchat,NK,CD8 Memory T,HLA-E,CD8A,0.182549887093653,0,432,725
AML4340,GSE185381,Diagnosis,cellchat,pDC,CD8 Memory T,HLA-E,CD8A,0.0936682101708388,0,28,725
AML4340,GSE185381,Diagnosis,cellchat,Pro-Monocyte,CD8 Memory T,HLA-E,CD8A,0.0644139552280699,0,11,725
AML4340,GSE185381,Diagnosis,cellchat,B,Naive T,HLA-E,CD8A,0.0250907621542795,0.74,126,113
AML4340,GSE185381,Diagnosis,cellchat,CD4 Memory T,Naive T,HLA-E,CD8A,0.0289385164370983,0.7,491,113
AML4340,GSE185381,Diagnosis,cellchat,CD8 Memory T,Naive T,HLA-E,CD8A,0.034547896485054,0.58,725,113
AML4340,GSE185381,Diagnosis,cellchat,Early GMP,Naive T,HLA-E,CD8A,0.0175147347800051,0.78,34,113
AML4340,GSE185381,Diagnosis,cellchat,HSC MPP,Naive T,HLA-E,CD8A,0.0223174020961157,0.76,66,113
AML4340,GSE185381,Diagnosis,cellchat,Late GMP,Naive T,HLA-E,CD8A,0.0135931984402766,0.78,16,113
AML4340,GSE185381,Diagnosis,cellchat,LMPP,Naive T,HLA-E,CD8A,0.0215293428328411,0.76,53,113
AML4340,GSE185381,Diagnosis,cellchat,Monocyte,Naive T,HLA-E,CD8A,0.0237227812043383,0.75,164,113
AML4340,GSE185381,Diagnosis,cellchat,Naive T,Naive T,HLA-E,CD8A,0.0262736381621862,0.72,113,113
AML4340,GSE185381,Diagnosis,cellchat,NK,Naive T,HLA-E,CD8A,0.0381548582279979,0.39,432,113
AML4340,GSE185381,Diagnosis,cellchat,pDC,Naive T,HLA-E,CD8A,0.0180272231406004,0.78,28,113
AML4340,GSE185381,Diagnosis,cellchat,Pro-Monocyte,Naive T,HLA-E,CD8A,0.0120820735682866,0.78,11,113
AML4340,GSE185381,Diagnosis,cellchat,B,CD8 Memory T,HLA-F,CD8A,0.0182989299449857,0,126,725
AML4340,GSE185381,Diagnosis,cellchat,CD4 Memory T,CD8 Memory T,HLA-F,CD8A,0.018930578469749,0,491,725
AML4340,GSE185381,Diagnosis,cellchat,CD8 Memory T,CD8 Memory T,HLA-F,CD8A,0.0246267291581486,0,725,725
AML4340,GSE185381,Diagnosis,cellchat,Monocyte,CD8 Memory T,HLA-F,CD8A,0.0131220803940562,0,164,725
AML4340,GSE185381,Diagnosis,cellchat,Naive T,CD8 Memory T,HLA-F,CD8A,0.018879310081484,0,113,725
AML4340,GSE185381,Diagnosis,cellchat,NK,CD8 Memory T,HLA-F,CD8A,0.0732586654861252,0,432,725
AML4340,GSE185381,Diagnosis,cellchat,B,Naive T,HLA-F,CD8A,0.0033001615188194,0.73,126,113
AML4340,GSE185381,Diagnosis,cellchat,CD4 Memory T,Naive T,HLA-F,CD8A,0.00341587906374823,0.74,491,113
AML4340,GSE185381,Diagnosis,cellchat,CD8 Memory T,Naive T,HLA-F,CD8A,0.00446495222171561,0.6,725,113
AML4340,GSE185381,Diagnosis,cellchat,Monocyte,Naive T,HLA-F,CD8A,0.00235634612325327,0.78,164,113
AML4340,GSE185381,Diagnosis,cellchat,Naive T,Naive T,HLA-F,CD8A,0.00340648217922652,0.7,113,113
AML4340,GSE185381,Diagnosis,cellchat,NK,Naive T,HLA-F,CD8A,0.013847423070098,0,432,113
AML4340,GSE185381,Diagnosis,cellchat,B,CD8 Memory T,HLA-A,CD8B,0.0538297042600376,0,126,725
AML4340,GSE185381,Diagnosis,cellchat,CD4 Memory T,CD8 Memory T,HLA-A,CD8B,0.0587345511522079,0,491,725
AML4340,GSE185381,Diagnosis,cellchat,CD8 Memory T,CD8 Memory T,HLA-A,CD8B,0.0666989030050405,0,725,725
AML4340,GSE185381,Diagnosis,cellchat,Early GMP,CD8 Memory T,HLA-A,CD8B,0.0489962929072957,0,34,725
AML4340,GSE185381,Diagnosis,cellchat,HSC MPP,CD8 Memory T,HLA-A,CD8B,0.0378513076298247,0,66,725
AML4340,GSE185381,Diagnosis,cellchat,Late GMP,CD8 Memory T,HLA-A,CD8B,0.0422151856973636,0,16,725
AML4340,GSE185381,Diagnosis,cellchat,LMPP,CD8 Memory T,HLA-A,CD8B,0.0433548789491884,0,53,725
AML4340,GSE185381,Diagnosis,cellchat,Monocyte,CD8 Memory T,HLA-A,CD8B,0.0522374213097301,0,164,725
AML4340,GSE185381,Diagnosis,cellchat,Naive T,CD8 Memory T,HLA-A,CD8B,0.0551754268753595,0,113,725
AML4340,GSE185381,Diagnosis,cellchat,NK,CD8 Memory T,HLA-A,CD8B,0.0693677185046798,0,432,725
AML4340,GSE185381,Diagnosis,cellchat,pDC,CD8 Memory T,HLA-A,CD8B,0.0465579887075862,0,28,725
AML4340,GSE185381,Diagnosis,cellchat,Pro-Monocyte,CD8 Memory T,HLA-A,CD8B,0.048050743122259,0,11,725
AML4340,GSE185381,Diagnosis,cellchat,B,CD8 Memory T,HLA-B,CD8B,0.0663416177121572,0,126,725
AML4340,GSE185381,Diagnosis,cellchat,CD4 Memory T,CD8 Memory T,HLA-B,CD8B,0.0676051243361698,0,491,725
AML4340,GSE185381,Diagnosis,cellchat,CD8 Memory T,CD8 Memory T,HLA-B,CD8B,0.0763283309170183,0,725,725
AML4340,GSE185381,Diagnosis,cellchat,Early GMP,CD8 Memory T,HLA-B,CD8B,0.0453942150168619,0,34,725
AML4340,GSE185381,Diagnosis,cellchat,HSC MPP,CD8 Memory T,HLA-B,CD8B,0.0327371717376132,0,66,725
AML4340,GSE185381,Diagnosis,cellchat,Late GMP,CD8 Memory T,HLA-B,CD8B,0.0409324540938103,0,16,725
AML4340,GSE185381,Diagnosis,cellchat,LMPP,CD8 Memory T,HLA-B,CD8B,0.0368382138840606,0,53,725
AML4340,GSE185381,Diagnosis,cellchat,Monocyte,CD8 Memory T,HLA-B,CD8B,0.0596994786085604,0,164,725
AML4340,GSE185381,Diagnosis,cellchat,Naive T,CD8 Memory T,HLA-B,CD8B,0.0653266986407744,0,113,725
AML4340,GSE185381,Diagnosis,cellchat,NK,CD8 Memory T,HLA-B,CD8B,0.0783795250738374,0,432,725
AML4340,GSE185381,Diagnosis,cellchat,pDC,CD8 Memory T,HLA-B,CD8B,0.0620292043176767,0,28,725
AML4340,GSE185381,Diagnosis,cellchat,Pro-Monocyte,CD8 Memory T,HLA-B,CD8B,0.051754039857225,0,11,725
AML4340,GSE185381,Diagnosis,cellchat,B,CD8 Memory T,HLA-C,CD8B,0.050018754433432,0,126,725
AML4340,GSE185381,Diagnosis,cellchat,CD4 Memory T,CD8 Memory T,HLA-C,CD8B,0.0534328163502412,0,491,725
AML4340,GSE185381,Diagnosis,cellchat,CD8 Memory T,CD8 Memory T,HLA-C,CD8B,0.0623554729592084,0,725,725
AML4340,GSE185381,Diagnosis,cellchat,Early GMP,CD8 Memory T,HLA-C,CD8B,0.0338665899481846,0,34,725
AML4340,GSE185381,Diagnosis,cellchat,HSC MPP,CD8 Memory T,HLA-C,CD8B,0.0276367124281459,0,66,725
AML4340,GSE185381,Diagnosis,cellchat,Late GMP,CD8 Memory T,HLA-C,CD8B,0.0305789841323109,0,16,725
AML4340,GSE185381,Diagnosis,cellchat,LMPP,CD8 Memory T,HLA-C,CD8B,0.0306733910028898,0,53,725
AML4340,GSE185381,Diagnosis,cellchat,Monocyte,CD8 Memory T,HLA-C,CD8B,0.0455902483225124,0,164,725
AML4340,GSE185381,Diagnosis,cellchat,Naive T,CD8 Memory T,HLA-C,CD8B,0.0502105978702063,0,113,725
AML4340,GSE185381,Diagnosis,cellchat,NK,CD8 Memory T,HLA-C,CD8B,0.0687713070781107,0,432,725
AML4340,GSE185381,Diagnosis,cellchat,pDC,CD8 Memory T,HLA-C,CD8B,0.043037910202419,0,28,725
AML4340,GSE185381,Diagnosis,cellchat,Pro-Monocyte,CD8 Memory T,HLA-C,CD8B,0.032752957566413,0,11,725
AML4340,GSE185381,Diagnosis,cellchat,B,CD8 Memory T,HLA-E,CD8B,0.0350289452200189,0,126,725
AML4340,GSE185381,Diagnosis,cellchat,CD4 Memory T,CD8 Memory T,HLA-E,CD8B,0.0403376948618777,0,491,725
AML4340,GSE185381,Diagnosis,cellchat,CD8 Memory T,CD8 Memory T,HLA-E,CD8B,0.0480473383967644,0,725,725
AML4340,GSE185381,Diagnosis,cellchat,Early GMP,CD8 Memory T,HLA-E,CD8B,0.0245276306434517,0,34,725
AML4340,GSE185381,Diagnosis,cellchat,HSC MPP,CD8 Memory T,HLA-E,CD8B,0.0311922333136007,0,66,725
AML4340,GSE185381,Diagnosis,cellchat,Late GMP,CD8 Memory T,HLA-E,CD8B,0.0190663834315972,0,16,725
AML4340,GSE185381,Diagnosis,cellchat,LMPP,CD8 Memory T,HLA-E,CD8B,0.0301004394049596,0,53,725
AML4340,GSE185381,Diagnosis,cellchat,Monocyte,CD8 Memory T,HLA-E,CD8B,0.0331375390575424,0,164,725
AML4340,GSE185381,Diagnosis,cellchat,Naive T,CD8 Memory T,HLA-E,CD8B,0.0366627263146555,0,113,725
AML4340,GSE185381,Diagnosis,cellchat,NK,CD8 Memory T,HLA-E,CD8B,0.0529863533687776,0,432,725
AML4340,GSE185381,Diagnosis,cellchat,pDC,CD8 Memory T,HLA-E,CD8B,0.0252400476342663,0,28,725
AML4340,GSE185381,Diagnosis,cellchat,Pro-Monocyte,CD8 Memory T,HLA-E,CD8B,0.016957276756918,0,11,725
AML4340,GSE185381,Diagnosis,cellchat,B,CD8 Memory T,HLA-F,CD8B,0.00464847393836785,0,126,725
AML4340,GSE185381,Diagnosis,cellchat,CD4 Memory T,CD8 Memory T,HLA-F,CD8B,0.00481124077176992,0,491,725
AML4340,GSE185381,Diagnosis,cellchat,CD8 Memory T,CD8 Memory T,HLA-F,CD8B,0.00628614957872035,0,725,725
AML4340,GSE185381,Diagnosis,cellchat,Monocyte,CD8 Memory T,HLA-F,CD8B,0.00332033835157671,0,164,725
AML4340,GSE185381,Diagnosis,cellchat,Naive T,CD8 Memory T,HLA-F,CD8B,0.00479802380901507,0,113,725
AML4340,GSE185381,Diagnosis,cellchat,NK,CD8 Memory T,HLA-F,CD8B,0.0194209540818541,0,432,725
AML4340,GSE185381,Diagnosis,cellchat,B,NK,HLA-E,KLRK1,0.0331077640172311,0,126,432
AML4340,GSE185381,Diagnosis,cellchat,CD4 Memory T,NK,HLA-E,KLRK1,0.0381368595046719,0,491,432
AML4340,GSE185381,Diagnosis,cellchat,CD8 Memory T,NK,HLA-E,KLRK1,0.0454457826820994,0,725,432
AML4340,GSE185381,Diagnosis,cellchat,Early GMP,NK,HLA-E,KLRK1,0.0231685713099492,0,34,432
AML4340,GSE185381,Diagnosis,cellchat,HSC MPP,NK,HLA-E,KLRK1,0.0294750511436885,0,66,432
AML4340,GSE185381,Diagnosis,cellchat,Late GMP,NK,HLA-E,KLRK1,0.0180043429148457,0,16,432
AML4340,GSE185381,Diagnosis,cellchat,LMPP,NK,HLA-E,KLRK1,0.0284415977087745,0,53,432
AML4340,GSE185381,Diagnosis,cellchat,Monocyte,NK,HLA-E,KLRK1,0.0313167264617587,0,164,432
AML4340,GSE185381,Diagnosis,cellchat,Naive T,NK,HLA-E,KLRK1,0.0346551575353483,0,113,432
AML4340,GSE185381,Diagnosis,cellchat,NK,NK,HLA-E,KLRK1,0.050131454466557,0,432,432
AML4340,GSE185381,Diagnosis,cellchat,pDC,NK,HLA-E,KLRK1,0.0238424785958348,0,28,432
AML4340,GSE185381,Diagnosis,cellchat,Pro-Monocyte,NK,HLA-E,KLRK1,0.016010800692732,0,11,432
AML4340,GSE185381,Diagnosis,cellchat,B,Monocyte,HLA-DPA1,CD4,0.03330585344619,0,126,164
AML4340,GSE185381,Diagnosis,cellchat,CD8 Memory T,Monocyte,HLA-DPA1,CD4,0.00343430737451913,0,725,164
AML4340,GSE185381,Diagnosis,cellchat,Early GMP,Monocyte,HLA-DPA1,CD4,0.00388485759201216,0,34,164
AML4340,GSE185381,Diagnosis,cellchat,HSC MPP,Monocyte,HLA-DPA1,CD4,0.0017791355026376,0,66,164
AML4340,GSE185381,Diagnosis,cellchat,LMPP,Monocyte,HLA-DPA1,CD4,0.00170891644732137,0,53,164
AML4340,GSE185381,Diagnosis,cellchat,Monocyte,Monocyte,HLA-DPA1,CD4,0.0104055980694083,0,164,164
AML4340,GSE185381,Diagnosis,cellchat,pDC,Monocyte,HLA-DPA1,CD4,0.0268823946839099,0,28,164
AML4340,GSE185381,Diagnosis,cellchat,Pro-Monocyte,Monocyte,HLA-DPA1,CD4,0.000639844666404603,0,11,164
AML4340,GSE185381,Diagnosis,cellchat,B,pDC,HLA-DPA1,CD4,0.0400072733962447,0,126,28
AML4340,GSE185381,Diagnosis,cellchat,CD8 Memory T,pDC,HLA-DPA1,CD4,0.00415112870930829,0,725,28
AML4340,GSE185381,Diagnosis,cellchat,Early GMP,pDC,HLA-DPA1,CD4,0.00469527636646378,0,34,28
AML4340,GSE185381,Diagnosis,cellchat,HSC MPP,pDC,HLA-DPA1,CD4,0.00215122899769883,0.01,66,28
AML4340,GSE185381,Diagnosis,cellchat,LMPP,pDC,HLA-DPA1,CD4,0.00206635452820793,0.01,53,28
AML4340,GSE185381,Diagnosis,cellchat,Monocyte,pDC,HLA-DPA1,CD4,0.0125591555050896,0,164,28
AML4340,GSE185381,Diagnosis,cellchat,pDC,pDC,HLA-DPA1,CD4,0.032334591119961,0,28,28
AML4340,GSE185381,Diagnosis,cellchat,Pro-Monocyte,pDC,HLA-DPA1,CD4,0.000773848329663915,0.02,11,28
AML4340,GSE185381,Diagnosis,cellchat,B,Monocyte,HLA-DPB1,CD4,0.0368853193246636,0,126,164
AML4340,GSE185381,Diagnosis,cellchat,CD8 Memory T,Monocyte,HLA-DPB1,CD4,0.00372060678526211,0,725,164
AML4340,GSE185381,Diagnosis,cellchat,Early GMP,Monocyte,HLA-DPB1,CD4,0.00144582254231715,0,34,164
AML4340,GSE185381,Diagnosis,cellchat,Monocyte,Monocyte,HLA-DPB1,CD4,0.00282269862913625,0,164,164
AML4340,GSE185381,Diagnosis,cellchat,NK,Monocyte,HLA-DPB1,CD4,0.00354556249259489,0,432,164
AML4340,GSE185381,Diagnosis,cellchat,pDC,Monocyte,HLA-DPB1,CD4,0.0286542248193178,0,28,164
AML4340,GSE185381,Diagnosis,cellchat,B,pDC,HLA-DPB1,CD4,0.0442739725794643,0,126,28
AML4340,GSE185381,Diagnosis,cellchat,CD8 Memory T,pDC,HLA-DPB1,CD4,0.00449691594136655,0,725,28
AML4340,GSE185381,Diagnosis,cellchat,Early GMP,pDC,HLA-DPB1,CD4,0.00174832810335717,0.01,34,28
AML4340,GSE185381,Diagnosis,cellchat,Monocyte,pDC,HLA-DPB1,CD4,0.00341229983087816,0,164,28
AML4340,GSE185381,Diagnosis,cellchat,NK,pDC,HLA-DPB1,CD4,0.00428550554787895,0,432,28
AML4340,GSE185381,Diagnosis,cellchat,pDC,pDC,HLA-DPB1,CD4,0.0344530548990304,0,28,28
AML4340,GSE185381,Diagnosis,cellchat,B,Monocyte,HLA-DQA1,CD4,0.0214819833123466,0,126,164
AML4340,GSE185381,Diagnosis,cellchat,pDC,Monocyte,HLA-DQA1,CD4,0.00269258381625841,0,28,164
AML4340,GSE185381,Diagnosis,cellchat,B,pDC,HLA-DQA1,CD4,0.0258680023132527,0,126,28
AML4340,GSE185381,Diagnosis,cellchat,pDC,pDC,HLA-DQA1,CD4,0.00325509554236374,0,28,28
AML4340,GSE185381,Diagnosis,cellchat,B,Monocyte,HLA-DMA,CD4,0.0225856846571378,0,126,164
AML4340,GSE185381,Diagnosis,cellchat,Early GMP,Monocyte,HLA-DMA,CD4,0.00184803799556694,0,34,164
AML4340,GSE185381,Diagnosis,cellchat,HSC MPP,Monocyte,HLA-DMA,CD4,0.00210682213412501,0,66,164
AML4340,GSE185381,Diagnosis,cellchat,Late GMP,Monocyte,HLA-DMA,CD4,0.00192036690328625,0,16,164
AML4340,GSE185381,Diagnosis,cellchat,LMPP,Monocyte,HLA-DMA,CD4,0.00154077055697824,0,53,164
AML4340,GSE185381,Diagnosis,cellchat,Monocyte,Monocyte,HLA-DMA,CD4,0.00292384466738677,0,164,164
AML4340,GSE185381,Diagnosis,cellchat,pDC,Monocyte,HLA-DMA,CD4,0.0209547726639926,0,28,164
AML4340,GSE185381,Diagnosis,cellchat,Pro-Monocyte,Monocyte,HLA-DMA,CD4,0.00183889491756336,0,11,164
AML4340,GSE185381,Diagnosis,cellchat,B,pDC,HLA-DMA,CD4,0.0271907867224762,0,126,28
AML4340,GSE185381,Diagnosis,cellchat,Early GMP,pDC,HLA-DMA,CD4,0.00223450969764517,0,34,28
AML4340,GSE185381,Diagnosis,cellchat,HSC MPP,pDC,HLA-DMA,CD4,0.00254727406560636,0,66,28
AML4340,GSE185381,Diagnosis,cellchat,Late GMP,pDC,HLA-DMA,CD4,0.00232192923169851,0,16,28
AML4340,GSE185381,Diagnosis,cellchat,LMPP,pDC,HLA-DMA,CD4,0.00186310477019725,0,53,28
AML4340,GSE185381,Diagnosis,cellchat,Monocyte,pDC,HLA-DMA,CD4,0.00353449822155143,0,164,28
AML4340,GSE185381,Diagnosis,cellchat,pDC,pDC,HLA-DMA,CD4,0.0252359260965871,0,28,28
AML4340,GSE185381,Diagnosis,cellchat,Pro-Monocyte,pDC,HLA-DMA,CD4,0.00222345882894808,0,11,28
AML4340,GSE185381,Diagnosis,cellchat,B,Monocyte,HLA-DMB,CD4,0.0122064102844824,0,126,164
AML4340,GSE185381,Diagnosis,cellchat,pDC,Monocyte,HLA-DMB,CD4,0.00525485984225461,0,28,164
AML4340,GSE185381,Diagnosis,cellchat,B,pDC,HLA-DMB,CD4,0.0147271198952282,0,126,28
AML4340,GSE185381,Diagnosis,cellchat,pDC,pDC,HLA-DMB,CD4,0.00634925263783307,0,28,28
AML4340,GSE185381,Diagnosis,cellchat,B,Monocyte,HLA-DQB1,CD4,0.0234311694046269,0,126,164
AML4340,GSE185381,Diagnosis,cellchat,Early GMP,Monocyte,HLA-DQB1,CD4,0.00145664310391588,0,34,164
AML4340,GSE185381,Diagnosis,cellchat,Monocyte,Monocyte,HLA-DQB1,CD4,0.00263624013823291,0,164,164
AML4340,GSE185381,Diagnosis,cellchat,pDC,Monocyte,HLA-DQB1,CD4,0.0095177907125518,0,28,164
AML4340,GSE185381,Diagnosis,cellchat,Pro-Monocyte,Monocyte,HLA-DQB1,CD4,0.000639844666404603,0,11,164
AML4340,GSE185381,Diagnosis,cellchat,B,pDC,HLA-DQB1,CD4,0.0282036869738062,0,126,28
AML4340,GSE185381,Diagnosis,cellchat,Early GMP,pDC,HLA-DQB1,CD4,0.00176140862842287,0,34,28
AML4340,GSE185381,Diagnosis,cellchat,Monocyte,pDC,HLA-DQB1,CD4,0.00318701863717683,0,164,28
AML4340,GSE185381,Diagnosis,cellchat,pDC,pDC,HLA-DQB1,CD4,0.0114897396149357,0,28,28
AML4340,GSE185381,Diagnosis,cellchat,Pro-Monocyte,pDC,HLA-DQB1,CD4,0.000773848329663915,0,11,28
AML4340,GSE185381,Diagnosis,cellchat,B,Monocyte,HLA-DRA,CD4,0.0456152626532647,0,126,164
AML4340,GSE185381,Diagnosis,cellchat,Early GMP,Monocyte,HLA-DRA,CD4,0.0153629825816576,0,34,164
AML4340,GSE185381,Diagnosis,cellchat,HSC MPP,Monocyte,HLA-DRA,CD4,0.00210910092963548,0,66,164
AML4340,GSE185381,Diagnosis,cellchat,Late GMP,Monocyte,HLA-DRA,CD4,0.0100598270911039,0,16,164
AML4340,GSE185381,Diagnosis,cellchat,LMPP,Monocyte,HLA-DRA,CD4,0.00605016267976888,0,53,164
AML4340,GSE185381,Diagnosis,cellchat,Monocyte,Monocyte,HLA-DRA,CD4,0.0243562146047041,0,164,164
AML4340,GSE185381,Diagnosis,cellchat,pDC,Monocyte,HLA-DRA,CD4,0.0384548360457377,0,28,164
AML4340,GSE185381,Diagnosis,cellchat,Pro-Monocyte,Monocyte,HLA-DRA,CD4,0.00948807192010415,0,11,164
AML4340,GSE185381,Diagnosis,cellchat,B,pDC,HLA-DRA,CD4,0.0546534130815374,0,126,28
AML4340,GSE185381,Diagnosis,cellchat,Early GMP,pDC,HLA-DRA,CD4,0.0185233228650835,0,34,28
AML4340,GSE185381,Diagnosis,cellchat,HSC MPP,pDC,HLA-DRA,CD4,0.00255002804836746,0.01,66,28
AML4340,GSE185381,Diagnosis,cellchat,Late GMP,pDC,HLA-DRA,CD4,0.0121427013552949,0,16,28
AML4340,GSE185381,Diagnosis,cellchat,LMPP,pDC,HLA-DRA,CD4,0.0073089706225198,0,53,28
AML4340,GSE185381,Diagnosis,cellchat,Monocyte,pDC,HLA-DRA,CD4,0.0293114923826926,0,164,28
AML4340,GSE185381,Diagnosis,cellchat,pDC,pDC,HLA-DRA,CD4,0.046142823052582,0,28,28
AML4340,GSE185381,Diagnosis,cellchat,Pro-Monocyte,pDC,HLA-DRA,CD4,0.0114539347205738,0,11,28
AML4340,GSE185381,Diagnosis,cellchat,B,Monocyte,HLA-DRB1,CD4,0.0414792152714173,0,126,164
AML4340,GSE185381,Diagnosis,cellchat,CD8 Memory T,Monocyte,HLA-DRB1,CD4,0.00364557134014331,0,725,164
AML4340,GSE185381,Diagnosis,cellchat,Early GMP,Monocyte,HLA-DRB1,CD4,0.00863850358526301,0,34,164
AML4340,GSE185381,Diagnosis,cellchat,HSC MPP,Monocyte,HLA-DRB1,CD4,0.00206489552445826,0,66,164
AML4340,GSE185381,Diagnosis,cellchat,Late GMP,Monocyte,HLA-DRB1,CD4,0.00566220098603558,0,16,164
AML4340,GSE185381,Diagnosis,cellchat,LMPP,Monocyte,HLA-DRB1,CD4,0.00545620303967552,0,53,164
AML4340,GSE185381,Diagnosis,cellchat,Monocyte,Monocyte,HLA-DRB1,CD4,0.0183716988505432,0,164,164
AML4340,GSE185381,Diagnosis,cellchat,pDC,Monocyte,HLA-DRB1,CD4,0.0304802047452733,0,28,164
AML4340,GSE185381,Diagnosis,cellchat,Pro-Monocyte,Monocyte,HLA-DRB1,CD4,0.00902771171929368,0,11,164
AML4340,GSE185381,Diagnosis,cellchat,B,pDC,HLA-DRB1,CD4,0.0497405657391717,0,126,28
AML4340,GSE185381,Diagnosis,cellchat,CD8 Memory T,pDC,HLA-DRB1,CD4,0.00440629350245953,0,725,28
AML4340,GSE185381,Diagnosis,cellchat,Early GMP,pDC,HLA-DRB1,CD4,0.0104301952681378,0,34,28
AML4340,GSE185381,Diagnosis,cellchat,HSC MPP,pDC,HLA-DRB1,CD4,0.00249660421433405,0,66,28
AML4340,GSE185381,Diagnosis,cellchat,Late GMP,pDC,HLA-DRB1,CD4,0.00684084446159817,0,16,28
AML4340,GSE185381,Diagnosis,cellchat,LMPP,pDC,HLA-DRB1,CD4,0.00659225028180757,0,53,28
AML4340,GSE185381,Diagnosis,cellchat,Monocyte,pDC,HLA-DRB1,CD4,0.0221370512988298,0,164,28
AML4340,GSE185381,Diagnosis,cellchat,pDC,pDC,HLA-DRB1,CD4,0.0366346262545095,0,28,28
AML4340,GSE185381,Diagnosis,cellchat,Pro-Monocyte,pDC,HLA-DRB1,CD4,0.0108992406394603,0,11,28
AML4340,GSE185381,Diagnosis,cellchat,B,Monocyte,HLA-DRB5,CD4,0.0109337356923214,0,126,164
AML4340,GSE185381,Diagnosis,cellchat,Early GMP,Monocyte,HLA-DRB5,CD4,0.00535863689678157,0,34,164
AML4340,GSE185381,Diagnosis,cellchat,Late GMP,Monocyte,HLA-DRB5,CD4,0.00046741904875518,0,16,164
AML4340,GSE185381,Diagnosis,cellchat,LMPP,Monocyte,HLA-DRB5,CD4,0.00173749058197425,0,53,164
AML4340,GSE185381,Diagnosis,cellchat,Monocyte,Monocyte,HLA-DRB5,CD4,0.0097195135465547,0,164,164
AML4340,GSE185381,Diagnosis,cellchat,pDC,Monocyte,HLA-DRB5,CD4,0.0175443051826989,0,28,164
AML4340,GSE185381,Diagnosis,cellchat,Pro-Monocyte,Monocyte,HLA-DRB5,CD4,0.00268730314616673,0,11,164
AML4340,GSE185381,Diagnosis,cellchat,B,pDC,HLA-DRB5,CD4,0.0131951397958988,0,126,28
AML4340,GSE185381,Diagnosis,cellchat,Early GMP,pDC,HLA-DRB5,CD4,0.00647450193939303,0,34,28
AML4340,GSE185381,Diagnosis,cellchat,Late GMP,pDC,HLA-DRB5,CD4,0.000565331774810888,0,16,28
AML4340,GSE185381,Diagnosis,cellchat,LMPP,pDC,HLA-DRB5,CD4,0.00210089266988069,0,53,28
AML4340,GSE185381,Diagnosis,cellchat,Monocyte,pDC,HLA-DRB5,CD4,0.0117327614377321,0,164,28
AML4340,GSE185381,Diagnosis,cellchat,pDC,pDC,HLA-DRB5,CD4,0.0211437326297724,0,28,28
AML4340,GSE185381,Diagnosis,cellchat,Pro-Monocyte,pDC,HLA-DRB5,CD4,0.00324871527319313,0,11,28
AML4340,GSE185381,Diagnosis,cellchat,Early GMP,Early GMP,NEGR1,NEGR1,0.0154410176493513,0,34,34
AML4340,GSE185381,Diagnosis,cellchat,HSC MPP,Early GMP,NEGR1,NEGR1,0.0051106245469878,0,66,34
AML4340,GSE185381,Diagnosis,cellchat,Late GMP,Early GMP,NEGR1,NEGR1,0.00514922031637138,0,16,34
AML4340,GSE185381,Diagnosis,cellchat,LMPP,Early GMP,NEGR1,NEGR1,0.0155431279068024,0,53,34
AML4340,GSE185381,Diagnosis,cellchat,Early GMP,HSC MPP,NEGR1,NEGR1,0.0051106245469878,0,34,66
AML4340,GSE185381,Diagnosis,cellchat,HSC MPP,HSC MPP,NEGR1,NEGR1,0.00167970913748913,0,66,66
AML4340,GSE185381,Diagnosis,cellchat,Late GMP,HSC MPP,NEGR1,NEGR1,0.00169243848746199,0,16,66
AML4340,GSE185381,Diagnosis,cellchat,LMPP,HSC MPP,NEGR1,NEGR1,0.00514477768534453,0,53,66
AML4340,GSE185381,Diagnosis,cellchat,Early GMP,Late GMP,NEGR1,NEGR1,0.00514922031637138,0,34,16
AML4340,GSE185381,Diagnosis,cellchat,HSC MPP,Late GMP,NEGR1,NEGR1,0.00169243848746199,0,66,16
AML4340,GSE185381,Diagnosis,cellchat,Late GMP,Late GMP,NEGR1,NEGR1,0.00170526413956682,0,16,16
AML4340,GSE185381,Diagnosis,cellchat,LMPP,Late GMP,NEGR1,NEGR1,0.00518363003758833,0,53,16
AML4340,GSE185381,Diagnosis,cellchat,Early GMP,LMPP,NEGR1,NEGR1,0.0155431279068024,0,34,53
AML4340,GSE185381,Diagnosis,cellchat,HSC MPP,LMPP,NEGR1,NEGR1,0.00514477768534453,0,66,53
AML4340,GSE185381,Diagnosis,cellchat,Late GMP,LMPP,NEGR1,NEGR1,0.00518363003758833,0,16,53
AML4340,GSE185381,Diagnosis,cellchat,LMPP,LMPP,NEGR1,NEGR1,0.0156459026809585,0,53,53
AML4340,GSE185381,Diagnosis,cellchat,Late GMP,HSC MPP,JAG1,NOTCH1,0.00135559175271921,0,16,66
AML4340,GSE185381,Diagnosis,cellchat,Monocyte,HSC MPP,JAG1,NOTCH1,0.00169428852483761,0,164,66
AML4340,GSE185381,Diagnosis,cellchat,pDC,HSC MPP,JAG1,NOTCH1,0.00212536619816616,0,28,66
AML4340,GSE185381,Diagnosis,cellchat,Pro-Monocyte,HSC MPP,JAG1,NOTCH1,0.000881056085471369,0,11,66
AML4340,GSE185381,Diagnosis,cellchat,Late GMP,Monocyte,JAG1,NOTCH2,0.00145976440394771,0,16,164
AML4340,GSE185381,Diagnosis,cellchat,Monocyte,Monocyte,JAG1,NOTCH2,0.00182444132946263,0,164,164
AML4340,GSE185381,Diagnosis,cellchat,pDC,Monocyte,JAG1,NOTCH2,0.00228855785520697,0,28,164
AML4340,GSE185381,Diagnosis,cellchat,Pro-Monocyte,Monocyte,JAG1,NOTCH2,0.000948796918411088,0,11,164
AML4340,GSE185381,Diagnosis,cellchat,Monocyte,Monocyte,PECAM1,PECAM1,0.0178199176455029,0,164,164
AML4340,GSE185381,Diagnosis,cellchat,Pro-Monocyte,Monocyte,PECAM1,PECAM1,0.00694187128067491,0,11,164
AML4340,GSE185381,Diagnosis,cellchat,Monocyte,Pro-Monocyte,PECAM1,PECAM1,0.00694187128067491,0,164,11
AML4340,GSE185381,Diagnosis,cellchat,Pro-Monocyte,Pro-Monocyte,PECAM1,PECAM1,0.00268609319659103,0,11,11
AML4340,GSE185381,Diagnosis,cellchat,Early GMP,Early GMP,SELL,CD34,0.00274475957230397,0,34,34
AML4340,GSE185381,Diagnosis,cellchat,HSC MPP,Early GMP,SELL,CD34,0.00169079784032599,0,66,34
AML4340,GSE185381,Diagnosis,cellchat,LMPP,Early GMP,SELL,CD34,0.00419133802019339,0,53,34
AML4340,GSE185381,Diagnosis,cellchat,pDC,Early GMP,SELL,CD34,0.00181207324155637,0,28,34
AML4340,GSE185381,Diagnosis,cellchat,Early GMP,HSC MPP,SELL,CD34,0.00423676371051676,0,34,66
AML4340,GSE185381,Diagnosis,cellchat,HSC MPP,HSC MPP,SELL,CD34,0.00261138671369889,0,66,66
AML4340,GSE185381,Diagnosis,cellchat,LMPP,HSC MPP,SELL,CD34,0.00646458002736738,0,53,66
AML4340,GSE185381,Diagnosis,cellchat,pDC,HSC MPP,SELL,CD34,0.0027985078442998,0,28,66
AML4340,GSE185381,Diagnosis,cellchat,Early GMP,LMPP,SELL,CD34,0.0126716755043419,0,34,53
AML4340,GSE185381,Diagnosis,cellchat,HSC MPP,LMPP,SELL,CD34,0.00783582301184793,0,66,53
AML4340,GSE185381,Diagnosis,cellchat,LMPP,LMPP,SELL,CD34,0.0192490799815703,0,53,53
AML4340,GSE185381,Diagnosis,cellchat,pDC,LMPP,SELL,CD34,0.00839415488272871,0,28,53
AML4340,GSE185381,Diagnosis,cellchat,Pro-Monocyte,Early GMP,SELPLG,SELL,0.00121951012719326,0,11,34
AML4340,GSE185381,Diagnosis,cellchat,Pro-Monocyte,HSC MPP,SELPLG,SELL,0.000750788832014981,0,11,66
AML4340,GSE185381,Diagnosis,cellchat,Pro-Monocyte,LMPP,SELPLG,SELL,0.00186373431826777,0,11,53
AML4340,GSE185381,Diagnosis,cellchat,Pro-Monocyte,pDC,SELPLG,SELL,0.000804694807773939,0,11,28
AML4340,GSE185381,Diagnosis,cellchat,Monocyte,LMPP,SEMA4A,PLXNB2,0.00117195775274477,0,164,53
AML4340,GSE185381,Diagnosis,cellchat,Monocyte,Monocyte,SEMA4A,PLXNB2,0.00230836473289671,0,164,164
AML4340,GSE185381,Diagnosis,cellchat,Monocyte,Pro-Monocyte,SEMA4A,PLXNB2,0.00580719311207911,0,164,11
AML4340,GSE185381,Diagnosis,cellchat,CD4 Memory T,LMPP,SEMA4D,PLXNB2,0.00169980546775735,0,491,53
AML4340,GSE185381,Diagnosis,cellchat,Naive T,LMPP,SEMA4D,PLXNB2,0.00171027492986806,0,113,53
AML4340,GSE185381,Diagnosis,cellchat,CD4 Memory T,Monocyte,SEMA4D,PLXNB2,0.00334633337476923,0,491,164
AML4340,GSE185381,Diagnosis,cellchat,Naive T,Monocyte,SEMA4D,PLXNB2,0.00336690994817248,0,113,164
AML4340,GSE185381,Diagnosis,cellchat,CD4 Memory T,Pro-Monocyte,SEMA4D,PLXNB2,0.00840517461013311,0,491,11
AML4340,GSE185381,Diagnosis,cellchat,Naive T,Pro-Monocyte,SEMA4D,PLXNB2,0.00845659401161024,0,113,11
AML4340,GSE185381,Diagnosis,cellchat,B,B,CD55,ADGRE5,0.0418054657286659,0,126,126
AML4340,GSE185381,Diagnosis,cellchat,CD4 Memory T,B,CD55,ADGRE5,0.0411513886710942,0,491,126
AML4340,GSE185381,Diagnosis,cellchat,CD8 Memory T,B,CD55,ADGRE5,0.0145184920987052,0,725,126
AML4340,GSE185381,Diagnosis,cellchat,Early GMP,B,CD55,ADGRE5,0.00677452739655249,0.26,34,126
AML4340,GSE185381,Diagnosis,cellchat,HSC MPP,B,CD55,ADGRE5,0.0093329763446574,0.09,66,126
AML4340,GSE185381,Diagnosis,cellchat,Late GMP,B,CD55,ADGRE5,0.00757467301662591,0.41,16,126
AML4340,GSE185381,Diagnosis,cellchat,LMPP,B,CD55,ADGRE5,0.00855332120621344,0.23,53,126
AML4340,GSE185381,Diagnosis,cellchat,Monocyte,B,CD55,ADGRE5,0.0376398227794122,0,164,126
AML4340,GSE185381,Diagnosis,cellchat,Naive T,B,CD55,ADGRE5,0.0402718740263962,0,113,126
AML4340,GSE185381,Diagnosis,cellchat,NK,B,CD55,ADGRE5,0.0165470886209173,0,432,126
AML4340,GSE185381,Diagnosis,cellchat,B,CD4 Memory T,CD55,ADGRE5,0.0126040848824261,0,126,491
AML4340,GSE185381,Diagnosis,cellchat,CD4 Memory T,CD4 Memory T,CD55,ADGRE5,0.0124009718549065,0,491,491
AML4340,GSE185381,Diagnosis,cellchat,Early GMP,CD4 Memory T,CD55,ADGRE5,0.00199161761893414,0.99,34,491
AML4340,GSE185381,Diagnosis,cellchat,Late GMP,CD4 Memory T,CD55,ADGRE5,0.00222811667463747,0.94,16,491
AML4340,GSE185381,Diagnosis,cellchat,LMPP,CD4 Memory T,CD55,ADGRE5,0.00251774194574752,0.98,53,491
AML4340,GSE185381,Diagnosis,cellchat,Monocyte,CD4 Memory T,CD55,ADGRE5,0.0113138133402039,0.01,164,491
AML4340,GSE185381,Diagnosis,cellchat,Naive T,CD4 Memory T,CD55,ADGRE5,0.012128157834335,0.04,113,491
AML4340,GSE185381,Diagnosis,cellchat,B,CD8 Memory T,CD55,ADGRE5,0.0169995081948642,0,126,725
AML4340,GSE185381,Diagnosis,cellchat,CD4 Memory T,CD8 Memory T,CD55,ADGRE5,0.0167267634559737,0,491,725
AML4340,GSE185381,Diagnosis,cellchat,CD8 Memory T,CD8 Memory T,CD55,ADGRE5,0.00580560639239732,0.44,725,725
AML4340,GSE185381,Diagnosis,cellchat,Early GMP,CD8 Memory T,CD55,ADGRE5,0.00269626048592725,0.98,34,725
AML4340,GSE185381,Diagnosis,cellchat,Late GMP,CD8 Memory T,CD55,ADGRE5,0.00301618104250734,0.93,16,725
AML4340,GSE185381,Diagnosis,cellchat,LMPP,CD8 Memory T,CD55,ADGRE5,0.00340789423055842,0.98,53,725
AML4340,GSE185381,Diagnosis,cellchat,Monocyte,CD8 Memory T,CD55,ADGRE5,0.015266237003345,0,164,725
AML4340,GSE185381,Diagnosis,cellchat,Naive T,CD8 Memory T,CD55,ADGRE5,0.0163603610687958,0,113,725
AML4340,GSE185381,Diagnosis,cellchat,NK,CD8 Memory T,CD55,ADGRE5,0.00662497895511103,0,432,725
AML4340,GSE185381,Diagnosis,cellchat,B,Early GMP,CD55,ADGRE5,0.0135224232495477,0.03,126,34
AML4340,GSE185381,Diagnosis,cellchat,CD4 Memory T,Early GMP,CD55,ADGRE5,0.0133047107387486,0.04,491,34
AML4340,GSE185381,Diagnosis,cellchat,CD8 Memory T,Early GMP,CD55,ADGRE5,0.00460739422853842,0.85,725,34
AML4340,GSE185381,Diagnosis,cellchat,Early GMP,Early GMP,CD55,ADGRE5,0.00213840220781691,0.93,34,34
AML4340,GSE185381,Diagnosis,cellchat,HSC MPP,Early GMP,CD55,ADGRE5,0.00295118754414093,0.92,66,34
AML4340,GSE185381,Diagnosis,cellchat,Late GMP,Early GMP,CD55,ADGRE5,0.0023922897439507,0.9,16,34
AML4340,GSE185381,Diagnosis,cellchat,LMPP,Early GMP,CD55,ADGRE5,0.00270319749536202,0.94,53,34
AML4340,GSE185381,Diagnosis,cellchat,Monocyte,Early GMP,CD55,ADGRE5,0.0121392978161817,0.05,164,34
AML4340,GSE185381,Diagnosis,cellchat,Naive T,Early GMP,CD55,ADGRE5,0.0130122769540508,0.08,113,34
AML4340,GSE185381,Diagnosis,cellchat,NK,Early GMP,CD55,ADGRE5,0.00525855193049514,0.67,432,34
AML4340,GSE185381,Diagnosis,cellchat,B,HSC MPP,CD55,ADGRE5,0.0190188288521753,0,126,66
AML4340,GSE185381,Diagnosis,cellchat,CD4 Memory T,HSC MPP,CD55,ADGRE5,0.0187143023839595,0,491,66
AML4340,GSE185381,Diagnosis,cellchat,CD8 Memory T,HSC MPP,CD55,ADGRE5,0.00650403489608853,0.14,725,66
AML4340,GSE185381,Diagnosis,cellchat,Early GMP,HSC MPP,CD55,ADGRE5,0.00302176407689384,0.97,34,66
AML4340,GSE185381,Diagnosis,cellchat,HSC MPP,HSC MPP,CD55,ADGRE5,0.00416890370469191,0.95,66,66
AML4340,GSE185381,Diagnosis,cellchat,Late GMP,HSC MPP,CD55,ADGRE5,0.00338017584873396,0.9,16,66
AML4340,GSE185381,Diagnosis,cellchat,LMPP,HSC MPP,CD55,ADGRE5,0.00381898017636763,0.93,53,66
AML4340,GSE185381,Diagnosis,cellchat,Monocyte,HSC MPP,CD55,ADGRE5,0.0170832456646659,0,164,66
AML4340,GSE185381,Diagnosis,cellchat,Naive T,HSC MPP,CD55,ADGRE5,0.0183051731597202,0.01,113,66
AML4340,GSE185381,Diagnosis,cellchat,NK,HSC MPP,CD55,ADGRE5,0.00742124415931022,0.07,432,66
AML4340,GSE185381,Diagnosis,cellchat,B,Late GMP,CD55,ADGRE5,0.0319326802727472,0,126,16
AML4340,GSE185381,Diagnosis,cellchat,CD4 Memory T,Late GMP,CD55,ADGRE5,0.031428003766984,0,491,16
AML4340,GSE185381,Diagnosis,cellchat,CD8 Memory T,Late GMP,CD55,ADGRE5,0.0110157192427015,0.23,725,16
AML4340,GSE185381,Diagnosis,cellchat,Early GMP,Late GMP,CD55,ADGRE5,0.00513035915245825,0.72,34,16
AML4340,GSE185381,Diagnosis,cellchat,HSC MPP,Late GMP,CD55,ADGRE5,0.00707229751756773,0.36,66,16
AML4340,GSE185381,Diagnosis,cellchat,Late GMP,Late GMP,CD55,ADGRE5,0.00573743233475475,0.57,16,16
AML4340,GSE185381,Diagnosis,cellchat,LMPP,Late GMP,CD55,ADGRE5,0.00648025889248047,0.49,53,16
AML4340,GSE185381,Diagnosis,cellchat,Monocyte,Late GMP,CD55,ADGRE5,0.028721308641622,0,164,16
AML4340,GSE185381,Diagnosis,cellchat,Naive T,Late GMP,CD55,ADGRE5,0.0307496392468585,0.02,113,16
AML4340,GSE185381,Diagnosis,cellchat,NK,Late GMP,CD55,ADGRE5,0.0125611290772309,0.17,432,16
AML4340,GSE185381,Diagnosis,cellchat,B,LMPP,CD55,ADGRE5,0.00998837687822596,0.05,126,53
AML4340,GSE185381,Diagnosis,cellchat,CD4 Memory T,LMPP,CD55,ADGRE5,0.00982699609880368,0.05,491,53
AML4340,GSE185381,Diagnosis,cellchat,CD8 Memory T,LMPP,CD55,ADGRE5,0.00339524593718007,0.99,725,53
AML4340,GSE185381,Diagnosis,cellchat,Early GMP,LMPP,CD55,ADGRE5,0.00157478744680682,0.98,34,53
AML4340,GSE185381,Diagnosis,cellchat,HSC MPP,LMPP,CD55,ADGRE5,0.00217381511984636,0.99,66,53
AML4340,GSE185381,Diagnosis,cellchat,Late GMP,LMPP,CD55,ADGRE5,0.00176187646070494,0.93,16,53
AML4340,GSE185381,Diagnosis,cellchat,LMPP,LMPP,CD55,ADGRE5,0.00199101769498578,0.98,53,53
AML4340,GSE185381,Diagnosis,cellchat,Monocyte,LMPP,CD55,ADGRE5,0.00896344281117574,0.06,164,53
AML4340,GSE185381,Diagnosis,cellchat,Naive T,LMPP,CD55,ADGRE5,0.009610256994111,0.09,113,53
AML4340,GSE185381,Diagnosis,cellchat,NK,LMPP,CD55,ADGRE5,0.00387575915737003,0.98,432,53
AML4340,GSE185381,Diagnosis,cellchat,B,Monocyte,CD55,ADGRE5,0.0473972603006007,0,126,164
AML4340,GSE185381,Diagnosis,cellchat,CD4 Memory T,Monocyte,CD55,ADGRE5,0.0466599558067354,0,491,164
AML4340,GSE185381,Diagnosis,cellchat,CD8 Memory T,Monocyte,CD55,ADGRE5,0.016523388170334,0,725,164
AML4340,GSE185381,Diagnosis,cellchat,Early GMP,Monocyte,CD55,ADGRE5,0.00771841493215645,0.23,34,164
AML4340,GSE185381,Diagnosis,cellchat,HSC MPP,Monocyte,CD55,ADGRE5,0.0106295148863008,0.07,66,164
AML4340,GSE185381,Diagnosis,cellchat,Late GMP,Monocyte,CD55,ADGRE5,0.00862907541103395,0.35,16,164
AML4340,GSE185381,Diagnosis,cellchat,LMPP,Monocyte,CD55,ADGRE5,0.00974261509536866,0.21,53,164
AML4340,GSE185381,Diagnosis,cellchat,Monocyte,Monocyte,CD55,ADGRE5,0.0426992608014357,0,164,164
AML4340,GSE185381,Diagnosis,cellchat,Naive T,Monocyte,CD55,ADGRE5,0.0456683158370294,0,113,164
AML4340,GSE185381,Diagnosis,cellchat,NK,Monocyte,CD55,ADGRE5,0.0188267671066951,0,432,164
AML4340,GSE185381,Diagnosis,cellchat,B,NK,CD55,ADGRE5,0.0159709534102189,0,126,432
AML4340,GSE185381,Diagnosis,cellchat,CD4 Memory T,NK,CD55,ADGRE5,0.0157144472734391,0,491,432
AML4340,GSE185381,Diagnosis,cellchat,CD8 Memory T,NK,CD55,ADGRE5,0.00545058288606042,0.85,725,432
AML4340,GSE185381,Diagnosis,cellchat,Early GMP,NK,CD55,ADGRE5,0.00253089515911586,0.98,34,432
AML4340,GSE185381,Diagnosis,cellchat,Late GMP,NK,CD55,ADGRE5,0.00283125025497174,0.94,16,432
AML4340,GSE185381,Diagnosis,cellchat,LMPP,NK,CD55,ADGRE5,0.00319902343758098,0.98,53,432
AML4340,GSE185381,Diagnosis,cellchat,Monocyte,NK,CD55,ADGRE5,0.0143410237715148,0,164,432
AML4340,GSE185381,Diagnosis,cellchat,Naive T,NK,CD55,ADGRE5,0.0153698732076353,0,113,432
AML4340,GSE185381,Diagnosis,cellchat,NK,NK,CD55,ADGRE5,0.00622016279821974,0.04,432,432
AML4340,GSE185381,Diagnosis,cellchat,B,pDC,CD55,ADGRE5,0.00269454300348953,0.93,126,28
AML4340,GSE185381,Diagnosis,cellchat,CD4 Memory T,pDC,CD55,ADGRE5,0.00265069213328748,0.93,491,28
AML4340,GSE185381,Diagnosis,cellchat,CD8 Memory T,pDC,CD55,ADGRE5,0.000911495527760458,0.94,725,28
AML4340,GSE185381,Diagnosis,cellchat,Early GMP,pDC,CD55,ADGRE5,0.000422206874585515,0.95,34,28
AML4340,GSE185381,Diagnosis,cellchat,HSC MPP,pDC,CD55,ADGRE5,0.000583064646883102,0.96,66,28
AML4340,GSE185381,Diagnosis,cellchat,Late GMP,pDC,CD55,ADGRE5,0.000472430986672005,0.94,16,28
AML4340,GSE185381,Diagnosis,cellchat,LMPP,pDC,CD55,ADGRE5,0.000533962806673248,0.95,53,28
AML4340,GSE185381,Diagnosis,cellchat,Monocyte,pDC,CD55,ADGRE5,0.00241622209692058,0.93,164,28
AML4340,GSE185381,Diagnosis,cellchat,Naive T,pDC,CD55,ADGRE5,0.00259181555337714,0.93,113,28
AML4340,GSE185381,Diagnosis,cellchat,NK,pDC,CD55,ADGRE5,0.00104086233491618,0.94,432,28
AML4340,GSE185381,Diagnosis,cellchat,B,Pro-Monocyte,CD55,ADGRE5,0.0678892994592666,0,126,11
AML4340,GSE185381,Diagnosis,cellchat,CD4 Memory T,Pro-Monocyte,CD55,ADGRE5,0.0668555959521738,0,491,11
AML4340,GSE185381,Diagnosis,cellchat,CD8 Memory T,Pro-Monocyte,CD55,ADGRE5,0.0240035635771368,0,725,11
AML4340,GSE185381,Diagnosis,cellchat,Early GMP,Pro-Monocyte,CD55,ADGRE5,0.0112581883728461,0.22,34,11
AML4340,GSE185381,Diagnosis,cellchat,HSC MPP,Pro-Monocyte,CD55,ADGRE5,0.0154835272265569,0.13,66,11
AML4340,GSE185381,Diagnosis,cellchat,Late GMP,Pro-Monocyte,CD55,ADGRE5,0.0125811952285364,0.29,16,11
AML4340,GSE185381,Diagnosis,cellchat,LMPP,Pro-Monocyte,CD55,ADGRE5,0.0141974327735516,0.18,53,11
AML4340,GSE185381,Diagnosis,cellchat,Monocyte,Pro-Monocyte,CD55,ADGRE5,0.0612908222009587,0,164,11
AML4340,GSE185381,Diagnosis,cellchat,Naive T,Pro-Monocyte,CD55,ADGRE5,0.0654642214034352,0,113,11
AML4340,GSE185381,Diagnosis,cellchat,NK,Pro-Monocyte,CD55,ADGRE5,0.0273207202198406,0,432,11
AML4340,GSE185381,Diagnosis,cellchat,Late GMP,Late GMP,NRXN2,CLSTN1,0.000375199354647429,0,16,16
AML4340,GSE185381,Diagnosis,cellchat,LMPP,Late GMP,NRXN2,CLSTN1,0.000248472016352274,0,53,16
AML4340,GSE185381,Diagnosis,cellchat,Early GMP,CD4 Memory T,APP,SORL1,0.00797368229744251,0,34,491
AML4340,GSE185381,Diagnosis,cellchat,HSC MPP,CD4 Memory T,APP,SORL1,0.00957906770859728,0,66,491
AML4340,GSE185381,Diagnosis,cellchat,Late GMP,CD4 Memory T,APP,SORL1,0.00391797045699843,0,16,491
AML4340,GSE185381,Diagnosis,cellchat,LMPP,CD4 Memory T,APP,SORL1,0.00831751677185172,0,53,491
AML4340,GSE185381,Diagnosis,cellchat,Monocyte,CD4 Memory T,APP,SORL1,0.00370814126270446,0,164,491
AML4340,GSE185381,Diagnosis,cellchat,pDC,CD4 Memory T,APP,SORL1,0.0314665276652234,0,28,491
AML4340,GSE185381,Diagnosis,cellchat,Pro-Monocyte,CD4 Memory T,APP,SORL1,0.0089006145805241,0,11,491
AML4340,GSE185381,Diagnosis,cellchat,Early GMP,CD8 Memory T,APP,SORL1,0.00821331881367543,0,34,725
AML4340,GSE185381,Diagnosis,cellchat,HSC MPP,CD8 Memory T,APP,SORL1,0.00986647170836606,0,66,725
AML4340,GSE185381,Diagnosis,cellchat,Late GMP,CD8 Memory T,APP,SORL1,0.00403621483519093,0,16,725
AML4340,GSE185381,Diagnosis,cellchat,LMPP,CD8 Memory T,APP,SORL1,0.00856739745199098,0,53,725
AML4340,GSE185381,Diagnosis,cellchat,Monocyte,CD8 Memory T,APP,SORL1,0.00382007728057012,0,164,725
AML4340,GSE185381,Diagnosis,cellchat,pDC,CD8 Memory T,APP,SORL1,0.0323891529388989,0,28,725
AML4340,GSE185381,Diagnosis,cellchat,Pro-Monocyte,CD8 Memory T,APP,SORL1,0.0091678511466355,0,11,725
AML4340,GSE185381,Diagnosis,cellchat,Early GMP,Early GMP,APP,SORL1,0.0136365475458299,0,34,34
AML4340,GSE185381,Diagnosis,cellchat,HSC MPP,Early GMP,APP,SORL1,0.0163632625353613,0,66,34
AML4340,GSE185381,Diagnosis,cellchat,Late GMP,Early GMP,APP,SORL1,0.00672000299549615,0,16,34
AML4340,GSE185381,Diagnosis,cellchat,LMPP,Early GMP,APP,SORL1,0.0142210708238321,0,53,34
AML4340,GSE185381,Diagnosis,cellchat,Monocyte,Early GMP,APP,SORL1,0.00636106763842472,0,164,34
AML4340,GSE185381,Diagnosis,cellchat,pDC,Early GMP,APP,SORL1,0.0529237786678691,0,28,34
AML4340,GSE185381,Diagnosis,cellchat,Pro-Monocyte,Early GMP,APP,SORL1,0.0152116876539574,0,11,34
AML4340,GSE185381,Diagnosis,cellchat,Early GMP,HSC MPP,APP,SORL1,0.0156816590071472,0,34,66
AML4340,GSE185381,Diagnosis,cellchat,HSC MPP,HSC MPP,APP,SORL1,0.0188095089556406,0,66,66
AML4340,GSE185381,Diagnosis,cellchat,Late GMP,HSC MPP,APP,SORL1,0.00773595617790379,0,16,66
AML4340,GSE185381,Diagnosis,cellchat,LMPP,HSC MPP,APP,SORL1,0.0163523915768935,0,53,66
AML4340,GSE185381,Diagnosis,cellchat,Monocyte,HSC MPP,APP,SORL1,0.00732315581832851,0,164,66
AML4340,GSE185381,Diagnosis,cellchat,pDC,HSC MPP,APP,SORL1,0.0604995145894317,0,28,66
AML4340,GSE185381,Diagnosis,cellchat,Pro-Monocyte,HSC MPP,APP,SORL1,0.0174888388425697,0,11,66
AML4340,GSE185381,Diagnosis,cellchat,Early GMP,Late GMP,APP,SORL1,0.00474579304770778,0.01,34,16
AML4340,GSE185381,Diagnosis,cellchat,HSC MPP,Late GMP,APP,SORL1,0.00570502715676224,0,66,16
AML4340,GSE185381,Diagnosis,cellchat,Late GMP,Late GMP,APP,SORL1,0.00232805294302198,0,16,16
AML4340,GSE185381,Diagnosis,cellchat,LMPP,Late GMP,APP,SORL1,0.00495113186438496,0,53,16
AML4340,GSE185381,Diagnosis,cellchat,Monocyte,Late GMP,APP,SORL1,0.00220318437228476,0,164,16
AML4340,GSE185381,Diagnosis,cellchat,pDC,Late GMP,APP,SORL1,0.018909596176809,0,28,16
AML4340,GSE185381,Diagnosis,cellchat,Pro-Monocyte,Late GMP,APP,SORL1,0.00529949111726601,0.01,11,16
AML4340,GSE185381,Diagnosis,cellchat,Early GMP,LMPP,APP,SORL1,0.0154887590647055,0,34,53
AML4340,GSE185381,Diagnosis,cellchat,HSC MPP,LMPP,APP,SORL1,0.0185788595820327,0,66,53
AML4340,GSE185381,Diagnosis,cellchat,Late GMP,LMPP,APP,SORL1,0.00764003761844489,0,16,53
AML4340,GSE185381,Diagnosis,cellchat,LMPP,LMPP,APP,SORL1,0.0161513763420994,0,53,53
AML4340,GSE185381,Diagnosis,cellchat,Monocyte,LMPP,APP,SORL1,0.00723231828791724,0,164,53
AML4340,GSE185381,Diagnosis,cellchat,pDC,LMPP,APP,SORL1,0.0597887975554666,0,28,53
AML4340,GSE185381,Diagnosis,cellchat,Pro-Monocyte,LMPP,APP,SORL1,0.0172740989204438,0,11,53
AML4340,GSE185381,Diagnosis,cellchat,Early GMP,Monocyte,APP,SORL1,0.00524966917332981,0,34,164
AML4340,GSE185381,Diagnosis,cellchat,HSC MPP,Monocyte,APP,SORL1,0.00631010253906467,0,66,164
AML4340,GSE185381,Diagnosis,cellchat,Late GMP,Monocyte,APP,SORL1,0.00257589420162965,0.03,16,164
AML4340,GSE185381,Diagnosis,cellchat,LMPP,Monocyte,APP,SORL1,0.00547668950390053,0,53,164
AML4340,GSE185381,Diagnosis,cellchat,Monocyte,Monocyte,APP,SORL1,0.00243776477922238,0,164,164
AML4340,GSE185381,Diagnosis,cellchat,pDC,Monocyte,APP,SORL1,0.0208857308007814,0,28,164
AML4340,GSE185381,Diagnosis,cellchat,Pro-Monocyte,Monocyte,APP,SORL1,0.00586180890271942,0,11,164
AML4340,GSE185381,Diagnosis,cellchat,Early GMP,Naive T,APP,SORL1,0.0225000660004307,0,34,113
AML4340,GSE185381,Diagnosis,cellchat,HSC MPP,Naive T,APP,SORL1,0.0269506727542641,0,66,113
AML4340,GSE185381,Diagnosis,cellchat,Late GMP,Naive T,APP,SORL1,0.0111386555367585,0,16,113
AML4340,GSE185381,Diagnosis,cellchat,LMPP,Naive T,APP,SORL1,0.0234554845884817,0,53,113
AML4340,GSE185381,Diagnosis,cellchat,Monocyte,Naive T,APP,SORL1,0.0105462126855118,0,164,113
AML4340,GSE185381,Diagnosis,cellchat,pDC,Naive T,APP,SORL1,0.0851196461832961,0,28,113
AML4340,GSE185381,Diagnosis,cellchat,Pro-Monocyte,Naive T,APP,SORL1,0.0250729947864786,0,11,113
AML4340,GSE185381,Diagnosis,cellchat,Early GMP,NK,APP,SORL1,0.0293884992034421,0,34,432
AML4340,GSE185381,Diagnosis,cellchat,HSC MPP,NK,APP,SORL1,0.0351526665797156,0,66,432
AML4340,GSE185381,Diagnosis,cellchat,Late GMP,NK,APP,SORL1,0.0146007286624462,0,16,432
AML4340,GSE185381,Diagnosis,cellchat,LMPP,NK,APP,SORL1,0.0306272560329911,0,53,432
AML4340,GSE185381,Diagnosis,cellchat,Monocyte,NK,APP,SORL1,0.0138267197950107,0,164,432
AML4340,GSE185381,Diagnosis,cellchat,pDC,NK,APP,SORL1,0.109040624552056,0,28,432
AML4340,GSE185381,Diagnosis,cellchat,Pro-Monocyte,NK,APP,SORL1,0.0327227652379892,0,11,432
AML4340,GSE185381,Diagnosis,cellchat,Early GMP,Pro-Monocyte,APP,SORL1,0.00159529424046493,0.02,34,11
AML4340,GSE185381,Diagnosis,cellchat,HSC MPP,Pro-Monocyte,APP,SORL1,0.0019189677623237,0.01,66,11
AML4340,GSE185381,Diagnosis,cellchat,Late GMP,Pro-Monocyte,APP,SORL1,0.000781312987423616,0.05,16,11
AML4340,GSE185381,Diagnosis,cellchat,LMPP,Pro-Monocyte,APP,SORL1,0.00166454669018138,0,53,11
AML4340,GSE185381,Diagnosis,cellchat,Monocyte,Pro-Monocyte,APP,SORL1,0.000739344626704164,0,164,11
AML4340,GSE185381,Diagnosis,cellchat,pDC,Pro-Monocyte,APP,SORL1,0.0064170696414254,0,28,11
AML4340,GSE185381,Diagnosis,cellchat,Pro-Monocyte,Pro-Monocyte,APP,SORL1,0.00178207753607221,0.1,11,11
AML4340,GSE185381,Diagnosis,cellchat,Early GMP,pDC,APP,TNFRSF21,0.0239929059751675,0,34,28
AML4340,GSE185381,Diagnosis,cellchat,HSC MPP,pDC,APP,TNFRSF21,0.0287301236976157,0,66,28
AML4340,GSE185381,Diagnosis,cellchat,Late GMP,pDC,APP,TNFRSF21,0.0118868524998452,0,16,28
AML4340,GSE185381,Diagnosis,cellchat,LMPP,pDC,APP,TNFRSF21,0.0250100930220982,0,53,28
AML4340,GSE185381,Diagnosis,cellchat,Monocyte,pDC,APP,TNFRSF21,0.0112550674875311,0,164,28
AML4340,GSE185381,Diagnosis,cellchat,pDC,pDC,APP,TNFRSF21,0.0903830277410988,0,28,28
AML4340,GSE185381,Diagnosis,cellchat,Pro-Monocyte,pDC,APP,TNFRSF21,0.0267318756601482,0,11,28
AML4340,GSE185381,Diagnosis,cellchat,B,B,CD99,PILRB,0.00278960678885707,0,126,126
AML4340,GSE185381,Diagnosis,cellchat,CD4 Memory T,B,CD99,PILRB,0.0133720866885971,0,491,126
AML4340,GSE185381,Diagnosis,cellchat,CD8 Memory T,B,CD99,PILRB,0.0171721497923563,0,725,126
AML4340,GSE185381,Diagnosis,cellchat,Early GMP,B,CD99,PILRB,0.0193288279968892,0,34,126
AML4340,GSE185381,Diagnosis,cellchat,HSC MPP,B,CD99,PILRB,0.0199684416906317,0,66,126
AML4340,GSE185381,Diagnosis,cellchat,Late GMP,B,CD99,PILRB,0.013425702381587,0,16,126
AML4340,GSE185381,Diagnosis,cellchat,LMPP,B,CD99,PILRB,0.0215326401068071,0,53,126
AML4340,GSE185381,Diagnosis,cellchat,Monocyte,B,CD99,PILRB,0.0193554212138898,0,164,126
AML4340,GSE185381,Diagnosis,cellchat,Naive T,B,CD99,PILRB,0.00893883573495191,0,113,126
AML4340,GSE185381,Diagnosis,cellchat,NK,B,CD99,PILRB,0.0192315885463913,0,432,126
AML4340,GSE185381,Diagnosis,cellchat,pDC,B,CD99,PILRB,0.0186169729856766,0,28,126
AML4340,GSE185381,Diagnosis,cellchat,Pro-Monocyte,B,CD99,PILRB,0.0210880546870791,0,11,126
AML4340,GSE185381,Diagnosis,cellchat,B,Late GMP,CD99,PILRB,0.000685319540336438,0.08,126,16
AML4340,GSE185381,Diagnosis,cellchat,CD4 Memory T,Late GMP,CD99,PILRB,0.0033116149519059,0.08,491,16
AML4340,GSE185381,Diagnosis,cellchat,CD8 Memory T,Late GMP,CD99,PILRB,0.00426506457211474,0.08,725,16
AML4340,GSE185381,Diagnosis,cellchat,Early GMP,Late GMP,CD99,PILRB,0.00480865208866609,0.08,34,16
AML4340,GSE185381,Diagnosis,cellchat,HSC MPP,Late GMP,CD99,PILRB,0.00497021125748288,0.08,66,16
AML4340,GSE185381,Diagnosis,cellchat,Late GMP,Late GMP,CD99,PILRB,0.00332502889100676,0.08,16,16
AML4340,GSE185381,Diagnosis,cellchat,LMPP,Late GMP,CD99,PILRB,0.00536597817060994,0.07,53,16
AML4340,GSE185381,Diagnosis,cellchat,Monocyte,Late GMP,CD99,PILRB,0.00481536607947612,0.07,164,16
AML4340,GSE185381,Diagnosis,cellchat,Naive T,Late GMP,CD99,PILRB,0.00220625611920652,0.08,113,16
AML4340,GSE185381,Diagnosis,cellchat,NK,Late GMP,CD99,PILRB,0.00478410436841227,0.08,432,16
AML4340,GSE185381,Diagnosis,cellchat,pDC,Late GMP,CD99,PILRB,0.00462903162675714,0.08,28,16
AML4340,GSE185381,Diagnosis,cellchat,Pro-Monocyte,Late GMP,CD99,PILRB,0.00525339443015886,0.08,11,16
AML4340,GSE185381,Diagnosis,cellchat,Early GMP,Monocyte,LAIR1,LILRB4,0.000297770364591918,0,34,164
AML4340,GSE185381,Diagnosis,cellchat,Late GMP,Monocyte,LAIR1,LILRB4,0.00113068484735348,0,16,164
AML4340,GSE185381,Diagnosis,cellchat,LMPP,Monocyte,LAIR1,LILRB4,0.000267996611980503,0,53,164
AML4340,GSE185381,Diagnosis,cellchat,Monocyte,Monocyte,LAIR1,LILRB4,0.000360304029661655,0,164,164
AML4340,GSE185381,Diagnosis,cellchat,Pro-Monocyte,Monocyte,LAIR1,LILRB4,0.000835394721218015,0,11,164
AML4340,GSE185381,Diagnosis,cellchat,Monocyte,Early GMP,PECAM1,CD38,0.00458616533775108,0,164,34
AML4340,GSE185381,Diagnosis,cellchat,Pro-Monocyte,Early GMP,PECAM1,CD38,0.00177199747953917,0,11,34
AML4340,GSE185381,Diagnosis,cellchat,Monocyte,Late GMP,PECAM1,CD38,0.0152324973319405,0,164,16
AML4340,GSE185381,Diagnosis,cellchat,Pro-Monocyte,Late GMP,PECAM1,CD38,0.005924396732446,0,11,16
