gene,stratum,level,n_cells,n_nonzero,mean_lognorm,sum_counts,pct_nonzero,dataset,sample
COL1A1,all,sample,4914,26,0.00816588513779471,29,0.5291,GSE185381,GSM5613756_2019-10-25-count-5
COL1A2,all,sample,4914,0,0,0,0,GSE185381,GSM5613756_2019-10-25-count-5
COL3A1,all,sample,4914,0,0,0,0,GSE185381,GSM5613756_2019-10-25-count-5
COL4A1,all,sample,4914,0,0,0,0,GSE185381,GSM5613756_2019-10-25-count-5
COL5A1,all,sample,4914,22,0.00536434826102036,23,0.4477,GSE185381,GSM5613756_2019-10-25-count-5
COL5A2,all,sample,4914,1,0.000154687458383456,1,0.0204,GSE185381,GSM5613756_2019-10-25-count-5
COL6A1,all,sample,4914,14,0.00363745358145865,15,0.2849,GSE185381,GSM5613756_2019-10-25-count-5
COL6A2,all,sample,4914,154,0.0572399403232368,190,3.1339,GSE185381,GSM5613756_2019-10-25-count-5
COL6A3,all,sample,4914,9,0.00249353403095106,9,0.1832,GSE185381,GSM5613756_2019-10-25-count-5
COL11A1,all,sample,4914,0,0,0,0,GSE185381,GSM5613756_2019-10-25-count-5
FN1,all,sample,4914,42,0.0120412065547839,59,0.8547,GSE185381,GSM5613756_2019-10-25-count-5
LUM,all,sample,4914,0,0,0,0,GSE185381,GSM5613756_2019-10-25-count-5
DCN,all,sample,4914,0,0,0,0,GSE185381,GSM5613756_2019-10-25-count-5
POSTN,all,sample,4914,0,0,0,0,GSE185381,GSM5613756_2019-10-25-count-5
SPARC,all,sample,4914,37,0.00828444738515705,40,0.753,GSE185381,GSM5613756_2019-10-25-count-5
BGN,all,sample,4914,0,0,0,0,GSE185381,GSM5613756_2019-10-25-count-5
VCAN,all,sample,4914,3477,2.22529408963841,48767,70.757,GSE185381,GSM5613756_2019-10-25-count-5
ELN,all,sample,4914,9,0.00176018491333509,9,0.1832,GSE185381,GSM5613756_2019-10-25-count-5
FBN1,all,sample,4914,47,0.0119972253928624,47,0.9565,GSE185381,GSM5613756_2019-10-25-count-5
MGP,all,sample,4914,10,0.0025889748412109,11,0.2035,GSE185381,GSM5613756_2019-10-25-count-5
OGN,all,sample,4914,11,0.00331192788476605,11,0.2239,GSE185381,GSM5613756_2019-10-25-count-5
ASPN,all,sample,4914,10,0.00289120361099875,10,0.2035,GSE185381,GSM5613756_2019-10-25-count-5
TNC,all,sample,4914,0,0,0,0,GSE185381,GSM5613756_2019-10-25-count-5
LTBP1,all,sample,4914,78,0.0238024140424739,154,1.5873,GSE185381,GSM5613756_2019-10-25-count-5
LTBP2,all,sample,4914,1,0.000436494520945857,1,0.0204,GSE185381,GSM5613756_2019-10-25-count-5
LOX,all,sample,4914,2,0.000278102493966401,2,0.0407,GSE185381,GSM5613756_2019-10-25-count-5
LOXL1,all,sample,4914,3,0.000833165493569237,3,0.0611,GSE185381,GSM5613756_2019-10-25-count-5
LOXL2,all,sample,4914,9,0.00257674939436529,9,0.1832,GSE185381,GSM5613756_2019-10-25-count-5
PLOD1,all,sample,4914,350,0.0903467266726712,379,7.1225,GSE185381,GSM5613756_2019-10-25-count-5
PLOD2,all,sample,4914,9,0.00163805107725478,10,0.1832,GSE185381,GSM5613756_2019-10-25-count-5
SERPINH1,all,sample,4914,8,0.00190933482057767,8,0.1628,GSE185381,GSM5613756_2019-10-25-count-5
SERPINE1,all,sample,4914,32,0.00785221749607884,34,0.6512,GSE185381,GSM5613756_2019-10-25-count-5
TIMP1,all,sample,4914,2721,0.95895282456426,6070,55.3724,GSE185381,GSM5613756_2019-10-25-count-5
TIMP2,all,sample,4914,1239,0.347703150449199,1610,25.2137,GSE185381,GSM5613756_2019-10-25-count-5
TIMP3,all,sample,4914,12,0.00270542313438048,14,0.2442,GSE185381,GSM5613756_2019-10-25-count-5
MMP2,all,sample,4914,66,0.0144893833981378,71,1.3431,GSE185381,GSM5613756_2019-10-25-count-5
MMP9,all,sample,4914,20,0.00625240240260538,21,0.407,GSE185381,GSM5613756_2019-10-25-count-5
MMP14,all,sample,4914,18,0.00452285301578864,18,0.3663,GSE185381,GSM5613756_2019-10-25-count-5
CTSK,all,sample,4914,65,0.0173279679906872,66,1.3228,GSE185381,GSM5613756_2019-10-25-count-5
ADAMTS1,all,sample,4914,38,0.0136600041158393,45,0.7733,GSE185381,GSM5613756_2019-10-25-count-5
TGFB1,all,sample,4914,2756,0.923772307586437,4363,56.0847,GSE185381,GSM5613756_2019-10-25-count-5
TGFB2,all,sample,4914,2,0.000549124656493685,2,0.0407,GSE185381,GSM5613756_2019-10-25-count-5
TGFB3,all,sample,4914,13,0.00385113476733241,14,0.2646,GSE185381,GSM5613756_2019-10-25-count-5
TGFBR1,all,sample,4914,390,0.105542801808773,423,7.9365,GSE185381,GSM5613756_2019-10-25-count-5
TGFBR2,all,sample,4914,825,0.236794690424305,966,16.7888,GSE185381,GSM5613756_2019-10-25-count-5
PDGFA,all,sample,4914,48,0.0124671538413525,57,0.9768,GSE185381,GSM5613756_2019-10-25-count-5
PDGFB,all,sample,4914,1,0.000282677206954562,2,0.0204,GSE185381,GSM5613756_2019-10-25-count-5
PDGFRA,all,sample,4914,1,0.000159357996740776,1,0.0204,GSE185381,GSM5613756_2019-10-25-count-5
PDGFRB,all,sample,4914,27,0.00971136089282223,28,0.5495,GSE185381,GSM5613756_2019-10-25-count-5
CCN2,all,sample,4914,1,0.000238578578695677,1,0.0204,GSE185381,GSM5613756_2019-10-25-count-5
CCN1,all,sample,4914,1,0.000277984771811302,1,0.0204,GSE185381,GSM5613756_2019-10-25-count-5
IGF1,all,sample,4914,14,0.00335274304928282,15,0.2849,GSE185381,GSM5613756_2019-10-25-count-5
IGF2,all,sample,4914,0,0,0,0,GSE185381,GSM5613756_2019-10-25-count-5
VEGFA,all,sample,4914,694,0.205500281232046,1103,14.1229,GSE185381,GSM5613756_2019-10-25-count-5
FGF2,all,sample,4914,0,0,0,0,GSE185381,GSM5613756_2019-10-25-count-5
HGF,all,sample,4914,101,0.0268469462883676,114,2.0554,GSE185381,GSM5613756_2019-10-25-count-5
OSM,all,sample,4914,120,0.0294654394130895,129,2.442,GSE185381,GSM5613756_2019-10-25-count-5
OSMR,all,sample,4914,5,0.00113883143436499,5,0.1018,GSE185381,GSM5613756_2019-10-25-count-5
IL11,all,sample,4914,1,0.000291150089475873,1,0.0204,GSE185381,GSM5613756_2019-10-25-count-5
SPP1,all,sample,4914,10,0.00249327940402686,16,0.2035,GSE185381,GSM5613756_2019-10-25-count-5
IL1B,all,sample,4914,465,0.146554133589611,871,9.4628,GSE185381,GSM5613756_2019-10-25-count-5
IL6,all,sample,4914,18,0.0057529741269872,24,0.3663,GSE185381,GSM5613756_2019-10-25-count-5
TNF,all,sample,4914,499,0.213970080389316,1418,10.1547,GSE185381,GSM5613756_2019-10-25-count-5
CXCL8,all,sample,4914,1473,0.597278762043861,6413,29.9756,GSE185381,GSM5613756_2019-10-25-count-5
IL10,all,sample,4914,117,0.0339972220962134,138,2.381,GSE185381,GSM5613756_2019-10-25-count-5
IFNG,all,sample,4914,327,0.139486751355935,602,6.6545,GSE185381,GSM5613756_2019-10-25-count-5
CCL2,all,sample,4914,35,0.0105418043260086,54,0.7123,GSE185381,GSM5613756_2019-10-25-count-5
CCL3,all,sample,4914,1511,0.737445198713606,10209,30.7489,GSE185381,GSM5613756_2019-10-25-count-5
CCL4,all,sample,4914,744,0.370342315324824,4074,15.1404,GSE185381,GSM5613756_2019-10-25-count-5
CXCL1,all,sample,4914,25,0.00721651514851231,29,0.5088,GSE185381,GSM5613756_2019-10-25-count-5
CXCL2,all,sample,4914,516,0.164727458557472,920,10.5006,GSE185381,GSM5613756_2019-10-25-count-5
IL18,all,sample,4914,530,0.135274261313335,664,10.7855,GSE185381,GSM5613756_2019-10-25-count-5
NLRP3,all,sample,4914,1308,0.39245425291343,1942,26.6178,GSE185381,GSM5613756_2019-10-25-count-5
S100A8,all,sample,4914,3442,2.19298372028198,52857,70.0448,GSE185381,GSM5613756_2019-10-25-count-5
S100A9,all,sample,4914,4372,3.25400412759768,174318,88.9703,GSE185381,GSM5613756_2019-10-25-count-5
PF4,all,sample,4914,7,0.00227582410960601,10,0.1425,GSE185381,GSM5613756_2019-10-25-count-5
PPBP,all,sample,4914,13,0.00325289432277924,15,0.2646,GSE185381,GSM5613756_2019-10-25-count-5
VWF,all,sample,4914,16,0.00415118844058685,16,0.3256,GSE185381,GSM5613756_2019-10-25-count-5
ITGA2B,all,sample,4914,56,0.0142472361142007,81,1.1396,GSE185381,GSM5613756_2019-10-25-count-5
GP9,all,sample,4914,3,0.000547593479265006,3,0.0611,GSE185381,GSM5613756_2019-10-25-count-5
NFE2,all,sample,4914,201,0.0481306506801302,220,4.0904,GSE185381,GSM5613756_2019-10-25-count-5
GATA1,all,sample,4914,22,0.0049224675236668,25,0.4477,GSE185381,GSM5613756_2019-10-25-count-5
MPL,all,sample,4914,1,0.000188910663279929,1,0.0204,GSE185381,GSM5613756_2019-10-25-count-5
CALR,all,sample,4914,2647,0.92698981670545,5615,53.8665,GSE185381,GSM5613756_2019-10-25-count-5
JAK2,all,sample,4914,544,0.144731396775045,616,11.0704,GSE185381,GSM5613756_2019-10-25-count-5
LEPR,all,sample,4914,117,0.0288841059498563,126,2.381,GSE185381,GSM5613756_2019-10-25-count-5
CXCL12,all,sample,4914,5,0.00186631123626159,8,0.1018,GSE185381,GSM5613756_2019-10-25-count-5
KITLG,all,sample,4914,25,0.00583316365408175,28,0.5088,GSE185381,GSM5613756_2019-10-25-count-5
ANGPT1,all,sample,4914,244,0.0666919836274767,443,4.9654,GSE185381,GSM5613756_2019-10-25-count-5
VCAM1,all,sample,4914,3,0.000829802267133252,4,0.0611,GSE185381,GSM5613756_2019-10-25-count-5
NES,all,sample,4914,1,0.000131995293563135,1,0.0204,GSE185381,GSM5613756_2019-10-25-count-5
NGFR,all,sample,4914,7,0.00183781922142059,7,0.1425,GSE185381,GSM5613756_2019-10-25-count-5
SFRP2,all,sample,4914,0,0,0,0,GSE185381,GSM5613756_2019-10-25-count-5
SFRP4,all,sample,4914,3,0.000732444667390107,3,0.0611,GSE185381,GSM5613756_2019-10-25-count-5
GREM1,all,sample,4914,147,0.0400094094532321,154,2.9915,GSE185381,GSM5613756_2019-10-25-count-5
FAP,all,sample,4914,1,0.000321098939646122,1,0.0204,GSE185381,GSM5613756_2019-10-25-count-5
BGLAP,all,sample,4914,64,0.0173884228067752,96,1.3024,GSE185381,GSM5613756_2019-10-25-count-5
RUNX2,all,sample,4914,418,0.105905914377531,472,8.5063,GSE185381,GSM5613756_2019-10-25-count-5
SP7,all,sample,4914,0,0,0,0,GSE185381,GSM5613756_2019-10-25-count-5
ACTA2,all,sample,4914,59,0.0148039430026842,60,1.2007,GSE185381,GSM5613756_2019-10-25-count-5
TAGLN,all,sample,4914,151,0.0400614552573159,160,3.0729,GSE185381,GSM5613756_2019-10-25-count-5
RGS5,all,sample,4914,2,0.000507879309270433,2,0.0407,GSE185381,GSM5613756_2019-10-25-count-5
MYH11,all,sample,4914,111,0.0318023516896982,119,2.2589,GSE185381,GSM5613756_2019-10-25-count-5
CDH5,all,sample,4914,1,0.000310941943352317,1,0.0204,GSE185381,GSM5613756_2019-10-25-count-5
PECAM1,all,sample,4914,1489,0.441850668563658,2087,30.3012,GSE185381,GSM5613756_2019-10-25-count-5
EMCN,all,sample,4914,3,0.000631486238855753,3,0.0611,GSE185381,GSM5613756_2019-10-25-count-5
HIF1A,all,sample,4914,3668,1.58182473552254,12503,74.6439,GSE185381,GSM5613756_2019-10-25-count-5
EPAS1,all,sample,4914,36,0.00921331364548881,37,0.7326,GSE185381,GSM5613756_2019-10-25-count-5
CA9,all,sample,4914,0,0,0,0,GSE185381,GSM5613756_2019-10-25-count-5
LDHA,all,sample,4914,2666,0.895966762823664,4897,54.2532,GSE185381,GSM5613756_2019-10-25-count-5
SLC2A1,all,sample,4914,312,0.0879586757405013,340,6.3492,GSE185381,GSM5613756_2019-10-25-count-5
PGK1,all,sample,4914,2321,0.721374064423582,3708,47.2324,GSE185381,GSM5613756_2019-10-25-count-5
ADM,all,sample,4914,283,0.0803789998869463,367,5.7591,GSE185381,GSM5613756_2019-10-25-count-5
BNIP3,all,sample,4914,171,0.0463517592330659,185,3.4799,GSE185381,GSM5613756_2019-10-25-count-5
NDRG1,all,sample,4914,1079,0.311534851864415,1422,21.9577,GSE185381,GSM5613756_2019-10-25-count-5
SNAI1,all,sample,4914,52,0.0127010842151468,59,1.0582,GSE185381,GSM5613756_2019-10-25-count-5
SNAI2,all,sample,4914,0,0,0,0,GSE185381,GSM5613756_2019-10-25-count-5
TWIST1,all,sample,4914,17,0.00502935574561966,20,0.346,GSE185381,GSM5613756_2019-10-25-count-5
ZEB1,all,sample,4914,335,0.0976400345090561,419,6.8173,GSE185381,GSM5613756_2019-10-25-count-5
ZEB2,all,sample,4914,4239,2.25535425502832,25812,86.2637,GSE185381,GSM5613756_2019-10-25-count-5
VIM,all,sample,4914,4408,2.94972223929636,60513,89.7029,GSE185381,GSM5613756_2019-10-25-count-5
CDH2,all,sample,4914,1,0.000219057204892166,1,0.0204,GSE185381,GSM5613756_2019-10-25-count-5
NECTIN4,all,sample,4914,22,0.00624368170056283,24,0.4477,GSE185381,GSM5613756_2019-10-25-count-5
NECTIN1,all,sample,4914,105,0.0272462424397926,112,2.1368,GSE185381,GSM5613756_2019-10-25-count-5
NECTIN2,all,sample,4914,469,0.121105678773941,521,9.5442,GSE185381,GSM5613756_2019-10-25-count-5
NECTIN3,all,sample,4914,33,0.010764103310547,35,0.6716,GSE185381,GSM5613756_2019-10-25-count-5
PVR,all,sample,4914,74,0.0180450217298307,75,1.5059,GSE185381,GSM5613756_2019-10-25-count-5
TIGIT,all,sample,4914,143,0.0536367484899734,168,2.9101,GSE185381,GSM5613756_2019-10-25-count-5
CD226,all,sample,4914,324,0.118814879131007,387,6.5934,GSE185381,GSM5613756_2019-10-25-count-5
CD96,all,sample,4914,560,0.181240809223348,727,11.396,GSE185381,GSM5613756_2019-10-25-count-5
C1QA,all,sample,4914,239,0.0837654487830539,549,4.8637,GSE185381,GSM5613756_2019-10-25-count-5
C1QB,all,sample,4914,35,0.0129821001831838,92,0.7123,GSE185381,GSM5613756_2019-10-25-count-5
C1QC,all,sample,4914,33,0.0103329626130588,52,0.6716,GSE185381,GSM5613756_2019-10-25-count-5
CD163,all,sample,4914,1015,0.316308689712177,1719,20.6553,GSE185381,GSM5613756_2019-10-25-count-5
MRC1,all,sample,4914,11,0.00255949829026443,12,0.2239,GSE185381,GSM5613756_2019-10-25-count-5
VSIG4,all,sample,4914,47,0.0137787477642486,60,0.9565,GSE185381,GSM5613756_2019-10-25-count-5
SELENOP,all,sample,4914,310,0.089027372344358,565,6.3085,GSE185381,GSM5613756_2019-10-25-count-5
STAB1,all,sample,4914,1294,0.396648808797958,2031,26.3329,GSE185381,GSM5613756_2019-10-25-count-5
LYVE1,all,sample,4914,0,0,0,0,GSE185381,GSM5613756_2019-10-25-count-5
MAF,all,sample,4914,213,0.0735572992551143,247,4.3346,GSE185381,GSM5613756_2019-10-25-count-5
FCN1,all,sample,4914,2058,0.947544669046655,10081,41.8803,GSE185381,GSM5613756_2019-10-25-count-5
S100A12,all,sample,4914,1651,0.612838156746468,4140,33.5979,GSE185381,GSM5613756_2019-10-25-count-5
SELL,all,sample,4914,1168,0.355268572549659,1750,23.7688,GSE185381,GSM5613756_2019-10-25-count-5
CSF3R,all,sample,4914,1719,0.531438448921216,2767,34.9817,GSE185381,GSM5613756_2019-10-25-count-5
PLAC8,all,sample,4914,2065,0.725783941005838,3678,42.0228,GSE185381,GSM5613756_2019-10-25-count-5
COL1A1,Mono_DC,bin,3009,2,0.000741492547126104,2,0.0665,GSE185381,GSM5613756_2019-10-25-count-5
COL1A2,Mono_DC,bin,3009,0,0,0,0,GSE185381,GSM5613756_2019-10-25-count-5
COL3A1,Mono_DC,bin,3009,0,0,0,0,GSE185381,GSM5613756_2019-10-25-count-5
COL4A1,Mono_DC,bin,3009,0,0,0,0,GSE185381,GSM5613756_2019-10-25-count-5
COL5A1,Mono_DC,bin,3009,5,0.00182079489055395,5,0.1662,GSE185381,GSM5613756_2019-10-25-count-5
COL5A2,Mono_DC,bin,3009,0,0,0,0,GSE185381,GSM5613756_2019-10-25-count-5
COL6A1,Mono_DC,bin,3009,9,0.00351021061252909,10,0.2991,GSE185381,GSM5613756_2019-10-25-count-5
COL6A2,Mono_DC,bin,3009,27,0.0110202424533224,27,0.8973,GSE185381,GSM5613756_2019-10-25-count-5
COL6A3,Mono_DC,bin,3009,6,0.00260373815546015,6,0.1994,GSE185381,GSM5613756_2019-10-25-count-5
COL11A1,Mono_DC,bin,3009,0,0,0,0,GSE185381,GSM5613756_2019-10-25-count-5
FN1,Mono_DC,bin,3009,39,0.0184771225916865,56,1.2961,GSE185381,GSM5613756_2019-10-25-count-5
LUM,Mono_DC,bin,3009,0,0,0,0,GSE185381,GSM5613756_2019-10-25-count-5
DCN,Mono_DC,bin,3009,0,0,0,0,GSE185381,GSM5613756_2019-10-25-count-5
POSTN,Mono_DC,bin,3009,0,0,0,0,GSE185381,GSM5613756_2019-10-25-count-5
SPARC,Mono_DC,bin,3009,16,0.00636446197090997,18,0.5317,GSE185381,GSM5613756_2019-10-25-count-5
BGN,Mono_DC,bin,3009,0,0,0,0,GSE185381,GSM5613756_2019-10-25-count-5
VCAN,Mono_DC,bin,3009,2853,3.27313723014532,47610,94.8156,GSE185381,GSM5613756_2019-10-25-count-5
ELN,Mono_DC,bin,3009,3,0.000997135167617369,3,0.0997,GSE185381,GSM5613756_2019-10-25-count-5
FBN1,Mono_DC,bin,3009,38,0.0156351225485525,38,1.2629,GSE185381,GSM5613756_2019-10-25-count-5
MGP,Mono_DC,bin,3009,2,0.00078017606618931,2,0.0665,GSE185381,GSM5613756_2019-10-25-count-5
OGN,Mono_DC,bin,3009,6,0.00257393271735519,6,0.1994,GSE185381,GSM5613756_2019-10-25-count-5
ASPN,Mono_DC,bin,3009,4,0.00148865266524058,4,0.1329,GSE185381,GSM5613756_2019-10-25-count-5
TNC,Mono_DC,bin,3009,0,0,0,0,GSE185381,GSM5613756_2019-10-25-count-5
LTBP1,Mono_DC,bin,3009,9,0.00423775778883462,16,0.2991,GSE185381,GSM5613756_2019-10-25-count-5
LTBP2,Mono_DC,bin,3009,0,0,0,0,GSE185381,GSM5613756_2019-10-25-count-5
LOX,Mono_DC,bin,3009,0,0,0,0,GSE185381,GSM5613756_2019-10-25-count-5
LOXL1,Mono_DC,bin,3009,2,0.000847903776198144,2,0.0665,GSE185381,GSM5613756_2019-10-25-count-5
LOXL2,Mono_DC,bin,3009,4,0.00165517411518125,4,0.1329,GSE185381,GSM5613756_2019-10-25-count-5
PLOD1,Mono_DC,bin,3009,286,0.117246003082272,303,9.5048,GSE185381,GSM5613756_2019-10-25-count-5
PLOD2,Mono_DC,bin,3009,1,0.00036608649181847,1,0.0332,GSE185381,GSM5613756_2019-10-25-count-5
SERPINH1,Mono_DC,bin,3009,2,0.00103793940934573,2,0.0665,GSE185381,GSM5613756_2019-10-25-count-5
SERPINE1,Mono_DC,bin,3009,25,0.0103388145792465,27,0.8308,GSE185381,GSM5613756_2019-10-25-count-5
TIMP1,Mono_DC,bin,3009,2238,1.305081741676,5107,74.3769,GSE185381,GSM5613756_2019-10-25-count-5
TIMP2,Mono_DC,bin,3009,1100,0.509919666624268,1447,36.557,GSE185381,GSM5613756_2019-10-25-count-5
TIMP3,Mono_DC,bin,3009,1,0.000496996946805764,1,0.0332,GSE185381,GSM5613756_2019-10-25-count-5
MMP2,Mono_DC,bin,3009,19,0.00726381058471917,19,0.6314,GSE185381,GSM5613756_2019-10-25-count-5
MMP9,Mono_DC,bin,3009,10,0.00437703162020213,10,0.3323,GSE185381,GSM5613756_2019-10-25-count-5
MMP14,Mono_DC,bin,3009,16,0.006478197695929,16,0.5317,GSE185381,GSM5613756_2019-10-25-count-5
CTSK,Mono_DC,bin,3009,45,0.0180297868783922,46,1.4955,GSE185381,GSM5613756_2019-10-25-count-5
ADAMTS1,Mono_DC,bin,3009,4,0.00183158548913034,6,0.1329,GSE185381,GSM5613756_2019-10-25-count-5
TGFB1,Mono_DC,bin,3009,1710,0.857753665943311,2708,56.8295,GSE185381,GSM5613756_2019-10-25-count-5
TGFB2,Mono_DC,bin,3009,2,0.000896775859757383,2,0.0665,GSE185381,GSM5613756_2019-10-25-count-5
TGFB3,Mono_DC,bin,3009,5,0.00195224247910214,5,0.1662,GSE185381,GSM5613756_2019-10-25-count-5
TGFBR1,Mono_DC,bin,3009,265,0.11114513704109,290,8.8069,GSE185381,GSM5613756_2019-10-25-count-5
TGFBR2,Mono_DC,bin,3009,561,0.249788389574339,672,18.6441,GSE185381,GSM5613756_2019-10-25-count-5
PDGFA,Mono_DC,bin,3009,39,0.0159737667658321,48,1.2961,GSE185381,GSM5613756_2019-10-25-count-5
PDGFB,Mono_DC,bin,3009,1,0.000461640343959693,2,0.0332,GSE185381,GSM5613756_2019-10-25-count-5
PDGFRA,Mono_DC,bin,3009,1,0.000260247655694308,1,0.0332,GSE185381,GSM5613756_2019-10-25-count-5
PDGFRB,Mono_DC,bin,3009,5,0.00195696709116509,5,0.1662,GSE185381,GSM5613756_2019-10-25-count-5
CCN2,Mono_DC,bin,3009,0,0,0,0,GSE185381,GSM5613756_2019-10-25-count-5
CCN1,Mono_DC,bin,3009,1,0.000453977124852356,1,0.0332,GSE185381,GSM5613756_2019-10-25-count-5
IGF1,Mono_DC,bin,3009,4,0.00178088673616822,4,0.1329,GSE185381,GSM5613756_2019-10-25-count-5
IGF2,Mono_DC,bin,3009,0,0,0,0,GSE185381,GSM5613756_2019-10-25-count-5
VEGFA,Mono_DC,bin,3009,652,0.316864897591592,1058,21.6683,GSE185381,GSM5613756_2019-10-25-count-5
FGF2,Mono_DC,bin,3009,0,0,0,0,GSE185381,GSM5613756_2019-10-25-count-5
HGF,Mono_DC,bin,3009,75,0.0330030948172287,84,2.4925,GSE185381,GSM5613756_2019-10-25-count-5
OSM,Mono_DC,bin,3009,89,0.0353650710073541,97,2.9578,GSE185381,GSM5613756_2019-10-25-count-5
OSMR,Mono_DC,bin,3009,2,0.000534350577638609,2,0.0665,GSE185381,GSM5613756_2019-10-25-count-5
IL11,Mono_DC,bin,3009,0,0,0,0,GSE185381,GSM5613756_2019-10-25-count-5
SPP1,Mono_DC,bin,3009,2,0.00126495832175995,4,0.0665,GSE185381,GSM5613756_2019-10-25-count-5
IL1B,Mono_DC,bin,3009,422,0.21966484184885,790,14.0246,GSE185381,GSM5613756_2019-10-25-count-5
IL6,Mono_DC,bin,3009,11,0.00507504943718909,14,0.3656,GSE185381,GSM5613756_2019-10-25-count-5
TNF,Mono_DC,bin,3009,178,0.0765380777786078,202,5.9156,GSE185381,GSM5613756_2019-10-25-count-5
CXCL8,Mono_DC,bin,3009,1117,0.741522602460981,4751,37.122,GSE185381,GSM5613756_2019-10-25-count-5
IL10,Mono_DC,bin,3009,97,0.043556570844076,116,3.2237,GSE185381,GSM5613756_2019-10-25-count-5
IFNG,Mono_DC,bin,3009,33,0.0133729530260093,34,1.0967,GSE185381,GSM5613756_2019-10-25-count-5
CCL2,Mono_DC,bin,3009,35,0.0172158280019962,54,1.1632,GSE185381,GSM5613756_2019-10-25-count-5
CCL3,Mono_DC,bin,3009,687,0.32847850897628,1089,22.8315,GSE185381,GSM5613756_2019-10-25-count-5
CCL4,Mono_DC,bin,3009,168,0.0718749184477065,198,5.5833,GSE185381,GSM5613756_2019-10-25-count-5
CXCL1,Mono_DC,bin,3009,22,0.0100931307500274,26,0.7311,GSE185381,GSM5613756_2019-10-25-count-5
CXCL2,Mono_DC,bin,3009,422,0.225371364772745,766,14.0246,GSE185381,GSM5613756_2019-10-25-count-5
IL18,Mono_DC,bin,3009,354,0.148523690388231,415,11.7647,GSE185381,GSM5613756_2019-10-25-count-5
NLRP3,Mono_DC,bin,3009,1190,0.585147647790382,1793,39.548,GSE185381,GSM5613756_2019-10-25-count-5
S100A8,Mono_DC,bin,3009,2778,3.20500876266578,51780,92.323,GSE185381,GSM5613756_2019-10-25-count-5
S100A9,Mono_DC,bin,3009,2968,4.36300002734111,170792,98.6374,GSE185381,GSM5613756_2019-10-25-count-5
PF4,Mono_DC,bin,3009,5,0.0023616157572514,6,0.1662,GSE185381,GSM5613756_2019-10-25-count-5
PPBP,Mono_DC,bin,3009,8,0.00357208326078697,10,0.2659,GSE185381,GSM5613756_2019-10-25-count-5
VWF,Mono_DC,bin,3009,11,0.00481407439863307,11,0.3656,GSE185381,GSM5613756_2019-10-25-count-5
ITGA2B,Mono_DC,bin,3009,15,0.00591027238856826,15,0.4985,GSE185381,GSM5613756_2019-10-25-count-5
GP9,Mono_DC,bin,3009,0,0,0,0,GSE185381,GSM5613756_2019-10-25-count-5
NFE2,Mono_DC,bin,3009,119,0.0493234810928726,126,3.9548,GSE185381,GSM5613756_2019-10-25-count-5
GATA1,Mono_DC,bin,3009,4,0.00172064298433575,4,0.1329,GSE185381,GSM5613756_2019-10-25-count-5
MPL,Mono_DC,bin,3009,0,0,0,0,GSE185381,GSM5613756_2019-10-25-count-5
CALR,Mono_DC,bin,3009,1670,0.888012603072467,3223,55.5002,GSE185381,GSM5613756_2019-10-25-count-5
JAK2,Mono_DC,bin,3009,425,0.181008075867714,476,14.1243,GSE185381,GSM5613756_2019-10-25-count-5
LEPR,Mono_DC,bin,3009,69,0.0272350756465087,72,2.2931,GSE185381,GSM5613756_2019-10-25-count-5
CXCL12,Mono_DC,bin,3009,3,0.00135792610927555,3,0.0997,GSE185381,GSM5613756_2019-10-25-count-5
KITLG,Mono_DC,bin,3009,20,0.00813853689496961,23,0.6647,GSE185381,GSM5613756_2019-10-25-count-5
ANGPT1,Mono_DC,bin,3009,36,0.0144833243062057,42,1.1964,GSE185381,GSM5613756_2019-10-25-count-5
VCAM1,Mono_DC,bin,3009,1,0.000394183237402973,1,0.0332,GSE185381,GSM5613756_2019-10-25-count-5
NES,Mono_DC,bin,3009,0,0,0,0,GSE185381,GSM5613756_2019-10-25-count-5
NGFR,Mono_DC,bin,3009,3,0.00111482925901609,3,0.0997,GSE185381,GSM5613756_2019-10-25-count-5
SFRP2,Mono_DC,bin,3009,0,0,0,0,GSE185381,GSM5613756_2019-10-25-count-5
SFRP4,Mono_DC,bin,3009,2,0.000773478800825268,2,0.0665,GSE185381,GSM5613756_2019-10-25-count-5
GREM1,Mono_DC,bin,3009,106,0.0446638971394385,110,3.5228,GSE185381,GSM5613756_2019-10-25-count-5
FAP,Mono_DC,bin,3009,0,0,0,0,GSE185381,GSM5613756_2019-10-25-count-5
BGLAP,Mono_DC,bin,3009,30,0.01246377972402,38,0.997,GSE185381,GSM5613756_2019-10-25-count-5
RUNX2,Mono_DC,bin,3009,277,0.114922970609257,307,9.2057,GSE185381,GSM5613756_2019-10-25-count-5
SP7,Mono_DC,bin,3009,0,0,0,0,GSE185381,GSM5613756_2019-10-25-count-5
ACTA2,Mono_DC,bin,3009,34,0.0132043513851481,34,1.1299,GSE185381,GSM5613756_2019-10-25-count-5
TAGLN,Mono_DC,bin,3009,126,0.0540492481424999,134,4.1874,GSE185381,GSM5613756_2019-10-25-count-5
RGS5,Mono_DC,bin,3009,1,0.000350369728529415,1,0.0332,GSE185381,GSM5613756_2019-10-25-count-5
MYH11,Mono_DC,bin,3009,33,0.0128181101667919,33,1.0967,GSE185381,GSM5613756_2019-10-25-count-5
CDH5,Mono_DC,bin,3009,1,0.000507799504697004,1,0.0332,GSE185381,GSM5613756_2019-10-25-count-5
PECAM1,Mono_DC,bin,3009,1328,0.644524918548602,1898,44.1343,GSE185381,GSM5613756_2019-10-25-count-5
EMCN,Mono_DC,bin,3009,0,0,0,0,GSE185381,GSM5613756_2019-10-25-count-5
HIF1A,Mono_DC,bin,3009,2720,2.01907893908753,10878,90.3955,GSE185381,GSM5613756_2019-10-25-count-5
EPAS1,Mono_DC,bin,3009,28,0.0114150203961387,29,0.9305,GSE185381,GSM5613756_2019-10-25-count-5
CA9,Mono_DC,bin,3009,0,0,0,0,GSE185381,GSM5613756_2019-10-25-count-5
LDHA,Mono_DC,bin,3009,1831,0.975489748143688,3487,60.8508,GSE185381,GSM5613756_2019-10-25-count-5
SLC2A1,Mono_DC,bin,3009,178,0.0733052264938922,197,5.9156,GSE185381,GSM5613756_2019-10-25-count-5
PGK1,Mono_DC,bin,3009,1722,0.865560967781233,2810,57.2283,GSE185381,GSM5613756_2019-10-25-count-5
ADM,Mono_DC,bin,3009,269,0.124371333476949,351,8.9398,GSE185381,GSM5613756_2019-10-25-count-5
BNIP3,Mono_DC,bin,3009,101,0.0432322247141144,109,3.3566,GSE185381,GSM5613756_2019-10-25-count-5
NDRG1,Mono_DC,bin,3009,889,0.413339911227495,1205,29.5447,GSE185381,GSM5613756_2019-10-25-count-5
SNAI1,Mono_DC,bin,3009,46,0.0182539031154041,53,1.5287,GSE185381,GSM5613756_2019-10-25-count-5
SNAI2,Mono_DC,bin,3009,0,0,0,0,GSE185381,GSM5613756_2019-10-25-count-5
TWIST1,Mono_DC,bin,3009,14,0.00615102030810241,15,0.4653,GSE185381,GSM5613756_2019-10-25-count-5
ZEB1,Mono_DC,bin,3009,58,0.0232733337569854,67,1.9276,GSE185381,GSM5613756_2019-10-25-count-5
ZEB2,Mono_DC,bin,3009,2905,2.71249413739978,22336,96.5437,GSE185381,GSM5613756_2019-10-25-count-5
VIM,Mono_DC,bin,3009,3005,3.58274389592928,49676,99.8671,GSE185381,GSM5613756_2019-10-25-count-5
CDH2,Mono_DC,bin,3009,0,0,0,0,GSE185381,GSM5613756_2019-10-25-count-5
NECTIN4,Mono_DC,bin,3009,20,0.00871451600145752,21,0.6647,GSE185381,GSM5613756_2019-10-25-count-5
NECTIN1,Mono_DC,bin,3009,70,0.0287866381564738,75,2.3264,GSE185381,GSM5613756_2019-10-25-count-5
NECTIN2,Mono_DC,bin,3009,365,0.156574087109398,400,12.1303,GSE185381,GSM5613756_2019-10-25-count-5
NECTIN3,Mono_DC,bin,3009,7,0.0031754807769063,7,0.2326,GSE185381,GSM5613756_2019-10-25-count-5
PVR,Mono_DC,bin,3009,54,0.0217302721332793,55,1.7946,GSE185381,GSM5613756_2019-10-25-count-5
TIGIT,Mono_DC,bin,3009,17,0.00750205398279322,17,0.565,GSE185381,GSM5613756_2019-10-25-count-5
CD226,Mono_DC,bin,3009,60,0.0251772807224316,62,1.994,GSE185381,GSM5613756_2019-10-25-count-5
CD96,Mono_DC,bin,3009,67,0.02659925076217,72,2.2267,GSE185381,GSM5613756_2019-10-25-count-5
C1QA,Mono_DC,bin,3009,224,0.129814953343494,533,7.4443,GSE185381,GSM5613756_2019-10-25-count-5
C1QB,Mono_DC,bin,3009,29,0.0181592701383233,86,0.9638,GSE185381,GSM5613756_2019-10-25-count-5
C1QC,Mono_DC,bin,3009,28,0.0138827842133912,47,0.9305,GSE185381,GSM5613756_2019-10-25-count-5
CD163,Mono_DC,bin,3009,971,0.495162402308682,1651,32.2699,GSE185381,GSM5613756_2019-10-25-count-5
MRC1,Mono_DC,bin,3009,10,0.0038646080069797,11,0.3323,GSE185381,GSM5613756_2019-10-25-count-5
VSIG4,Mono_DC,bin,3009,44,0.0206468457714251,56,1.4623,GSE185381,GSM5613756_2019-10-25-count-5
SELENOP,Mono_DC,bin,3009,90,0.0459110305624675,172,2.991,GSE185381,GSM5613756_2019-10-25-count-5
STAB1,Mono_DC,bin,3009,1079,0.548150576182382,1744,35.8591,GSE185381,GSM5613756_2019-10-25-count-5
LYVE1,Mono_DC,bin,3009,0,0,0,0,GSE185381,GSM5613756_2019-10-25-count-5
MAF,Mono_DC,bin,3009,52,0.020819798728995,55,1.7281,GSE185381,GSM5613756_2019-10-25-count-5
FCN1,Mono_DC,bin,3009,1872,1.45359504222626,9868,62.2134,GSE185381,GSM5613756_2019-10-25-count-5
S100A12,Mono_DC,bin,3009,1571,0.962800311745542,4052,52.21,GSE185381,GSM5613756_2019-10-25-count-5
SELL,Mono_DC,bin,3009,751,0.360972893664396,1111,24.9585,GSE185381,GSM5613756_2019-10-25-count-5
CSF3R,Mono_DC,bin,3009,1466,0.754328652374147,2418,48.7205,GSE185381,GSM5613756_2019-10-25-count-5
PLAC8,Mono_DC,bin,3009,1161,0.620167420631475,2189,38.5842,GSE185381,GSM5613756_2019-10-25-count-5
COL1A1,T_NK,bin,1270,16,0.0209191926666582,18,1.2598,GSE185381,GSM5613756_2019-10-25-count-5
COL1A2,T_NK,bin,1270,0,0,0,0,GSE185381,GSM5613756_2019-10-25-count-5
COL3A1,T_NK,bin,1270,0,0,0,0,GSE185381,GSM5613756_2019-10-25-count-5
COL4A1,T_NK,bin,1270,0,0,0,0,GSE185381,GSM5613756_2019-10-25-count-5
COL5A1,T_NK,bin,1270,2,0.00270950158384659,2,0.1575,GSE185381,GSM5613756_2019-10-25-count-5
COL5A2,T_NK,bin,1270,0,0,0,0,GSE185381,GSM5613756_2019-10-25-count-5
COL6A1,T_NK,bin,1270,4,0.00497595947361891,4,0.315,GSE185381,GSM5613756_2019-10-25-count-5
COL6A2,T_NK,bin,1270,118,0.188016648608234,154,9.2913,GSE185381,GSM5613756_2019-10-25-count-5
COL6A3,T_NK,bin,1270,2,0.00270201667798112,2,0.1575,GSE185381,GSM5613756_2019-10-25-count-5
COL11A1,T_NK,bin,1270,0,0,0,0,GSE185381,GSM5613756_2019-10-25-count-5
FN1,T_NK,bin,1270,1,0.00142310601409011,1,0.0787,GSE185381,GSM5613756_2019-10-25-count-5
LUM,T_NK,bin,1270,0,0,0,0,GSE185381,GSM5613756_2019-10-25-count-5
DCN,T_NK,bin,1270,0,0,0,0,GSE185381,GSM5613756_2019-10-25-count-5
POSTN,T_NK,bin,1270,0,0,0,0,GSE185381,GSM5613756_2019-10-25-count-5
SPARC,T_NK,bin,1270,2,0.0025611841009428,2,0.1575,GSE185381,GSM5613756_2019-10-25-count-5
BGN,T_NK,bin,1270,0,0,0,0,GSE185381,GSM5613756_2019-10-25-count-5
VCAN,T_NK,bin,1270,348,0.526516171611233,418,27.4016,GSE185381,GSM5613756_2019-10-25-count-5
ELN,T_NK,bin,1270,0,0,0,0,GSE185381,GSM5613756_2019-10-25-count-5
FBN1,T_NK,bin,1270,2,0.00291695839405536,2,0.1575,GSE185381,GSM5613756_2019-10-25-count-5
MGP,T_NK,bin,1270,3,0.00422515709566201,3,0.2362,GSE185381,GSM5613756_2019-10-25-count-5
OGN,T_NK,bin,1270,5,0.0067164173852115,5,0.3937,GSE185381,GSM5613756_2019-10-25-count-5
ASPN,T_NK,bin,1270,5,0.00701194517713057,5,0.3937,GSE185381,GSM5613756_2019-10-25-count-5
TNC,T_NK,bin,1270,0,0,0,0,GSE185381,GSM5613756_2019-10-25-count-5
LTBP1,T_NK,bin,1270,3,0.00380800691000079,3,0.2362,GSE185381,GSM5613756_2019-10-25-count-5
LTBP2,T_NK,bin,1270,1,0.0016889244692346,1,0.0787,GSE185381,GSM5613756_2019-10-25-count-5
LOX,T_NK,bin,1270,0,0,0,0,GSE185381,GSM5613756_2019-10-25-count-5
LOXL1,T_NK,bin,1270,1,0.0012148289549756,1,0.0787,GSE185381,GSM5613756_2019-10-25-count-5
LOXL2,T_NK,bin,1270,4,0.00547937436581628,4,0.315,GSE185381,GSM5613756_2019-10-25-count-5
PLOD1,T_NK,bin,1270,29,0.0426167630298704,30,2.2835,GSE185381,GSM5613756_2019-10-25-count-5
PLOD2,T_NK,bin,1270,0,0,0,0,GSE185381,GSM5613756_2019-10-25-count-5
SERPINH1,T_NK,bin,1270,1,0.00154352380173082,1,0.0787,GSE185381,GSM5613756_2019-10-25-count-5
SERPINE1,T_NK,bin,1270,2,0.00261507857698365,2,0.1575,GSE185381,GSM5613756_2019-10-25-count-5
TIMP1,T_NK,bin,1270,174,0.24629410079573,213,13.7008,GSE185381,GSM5613756_2019-10-25-count-5
TIMP2,T_NK,bin,1270,27,0.0380744498347586,27,2.126,GSE185381,GSM5613756_2019-10-25-count-5
TIMP3,T_NK,bin,1270,0,0,0,0,GSE185381,GSM5613756_2019-10-25-count-5
MMP2,T_NK,bin,1270,4,0.00367267955610078,4,0.315,GSE185381,GSM5613756_2019-10-25-count-5
MMP9,T_NK,bin,1270,9,0.0125170399621635,10,0.7087,GSE185381,GSM5613756_2019-10-25-count-5
MMP14,T_NK,bin,1270,1,0.00126175973211054,1,0.0787,GSE185381,GSM5613756_2019-10-25-count-5
CTSK,T_NK,bin,1270,11,0.0152349272595058,11,0.8661,GSE185381,GSM5613756_2019-10-25-count-5
ADAMTS1,T_NK,bin,1270,29,0.0442087510295729,34,2.2835,GSE185381,GSM5613756_2019-10-25-count-5
TGFB1,T_NK,bin,1270,726,1.20205792418495,1144,57.1654,GSE185381,GSM5613756_2019-10-25-count-5
TGFB2,T_NK,bin,1270,0,0,0,0,GSE185381,GSM5613756_2019-10-25-count-5
TGFB3,T_NK,bin,1270,4,0.00575659723292483,4,0.315,GSE185381,GSM5613756_2019-10-25-count-5
TGFBR1,T_NK,bin,1270,63,0.0916499413105666,68,4.9606,GSE185381,GSM5613756_2019-10-25-count-5
TGFBR2,T_NK,bin,1270,169,0.23096045909865,183,13.3071,GSE185381,GSM5613756_2019-10-25-count-5
PDGFA,T_NK,bin,1270,4,0.00585235404831492,4,0.315,GSE185381,GSM5613756_2019-10-25-count-5
PDGFB,T_NK,bin,1270,0,0,0,0,GSE185381,GSM5613756_2019-10-25-count-5
PDGFRA,T_NK,bin,1270,0,0,0,0,GSE185381,GSM5613756_2019-10-25-count-5
PDGFRB,T_NK,bin,1270,21,0.0322753405720381,22,1.6535,GSE185381,GSM5613756_2019-10-25-count-5
CCN2,T_NK,bin,1270,0,0,0,0,GSE185381,GSM5613756_2019-10-25-count-5
CCN1,T_NK,bin,1270,0,0,0,0,GSE185381,GSM5613756_2019-10-25-count-5
IGF1,T_NK,bin,1270,0,0,0,0,GSE185381,GSM5613756_2019-10-25-count-5
IGF2,T_NK,bin,1270,0,0,0,0,GSE185381,GSM5613756_2019-10-25-count-5
VEGFA,T_NK,bin,1270,15,0.0211246208875188,15,1.1811,GSE185381,GSM5613756_2019-10-25-count-5
FGF2,T_NK,bin,1270,0,0,0,0,GSE185381,GSM5613756_2019-10-25-count-5
HGF,T_NK,bin,1270,4,0.00559871159046132,4,0.315,GSE185381,GSM5613756_2019-10-25-count-5
OSM,T_NK,bin,1270,12,0.0152475623550883,12,0.9449,GSE185381,GSM5613756_2019-10-25-count-5
OSMR,T_NK,bin,1270,2,0.00246116768648053,2,0.1575,GSE185381,GSM5613756_2019-10-25-count-5
IL11,T_NK,bin,1270,0,0,0,0,GSE185381,GSM5613756_2019-10-25-count-5
SPP1,T_NK,bin,1270,0,0,0,0,GSE185381,GSM5613756_2019-10-25-count-5
IL1B,T_NK,bin,1270,9,0.0123498290138165,9,0.7087,GSE185381,GSM5613756_2019-10-25-count-5
IL6,T_NK,bin,1270,0,0,0,0,GSE185381,GSM5613756_2019-10-25-count-5
TNF,T_NK,bin,1270,280,0.596869654842582,1127,22.0472,GSE185381,GSM5613756_2019-10-25-count-5
CXCL8,T_NK,bin,1270,93,0.134270411365213,99,7.3228,GSE185381,GSM5613756_2019-10-25-count-5
IL10,T_NK,bin,1270,17,0.0252738781112992,19,1.3386,GSE185381,GSM5613756_2019-10-25-count-5
IFNG,T_NK,bin,1270,276,0.485236084723629,545,21.7323,GSE185381,GSM5613756_2019-10-25-count-5
CCL2,T_NK,bin,1270,0,0,0,0,GSE185381,GSM5613756_2019-10-25-count-5
CCL3,T_NK,bin,1270,700,1.92072580234982,8639,55.1181,GSE185381,GSM5613756_2019-10-25-count-5
CCL4,T_NK,bin,1270,510,1.1832278531555,3731,40.1575,GSE185381,GSM5613756_2019-10-25-count-5
CXCL1,T_NK,bin,1270,2,0.00323856246506884,2,0.1575,GSE185381,GSM5613756_2019-10-25-count-5
CXCL2,T_NK,bin,1270,13,0.0167744493957759,13,1.0236,GSE185381,GSM5613756_2019-10-25-count-5
IL18,T_NK,bin,1270,21,0.0287494333619661,22,1.6535,GSE185381,GSM5613756_2019-10-25-count-5
NLRP3,T_NK,bin,1270,40,0.056119429843071,41,3.1496,GSE185381,GSM5613756_2019-10-25-count-5
S100A8,T_NK,bin,1270,386,0.580183445357326,472,30.3937,GSE185381,GSM5613756_2019-10-25-count-5
S100A9,T_NK,bin,1270,868,1.47515772733408,1511,68.3465,GSE185381,GSM5613756_2019-10-25-count-5
PF4,T_NK,bin,1270,0,0,0,0,GSE185381,GSM5613756_2019-10-25-count-5
PPBP,T_NK,bin,1270,0,0,0,0,GSE185381,GSM5613756_2019-10-25-count-5
VWF,T_NK,bin,1270,1,0.00151178369886656,1,0.0787,GSE185381,GSM5613756_2019-10-25-count-5
ITGA2B,T_NK,bin,1270,5,0.00757663381891852,5,0.3937,GSE185381,GSM5613756_2019-10-25-count-5
GP9,T_NK,bin,1270,0,0,0,0,GSE185381,GSM5613756_2019-10-25-count-5
NFE2,T_NK,bin,1270,4,0.00524337769459721,4,0.315,GSE185381,GSM5613756_2019-10-25-count-5
GATA1,T_NK,bin,1270,1,0.00154105237725903,1,0.0787,GSE185381,GSM5613756_2019-10-25-count-5
MPL,T_NK,bin,1270,0,0,0,0,GSE185381,GSM5613756_2019-10-25-count-5
CALR,T_NK,bin,1270,557,0.904341048821912,834,43.8583,GSE185381,GSM5613756_2019-10-25-count-5
JAK2,T_NK,bin,1270,34,0.0510206379890386,40,2.6772,GSE185381,GSM5613756_2019-10-25-count-5
LEPR,T_NK,bin,1270,11,0.0155865841336896,11,0.8661,GSE185381,GSM5613756_2019-10-25-count-5
CXCL12,T_NK,bin,1270,1,0.00182341747489456,1,0.0787,GSE185381,GSM5613756_2019-10-25-count-5
KITLG,T_NK,bin,1270,0,0,0,0,GSE185381,GSM5613756_2019-10-25-count-5
ANGPT1,T_NK,bin,1270,9,0.0122877691067648,14,0.7087,GSE185381,GSM5613756_2019-10-25-count-5
VCAM1,T_NK,bin,1270,1,0.00113191138667671,1,0.0787,GSE185381,GSM5613756_2019-10-25-count-5
NES,T_NK,bin,1270,0,0,0,0,GSE185381,GSM5613756_2019-10-25-count-5
NGFR,T_NK,bin,1270,2,0.00263508560115106,2,0.1575,GSE185381,GSM5613756_2019-10-25-count-5
SFRP2,T_NK,bin,1270,0,0,0,0,GSE185381,GSM5613756_2019-10-25-count-5
SFRP4,T_NK,bin,1270,0,0,0,0,GSE185381,GSM5613756_2019-10-25-count-5
GREM1,T_NK,bin,1270,23,0.0333934524441223,26,1.811,GSE185381,GSM5613756_2019-10-25-count-5
FAP,T_NK,bin,1270,0,0,0,0,GSE185381,GSM5613756_2019-10-25-count-5
BGLAP,T_NK,bin,1270,8,0.0116275800471226,14,0.6299,GSE185381,GSM5613756_2019-10-25-count-5
RUNX2,T_NK,bin,1270,30,0.0391544008552852,30,2.3622,GSE185381,GSM5613756_2019-10-25-count-5
SP7,T_NK,bin,1270,0,0,0,0,GSE185381,GSM5613756_2019-10-25-count-5
ACTA2,T_NK,bin,1270,9,0.0125648784815483,9,0.7087,GSE185381,GSM5613756_2019-10-25-count-5
TAGLN,T_NK,bin,1270,10,0.0131724552819406,10,0.7874,GSE185381,GSM5613756_2019-10-25-count-5
RGS5,T_NK,bin,1270,1,0.00113500504929913,1,0.0787,GSE185381,GSM5613756_2019-10-25-count-5
MYH11,T_NK,bin,1270,48,0.0661504995101838,54,3.7795,GSE185381,GSM5613756_2019-10-25-count-5
CDH5,T_NK,bin,1270,0,0,0,0,GSE185381,GSM5613756_2019-10-25-count-5
PECAM1,T_NK,bin,1270,73,0.104759960107002,78,5.748,GSE185381,GSM5613756_2019-10-25-count-5
EMCN,T_NK,bin,1270,0,0,0,0,GSE185381,GSM5613756_2019-10-25-count-5
HIF1A,T_NK,bin,1270,494,0.762630210217622,666,38.8976,GSE185381,GSM5613756_2019-10-25-count-5
EPAS1,T_NK,bin,1270,6,0.00722018689561046,6,0.4724,GSE185381,GSM5613756_2019-10-25-count-5
CA9,T_NK,bin,1270,0,0,0,0,GSE185381,GSM5613756_2019-10-25-count-5
LDHA,T_NK,bin,1270,497,0.771501748455038,703,39.1339,GSE185381,GSM5613756_2019-10-25-count-5
SLC2A1,T_NK,bin,1270,81,0.117004785128255,85,6.378,GSE185381,GSM5613756_2019-10-25-count-5
PGK1,T_NK,bin,1270,252,0.373864599784832,295,19.8425,GSE185381,GSM5613756_2019-10-25-count-5
ADM,T_NK,bin,1270,7,0.0101752605353772,8,0.5512,GSE185381,GSM5613756_2019-10-25-count-5
BNIP3,T_NK,bin,1270,39,0.0520208165025526,40,3.0709,GSE185381,GSM5613756_2019-10-25-count-5
NDRG1,T_NK,bin,1270,103,0.146574807457513,114,8.1102,GSE185381,GSM5613756_2019-10-25-count-5
SNAI1,T_NK,bin,1270,2,0.00330331154785727,2,0.1575,GSE185381,GSM5613756_2019-10-25-count-5
SNAI2,T_NK,bin,1270,0,0,0,0,GSE185381,GSM5613756_2019-10-25-count-5
TWIST1,T_NK,bin,1270,1,0.00156752936965208,1,0.0787,GSE185381,GSM5613756_2019-10-25-count-5
ZEB1,T_NK,bin,1270,126,0.177213382647172,156,9.9213,GSE185381,GSM5613756_2019-10-25-count-5
ZEB2,T_NK,bin,1270,870,1.62832066676482,1883,68.5039,GSE185381,GSM5613756_2019-10-25-count-5
VIM,T_NK,bin,1270,825,1.5756395367853,2399,64.9606,GSE185381,GSM5613756_2019-10-25-count-5
CDH2,T_NK,bin,1270,0,0,0,0,GSE185381,GSM5613756_2019-10-25-count-5
NECTIN4,T_NK,bin,1270,2,0.00351139624266148,3,0.1575,GSE185381,GSM5613756_2019-10-25-count-5
NECTIN1,T_NK,bin,1270,13,0.0200765718385842,14,1.0236,GSE185381,GSM5613756_2019-10-25-count-5
NECTIN2,T_NK,bin,1270,15,0.0197148028121053,15,1.1811,GSE185381,GSM5613756_2019-10-25-count-5
NECTIN3,T_NK,bin,1270,25,0.0330263220095862,27,1.9685,GSE185381,GSM5613756_2019-10-25-count-5
PVR,T_NK,bin,1270,2,0.00253186438907952,2,0.1575,GSE185381,GSM5613756_2019-10-25-count-5
TIGIT,T_NK,bin,1270,115,0.178208585242473,139,9.0551,GSE185381,GSM5613756_2019-10-25-count-5
CD226,T_NK,bin,1270,246,0.38111653255789,306,19.3701,GSE185381,GSM5613756_2019-10-25-count-5
CD96,T_NK,bin,1270,296,0.440048550843431,349,23.3071,GSE185381,GSM5613756_2019-10-25-count-5
C1QA,T_NK,bin,1270,4,0.00529079559146122,4,0.315,GSE185381,GSM5613756_2019-10-25-count-5
C1QB,T_NK,bin,1270,3,0.0048121797372717,3,0.2362,GSE185381,GSM5613756_2019-10-25-count-5
C1QC,T_NK,bin,1270,5,0.00708888234840687,5,0.3937,GSE185381,GSM5613756_2019-10-25-count-5
CD163,T_NK,bin,1270,17,0.022093423012658,18,1.3386,GSE185381,GSM5613756_2019-10-25-count-5
MRC1,T_NK,bin,1270,0,0,0,0,GSE185381,GSM5613756_2019-10-25-count-5
VSIG4,T_NK,bin,1270,1,0.00147982035389672,1,0.0787,GSE185381,GSM5613756_2019-10-25-count-5
SELENOP,T_NK,bin,1270,12,0.0157463841915528,13,0.9449,GSE185381,GSM5613756_2019-10-25-count-5
STAB1,T_NK,bin,1270,56,0.0772704052111488,57,4.4094,GSE185381,GSM5613756_2019-10-25-count-5
LYVE1,T_NK,bin,1270,0,0,0,0,GSE185381,GSM5613756_2019-10-25-count-5
MAF,T_NK,bin,1270,148,0.220034090180299,177,11.6535,GSE185381,GSM5613756_2019-10-25-count-5
FCN1,T_NK,bin,1270,93,0.131581727522879,102,7.3228,GSE185381,GSM5613756_2019-10-25-count-5
S100A12,T_NK,bin,1270,35,0.0487920230817592,36,2.7559,GSE185381,GSM5613756_2019-10-25-count-5
SELL,T_NK,bin,1270,178,0.260118991345757,214,14.0157,GSE185381,GSM5613756_2019-10-25-count-5
CSF3R,T_NK,bin,1270,56,0.0794530705753472,59,4.4094,GSE185381,GSM5613756_2019-10-25-count-5
PLAC8,T_NK,bin,1270,605,1.01589895276291,979,47.6378,GSE185381,GSM5613756_2019-10-25-count-5
COL1A1,LMPP_GMP,bin,197,0,0,0,0,GSE185381,GSM5613756_2019-10-25-count-5
COL1A2,LMPP_GMP,bin,197,0,0,0,0,GSE185381,GSM5613756_2019-10-25-count-5
COL3A1,LMPP_GMP,bin,197,0,0,0,0,GSE185381,GSM5613756_2019-10-25-count-5
COL4A1,LMPP_GMP,bin,197,0,0,0,0,GSE185381,GSM5613756_2019-10-25-count-5
COL5A1,LMPP_GMP,bin,197,8,0.0558515593793558,9,4.0609,GSE185381,GSM5613756_2019-10-25-count-5
COL5A2,LMPP_GMP,bin,197,0,0,0,0,GSE185381,GSM5613756_2019-10-25-count-5
COL6A1,LMPP_GMP,bin,197,0,0,0,0,GSE185381,GSM5613756_2019-10-25-count-5
COL6A2,LMPP_GMP,bin,197,2,0.012325022239534,2,1.0152,GSE185381,GSM5613756_2019-10-25-count-5
COL6A3,LMPP_GMP,bin,197,0,0,0,0,GSE185381,GSM5613756_2019-10-25-count-5
COL11A1,LMPP_GMP,bin,197,0,0,0,0,GSE185381,GSM5613756_2019-10-25-count-5
FN1,LMPP_GMP,bin,197,1,0.00419588929091268,1,0.5076,GSE185381,GSM5613756_2019-10-25-count-5
LUM,LMPP_GMP,bin,197,0,0,0,0,GSE185381,GSM5613756_2019-10-25-count-5
DCN,LMPP_GMP,bin,197,0,0,0,0,GSE185381,GSM5613756_2019-10-25-count-5
POSTN,LMPP_GMP,bin,197,0,0,0,0,GSE185381,GSM5613756_2019-10-25-count-5
SPARC,LMPP_GMP,bin,197,11,0.0465460971567318,11,5.5838,GSE185381,GSM5613756_2019-10-25-count-5
BGN,LMPP_GMP,bin,197,0,0,0,0,GSE185381,GSM5613756_2019-10-25-count-5
VCAN,LMPP_GMP,bin,197,92,0.613384290024263,166,46.7005,GSE185381,GSM5613756_2019-10-25-count-5
ELN,LMPP_GMP,bin,197,1,0.00385332562615098,1,0.5076,GSE185381,GSM5613756_2019-10-25-count-5
FBN1,LMPP_GMP,bin,197,2,0.01762646805516,2,1.0152,GSE185381,GSM5613756_2019-10-25-count-5
MGP,LMPP_GMP,bin,197,2,0.0106976351866569,3,1.0152,GSE185381,GSM5613756_2019-10-25-count-5
OGN,LMPP_GMP,bin,197,0,0,0,0,GSE185381,GSM5613756_2019-10-25-count-5
ASPN,LMPP_GMP,bin,197,0,0,0,0,GSE185381,GSM5613756_2019-10-25-count-5
TNC,LMPP_GMP,bin,197,0,0,0,0,GSE185381,GSM5613756_2019-10-25-count-5
LTBP1,LMPP_GMP,bin,197,46,0.359378242913332,98,23.3503,GSE185381,GSM5613756_2019-10-25-count-5
LTBP2,LMPP_GMP,bin,197,0,0,0,0,GSE185381,GSM5613756_2019-10-25-count-5
LOX,LMPP_GMP,bin,197,0,0,0,0,GSE185381,GSM5613756_2019-10-25-count-5
LOXL1,LMPP_GMP,bin,197,0,0,0,0,GSE185381,GSM5613756_2019-10-25-count-5
LOXL2,LMPP_GMP,bin,197,0,0,0,0,GSE185381,GSM5613756_2019-10-25-count-5
PLOD1,LMPP_GMP,bin,197,16,0.0866288260866051,21,8.1218,GSE185381,GSM5613756_2019-10-25-count-5
PLOD2,LMPP_GMP,bin,197,1,0.00385332562615098,1,0.5076,GSE185381,GSM5613756_2019-10-25-count-5
SERPINH1,LMPP_GMP,bin,197,2,0.008963210775601,2,1.0152,GSE185381,GSM5613756_2019-10-25-count-5
SERPINE1,LMPP_GMP,bin,197,2,0.00779494120492847,2,1.0152,GSE185381,GSM5613756_2019-10-25-count-5
TIMP1,LMPP_GMP,bin,197,127,0.96763320698888,308,64.467,GSE185381,GSM5613756_2019-10-25-count-5
TIMP2,LMPP_GMP,bin,197,45,0.256551037136527,56,22.8426,GSE185381,GSM5613756_2019-10-25-count-5
TIMP3,LMPP_GMP,bin,197,2,0.0144890229020742,2,1.0152,GSE185381,GSM5613756_2019-10-25-count-5
MMP2,LMPP_GMP,bin,197,18,0.0963679983667136,21,9.1371,GSE185381,GSM5613756_2019-10-25-count-5
MMP9,LMPP_GMP,bin,197,0,0,0,0,GSE185381,GSM5613756_2019-10-25-count-5
MMP14,LMPP_GMP,bin,197,1,0.00573587813581039,1,0.5076,GSE185381,GSM5613756_2019-10-25-count-5
CTSK,LMPP_GMP,bin,197,1,0.00369336318398452,1,0.5076,GSE185381,GSM5613756_2019-10-25-count-5
ADAMTS1,LMPP_GMP,bin,197,2,0.00921207839902055,2,1.0152,GSE185381,GSM5613756_2019-10-25-count-5
TGFB1,LMPP_GMP,bin,197,106,0.665897200840852,161,53.8071,GSE185381,GSM5613756_2019-10-25-count-5
TGFB2,LMPP_GMP,bin,197,0,0,0,0,GSE185381,GSM5613756_2019-10-25-count-5
TGFB3,LMPP_GMP,bin,197,1,0.00372337976723973,1,0.5076,GSE185381,GSM5613756_2019-10-25-count-5
TGFBR1,LMPP_GMP,bin,197,20,0.109090661720945,21,10.1523,GSE185381,GSM5613756_2019-10-25-count-5
TGFBR2,LMPP_GMP,bin,197,23,0.119873989606302,26,11.6751,GSE185381,GSM5613756_2019-10-25-count-5
PDGFA,LMPP_GMP,bin,197,2,0.0114964556660077,2,1.0152,GSE185381,GSM5613756_2019-10-25-count-5
PDGFB,LMPP_GMP,bin,197,0,0,0,0,GSE185381,GSM5613756_2019-10-25-count-5
PDGFRA,LMPP_GMP,bin,197,0,0,0,0,GSE185381,GSM5613756_2019-10-25-count-5
PDGFRB,LMPP_GMP,bin,197,0,0,0,0,GSE185381,GSM5613756_2019-10-25-count-5
CCN2,LMPP_GMP,bin,197,0,0,0,0,GSE185381,GSM5613756_2019-10-25-count-5
CCN1,LMPP_GMP,bin,197,0,0,0,0,GSE185381,GSM5613756_2019-10-25-count-5
IGF1,LMPP_GMP,bin,197,0,0,0,0,GSE185381,GSM5613756_2019-10-25-count-5
IGF2,LMPP_GMP,bin,197,0,0,0,0,GSE185381,GSM5613756_2019-10-25-count-5
VEGFA,LMPP_GMP,bin,197,9,0.0462236150760039,10,4.5685,GSE185381,GSM5613756_2019-10-25-count-5
FGF2,LMPP_GMP,bin,197,0,0,0,0,GSE185381,GSM5613756_2019-10-25-count-5
HGF,LMPP_GMP,bin,197,14,0.080645893480684,18,7.1066,GSE185381,GSM5613756_2019-10-25-count-5
OSM,LMPP_GMP,bin,197,8,0.0377983169579587,9,4.0609,GSE185381,GSM5613756_2019-10-25-count-5
OSMR,LMPP_GMP,bin,197,0,0,0,0,GSE185381,GSM5613756_2019-10-25-count-5
IL11,LMPP_GMP,bin,197,1,0.00726249512530173,1,0.5076,GSE185381,GSM5613756_2019-10-25-count-5
SPP1,LMPP_GMP,bin,197,0,0,0,0,GSE185381,GSM5613756_2019-10-25-count-5
IL1B,LMPP_GMP,bin,197,13,0.0602102034469929,14,6.599,GSE185381,GSM5613756_2019-10-25-count-5
IL6,LMPP_GMP,bin,197,0,0,0,0,GSE185381,GSM5613756_2019-10-25-count-5
TNF,LMPP_GMP,bin,197,6,0.0273254292551994,7,3.0457,GSE185381,GSM5613756_2019-10-25-count-5
CXCL8,LMPP_GMP,bin,197,106,0.944907913958871,494,53.8071,GSE185381,GSM5613756_2019-10-25-count-5
IL10,LMPP_GMP,bin,197,2,0.012805589049514,2,1.0152,GSE185381,GSM5613756_2019-10-25-count-5
IFNG,LMPP_GMP,bin,197,1,0.00436943451325546,1,0.5076,GSE185381,GSM5613756_2019-10-25-count-5
CCL2,LMPP_GMP,bin,197,0,0,0,0,GSE185381,GSM5613756_2019-10-25-count-5
CCL3,LMPP_GMP,bin,197,37,0.190656719469976,40,18.7817,GSE185381,GSM5613756_2019-10-25-count-5
CCL4,LMPP_GMP,bin,197,11,0.0497050380003056,11,5.5838,GSE185381,GSM5613756_2019-10-25-count-5
CXCL1,LMPP_GMP,bin,197,0,0,0,0,GSE185381,GSM5613756_2019-10-25-count-5
CXCL2,LMPP_GMP,bin,197,21,0.124914302324525,29,10.6599,GSE185381,GSM5613756_2019-10-25-count-5
IL18,LMPP_GMP,bin,197,62,0.342465969809248,85,31.4721,GSE185381,GSM5613756_2019-10-25-count-5
NLRP3,LMPP_GMP,bin,197,25,0.143612041495152,27,12.6904,GSE185381,GSM5613756_2019-10-25-count-5
S100A8,LMPP_GMP,bin,197,82,0.49756843844201,138,41.6244,GSE185381,GSM5613756_2019-10-25-count-5
S100A9,LMPP_GMP,bin,197,178,1.52023918981657,539,90.3553,GSE185381,GSM5613756_2019-10-25-count-5
PF4,LMPP_GMP,bin,197,0,0,0,0,GSE185381,GSM5613756_2019-10-25-count-5
PPBP,LMPP_GMP,bin,197,0,0,0,0,GSE185381,GSM5613756_2019-10-25-count-5
VWF,LMPP_GMP,bin,197,0,0,0,0,GSE185381,GSM5613756_2019-10-25-count-5
ITGA2B,LMPP_GMP,bin,197,11,0.0582471408899056,12,5.5838,GSE185381,GSM5613756_2019-10-25-count-5
GP9,LMPP_GMP,bin,197,2,0.0102076719800435,2,1.0152,GSE185381,GSM5613756_2019-10-25-count-5
NFE2,LMPP_GMP,bin,197,29,0.14917347989052,32,14.7208,GSE185381,GSM5613756_2019-10-25-count-5
GATA1,LMPP_GMP,bin,197,5,0.0309630109908569,5,2.5381,GSE185381,GSM5613756_2019-10-25-count-5
MPL,LMPP_GMP,bin,197,0,0,0,0,GSE185381,GSM5613756_2019-10-25-count-5
CALR,LMPP_GMP,bin,197,173,1.74914442767919,982,87.8173,GSE185381,GSM5613756_2019-10-25-count-5
JAK2,LMPP_GMP,bin,197,27,0.146532348168395,32,13.7056,GSE185381,GSM5613756_2019-10-25-count-5
LEPR,LMPP_GMP,bin,197,13,0.0681999834288673,14,6.599,GSE185381,GSM5613756_2019-10-25-count-5
CXCL12,LMPP_GMP,bin,197,0,0,0,0,GSE185381,GSM5613756_2019-10-25-count-5
KITLG,LMPP_GMP,bin,197,2,0.007998038036245,2,1.0152,GSE185381,GSM5613756_2019-10-25-count-5
ANGPT1,LMPP_GMP,bin,197,67,0.402940306462398,106,34.0102,GSE185381,GSM5613756_2019-10-25-count-5
VCAM1,LMPP_GMP,bin,197,0,0,0,0,GSE185381,GSM5613756_2019-10-25-count-5
NES,LMPP_GMP,bin,197,1,0.0032925120434987,1,0.5076,GSE185381,GSM5613756_2019-10-25-count-5
NGFR,LMPP_GMP,bin,197,0,0,0,0,GSE185381,GSM5613756_2019-10-25-count-5
SFRP2,LMPP_GMP,bin,197,0,0,0,0,GSE185381,GSM5613756_2019-10-25-count-5
SFRP4,LMPP_GMP,bin,197,0,0,0,0,GSE185381,GSM5613756_2019-10-25-count-5
GREM1,LMPP_GMP,bin,197,6,0.0324939224482339,6,3.0457,GSE185381,GSM5613756_2019-10-25-count-5
FAP,LMPP_GMP,bin,197,0,0,0,0,GSE185381,GSM5613756_2019-10-25-count-5
BGLAP,LMPP_GMP,bin,197,5,0.0266325233446667,7,2.5381,GSE185381,GSM5613756_2019-10-25-count-5
RUNX2,LMPP_GMP,bin,197,47,0.257757706802238,59,23.8579,GSE185381,GSM5613756_2019-10-25-count-5
SP7,LMPP_GMP,bin,197,0,0,0,0,GSE185381,GSM5613756_2019-10-25-count-5
ACTA2,LMPP_GMP,bin,197,9,0.0471346706886625,9,4.5685,GSE185381,GSM5613756_2019-10-25-count-5
TAGLN,LMPP_GMP,bin,197,3,0.0137417129447504,3,1.5228,GSE185381,GSM5613756_2019-10-25-count-5
RGS5,LMPP_GMP,bin,197,0,0,0,0,GSE185381,GSM5613756_2019-10-25-count-5
MYH11,LMPP_GMP,bin,197,8,0.0419691445868144,8,4.0609,GSE185381,GSM5613756_2019-10-25-count-5
CDH5,LMPP_GMP,bin,197,0,0,0,0,GSE185381,GSM5613756_2019-10-25-count-5
PECAM1,LMPP_GMP,bin,197,26,0.136040310725336,31,13.198,GSE185381,GSM5613756_2019-10-25-count-5
EMCN,LMPP_GMP,bin,197,0,0,0,0,GSE185381,GSM5613756_2019-10-25-count-5
HIF1A,LMPP_GMP,bin,197,134,0.964760552057707,264,68.0203,GSE185381,GSM5613756_2019-10-25-count-5
EPAS1,LMPP_GMP,bin,197,0,0,0,0,GSE185381,GSM5613756_2019-10-25-count-5
CA9,LMPP_GMP,bin,197,0,0,0,0,GSE185381,GSM5613756_2019-10-25-count-5
LDHA,LMPP_GMP,bin,197,131,0.946751518668681,290,66.4975,GSE185381,GSM5613756_2019-10-25-count-5
SLC2A1,LMPP_GMP,bin,197,15,0.0789370450148261,17,7.6142,GSE185381,GSM5613756_2019-10-25-count-5
PGK1,LMPP_GMP,bin,197,127,0.849366138412016,236,64.467,GSE185381,GSM5613756_2019-10-25-count-5
ADM,LMPP_GMP,bin,197,3,0.012037777602672,3,1.5228,GSE185381,GSM5613756_2019-10-25-count-5
BNIP3,LMPP_GMP,bin,197,11,0.0474581263546674,11,5.5838,GSE185381,GSM5613756_2019-10-25-count-5
NDRG1,LMPP_GMP,bin,197,42,0.215391952503777,48,21.3198,GSE185381,GSM5613756_2019-10-25-count-5
SNAI1,LMPP_GMP,bin,197,2,0.00794692854260799,2,1.0152,GSE185381,GSM5613756_2019-10-25-count-5
SNAI2,LMPP_GMP,bin,197,0,0,0,0,GSE185381,GSM5613756_2019-10-25-count-5
TWIST1,LMPP_GMP,bin,197,0,0,0,0,GSE185381,GSM5613756_2019-10-25-count-5
ZEB1,LMPP_GMP,bin,197,46,0.256766805083938,60,23.3503,GSE185381,GSM5613756_2019-10-25-count-5
ZEB2,LMPP_GMP,bin,197,166,1.48701587245974,580,84.264,GSE185381,GSM5613756_2019-10-25-count-5
VIM,LMPP_GMP,bin,197,196,3.21488605311777,3550,99.4924,GSE185381,GSM5613756_2019-10-25-count-5
CDH2,LMPP_GMP,bin,197,0,0,0,0,GSE185381,GSM5613756_2019-10-25-count-5
NECTIN4,LMPP_GMP,bin,197,0,0,0,0,GSE185381,GSM5613756_2019-10-25-count-5
NECTIN1,LMPP_GMP,bin,197,9,0.0461737512271343,10,4.5685,GSE185381,GSM5613756_2019-10-25-count-5
NECTIN2,LMPP_GMP,bin,197,42,0.235681959710804,53,21.3198,GSE185381,GSM5613756_2019-10-25-count-5
NECTIN3,LMPP_GMP,bin,197,0,0,0,0,GSE185381,GSM5613756_2019-10-25-count-5
PVR,LMPP_GMP,bin,197,9,0.0495335921678839,9,4.5685,GSE185381,GSM5613756_2019-10-25-count-5
TIGIT,LMPP_GMP,bin,197,2,0.0070230456144318,2,1.0152,GSE185381,GSM5613756_2019-10-25-count-5
CD226,LMPP_GMP,bin,197,5,0.0332938214446919,6,2.5381,GSE185381,GSM5613756_2019-10-25-count-5
CD96,LMPP_GMP,bin,197,90,0.573892654540143,145,45.6853,GSE185381,GSM5613756_2019-10-25-count-5
C1QA,LMPP_GMP,bin,197,2,0.00993430764779978,2,1.0152,GSE185381,GSM5613756_2019-10-25-count-5
C1QB,LMPP_GMP,bin,197,0,0,0,0,GSE185381,GSM5613756_2019-10-25-count-5
C1QC,LMPP_GMP,bin,197,0,0,0,0,GSE185381,GSM5613756_2019-10-25-count-5
CD163,LMPP_GMP,bin,197,4,0.0182264147524269,4,2.0305,GSE185381,GSM5613756_2019-10-25-count-5
MRC1,LMPP_GMP,bin,197,0,0,0,0,GSE185381,GSM5613756_2019-10-25-count-5
VSIG4,LMPP_GMP,bin,197,0,0,0,0,GSE185381,GSM5613756_2019-10-25-count-5
SELENOP,LMPP_GMP,bin,197,98,0.649948976695552,180,49.7462,GSE185381,GSM5613756_2019-10-25-count-5
STAB1,LMPP_GMP,bin,197,55,0.315514682060985,70,27.9188,GSE185381,GSM5613756_2019-10-25-count-5
LYVE1,LMPP_GMP,bin,197,0,0,0,0,GSE185381,GSM5613756_2019-10-25-count-5
MAF,LMPP_GMP,bin,197,0,0,0,0,GSE185381,GSM5613756_2019-10-25-count-5
FCN1,LMPP_GMP,bin,197,32,0.179930248840831,35,16.2437,GSE185381,GSM5613756_2019-10-25-count-5
S100A12,LMPP_GMP,bin,197,11,0.0596266055834757,12,5.5838,GSE185381,GSM5613756_2019-10-25-count-5
SELL,LMPP_GMP,bin,197,112,0.744834083233223,219,56.8528,GSE185381,GSM5613756_2019-10-25-count-5
CSF3R,LMPP_GMP,bin,197,95,0.58751944842047,154,48.2234,GSE185381,GSM5613756_2019-10-25-count-5
PLAC8,LMPP_GMP,bin,197,101,0.678527638186801,207,51.269,GSE185381,GSM5613756_2019-10-25-count-5
COL1A1,B_Plasma,bin,169,5,0.0463989067828046,6,2.9586,GSE185381,GSM5613756_2019-10-25-count-5
COL1A2,B_Plasma,bin,169,0,0,0,0,GSE185381,GSM5613756_2019-10-25-count-5
COL3A1,B_Plasma,bin,169,0,0,0,0,GSE185381,GSM5613756_2019-10-25-count-5
COL4A1,B_Plasma,bin,169,0,0,0,0,GSE185381,GSM5613756_2019-10-25-count-5
COL5A1,B_Plasma,bin,169,1,0.0048182133726983,1,0.5917,GSE185381,GSM5613756_2019-10-25-count-5
COL5A2,B_Plasma,bin,169,0,0,0,0,GSE185381,GSM5613756_2019-10-25-count-5
COL6A1,B_Plasma,bin,169,1,0.0058742877792412,1,0.5917,GSE185381,GSM5613756_2019-10-25-count-5
COL6A2,B_Plasma,bin,169,0,0,0,0,GSE185381,GSM5613756_2019-10-25-count-5
COL6A3,B_Plasma,bin,169,0,0,0,0,GSE185381,GSM5613756_2019-10-25-count-5
COL11A1,B_Plasma,bin,169,0,0,0,0,GSE185381,GSM5613756_2019-10-25-count-5
FN1,B_Plasma,bin,169,0,0,0,0,GSE185381,GSM5613756_2019-10-25-count-5
LUM,B_Plasma,bin,169,0,0,0,0,GSE185381,GSM5613756_2019-10-25-count-5
DCN,B_Plasma,bin,169,0,0,0,0,GSE185381,GSM5613756_2019-10-25-count-5
POSTN,B_Plasma,bin,169,0,0,0,0,GSE185381,GSM5613756_2019-10-25-count-5
SPARC,B_Plasma,bin,169,0,0,0,0,GSE185381,GSM5613756_2019-10-25-count-5
BGN,B_Plasma,bin,169,0,0,0,0,GSE185381,GSM5613756_2019-10-25-count-5
VCAN,B_Plasma,bin,169,55,0.48723187610501,64,32.5444,GSE185381,GSM5613756_2019-10-25-count-5
ELN,B_Plasma,bin,169,0,0,0,0,GSE185381,GSM5613756_2019-10-25-count-5
FBN1,B_Plasma,bin,169,1,0.00415423049397633,1,0.5917,GSE185381,GSM5613756_2019-10-25-count-5
MGP,B_Plasma,bin,169,0,0,0,0,GSE185381,GSM5613756_2019-10-25-count-5
OGN,B_Plasma,bin,169,0,0,0,0,GSE185381,GSM5613756_2019-10-25-count-5
ASPN,B_Plasma,bin,169,0,0,0,0,GSE185381,GSM5613756_2019-10-25-count-5
TNC,B_Plasma,bin,169,0,0,0,0,GSE185381,GSM5613756_2019-10-25-count-5
LTBP1,B_Plasma,bin,169,1,0.00631939565201105,1,0.5917,GSE185381,GSM5613756_2019-10-25-count-5
LTBP2,B_Plasma,bin,169,0,0,0,0,GSE185381,GSM5613756_2019-10-25-count-5
LOX,B_Plasma,bin,169,0,0,0,0,GSE185381,GSM5613756_2019-10-25-count-5
LOXL1,B_Plasma,bin,169,0,0,0,0,GSE185381,GSM5613756_2019-10-25-count-5
LOXL2,B_Plasma,bin,169,0,0,0,0,GSE185381,GSM5613756_2019-10-25-count-5
PLOD1,B_Plasma,bin,169,4,0.0249399362219809,5,2.3669,GSE185381,GSM5613756_2019-10-25-count-5
PLOD2,B_Plasma,bin,169,0,0,0,0,GSE185381,GSM5613756_2019-10-25-count-5
SERPINH1,B_Plasma,bin,169,0,0,0,0,GSE185381,GSM5613756_2019-10-25-count-5
SERPINE1,B_Plasma,bin,169,0,0,0,0,GSE185381,GSM5613756_2019-10-25-count-5
TIMP1,B_Plasma,bin,169,17,0.133412459821428,19,10.0592,GSE185381,GSM5613756_2019-10-25-count-5
TIMP2,B_Plasma,bin,169,3,0.0215640799292257,3,1.7751,GSE185381,GSM5613756_2019-10-25-count-5
TIMP3,B_Plasma,bin,169,1,0.00938562177980435,1,0.5917,GSE185381,GSM5613756_2019-10-25-count-5
MMP2,B_Plasma,bin,169,0,0,0,0,GSE185381,GSM5613756_2019-10-25-count-5
MMP9,B_Plasma,bin,169,0,0,0,0,GSE185381,GSM5613756_2019-10-25-count-5
MMP14,B_Plasma,bin,169,0,0,0,0,GSE185381,GSM5613756_2019-10-25-count-5
CTSK,B_Plasma,bin,169,3,0.0308435443199513,3,1.7751,GSE185381,GSM5613756_2019-10-25-count-5
ADAMTS1,B_Plasma,bin,169,0,0,0,0,GSE185381,GSM5613756_2019-10-25-count-5
TGFB1,B_Plasma,bin,169,47,0.442404164003111,61,27.8107,GSE185381,GSM5613756_2019-10-25-count-5
TGFB2,B_Plasma,bin,169,0,0,0,0,GSE185381,GSM5613756_2019-10-25-count-5
TGFB3,B_Plasma,bin,169,2,0.0213508651785092,3,1.1834,GSE185381,GSM5613756_2019-10-25-count-5
TGFBR1,B_Plasma,bin,169,3,0.027714478875679,3,1.7751,GSE185381,GSM5613756_2019-10-25-count-5
TGFBR2,B_Plasma,bin,169,34,0.298437315718708,39,20.1183,GSE185381,GSM5613756_2019-10-25-count-5
PDGFA,B_Plasma,bin,169,1,0.0076515409627145,1,0.5917,GSE185381,GSM5613756_2019-10-25-count-5
PDGFB,B_Plasma,bin,169,0,0,0,0,GSE185381,GSM5613756_2019-10-25-count-5
PDGFRA,B_Plasma,bin,169,0,0,0,0,GSE185381,GSM5613756_2019-10-25-count-5
PDGFRB,B_Plasma,bin,169,0,0,0,0,GSE185381,GSM5613756_2019-10-25-count-5
CCN2,B_Plasma,bin,169,1,0.00693713098053582,1,0.5917,GSE185381,GSM5613756_2019-10-25-count-5
CCN1,B_Plasma,bin,169,0,0,0,0,GSE185381,GSM5613756_2019-10-25-count-5
IGF1,B_Plasma,bin,169,1,0.00366521816501443,1,0.5917,GSE185381,GSM5613756_2019-10-25-count-5
IGF2,B_Plasma,bin,169,0,0,0,0,GSE185381,GSM5613756_2019-10-25-count-5
VEGFA,B_Plasma,bin,169,2,0.0122283105088823,2,1.1834,GSE185381,GSM5613756_2019-10-25-count-5
FGF2,B_Plasma,bin,169,0,0,0,0,GSE185381,GSM5613756_2019-10-25-count-5
HGF,B_Plasma,bin,169,0,0,0,0,GSE185381,GSM5613756_2019-10-25-count-5
OSM,B_Plasma,bin,169,3,0.0203821590856053,3,1.7751,GSE185381,GSM5613756_2019-10-25-count-5
OSMR,B_Plasma,bin,169,0,0,0,0,GSE185381,GSM5613756_2019-10-25-count-5
IL11,B_Plasma,bin,169,0,0,0,0,GSE185381,GSM5613756_2019-10-25-count-5
SPP1,B_Plasma,bin,169,0,0,0,0,GSE185381,GSM5613756_2019-10-25-count-5
IL1B,B_Plasma,bin,169,1,0.00909851309792355,1,0.5917,GSE185381,GSM5613756_2019-10-25-count-5
IL6,B_Plasma,bin,169,4,0.0415017880333135,5,2.3669,GSE185381,GSM5613756_2019-10-25-count-5
TNF,B_Plasma,bin,169,7,0.0689033786478325,12,4.142,GSE185381,GSM5613756_2019-10-25-count-5
CXCL8,B_Plasma,bin,169,15,0.130247824776191,15,8.8757,GSE185381,GSM5613756_2019-10-25-count-5
IL10,B_Plasma,bin,169,0,0,0,0,GSE185381,GSM5613756_2019-10-25-count-5
IFNG,B_Plasma,bin,169,6,0.0435557303647794,6,3.5503,GSE185381,GSM5613756_2019-10-25-count-5
CCL2,B_Plasma,bin,169,0,0,0,0,GSE185381,GSM5613756_2019-10-25-count-5
CCL3,B_Plasma,bin,169,17,0.151482211611037,19,10.0592,GSE185381,GSM5613756_2019-10-25-count-5
CCL4,B_Plasma,bin,169,10,0.08825934271142,16,5.9172,GSE185381,GSM5613756_2019-10-25-count-5
CXCL1,B_Plasma,bin,169,0,0,0,0,GSE185381,GSM5613756_2019-10-25-count-5
CXCL2,B_Plasma,bin,169,4,0.0303327967869214,4,2.3669,GSE185381,GSM5613756_2019-10-25-count-5
IL18,B_Plasma,bin,169,1,0.0095176248701966,1,0.5917,GSE185381,GSM5613756_2019-10-25-count-5
NLRP3,B_Plasma,bin,169,4,0.0308936284033919,4,2.3669,GSE185381,GSM5613756_2019-10-25-count-5
S100A8,B_Plasma,bin,169,59,0.537429726317679,70,34.9112,GSE185381,GSM5613756_2019-10-25-count-5
S100A9,B_Plasma,bin,169,126,1.36591955046805,236,74.5562,GSE185381,GSM5613756_2019-10-25-count-5
PF4,B_Plasma,bin,169,0,0,0,0,GSE185381,GSM5613756_2019-10-25-count-5
PPBP,B_Plasma,bin,169,0,0,0,0,GSE185381,GSM5613756_2019-10-25-count-5
VWF,B_Plasma,bin,169,0,0,0,0,GSE185381,GSM5613756_2019-10-25-count-5
ITGA2B,B_Plasma,bin,169,0,0,0,0,GSE185381,GSM5613756_2019-10-25-count-5
GP9,B_Plasma,bin,169,0,0,0,0,GSE185381,GSM5613756_2019-10-25-count-5
NFE2,B_Plasma,bin,169,1,0.008697852987984,1,0.5917,GSE185381,GSM5613756_2019-10-25-count-5
GATA1,B_Plasma,bin,169,1,0.0086029457661183,1,0.5917,GSE185381,GSM5613756_2019-10-25-count-5
MPL,B_Plasma,bin,169,0,0,0,0,GSE185381,GSM5613756_2019-10-25-count-5
CALR,B_Plasma,bin,169,74,0.747511715879967,153,43.787,GSE185381,GSM5613756_2019-10-25-count-5
JAK2,B_Plasma,bin,169,12,0.113907217588116,14,7.1006,GSE185381,GSM5613756_2019-10-25-count-5
LEPR,B_Plasma,bin,169,0,0,0,0,GSE185381,GSM5613756_2019-10-25-count-5
CXCL12,B_Plasma,bin,169,0,0,0,0,GSE185381,GSM5613756_2019-10-25-count-5
KITLG,B_Plasma,bin,169,1,0.00391404790556439,1,0.5917,GSE185381,GSM5613756_2019-10-25-count-5
ANGPT1,B_Plasma,bin,169,1,0.0103485845192764,1,0.5917,GSE185381,GSM5613756_2019-10-25-count-5
VCAM1,B_Plasma,bin,169,0,0,0,0,GSE185381,GSM5613756_2019-10-25-count-5
NES,B_Plasma,bin,169,0,0,0,0,GSE185381,GSM5613756_2019-10-25-count-5
NGFR,B_Plasma,bin,169,1,0.00976331788863804,1,0.5917,GSE185381,GSM5613756_2019-10-25-count-5
SFRP2,B_Plasma,bin,169,0,0,0,0,GSE185381,GSM5613756_2019-10-25-count-5
SFRP4,B_Plasma,bin,169,0,0,0,0,GSE185381,GSM5613756_2019-10-25-count-5
GREM1,B_Plasma,bin,169,2,0.0158950460249051,2,1.1834,GSE185381,GSM5613756_2019-10-25-count-5
FAP,B_Plasma,bin,169,1,0.00933656916817184,1,0.5917,GSE185381,GSM5613756_2019-10-25-count-5
BGLAP,B_Plasma,bin,169,0,0,0,0,GSE185381,GSM5613756_2019-10-25-count-5
RUNX2,B_Plasma,bin,169,4,0.0349339517263948,4,2.3669,GSE185381,GSM5613756_2019-10-25-count-5
SP7,B_Plasma,bin,169,0,0,0,0,GSE185381,GSM5613756_2019-10-25-count-5
ACTA2,B_Plasma,bin,169,2,0.0165168115451539,2,1.1834,GSE185381,GSM5613756_2019-10-25-count-5
TAGLN,B_Plasma,bin,169,4,0.0394743170209056,5,2.3669,GSE185381,GSM5613756_2019-10-25-count-5
RGS5,B_Plasma,bin,169,0,0,0,0,GSE185381,GSM5613756_2019-10-25-count-5
MYH11,B_Plasma,bin,169,6,0.0531606683210361,6,3.5503,GSE185381,GSM5613756_2019-10-25-count-5
CDH5,B_Plasma,bin,169,0,0,0,0,GSE185381,GSM5613756_2019-10-25-count-5
PECAM1,B_Plasma,bin,169,11,0.0947293169075275,13,6.5089,GSE185381,GSM5613756_2019-10-25-count-5
EMCN,B_Plasma,bin,169,0,0,0,0,GSE185381,GSM5613756_2019-10-25-count-5
HIF1A,B_Plasma,bin,169,118,1.30331257784663,217,69.8225,GSE185381,GSM5613756_2019-10-25-count-5
EPAS1,B_Plasma,bin,169,0,0,0,0,GSE185381,GSM5613756_2019-10-25-count-5
CA9,B_Plasma,bin,169,0,0,0,0,GSE185381,GSM5613756_2019-10-25-count-5
LDHA,B_Plasma,bin,169,33,0.269231347407475,39,19.5266,GSE185381,GSM5613756_2019-10-25-count-5
SLC2A1,B_Plasma,bin,169,21,0.183668621160971,23,12.426,GSE185381,GSM5613756_2019-10-25-count-5
PGK1,B_Plasma,bin,169,45,0.385590161171728,55,26.6272,GSE185381,GSM5613756_2019-10-25-count-5
ADM,B_Plasma,bin,169,0,0,0,0,GSE185381,GSM5613756_2019-10-25-count-5
BNIP3,B_Plasma,bin,169,5,0.0386469964478992,5,2.9586,GSE185381,GSM5613756_2019-10-25-count-5
NDRG1,B_Plasma,bin,169,11,0.10107009287796,12,6.5089,GSE185381,GSM5613756_2019-10-25-count-5
SNAI1,B_Plasma,bin,169,0,0,0,0,GSE185381,GSM5613756_2019-10-25-count-5
SNAI2,B_Plasma,bin,169,0,0,0,0,GSE185381,GSM5613756_2019-10-25-count-5
TWIST1,B_Plasma,bin,169,0,0,0,0,GSE185381,GSM5613756_2019-10-25-count-5
ZEB1,B_Plasma,bin,169,37,0.327042605281909,42,21.8935,GSE185381,GSM5613756_2019-10-25-count-5
ZEB2,B_Plasma,bin,169,81,0.829017815271785,131,47.929,GSE185381,GSM5613756_2019-10-25-count-5
VIM,B_Plasma,bin,169,122,1.52656849225115,428,72.1893,GSE185381,GSM5613756_2019-10-25-count-5
CDH2,B_Plasma,bin,169,0,0,0,0,GSE185381,GSM5613756_2019-10-25-count-5
NECTIN4,B_Plasma,bin,169,0,0,0,0,GSE185381,GSM5613756_2019-10-25-count-5
NECTIN1,B_Plasma,bin,169,2,0.0160250698210575,2,1.1834,GSE185381,GSM5613756_2019-10-25-count-5
NECTIN2,B_Plasma,bin,169,1,0.00820336902844804,1,0.5917,GSE185381,GSM5613756_2019-10-25-count-5
NECTIN3,B_Plasma,bin,169,1,0.00826244413102042,1,0.5917,GSE185381,GSM5613756_2019-10-25-count-5
PVR,B_Plasma,bin,169,1,0.0082462353106515,1,0.5917,GSE185381,GSM5613756_2019-10-25-count-5
TIGIT,B_Plasma,bin,169,4,0.0377156947420961,4,2.3669,GSE185381,GSM5613756_2019-10-25-count-5
CD226,B_Plasma,bin,169,2,0.0147452332124924,2,1.1834,GSE185381,GSM5613756_2019-10-25-count-5
CD96,B_Plasma,bin,169,18,0.157114250106255,21,10.6509,GSE185381,GSM5613756_2019-10-25-count-5
C1QA,B_Plasma,bin,169,2,0.0186787231621734,2,1.1834,GSE185381,GSM5613756_2019-10-25-count-5
C1QB,B_Plasma,bin,169,1,0.00678343248545272,1,0.5917,GSE185381,GSM5613756_2019-10-25-count-5
C1QC,B_Plasma,bin,169,0,0,0,0,GSE185381,GSM5613756_2019-10-25-count-5
CD163,B_Plasma,bin,169,4,0.0311946610412075,4,2.3669,GSE185381,GSM5613756_2019-10-25-count-5
MRC1,B_Plasma,bin,169,0,0,0,0,GSE185381,GSM5613756_2019-10-25-count-5
VSIG4,B_Plasma,bin,169,1,0.00909172971999169,1,0.5917,GSE185381,GSM5613756_2019-10-25-count-5
SELENOP,B_Plasma,bin,169,1,0.00783342970425336,1,0.5917,GSE185381,GSM5613756_2019-10-25-count-5
STAB1,B_Plasma,bin,169,10,0.081488273708662,10,5.9172,GSE185381,GSM5613756_2019-10-25-count-5
LYVE1,B_Plasma,bin,169,0,0,0,0,GSE185381,GSM5613756_2019-10-25-count-5
MAF,B_Plasma,bin,169,3,0.0250865765838508,4,1.7751,GSE185381,GSM5613756_2019-10-25-count-5
FCN1,B_Plasma,bin,169,17,0.161399984736016,18,10.0592,GSE185381,GSM5613756_2019-10-25-count-5
S100A12,B_Plasma,bin,169,7,0.0557207545881812,7,4.142,GSE185381,GSM5613756_2019-10-25-count-5
SELL,B_Plasma,bin,169,36,0.341165995516191,45,21.3018,GSE185381,GSM5613756_2019-10-25-count-5
CSF3R,B_Plasma,bin,169,4,0.0351213016665779,4,2.3669,GSE185381,GSM5613756_2019-10-25-count-5
PLAC8,B_Plasma,bin,169,72,0.694581158812674,97,42.6036,GSE185381,GSM5613756_2019-10-25-count-5
COL1A1,Erythroid,bin,33,0,0,0,0,GSE185381,GSM5613756_2019-10-25-count-5
COL1A2,Erythroid,bin,33,0,0,0,0,GSE185381,GSM5613756_2019-10-25-count-5
COL3A1,Erythroid,bin,33,0,0,0,0,GSE185381,GSM5613756_2019-10-25-count-5
COL4A1,Erythroid,bin,33,0,0,0,0,GSE185381,GSM5613756_2019-10-25-count-5
COL5A1,Erythroid,bin,33,2,0.0574656572604927,2,6.0606,GSE185381,GSM5613756_2019-10-25-count-5
COL5A2,Erythroid,bin,33,0,0,0,0,GSE185381,GSM5613756_2019-10-25-count-5
COL6A1,Erythroid,bin,33,0,0,0,0,GSE185381,GSM5613756_2019-10-25-count-5
COL6A2,Erythroid,bin,33,1,0.0380601994681148,1,3.0303,GSE185381,GSM5613756_2019-10-25-count-5
COL6A3,Erythroid,bin,33,0,0,0,0,GSE185381,GSM5613756_2019-10-25-count-5
COL11A1,Erythroid,bin,33,0,0,0,0,GSE185381,GSM5613756_2019-10-25-count-5
FN1,Erythroid,bin,33,0,0,0,0,GSE185381,GSM5613756_2019-10-25-count-5
LUM,Erythroid,bin,33,0,0,0,0,GSE185381,GSM5613756_2019-10-25-count-5
DCN,Erythroid,bin,33,0,0,0,0,GSE185381,GSM5613756_2019-10-25-count-5
POSTN,Erythroid,bin,33,0,0,0,0,GSE185381,GSM5613756_2019-10-25-count-5
SPARC,Erythroid,bin,33,0,0,0,0,GSE185381,GSM5613756_2019-10-25-count-5
BGN,Erythroid,bin,33,0,0,0,0,GSE185381,GSM5613756_2019-10-25-count-5
VCAN,Erythroid,bin,33,12,0.353927765805064,16,36.3636,GSE185381,GSM5613756_2019-10-25-count-5
ELN,Erythroid,bin,33,0,0,0,0,GSE185381,GSM5613756_2019-10-25-count-5
FBN1,Erythroid,bin,33,2,0.0549734270528015,2,6.0606,GSE185381,GSM5613756_2019-10-25-count-5
MGP,Erythroid,bin,33,1,0.0380601994681148,1,3.0303,GSE185381,GSM5613756_2019-10-25-count-5
OGN,Erythroid,bin,33,0,0,0,0,GSE185381,GSM5613756_2019-10-25-count-5
ASPN,Erythroid,bin,33,1,0.0249347969631245,1,3.0303,GSE185381,GSM5613756_2019-10-25-count-5
TNC,Erythroid,bin,33,0,0,0,0,GSE185381,GSM5613756_2019-10-25-count-5
LTBP1,Erythroid,bin,33,8,0.423695636447884,20,24.2424,GSE185381,GSM5613756_2019-10-25-count-5
LTBP2,Erythroid,bin,33,0,0,0,0,GSE185381,GSM5613756_2019-10-25-count-5
LOX,Erythroid,bin,33,1,0.0192863406590903,1,3.0303,GSE185381,GSM5613756_2019-10-25-count-5
LOXL1,Erythroid,bin,33,0,0,0,0,GSE185381,GSM5613756_2019-10-25-count-5
LOXL2,Erythroid,bin,33,1,0.0219067323255752,1,3.0303,GSE185381,GSM5613756_2019-10-25-count-5
PLOD1,Erythroid,bin,33,3,0.0631271435771207,3,9.0909,GSE185381,GSM5613756_2019-10-25-count-5
PLOD2,Erythroid,bin,33,5,0.134049043687543,6,15.1515,GSE185381,GSM5613756_2019-10-25-count-5
SERPINH1,Erythroid,bin,33,2,0.0422602594259284,2,6.0606,GSE185381,GSM5613756_2019-10-25-count-5
SERPINE1,Erythroid,bin,33,0,0,0,0,GSE185381,GSM5613756_2019-10-25-count-5
TIMP1,Erythroid,bin,33,19,0.668698756356924,34,57.5758,GSE185381,GSM5613756_2019-10-25-count-5
TIMP2,Erythroid,bin,33,3,0.085718872023041,3,9.0909,GSE185381,GSM5613756_2019-10-25-count-5
TIMP3,Erythroid,bin,33,8,0.22298417808823,10,24.2424,GSE185381,GSM5613756_2019-10-25-count-5
MMP2,Erythroid,bin,33,0,0,0,0,GSE185381,GSM5613756_2019-10-25-count-5
MMP9,Erythroid,bin,33,0,0,0,0,GSE185381,GSM5613756_2019-10-25-count-5
MMP14,Erythroid,bin,33,0,0,0,0,GSE185381,GSM5613756_2019-10-25-count-5
CTSK,Erythroid,bin,33,1,0.0219067323255752,1,3.0303,GSE185381,GSM5613756_2019-10-25-count-5
ADAMTS1,Erythroid,bin,33,1,0.0465520012895204,1,3.0303,GSE185381,GSM5613756_2019-10-25-count-5
TGFB1,Erythroid,bin,33,20,0.705876937021839,34,60.6061,GSE185381,GSM5613756_2019-10-25-count-5
TGFB2,Erythroid,bin,33,0,0,0,0,GSE185381,GSM5613756_2019-10-25-count-5
TGFB3,Erythroid,bin,33,0,0,0,0,GSE185381,GSM5613756_2019-10-25-count-5
TGFBR1,Erythroid,bin,33,0,0,0,0,GSE185381,GSM5613756_2019-10-25-count-5
TGFBR2,Erythroid,bin,33,7,0.259664500171551,10,21.2121,GSE185381,GSM5613756_2019-10-25-count-5
PDGFA,Erythroid,bin,33,0,0,0,0,GSE185381,GSM5613756_2019-10-25-count-5
PDGFB,Erythroid,bin,33,0,0,0,0,GSE185381,GSM5613756_2019-10-25-count-5
PDGFRA,Erythroid,bin,33,0,0,0,0,GSE185381,GSM5613756_2019-10-25-count-5
PDGFRB,Erythroid,bin,33,0,0,0,0,GSE185381,GSM5613756_2019-10-25-count-5
CCN2,Erythroid,bin,33,0,0,0,0,GSE185381,GSM5613756_2019-10-25-count-5
CCN1,Erythroid,bin,33,0,0,0,0,GSE185381,GSM5613756_2019-10-25-count-5
IGF1,Erythroid,bin,33,0,0,0,0,GSE185381,GSM5613756_2019-10-25-count-5
IGF2,Erythroid,bin,33,0,0,0,0,GSE185381,GSM5613756_2019-10-25-count-5
VEGFA,Erythroid,bin,33,1,0.0473846806615882,1,3.0303,GSE185381,GSM5613756_2019-10-25-count-5
FGF2,Erythroid,bin,33,0,0,0,0,GSE185381,GSM5613756_2019-10-25-count-5
HGF,Erythroid,bin,33,0,0,0,0,GSE185381,GSM5613756_2019-10-25-count-5
OSM,Erythroid,bin,33,0,0,0,0,GSE185381,GSM5613756_2019-10-25-count-5
OSMR,Erythroid,bin,33,0,0,0,0,GSE185381,GSM5613756_2019-10-25-count-5
IL11,Erythroid,bin,33,0,0,0,0,GSE185381,GSM5613756_2019-10-25-count-5
SPP1,Erythroid,bin,33,0,0,0,0,GSE185381,GSM5613756_2019-10-25-count-5
IL1B,Erythroid,bin,33,5,0.132324380999099,7,15.1515,GSE185381,GSM5613756_2019-10-25-count-5
IL6,Erythroid,bin,33,0,0,0,0,GSE185381,GSM5613756_2019-10-25-count-5
TNF,Erythroid,bin,33,0,0,0,0,GSE185381,GSM5613756_2019-10-25-count-5
CXCL8,Erythroid,bin,33,13,0.782579758376356,76,39.3939,GSE185381,GSM5613756_2019-10-25-count-5
IL10,Erythroid,bin,33,0,0,0,0,GSE185381,GSM5613756_2019-10-25-count-5
IFNG,Erythroid,bin,33,0,0,0,0,GSE185381,GSM5613756_2019-10-25-count-5
CCL2,Erythroid,bin,33,0,0,0,0,GSE185381,GSM5613756_2019-10-25-count-5
CCL3,Erythroid,bin,33,10,0.28209067252325,10,30.303,GSE185381,GSM5613756_2019-10-25-count-5
CCL4,Erythroid,bin,33,3,0.105782938000648,4,9.0909,GSE185381,GSM5613756_2019-10-25-count-5
CXCL1,Erythroid,bin,33,0,0,0,0,GSE185381,GSM5613756_2019-10-25-count-5
CXCL2,Erythroid,bin,33,2,0.0900141930670784,5,6.0606,GSE185381,GSM5613756_2019-10-25-count-5
IL18,Erythroid,bin,33,11,0.347681427391093,13,33.3333,GSE185381,GSM5613756_2019-10-25-count-5
NLRP3,Erythroid,bin,33,3,0.0730113228540316,3,9.0909,GSE185381,GSM5613756_2019-10-25-count-5
S100A8,Erythroid,bin,33,18,0.500792460563151,21,54.5455,GSE185381,GSM5613756_2019-10-25-count-5
S100A9,Erythroid,bin,33,29,1.3271116525383,78,87.8788,GSE185381,GSM5613756_2019-10-25-count-5
PF4,Erythroid,bin,33,0,0,0,0,GSE185381,GSM5613756_2019-10-25-count-5
PPBP,Erythroid,bin,33,0,0,0,0,GSE185381,GSM5613756_2019-10-25-count-5
VWF,Erythroid,bin,33,0,0,0,0,GSE185381,GSM5613756_2019-10-25-count-5
ITGA2B,Erythroid,bin,33,19,0.705520693028554,43,57.5758,GSE185381,GSM5613756_2019-10-25-count-5
GP9,Erythroid,bin,33,0,0,0,0,GSE185381,GSM5613756_2019-10-25-count-5
NFE2,Erythroid,bin,33,14,0.461292300997666,19,42.4242,GSE185381,GSM5613756_2019-10-25-count-5
GATA1,Erythroid,bin,33,10,0.260147039872892,13,30.303,GSE185381,GSM5613756_2019-10-25-count-5
MPL,Erythroid,bin,33,1,0.0281305151320476,1,3.0303,GSE185381,GSM5613756_2019-10-25-count-5
CALR,Erythroid,bin,33,24,1.19947441066143,84,72.7273,GSE185381,GSM5613756_2019-10-25-count-5
JAK2,Erythroid,bin,33,3,0.0704040025079239,3,9.0909,GSE185381,GSM5613756_2019-10-25-count-5
LEPR,Erythroid,bin,33,3,0.0587690168263989,3,9.0909,GSE185381,GSM5613756_2019-10-25-count-5
CXCL12,Erythroid,bin,33,0,0,0,0,GSE185381,GSM5613756_2019-10-25-count-5
KITLG,Erythroid,bin,33,0,0,0,0,GSE185381,GSM5613756_2019-10-25-count-5
ANGPT1,Erythroid,bin,33,7,0.226335768817583,9,21.2121,GSE185381,GSM5613756_2019-10-25-count-5
VCAM1,Erythroid,bin,33,0,0,0,0,GSE185381,GSM5613756_2019-10-25-count-5
NES,Erythroid,bin,33,0,0,0,0,GSE185381,GSM5613756_2019-10-25-count-5
NGFR,Erythroid,bin,33,0,0,0,0,GSE185381,GSM5613756_2019-10-25-count-5
SFRP2,Erythroid,bin,33,0,0,0,0,GSE185381,GSM5613756_2019-10-25-count-5
SFRP4,Erythroid,bin,33,1,0.038540466177932,1,3.0303,GSE185381,GSM5613756_2019-10-25-count-5
GREM1,Erythroid,bin,33,1,0.0192863406590903,1,3.0303,GSE185381,GSM5613756_2019-10-25-count-5
FAP,Erythroid,bin,33,0,0,0,0,GSE185381,GSM5613756_2019-10-25-count-5
BGLAP,Erythroid,bin,33,0,0,0,0,GSE185381,GSM5613756_2019-10-25-count-5
RUNX2,Erythroid,bin,33,4,0.120128017455363,4,12.1212,GSE185381,GSM5613756_2019-10-25-count-5
SP7,Erythroid,bin,33,0,0,0,0,GSE185381,GSM5613756_2019-10-25-count-5
ACTA2,Erythroid,bin,33,2,0.0497808056066394,2,6.0606,GSE185381,GSM5613756_2019-10-25-count-5
TAGLN,Erythroid,bin,33,0,0,0,0,GSE185381,GSM5613756_2019-10-25-count-5
RGS5,Erythroid,bin,33,0,0,0,0,GSE185381,GSM5613756_2019-10-25-count-5
MYH11,Erythroid,bin,33,4,0.124778028574304,6,12.1212,GSE185381,GSM5613756_2019-10-25-count-5
CDH5,Erythroid,bin,33,0,0,0,0,GSE185381,GSM5613756_2019-10-25-count-5
PECAM1,Erythroid,bin,33,7,0.229926752238889,10,21.2121,GSE185381,GSM5613756_2019-10-25-count-5
EMCN,Erythroid,bin,33,0,0,0,0,GSE185381,GSM5613756_2019-10-25-count-5
HIF1A,Erythroid,bin,33,25,0.804729878740931,34,75.7576,GSE185381,GSM5613756_2019-10-25-count-5
EPAS1,Erythroid,bin,33,0,0,0,0,GSE185381,GSM5613756_2019-10-25-count-5
CA9,Erythroid,bin,33,0,0,0,0,GSE185381,GSM5613756_2019-10-25-count-5
LDHA,Erythroid,bin,33,20,0.788292214158774,50,60.6061,GSE185381,GSM5613756_2019-10-25-count-5
SLC2A1,Erythroid,bin,33,8,0.222414110593759,9,24.2424,GSE185381,GSM5613756_2019-10-25-count-5
PGK1,Erythroid,bin,33,24,0.880186148610047,43,72.7273,GSE185381,GSM5613756_2019-10-25-count-5
ADM,Erythroid,bin,33,1,0.0370362588873451,1,3.0303,GSE185381,GSM5613756_2019-10-25-count-5
BNIP3,Erythroid,bin,33,5,0.174117267083528,9,15.1515,GSE185381,GSM5613756_2019-10-25-count-5
NDRG1,Erythroid,bin,33,7,0.19647946821489,9,21.2121,GSE185381,GSM5613756_2019-10-25-count-5
SNAI1,Erythroid,bin,33,0,0,0,0,GSE185381,GSM5613756_2019-10-25-count-5
SNAI2,Erythroid,bin,33,0,0,0,0,GSE185381,GSM5613756_2019-10-25-count-5
TWIST1,Erythroid,bin,33,0,0,0,0,GSE185381,GSM5613756_2019-10-25-count-5
ZEB1,Erythroid,bin,33,8,0.215073120185942,10,24.2424,GSE185381,GSM5613756_2019-10-25-count-5
ZEB2,Erythroid,bin,33,32,1.65977144453,119,96.9697,GSE185381,GSM5613756_2019-10-25-count-5
VIM,Erythroid,bin,33,31,2.36251301774306,301,93.9394,GSE185381,GSM5613756_2019-10-25-count-5
CDH2,Erythroid,bin,33,0,0,0,0,GSE185381,GSM5613756_2019-10-25-count-5
NECTIN4,Erythroid,bin,33,0,0,0,0,GSE185381,GSM5613756_2019-10-25-count-5
NECTIN1,Erythroid,bin,33,4,0.085136734257803,4,12.1212,GSE185381,GSM5613756_2019-10-25-count-5
NECTIN2,Erythroid,bin,33,6,0.193884572241963,7,18.1818,GSE185381,GSM5613756_2019-10-25-count-5
NECTIN3,Erythroid,bin,33,0,0,0,0,GSE185381,GSM5613756_2019-10-25-count-5
PVR,Erythroid,bin,33,0,0,0,0,GSE185381,GSM5613756_2019-10-25-count-5
TIGIT,Erythroid,bin,33,0,0,0,0,GSE185381,GSM5613756_2019-10-25-count-5
CD226,Erythroid,bin,33,0,0,0,0,GSE185381,GSM5613756_2019-10-25-count-5
CD96,Erythroid,bin,33,8,0.326907265867508,12,24.2424,GSE185381,GSM5613756_2019-10-25-count-5
C1QA,Erythroid,bin,33,0,0,0,0,GSE185381,GSM5613756_2019-10-25-count-5
C1QB,Erythroid,bin,33,0,0,0,0,GSE185381,GSM5613756_2019-10-25-count-5
C1QC,Erythroid,bin,33,0,0,0,0,GSE185381,GSM5613756_2019-10-25-count-5
CD163,Erythroid,bin,33,0,0,0,0,GSE185381,GSM5613756_2019-10-25-count-5
MRC1,Erythroid,bin,33,0,0,0,0,GSE185381,GSM5613756_2019-10-25-count-5
VSIG4,Erythroid,bin,33,0,0,0,0,GSE185381,GSM5613756_2019-10-25-count-5
SELENOP,Erythroid,bin,33,8,0.30874818688004,11,24.2424,GSE185381,GSM5613756_2019-10-25-count-5
STAB1,Erythroid,bin,33,2,0.0570661468303402,2,6.0606,GSE185381,GSM5613756_2019-10-25-count-5
LYVE1,Erythroid,bin,33,0,0,0,0,GSE185381,GSM5613756_2019-10-25-count-5
MAF,Erythroid,bin,33,0,0,0,0,GSE185381,GSM5613756_2019-10-25-count-5
FCN1,Erythroid,bin,33,6,0.189812159347115,8,18.1818,GSE185381,GSM5613756_2019-10-25-count-5
S100A12,Erythroid,bin,33,2,0.0426916090559878,2,6.0606,GSE185381,GSM5613756_2019-10-25-count-5
SELL,Erythroid,bin,33,7,0.371535685749479,18,21.2121,GSE185381,GSM5613756_2019-10-25-count-5
CSF3R,Erythroid,bin,33,9,0.345213430055039,17,27.2727,GSE185381,GSM5613756_2019-10-25-count-5
PLAC8,Erythroid,bin,33,17,0.553845713305746,29,51.5152,GSE185381,GSM5613756_2019-10-25-count-5
COL1A1,unassigned,bin,163,3,0.0213939788949129,3,1.8405,GSE185381,GSM5613756_2019-10-25-count-5
COL1A2,unassigned,bin,163,0,0,0,0,GSE185381,GSM5613756_2019-10-25-count-5
COL3A1,unassigned,bin,163,0,0,0,0,GSE185381,GSM5613756_2019-10-25-count-5
COL4A1,unassigned,bin,163,0,0,0,0,GSE185381,GSM5613756_2019-10-25-count-5
COL5A1,unassigned,bin,163,4,0.0228660525777711,4,2.454,GSE185381,GSM5613756_2019-10-25-count-5
COL5A2,unassigned,bin,163,1,0.00466339981899572,1,0.6135,GSE185381,GSM5613756_2019-10-25-count-5
COL6A1,unassigned,bin,163,0,0,0,0,GSE185381,GSM5613756_2019-10-25-count-5
COL6A2,unassigned,bin,163,3,0.0178435181681961,3,1.8405,GSE185381,GSM5613756_2019-10-25-count-5
COL6A3,unassigned,bin,163,1,0.00605531863360678,1,0.6135,GSE185381,GSM5613756_2019-10-25-count-5
COL11A1,unassigned,bin,163,0,0,0,0,GSE185381,GSM5613756_2019-10-25-count-5
FN1,unassigned,bin,163,0,0,0,0,GSE185381,GSM5613756_2019-10-25-count-5
LUM,unassigned,bin,163,0,0,0,0,GSE185381,GSM5613756_2019-10-25-count-5
DCN,unassigned,bin,163,0,0,0,0,GSE185381,GSM5613756_2019-10-25-count-5
POSTN,unassigned,bin,163,0,0,0,0,GSE185381,GSM5613756_2019-10-25-count-5
SPARC,unassigned,bin,163,4,0.0282878576098522,4,2.454,GSE185381,GSM5613756_2019-10-25-count-5
BGN,unassigned,bin,163,0,0,0,0,GSE185381,GSM5613756_2019-10-25-count-5
VCAN,unassigned,bin,163,87,1.03391739369189,455,53.3742,GSE185381,GSM5613756_2019-10-25-count-5
ELN,unassigned,bin,163,3,0.017483678417474,3,1.8405,GSE185381,GSM5613756_2019-10-25-count-5
FBN1,unassigned,bin,163,0,0,0,0,GSE185381,GSM5613756_2019-10-25-count-5
MGP,unassigned,bin,163,1,0.00491945667062885,1,0.6135,GSE185381,GSM5613756_2019-10-25-count-5
OGN,unassigned,bin,163,0,0,0,0,GSE185381,GSM5613756_2019-10-25-count-5
ASPN,unassigned,bin,163,0,0,0,0,GSE185381,GSM5613756_2019-10-25-count-5
TNC,unassigned,bin,163,0,0,0,0,GSE185381,GSM5613756_2019-10-25-count-5
LTBP1,unassigned,bin,163,9,0.06952495344397,14,5.5215,GSE185381,GSM5613756_2019-10-25-count-5
LTBP2,unassigned,bin,163,0,0,0,0,GSE185381,GSM5613756_2019-10-25-count-5
LOX,unassigned,bin,163,0,0,0,0,GSE185381,GSM5613756_2019-10-25-count-5
LOXL1,unassigned,bin,163,0,0,0,0,GSE185381,GSM5613756_2019-10-25-count-5
LOXL2,unassigned,bin,163,0,0,0,0,GSE185381,GSM5613756_2019-10-25-count-5
PLOD1,unassigned,bin,163,9,0.0670164143163809,14,5.5215,GSE185381,GSM5613756_2019-10-25-count-5
PLOD2,unassigned,bin,163,0,0,0,0,GSE185381,GSM5613756_2019-10-25-count-5
SERPINH1,unassigned,bin,163,0,0,0,0,GSE185381,GSM5613756_2019-10-25-count-5
SERPINE1,unassigned,bin,163,3,0.0160708619425688,3,1.8405,GSE185381,GSM5613756_2019-10-25-count-5
TIMP1,unassigned,bin,163,103,1.08480562239459,300,63.1902,GSE185381,GSM5613756_2019-10-25-count-5
TIMP2,unassigned,bin,163,36,0.251795190935193,42,22.0859,GSE185381,GSM5613756_2019-10-25-count-5
TIMP3,unassigned,bin,163,0,0,0,0,GSE185381,GSM5613756_2019-10-25-count-5
MMP2,unassigned,bin,163,17,0.10850215494827,19,10.4294,GSE185381,GSM5613756_2019-10-25-count-5
MMP9,unassigned,bin,163,1,0.0101667270507178,1,0.6135,GSE185381,GSM5613756_2019-10-25-count-5
MMP14,unassigned,bin,163,0,0,0,0,GSE185381,GSM5613756_2019-10-25-count-5
CTSK,unassigned,bin,163,3,0.0247691257464933,3,1.8405,GSE185381,GSM5613756_2019-10-25-count-5
ADAMTS1,unassigned,bin,163,0,0,0,0,GSE185381,GSM5613756_2019-10-25-count-5
TGFB1,unassigned,bin,163,100,0.876635075387237,172,61.3497,GSE185381,GSM5613756_2019-10-25-count-5
TGFB2,unassigned,bin,163,0,0,0,0,GSE185381,GSM5613756_2019-10-25-count-5
TGFB3,unassigned,bin,163,1,0.00857360804861545,1,0.6135,GSE185381,GSM5613756_2019-10-25-count-5
TGFBR1,unassigned,bin,163,27,0.179765158163455,28,16.5644,GSE185381,GSM5613756_2019-10-25-count-5
TGFBR2,unassigned,bin,163,23,0.164507662942075,27,14.1104,GSE185381,GSM5613756_2019-10-25-count-5
PDGFA,unassigned,bin,163,2,0.0135467972254933,2,1.227,GSE185381,GSM5613756_2019-10-25-count-5
PDGFB,unassigned,bin,163,0,0,0,0,GSE185381,GSM5613756_2019-10-25-count-5
PDGFRA,unassigned,bin,163,0,0,0,0,GSE185381,GSM5613756_2019-10-25-count-5
PDGFRB,unassigned,bin,163,0,0,0,0,GSE185381,GSM5613756_2019-10-25-count-5
CCN2,unassigned,bin,163,0,0,0,0,GSE185381,GSM5613756_2019-10-25-count-5
CCN1,unassigned,bin,163,0,0,0,0,GSE185381,GSM5613756_2019-10-25-count-5
IGF1,unassigned,bin,163,5,0.0384231932377052,6,3.0675,GSE185381,GSM5613756_2019-10-25-count-5
IGF2,unassigned,bin,163,0,0,0,0,GSE185381,GSM5613756_2019-10-25-count-5
VEGFA,unassigned,bin,163,12,0.0872953170050167,14,7.362,GSE185381,GSM5613756_2019-10-25-count-5
FGF2,unassigned,bin,163,0,0,0,0,GSE185381,GSM5613756_2019-10-25-count-5
HGF,unassigned,bin,163,6,0.0462519889990898,6,3.681,GSE185381,GSM5613756_2019-10-25-count-5
OSM,unassigned,bin,163,7,0.0429418817153853,7,4.2945,GSE185381,GSM5613756_2019-10-25-count-5
OSMR,unassigned,bin,163,1,0.00529247741426219,1,0.6135,GSE185381,GSM5613756_2019-10-25-count-5
IL11,unassigned,bin,163,0,0,0,0,GSE185381,GSM5613756_2019-10-25-count-5
SPP1,unassigned,bin,163,4,0.0238014937322178,5,2.454,GSE185381,GSM5613756_2019-10-25-count-5
IL1B,unassigned,bin,163,12,0.141807812075659,47,7.362,GSE185381,GSM5613756_2019-10-25-count-5
IL6,unassigned,bin,163,3,0.0367207909563383,5,1.8405,GSE185381,GSM5613756_2019-10-25-count-5
TNF,unassigned,bin,163,22,0.246961608957742,63,13.4969,GSE185381,GSM5613756_2019-10-25-count-5
CXCL8,unassigned,bin,163,100,1.46211410146972,772,61.3497,GSE185381,GSM5613756_2019-10-25-count-5
IL10,unassigned,bin,163,1,0.00846688016480852,1,0.6135,GSE185381,GSM5613756_2019-10-25-count-5
IFNG,unassigned,bin,163,10,0.120539237163986,15,6.135,GSE185381,GSM5613756_2019-10-25-count-5
CCL2,unassigned,bin,163,0,0,0,0,GSE185381,GSM5613756_2019-10-25-count-5
CCL3,unassigned,bin,163,45,0.665889302683849,397,27.6074,GSE185381,GSM5613756_2019-10-25-count-5
CCL4,unassigned,bin,163,31,0.378262333652873,102,19.0184,GSE185381,GSM5613756_2019-10-25-count-5
CXCL1,unassigned,bin,163,1,0.00600460541300297,1,0.6135,GSE185381,GSM5613756_2019-10-25-count-5
CXCL2,unassigned,bin,163,40,0.364853209058599,79,24.5399,GSE185381,GSM5613756_2019-10-25-count-5
IL18,unassigned,bin,163,49,0.387791463425807,78,30.0613,GSE185381,GSM5613756_2019-10-25-count-5
NLRP3,unassigned,bin,163,40,0.332721808754105,67,24.5399,GSE185381,GSM5613756_2019-10-25-count-5
S100A8,unassigned,bin,163,88,0.949303166706466,333,53.9877,GSE185381,GSM5613756_2019-10-25-count-5
S100A9,unassigned,bin,163,145,1.95021237818777,1000,88.9571,GSE185381,GSM5613756_2019-10-25-count-5
PF4,unassigned,bin,163,2,0.0250140973069599,4,1.227,GSE185381,GSM5613756_2019-10-25-count-5
PPBP,unassigned,bin,163,3,0.0226877640444624,3,1.8405,GSE185381,GSM5613756_2019-10-25-count-5
VWF,unassigned,bin,163,1,0.00570651440653954,1,0.6135,GSE185381,GSM5613756_2019-10-25-count-5
ITGA2B,unassigned,bin,163,4,0.0374081399330016,4,2.454,GSE185381,GSM5613756_2019-10-25-count-5
GP9,unassigned,bin,163,0,0,0,0,GSE185381,GSM5613756_2019-10-25-count-5
NFE2,unassigned,bin,163,20,0.138124857368476,23,12.2699,GSE185381,GSM5613756_2019-10-25-count-5
GATA1,unassigned,bin,163,1,0.00561957568610534,1,0.6135,GSE185381,GSM5613756_2019-10-25-count-5
MPL,unassigned,bin,163,0,0,0,0,GSE185381,GSM5613756_2019-10-25-count-5
CALR,unassigned,bin,163,96,0.895534706288689,212,58.8957,GSE185381,GSM5613756_2019-10-25-count-5
JAK2,unassigned,bin,163,33,0.251994363960372,39,20.2454,GSE185381,GSM5613756_2019-10-25-count-5
LEPR,unassigned,bin,163,16,0.123393651730124,21,9.816,GSE185381,GSM5613756_2019-10-25-count-5
CXCL12,unassigned,bin,163,1,0.0169896537365843,4,0.6135,GSE185381,GSM5613756_2019-10-25-count-5
KITLG,unassigned,bin,163,2,0.0118909269325982,2,1.227,GSE185381,GSM5613756_2019-10-25-count-5
ANGPT1,unassigned,bin,163,68,0.617083715192651,159,41.7178,GSE185381,GSM5613756_2019-10-25-count-5
VCAM1,unassigned,bin,163,1,0.00892038968262475,2,0.6135,GSE185381,GSM5613756_2019-10-25-count-5
NES,unassigned,bin,163,0,0,0,0,GSE185381,GSM5613756_2019-10-25-count-5
NGFR,unassigned,bin,163,0,0,0,0,GSE185381,GSM5613756_2019-10-25-count-5
SFRP2,unassigned,bin,163,0,0,0,0,GSE185381,GSM5613756_2019-10-25-count-5
SFRP4,unassigned,bin,163,0,0,0,0,GSE185381,GSM5613756_2019-10-25-count-5
GREM1,unassigned,bin,163,7,0.0516900554909631,7,4.2945,GSE185381,GSM5613756_2019-10-25-count-5
FAP,unassigned,bin,163,0,0,0,0,GSE185381,GSM5613756_2019-10-25-count-5
BGLAP,unassigned,bin,163,15,0.12394572567053,27,9.2025,GSE185381,GSM5613756_2019-10-25-count-5
RUNX2,unassigned,bin,163,41,0.292748374725336,49,25.1534,GSE185381,GSM5613756_2019-10-25-count-5
SP7,unassigned,bin,163,0,0,0,0,GSE185381,GSM5613756_2019-10-25-count-5
ACTA2,unassigned,bin,163,2,0.0148290653031785,3,1.227,GSE185381,GSM5613756_2019-10-25-count-5
TAGLN,unassigned,bin,163,4,0.0295879161057772,4,2.454,GSE185381,GSM5613756_2019-10-25-count-5
RGS5,unassigned,bin,163,0,0,0,0,GSE185381,GSM5613756_2019-10-25-count-5
MYH11,unassigned,bin,163,9,0.0568824226961126,9,5.5215,GSE185381,GSM5613756_2019-10-25-count-5
CDH5,unassigned,bin,163,0,0,0,0,GSE185381,GSM5613756_2019-10-25-count-5
PECAM1,unassigned,bin,163,25,0.175749481841718,35,15.3374,GSE185381,GSM5613756_2019-10-25-count-5
EMCN,unassigned,bin,163,0,0,0,0,GSE185381,GSM5613756_2019-10-25-count-5
HIF1A,unassigned,bin,163,124,1.36546405801947,351,76.0736,GSE185381,GSM5613756_2019-10-25-count-5
EPAS1,unassigned,bin,163,1,0.00561957568610534,1,0.6135,GSE185381,GSM5613756_2019-10-25-count-5
CA9,unassigned,bin,163,0,0,0,0,GSE185381,GSM5613756_2019-10-25-count-5
LDHA,unassigned,bin,163,106,0.99579533164433,228,65.0307,GSE185381,GSM5613756_2019-10-25-count-5
SLC2A1,unassigned,bin,163,9,0.055994898540491,9,5.5215,GSE185381,GSM5613756_2019-10-25-count-5
PGK1,unassigned,bin,163,101,0.854253189588336,180,61.9632,GSE185381,GSM5613756_2019-10-25-count-5
ADM,unassigned,bin,163,2,0.0198561150627643,3,1.227,GSE185381,GSM5613756_2019-10-25-count-5
BNIP3,unassigned,bin,163,5,0.0322683797512004,6,3.0675,GSE185381,GSM5613756_2019-10-25-count-5
NDRG1,unassigned,bin,163,21,0.179597897034439,28,12.8834,GSE185381,GSM5613756_2019-10-25-count-5
SNAI1,unassigned,bin,163,1,0.00538144540775894,1,0.6135,GSE185381,GSM5613756_2019-10-25-count-5
SNAI2,unassigned,bin,163,0,0,0,0,GSE185381,GSM5613756_2019-10-25-count-5
TWIST1,unassigned,bin,163,2,0.0258593357511455,4,1.227,GSE185381,GSM5613756_2019-10-25-count-5
ZEB1,unassigned,bin,163,37,0.279950778591662,53,22.6994,GSE185381,GSM5613756_2019-10-25-count-5
ZEB2,unassigned,bin,163,135,1.81214590395262,660,82.8221,GSE185381,GSM5613756_2019-10-25-count-5
VIM,unassigned,bin,163,157,3.13319014747841,2694,96.319,GSE185381,GSM5613756_2019-10-25-count-5
CDH2,unassigned,bin,163,0,0,0,0,GSE185381,GSM5613756_2019-10-25-count-5
NECTIN4,unassigned,bin,163,0,0,0,0,GSE185381,GSM5613756_2019-10-25-count-5
NECTIN1,unassigned,bin,163,3,0.0183902886362208,3,1.8405,GSE185381,GSM5613756_2019-10-25-count-5
NECTIN2,unassigned,bin,163,25,0.180044050625975,28,15.3374,GSE185381,GSM5613756_2019-10-25-count-5
NECTIN3,unassigned,bin,163,0,0,0,0,GSE185381,GSM5613756_2019-10-25-count-5
PVR,unassigned,bin,163,5,0.0368381259756433,5,3.0675,GSE185381,GSM5613756_2019-10-25-count-5
TIGIT,unassigned,bin,163,4,0.0363005539038464,5,2.454,GSE185381,GSM5613756_2019-10-25-count-5
CD226,unassigned,bin,163,10,0.086587073804749,10,6.135,GSE185381,GSM5613756_2019-10-25-count-5
CD96,unassigned,bin,163,57,0.445782820539062,88,34.9693,GSE185381,GSM5613756_2019-10-25-count-5
C1QA,unassigned,bin,163,6,0.0511270954825135,7,3.681,GSE185381,GSM5613756_2019-10-25-count-5
C1QB,unassigned,bin,163,2,0.011625325751988,2,1.227,GSE185381,GSM5613756_2019-10-25-count-5
C1QC,unassigned,bin,163,0,0,0,0,GSE185381,GSM5613756_2019-10-25-count-5
CD163,unassigned,bin,163,18,0.162247854866791,41,11.0429,GSE185381,GSM5613756_2019-10-25-count-5
MRC1,unassigned,bin,163,0,0,0,0,GSE185381,GSM5613756_2019-10-25-count-5
VSIG4,unassigned,bin,163,1,0.0132916160439996,2,0.6135,GSE185381,GSM5613756_2019-10-25-count-5
SELENOP,unassigned,bin,163,65,0.581307844130554,130,39.8773,GSE185381,GSM5613756_2019-10-25-count-5
STAB1,unassigned,bin,163,78,0.663829026624883,131,47.8528,GSE185381,GSM5613756_2019-10-25-count-5
LYVE1,unassigned,bin,163,0,0,0,0,GSE185381,GSM5613756_2019-10-25-count-5
MAF,unassigned,bin,163,8,0.0781376402366878,9,4.908,GSE185381,GSM5613756_2019-10-25-count-5
FCN1,unassigned,bin,163,34,0.257640873652499,46,20.8589,GSE185381,GSM5613756_2019-10-25-count-5
S100A12,unassigned,bin,163,20,0.150048670300186,26,12.2699,GSE185381,GSM5613756_2019-10-25-count-5
SELL,unassigned,bin,163,53,0.446747927875683,92,32.5153,GSE185381,GSM5613756_2019-10-25-count-5
CSF3R,unassigned,bin,163,55,0.424555592716035,68,33.7423,GSE185381,GSM5613756_2019-10-25-count-5
PLAC8,unassigned,bin,163,74,0.619225198218785,127,45.3988,GSE185381,GSM5613756_2019-10-25-count-5
COL1A1,HSC_MPP,bin,70,0,0,0,0,GSE185381,GSM5613756_2019-10-25-count-5
COL1A2,HSC_MPP,bin,70,0,0,0,0,GSE185381,GSM5613756_2019-10-25-count-5
COL3A1,HSC_MPP,bin,70,0,0,0,0,GSE185381,GSM5613756_2019-10-25-count-5
COL4A1,HSC_MPP,bin,70,0,0,0,0,GSE185381,GSM5613756_2019-10-25-count-5
COL5A1,HSC_MPP,bin,70,0,0,0,0,GSE185381,GSM5613756_2019-10-25-count-5
COL5A2,HSC_MPP,bin,70,0,0,0,0,GSE185381,GSM5613756_2019-10-25-count-5
COL6A1,HSC_MPP,bin,70,0,0,0,0,GSE185381,GSM5613756_2019-10-25-count-5
COL6A2,HSC_MPP,bin,70,3,0.0391929149832773,3,4.2857,GSE185381,GSM5613756_2019-10-25-count-5
COL6A3,HSC_MPP,bin,70,0,0,0,0,GSE185381,GSM5613756_2019-10-25-count-5
COL11A1,HSC_MPP,bin,70,0,0,0,0,GSE185381,GSM5613756_2019-10-25-count-5
FN1,HSC_MPP,bin,70,1,0.0134127471945611,1,1.4286,GSE185381,GSM5613756_2019-10-25-count-5
LUM,HSC_MPP,bin,70,0,0,0,0,GSE185381,GSM5613756_2019-10-25-count-5
DCN,HSC_MPP,bin,70,0,0,0,0,GSE185381,GSM5613756_2019-10-25-count-5
POSTN,HSC_MPP,bin,70,0,0,0,0,GSE185381,GSM5613756_2019-10-25-count-5
SPARC,HSC_MPP,bin,70,4,0.0646557520244889,5,5.7143,GSE185381,GSM5613756_2019-10-25-count-5
BGN,HSC_MPP,bin,70,0,0,0,0,GSE185381,GSM5613756_2019-10-25-count-5
VCAN,HSC_MPP,bin,70,29,0.469874048951641,37,41.4286,GSE185381,GSM5613756_2019-10-25-count-5
ELN,HSC_MPP,bin,70,2,0.0291460602052569,2,2.8571,GSE185381,GSM5613756_2019-10-25-count-5
FBN1,HSC_MPP,bin,70,2,0.0316448916912896,2,2.8571,GSE185381,GSM5613756_2019-10-25-count-5
MGP,HSC_MPP,bin,70,0,0,0,0,GSE185381,GSM5613756_2019-10-25-count-5
OGN,HSC_MPP,bin,70,0,0,0,0,GSE185381,GSM5613756_2019-10-25-count-5
ASPN,HSC_MPP,bin,70,0,0,0,0,GSE185381,GSM5613756_2019-10-25-count-5
TNC,HSC_MPP,bin,70,0,0,0,0,GSE185381,GSM5613756_2019-10-25-count-5
LTBP1,HSC_MPP,bin,70,1,0.0132285649428731,1,1.4286,GSE185381,GSM5613756_2019-10-25-count-5
LTBP2,HSC_MPP,bin,70,0,0,0,0,GSE185381,GSM5613756_2019-10-25-count-5
LOX,HSC_MPP,bin,70,1,0.0104306630514416,1,1.4286,GSE185381,GSM5613756_2019-10-25-count-5
LOXL1,HSC_MPP,bin,70,0,0,0,0,GSE185381,GSM5613756_2019-10-25-count-5
LOXL2,HSC_MPP,bin,70,0,0,0,0,GSE185381,GSM5613756_2019-10-25-count-5
PLOD1,HSC_MPP,bin,70,3,0.0394243330688839,3,4.2857,GSE185381,GSM5613756_2019-10-25-count-5
PLOD2,HSC_MPP,bin,70,2,0.025215787852965,2,2.8571,GSE185381,GSM5613756_2019-10-25-count-5
SERPINH1,HSC_MPP,bin,70,1,0.0162670759078596,1,1.4286,GSE185381,GSM5613756_2019-10-25-count-5
SERPINE1,HSC_MPP,bin,70,0,0,0,0,GSE185381,GSM5613756_2019-10-25-count-5
TIMP1,HSC_MPP,bin,70,40,0.79079029729487,79,57.1429,GSE185381,GSM5613756_2019-10-25-count-5
TIMP2,HSC_MPP,bin,70,25,0.397917577452382,32,35.7143,GSE185381,GSM5613756_2019-10-25-count-5
TIMP3,HSC_MPP,bin,70,0,0,0,0,GSE185381,GSM5613756_2019-10-25-count-5
MMP2,HSC_MPP,bin,70,7,0.102370615349234,7,10,GSE185381,GSM5613756_2019-10-25-count-5
MMP9,HSC_MPP,bin,70,0,0,0,0,GSE185381,GSM5613756_2019-10-25-count-5
MMP14,HSC_MPP,bin,70,0,0,0,0,GSE185381,GSM5613756_2019-10-25-count-5
CTSK,HSC_MPP,bin,70,1,0.0121315309834732,1,1.4286,GSE185381,GSM5613756_2019-10-25-count-5
ADAMTS1,HSC_MPP,bin,70,2,0.0302558599103219,2,2.8571,GSE185381,GSM5613756_2019-10-25-count-5
TGFB1,HSC_MPP,bin,70,44,0.785315748290465,75,62.8571,GSE185381,GSM5613756_2019-10-25-count-5
TGFB2,HSC_MPP,bin,70,0,0,0,0,GSE185381,GSM5613756_2019-10-25-count-5
TGFB3,HSC_MPP,bin,70,0,0,0,0,GSE185381,GSM5613756_2019-10-25-count-5
TGFBR1,HSC_MPP,bin,70,11,0.164091803915207,12,15.7143,GSE185381,GSM5613756_2019-10-25-count-5
TGFBR2,HSC_MPP,bin,70,8,0.132018594092002,9,11.4286,GSE185381,GSM5613756_2019-10-25-count-5
PDGFA,HSC_MPP,bin,70,0,0,0,0,GSE185381,GSM5613756_2019-10-25-count-5
PDGFB,HSC_MPP,bin,70,0,0,0,0,GSE185381,GSM5613756_2019-10-25-count-5
PDGFRA,HSC_MPP,bin,70,0,0,0,0,GSE185381,GSM5613756_2019-10-25-count-5
PDGFRB,HSC_MPP,bin,70,0,0,0,0,GSE185381,GSM5613756_2019-10-25-count-5
CCN2,HSC_MPP,bin,70,0,0,0,0,GSE185381,GSM5613756_2019-10-25-count-5
CCN1,HSC_MPP,bin,70,0,0,0,0,GSE185381,GSM5613756_2019-10-25-count-5
IGF1,HSC_MPP,bin,70,4,0.0604898398201742,4,5.7143,GSE185381,GSM5613756_2019-10-25-count-5
IGF2,HSC_MPP,bin,70,0,0,0,0,GSE185381,GSM5613756_2019-10-25-count-5
VEGFA,HSC_MPP,bin,70,3,0.0369738402057187,3,4.2857,GSE185381,GSM5613756_2019-10-25-count-5
FGF2,HSC_MPP,bin,70,0,0,0,0,GSE185381,GSM5613756_2019-10-25-count-5
HGF,HSC_MPP,bin,70,2,0.0297557544794979,2,2.8571,GSE185381,GSM5613756_2019-10-25-count-5
OSM,HSC_MPP,bin,70,1,0.016069805400547,1,1.4286,GSE185381,GSM5613756_2019-10-25-count-5
OSMR,HSC_MPP,bin,70,0,0,0,0,GSE185381,GSM5613756_2019-10-25-count-5
IL11,HSC_MPP,bin,70,0,0,0,0,GSE185381,GSM5613756_2019-10-25-count-5
SPP1,HSC_MPP,bin,70,4,0.0652295988980112,7,5.7143,GSE185381,GSM5613756_2019-10-25-count-5
IL1B,HSC_MPP,bin,70,3,0.0375826250671872,3,4.2857,GSE185381,GSM5613756_2019-10-25-count-5
IL6,HSC_MPP,bin,70,0,0,0,0,GSE185381,GSM5613756_2019-10-25-count-5
TNF,HSC_MPP,bin,70,6,0.0834130647474021,7,8.5714,GSE185381,GSM5613756_2019-10-25-count-5
CXCL8,HSC_MPP,bin,70,28,0.816516789971396,189,40,GSE185381,GSM5613756_2019-10-25-count-5
IL10,HSC_MPP,bin,70,0,0,0,0,GSE185381,GSM5613756_2019-10-25-count-5
IFNG,HSC_MPP,bin,70,1,0.0154180031472238,1,1.4286,GSE185381,GSM5613756_2019-10-25-count-5
CCL2,HSC_MPP,bin,70,0,0,0,0,GSE185381,GSM5613756_2019-10-25-count-5
CCL3,HSC_MPP,bin,70,14,0.197311742757611,14,20,GSE185381,GSM5613756_2019-10-25-count-5
CCL4,HSC_MPP,bin,70,11,0.157654509226062,12,15.7143,GSE185381,GSM5613756_2019-10-25-count-5
CXCL1,HSC_MPP,bin,70,0,0,0,0,GSE185381,GSM5613756_2019-10-25-count-5
CXCL2,HSC_MPP,bin,70,13,0.2240817552338,21,18.5714,GSE185381,GSM5613756_2019-10-25-count-5
IL18,HSC_MPP,bin,70,31,0.518086088861248,48,44.2857,GSE185381,GSM5613756_2019-10-25-count-5
NLRP3,HSC_MPP,bin,70,6,0.0911946694116365,7,8.5714,GSE185381,GSM5613756_2019-10-25-count-5
S100A8,HSC_MPP,bin,70,28,0.458285527122895,39,40,GSE185381,GSM5613756_2019-10-25-count-5
S100A9,HSC_MPP,bin,70,56,1.32569131019743,156,80,GSE185381,GSM5613756_2019-10-25-count-5
PF4,HSC_MPP,bin,70,0,0,0,0,GSE185381,GSM5613756_2019-10-25-count-5
PPBP,HSC_MPP,bin,70,2,0.021974551874026,2,2.8571,GSE185381,GSM5613756_2019-10-25-count-5
VWF,HSC_MPP,bin,70,3,0.0437608997961485,3,4.2857,GSE185381,GSM5613756_2019-10-25-count-5
ITGA2B,HSC_MPP,bin,70,2,0.025002675194581,2,2.8571,GSE185381,GSM5613756_2019-10-25-count-5
GP9,HSC_MPP,bin,70,1,0.00971375681485242,1,1.4286,GSE185381,GSM5613756_2019-10-25-count-5
NFE2,HSC_MPP,bin,70,14,0.183520896916872,15,20,GSE185381,GSM5613756_2019-10-25-count-5
GATA1,HSC_MPP,bin,70,0,0,0,0,GSE185381,GSM5613756_2019-10-25-count-5
MPL,HSC_MPP,bin,70,0,0,0,0,GSE185381,GSM5613756_2019-10-25-count-5
CALR,HSC_MPP,bin,70,50,1.06401428489199,122,71.4286,GSE185381,GSM5613756_2019-10-25-count-5
JAK2,HSC_MPP,bin,70,10,0.146356677866767,12,14.2857,GSE185381,GSM5613756_2019-10-25-count-5
LEPR,HSC_MPP,bin,70,5,0.0671893234956415,5,7.1429,GSE185381,GSM5613756_2019-10-25-count-5
CXCL12,HSC_MPP,bin,70,0,0,0,0,GSE185381,GSM5613756_2019-10-25-count-5
KITLG,HSC_MPP,bin,70,0,0,0,0,GSE185381,GSM5613756_2019-10-25-count-5
ANGPT1,HSC_MPP,bin,70,53,1.07371453408621,106,75.7143,GSE185381,GSM5613756_2019-10-25-count-5
VCAM1,HSC_MPP,bin,70,0,0,0,0,GSE185381,GSM5613756_2019-10-25-count-5
NES,HSC_MPP,bin,70,0,0,0,0,GSE185381,GSM5613756_2019-10-25-count-5
NGFR,HSC_MPP,bin,70,1,0.00971375681485242,1,1.4286,GSE185381,GSM5613756_2019-10-25-count-5
SFRP2,HSC_MPP,bin,70,0,0,0,0,GSE185381,GSM5613756_2019-10-25-count-5
SFRP4,HSC_MPP,bin,70,0,0,0,0,GSE185381,GSM5613756_2019-10-25-count-5
GREM1,HSC_MPP,bin,70,2,0.0236199024184121,2,2.8571,GSE185381,GSM5613756_2019-10-25-count-5
FAP,HSC_MPP,bin,70,0,0,0,0,GSE185381,GSM5613756_2019-10-25-count-5
BGLAP,HSC_MPP,bin,70,6,0.11037727771251,10,8.5714,GSE185381,GSM5613756_2019-10-25-count-5
RUNX2,HSC_MPP,bin,70,14,0.224065842001983,18,20,GSE185381,GSM5613756_2019-10-25-count-5
SP7,HSC_MPP,bin,70,0,0,0,0,GSE185381,GSM5613756_2019-10-25-count-5
ACTA2,HSC_MPP,bin,70,1,0.0131501631354055,1,1.4286,GSE185381,GSM5613756_2019-10-25-count-5
TAGLN,HSC_MPP,bin,70,4,0.0471096844816148,4,5.7143,GSE185381,GSM5613756_2019-10-25-count-5
RGS5,HSC_MPP,bin,70,0,0,0,0,GSE185381,GSM5613756_2019-10-25-count-5
MYH11,HSC_MPP,bin,70,3,0.0436334865870118,3,4.2857,GSE185381,GSM5613756_2019-10-25-count-5
CDH5,HSC_MPP,bin,70,0,0,0,0,GSE185381,GSM5613756_2019-10-25-count-5
PECAM1,HSC_MPP,bin,70,18,0.270384830290165,21,25.7143,GSE185381,GSM5613756_2019-10-25-count-5
EMCN,HSC_MPP,bin,70,3,0.0443303339676739,3,4.2857,GSE185381,GSM5613756_2019-10-25-count-5
HIF1A,HSC_MPP,bin,70,50,0.953084329925047,90,71.4286,GSE185381,GSM5613756_2019-10-25-count-5
EPAS1,HSC_MPP,bin,70,1,0.0120114098241443,1,1.4286,GSE185381,GSM5613756_2019-10-25-count-5
CA9,HSC_MPP,bin,70,0,0,0,0,GSE185381,GSM5613756_2019-10-25-count-5
LDHA,HSC_MPP,bin,70,46,0.92731487447962,96,65.7143,GSE185381,GSM5613756_2019-10-25-count-5
SLC2A1,HSC_MPP,bin,70,0,0,0,0,GSE185381,GSM5613756_2019-10-25-count-5
PGK1,HSC_MPP,bin,70,47,0.882775839708598,86,67.1429,GSE185381,GSM5613756_2019-10-25-count-5
ADM,HSC_MPP,bin,70,1,0.0142328092306467,1,1.4286,GSE185381,GSM5613756_2019-10-25-count-5
BNIP3,HSC_MPP,bin,70,4,0.0553065846426032,4,5.7143,GSE185381,GSM5613756_2019-10-25-count-5
NDRG1,HSC_MPP,bin,70,5,0.069406426875846,5,7.1429,GSE185381,GSM5613756_2019-10-25-count-5
SNAI1,HSC_MPP,bin,70,1,0.0121315309834732,1,1.4286,GSE185381,GSM5613756_2019-10-25-count-5
SNAI2,HSC_MPP,bin,70,0,0,0,0,GSE185381,GSM5613756_2019-10-25-count-5
TWIST1,HSC_MPP,bin,70,0,0,0,0,GSE185381,GSM5613756_2019-10-25-count-5
ZEB1,HSC_MPP,bin,70,23,0.373286022429555,31,32.8571,GSE185381,GSM5613756_2019-10-25-count-5
ZEB2,HSC_MPP,bin,70,47,0.916588507061295,91,67.1429,GSE185381,GSM5613756_2019-10-25-count-5
VIM,HSC_MPP,bin,70,69,3.17330227112383,1373,98.5714,GSE185381,GSM5613756_2019-10-25-count-5
CDH2,HSC_MPP,bin,70,1,0.01537781578343,1,1.4286,GSE185381,GSM5613756_2019-10-25-count-5
NECTIN4,HSC_MPP,bin,70,0,0,0,0,GSE185381,GSM5613756_2019-10-25-count-5
NECTIN1,HSC_MPP,bin,70,4,0.0594314261656209,4,5.7143,GSE185381,GSM5613756_2019-10-25-count-5
NECTIN2,HSC_MPP,bin,70,14,0.207433106117364,16,20,GSE185381,GSM5613756_2019-10-25-count-5
NECTIN3,HSC_MPP,bin,70,0,0,0,0,GSE185381,GSM5613756_2019-10-25-count-5
PVR,HSC_MPP,bin,70,3,0.0416433456945233,3,4.2857,GSE185381,GSM5613756_2019-10-25-count-5
TIGIT,HSC_MPP,bin,70,1,0.0142559386254126,1,1.4286,GSE185381,GSM5613756_2019-10-25-count-5
CD226,HSC_MPP,bin,70,1,0.0130765962823387,1,1.4286,GSE185381,GSM5613756_2019-10-25-count-5
CD96,HSC_MPP,bin,70,22,0.385038941901394,38,31.4286,GSE185381,GSM5613756_2019-10-25-count-5
C1QA,HSC_MPP,bin,70,0,0,0,0,GSE185381,GSM5613756_2019-10-25-count-5
C1QB,HSC_MPP,bin,70,0,0,0,0,GSE185381,GSM5613756_2019-10-25-count-5
C1QC,HSC_MPP,bin,70,0,0,0,0,GSE185381,GSM5613756_2019-10-25-count-5
CD163,HSC_MPP,bin,70,1,0.014709767246543,1,1.4286,GSE185381,GSM5613756_2019-10-25-count-5
MRC1,HSC_MPP,bin,70,1,0.0135538443622497,1,1.4286,GSE185381,GSM5613756_2019-10-25-count-5
VSIG4,HSC_MPP,bin,70,0,0,0,0,GSE185381,GSM5613756_2019-10-25-count-5
SELENOP,HSC_MPP,bin,70,34,0.608056402890816,54,48.5714,GSE185381,GSM5613756_2019-10-25-count-5
STAB1,HSC_MPP,bin,70,12,0.191946866775892,14,17.1429,GSE185381,GSM5613756_2019-10-25-count-5
LYVE1,HSC_MPP,bin,70,0,0,0,0,GSE185381,GSM5613756_2019-10-25-count-5
MAF,HSC_MPP,bin,70,2,0.0342061833407946,2,2.8571,GSE185381,GSM5613756_2019-10-25-count-5
FCN1,HSC_MPP,bin,70,4,0.061087251093427,4,5.7143,GSE185381,GSM5613756_2019-10-25-count-5
S100A12,HSC_MPP,bin,70,5,0.0774955673264017,5,7.1429,GSE185381,GSM5613756_2019-10-25-count-5
SELL,HSC_MPP,bin,70,31,0.568589313587111,51,44.2857,GSE185381,GSM5613756_2019-10-25-count-5
CSF3R,HSC_MPP,bin,70,32,0.526152607247,45,45.7143,GSE185381,GSM5613756_2019-10-25-count-5
PLAC8,HSC_MPP,bin,70,34,0.547972157122912,47,48.5714,GSE185381,GSM5613756_2019-10-25-count-5
COL1A1,Megakaryocyte,bin,1,0,0,0,0,GSE185381,GSM5613756_2019-10-25-count-5
COL1A2,Megakaryocyte,bin,1,0,0,0,0,GSE185381,GSM5613756_2019-10-25-count-5
COL3A1,Megakaryocyte,bin,1,0,0,0,0,GSE185381,GSM5613756_2019-10-25-count-5
COL4A1,Megakaryocyte,bin,1,0,0,0,0,GSE185381,GSM5613756_2019-10-25-count-5
COL5A1,Megakaryocyte,bin,1,0,0,0,0,GSE185381,GSM5613756_2019-10-25-count-5
COL5A2,Megakaryocyte,bin,1,0,0,0,0,GSE185381,GSM5613756_2019-10-25-count-5
COL6A1,Megakaryocyte,bin,1,0,0,0,0,GSE185381,GSM5613756_2019-10-25-count-5
COL6A2,Megakaryocyte,bin,1,0,0,0,0,GSE185381,GSM5613756_2019-10-25-count-5
COL6A3,Megakaryocyte,bin,1,0,0,0,0,GSE185381,GSM5613756_2019-10-25-count-5
COL11A1,Megakaryocyte,bin,1,0,0,0,0,GSE185381,GSM5613756_2019-10-25-count-5
FN1,Megakaryocyte,bin,1,0,0,0,0,GSE185381,GSM5613756_2019-10-25-count-5
LUM,Megakaryocyte,bin,1,0,0,0,0,GSE185381,GSM5613756_2019-10-25-count-5
DCN,Megakaryocyte,bin,1,0,0,0,0,GSE185381,GSM5613756_2019-10-25-count-5
POSTN,Megakaryocyte,bin,1,0,0,0,0,GSE185381,GSM5613756_2019-10-25-count-5
SPARC,Megakaryocyte,bin,1,0,0,0,0,GSE185381,GSM5613756_2019-10-25-count-5
BGN,Megakaryocyte,bin,1,0,0,0,0,GSE185381,GSM5613756_2019-10-25-count-5
VCAN,Megakaryocyte,bin,1,1,1.27146596314787,1,100,GSE185381,GSM5613756_2019-10-25-count-5
ELN,Megakaryocyte,bin,1,0,0,0,0,GSE185381,GSM5613756_2019-10-25-count-5
FBN1,Megakaryocyte,bin,1,0,0,0,0,GSE185381,GSM5613756_2019-10-25-count-5
MGP,Megakaryocyte,bin,1,0,0,0,0,GSE185381,GSM5613756_2019-10-25-count-5
OGN,Megakaryocyte,bin,1,0,0,0,0,GSE185381,GSM5613756_2019-10-25-count-5
ASPN,Megakaryocyte,bin,1,0,0,0,0,GSE185381,GSM5613756_2019-10-25-count-5
TNC,Megakaryocyte,bin,1,0,0,0,0,GSE185381,GSM5613756_2019-10-25-count-5
LTBP1,Megakaryocyte,bin,1,1,1.27146596314787,1,100,GSE185381,GSM5613756_2019-10-25-count-5
LTBP2,Megakaryocyte,bin,1,0,0,0,0,GSE185381,GSM5613756_2019-10-25-count-5
LOX,Megakaryocyte,bin,1,0,0,0,0,GSE185381,GSM5613756_2019-10-25-count-5
LOXL1,Megakaryocyte,bin,1,0,0,0,0,GSE185381,GSM5613756_2019-10-25-count-5
LOXL2,Megakaryocyte,bin,1,0,0,0,0,GSE185381,GSM5613756_2019-10-25-count-5
PLOD1,Megakaryocyte,bin,1,0,0,0,0,GSE185381,GSM5613756_2019-10-25-count-5
PLOD2,Megakaryocyte,bin,1,0,0,0,0,GSE185381,GSM5613756_2019-10-25-count-5
SERPINH1,Megakaryocyte,bin,1,0,0,0,0,GSE185381,GSM5613756_2019-10-25-count-5
SERPINE1,Megakaryocyte,bin,1,0,0,0,0,GSE185381,GSM5613756_2019-10-25-count-5
TIMP1,Megakaryocyte,bin,1,1,1.27146596314787,1,100,GSE185381,GSM5613756_2019-10-25-count-5
TIMP2,Megakaryocyte,bin,1,0,0,0,0,GSE185381,GSM5613756_2019-10-25-count-5
TIMP3,Megakaryocyte,bin,1,0,0,0,0,GSE185381,GSM5613756_2019-10-25-count-5
MMP2,Megakaryocyte,bin,1,0,0,0,0,GSE185381,GSM5613756_2019-10-25-count-5
MMP9,Megakaryocyte,bin,1,0,0,0,0,GSE185381,GSM5613756_2019-10-25-count-5
MMP14,Megakaryocyte,bin,1,0,0,0,0,GSE185381,GSM5613756_2019-10-25-count-5
CTSK,Megakaryocyte,bin,1,0,0,0,0,GSE185381,GSM5613756_2019-10-25-count-5
ADAMTS1,Megakaryocyte,bin,1,0,0,0,0,GSE185381,GSM5613756_2019-10-25-count-5
TGFB1,Megakaryocyte,bin,1,1,1.81354590168967,2,100,GSE185381,GSM5613756_2019-10-25-count-5
TGFB2,Megakaryocyte,bin,1,0,0,0,0,GSE185381,GSM5613756_2019-10-25-count-5
TGFB3,Megakaryocyte,bin,1,0,0,0,0,GSE185381,GSM5613756_2019-10-25-count-5
TGFBR1,Megakaryocyte,bin,1,0,0,0,0,GSE185381,GSM5613756_2019-10-25-count-5
TGFBR2,Megakaryocyte,bin,1,0,0,0,0,GSE185381,GSM5613756_2019-10-25-count-5
PDGFA,Megakaryocyte,bin,1,0,0,0,0,GSE185381,GSM5613756_2019-10-25-count-5
PDGFB,Megakaryocyte,bin,1,0,0,0,0,GSE185381,GSM5613756_2019-10-25-count-5
PDGFRA,Megakaryocyte,bin,1,0,0,0,0,GSE185381,GSM5613756_2019-10-25-count-5
PDGFRB,Megakaryocyte,bin,1,0,0,0,0,GSE185381,GSM5613756_2019-10-25-count-5
CCN2,Megakaryocyte,bin,1,0,0,0,0,GSE185381,GSM5613756_2019-10-25-count-5
CCN1,Megakaryocyte,bin,1,0,0,0,0,GSE185381,GSM5613756_2019-10-25-count-5
IGF1,Megakaryocyte,bin,1,0,0,0,0,GSE185381,GSM5613756_2019-10-25-count-5
IGF2,Megakaryocyte,bin,1,0,0,0,0,GSE185381,GSM5613756_2019-10-25-count-5
VEGFA,Megakaryocyte,bin,1,0,0,0,0,GSE185381,GSM5613756_2019-10-25-count-5
FGF2,Megakaryocyte,bin,1,0,0,0,0,GSE185381,GSM5613756_2019-10-25-count-5
HGF,Megakaryocyte,bin,1,0,0,0,0,GSE185381,GSM5613756_2019-10-25-count-5
OSM,Megakaryocyte,bin,1,0,0,0,0,GSE185381,GSM5613756_2019-10-25-count-5
OSMR,Megakaryocyte,bin,1,0,0,0,0,GSE185381,GSM5613756_2019-10-25-count-5
IL11,Megakaryocyte,bin,1,0,0,0,0,GSE185381,GSM5613756_2019-10-25-count-5
SPP1,Megakaryocyte,bin,1,0,0,0,0,GSE185381,GSM5613756_2019-10-25-count-5
IL1B,Megakaryocyte,bin,1,0,0,0,0,GSE185381,GSM5613756_2019-10-25-count-5
IL6,Megakaryocyte,bin,1,0,0,0,0,GSE185381,GSM5613756_2019-10-25-count-5
TNF,Megakaryocyte,bin,1,0,0,0,0,GSE185381,GSM5613756_2019-10-25-count-5
CXCL8,Megakaryocyte,bin,1,1,3.79825614356101,17,100,GSE185381,GSM5613756_2019-10-25-count-5
IL10,Megakaryocyte,bin,1,0,0,0,0,GSE185381,GSM5613756_2019-10-25-count-5
IFNG,Megakaryocyte,bin,1,0,0,0,0,GSE185381,GSM5613756_2019-10-25-count-5
CCL2,Megakaryocyte,bin,1,0,0,0,0,GSE185381,GSM5613756_2019-10-25-count-5
CCL3,Megakaryocyte,bin,1,1,1.27146596314787,1,100,GSE185381,GSM5613756_2019-10-25-count-5
CCL4,Megakaryocyte,bin,1,0,0,0,0,GSE185381,GSM5613756_2019-10-25-count-5
CXCL1,Megakaryocyte,bin,1,0,0,0,0,GSE185381,GSM5613756_2019-10-25-count-5
CXCL2,Megakaryocyte,bin,1,1,2.16311948853865,3,100,GSE185381,GSM5613756_2019-10-25-count-5
IL18,Megakaryocyte,bin,1,0,0,0,0,GSE185381,GSM5613756_2019-10-25-count-5
NLRP3,Megakaryocyte,bin,1,0,0,0,0,GSE185381,GSM5613756_2019-10-25-count-5
S100A8,Megakaryocyte,bin,1,1,1.27146596314787,1,100,GSE185381,GSM5613756_2019-10-25-count-5
S100A9,Megakaryocyte,bin,1,1,1.81354590168967,2,100,GSE185381,GSM5613756_2019-10-25-count-5
PF4,Megakaryocyte,bin,1,0,0,0,0,GSE185381,GSM5613756_2019-10-25-count-5
PPBP,Megakaryocyte,bin,1,0,0,0,0,GSE185381,GSM5613756_2019-10-25-count-5
VWF,Megakaryocyte,bin,1,0,0,0,0,GSE185381,GSM5613756_2019-10-25-count-5
ITGA2B,Megakaryocyte,bin,1,0,0,0,0,GSE185381,GSM5613756_2019-10-25-count-5
GP9,Megakaryocyte,bin,1,0,0,0,0,GSE185381,GSM5613756_2019-10-25-count-5
NFE2,Megakaryocyte,bin,1,0,0,0,0,GSE185381,GSM5613756_2019-10-25-count-5
GATA1,Megakaryocyte,bin,1,0,0,0,0,GSE185381,GSM5613756_2019-10-25-count-5
MPL,Megakaryocyte,bin,1,0,0,0,0,GSE185381,GSM5613756_2019-10-25-count-5
CALR,Megakaryocyte,bin,1,1,1.27146596314787,1,100,GSE185381,GSM5613756_2019-10-25-count-5
JAK2,Megakaryocyte,bin,1,0,0,0,0,GSE185381,GSM5613756_2019-10-25-count-5
LEPR,Megakaryocyte,bin,1,0,0,0,0,GSE185381,GSM5613756_2019-10-25-count-5
CXCL12,Megakaryocyte,bin,1,0,0,0,0,GSE185381,GSM5613756_2019-10-25-count-5
KITLG,Megakaryocyte,bin,1,0,0,0,0,GSE185381,GSM5613756_2019-10-25-count-5
ANGPT1,Megakaryocyte,bin,1,1,1.27146596314787,1,100,GSE185381,GSM5613756_2019-10-25-count-5
VCAM1,Megakaryocyte,bin,1,0,0,0,0,GSE185381,GSM5613756_2019-10-25-count-5
NES,Megakaryocyte,bin,1,0,0,0,0,GSE185381,GSM5613756_2019-10-25-count-5
NGFR,Megakaryocyte,bin,1,0,0,0,0,GSE185381,GSM5613756_2019-10-25-count-5
SFRP2,Megakaryocyte,bin,1,0,0,0,0,GSE185381,GSM5613756_2019-10-25-count-5
SFRP4,Megakaryocyte,bin,1,0,0,0,0,GSE185381,GSM5613756_2019-10-25-count-5
GREM1,Megakaryocyte,bin,1,0,0,0,0,GSE185381,GSM5613756_2019-10-25-count-5
FAP,Megakaryocyte,bin,1,0,0,0,0,GSE185381,GSM5613756_2019-10-25-count-5
BGLAP,Megakaryocyte,bin,1,0,0,0,0,GSE185381,GSM5613756_2019-10-25-count-5
RUNX2,Megakaryocyte,bin,1,0,0,0,0,GSE185381,GSM5613756_2019-10-25-count-5
SP7,Megakaryocyte,bin,1,0,0,0,0,GSE185381,GSM5613756_2019-10-25-count-5
ACTA2,Megakaryocyte,bin,1,0,0,0,0,GSE185381,GSM5613756_2019-10-25-count-5
TAGLN,Megakaryocyte,bin,1,0,0,0,0,GSE185381,GSM5613756_2019-10-25-count-5
RGS5,Megakaryocyte,bin,1,0,0,0,0,GSE185381,GSM5613756_2019-10-25-count-5
MYH11,Megakaryocyte,bin,1,0,0,0,0,GSE185381,GSM5613756_2019-10-25-count-5
CDH5,Megakaryocyte,bin,1,0,0,0,0,GSE185381,GSM5613756_2019-10-25-count-5
PECAM1,Megakaryocyte,bin,1,0,0,0,0,GSE185381,GSM5613756_2019-10-25-count-5
EMCN,Megakaryocyte,bin,1,0,0,0,0,GSE185381,GSM5613756_2019-10-25-count-5
HIF1A,Megakaryocyte,bin,1,1,1.27146596314787,1,100,GSE185381,GSM5613756_2019-10-25-count-5
EPAS1,Megakaryocyte,bin,1,0,0,0,0,GSE185381,GSM5613756_2019-10-25-count-5
CA9,Megakaryocyte,bin,1,0,0,0,0,GSE185381,GSM5613756_2019-10-25-count-5
LDHA,Megakaryocyte,bin,1,0,0,0,0,GSE185381,GSM5613756_2019-10-25-count-5
SLC2A1,Megakaryocyte,bin,1,0,0,0,0,GSE185381,GSM5613756_2019-10-25-count-5
PGK1,Megakaryocyte,bin,1,1,1.27146596314787,1,100,GSE185381,GSM5613756_2019-10-25-count-5
ADM,Megakaryocyte,bin,1,0,0,0,0,GSE185381,GSM5613756_2019-10-25-count-5
BNIP3,Megakaryocyte,bin,1,0,0,0,0,GSE185381,GSM5613756_2019-10-25-count-5
NDRG1,Megakaryocyte,bin,1,0,0,0,0,GSE185381,GSM5613756_2019-10-25-count-5
SNAI1,Megakaryocyte,bin,1,0,0,0,0,GSE185381,GSM5613756_2019-10-25-count-5
SNAI2,Megakaryocyte,bin,1,0,0,0,0,GSE185381,GSM5613756_2019-10-25-count-5
TWIST1,Megakaryocyte,bin,1,0,0,0,0,GSE185381,GSM5613756_2019-10-25-count-5
ZEB1,Megakaryocyte,bin,1,0,0,0,0,GSE185381,GSM5613756_2019-10-25-count-5
ZEB2,Megakaryocyte,bin,1,1,1.81354590168967,2,100,GSE185381,GSM5613756_2019-10-25-count-5
VIM,Megakaryocyte,bin,1,1,3.28319299741452,10,100,GSE185381,GSM5613756_2019-10-25-count-5
CDH2,Megakaryocyte,bin,1,0,0,0,0,GSE185381,GSM5613756_2019-10-25-count-5
NECTIN4,Megakaryocyte,bin,1,0,0,0,0,GSE185381,GSM5613756_2019-10-25-count-5
NECTIN1,Megakaryocyte,bin,1,0,0,0,0,GSE185381,GSM5613756_2019-10-25-count-5
NECTIN2,Megakaryocyte,bin,1,0,0,0,0,GSE185381,GSM5613756_2019-10-25-count-5
NECTIN3,Megakaryocyte,bin,1,0,0,0,0,GSE185381,GSM5613756_2019-10-25-count-5
PVR,Megakaryocyte,bin,1,0,0,0,0,GSE185381,GSM5613756_2019-10-25-count-5
TIGIT,Megakaryocyte,bin,1,0,0,0,0,GSE185381,GSM5613756_2019-10-25-count-5
CD226,Megakaryocyte,bin,1,0,0,0,0,GSE185381,GSM5613756_2019-10-25-count-5
CD96,Megakaryocyte,bin,1,0,0,0,0,GSE185381,GSM5613756_2019-10-25-count-5
C1QA,Megakaryocyte,bin,1,0,0,0,0,GSE185381,GSM5613756_2019-10-25-count-5
C1QB,Megakaryocyte,bin,1,0,0,0,0,GSE185381,GSM5613756_2019-10-25-count-5
C1QC,Megakaryocyte,bin,1,0,0,0,0,GSE185381,GSM5613756_2019-10-25-count-5
CD163,Megakaryocyte,bin,1,0,0,0,0,GSE185381,GSM5613756_2019-10-25-count-5
MRC1,Megakaryocyte,bin,1,0,0,0,0,GSE185381,GSM5613756_2019-10-25-count-5
VSIG4,Megakaryocyte,bin,1,0,0,0,0,GSE185381,GSM5613756_2019-10-25-count-5
SELENOP,Megakaryocyte,bin,1,0,0,0,0,GSE185381,GSM5613756_2019-10-25-count-5
STAB1,Megakaryocyte,bin,1,0,0,0,0,GSE185381,GSM5613756_2019-10-25-count-5
LYVE1,Megakaryocyte,bin,1,0,0,0,0,GSE185381,GSM5613756_2019-10-25-count-5
MAF,Megakaryocyte,bin,1,0,0,0,0,GSE185381,GSM5613756_2019-10-25-count-5
FCN1,Megakaryocyte,bin,1,0,0,0,0,GSE185381,GSM5613756_2019-10-25-count-5
S100A12,Megakaryocyte,bin,1,0,0,0,0,GSE185381,GSM5613756_2019-10-25-count-5
SELL,Megakaryocyte,bin,1,0,0,0,0,GSE185381,GSM5613756_2019-10-25-count-5
CSF3R,Megakaryocyte,bin,1,0,0,0,0,GSE185381,GSM5613756_2019-10-25-count-5
PLAC8,Megakaryocyte,bin,1,0,0,0,0,GSE185381,GSM5613756_2019-10-25-count-5
COL1A1,Stromal,bin,2,0,0,0,0,GSE185381,GSM5613756_2019-10-25-count-5
COL1A2,Stromal,bin,2,0,0,0,0,GSE185381,GSM5613756_2019-10-25-count-5
COL3A1,Stromal,bin,2,0,0,0,0,GSE185381,GSM5613756_2019-10-25-count-5
COL4A1,Stromal,bin,2,0,0,0,0,GSE185381,GSM5613756_2019-10-25-count-5
COL5A1,Stromal,bin,2,0,0,0,0,GSE185381,GSM5613756_2019-10-25-count-5
COL5A2,Stromal,bin,2,0,0,0,0,GSE185381,GSM5613756_2019-10-25-count-5
COL6A1,Stromal,bin,2,0,0,0,0,GSE185381,GSM5613756_2019-10-25-count-5
COL6A2,Stromal,bin,2,0,0,0,0,GSE185381,GSM5613756_2019-10-25-count-5
COL6A3,Stromal,bin,2,0,0,0,0,GSE185381,GSM5613756_2019-10-25-count-5
COL11A1,Stromal,bin,2,0,0,0,0,GSE185381,GSM5613756_2019-10-25-count-5
FN1,Stromal,bin,2,0,0,0,0,GSE185381,GSM5613756_2019-10-25-count-5
LUM,Stromal,bin,2,0,0,0,0,GSE185381,GSM5613756_2019-10-25-count-5
DCN,Stromal,bin,2,0,0,0,0,GSE185381,GSM5613756_2019-10-25-count-5
POSTN,Stromal,bin,2,0,0,0,0,GSE185381,GSM5613756_2019-10-25-count-5
SPARC,Stromal,bin,2,0,0,0,0,GSE185381,GSM5613756_2019-10-25-count-5
BGN,Stromal,bin,2,0,0,0,0,GSE185381,GSM5613756_2019-10-25-count-5
VCAN,Stromal,bin,2,0,0,0,0,GSE185381,GSM5613756_2019-10-25-count-5
ELN,Stromal,bin,2,0,0,0,0,GSE185381,GSM5613756_2019-10-25-count-5
FBN1,Stromal,bin,2,0,0,0,0,GSE185381,GSM5613756_2019-10-25-count-5
MGP,Stromal,bin,2,1,0.421715461762132,1,50,GSE185381,GSM5613756_2019-10-25-count-5
OGN,Stromal,bin,2,0,0,0,0,GSE185381,GSM5613756_2019-10-25-count-5
ASPN,Stromal,bin,2,0,0,0,0,GSE185381,GSM5613756_2019-10-25-count-5
TNC,Stromal,bin,2,0,0,0,0,GSE185381,GSM5613756_2019-10-25-count-5
LTBP1,Stromal,bin,2,0,0,0,0,GSE185381,GSM5613756_2019-10-25-count-5
LTBP2,Stromal,bin,2,0,0,0,0,GSE185381,GSM5613756_2019-10-25-count-5
LOX,Stromal,bin,2,0,0,0,0,GSE185381,GSM5613756_2019-10-25-count-5
LOXL1,Stromal,bin,2,0,0,0,0,GSE185381,GSM5613756_2019-10-25-count-5
LOXL2,Stromal,bin,2,0,0,0,0,GSE185381,GSM5613756_2019-10-25-count-5
PLOD1,Stromal,bin,2,0,0,0,0,GSE185381,GSM5613756_2019-10-25-count-5
PLOD2,Stromal,bin,2,0,0,0,0,GSE185381,GSM5613756_2019-10-25-count-5
SERPINH1,Stromal,bin,2,0,0,0,0,GSE185381,GSM5613756_2019-10-25-count-5
SERPINE1,Stromal,bin,2,0,0,0,0,GSE185381,GSM5613756_2019-10-25-count-5
TIMP1,Stromal,bin,2,2,1.91105076230308,9,100,GSE185381,GSM5613756_2019-10-25-count-5
TIMP2,Stromal,bin,2,0,0,0,0,GSE185381,GSM5613756_2019-10-25-count-5
TIMP3,Stromal,bin,2,0,0,0,0,GSE185381,GSM5613756_2019-10-25-count-5
MMP2,Stromal,bin,2,1,0.421715461762132,1,50,GSE185381,GSM5613756_2019-10-25-count-5
MMP9,Stromal,bin,2,0,0,0,0,GSE185381,GSM5613756_2019-10-25-count-5
MMP14,Stromal,bin,2,0,0,0,0,GSE185381,GSM5613756_2019-10-25-count-5
CTSK,Stromal,bin,2,0,0,0,0,GSE185381,GSM5613756_2019-10-25-count-5
ADAMTS1,Stromal,bin,2,0,0,0,0,GSE185381,GSM5613756_2019-10-25-count-5
TGFB1,Stromal,bin,2,2,1.45180908370817,6,100,GSE185381,GSM5613756_2019-10-25-count-5
TGFB2,Stromal,bin,2,0,0,0,0,GSE185381,GSM5613756_2019-10-25-count-5
TGFB3,Stromal,bin,2,0,0,0,0,GSE185381,GSM5613756_2019-10-25-count-5
TGFBR1,Stromal,bin,2,1,0.421715461762132,1,50,GSE185381,GSM5613756_2019-10-25-count-5
TGFBR2,Stromal,bin,2,0,0,0,0,GSE185381,GSM5613756_2019-10-25-count-5
PDGFA,Stromal,bin,2,0,0,0,0,GSE185381,GSM5613756_2019-10-25-count-5
PDGFB,Stromal,bin,2,0,0,0,0,GSE185381,GSM5613756_2019-10-25-count-5
PDGFRA,Stromal,bin,2,0,0,0,0,GSE185381,GSM5613756_2019-10-25-count-5
PDGFRB,Stromal,bin,2,1,0.421715461762132,1,50,GSE185381,GSM5613756_2019-10-25-count-5
CCN2,Stromal,bin,2,0,0,0,0,GSE185381,GSM5613756_2019-10-25-count-5
CCN1,Stromal,bin,2,0,0,0,0,GSE185381,GSM5613756_2019-10-25-count-5
IGF1,Stromal,bin,2,0,0,0,0,GSE185381,GSM5613756_2019-10-25-count-5
IGF2,Stromal,bin,2,0,0,0,0,GSE185381,GSM5613756_2019-10-25-count-5
VEGFA,Stromal,bin,2,0,0,0,0,GSE185381,GSM5613756_2019-10-25-count-5
FGF2,Stromal,bin,2,0,0,0,0,GSE185381,GSM5613756_2019-10-25-count-5
HGF,Stromal,bin,2,0,0,0,0,GSE185381,GSM5613756_2019-10-25-count-5
OSM,Stromal,bin,2,0,0,0,0,GSE185381,GSM5613756_2019-10-25-count-5
OSMR,Stromal,bin,2,0,0,0,0,GSE185381,GSM5613756_2019-10-25-count-5
IL11,Stromal,bin,2,0,0,0,0,GSE185381,GSM5613756_2019-10-25-count-5
SPP1,Stromal,bin,2,0,0,0,0,GSE185381,GSM5613756_2019-10-25-count-5
IL1B,Stromal,bin,2,0,0,0,0,GSE185381,GSM5613756_2019-10-25-count-5
IL6,Stromal,bin,2,0,0,0,0,GSE185381,GSM5613756_2019-10-25-count-5
TNF,Stromal,bin,2,0,0,0,0,GSE185381,GSM5613756_2019-10-25-count-5
CXCL8,Stromal,bin,2,0,0,0,0,GSE185381,GSM5613756_2019-10-25-count-5
IL10,Stromal,bin,2,0,0,0,0,GSE185381,GSM5613756_2019-10-25-count-5
IFNG,Stromal,bin,2,0,0,0,0,GSE185381,GSM5613756_2019-10-25-count-5
CCL2,Stromal,bin,2,0,0,0,0,GSE185381,GSM5613756_2019-10-25-count-5
CCL3,Stromal,bin,2,0,0,0,0,GSE185381,GSM5613756_2019-10-25-count-5
CCL4,Stromal,bin,2,0,0,0,0,GSE185381,GSM5613756_2019-10-25-count-5
CXCL1,Stromal,bin,2,0,0,0,0,GSE185381,GSM5613756_2019-10-25-count-5
CXCL2,Stromal,bin,2,0,0,0,0,GSE185381,GSM5613756_2019-10-25-count-5
IL18,Stromal,bin,2,1,0.647179413879772,2,50,GSE185381,GSM5613756_2019-10-25-count-5
NLRP3,Stromal,bin,2,0,0,0,0,GSE185381,GSM5613756_2019-10-25-count-5
S100A8,Stromal,bin,2,2,1.07851632314214,3,100,GSE185381,GSM5613756_2019-10-25-count-5
S100A9,Stromal,bin,2,1,0.920061407221595,4,50,GSE185381,GSM5613756_2019-10-25-count-5
PF4,Stromal,bin,2,0,0,0,0,GSE185381,GSM5613756_2019-10-25-count-5
PPBP,Stromal,bin,2,0,0,0,0,GSE185381,GSM5613756_2019-10-25-count-5
VWF,Stromal,bin,2,0,0,0,0,GSE185381,GSM5613756_2019-10-25-count-5
ITGA2B,Stromal,bin,2,0,0,0,0,GSE185381,GSM5613756_2019-10-25-count-5
GP9,Stromal,bin,2,0,0,0,0,GSE185381,GSM5613756_2019-10-25-count-5
NFE2,Stromal,bin,2,0,0,0,0,GSE185381,GSM5613756_2019-10-25-count-5
GATA1,Stromal,bin,2,0,0,0,0,GSE185381,GSM5613756_2019-10-25-count-5
MPL,Stromal,bin,2,0,0,0,0,GSE185381,GSM5613756_2019-10-25-count-5
CALR,Stromal,bin,2,2,1.23334691135872,4,100,GSE185381,GSM5613756_2019-10-25-count-5
JAK2,Stromal,bin,2,0,0,0,0,GSE185381,GSM5613756_2019-10-25-count-5
LEPR,Stromal,bin,2,0,0,0,0,GSE185381,GSM5613756_2019-10-25-count-5
CXCL12,Stromal,bin,2,0,0,0,0,GSE185381,GSM5613756_2019-10-25-count-5
KITLG,Stromal,bin,2,0,0,0,0,GSE185381,GSM5613756_2019-10-25-count-5
ANGPT1,Stromal,bin,2,2,1.46262874452068,5,100,GSE185381,GSM5613756_2019-10-25-count-5
VCAM1,Stromal,bin,2,0,0,0,0,GSE185381,GSM5613756_2019-10-25-count-5
NES,Stromal,bin,2,0,0,0,0,GSE185381,GSM5613756_2019-10-25-count-5
NGFR,Stromal,bin,2,0,0,0,0,GSE185381,GSM5613756_2019-10-25-count-5
SFRP2,Stromal,bin,2,0,0,0,0,GSE185381,GSM5613756_2019-10-25-count-5
SFRP4,Stromal,bin,2,0,0,0,0,GSE185381,GSM5613756_2019-10-25-count-5
GREM1,Stromal,bin,2,0,0,0,0,GSE185381,GSM5613756_2019-10-25-count-5
FAP,Stromal,bin,2,0,0,0,0,GSE185381,GSM5613756_2019-10-25-count-5
BGLAP,Stromal,bin,2,0,0,0,0,GSE185381,GSM5613756_2019-10-25-count-5
RUNX2,Stromal,bin,2,1,0.421715461762132,1,50,GSE185381,GSM5613756_2019-10-25-count-5
SP7,Stromal,bin,2,0,0,0,0,GSE185381,GSM5613756_2019-10-25-count-5
ACTA2,Stromal,bin,2,0,0,0,0,GSE185381,GSM5613756_2019-10-25-count-5
TAGLN,Stromal,bin,2,0,0,0,0,GSE185381,GSM5613756_2019-10-25-count-5
RGS5,Stromal,bin,2,0,0,0,0,GSE185381,GSM5613756_2019-10-25-count-5
MYH11,Stromal,bin,2,0,0,0,0,GSE185381,GSM5613756_2019-10-25-count-5
CDH5,Stromal,bin,2,0,0,0,0,GSE185381,GSM5613756_2019-10-25-count-5
PECAM1,Stromal,bin,2,1,0.431336909262369,1,50,GSE185381,GSM5613756_2019-10-25-count-5
EMCN,Stromal,bin,2,0,0,0,0,GSE185381,GSM5613756_2019-10-25-count-5
HIF1A,Stromal,bin,2,2,0.853052371024501,2,100,GSE185381,GSM5613756_2019-10-25-count-5
EPAS1,Stromal,bin,2,0,0,0,0,GSE185381,GSM5613756_2019-10-25-count-5
CA9,Stromal,bin,2,0,0,0,0,GSE185381,GSM5613756_2019-10-25-count-5
LDHA,Stromal,bin,2,2,1.23716479240304,4,100,GSE185381,GSM5613756_2019-10-25-count-5
SLC2A1,Stromal,bin,2,0,0,0,0,GSE185381,GSM5613756_2019-10-25-count-5
PGK1,Stromal,bin,2,2,0.853052371024501,2,100,GSE185381,GSM5613756_2019-10-25-count-5
ADM,Stromal,bin,2,0,0,0,0,GSE185381,GSM5613756_2019-10-25-count-5
BNIP3,Stromal,bin,2,1,0.431336909262369,1,50,GSE185381,GSM5613756_2019-10-25-count-5
NDRG1,Stromal,bin,2,1,0.431336909262369,1,50,GSE185381,GSM5613756_2019-10-25-count-5
SNAI1,Stromal,bin,2,0,0,0,0,GSE185381,GSM5613756_2019-10-25-count-5
SNAI2,Stromal,bin,2,0,0,0,0,GSE185381,GSM5613756_2019-10-25-count-5
TWIST1,Stromal,bin,2,0,0,0,0,GSE185381,GSM5613756_2019-10-25-count-5
ZEB1,Stromal,bin,2,0,0,0,0,GSE185381,GSM5613756_2019-10-25-count-5
ZEB2,Stromal,bin,2,2,1.88779195830834,10,100,GSE185381,GSM5613756_2019-10-25-count-5
VIM,Stromal,bin,2,2,3.99329303926734,82,100,GSE185381,GSM5613756_2019-10-25-count-5
CDH2,Stromal,bin,2,0,0,0,0,GSE185381,GSM5613756_2019-10-25-count-5
NECTIN4,Stromal,bin,2,0,0,0,0,GSE185381,GSM5613756_2019-10-25-count-5
NECTIN1,Stromal,bin,2,0,0,0,0,GSE185381,GSM5613756_2019-10-25-count-5
NECTIN2,Stromal,bin,2,1,0.431336909262369,1,50,GSE185381,GSM5613756_2019-10-25-count-5
NECTIN3,Stromal,bin,2,0,0,0,0,GSE185381,GSM5613756_2019-10-25-count-5
PVR,Stromal,bin,2,0,0,0,0,GSE185381,GSM5613756_2019-10-25-count-5
TIGIT,Stromal,bin,2,0,0,0,0,GSE185381,GSM5613756_2019-10-25-count-5
CD226,Stromal,bin,2,0,0,0,0,GSE185381,GSM5613756_2019-10-25-count-5
CD96,Stromal,bin,2,2,0.853052371024501,2,100,GSE185381,GSM5613756_2019-10-25-count-5
C1QA,Stromal,bin,2,1,0.421715461762132,1,50,GSE185381,GSM5613756_2019-10-25-count-5
C1QB,Stromal,bin,2,0,0,0,0,GSE185381,GSM5613756_2019-10-25-count-5
C1QC,Stromal,bin,2,0,0,0,0,GSE185381,GSM5613756_2019-10-25-count-5
CD163,Stromal,bin,2,0,0,0,0,GSE185381,GSM5613756_2019-10-25-count-5
MRC1,Stromal,bin,2,0,0,0,0,GSE185381,GSM5613756_2019-10-25-count-5
VSIG4,Stromal,bin,2,0,0,0,0,GSE185381,GSM5613756_2019-10-25-count-5
SELENOP,Stromal,bin,2,2,1.23334691135872,4,100,GSE185381,GSM5613756_2019-10-25-count-5
STAB1,Stromal,bin,2,2,1.0811212999358,3,100,GSE185381,GSM5613756_2019-10-25-count-5
LYVE1,Stromal,bin,2,0,0,0,0,GSE185381,GSM5613756_2019-10-25-count-5
MAF,Stromal,bin,2,0,0,0,0,GSE185381,GSM5613756_2019-10-25-count-5
FCN1,Stromal,bin,2,0,0,0,0,GSE185381,GSM5613756_2019-10-25-count-5
S100A12,Stromal,bin,2,0,0,0,0,GSE185381,GSM5613756_2019-10-25-count-5
SELL,Stromal,bin,2,0,0,0,0,GSE185381,GSM5613756_2019-10-25-count-5
CSF3R,Stromal,bin,2,2,0.853052371024501,2,100,GSE185381,GSM5613756_2019-10-25-count-5
PLAC8,Stromal,bin,2,1,0.802010002096354,3,50,GSE185381,GSM5613756_2019-10-25-count-5
COL1A1,nonmalignant,malignancy,3944,23,0.00865125275287232,26,0.5832,GSE185381,GSM5613756_2019-10-25-count-5
COL1A2,nonmalignant,malignancy,3944,0,0,0,0,GSE185381,GSM5613756_2019-10-25-count-5
COL3A1,nonmalignant,malignancy,3944,0,0,0,0,GSE185381,GSM5613756_2019-10-25-count-5
COL4A1,nonmalignant,malignancy,3944,0,0,0,0,GSE185381,GSM5613756_2019-10-25-count-5
COL5A1,nonmalignant,malignancy,3944,20,0.00556994486202614,21,0.5071,GSE185381,GSM5613756_2019-10-25-count-5
COL5A2,nonmalignant,malignancy,3944,1,0.000192731787651192,1,0.0254,GSE185381,GSM5613756_2019-10-25-count-5
COL6A1,nonmalignant,malignancy,3944,13,0.00408460184836883,14,0.3296,GSE185381,GSM5613756_2019-10-25-count-5
COL6A2,nonmalignant,malignancy,3944,115,0.0512351486773066,138,2.9158,GSE185381,GSM5613756_2019-10-25-count-5
COL6A3,nonmalignant,malignancy,3944,6,0.0019815658250988,6,0.1521,GSE185381,GSM5613756_2019-10-25-count-5
COL11A1,nonmalignant,malignancy,3944,0,0,0,0,GSE185381,GSM5613756_2019-10-25-count-5
FN1,nonmalignant,malignancy,3944,33,0.0113025891628716,47,0.8367,GSE185381,GSM5613756_2019-10-25-count-5
LUM,nonmalignant,malignancy,3944,0,0,0,0,GSE185381,GSM5613756_2019-10-25-count-5
DCN,nonmalignant,malignancy,3944,0,0,0,0,GSE185381,GSM5613756_2019-10-25-count-5
POSTN,nonmalignant,malignancy,3944,0,0,0,0,GSE185381,GSM5613756_2019-10-25-count-5
SPARC,nonmalignant,malignancy,3944,35,0.00943418465129804,37,0.8874,GSE185381,GSM5613756_2019-10-25-count-5
BGN,nonmalignant,malignancy,3944,0,0,0,0,GSE185381,GSM5613756_2019-10-25-count-5
VCAN,nonmalignant,malignancy,3944,2826,2.21494623310404,40540,71.6531,GSE185381,GSM5613756_2019-10-25-count-5
ELN,nonmalignant,malignancy,3944,9,0.0021930904320813,9,0.2282,GSE185381,GSM5613756_2019-10-25-count-5
FBN1,nonmalignant,malignancy,3944,36,0.0105383658886406,36,0.9128,GSE185381,GSM5613756_2019-10-25-count-5
MGP,nonmalignant,malignancy,3944,10,0.00322571561098133,11,0.2535,GSE185381,GSM5613756_2019-10-25-count-5
OGN,nonmalignant,malignancy,3944,9,0.00320837818603918,9,0.2282,GSE185381,GSM5613756_2019-10-25-count-5
ASPN,nonmalignant,malignancy,3944,8,0.00263733726780802,8,0.2028,GSE185381,GSM5613756_2019-10-25-count-5
TNC,nonmalignant,malignancy,3944,0,0,0,0,GSE185381,GSM5613756_2019-10-25-count-5
LTBP1,nonmalignant,malignancy,3944,71,0.0266172097701009,147,1.8002,GSE185381,GSM5613756_2019-10-25-count-5
LTBP2,nonmalignant,malignancy,3944,0,0,0,0,GSE185381,GSM5613756_2019-10-25-count-5
LOX,nonmalignant,malignancy,3944,2,0.000346499912614324,2,0.0507,GSE185381,GSM5613756_2019-10-25-count-5
LOXL1,nonmalignant,malignancy,3944,3,0.00103807688524321,3,0.0761,GSE185381,GSM5613756_2019-10-25-count-5
LOXL2,nonmalignant,malignancy,3944,8,0.00273035789698851,8,0.2028,GSE185381,GSM5613756_2019-10-25-count-5
PLOD1,nonmalignant,malignancy,3944,307,0.0969306425383039,334,7.784,GSE185381,GSM5613756_2019-10-25-count-5
PLOD2,nonmalignant,malignancy,3944,9,0.00204091860893256,10,0.2282,GSE185381,GSM5613756_2019-10-25-count-5
SERPINH1,nonmalignant,malignancy,3944,7,0.00188189555783989,7,0.1775,GSE185381,GSM5613756_2019-10-25-count-5
SERPINE1,nonmalignant,malignancy,3944,25,0.0069960120719332,26,0.6339,GSE185381,GSM5613756_2019-10-25-count-5
TIMP1,nonmalignant,malignancy,3944,2281,0.989195130021244,5264,57.8347,GSE185381,GSM5613756_2019-10-25-count-5
TIMP2,nonmalignant,malignancy,3944,1055,0.360814117507802,1377,26.7495,GSE185381,GSM5613756_2019-10-25-count-5
TIMP3,nonmalignant,malignancy,3944,12,0.00337080357057447,14,0.3043,GSE185381,GSM5613756_2019-10-25-count-5
MMP2,nonmalignant,malignancy,3944,61,0.0163415343215421,66,1.5467,GSE185381,GSM5613756_2019-10-25-count-5
MMP9,nonmalignant,malignancy,3944,17,0.00670387365865188,18,0.431,GSE185381,GSM5613756_2019-10-25-count-5
MMP14,nonmalignant,malignancy,3944,16,0.00487907620434274,16,0.4057,GSE185381,GSM5613756_2019-10-25-count-5
CTSK,nonmalignant,malignancy,3944,53,0.0163899735950631,54,1.3438,GSE185381,GSM5613756_2019-10-25-count-5
ADAMTS1,nonmalignant,malignancy,3944,27,0.0114745365608296,33,0.6846,GSE185381,GSM5613756_2019-10-25-count-5
TGFB1,nonmalignant,malignancy,3944,2255,0.909998080366142,3624,57.1755,GSE185381,GSM5613756_2019-10-25-count-5
TGFB2,nonmalignant,malignancy,3944,2,0.000684178134383866,2,0.0507,GSE185381,GSM5613756_2019-10-25-count-5
TGFB3,nonmalignant,malignancy,3944,12,0.00423421995461867,13,0.3043,GSE185381,GSM5613756_2019-10-25-count-5
TGFBR1,nonmalignant,malignancy,3944,327,0.105035349139467,356,8.2911,GSE185381,GSM5613756_2019-10-25-count-5
TGFBR2,nonmalignant,malignancy,3944,714,0.248528493234124,840,18.1034,GSE185381,GSM5613756_2019-10-25-count-5
PDGFA,nonmalignant,malignancy,3944,37,0.0114898401598761,44,0.9381,GSE185381,GSM5613756_2019-10-25-count-5
PDGFB,nonmalignant,malignancy,3944,1,0.000352199745176145,2,0.0254,GSE185381,GSM5613756_2019-10-25-count-5
PDGFRA,nonmalignant,malignancy,3944,1,0.000198551013180571,1,0.0254,GSE185381,GSM5613756_2019-10-25-count-5
PDGFRB,nonmalignant,malignancy,3944,18,0.00747424897823643,18,0.4564,GSE185381,GSM5613756_2019-10-25-count-5
CCN2,nonmalignant,malignancy,3944,0,0,0,0,GSE185381,GSM5613756_2019-10-25-count-5
CCN1,nonmalignant,malignancy,3944,1,0.000346353237495117,1,0.0254,GSE185381,GSM5613756_2019-10-25-count-5
IGF1,nonmalignant,malignancy,3944,12,0.00350697514796315,13,0.3043,GSE185381,GSM5613756_2019-10-25-count-5
IGF2,nonmalignant,malignancy,3944,0,0,0,0,GSE185381,GSM5613756_2019-10-25-count-5
VEGFA,nonmalignant,malignancy,3944,597,0.217549967126031,975,15.1369,GSE185381,GSM5613756_2019-10-25-count-5
FGF2,nonmalignant,malignancy,3944,0,0,0,0,GSE185381,GSM5613756_2019-10-25-count-5
HGF,nonmalignant,malignancy,3944,86,0.0275489247533469,98,2.1805,GSE185381,GSM5613756_2019-10-25-count-5
OSM,nonmalignant,malignancy,3944,109,0.032879593550123,118,2.7637,GSE185381,GSM5613756_2019-10-25-count-5
OSMR,nonmalignant,malignancy,3944,5,0.00141891928713732,5,0.1268,GSE185381,GSM5613756_2019-10-25-count-5
IL11,nonmalignant,malignancy,3944,1,0.000362756475579219,1,0.0254,GSE185381,GSM5613756_2019-10-25-count-5
SPP1,nonmalignant,malignancy,3944,9,0.00272490909317788,15,0.2282,GSE185381,GSM5613756_2019-10-25-count-5
IL1B,nonmalignant,malignancy,3944,381,0.143020862939494,682,9.6602,GSE185381,GSM5613756_2019-10-25-count-5
IL6,nonmalignant,malignancy,3944,13,0.00483766505731298,17,0.3296,GSE185381,GSM5613756_2019-10-25-count-5
TNF,nonmalignant,malignancy,3944,398,0.203106898065842,1078,10.0913,GSE185381,GSM5613756_2019-10-25-count-5
CXCL8,nonmalignant,malignancy,3944,1203,0.585470913246844,5207,30.502,GSE185381,GSM5613756_2019-10-25-count-5
IL10,nonmalignant,malignancy,3944,101,0.0353560173403941,120,2.5609,GSE185381,GSM5613756_2019-10-25-count-5
IFNG,nonmalignant,malignancy,3944,212,0.108841528364564,393,5.3753,GSE185381,GSM5613756_2019-10-25-count-5
CCL2,nonmalignant,malignancy,3944,28,0.00990134818725457,43,0.7099,GSE185381,GSM5613756_2019-10-25-count-5
CCL3,nonmalignant,malignancy,3944,1127,0.623924053868439,6880,28.5751,GSE185381,GSM5613756_2019-10-25-count-5
CCL4,nonmalignant,malignancy,3944,530,0.307101839344799,2748,13.4381,GSE185381,GSM5613756_2019-10-25-count-5
CXCL1,nonmalignant,malignancy,3944,17,0.0056762646799832,20,0.431,GSE185381,GSM5613756_2019-10-25-count-5
CXCL2,nonmalignant,malignancy,3944,418,0.158077186939787,731,10.5984,GSE185381,GSM5613756_2019-10-25-count-5
IL18,nonmalignant,malignancy,3944,484,0.151042234845673,610,12.2718,GSE185381,GSM5613756_2019-10-25-count-5
NLRP3,nonmalignant,malignancy,3944,1092,0.395569079947026,1612,27.6876,GSE185381,GSM5613756_2019-10-25-count-5
S100A8,nonmalignant,malignancy,3944,2794,2.17701790471629,43655,70.8418,GSE185381,GSM5613756_2019-10-25-count-5
S100A9,nonmalignant,malignancy,3944,3551,3.25189026064353,145783,90.0355,GSE185381,GSM5613756_2019-10-25-count-5
PF4,nonmalignant,malignancy,3944,6,0.00230389750918717,8,0.1521,GSE185381,GSM5613756_2019-10-25-count-5
PPBP,nonmalignant,malignancy,3944,13,0.00405292157762099,15,0.3296,GSE185381,GSM5613756_2019-10-25-count-5
VWF,nonmalignant,malignancy,3944,13,0.00411093764815888,13,0.3296,GSE185381,GSM5613756_2019-10-25-count-5
ITGA2B,nonmalignant,malignancy,3944,50,0.0153735595348943,75,1.2677,GSE185381,GSM5613756_2019-10-25-count-5
GP9,nonmalignant,malignancy,3944,3,0.000682270374520345,3,0.0761,GSE185381,GSM5613756_2019-10-25-count-5
NFE2,nonmalignant,malignancy,3944,179,0.0518679116624099,196,4.5385,GSE185381,GSM5613756_2019-10-25-count-5
GATA1,nonmalignant,malignancy,3944,19,0.00488090323559547,22,0.4817,GSE185381,GSM5613756_2019-10-25-count-5
MPL,nonmalignant,malignancy,3944,1,0.000235371957240763,1,0.0254,GSE185381,GSM5613756_2019-10-25-count-5
CALR,nonmalignant,malignancy,3944,2207,0.941773442887243,4910,55.9584,GSE185381,GSM5613756_2019-10-25-count-5
JAK2,nonmalignant,malignancy,3944,464,0.149098888402855,530,11.7647,GSE185381,GSM5613756_2019-10-25-count-5
LEPR,nonmalignant,malignancy,3944,102,0.0299451768062898,111,2.5862,GSE185381,GSM5613756_2019-10-25-count-5
CXCL12,nonmalignant,malignancy,3944,5,0.00232531780298921,8,0.1268,GSE185381,GSM5613756_2019-10-25-count-5
KITLG,nonmalignant,malignancy,3944,24,0.00690137006647634,27,0.6085,GSE185381,GSM5613756_2019-10-25-count-5
ANGPT1,nonmalignant,malignancy,3944,233,0.0787685014873607,432,5.9077,GSE185381,GSM5613756_2019-10-25-count-5
VCAM1,nonmalignant,malignancy,3944,3,0.00103388649611886,4,0.0761,GSE185381,GSM5613756_2019-10-25-count-5
NES,nonmalignant,malignancy,3944,1,0.000164458639089565,1,0.0254,GSE185381,GSM5613756_2019-10-25-count-5
NGFR,nonmalignant,malignancy,3944,7,0.00228981837070506,7,0.1775,GSE185381,GSM5613756_2019-10-25-count-5
SFRP2,nonmalignant,malignancy,3944,0,0,0,0,GSE185381,GSM5613756_2019-10-25-count-5
SFRP4,nonmalignant,malignancy,3944,3,0.00091258445627662,3,0.0761,GSE185381,GSM5613756_2019-10-25-count-5
GREM1,nonmalignant,malignancy,3944,121,0.0398150019110552,128,3.068,GSE185381,GSM5613756_2019-10-25-count-5
FAP,nonmalignant,malignancy,3944,1,0.000400071041942455,1,0.0254,GSE185381,GSM5613756_2019-10-25-count-5
BGLAP,nonmalignant,malignancy,3944,62,0.02064159436333,94,1.572,GSE185381,GSM5613756_2019-10-25-count-5
RUNX2,nonmalignant,malignancy,3944,374,0.114925457060759,427,9.4828,GSE185381,GSM5613756_2019-10-25-count-5
SP7,nonmalignant,malignancy,3944,0,0,0,0,GSE185381,GSM5613756_2019-10-25-count-5
ACTA2,nonmalignant,malignancy,3944,52,0.0155458965560406,53,1.3185,GSE185381,GSM5613756_2019-10-25-count-5
TAGLN,nonmalignant,malignancy,3944,126,0.040031891318049,135,3.1947,GSE185381,GSM5613756_2019-10-25-count-5
RGS5,nonmalignant,malignancy,3944,2,0.000632788774278628,2,0.0507,GSE185381,GSM5613756_2019-10-25-count-5
MYH11,nonmalignant,malignancy,3944,96,0.032499441836216,104,2.4341,GSE185381,GSM5613756_2019-10-25-count-5
CDH5,nonmalignant,malignancy,3944,1,0.000387416001428317,1,0.0254,GSE185381,GSM5613756_2019-10-25-count-5
PECAM1,nonmalignant,malignancy,3944,1252,0.453650191791392,1772,31.7444,GSE185381,GSM5613756_2019-10-25-count-5
EMCN,nonmalignant,malignancy,3944,3,0.000786795988270074,3,0.0761,GSE185381,GSM5613756_2019-10-25-count-5
HIF1A,nonmalignant,malignancy,3944,3017,1.57298070511514,10220,76.4959,GSE185381,GSM5613756_2019-10-25-count-5
EPAS1,nonmalignant,malignancy,3944,26,0.00781932491508208,27,0.6592,GSE185381,GSM5613756_2019-10-25-count-5
CA9,nonmalignant,malignancy,3944,0,0,0,0,GSE185381,GSM5613756_2019-10-25-count-5
LDHA,nonmalignant,malignancy,3944,2233,0.915926227875946,4230,56.6176,GSE185381,GSM5613756_2019-10-25-count-5
SLC2A1,nonmalignant,malignancy,3944,263,0.0881113064402994,289,6.6684,GSE185381,GSM5613756_2019-10-25-count-5
PGK1,nonmalignant,malignancy,3944,1976,0.746182964512251,3208,50.1014,GSE185381,GSM5613756_2019-10-25-count-5
ADM,nonmalignant,malignancy,3944,232,0.079033417166855,301,5.8824,GSE185381,GSM5613756_2019-10-25-count-5
BNIP3,nonmalignant,malignancy,3944,140,0.0450432375906203,151,3.5497,GSE185381,GSM5613756_2019-10-25-count-5
NDRG1,nonmalignant,malignancy,3944,914,0.320394822942209,1214,23.1744,GSE185381,GSM5613756_2019-10-25-count-5
SNAI1,nonmalignant,malignancy,3944,47,0.0140088637812738,54,1.1917,GSE185381,GSM5613756_2019-10-25-count-5
SNAI2,nonmalignant,malignancy,3944,0,0,0,0,GSE185381,GSM5613756_2019-10-25-count-5
TWIST1,nonmalignant,malignancy,3944,10,0.00317522978522287,11,0.2535,GSE185381,GSM5613756_2019-10-25-count-5
ZEB1,nonmalignant,malignancy,3944,312,0.110177749790158,392,7.9108,GSE185381,GSM5613756_2019-10-25-count-5
ZEB2,nonmalignant,malignancy,3944,3383,2.19437005317658,21177,85.7759,GSE185381,GSM5613756_2019-10-25-count-5
VIM,nonmalignant,malignancy,3944,3638,3.03933732858398,52819,92.2414,GSE185381,GSM5613756_2019-10-25-count-5
CDH2,nonmalignant,malignancy,3944,1,0.000272932835912805,1,0.0254,GSE185381,GSM5613756_2019-10-25-count-5
NECTIN4,nonmalignant,malignancy,3944,20,0.00652058742617558,21,0.5071,GSE185381,GSM5613756_2019-10-25-count-5
NECTIN1,nonmalignant,malignancy,3944,91,0.0281480697079223,96,2.3073,GSE185381,GSM5613756_2019-10-25-count-5
NECTIN2,nonmalignant,malignancy,3944,398,0.124040773637853,444,10.0913,GSE185381,GSM5613756_2019-10-25-count-5
NECTIN3,nonmalignant,malignancy,3944,29,0.0116833552614898,31,0.7353,GSE185381,GSM5613756_2019-10-25-count-5
PVR,nonmalignant,malignancy,3944,69,0.0204846067609082,70,1.7495,GSE185381,GSM5613756_2019-10-25-count-5
TIGIT,nonmalignant,malignancy,3944,99,0.0448378038947176,119,2.5101,GSE185381,GSM5613756_2019-10-25-count-5
CD226,nonmalignant,malignancy,3944,220,0.0955452891643066,267,5.5781,GSE185381,GSM5613756_2019-10-25-count-5
CD96,nonmalignant,malignancy,3944,476,0.183946153967716,631,12.069,GSE185381,GSM5613756_2019-10-25-count-5
C1QA,nonmalignant,malignancy,3944,196,0.0838617741609846,458,4.9696,GSE185381,GSM5613756_2019-10-25-count-5
C1QB,nonmalignant,malignancy,3944,29,0.0135688714632182,82,0.7353,GSE185381,GSM5613756_2019-10-25-count-5
C1QC,nonmalignant,malignancy,3944,28,0.0106430142501899,45,0.7099,GSE185381,GSM5613756_2019-10-25-count-5
CD163,nonmalignant,malignancy,3944,820,0.311522124451472,1429,20.7911,GSE185381,GSM5613756_2019-10-25-count-5
MRC1,nonmalignant,malignancy,3944,11,0.00318898950262662,12,0.2789,GSE185381,GSM5613756_2019-10-25-count-5
VSIG4,nonmalignant,malignancy,3944,37,0.0131072512591079,46,0.9381,GSE185381,GSM5613756_2019-10-25-count-5
SELENOP,nonmalignant,malignancy,3944,293,0.103284542959307,543,7.429,GSE185381,GSM5613756_2019-10-25-count-5
STAB1,nonmalignant,malignancy,3944,1063,0.394294638119869,1690,26.9523,GSE185381,GSM5613756_2019-10-25-count-5
LYVE1,nonmalignant,malignancy,3944,0,0,0,0,GSE185381,GSM5613756_2019-10-25-count-5
MAF,nonmalignant,malignancy,3944,172,0.0720914265750891,202,4.3611,GSE185381,GSM5613756_2019-10-25-count-5
FCN1,nonmalignant,malignancy,3944,1706,0.970598393356322,8589,43.2556,GSE185381,GSM5613756_2019-10-25-count-5
S100A12,nonmalignant,malignancy,3944,1307,0.583866108673444,3219,33.1389,GSE185381,GSM5613756_2019-10-25-count-5
SELL,nonmalignant,malignancy,3944,1002,0.369598362073521,1521,25.4057,GSE185381,GSM5613756_2019-10-25-count-5
CSF3R,nonmalignant,malignancy,3944,1458,0.5486885362987,2378,36.9675,GSE185381,GSM5613756_2019-10-25-count-5
PLAC8,nonmalignant,malignancy,3944,1673,0.70520480462603,3045,42.4189,GSE185381,GSM5613756_2019-10-25-count-5
COL1A1,malignant,malignancy,970,3,0.00619239042246887,3,0.3093,GSE185381,GSM5613756_2019-10-25-count-5
COL1A2,malignant,malignancy,970,0,0,0,0,GSE185381,GSM5613756_2019-10-25-count-5
COL3A1,malignant,malignancy,970,0,0,0,0,GSE185381,GSM5613756_2019-10-25-count-5
COL4A1,malignant,malignancy,970,0,0,0,0,GSE185381,GSM5613756_2019-10-25-count-5
COL5A1,malignant,malignancy,970,2,0.00452839672043603,2,0.2062,GSE185381,GSM5613756_2019-10-25-count-5
COL5A2,malignant,malignancy,970,0,0,0,0,GSE185381,GSM5613756_2019-10-25-count-5
COL6A1,malignant,malignancy,970,1,0.00181935794775374,1,0.1031,GSE185381,GSM5613756_2019-10-25-count-5
COL6A2,malignant,malignancy,970,39,0.0816552993454522,52,4.0206,GSE185381,GSM5613756_2019-10-25-count-5
COL6A3,malignant,malignancy,970,3,0.00457518619990087,3,0.3093,GSE185381,GSM5613756_2019-10-25-count-5
COL11A1,malignant,malignancy,970,0,0,0,0,GSE185381,GSM5613756_2019-10-25-count-5
FN1,malignant,malignancy,970,9,0.0150444096410749,12,0.9278,GSE185381,GSM5613756_2019-10-25-count-5
LUM,malignant,malignancy,970,0,0,0,0,GSE185381,GSM5613756_2019-10-25-count-5
DCN,malignant,malignancy,970,0,0,0,0,GSE185381,GSM5613756_2019-10-25-count-5
POSTN,malignant,malignancy,970,0,0,0,0,GSE185381,GSM5613756_2019-10-25-count-5
SPARC,malignant,malignancy,970,2,0.00360963936695079,3,0.2062,GSE185381,GSM5613756_2019-10-25-count-5
BGN,malignant,malignancy,970,0,0,0,0,GSE185381,GSM5613756_2019-10-25-count-5
VCAN,malignant,malignancy,970,651,2.2673682609493,8227,67.1134,GSE185381,GSM5613756_2019-10-25-count-5
ELN,malignant,malignancy,970,0,0,0,0,GSE185381,GSM5613756_2019-10-25-count-5
FBN1,malignant,malignancy,970,11,0.0179289180574511,11,1.134,GSE185381,GSM5613756_2019-10-25-count-5
MGP,malignant,malignancy,970,0,0,0,0,GSE185381,GSM5613756_2019-10-25-count-5
OGN,malignant,malignancy,970,2,0.00373295882474419,2,0.2062,GSE185381,GSM5613756_2019-10-25-count-5
ASPN,malignant,malignancy,970,2,0.00392341892805464,2,0.2062,GSE185381,GSM5613756_2019-10-25-count-5
TNC,malignant,malignancy,970,0,0,0,0,GSE185381,GSM5613756_2019-10-25-count-5
LTBP1,malignant,malignancy,970,7,0.012357512650968,7,0.7216,GSE185381,GSM5613756_2019-10-25-count-5
LTBP2,malignant,malignancy,970,1,0.00221127224322468,1,0.1031,GSE185381,GSM5613756_2019-10-25-count-5
LOX,malignant,malignancy,970,0,0,0,0,GSE185381,GSM5613756_2019-10-25-count-5
LOXL1,malignant,malignancy,970,0,0,0,0,GSE185381,GSM5613756_2019-10-25-count-5
LOXL2,malignant,malignancy,970,1,0.00195218038988488,1,0.1031,GSE185381,GSM5613756_2019-10-25-count-5
PLOD1,malignant,malignancy,970,43,0.0635766605138511,45,4.433,GSE185381,GSM5613756_2019-10-25-count-5
PLOD2,malignant,malignancy,970,0,0,0,0,GSE185381,GSM5613756_2019-10-25-count-5
SERPINH1,malignant,malignancy,970,1,0.00202090229711149,1,0.1031,GSE185381,GSM5613756_2019-10-25-count-5
SERPINE1,malignant,malignancy,970,7,0.0113335310969349,8,0.7216,GSE185381,GSM5613756_2019-10-25-count-5
TIMP1,malignant,malignancy,970,440,0.835988234128858,806,45.3608,GSE185381,GSM5613756_2019-10-25-count-5
TIMP2,malignant,malignancy,970,184,0.294394228718138,233,18.9691,GSE185381,GSM5613756_2019-10-25-count-5
TIMP3,malignant,malignancy,970,0,0,0,0,GSE185381,GSM5613756_2019-10-25-count-5
MMP2,malignant,malignancy,970,5,0.00695857593225487,5,0.5155,GSE185381,GSM5613756_2019-10-25-count-5
MMP9,malignant,malignancy,970,3,0.00441672958420599,3,0.3093,GSE185381,GSM5613756_2019-10-25-count-5
MMP14,malignant,malignancy,970,2,0.0030744568759357,2,0.2062,GSE185381,GSM5613756_2019-10-25-count-5
CTSK,malignant,malignancy,970,12,0.021141833863204,12,1.2371,GSE185381,GSM5613756_2019-10-25-count-5
ADAMTS1,malignant,malignancy,970,11,0.0225460701333223,12,1.134,GSE185381,GSM5613756_2019-10-25-count-5
TGFB1,malignant,malignancy,970,501,0.979778031459474,739,51.6495,GSE185381,GSM5613756_2019-10-25-count-5
TGFB2,malignant,malignancy,970,0,0,0,0,GSE185381,GSM5613756_2019-10-25-count-5
TGFB3,malignant,malignancy,970,1,0.00229351829449012,1,0.1031,GSE185381,GSM5613756_2019-10-25-count-5
TGFBR1,malignant,malignancy,970,63,0.107606093899226,67,6.4948,GSE185381,GSM5613756_2019-10-25-count-5
TGFBR2,malignant,malignancy,970,111,0.18908529013366,126,11.4433,GSE185381,GSM5613756_2019-10-25-count-5
PDGFA,malignant,malignancy,970,11,0.0164408911194381,13,1.134,GSE185381,GSM5613756_2019-10-25-count-5
PDGFB,malignant,malignancy,970,0,0,0,0,GSE185381,GSM5613756_2019-10-25-count-5
PDGFRA,malignant,malignancy,970,0,0,0,0,GSE185381,GSM5613756_2019-10-25-count-5
PDGFRB,malignant,malignancy,970,9,0.0188074118115092,10,0.9278,GSE185381,GSM5613756_2019-10-25-count-5
CCN2,malignant,malignancy,970,1,0.00120863416052634,1,0.1031,GSE185381,GSM5613756_2019-10-25-count-5
CCN1,malignant,malignancy,970,0,0,0,0,GSE185381,GSM5613756_2019-10-25-count-5
IGF1,malignant,malignancy,970,2,0.00272563851609184,2,0.2062,GSE185381,GSM5613756_2019-10-25-count-5
IGF2,malignant,malignancy,970,0,0,0,0,GSE185381,GSM5613756_2019-10-25-count-5
VEGFA,malignant,malignancy,970,97,0.156506506834233,128,10,GSE185381,GSM5613756_2019-10-25-count-5
FGF2,malignant,malignancy,970,0,0,0,0,GSE185381,GSM5613756_2019-10-25-count-5
HGF,malignant,malignancy,970,15,0.0239927163235447,16,1.5464,GSE185381,GSM5613756_2019-10-25-count-5
OSM,malignant,malignancy,970,11,0.0155835590868418,11,1.134,GSE185381,GSM5613756_2019-10-25-count-5
OSMR,malignant,malignancy,970,0,0,0,0,GSE185381,GSM5613756_2019-10-25-count-5
IL11,malignant,malignancy,970,0,0,0,0,GSE185381,GSM5613756_2019-10-25-count-5
SPP1,malignant,malignancy,970,1,0.00155147786380871,1,0.1031,GSE185381,GSM5613756_2019-10-25-count-5
IL1B,malignant,malignancy,970,84,0.160920339202043,189,8.6598,GSE185381,GSM5613756_2019-10-25-count-5
IL6,malignant,malignancy,970,5,0.00947460193193059,7,0.5155,GSE185381,GSM5613756_2019-10-25-count-5
TNF,malignant,malignancy,970,101,0.25813955573342,340,10.4124,GSE185381,GSM5613756_2019-10-25-count-5
CXCL8,malignant,malignancy,970,270,0.645289231791728,1206,27.8351,GSE185381,GSM5613756_2019-10-25-count-5
IL10,malignant,malignancy,970,16,0.0284723886497717,18,1.6495,GSE185381,GSM5613756_2019-10-25-count-5
IFNG,malignant,malignancy,970,115,0.264089596178581,209,11.8557,GSE185381,GSM5613756_2019-10-25-count-5
CCL2,malignant,malignancy,970,7,0.0131458857809015,11,0.7216,GSE185381,GSM5613756_2019-10-25-count-5
CCL3,malignant,malignancy,970,384,1.1990198330119,3329,39.5876,GSE185381,GSM5613756_2019-10-25-count-5
CCL4,malignant,malignancy,970,214,0.627476786732269,1326,22.0619,GSE185381,GSM5613756_2019-10-25-count-5
CXCL1,malignant,malignancy,970,8,0.01347914179581,9,0.8247,GSE185381,GSM5613756_2019-10-25-count-5
CXCL2,malignant,malignancy,970,98,0.191767325835973,189,10.1031,GSE185381,GSM5613756_2019-10-25-count-5
IL18,malignant,malignancy,970,46,0.0711620060437052,54,4.7423,GSE185381,GSM5613756_2019-10-25-count-5
NLRP3,malignant,malignancy,970,216,0.379789430418068,330,22.268,GSE185381,GSM5613756_2019-10-25-count-5
S100A8,malignant,malignancy,970,648,2.25790039717999,9202,66.8041,GSE185381,GSM5613756_2019-10-25-count-5
S100A9,malignant,malignancy,970,821,3.26259906704834,28535,84.6392,GSE185381,GSM5613756_2019-10-25-count-5
PF4,malignant,malignancy,970,1,0.002161678245742,2,0.1031,GSE185381,GSM5613756_2019-10-25-count-5
PPBP,malignant,malignancy,970,0,0,0,0,GSE185381,GSM5613756_2019-10-25-count-5
VWF,malignant,malignancy,970,3,0.00431484733268571,3,0.3093,GSE185381,GSM5613756_2019-10-25-count-5
ITGA2B,malignant,malignancy,970,6,0.00966762830882353,6,0.6186,GSE185381,GSM5613756_2019-10-25-count-5
GP9,malignant,malignancy,970,0,0,0,0,GSE185381,GSM5613756_2019-10-25-count-5
NFE2,malignant,malignancy,970,22,0.0329350245831081,24,2.268,GSE185381,GSM5613756_2019-10-25-count-5
GATA1,malignant,malignancy,970,3,0.0050914670619692,3,0.3093,GSE185381,GSM5613756_2019-10-25-count-5
MPL,malignant,malignancy,970,0,0,0,0,GSE185381,GSM5613756_2019-10-25-count-5
CALR,malignant,malignancy,970,440,0.866879897467314,705,45.3608,GSE185381,GSM5613756_2019-10-25-count-5
JAK2,malignant,malignancy,970,80,0.126973265867743,86,8.2474,GSE185381,GSM5613756_2019-10-25-count-5
LEPR,malignant,malignancy,970,15,0.0245698137253472,15,1.5464,GSE185381,GSM5613756_2019-10-25-count-5
CXCL12,malignant,malignancy,970,0,0,0,0,GSE185381,GSM5613756_2019-10-25-count-5
KITLG,malignant,malignancy,970,1,0.00148985840615985,1,0.1031,GSE185381,GSM5613756_2019-10-25-count-5
ANGPT1,malignant,malignancy,970,11,0.0175891110095567,11,1.134,GSE185381,GSM5613756_2019-10-25-count-5
VCAM1,malignant,malignancy,970,0,0,0,0,GSE185381,GSM5613756_2019-10-25-count-5
NES,malignant,malignancy,970,0,0,0,0,GSE185381,GSM5613756_2019-10-25-count-5
NGFR,malignant,malignancy,970,0,0,0,0,GSE185381,GSM5613756_2019-10-25-count-5
SFRP2,malignant,malignancy,970,0,0,0,0,GSE185381,GSM5613756_2019-10-25-count-5
SFRP4,malignant,malignancy,970,0,0,0,0,GSE185381,GSM5613756_2019-10-25-count-5
GREM1,malignant,malignancy,970,26,0.0407998665113207,26,2.6804,GSE185381,GSM5613756_2019-10-25-count-5
FAP,malignant,malignancy,970,0,0,0,0,GSE185381,GSM5613756_2019-10-25-count-5
BGLAP,malignant,malignancy,970,2,0.00416109433352531,2,0.2062,GSE185381,GSM5613756_2019-10-25-count-5
RUNX2,malignant,malignancy,970,44,0.0692326397974796,45,4.5361,GSE185381,GSM5613756_2019-10-25-count-5
SP7,malignant,malignancy,970,0,0,0,0,GSE185381,GSM5613756_2019-10-25-count-5
ACTA2,malignant,malignancy,970,7,0.0117871751527484,7,0.7216,GSE185381,GSM5613756_2019-10-25-count-5
TAGLN,malignant,malignancy,970,25,0.0401816616248092,25,2.5773,GSE185381,GSM5613756_2019-10-25-count-5
RGS5,malignant,malignancy,970,0,0,0,0,GSE185381,GSM5613756_2019-10-25-count-5
MYH11,malignant,malignancy,970,15,0.0289679975269496,15,1.5464,GSE185381,GSM5613756_2019-10-25-count-5
CDH5,malignant,malignancy,970,0,0,0,0,GSE185381,GSM5613756_2019-10-25-count-5
PECAM1,malignant,malignancy,970,237,0.393874050408829,315,24.433,GSE185381,GSM5613756_2019-10-25-count-5
EMCN,malignant,malignancy,970,0,0,0,0,GSE185381,GSM5613756_2019-10-25-count-5
HIF1A,malignant,malignancy,970,651,1.61778438080789,2283,67.1134,GSE185381,GSM5613756_2019-10-25-count-5
EPAS1,malignant,malignancy,970,10,0.0148812430812869,10,1.0309,GSE185381,GSM5613756_2019-10-25-count-5
CA9,malignant,malignancy,970,0,0,0,0,GSE185381,GSM5613756_2019-10-25-count-5
LDHA,malignant,malignancy,970,433,0.814811989456456,667,44.6392,GSE185381,GSM5613756_2019-10-25-count-5
SLC2A1,malignant,malignancy,970,49,0.0873380824621476,51,5.0515,GSE185381,GSM5613756_2019-10-25-count-5
PGK1,malignant,malignancy,970,345,0.620501588186769,500,35.567,GSE185381,GSM5613756_2019-10-25-count-5
ADM,malignant,malignancy,970,51,0.0858501114828641,66,5.2577,GSE185381,GSM5613756_2019-10-25-count-5
BNIP3,malignant,malignancy,970,31,0.0516721812514219,34,3.1959,GSE185381,GSM5613756_2019-10-25-count-5
NDRG1,malignant,malignancy,970,165,0.275510392141916,208,17.0103,GSE185381,GSM5613756_2019-10-25-count-5
SNAI1,malignant,malignancy,970,5,0.00738367946380133,5,0.5155,GSE185381,GSM5613756_2019-10-25-count-5
SNAI2,malignant,malignancy,970,0,0,0,0,GSE185381,GSM5613756_2019-10-25-count-5
TWIST1,malignant,malignancy,970,7,0.0125681936711918,9,0.7216,GSE185381,GSM5613756_2019-10-25-count-5
ZEB1,malignant,malignancy,970,23,0.0466619426856898,27,2.3711,GSE185381,GSM5613756_2019-10-25-count-5
ZEB2,malignant,malignancy,970,856,2.50331476235122,4635,88.2474,GSE185381,GSM5613756_2019-10-25-count-5
VIM,malignant,malignancy,970,770,2.58534913398669,7694,79.3814,GSE185381,GSM5613756_2019-10-25-count-5
CDH2,malignant,malignancy,970,0,0,0,0,GSE185381,GSM5613756_2019-10-25-count-5
NECTIN4,malignant,malignancy,970,2,0.0051177887296178,3,0.2062,GSE185381,GSM5613756_2019-10-25-count-5
NECTIN1,malignant,malignancy,970,14,0.0235794313619537,16,1.4433,GSE185381,GSM5613756_2019-10-25-count-5
NECTIN2,malignant,malignancy,970,71,0.109171643574697,77,7.3196,GSE185381,GSM5613756_2019-10-25-count-5
NECTIN3,malignant,malignancy,970,4,0.00702644383166231,4,0.4124,GSE185381,GSM5613756_2019-10-25-count-5
PVR,malignant,malignancy,970,5,0.0081257192941922,5,0.5155,GSE185381,GSM5613756_2019-10-25-count-5
TIGIT,malignant,malignancy,970,44,0.0894130757927452,49,4.5361,GSE185381,GSM5613756_2019-10-25-count-5
CD226,malignant,malignancy,970,104,0.213428552150253,120,10.7216,GSE185381,GSM5613756_2019-10-25-count-5
CD96,malignant,malignancy,970,84,0.170240933273052,96,8.6598,GSE185381,GSM5613756_2019-10-25-count-5
C1QA,malignant,malignancy,970,43,0.0833737917824777,91,4.433,GSE185381,GSM5613756_2019-10-25-count-5
C1QB,malignant,malignancy,970,6,0.0105963002569412,10,0.6186,GSE185381,GSM5613756_2019-10-25-count-5
C1QC,malignant,malignancy,970,5,0.00907229904930097,7,0.5155,GSE185381,GSM5613756_2019-10-25-count-5
CD163,malignant,malignancy,970,195,0.335770765370134,290,20.1031,GSE185381,GSM5613756_2019-10-25-count-5
MRC1,malignant,malignancy,970,0,0,0,0,GSE185381,GSM5613756_2019-10-25-count-5
VSIG4,malignant,malignancy,970,10,0.0165090387088619,14,1.0309,GSE185381,GSM5613756_2019-10-25-count-5
SELENOP,malignant,malignancy,970,17,0.0310580105862541,22,1.7526,GSE185381,GSM5613756_2019-10-25-count-5
STAB1,malignant,malignancy,970,231,0.406220818235463,341,23.8144,GSE185381,GSM5613756_2019-10-25-count-5
LYVE1,malignant,malignancy,970,0,0,0,0,GSE185381,GSM5613756_2019-10-25-count-5
MAF,malignant,malignancy,970,41,0.079517507347918,45,4.2268,GSE185381,GSM5613756_2019-10-25-count-5
FCN1,malignant,malignancy,970,352,0.853808701338066,1492,36.2887,GSE185381,GSM5613756_2019-10-25-count-5
S100A12,malignant,malignancy,970,344,0.73063790684957,921,35.4639,GSE185381,GSM5613756_2019-10-25-count-5
SELL,malignant,malignancy,970,166,0.297003943805218,229,17.1134,GSE185381,GSM5613756_2019-10-25-count-5
CSF3R,malignant,malignancy,970,261,0.461299949316263,389,26.9072,GSE185381,GSM5613756_2019-10-25-count-5
PLAC8,malignant,malignancy,970,392,0.809458285214049,633,40.4124,GSE185381,GSM5613756_2019-10-25-count-5
CTGF,all,sample,4914,,,,,GSE185381,GSM5613756_2019-10-25-count-5
CYR61,all,sample,4914,,,,,GSE185381,GSM5613756_2019-10-25-count-5
IL8,all,sample,4914,,,,,GSE185381,GSM5613756_2019-10-25-count-5
CXCL4,all,sample,4914,,,,,GSE185381,GSM5613756_2019-10-25-count-5
CXCL7,all,sample,4914,,,,,GSE185381,GSM5613756_2019-10-25-count-5
CD41,all,sample,4914,,,,,GSE185381,GSM5613756_2019-10-25-count-5
SCF,all,sample,4914,,,,,GSE185381,GSM5613756_2019-10-25-count-5
CD271,all,sample,4914,,,,,GSE185381,GSM5613756_2019-10-25-count-5
OSX,all,sample,4914,,,,,GSE185381,GSM5613756_2019-10-25-count-5
CD31,all,sample,4914,,,,,GSE185381,GSM5613756_2019-10-25-count-5
HIF2A,all,sample,4914,,,,,GSE185381,GSM5613756_2019-10-25-count-5
GLUT1,all,sample,4914,,,,,GSE185381,GSM5613756_2019-10-25-count-5
PVRL4,all,sample,4914,,,,,GSE185381,GSM5613756_2019-10-25-count-5
PVRL1,all,sample,4914,,,,,GSE185381,GSM5613756_2019-10-25-count-5
PVRL2,all,sample,4914,,,,,GSE185381,GSM5613756_2019-10-25-count-5
PVRL3,all,sample,4914,,,,,GSE185381,GSM5613756_2019-10-25-count-5
CD155,all,sample,4914,,,,,GSE185381,GSM5613756_2019-10-25-count-5
DNAM1,all,sample,4914,,,,,GSE185381,GSM5613756_2019-10-25-count-5
CD206,all,sample,4914,,,,,GSE185381,GSM5613756_2019-10-25-count-5
SEPP1,all,sample,4914,,,,,GSE185381,GSM5613756_2019-10-25-count-5
CD62L,all,sample,4914,,,,,GSE185381,GSM5613756_2019-10-25-count-5
