gene,stratum,level,n_cells,n_nonzero,mean_lognorm,sum_counts,pct_nonzero,dataset,sample
COL1A1,all,sample,8097,2827,0.651737965863909,45266,34.9142,GSE253355,GSM8019220_H36
COL1A2,all,sample,8097,3378,0.925282276831534,76952,41.7192,GSE253355,GSM8019220_H36
COL3A1,all,sample,8097,3049,0.867634272266155,77878,37.6559,GSE253355,GSM8019220_H36
COL4A1,all,sample,8097,2461,0.41051458243085,13890,30.394,GSE253355,GSM8019220_H36
COL5A1,all,sample,8097,2385,0.28071963403138,6184,29.4554,GSE253355,GSM8019220_H36
COL5A2,all,sample,8097,2477,0.471055711057871,21401,30.5916,GSE253355,GSM8019220_H36
COL6A1,all,sample,8097,3058,0.615996558386176,24887,37.7671,GSE253355,GSM8019220_H36
COL6A2,all,sample,8097,3172,0.692026834788585,28629,39.175,GSE253355,GSM8019220_H36
COL6A3,all,sample,8097,2362,0.53808191786093,27201,29.1713,GSE253355,GSM8019220_H36
COL11A1,all,sample,8097,777,0.0968621624540245,2747,9.5961,GSE253355,GSM8019220_H36
FN1,all,sample,8097,2555,0.490082250927297,19043,31.5549,GSE253355,GSM8019220_H36
LUM,all,sample,8097,2723,0.716716882710301,44784,33.6297,GSE253355,GSM8019220_H36
DCN,all,sample,8097,2832,0.84736905477039,62914,34.9759,GSE253355,GSM8019220_H36
POSTN,all,sample,8097,231,0.0342524846171539,1091,2.8529,GSE253355,GSM8019220_H36
SPARC,all,sample,8097,3785,0.723229447284193,28136,46.7457,GSE253355,GSM8019220_H36
BGN,all,sample,8097,1942,0.251148655794301,6135,23.9842,GSE253355,GSM8019220_H36
VCAN,all,sample,8097,3802,1.37467900728474,266856,46.9557,GSE253355,GSM8019220_H36
ELN,all,sample,8097,308,0.0252984329127243,443,3.8039,GSE253355,GSM8019220_H36
FBN1,all,sample,8097,3292,0.866841915712046,61929,40.657,GSE253355,GSM8019220_H36
MGP,all,sample,8097,4608,1.41510023760633,270149,56.91,GSE253355,GSM8019220_H36
OGN,all,sample,8097,471,0.0377071241222873,879,5.817,GSE253355,GSM8019220_H36
ASPN,all,sample,8097,398,0.0252339519196009,579,4.9154,GSE253355,GSM8019220_H36
TNC,all,sample,8097,842,0.146609783250881,6321,10.3989,GSE253355,GSM8019220_H36
LTBP1,all,sample,8097,2715,0.416728080775715,13735,33.5309,GSE253355,GSM8019220_H36
LTBP2,all,sample,8097,1487,0.201447630850907,4787,18.3648,GSE253355,GSM8019220_H36
LOX,all,sample,8097,1430,0.170517763873099,4651,17.6609,GSE253355,GSM8019220_H36
LOXL1,all,sample,8097,1054,0.0904868789897879,1753,13.0172,GSE253355,GSM8019220_H36
LOXL2,all,sample,8097,1364,0.135825601259056,3265,16.8457,GSE253355,GSM8019220_H36
PLOD1,all,sample,8097,1247,0.0851768772620777,1574,15.4008,GSE253355,GSM8019220_H36
PLOD2,all,sample,8097,2367,0.319727421618156,10697,29.233,GSE253355,GSM8019220_H36
SERPINH1,all,sample,8097,2828,0.380929506564058,9515,34.9265,GSE253355,GSM8019220_H36
SERPINE1,all,sample,8097,722,0.0988931972932637,4102,8.9169,GSE253355,GSM8019220_H36
TIMP1,all,sample,8097,4849,0.81870085185335,36622,59.8864,GSE253355,GSM8019220_H36
TIMP2,all,sample,8097,4833,0.560266822315998,14547,59.6888,GSE253355,GSM8019220_H36
TIMP3,all,sample,8097,2538,0.451896284097087,18895,31.3449,GSE253355,GSM8019220_H36
MMP2,all,sample,8097,2310,0.387302065456891,11715,28.5291,GSE253355,GSM8019220_H36
MMP9,all,sample,8097,324,0.0953570238045394,1827,4.0015,GSE253355,GSM8019220_H36
MMP14,all,sample,8097,1778,0.202414802242919,4208,21.9588,GSE253355,GSM8019220_H36
CTSK,all,sample,8097,1343,0.136249514563948,2830,16.5864,GSE253355,GSM8019220_H36
ADAMTS1,all,sample,8097,1992,0.336049602104861,13495,24.6017,GSE253355,GSM8019220_H36
TGFB1,all,sample,8097,4136,0.46768810575869,12743,51.0806,GSE253355,GSM8019220_H36
TGFB2,all,sample,8097,316,0.0299347579724724,708,3.9027,GSE253355,GSM8019220_H36
TGFB3,all,sample,8097,812,0.0641687734278906,1209,10.0284,GSE253355,GSM8019220_H36
TGFBR1,all,sample,8097,3465,0.391866764051645,9562,42.7936,GSE253355,GSM8019220_H36
TGFBR2,all,sample,8097,4682,0.866833200824647,28081,57.8239,GSE253355,GSM8019220_H36
PDGFA,all,sample,8097,925,0.0976480022895075,2437,11.424,GSE253355,GSM8019220_H36
PDGFB,all,sample,8097,347,0.0346571939513088,565,4.2855,GSE253355,GSM8019220_H36
PDGFRA,all,sample,8097,2034,0.341181543018042,10382,25.1204,GSE253355,GSM8019220_H36
PDGFRB,all,sample,8097,2436,0.395505882382141,10478,30.0852,GSE253355,GSM8019220_H36
IGF1,all,sample,8097,1601,0.191996404501778,9119,19.7728,GSE253355,GSM8019220_H36
IGF2,all,sample,8097,0,0,0,0,GSE253355,GSM8019220_H36
VEGFA,all,sample,8097,2113,0.196157827420984,4825,26.0961,GSE253355,GSM8019220_H36
FGF2,all,sample,8097,279,0.0247453711585718,567,3.4457,GSE253355,GSM8019220_H36
HGF,all,sample,8097,1620,0.16220165207456,4560,20.0074,GSE253355,GSM8019220_H36
OSM,all,sample,8097,688,0.0814452963543539,3465,8.497,GSE253355,GSM8019220_H36
OSMR,all,sample,8097,3200,0.746699167545267,45337,39.5208,GSE253355,GSM8019220_H36
IL11,all,sample,8097,50,0.0024391369184359,77,0.6175,GSE253355,GSM8019220_H36
SPP1,all,sample,8097,950,0.137853363462885,13495,11.7327,GSE253355,GSM8019220_H36
IL1B,all,sample,8097,538,0.0645187989507972,4157,6.6444,GSE253355,GSM8019220_H36
IL6,all,sample,8097,606,0.0873522552640956,3561,7.4843,GSE253355,GSM8019220_H36
TNF,all,sample,8097,141,0.0160660545376595,281,1.7414,GSE253355,GSM8019220_H36
CXCL8,all,sample,8097,1287,0.313462868831074,20252,15.8948,GSE253355,GSM8019220_H36
IL10,all,sample,8097,22,0.00204162060588093,54,0.2717,GSE253355,GSM8019220_H36
IFNG,all,sample,8097,37,0.0053887150137586,75,0.457,GSE253355,GSM8019220_H36
CCL2,all,sample,8097,1255,0.213601059149931,10626,15.4996,GSE253355,GSM8019220_H36
CCL3,all,sample,8097,204,0.0278712520981795,1139,2.5195,GSE253355,GSM8019220_H36
CCL4,all,sample,8097,164,0.0350455962227333,1772,2.0254,GSE253355,GSM8019220_H36
CXCL1,all,sample,8097,380,0.0567695643899445,1810,4.6931,GSE253355,GSM8019220_H36
CXCL2,all,sample,8097,1494,0.244575694705794,13429,18.4513,GSE253355,GSM8019220_H36
IL18,all,sample,8097,787,0.0583974669323026,1499,9.7196,GSE253355,GSM8019220_H36
NLRP3,all,sample,8097,401,0.0373803374822289,1441,4.9525,GSE253355,GSM8019220_H36
S100A8,all,sample,8097,940,0.384786711920369,37579,11.6092,GSE253355,GSM8019220_H36
S100A9,all,sample,8097,1138,0.416627660783538,36249,14.0546,GSE253355,GSM8019220_H36
PF4,all,sample,8097,82,0.012491553283801,577,1.0127,GSE253355,GSM8019220_H36
PPBP,all,sample,8097,102,0.0169397480372551,623,1.2597,GSE253355,GSM8019220_H36
VWF,all,sample,8097,877,0.181352482748122,8057,10.8312,GSE253355,GSM8019220_H36
ITGA2B,all,sample,8097,262,0.0253604775981045,1040,3.2358,GSE253355,GSM8019220_H36
GP9,all,sample,8097,68,0.00803983725104105,192,0.8398,GSE253355,GSM8019220_H36
NFE2,all,sample,8097,507,0.0399326817689909,1048,6.2616,GSE253355,GSM8019220_H36
GATA1,all,sample,8097,168,0.0139720609390018,474,2.0748,GSE253355,GSM8019220_H36
MPL,all,sample,8097,90,0.00418718319366809,100,1.1115,GSE253355,GSM8019220_H36
CALR,all,sample,8097,6241,1.11656544391096,50804,77.0779,GSE253355,GSM8019220_H36
JAK2,all,sample,8097,3646,0.491073522967685,14588,45.029,GSE253355,GSM8019220_H36
LEPR,all,sample,8097,3261,0.814680957657773,54835,40.2742,GSE253355,GSM8019220_H36
CXCL12,all,sample,8097,4195,1.22008195344023,150086,51.8093,GSE253355,GSM8019220_H36
KITLG,all,sample,8097,1922,0.264090479597841,6889,23.7372,GSE253355,GSM8019220_H36
ANGPT1,all,sample,8097,2710,0.43681409114537,16152,33.4692,GSE253355,GSM8019220_H36
VCAM1,all,sample,8097,2511,0.507695573945163,21906,31.0115,GSE253355,GSM8019220_H36
NES,all,sample,8097,651,0.0639333862803025,1289,8.04,GSE253355,GSM8019220_H36
NGFR,all,sample,8097,1062,0.109684523120808,2200,13.116,GSE253355,GSM8019220_H36
SFRP2,all,sample,8097,318,0.0472090555475036,1676,3.9274,GSE253355,GSM8019220_H36
SFRP4,all,sample,8097,542,0.0638629056983987,2030,6.6938,GSE253355,GSM8019220_H36
GREM1,all,sample,8097,26,0.00193790194889273,27,0.3211,GSE253355,GSM8019220_H36
FAP,all,sample,8097,401,0.0344459566352571,680,4.9525,GSE253355,GSM8019220_H36
BGLAP,all,sample,8097,207,0.0333973194324014,1338,2.5565,GSE253355,GSM8019220_H36
RUNX2,all,sample,8097,3289,0.633815174030768,35647,40.62,GSE253355,GSM8019220_H36
SP7,all,sample,8097,57,0.0046937238608009,76,0.704,GSE253355,GSM8019220_H36
ACTA2,all,sample,8097,1658,0.296016353888955,17215,20.4767,GSE253355,GSM8019220_H36
TAGLN,all,sample,8097,2462,0.543648568163621,39053,30.4063,GSE253355,GSM8019220_H36
RGS5,all,sample,8097,822,0.187300294905523,13133,10.1519,GSE253355,GSM8019220_H36
MYH11,all,sample,8097,829,0.139840219382129,7088,10.2384,GSE253355,GSM8019220_H36
CDH5,all,sample,8097,615,0.0742488993303583,1586,7.5954,GSE253355,GSM8019220_H36
PECAM1,all,sample,8097,3328,0.380400354121472,11128,41.1016,GSE253355,GSM8019220_H36
EMCN,all,sample,8097,1032,0.220756090760749,10775,12.7455,GSE253355,GSM8019220_H36
HIF1A,all,sample,8097,5751,1.02869840300801,30226,71.0263,GSE253355,GSM8019220_H36
EPAS1,all,sample,8097,3707,0.664755452128411,21639,45.7824,GSE253355,GSM8019220_H36
CA9,all,sample,8097,29,0.00168298253066969,31,0.3582,GSE253355,GSM8019220_H36
LDHA,all,sample,8097,6027,1.01375104321408,39413,74.435,GSE253355,GSM8019220_H36
SLC2A1,all,sample,8097,822,0.0526596153117587,1255,10.1519,GSE253355,GSM8019220_H36
PGK1,all,sample,8097,5225,0.629713848790899,16713,64.5301,GSE253355,GSM8019220_H36
ADM,all,sample,8097,797,0.0718340719347906,1619,9.8432,GSE253355,GSM8019220_H36
BNIP3,all,sample,8097,2000,0.140468839329009,2901,24.7005,GSE253355,GSM8019220_H36
NDRG1,all,sample,8097,3641,0.463553299999816,12461,44.9673,GSE253355,GSM8019220_H36
SNAI1,all,sample,8097,922,0.0753505281687131,1476,11.3869,GSE253355,GSM8019220_H36
SNAI2,all,sample,8097,1112,0.116940075834512,2394,13.7335,GSE253355,GSM8019220_H36
TWIST1,all,sample,8097,1410,0.182463415975931,5055,17.4139,GSE253355,GSM8019220_H36
ZEB1,all,sample,8097,5175,0.829631076485973,26732,63.9126,GSE253355,GSM8019220_H36
ZEB2,all,sample,8097,4965,1.10479655914293,48909,61.319,GSE253355,GSM8019220_H36
VIM,all,sample,8097,7316,2.31855206691818,213091,90.3545,GSE253355,GSM8019220_H36
CDH2,all,sample,8097,702,0.0722592700953649,1686,8.6699,GSE253355,GSM8019220_H36
NECTIN4,all,sample,8097,3,0.00015878393223763,4,0.0371,GSE253355,GSM8019220_H36
NECTIN1,all,sample,8097,665,0.0444603429736948,855,8.2129,GSE253355,GSM8019220_H36
NECTIN2,all,sample,8097,2996,0.308181147794218,7499,37.0014,GSE253355,GSM8019220_H36
NECTIN3,all,sample,8097,995,0.0901436355373131,1647,12.2885,GSE253355,GSM8019220_H36
PVR,all,sample,8097,516,0.0338548656569162,642,6.3727,GSE253355,GSM8019220_H36
TIGIT,all,sample,8097,183,0.0199304745081113,355,2.2601,GSE253355,GSM8019220_H36
CD226,all,sample,8097,392,0.0300510986199516,705,4.8413,GSE253355,GSM8019220_H36
CD96,all,sample,8097,610,0.0884674112789774,1789,7.5337,GSE253355,GSM8019220_H36
C1QA,all,sample,8097,26,0.00461983820823525,63,0.3211,GSE253355,GSM8019220_H36
C1QB,all,sample,8097,21,0.00445902593966812,75,0.2594,GSE253355,GSM8019220_H36
C1QC,all,sample,8097,15,0.00233993174314763,20,0.1853,GSE253355,GSM8019220_H36
CD163,all,sample,8097,22,0.00277941733751291,59,0.2717,GSE253355,GSM8019220_H36
MRC1,all,sample,8097,431,0.0657821440831036,1772,5.323,GSE253355,GSM8019220_H36
VSIG4,all,sample,8097,17,0.00113899558264212,27,0.21,GSE253355,GSM8019220_H36
SELENOP,all,sample,8097,3953,0.744983676686943,27242,48.8206,GSE253355,GSM8019220_H36
STAB1,all,sample,8097,459,0.0473078666348869,899,5.6688,GSE253355,GSM8019220_H36
LYVE1,all,sample,8097,217,0.0199677566934722,371,2.68,GSE253355,GSM8019220_H36
MAF,all,sample,8097,1804,0.200696674966359,4061,22.2799,GSE253355,GSM8019220_H36
FCN1,all,sample,8097,300,0.0734410756991621,732,3.7051,GSE253355,GSM8019220_H36
S100A12,all,sample,8097,486,0.185604311039853,5099,6.0022,GSE253355,GSM8019220_H36
SELL,all,sample,8097,1437,0.194679605160175,5247,17.7473,GSE253355,GSM8019220_H36
CSF3R,all,sample,8097,1181,0.204353810980588,3759,14.5856,GSE253355,GSM8019220_H36
PLAC8,all,sample,8097,2080,0.234664583619281,7412,25.6885,GSE253355,GSM8019220_H36
CTGF,all,sample,8097,1707,0.265025769872782,10977,21.0819,GSE253355,GSM8019220_H36
CYR61,all,sample,8097,1800,0.277878044063312,10002,22.2305,GSE253355,GSM8019220_H36
COL1A1,B_Plasma,bin,2431,304,0.0629556202578138,808,12.5051,GSE253355,GSM8019220_H36
COL1A2,B_Plasma,bin,2431,397,0.0776593470689048,696,16.3307,GSE253355,GSM8019220_H36
COL3A1,B_Plasma,bin,2431,287,0.0548137954682159,333,11.8058,GSE253355,GSM8019220_H36
COL4A1,B_Plasma,bin,2431,37,0.00609582654562526,47,1.522,GSE253355,GSM8019220_H36
COL5A1,B_Plasma,bin,2431,389,0.146500567188079,765,16.0016,GSE253355,GSM8019220_H36
COL5A2,B_Plasma,bin,2431,91,0.0170899623491552,129,3.7433,GSE253355,GSM8019220_H36
COL6A1,B_Plasma,bin,2431,257,0.0375924524870401,295,10.5718,GSE253355,GSM8019220_H36
COL6A2,B_Plasma,bin,2431,171,0.0301731104652237,193,7.0341,GSE253355,GSM8019220_H36
COL6A3,B_Plasma,bin,2431,95,0.0185641604993995,117,3.9079,GSE253355,GSM8019220_H36
COL11A1,B_Plasma,bin,2431,11,0.00169821238477473,11,0.4525,GSE253355,GSM8019220_H36
FN1,B_Plasma,bin,2431,105,0.0218881694718902,120,4.3192,GSE253355,GSM8019220_H36
LUM,B_Plasma,bin,2431,215,0.036889688495586,255,8.8441,GSE253355,GSM8019220_H36
DCN,B_Plasma,bin,2431,222,0.041199878077327,276,9.132,GSE253355,GSM8019220_H36
POSTN,B_Plasma,bin,2431,4,0.000675156777643684,7,0.1645,GSE253355,GSM8019220_H36
SPARC,B_Plasma,bin,2431,219,0.0439294927765484,343,9.0086,GSE253355,GSM8019220_H36
BGN,B_Plasma,bin,2431,41,0.010001170812524,56,1.6865,GSE253355,GSM8019220_H36
VCAN,B_Plasma,bin,2431,510,0.108049213316928,719,20.979,GSE253355,GSM8019220_H36
ELN,B_Plasma,bin,2431,2,0.000545229311566629,2,0.0823,GSE253355,GSM8019220_H36
FBN1,B_Plasma,bin,2431,181,0.0323484676444709,233,7.4455,GSE253355,GSM8019220_H36
MGP,B_Plasma,bin,2431,887,0.189228082612541,1458,36.487,GSE253355,GSM8019220_H36
OGN,B_Plasma,bin,2431,83,0.0168141051627412,95,3.4142,GSE253355,GSM8019220_H36
ASPN,B_Plasma,bin,2431,87,0.0168640557745854,106,3.5788,GSE253355,GSM8019220_H36
TNC,B_Plasma,bin,2431,36,0.00696340845987927,42,1.4809,GSE253355,GSM8019220_H36
LTBP1,B_Plasma,bin,2431,336,0.0755863234044278,742,13.8215,GSE253355,GSM8019220_H36
LTBP2,B_Plasma,bin,2431,40,0.00771815784077261,42,1.6454,GSE253355,GSM8019220_H36
LOX,B_Plasma,bin,2431,23,0.00346023115297532,23,0.9461,GSE253355,GSM8019220_H36
LOXL1,B_Plasma,bin,2431,16,0.00196760736190707,16,0.6582,GSE253355,GSM8019220_H36
LOXL2,B_Plasma,bin,2431,49,0.0112878813940514,59,2.0156,GSE253355,GSM8019220_H36
PLOD1,B_Plasma,bin,2431,224,0.0267674612004692,257,9.2143,GSE253355,GSM8019220_H36
PLOD2,B_Plasma,bin,2431,40,0.00856711919054062,50,1.6454,GSE253355,GSM8019220_H36
SERPINH1,B_Plasma,bin,2431,114,0.0254743664406381,186,4.6894,GSE253355,GSM8019220_H36
SERPINE1,B_Plasma,bin,2431,153,0.0735859565384098,402,6.2937,GSE253355,GSM8019220_H36
TIMP1,B_Plasma,bin,2431,1275,0.562403010153641,10019,52.4476,GSE253355,GSM8019220_H36
TIMP2,B_Plasma,bin,2431,1573,0.489441747253964,5534,64.7059,GSE253355,GSM8019220_H36
TIMP3,B_Plasma,bin,2431,85,0.0215685267442078,121,3.4965,GSE253355,GSM8019220_H36
MMP2,B_Plasma,bin,2431,85,0.0126746015470681,88,3.4965,GSE253355,GSM8019220_H36
MMP9,B_Plasma,bin,2431,19,0.00535139809574606,29,0.7816,GSE253355,GSM8019220_H36
MMP14,B_Plasma,bin,2431,30,0.00444766726167355,30,1.2341,GSE253355,GSM8019220_H36
CTSK,B_Plasma,bin,2431,38,0.00694438709774372,40,1.5631,GSE253355,GSM8019220_H36
ADAMTS1,B_Plasma,bin,2431,59,0.0107529513313261,92,2.427,GSE253355,GSM8019220_H36
TGFB1,B_Plasma,bin,2431,1394,0.424657421703139,4349,57.3427,GSE253355,GSM8019220_H36
TGFB2,B_Plasma,bin,2431,41,0.00868599284455446,69,1.6865,GSE253355,GSM8019220_H36
TGFB3,B_Plasma,bin,2431,128,0.0245698196963022,158,5.2653,GSE253355,GSM8019220_H36
TGFBR1,B_Plasma,bin,2431,818,0.234103462406518,1421,33.6487,GSE253355,GSM8019220_H36
TGFBR2,B_Plasma,bin,2431,722,0.294622256503463,1640,29.6997,GSE253355,GSM8019220_H36
PDGFA,B_Plasma,bin,2431,172,0.0284884831706448,295,7.0753,GSE253355,GSM8019220_H36
PDGFB,B_Plasma,bin,2431,3,0.000659189244174215,3,0.1234,GSE253355,GSM8019220_H36
PDGFRA,B_Plasma,bin,2431,54,0.00918983970729264,60,2.2213,GSE253355,GSM8019220_H36
PDGFRB,B_Plasma,bin,2431,56,0.00830098067475754,66,2.3036,GSE253355,GSM8019220_H36
IGF1,B_Plasma,bin,2431,968,0.302043719468438,4899,39.819,GSE253355,GSM8019220_H36
IGF2,B_Plasma,bin,2431,0,0,0,0,GSE253355,GSM8019220_H36
VEGFA,B_Plasma,bin,2431,400,0.0656929941636476,576,16.4541,GSE253355,GSM8019220_H36
FGF2,B_Plasma,bin,2431,31,0.00481745135740577,35,1.2752,GSE253355,GSM8019220_H36
HGF,B_Plasma,bin,2431,371,0.0927347601644815,1254,15.2612,GSE253355,GSM8019220_H36
OSM,B_Plasma,bin,2431,50,0.0092495347296102,92,2.0568,GSE253355,GSM8019220_H36
OSMR,B_Plasma,bin,2431,140,0.0279469927197646,170,5.7589,GSE253355,GSM8019220_H36
IL11,B_Plasma,bin,2431,3,0.000422184866037226,3,0.1234,GSE253355,GSM8019220_H36
SPP1,B_Plasma,bin,2431,218,0.0563034747719354,482,8.9675,GSE253355,GSM8019220_H36
IL1B,B_Plasma,bin,2431,70,0.0204845856275492,90,2.8795,GSE253355,GSM8019220_H36
IL6,B_Plasma,bin,2431,30,0.00610203046533532,47,1.2341,GSE253355,GSM8019220_H36
TNF,B_Plasma,bin,2431,73,0.0282193934022296,181,3.0029,GSE253355,GSM8019220_H36
CXCL8,B_Plasma,bin,2431,151,0.0345773053013612,359,6.2114,GSE253355,GSM8019220_H36
IL10,B_Plasma,bin,2431,1,0.000292326254845048,1,0.0411,GSE253355,GSM8019220_H36
IFNG,B_Plasma,bin,2431,4,0.000613289527129231,6,0.1645,GSE253355,GSM8019220_H36
CCL2,B_Plasma,bin,2431,51,0.00856657997285767,63,2.0979,GSE253355,GSM8019220_H36
CCL3,B_Plasma,bin,2431,48,0.0197378939955606,476,1.9745,GSE253355,GSM8019220_H36
CCL4,B_Plasma,bin,2431,29,0.0103415519371781,253,1.1929,GSE253355,GSM8019220_H36
CXCL1,B_Plasma,bin,2431,17,0.00267876083570621,22,0.6993,GSE253355,GSM8019220_H36
CXCL2,B_Plasma,bin,2431,99,0.0184464246007116,174,4.0724,GSE253355,GSM8019220_H36
IL18,B_Plasma,bin,2431,64,0.013592199596129,79,2.6327,GSE253355,GSM8019220_H36
NLRP3,B_Plasma,bin,2431,20,0.00360110844692584,22,0.8227,GSE253355,GSM8019220_H36
S100A8,B_Plasma,bin,2431,133,0.0492418733729969,1086,5.471,GSE253355,GSM8019220_H36
S100A9,B_Plasma,bin,2431,191,0.0569214996507948,880,7.8568,GSE253355,GSM8019220_H36
PF4,B_Plasma,bin,2431,18,0.00500460253732903,37,0.7404,GSE253355,GSM8019220_H36
PPBP,B_Plasma,bin,2431,31,0.0108755819459249,75,1.2752,GSE253355,GSM8019220_H36
VWF,B_Plasma,bin,2431,70,0.0131713777439934,86,2.8795,GSE253355,GSM8019220_H36
ITGA2B,B_Plasma,bin,2431,25,0.00594494086285808,48,1.0284,GSE253355,GSM8019220_H36
GP9,B_Plasma,bin,2431,21,0.00534894568825382,24,0.8638,GSE253355,GSM8019220_H36
NFE2,B_Plasma,bin,2431,12,0.00226101665614763,15,0.4936,GSE253355,GSM8019220_H36
GATA1,B_Plasma,bin,2431,10,0.0019174507464276,11,0.4114,GSE253355,GSM8019220_H36
MPL,B_Plasma,bin,2431,5,0.000423660963978494,5,0.2057,GSE253355,GSM8019220_H36
CALR,B_Plasma,bin,2431,1962,0.939151467137463,14421,80.7075,GSE253355,GSM8019220_H36
JAK2,B_Plasma,bin,2431,730,0.187676242786567,1235,30.0288,GSE253355,GSM8019220_H36
LEPR,B_Plasma,bin,2431,272,0.0590243702358368,394,11.1888,GSE253355,GSM8019220_H36
CXCL12,B_Plasma,bin,2431,755,0.160494871039841,1146,31.0572,GSE253355,GSM8019220_H36
KITLG,B_Plasma,bin,2431,20,0.00321612493839094,21,0.8227,GSE253355,GSM8019220_H36
ANGPT1,B_Plasma,bin,2431,46,0.00877570031387763,80,1.8922,GSE253355,GSM8019220_H36
VCAM1,B_Plasma,bin,2431,78,0.0139906589581082,80,3.2086,GSE253355,GSM8019220_H36
NES,B_Plasma,bin,2431,34,0.00485973551814556,42,1.3986,GSE253355,GSM8019220_H36
NGFR,B_Plasma,bin,2431,11,0.0016798912806803,13,0.4525,GSE253355,GSM8019220_H36
SFRP2,B_Plasma,bin,2431,7,0.00145630956497455,7,0.2879,GSE253355,GSM8019220_H36
SFRP4,B_Plasma,bin,2431,73,0.0195531447055484,91,3.0029,GSE253355,GSM8019220_H36
GREM1,B_Plasma,bin,2431,10,0.00164209741132179,11,0.4114,GSE253355,GSM8019220_H36
FAP,B_Plasma,bin,2431,27,0.00454838303707456,38,1.1107,GSE253355,GSM8019220_H36
BGLAP,B_Plasma,bin,2431,25,0.00499167113710152,26,1.0284,GSE253355,GSM8019220_H36
RUNX2,B_Plasma,bin,2431,347,0.0925045123921875,631,14.274,GSE253355,GSM8019220_H36
SP7,B_Plasma,bin,2431,1,0.000246441686988698,1,0.0411,GSE253355,GSM8019220_H36
ACTA2,B_Plasma,bin,2431,83,0.0159070755866633,113,3.4142,GSE253355,GSM8019220_H36
TAGLN,B_Plasma,bin,2431,164,0.0317684758857686,231,6.7462,GSE253355,GSM8019220_H36
RGS5,B_Plasma,bin,2431,99,0.0207457128366079,120,4.0724,GSE253355,GSM8019220_H36
MYH11,B_Plasma,bin,2431,137,0.035543657139295,177,5.6355,GSE253355,GSM8019220_H36
CDH5,B_Plasma,bin,2431,8,0.00143648404016659,8,0.3291,GSE253355,GSM8019220_H36
PECAM1,B_Plasma,bin,2431,1636,0.518386307162693,4855,67.2974,GSE253355,GSM8019220_H36
EMCN,B_Plasma,bin,2431,56,0.0188648178069131,108,2.3036,GSE253355,GSM8019220_H36
HIF1A,B_Plasma,bin,2431,1248,0.535238153074257,3829,51.3369,GSE253355,GSM8019220_H36
EPAS1,B_Plasma,bin,2431,443,0.0908489690160263,677,18.223,GSE253355,GSM8019220_H36
CA9,B_Plasma,bin,2431,4,0.0011086260473867,5,0.1645,GSE253355,GSM8019220_H36
LDHA,B_Plasma,bin,2431,1755,0.631863189258494,7699,72.1925,GSE253355,GSM8019220_H36
SLC2A1,B_Plasma,bin,2431,241,0.0467752972552031,286,9.9136,GSE253355,GSM8019220_H36
PGK1,B_Plasma,bin,2431,1609,0.453395881114186,3770,66.1868,GSE253355,GSM8019220_H36
ADM,B_Plasma,bin,2431,223,0.0408042788503324,490,9.1732,GSE253355,GSM8019220_H36
BNIP3,B_Plasma,bin,2431,524,0.0791739092188641,700,21.5549,GSE253355,GSM8019220_H36
NDRG1,B_Plasma,bin,2431,733,0.175839778392338,1360,30.1522,GSE253355,GSM8019220_H36
SNAI1,B_Plasma,bin,2431,93,0.0161116077241011,106,3.8256,GSE253355,GSM8019220_H36
SNAI2,B_Plasma,bin,2431,8,0.00152058936319106,9,0.3291,GSE253355,GSM8019220_H36
TWIST1,B_Plasma,bin,2431,22,0.00382623727298081,28,0.905,GSE253355,GSM8019220_H36
ZEB1,B_Plasma,bin,2431,1549,0.705015711483827,6925,63.7186,GSE253355,GSM8019220_H36
ZEB2,B_Plasma,bin,2431,893,0.729369515885952,8041,36.7339,GSE253355,GSM8019220_H36
VIM,B_Plasma,bin,2431,2057,1.47321331804179,40772,84.6154,GSE253355,GSM8019220_H36
CDH2,B_Plasma,bin,2431,87,0.0282675179787727,161,3.5788,GSE253355,GSM8019220_H36
NECTIN4,B_Plasma,bin,2431,0,0,0,0,GSE253355,GSM8019220_H36
NECTIN1,B_Plasma,bin,2431,94,0.0151790885915907,116,3.8667,GSE253355,GSM8019220_H36
NECTIN2,B_Plasma,bin,2431,275,0.0596148383834577,367,11.3122,GSE253355,GSM8019220_H36
NECTIN3,B_Plasma,bin,2431,28,0.00635248412888753,39,1.1518,GSE253355,GSM8019220_H36
PVR,B_Plasma,bin,2431,20,0.00446370583525464,22,0.8227,GSE253355,GSM8019220_H36
TIGIT,B_Plasma,bin,2431,82,0.0158349825661307,166,3.3731,GSE253355,GSM8019220_H36
CD226,B_Plasma,bin,2431,184,0.0363145290881605,392,7.5689,GSE253355,GSM8019220_H36
CD96,B_Plasma,bin,2431,211,0.088861920107231,540,8.6796,GSE253355,GSM8019220_H36
C1QA,B_Plasma,bin,2431,10,0.0026684555534698,15,0.4114,GSE253355,GSM8019220_H36
C1QB,B_Plasma,bin,2431,5,0.00204040718605247,21,0.2057,GSE253355,GSM8019220_H36
C1QC,B_Plasma,bin,2431,4,0.00068326058751345,6,0.1645,GSE253355,GSM8019220_H36
CD163,B_Plasma,bin,2431,2,0.000323421353559833,3,0.0823,GSE253355,GSM8019220_H36
MRC1,B_Plasma,bin,2431,22,0.00618620530038865,26,0.905,GSE253355,GSM8019220_H36
VSIG4,B_Plasma,bin,2431,1,8.99054180221857e-05,1,0.0411,GSE253355,GSM8019220_H36
SELENOP,B_Plasma,bin,2431,399,0.0734351744163616,641,16.413,GSE253355,GSM8019220_H36
STAB1,B_Plasma,bin,2431,19,0.00313466732820648,19,0.7816,GSE253355,GSM8019220_H36
LYVE1,B_Plasma,bin,2431,6,0.00123480017827792,17,0.2468,GSE253355,GSM8019220_H36
MAF,B_Plasma,bin,2431,51,0.0117812150782467,60,2.0979,GSE253355,GSM8019220_H36
FCN1,B_Plasma,bin,2431,14,0.00365544409729673,23,0.5759,GSE253355,GSM8019220_H36
S100A12,B_Plasma,bin,2431,38,0.0124335406058059,107,1.5631,GSE253355,GSM8019220_H36
SELL,B_Plasma,bin,2431,226,0.0846205645235757,407,9.2966,GSE253355,GSM8019220_H36
CSF3R,B_Plasma,bin,2431,75,0.0158704162839204,93,3.0852,GSE253355,GSM8019220_H36
PLAC8,B_Plasma,bin,2431,973,0.291829391794681,1898,40.0247,GSE253355,GSM8019220_H36
CTGF,B_Plasma,bin,2431,236,0.056597488676339,412,9.7079,GSE253355,GSM8019220_H36
CYR61,B_Plasma,bin,2431,66,0.00991572407438965,71,2.7149,GSE253355,GSM8019220_H36
COL1A1,Erythroid,bin,186,19,0.100553138236408,21,10.2151,GSE253355,GSM8019220_H36
COL1A2,Erythroid,bin,186,21,0.114018474705439,22,11.2903,GSE253355,GSM8019220_H36
COL3A1,Erythroid,bin,186,25,0.195945774287349,31,13.4409,GSE253355,GSM8019220_H36
COL4A1,Erythroid,bin,186,2,0.0202433144597911,3,1.0753,GSE253355,GSM8019220_H36
COL5A1,Erythroid,bin,186,12,0.0439215329965752,13,6.4516,GSE253355,GSM8019220_H36
COL5A2,Erythroid,bin,186,5,0.00886721896248459,5,2.6882,GSE253355,GSM8019220_H36
COL6A1,Erythroid,bin,186,15,0.123740770339413,16,8.0645,GSE253355,GSM8019220_H36
COL6A2,Erythroid,bin,186,16,0.0562750189687024,18,8.6022,GSE253355,GSM8019220_H36
COL6A3,Erythroid,bin,186,7,0.0267316114677383,7,3.7634,GSE253355,GSM8019220_H36
COL11A1,Erythroid,bin,186,0,0,0,0,GSE253355,GSM8019220_H36
FN1,Erythroid,bin,186,14,0.0626283067440984,15,7.5269,GSE253355,GSM8019220_H36
LUM,Erythroid,bin,186,23,0.125722858913861,32,12.3656,GSE253355,GSM8019220_H36
DCN,Erythroid,bin,186,31,0.317371351690682,51,16.6667,GSE253355,GSM8019220_H36
POSTN,Erythroid,bin,186,1,0.0189767006061863,2,0.5376,GSE253355,GSM8019220_H36
SPARC,Erythroid,bin,186,39,0.203670653925183,47,20.9677,GSE253355,GSM8019220_H36
BGN,Erythroid,bin,186,7,0.058538885995554,12,3.7634,GSE253355,GSM8019220_H36
VCAN,Erythroid,bin,186,51,0.3416981389983,78,27.4194,GSE253355,GSM8019220_H36
ELN,Erythroid,bin,186,0,0,0,0,GSE253355,GSM8019220_H36
FBN1,Erythroid,bin,186,61,0.199418511414678,112,32.7957,GSE253355,GSM8019220_H36
MGP,Erythroid,bin,186,79,0.84565194277271,399,42.4731,GSE253355,GSM8019220_H36
OGN,Erythroid,bin,186,21,0.049669518057357,24,11.2903,GSE253355,GSM8019220_H36
ASPN,Erythroid,bin,186,18,0.0363734345273735,24,9.6774,GSE253355,GSM8019220_H36
TNC,Erythroid,bin,186,4,0.0125043103614495,9,2.1505,GSE253355,GSM8019220_H36
LTBP1,Erythroid,bin,186,34,0.242235129681289,392,18.2796,GSE253355,GSM8019220_H36
LTBP2,Erythroid,bin,186,5,0.00824075755325814,6,2.6882,GSE253355,GSM8019220_H36
LOX,Erythroid,bin,186,17,0.0579042412218023,20,9.1398,GSE253355,GSM8019220_H36
LOXL1,Erythroid,bin,186,3,0.0179274283766213,3,1.6129,GSE253355,GSM8019220_H36
LOXL2,Erythroid,bin,186,3,0.0277674869464216,3,1.6129,GSE253355,GSM8019220_H36
PLOD1,Erythroid,bin,186,13,0.0423414338581279,17,6.9892,GSE253355,GSM8019220_H36
PLOD2,Erythroid,bin,186,59,0.147643573375616,88,31.7204,GSE253355,GSM8019220_H36
SERPINH1,Erythroid,bin,186,28,0.0788564705071124,35,15.0538,GSE253355,GSM8019220_H36
SERPINE1,Erythroid,bin,186,28,0.0998659672381714,94,15.0538,GSE253355,GSM8019220_H36
TIMP1,Erythroid,bin,186,128,0.683147723502621,475,68.8172,GSE253355,GSM8019220_H36
TIMP2,Erythroid,bin,186,51,0.216389896363697,76,27.4194,GSE253355,GSM8019220_H36
TIMP3,Erythroid,bin,186,63,0.24421232714494,166,33.871,GSE253355,GSM8019220_H36
MMP2,Erythroid,bin,186,7,0.0226286668909114,8,3.7634,GSE253355,GSM8019220_H36
MMP9,Erythroid,bin,186,1,0.00455509177398488,3,0.5376,GSE253355,GSM8019220_H36
MMP14,Erythroid,bin,186,3,0.0176544263282954,3,1.6129,GSE253355,GSM8019220_H36
CTSK,Erythroid,bin,186,9,0.026518481345742,10,4.8387,GSE253355,GSM8019220_H36
ADAMTS1,Erythroid,bin,186,10,0.0247580525425769,17,5.3763,GSE253355,GSM8019220_H36
TGFB1,Erythroid,bin,186,116,0.641672750818323,681,62.3656,GSE253355,GSM8019220_H36
TGFB2,Erythroid,bin,186,5,0.0297797165058786,7,2.6882,GSE253355,GSM8019220_H36
TGFB3,Erythroid,bin,186,4,0.00528874758902766,4,2.1505,GSE253355,GSM8019220_H36
TGFBR1,Erythroid,bin,186,65,0.15808502201289,120,34.9462,GSE253355,GSM8019220_H36
TGFBR2,Erythroid,bin,186,73,0.298990708104809,164,39.2473,GSE253355,GSM8019220_H36
PDGFA,Erythroid,bin,186,5,0.0339567465814719,7,2.6882,GSE253355,GSM8019220_H36
PDGFB,Erythroid,bin,186,0,0,0,0,GSE253355,GSM8019220_H36
PDGFRA,Erythroid,bin,186,3,0.0160596263489714,5,1.6129,GSE253355,GSM8019220_H36
PDGFRB,Erythroid,bin,186,1,0.00139304024250544,1,0.5376,GSE253355,GSM8019220_H36
IGF1,Erythroid,bin,186,5,0.0661766188287577,11,2.6882,GSE253355,GSM8019220_H36
IGF2,Erythroid,bin,186,0,0,0,0,GSE253355,GSM8019220_H36
VEGFA,Erythroid,bin,186,43,0.123647362914337,108,23.1183,GSE253355,GSM8019220_H36
FGF2,Erythroid,bin,186,0,0,0,0,GSE253355,GSM8019220_H36
HGF,Erythroid,bin,186,6,0.026123646289953,9,3.2258,GSE253355,GSM8019220_H36
OSM,Erythroid,bin,186,28,0.116313137842857,129,15.0538,GSE253355,GSM8019220_H36
OSMR,Erythroid,bin,186,11,0.0433589272390033,11,5.914,GSE253355,GSM8019220_H36
IL11,Erythroid,bin,186,0,0,0,0,GSE253355,GSM8019220_H36
SPP1,Erythroid,bin,186,24,0.11347775064734,29,12.9032,GSE253355,GSM8019220_H36
IL1B,Erythroid,bin,186,88,0.39193098286403,394,47.3118,GSE253355,GSM8019220_H36
IL6,Erythroid,bin,186,2,0.0176701566684143,3,1.0753,GSE253355,GSM8019220_H36
TNF,Erythroid,bin,186,1,0.00180580112113139,1,0.5376,GSE253355,GSM8019220_H36
CXCL8,Erythroid,bin,186,58,0.584769825733607,1660,31.1828,GSE253355,GSM8019220_H36
IL10,Erythroid,bin,186,1,0.00122009264908762,1,0.5376,GSE253355,GSM8019220_H36
IFNG,Erythroid,bin,186,0,0,0,0,GSE253355,GSM8019220_H36
CCL2,Erythroid,bin,186,8,0.0604207777574483,8,4.3011,GSE253355,GSM8019220_H36
CCL3,Erythroid,bin,186,1,0.000990070740868886,1,0.5376,GSE253355,GSM8019220_H36
CCL4,Erythroid,bin,186,1,0.000819051540301589,1,0.5376,GSE253355,GSM8019220_H36
CXCL1,Erythroid,bin,186,6,0.0453690755489577,14,3.2258,GSE253355,GSM8019220_H36
CXCL2,Erythroid,bin,186,56,0.39014109017031,650,30.1075,GSE253355,GSM8019220_H36
IL18,Erythroid,bin,186,82,0.244985359204321,193,44.086,GSE253355,GSM8019220_H36
NLRP3,Erythroid,bin,186,31,0.0786740009856062,59,16.6667,GSE253355,GSM8019220_H36
S100A8,Erythroid,bin,186,10,0.0953060712959358,338,5.3763,GSE253355,GSM8019220_H36
S100A9,Erythroid,bin,186,11,0.0969748271853041,196,5.914,GSE253355,GSM8019220_H36
PF4,Erythroid,bin,186,0,0,0,0,GSE253355,GSM8019220_H36
PPBP,Erythroid,bin,186,1,0.00176382901151239,1,0.5376,GSE253355,GSM8019220_H36
VWF,Erythroid,bin,186,31,0.140114622543486,106,16.6667,GSE253355,GSM8019220_H36
ITGA2B,Erythroid,bin,186,93,0.410548181370501,411,50,GSE253355,GSM8019220_H36
GP9,Erythroid,bin,186,5,0.014619257355151,9,2.6882,GSE253355,GSM8019220_H36
NFE2,Erythroid,bin,186,77,0.253728739588941,197,41.3978,GSE253355,GSM8019220_H36
GATA1,Erythroid,bin,186,88,0.317713996632521,298,47.3118,GSE253355,GSM8019220_H36
MPL,Erythroid,bin,186,13,0.0224958953414012,16,6.9892,GSE253355,GSM8019220_H36
CALR,Erythroid,bin,186,129,0.960395531443124,1198,69.3548,GSE253355,GSM8019220_H36
JAK2,Erythroid,bin,186,79,0.282770974952599,159,42.4731,GSE253355,GSM8019220_H36
LEPR,Erythroid,bin,186,48,0.165236152551778,114,25.8065,GSE253355,GSM8019220_H36
CXCL12,Erythroid,bin,186,56,0.541806156713195,130,30.1075,GSE253355,GSM8019220_H36
KITLG,Erythroid,bin,186,5,0.057533560811685,6,2.6882,GSE253355,GSM8019220_H36
ANGPT1,Erythroid,bin,186,95,0.444802649929661,469,51.0753,GSE253355,GSM8019220_H36
VCAM1,Erythroid,bin,186,3,0.0159928840402208,3,1.6129,GSE253355,GSM8019220_H36
NES,Erythroid,bin,186,0,0,0,0,GSE253355,GSM8019220_H36
NGFR,Erythroid,bin,186,0,0,0,0,GSE253355,GSM8019220_H36
SFRP2,Erythroid,bin,186,2,0.0167823915445871,2,1.0753,GSE253355,GSM8019220_H36
SFRP4,Erythroid,bin,186,12,0.0190631480048079,15,6.4516,GSE253355,GSM8019220_H36
GREM1,Erythroid,bin,186,0,0,0,0,GSE253355,GSM8019220_H36
FAP,Erythroid,bin,186,0,0,0,0,GSE253355,GSM8019220_H36
BGLAP,Erythroid,bin,186,4,0.0351651985412844,6,2.1505,GSE253355,GSM8019220_H36
RUNX2,Erythroid,bin,186,55,0.207278855258371,103,29.5699,GSE253355,GSM8019220_H36
SP7,Erythroid,bin,186,0,0,0,0,GSE253355,GSM8019220_H36
ACTA2,Erythroid,bin,186,25,0.198211811588259,48,13.4409,GSE253355,GSM8019220_H36
TAGLN,Erythroid,bin,186,28,0.388446010988005,71,15.0538,GSE253355,GSM8019220_H36
RGS5,Erythroid,bin,186,5,0.00749902631500954,6,2.6882,GSE253355,GSM8019220_H36
MYH11,Erythroid,bin,186,20,0.0504256421559892,24,10.7527,GSE253355,GSM8019220_H36
CDH5,Erythroid,bin,186,0,0,0,0,GSE253355,GSM8019220_H36
PECAM1,Erythroid,bin,186,56,0.155249537061492,88,30.1075,GSE253355,GSM8019220_H36
EMCN,Erythroid,bin,186,3,0.00574376672952043,4,1.6129,GSE253355,GSM8019220_H36
HIF1A,Erythroid,bin,186,131,0.754696781559966,525,70.4301,GSE253355,GSM8019220_H36
EPAS1,Erythroid,bin,186,20,0.122292238467709,32,10.7527,GSE253355,GSM8019220_H36
CA9,Erythroid,bin,186,4,0.00722991363465318,4,2.1505,GSE253355,GSM8019220_H36
LDHA,Erythroid,bin,186,147,1.32795909519049,1341,79.0323,GSE253355,GSM8019220_H36
SLC2A1,Erythroid,bin,186,78,0.280139724665088,254,41.9355,GSE253355,GSM8019220_H36
PGK1,Erythroid,bin,186,126,0.760529615447529,731,67.7419,GSE253355,GSM8019220_H36
ADM,Erythroid,bin,186,0,0,0,0,GSE253355,GSM8019220_H36
BNIP3,Erythroid,bin,186,52,0.147272078565816,82,27.957,GSE253355,GSM8019220_H36
NDRG1,Erythroid,bin,186,33,0.119477354655042,43,17.7419,GSE253355,GSM8019220_H36
SNAI1,Erythroid,bin,186,6,0.0289594191070134,6,3.2258,GSE253355,GSM8019220_H36
SNAI2,Erythroid,bin,186,3,0.0496071858231637,6,1.6129,GSE253355,GSM8019220_H36
TWIST1,Erythroid,bin,186,9,0.109519117475564,10,4.8387,GSE253355,GSM8019220_H36
ZEB1,Erythroid,bin,186,87,0.387572766048065,279,46.7742,GSE253355,GSM8019220_H36
ZEB2,Erythroid,bin,186,125,1.24379902546861,2419,67.2043,GSE253355,GSM8019220_H36
VIM,Erythroid,bin,186,167,1.95820075053207,2032,89.7849,GSE253355,GSM8019220_H36
CDH2,Erythroid,bin,186,3,0.0348332944192702,4,1.6129,GSE253355,GSM8019220_H36
NECTIN4,Erythroid,bin,186,0,0,0,0,GSE253355,GSM8019220_H36
NECTIN1,Erythroid,bin,186,35,0.0666222973195924,51,18.8172,GSE253355,GSM8019220_H36
NECTIN2,Erythroid,bin,186,84,0.22143459015739,157,45.1613,GSE253355,GSM8019220_H36
NECTIN3,Erythroid,bin,186,1,0.0015730643234307,1,0.5376,GSE253355,GSM8019220_H36
PVR,Erythroid,bin,186,6,0.0113010379749091,8,3.2258,GSE253355,GSM8019220_H36
TIGIT,Erythroid,bin,186,1,0.00169727340166905,1,0.5376,GSE253355,GSM8019220_H36
CD226,Erythroid,bin,186,6,0.00728973625836731,6,3.2258,GSE253355,GSM8019220_H36
CD96,Erythroid,bin,186,4,0.0134253045598258,16,2.1505,GSE253355,GSM8019220_H36
C1QA,Erythroid,bin,186,0,0,0,0,GSE253355,GSM8019220_H36
C1QB,Erythroid,bin,186,0,0,0,0,GSE253355,GSM8019220_H36
C1QC,Erythroid,bin,186,0,0,0,0,GSE253355,GSM8019220_H36
CD163,Erythroid,bin,186,1,0.00126376441977054,1,0.5376,GSE253355,GSM8019220_H36
MRC1,Erythroid,bin,186,1,0.0153304839130409,1,0.5376,GSE253355,GSM8019220_H36
VSIG4,Erythroid,bin,186,2,0.00297917930517969,2,1.0753,GSE253355,GSM8019220_H36
SELENOP,Erythroid,bin,186,48,0.307220159865201,78,25.8065,GSE253355,GSM8019220_H36
STAB1,Erythroid,bin,186,4,0.032387468080154,4,2.1505,GSE253355,GSM8019220_H36
LYVE1,Erythroid,bin,186,2,0.0153931653093688,2,1.0753,GSE253355,GSM8019220_H36
MAF,Erythroid,bin,186,17,0.133420079563211,30,9.1398,GSE253355,GSM8019220_H36
FCN1,Erythroid,bin,186,2,0.0201102160649561,4,1.0753,GSE253355,GSM8019220_H36
S100A12,Erythroid,bin,186,2,0.0292090014658896,70,1.0753,GSE253355,GSM8019220_H36
SELL,Erythroid,bin,186,52,0.151291611400205,99,27.957,GSE253355,GSM8019220_H36
CSF3R,Erythroid,bin,186,25,0.0794968687315293,49,13.4409,GSE253355,GSM8019220_H36
PLAC8,Erythroid,bin,186,84,0.33430031368136,313,45.1613,GSE253355,GSM8019220_H36
CTGF,Erythroid,bin,186,6,0.0372174444527736,7,3.2258,GSE253355,GSM8019220_H36
CYR61,Erythroid,bin,186,5,0.00802124709036029,6,2.6882,GSE253355,GSM8019220_H36
COL1A1,Stromal,bin,3474,2292,1.40310526838599,44104,65.9758,GSE253355,GSM8019220_H36
COL1A2,Stromal,bin,3474,2671,2.01024292164179,75687,76.8854,GSE253355,GSM8019220_H36
COL3A1,Stromal,bin,3474,2527,1.91299313613719,77108,72.7404,GSE253355,GSM8019220_H36
COL4A1,Stromal,bin,3474,2331,0.918891161619861,13565,67.0984,GSE253355,GSM8019220_H36
COL5A1,Stromal,bin,3474,1779,0.516169098190218,5066,51.209,GSE253355,GSM8019220_H36
COL5A2,Stromal,bin,3474,2296,1.06256112640394,21109,66.091,GSE253355,GSM8019220_H36
COL6A1,Stromal,bin,3474,2628,1.36609429039472,24364,75.6477,GSE253355,GSM8019220_H36
COL6A2,Stromal,bin,3474,2802,1.54657206222303,28077,80.6563,GSE253355,GSM8019220_H36
COL6A3,Stromal,bin,3474,2164,1.21458092017455,26892,62.2913,GSE253355,GSM8019220_H36
COL11A1,Stromal,bin,3474,758,0.223081352703066,2725,21.8192,GSE253355,GSM8019220_H36
FN1,Stromal,bin,3474,2332,1.09446089980418,18738,67.1272,GSE253355,GSM8019220_H36
LUM,Stromal,bin,3474,2304,1.58901552723066,44177,66.3212,GSE253355,GSM8019220_H36
DCN,Stromal,bin,3474,2405,1.87493025680154,62268,69.2286,GSE253355,GSM8019220_H36
POSTN,Stromal,bin,3474,219,0.075952719978116,1065,6.304,GSE253355,GSM8019220_H36
SPARC,Stromal,bin,3474,3045,1.53697247436288,26728,87.6511,GSE253355,GSM8019220_H36
BGN,Stromal,bin,3474,1860,0.566014500635708,6007,53.5406,GSE253355,GSM8019220_H36
VCAN,Stromal,bin,3474,2823,2.93574956973828,262453,81.2608,GSE253355,GSM8019220_H36
ELN,Stromal,bin,3474,268,0.0523685885496983,391,7.7145,GSE253355,GSM8019220_H36
FBN1,Stromal,bin,3474,2754,1.91958869374946,60881,79.2746,GSE253355,GSM8019220_H36
MGP,Stromal,bin,3474,3058,2.93276006770784,266609,88.0253,GSE253355,GSM8019220_H36
OGN,Stromal,bin,3474,266,0.0616663613768917,632,7.6569,GSE253355,GSM8019220_H36
ASPN,Stromal,bin,3474,168,0.0318207360226315,277,4.8359,GSE253355,GSM8019220_H36
TNC,Stromal,bin,3474,759,0.327619469266938,6154,21.848,GSE253355,GSM8019220_H36
LTBP1,Stromal,bin,3474,2151,0.836794487383513,11233,61.9171,GSE253355,GSM8019220_H36
LTBP2,Stromal,bin,3474,1411,0.454068527942643,4690,40.616,GSE253355,GSM8019220_H36
LOX,Stromal,bin,3474,1319,0.381002284642385,4520,37.9678,GSE253355,GSM8019220_H36
LOXL1,Stromal,bin,3474,951,0.197296680631148,1637,27.3748,GSE253355,GSM8019220_H36
LOXL2,Stromal,bin,3474,1248,0.293723752773093,3105,35.924,GSE253355,GSM8019220_H36
PLOD1,Stromal,bin,3474,884,0.159319671518734,1152,25.4462,GSE253355,GSM8019220_H36
PLOD2,Stromal,bin,3474,1896,0.66199114470532,9733,54.5769,GSE253355,GSM8019220_H36
SERPINH1,Stromal,bin,3474,2503,0.83076658526996,9058,72.0495,GSE253355,GSM8019220_H36
SERPINE1,Stromal,bin,3474,357,0.132805520506098,2880,10.2763,GSE253355,GSM8019220_H36
TIMP1,Stromal,bin,3474,2754,1.28769398905405,23957,79.2746,GSE253355,GSM8019220_H36
TIMP2,Stromal,bin,3474,2338,0.699334575064086,6712,67.2999,GSE253355,GSM8019220_H36
TIMP3,Stromal,bin,3474,2134,0.958741397779658,17849,61.4277,GSE253355,GSM8019220_H36
MMP2,Stromal,bin,3474,2036,0.861517540561563,11398,58.6068,GSE253355,GSM8019220_H36
MMP9,Stromal,bin,3474,32,0.0112688657651482,99,0.9211,GSE253355,GSM8019220_H36
MMP14,Stromal,bin,3474,1695,0.45896075874175,4115,48.791,GSE253355,GSM8019220_H36
CTSK,Stromal,bin,3474,1246,0.301773834918244,2630,35.8664,GSE253355,GSM8019220_H36
ADAMTS1,Stromal,bin,3474,1801,0.737798399762185,12912,51.8423,GSE253355,GSM8019220_H36
TGFB1,Stromal,bin,3474,1463,0.344256777278718,3057,42.1128,GSE253355,GSM8019220_H36
TGFB2,Stromal,bin,3474,218,0.0526047652334896,543,6.2752,GSE253355,GSM8019220_H36
TGFB3,Stromal,bin,3474,642,0.126868758673853,1003,18.4801,GSE253355,GSM8019220_H36
TGFBR1,Stromal,bin,3474,1768,0.524943889978199,5926,50.8923,GSE253355,GSM8019220_H36
TGFBR2,Stromal,bin,3474,2853,1.3818533480331,22651,82.1244,GSE253355,GSM8019220_H36
PDGFA,Stromal,bin,3474,672,0.193800876682465,2018,19.3437,GSE253355,GSM8019220_H36
PDGFB,Stromal,bin,3474,302,0.0694931610604511,505,8.6931,GSE253355,GSM8019220_H36
PDGFRA,Stromal,bin,3474,1936,0.775498587639071,10257,55.7283,GSE253355,GSM8019220_H36
PDGFRB,Stromal,bin,3474,2316,0.899768109192412,10303,66.6667,GSE253355,GSM8019220_H36
IGF1,Stromal,bin,3474,606,0.227493403079543,4181,17.4439,GSE253355,GSM8019220_H36
IGF2,Stromal,bin,3474,0,0,0,0,GSE253355,GSM8019220_H36
VEGFA,Stromal,bin,3474,1338,0.315800737707544,3012,38.5147,GSE253355,GSM8019220_H36
FGF2,Stromal,bin,3474,235,0.0502979177784446,502,6.7645,GSE253355,GSM8019220_H36
HGF,Stromal,bin,3474,994,0.262064155329838,2573,28.6126,GSE253355,GSM8019220_H36
OSM,Stromal,bin,3474,33,0.00521218582041947,41,0.9499,GSE253355,GSM8019220_H36
OSMR,Stromal,bin,3474,2915,1.67773901582503,44801,83.909,GSE253355,GSM8019220_H36
IL11,Stromal,bin,3474,2,0.00019374438486328,2,0.0576,GSE253355,GSM8019220_H36
SPP1,Stromal,bin,3474,488,0.203271601422649,11914,14.0472,GSE253355,GSM8019220_H36
IL1B,Stromal,bin,3474,38,0.00714906335516149,48,1.0938,GSE253355,GSM8019220_H36
IL6,Stromal,bin,3474,539,0.187980716772369,3352,15.5153,GSE253355,GSM8019220_H36
TNF,Stromal,bin,3474,5,0.000899176244514325,5,0.1439,GSE253355,GSM8019220_H36
CXCL8,Stromal,bin,3474,261,0.0688540465144428,1065,7.513,GSE253355,GSM8019220_H36
IL10,Stromal,bin,3474,4,0.000614986775470083,6,0.1151,GSE253355,GSM8019220_H36
IFNG,Stromal,bin,3474,0,0,0,0,GSE253355,GSM8019220_H36
CCL2,Stromal,bin,3474,1148,0.47583422318093,10463,33.0455,GSE253355,GSM8019220_H36
CCL3,Stromal,bin,3474,62,0.0131371219136779,182,1.7847,GSE253355,GSM8019220_H36
CCL4,Stromal,bin,3474,10,0.00175975371846969,18,0.2879,GSE253355,GSM8019220_H36
CXCL1,Stromal,bin,3474,249,0.0792387919852774,1400,7.1675,GSE253355,GSM8019220_H36
CXCL2,Stromal,bin,3474,753,0.293622225212832,6952,21.6753,GSE253355,GSM8019220_H36
IL18,Stromal,bin,3474,102,0.0174404202392284,131,2.9361,GSE253355,GSM8019220_H36
NLRP3,Stromal,bin,3474,13,0.00217643996225051,19,0.3742,GSE253355,GSM8019220_H36
S100A8,Stromal,bin,3474,182,0.0647356326372045,2064,5.2389,GSE253355,GSM8019220_H36
S100A9,Stromal,bin,3474,224,0.0739771086450997,1640,6.4479,GSE253355,GSM8019220_H36
PF4,Stromal,bin,3474,23,0.00456210364894387,33,0.6621,GSE253355,GSM8019220_H36
PPBP,Stromal,bin,3474,30,0.00902199394666455,57,0.8636,GSE253355,GSM8019220_H36
VWF,Stromal,bin,3474,611,0.334576150540238,6754,17.5878,GSE253355,GSM8019220_H36
ITGA2B,Stromal,bin,3474,36,0.00679814523567204,48,1.0363,GSE253355,GSM8019220_H36
GP9,Stromal,bin,3474,7,0.00152395801351593,12,0.2015,GSE253355,GSM8019220_H36
NFE2,Stromal,bin,3474,23,0.0031308930455163,27,0.6621,GSE253355,GSM8019220_H36
GATA1,Stromal,bin,3474,11,0.00244840811063411,22,0.3166,GSE253355,GSM8019220_H36
MPL,Stromal,bin,3474,10,0.00125274366582482,10,0.2879,GSE253355,GSM8019220_H36
CALR,Stromal,bin,3474,2920,1.33428185967048,19452,84.053,GSE253355,GSM8019220_H36
JAK2,Stromal,bin,3474,2120,0.80662796362446,11643,61.0248,GSE253355,GSM8019220_H36
LEPR,Stromal,bin,3474,2617,1.77162936608096,53622,75.331,GSE253355,GSM8019220_H36
CXCL12,Stromal,bin,3474,2860,2.53284444279125,147286,82.3258,GSE253355,GSM8019220_H36
KITLG,Stromal,bin,3474,1848,0.597266500936427,6761,53.1952,GSE253355,GSM8019220_H36
ANGPT1,Stromal,bin,3474,1959,0.819530071241143,12903,56.3903,GSE253355,GSM8019220_H36
VCAM1,Stromal,bin,3474,2316,1.13359574225455,21560,66.6667,GSE253355,GSM8019220_H36
NES,Stromal,bin,3474,589,0.136163794157306,1197,16.9545,GSE253355,GSM8019220_H36
NGFR,Stromal,bin,3474,1038,0.252211457380361,2172,29.8791,GSE253355,GSM8019220_H36
SFRP2,Stromal,bin,3474,303,0.105712219341877,1643,8.7219,GSE253355,GSM8019220_H36
SFRP4,Stromal,bin,3474,398,0.125001729576722,1843,11.4565,GSE253355,GSM8019220_H36
GREM1,Stromal,bin,3474,10,0.00243882662485675,10,0.2879,GSE253355,GSM8019220_H36
FAP,Stromal,bin,3474,352,0.0717217429252974,608,10.1324,GSE253355,GSM8019220_H36
BGLAP,Stromal,bin,3474,158,0.0676210811953203,1284,4.5481,GSE253355,GSM8019220_H36
RUNX2,Stromal,bin,3474,2108,1.19648423207857,32221,60.6793,GSE253355,GSM8019220_H36
SP7,Stromal,bin,3474,46,0.00899252408278831,65,1.3241,GSE253355,GSM8019220_H36
ACTA2,Stromal,bin,3474,1365,0.634004878775851,16667,39.2919,GSE253355,GSM8019220_H36
TAGLN,Stromal,bin,3474,2113,1.18669070247493,38345,60.8233,GSE253355,GSM8019220_H36
RGS5,Stromal,bin,3474,657,0.406418967283469,12751,18.9119,GSE253355,GSM8019220_H36
MYH11,Stromal,bin,3474,493,0.270092745110949,6614,14.1911,GSE253355,GSM8019220_H36
CDH5,Stromal,bin,3474,557,0.154123851087989,1463,16.0334,GSE253355,GSM8019220_H36
PECAM1,Stromal,bin,3474,906,0.327386783290212,4468,26.0794,GSE253355,GSM8019220_H36
EMCN,Stromal,bin,3474,735,0.415612916171365,9389,21.1572,GSE253355,GSM8019220_H36
HIF1A,Stromal,bin,3474,2944,1.34058217660484,20506,84.7438,GSE253355,GSM8019220_H36
EPAS1,Stromal,bin,3474,3013,1.40296020392606,20203,86.73,GSE253355,GSM8019220_H36
CA9,Stromal,bin,3474,10,0.00162060145834292,11,0.2879,GSE253355,GSM8019220_H36
LDHA,Stromal,bin,3474,2758,1.20974342865273,18082,79.3898,GSE253355,GSM8019220_H36
SLC2A1,Stromal,bin,3474,261,0.0417019604223656,328,7.513,GSE253355,GSM8019220_H36
PGK1,Stromal,bin,3474,2101,0.559481552654579,5288,60.4778,GSE253355,GSM8019220_H36
ADM,Stromal,bin,3474,485,0.108609870277845,1008,13.9609,GSE253355,GSM8019220_H36
BNIP3,Stromal,bin,3474,1101,0.212517151344166,1685,31.6926,GSE253355,GSM8019220_H36
NDRG1,Stromal,bin,3474,2320,0.808849524147886,9992,66.7818,GSE253355,GSM8019220_H36
SNAI1,Stromal,bin,3474,735,0.150440626843131,1255,21.1572,GSE253355,GSM8019220_H36
SNAI2,Stromal,bin,3474,1084,0.265304032588937,2362,31.2032,GSE253355,GSM8019220_H36
TWIST1,Stromal,bin,3474,1363,0.412316674178699,4991,39.2343,GSE253355,GSM8019220_H36
ZEB1,Stromal,bin,3474,2314,0.921875248402965,13345,66.6091,GSE253355,GSM8019220_H36
ZEB2,Stromal,bin,3474,2793,1.44616787900062,25793,80.3972,GSE253355,GSM8019220_H36
VIM,Stromal,bin,3474,3383,3.05111852580502,135781,97.3805,GSE253355,GSM8019220_H36
CDH2,Stromal,bin,3474,400,0.109469268884018,1121,11.5141,GSE253355,GSM8019220_H36
NECTIN4,Stromal,bin,3474,1,8.62982941969738e-05,1,0.0288,GSE253355,GSM8019220_H36
NECTIN1,Stromal,bin,3474,395,0.0686764658284565,494,11.3702,GSE253355,GSM8019220_H36
NECTIN2,Stromal,bin,3474,2047,0.556418567820565,5695,58.9234,GSE253355,GSM8019220_H36
NECTIN3,Stromal,bin,3474,903,0.187227110894024,1516,25.9931,GSE253355,GSM8019220_H36
PVR,Stromal,bin,3474,375,0.0615981242930267,480,10.7945,GSE253355,GSM8019220_H36
TIGIT,Stromal,bin,3474,13,0.00163476270896654,14,0.3742,GSE253355,GSM8019220_H36
CD226,Stromal,bin,3474,103,0.0184605410915768,138,2.9649,GSE253355,GSM8019220_H36
CD96,Stromal,bin,3474,60,0.0162001256022846,191,1.7271,GSE253355,GSM8019220_H36
C1QA,Stromal,bin,3474,8,0.00162762038283623,11,0.2303,GSE253355,GSM8019220_H36
C1QB,Stromal,bin,3474,7,0.000802428147454602,8,0.2015,GSE253355,GSM8019220_H36
C1QC,Stromal,bin,3474,4,0.00066427255022239,5,0.1151,GSE253355,GSM8019220_H36
CD163,Stromal,bin,3474,2,0.000341800630051548,2,0.0576,GSE253355,GSM8019220_H36
MRC1,Stromal,bin,3474,332,0.114759839356651,1472,9.5567,GSE253355,GSM8019220_H36
VSIG4,Stromal,bin,3474,1,9.23339955497358e-05,1,0.0288,GSE253355,GSM8019220_H36
SELENOP,Stromal,bin,3474,2977,1.53767579841521,25419,85.6937,GSE253355,GSM8019220_H36
STAB1,Stromal,bin,3474,349,0.0841308599740889,733,10.0461,GSE253355,GSM8019220_H36
LYVE1,Stromal,bin,3474,198,0.0408817064388416,337,5.6995,GSE253355,GSM8019220_H36
MAF,Stromal,bin,3474,1570,0.400631022677477,3646,45.1929,GSE253355,GSM8019220_H36
FCN1,Stromal,bin,3474,22,0.00533868691554629,28,0.6333,GSE253355,GSM8019220_H36
S100A12,Stromal,bin,3474,52,0.0213829418299247,291,1.4968,GSE253355,GSM8019220_H36
SELL,Stromal,bin,3474,92,0.0172619328535503,156,2.6482,GSE253355,GSM8019220_H36
CSF3R,Stromal,bin,3474,99,0.0244248347625656,144,2.8497,GSE253355,GSM8019220_H36
PLAC8,Stromal,bin,3474,89,0.0187209022706255,136,2.5619,GSE253355,GSM8019220_H36
CTGF,Stromal,bin,3474,1410,0.561433354068503,10487,40.5872,GSE253355,GSM8019220_H36
CYR61,Stromal,bin,3474,1678,0.628722859696941,9837,48.3017,GSE253355,GSM8019220_H36
COL1A1,unassigned,bin,151,19,0.16167940480455,107,12.5828,GSE253355,GSM8019220_H36
COL1A2,unassigned,bin,151,42,0.362492724702728,228,27.8146,GSE253355,GSM8019220_H36
COL3A1,unassigned,bin,151,35,0.353263890282095,196,23.1788,GSE253355,GSM8019220_H36
COL4A1,unassigned,bin,151,43,0.370547108331826,212,28.4768,GSE253355,GSM8019220_H36
COL5A1,unassigned,bin,151,30,0.159702759985946,77,19.8675,GSE253355,GSM8019220_H36
COL5A2,unassigned,bin,151,27,0.180435311029775,96,17.8808,GSE253355,GSM8019220_H36
COL6A1,unassigned,bin,151,31,0.195376202781127,66,20.5298,GSE253355,GSM8019220_H36
COL6A2,unassigned,bin,151,31,0.2332095902023,115,20.5298,GSE253355,GSM8019220_H36
COL6A3,unassigned,bin,151,15,0.124764952615703,99,9.9338,GSE253355,GSM8019220_H36
COL11A1,unassigned,bin,151,2,0.0133178973309749,5,1.3245,GSE253355,GSM8019220_H36
FN1,unassigned,bin,151,25,0.168834244794001,75,16.5563,GSE253355,GSM8019220_H36
LUM,unassigned,bin,151,33,0.255863182256175,152,21.8543,GSE253355,GSM8019220_H36
DCN,unassigned,bin,151,41,0.333229624680609,171,27.1523,GSE253355,GSM8019220_H36
POSTN,unassigned,bin,151,2,0.0255462364412153,12,1.3245,GSE253355,GSM8019220_H36
SPARC,unassigned,bin,151,67,0.574420024908353,250,44.3709,GSE253355,GSM8019220_H36
BGN,unassigned,bin,151,14,0.0732485864375329,35,9.2715,GSE253355,GSM8019220_H36
VCAN,unassigned,bin,151,64,0.923816421571679,1518,42.3841,GSE253355,GSM8019220_H36
ELN,unassigned,bin,151,9,0.0499707137617781,16,5.9603,GSE253355,GSM8019220_H36
FBN1,unassigned,bin,151,56,0.456454948212421,331,37.0861,GSE253355,GSM8019220_H36
MGP,unassigned,bin,151,69,0.758628387894033,587,45.6954,GSE253355,GSM8019220_H36
OGN,unassigned,bin,151,7,0.0244536224897054,7,4.6358,GSE253355,GSM8019220_H36
ASPN,unassigned,bin,151,7,0.0272727201637382,9,4.6358,GSE253355,GSM8019220_H36
TNC,unassigned,bin,151,12,0.0858220333044789,79,7.947,GSE253355,GSM8019220_H36
LTBP1,unassigned,bin,151,35,0.233205191799535,118,23.1788,GSE253355,GSM8019220_H36
LTBP2,unassigned,bin,151,12,0.114150627659325,30,7.947,GSE253355,GSM8019220_H36
LOX,unassigned,bin,151,7,0.03556154623173,11,4.6358,GSE253355,GSM8019220_H36
LOXL1,unassigned,bin,151,5,0.0165103357242181,5,3.3113,GSE253355,GSM8019220_H36
LOXL2,unassigned,bin,151,26,0.132565845306698,51,17.2185,GSE253355,GSM8019220_H36
PLOD1,unassigned,bin,151,13,0.0673944075256431,16,8.6093,GSE253355,GSM8019220_H36
PLOD2,unassigned,bin,151,33,0.219779675287527,104,21.8543,GSE253355,GSM8019220_H36
SERPINH1,unassigned,bin,151,41,0.214434683995187,62,27.1523,GSE253355,GSM8019220_H36
SERPINE1,unassigned,bin,151,18,0.125294271240028,108,11.9205,GSE253355,GSM8019220_H36
TIMP1,unassigned,bin,151,53,0.372291849899147,153,35.0993,GSE253355,GSM8019220_H36
TIMP2,unassigned,bin,151,66,0.432960637935842,148,43.7086,GSE253355,GSM8019220_H36
TIMP3,unassigned,bin,151,50,0.400286157916863,286,33.1126,GSE253355,GSM8019220_H36
MMP2,unassigned,bin,151,18,0.0911546764301768,27,11.9205,GSE253355,GSM8019220_H36
MMP9,unassigned,bin,151,14,0.117383080886396,27,9.2715,GSE253355,GSM8019220_H36
MMP14,unassigned,bin,151,14,0.0558325885998652,20,9.2715,GSE253355,GSM8019220_H36
CTSK,unassigned,bin,151,18,0.106824884615978,53,11.9205,GSE253355,GSM8019220_H36
ADAMTS1,unassigned,bin,151,27,0.195682174786738,128,17.8808,GSE253355,GSM8019220_H36
TGFB1,unassigned,bin,151,62,0.522949684558853,259,41.0596,GSE253355,GSM8019220_H36
TGFB2,unassigned,bin,151,10,0.0525824531678753,17,6.6225,GSE253355,GSM8019220_H36
TGFB3,unassigned,bin,151,7,0.0338563032469204,13,4.6358,GSE253355,GSM8019220_H36
TGFBR1,unassigned,bin,151,59,0.405479115658839,142,39.0728,GSE253355,GSM8019220_H36
TGFBR2,unassigned,bin,151,92,1.23351914068917,1239,60.9272,GSE253355,GSM8019220_H36
PDGFA,unassigned,bin,151,7,0.0307290953524287,13,4.6358,GSE253355,GSM8019220_H36
PDGFB,unassigned,bin,151,13,0.0570874192015034,20,8.6093,GSE253355,GSM8019220_H36
PDGFRA,unassigned,bin,151,16,0.120544246547816,35,10.596,GSE253355,GSM8019220_H36
PDGFRB,unassigned,bin,151,21,0.142975349431725,60,13.9073,GSE253355,GSM8019220_H36
IGF1,unassigned,bin,151,4,0.0302471558352955,5,2.649,GSE253355,GSM8019220_H36
IGF2,unassigned,bin,151,0,0,0,0,GSE253355,GSM8019220_H36
VEGFA,unassigned,bin,151,14,0.0887002341357622,42,9.2715,GSE253355,GSM8019220_H36
FGF2,unassigned,bin,151,9,0.0541919196553126,22,5.9603,GSE253355,GSM8019220_H36
HGF,unassigned,bin,151,13,0.0700290141814188,26,8.6093,GSE253355,GSM8019220_H36
OSM,unassigned,bin,151,14,0.0763397767656352,23,9.2715,GSE253355,GSM8019220_H36
OSMR,unassigned,bin,151,49,0.43991707978631,254,32.4503,GSE253355,GSM8019220_H36
IL11,unassigned,bin,151,1,0.0024945593639245,1,0.6623,GSE253355,GSM8019220_H36
SPP1,unassigned,bin,151,12,0.120146803905903,209,7.947,GSE253355,GSM8019220_H36
IL1B,unassigned,bin,151,12,0.104986397024751,71,7.947,GSE253355,GSM8019220_H36
IL6,unassigned,bin,151,6,0.0228096257752555,9,3.9735,GSE253355,GSM8019220_H36
TNF,unassigned,bin,151,3,0.00822852796682832,3,1.9868,GSE253355,GSM8019220_H36
CXCL8,unassigned,bin,151,23,0.314895936097524,143,15.2318,GSE253355,GSM8019220_H36
IL10,unassigned,bin,151,0,0,0,0,GSE253355,GSM8019220_H36
IFNG,unassigned,bin,151,0,0,0,0,GSE253355,GSM8019220_H36
CCL2,unassigned,bin,151,12,0.0677740573637088,12,7.947,GSE253355,GSM8019220_H36
CCL3,unassigned,bin,151,5,0.0358632069948766,8,3.3113,GSE253355,GSM8019220_H36
CCL4,unassigned,bin,151,2,0.0223856773666066,15,1.3245,GSE253355,GSM8019220_H36
CXCL1,unassigned,bin,151,6,0.0385973795884526,6,3.9735,GSE253355,GSM8019220_H36
CXCL2,unassigned,bin,151,22,0.207524519540591,175,14.5695,GSE253355,GSM8019220_H36
IL18,unassigned,bin,151,11,0.0805565647875453,18,7.2848,GSE253355,GSM8019220_H36
NLRP3,unassigned,bin,151,7,0.0601638960007164,50,4.6358,GSE253355,GSM8019220_H36
S100A8,unassigned,bin,151,30,0.638510541994079,860,19.8675,GSE253355,GSM8019220_H36
S100A9,unassigned,bin,151,48,0.870103668709987,783,31.7881,GSE253355,GSM8019220_H36
PF4,unassigned,bin,151,6,0.103757586101173,175,3.9735,GSE253355,GSM8019220_H36
PPBP,unassigned,bin,151,5,0.103950161324621,199,3.3113,GSE253355,GSM8019220_H36
VWF,unassigned,bin,151,43,0.661703517196906,756,28.4768,GSE253355,GSM8019220_H36
ITGA2B,unassigned,bin,151,9,0.0677452728012142,23,5.9603,GSE253355,GSM8019220_H36
GP9,unassigned,bin,151,6,0.0663492129117907,30,3.9735,GSE253355,GSM8019220_H36
NFE2,unassigned,bin,151,7,0.0289020250534055,11,4.6358,GSE253355,GSM8019220_H36
GATA1,unassigned,bin,151,3,0.017660512280092,7,1.9868,GSE253355,GSM8019220_H36
MPL,unassigned,bin,151,2,0.0104978080657765,2,1.3245,GSE253355,GSM8019220_H36
CALR,unassigned,bin,151,79,0.620874040795506,334,52.3179,GSE253355,GSM8019220_H36
JAK2,unassigned,bin,151,61,0.481611242752647,139,40.3974,GSE253355,GSM8019220_H36
LEPR,unassigned,bin,151,53,0.469389860407232,289,35.0993,GSE253355,GSM8019220_H36
CXCL12,unassigned,bin,151,72,0.912867479175735,861,47.6821,GSE253355,GSM8019220_H36
KITLG,unassigned,bin,151,27,0.168789280057113,78,17.8808,GSE253355,GSM8019220_H36
ANGPT1,unassigned,bin,151,18,0.113342197637134,45,11.9205,GSE253355,GSM8019220_H36
VCAM1,unassigned,bin,151,38,0.274012013874382,153,25.1656,GSE253355,GSM8019220_H36
NES,unassigned,bin,151,18,0.100711077933123,37,11.9205,GSE253355,GSM8019220_H36
NGFR,unassigned,bin,151,5,0.026885084464449,7,3.3113,GSE253355,GSM8019220_H36
SFRP2,unassigned,bin,151,3,0.0220570853949908,21,1.9868,GSE253355,GSM8019220_H36
SFRP4,unassigned,bin,151,7,0.030029303385103,11,4.6358,GSE253355,GSM8019220_H36
GREM1,unassigned,bin,151,0,0,0,0,GSE253355,GSM8019220_H36
FAP,unassigned,bin,151,13,0.0688312356265787,24,8.6093,GSE253355,GSM8019220_H36
BGLAP,unassigned,bin,151,4,0.0296431206357539,4,2.649,GSE253355,GSM8019220_H36
RUNX2,unassigned,bin,151,42,0.387449959854166,231,27.8146,GSE253355,GSM8019220_H36
SP7,unassigned,bin,151,0,0,0,0,GSE253355,GSM8019220_H36
ACTA2,unassigned,bin,151,16,0.104387053851983,192,10.596,GSE253355,GSM8019220_H36
TAGLN,unassigned,bin,151,27,0.212703028231351,261,17.8808,GSE253355,GSM8019220_H36
RGS5,unassigned,bin,151,9,0.0898756800142735,181,5.9603,GSE253355,GSM8019220_H36
MYH11,unassigned,bin,151,15,0.0948534395513319,78,9.9338,GSE253355,GSM8019220_H36
CDH5,unassigned,bin,151,32,0.227276356750116,93,21.1921,GSE253355,GSM8019220_H36
PECAM1,unassigned,bin,151,68,0.694060582211913,489,45.0331,GSE253355,GSM8019220_H36
EMCN,unassigned,bin,151,45,0.69313529696662,908,29.8013,GSE253355,GSM8019220_H36
HIF1A,unassigned,bin,151,102,1.10621138664568,512,67.5497,GSE253355,GSM8019220_H36
EPAS1,unassigned,bin,151,70,0.692448709051992,458,46.3576,GSE253355,GSM8019220_H36
CA9,unassigned,bin,151,1,0.00349203980348654,1,0.6623,GSE253355,GSM8019220_H36
LDHA,unassigned,bin,151,86,0.704351822189217,317,56.9536,GSE253355,GSM8019220_H36
SLC2A1,unassigned,bin,151,13,0.0472153995413635,15,8.6093,GSE253355,GSM8019220_H36
PGK1,unassigned,bin,151,76,0.594687413939644,201,50.3311,GSE253355,GSM8019220_H36
ADM,unassigned,bin,151,5,0.026472730199239,9,3.3113,GSE253355,GSM8019220_H36
BNIP3,unassigned,bin,151,21,0.0788483239833125,24,13.9073,GSE253355,GSM8019220_H36
NDRG1,unassigned,bin,151,57,0.409413530441067,184,37.7483,GSE253355,GSM8019220_H36
SNAI1,unassigned,bin,151,7,0.0200726091407709,7,4.6358,GSE253355,GSM8019220_H36
SNAI2,unassigned,bin,151,7,0.0226707798764591,7,4.6358,GSE253355,GSM8019220_H36
TWIST1,unassigned,bin,151,7,0.0474592075777865,17,4.6358,GSE253355,GSM8019220_H36
ZEB1,unassigned,bin,151,102,1.31412955595704,888,67.5497,GSE253355,GSM8019220_H36
ZEB2,unassigned,bin,151,87,1.11725996940024,941,57.6159,GSE253355,GSM8019220_H36
VIM,unassigned,bin,151,113,1.50154001540975,1475,74.8344,GSE253355,GSM8019220_H36
CDH2,unassigned,bin,151,27,0.189832195724815,82,17.8808,GSE253355,GSM8019220_H36
NECTIN4,unassigned,bin,151,0,0,0,0,GSE253355,GSM8019220_H36
NECTIN1,unassigned,bin,151,12,0.0457663123858146,14,7.947,GSE253355,GSM8019220_H36
NECTIN2,unassigned,bin,151,54,0.312135974345476,106,35.7616,GSE253355,GSM8019220_H36
NECTIN3,unassigned,bin,151,12,0.0611593929264993,21,7.947,GSE253355,GSM8019220_H36
PVR,unassigned,bin,151,23,0.0904490779065763,27,15.2318,GSE253355,GSM8019220_H36
TIGIT,unassigned,bin,151,2,0.00687269638997054,2,1.3245,GSE253355,GSM8019220_H36
CD226,unassigned,bin,151,9,0.0546190550472171,20,5.9603,GSE253355,GSM8019220_H36
CD96,unassigned,bin,151,26,0.230000575212996,133,17.2185,GSE253355,GSM8019220_H36
C1QA,unassigned,bin,151,1,0.026103840204772,6,0.6623,GSE253355,GSM8019220_H36
C1QB,unassigned,bin,151,1,0.0234826207341328,4,0.6623,GSE253355,GSM8019220_H36
C1QC,unassigned,bin,151,1,0.0148514606251607,1,0.6623,GSE253355,GSM8019220_H36
CD163,unassigned,bin,151,1,0.00449195855370883,1,0.6623,GSE253355,GSM8019220_H36
MRC1,unassigned,bin,151,32,0.297782597819619,173,21.1921,GSE253355,GSM8019220_H36
VSIG4,unassigned,bin,151,2,0.00955585072452128,2,1.3245,GSE253355,GSM8019220_H36
SELENOP,unassigned,bin,151,67,0.549436553633623,252,44.3709,GSE253355,GSM8019220_H36
STAB1,unassigned,bin,151,22,0.14057863259332,58,14.5695,GSE253355,GSM8019220_H36
LYVE1,unassigned,bin,151,5,0.0184690910063648,7,3.3113,GSE253355,GSM8019220_H36
MAF,unassigned,bin,151,26,0.164959131924015,68,17.2185,GSE253355,GSM8019220_H36
FCN1,unassigned,bin,151,17,0.200734532091052,21,11.2583,GSE253355,GSM8019220_H36
S100A12,unassigned,bin,151,12,0.187826189756057,87,7.947,GSE253355,GSM8019220_H36
SELL,unassigned,bin,151,31,0.202920201963988,79,20.5298,GSE253355,GSM8019220_H36
CSF3R,unassigned,bin,151,31,0.361346702164776,69,20.5298,GSE253355,GSM8019220_H36
PLAC8,unassigned,bin,151,52,0.485441457426108,187,34.4371,GSE253355,GSM8019220_H36
CTGF,unassigned,bin,151,15,0.080129802991457,31,9.9338,GSE253355,GSM8019220_H36
CYR61,unassigned,bin,151,10,0.0725370381348271,41,6.6225,GSE253355,GSM8019220_H36
COL1A1,Mono_DC,bin,670,75,0.207757962772632,87,11.194,GSE253355,GSM8019220_H36
COL1A2,Mono_DC,bin,670,61,0.163618826119414,81,9.1045,GSE253355,GSM8019220_H36
COL3A1,Mono_DC,bin,670,46,0.118512932977665,54,6.8657,GSE253355,GSM8019220_H36
COL4A1,Mono_DC,bin,670,6,0.012732375437289,6,0.8955,GSE253355,GSM8019220_H36
COL5A1,Mono_DC,bin,670,7,0.0152653034812213,12,1.0448,GSE253355,GSM8019220_H36
COL5A2,Mono_DC,bin,670,18,0.0409870086656322,19,2.6866,GSE253355,GSM8019220_H36
COL6A1,Mono_DC,bin,670,28,0.0703672110866839,37,4.1791,GSE253355,GSM8019220_H36
COL6A2,Mono_DC,bin,670,22,0.0510740272219093,76,3.2836,GSE253355,GSM8019220_H36
COL6A3,Mono_DC,bin,670,17,0.0460855226284462,19,2.5373,GSE253355,GSM8019220_H36
COL11A1,Mono_DC,bin,670,1,0.00272586499772389,1,0.1493,GSE253355,GSM8019220_H36
FN1,Mono_DC,bin,670,18,0.0498329673415451,19,2.6866,GSE253355,GSM8019220_H36
LUM,Mono_DC,bin,670,35,0.0854145108381904,40,5.2239,GSE253355,GSM8019220_H36
DCN,Mono_DC,bin,670,35,0.0989480009954445,38,5.2239,GSE253355,GSM8019220_H36
POSTN,Mono_DC,bin,670,0,0,0,0,GSE253355,GSM8019220_H36
SPARC,Mono_DC,bin,670,46,0.0884718081250736,60,6.8657,GSE253355,GSM8019220_H36
BGN,Mono_DC,bin,670,5,0.0128174752700257,5,0.7463,GSE253355,GSM8019220_H36
VCAN,Mono_DC,bin,670,118,0.427151178524781,1714,17.6119,GSE253355,GSM8019220_H36
ELN,Mono_DC,bin,670,2,0.00417528452358201,2,0.2985,GSE253355,GSM8019220_H36
FBN1,Mono_DC,bin,670,32,0.0657981479508341,42,4.7761,GSE253355,GSM8019220_H36
MGP,Mono_DC,bin,670,135,0.396411736681533,245,20.1493,GSE253355,GSM8019220_H36
OGN,Mono_DC,bin,670,11,0.00888387794887125,16,1.6418,GSE253355,GSM8019220_H36
ASPN,Mono_DC,bin,670,17,0.00996087717573939,27,2.5373,GSE253355,GSM8019220_H36
TNC,Mono_DC,bin,670,2,0.00228818389308566,2,0.2985,GSE253355,GSM8019220_H36
LTBP1,Mono_DC,bin,670,35,0.0955372220388498,38,5.2239,GSE253355,GSM8019220_H36
LTBP2,Mono_DC,bin,670,7,0.0155837090130982,7,1.0448,GSE253355,GSM8019220_H36
LOX,Mono_DC,bin,670,2,0.00675951624857345,2,0.2985,GSE253355,GSM8019220_H36
LOXL1,Mono_DC,bin,670,6,0.0105952844801368,6,0.8955,GSE253355,GSM8019220_H36
LOXL2,Mono_DC,bin,670,8,0.012908926656031,9,1.194,GSE253355,GSM8019220_H36
PLOD1,Mono_DC,bin,670,25,0.0304334006839092,28,3.7313,GSE253355,GSM8019220_H36
PLOD2,Mono_DC,bin,670,16,0.0243499300747558,17,2.3881,GSE253355,GSM8019220_H36
SERPINH1,Mono_DC,bin,670,20,0.0326254883317487,22,2.9851,GSE253355,GSM8019220_H36
SERPINE1,Mono_DC,bin,670,16,0.0129717115574786,38,2.3881,GSE253355,GSM8019220_H36
TIMP1,Mono_DC,bin,670,118,0.301899012958809,665,17.6119,GSE253355,GSM8019220_H36
TIMP2,Mono_DC,bin,670,246,0.63097673494758,568,36.7164,GSE253355,GSM8019220_H36
TIMP3,Mono_DC,bin,670,16,0.0405199975495709,19,2.3881,GSE253355,GSM8019220_H36
MMP2,Mono_DC,bin,670,25,0.0515795061212956,25,3.7313,GSE253355,GSM8019220_H36
MMP9,Mono_DC,bin,670,233,1.01855157397078,1631,34.7761,GSE253355,GSM8019220_H36
MMP14,Mono_DC,bin,670,13,0.018489119901538,16,1.9403,GSE253355,GSM8019220_H36
CTSK,Mono_DC,bin,670,4,0.00930874239233547,68,0.597,GSE253355,GSM8019220_H36
ADAMTS1,Mono_DC,bin,670,10,0.0278049130655099,10,1.4925,GSE253355,GSM8019220_H36
TGFB1,Mono_DC,bin,670,251,0.682142756505239,1127,37.4627,GSE253355,GSM8019220_H36
TGFB2,Mono_DC,bin,670,5,0.00839996172494258,5,0.7463,GSE253355,GSM8019220_H36
TGFB3,Mono_DC,bin,670,9,0.00800529791893348,9,1.3433,GSE253355,GSM8019220_H36
TGFBR1,Mono_DC,bin,670,191,0.463296090743723,603,28.5075,GSE253355,GSM8019220_H36
TGFBR2,Mono_DC,bin,670,329,0.992275645281909,866,49.1045,GSE253355,GSM8019220_H36
PDGFA,Mono_DC,bin,670,11,0.00883995004724457,16,1.6418,GSE253355,GSM8019220_H36
PDGFB,Mono_DC,bin,670,8,0.0103959256698539,12,1.194,GSE253355,GSM8019220_H36
PDGFRA,Mono_DC,bin,670,9,0.0264254850752309,9,1.3433,GSE253355,GSM8019220_H36
PDGFRB,Mono_DC,bin,670,14,0.0350533456201915,14,2.0896,GSE253355,GSM8019220_H36
IGF1,Mono_DC,bin,670,4,0.00787716392423816,4,0.597,GSE253355,GSM8019220_H36
IGF2,Mono_DC,bin,670,0,0,0,0,GSE253355,GSM8019220_H36
VEGFA,Mono_DC,bin,670,66,0.154664170549922,261,9.8507,GSE253355,GSM8019220_H36
FGF2,Mono_DC,bin,670,0,0,0,0,GSE253355,GSM8019220_H36
HGF,Mono_DC,bin,670,27,0.0252770952209115,46,4.0299,GSE253355,GSM8019220_H36
OSM,Mono_DC,bin,670,94,0.20810648489369,305,14.0299,GSE253355,GSM8019220_H36
OSMR,Mono_DC,bin,670,20,0.0464150988903916,24,2.9851,GSE253355,GSM8019220_H36
IL11,Mono_DC,bin,670,6,0.00296310297567686,13,0.8955,GSE253355,GSM8019220_H36
SPP1,Mono_DC,bin,670,48,0.129764874243559,79,7.1642,GSE253355,GSM8019220_H36
IL1B,Mono_DC,bin,670,78,0.296767434937634,2409,11.6418,GSE253355,GSM8019220_H36
IL6,Mono_DC,bin,670,17,0.0404215615550735,138,2.5373,GSE253355,GSM8019220_H36
TNF,Mono_DC,bin,670,14,0.0169843436620681,26,2.0896,GSE253355,GSM8019220_H36
CXCL8,Mono_DC,bin,670,348,1.82292282335972,5188,51.9403,GSE253355,GSM8019220_H36
IL10,Mono_DC,bin,670,9,0.0144627804175651,38,1.3433,GSE253355,GSM8019220_H36
IFNG,Mono_DC,bin,670,0,0,0,0,GSE253355,GSM8019220_H36
CCL2,Mono_DC,bin,670,14,0.035924480627417,57,2.0896,GSE253355,GSM8019220_H36
CCL3,Mono_DC,bin,670,30,0.0791605264606034,327,4.4776,GSE253355,GSM8019220_H36
CCL4,Mono_DC,bin,670,18,0.051018182300702,321,2.6866,GSE253355,GSM8019220_H36
CXCL1,Mono_DC,bin,670,56,0.179695000475035,86,8.3582,GSE253355,GSM8019220_H36
CXCL2,Mono_DC,bin,670,50,0.153941455628933,577,7.4627,GSE253355,GSM8019220_H36
IL18,Mono_DC,bin,670,52,0.067764399314452,95,7.7612,GSE253355,GSM8019220_H36
NLRP3,Mono_DC,bin,670,68,0.163754314728908,659,10.1493,GSE253355,GSM8019220_H36
S100A8,Mono_DC,bin,670,496,3.82228767067522,32346,74.0299,GSE253355,GSM8019220_H36
S100A9,Mono_DC,bin,670,537,4.03435286780344,31920,80.1493,GSE253355,GSM8019220_H36
PF4,Mono_DC,bin,670,4,0.00857546478152834,5,0.597,GSE253355,GSM8019220_H36
PPBP,Mono_DC,bin,670,6,0.0179969539311005,7,0.8955,GSE253355,GSM8019220_H36
VWF,Mono_DC,bin,670,18,0.044124821464938,27,2.6866,GSE253355,GSM8019220_H36
ITGA2B,Mono_DC,bin,670,8,0.00358544592666726,10,1.194,GSE253355,GSM8019220_H36
GP9,Mono_DC,bin,670,0,0,0,0,GSE253355,GSM8019220_H36
NFE2,Mono_DC,bin,670,47,0.114552756742286,60,7.0149,GSE253355,GSM8019220_H36
GATA1,Mono_DC,bin,670,0,0,0,0,GSE253355,GSM8019220_H36
MPL,Mono_DC,bin,670,0,0,0,0,GSE253355,GSM8019220_H36
CALR,Mono_DC,bin,670,139,0.333924555168043,1207,20.7463,GSE253355,GSM8019220_H36
JAK2,Mono_DC,bin,670,179,0.42611534506111,354,26.7164,GSE253355,GSM8019220_H36
LEPR,Mono_DC,bin,670,51,0.103867091297381,67,7.6119,GSE253355,GSM8019220_H36
CXCL12,Mono_DC,bin,670,123,0.346811816507945,168,18.3582,GSE253355,GSM8019220_H36
KITLG,Mono_DC,bin,670,4,0.0143832751334005,4,0.597,GSE253355,GSM8019220_H36
ANGPT1,Mono_DC,bin,670,20,0.0528119034353537,34,2.9851,GSE253355,GSM8019220_H36
VCAM1,Mono_DC,bin,670,13,0.0299347256181411,13,1.9403,GSE253355,GSM8019220_H36
NES,Mono_DC,bin,670,2,0.00811914086200982,3,0.2985,GSE253355,GSM8019220_H36
NGFR,Mono_DC,bin,670,2,0.00138420982822136,2,0.2985,GSE253355,GSM8019220_H36
SFRP2,Mono_DC,bin,670,1,0.00307526309786022,1,0.1493,GSE253355,GSM8019220_H36
SFRP4,Mono_DC,bin,670,10,0.0146944600079361,12,1.4925,GSE253355,GSM8019220_H36
GREM1,Mono_DC,bin,670,1,0.00295752306514615,1,0.1493,GSE253355,GSM8019220_H36
FAP,Mono_DC,bin,670,1,0.0017454605710674,1,0.1493,GSE253355,GSM8019220_H36
BGLAP,Mono_DC,bin,670,3,0.00517748978072188,3,0.4478,GSE253355,GSM8019220_H36
RUNX2,Mono_DC,bin,670,137,0.305696145698051,805,20.4478,GSE253355,GSM8019220_H36
SP7,Mono_DC,bin,670,2,0.000764773193933668,2,0.2985,GSE253355,GSM8019220_H36
ACTA2,Mono_DC,bin,670,21,0.0404364202949984,22,3.1343,GSE253355,GSM8019220_H36
TAGLN,Mono_DC,bin,670,30,0.0722462030990143,33,4.4776,GSE253355,GSM8019220_H36
RGS5,Mono_DC,bin,670,12,0.0215529721982376,12,1.791,GSE253355,GSM8019220_H36
MYH11,Mono_DC,bin,670,12,0.0177140630227774,13,1.791,GSE253355,GSM8019220_H36
CDH5,Mono_DC,bin,670,2,0.00527438313735312,2,0.2985,GSE253355,GSM8019220_H36
PECAM1,Mono_DC,bin,670,161,0.335811954537636,262,24.0299,GSE253355,GSM8019220_H36
EMCN,Mono_DC,bin,670,8,0.0254793148154081,11,1.194,GSE253355,GSM8019220_H36
HIF1A,Mono_DC,bin,670,493,1.86915244670894,1721,73.5821,GSE253355,GSM8019220_H36
EPAS1,Mono_DC,bin,670,29,0.0561636755240519,55,4.3284,GSE253355,GSM8019220_H36
CA9,Mono_DC,bin,670,0,0,0,0,GSE253355,GSM8019220_H36
LDHA,Mono_DC,bin,670,208,0.557169236521007,1522,31.0448,GSE253355,GSM8019220_H36
SLC2A1,Mono_DC,bin,670,37,0.0326931139566728,60,5.5224,GSE253355,GSM8019220_H36
PGK1,Mono_DC,bin,670,299,0.84787673208702,1009,44.6269,GSE253355,GSM8019220_H36
ADM,Mono_DC,bin,670,48,0.129784829508435,68,7.1642,GSE253355,GSM8019220_H36
BNIP3,Mono_DC,bin,670,18,0.0272666656600229,27,2.6866,GSE253355,GSM8019220_H36
NDRG1,Mono_DC,bin,670,115,0.228450102115673,210,17.1642,GSE253355,GSM8019220_H36
SNAI1,Mono_DC,bin,670,29,0.0244846838454619,35,4.3284,GSE253355,GSM8019220_H36
SNAI2,Mono_DC,bin,670,3,0.00767624332120769,3,0.4478,GSE253355,GSM8019220_H36
TWIST1,Mono_DC,bin,670,2,0.00732366865970689,2,0.2985,GSE253355,GSM8019220_H36
ZEB1,Mono_DC,bin,670,267,0.805746014603373,733,39.8507,GSE253355,GSM8019220_H36
ZEB2,Mono_DC,bin,670,233,0.721874529512178,2285,34.7761,GSE253355,GSM8019220_H36
VIM,Mono_DC,bin,670,477,2.12383251580335,7805,71.194,GSE253355,GSM8019220_H36
CDH2,Mono_DC,bin,670,15,0.0225597807139643,18,2.2388,GSE253355,GSM8019220_H36
NECTIN4,Mono_DC,bin,670,2,0.00147145257505642,3,0.2985,GSE253355,GSM8019220_H36
NECTIN1,Mono_DC,bin,670,37,0.0409057984657452,61,5.5224,GSE253355,GSM8019220_H36
NECTIN2,Mono_DC,bin,670,61,0.0687682909164446,151,9.1045,GSE253355,GSM8019220_H36
NECTIN3,Mono_DC,bin,670,0,0,0,0,GSE253355,GSM8019220_H36
PVR,Mono_DC,bin,670,9,0.00798947563351947,10,1.3433,GSE253355,GSM8019220_H36
TIGIT,Mono_DC,bin,670,1,0.000280264429305142,1,0.1493,GSE253355,GSM8019220_H36
CD226,Mono_DC,bin,670,9,0.00905774715804121,15,1.3433,GSE253355,GSM8019220_H36
CD96,Mono_DC,bin,670,12,0.0158953042493,37,1.791,GSE253355,GSM8019220_H36
C1QA,Mono_DC,bin,670,6,0.0306249389079509,30,0.8955,GSE253355,GSM8019220_H36
C1QB,Mono_DC,bin,670,7,0.0351727864419889,40,1.0448,GSE253355,GSM8019220_H36
C1QC,Mono_DC,bin,670,5,0.0186821536183565,7,0.7463,GSE253355,GSM8019220_H36
CD163,Mono_DC,bin,670,14,0.0266512258117931,48,2.0896,GSE253355,GSM8019220_H36
MRC1,Mono_DC,bin,670,15,0.0302535681698038,45,2.2388,GSE253355,GSM8019220_H36
VSIG4,Mono_DC,bin,670,5,0.00581000634190027,15,0.7463,GSE253355,GSM8019220_H36
SELENOP,Mono_DC,bin,670,34,0.0973175860048076,59,5.0746,GSE253355,GSM8019220_H36
STAB1,Mono_DC,bin,670,25,0.0314485711903649,37,3.7313,GSE253355,GSM8019220_H36
LYVE1,Mono_DC,bin,670,1,0.00337552517088965,1,0.1493,GSE253355,GSM8019220_H36
MAF,Mono_DC,bin,670,14,0.019805036154,17,2.0896,GSE253355,GSM8019220_H36
FCN1,Mono_DC,bin,670,231,0.782573565798408,640,34.4776,GSE253355,GSM8019220_H36
S100A12,Mono_DC,bin,670,360,2.00377225938557,4461,53.7313,GSE253355,GSM8019220_H36
SELL,Mono_DC,bin,670,231,0.629041618460098,809,34.4776,GSE253355,GSM8019220_H36
CSF3R,Mono_DC,bin,670,382,1.43080243349316,853,57.0149,GSE253355,GSM8019220_H36
PLAC8,Mono_DC,bin,670,150,0.429767159848901,1713,22.3881,GSE253355,GSM8019220_H36
CTGF,Mono_DC,bin,670,13,0.035286041968259,13,1.9403,GSE253355,GSM8019220_H36
CYR61,Mono_DC,bin,670,3,0.00721673032339964,3,0.4478,GSE253355,GSM8019220_H36
COL1A1,T_NK,bin,347,21,0.052075459359657,21,6.0519,GSE253355,GSM8019220_H36
COL1A2,T_NK,bin,347,47,0.13252852779694,53,13.5447,GSE253355,GSM8019220_H36
COL3A1,T_NK,bin,347,31,0.0767698741133324,36,8.9337,GSE253355,GSM8019220_H36
COL4A1,T_NK,bin,347,4,0.00732956714028574,6,1.1527,GSE253355,GSM8019220_H36
COL5A1,T_NK,bin,347,28,0.0537621314006716,67,8.0692,GSE253355,GSM8019220_H36
COL5A2,T_NK,bin,347,9,0.0258083813937109,11,2.5937,GSE253355,GSM8019220_H36
COL6A1,T_NK,bin,347,18,0.0389973240977065,19,5.1873,GSE253355,GSM8019220_H36
COL6A2,T_NK,bin,347,32,0.0832189295051485,40,9.2219,GSE253355,GSM8019220_H36
COL6A3,T_NK,bin,347,12,0.0362047019642328,12,3.4582,GSE253355,GSM8019220_H36
COL11A1,T_NK,bin,347,0,0,0,0,GSE253355,GSM8019220_H36
FN1,T_NK,bin,347,13,0.0287969150159725,16,3.7464,GSE253355,GSM8019220_H36
LUM,T_NK,bin,347,22,0.0538670661688922,22,6.3401,GSE253355,GSM8019220_H36
DCN,T_NK,bin,347,24,0.0612573146736865,27,6.9164,GSE253355,GSM8019220_H36
POSTN,T_NK,bin,347,1,0.00212772515523913,1,0.2882,GSE253355,GSM8019220_H36
SPARC,T_NK,bin,347,39,0.0819087095416525,43,11.2392,GSE253355,GSM8019220_H36
BGN,T_NK,bin,347,2,0.00446815107547936,2,0.5764,GSE253355,GSM8019220_H36
VCAN,T_NK,bin,347,57,0.147378187464217,67,16.4265,GSE253355,GSM8019220_H36
ELN,T_NK,bin,347,0,0,0,0,GSE253355,GSM8019220_H36
FBN1,T_NK,bin,347,24,0.057251180070383,29,6.9164,GSE253355,GSM8019220_H36
MGP,T_NK,bin,347,83,0.228590239420098,124,23.9193,GSE253355,GSM8019220_H36
OGN,T_NK,bin,347,9,0.0158462054584341,11,2.5937,GSE253355,GSM8019220_H36
ASPN,T_NK,bin,347,7,0.010726182296218,10,2.0173,GSE253355,GSM8019220_H36
TNC,T_NK,bin,347,5,0.00943265800284185,5,1.4409,GSE253355,GSM8019220_H36
LTBP1,T_NK,bin,347,8,0.0237206198880182,11,2.3055,GSE253355,GSM8019220_H36
LTBP2,T_NK,bin,347,3,0.00746213974128009,3,0.8646,GSE253355,GSM8019220_H36
LOX,T_NK,bin,347,4,0.00883495485719899,5,1.1527,GSE253355,GSM8019220_H36
LOXL1,T_NK,bin,347,9,0.0197692447569447,10,2.5937,GSE253355,GSM8019220_H36
LOXL2,T_NK,bin,347,5,0.00695973593939688,5,1.4409,GSE253355,GSM8019220_H36
PLOD1,T_NK,bin,347,6,0.0110332893473451,6,1.7291,GSE253355,GSM8019220_H36
PLOD2,T_NK,bin,347,7,0.0138026794133762,19,2.0173,GSE253355,GSM8019220_H36
SERPINH1,T_NK,bin,347,10,0.0196691787445522,11,2.8818,GSE253355,GSM8019220_H36
SERPINE1,T_NK,bin,347,22,0.0757901044965443,124,6.3401,GSE253355,GSM8019220_H36
TIMP1,T_NK,bin,347,116,0.327613754076934,192,33.4294,GSE253355,GSM8019220_H36
TIMP2,T_NK,bin,347,62,0.15296767693028,165,17.8674,GSE253355,GSM8019220_H36
TIMP3,T_NK,bin,347,16,0.0322031546641654,23,4.611,GSE253355,GSM8019220_H36
MMP2,T_NK,bin,347,14,0.0317169595667126,20,4.0346,GSE253355,GSM8019220_H36
MMP9,T_NK,bin,347,6,0.020669206990173,8,1.7291,GSE253355,GSM8019220_H36
MMP14,T_NK,bin,347,1,0.00222792848273368,1,0.2882,GSE253355,GSM8019220_H36
CTSK,T_NK,bin,347,1,0.00251776474244819,1,0.2882,GSE253355,GSM8019220_H36
ADAMTS1,T_NK,bin,347,4,0.00800720542250388,4,1.1527,GSE253355,GSM8019220_H36
TGFB1,T_NK,bin,347,287,1.30127086392143,1118,82.7089,GSE253355,GSM8019220_H36
TGFB2,T_NK,bin,347,3,0.00437970549437818,3,0.8646,GSE253355,GSM8019220_H36
TGFB3,T_NK,bin,347,7,0.0110778008823049,7,2.0173,GSE253355,GSM8019220_H36
TGFBR1,T_NK,bin,347,103,0.269522995391039,195,29.683,GSE253355,GSM8019220_H36
TGFBR2,T_NK,bin,347,229,0.850968388305945,601,65.9942,GSE253355,GSM8019220_H36
PDGFA,T_NK,bin,347,3,0.00900874649475851,4,0.8646,GSE253355,GSM8019220_H36
PDGFB,T_NK,bin,347,10,0.030408094933523,13,2.8818,GSE253355,GSM8019220_H36
PDGFRA,T_NK,bin,347,4,0.00788192952298959,4,1.1527,GSE253355,GSM8019220_H36
PDGFRB,T_NK,bin,347,4,0.00931132664267459,4,1.1527,GSE253355,GSM8019220_H36
IGF1,T_NK,bin,347,3,0.00695473875385593,6,0.8646,GSE253355,GSM8019220_H36
IGF2,T_NK,bin,347,0,0,0,0,GSE253355,GSM8019220_H36
VEGFA,T_NK,bin,347,10,0.0221468346889296,13,2.8818,GSE253355,GSM8019220_H36
FGF2,T_NK,bin,347,0,0,0,0,GSE253355,GSM8019220_H36
HGF,T_NK,bin,347,8,0.0122958358753159,13,2.3055,GSE253355,GSM8019220_H36
OSM,T_NK,bin,347,30,0.0733112413317021,55,8.6455,GSE253355,GSM8019220_H36
OSMR,T_NK,bin,347,19,0.0473807981217947,23,5.4755,GSE253355,GSM8019220_H36
IL11,T_NK,bin,347,2,0.00147508738607614,2,0.5764,GSE253355,GSM8019220_H36
SPP1,T_NK,bin,347,41,0.100066758800502,50,11.8156,GSE253355,GSM8019220_H36
IL1B,T_NK,bin,347,6,0.0136010801476928,7,1.7291,GSE253355,GSM8019220_H36
IL6,T_NK,bin,347,1,0.00260928027301081,1,0.2882,GSE253355,GSM8019220_H36
TNF,T_NK,bin,347,41,0.125770733313498,52,11.8156,GSE253355,GSM8019220_H36
CXCL8,T_NK,bin,347,15,0.0372806914196014,47,4.3228,GSE253355,GSM8019220_H36
IL10,T_NK,bin,347,3,0.00833225106299447,4,0.8646,GSE253355,GSM8019220_H36
IFNG,T_NK,bin,347,32,0.121004802356347,68,9.2219,GSE253355,GSM8019220_H36
CCL2,T_NK,bin,347,2,0.00509666818583748,2,0.5764,GSE253355,GSM8019220_H36
CCL3,T_NK,bin,347,52,0.200654808828209,118,14.9856,GSE253355,GSM8019220_H36
CCL4,T_NK,bin,347,94,0.608913546067801,1151,27.0893,GSE253355,GSM8019220_H36
CXCL1,T_NK,bin,347,1,0.00108453662571866,1,0.2882,GSE253355,GSM8019220_H36
CXCL2,T_NK,bin,347,12,0.0292709342370869,39,3.4582,GSE253355,GSM8019220_H36
IL18,T_NK,bin,347,37,0.0718226705209853,64,10.6628,GSE253355,GSM8019220_H36
NLRP3,T_NK,bin,347,23,0.0522806564744749,48,6.6282,GSE253355,GSM8019220_H36
S100A8,T_NK,bin,347,10,0.0322952821722613,19,2.8818,GSE253355,GSM8019220_H36
S100A9,T_NK,bin,347,23,0.056599114733403,35,6.6282,GSE253355,GSM8019220_H36
PF4,T_NK,bin,347,0,0,0,0,GSE253355,GSM8019220_H36
PPBP,T_NK,bin,347,5,0.0179893640061289,10,1.4409,GSE253355,GSM8019220_H36
VWF,T_NK,bin,347,9,0.0190923471037998,9,2.5937,GSE253355,GSM8019220_H36
ITGA2B,T_NK,bin,347,4,0.0087054698395761,4,1.1527,GSE253355,GSM8019220_H36
GP9,T_NK,bin,347,2,0.00201834140233905,2,0.5764,GSE253355,GSM8019220_H36
NFE2,T_NK,bin,347,3,0.00317284521796614,3,0.8646,GSE253355,GSM8019220_H36
GATA1,T_NK,bin,347,0,0,0,0,GSE253355,GSM8019220_H36
MPL,T_NK,bin,347,2,0.00318708693022944,2,0.5764,GSE253355,GSM8019220_H36
CALR,T_NK,bin,347,255,0.967386282596756,772,73.487,GSE253355,GSM8019220_H36
JAK2,T_NK,bin,347,69,0.168484945445118,134,19.8847,GSE253355,GSM8019220_H36
LEPR,T_NK,bin,347,30,0.0700095955912627,37,8.6455,GSE253355,GSM8019220_H36
CXCL12,T_NK,bin,347,75,0.187483059999682,105,21.6138,GSE253355,GSM8019220_H36
KITLG,T_NK,bin,347,4,0.00671490001865848,4,1.1527,GSE253355,GSM8019220_H36
ANGPT1,T_NK,bin,347,20,0.0353602003101572,36,5.7637,GSE253355,GSM8019220_H36
VCAM1,T_NK,bin,347,20,0.065896929732512,30,5.7637,GSE253355,GSM8019220_H36
NES,T_NK,bin,347,0,0,0,0,GSE253355,GSM8019220_H36
NGFR,T_NK,bin,347,2,0.00326056822435321,2,0.5764,GSE253355,GSM8019220_H36
SFRP2,T_NK,bin,347,0,0,0,0,GSE253355,GSM8019220_H36
SFRP4,T_NK,bin,347,8,0.01122858538533,16,2.3055,GSE253355,GSM8019220_H36
GREM1,T_NK,bin,347,0,0,0,0,GSE253355,GSM8019220_H36
FAP,T_NK,bin,347,1,0.00298349142536504,1,0.2882,GSE253355,GSM8019220_H36
BGLAP,T_NK,bin,347,4,0.0101599013048094,4,1.1527,GSE253355,GSM8019220_H36
RUNX2,T_NK,bin,347,133,0.411304840236345,406,38.3285,GSE253355,GSM8019220_H36
SP7,T_NK,bin,347,2,0.00443014169410059,2,0.5764,GSE253355,GSM8019220_H36
ACTA2,T_NK,bin,347,32,0.0743361630747703,36,9.2219,GSE253355,GSM8019220_H36
TAGLN,T_NK,bin,347,14,0.020730069994003,14,4.0346,GSE253355,GSM8019220_H36
RGS5,T_NK,bin,347,2,0.0044102050999058,2,0.5764,GSE253355,GSM8019220_H36
MYH11,T_NK,bin,347,31,0.0672314060908203,35,8.9337,GSE253355,GSM8019220_H36
CDH5,T_NK,bin,347,0,0,0,0,GSE253355,GSM8019220_H36
PECAM1,T_NK,bin,347,78,0.195863782332284,155,22.4784,GSE253355,GSM8019220_H36
EMCN,T_NK,bin,347,8,0.0137795907854896,8,2.3055,GSE253355,GSM8019220_H36
HIF1A,T_NK,bin,347,186,0.637474077222106,634,53.6023,GSE253355,GSM8019220_H36
EPAS1,T_NK,bin,347,24,0.0640914672076798,34,6.9164,GSE253355,GSM8019220_H36
CA9,T_NK,bin,347,0,0,0,0,GSE253355,GSM8019220_H36
LDHA,T_NK,bin,347,310,1.59299013862867,1697,89.3372,GSE253355,GSM8019220_H36
SLC2A1,T_NK,bin,347,25,0.0506430563358342,25,7.2046,GSE253355,GSM8019220_H36
PGK1,T_NK,bin,347,276,1.02153905379391,777,79.5389,GSE253355,GSM8019220_H36
ADM,T_NK,bin,347,3,0.0087147678428738,3,0.8646,GSE253355,GSM8019220_H36
BNIP3,T_NK,bin,347,51,0.116751473387468,58,14.6974,GSE253355,GSM8019220_H36
NDRG1,T_NK,bin,347,109,0.310451045310641,182,31.4121,GSE253355,GSM8019220_H36
SNAI1,T_NK,bin,347,10,0.0219585476680426,11,2.8818,GSE253355,GSM8019220_H36
SNAI2,T_NK,bin,347,3,0.00612585441447835,3,0.8646,GSE253355,GSM8019220_H36
TWIST1,T_NK,bin,347,1,0.00107874495434447,1,0.2882,GSE253355,GSM8019220_H36
ZEB1,T_NK,bin,347,226,0.953074599223614,966,65.1297,GSE253355,GSM8019220_H36
ZEB2,T_NK,bin,347,173,0.847991903310816,925,49.8559,GSE253355,GSM8019220_H36
VIM,T_NK,bin,347,334,2.25428207117615,4056,96.2536,GSE253355,GSM8019220_H36
CDH2,T_NK,bin,347,18,0.0280166310837877,33,5.1873,GSE253355,GSM8019220_H36
NECTIN4,T_NK,bin,347,0,0,0,0,GSE253355,GSM8019220_H36
NECTIN1,T_NK,bin,347,12,0.0247502343099262,13,3.4582,GSE253355,GSM8019220_H36
NECTIN2,T_NK,bin,347,35,0.0695160770492011,83,10.0865,GSE253355,GSM8019220_H36
NECTIN3,T_NK,bin,347,45,0.12924869714645,61,12.9683,GSE253355,GSM8019220_H36
PVR,T_NK,bin,347,1,0.000309378222022536,1,0.2882,GSE253355,GSM8019220_H36
TIGIT,T_NK,bin,347,82,0.331840400519456,169,23.6311,GSE253355,GSM8019220_H36
CD226,T_NK,bin,347,61,0.191044172571974,104,17.5793,GSE253355,GSM8019220_H36
CD96,T_NK,bin,347,256,1.08702739671353,808,73.7752,GSE253355,GSM8019220_H36
C1QA,T_NK,bin,347,1,0.00232009329214695,1,0.2882,GSE253355,GSM8019220_H36
C1QB,T_NK,bin,347,1,0.00358854505174446,2,0.2882,GSE253355,GSM8019220_H36
C1QC,T_NK,bin,347,0,0,0,0,GSE253355,GSM8019220_H36
CD163,T_NK,bin,347,1,0.00446631127030456,3,0.2882,GSE253355,GSM8019220_H36
MRC1,T_NK,bin,347,2,0.00175702842632903,2,0.5764,GSE253355,GSM8019220_H36
VSIG4,T_NK,bin,347,0,0,0,0,GSE253355,GSM8019220_H36
SELENOP,T_NK,bin,347,36,0.0744207618710058,41,10.3746,GSE253355,GSM8019220_H36
STAB1,T_NK,bin,347,2,0.00239935528252499,2,0.5764,GSE253355,GSM8019220_H36
LYVE1,T_NK,bin,347,0,0,0,0,GSE253355,GSM8019220_H36
MAF,T_NK,bin,347,82,0.302620874315704,192,23.6311,GSE253355,GSM8019220_H36
FCN1,T_NK,bin,347,0,0,0,0,GSE253355,GSM8019220_H36
S100A12,T_NK,bin,347,1,0.00303786944605809,1,0.2882,GSE253355,GSM8019220_H36
SELL,T_NK,bin,347,143,0.552849587834839,589,41.2104,GSE253355,GSM8019220_H36
CSF3R,T_NK,bin,347,14,0.0282845359188072,39,4.0346,GSE253355,GSM8019220_H36
PLAC8,T_NK,bin,347,194,0.600702513042911,417,55.9078,GSE253355,GSM8019220_H36
CTGF,T_NK,bin,347,11,0.0223339827836548,11,3.17,GSE253355,GSM8019220_H36
CYR61,T_NK,bin,347,5,0.0117078763473055,5,1.4409,GSE253355,GSM8019220_H36
COL1A1,LMPP_GMP,bin,333,40,0.0543905274262769,49,12.012,GSE253355,GSM8019220_H36
COL1A2,LMPP_GMP,bin,333,66,0.0948660359481388,87,19.8198,GSE253355,GSM8019220_H36
COL3A1,LMPP_GMP,bin,333,52,0.0721200785232897,67,15.6156,GSE253355,GSM8019220_H36
COL4A1,LMPP_GMP,bin,333,9,0.0201711737198198,16,2.7027,GSE253355,GSM8019220_H36
COL5A1,LMPP_GMP,bin,333,34,0.0467699892757676,44,10.2102,GSE253355,GSM8019220_H36
COL5A2,LMPP_GMP,bin,333,11,0.00762336219844115,12,3.3033,GSE253355,GSM8019220_H36
COL6A1,LMPP_GMP,bin,333,35,0.0416130290639124,41,10.5105,GSE253355,GSM8019220_H36
COL6A2,LMPP_GMP,bin,333,25,0.0289891205566173,28,7.5075,GSE253355,GSM8019220_H36
COL6A3,LMPP_GMP,bin,333,24,0.0288876085808431,27,7.2072,GSE253355,GSM8019220_H36
COL11A1,LMPP_GMP,bin,333,2,0.00147938288544068,2,0.6006,GSE253355,GSM8019220_H36
FN1,LMPP_GMP,bin,333,21,0.03287440839583,25,6.3063,GSE253355,GSM8019220_H36
LUM,LMPP_GMP,bin,333,44,0.0785819931664966,54,13.2132,GSE253355,GSM8019220_H36
DCN,LMPP_GMP,bin,333,25,0.0432394888440198,27,7.5075,GSE253355,GSM8019220_H36
POSTN,LMPP_GMP,bin,333,1,0.00124124207545313,1,0.3003,GSE253355,GSM8019220_H36
SPARC,LMPP_GMP,bin,333,189,0.293855899484817,414,56.7568,GSE253355,GSM8019220_H36
BGN,LMPP_GMP,bin,333,7,0.0092615137158841,9,2.1021,GSE253355,GSM8019220_H36
VCAN,LMPP_GMP,bin,333,77,0.133474348312989,163,23.1231,GSE253355,GSM8019220_H36
ELN,LMPP_GMP,bin,333,14,0.0155740043196054,16,4.2042,GSE253355,GSM8019220_H36
FBN1,LMPP_GMP,bin,333,53,0.066470412953319,79,15.9159,GSE253355,GSM8019220_H36
MGP,LMPP_GMP,bin,333,132,0.20939450677961,392,39.6396,GSE253355,GSM8019220_H36
OGN,LMPP_GMP,bin,333,26,0.0249883439687314,33,7.8078,GSE253355,GSM8019220_H36
ASPN,LMPP_GMP,bin,333,44,0.0415434892293726,59,13.2132,GSE253355,GSM8019220_H36
TNC,LMPP_GMP,bin,333,8,0.0144267910989668,10,2.4024,GSE253355,GSM8019220_H36
LTBP1,LMPP_GMP,bin,333,65,0.236123059630041,651,19.5195,GSE253355,GSM8019220_H36
LTBP2,LMPP_GMP,bin,333,6,0.00704131729126856,6,1.8018,GSE253355,GSM8019220_H36
LOX,LMPP_GMP,bin,333,19,0.0165669507108527,21,5.7057,GSE253355,GSM8019220_H36
LOXL1,LMPP_GMP,bin,333,32,0.0339006520759176,39,9.6096,GSE253355,GSM8019220_H36
LOXL2,LMPP_GMP,bin,333,8,0.00933088698633949,10,2.4024,GSE253355,GSM8019220_H36
PLOD1,LMPP_GMP,bin,333,56,0.0499963614786574,65,16.8168,GSE253355,GSM8019220_H36
PLOD2,LMPP_GMP,bin,333,95,0.124525183111767,187,28.5285,GSE253355,GSM8019220_H36
SERPINH1,LMPP_GMP,bin,333,55,0.0724811577890325,68,16.5165,GSE253355,GSM8019220_H36
SERPINE1,LMPP_GMP,bin,333,51,0.0983359387116778,165,15.3153,GSE253355,GSM8019220_H36
TIMP1,LMPP_GMP,bin,333,174,0.3146268412974,547,52.2523,GSE253355,GSM8019220_H36
TIMP2,LMPP_GMP,bin,333,232,0.472186857361614,728,69.6697,GSE253355,GSM8019220_H36
TIMP3,LMPP_GMP,bin,333,53,0.116401214629173,205,15.9159,GSE253355,GSM8019220_H36
MMP2,LMPP_GMP,bin,333,56,0.0579630557742582,66,16.8168,GSE253355,GSM8019220_H36
MMP9,LMPP_GMP,bin,333,6,0.0118412231412513,9,1.8018,GSE253355,GSM8019220_H36
MMP14,LMPP_GMP,bin,333,10,0.00949840989778331,10,3.003,GSE253355,GSM8019220_H36
CTSK,LMPP_GMP,bin,333,15,0.0132122026213713,16,4.5045,GSE253355,GSM8019220_H36
ADAMTS1,LMPP_GMP,bin,333,10,0.0133662885826171,11,3.003,GSE253355,GSM8019220_H36
TGFB1,LMPP_GMP,bin,333,227,0.498949252106835,838,68.1682,GSE253355,GSM8019220_H36
TGFB2,LMPP_GMP,bin,333,17,0.0241424828380269,27,5.1051,GSE253355,GSM8019220_H36
TGFB3,LMPP_GMP,bin,333,7,0.00491701504478361,7,2.1021,GSE253355,GSM8019220_H36
TGFBR1,LMPP_GMP,bin,333,218,0.396052627868266,580,65.4655,GSE253355,GSM8019220_H36
TGFBR2,LMPP_GMP,bin,333,162,0.291738697934323,416,48.6486,GSE253355,GSM8019220_H36
PDGFA,LMPP_GMP,bin,333,11,0.0141093106076711,18,3.3033,GSE253355,GSM8019220_H36
PDGFB,LMPP_GMP,bin,333,1,0.0008265695803404,1,0.3003,GSE253355,GSM8019220_H36
PDGFRA,LMPP_GMP,bin,333,4,0.00439290572750253,4,1.2012,GSE253355,GSM8019220_H36
PDGFRB,LMPP_GMP,bin,333,14,0.0122072969174797,14,4.2042,GSE253355,GSM8019220_H36
IGF1,LMPP_GMP,bin,333,1,0.00065502858213351,1,0.3003,GSE253355,GSM8019220_H36
IGF2,LMPP_GMP,bin,333,0,0,0,0,GSE253355,GSM8019220_H36
VEGFA,LMPP_GMP,bin,333,85,0.130238153762858,173,25.5255,GSE253355,GSM8019220_H36
FGF2,LMPP_GMP,bin,333,2,0.00247139322906696,5,0.6006,GSE253355,GSM8019220_H36
HGF,LMPP_GMP,bin,333,161,0.360508570220824,553,48.3483,GSE253355,GSM8019220_H36
OSM,LMPP_GMP,bin,333,219,0.68388461998476,1744,65.7658,GSE253355,GSM8019220_H36
OSMR,LMPP_GMP,bin,333,22,0.0302094689644495,22,6.6066,GSE253355,GSM8019220_H36
IL11,LMPP_GMP,bin,333,14,0.0116157906030323,18,4.2042,GSE253355,GSM8019220_H36
SPP1,LMPP_GMP,bin,333,33,0.0497370233168221,72,9.9099,GSE253355,GSM8019220_H36
IL1B,LMPP_GMP,bin,333,136,0.292392459581594,921,40.8408,GSE253355,GSM8019220_H36
IL6,LMPP_GMP,bin,333,8,0.00588481040383937,8,2.4024,GSE253355,GSM8019220_H36
TNF,LMPP_GMP,bin,333,2,0.0023229151319055,3,0.6006,GSE253355,GSM8019220_H36
CXCL8,LMPP_GMP,bin,333,158,0.687715235810969,3396,47.4474,GSE253355,GSM8019220_H36
IL10,LMPP_GMP,bin,333,4,0.00262943432717275,4,1.2012,GSE253355,GSM8019220_H36
IFNG,LMPP_GMP,bin,333,0,0,0,0,GSE253355,GSM8019220_H36
CCL2,LMPP_GMP,bin,333,14,0.0109992173994074,15,4.2042,GSE253355,GSM8019220_H36
CCL3,LMPP_GMP,bin,333,4,0.00965246409976373,25,1.2012,GSE253355,GSM8019220_H36
CCL4,LMPP_GMP,bin,333,4,0.00363381298819065,5,1.2012,GSE253355,GSM8019220_H36
CXCL1,LMPP_GMP,bin,333,4,0.00326284435798506,4,1.2012,GSE253355,GSM8019220_H36
CXCL2,LMPP_GMP,bin,333,153,0.424393464110874,976,45.9459,GSE253355,GSM8019220_H36
IL18,LMPP_GMP,bin,333,167,0.227302741644049,314,50.1502,GSE253355,GSM8019220_H36
NLRP3,LMPP_GMP,bin,333,104,0.188083715098256,343,31.2312,GSE253355,GSM8019220_H36
S100A8,LMPP_GMP,bin,333,47,0.158112214071884,533,14.1141,GSE253355,GSM8019220_H36
S100A9,LMPP_GMP,bin,333,62,0.212392367832642,531,18.6186,GSE253355,GSM8019220_H36
PF4,LMPP_GMP,bin,333,2,0.00237639643562206,2,0.6006,GSE253355,GSM8019220_H36
PPBP,LMPP_GMP,bin,333,1,0.00244654231676714,2,0.3003,GSE253355,GSM8019220_H36
VWF,LMPP_GMP,bin,333,24,0.0459680816850424,38,7.2072,GSE253355,GSM8019220_H36
ITGA2B,LMPP_GMP,bin,333,26,0.0355292286136936,41,7.8078,GSE253355,GSM8019220_H36
GP9,LMPP_GMP,bin,333,4,0.00347027994760882,4,1.2012,GSE253355,GSM8019220_H36
NFE2,LMPP_GMP,bin,333,200,0.335614723321684,490,60.0601,GSE253355,GSM8019220_H36
GATA1,LMPP_GMP,bin,333,25,0.0466681803819008,63,7.5075,GSE253355,GSM8019220_H36
MPL,LMPP_GMP,bin,333,19,0.0148138979841669,20,5.7057,GSE253355,GSM8019220_H36
CALR,LMPP_GMP,bin,333,320,2.0457981862804,9147,96.0961,GSE253355,GSM8019220_H36
JAK2,LMPP_GMP,bin,333,183,0.306858618603177,407,54.955,GSE253355,GSM8019220_H36
LEPR,LMPP_GMP,bin,333,81,0.110808082520249,145,24.3243,GSE253355,GSM8019220_H36
CXCL12,LMPP_GMP,bin,333,110,0.159967936707092,149,33.033,GSE253355,GSM8019220_H36
KITLG,LMPP_GMP,bin,333,10,0.0110361153813899,11,3.003,GSE253355,GSM8019220_H36
ANGPT1,LMPP_GMP,bin,333,159,0.352685879435369,646,47.7477,GSE253355,GSM8019220_H36
VCAM1,LMPP_GMP,bin,333,14,0.019198400646027,14,4.2042,GSE253355,GSM8019220_H36
NES,LMPP_GMP,bin,333,2,0.00728386370238249,2,0.6006,GSE253355,GSM8019220_H36
NGFR,LMPP_GMP,bin,333,1,0.00109669326586791,1,0.3003,GSE253355,GSM8019220_H36
SFRP2,LMPP_GMP,bin,333,2,0.00887271238589046,2,0.6006,GSE253355,GSM8019220_H36
SFRP4,LMPP_GMP,bin,333,20,0.0250738700383756,26,6.006,GSE253355,GSM8019220_H36
GREM1,LMPP_GMP,bin,333,2,0.00136370902242546,2,0.6006,GSE253355,GSM8019220_H36
FAP,LMPP_GMP,bin,333,1,0.000631508050189038,1,0.3003,GSE253355,GSM8019220_H36
BGLAP,LMPP_GMP,bin,333,4,0.00903136641244097,4,1.2012,GSE253355,GSM8019220_H36
RUNX2,LMPP_GMP,bin,333,238,0.481772071166416,729,71.4715,GSE253355,GSM8019220_H36
SP7,LMPP_GMP,bin,333,2,0.00116707845460289,2,0.6006,GSE253355,GSM8019220_H36
ACTA2,LMPP_GMP,bin,333,58,0.0614305009568075,76,17.4174,GSE253355,GSM8019220_H36
TAGLN,LMPP_GMP,bin,333,40,0.0555876426580903,48,12.012,GSE253355,GSM8019220_H36
RGS5,LMPP_GMP,bin,333,17,0.0221030051727595,27,5.1051,GSE253355,GSM8019220_H36
MYH11,LMPP_GMP,bin,333,49,0.0568207956306501,67,14.7147,GSE253355,GSM8019220_H36
CDH5,LMPP_GMP,bin,333,4,0.00465063513480471,4,1.2012,GSE253355,GSM8019220_H36
PECAM1,LMPP_GMP,bin,333,177,0.260673311827849,353,53.1532,GSE253355,GSM8019220_H36
EMCN,LMPP_GMP,bin,333,24,0.0411560602536512,32,7.2072,GSE253355,GSM8019220_H36
HIF1A,LMPP_GMP,bin,333,285,0.738620136114984,1192,85.5856,GSE253355,GSM8019220_H36
EPAS1,LMPP_GMP,bin,333,33,0.0586768818915143,50,9.9099,GSE253355,GSM8019220_H36
CA9,LMPP_GMP,bin,333,5,0.00645442436004679,5,1.5015,GSE253355,GSM8019220_H36
LDHA,LMPP_GMP,bin,333,307,1.42425759873532,4098,92.1922,GSE253355,GSM8019220_H36
SLC2A1,LMPP_GMP,bin,333,92,0.112174694503985,174,27.6276,GSE253355,GSM8019220_H36
PGK1,LMPP_GMP,bin,333,308,1.14087365620388,2374,92.4925,GSE253355,GSM8019220_H36
ADM,LMPP_GMP,bin,333,22,0.0204377438187392,27,6.6066,GSE253355,GSM8019220_H36
BNIP3,LMPP_GMP,bin,333,96,0.10648951928066,133,28.8288,GSE253355,GSM8019220_H36
NDRG1,LMPP_GMP,bin,333,162,0.276896518289921,331,48.6486,GSE253355,GSM8019220_H36
SNAI1,LMPP_GMP,bin,333,20,0.0202054985460908,28,6.006,GSE253355,GSM8019220_H36
SNAI2,LMPP_GMP,bin,333,2,0.00304221204740434,2,0.6006,GSE253355,GSM8019220_H36
TWIST1,LMPP_GMP,bin,333,2,0.001286084063013,2,0.6006,GSE253355,GSM8019220_H36
ZEB1,LMPP_GMP,bin,333,263,0.782278546033465,1599,78.979,GSE253355,GSM8019220_H36
ZEB2,LMPP_GMP,bin,333,305,1.532570645423,5122,91.5916,GSE253355,GSM8019220_H36
VIM,LMPP_GMP,bin,333,318,2.01860188204629,8854,95.4955,GSE253355,GSM8019220_H36
CDH2,LMPP_GMP,bin,333,73,0.0866014403384899,122,21.9219,GSE253355,GSM8019220_H36
NECTIN4,LMPP_GMP,bin,333,0,0,0,0,GSE253355,GSM8019220_H36
NECTIN1,LMPP_GMP,bin,333,51,0.0580692880184912,70,15.3153,GSE253355,GSM8019220_H36
NECTIN2,LMPP_GMP,bin,333,188,0.288930853952745,423,56.4565,GSE253355,GSM8019220_H36
NECTIN3,LMPP_GMP,bin,333,1,0.000782078505631432,2,0.3003,GSE253355,GSM8019220_H36
PVR,LMPP_GMP,bin,333,44,0.0411924256993539,51,13.2132,GSE253355,GSM8019220_H36
TIGIT,LMPP_GMP,bin,333,0,0,0,0,GSE253355,GSM8019220_H36
CD226,LMPP_GMP,bin,333,10,0.0095069070944339,12,3.003,GSE253355,GSM8019220_H36
CD96,LMPP_GMP,bin,333,24,0.0273543605659925,34,7.2072,GSE253355,GSM8019220_H36
C1QA,LMPP_GMP,bin,333,0,0,0,0,GSE253355,GSM8019220_H36
C1QB,LMPP_GMP,bin,333,0,0,0,0,GSE253355,GSM8019220_H36
C1QC,LMPP_GMP,bin,333,1,0.00065502858213351,1,0.3003,GSE253355,GSM8019220_H36
CD163,LMPP_GMP,bin,333,1,0.000636072835299,1,0.3003,GSE253355,GSM8019220_H36
MRC1,LMPP_GMP,bin,333,5,0.0184927697409261,10,1.5015,GSE253355,GSM8019220_H36
VSIG4,LMPP_GMP,bin,333,4,0.00554524973580919,4,1.2012,GSE253355,GSM8019220_H36
SELENOP,LMPP_GMP,bin,333,156,0.220868991693686,281,46.8468,GSE253355,GSM8019220_H36
STAB1,LMPP_GMP,bin,333,16,0.0126719325547439,18,4.8048,GSE253355,GSM8019220_H36
LYVE1,LMPP_GMP,bin,333,1,0.0014530177744261,2,0.3003,GSE253355,GSM8019220_H36
MAF,LMPP_GMP,bin,333,12,0.0154123534390303,15,3.6036,GSE253355,GSM8019220_H36
FCN1,LMPP_GMP,bin,333,12,0.0230972225797486,14,3.6036,GSE253355,GSM8019220_H36
S100A12,LMPP_GMP,bin,333,13,0.0303118263516306,36,3.9039,GSE253355,GSM8019220_H36
SELL,LMPP_GMP,bin,333,265,0.726968244419158,1386,79.5796,GSE253355,GSM8019220_H36
CSF3R,LMPP_GMP,bin,333,276,0.84612690639913,1581,82.8829,GSE253355,GSM8019220_H36
PLAC8,LMPP_GMP,bin,333,287,0.968692884482031,1990,86.1862,GSE253355,GSM8019220_H36
CTGF,LMPP_GMP,bin,333,11,0.0101127225144035,11,3.3033,GSE253355,GSM8019220_H36
CYR61,LMPP_GMP,bin,333,16,0.0165428052042925,19,4.8048,GSE253355,GSM8019220_H36
COL1A1,HSC_MPP,bin,479,54,0.0627509598421358,65,11.2735,GSE253355,GSM8019220_H36
COL1A2,HSC_MPP,bin,479,67,0.107535413572233,89,13.9875,GSE253355,GSM8019220_H36
COL3A1,HSC_MPP,bin,479,43,0.0489309915317731,49,8.977,GSE253355,GSM8019220_H36
COL4A1,HSC_MPP,bin,479,29,0.0822146181749332,35,6.0543,GSE253355,GSM8019220_H36
COL5A1,HSC_MPP,bin,479,105,0.0977443000865198,139,21.9207,GSE253355,GSM8019220_H36
COL5A2,HSC_MPP,bin,479,19,0.0274604230796132,19,3.9666,GSE253355,GSM8019220_H36
COL6A1,HSC_MPP,bin,479,44,0.047536666651256,47,9.1858,GSE253355,GSM8019220_H36
COL6A2,HSC_MPP,bin,479,69,0.0778575611669571,76,14.405,GSE253355,GSM8019220_H36
COL6A3,HSC_MPP,bin,479,25,0.0248897543413077,25,5.2192,GSE253355,GSM8019220_H36
COL11A1,HSC_MPP,bin,479,3,0.00177450782065481,3,0.6263,GSE253355,GSM8019220_H36
FN1,HSC_MPP,bin,479,26,0.0437776465676696,32,5.428,GSE253355,GSM8019220_H36
LUM,HSC_MPP,bin,479,45,0.0563925536255384,50,9.3946,GSE253355,GSM8019220_H36
DCN,HSC_MPP,bin,479,47,0.0747906198995436,54,9.8121,GSE253355,GSM8019220_H36
POSTN,HSC_MPP,bin,479,2,0.00600431253878059,2,0.4175,GSE253355,GSM8019220_H36
SPARC,HSC_MPP,bin,479,126,0.1903394828676,219,26.3048,GSE253355,GSM8019220_H36
BGN,HSC_MPP,bin,479,4,0.0154694781161557,7,0.8351,GSE253355,GSM8019220_H36
VCAN,HSC_MPP,bin,479,97,0.172334908793912,138,20.2505,GSE253355,GSM8019220_H36
ELN,HSC_MPP,bin,479,13,0.0126478504572047,16,2.714,GSE253355,GSM8019220_H36
FBN1,HSC_MPP,bin,479,117,0.140880691172916,178,24.4259,GSE253355,GSM8019220_H36
MGP,HSC_MPP,bin,479,154,0.2375997388758,320,32.1503,GSE253355,GSM8019220_H36
OGN,HSC_MPP,bin,479,44,0.0350159525153449,57,9.1858,GSE253355,GSM8019220_H36
ASPN,HSC_MPP,bin,479,43,0.0340651597944316,59,8.977,GSE253355,GSM8019220_H36
TNC,HSC_MPP,bin,479,15,0.0145702053559492,19,3.1315,GSE253355,GSM8019220_H36
LTBP1,HSC_MPP,bin,479,33,0.0397878058717038,91,6.8894,GSE253355,GSM8019220_H36
LTBP2,HSC_MPP,bin,479,3,0.00162803204108297,3,0.6263,GSE253355,GSM8019220_H36
LOX,HSC_MPP,bin,479,32,0.0347354424205849,38,6.6806,GSE253355,GSM8019220_H36
LOXL1,HSC_MPP,bin,479,32,0.0238102069412685,37,6.6806,GSE253355,GSM8019220_H36
LOXL2,HSC_MPP,bin,479,16,0.0250862897759222,21,3.3403,GSE253355,GSM8019220_H36
PLOD1,HSC_MPP,bin,479,24,0.0240743910377525,31,5.0104,GSE253355,GSM8019220_H36
PLOD2,HSC_MPP,bin,479,211,0.294629730198659,481,44.0501,GSE253355,GSM8019220_H36
SERPINH1,HSC_MPP,bin,479,54,0.0694913279068968,69,11.2735,GSE253355,GSM8019220_H36
SERPINE1,HSC_MPP,bin,479,72,0.108093470566638,258,15.0313,GSE253355,GSM8019220_H36
TIMP1,HSC_MPP,bin,479,211,0.336186105300577,504,44.0501,GSE253355,GSM8019220_H36
TIMP2,HSC_MPP,bin,479,258,0.367331843872601,601,53.8622,GSE253355,GSM8019220_H36
TIMP3,HSC_MPP,bin,479,110,0.185864064067039,204,22.9645,GSE253355,GSM8019220_H36
MMP2,HSC_MPP,bin,479,68,0.0604813152528326,82,14.1962,GSE253355,GSM8019220_H36
MMP9,HSC_MPP,bin,479,13,0.0163497793958606,21,2.714,GSE253355,GSM8019220_H36
MMP14,HSC_MPP,bin,479,10,0.0106795364665733,10,2.0877,GSE253355,GSM8019220_H36
CTSK,HSC_MPP,bin,479,12,0.0112631138516941,12,2.5052,GSE253355,GSM8019220_H36
ADAMTS1,HSC_MPP,bin,479,69,0.148318630338245,317,14.405,GSE253355,GSM8019220_H36
TGFB1,HSC_MPP,bin,479,316,0.525382938795492,1029,65.9708,GSE253355,GSM8019220_H36
TGFB2,HSC_MPP,bin,479,17,0.0205657111296195,37,3.5491,GSE253355,GSM8019220_H36
TGFB3,HSC_MPP,bin,479,7,0.00420751373129585,7,1.4614,GSE253355,GSM8019220_H36
TGFBR1,HSC_MPP,bin,479,232,0.310070534949017,546,48.4342,GSE253355,GSM8019220_H36
TGFBR2,HSC_MPP,bin,479,215,0.418518673149497,490,44.8852,GSE253355,GSM8019220_H36
PDGFA,HSC_MPP,bin,479,40,0.0425947690892458,61,8.3507,GSE253355,GSM8019220_H36
PDGFB,HSC_MPP,bin,479,7,0.0218260621671307,7,1.4614,GSE253355,GSM8019220_H36
PDGFRA,HSC_MPP,bin,479,8,0.00633015897444279,8,1.6701,GSE253355,GSM8019220_H36
PDGFRB,HSC_MPP,bin,479,10,0.00794749323605457,16,2.0877,GSE253355,GSM8019220_H36
IGF1,HSC_MPP,bin,479,9,0.0102343048009669,11,1.8789,GSE253355,GSM8019220_H36
IGF2,HSC_MPP,bin,479,0,0,0,0,GSE253355,GSM8019220_H36
VEGFA,HSC_MPP,bin,479,148,0.279856584483756,592,30.8977,GSE253355,GSM8019220_H36
FGF2,HSC_MPP,bin,479,1,0.00638807854800513,2,0.2088,GSE253355,GSM8019220_H36
HGF,HSC_MPP,bin,479,38,0.0422783387913404,84,7.9332,GSE253355,GSM8019220_H36
OSM,HSC_MPP,bin,479,218,0.4023659329249,1074,45.5115,GSE253355,GSM8019220_H36
OSMR,HSC_MPP,bin,479,22,0.0353946766360257,30,4.5929,GSE253355,GSM8019220_H36
IL11,HSC_MPP,bin,479,20,0.0229713005371686,36,4.1754,GSE253355,GSM8019220_H36
SPP1,HSC_MPP,bin,479,82,0.19252149962836,656,17.119,GSE253355,GSM8019220_H36
IL1B,HSC_MPP,bin,479,98,0.103982275878776,169,20.4593,GSE253355,GSM8019220_H36
IL6,HSC_MPP,bin,479,2,0.001850894453174,2,0.4175,GSE253355,GSM8019220_H36
TNF,HSC_MPP,bin,479,0,0,0,0,GSE253355,GSM8019220_H36
CXCL8,HSC_MPP,bin,479,262,1.20320787244652,7994,54.6973,GSE253355,GSM8019220_H36
IL10,HSC_MPP,bin,479,0,0,0,0,GSE253355,GSM8019220_H36
IFNG,HSC_MPP,bin,479,1,0.000319106906680004,1,0.2088,GSE253355,GSM8019220_H36
CCL2,HSC_MPP,bin,479,6,0.00977347827299448,6,1.2526,GSE253355,GSM8019220_H36
CCL3,HSC_MPP,bin,479,2,0.00119792704883593,2,0.4175,GSE253355,GSM8019220_H36
CCL4,HSC_MPP,bin,479,6,0.00478637206118909,8,1.2526,GSE253355,GSM8019220_H36
CXCL1,HSC_MPP,bin,479,36,0.0742733639344634,190,7.5157,GSE253355,GSM8019220_H36
CXCL2,HSC_MPP,bin,479,336,1.12532536522326,3637,70.1461,GSE253355,GSM8019220_H36
IL18,HSC_MPP,bin,479,260,0.351050626062805,572,54.2797,GSE253355,GSM8019220_H36
NLRP3,HSC_MPP,bin,479,130,0.147073460380681,230,27.1399,GSE253355,GSM8019220_H36
S100A8,HSC_MPP,bin,479,32,0.0669871269594205,333,6.6806,GSE253355,GSM8019220_H36
S100A9,HSC_MPP,bin,479,41,0.0732256513480043,263,8.5595,GSE253355,GSM8019220_H36
PF4,HSC_MPP,bin,479,9,0.0141465565898211,12,1.8789,GSE253355,GSM8019220_H36
PPBP,HSC_MPP,bin,479,7,0.00826759807061303,9,1.4614,GSE253355,GSM8019220_H36
VWF,HSC_MPP,bin,479,55,0.167194024770621,148,11.4823,GSE253355,GSM8019220_H36
ITGA2B,HSC_MPP,bin,479,39,0.038120408056896,46,8.142,GSE253355,GSM8019220_H36
GP9,HSC_MPP,bin,479,3,0.00245125703288025,3,0.6263,GSE253355,GSM8019220_H36
NFE2,HSC_MPP,bin,479,125,0.121246234717214,216,26.096,GSE253355,GSM8019220_H36
GATA1,HSC_MPP,bin,479,11,0.00825091955542201,13,2.2965,GSE253355,GSM8019220_H36
MPL,HSC_MPP,bin,479,32,0.0271006160006664,34,6.6806,GSE253355,GSM8019220_H36
CALR,HSC_MPP,bin,479,416,1.19018453951308,3850,86.8476,GSE253355,GSM8019220_H36
JAK2,HSC_MPP,bin,479,208,0.279667089172772,457,43.4238,GSE253355,GSM8019220_H36
LEPR,HSC_MPP,bin,479,99,0.129843735648427,148,20.6681,GSE253355,GSM8019220_H36
CXCL12,HSC_MPP,bin,479,136,0.195446170224532,231,28.3925,GSE253355,GSM8019220_H36
KITLG,HSC_MPP,bin,479,4,0.00790829782441747,4,0.8351,GSE253355,GSM8019220_H36
ANGPT1,HSC_MPP,bin,479,373,0.773218837042544,1617,77.8706,GSE253355,GSM8019220_H36
VCAM1,HSC_MPP,bin,479,29,0.0939918642829895,53,6.0543,GSE253355,GSM8019220_H36
NES,HSC_MPP,bin,479,6,0.0203525407227037,8,1.2526,GSE253355,GSM8019220_H36
NGFR,HSC_MPP,bin,479,3,0.00285069038840772,3,0.6263,GSE253355,GSM8019220_H36
SFRP2,HSC_MPP,bin,479,0,0,0,0,GSE253355,GSM8019220_H36
SFRP4,HSC_MPP,bin,479,13,0.0103845040240326,15,2.714,GSE253355,GSM8019220_H36
GREM1,HSC_MPP,bin,479,3,0.00165159503213612,3,0.6263,GSE253355,GSM8019220_H36
FAP,HSC_MPP,bin,479,6,0.0122795781263512,7,1.2526,GSE253355,GSM8019220_H36
BGLAP,HSC_MPP,bin,479,5,0.00490400787357899,7,1.0438,GSE253355,GSM8019220_H36
RUNX2,HSC_MPP,bin,479,225,0.301895330565016,517,46.9729,GSE253355,GSM8019220_H36
SP7,HSC_MPP,bin,479,1,0.000840608979550833,1,0.2088,GSE253355,GSM8019220_H36
ACTA2,HSC_MPP,bin,479,56,0.0572965687043564,59,11.691,GSE253355,GSM8019220_H36
TAGLN,HSC_MPP,bin,479,43,0.0476240366009887,47,8.977,GSE253355,GSM8019220_H36
RGS5,HSC_MPP,bin,479,20,0.0326480352691011,32,4.1754,GSE253355,GSM8019220_H36
MYH11,HSC_MPP,bin,479,65,0.0582092875959914,70,13.5699,GSE253355,GSM8019220_H36
CDH5,HSC_MPP,bin,479,12,0.0477531491135836,16,2.5052,GSE253355,GSM8019220_H36
PECAM1,HSC_MPP,bin,479,231,0.335045834736895,410,48.2255,GSE253355,GSM8019220_H36
EMCN,HSC_MPP,bin,479,152,0.325076889476161,313,31.7328,GSE253355,GSM8019220_H36
HIF1A,HSC_MPP,bin,479,345,0.684162598906541,1218,72.0251,GSE253355,GSM8019220_H36
EPAS1,HSC_MPP,bin,479,70,0.165612693633285,123,14.6138,GSE253355,GSM8019220_H36
CA9,HSC_MPP,bin,479,4,0.00233401799213565,4,0.8351,GSE253355,GSM8019220_H36
LDHA,HSC_MPP,bin,479,433,1.40359585165832,4283,90.3967,GSE253355,GSM8019220_H36
SLC2A1,HSC_MPP,bin,479,68,0.0595184739997889,98,14.1962,GSE253355,GSM8019220_H36
PGK1,HSC_MPP,bin,479,408,1.01913105237917,2390,85.1775,GSE253355,GSM8019220_H36
ADM,HSC_MPP,bin,479,11,0.00908471411639576,14,2.2965,GSE253355,GSM8019220_H36
BNIP3,HSC_MPP,bin,479,129,0.145146253325001,175,26.9311,GSE253355,GSM8019220_H36
NDRG1,HSC_MPP,bin,479,111,0.164366947420126,157,23.1733,GSE253355,GSM8019220_H36
SNAI1,HSC_MPP,bin,479,22,0.0190917941220502,28,4.5929,GSE253355,GSM8019220_H36
SNAI2,HSC_MPP,bin,479,2,0.00118788441103207,2,0.4175,GSE253355,GSM8019220_H36
TWIST1,HSC_MPP,bin,479,4,0.00515704709990039,4,0.8351,GSE253355,GSM8019220_H36
ZEB1,HSC_MPP,bin,479,361,0.828405833495044,1984,75.3653,GSE253355,GSM8019220_H36
ZEB2,HSC_MPP,bin,479,338,0.895040756980674,2868,70.5637,GSE253355,GSM8019220_H36
VIM,HSC_MPP,bin,479,450,2.30085423566719,12154,93.9457,GSE253355,GSM8019220_H36
CDH2,HSC_MPP,bin,479,78,0.0977775969675089,143,16.2839,GSE253355,GSM8019220_H36
NECTIN4,HSC_MPP,bin,479,0,0,0,0,GSE253355,GSM8019220_H36
NECTIN1,HSC_MPP,bin,479,23,0.0173028501101792,25,4.8017,GSE253355,GSM8019220_H36
NECTIN2,HSC_MPP,bin,479,236,0.313512951062058,453,49.2693,GSE253355,GSM8019220_H36
NECTIN3,HSC_MPP,bin,479,5,0.019594481073498,7,1.0438,GSE253355,GSM8019220_H36
PVR,HSC_MPP,bin,479,38,0.0299426096909417,43,7.9332,GSE253355,GSM8019220_H36
TIGIT,HSC_MPP,bin,479,2,0.00107135212417938,2,0.4175,GSE253355,GSM8019220_H36
CD226,HSC_MPP,bin,479,7,0.00549381490099807,11,1.4614,GSE253355,GSM8019220_H36
CD96,HSC_MPP,bin,479,17,0.0205292461847082,30,3.5491,GSE253355,GSM8019220_H36
C1QA,HSC_MPP,bin,479,0,0,0,0,GSE253355,GSM8019220_H36
C1QB,HSC_MPP,bin,479,0,0,0,0,GSE253355,GSM8019220_H36
C1QC,HSC_MPP,bin,479,0,0,0,0,GSE253355,GSM8019220_H36
CD163,HSC_MPP,bin,479,0,0,0,0,GSE253355,GSM8019220_H36
MRC1,HSC_MPP,bin,479,22,0.0920028381850107,43,4.5929,GSE253355,GSM8019220_H36
VSIG4,HSC_MPP,bin,479,2,0.00197658797419156,2,0.4175,GSE253355,GSM8019220_H36
SELENOP,HSC_MPP,bin,479,230,0.427367070902079,460,48.0167,GSE253355,GSM8019220_H36
STAB1,HSC_MPP,bin,479,22,0.0621847540960624,28,4.5929,GSE253355,GSM8019220_H36
LYVE1,HSC_MPP,bin,479,4,0.0172372865808595,5,0.8351,GSE253355,GSM8019220_H36
MAF,HSC_MPP,bin,479,31,0.0646779427587546,32,6.4718,GSE253355,GSM8019220_H36
FCN1,HSC_MPP,bin,479,2,0.00240569572684565,2,0.4175,GSE253355,GSM8019220_H36
S100A12,HSC_MPP,bin,479,8,0.0226676571457045,46,1.6701,GSE253355,GSM8019220_H36
SELL,HSC_MPP,bin,479,394,0.826102571236843,1719,82.2547,GSE253355,GSM8019220_H36
CSF3R,HSC_MPP,bin,479,278,0.441642308770934,930,58.0376,GSE253355,GSM8019220_H36
PLAC8,HSC_MPP,bin,479,243,0.351373563005392,745,50.7307,GSE253355,GSM8019220_H36
CTGF,HSC_MPP,bin,479,5,0.00861079330244415,5,1.0438,GSE253355,GSM8019220_H36
CYR61,HSC_MPP,bin,479,16,0.0306807177006337,19,3.3403,GSE253355,GSM8019220_H36
COL1A1,Megakaryocyte,bin,26,3,0.0436632957748944,4,11.5385,GSE253355,GSM8019220_H36
COL1A2,Megakaryocyte,bin,26,6,0.191581136696869,9,23.0769,GSE253355,GSM8019220_H36
COL3A1,Megakaryocyte,bin,26,3,0.113796417725723,4,11.5385,GSE253355,GSM8019220_H36
COL4A1,Megakaryocyte,bin,26,0,0,0,0,GSE253355,GSM8019220_H36
COL5A1,Megakaryocyte,bin,26,1,0.00426499273380227,1,3.8462,GSE253355,GSM8019220_H36
COL5A2,Megakaryocyte,bin,26,1,0.00965691262263408,1,3.8462,GSE253355,GSM8019220_H36
COL6A1,Megakaryocyte,bin,26,2,0.0270162164739129,2,7.6923,GSE253355,GSM8019220_H36
COL6A2,Megakaryocyte,bin,26,4,0.0566764695916466,6,15.3846,GSE253355,GSM8019220_H36
COL6A3,Megakaryocyte,bin,26,3,0.133538951999707,3,11.5385,GSE253355,GSM8019220_H36
COL11A1,Megakaryocyte,bin,26,0,0,0,0,GSE253355,GSM8019220_H36
FN1,Megakaryocyte,bin,26,1,0.0149444424245838,3,3.8462,GSE253355,GSM8019220_H36
LUM,Megakaryocyte,bin,26,2,0.0853308292807184,2,7.6923,GSE253355,GSM8019220_H36
DCN,Megakaryocyte,bin,26,2,0.0138065547847516,2,7.6923,GSE253355,GSM8019220_H36
POSTN,Megakaryocyte,bin,26,1,0.0164017174317206,1,3.8462,GSE253355,GSM8019220_H36
SPARC,Megakaryocyte,bin,26,15,0.32340907367935,32,57.6923,GSE253355,GSM8019220_H36
BGN,Megakaryocyte,bin,26,2,0.0124059317841208,2,7.6923,GSE253355,GSM8019220_H36
VCAN,Megakaryocyte,bin,26,5,0.0744325256564959,6,19.2308,GSE253355,GSM8019220_H36
ELN,Megakaryocyte,bin,26,0,0,0,0,GSE253355,GSM8019220_H36
FBN1,Megakaryocyte,bin,26,14,0.459414888120351,44,53.8462,GSE253355,GSM8019220_H36
MGP,Megakaryocyte,bin,26,11,0.359431138002388,15,42.3077,GSE253355,GSM8019220_H36
OGN,Megakaryocyte,bin,26,4,0.0282667797439352,4,15.3846,GSE253355,GSM8019220_H36
ASPN,Megakaryocyte,bin,26,7,0.0518056221579515,8,26.9231,GSE253355,GSM8019220_H36
TNC,Megakaryocyte,bin,26,1,0.00565148807924477,1,3.8462,GSE253355,GSM8019220_H36
LTBP1,Megakaryocyte,bin,26,18,1.27980072521173,459,69.2308,GSE253355,GSM8019220_H36
LTBP2,Megakaryocyte,bin,26,0,0,0,0,GSE253355,GSM8019220_H36
LOX,Megakaryocyte,bin,26,7,0.106881393213038,11,26.9231,GSE253355,GSM8019220_H36
LOXL1,Megakaryocyte,bin,26,0,0,0,0,GSE253355,GSM8019220_H36
LOXL2,Megakaryocyte,bin,26,1,0.0220389991898133,2,3.8462,GSE253355,GSM8019220_H36
PLOD1,Megakaryocyte,bin,26,2,0.0260586300543547,2,7.6923,GSE253355,GSM8019220_H36
PLOD2,Megakaryocyte,bin,26,10,0.150080158443657,18,38.4615,GSE253355,GSM8019220_H36
SERPINH1,Megakaryocyte,bin,26,3,0.123889153414126,4,11.5385,GSE253355,GSM8019220_H36
SERPINE1,Megakaryocyte,bin,26,5,0.133731616951274,33,19.2308,GSE253355,GSM8019220_H36
TIMP1,Megakaryocyte,bin,26,20,0.897323921342973,110,76.9231,GSE253355,GSM8019220_H36
TIMP2,Megakaryocyte,bin,26,7,0.0965118795224537,15,26.9231,GSE253355,GSM8019220_H36
TIMP3,Megakaryocyte,bin,26,11,0.150900809680871,22,42.3077,GSE253355,GSM8019220_H36
MMP2,Megakaryocyte,bin,26,1,0.0173593038512788,1,3.8462,GSE253355,GSM8019220_H36
MMP9,Megakaryocyte,bin,26,0,0,0,0,GSE253355,GSM8019220_H36
MMP14,Megakaryocyte,bin,26,2,0.0214224854735878,3,7.6923,GSE253355,GSM8019220_H36
CTSK,Megakaryocyte,bin,26,0,0,0,0,GSE253355,GSM8019220_H36
ADAMTS1,Megakaryocyte,bin,26,2,0.026352559674121,4,7.6923,GSE253355,GSM8019220_H36
TGFB1,Megakaryocyte,bin,26,20,1.3030252541176,285,76.9231,GSE253355,GSM8019220_H36
TGFB2,Megakaryocyte,bin,26,0,0,0,0,GSE253355,GSM8019220_H36
TGFB3,Megakaryocyte,bin,26,1,0.00565148807924477,1,3.8462,GSE253355,GSM8019220_H36
TGFBR1,Megakaryocyte,bin,26,11,0.200433290503035,29,42.3077,GSE253355,GSM8019220_H36
TGFBR2,Megakaryocyte,bin,26,7,0.0907455602661887,14,26.9231,GSE253355,GSM8019220_H36
PDGFA,Megakaryocyte,bin,26,4,0.116537757754271,5,15.3846,GSE253355,GSM8019220_H36
PDGFB,Megakaryocyte,bin,26,3,0.0280983830262297,4,11.5385,GSE253355,GSM8019220_H36
PDGFRA,Megakaryocyte,bin,26,0,0,0,0,GSE253355,GSM8019220_H36
PDGFRB,Megakaryocyte,bin,26,0,0,0,0,GSE253355,GSM8019220_H36
IGF1,Megakaryocyte,bin,26,1,0.0125769460451373,1,3.8462,GSE253355,GSM8019220_H36
IGF2,Megakaryocyte,bin,26,0,0,0,0,GSE253355,GSM8019220_H36
VEGFA,Megakaryocyte,bin,26,9,0.245222964886376,48,34.6154,GSE253355,GSM8019220_H36
FGF2,Megakaryocyte,bin,26,1,0.0712013931176737,1,3.8462,GSE253355,GSM8019220_H36
HGF,Megakaryocyte,bin,26,2,0.0215897272825421,2,7.6923,GSE253355,GSM8019220_H36
OSM,Megakaryocyte,bin,26,2,0.0142713936990944,2,7.6923,GSE253355,GSM8019220_H36
OSMR,Megakaryocyte,bin,26,2,0.0220532055109654,2,7.6923,GSE253355,GSM8019220_H36
IL11,Megakaryocyte,bin,26,2,0.0117372391340737,2,7.6923,GSE253355,GSM8019220_H36
SPP1,Megakaryocyte,bin,26,4,0.133250242403248,4,15.3846,GSE253355,GSM8019220_H36
IL1B,Megakaryocyte,bin,26,12,0.319029891487947,48,46.1538,GSE253355,GSM8019220_H36
IL6,Megakaryocyte,bin,26,1,0.0710452041680625,1,3.8462,GSE253355,GSM8019220_H36
TNF,Megakaryocyte,bin,26,2,0.0379956835904142,10,7.6923,GSE253355,GSM8019220_H36
CXCL8,Megakaryocyte,bin,26,11,0.726752008026827,400,42.3077,GSE253355,GSM8019220_H36
IL10,Megakaryocyte,bin,26,0,0,0,0,GSE253355,GSM8019220_H36
IFNG,Megakaryocyte,bin,26,0,0,0,0,GSE253355,GSM8019220_H36
CCL2,Megakaryocyte,bin,26,0,0,0,0,GSE253355,GSM8019220_H36
CCL3,Megakaryocyte,bin,26,0,0,0,0,GSE253355,GSM8019220_H36
CCL4,Megakaryocyte,bin,26,0,0,0,0,GSE253355,GSM8019220_H36
CXCL1,Megakaryocyte,bin,26,5,0.237431789374913,87,19.2308,GSE253355,GSM8019220_H36
CXCL2,Megakaryocyte,bin,26,13,0.688016279780112,249,50,GSE253355,GSM8019220_H36
IL18,Megakaryocyte,bin,26,12,0.281255287063242,33,46.1538,GSE253355,GSM8019220_H36
NLRP3,Megakaryocyte,bin,26,5,0.0653226821447985,11,19.2308,GSE253355,GSM8019220_H36
S100A8,Megakaryocyte,bin,26,0,0,0,0,GSE253355,GSM8019220_H36
S100A9,Megakaryocyte,bin,26,1,0.00694218168135095,1,3.8462,GSE253355,GSM8019220_H36
PF4,Megakaryocyte,bin,26,20,1.69802586806814,313,76.9231,GSE253355,GSM8019220_H36
PPBP,Megakaryocyte,bin,26,16,1.54925000419107,263,61.5385,GSE253355,GSM8019220_H36
VWF,Megakaryocyte,bin,26,16,0.63512891371193,133,61.5385,GSE253355,GSM8019220_H36
ITGA2B,Megakaryocyte,bin,26,22,1.73728561556961,409,84.6154,GSE253355,GSM8019220_H36
GP9,Megakaryocyte,bin,26,20,1.19357739572794,108,76.9231,GSE253355,GSM8019220_H36
NFE2,Megakaryocyte,bin,26,13,0.296767130848517,29,50,GSE253355,GSM8019220_H36
GATA1,Megakaryocyte,bin,26,20,0.719632677693338,60,76.9231,GSE253355,GSM8019220_H36
MPL,Megakaryocyte,bin,26,7,0.143543200436695,11,26.9231,GSE253355,GSM8019220_H36
CALR,Megakaryocyte,bin,26,21,1.5119527211644,423,80.7692,GSE253355,GSM8019220_H36
JAK2,Megakaryocyte,bin,26,17,0.47427352530664,60,65.3846,GSE253355,GSM8019220_H36
LEPR,Megakaryocyte,bin,26,10,0.144336052154645,19,38.4615,GSE253355,GSM8019220_H36
CXCL12,Megakaryocyte,bin,26,8,0.261978438672869,10,30.7692,GSE253355,GSM8019220_H36
KITLG,Megakaryocyte,bin,26,0,0,0,0,GSE253355,GSM8019220_H36
ANGPT1,Megakaryocyte,bin,26,20,1.27632118132694,322,76.9231,GSE253355,GSM8019220_H36
VCAM1,Megakaryocyte,bin,26,0,0,0,0,GSE253355,GSM8019220_H36
NES,Megakaryocyte,bin,26,0,0,0,0,GSE253355,GSM8019220_H36
NGFR,Megakaryocyte,bin,26,0,0,0,0,GSE253355,GSM8019220_H36
SFRP2,Megakaryocyte,bin,26,0,0,0,0,GSE253355,GSM8019220_H36
SFRP4,Megakaryocyte,bin,26,1,0.00625731872506111,1,3.8462,GSE253355,GSM8019220_H36
GREM1,Megakaryocyte,bin,26,0,0,0,0,GSE253355,GSM8019220_H36
FAP,Megakaryocyte,bin,26,0,0,0,0,GSE253355,GSM8019220_H36
BGLAP,Megakaryocyte,bin,26,0,0,0,0,GSE253355,GSM8019220_H36
RUNX2,Megakaryocyte,bin,26,4,0.0346461933064262,4,15.3846,GSE253355,GSM8019220_H36
SP7,Megakaryocyte,bin,26,3,0.127884910071256,3,11.5385,GSE253355,GSM8019220_H36
ACTA2,Megakaryocyte,bin,26,2,0.0855023969509506,2,7.6923,GSE253355,GSM8019220_H36
TAGLN,Megakaryocyte,bin,26,3,0.0322994975630939,3,11.5385,GSE253355,GSM8019220_H36
RGS5,Megakaryocyte,bin,26,1,0.0116376486843222,2,3.8462,GSE253355,GSM8019220_H36
MYH11,Megakaryocyte,bin,26,7,0.072080640788705,10,26.9231,GSE253355,GSM8019220_H36
CDH5,Megakaryocyte,bin,26,0,0,0,0,GSE253355,GSM8019220_H36
PECAM1,Megakaryocyte,bin,26,15,0.332053767856063,48,57.6923,GSE253355,GSM8019220_H36
EMCN,Megakaryocyte,bin,26,1,0.0292767890680999,2,3.8462,GSE253355,GSM8019220_H36
HIF1A,Megakaryocyte,bin,26,17,0.630883940764667,89,65.3846,GSE253355,GSM8019220_H36
EPAS1,Megakaryocyte,bin,26,5,0.0670734116304407,7,19.2308,GSE253355,GSM8019220_H36
CA9,Megakaryocyte,bin,26,1,0.00625731872506111,1,3.8462,GSE253355,GSM8019220_H36
LDHA,Megakaryocyte,bin,26,23,1.67713215096038,374,88.4615,GSE253355,GSM8019220_H36
SLC2A1,Megakaryocyte,bin,26,7,0.124037835035752,15,26.9231,GSE253355,GSM8019220_H36
PGK1,Megakaryocyte,bin,26,22,1.19485619234078,173,84.6154,GSE253355,GSM8019220_H36
ADM,Megakaryocyte,bin,26,0,0,0,0,GSE253355,GSM8019220_H36
BNIP3,Megakaryocyte,bin,26,8,0.136678419644941,17,30.7692,GSE253355,GSM8019220_H36
NDRG1,Megakaryocyte,bin,26,1,0.00810389728696169,2,3.8462,GSE253355,GSM8019220_H36
SNAI1,Megakaryocyte,bin,26,0,0,0,0,GSE253355,GSM8019220_H36
SNAI2,Megakaryocyte,bin,26,0,0,0,0,GSE253355,GSM8019220_H36
TWIST1,Megakaryocyte,bin,26,0,0,0,0,GSE253355,GSM8019220_H36
ZEB1,Megakaryocyte,bin,26,6,0.101579058278071,13,23.0769,GSE253355,GSM8019220_H36
ZEB2,Megakaryocyte,bin,26,18,1.20848799058236,515,69.2308,GSE253355,GSM8019220_H36
VIM,Megakaryocyte,bin,26,17,0.841676892771203,162,65.3846,GSE253355,GSM8019220_H36
CDH2,Megakaryocyte,bin,26,1,0.0159425650645752,2,3.8462,GSE253355,GSM8019220_H36
NECTIN4,Megakaryocyte,bin,26,0,0,0,0,GSE253355,GSM8019220_H36
NECTIN1,Megakaryocyte,bin,26,6,0.061160597752422,11,23.0769,GSE253355,GSM8019220_H36
NECTIN2,Megakaryocyte,bin,26,16,0.481465365401503,64,61.5385,GSE253355,GSM8019220_H36
NECTIN3,Megakaryocyte,bin,26,0,0,0,0,GSE253355,GSM8019220_H36
PVR,Megakaryocyte,bin,26,0,0,0,0,GSE253355,GSM8019220_H36
TIGIT,Megakaryocyte,bin,26,0,0,0,0,GSE253355,GSM8019220_H36
CD226,Megakaryocyte,bin,26,3,0.121133900989205,7,11.5385,GSE253355,GSM8019220_H36
CD96,Megakaryocyte,bin,26,0,0,0,0,GSE253355,GSM8019220_H36
C1QA,Megakaryocyte,bin,26,0,0,0,0,GSE253355,GSM8019220_H36
C1QB,Megakaryocyte,bin,26,0,0,0,0,GSE253355,GSM8019220_H36
C1QC,Megakaryocyte,bin,26,0,0,0,0,GSE253355,GSM8019220_H36
CD163,Megakaryocyte,bin,26,0,0,0,0,GSE253355,GSM8019220_H36
MRC1,Megakaryocyte,bin,26,0,0,0,0,GSE253355,GSM8019220_H36
VSIG4,Megakaryocyte,bin,26,0,0,0,0,GSE253355,GSM8019220_H36
SELENOP,Megakaryocyte,bin,26,6,0.0897438427452715,11,23.0769,GSE253355,GSM8019220_H36
STAB1,Megakaryocyte,bin,26,0,0,0,0,GSE253355,GSM8019220_H36
LYVE1,Megakaryocyte,bin,26,0,0,0,0,GSE253355,GSM8019220_H36
MAF,Megakaryocyte,bin,26,1,0.0189169599684124,1,3.8462,GSE253355,GSM8019220_H36
FCN1,Megakaryocyte,bin,26,0,0,0,0,GSE253355,GSM8019220_H36
S100A12,Megakaryocyte,bin,26,0,0,0,0,GSE253355,GSM8019220_H36
SELL,Megakaryocyte,bin,26,3,0.0299529736118745,3,11.5385,GSE253355,GSM8019220_H36
CSF3R,Megakaryocyte,bin,26,1,0.00426499273380227,1,3.8462,GSE253355,GSM8019220_H36
PLAC8,Megakaryocyte,bin,26,8,0.10975049505656,13,30.7692,GSE253355,GSM8019220_H36
CTGF,Megakaryocyte,bin,26,0,0,0,0,GSE253355,GSM8019220_H36
CYR61,Megakaryocyte,bin,26,1,0.00547992040901259,1,3.8462,GSE253355,GSM8019220_H36
CCN2,all,sample,8097,,,,,GSE253355,GSM8019220_H36
CCN1,all,sample,8097,,,,,GSE253355,GSM8019220_H36
IL8,all,sample,8097,,,,,GSE253355,GSM8019220_H36
CXCL4,all,sample,8097,,,,,GSE253355,GSM8019220_H36
CXCL7,all,sample,8097,,,,,GSE253355,GSM8019220_H36
CD41,all,sample,8097,,,,,GSE253355,GSM8019220_H36
SCF,all,sample,8097,,,,,GSE253355,GSM8019220_H36
CD271,all,sample,8097,,,,,GSE253355,GSM8019220_H36
OSX,all,sample,8097,,,,,GSE253355,GSM8019220_H36
CD31,all,sample,8097,,,,,GSE253355,GSM8019220_H36
HIF2A,all,sample,8097,,,,,GSE253355,GSM8019220_H36
GLUT1,all,sample,8097,,,,,GSE253355,GSM8019220_H36
PVRL4,all,sample,8097,,,,,GSE253355,GSM8019220_H36
PVRL1,all,sample,8097,,,,,GSE253355,GSM8019220_H36
PVRL2,all,sample,8097,,,,,GSE253355,GSM8019220_H36
PVRL3,all,sample,8097,,,,,GSE253355,GSM8019220_H36
CD155,all,sample,8097,,,,,GSE253355,GSM8019220_H36
DNAM1,all,sample,8097,,,,,GSE253355,GSM8019220_H36
CD206,all,sample,8097,,,,,GSE253355,GSM8019220_H36
SEPP1,all,sample,8097,,,,,GSE253355,GSM8019220_H36
CD62L,all,sample,8097,,,,,GSE253355,GSM8019220_H36
