gene,stratum,level,n_cells,n_nonzero,mean_lognorm,sum_counts,pct_nonzero,dataset,sample
COL1A1,all,sample,4590,4,0.00171027629369827,10,0.0871,GSE289435,GSM8791437_MLL_28824
COL1A2,all,sample,4590,2,0.00085655510033681,6,0.0436,GSE289435,GSM8791437_MLL_28824
COL3A1,all,sample,4590,2,0.000941614961521791,2,0.0436,GSE289435,GSM8791437_MLL_28824
COL4A1,all,sample,4590,1,0.000247236184446234,1,0.0218,GSE289435,GSM8791437_MLL_28824
COL5A1,all,sample,4590,3,0.000762579646477121,3,0.0654,GSE289435,GSM8791437_MLL_28824
COL5A2,all,sample,4590,0,0,0,0,GSE289435,GSM8791437_MLL_28824
COL6A1,all,sample,4590,29,0.00740972967223571,31,0.6318,GSE289435,GSM8791437_MLL_28824
COL6A2,all,sample,4590,24,0.00941607854210474,35,0.5229,GSE289435,GSM8791437_MLL_28824
COL6A3,all,sample,4590,339,0.0715259048631287,356,7.3856,GSE289435,GSM8791437_MLL_28824
COL11A1,all,sample,4590,1,0.000250079910201002,1,0.0218,GSE289435,GSM8791437_MLL_28824
FN1,all,sample,4590,2,0.000554047268341294,2,0.0436,GSE289435,GSM8791437_MLL_28824
LUM,all,sample,4590,2,0.000754061297742695,4,0.0436,GSE289435,GSM8791437_MLL_28824
DCN,all,sample,4590,2,0.00137424959991376,18,0.0436,GSE289435,GSM8791437_MLL_28824
POSTN,all,sample,4590,0,0,0,0,GSE289435,GSM8791437_MLL_28824
SPARC,all,sample,4590,1099,0.245344854877225,1678,23.9434,GSE289435,GSM8791437_MLL_28824
BGN,all,sample,4590,2,0.000554047268341294,2,0.0436,GSE289435,GSM8791437_MLL_28824
VCAN,all,sample,4590,15,0.00552343346733736,40,0.3268,GSE289435,GSM8791437_MLL_28824
ELN,all,sample,4590,34,0.00609445326763362,35,0.7407,GSE289435,GSM8791437_MLL_28824
FBN1,all,sample,4590,8,0.00175805477740689,10,0.1743,GSE289435,GSM8791437_MLL_28824
MGP,all,sample,4590,3,0.00142431771851273,24,0.0654,GSE289435,GSM8791437_MLL_28824
OGN,all,sample,4590,2,0.000309304436923419,2,0.0436,GSE289435,GSM8791437_MLL_28824
ASPN,all,sample,4590,0,0,0,0,GSE289435,GSM8791437_MLL_28824
TNC,all,sample,4590,1,0.000750648509679866,10,0.0218,GSE289435,GSM8791437_MLL_28824
LTBP1,all,sample,4590,108,0.0321216797337544,350,2.3529,GSE289435,GSM8791437_MLL_28824
LTBP2,all,sample,4590,4,0.000962839798243372,4,0.0871,GSE289435,GSM8791437_MLL_28824
LOX,all,sample,4590,5,0.0010540208945942,7,0.1089,GSE289435,GSM8791437_MLL_28824
LOXL1,all,sample,4590,20,0.00486282837295832,22,0.4357,GSE289435,GSM8791437_MLL_28824
LOXL2,all,sample,4590,3,0.000576525615284737,3,0.0654,GSE289435,GSM8791437_MLL_28824
PLOD1,all,sample,4590,242,0.0476010916727436,262,5.2723,GSE289435,GSM8791437_MLL_28824
PLOD2,all,sample,4590,0,0,0,0,GSE289435,GSM8791437_MLL_28824
SERPINH1,all,sample,4590,207,0.0381984603918168,225,4.5098,GSE289435,GSM8791437_MLL_28824
SERPINE1,all,sample,4590,14,0.00349003904257691,20,0.305,GSE289435,GSM8791437_MLL_28824
TIMP1,all,sample,4590,2036,0.540011676998542,3741,44.3573,GSE289435,GSM8791437_MLL_28824
TIMP2,all,sample,4590,152,0.0299685335644444,158,3.3115,GSE289435,GSM8791437_MLL_28824
TIMP3,all,sample,4590,26,0.00506804093282257,37,0.5664,GSE289435,GSM8791437_MLL_28824
MMP2,all,sample,4590,698,0.146700012013674,819,15.207,GSE289435,GSM8791437_MLL_28824
MMP9,all,sample,4590,4,0.0016203569761043,7,0.0871,GSE289435,GSM8791437_MLL_28824
MMP14,all,sample,4590,12,0.00228245937724718,12,0.2614,GSE289435,GSM8791437_MLL_28824
CTSK,all,sample,4590,16,0.00365603794684454,16,0.3486,GSE289435,GSM8791437_MLL_28824
ADAMTS1,all,sample,4590,27,0.00493371663394748,27,0.5882,GSE289435,GSM8791437_MLL_28824
TGFB1,all,sample,4590,1767,0.457643862853422,2751,38.4967,GSE289435,GSM8791437_MLL_28824
TGFB2,all,sample,4590,5,0.00161708664818304,7,0.1089,GSE289435,GSM8791437_MLL_28824
TGFB3,all,sample,4590,12,0.0025951433834696,13,0.2614,GSE289435,GSM8791437_MLL_28824
TGFBR1,all,sample,4590,184,0.0379183492460629,188,4.0087,GSE289435,GSM8791437_MLL_28824
TGFBR2,all,sample,4590,857,0.254933322661822,1039,18.671,GSE289435,GSM8791437_MLL_28824
PDGFA,all,sample,4590,19,0.00361116337363102,25,0.4139,GSE289435,GSM8791437_MLL_28824
PDGFB,all,sample,4590,2,0.000722322179608838,2,0.0436,GSE289435,GSM8791437_MLL_28824
PDGFRA,all,sample,4590,3,0.000797914018763784,3,0.0654,GSE289435,GSM8791437_MLL_28824
PDGFRB,all,sample,4590,128,0.0253783892641468,137,2.7887,GSE289435,GSM8791437_MLL_28824
CCN2,all,sample,4590,3,0.00165816161061537,12,0.0654,GSE289435,GSM8791437_MLL_28824
CCN1,all,sample,4590,8,0.00110229098782408,8,0.1743,GSE289435,GSM8791437_MLL_28824
IGF1,all,sample,4590,5,0.00143437758090483,10,0.1089,GSE289435,GSM8791437_MLL_28824
IGF2,all,sample,4590,2,0.000590897359606386,2,0.0436,GSE289435,GSM8791437_MLL_28824
VEGFA,all,sample,4590,110,0.0224414898075184,117,2.3965,GSE289435,GSM8791437_MLL_28824
FGF2,all,sample,4590,0,0,0,0,GSE289435,GSM8791437_MLL_28824
HGF,all,sample,4590,148,0.032318075060868,159,3.2244,GSE289435,GSM8791437_MLL_28824
OSM,all,sample,4590,577,0.120983781922766,687,12.5708,GSE289435,GSM8791437_MLL_28824
OSMR,all,sample,4590,1,0.000250079910201002,1,0.0218,GSE289435,GSM8791437_MLL_28824
IL11,all,sample,4590,1,0.000349459695902551,1,0.0218,GSE289435,GSM8791437_MLL_28824
SPP1,all,sample,4590,13,0.00319079023101533,18,0.2832,GSE289435,GSM8791437_MLL_28824
IL1B,all,sample,4590,1234,0.292426541573642,2032,26.8845,GSE289435,GSM8791437_MLL_28824
IL6,all,sample,4590,2,0.000751615840927281,2,0.0436,GSE289435,GSM8791437_MLL_28824
TNF,all,sample,4590,100,0.0445480860417538,173,2.1786,GSE289435,GSM8791437_MLL_28824
CXCL8,all,sample,4590,1374,0.449768614197741,4340,29.9346,GSE289435,GSM8791437_MLL_28824
IL10,all,sample,4590,8,0.00310703674912562,10,0.1743,GSE289435,GSM8791437_MLL_28824
IFNG,all,sample,4590,51,0.0222998602854823,93,1.1111,GSE289435,GSM8791437_MLL_28824
CCL2,all,sample,4590,2,0.00109936680101522,9,0.0436,GSE289435,GSM8791437_MLL_28824
CCL3,all,sample,4590,123,0.0467458143245986,245,2.6797,GSE289435,GSM8791437_MLL_28824
CCL4,all,sample,4590,157,0.0711047172861336,346,3.4205,GSE289435,GSM8791437_MLL_28824
CXCL1,all,sample,4590,75,0.0159309382154194,98,1.634,GSE289435,GSM8791437_MLL_28824
CXCL2,all,sample,4590,1503,0.430429542893007,3797,32.7451,GSE289435,GSM8791437_MLL_28824
IL18,all,sample,4590,1266,0.285098693088094,1794,27.5817,GSE289435,GSM8791437_MLL_28824
NLRP3,all,sample,4590,70,0.0155950314675656,72,1.5251,GSE289435,GSM8791437_MLL_28824
S100A8,all,sample,4590,22,0.0165974150389644,491,0.4793,GSE289435,GSM8791437_MLL_28824
S100A9,all,sample,4590,21,0.0150791272783099,446,0.4575,GSE289435,GSM8791437_MLL_28824
PF4,all,sample,4590,117,0.047867875437677,1440,2.549,GSE289435,GSM8791437_MLL_28824
PPBP,all,sample,4590,258,0.0880861440668021,4416,5.6209,GSE289435,GSM8791437_MLL_28824
VWF,all,sample,4590,17,0.0036692707061544,30,0.3704,GSE289435,GSM8791437_MLL_28824
ITGA2B,all,sample,4590,255,0.0695683699453543,924,5.5556,GSE289435,GSM8791437_MLL_28824
GP9,all,sample,4590,42,0.0167952114391628,398,0.915,GSE289435,GSM8791437_MLL_28824
NFE2,all,sample,4590,1284,0.294941834445815,1825,27.9739,GSE289435,GSM8791437_MLL_28824
GATA1,all,sample,4590,266,0.0738170852099273,713,5.7952,GSE289435,GSM8791437_MLL_28824
MPL,all,sample,4590,190,0.0355256295551972,208,4.1394,GSE289435,GSM8791437_MLL_28824
CALR,all,sample,4590,3937,1.81339467484818,22055,85.7734,GSE289435,GSM8791437_MLL_28824
JAK2,all,sample,4590,348,0.0785769367705543,383,7.5817,GSE289435,GSM8791437_MLL_28824
LEPR,all,sample,4590,26,0.00493439709640457,27,0.5664,GSE289435,GSM8791437_MLL_28824
CXCL12,all,sample,4590,41,0.0151865685694312,445,0.8932,GSE289435,GSM8791437_MLL_28824
KITLG,all,sample,4590,2,0.000325467484647014,2,0.0436,GSE289435,GSM8791437_MLL_28824
ANGPT1,all,sample,4590,201,0.0440633912660412,304,4.3791,GSE289435,GSM8791437_MLL_28824
VCAM1,all,sample,4590,20,0.00935052273412221,42,0.4357,GSE289435,GSM8791437_MLL_28824
NES,all,sample,4590,1,5.05347797387121e-05,1,0.0218,GSE289435,GSM8791437_MLL_28824
NGFR,all,sample,4590,3,0.000769175698534967,3,0.0654,GSE289435,GSM8791437_MLL_28824
SFRP2,all,sample,4590,0,0,0,0,GSE289435,GSM8791437_MLL_28824
SFRP4,all,sample,4590,35,0.00661833589954164,37,0.7625,GSE289435,GSM8791437_MLL_28824
GREM1,all,sample,4590,1,0.000411511244891259,1,0.0218,GSE289435,GSM8791437_MLL_28824
FAP,all,sample,4590,0,0,0,0,GSE289435,GSM8791437_MLL_28824
BGLAP,all,sample,4590,13,0.00243626346020516,13,0.2832,GSE289435,GSM8791437_MLL_28824
RUNX2,all,sample,4590,550,0.122817150697691,606,11.9826,GSE289435,GSM8791437_MLL_28824
SP7,all,sample,4590,0,0,0,0,GSE289435,GSM8791437_MLL_28824
ACTA2,all,sample,4590,292,0.0573944373582659,316,6.3617,GSE289435,GSM8791437_MLL_28824
TAGLN,all,sample,4590,20,0.00453990742052785,48,0.4357,GSE289435,GSM8791437_MLL_28824
RGS5,all,sample,4590,5,0.000963693677509914,5,0.1089,GSE289435,GSM8791437_MLL_28824
MYH11,all,sample,4590,5,0.0008895796607619,6,0.1089,GSE289435,GSM8791437_MLL_28824
CDH5,all,sample,4590,2,0.000122421910056818,2,0.0436,GSE289435,GSM8791437_MLL_28824
PECAM1,all,sample,4590,331,0.0717964003088013,450,7.2113,GSE289435,GSM8791437_MLL_28824
EMCN,all,sample,4590,14,0.00268503632891197,18,0.305,GSE289435,GSM8791437_MLL_28824
HIF1A,all,sample,4590,1969,0.538103224703907,2863,42.8976,GSE289435,GSM8791437_MLL_28824
EPAS1,all,sample,4590,9,0.00347002615262514,13,0.1961,GSE289435,GSM8791437_MLL_28824
CA9,all,sample,4590,2,0.000307262564649915,2,0.0436,GSE289435,GSM8791437_MLL_28824
LDHA,all,sample,4590,3180,1.09626301306002,9430,69.281,GSE289435,GSM8791437_MLL_28824
SLC2A1,all,sample,4590,311,0.0724217142008874,360,6.7756,GSE289435,GSM8791437_MLL_28824
PGK1,all,sample,4590,2913,0.897121354701442,6395,63.4641,GSE289435,GSM8791437_MLL_28824
ADM,all,sample,4590,49,0.0109166070216861,55,1.0675,GSE289435,GSM8791437_MLL_28824
BNIP3,all,sample,4590,371,0.0765640831539657,428,8.0828,GSE289435,GSM8791437_MLL_28824
NDRG1,all,sample,4590,260,0.0614227844263745,276,5.6645,GSE289435,GSM8791437_MLL_28824
SNAI1,all,sample,4590,90,0.0168853719525226,94,1.9608,GSE289435,GSM8791437_MLL_28824
SNAI2,all,sample,4590,1,0.000536922788209137,5,0.0218,GSE289435,GSM8791437_MLL_28824
TWIST1,all,sample,4590,1,5.24640472050658e-05,1,0.0218,GSE289435,GSM8791437_MLL_28824
ZEB1,all,sample,4590,215,0.0607888141025039,232,4.6841,GSE289435,GSM8791437_MLL_28824
ZEB2,all,sample,4590,1761,0.47170089701959,2748,38.366,GSE289435,GSM8791437_MLL_28824
VIM,all,sample,4590,3684,1.7068128231524,21209,80.2614,GSE289435,GSM8791437_MLL_28824
CDH2,all,sample,4590,0,0,0,0,GSE289435,GSM8791437_MLL_28824
NECTIN4,all,sample,4590,0,0,0,0,GSE289435,GSM8791437_MLL_28824
NECTIN1,all,sample,4590,218,0.0425780680262377,229,4.7495,GSE289435,GSM8791437_MLL_28824
NECTIN2,all,sample,4590,769,0.159131302750073,910,16.7538,GSE289435,GSM8791437_MLL_28824
NECTIN3,all,sample,4590,5,0.00202062906987825,5,0.1089,GSE289435,GSM8791437_MLL_28824
PVR,all,sample,4590,109,0.0209363145564163,110,2.3747,GSE289435,GSM8791437_MLL_28824
TIGIT,all,sample,4590,38,0.015090262552272,40,0.8279,GSE289435,GSM8791437_MLL_28824
CD226,all,sample,4590,36,0.0118561466589409,46,0.7843,GSE289435,GSM8791437_MLL_28824
CD96,all,sample,4590,259,0.0984781706592153,307,5.6427,GSE289435,GSM8791437_MLL_28824
C1QA,all,sample,4590,0,0,0,0,GSE289435,GSM8791437_MLL_28824
C1QB,all,sample,4590,1,0.000392739802067946,1,0.0218,GSE289435,GSM8791437_MLL_28824
C1QC,all,sample,4590,0,0,0,0,GSE289435,GSM8791437_MLL_28824
CD163,all,sample,4590,2,0.000419750434684379,2,0.0436,GSE289435,GSM8791437_MLL_28824
MRC1,all,sample,4590,0,0,0,0,GSE289435,GSM8791437_MLL_28824
VSIG4,all,sample,4590,3,0.000480419317656834,3,0.0654,GSE289435,GSM8791437_MLL_28824
SELENOP,all,sample,4590,1264,0.283649106236653,1687,27.5381,GSE289435,GSM8791437_MLL_28824
STAB1,all,sample,4590,650,0.140375910821217,804,14.1612,GSE289435,GSM8791437_MLL_28824
LYVE1,all,sample,4590,0,0,0,0,GSE289435,GSM8791437_MLL_28824
MAF,all,sample,4590,43,0.0160486252947477,45,0.9368,GSE289435,GSM8791437_MLL_28824
FCN1,all,sample,4590,82,0.0201807284873121,114,1.7865,GSE289435,GSM8791437_MLL_28824
S100A12,all,sample,4590,9,0.00287300564833412,14,0.1961,GSE289435,GSM8791437_MLL_28824
SELL,all,sample,4590,1059,0.260526537544795,1457,23.0719,GSE289435,GSM8791437_MLL_28824
CSF3R,all,sample,4590,2605,0.841672509680789,6822,56.7538,GSE289435,GSM8791437_MLL_28824
PLAC8,all,sample,4590,2145,0.575649170120274,3713,46.732,GSE289435,GSM8791437_MLL_28824
COL1A1,unassigned,bin,282,0,0,0,0,GSE289435,GSM8791437_MLL_28824
COL1A2,unassigned,bin,282,0,0,0,0,GSE289435,GSM8791437_MLL_28824
COL3A1,unassigned,bin,282,0,0,0,0,GSE289435,GSM8791437_MLL_28824
COL4A1,unassigned,bin,282,0,0,0,0,GSE289435,GSM8791437_MLL_28824
COL5A1,unassigned,bin,282,0,0,0,0,GSE289435,GSM8791437_MLL_28824
COL5A2,unassigned,bin,282,0,0,0,0,GSE289435,GSM8791437_MLL_28824
COL6A1,unassigned,bin,282,3,0.0165528844018152,4,1.0638,GSE289435,GSM8791437_MLL_28824
COL6A2,unassigned,bin,282,1,0.0048413349869125,2,0.3546,GSE289435,GSM8791437_MLL_28824
COL6A3,unassigned,bin,282,20,0.0922776134116785,20,7.0922,GSE289435,GSM8791437_MLL_28824
COL11A1,unassigned,bin,282,0,0,0,0,GSE289435,GSM8791437_MLL_28824
FN1,unassigned,bin,282,0,0,0,0,GSE289435,GSM8791437_MLL_28824
LUM,unassigned,bin,282,0,0,0,0,GSE289435,GSM8791437_MLL_28824
DCN,unassigned,bin,282,0,0,0,0,GSE289435,GSM8791437_MLL_28824
POSTN,unassigned,bin,282,0,0,0,0,GSE289435,GSM8791437_MLL_28824
SPARC,unassigned,bin,282,26,0.119456886747648,37,9.2199,GSE289435,GSM8791437_MLL_28824
BGN,unassigned,bin,282,0,0,0,0,GSE289435,GSM8791437_MLL_28824
VCAN,unassigned,bin,282,0,0,0,0,GSE289435,GSM8791437_MLL_28824
ELN,unassigned,bin,282,1,0.00259431986134335,1,0.3546,GSE289435,GSM8791437_MLL_28824
FBN1,unassigned,bin,282,0,0,0,0,GSE289435,GSM8791437_MLL_28824
MGP,unassigned,bin,282,0,0,0,0,GSE289435,GSM8791437_MLL_28824
OGN,unassigned,bin,282,0,0,0,0,GSE289435,GSM8791437_MLL_28824
ASPN,unassigned,bin,282,0,0,0,0,GSE289435,GSM8791437_MLL_28824
TNC,unassigned,bin,282,0,0,0,0,GSE289435,GSM8791437_MLL_28824
LTBP1,unassigned,bin,282,17,0.11324911268604,32,6.0284,GSE289435,GSM8791437_MLL_28824
LTBP2,unassigned,bin,282,0,0,0,0,GSE289435,GSM8791437_MLL_28824
LOX,unassigned,bin,282,0,0,0,0,GSE289435,GSM8791437_MLL_28824
LOXL1,unassigned,bin,282,0,0,0,0,GSE289435,GSM8791437_MLL_28824
LOXL2,unassigned,bin,282,0,0,0,0,GSE289435,GSM8791437_MLL_28824
PLOD1,unassigned,bin,282,18,0.0646917910531093,18,6.383,GSE289435,GSM8791437_MLL_28824
PLOD2,unassigned,bin,282,0,0,0,0,GSE289435,GSM8791437_MLL_28824
SERPINH1,unassigned,bin,282,9,0.0337310950439407,9,3.1915,GSE289435,GSM8791437_MLL_28824
SERPINE1,unassigned,bin,282,2,0.0148130023251789,3,0.7092,GSE289435,GSM8791437_MLL_28824
TIMP1,unassigned,bin,282,81,0.393342217023984,133,28.7234,GSE289435,GSM8791437_MLL_28824
TIMP2,unassigned,bin,282,9,0.0349292968974023,9,3.1915,GSE289435,GSM8791437_MLL_28824
TIMP3,unassigned,bin,282,1,0.00147114999575436,1,0.3546,GSE289435,GSM8791437_MLL_28824
MMP2,unassigned,bin,282,26,0.103762485843146,28,9.2199,GSE289435,GSM8791437_MLL_28824
MMP9,unassigned,bin,282,0,0,0,0,GSE289435,GSM8791437_MLL_28824
MMP14,unassigned,bin,282,0,0,0,0,GSE289435,GSM8791437_MLL_28824
CTSK,unassigned,bin,282,0,0,0,0,GSE289435,GSM8791437_MLL_28824
ADAMTS1,unassigned,bin,282,2,0.00939684150339868,2,0.7092,GSE289435,GSM8791437_MLL_28824
TGFB1,unassigned,bin,282,85,0.430229329927959,129,30.1418,GSE289435,GSM8791437_MLL_28824
TGFB2,unassigned,bin,282,2,0.0107355574277513,4,0.7092,GSE289435,GSM8791437_MLL_28824
TGFB3,unassigned,bin,282,0,0,0,0,GSE289435,GSM8791437_MLL_28824
TGFBR1,unassigned,bin,282,12,0.0564526004767477,13,4.2553,GSE289435,GSM8791437_MLL_28824
TGFBR2,unassigned,bin,282,60,0.36315631930576,73,21.2766,GSE289435,GSM8791437_MLL_28824
PDGFA,unassigned,bin,282,2,0.011084968490151,4,0.7092,GSE289435,GSM8791437_MLL_28824
PDGFB,unassigned,bin,282,1,0.00789950960823434,1,0.3546,GSE289435,GSM8791437_MLL_28824
PDGFRA,unassigned,bin,282,0,0,0,0,GSE289435,GSM8791437_MLL_28824
PDGFRB,unassigned,bin,282,8,0.0291908731146783,8,2.8369,GSE289435,GSM8791437_MLL_28824
CCN2,unassigned,bin,282,0,0,0,0,GSE289435,GSM8791437_MLL_28824
CCN1,unassigned,bin,282,0,0,0,0,GSE289435,GSM8791437_MLL_28824
IGF1,unassigned,bin,282,0,0,0,0,GSE289435,GSM8791437_MLL_28824
IGF2,unassigned,bin,282,0,0,0,0,GSE289435,GSM8791437_MLL_28824
VEGFA,unassigned,bin,282,4,0.0201128165326571,5,1.4184,GSE289435,GSM8791437_MLL_28824
FGF2,unassigned,bin,282,0,0,0,0,GSE289435,GSM8791437_MLL_28824
HGF,unassigned,bin,282,6,0.0407485994047707,9,2.1277,GSE289435,GSM8791437_MLL_28824
OSM,unassigned,bin,282,24,0.0929806301241267,28,8.5106,GSE289435,GSM8791437_MLL_28824
OSMR,unassigned,bin,282,0,0,0,0,GSE289435,GSM8791437_MLL_28824
IL11,unassigned,bin,282,0,0,0,0,GSE289435,GSM8791437_MLL_28824
SPP1,unassigned,bin,282,0,0,0,0,GSE289435,GSM8791437_MLL_28824
IL1B,unassigned,bin,282,59,0.249207165100369,86,20.922,GSE289435,GSM8791437_MLL_28824
IL6,unassigned,bin,282,0,0,0,0,GSE289435,GSM8791437_MLL_28824
TNF,unassigned,bin,282,1,0.00939812907955815,1,0.3546,GSE289435,GSM8791437_MLL_28824
CXCL8,unassigned,bin,282,76,0.561002400292384,307,26.9504,GSE289435,GSM8791437_MLL_28824
IL10,unassigned,bin,282,0,0,0,0,GSE289435,GSM8791437_MLL_28824
IFNG,unassigned,bin,282,3,0.0107012694112391,3,1.0638,GSE289435,GSM8791437_MLL_28824
CCL2,unassigned,bin,282,0,0,0,0,GSE289435,GSM8791437_MLL_28824
CCL3,unassigned,bin,282,10,0.0502636322535904,21,3.5461,GSE289435,GSM8791437_MLL_28824
CCL4,unassigned,bin,282,8,0.0381548295395501,15,2.8369,GSE289435,GSM8791437_MLL_28824
CXCL1,unassigned,bin,282,3,0.0201089832969927,11,1.0638,GSE289435,GSM8791437_MLL_28824
CXCL2,unassigned,bin,282,75,0.493447570892234,241,26.5957,GSE289435,GSM8791437_MLL_28824
IL18,unassigned,bin,282,45,0.175995712352253,64,15.9574,GSE289435,GSM8791437_MLL_28824
NLRP3,unassigned,bin,282,5,0.0202672359353472,5,1.773,GSE289435,GSM8791437_MLL_28824
S100A8,unassigned,bin,282,1,0.0101061497703571,1,0.3546,GSE289435,GSM8791437_MLL_28824
S100A9,unassigned,bin,282,0,0,0,0,GSE289435,GSM8791437_MLL_28824
PF4,unassigned,bin,282,13,0.0740171140089301,36,4.6099,GSE289435,GSM8791437_MLL_28824
PPBP,unassigned,bin,282,23,0.14848218134976,97,8.156,GSE289435,GSM8791437_MLL_28824
VWF,unassigned,bin,282,0,0,0,0,GSE289435,GSM8791437_MLL_28824
ITGA2B,unassigned,bin,282,20,0.106847749081214,29,7.0922,GSE289435,GSM8791437_MLL_28824
GP9,unassigned,bin,282,3,0.0224905063527689,5,1.0638,GSE289435,GSM8791437_MLL_28824
NFE2,unassigned,bin,282,55,0.255322195754324,74,19.5035,GSE289435,GSM8791437_MLL_28824
GATA1,unassigned,bin,282,28,0.151434293103493,39,9.9291,GSE289435,GSM8791437_MLL_28824
MPL,unassigned,bin,282,11,0.0500307085294044,11,3.9007,GSE289435,GSM8791437_MLL_28824
CALR,unassigned,bin,282,226,1.82558430303483,797,80.1418,GSE289435,GSM8791437_MLL_28824
JAK2,unassigned,bin,282,26,0.141148576151712,32,9.2199,GSE289435,GSM8791437_MLL_28824
LEPR,unassigned,bin,282,1,0.00609429027847382,1,0.3546,GSE289435,GSM8791437_MLL_28824
CXCL12,unassigned,bin,282,2,0.00815830266956857,2,0.7092,GSE289435,GSM8791437_MLL_28824
KITLG,unassigned,bin,282,1,0.00431851843027338,1,0.3546,GSE289435,GSM8791437_MLL_28824
ANGPT1,unassigned,bin,282,11,0.0588839057846498,13,3.9007,GSE289435,GSM8791437_MLL_28824
VCAM1,unassigned,bin,282,1,0.00485718416586049,2,0.3546,GSE289435,GSM8791437_MLL_28824
NES,unassigned,bin,282,0,0,0,0,GSE289435,GSM8791437_MLL_28824
NGFR,unassigned,bin,282,0,0,0,0,GSE289435,GSM8791437_MLL_28824
SFRP2,unassigned,bin,282,0,0,0,0,GSE289435,GSM8791437_MLL_28824
SFRP4,unassigned,bin,282,1,0.00318205197938383,1,0.3546,GSE289435,GSM8791437_MLL_28824
GREM1,unassigned,bin,282,0,0,0,0,GSE289435,GSM8791437_MLL_28824
FAP,unassigned,bin,282,0,0,0,0,GSE289435,GSM8791437_MLL_28824
BGLAP,unassigned,bin,282,2,0.00831559107861769,2,0.7092,GSE289435,GSM8791437_MLL_28824
RUNX2,unassigned,bin,282,36,0.215855881505067,40,12.766,GSE289435,GSM8791437_MLL_28824
SP7,unassigned,bin,282,0,0,0,0,GSE289435,GSM8791437_MLL_28824
ACTA2,unassigned,bin,282,8,0.0291695488903236,9,2.8369,GSE289435,GSM8791437_MLL_28824
TAGLN,unassigned,bin,282,0,0,0,0,GSE289435,GSM8791437_MLL_28824
RGS5,unassigned,bin,282,0,0,0,0,GSE289435,GSM8791437_MLL_28824
MYH11,unassigned,bin,282,1,0.0025587248380358,1,0.3546,GSE289435,GSM8791437_MLL_28824
CDH5,unassigned,bin,282,0,0,0,0,GSE289435,GSM8791437_MLL_28824
PECAM1,unassigned,bin,282,18,0.0807349966483707,22,6.383,GSE289435,GSM8791437_MLL_28824
EMCN,unassigned,bin,282,1,0.00492740444851438,1,0.3546,GSE289435,GSM8791437_MLL_28824
HIF1A,unassigned,bin,282,117,0.710127374606874,167,41.4894,GSE289435,GSM8791437_MLL_28824
EPAS1,unassigned,bin,282,0,0,0,0,GSE289435,GSM8791437_MLL_28824
CA9,unassigned,bin,282,0,0,0,0,GSE289435,GSM8791437_MLL_28824
LDHA,unassigned,bin,282,114,0.62489809346239,261,40.4255,GSE289435,GSM8791437_MLL_28824
SLC2A1,unassigned,bin,282,14,0.0740150325943342,18,4.9645,GSE289435,GSM8791437_MLL_28824
PGK1,unassigned,bin,282,119,0.673718911994274,237,42.1986,GSE289435,GSM8791437_MLL_28824
ADM,unassigned,bin,282,3,0.0128331692501496,3,1.0638,GSE289435,GSM8791437_MLL_28824
BNIP3,unassigned,bin,282,22,0.0737003194152029,23,7.8014,GSE289435,GSM8791437_MLL_28824
NDRG1,unassigned,bin,282,17,0.0923689585084185,20,6.0284,GSE289435,GSM8791437_MLL_28824
SNAI1,unassigned,bin,282,2,0.0058236833439336,2,0.7092,GSE289435,GSM8791437_MLL_28824
SNAI2,unassigned,bin,282,0,0,0,0,GSE289435,GSM8791437_MLL_28824
TWIST1,unassigned,bin,282,0,0,0,0,GSE289435,GSM8791437_MLL_28824
ZEB1,unassigned,bin,282,11,0.0474410196049648,12,3.9007,GSE289435,GSM8791437_MLL_28824
ZEB2,unassigned,bin,282,109,0.73408777825901,191,38.6525,GSE289435,GSM8791437_MLL_28824
VIM,unassigned,bin,282,172,1.38665044271608,920,60.9929,GSE289435,GSM8791437_MLL_28824
CDH2,unassigned,bin,282,0,0,0,0,GSE289435,GSM8791437_MLL_28824
NECTIN4,unassigned,bin,282,0,0,0,0,GSE289435,GSM8791437_MLL_28824
NECTIN1,unassigned,bin,282,12,0.0457514175779556,12,4.2553,GSE289435,GSM8791437_MLL_28824
NECTIN2,unassigned,bin,282,34,0.138764194056229,37,12.0567,GSE289435,GSM8791437_MLL_28824
NECTIN3,unassigned,bin,282,0,0,0,0,GSE289435,GSM8791437_MLL_28824
PVR,unassigned,bin,282,3,0.0141588970275909,3,1.0638,GSE289435,GSM8791437_MLL_28824
TIGIT,unassigned,bin,282,2,0.0109647086343955,2,0.7092,GSE289435,GSM8791437_MLL_28824
CD226,unassigned,bin,282,1,0.00910967306773992,4,0.3546,GSE289435,GSM8791437_MLL_28824
CD96,unassigned,bin,282,11,0.0555050415016942,14,3.9007,GSE289435,GSM8791437_MLL_28824
C1QA,unassigned,bin,282,0,0,0,0,GSE289435,GSM8791437_MLL_28824
C1QB,unassigned,bin,282,0,0,0,0,GSE289435,GSM8791437_MLL_28824
C1QC,unassigned,bin,282,0,0,0,0,GSE289435,GSM8791437_MLL_28824
CD163,unassigned,bin,282,0,0,0,0,GSE289435,GSM8791437_MLL_28824
MRC1,unassigned,bin,282,0,0,0,0,GSE289435,GSM8791437_MLL_28824
VSIG4,unassigned,bin,282,0,0,0,0,GSE289435,GSM8791437_MLL_28824
SELENOP,unassigned,bin,282,61,0.276016955790267,72,21.6312,GSE289435,GSM8791437_MLL_28824
STAB1,unassigned,bin,282,24,0.119454454345403,31,8.5106,GSE289435,GSM8791437_MLL_28824
LYVE1,unassigned,bin,282,0,0,0,0,GSE289435,GSM8791437_MLL_28824
MAF,unassigned,bin,282,3,0.0112926205479827,4,1.0638,GSE289435,GSM8791437_MLL_28824
FCN1,unassigned,bin,282,3,0.0123498517979139,3,1.0638,GSE289435,GSM8791437_MLL_28824
S100A12,unassigned,bin,282,0,0,0,0,GSE289435,GSM8791437_MLL_28824
SELL,unassigned,bin,282,32,0.146180675096383,40,11.3475,GSE289435,GSM8791437_MLL_28824
CSF3R,unassigned,bin,282,136,0.954162644051975,314,48.227,GSE289435,GSM8791437_MLL_28824
PLAC8,unassigned,bin,282,78,0.423861997255617,119,27.6596,GSE289435,GSM8791437_MLL_28824
COL1A1,LMPP_GMP,bin,2819,0,0,0,0,GSE289435,GSM8791437_MLL_28824
COL1A2,LMPP_GMP,bin,2819,0,0,0,0,GSE289435,GSM8791437_MLL_28824
COL3A1,LMPP_GMP,bin,2819,0,0,0,0,GSE289435,GSM8791437_MLL_28824
COL4A1,LMPP_GMP,bin,2819,1,0.000402559094220721,1,0.0355,GSE289435,GSM8791437_MLL_28824
COL5A1,LMPP_GMP,bin,2819,2,0.000746729479768019,2,0.0709,GSE289435,GSM8791437_MLL_28824
COL5A2,LMPP_GMP,bin,2819,0,0,0,0,GSE289435,GSM8791437_MLL_28824
COL6A1,LMPP_GMP,bin,2819,19,0.00604628432314458,19,0.674,GSE289435,GSM8791437_MLL_28824
COL6A2,LMPP_GMP,bin,2819,3,0.000879615801075477,3,0.1064,GSE289435,GSM8791437_MLL_28824
COL6A3,LMPP_GMP,bin,2819,244,0.0772584608896078,258,8.6556,GSE289435,GSM8791437_MLL_28824
COL11A1,LMPP_GMP,bin,2819,0,0,0,0,GSE289435,GSM8791437_MLL_28824
FN1,LMPP_GMP,bin,2819,0,0,0,0,GSE289435,GSM8791437_MLL_28824
LUM,LMPP_GMP,bin,2819,0,0,0,0,GSE289435,GSM8791437_MLL_28824
DCN,LMPP_GMP,bin,2819,0,0,0,0,GSE289435,GSM8791437_MLL_28824
POSTN,LMPP_GMP,bin,2819,0,0,0,0,GSE289435,GSM8791437_MLL_28824
SPARC,LMPP_GMP,bin,2819,979,0.350723949284234,1421,34.7286,GSE289435,GSM8791437_MLL_28824
BGN,LMPP_GMP,bin,2819,0,0,0,0,GSE289435,GSM8791437_MLL_28824
VCAN,LMPP_GMP,bin,2819,2,0.000522927436056013,2,0.0709,GSE289435,GSM8791437_MLL_28824
ELN,LMPP_GMP,bin,2819,26,0.00721825643143979,26,0.9223,GSE289435,GSM8791437_MLL_28824
FBN1,LMPP_GMP,bin,2819,3,0.000785204929711485,3,0.1064,GSE289435,GSM8791437_MLL_28824
MGP,LMPP_GMP,bin,2819,0,0,0,0,GSE289435,GSM8791437_MLL_28824
OGN,LMPP_GMP,bin,2819,2,0.000503620917161579,2,0.0709,GSE289435,GSM8791437_MLL_28824
ASPN,LMPP_GMP,bin,2819,0,0,0,0,GSE289435,GSM8791437_MLL_28824
TNC,LMPP_GMP,bin,2819,0,0,0,0,GSE289435,GSM8791437_MLL_28824
LTBP1,LMPP_GMP,bin,2819,25,0.00906231004102852,30,0.8868,GSE289435,GSM8791437_MLL_28824
LTBP2,LMPP_GMP,bin,2819,2,0.000665611107573798,2,0.0709,GSE289435,GSM8791437_MLL_28824
LOX,LMPP_GMP,bin,2819,0,0,0,0,GSE289435,GSM8791437_MLL_28824
LOXL1,LMPP_GMP,bin,2819,13,0.0038769802864035,13,0.4612,GSE289435,GSM8791437_MLL_28824
LOXL2,LMPP_GMP,bin,2819,3,0.000938720317189408,3,0.1064,GSE289435,GSM8791437_MLL_28824
PLOD1,LMPP_GMP,bin,2819,183,0.0577519292869037,197,6.4917,GSE289435,GSM8791437_MLL_28824
PLOD2,LMPP_GMP,bin,2819,0,0,0,0,GSE289435,GSM8791437_MLL_28824
SERPINH1,LMPP_GMP,bin,2819,148,0.0447195531012337,153,5.2501,GSE289435,GSM8791437_MLL_28824
SERPINE1,LMPP_GMP,bin,2819,11,0.00350614801267394,14,0.3902,GSE289435,GSM8791437_MLL_28824
TIMP1,LMPP_GMP,bin,2819,1608,0.664213042994153,2738,57.0415,GSE289435,GSM8791437_MLL_28824
TIMP2,LMPP_GMP,bin,2819,120,0.0371613643650173,125,4.2568,GSE289435,GSM8791437_MLL_28824
TIMP3,LMPP_GMP,bin,2819,1,0.000295862190034759,1,0.0355,GSE289435,GSM8791437_MLL_28824
MMP2,LMPP_GMP,bin,2819,637,0.215343155395357,750,22.5967,GSE289435,GSM8791437_MLL_28824
MMP9,LMPP_GMP,bin,2819,1,0.000647167364132291,2,0.0355,GSE289435,GSM8791437_MLL_28824
MMP14,LMPP_GMP,bin,2819,4,0.00126931606107702,4,0.1419,GSE289435,GSM8791437_MLL_28824
CTSK,LMPP_GMP,bin,2819,11,0.00333508313296759,11,0.3902,GSE289435,GSM8791437_MLL_28824
ADAMTS1,LMPP_GMP,bin,2819,23,0.00666922420479584,23,0.8159,GSE289435,GSM8791437_MLL_28824
TGFB1,LMPP_GMP,bin,2819,1231,0.449988221660823,1754,43.668,GSE289435,GSM8791437_MLL_28824
TGFB2,LMPP_GMP,bin,2819,1,0.000477744112971189,1,0.0355,GSE289435,GSM8791437_MLL_28824
TGFB3,LMPP_GMP,bin,2819,10,0.0032444760535483,11,0.3547,GSE289435,GSM8791437_MLL_28824
TGFBR1,LMPP_GMP,bin,2819,141,0.0435582838378435,144,5.0018,GSE289435,GSM8791437_MLL_28824
TGFBR2,LMPP_GMP,bin,2819,450,0.149191849878484,507,15.9631,GSE289435,GSM8791437_MLL_28824
PDGFA,LMPP_GMP,bin,2819,15,0.00428032716269182,19,0.5321,GSE289435,GSM8791437_MLL_28824
PDGFB,LMPP_GMP,bin,2819,1,0.00038588048771993,1,0.0355,GSE289435,GSM8791437_MLL_28824
PDGFRA,LMPP_GMP,bin,2819,2,0.000701636810267987,2,0.0709,GSE289435,GSM8791437_MLL_28824
PDGFRB,LMPP_GMP,bin,2819,113,0.0346913459688613,121,4.0085,GSE289435,GSM8791437_MLL_28824
CCN2,LMPP_GMP,bin,2819,0,0,0,0,GSE289435,GSM8791437_MLL_28824
CCN1,LMPP_GMP,bin,2819,4,0.00122649857280911,4,0.1419,GSE289435,GSM8791437_MLL_28824
IGF1,LMPP_GMP,bin,2819,2,0.000676565055839804,2,0.0709,GSE289435,GSM8791437_MLL_28824
IGF2,LMPP_GMP,bin,2819,0,0,0,0,GSE289435,GSM8791437_MLL_28824
VEGFA,LMPP_GMP,bin,2819,89,0.0278297277121183,94,3.1571,GSE289435,GSM8791437_MLL_28824
FGF2,LMPP_GMP,bin,2819,0,0,0,0,GSE289435,GSM8791437_MLL_28824
HGF,LMPP_GMP,bin,2819,128,0.0434922334285062,136,4.5406,GSE289435,GSM8791437_MLL_28824
OSM,LMPP_GMP,bin,2819,481,0.160866106460973,579,17.0628,GSE289435,GSM8791437_MLL_28824
OSMR,LMPP_GMP,bin,2819,0,0,0,0,GSE289435,GSM8791437_MLL_28824
IL11,LMPP_GMP,bin,2819,0,0,0,0,GSE289435,GSM8791437_MLL_28824
SPP1,LMPP_GMP,bin,2819,12,0.00456481011846054,14,0.4257,GSE289435,GSM8791437_MLL_28824
IL1B,LMPP_GMP,bin,2819,1018,0.385731465896686,1610,36.1121,GSE289435,GSM8791437_MLL_28824
IL6,LMPP_GMP,bin,2819,0,0,0,0,GSE289435,GSM8791437_MLL_28824
TNF,LMPP_GMP,bin,2819,10,0.00403060648646951,13,0.3547,GSE289435,GSM8791437_MLL_28824
CXCL8,LMPP_GMP,bin,2819,1135,0.579197631636419,3442,40.2625,GSE289435,GSM8791437_MLL_28824
IL10,LMPP_GMP,bin,2819,2,0.0006929015241786,2,0.0709,GSE289435,GSM8791437_MLL_28824
IFNG,LMPP_GMP,bin,2819,1,0.000380009604257726,1,0.0355,GSE289435,GSM8791437_MLL_28824
CCL2,LMPP_GMP,bin,2819,0,0,0,0,GSE289435,GSM8791437_MLL_28824
CCL3,LMPP_GMP,bin,2819,29,0.010084420611931,45,1.0287,GSE289435,GSM8791437_MLL_28824
CCL4,LMPP_GMP,bin,2819,4,0.00142351608430414,7,0.1419,GSE289435,GSM8791437_MLL_28824
CXCL1,LMPP_GMP,bin,2819,68,0.0228019425931097,83,2.4122,GSE289435,GSM8791437_MLL_28824
CXCL2,LMPP_GMP,bin,2819,1274,0.576179212287323,3121,45.1933,GSE289435,GSM8791437_MLL_28824
IL18,LMPP_GMP,bin,2819,1075,0.392747495022583,1532,38.1341,GSE289435,GSM8791437_MLL_28824
NLRP3,LMPP_GMP,bin,2819,54,0.0167133970004764,54,1.9156,GSE289435,GSM8791437_MLL_28824
S100A8,LMPP_GMP,bin,2819,7,0.00445869602441671,46,0.2483,GSE289435,GSM8791437_MLL_28824
S100A9,LMPP_GMP,bin,2819,4,0.00295461349995631,23,0.1419,GSE289435,GSM8791437_MLL_28824
PF4,LMPP_GMP,bin,2819,33,0.0109866257880071,36,1.1706,GSE289435,GSM8791437_MLL_28824
PPBP,LMPP_GMP,bin,2819,142,0.047066216317224,150,5.0372,GSE289435,GSM8791437_MLL_28824
VWF,LMPP_GMP,bin,2819,6,0.00205257061726969,7,0.2128,GSE289435,GSM8791437_MLL_28824
ITGA2B,LMPP_GMP,bin,2819,99,0.0337304417945741,103,3.5119,GSE289435,GSM8791437_MLL_28824
GP9,LMPP_GMP,bin,2819,8,0.00258641094062049,8,0.2838,GSE289435,GSM8791437_MLL_28824
NFE2,LMPP_GMP,bin,2819,1042,0.380544947456868,1425,36.9635,GSE289435,GSM8791437_MLL_28824
GATA1,LMPP_GMP,bin,2819,72,0.0270331053711708,89,2.5541,GSE289435,GSM8791437_MLL_28824
MPL,LMPP_GMP,bin,2819,138,0.0408302064173493,145,4.8954,GSE289435,GSM8791437_MLL_28824
CALR,LMPP_GMP,bin,2819,2721,2.03164853294836,17050,96.5236,GSE289435,GSM8791437_MLL_28824
JAK2,LMPP_GMP,bin,2819,238,0.0780075797837808,255,8.4427,GSE289435,GSM8791437_MLL_28824
LEPR,LMPP_GMP,bin,2819,13,0.0039370125744023,13,0.4612,GSE289435,GSM8791437_MLL_28824
CXCL12,LMPP_GMP,bin,2819,3,0.00110994176222492,3,0.1064,GSE289435,GSM8791437_MLL_28824
KITLG,LMPP_GMP,bin,2819,0,0,0,0,GSE289435,GSM8791437_MLL_28824
ANGPT1,LMPP_GMP,bin,2819,120,0.0378017903884381,126,4.2568,GSE289435,GSM8791437_MLL_28824
VCAM1,LMPP_GMP,bin,2819,0,0,0,0,GSE289435,GSM8791437_MLL_28824
NES,LMPP_GMP,bin,2819,0,0,0,0,GSE289435,GSM8791437_MLL_28824
NGFR,LMPP_GMP,bin,2819,1,0.00035028006193294,1,0.0355,GSE289435,GSM8791437_MLL_28824
SFRP2,LMPP_GMP,bin,2819,0,0,0,0,GSE289435,GSM8791437_MLL_28824
SFRP4,LMPP_GMP,bin,2819,28,0.0085211262457217,29,0.9933,GSE289435,GSM8791437_MLL_28824
GREM1,LMPP_GMP,bin,2819,0,0,0,0,GSE289435,GSM8791437_MLL_28824
FAP,LMPP_GMP,bin,2819,0,0,0,0,GSE289435,GSM8791437_MLL_28824
BGLAP,LMPP_GMP,bin,2819,9,0.00277457987456312,9,0.3193,GSE289435,GSM8791437_MLL_28824
RUNX2,LMPP_GMP,bin,2819,431,0.138624971482918,477,15.2891,GSE289435,GSM8791437_MLL_28824
SP7,LMPP_GMP,bin,2819,0,0,0,0,GSE289435,GSM8791437_MLL_28824
ACTA2,LMPP_GMP,bin,2819,251,0.0801069779003751,267,8.9039,GSE289435,GSM8791437_MLL_28824
TAGLN,LMPP_GMP,bin,2819,15,0.0044443123105075,15,0.5321,GSE289435,GSM8791437_MLL_28824
RGS5,LMPP_GMP,bin,2819,4,0.00110285195504828,4,0.1419,GSE289435,GSM8791437_MLL_28824
MYH11,LMPP_GMP,bin,2819,3,0.000848526147649105,4,0.1064,GSE289435,GSM8791437_MLL_28824
CDH5,LMPP_GMP,bin,2819,0,0,0,0,GSE289435,GSM8791437_MLL_28824
PECAM1,LMPP_GMP,bin,2819,223,0.0711287414522982,242,7.9106,GSE289435,GSM8791437_MLL_28824
EMCN,LMPP_GMP,bin,2819,2,0.000771057972591132,2,0.0709,GSE289435,GSM8791437_MLL_28824
HIF1A,LMPP_GMP,bin,2819,1352,0.516435027136774,1967,47.9603,GSE289435,GSM8791437_MLL_28824
EPAS1,LMPP_GMP,bin,2819,1,0.000625035374564245,1,0.0355,GSE289435,GSM8791437_MLL_28824
CA9,LMPP_GMP,bin,2819,2,0.000500296265251192,2,0.0709,GSE289435,GSM8791437_MLL_28824
LDHA,LMPP_GMP,bin,2819,2348,1.25579747547212,7013,83.2919,GSE289435,GSM8791437_MLL_28824
SLC2A1,LMPP_GMP,bin,2819,159,0.0515376509174673,167,5.6403,GSE289435,GSM8791437_MLL_28824
PGK1,LMPP_GMP,bin,2819,2111,0.987217616015979,4747,74.8847,GSE289435,GSM8791437_MLL_28824
ADM,LMPP_GMP,bin,2819,41,0.0137327340316451,44,1.4544,GSE289435,GSM8791437_MLL_28824
BNIP3,LMPP_GMP,bin,2819,215,0.0678615086792494,227,7.6268,GSE289435,GSM8791437_MLL_28824
NDRG1,LMPP_GMP,bin,2819,182,0.0585214041567879,194,6.4562,GSE289435,GSM8791437_MLL_28824
SNAI1,LMPP_GMP,bin,2819,77,0.0213883609989842,81,2.7315,GSE289435,GSM8791437_MLL_28824
SNAI2,LMPP_GMP,bin,2819,0,0,0,0,GSE289435,GSM8791437_MLL_28824
TWIST1,LMPP_GMP,bin,2819,0,0,0,0,GSE289435,GSM8791437_MLL_28824
ZEB1,LMPP_GMP,bin,2819,97,0.02998096148546,105,3.4409,GSE289435,GSM8791437_MLL_28824
ZEB2,LMPP_GMP,bin,2819,1278,0.497649517862462,1942,45.3352,GSE289435,GSM8791437_MLL_28824
VIM,LMPP_GMP,bin,2819,2378,1.66151444727834,14505,84.3562,GSE289435,GSM8791437_MLL_28824
CDH2,LMPP_GMP,bin,2819,0,0,0,0,GSE289435,GSM8791437_MLL_28824
NECTIN4,LMPP_GMP,bin,2819,0,0,0,0,GSE289435,GSM8791437_MLL_28824
NECTIN1,LMPP_GMP,bin,2819,162,0.051892442882641,171,5.7467,GSE289435,GSM8791437_MLL_28824
NECTIN2,LMPP_GMP,bin,2819,648,0.216455507329644,764,22.9869,GSE289435,GSM8791437_MLL_28824
NECTIN3,LMPP_GMP,bin,2819,0,0,0,0,GSE289435,GSM8791437_MLL_28824
PVR,LMPP_GMP,bin,2819,95,0.0294117078164819,96,3.37,GSE289435,GSM8791437_MLL_28824
TIGIT,LMPP_GMP,bin,2819,1,0.000327055020976556,1,0.0355,GSE289435,GSM8791437_MLL_28824
CD226,LMPP_GMP,bin,2819,5,0.00198224425654585,6,0.1774,GSE289435,GSM8791437_MLL_28824
CD96,LMPP_GMP,bin,2819,25,0.00801343065445937,28,0.8868,GSE289435,GSM8791437_MLL_28824
C1QA,LMPP_GMP,bin,2819,0,0,0,0,GSE289435,GSM8791437_MLL_28824
C1QB,LMPP_GMP,bin,2819,0,0,0,0,GSE289435,GSM8791437_MLL_28824
C1QC,LMPP_GMP,bin,2819,0,0,0,0,GSE289435,GSM8791437_MLL_28824
CD163,LMPP_GMP,bin,2819,1,0.000291690598283982,1,0.0355,GSE289435,GSM8791437_MLL_28824
MRC1,LMPP_GMP,bin,2819,0,0,0,0,GSE289435,GSM8791437_MLL_28824
VSIG4,LMPP_GMP,bin,2819,3,0.000782236490970156,3,0.1064,GSE289435,GSM8791437_MLL_28824
SELENOP,LMPP_GMP,bin,2819,1070,0.383568884578674,1418,37.9567,GSE289435,GSM8791437_MLL_28824
STAB1,LMPP_GMP,bin,2819,600,0.207517277551293,745,21.2841,GSE289435,GSM8791437_MLL_28824
LYVE1,LMPP_GMP,bin,2819,0,0,0,0,GSE289435,GSM8791437_MLL_28824
MAF,LMPP_GMP,bin,2819,3,0.00096238534390504,3,0.1064,GSE289435,GSM8791437_MLL_28824
FCN1,LMPP_GMP,bin,2819,67,0.0221478911683762,68,2.3767,GSE289435,GSM8791437_MLL_28824
S100A12,LMPP_GMP,bin,2819,1,0.000163431842005319,1,0.0355,GSE289435,GSM8791437_MLL_28824
SELL,LMPP_GMP,bin,2819,811,0.286951110980795,1127,28.7691,GSE289435,GSM8791437_MLL_28824
CSF3R,LMPP_GMP,bin,2819,2288,1.18164618599711,6152,81.1635,GSE289435,GSM8791437_MLL_28824
PLAC8,LMPP_GMP,bin,2819,1710,0.714533486721073,3008,60.6598,GSE289435,GSM8791437_MLL_28824
COL1A1,T_NK,bin,899,2,0.00340116138041044,2,0.2225,GSE289435,GSM8791437_MLL_28824
COL1A2,T_NK,bin,899,0,0,0,0,GSE289435,GSM8791437_MLL_28824
COL3A1,T_NK,bin,899,0,0,0,0,GSE289435,GSM8791437_MLL_28824
COL4A1,T_NK,bin,899,0,0,0,0,GSE289435,GSM8791437_MLL_28824
COL5A1,T_NK,bin,899,0,0,0,0,GSE289435,GSM8791437_MLL_28824
COL5A2,T_NK,bin,899,0,0,0,0,GSE289435,GSM8791437_MLL_28824
COL6A1,T_NK,bin,899,5,0.0094059126396417,5,0.5562,GSE289435,GSM8791437_MLL_28824
COL6A2,T_NK,bin,899,18,0.0385344462752086,21,2.0022,GSE289435,GSM8791437_MLL_28824
COL6A3,T_NK,bin,899,23,0.0444573149421855,23,2.5584,GSE289435,GSM8791437_MLL_28824
COL11A1,T_NK,bin,899,0,0,0,0,GSE289435,GSM8791437_MLL_28824
FN1,T_NK,bin,899,0,0,0,0,GSE289435,GSM8791437_MLL_28824
LUM,T_NK,bin,899,0,0,0,0,GSE289435,GSM8791437_MLL_28824
DCN,T_NK,bin,899,0,0,0,0,GSE289435,GSM8791437_MLL_28824
POSTN,T_NK,bin,899,0,0,0,0,GSE289435,GSM8791437_MLL_28824
SPARC,T_NK,bin,899,8,0.0155228638654191,8,0.8899,GSE289435,GSM8791437_MLL_28824
BGN,T_NK,bin,899,0,0,0,0,GSE289435,GSM8791437_MLL_28824
VCAN,T_NK,bin,899,0,0,0,0,GSE289435,GSM8791437_MLL_28824
ELN,T_NK,bin,899,0,0,0,0,GSE289435,GSM8791437_MLL_28824
FBN1,T_NK,bin,899,0,0,0,0,GSE289435,GSM8791437_MLL_28824
MGP,T_NK,bin,899,1,0.00140635199212474,1,0.1112,GSE289435,GSM8791437_MLL_28824
OGN,T_NK,bin,899,0,0,0,0,GSE289435,GSM8791437_MLL_28824
ASPN,T_NK,bin,899,0,0,0,0,GSE289435,GSM8791437_MLL_28824
TNC,T_NK,bin,899,0,0,0,0,GSE289435,GSM8791437_MLL_28824
LTBP1,T_NK,bin,899,6,0.0119075525379385,6,0.6674,GSE289435,GSM8791437_MLL_28824
LTBP2,T_NK,bin,899,0,0,0,0,GSE289435,GSM8791437_MLL_28824
LOX,T_NK,bin,899,0,0,0,0,GSE289435,GSM8791437_MLL_28824
LOXL1,T_NK,bin,899,2,0.00391504111440361,2,0.2225,GSE289435,GSM8791437_MLL_28824
LOXL2,T_NK,bin,899,0,0,0,0,GSE289435,GSM8791437_MLL_28824
PLOD1,T_NK,bin,899,5,0.0104056492280695,5,0.5562,GSE289435,GSM8791437_MLL_28824
PLOD2,T_NK,bin,899,0,0,0,0,GSE289435,GSM8791437_MLL_28824
SERPINH1,T_NK,bin,899,1,0.00333897347349932,1,0.1112,GSE289435,GSM8791437_MLL_28824
SERPINE1,T_NK,bin,899,0,0,0,0,GSE289435,GSM8791437_MLL_28824
TIMP1,T_NK,bin,899,105,0.203194686354217,127,11.6796,GSE289435,GSM8791437_MLL_28824
TIMP2,T_NK,bin,899,0,0,0,0,GSE289435,GSM8791437_MLL_28824
TIMP3,T_NK,bin,899,1,0.0013905348578621,1,0.1112,GSE289435,GSM8791437_MLL_28824
MMP2,T_NK,bin,899,5,0.0103400605311839,5,0.5562,GSE289435,GSM8791437_MLL_28824
MMP9,T_NK,bin,899,3,0.00624368600759713,5,0.3337,GSE289435,GSM8791437_MLL_28824
MMP14,T_NK,bin,899,1,0.00135706893721944,1,0.1112,GSE289435,GSM8791437_MLL_28824
CTSK,T_NK,bin,899,1,0.00304975437515049,1,0.1112,GSE289435,GSM8791437_MLL_28824
ADAMTS1,T_NK,bin,899,0,0,0,0,GSE289435,GSM8791437_MLL_28824
TGFB1,T_NK,bin,899,215,0.465715935267265,278,23.9155,GSE289435,GSM8791437_MLL_28824
TGFB2,T_NK,bin,899,1,0.00176643661304294,1,0.1112,GSE289435,GSM8791437_MLL_28824
TGFB3,T_NK,bin,899,1,0.00179956641171706,1,0.1112,GSE289435,GSM8791437_MLL_28824
TGFBR1,T_NK,bin,899,1,0.00205821116439594,1,0.1112,GSE289435,GSM8791437_MLL_28824
TGFBR2,T_NK,bin,899,243,0.576830704699964,334,27.03,GSE289435,GSM8791437_MLL_28824
PDGFA,T_NK,bin,899,0,0,0,0,GSE289435,GSM8791437_MLL_28824
PDGFB,T_NK,bin,899,0,0,0,0,GSE289435,GSM8791437_MLL_28824
PDGFRA,T_NK,bin,899,0,0,0,0,GSE289435,GSM8791437_MLL_28824
PDGFRB,T_NK,bin,899,1,0.00189431727796087,1,0.1112,GSE289435,GSM8791437_MLL_28824
CCN2,T_NK,bin,899,0,0,0,0,GSE289435,GSM8791437_MLL_28824
CCN1,T_NK,bin,899,0,0,0,0,GSE289435,GSM8791437_MLL_28824
IGF1,T_NK,bin,899,0,0,0,0,GSE289435,GSM8791437_MLL_28824
IGF2,T_NK,bin,899,0,0,0,0,GSE289435,GSM8791437_MLL_28824
VEGFA,T_NK,bin,899,1,0.00146186344015425,1,0.1112,GSE289435,GSM8791437_MLL_28824
FGF2,T_NK,bin,899,0,0,0,0,GSE289435,GSM8791437_MLL_28824
HGF,T_NK,bin,899,1,0.00248535774477773,1,0.1112,GSE289435,GSM8791437_MLL_28824
OSM,T_NK,bin,899,21,0.0396655088279935,23,2.3359,GSE289435,GSM8791437_MLL_28824
OSMR,T_NK,bin,899,0,0,0,0,GSE289435,GSM8791437_MLL_28824
IL11,T_NK,bin,899,1,0.00178422692346241,1,0.1112,GSE289435,GSM8791437_MLL_28824
SPP1,T_NK,bin,899,0,0,0,0,GSE289435,GSM8791437_MLL_28824
IL1B,T_NK,bin,899,13,0.029196523646438,14,1.4461,GSE289435,GSM8791437_MLL_28824
IL6,T_NK,bin,899,0,0,0,0,GSE289435,GSM8791437_MLL_28824
TNF,T_NK,bin,899,72,0.183564224678533,139,8.0089,GSE289435,GSM8791437_MLL_28824
CXCL8,T_NK,bin,899,40,0.0891150973076821,42,4.4494,GSE289435,GSM8791437_MLL_28824
IL10,T_NK,bin,899,6,0.0136907778440791,8,0.6674,GSE289435,GSM8791437_MLL_28824
IFNG,T_NK,bin,899,47,0.109307401181303,89,5.228,GSE289435,GSM8791437_MLL_28824
CCL2,T_NK,bin,899,0,0,0,0,GSE289435,GSM8791437_MLL_28824
CCL3,T_NK,bin,899,71,0.163947816705896,134,7.8977,GSE289435,GSM8791437_MLL_28824
CCL4,T_NK,bin,899,138,0.330007457015787,288,15.3504,GSE289435,GSM8791437_MLL_28824
CXCL1,T_NK,bin,899,0,0,0,0,GSE289435,GSM8791437_MLL_28824
CXCL2,T_NK,bin,899,22,0.0449714766357736,23,2.4472,GSE289435,GSM8791437_MLL_28824
IL18,T_NK,bin,899,12,0.0262351870946424,13,1.3348,GSE289435,GSM8791437_MLL_28824
NLRP3,T_NK,bin,899,3,0.00750200737540887,3,0.3337,GSE289435,GSM8791437_MLL_28824
S100A8,T_NK,bin,899,0,0,0,0,GSE289435,GSM8791437_MLL_28824
S100A9,T_NK,bin,899,2,0.00318648520428654,2,0.2225,GSE289435,GSM8791437_MLL_28824
PF4,T_NK,bin,899,13,0.0290446835350667,13,1.4461,GSE289435,GSM8791437_MLL_28824
PPBP,T_NK,bin,899,29,0.0579798225913544,29,3.2258,GSE289435,GSM8791437_MLL_28824
VWF,T_NK,bin,899,0,0,0,0,GSE289435,GSM8791437_MLL_28824
ITGA2B,T_NK,bin,899,3,0.00614248156782122,4,0.3337,GSE289435,GSM8791437_MLL_28824
GP9,T_NK,bin,899,3,0.00674809860311609,3,0.3337,GSE289435,GSM8791437_MLL_28824
NFE2,T_NK,bin,899,16,0.0313710406473552,17,1.7798,GSE289435,GSM8791437_MLL_28824
GATA1,T_NK,bin,899,18,0.0357924379334515,18,2.0022,GSE289435,GSM8791437_MLL_28824
MPL,T_NK,bin,899,3,0.00529357567158459,3,0.3337,GSE289435,GSM8791437_MLL_28824
CALR,T_NK,bin,899,517,1.23663105444076,915,57.5083,GSE289435,GSM8791437_MLL_28824
JAK2,T_NK,bin,899,24,0.0514614235585075,24,2.6696,GSE289435,GSM8791437_MLL_28824
LEPR,T_NK,bin,899,0,0,0,0,GSE289435,GSM8791437_MLL_28824
CXCL12,T_NK,bin,899,0,0,0,0,GSE289435,GSM8791437_MLL_28824
KITLG,T_NK,bin,899,0,0,0,0,GSE289435,GSM8791437_MLL_28824
ANGPT1,T_NK,bin,899,1,0.00279612436264164,1,0.1112,GSE289435,GSM8791437_MLL_28824
VCAM1,T_NK,bin,899,16,0.037528261744606,32,1.7798,GSE289435,GSM8791437_MLL_28824
NES,T_NK,bin,899,0,0,0,0,GSE289435,GSM8791437_MLL_28824
NGFR,T_NK,bin,899,0,0,0,0,GSE289435,GSM8791437_MLL_28824
SFRP2,T_NK,bin,899,0,0,0,0,GSE289435,GSM8791437_MLL_28824
SFRP4,T_NK,bin,899,0,0,0,0,GSE289435,GSM8791437_MLL_28824
GREM1,T_NK,bin,899,1,0.00210104183987862,1,0.1112,GSE289435,GSM8791437_MLL_28824
FAP,T_NK,bin,899,0,0,0,0,GSE289435,GSM8791437_MLL_28824
BGLAP,T_NK,bin,899,0,0,0,0,GSE289435,GSM8791437_MLL_28824
RUNX2,T_NK,bin,899,38,0.0708827646628168,39,4.2269,GSE289435,GSM8791437_MLL_28824
SP7,T_NK,bin,899,0,0,0,0,GSE289435,GSM8791437_MLL_28824
ACTA2,T_NK,bin,899,5,0.0110139280555208,5,0.5562,GSE289435,GSM8791437_MLL_28824
TAGLN,T_NK,bin,899,0,0,0,0,GSE289435,GSM8791437_MLL_28824
RGS5,T_NK,bin,899,0,0,0,0,GSE289435,GSM8791437_MLL_28824
MYH11,T_NK,bin,899,0,0,0,0,GSE289435,GSM8791437_MLL_28824
CDH5,T_NK,bin,899,0,0,0,0,GSE289435,GSM8791437_MLL_28824
PECAM1,T_NK,bin,899,19,0.0374834842826049,20,2.1135,GSE289435,GSM8791437_MLL_28824
EMCN,T_NK,bin,899,1,0.00224030794733528,1,0.1112,GSE289435,GSM8791437_MLL_28824
HIF1A,T_NK,bin,899,230,0.498226586607854,272,25.584,GSE289435,GSM8791437_MLL_28824
EPAS1,T_NK,bin,899,4,0.00693081823309226,4,0.4449,GSE289435,GSM8791437_MLL_28824
CA9,T_NK,bin,899,0,0,0,0,GSE289435,GSM8791437_MLL_28824
LDHA,T_NK,bin,899,396,0.894380132544557,640,44.0489,GSE289435,GSM8791437_MLL_28824
SLC2A1,T_NK,bin,899,38,0.0762981745991397,40,4.2269,GSE289435,GSM8791437_MLL_28824
PGK1,T_NK,bin,899,330,0.719999177126577,487,36.7075,GSE289435,GSM8791437_MLL_28824
ADM,T_NK,bin,899,1,0.0027903402540479,1,0.1112,GSE289435,GSM8791437_MLL_28824
BNIP3,T_NK,bin,899,36,0.0662216806164593,36,4.0044,GSE289435,GSM8791437_MLL_28824
NDRG1,T_NK,bin,899,40,0.0791509243765396,41,4.4494,GSE289435,GSM8791437_MLL_28824
SNAI1,T_NK,bin,899,5,0.0113687813107107,5,0.5562,GSE289435,GSM8791437_MLL_28824
SNAI2,T_NK,bin,899,0,0,0,0,GSE289435,GSM8791437_MLL_28824
TWIST1,T_NK,bin,899,0,0,0,0,GSE289435,GSM8791437_MLL_28824
ZEB1,T_NK,bin,899,75,0.156179049506478,82,8.3426,GSE289435,GSM8791437_MLL_28824
ZEB2,T_NK,bin,899,134,0.297223846306601,167,14.9055,GSE289435,GSM8791437_MLL_28824
VIM,T_NK,bin,899,671,1.93702061284435,2205,74.6385,GSE289435,GSM8791437_MLL_28824
CDH2,T_NK,bin,899,0,0,0,0,GSE289435,GSM8791437_MLL_28824
NECTIN4,T_NK,bin,899,0,0,0,0,GSE289435,GSM8791437_MLL_28824
NECTIN1,T_NK,bin,899,3,0.00521991993279702,3,0.3337,GSE289435,GSM8791437_MLL_28824
NECTIN2,T_NK,bin,899,3,0.0076185923539717,4,0.3337,GSE289435,GSM8791437_MLL_28824
NECTIN3,T_NK,bin,899,5,0.0103166712244062,5,0.5562,GSE289435,GSM8791437_MLL_28824
PVR,T_NK,bin,899,3,0.00564994603216695,3,0.3337,GSE289435,GSM8791437_MLL_28824
TIGIT,T_NK,bin,899,35,0.0725809668252461,37,3.8932,GSE289435,GSM8791437_MLL_28824
CD226,T_NK,bin,899,23,0.0456288173435791,24,2.5584,GSE289435,GSM8791437_MLL_28824
CD96,T_NK,bin,899,211,0.444638149331109,253,23.4705,GSE289435,GSM8791437_MLL_28824
C1QA,T_NK,bin,899,0,0,0,0,GSE289435,GSM8791437_MLL_28824
C1QB,T_NK,bin,899,1,0.00200520099164835,1,0.1112,GSE289435,GSM8791437_MLL_28824
C1QC,T_NK,bin,899,0,0,0,0,GSE289435,GSM8791437_MLL_28824
CD163,T_NK,bin,899,0,0,0,0,GSE289435,GSM8791437_MLL_28824
MRC1,T_NK,bin,899,0,0,0,0,GSE289435,GSM8791437_MLL_28824
VSIG4,T_NK,bin,899,0,0,0,0,GSE289435,GSM8791437_MLL_28824
SELENOP,T_NK,bin,899,20,0.0373833310006479,20,2.2247,GSE289435,GSM8791437_MLL_28824
STAB1,T_NK,bin,899,5,0.00952438630863658,5,0.5562,GSE289435,GSM8791437_MLL_28824
LYVE1,T_NK,bin,899,0,0,0,0,GSE289435,GSM8791437_MLL_28824
MAF,T_NK,bin,899,33,0.0701165163588441,34,3.6707,GSE289435,GSM8791437_MLL_28824
FCN1,T_NK,bin,899,0,0,0,0,GSE289435,GSM8791437_MLL_28824
S100A12,T_NK,bin,899,1,0.00189024301056233,1,0.1112,GSE289435,GSM8791437_MLL_28824
SELL,T_NK,bin,899,118,0.24580375259315,144,13.1257,GSE289435,GSM8791437_MLL_28824
CSF3R,T_NK,bin,899,32,0.0618551695488434,33,3.5595,GSE289435,GSM8791437_MLL_28824
PLAC8,T_NK,bin,899,124,0.247055699944294,146,13.7931,GSE289435,GSM8791437_MLL_28824
COL1A1,B_Plasma,bin,208,0,0,0,0,GSE289435,GSM8791437_MLL_28824
COL1A2,B_Plasma,bin,208,0,0,0,0,GSE289435,GSM8791437_MLL_28824
COL3A1,B_Plasma,bin,208,0,0,0,0,GSE289435,GSM8791437_MLL_28824
COL4A1,B_Plasma,bin,208,0,0,0,0,GSE289435,GSM8791437_MLL_28824
COL5A1,B_Plasma,bin,208,0,0,0,0,GSE289435,GSM8791437_MLL_28824
COL5A2,B_Plasma,bin,208,0,0,0,0,GSE289435,GSM8791437_MLL_28824
COL6A1,B_Plasma,bin,208,0,0,0,0,GSE289435,GSM8791437_MLL_28824
COL6A2,B_Plasma,bin,208,0,0,0,0,GSE289435,GSM8791437_MLL_28824
COL6A3,B_Plasma,bin,208,9,0.0551087353746911,9,4.3269,GSE289435,GSM8791437_MLL_28824
COL11A1,B_Plasma,bin,208,0,0,0,0,GSE289435,GSM8791437_MLL_28824
FN1,B_Plasma,bin,208,0,0,0,0,GSE289435,GSM8791437_MLL_28824
LUM,B_Plasma,bin,208,0,0,0,0,GSE289435,GSM8791437_MLL_28824
DCN,B_Plasma,bin,208,0,0,0,0,GSE289435,GSM8791437_MLL_28824
POSTN,B_Plasma,bin,208,0,0,0,0,GSE289435,GSM8791437_MLL_28824
SPARC,B_Plasma,bin,208,3,0.0191588435013373,3,1.4423,GSE289435,GSM8791437_MLL_28824
BGN,B_Plasma,bin,208,0,0,0,0,GSE289435,GSM8791437_MLL_28824
VCAN,B_Plasma,bin,208,0,0,0,0,GSE289435,GSM8791437_MLL_28824
ELN,B_Plasma,bin,208,0,0,0,0,GSE289435,GSM8791437_MLL_28824
FBN1,B_Plasma,bin,208,0,0,0,0,GSE289435,GSM8791437_MLL_28824
MGP,B_Plasma,bin,208,0,0,0,0,GSE289435,GSM8791437_MLL_28824
OGN,B_Plasma,bin,208,0,0,0,0,GSE289435,GSM8791437_MLL_28824
ASPN,B_Plasma,bin,208,0,0,0,0,GSE289435,GSM8791437_MLL_28824
TNC,B_Plasma,bin,208,0,0,0,0,GSE289435,GSM8791437_MLL_28824
LTBP1,B_Plasma,bin,208,2,0.0110249080197019,2,0.9615,GSE289435,GSM8791437_MLL_28824
LTBP2,B_Plasma,bin,208,0,0,0,0,GSE289435,GSM8791437_MLL_28824
LOX,B_Plasma,bin,208,0,0,0,0,GSE289435,GSM8791437_MLL_28824
LOXL1,B_Plasma,bin,208,3,0.0204192351730221,3,1.4423,GSE289435,GSM8791437_MLL_28824
LOXL2,B_Plasma,bin,208,0,0,0,0,GSE289435,GSM8791437_MLL_28824
PLOD1,B_Plasma,bin,208,1,0.00753503493413259,1,0.4808,GSE289435,GSM8791437_MLL_28824
PLOD2,B_Plasma,bin,208,0,0,0,0,GSE289435,GSM8791437_MLL_28824
SERPINH1,B_Plasma,bin,208,0,0,0,0,GSE289435,GSM8791437_MLL_28824
SERPINE1,B_Plasma,bin,208,0,0,0,0,GSE289435,GSM8791437_MLL_28824
TIMP1,B_Plasma,bin,208,15,0.110717418850878,23,7.2115,GSE289435,GSM8791437_MLL_28824
TIMP2,B_Plasma,bin,208,2,0.0144980800505076,2,0.9615,GSE289435,GSM8791437_MLL_28824
TIMP3,B_Plasma,bin,208,1,0.00369726650396613,1,0.4808,GSE289435,GSM8791437_MLL_28824
MMP2,B_Plasma,bin,208,1,0.0051405416736914,1,0.4808,GSE289435,GSM8791437_MLL_28824
MMP9,B_Plasma,bin,208,0,0,0,0,GSE289435,GSM8791437_MLL_28824
MMP14,B_Plasma,bin,208,0,0,0,0,GSE289435,GSM8791437_MLL_28824
CTSK,B_Plasma,bin,208,0,0,0,0,GSE289435,GSM8791437_MLL_28824
ADAMTS1,B_Plasma,bin,208,0,0,0,0,GSE289435,GSM8791437_MLL_28824
TGFB1,B_Plasma,bin,208,41,0.306035960289417,54,19.7115,GSE289435,GSM8791437_MLL_28824
TGFB2,B_Plasma,bin,208,1,0.00702025649491778,1,0.4808,GSE289435,GSM8791437_MLL_28824
TGFB3,B_Plasma,bin,208,1,0.00551788428384224,1,0.4808,GSE289435,GSM8791437_MLL_28824
TGFBR1,B_Plasma,bin,208,5,0.0397177610909886,5,2.4038,GSE289435,GSM8791437_MLL_28824
TGFBR2,B_Plasma,bin,208,42,0.333827541406319,53,20.1923,GSE289435,GSM8791437_MLL_28824
PDGFA,B_Plasma,bin,208,0,0,0,0,GSE289435,GSM8791437_MLL_28824
PDGFB,B_Plasma,bin,208,0,0,0,0,GSE289435,GSM8791437_MLL_28824
PDGFRA,B_Plasma,bin,208,0,0,0,0,GSE289435,GSM8791437_MLL_28824
PDGFRB,B_Plasma,bin,208,1,0.00758303007136022,1,0.4808,GSE289435,GSM8791437_MLL_28824
CCN2,B_Plasma,bin,208,2,0.0205159068623858,3,0.9615,GSE289435,GSM8791437_MLL_28824
CCN1,B_Plasma,bin,208,0,0,0,0,GSE289435,GSM8791437_MLL_28824
IGF1,B_Plasma,bin,208,3,0.0224834432881768,8,1.4423,GSE289435,GSM8791437_MLL_28824
IGF2,B_Plasma,bin,208,0,0,0,0,GSE289435,GSM8791437_MLL_28824
VEGFA,B_Plasma,bin,208,1,0.00330763180381299,1,0.4808,GSE289435,GSM8791437_MLL_28824
FGF2,B_Plasma,bin,208,0,0,0,0,GSE289435,GSM8791437_MLL_28824
HGF,B_Plasma,bin,208,0,0,0,0,GSE289435,GSM8791437_MLL_28824
OSM,B_Plasma,bin,208,3,0.019054312921789,3,1.4423,GSE289435,GSM8791437_MLL_28824
OSMR,B_Plasma,bin,208,0,0,0,0,GSE289435,GSM8791437_MLL_28824
IL11,B_Plasma,bin,208,0,0,0,0,GSE289435,GSM8791437_MLL_28824
SPP1,B_Plasma,bin,208,0,0,0,0,GSE289435,GSM8791437_MLL_28824
IL1B,B_Plasma,bin,208,1,0.0080037314553122,1,0.4808,GSE289435,GSM8791437_MLL_28824
IL6,B_Plasma,bin,208,2,0.0165861380281549,2,0.9615,GSE289435,GSM8791437_MLL_28824
TNF,B_Plasma,bin,208,11,0.0819718166967355,13,5.2885,GSE289435,GSM8791437_MLL_28824
CXCL8,B_Plasma,bin,208,7,0.0469305535966358,7,3.3654,GSE289435,GSM8791437_MLL_28824
IL10,B_Plasma,bin,208,0,0,0,0,GSE289435,GSM8791437_MLL_28824
IFNG,B_Plasma,bin,208,0,0,0,0,GSE289435,GSM8791437_MLL_28824
CCL2,B_Plasma,bin,208,0,0,0,0,GSE289435,GSM8791437_MLL_28824
CCL3,B_Plasma,bin,208,3,0.0201331083201087,3,1.4423,GSE289435,GSM8791437_MLL_28824
CCL4,B_Plasma,bin,208,2,0.0128185326945525,2,0.9615,GSE289435,GSM8791437_MLL_28824
CXCL1,B_Plasma,bin,208,0,0,0,0,GSE289435,GSM8791437_MLL_28824
CXCL2,B_Plasma,bin,208,3,0.0222280641643735,3,1.4423,GSE289435,GSM8791437_MLL_28824
IL18,B_Plasma,bin,208,3,0.0219514635894041,3,1.4423,GSE289435,GSM8791437_MLL_28824
NLRP3,B_Plasma,bin,208,0,0,0,0,GSE289435,GSM8791437_MLL_28824
S100A8,B_Plasma,bin,208,0,0,0,0,GSE289435,GSM8791437_MLL_28824
S100A9,B_Plasma,bin,208,0,0,0,0,GSE289435,GSM8791437_MLL_28824
PF4,B_Plasma,bin,208,4,0.0272967218791286,4,1.9231,GSE289435,GSM8791437_MLL_28824
PPBP,B_Plasma,bin,208,3,0.016538437455191,3,1.4423,GSE289435,GSM8791437_MLL_28824
VWF,B_Plasma,bin,208,0,0,0,0,GSE289435,GSM8791437_MLL_28824
ITGA2B,B_Plasma,bin,208,1,0.00459238537757634,1,0.4808,GSE289435,GSM8791437_MLL_28824
GP9,B_Plasma,bin,208,1,0.00903318169339304,1,0.4808,GSE289435,GSM8791437_MLL_28824
NFE2,B_Plasma,bin,208,2,0.012865424796708,2,0.9615,GSE289435,GSM8791437_MLL_28824
GATA1,B_Plasma,bin,208,6,0.0401610552410433,6,2.8846,GSE289435,GSM8791437_MLL_28824
MPL,B_Plasma,bin,208,1,0.00759624723159759,1,0.4808,GSE289435,GSM8791437_MLL_28824
CALR,B_Plasma,bin,208,120,1.08209769226039,233,57.6923,GSE289435,GSM8791437_MLL_28824
JAK2,B_Plasma,bin,208,7,0.0618601614977439,8,3.3654,GSE289435,GSM8791437_MLL_28824
LEPR,B_Plasma,bin,208,0,0,0,0,GSE289435,GSM8791437_MLL_28824
CXCL12,B_Plasma,bin,208,1,0.00697302393583552,1,0.4808,GSE289435,GSM8791437_MLL_28824
KITLG,B_Plasma,bin,208,0,0,0,0,GSE289435,GSM8791437_MLL_28824
ANGPT1,B_Plasma,bin,208,0,0,0,0,GSE289435,GSM8791437_MLL_28824
VCAM1,B_Plasma,bin,208,0,0,0,0,GSE289435,GSM8791437_MLL_28824
NES,B_Plasma,bin,208,0,0,0,0,GSE289435,GSM8791437_MLL_28824
NGFR,B_Plasma,bin,208,0,0,0,0,GSE289435,GSM8791437_MLL_28824
SFRP2,B_Plasma,bin,208,0,0,0,0,GSE289435,GSM8791437_MLL_28824
SFRP4,B_Plasma,bin,208,0,0,0,0,GSE289435,GSM8791437_MLL_28824
GREM1,B_Plasma,bin,208,0,0,0,0,GSE289435,GSM8791437_MLL_28824
FAP,B_Plasma,bin,208,0,0,0,0,GSE289435,GSM8791437_MLL_28824
BGLAP,B_Plasma,bin,208,0,0,0,0,GSE289435,GSM8791437_MLL_28824
RUNX2,B_Plasma,bin,208,3,0.0237419044724724,3,1.4423,GSE289435,GSM8791437_MLL_28824
SP7,B_Plasma,bin,208,0,0,0,0,GSE289435,GSM8791437_MLL_28824
ACTA2,B_Plasma,bin,208,1,0.00723001974140298,1,0.4808,GSE289435,GSM8791437_MLL_28824
TAGLN,B_Plasma,bin,208,1,0.00823547399699491,1,0.4808,GSE289435,GSM8791437_MLL_28824
RGS5,B_Plasma,bin,208,0,0,0,0,GSE289435,GSM8791437_MLL_28824
MYH11,B_Plasma,bin,208,0,0,0,0,GSE289435,GSM8791437_MLL_28824
CDH5,B_Plasma,bin,208,0,0,0,0,GSE289435,GSM8791437_MLL_28824
PECAM1,B_Plasma,bin,208,4,0.0306877367365555,4,1.9231,GSE289435,GSM8791437_MLL_28824
EMCN,B_Plasma,bin,208,0,0,0,0,GSE289435,GSM8791437_MLL_28824
HIF1A,B_Plasma,bin,208,89,0.744440525106134,127,42.7885,GSE289435,GSM8791437_MLL_28824
EPAS1,B_Plasma,bin,208,0,0,0,0,GSE289435,GSM8791437_MLL_28824
CA9,B_Plasma,bin,208,0,0,0,0,GSE289435,GSM8791437_MLL_28824
LDHA,B_Plasma,bin,208,52,0.393571602087708,66,25,GSE289435,GSM8791437_MLL_28824
SLC2A1,B_Plasma,bin,208,21,0.163603282746215,24,10.0962,GSE289435,GSM8791437_MLL_28824
PGK1,B_Plasma,bin,208,68,0.533544731673465,89,32.6923,GSE289435,GSM8791437_MLL_28824
ADM,B_Plasma,bin,208,1,0.00662761872554333,3,0.4808,GSE289435,GSM8791437_MLL_28824
BNIP3,B_Plasma,bin,208,5,0.0325460294387915,5,2.4038,GSE289435,GSM8791437_MLL_28824
NDRG1,B_Plasma,bin,208,5,0.0315504830606788,5,2.4038,GSE289435,GSM8791437_MLL_28824
SNAI1,B_Plasma,bin,208,0,0,0,0,GSE289435,GSM8791437_MLL_28824
SNAI2,B_Plasma,bin,208,0,0,0,0,GSE289435,GSM8791437_MLL_28824
TWIST1,B_Plasma,bin,208,0,0,0,0,GSE289435,GSM8791437_MLL_28824
ZEB1,B_Plasma,bin,208,23,0.168999625239115,24,11.0577,GSE289435,GSM8791437_MLL_28824
ZEB2,B_Plasma,bin,208,25,0.186590883183446,26,12.0192,GSE289435,GSM8791437_MLL_28824
VIM,B_Plasma,bin,208,139,1.36511971995607,393,66.8269,GSE289435,GSM8791437_MLL_28824
CDH2,B_Plasma,bin,208,0,0,0,0,GSE289435,GSM8791437_MLL_28824
NECTIN4,B_Plasma,bin,208,0,0,0,0,GSE289435,GSM8791437_MLL_28824
NECTIN1,B_Plasma,bin,208,0,0,0,0,GSE289435,GSM8791437_MLL_28824
NECTIN2,B_Plasma,bin,208,2,0.0108821663594893,2,0.9615,GSE289435,GSM8791437_MLL_28824
NECTIN3,B_Plasma,bin,208,0,0,0,0,GSE289435,GSM8791437_MLL_28824
PVR,B_Plasma,bin,208,0,0,0,0,GSE289435,GSM8791437_MLL_28824
TIGIT,B_Plasma,bin,208,0,0,0,0,GSE289435,GSM8791437_MLL_28824
CD226,B_Plasma,bin,208,0,0,0,0,GSE289435,GSM8791437_MLL_28824
CD96,B_Plasma,bin,208,9,0.0585611260320796,9,4.3269,GSE289435,GSM8791437_MLL_28824
C1QA,B_Plasma,bin,208,0,0,0,0,GSE289435,GSM8791437_MLL_28824
C1QB,B_Plasma,bin,208,0,0,0,0,GSE289435,GSM8791437_MLL_28824
C1QC,B_Plasma,bin,208,0,0,0,0,GSE289435,GSM8791437_MLL_28824
CD163,B_Plasma,bin,208,0,0,0,0,GSE289435,GSM8791437_MLL_28824
MRC1,B_Plasma,bin,208,0,0,0,0,GSE289435,GSM8791437_MLL_28824
VSIG4,B_Plasma,bin,208,0,0,0,0,GSE289435,GSM8791437_MLL_28824
SELENOP,B_Plasma,bin,208,3,0.0231059826961252,3,1.4423,GSE289435,GSM8791437_MLL_28824
STAB1,B_Plasma,bin,208,2,0.0137400698546611,2,0.9615,GSE289435,GSM8791437_MLL_28824
LYVE1,B_Plasma,bin,208,0,0,0,0,GSE289435,GSM8791437_MLL_28824
MAF,B_Plasma,bin,208,2,0.0105186618057948,2,0.9615,GSE289435,GSM8791437_MLL_28824
FCN1,B_Plasma,bin,208,0,0,0,0,GSE289435,GSM8791437_MLL_28824
S100A12,B_Plasma,bin,208,0,0,0,0,GSE289435,GSM8791437_MLL_28824
SELL,B_Plasma,bin,208,34,0.246215298519495,41,16.3462,GSE289435,GSM8791437_MLL_28824
CSF3R,B_Plasma,bin,208,15,0.102270226460807,17,7.2115,GSE289435,GSM8791437_MLL_28824
PLAC8,B_Plasma,bin,208,51,0.374390667482288,61,24.5192,GSE289435,GSM8791437_MLL_28824
COL1A1,HSC_MPP,bin,95,0,0,0,0,GSE289435,GSM8791437_MLL_28824
COL1A2,HSC_MPP,bin,95,0,0,0,0,GSE289435,GSM8791437_MLL_28824
COL3A1,HSC_MPP,bin,95,0,0,0,0,GSE289435,GSM8791437_MLL_28824
COL4A1,HSC_MPP,bin,95,0,0,0,0,GSE289435,GSM8791437_MLL_28824
COL5A1,HSC_MPP,bin,95,0,0,0,0,GSE289435,GSM8791437_MLL_28824
COL5A2,HSC_MPP,bin,95,0,0,0,0,GSE289435,GSM8791437_MLL_28824
COL6A1,HSC_MPP,bin,95,1,0.0228852219212927,1,1.0526,GSE289435,GSM8791437_MLL_28824
COL6A2,HSC_MPP,bin,95,0,0,0,0,GSE289435,GSM8791437_MLL_28824
COL6A3,HSC_MPP,bin,95,8,0.0711553319683168,8,8.4211,GSE289435,GSM8791437_MLL_28824
COL11A1,HSC_MPP,bin,95,0,0,0,0,GSE289435,GSM8791437_MLL_28824
FN1,HSC_MPP,bin,95,0,0,0,0,GSE289435,GSM8791437_MLL_28824
LUM,HSC_MPP,bin,95,0,0,0,0,GSE289435,GSM8791437_MLL_28824
DCN,HSC_MPP,bin,95,0,0,0,0,GSE289435,GSM8791437_MLL_28824
POSTN,HSC_MPP,bin,95,0,0,0,0,GSE289435,GSM8791437_MLL_28824
SPARC,HSC_MPP,bin,95,32,0.330242150461303,69,33.6842,GSE289435,GSM8791437_MLL_28824
BGN,HSC_MPP,bin,95,0,0,0,0,GSE289435,GSM8791437_MLL_28824
VCAN,HSC_MPP,bin,95,0,0,0,0,GSE289435,GSM8791437_MLL_28824
ELN,HSC_MPP,bin,95,5,0.0568170364216635,6,5.2632,GSE289435,GSM8791437_MLL_28824
FBN1,HSC_MPP,bin,95,1,0.0135714343698123,1,1.0526,GSE289435,GSM8791437_MLL_28824
MGP,HSC_MPP,bin,95,0,0,0,0,GSE289435,GSM8791437_MLL_28824
OGN,HSC_MPP,bin,95,0,0,0,0,GSE289435,GSM8791437_MLL_28824
ASPN,HSC_MPP,bin,95,0,0,0,0,GSE289435,GSM8791437_MLL_28824
TNC,HSC_MPP,bin,95,0,0,0,0,GSE289435,GSM8791437_MLL_28824
LTBP1,HSC_MPP,bin,95,1,0.0195584747762737,1,1.0526,GSE289435,GSM8791437_MLL_28824
LTBP2,HSC_MPP,bin,95,0,0,0,0,GSE289435,GSM8791437_MLL_28824
LOX,HSC_MPP,bin,95,0,0,0,0,GSE289435,GSM8791437_MLL_28824
LOXL1,HSC_MPP,bin,95,0,0,0,0,GSE289435,GSM8791437_MLL_28824
LOXL2,HSC_MPP,bin,95,0,0,0,0,GSE289435,GSM8791437_MLL_28824
PLOD1,HSC_MPP,bin,95,4,0.0299515993852286,4,4.2105,GSE289435,GSM8791437_MLL_28824
PLOD2,HSC_MPP,bin,95,0,0,0,0,GSE289435,GSM8791437_MLL_28824
SERPINH1,HSC_MPP,bin,95,5,0.0511862541411598,5,5.2632,GSE289435,GSM8791437_MLL_28824
SERPINE1,HSC_MPP,bin,95,0,0,0,0,GSE289435,GSM8791437_MLL_28824
TIMP1,HSC_MPP,bin,95,45,0.494160537381861,82,47.3684,GSE289435,GSM8791437_MLL_28824
TIMP2,HSC_MPP,bin,95,8,0.0489111428771227,8,8.4211,GSE289435,GSM8791437_MLL_28824
TIMP3,HSC_MPP,bin,95,3,0.0460702159385824,4,3.1579,GSE289435,GSM8791437_MLL_28824
MMP2,HSC_MPP,bin,95,18,0.17620345946055,24,18.9474,GSE289435,GSM8791437_MLL_28824
MMP9,HSC_MPP,bin,95,0,0,0,0,GSE289435,GSM8791437_MLL_28824
MMP14,HSC_MPP,bin,95,0,0,0,0,GSE289435,GSM8791437_MLL_28824
CTSK,HSC_MPP,bin,95,0,0,0,0,GSE289435,GSM8791437_MLL_28824
ADAMTS1,HSC_MPP,bin,95,0,0,0,0,GSE289435,GSM8791437_MLL_28824
TGFB1,HSC_MPP,bin,95,39,0.411991457719184,53,41.0526,GSE289435,GSM8791437_MLL_28824
TGFB2,HSC_MPP,bin,95,0,0,0,0,GSE289435,GSM8791437_MLL_28824
TGFB3,HSC_MPP,bin,95,0,0,0,0,GSE289435,GSM8791437_MLL_28824
TGFBR1,HSC_MPP,bin,95,7,0.0567827249696653,7,7.3684,GSE289435,GSM8791437_MLL_28824
TGFBR2,HSC_MPP,bin,95,22,0.219971504252942,28,23.1579,GSE289435,GSM8791437_MLL_28824
PDGFA,HSC_MPP,bin,95,0,0,0,0,GSE289435,GSM8791437_MLL_28824
PDGFB,HSC_MPP,bin,95,0,0,0,0,GSE289435,GSM8791437_MLL_28824
PDGFRA,HSC_MPP,bin,95,0,0,0,0,GSE289435,GSM8791437_MLL_28824
PDGFRB,HSC_MPP,bin,95,1,0.00937199399690949,1,1.0526,GSE289435,GSM8791437_MLL_28824
CCN2,HSC_MPP,bin,95,0,0,0,0,GSE289435,GSM8791437_MLL_28824
CCN1,HSC_MPP,bin,95,0,0,0,0,GSE289435,GSM8791437_MLL_28824
IGF1,HSC_MPP,bin,95,0,0,0,0,GSE289435,GSM8791437_MLL_28824
IGF2,HSC_MPP,bin,95,1,0.0138632495445197,1,1.0526,GSE289435,GSM8791437_MLL_28824
VEGFA,HSC_MPP,bin,95,3,0.0304256094902155,3,3.1579,GSE289435,GSM8791437_MLL_28824
FGF2,HSC_MPP,bin,95,0,0,0,0,GSE289435,GSM8791437_MLL_28824
HGF,HSC_MPP,bin,95,5,0.0475267455373891,5,5.2632,GSE289435,GSM8791437_MLL_28824
OSM,HSC_MPP,bin,95,17,0.126832511650341,20,17.8947,GSE289435,GSM8791437_MLL_28824
OSMR,HSC_MPP,bin,95,0,0,0,0,GSE289435,GSM8791437_MLL_28824
IL11,HSC_MPP,bin,95,0,0,0,0,GSE289435,GSM8791437_MLL_28824
SPP1,HSC_MPP,bin,95,1,0.0187108151202113,4,1.0526,GSE289435,GSM8791437_MLL_28824
IL1B,HSC_MPP,bin,95,45,0.557642324514193,96,47.3684,GSE289435,GSM8791437_MLL_28824
IL6,HSC_MPP,bin,95,0,0,0,0,GSE289435,GSM8791437_MLL_28824
TNF,HSC_MPP,bin,95,1,0.00622072351164281,1,1.0526,GSE289435,GSM8791437_MLL_28824
CXCL8,HSC_MPP,bin,95,26,0.398929113892552,83,27.3684,GSE289435,GSM8791437_MLL_28824
IL10,HSC_MPP,bin,95,0,0,0,0,GSE289435,GSM8791437_MLL_28824
IFNG,HSC_MPP,bin,95,0,0,0,0,GSE289435,GSM8791437_MLL_28824
CCL2,HSC_MPP,bin,95,0,0,0,0,GSE289435,GSM8791437_MLL_28824
CCL3,HSC_MPP,bin,95,2,0.0160988235525642,2,2.1053,GSE289435,GSM8791437_MLL_28824
CCL4,HSC_MPP,bin,95,0,0,0,0,GSE289435,GSM8791437_MLL_28824
CXCL1,HSC_MPP,bin,95,0,0,0,0,GSE289435,GSM8791437_MLL_28824
CXCL2,HSC_MPP,bin,95,42,0.562150393515422,120,44.2105,GSE289435,GSM8791437_MLL_28824
IL18,HSC_MPP,bin,95,45,0.447931676084646,62,47.3684,GSE289435,GSM8791437_MLL_28824
NLRP3,HSC_MPP,bin,95,2,0.0184237589165305,2,2.1053,GSE289435,GSM8791437_MLL_28824
S100A8,HSC_MPP,bin,95,0,0,0,0,GSE289435,GSM8791437_MLL_28824
S100A9,HSC_MPP,bin,95,0,0,0,0,GSE289435,GSM8791437_MLL_28824
PF4,HSC_MPP,bin,95,0,0,0,0,GSE289435,GSM8791437_MLL_28824
PPBP,HSC_MPP,bin,95,5,0.0440392515404895,5,5.2632,GSE289435,GSM8791437_MLL_28824
VWF,HSC_MPP,bin,95,0,0,0,0,GSE289435,GSM8791437_MLL_28824
ITGA2B,HSC_MPP,bin,95,5,0.0333835303258279,5,5.2632,GSE289435,GSM8791437_MLL_28824
GP9,HSC_MPP,bin,95,1,0.0134072224940963,1,1.0526,GSE289435,GSM8791437_MLL_28824
NFE2,HSC_MPP,bin,95,43,0.446623951712985,63,45.2632,GSE289435,GSM8791437_MLL_28824
GATA1,HSC_MPP,bin,95,4,0.0300170336811936,4,4.2105,GSE289435,GSM8791437_MLL_28824
MPL,HSC_MPP,bin,95,8,0.0667371730618193,10,8.4211,GSE289435,GSM8791437_MLL_28824
CALR,HSC_MPP,bin,95,89,2.03584125190872,771,93.6842,GSE289435,GSM8791437_MLL_28824
JAK2,HSC_MPP,bin,95,10,0.0966400883019526,11,10.5263,GSE289435,GSM8791437_MLL_28824
LEPR,HSC_MPP,bin,95,0,0,0,0,GSE289435,GSM8791437_MLL_28824
CXCL12,HSC_MPP,bin,95,0,0,0,0,GSE289435,GSM8791437_MLL_28824
KITLG,HSC_MPP,bin,95,0,0,0,0,GSE289435,GSM8791437_MLL_28824
ANGPT1,HSC_MPP,bin,95,14,0.172890808274866,20,14.7368,GSE289435,GSM8791437_MLL_28824
VCAM1,HSC_MPP,bin,95,0,0,0,0,GSE289435,GSM8791437_MLL_28824
NES,HSC_MPP,bin,95,0,0,0,0,GSE289435,GSM8791437_MLL_28824
NGFR,HSC_MPP,bin,95,0,0,0,0,GSE289435,GSM8791437_MLL_28824
SFRP2,HSC_MPP,bin,95,0,0,0,0,GSE289435,GSM8791437_MLL_28824
SFRP4,HSC_MPP,bin,95,4,0.0381520491841259,5,4.2105,GSE289435,GSM8791437_MLL_28824
GREM1,HSC_MPP,bin,95,0,0,0,0,GSE289435,GSM8791437_MLL_28824
FAP,HSC_MPP,bin,95,0,0,0,0,GSE289435,GSM8791437_MLL_28824
BGLAP,HSC_MPP,bin,95,0,0,0,0,GSE289435,GSM8791437_MLL_28824
RUNX2,HSC_MPP,bin,95,14,0.134734397308679,16,14.7368,GSE289435,GSM8791437_MLL_28824
SP7,HSC_MPP,bin,95,0,0,0,0,GSE289435,GSM8791437_MLL_28824
ACTA2,HSC_MPP,bin,95,11,0.0793406189861909,14,11.5789,GSE289435,GSM8791437_MLL_28824
TAGLN,HSC_MPP,bin,95,2,0.0110750051333292,2,2.1053,GSE289435,GSM8791437_MLL_28824
RGS5,HSC_MPP,bin,95,1,0.0138359401946254,1,1.0526,GSE289435,GSM8791437_MLL_28824
MYH11,HSC_MPP,bin,95,0,0,0,0,GSE289435,GSM8791437_MLL_28824
CDH5,HSC_MPP,bin,95,0,0,0,0,GSE289435,GSM8791437_MLL_28824
PECAM1,HSC_MPP,bin,95,13,0.122866408036415,14,13.6842,GSE289435,GSM8791437_MLL_28824
EMCN,HSC_MPP,bin,95,3,0.0364819124695824,3,3.1579,GSE289435,GSM8791437_MLL_28824
HIF1A,HSC_MPP,bin,95,43,0.523607061209796,75,45.2632,GSE289435,GSM8791437_MLL_28824
EPAS1,HSC_MPP,bin,95,0,0,0,0,GSE289435,GSM8791437_MLL_28824
CA9,HSC_MPP,bin,95,0,0,0,0,GSE289435,GSM8791437_MLL_28824
LDHA,HSC_MPP,bin,95,73,1.15920841025202,288,76.8421,GSE289435,GSM8791437_MLL_28824
SLC2A1,HSC_MPP,bin,95,9,0.0784640726334911,10,9.4737,GSE289435,GSM8791437_MLL_28824
PGK1,HSC_MPP,bin,95,70,0.997359964905759,185,73.6842,GSE289435,GSM8791437_MLL_28824
ADM,HSC_MPP,bin,95,2,0.0255863400910057,3,2.1053,GSE289435,GSM8791437_MLL_28824
BNIP3,HSC_MPP,bin,95,11,0.0807066252171071,11,11.5789,GSE289435,GSM8791437_MLL_28824
NDRG1,HSC_MPP,bin,95,5,0.0375578538411662,5,5.2632,GSE289435,GSM8791437_MLL_28824
SNAI1,HSC_MPP,bin,95,2,0.0196858492693215,2,2.1053,GSE289435,GSM8791437_MLL_28824
SNAI2,HSC_MPP,bin,95,0,0,0,0,GSE289435,GSM8791437_MLL_28824
TWIST1,HSC_MPP,bin,95,0,0,0,0,GSE289435,GSM8791437_MLL_28824
ZEB1,HSC_MPP,bin,95,6,0.0407883352713285,6,6.3158,GSE289435,GSM8791437_MLL_28824
ZEB2,HSC_MPP,bin,95,48,0.5688374473421,77,50.5263,GSE289435,GSM8791437_MLL_28824
VIM,HSC_MPP,bin,95,83,2.0203322709146,804,87.3684,GSE289435,GSM8791437_MLL_28824
CDH2,HSC_MPP,bin,95,0,0,0,0,GSE289435,GSM8791437_MLL_28824
NECTIN4,HSC_MPP,bin,95,0,0,0,0,GSE289435,GSM8791437_MLL_28824
NECTIN1,HSC_MPP,bin,95,9,0.0660058458399144,9,9.4737,GSE289435,GSM8791437_MLL_28824
NECTIN2,HSC_MPP,bin,95,26,0.268123312330268,30,27.3684,GSE289435,GSM8791437_MLL_28824
NECTIN3,HSC_MPP,bin,95,0,0,0,0,GSE289435,GSM8791437_MLL_28824
PVR,HSC_MPP,bin,95,2,0.0180048051600041,2,2.1053,GSE289435,GSM8791437_MLL_28824
TIGIT,HSC_MPP,bin,95,0,0,0,0,GSE289435,GSM8791437_MLL_28824
CD226,HSC_MPP,bin,95,0,0,0,0,GSE289435,GSM8791437_MLL_28824
CD96,HSC_MPP,bin,95,0,0,0,0,GSE289435,GSM8791437_MLL_28824
C1QA,HSC_MPP,bin,95,0,0,0,0,GSE289435,GSM8791437_MLL_28824
C1QB,HSC_MPP,bin,95,0,0,0,0,GSE289435,GSM8791437_MLL_28824
C1QC,HSC_MPP,bin,95,0,0,0,0,GSE289435,GSM8791437_MLL_28824
CD163,HSC_MPP,bin,95,0,0,0,0,GSE289435,GSM8791437_MLL_28824
MRC1,HSC_MPP,bin,95,0,0,0,0,GSE289435,GSM8791437_MLL_28824
VSIG4,HSC_MPP,bin,95,0,0,0,0,GSE289435,GSM8791437_MLL_28824
SELENOP,HSC_MPP,bin,95,42,0.43345775933212,66,44.2105,GSE289435,GSM8791437_MLL_28824
STAB1,HSC_MPP,bin,95,10,0.0848345604634349,11,10.5263,GSE289435,GSM8791437_MLL_28824
LYVE1,HSC_MPP,bin,95,0,0,0,0,GSE289435,GSM8791437_MLL_28824
MAF,HSC_MPP,bin,95,0,0,0,0,GSE289435,GSM8791437_MLL_28824
FCN1,HSC_MPP,bin,95,2,0.0119587060914991,2,2.1053,GSE289435,GSM8791437_MLL_28824
S100A12,HSC_MPP,bin,95,0,0,0,0,GSE289435,GSM8791437_MLL_28824
SELL,HSC_MPP,bin,95,42,0.50788913855053,81,44.2105,GSE289435,GSM8791437_MLL_28824
CSF3R,HSC_MPP,bin,95,72,1.06619286491378,188,75.7895,GSE289435,GSM8791437_MLL_28824
PLAC8,HSC_MPP,bin,95,61,0.802182874123373,149,64.2105,GSE289435,GSM8791437_MLL_28824
COL1A1,Erythroid,bin,222,0,0,0,0,GSE289435,GSM8791437_MLL_28824
COL1A2,Erythroid,bin,222,0,0,0,0,GSE289435,GSM8791437_MLL_28824
COL3A1,Erythroid,bin,222,1,0.0131837950428877,1,0.4505,GSE289435,GSM8791437_MLL_28824
COL4A1,Erythroid,bin,222,0,0,0,0,GSE289435,GSM8791437_MLL_28824
COL5A1,Erythroid,bin,222,0,0,0,0,GSE289435,GSM8791437_MLL_28824
COL5A2,Erythroid,bin,222,0,0,0,0,GSE289435,GSM8791437_MLL_28824
COL6A1,Erythroid,bin,222,0,0,0,0,GSE289435,GSM8791437_MLL_28824
COL6A2,Erythroid,bin,222,0,0,0,0,GSE289435,GSM8791437_MLL_28824
COL6A3,Erythroid,bin,222,24,0.0823943187845286,25,10.8108,GSE289435,GSM8791437_MLL_28824
COL11A1,Erythroid,bin,222,0,0,0,0,GSE289435,GSM8791437_MLL_28824
FN1,Erythroid,bin,222,0,0,0,0,GSE289435,GSM8791437_MLL_28824
LUM,Erythroid,bin,222,0,0,0,0,GSE289435,GSM8791437_MLL_28824
DCN,Erythroid,bin,222,0,0,0,0,GSE289435,GSM8791437_MLL_28824
POSTN,Erythroid,bin,222,0,0,0,0,GSE289435,GSM8791437_MLL_28824
SPARC,Erythroid,bin,222,19,0.0724687745142565,30,8.5586,GSE289435,GSM8791437_MLL_28824
BGN,Erythroid,bin,222,0,0,0,0,GSE289435,GSM8791437_MLL_28824
VCAN,Erythroid,bin,222,0,0,0,0,GSE289435,GSM8791437_MLL_28824
ELN,Erythroid,bin,222,0,0,0,0,GSE289435,GSM8791437_MLL_28824
FBN1,Erythroid,bin,222,2,0.00424477720558119,2,0.9009,GSE289435,GSM8791437_MLL_28824
MGP,Erythroid,bin,222,0,0,0,0,GSE289435,GSM8791437_MLL_28824
OGN,Erythroid,bin,222,0,0,0,0,GSE289435,GSM8791437_MLL_28824
ASPN,Erythroid,bin,222,0,0,0,0,GSE289435,GSM8791437_MLL_28824
TNC,Erythroid,bin,222,0,0,0,0,GSE289435,GSM8791437_MLL_28824
LTBP1,Erythroid,bin,222,24,0.0977776274492174,47,10.8108,GSE289435,GSM8791437_MLL_28824
LTBP2,Erythroid,bin,222,0,0,0,0,GSE289435,GSM8791437_MLL_28824
LOX,Erythroid,bin,222,0,0,0,0,GSE289435,GSM8791437_MLL_28824
LOXL1,Erythroid,bin,222,0,0,0,0,GSE289435,GSM8791437_MLL_28824
LOXL2,Erythroid,bin,222,0,0,0,0,GSE289435,GSM8791437_MLL_28824
PLOD1,Erythroid,bin,222,19,0.0669495198358629,25,8.5586,GSE289435,GSM8791437_MLL_28824
PLOD2,Erythroid,bin,222,0,0,0,0,GSE289435,GSM8791437_MLL_28824
SERPINH1,Erythroid,bin,222,30,0.0923103075948873,35,13.5135,GSE289435,GSM8791437_MLL_28824
SERPINE1,Erythroid,bin,222,0,0,0,0,GSE289435,GSM8791437_MLL_28824
TIMP1,Erythroid,bin,222,132,0.687494900753233,294,59.4595,GSE289435,GSM8791437_MLL_28824
TIMP2,Erythroid,bin,222,7,0.0304505566883179,7,3.1532,GSE289435,GSM8791437_MLL_28824
TIMP3,Erythroid,bin,222,12,0.0360492374262954,13,5.4054,GSE289435,GSM8791437_MLL_28824
MMP2,Erythroid,bin,222,8,0.0313162747374762,8,3.6036,GSE289435,GSM8791437_MLL_28824
MMP9,Erythroid,bin,222,0,0,0,0,GSE289435,GSM8791437_MLL_28824
MMP14,Erythroid,bin,222,2,0.015051138596138,2,0.9009,GSE289435,GSM8791437_MLL_28824
CTSK,Erythroid,bin,222,4,0.0208913767609032,4,1.8018,GSE289435,GSM8791437_MLL_28824
ADAMTS1,Erythroid,bin,222,2,0.00538426582225692,2,0.9009,GSE289435,GSM8791437_MLL_28824
TGFB1,Erythroid,bin,222,113,0.551090345804054,225,50.9009,GSE289435,GSM8791437_MLL_28824
TGFB2,Erythroid,bin,222,0,0,0,0,GSE289435,GSM8791437_MLL_28824
TGFB3,Erythroid,bin,222,0,0,0,0,GSE289435,GSM8791437_MLL_28824
TGFBR1,Erythroid,bin,222,14,0.0586271126057609,14,6.3063,GSE289435,GSM8791437_MLL_28824
TGFBR2,Erythroid,bin,222,27,0.103715940938836,29,12.1622,GSE289435,GSM8791437_MLL_28824
PDGFA,Erythroid,bin,222,1,0.00123813962507803,1,0.4505,GSE289435,GSM8791437_MLL_28824
PDGFB,Erythroid,bin,222,0,0,0,0,GSE289435,GSM8791437_MLL_28824
PDGFRA,Erythroid,bin,222,1,0.00758788818910051,1,0.4505,GSE289435,GSM8791437_MLL_28824
PDGFRB,Erythroid,bin,222,1,0.0161837857098466,2,0.4505,GSE289435,GSM8791437_MLL_28824
CCN2,Erythroid,bin,222,0,0,0,0,GSE289435,GSM8791437_MLL_28824
CCN1,Erythroid,bin,222,2,0.00547956579818528,2,0.9009,GSE289435,GSM8791437_MLL_28824
IGF1,Erythroid,bin,222,0,0,0,0,GSE289435,GSM8791437_MLL_28824
IGF2,Erythroid,bin,222,0,0,0,0,GSE289435,GSM8791437_MLL_28824
VEGFA,Erythroid,bin,222,9,0.0429485880754977,10,4.0541,GSE289435,GSM8791437_MLL_28824
FGF2,Erythroid,bin,222,0,0,0,0,GSE289435,GSM8791437_MLL_28824
HGF,Erythroid,bin,222,8,0.0337607028093367,8,3.6036,GSE289435,GSM8791437_MLL_28824
OSM,Erythroid,bin,222,28,0.0971841072769033,31,12.6126,GSE289435,GSM8791437_MLL_28824
OSMR,Erythroid,bin,222,0,0,0,0,GSE289435,GSM8791437_MLL_28824
IL11,Erythroid,bin,222,0,0,0,0,GSE289435,GSM8791437_MLL_28824
SPP1,Erythroid,bin,222,0,0,0,0,GSE289435,GSM8791437_MLL_28824
IL1B,Erythroid,bin,222,76,0.339189493500196,150,34.2342,GSE289435,GSM8791437_MLL_28824
IL6,Erythroid,bin,222,0,0,0,0,GSE289435,GSM8791437_MLL_28824
TNF,Erythroid,bin,222,0,0,0,0,GSE289435,GSM8791437_MLL_28824
CXCL8,Erythroid,bin,222,66,0.433516075628201,250,29.7297,GSE289435,GSM8791437_MLL_28824
IL10,Erythroid,bin,222,0,0,0,0,GSE289435,GSM8791437_MLL_28824
IFNG,Erythroid,bin,222,0,0,0,0,GSE289435,GSM8791437_MLL_28824
CCL2,Erythroid,bin,222,0,0,0,0,GSE289435,GSM8791437_MLL_28824
CCL3,Erythroid,bin,222,0,0,0,0,GSE289435,GSM8791437_MLL_28824
CCL4,Erythroid,bin,222,0,0,0,0,GSE289435,GSM8791437_MLL_28824
CXCL1,Erythroid,bin,222,3,0.013250641036244,3,1.3514,GSE289435,GSM8791437_MLL_28824
CXCL2,Erythroid,bin,222,55,0.302436525702593,146,24.7748,GSE289435,GSM8791437_MLL_28824
IL18,Erythroid,bin,222,67,0.285238393694493,95,30.1802,GSE289435,GSM8791437_MLL_28824
NLRP3,Erythroid,bin,222,0,0,0,0,GSE289435,GSM8791437_MLL_28824
S100A8,Erythroid,bin,222,0,0,0,0,GSE289435,GSM8791437_MLL_28824
S100A9,Erythroid,bin,222,1,0.00745857582428841,2,0.4505,GSE289435,GSM8791437_MLL_28824
PF4,Erythroid,bin,222,8,0.0344513157253594,23,3.6036,GSE289435,GSM8791437_MLL_28824
PPBP,Erythroid,bin,222,14,0.0703121128239063,25,6.3063,GSE289435,GSM8791437_MLL_28824
VWF,Erythroid,bin,222,0,0,0,0,GSE289435,GSM8791437_MLL_28824
ITGA2B,Erythroid,bin,222,86,0.438106419296774,233,38.7387,GSE289435,GSM8791437_MLL_28824
GP9,Erythroid,bin,222,0,0,0,0,GSE289435,GSM8791437_MLL_28824
NFE2,Erythroid,bin,222,104,0.522131325897494,190,46.8468,GSE289435,GSM8791437_MLL_28824
GATA1,Erythroid,bin,222,103,0.573801179854317,332,46.3964,GSE289435,GSM8791437_MLL_28824
MPL,Erythroid,bin,222,16,0.0583884195685386,18,7.2072,GSE289435,GSM8791437_MLL_28824
CALR,Erythroid,bin,222,209,1.9028627482074,1395,94.1441,GSE289435,GSM8791437_MLL_28824
JAK2,Erythroid,bin,222,33,0.121803768997706,40,14.8649,GSE289435,GSM8791437_MLL_28824
LEPR,Erythroid,bin,222,6,0.0242926103883844,6,2.7027,GSE289435,GSM8791437_MLL_28824
CXCL12,Erythroid,bin,222,3,0.0218103723215491,5,1.3514,GSE289435,GSM8791437_MLL_28824
KITLG,Erythroid,bin,222,0,0,0,0,GSE289435,GSM8791437_MLL_28824
ANGPT1,Erythroid,bin,222,24,0.103822229475598,32,10.8108,GSE289435,GSM8791437_MLL_28824
VCAM1,Erythroid,bin,222,1,0.0161837857098466,2,0.4505,GSE289435,GSM8791437_MLL_28824
NES,Erythroid,bin,222,0,0,0,0,GSE289435,GSM8791437_MLL_28824
NGFR,Erythroid,bin,222,0,0,0,0,GSE289435,GSM8791437_MLL_28824
SFRP2,Erythroid,bin,222,0,0,0,0,GSE289435,GSM8791437_MLL_28824
SFRP4,Erythroid,bin,222,0,0,0,0,GSE289435,GSM8791437_MLL_28824
GREM1,Erythroid,bin,222,0,0,0,0,GSE289435,GSM8791437_MLL_28824
FAP,Erythroid,bin,222,0,0,0,0,GSE289435,GSM8791437_MLL_28824
BGLAP,Erythroid,bin,222,2,0.00457617987287425,2,0.9009,GSE289435,GSM8791437_MLL_28824
RUNX2,Erythroid,bin,222,24,0.115250094784383,27,10.8108,GSE289435,GSM8791437_MLL_28824
SP7,Erythroid,bin,222,0,0,0,0,GSE289435,GSM8791437_MLL_28824
ACTA2,Erythroid,bin,222,8,0.033362697312318,11,3.6036,GSE289435,GSM8791437_MLL_28824
TAGLN,Erythroid,bin,222,0,0,0,0,GSE289435,GSM8791437_MLL_28824
RGS5,Erythroid,bin,222,0,0,0,0,GSE289435,GSM8791437_MLL_28824
MYH11,Erythroid,bin,222,0,0,0,0,GSE289435,GSM8791437_MLL_28824
CDH5,Erythroid,bin,222,0,0,0,0,GSE289435,GSM8791437_MLL_28824
PECAM1,Erythroid,bin,222,18,0.0602880938803166,22,8.1081,GSE289435,GSM8791437_MLL_28824
EMCN,Erythroid,bin,222,3,0.00763349626392219,4,1.3514,GSE289435,GSM8791437_MLL_28824
HIF1A,Erythroid,bin,222,101,0.516777211098956,178,45.4955,GSE289435,GSM8791437_MLL_28824
EPAS1,Erythroid,bin,222,2,0.0166237367605219,2,0.9009,GSE289435,GSM8791437_MLL_28824
CA9,Erythroid,bin,222,0,0,0,0,GSE289435,GSM8791437_MLL_28824
LDHA,Erythroid,bin,222,150,1.03022637610501,716,67.5676,GSE289435,GSM8791437_MLL_28824
SLC2A1,Erythroid,bin,222,55,0.2069946890344,83,24.7748,GSE289435,GSM8791437_MLL_28824
PGK1,Erythroid,bin,222,167,0.969600838987388,451,75.2252,GSE289435,GSM8791437_MLL_28824
ADM,Erythroid,bin,222,0,0,0,0,GSE289435,GSM8791437_MLL_28824
BNIP3,Erythroid,bin,222,57,0.206315858875608,79,25.6757,GSE289435,GSM8791437_MLL_28824
NDRG1,Erythroid,bin,222,9,0.0368316328073341,9,4.0541,GSE289435,GSM8791437_MLL_28824
SNAI1,Erythroid,bin,222,0,0,0,0,GSE289435,GSM8791437_MLL_28824
SNAI2,Erythroid,bin,222,0,0,0,0,GSE289435,GSM8791437_MLL_28824
TWIST1,Erythroid,bin,222,0,0,0,0,GSE289435,GSM8791437_MLL_28824
ZEB1,Erythroid,bin,222,2,0.00593617489721372,2,0.9009,GSE289435,GSM8791437_MLL_28824
ZEB2,Erythroid,bin,222,123,0.639271028217885,227,55.4054,GSE289435,GSM8791437_MLL_28824
VIM,Erythroid,bin,222,185,1.841253893254,1732,83.3333,GSE289435,GSM8791437_MLL_28824
CDH2,Erythroid,bin,222,0,0,0,0,GSE289435,GSM8791437_MLL_28824
NECTIN4,Erythroid,bin,222,0,0,0,0,GSE289435,GSM8791437_MLL_28824
NECTIN1,Erythroid,bin,222,27,0.0975952736165953,28,12.1622,GSE289435,GSM8791437_MLL_28824
NECTIN2,Erythroid,bin,222,38,0.140880513430741,40,17.1171,GSE289435,GSM8791437_MLL_28824
NECTIN3,Erythroid,bin,222,0,0,0,0,GSE289435,GSM8791437_MLL_28824
PVR,Erythroid,bin,222,2,0.00390881408905143,2,0.9009,GSE289435,GSM8791437_MLL_28824
TIGIT,Erythroid,bin,222,0,0,0,0,GSE289435,GSM8791437_MLL_28824
CD226,Erythroid,bin,222,0,0,0,0,GSE289435,GSM8791437_MLL_28824
CD96,Erythroid,bin,222,2,0.00360354505015866,2,0.9009,GSE289435,GSM8791437_MLL_28824
C1QA,Erythroid,bin,222,0,0,0,0,GSE289435,GSM8791437_MLL_28824
C1QB,Erythroid,bin,222,0,0,0,0,GSE289435,GSM8791437_MLL_28824
C1QC,Erythroid,bin,222,0,0,0,0,GSE289435,GSM8791437_MLL_28824
CD163,Erythroid,bin,222,0,0,0,0,GSE289435,GSM8791437_MLL_28824
MRC1,Erythroid,bin,222,0,0,0,0,GSE289435,GSM8791437_MLL_28824
VSIG4,Erythroid,bin,222,0,0,0,0,GSE289435,GSM8791437_MLL_28824
SELENOP,Erythroid,bin,222,52,0.220252021031907,81,23.4234,GSE289435,GSM8791437_MLL_28824
STAB1,Erythroid,bin,222,6,0.0224988870863987,7,2.7027,GSE289435,GSM8791437_MLL_28824
LYVE1,Erythroid,bin,222,0,0,0,0,GSE289435,GSM8791437_MLL_28824
MAF,Erythroid,bin,222,0,0,0,0,GSE289435,GSM8791437_MLL_28824
FCN1,Erythroid,bin,222,0,0,0,0,GSE289435,GSM8791437_MLL_28824
S100A12,Erythroid,bin,222,0,0,0,0,GSE289435,GSM8791437_MLL_28824
SELL,Erythroid,bin,222,14,0.0630581544056442,15,6.3063,GSE289435,GSM8791437_MLL_28824
CSF3R,Erythroid,bin,222,57,0.349208507582802,111,25.6757,GSE289435,GSM8791437_MLL_28824
PLAC8,Erythroid,bin,222,98,0.475740260795553,182,44.1441,GSE289435,GSM8791437_MLL_28824
COL1A1,Mono_DC,bin,17,0,0,0,0,GSE289435,GSM8791437_MLL_28824
COL1A2,Mono_DC,bin,17,0,0,0,0,GSE289435,GSM8791437_MLL_28824
COL3A1,Mono_DC,bin,17,0,0,0,0,GSE289435,GSM8791437_MLL_28824
COL4A1,Mono_DC,bin,17,0,0,0,0,GSE289435,GSM8791437_MLL_28824
COL5A1,Mono_DC,bin,17,0,0,0,0,GSE289435,GSM8791437_MLL_28824
COL5A2,Mono_DC,bin,17,0,0,0,0,GSE289435,GSM8791437_MLL_28824
COL6A1,Mono_DC,bin,17,0,0,0,0,GSE289435,GSM8791437_MLL_28824
COL6A2,Mono_DC,bin,17,0,0,0,0,GSE289435,GSM8791437_MLL_28824
COL6A3,Mono_DC,bin,17,0,0,0,0,GSE289435,GSM8791437_MLL_28824
COL11A1,Mono_DC,bin,17,0,0,0,0,GSE289435,GSM8791437_MLL_28824
FN1,Mono_DC,bin,17,0,0,0,0,GSE289435,GSM8791437_MLL_28824
LUM,Mono_DC,bin,17,0,0,0,0,GSE289435,GSM8791437_MLL_28824
DCN,Mono_DC,bin,17,0,0,0,0,GSE289435,GSM8791437_MLL_28824
POSTN,Mono_DC,bin,17,0,0,0,0,GSE289435,GSM8791437_MLL_28824
SPARC,Mono_DC,bin,17,1,0.0888799338407462,1,5.8824,GSE289435,GSM8791437_MLL_28824
BGN,Mono_DC,bin,17,0,0,0,0,GSE289435,GSM8791437_MLL_28824
VCAN,Mono_DC,bin,17,11,1.04692948236733,19,64.7059,GSE289435,GSM8791437_MLL_28824
ELN,Mono_DC,bin,17,0,0,0,0,GSE289435,GSM8791437_MLL_28824
FBN1,Mono_DC,bin,17,0,0,0,0,GSE289435,GSM8791437_MLL_28824
MGP,Mono_DC,bin,17,0,0,0,0,GSE289435,GSM8791437_MLL_28824
OGN,Mono_DC,bin,17,0,0,0,0,GSE289435,GSM8791437_MLL_28824
ASPN,Mono_DC,bin,17,0,0,0,0,GSE289435,GSM8791437_MLL_28824
TNC,Mono_DC,bin,17,0,0,0,0,GSE289435,GSM8791437_MLL_28824
LTBP1,Mono_DC,bin,17,0,0,0,0,GSE289435,GSM8791437_MLL_28824
LTBP2,Mono_DC,bin,17,0,0,0,0,GSE289435,GSM8791437_MLL_28824
LOX,Mono_DC,bin,17,0,0,0,0,GSE289435,GSM8791437_MLL_28824
LOXL1,Mono_DC,bin,17,0,0,0,0,GSE289435,GSM8791437_MLL_28824
LOXL2,Mono_DC,bin,17,0,0,0,0,GSE289435,GSM8791437_MLL_28824
PLOD1,Mono_DC,bin,17,0,0,0,0,GSE289435,GSM8791437_MLL_28824
PLOD2,Mono_DC,bin,17,0,0,0,0,GSE289435,GSM8791437_MLL_28824
SERPINH1,Mono_DC,bin,17,0,0,0,0,GSE289435,GSM8791437_MLL_28824
SERPINE1,Mono_DC,bin,17,0,0,0,0,GSE289435,GSM8791437_MLL_28824
TIMP1,Mono_DC,bin,17,7,0.825661994667413,20,41.1765,GSE289435,GSM8791437_MLL_28824
TIMP2,Mono_DC,bin,17,2,0.199855197420011,2,11.7647,GSE289435,GSM8791437_MLL_28824
TIMP3,Mono_DC,bin,17,0,0,0,0,GSE289435,GSM8791437_MLL_28824
MMP2,Mono_DC,bin,17,0,0,0,0,GSE289435,GSM8791437_MLL_28824
MMP9,Mono_DC,bin,17,0,0,0,0,GSE289435,GSM8791437_MLL_28824
MMP14,Mono_DC,bin,17,0,0,0,0,GSE289435,GSM8791437_MLL_28824
CTSK,Mono_DC,bin,17,0,0,0,0,GSE289435,GSM8791437_MLL_28824
ADAMTS1,Mono_DC,bin,17,0,0,0,0,GSE289435,GSM8791437_MLL_28824
TGFB1,Mono_DC,bin,17,7,0.614940741009402,9,41.1765,GSE289435,GSM8791437_MLL_28824
TGFB2,Mono_DC,bin,17,0,0,0,0,GSE289435,GSM8791437_MLL_28824
TGFB3,Mono_DC,bin,17,0,0,0,0,GSE289435,GSM8791437_MLL_28824
TGFBR1,Mono_DC,bin,17,1,0.117946256285164,1,5.8824,GSE289435,GSM8791437_MLL_28824
TGFBR2,Mono_DC,bin,17,3,0.347778614628917,4,17.6471,GSE289435,GSM8791437_MLL_28824
PDGFA,Mono_DC,bin,17,0,0,0,0,GSE289435,GSM8791437_MLL_28824
PDGFB,Mono_DC,bin,17,0,0,0,0,GSE289435,GSM8791437_MLL_28824
PDGFRA,Mono_DC,bin,17,0,0,0,0,GSE289435,GSM8791437_MLL_28824
PDGFRB,Mono_DC,bin,17,0,0,0,0,GSE289435,GSM8791437_MLL_28824
CCN2,Mono_DC,bin,17,0,0,0,0,GSE289435,GSM8791437_MLL_28824
CCN1,Mono_DC,bin,17,0,0,0,0,GSE289435,GSM8791437_MLL_28824
IGF1,Mono_DC,bin,17,0,0,0,0,GSE289435,GSM8791437_MLL_28824
IGF2,Mono_DC,bin,17,0,0,0,0,GSE289435,GSM8791437_MLL_28824
VEGFA,Mono_DC,bin,17,2,0.202132038646268,2,11.7647,GSE289435,GSM8791437_MLL_28824
FGF2,Mono_DC,bin,17,0,0,0,0,GSE289435,GSM8791437_MLL_28824
HGF,Mono_DC,bin,17,0,0,0,0,GSE289435,GSM8791437_MLL_28824
OSM,Mono_DC,bin,17,2,0.117257937792669,2,11.7647,GSE289435,GSM8791437_MLL_28824
OSMR,Mono_DC,bin,17,0,0,0,0,GSE289435,GSM8791437_MLL_28824
IL11,Mono_DC,bin,17,0,0,0,0,GSE289435,GSM8791437_MLL_28824
SPP1,Mono_DC,bin,17,0,0,0,0,GSE289435,GSM8791437_MLL_28824
IL1B,Mono_DC,bin,17,7,0.917955639235698,31,41.1765,GSE289435,GSM8791437_MLL_28824
IL6,Mono_DC,bin,17,0,0,0,0,GSE289435,GSM8791437_MLL_28824
TNF,Mono_DC,bin,17,4,0.449660020127247,5,23.5294,GSE289435,GSM8791437_MLL_28824
CXCL8,Mono_DC,bin,17,8,0.994584058501112,22,47.0588,GSE289435,GSM8791437_MLL_28824
IL10,Mono_DC,bin,17,0,0,0,0,GSE289435,GSM8791437_MLL_28824
IFNG,Mono_DC,bin,17,0,0,0,0,GSE289435,GSM8791437_MLL_28824
CCL2,Mono_DC,bin,17,0,0,0,0,GSE289435,GSM8791437_MLL_28824
CCL3,Mono_DC,bin,17,8,1.10910586839324,40,47.0588,GSE289435,GSM8791437_MLL_28824
CCL4,Mono_DC,bin,17,5,0.720890583169848,34,29.4118,GSE289435,GSM8791437_MLL_28824
CXCL1,Mono_DC,bin,17,0,0,0,0,GSE289435,GSM8791437_MLL_28824
CXCL2,Mono_DC,bin,17,3,0.446094706011734,13,17.6471,GSE289435,GSM8791437_MLL_28824
IL18,Mono_DC,bin,17,3,0.249925026437305,3,17.6471,GSE289435,GSM8791437_MLL_28824
NLRP3,Mono_DC,bin,17,6,0.603306237085417,8,35.2941,GSE289435,GSM8791437_MLL_28824
S100A8,Mono_DC,bin,17,14,3.57430215886913,444,82.3529,GSE289435,GSM8791437_MLL_28824
S100A9,Mono_DC,bin,17,14,3.31551086584823,419,82.3529,GSE289435,GSM8791437_MLL_28824
PF4,Mono_DC,bin,17,1,0.0627265544970523,1,5.8824,GSE289435,GSM8791437_MLL_28824
PPBP,Mono_DC,bin,17,2,0.169443641229112,2,11.7647,GSE289435,GSM8791437_MLL_28824
VWF,Mono_DC,bin,17,0,0,0,0,GSE289435,GSM8791437_MLL_28824
ITGA2B,Mono_DC,bin,17,0,0,0,0,GSE289435,GSM8791437_MLL_28824
GP9,Mono_DC,bin,17,0,0,0,0,GSE289435,GSM8791437_MLL_28824
NFE2,Mono_DC,bin,17,0,0,0,0,GSE289435,GSM8791437_MLL_28824
GATA1,Mono_DC,bin,17,0,0,0,0,GSE289435,GSM8791437_MLL_28824
MPL,Mono_DC,bin,17,0,0,0,0,GSE289435,GSM8791437_MLL_28824
CALR,Mono_DC,bin,17,11,1.15791913062673,18,64.7059,GSE289435,GSM8791437_MLL_28824
JAK2,Mono_DC,bin,17,1,0.0649634528611031,1,5.8824,GSE289435,GSM8791437_MLL_28824
LEPR,Mono_DC,bin,17,0,0,0,0,GSE289435,GSM8791437_MLL_28824
CXCL12,Mono_DC,bin,17,0,0,0,0,GSE289435,GSM8791437_MLL_28824
KITLG,Mono_DC,bin,17,0,0,0,0,GSE289435,GSM8791437_MLL_28824
ANGPT1,Mono_DC,bin,17,1,0.0627265544970523,1,5.8824,GSE289435,GSM8791437_MLL_28824
VCAM1,Mono_DC,bin,17,0,0,0,0,GSE289435,GSM8791437_MLL_28824
NES,Mono_DC,bin,17,0,0,0,0,GSE289435,GSM8791437_MLL_28824
NGFR,Mono_DC,bin,17,0,0,0,0,GSE289435,GSM8791437_MLL_28824
SFRP2,Mono_DC,bin,17,0,0,0,0,GSE289435,GSM8791437_MLL_28824
SFRP4,Mono_DC,bin,17,0,0,0,0,GSE289435,GSM8791437_MLL_28824
GREM1,Mono_DC,bin,17,0,0,0,0,GSE289435,GSM8791437_MLL_28824
FAP,Mono_DC,bin,17,0,0,0,0,GSE289435,GSM8791437_MLL_28824
BGLAP,Mono_DC,bin,17,0,0,0,0,GSE289435,GSM8791437_MLL_28824
RUNX2,Mono_DC,bin,17,2,0.194700768582462,2,11.7647,GSE289435,GSM8791437_MLL_28824
SP7,Mono_DC,bin,17,0,0,0,0,GSE289435,GSM8791437_MLL_28824
ACTA2,Mono_DC,bin,17,0,0,0,0,GSE289435,GSM8791437_MLL_28824
TAGLN,Mono_DC,bin,17,0,0,0,0,GSE289435,GSM8791437_MLL_28824
RGS5,Mono_DC,bin,17,0,0,0,0,GSE289435,GSM8791437_MLL_28824
MYH11,Mono_DC,bin,17,0,0,0,0,GSE289435,GSM8791437_MLL_28824
CDH5,Mono_DC,bin,17,0,0,0,0,GSE289435,GSM8791437_MLL_28824
PECAM1,Mono_DC,bin,17,3,0.306131582588697,4,17.6471,GSE289435,GSM8791437_MLL_28824
EMCN,Mono_DC,bin,17,0,0,0,0,GSE289435,GSM8791437_MLL_28824
HIF1A,Mono_DC,bin,17,13,1.44246829799885,26,76.4706,GSE289435,GSM8791437_MLL_28824
EPAS1,Mono_DC,bin,17,0,0,0,0,GSE289435,GSM8791437_MLL_28824
CA9,Mono_DC,bin,17,0,0,0,0,GSE289435,GSM8791437_MLL_28824
LDHA,Mono_DC,bin,17,7,0.746162490171901,13,41.1765,GSE289435,GSM8791437_MLL_28824
SLC2A1,Mono_DC,bin,17,1,0.0819504957231245,1,5.8824,GSE289435,GSM8791437_MLL_28824
PGK1,Mono_DC,bin,17,14,1.49643241987315,21,82.3529,GSE289435,GSM8791437_MLL_28824
ADM,Mono_DC,bin,17,1,0.085760727873067,1,5.8824,GSE289435,GSM8791437_MLL_28824
BNIP3,Mono_DC,bin,17,1,0.0556904306460425,1,5.8824,GSE289435,GSM8791437_MLL_28824
NDRG1,Mono_DC,bin,17,0,0,0,0,GSE289435,GSM8791437_MLL_28824
SNAI1,Mono_DC,bin,17,1,0.0649634528611031,1,5.8824,GSE289435,GSM8791437_MLL_28824
SNAI2,Mono_DC,bin,17,0,0,0,0,GSE289435,GSM8791437_MLL_28824
TWIST1,Mono_DC,bin,17,0,0,0,0,GSE289435,GSM8791437_MLL_28824
ZEB1,Mono_DC,bin,17,0,0,0,0,GSE289435,GSM8791437_MLL_28824
ZEB2,Mono_DC,bin,17,13,1.29504383735635,21,76.4706,GSE289435,GSM8791437_MLL_28824
VIM,Mono_DC,bin,17,17,3.33287543041727,184,100,GSE289435,GSM8791437_MLL_28824
CDH2,Mono_DC,bin,17,0,0,0,0,GSE289435,GSM8791437_MLL_28824
NECTIN4,Mono_DC,bin,17,0,0,0,0,GSE289435,GSM8791437_MLL_28824
NECTIN1,Mono_DC,bin,17,0,0,0,0,GSE289435,GSM8791437_MLL_28824
NECTIN2,Mono_DC,bin,17,2,0.15072418073417,2,11.7647,GSE289435,GSM8791437_MLL_28824
NECTIN3,Mono_DC,bin,17,0,0,0,0,GSE289435,GSM8791437_MLL_28824
PVR,Mono_DC,bin,17,0,0,0,0,GSE289435,GSM8791437_MLL_28824
TIGIT,Mono_DC,bin,17,0,0,0,0,GSE289435,GSM8791437_MLL_28824
CD226,Mono_DC,bin,17,0,0,0,0,GSE289435,GSM8791437_MLL_28824
CD96,Mono_DC,bin,17,0,0,0,0,GSE289435,GSM8791437_MLL_28824
C1QA,Mono_DC,bin,17,0,0,0,0,GSE289435,GSM8791437_MLL_28824
C1QB,Mono_DC,bin,17,0,0,0,0,GSE289435,GSM8791437_MLL_28824
C1QC,Mono_DC,bin,17,0,0,0,0,GSE289435,GSM8791437_MLL_28824
CD163,Mono_DC,bin,17,1,0.0649634528611031,1,5.8824,GSE289435,GSM8791437_MLL_28824
MRC1,Mono_DC,bin,17,0,0,0,0,GSE289435,GSM8791437_MLL_28824
VSIG4,Mono_DC,bin,17,0,0,0,0,GSE289435,GSM8791437_MLL_28824
SELENOP,Mono_DC,bin,17,0,0,0,0,GSE289435,GSM8791437_MLL_28824
STAB1,Mono_DC,bin,17,0,0,0,0,GSE289435,GSM8791437_MLL_28824
LYVE1,Mono_DC,bin,17,0,0,0,0,GSE289435,GSM8791437_MLL_28824
MAF,Mono_DC,bin,17,0,0,0,0,GSE289435,GSM8791437_MLL_28824
FCN1,Mono_DC,bin,17,10,1.50446489808268,41,58.8235,GSE289435,GSM8791437_MLL_28824
S100A12,Mono_DC,bin,17,7,0.648650182161476,12,41.1765,GSE289435,GSM8791437_MLL_28824
SELL,Mono_DC,bin,17,7,0.63640112742773,8,41.1765,GSE289435,GSM8791437_MLL_28824
CSF3R,Mono_DC,bin,17,4,0.414201261874484,6,23.5294,GSE289435,GSM8791437_MLL_28824
PLAC8,Mono_DC,bin,17,5,0.540917495275838,10,29.4118,GSE289435,GSM8791437_MLL_28824
COL1A1,Megakaryocyte,bin,46,0,0,0,0,GSE289435,GSM8791437_MLL_28824
COL1A2,Megakaryocyte,bin,46,0,0,0,0,GSE289435,GSM8791437_MLL_28824
COL3A1,Megakaryocyte,bin,46,0,0,0,0,GSE289435,GSM8791437_MLL_28824
COL4A1,Megakaryocyte,bin,46,0,0,0,0,GSE289435,GSM8791437_MLL_28824
COL5A1,Megakaryocyte,bin,46,0,0,0,0,GSE289435,GSM8791437_MLL_28824
COL5A2,Megakaryocyte,bin,46,0,0,0,0,GSE289435,GSM8791437_MLL_28824
COL6A1,Megakaryocyte,bin,46,0,0,0,0,GSE289435,GSM8791437_MLL_28824
COL6A2,Megakaryocyte,bin,46,0,0,0,0,GSE289435,GSM8791437_MLL_28824
COL6A3,Megakaryocyte,bin,46,10,0.143777533040937,12,21.7391,GSE289435,GSM8791437_MLL_28824
COL11A1,Megakaryocyte,bin,46,0,0,0,0,GSE289435,GSM8791437_MLL_28824
FN1,Megakaryocyte,bin,46,0,0,0,0,GSE289435,GSM8791437_MLL_28824
LUM,Megakaryocyte,bin,46,0,0,0,0,GSE289435,GSM8791437_MLL_28824
DCN,Megakaryocyte,bin,46,0,0,0,0,GSE289435,GSM8791437_MLL_28824
POSTN,Megakaryocyte,bin,46,0,0,0,0,GSE289435,GSM8791437_MLL_28824
SPARC,Megakaryocyte,bin,46,30,0.750648457564823,106,65.2174,GSE289435,GSM8791437_MLL_28824
BGN,Megakaryocyte,bin,46,0,0,0,0,GSE289435,GSM8791437_MLL_28824
VCAN,Megakaryocyte,bin,46,0,0,0,0,GSE289435,GSM8791437_MLL_28824
ELN,Megakaryocyte,bin,46,2,0.0325230208098411,2,4.3478,GSE289435,GSM8791437_MLL_28824
FBN1,Megakaryocyte,bin,46,0,0,0,0,GSE289435,GSM8791437_MLL_28824
MGP,Megakaryocyte,bin,46,0,0,0,0,GSE289435,GSM8791437_MLL_28824
OGN,Megakaryocyte,bin,46,0,0,0,0,GSE289435,GSM8791437_MLL_28824
ASPN,Megakaryocyte,bin,46,0,0,0,0,GSE289435,GSM8791437_MLL_28824
TNC,Megakaryocyte,bin,46,0,0,0,0,GSE289435,GSM8791437_MLL_28824
LTBP1,Megakaryocyte,bin,46,33,1.16071411299203,232,71.7391,GSE289435,GSM8791437_MLL_28824
LTBP2,Megakaryocyte,bin,46,0,0,0,0,GSE289435,GSM8791437_MLL_28824
LOX,Megakaryocyte,bin,46,3,0.0498886727065403,5,6.5217,GSE289435,GSM8791437_MLL_28824
LOXL1,Megakaryocyte,bin,46,0,0,0,0,GSE289435,GSM8791437_MLL_28824
LOXL2,Megakaryocyte,bin,46,0,0,0,0,GSE289435,GSM8791437_MLL_28824
PLOD1,Megakaryocyte,bin,46,11,0.161257947821271,11,23.913,GSE289435,GSM8791437_MLL_28824
PLOD2,Megakaryocyte,bin,46,0,0,0,0,GSE289435,GSM8791437_MLL_28824
SERPINH1,Megakaryocyte,bin,46,12,0.153803197137823,16,26.087,GSE289435,GSM8791437_MLL_28824
SERPINE1,Megakaryocyte,bin,46,1,0.042569158739125,3,2.1739,GSE289435,GSM8791437_MLL_28824
TIMP1,Megakaryocyte,bin,46,41,1.55838755190416,318,89.1304,GSE289435,GSM8791437_MLL_28824
TIMP2,Megakaryocyte,bin,46,2,0.0448789371817576,2,4.3478,GSE289435,GSM8791437_MLL_28824
TIMP3,Megakaryocyte,bin,46,6,0.116354610486141,12,13.0435,GSE289435,GSM8791437_MLL_28824
MMP2,Megakaryocyte,bin,46,1,0.00956768234053243,1,2.1739,GSE289435,GSM8791437_MLL_28824
MMP9,Megakaryocyte,bin,46,0,0,0,0,GSE289435,GSM8791437_MLL_28824
MMP14,Megakaryocyte,bin,46,4,0.025849174666586,4,8.6957,GSE289435,GSM8791437_MLL_28824
CTSK,Megakaryocyte,bin,46,0,0,0,0,GSE289435,GSM8791437_MLL_28824
ADAMTS1,Megakaryocyte,bin,46,0,0,0,0,GSE289435,GSM8791437_MLL_28824
TGFB1,Megakaryocyte,bin,46,36,1.22770693915669,249,78.2609,GSE289435,GSM8791437_MLL_28824
TGFB2,Megakaryocyte,bin,46,0,0,0,0,GSE289435,GSM8791437_MLL_28824
TGFB3,Megakaryocyte,bin,46,0,0,0,0,GSE289435,GSM8791437_MLL_28824
TGFBR1,Megakaryocyte,bin,46,2,0.0742018917625776,2,4.3478,GSE289435,GSM8791437_MLL_28824
TGFBR2,Megakaryocyte,bin,46,8,0.147338409249642,9,17.3913,GSE289435,GSM8791437_MLL_28824
PDGFA,Megakaryocyte,bin,46,1,0.0240906413553959,1,2.1739,GSE289435,GSM8791437_MLL_28824
PDGFB,Megakaryocyte,bin,46,0,0,0,0,GSE289435,GSM8791437_MLL_28824
PDGFRA,Megakaryocyte,bin,46,0,0,0,0,GSE289435,GSM8791437_MLL_28824
PDGFRB,Megakaryocyte,bin,46,1,0.00333908502534438,1,2.1739,GSE289435,GSM8791437_MLL_28824
CCN2,Megakaryocyte,bin,46,0,0,0,0,GSE289435,GSM8791437_MLL_28824
CCN1,Megakaryocyte,bin,46,2,0.00838157717753326,2,4.3478,GSE289435,GSM8791437_MLL_28824
IGF1,Megakaryocyte,bin,46,0,0,0,0,GSE289435,GSM8791437_MLL_28824
IGF2,Megakaryocyte,bin,46,0,0,0,0,GSE289435,GSM8791437_MLL_28824
VEGFA,Megakaryocyte,bin,46,1,0.0221555385788961,1,2.1739,GSE289435,GSM8791437_MLL_28824
FGF2,Megakaryocyte,bin,46,0,0,0,0,GSE289435,GSM8791437_MLL_28824
HGF,Megakaryocyte,bin,46,0,0,0,0,GSE289435,GSM8791437_MLL_28824
OSM,Megakaryocyte,bin,46,1,0.00812026800386314,1,2.1739,GSE289435,GSM8791437_MLL_28824
OSMR,Megakaryocyte,bin,46,0,0,0,0,GSE289435,GSM8791437_MLL_28824
IL11,Megakaryocyte,bin,46,0,0,0,0,GSE289435,GSM8791437_MLL_28824
SPP1,Megakaryocyte,bin,46,0,0,0,0,GSE289435,GSM8791437_MLL_28824
IL1B,Megakaryocyte,bin,46,15,0.278056907569584,44,32.6087,GSE289435,GSM8791437_MLL_28824
IL6,Megakaryocyte,bin,46,0,0,0,0,GSE289435,GSM8791437_MLL_28824
TNF,Megakaryocyte,bin,46,1,0.00333908502534438,1,2.1739,GSE289435,GSM8791437_MLL_28824
CXCL8,Megakaryocyte,bin,46,14,0.611603884518125,180,30.4348,GSE289435,GSM8791437_MLL_28824
IL10,Megakaryocyte,bin,46,0,0,0,0,GSE289435,GSM8791437_MLL_28824
IFNG,Megakaryocyte,bin,46,0,0,0,0,GSE289435,GSM8791437_MLL_28824
CCL2,Megakaryocyte,bin,46,0,0,0,0,GSE289435,GSM8791437_MLL_28824
CCL3,Megakaryocyte,bin,46,0,0,0,0,GSE289435,GSM8791437_MLL_28824
CCL4,Megakaryocyte,bin,46,0,0,0,0,GSE289435,GSM8791437_MLL_28824
CXCL1,Megakaryocyte,bin,46,1,0.00504249215218888,1,2.1739,GSE289435,GSM8791437_MLL_28824
CXCL2,Megakaryocyte,bin,46,27,0.753905404655899,120,58.6957,GSE289435,GSM8791437_MLL_28824
IL18,Megakaryocyte,bin,46,16,0.294359265652695,22,34.7826,GSE289435,GSM8791437_MLL_28824
NLRP3,Megakaryocyte,bin,46,0,0,0,0,GSE289435,GSM8791437_MLL_28824
S100A8,Megakaryocyte,bin,46,0,0,0,0,GSE289435,GSM8791437_MLL_28824
S100A9,Megakaryocyte,bin,46,0,0,0,0,GSE289435,GSM8791437_MLL_28824
PF4,Megakaryocyte,bin,46,45,2.76882590968834,1327,97.8261,GSE289435,GSM8791437_MLL_28824
PPBP,Megakaryocyte,bin,46,40,3.29405102137563,4105,86.9565,GSE289435,GSM8791437_MLL_28824
VWF,Megakaryocyte,bin,46,11,0.240342521112292,23,23.913,GSE289435,GSM8791437_MLL_28824
ITGA2B,Megakaryocyte,bin,46,41,1.89550586601141,549,89.1304,GSE289435,GSM8791437_MLL_28824
GP9,Megakaryocyte,bin,46,26,1.17907558041958,380,56.5217,GSE289435,GSM8791437_MLL_28824
NFE2,Megakaryocyte,bin,46,22,0.430542399152094,54,47.8261,GSE289435,GSM8791437_MLL_28824
GATA1,Megakaryocyte,bin,46,35,1.06833141516021,225,76.087,GSE289435,GSM8791437_MLL_28824
MPL,Megakaryocyte,bin,46,13,0.178530944011746,20,28.2609,GSE289435,GSM8791437_MLL_28824
CALR,Megakaryocyte,bin,46,42,2.26418188345524,867,91.3043,GSE289435,GSM8791437_MLL_28824
JAK2,Megakaryocyte,bin,46,9,0.0979242764378201,12,19.5652,GSE289435,GSM8791437_MLL_28824
LEPR,Megakaryocyte,bin,46,4,0.0299005640195055,4,8.6957,GSE289435,GSM8791437_MLL_28824
CXCL12,Megakaryocyte,bin,46,30,1.01849024867887,230,65.2174,GSE289435,GSM8791437_MLL_28824
KITLG,Megakaryocyte,bin,46,1,0.00600159906940655,1,2.1739,GSE289435,GSM8791437_MLL_28824
ANGPT1,Megakaryocyte,bin,46,28,0.697050701030509,106,60.8696,GSE289435,GSM8791437_MLL_28824
VCAM1,Megakaryocyte,bin,46,0,0,0,0,GSE289435,GSM8791437_MLL_28824
NES,Megakaryocyte,bin,46,1,0.00504249215218888,1,2.1739,GSE289435,GSM8791437_MLL_28824
NGFR,Megakaryocyte,bin,46,0,0,0,0,GSE289435,GSM8791437_MLL_28824
SFRP2,Megakaryocyte,bin,46,0,0,0,0,GSE289435,GSM8791437_MLL_28824
SFRP4,Megakaryocyte,bin,46,1,0.00956768234053243,1,2.1739,GSE289435,GSM8791437_MLL_28824
GREM1,Megakaryocyte,bin,46,0,0,0,0,GSE289435,GSM8791437_MLL_28824
FAP,Megakaryocyte,bin,46,0,0,0,0,GSE289435,GSM8791437_MLL_28824
BGLAP,Megakaryocyte,bin,46,0,0,0,0,GSE289435,GSM8791437_MLL_28824
RUNX2,Megakaryocyte,bin,46,1,0.0124038762021129,1,2.1739,GSE289435,GSM8791437_MLL_28824
SP7,Megakaryocyte,bin,46,0,0,0,0,GSE289435,GSM8791437_MLL_28824
ACTA2,Megakaryocyte,bin,46,8,0.0661704554579148,9,17.3913,GSE289435,GSM8791437_MLL_28824
TAGLN,Megakaryocyte,bin,46,0,0,0,0,GSE289435,GSM8791437_MLL_28824
RGS5,Megakaryocyte,bin,46,0,0,0,0,GSE289435,GSM8791437_MLL_28824
MYH11,Megakaryocyte,bin,46,1,0.0210785875727869,1,2.1739,GSE289435,GSM8791437_MLL_28824
CDH5,Megakaryocyte,bin,46,2,0.0122155775469738,2,4.3478,GSE289435,GSM8791437_MLL_28824
PECAM1,Megakaryocyte,bin,46,33,0.780980045399262,122,71.7391,GSE289435,GSM8791437_MLL_28824
EMCN,Megakaryocyte,bin,46,4,0.034493947187718,7,8.6957,GSE289435,GSM8791437_MLL_28824
HIF1A,Megakaryocyte,bin,46,23,0.449431016346944,50,50,GSE289435,GSM8791437_MLL_28824
EPAS1,Megakaryocyte,bin,46,0,0,0,0,GSE289435,GSM8791437_MLL_28824
CA9,Megakaryocyte,bin,46,0,0,0,0,GSE289435,GSM8791437_MLL_28824
LDHA,Megakaryocyte,bin,46,39,1.6542093924966,430,84.7826,GSE289435,GSM8791437_MLL_28824
SLC2A1,Megakaryocyte,bin,46,14,0.192112673590873,17,30.4348,GSE289435,GSM8791437_MLL_28824
PGK1,Megakaryocyte,bin,46,33,1.06911377563672,176,71.7391,GSE289435,GSM8791437_MLL_28824
ADM,Megakaryocyte,bin,46,0,0,0,0,GSE289435,GSM8791437_MLL_28824
BNIP3,Megakaryocyte,bin,46,24,0.404895788051157,46,52.1739,GSE289435,GSM8791437_MLL_28824
NDRG1,Megakaryocyte,bin,46,2,0.0314542567484959,2,4.3478,GSE289435,GSM8791437_MLL_28824
SNAI1,Megakaryocyte,bin,46,2,0.026627246469076,2,4.3478,GSE289435,GSM8791437_MLL_28824
SNAI2,Megakaryocyte,bin,46,0,0,0,0,GSE289435,GSM8791437_MLL_28824
TWIST1,Megakaryocyte,bin,46,1,0.0052349994928533,1,2.1739,GSE289435,GSM8791437_MLL_28824
ZEB1,Megakaryocyte,bin,46,1,0.00818149000791516,1,2.1739,GSE289435,GSM8791437_MLL_28824
ZEB2,Megakaryocyte,bin,46,29,0.623667032743259,95,63.0435,GSE289435,GSM8791437_MLL_28824
VIM,Megakaryocyte,bin,46,37,1.44616123506646,318,80.4348,GSE289435,GSM8791437_MLL_28824
CDH2,Megakaryocyte,bin,46,0,0,0,0,GSE289435,GSM8791437_MLL_28824
NECTIN4,Megakaryocyte,bin,46,0,0,0,0,GSE289435,GSM8791437_MLL_28824
NECTIN1,Megakaryocyte,bin,46,5,0.0786352582613509,6,10.8696,GSE289435,GSM8791437_MLL_28824
NECTIN2,Megakaryocyte,bin,46,15,0.250502828139459,30,32.6087,GSE289435,GSM8791437_MLL_28824
NECTIN3,Megakaryocyte,bin,46,0,0,0,0,GSE289435,GSM8791437_MLL_28824
PVR,Megakaryocyte,bin,46,4,0.033385996013479,4,8.6957,GSE289435,GSM8791437_MLL_28824
TIGIT,Megakaryocyte,bin,46,0,0,0,0,GSE289435,GSM8791437_MLL_28824
CD226,Megakaryocyte,bin,46,7,0.113968087138171,12,15.2174,GSE289435,GSM8791437_MLL_28824
CD96,Megakaryocyte,bin,46,1,0.0230896335418386,1,2.1739,GSE289435,GSM8791437_MLL_28824
C1QA,Megakaryocyte,bin,46,0,0,0,0,GSE289435,GSM8791437_MLL_28824
C1QB,Megakaryocyte,bin,46,0,0,0,0,GSE289435,GSM8791437_MLL_28824
C1QC,Megakaryocyte,bin,46,0,0,0,0,GSE289435,GSM8791437_MLL_28824
CD163,Megakaryocyte,bin,46,0,0,0,0,GSE289435,GSM8791437_MLL_28824
MRC1,Megakaryocyte,bin,46,0,0,0,0,GSE289435,GSM8791437_MLL_28824
VSIG4,Megakaryocyte,bin,46,0,0,0,0,GSE289435,GSM8791437_MLL_28824
SELENOP,Megakaryocyte,bin,46,14,0.221136495735699,19,30.4348,GSE289435,GSM8791437_MLL_28824
STAB1,Megakaryocyte,bin,46,3,0.0255146767053397,3,6.5217,GSE289435,GSM8791437_MLL_28824
LYVE1,Megakaryocyte,bin,46,0,0,0,0,GSE289435,GSM8791437_MLL_28824
MAF,Megakaryocyte,bin,46,0,0,0,0,GSE289435,GSM8791437_MLL_28824
FCN1,Megakaryocyte,bin,46,0,0,0,0,GSE289435,GSM8791437_MLL_28824
S100A12,Megakaryocyte,bin,46,0,0,0,0,GSE289435,GSM8791437_MLL_28824
SELL,Megakaryocyte,bin,46,1,0.00915482214452519,1,2.1739,GSE289435,GSM8791437_MLL_28824
CSF3R,Megakaryocyte,bin,46,1,0.0088764925216294,1,2.1739,GSE289435,GSM8791437_MLL_28824
PLAC8,Megakaryocyte,bin,46,17,0.348736020459855,37,36.9565,GSE289435,GSM8791437_MLL_28824
COL1A1,Stromal,bin,2,2,2.39626205354304,8,100,GSE289435,GSM8791437_MLL_28824
COL1A2,Stromal,bin,2,2,1.96579395527298,6,100,GSE289435,GSM8791437_MLL_28824
COL3A1,Stromal,bin,2,1,0.697605086931971,1,50,GSE289435,GSM8791437_MLL_28824
COL4A1,Stromal,bin,2,0,0,0,0,GSE289435,GSM8791437_MLL_28824
COL5A1,Stromal,bin,2,1,0.697605086931971,1,50,GSE289435,GSM8791437_MLL_28824
COL5A2,Stromal,bin,2,0,0,0,0,GSE289435,GSM8791437_MLL_28824
COL6A1,Stromal,bin,2,1,0.834129370872378,2,50,GSE289435,GSM8791437_MLL_28824
COL6A2,Stromal,bin,2,2,2.36621994865356,9,100,GSE289435,GSM8791437_MLL_28824
COL6A3,Stromal,bin,2,1,0.697605086931971,1,50,GSE289435,GSM8791437_MLL_28824
COL11A1,Stromal,bin,2,1,0.5739333939113,1,50,GSE289435,GSM8791437_MLL_28824
FN1,Stromal,bin,2,2,1.27153848084327,2,100,GSE289435,GSM8791437_MLL_28824
LUM,Stromal,bin,2,2,1.73057067831949,4,100,GSE289435,GSM8791437_MLL_28824
DCN,Stromal,bin,2,2,3.15390283180208,18,100,GSE289435,GSM8791437_MLL_28824
POSTN,Stromal,bin,2,0,0,0,0,GSE289435,GSM8791437_MLL_28824
SPARC,Stromal,bin,2,1,1.15663728440819,3,50,GSE289435,GSM8791437_MLL_28824
BGN,Stromal,bin,2,2,1.27153848084327,2,100,GSE289435,GSM8791437_MLL_28824
VCAN,Stromal,bin,2,2,3.040312986296,19,100,GSE289435,GSM8791437_MLL_28824
ELN,Stromal,bin,2,0,0,0,0,GSE289435,GSM8791437_MLL_28824
FBN1,Stromal,bin,2,2,1.81217596333488,4,100,GSE289435,GSM8791437_MLL_28824
MGP,Stromal,bin,2,2,2.63665394352664,23,100,GSE289435,GSM8791437_MLL_28824
OGN,Stromal,bin,2,0,0,0,0,GSE289435,GSM8791437_MLL_28824
ASPN,Stromal,bin,2,0,0,0,0,GSE289435,GSM8791437_MLL_28824
TNC,Stromal,bin,2,1,1.72273832971529,10,50,GSE289435,GSM8791437_MLL_28824
LTBP1,Stromal,bin,2,0,0,0,0,GSE289435,GSM8791437_MLL_28824
LTBP2,Stromal,bin,2,2,1.27153848084327,2,100,GSE289435,GSM8791437_MLL_28824
LOX,Stromal,bin,2,2,1.27153848084327,2,100,GSE289435,GSM8791437_MLL_28824
LOXL1,Stromal,bin,2,2,1.81217596333488,4,100,GSE289435,GSM8791437_MLL_28824
LOXL2,Stromal,bin,2,0,0,0,0,GSE289435,GSM8791437_MLL_28824
PLOD1,Stromal,bin,2,1,0.697605086931971,1,50,GSE289435,GSM8791437_MLL_28824
PLOD2,Stromal,bin,2,0,0,0,0,GSE289435,GSM8791437_MLL_28824
SERPINH1,Stromal,bin,2,2,2.16103877658954,6,100,GSE289435,GSM8791437_MLL_28824
SERPINE1,Stromal,bin,2,0,0,0,0,GSE289435,GSM8791437_MLL_28824
TIMP1,Stromal,bin,2,2,2.16103877658954,6,100,GSE289435,GSM8791437_MLL_28824
TIMP2,Stromal,bin,2,2,1.53173445780435,3,100,GSE289435,GSM8791437_MLL_28824
TIMP3,Stromal,bin,2,1,1.13118624696826,4,50,GSE289435,GSM8791437_MLL_28824
MMP2,Stromal,bin,2,2,1.27153848084327,2,100,GSE289435,GSM8791437_MLL_28824
MMP9,Stromal,bin,2,0,0,0,0,GSE289435,GSM8791437_MLL_28824
MMP14,Stromal,bin,2,1,0.5739333939113,1,50,GSE289435,GSM8791437_MLL_28824
CTSK,Stromal,bin,2,0,0,0,0,GSE289435,GSM8791437_MLL_28824
ADAMTS1,Stromal,bin,2,0,0,0,0,GSE289435,GSM8791437_MLL_28824
TGFB1,Stromal,bin,2,0,0,0,0,GSE289435,GSM8791437_MLL_28824
TGFB2,Stromal,bin,2,0,0,0,0,GSE289435,GSM8791437_MLL_28824
TGFB3,Stromal,bin,2,0,0,0,0,GSE289435,GSM8791437_MLL_28824
TGFBR1,Stromal,bin,2,1,0.697605086931971,1,50,GSE289435,GSM8791437_MLL_28824
TGFBR2,Stromal,bin,2,2,1.27153848084327,2,100,GSE289435,GSM8791437_MLL_28824
PDGFA,Stromal,bin,2,0,0,0,0,GSE289435,GSM8791437_MLL_28824
PDGFB,Stromal,bin,2,0,0,0,0,GSE289435,GSM8791437_MLL_28824
PDGFRA,Stromal,bin,2,0,0,0,0,GSE289435,GSM8791437_MLL_28824
PDGFRB,Stromal,bin,2,2,1.27153848084327,2,100,GSE289435,GSM8791437_MLL_28824
CCN2,Stromal,bin,2,1,1.67182658267414,9,50,GSE289435,GSM8791437_MLL_28824
CCN1,Stromal,bin,2,0,0,0,0,GSE289435,GSM8791437_MLL_28824
IGF1,Stromal,bin,2,0,0,0,0,GSE289435,GSM8791437_MLL_28824
IGF2,Stromal,bin,2,1,0.697605086931971,1,50,GSE289435,GSM8791437_MLL_28824
VEGFA,Stromal,bin,2,0,0,0,0,GSE289435,GSM8791437_MLL_28824
FGF2,Stromal,bin,2,0,0,0,0,GSE289435,GSM8791437_MLL_28824
HGF,Stromal,bin,2,0,0,0,0,GSE289435,GSM8791437_MLL_28824
OSM,Stromal,bin,2,0,0,0,0,GSE289435,GSM8791437_MLL_28824
OSMR,Stromal,bin,2,1,0.5739333939113,1,50,GSE289435,GSM8791437_MLL_28824
IL11,Stromal,bin,2,0,0,0,0,GSE289435,GSM8791437_MLL_28824
SPP1,Stromal,bin,2,0,0,0,0,GSE289435,GSM8791437_MLL_28824
IL1B,Stromal,bin,2,0,0,0,0,GSE289435,GSM8791437_MLL_28824
IL6,Stromal,bin,2,0,0,0,0,GSE289435,GSM8791437_MLL_28824
TNF,Stromal,bin,2,0,0,0,0,GSE289435,GSM8791437_MLL_28824
CXCL8,Stromal,bin,2,2,2.21028439140247,7,100,GSE289435,GSM8791437_MLL_28824
IL10,Stromal,bin,2,0,0,0,0,GSE289435,GSM8791437_MLL_28824
IFNG,Stromal,bin,2,0,0,0,0,GSE289435,GSM8791437_MLL_28824
CCL2,Stromal,bin,2,2,2.52304680832994,9,100,GSE289435,GSM8791437_MLL_28824
CCL3,Stromal,bin,2,0,0,0,0,GSE289435,GSM8791437_MLL_28824
CCL4,Stromal,bin,2,0,0,0,0,GSE289435,GSM8791437_MLL_28824
CXCL1,Stromal,bin,2,0,0,0,0,GSE289435,GSM8791437_MLL_28824
CXCL2,Stromal,bin,2,2,2.20446895063285,10,100,GSE289435,GSM8791437_MLL_28824
IL18,Stromal,bin,2,0,0,0,0,GSE289435,GSM8791437_MLL_28824
NLRP3,Stromal,bin,2,0,0,0,0,GSE289435,GSM8791437_MLL_28824
S100A8,Stromal,bin,2,0,0,0,0,GSE289435,GSM8791437_MLL_28824
S100A9,Stromal,bin,2,0,0,0,0,GSE289435,GSM8791437_MLL_28824
PF4,Stromal,bin,2,0,0,0,0,GSE289435,GSM8791437_MLL_28824
PPBP,Stromal,bin,2,0,0,0,0,GSE289435,GSM8791437_MLL_28824
VWF,Stromal,bin,2,0,0,0,0,GSE289435,GSM8791437_MLL_28824
ITGA2B,Stromal,bin,2,0,0,0,0,GSE289435,GSM8791437_MLL_28824
GP9,Stromal,bin,2,0,0,0,0,GSE289435,GSM8791437_MLL_28824
NFE2,Stromal,bin,2,0,0,0,0,GSE289435,GSM8791437_MLL_28824
GATA1,Stromal,bin,2,0,0,0,0,GSE289435,GSM8791437_MLL_28824
MPL,Stromal,bin,2,0,0,0,0,GSE289435,GSM8791437_MLL_28824
CALR,Stromal,bin,2,2,2.4822454452675,9,100,GSE289435,GSM8791437_MLL_28824
JAK2,Stromal,bin,2,0,0,0,0,GSE289435,GSM8791437_MLL_28824
LEPR,Stromal,bin,2,2,1.53173445780435,3,100,GSE289435,GSM8791437_MLL_28824
CXCL12,Stromal,bin,2,2,5.56696973994655,204,100,GSE289435,GSM8791437_MLL_28824
KITLG,Stromal,bin,2,0,0,0,0,GSE289435,GSM8791437_MLL_28824
ANGPT1,Stromal,bin,2,2,1.98244808464386,5,100,GSE289435,GSM8791437_MLL_28824
VCAM1,Stromal,bin,2,2,2.10923283943077,6,100,GSE289435,GSM8791437_MLL_28824
NES,Stromal,bin,2,0,0,0,0,GSE289435,GSM8791437_MLL_28824
NGFR,Stromal,bin,2,2,1.27153848084327,2,100,GSE289435,GSM8791437_MLL_28824
SFRP2,Stromal,bin,2,0,0,0,0,GSE289435,GSM8791437_MLL_28824
SFRP4,Stromal,bin,2,1,0.697605086931971,1,50,GSE289435,GSM8791437_MLL_28824
GREM1,Stromal,bin,2,0,0,0,0,GSE289435,GSM8791437_MLL_28824
FAP,Stromal,bin,2,0,0,0,0,GSE289435,GSM8791437_MLL_28824
BGLAP,Stromal,bin,2,0,0,0,0,GSE289435,GSM8791437_MLL_28824
RUNX2,Stromal,bin,2,1,0.5739333939113,1,50,GSE289435,GSM8791437_MLL_28824
SP7,Stromal,bin,2,0,0,0,0,GSE289435,GSM8791437_MLL_28824
ACTA2,Stromal,bin,2,0,0,0,0,GSE289435,GSM8791437_MLL_28824
TAGLN,Stromal,bin,2,2,2.77227728893049,30,100,GSE289435,GSM8791437_MLL_28824
RGS5,Stromal,bin,2,0,0,0,0,GSE289435,GSM8791437_MLL_28824
MYH11,Stromal,bin,2,0,0,0,0,GSE289435,GSM8791437_MLL_28824
CDH5,Stromal,bin,2,0,0,0,0,GSE289435,GSM8791437_MLL_28824
PECAM1,Stromal,bin,2,0,0,0,0,GSE289435,GSM8791437_MLL_28824
EMCN,Stromal,bin,2,0,0,0,0,GSE289435,GSM8791437_MLL_28824
HIF1A,Stromal,bin,2,1,0.697605086931971,1,50,GSE289435,GSM8791437_MLL_28824
EPAS1,Stromal,bin,2,2,2.12208508363349,6,100,GSE289435,GSM8791437_MLL_28824
CA9,Stromal,bin,2,0,0,0,0,GSE289435,GSM8791437_MLL_28824
LDHA,Stromal,bin,2,1,1.00440149218136,3,50,GSE289435,GSM8791437_MLL_28824
SLC2A1,Stromal,bin,2,0,0,0,0,GSE289435,GSM8791437_MLL_28824
PGK1,Stromal,bin,2,1,0.978046592462506,2,50,GSE289435,GSM8791437_MLL_28824
ADM,Stromal,bin,2,0,0,0,0,GSE289435,GSM8791437_MLL_28824
BNIP3,Stromal,bin,2,0,0,0,0,GSE289435,GSM8791437_MLL_28824
NDRG1,Stromal,bin,2,0,0,0,0,GSE289435,GSM8791437_MLL_28824
SNAI1,Stromal,bin,2,1,0.5739333939113,1,50,GSE289435,GSM8791437_MLL_28824
SNAI2,Stromal,bin,2,1,1.23223779893997,5,50,GSE289435,GSM8791437_MLL_28824
TWIST1,Stromal,bin,2,0,0,0,0,GSE289435,GSM8791437_MLL_28824
ZEB1,Stromal,bin,2,0,0,0,0,GSE289435,GSM8791437_MLL_28824
ZEB2,Stromal,bin,2,2,1.27153848084327,2,100,GSE289435,GSM8791437_MLL_28824
VIM,Stromal,bin,2,2,5.11377233929551,148,100,GSE289435,GSM8791437_MLL_28824
CDH2,Stromal,bin,2,0,0,0,0,GSE289435,GSM8791437_MLL_28824
NECTIN4,Stromal,bin,2,0,0,0,0,GSE289435,GSM8791437_MLL_28824
NECTIN1,Stromal,bin,2,0,0,0,0,GSE289435,GSM8791437_MLL_28824
NECTIN2,Stromal,bin,2,1,0.5739333939113,1,50,GSE289435,GSM8791437_MLL_28824
NECTIN3,Stromal,bin,2,0,0,0,0,GSE289435,GSM8791437_MLL_28824
PVR,Stromal,bin,2,0,0,0,0,GSE289435,GSM8791437_MLL_28824
TIGIT,Stromal,bin,2,0,0,0,0,GSE289435,GSM8791437_MLL_28824
CD226,Stromal,bin,2,0,0,0,0,GSE289435,GSM8791437_MLL_28824
CD96,Stromal,bin,2,0,0,0,0,GSE289435,GSM8791437_MLL_28824
C1QA,Stromal,bin,2,0,0,0,0,GSE289435,GSM8791437_MLL_28824
C1QB,Stromal,bin,2,0,0,0,0,GSE289435,GSM8791437_MLL_28824
C1QC,Stromal,bin,2,0,0,0,0,GSE289435,GSM8791437_MLL_28824
CD163,Stromal,bin,2,0,0,0,0,GSE289435,GSM8791437_MLL_28824
MRC1,Stromal,bin,2,0,0,0,0,GSE289435,GSM8791437_MLL_28824
VSIG4,Stromal,bin,2,0,0,0,0,GSE289435,GSM8791437_MLL_28824
SELENOP,Stromal,bin,2,2,2.08577844312303,8,100,GSE289435,GSM8791437_MLL_28824
STAB1,Stromal,bin,2,0,0,0,0,GSE289435,GSM8791437_MLL_28824
LYVE1,Stromal,bin,2,0,0,0,0,GSE289435,GSM8791437_MLL_28824
MAF,Stromal,bin,2,2,1.27153848084327,2,100,GSE289435,GSM8791437_MLL_28824
FCN1,Stromal,bin,2,0,0,0,0,GSE289435,GSM8791437_MLL_28824
S100A12,Stromal,bin,2,0,0,0,0,GSE289435,GSM8791437_MLL_28824
SELL,Stromal,bin,2,0,0,0,0,GSE289435,GSM8791437_MLL_28824
CSF3R,Stromal,bin,2,0,0,0,0,GSE289435,GSM8791437_MLL_28824
PLAC8,Stromal,bin,2,1,0.697605086931971,1,50,GSE289435,GSM8791437_MLL_28824
COL1A1,nonmalignant,malignancy,4456,4,0.00176170740306891,10,0.0898,GSE289435,GSM8791437_MLL_28824
COL1A2,nonmalignant,malignancy,4456,2,0.000882313265382845,6,0.0449,GSE289435,GSM8791437_MLL_28824
COL3A1,nonmalignant,malignancy,4456,2,0.000969931030831468,2,0.0449,GSE289435,GSM8791437_MLL_28824
COL4A1,nonmalignant,malignancy,4456,1,0.00025467102482231,1,0.0224,GSE289435,GSM8791437_MLL_28824
COL5A1,nonmalignant,malignancy,4456,3,0.000785511799221272,3,0.0673,GSE289435,GSM8791437_MLL_28824
COL5A2,nonmalignant,malignancy,4456,0,0,0,0,GSE289435,GSM8791437_MLL_28824
COL6A1,nonmalignant,malignancy,4456,27,0.00653283476896004,28,0.6059,GSE289435,GSM8791437_MLL_28824
COL6A2,nonmalignant,malignancy,4456,24,0.00969923709790412,35,0.5386,GSE289435,GSM8791437_MLL_28824
COL6A3,nonmalignant,malignancy,4456,331,0.0700784620682407,348,7.4282,GSE289435,GSM8791437_MLL_28824
COL11A1,nonmalignant,malignancy,4456,1,0.000257600266567011,1,0.0224,GSE289435,GSM8791437_MLL_28824
FN1,nonmalignant,malignancy,4456,2,0.000570708474346172,2,0.0449,GSE289435,GSM8791437_MLL_28824
LUM,nonmalignant,malignancy,4456,2,0.000776737288294203,4,0.0449,GSE289435,GSM8791437_MLL_28824
DCN,nonmalignant,malignancy,4456,2,0.00141557577728998,18,0.0449,GSE289435,GSM8791437_MLL_28824
POSTN,nonmalignant,malignancy,4456,0,0,0,0,GSE289435,GSM8791437_MLL_28824
SPARC,nonmalignant,malignancy,4456,1090,0.248887379768397,1663,24.4614,GSE289435,GSM8791437_MLL_28824
BGN,nonmalignant,malignancy,4456,2,0.000570708474346172,2,0.0449,GSE289435,GSM8791437_MLL_28824
VCAN,nonmalignant,malignancy,4456,14,0.00534889677199602,39,0.3142,GSE289435,GSM8791437_MLL_28824
ELN,nonmalignant,malignancy,4456,33,0.00609149079682801,34,0.7406,GSE289435,GSM8791437_MLL_28824
FBN1,nonmalignant,malignancy,4456,8,0.00181092267241868,10,0.1795,GSE289435,GSM8791437_MLL_28824
MGP,nonmalignant,malignancy,4456,3,0.00146714953500301,24,0.0673,GSE289435,GSM8791437_MLL_28824
OGN,nonmalignant,malignancy,4456,2,0.000318605782198943,2,0.0449,GSE289435,GSM8791437_MLL_28824
ASPN,nonmalignant,malignancy,4456,0,0,0,0,GSE289435,GSM8791437_MLL_28824
TNC,nonmalignant,malignancy,4456,1,0.000773221871505966,10,0.0224,GSE289435,GSM8791437_MLL_28824
LTBP1,nonmalignant,malignancy,4456,98,0.0274686278162391,316,2.1993,GSE289435,GSM8791437_MLL_28824
LTBP2,nonmalignant,malignancy,4456,4,0.000991794136879954,4,0.0898,GSE289435,GSM8791437_MLL_28824
LOX,nonmalignant,malignancy,4456,5,0.00108571721413541,7,0.1122,GSE289435,GSM8791437_MLL_28824
LOXL1,nonmalignant,malignancy,4456,20,0.00500906243982915,22,0.4488,GSE289435,GSM8791437_MLL_28824
LOXL2,nonmalignant,malignancy,4456,3,0.000593862785941863,3,0.0673,GSE289435,GSM8791437_MLL_28824
PLOD1,nonmalignant,malignancy,4456,238,0.0474268025998665,258,5.3411,GSE289435,GSM8791437_MLL_28824
PLOD2,nonmalignant,malignancy,4456,0,0,0,0,GSE289435,GSM8791437_MLL_28824
SERPINH1,nonmalignant,malignancy,4456,205,0.0386121360270341,223,4.6005,GSE289435,GSM8791437_MLL_28824
SERPINE1,nonmalignant,malignancy,4456,13,0.00315746729336842,18,0.2917,GSE289435,GSM8791437_MLL_28824
TIMP1,nonmalignant,malignancy,4456,2010,0.545436013635316,3703,45.1077,GSE289435,GSM8791437_MLL_28824
TIMP2,nonmalignant,malignancy,4456,147,0.0290122279656997,153,3.2989,GSE289435,GSM8791437_MLL_28824
TIMP3,nonmalignant,malignancy,4456,25,0.00466948572342233,32,0.561,GSE289435,GSM8791437_MLL_28824
MMP2,nonmalignant,malignancy,4456,694,0.149843400905202,815,15.5745,GSE289435,GSM8791437_MLL_28824
MMP9,nonmalignant,malignancy,4456,4,0.0016690840485455,7,0.0898,GSE289435,GSM8791437_MLL_28824
MMP14,nonmalignant,malignancy,4456,12,0.0023510970694714,12,0.2693,GSE289435,GSM8791437_MLL_28824
CTSK,nonmalignant,malignancy,4456,15,0.00331823903116247,15,0.3366,GSE289435,GSM8791437_MLL_28824
ADAMTS1,nonmalignant,malignancy,4456,26,0.00471959973745276,26,0.5835,GSE289435,GSM8791437_MLL_28824
TGFB1,nonmalignant,malignancy,4456,1748,0.463112818418998,2721,39.228,GSE289435,GSM8791437_MLL_28824
TGFB2,nonmalignant,malignancy,4456,4,0.00114810669727436,4,0.0898,GSE289435,GSM8791437_MLL_28824
TGFB3,nonmalignant,malignancy,4456,12,0.00267318405074629,13,0.2693,GSE289435,GSM8791437_MLL_28824
TGFBR1,nonmalignant,malignancy,4456,178,0.0362700805061935,182,3.9946,GSE289435,GSM8791437_MLL_28824
TGFBR2,nonmalignant,malignancy,4456,829,0.249278066105204,1004,18.6041,GSE289435,GSM8791437_MLL_28824
PDGFA,nonmalignant,malignancy,4456,18,0.00320214892568688,22,0.4039,GSE289435,GSM8791437_MLL_28824
PDGFB,nonmalignant,malignancy,4456,2,0.00074404371732598,2,0.0449,GSE289435,GSM8791437_MLL_28824
PDGFRA,nonmalignant,malignancy,4456,2,0.000443876608650237,2,0.0449,GSE289435,GSM8791437_MLL_28824
PDGFRB,nonmalignant,malignancy,4456,124,0.0249712608268469,133,2.7828,GSE289435,GSM8791437_MLL_28824
CCN2,nonmalignant,malignancy,4456,3,0.00170802553696691,12,0.0673,GSE289435,GSM8791437_MLL_28824
CCN1,nonmalignant,malignancy,4456,8,0.00113543887659617,8,0.1795,GSE289435,GSM8791437_MLL_28824
IGF1,nonmalignant,malignancy,4456,5,0.00147751191569865,10,0.1122,GSE289435,GSM8791437_MLL_28824
IGF2,nonmalignant,malignancy,4456,2,0.000608666714675339,2,0.0449,GSE289435,GSM8791437_MLL_28824
VEGFA,nonmalignant,malignancy,4456,108,0.0223863518336308,114,2.4237,GSE289435,GSM8791437_MLL_28824
FGF2,nonmalignant,malignancy,4456,0,0,0,0,GSE289435,GSM8791437_MLL_28824
HGF,nonmalignant,malignancy,4456,139,0.0296410011404289,149,3.1194,GSE289435,GSM8791437_MLL_28824
OSM,nonmalignant,malignancy,4456,571,0.122327154706819,680,12.8142,GSE289435,GSM8791437_MLL_28824
OSMR,nonmalignant,malignancy,4456,1,0.000257600266567011,1,0.0224,GSE289435,GSM8791437_MLL_28824
IL11,nonmalignant,malignancy,4456,1,0.000359968582628525,1,0.0224,GSE289435,GSM8791437_MLL_28824
SPP1,nonmalignant,malignancy,4456,13,0.00328674307907548,18,0.2917,GSE289435,GSM8791437_MLL_28824
IL1B,nonmalignant,malignancy,4456,1217,0.294879298771605,2011,27.3115,GSE289435,GSM8791437_MLL_28824
IL6,nonmalignant,malignancy,4456,2,0.000774218292158039,2,0.0449,GSE289435,GSM8791437_MLL_28824
TNF,nonmalignant,malignancy,4456,99,0.0454075605523779,172,2.2217,GSE289435,GSM8791437_MLL_28824
CXCL8,nonmalignant,malignancy,4456,1345,0.449273664705447,4285,30.184,GSE289435,GSM8791437_MLL_28824
IL10,nonmalignant,malignancy,4456,8,0.00320047097811638,10,0.1795,GSE289435,GSM8791437_MLL_28824
IFNG,nonmalignant,malignancy,4456,51,0.0229704575202791,93,1.1445,GSE289435,GSM8791437_MLL_28824
CCL2,nonmalignant,malignancy,4456,2,0.00113242675418759,9,0.0449,GSE289435,GSM8791437_MLL_28824
CCL3,nonmalignant,malignancy,4456,122,0.0478109093695789,244,2.7379,GSE289435,GSM8791437_MLL_28824
CCL4,nonmalignant,malignancy,4456,157,0.0732429650680775,346,3.5233,GSE289435,GSM8791437_MLL_28824
CXCL1,nonmalignant,malignancy,4456,74,0.0160400278134742,97,1.6607,GSE289435,GSM8791437_MLL_28824
CXCL2,nonmalignant,malignancy,4456,1471,0.428477708260439,3737,33.0117,GSE289435,GSM8791437_MLL_28824
IL18,nonmalignant,malignancy,4456,1259,0.290912404198009,1785,28.254,GSE289435,GSM8791437_MLL_28824
NLRP3,nonmalignant,malignancy,4456,69,0.0157015196401249,71,1.5485,GSE289435,GSM8791437_MLL_28824
S100A8,nonmalignant,malignancy,4456,21,0.016199523258309,476,0.4713,GSE289435,GSM8791437_MLL_28824
S100A9,nonmalignant,malignancy,4456,20,0.0149211420251808,442,0.4488,GSE289435,GSM8791437_MLL_28824
PF4,nonmalignant,malignancy,4456,109,0.0449975139569738,1412,2.4461,GSE289435,GSM8791437_MLL_28824
PPBP,nonmalignant,malignancy,4456,248,0.08434582564984,4343,5.5655,GSE289435,GSM8791437_MLL_28824
VWF,nonmalignant,malignancy,4456,17,0.00377961232972367,30,0.3815,GSE289435,GSM8791437_MLL_28824
ITGA2B,nonmalignant,malignancy,4456,242,0.0649262034338053,897,5.4309,GSE289435,GSM8791437_MLL_28824
GP9,nonmalignant,malignancy,4456,37,0.0147721207558967,389,0.8303,GSE289435,GSM8791437_MLL_28824
NFE2,nonmalignant,malignancy,4456,1265,0.2963384064241,1800,28.3887,GSE289435,GSM8791437_MLL_28824
GATA1,nonmalignant,malignancy,4456,251,0.0689320001488231,689,5.6329,GSE289435,GSM8791437_MLL_28824
MPL,nonmalignant,malignancy,4456,186,0.0350471008456172,203,4.1741,GSE289435,GSM8791437_MLL_28824
CALR,nonmalignant,malignancy,4456,3827,1.79858248425105,21621,85.8842,GSE289435,GSM8791437_MLL_28824
JAK2,nonmalignant,malignancy,4456,333,0.0746315861420688,365,7.4731,GSE289435,GSM8791437_MLL_28824
LEPR,nonmalignant,malignancy,4456,26,0.00508278336456396,27,0.5835,GSE289435,GSM8791437_MLL_28824
CXCL12,nonmalignant,malignancy,4456,39,0.0149664123309187,443,0.8752,GSE289435,GSM8791437_MLL_28824
KITLG,nonmalignant,malignancy,4456,2,0.000335254882075807,2,0.0449,GSE289435,GSM8791437_MLL_28824
ANGPT1,nonmalignant,malignancy,4456,196,0.0430062719745955,294,4.3986,GSE289435,GSM8791437_MLL_28824
VCAM1,nonmalignant,malignancy,4456,20,0.00963170990790416,42,0.4488,GSE289435,GSM8791437_MLL_28824
NES,nonmalignant,malignancy,4456,1,5.20544521994364e-05,1,0.0224,GSE289435,GSM8791437_MLL_28824
NGFR,nonmalignant,malignancy,4456,3,0.000792306206525022,3,0.0673,GSE289435,GSM8791437_MLL_28824
SFRP2,nonmalignant,malignancy,4456,0,0,0,0,GSE289435,GSM8791437_MLL_28824
SFRP4,nonmalignant,malignancy,4456,35,0.0068173612609731,37,0.7855,GSE289435,GSM8791437_MLL_28824
GREM1,nonmalignant,malignancy,4456,1,0.000423886134212495,1,0.0224,GSE289435,GSM8791437_MLL_28824
FAP,nonmalignant,malignancy,4456,0,0,0,0,GSE289435,GSM8791437_MLL_28824
BGLAP,nonmalignant,malignancy,4456,13,0.00250952632009464,13,0.2917,GSE289435,GSM8791437_MLL_28824
RUNX2,nonmalignant,malignancy,4456,534,0.117947184266086,585,11.9838,GSE289435,GSM8791437_MLL_28824
SP7,nonmalignant,malignancy,4456,0,0,0,0,GSE289435,GSM8791437_MLL_28824
ACTA2,nonmalignant,malignancy,4456,292,0.0591203921621276,316,6.553,GSE289435,GSM8791437_MLL_28824
TAGLN,nonmalignant,malignancy,4456,20,0.00467643066881123,48,0.4488,GSE289435,GSM8791437_MLL_28824
RGS5,nonmalignant,malignancy,4456,5,0.000992673693844368,5,0.1122,GSE289435,GSM8791437_MLL_28824
MYH11,nonmalignant,malignancy,4456,5,0.000916330934222873,6,0.1122,GSE289435,GSM8791437_MLL_28824
CDH5,nonmalignant,malignancy,4456,2,0.000126103358878096,2,0.0449,GSE289435,GSM8791437_MLL_28824
PECAM1,nonmalignant,malignancy,4456,317,0.068749035180458,432,7.114,GSE289435,GSM8791437_MLL_28824
EMCN,nonmalignant,malignancy,4456,13,0.00245394719372193,17,0.2917,GSE289435,GSM8791437_MLL_28824
HIF1A,nonmalignant,malignancy,4456,1910,0.524355926780961,2766,42.8636,GSE289435,GSM8791437_MLL_28824
EPAS1,nonmalignant,malignancy,4456,9,0.00357437613118254,13,0.202,GSE289435,GSM8791437_MLL_28824
CA9,nonmalignant,malignancy,4456,2,0.000316502507123678,2,0.0449,GSE289435,GSM8791437_MLL_28824
LDHA,nonmalignant,malignancy,4456,3143,1.112741625712,9373,70.5341,GSE289435,GSM8791437_MLL_28824
SLC2A1,nonmalignant,malignancy,4456,303,0.0711685227694135,348,6.7998,GSE289435,GSM8791437_MLL_28824
PGK1,nonmalignant,malignancy,4456,2872,0.905837640416919,6340,64.4524,GSE289435,GSM8791437_MLL_28824
ADM,nonmalignant,malignancy,4456,49,0.011244889189753,55,1.0996,GSE289435,GSM8791437_MLL_28824
BNIP3,nonmalignant,malignancy,4456,369,0.0782695283386913,426,8.281,GSE289435,GSM8791437_MLL_28824
NDRG1,nonmalignant,malignancy,4456,255,0.0609679483975489,271,5.7226,GSE289435,GSM8791437_MLL_28824
SNAI1,nonmalignant,malignancy,4456,90,0.0173931457051344,94,2.0197,GSE289435,GSM8791437_MLL_28824
SNAI2,nonmalignant,malignancy,4456,1,0.000553069030044869,5,0.0224,GSE289435,GSM8791437_MLL_28824
TWIST1,nonmalignant,malignancy,4456,1,5.4041736236816e-05,1,0.0224,GSE289435,GSM8791437_MLL_28824
ZEB1,nonmalignant,malignancy,4456,214,0.0621543161024662,231,4.8025,GSE289435,GSM8791437_MLL_28824
ZEB2,nonmalignant,malignancy,4456,1684,0.444220083947882,2587,37.7917,GSE289435,GSM8791437_MLL_28824
VIM,nonmalignant,malignancy,4456,3614,1.72132367415143,21042,81.1041,GSE289435,GSM8791437_MLL_28824
CDH2,nonmalignant,malignancy,4456,0,0,0,0,GSE289435,GSM8791437_MLL_28824
NECTIN4,nonmalignant,malignancy,4456,0,0,0,0,GSE289435,GSM8791437_MLL_28824
NECTIN1,nonmalignant,malignancy,4456,212,0.0417011691136527,223,4.7576,GSE289435,GSM8791437_MLL_28824
NECTIN2,nonmalignant,malignancy,4456,754,0.1576343677289,892,16.921,GSE289435,GSM8791437_MLL_28824
NECTIN3,nonmalignant,malignancy,4456,5,0.00208139304998679,5,0.1122,GSE289435,GSM8791437_MLL_28824
PVR,nonmalignant,malignancy,4456,108,0.0213316664444726,109,2.4237,GSE289435,GSM8791437_MLL_28824
TIGIT,nonmalignant,malignancy,4456,38,0.0155440541101725,40,0.8528,GSE289435,GSM8791437_MLL_28824
CD226,nonmalignant,malignancy,4456,35,0.0116361726569651,42,0.7855,GSE289435,GSM8791437_MLL_28824
CD96,nonmalignant,malignancy,4456,259,0.101439587819973,307,5.8124,GSE289435,GSM8791437_MLL_28824
C1QA,nonmalignant,malignancy,4456,0,0,0,0,GSE289435,GSM8791437_MLL_28824
C1QB,nonmalignant,malignancy,4456,1,0.000404550200065501,1,0.0224,GSE289435,GSM8791437_MLL_28824
C1QC,nonmalignant,malignancy,4456,0,0,0,0,GSE289435,GSM8791437_MLL_28824
CD163,nonmalignant,malignancy,4456,2,0.000432373091382697,2,0.0449,GSE289435,GSM8791437_MLL_28824
MRC1,nonmalignant,malignancy,4456,0,0,0,0,GSE289435,GSM8791437_MLL_28824
VSIG4,nonmalignant,malignancy,4456,3,0.000494866397676138,3,0.0673,GSE289435,GSM8791437_MLL_28824
SELENOP,nonmalignant,malignancy,4456,1246,0.285410421107175,1666,27.9623,GSE289435,GSM8791437_MLL_28824
STAB1,nonmalignant,malignancy,4456,634,0.13750117191437,782,14.228,GSE289435,GSM8791437_MLL_28824
LYVE1,nonmalignant,malignancy,4456,0,0,0,0,GSE289435,GSM8791437_MLL_28824
MAF,nonmalignant,malignancy,4456,43,0.0165312365580997,45,0.965,GSE289435,GSM8791437_MLL_28824
FCN1,nonmalignant,malignancy,4456,76,0.0188488681953038,108,1.7056,GSE289435,GSM8791437_MLL_28824
S100A12,nonmalignant,malignancy,4456,9,0.00295940213775889,14,0.202,GSE289435,GSM8791437_MLL_28824
SELL,nonmalignant,malignancy,4456,1050,0.264423033910937,1446,23.5637,GSE289435,GSM8791437_MLL_28824
CSF3R,nonmalignant,malignancy,4456,2529,0.823149702364373,6624,56.7549,GSE289435,GSM8791437_MLL_28824
PLAC8,nonmalignant,malignancy,4456,2109,0.577671609806674,3662,47.3294,GSE289435,GSM8791437_MLL_28824
COL1A1,malignant,malignancy,134,0,0,0,0,GSE289435,GSM8791437_MLL_28824
COL1A2,malignant,malignancy,134,0,0,0,0,GSE289435,GSM8791437_MLL_28824
COL3A1,malignant,malignancy,134,0,0,0,0,GSE289435,GSM8791437_MLL_28824
COL4A1,malignant,malignancy,134,0,0,0,0,GSE289435,GSM8791437_MLL_28824
COL5A1,malignant,malignancy,134,0,0,0,0,GSE289435,GSM8791437_MLL_28824
COL5A2,malignant,malignancy,134,0,0,0,0,GSE289435,GSM8791437_MLL_28824
COL6A1,malignant,malignancy,134,2,0.0365697572020593,3,1.4925,GSE289435,GSM8791437_MLL_28824
COL6A2,malignant,malignancy,134,0,0,0,0,GSE289435,GSM8791437_MLL_28824
COL6A3,malignant,malignancy,134,8,0.119658778699108,8,5.9701,GSE289435,GSM8791437_MLL_28824
COL11A1,malignant,malignancy,134,0,0,0,0,GSE289435,GSM8791437_MLL_28824
FN1,malignant,malignancy,134,0,0,0,0,GSE289435,GSM8791437_MLL_28824
LUM,malignant,malignancy,134,0,0,0,0,GSE289435,GSM8791437_MLL_28824
DCN,malignant,malignancy,134,0,0,0,0,GSE289435,GSM8791437_MLL_28824
POSTN,malignant,malignancy,134,0,0,0,0,GSE289435,GSM8791437_MLL_28824
SPARC,malignant,malignancy,134,9,0.127542683869295,15,6.7164,GSE289435,GSM8791437_MLL_28824
BGN,malignant,malignancy,134,0,0,0,0,GSE289435,GSM8791437_MLL_28824
VCAN,malignant,malignancy,134,1,0.0113274298437626,1,0.7463,GSE289435,GSM8791437_MLL_28824
ELN,malignant,malignancy,134,1,0.00619296647591575,1,0.7463,GSE289435,GSM8791437_MLL_28824
FBN1,malignant,malignancy,134,0,0,0,0,GSE289435,GSM8791437_MLL_28824
MGP,malignant,malignancy,134,0,0,0,0,GSE289435,GSM8791437_MLL_28824
OGN,malignant,malignancy,134,0,0,0,0,GSE289435,GSM8791437_MLL_28824
ASPN,malignant,malignancy,134,0,0,0,0,GSE289435,GSM8791437_MLL_28824
TNC,malignant,malignancy,134,0,0,0,0,GSE289435,GSM8791437_MLL_28824
LTBP1,malignant,malignancy,134,10,0.186853018125159,34,7.4627,GSE289435,GSM8791437_MLL_28824
LTBP2,malignant,malignancy,134,0,0,0,0,GSE289435,GSM8791437_MLL_28824
LOX,malignant,malignancy,134,0,0,0,0,GSE289435,GSM8791437_MLL_28824
LOXL1,malignant,malignancy,134,0,0,0,0,GSE289435,GSM8791437_MLL_28824
LOXL2,malignant,malignancy,134,0,0,0,0,GSE289435,GSM8791437_MLL_28824
PLOD1,malignant,malignancy,134,4,0.0533968536782672,4,2.9851,GSE289435,GSM8791437_MLL_28824
PLOD2,malignant,malignancy,134,0,0,0,0,GSE289435,GSM8791437_MLL_28824
SERPINH1,malignant,malignancy,134,2,0.0244422019550389,2,1.4925,GSE289435,GSM8791437_MLL_28824
SERPINE1,malignant,malignancy,134,1,0.014549290643122,2,0.7463,GSE289435,GSM8791437_MLL_28824
TIMP1,malignant,malignancy,134,26,0.359632243763749,38,19.403,GSE289435,GSM8791437_MLL_28824
TIMP2,malignant,malignancy,134,5,0.0617692630271771,5,3.7313,GSE289435,GSM8791437_MLL_28824
TIMP3,malignant,malignancy,134,1,0.0183214887916843,5,0.7463,GSE289435,GSM8791437_MLL_28824
MMP2,malignant,malignancy,134,4,0.0421706023073553,4,2.9851,GSE289435,GSM8791437_MLL_28824
MMP9,malignant,malignancy,134,0,0,0,0,GSE289435,GSM8791437_MLL_28824
MMP14,malignant,malignancy,134,0,0,0,0,GSE289435,GSM8791437_MLL_28824
CTSK,malignant,malignancy,134,1,0.0148891123369883,1,0.7463,GSE289435,GSM8791437_MLL_28824
ADAMTS1,malignant,malignancy,134,1,0.0120539023860406,1,0.7463,GSE289435,GSM8791437_MLL_28824
TGFB1,malignant,malignancy,134,19,0.275780683747396,30,14.1791,GSE289435,GSM8791437_MLL_28824
TGFB2,malignant,malignancy,134,1,0.0172124199410868,3,0.7463,GSE289435,GSM8791437_MLL_28824
TGFB3,malignant,malignancy,134,0,0,0,0,GSE289435,GSM8791437_MLL_28824
TGFBR1,malignant,malignancy,134,6,0.0927294351032127,6,4.4776,GSE289435,GSM8791437_MLL_28824
TGFBR2,malignant,malignancy,134,28,0.442991704872947,35,20.8955,GSE289435,GSM8791437_MLL_28824
PDGFA,malignant,malignancy,134,1,0.0172124199410868,3,0.7463,GSE289435,GSM8791437_MLL_28824
PDGFB,malignant,malignancy,134,0,0,0,0,GSE289435,GSM8791437_MLL_28824
PDGFRA,malignant,malignancy,134,1,0.0125709789401516,1,0.7463,GSE289435,GSM8791437_MLL_28824
PDGFRB,malignant,malignancy,134,4,0.0389169289403276,4,2.9851,GSE289435,GSM8791437_MLL_28824
CCN2,malignant,malignancy,134,0,0,0,0,GSE289435,GSM8791437_MLL_28824
CCN1,malignant,malignancy,134,0,0,0,0,GSE289435,GSM8791437_MLL_28824
IGF1,malignant,malignancy,134,0,0,0,0,GSE289435,GSM8791437_MLL_28824
IGF2,malignant,malignancy,134,0,0,0,0,GSE289435,GSM8791437_MLL_28824
VEGFA,malignant,malignancy,134,2,0.0242750331779891,3,1.4925,GSE289435,GSM8791437_MLL_28824
FGF2,malignant,malignancy,134,0,0,0,0,GSE289435,GSM8791437_MLL_28824
HGF,malignant,malignancy,134,9,0.12134077199726,10,6.7164,GSE289435,GSM8791437_MLL_28824
OSM,malignant,malignancy,134,6,0.0763116242679706,7,4.4776,GSE289435,GSM8791437_MLL_28824
OSMR,malignant,malignancy,134,0,0,0,0,GSE289435,GSM8791437_MLL_28824
IL11,malignant,malignancy,134,0,0,0,0,GSE289435,GSM8791437_MLL_28824
SPP1,malignant,malignancy,134,0,0,0,0,GSE289435,GSM8791437_MLL_28824
IL1B,malignant,malignancy,134,17,0.21086321266228,21,12.6866,GSE289435,GSM8791437_MLL_28824
IL6,malignant,malignancy,134,0,0,0,0,GSE289435,GSM8791437_MLL_28824
TNF,malignant,malignancy,134,1,0.0159673515690597,1,0.7463,GSE289435,GSM8791437_MLL_28824
CXCL8,malignant,malignancy,134,29,0.466227531642985,55,21.6418,GSE289435,GSM8791437_MLL_28824
IL10,malignant,malignancy,134,0,0,0,0,GSE289435,GSM8791437_MLL_28824
IFNG,malignant,malignancy,134,0,0,0,0,GSE289435,GSM8791437_MLL_28824
CCL2,malignant,malignancy,134,0,0,0,0,GSE289435,GSM8791437_MLL_28824
CCL3,malignant,malignancy,134,1,0.0113274298437626,1,0.7463,GSE289435,GSM8791437_MLL_28824
CCL4,malignant,malignancy,134,0,0,0,0,GSE289435,GSM8791437_MLL_28824
CXCL1,malignant,malignancy,134,1,0.0123033020293569,1,0.7463,GSE289435,GSM8791437_MLL_28824
CXCL2,malignant,malignancy,134,32,0.495335327390956,60,23.8806,GSE289435,GSM8791437_MLL_28824
IL18,malignant,malignancy,134,7,0.0917711057315112,9,5.2239,GSE289435,GSM8791437_MLL_28824
NLRP3,malignant,malignancy,134,1,0.0120539023860406,1,0.7463,GSE289435,GSM8791437_MLL_28824
S100A8,malignant,malignancy,134,1,0.0298288014165797,15,0.7463,GSE289435,GSM8791437_MLL_28824
S100A9,malignant,malignancy,134,1,0.0203327264420657,4,0.7463,GSE289435,GSM8791437_MLL_28824
PF4,malignant,malignancy,134,8,0.143318104975089,28,5.9701,GSE289435,GSM8791437_MLL_28824
PPBP,malignant,malignancy,134,10,0.212465687842797,73,7.4627,GSE289435,GSM8791437_MLL_28824
VWF,malignant,malignancy,134,0,0,0,0,GSE289435,GSM8791437_MLL_28824
ITGA2B,malignant,malignancy,134,13,0.223937727971193,27,9.7015,GSE289435,GSM8791437_MLL_28824
GP9,malignant,malignancy,134,5,0.0840705255035944,9,3.7313,GSE289435,GSM8791437_MLL_28824
NFE2,malignant,malignancy,134,19,0.248500605078392,25,14.1791,GSE289435,GSM8791437_MLL_28824
GATA1,malignant,malignancy,134,15,0.236264391420975,24,11.194,GSE289435,GSM8791437_MLL_28824
MPL,malignant,malignancy,134,4,0.0514384947036197,5,2.9851,GSE289435,GSM8791437_MLL_28824
CALR,malignant,malignancy,134,110,2.30595528157048,434,82.0896,GSE289435,GSM8791437_MLL_28824
JAK2,malignant,malignancy,134,15,0.209774566625268,18,11.194,GSE289435,GSM8791437_MLL_28824
LEPR,malignant,malignancy,134,0,0,0,0,GSE289435,GSM8791437_MLL_28824
CXCL12,malignant,malignancy,134,2,0.0225075849784736,2,1.4925,GSE289435,GSM8791437_MLL_28824
KITLG,malignant,malignancy,134,0,0,0,0,GSE289435,GSM8791437_MLL_28824
ANGPT1,malignant,malignancy,134,5,0.0792165521815802,10,3.7313,GSE289435,GSM8791437_MLL_28824
VCAM1,malignant,malignancy,134,0,0,0,0,GSE289435,GSM8791437_MLL_28824
NES,malignant,malignancy,134,0,0,0,0,GSE289435,GSM8791437_MLL_28824
NGFR,malignant,malignancy,134,0,0,0,0,GSE289435,GSM8791437_MLL_28824
SFRP2,malignant,malignancy,134,0,0,0,0,GSE289435,GSM8791437_MLL_28824
SFRP4,malignant,malignancy,134,0,0,0,0,GSE289435,GSM8791437_MLL_28824
GREM1,malignant,malignancy,134,0,0,0,0,GSE289435,GSM8791437_MLL_28824
FAP,malignant,malignancy,134,0,0,0,0,GSE289435,GSM8791437_MLL_28824
BGLAP,malignant,malignancy,134,0,0,0,0,GSE289435,GSM8791437_MLL_28824
RUNX2,malignant,malignancy,134,16,0.284761706065099,21,11.9403,GSE289435,GSM8791437_MLL_28824
SP7,malignant,malignancy,134,0,0,0,0,GSE289435,GSM8791437_MLL_28824
ACTA2,malignant,malignancy,134,0,0,0,0,GSE289435,GSM8791437_MLL_28824
TAGLN,malignant,malignancy,134,0,0,0,0,GSE289435,GSM8791437_MLL_28824
RGS5,malignant,malignancy,134,0,0,0,0,GSE289435,GSM8791437_MLL_28824
MYH11,malignant,malignancy,134,0,0,0,0,GSE289435,GSM8791437_MLL_28824
CDH5,malignant,malignancy,134,0,0,0,0,GSE289435,GSM8791437_MLL_28824
PECAM1,malignant,malignancy,134,14,0.17313266159162,18,10.4478,GSE289435,GSM8791437_MLL_28824
EMCN,malignant,malignancy,134,1,0.0103696123468736,1,0.7463,GSE289435,GSM8791437_MLL_28824
HIF1A,malignant,malignancy,134,59,0.995252176529647,97,44.0299,GSE289435,GSM8791437_MLL_28824
EPAS1,malignant,malignancy,134,0,0,0,0,GSE289435,GSM8791437_MLL_28824
CA9,malignant,malignancy,134,0,0,0,0,GSE289435,GSM8791437_MLL_28824
LDHA,malignant,malignancy,134,37,0.5482876550209,57,27.6119,GSE289435,GSM8791437_MLL_28824
SLC2A1,malignant,malignancy,134,8,0.114095005384827,12,5.9701,GSE289435,GSM8791437_MLL_28824
PGK1,malignant,malignancy,134,41,0.607272331207656,55,30.597,GSE289435,GSM8791437_MLL_28824
ADM,malignant,malignancy,134,0,0,0,0,GSE289435,GSM8791437_MLL_28824
BNIP3,malignant,malignancy,134,2,0.0198516671604047,2,1.4925,GSE289435,GSM8791437_MLL_28824
NDRG1,malignant,malignancy,134,5,0.0765477795341885,5,3.7313,GSE289435,GSM8791437_MLL_28824
SNAI1,malignant,malignancy,134,0,0,0,0,GSE289435,GSM8791437_MLL_28824
SNAI2,malignant,malignancy,134,0,0,0,0,GSE289435,GSM8791437_MLL_28824
TWIST1,malignant,malignancy,134,0,0,0,0,GSE289435,GSM8791437_MLL_28824
ZEB1,malignant,malignancy,134,1,0.0153807774470423,1,0.7463,GSE289435,GSM8791437_MLL_28824
ZEB2,malignant,malignancy,134,77,1.38554047200114,161,57.4627,GSE289435,GSM8791437_MLL_28824
VIM,malignant,malignancy,134,70,1.22427288246815,167,52.2388,GSE289435,GSM8791437_MLL_28824
CDH2,malignant,malignancy,134,0,0,0,0,GSE289435,GSM8791437_MLL_28824
NECTIN4,malignant,malignancy,134,0,0,0,0,GSE289435,GSM8791437_MLL_28824
NECTIN1,malignant,malignancy,134,6,0.071738228880558,6,4.4776,GSE289435,GSM8791437_MLL_28824
NECTIN2,malignant,malignancy,134,15,0.20890997778254,18,11.194,GSE289435,GSM8791437_MLL_28824
NECTIN3,malignant,malignancy,134,0,0,0,0,GSE289435,GSM8791437_MLL_28824
PVR,malignant,malignancy,134,1,0.00778938908493246,1,0.7463,GSE289435,GSM8791437_MLL_28824
TIGIT,malignant,malignancy,134,0,0,0,0,GSE289435,GSM8791437_MLL_28824
CD226,malignant,malignancy,134,1,0.0191711030231542,4,0.7463,GSE289435,GSM8791437_MLL_28824
CD96,malignant,malignancy,134,0,0,0,0,GSE289435,GSM8791437_MLL_28824
C1QA,malignant,malignancy,134,0,0,0,0,GSE289435,GSM8791437_MLL_28824
C1QB,malignant,malignancy,134,0,0,0,0,GSE289435,GSM8791437_MLL_28824
C1QC,malignant,malignancy,134,0,0,0,0,GSE289435,GSM8791437_MLL_28824
CD163,malignant,malignancy,134,0,0,0,0,GSE289435,GSM8791437_MLL_28824
MRC1,malignant,malignancy,134,0,0,0,0,GSE289435,GSM8791437_MLL_28824
VSIG4,malignant,malignancy,134,0,0,0,0,GSE289435,GSM8791437_MLL_28824
SELENOP,malignant,malignancy,134,18,0.225078814721387,21,13.4328,GSE289435,GSM8791437_MLL_28824
STAB1,malignant,malignancy,134,16,0.235971706111588,22,11.9403,GSE289435,GSM8791437_MLL_28824
LYVE1,malignant,malignancy,134,0,0,0,0,GSE289435,GSM8791437_MLL_28824
MAF,malignant,malignancy,134,0,0,0,0,GSE289435,GSM8791437_MLL_28824
FCN1,malignant,malignancy,134,6,0.0644700528245424,6,4.4776,GSE289435,GSM8791437_MLL_28824
S100A12,malignant,malignancy,134,0,0,0,0,GSE289435,GSM8791437_MLL_28824
SELL,malignant,malignancy,134,9,0.130953494205046,11,6.7164,GSE289435,GSM8791437_MLL_28824
CSF3R,malignant,malignancy,134,76,1.45762496790427,198,56.7164,GSE289435,GSM8791437_MLL_28824
PLAC8,malignant,malignancy,134,36,0.508395504130725,51,26.8657,GSE289435,GSM8791437_MLL_28824
CTGF,all,sample,4590,,,,,GSE289435,GSM8791437_MLL_28824
CYR61,all,sample,4590,,,,,GSE289435,GSM8791437_MLL_28824
IL8,all,sample,4590,,,,,GSE289435,GSM8791437_MLL_28824
CXCL4,all,sample,4590,,,,,GSE289435,GSM8791437_MLL_28824
CXCL7,all,sample,4590,,,,,GSE289435,GSM8791437_MLL_28824
CD41,all,sample,4590,,,,,GSE289435,GSM8791437_MLL_28824
SCF,all,sample,4590,,,,,GSE289435,GSM8791437_MLL_28824
CD271,all,sample,4590,,,,,GSE289435,GSM8791437_MLL_28824
OSX,all,sample,4590,,,,,GSE289435,GSM8791437_MLL_28824
CD31,all,sample,4590,,,,,GSE289435,GSM8791437_MLL_28824
HIF2A,all,sample,4590,,,,,GSE289435,GSM8791437_MLL_28824
GLUT1,all,sample,4590,,,,,GSE289435,GSM8791437_MLL_28824
PVRL4,all,sample,4590,,,,,GSE289435,GSM8791437_MLL_28824
PVRL1,all,sample,4590,,,,,GSE289435,GSM8791437_MLL_28824
PVRL2,all,sample,4590,,,,,GSE289435,GSM8791437_MLL_28824
PVRL3,all,sample,4590,,,,,GSE289435,GSM8791437_MLL_28824
CD155,all,sample,4590,,,,,GSE289435,GSM8791437_MLL_28824
DNAM1,all,sample,4590,,,,,GSE289435,GSM8791437_MLL_28824
CD206,all,sample,4590,,,,,GSE289435,GSM8791437_MLL_28824
SEPP1,all,sample,4590,,,,,GSE289435,GSM8791437_MLL_28824
CD62L,all,sample,4590,,,,,GSE289435,GSM8791437_MLL_28824
