gene,stratum,level,n_cells,n_nonzero,mean_lognorm,sum_counts,pct_nonzero,dataset,sample
COL1A1,all,sample,13050,42,0.00422854273012271,44,0.3218,GSE289435,GSM8791436_MLL_17844
COL1A2,all,sample,13050,0,0,0,0,GSE289435,GSM8791436_MLL_17844
COL3A1,all,sample,13050,0,0,0,0,GSE289435,GSM8791436_MLL_17844
COL4A1,all,sample,13050,43,0.00403481763301448,43,0.3295,GSE289435,GSM8791436_MLL_17844
COL5A1,all,sample,13050,11,0.00093021250177191,11,0.0843,GSE289435,GSM8791436_MLL_17844
COL5A2,all,sample,13050,2,0.000218063663529188,2,0.0153,GSE289435,GSM8791436_MLL_17844
COL6A1,all,sample,13050,59,0.00477194349849639,62,0.4521,GSE289435,GSM8791436_MLL_17844
COL6A2,all,sample,13050,4,0.000462880178072672,4,0.0307,GSE289435,GSM8791436_MLL_17844
COL6A3,all,sample,13050,1383,0.129100658190994,1501,10.5977,GSE289435,GSM8791436_MLL_17844
COL11A1,all,sample,13050,0,0,0,0,GSE289435,GSM8791436_MLL_17844
FN1,all,sample,13050,62,0.0060948299462782,76,0.4751,GSE289435,GSM8791436_MLL_17844
LUM,all,sample,13050,2,0.000289845935607761,2,0.0153,GSE289435,GSM8791436_MLL_17844
DCN,all,sample,13050,7,0.000496323607817807,7,0.0536,GSE289435,GSM8791436_MLL_17844
POSTN,all,sample,13050,0,0,0,0,GSE289435,GSM8791436_MLL_17844
SPARC,all,sample,13050,54,0.00413133035480576,56,0.4138,GSE289435,GSM8791436_MLL_17844
BGN,all,sample,13050,0,0,0,0,GSE289435,GSM8791436_MLL_17844
VCAN,all,sample,13050,2545,0.269172690759738,4402,19.5019,GSE289435,GSM8791436_MLL_17844
ELN,all,sample,13050,2,0.000178457893642187,2,0.0153,GSE289435,GSM8791436_MLL_17844
FBN1,all,sample,13050,16,0.00180889516987022,16,0.1226,GSE289435,GSM8791436_MLL_17844
MGP,all,sample,13050,3,0.000300314165625913,3,0.023,GSE289435,GSM8791436_MLL_17844
OGN,all,sample,13050,27,0.00230056841362139,28,0.2069,GSE289435,GSM8791436_MLL_17844
ASPN,all,sample,13050,3,0.000290475202939399,3,0.023,GSE289435,GSM8791436_MLL_17844
TNC,all,sample,13050,1,5.14038208818643e-05,1,0.0077,GSE289435,GSM8791436_MLL_17844
LTBP1,all,sample,13050,16,0.00115241904293493,16,0.1226,GSE289435,GSM8791436_MLL_17844
LTBP2,all,sample,13050,3,0.000268495192403641,3,0.023,GSE289435,GSM8791436_MLL_17844
LOX,all,sample,13050,1,8.79366372309434e-05,1,0.0077,GSE289435,GSM8791436_MLL_17844
LOXL1,all,sample,13050,51,0.00403084245336494,53,0.3908,GSE289435,GSM8791436_MLL_17844
LOXL2,all,sample,13050,14,0.00105031195355902,14,0.1073,GSE289435,GSM8791436_MLL_17844
PLOD1,all,sample,13050,1186,0.0891127135745392,1291,9.0881,GSE289435,GSM8791436_MLL_17844
PLOD2,all,sample,13050,6,0.00054866120908408,7,0.046,GSE289435,GSM8791436_MLL_17844
SERPINH1,all,sample,13050,1124,0.089792091298855,1263,8.613,GSE289435,GSM8791436_MLL_17844
SERPINE1,all,sample,13050,557,0.056398592954981,814,4.2682,GSE289435,GSM8791436_MLL_17844
TIMP1,all,sample,13050,8259,1.17843546057192,34359,63.2874,GSE289435,GSM8791436_MLL_17844
TIMP2,all,sample,13050,1486,0.11945545923148,1638,11.387,GSE289435,GSM8791436_MLL_17844
TIMP3,all,sample,13050,282,0.0353060026921314,711,2.1609,GSE289435,GSM8791436_MLL_17844
MMP2,all,sample,13050,4,0.00037236399380584,4,0.0307,GSE289435,GSM8791436_MLL_17844
MMP9,all,sample,13050,577,0.0419611502739832,702,4.4215,GSE289435,GSM8791436_MLL_17844
MMP14,all,sample,13050,341,0.0278786871027397,350,2.613,GSE289435,GSM8791436_MLL_17844
CTSK,all,sample,13050,56,0.00496372996345245,57,0.4291,GSE289435,GSM8791436_MLL_17844
ADAMTS1,all,sample,13050,23,0.0022026777285509,31,0.1762,GSE289435,GSM8791436_MLL_17844
TGFB1,all,sample,13050,4288,0.377376019555042,6275,32.8582,GSE289435,GSM8791436_MLL_17844
TGFB2,all,sample,13050,58,0.00558562024408463,59,0.4444,GSE289435,GSM8791436_MLL_17844
TGFB3,all,sample,13050,16,0.00165776061013476,16,0.1226,GSE289435,GSM8791436_MLL_17844
TGFBR1,all,sample,13050,403,0.0334967424817599,409,3.0881,GSE289435,GSM8791436_MLL_17844
TGFBR2,all,sample,13050,1725,0.167602824774952,2094,13.2184,GSE289435,GSM8791436_MLL_17844
PDGFA,all,sample,13050,16,0.00128386535995995,16,0.1226,GSE289435,GSM8791436_MLL_17844
PDGFB,all,sample,13050,9,0.00088801254919425,9,0.069,GSE289435,GSM8791436_MLL_17844
PDGFRA,all,sample,13050,7,0.00064498649803216,7,0.0536,GSE289435,GSM8791436_MLL_17844
PDGFRB,all,sample,13050,118,0.0098482392934378,120,0.9042,GSE289435,GSM8791436_MLL_17844
CCN2,all,sample,13050,379,0.0314451900664384,452,2.9042,GSE289435,GSM8791436_MLL_17844
CCN1,all,sample,13050,59,0.00533083601892949,62,0.4521,GSE289435,GSM8791436_MLL_17844
IGF1,all,sample,13050,4,0.000443328748208483,6,0.0307,GSE289435,GSM8791436_MLL_17844
IGF2,all,sample,13050,0,0,0,0,GSE289435,GSM8791436_MLL_17844
VEGFA,all,sample,13050,1112,0.108038074531573,1282,8.5211,GSE289435,GSM8791436_MLL_17844
FGF2,all,sample,13050,6,0.000537182524243175,6,0.046,GSE289435,GSM8791436_MLL_17844
HGF,all,sample,13050,831,0.0743227809558886,929,6.3678,GSE289435,GSM8791436_MLL_17844
OSM,all,sample,13050,493,0.0406176601573936,604,3.7778,GSE289435,GSM8791436_MLL_17844
OSMR,all,sample,13050,0,0,0,0,GSE289435,GSM8791436_MLL_17844
IL11,all,sample,13050,4,0.000338913473919744,4,0.0307,GSE289435,GSM8791436_MLL_17844
SPP1,all,sample,13050,18,0.00164188599884685,21,0.1379,GSE289435,GSM8791436_MLL_17844
IL1B,all,sample,13050,962,0.0993111353690465,1600,7.3716,GSE289435,GSM8791436_MLL_17844
IL6,all,sample,13050,42,0.00362957076878483,45,0.3218,GSE289435,GSM8791436_MLL_17844
TNF,all,sample,13050,5398,0.706664186800331,16039,41.364,GSE289435,GSM8791436_MLL_17844
CXCL8,all,sample,13050,4052,0.468655536904499,8215,31.0498,GSE289435,GSM8791436_MLL_17844
IL10,all,sample,13050,27,0.00256184008954608,30,0.2069,GSE289435,GSM8791436_MLL_17844
IFNG,all,sample,13050,0,0,0,0,GSE289435,GSM8791436_MLL_17844
CCL2,all,sample,13050,144,0.0118880108772201,181,1.1034,GSE289435,GSM8791436_MLL_17844
CCL3,all,sample,13050,3706,0.472414301961431,12527,28.3985,GSE289435,GSM8791436_MLL_17844
CCL4,all,sample,13050,714,0.0808540174121028,1900,5.4713,GSE289435,GSM8791436_MLL_17844
CXCL1,all,sample,13050,25,0.0020866600932555,31,0.1916,GSE289435,GSM8791436_MLL_17844
CXCL2,all,sample,13050,677,0.0728256531114865,1055,5.1877,GSE289435,GSM8791436_MLL_17844
IL18,all,sample,13050,2226,0.183904054570657,2806,17.0575,GSE289435,GSM8791436_MLL_17844
NLRP3,all,sample,13050,2060,0.196437169143385,2467,15.7854,GSE289435,GSM8791436_MLL_17844
S100A8,all,sample,13050,3551,0.526186875837817,43677,27.2107,GSE289435,GSM8791436_MLL_17844
S100A9,all,sample,13050,1708,0.259559180373078,15344,13.0881,GSE289435,GSM8791436_MLL_17844
PF4,all,sample,13050,1,0.000186232609924368,1,0.0077,GSE289435,GSM8791436_MLL_17844
PPBP,all,sample,13050,2,0.000521829222867148,16,0.0153,GSE289435,GSM8791436_MLL_17844
VWF,all,sample,13050,38,0.00326140717390832,38,0.2912,GSE289435,GSM8791436_MLL_17844
ITGA2B,all,sample,13050,186,0.0147219326695664,205,1.4253,GSE289435,GSM8791436_MLL_17844
GP9,all,sample,13050,12,0.000679047789191377,12,0.092,GSE289435,GSM8791436_MLL_17844
NFE2,all,sample,13050,696,0.0521325378159413,771,5.3333,GSE289435,GSM8791436_MLL_17844
GATA1,all,sample,13050,11,0.00154876987905373,11,0.0843,GSE289435,GSM8791436_MLL_17844
MPL,all,sample,13050,1,8.64790310595067e-05,1,0.0077,GSE289435,GSM8791436_MLL_17844
CALR,all,sample,13050,7435,0.890967944084366,18789,56.9732,GSE289435,GSM8791436_MLL_17844
JAK2,all,sample,13050,3037,0.308844405035709,3907,23.272,GSE289435,GSM8791436_MLL_17844
LEPR,all,sample,13050,49,0.00445887557606297,49,0.3755,GSE289435,GSM8791436_MLL_17844
CXCL12,all,sample,13050,1,0.000192701886048865,2,0.0077,GSE289435,GSM8791436_MLL_17844
KITLG,all,sample,13050,20,0.00203121693301398,20,0.1533,GSE289435,GSM8791436_MLL_17844
ANGPT1,all,sample,13050,4,0.000207930573378376,4,0.0307,GSE289435,GSM8791436_MLL_17844
VCAM1,all,sample,13050,4,0.000493043322184352,4,0.0307,GSE289435,GSM8791436_MLL_17844
NES,all,sample,13050,68,0.00625815806778719,79,0.5211,GSE289435,GSM8791436_MLL_17844
NGFR,all,sample,13050,107,0.00980464419994729,109,0.8199,GSE289435,GSM8791436_MLL_17844
SFRP2,all,sample,13050,6,0.000612261124491576,7,0.046,GSE289435,GSM8791436_MLL_17844
SFRP4,all,sample,13050,10,0.000838392187801181,10,0.0766,GSE289435,GSM8791436_MLL_17844
GREM1,all,sample,13050,9,0.000580605671585843,9,0.069,GSE289435,GSM8791436_MLL_17844
FAP,all,sample,13050,2,0.00028040682263839,2,0.0153,GSE289435,GSM8791436_MLL_17844
BGLAP,all,sample,13050,106,0.0084482823088258,126,0.8123,GSE289435,GSM8791436_MLL_17844
RUNX2,all,sample,13050,5569,0.568891242379869,9057,42.6743,GSE289435,GSM8791436_MLL_17844
SP7,all,sample,13050,4,0.000520754865173897,5,0.0307,GSE289435,GSM8791436_MLL_17844
ACTA2,all,sample,13050,9,0.000666624654013458,10,0.069,GSE289435,GSM8791436_MLL_17844
TAGLN,all,sample,13050,1195,0.111329568592386,1305,9.1571,GSE289435,GSM8791436_MLL_17844
RGS5,all,sample,13050,19,0.00147703978820263,19,0.1456,GSE289435,GSM8791436_MLL_17844
MYH11,all,sample,13050,38,0.00288836943660754,38,0.2912,GSE289435,GSM8791436_MLL_17844
CDH5,all,sample,13050,0,0,0,0,GSE289435,GSM8791436_MLL_17844
PECAM1,all,sample,13050,3972,0.363838492464282,5478,30.4368,GSE289435,GSM8791436_MLL_17844
EMCN,all,sample,13050,0,0,0,0,GSE289435,GSM8791436_MLL_17844
HIF1A,all,sample,13050,3707,0.399744759202604,5219,28.4061,GSE289435,GSM8791436_MLL_17844
EPAS1,all,sample,13050,34,0.00345805341613332,36,0.2605,GSE289435,GSM8791436_MLL_17844
CA9,all,sample,13050,36,0.00211098079751843,37,0.2759,GSE289435,GSM8791436_MLL_17844
LDHA,all,sample,13050,7626,0.935929137507743,21386,58.4368,GSE289435,GSM8791436_MLL_17844
SLC2A1,all,sample,13050,747,0.0619282010055142,810,5.7241,GSE289435,GSM8791436_MLL_17844
PGK1,all,sample,13050,7213,0.848712718980447,19190,55.272,GSE289435,GSM8791436_MLL_17844
ADM,all,sample,13050,1291,0.132069376504255,2153,9.8927,GSE289435,GSM8791436_MLL_17844
BNIP3,all,sample,13050,924,0.0663785830445969,1028,7.0805,GSE289435,GSM8791436_MLL_17844
NDRG1,all,sample,13050,3831,0.455683118074976,6094,29.3563,GSE289435,GSM8791436_MLL_17844
SNAI1,all,sample,13050,1986,0.169367144384013,2672,15.2184,GSE289435,GSM8791436_MLL_17844
SNAI2,all,sample,13050,0,0,0,0,GSE289435,GSM8791436_MLL_17844
TWIST1,all,sample,13050,2,0.000208720283130016,2,0.0153,GSE289435,GSM8791436_MLL_17844
ZEB1,all,sample,13050,9,0.0011072637439542,9,0.069,GSE289435,GSM8791436_MLL_17844
ZEB2,all,sample,13050,9453,1.34600571534809,24425,72.4368,GSE289435,GSM8791436_MLL_17844
VIM,all,sample,13050,12916,3.58384254795533,402804,98.9732,GSE289435,GSM8791436_MLL_17844
CDH2,all,sample,13050,1,0.000120746964678247,1,0.0077,GSE289435,GSM8791436_MLL_17844
NECTIN4,all,sample,13050,124,0.0101528104218222,129,0.9502,GSE289435,GSM8791436_MLL_17844
NECTIN1,all,sample,13050,491,0.0423397712000635,507,3.7625,GSE289435,GSM8791436_MLL_17844
NECTIN2,all,sample,13050,2733,0.217550949170598,3494,20.9425,GSE289435,GSM8791436_MLL_17844
NECTIN3,all,sample,13050,2,0.000174526276692487,2,0.0153,GSE289435,GSM8791436_MLL_17844
PVR,all,sample,13050,302,0.0261877437000612,313,2.3142,GSE289435,GSM8791436_MLL_17844
TIGIT,all,sample,13050,11,0.0011064652350929,11,0.0843,GSE289435,GSM8791436_MLL_17844
CD226,all,sample,13050,72,0.00604511480973196,74,0.5517,GSE289435,GSM8791436_MLL_17844
CD96,all,sample,13050,4,0.00028609812817314,4,0.0307,GSE289435,GSM8791436_MLL_17844
C1QA,all,sample,13050,667,0.0634686412314217,1572,5.1111,GSE289435,GSM8791436_MLL_17844
C1QB,all,sample,13050,775,0.0734570425543642,1855,5.9387,GSE289435,GSM8791436_MLL_17844
C1QC,all,sample,13050,211,0.0207621793801535,528,1.6169,GSE289435,GSM8791436_MLL_17844
CD163,all,sample,13050,430,0.0367501700847074,506,3.295,GSE289435,GSM8791436_MLL_17844
MRC1,all,sample,13050,2,0.000145603870034283,2,0.0153,GSE289435,GSM8791436_MLL_17844
VSIG4,all,sample,13050,20,0.00145908486648366,25,0.1533,GSE289435,GSM8791436_MLL_17844
SELENOP,all,sample,13050,1,4.12409313618483e-05,1,0.0077,GSE289435,GSM8791436_MLL_17844
STAB1,all,sample,13050,11,0.000985057444469081,12,0.0843,GSE289435,GSM8791436_MLL_17844
LYVE1,all,sample,13050,2,0.000243893312239357,2,0.0153,GSE289435,GSM8791436_MLL_17844
MAF,all,sample,13050,195,0.0187445004337672,210,1.4943,GSE289435,GSM8791436_MLL_17844
FCN1,all,sample,13050,1710,0.213628020961423,5315,13.1034,GSE289435,GSM8791436_MLL_17844
S100A12,all,sample,13050,580,0.0841579205759716,3078,4.4444,GSE289435,GSM8791436_MLL_17844
SELL,all,sample,13050,1559,0.13380634131859,2052,11.9464,GSE289435,GSM8791436_MLL_17844
CSF3R,all,sample,13050,7767,0.919684733687298,15531,59.5172,GSE289435,GSM8791436_MLL_17844
PLAC8,all,sample,13050,6735,0.756566742902976,14652,51.6092,GSE289435,GSM8791436_MLL_17844
COL1A1,Mono_DC,bin,11255,29,0.00335419511335121,29,0.2577,GSE289435,GSM8791436_MLL_17844
COL1A2,Mono_DC,bin,11255,0,0,0,0,GSE289435,GSM8791436_MLL_17844
COL3A1,Mono_DC,bin,11255,0,0,0,0,GSE289435,GSM8791436_MLL_17844
COL4A1,Mono_DC,bin,11255,39,0.00418004796597579,39,0.3465,GSE289435,GSM8791436_MLL_17844
COL5A1,Mono_DC,bin,11255,9,0.000767403947420878,9,0.08,GSE289435,GSM8791436_MLL_17844
COL5A2,Mono_DC,bin,11255,2,0.000252841475704655,2,0.0178,GSE289435,GSM8791436_MLL_17844
COL6A1,Mono_DC,bin,11255,52,0.00462375216344399,55,0.462,GSE289435,GSM8791436_MLL_17844
COL6A2,Mono_DC,bin,11255,2,0.000239606980441993,2,0.0178,GSE289435,GSM8791436_MLL_17844
COL6A3,Mono_DC,bin,11255,1214,0.128120096421891,1317,10.7863,GSE289435,GSM8791436_MLL_17844
COL11A1,Mono_DC,bin,11255,0,0,0,0,GSE289435,GSM8791436_MLL_17844
FN1,Mono_DC,bin,11255,54,0.00622030418563805,66,0.4798,GSE289435,GSM8791436_MLL_17844
LUM,Mono_DC,bin,11255,2,0.000336071920007222,2,0.0178,GSE289435,GSM8791436_MLL_17844
DCN,Mono_DC,bin,11255,7,0.000575479616350278,7,0.0622,GSE289435,GSM8791436_MLL_17844
POSTN,Mono_DC,bin,11255,0,0,0,0,GSE289435,GSM8791436_MLL_17844
SPARC,Mono_DC,bin,11255,38,0.00321067526950565,38,0.3376,GSE289435,GSM8791436_MLL_17844
BGN,Mono_DC,bin,11255,0,0,0,0,GSE289435,GSM8791436_MLL_17844
VCAN,Mono_DC,bin,11255,2432,0.295766015166464,4229,21.6082,GSE289435,GSM8791436_MLL_17844
ELN,Mono_DC,bin,11255,2,0.000206919192539364,2,0.0178,GSE289435,GSM8791436_MLL_17844
FBN1,Mono_DC,bin,11255,11,0.00156189487548486,11,0.0977,GSE289435,GSM8791436_MLL_17844
MGP,Mono_DC,bin,11255,3,0.000348209672271716,3,0.0267,GSE289435,GSM8791436_MLL_17844
OGN,Mono_DC,bin,11255,24,0.00228086704933846,25,0.2132,GSE289435,GSM8791436_MLL_17844
ASPN,Mono_DC,bin,11255,2,0.000207913144745818,2,0.0178,GSE289435,GSM8791436_MLL_17844
TNC,Mono_DC,bin,11255,1,5.96019424707534e-05,1,0.0089,GSE289435,GSM8791436_MLL_17844
LTBP1,Mono_DC,bin,11255,14,0.0012251663997327,14,0.1244,GSE289435,GSM8791436_MLL_17844
LTBP2,Mono_DC,bin,11255,2,0.000256769007292834,2,0.0178,GSE289435,GSM8791436_MLL_17844
LOX,Mono_DC,bin,11255,1,0.000101961183106514,1,0.0089,GSE289435,GSM8791436_MLL_17844
LOXL1,Mono_DC,bin,11255,45,0.00385255481661476,47,0.3998,GSE289435,GSM8791436_MLL_17844
LOXL2,Mono_DC,bin,11255,13,0.00112167761034681,13,0.1155,GSE289435,GSM8791436_MLL_17844
PLOD1,Mono_DC,bin,11255,1055,0.0901899419239047,1147,9.3736,GSE289435,GSM8791436_MLL_17844
PLOD2,Mono_DC,bin,11255,5,0.000412729379441099,5,0.0444,GSE289435,GSM8791436_MLL_17844
SERPINH1,Mono_DC,bin,11255,965,0.0867710143292394,1076,8.574,GSE289435,GSM8791436_MLL_17844
SERPINE1,Mono_DC,bin,11255,501,0.0571768323331504,728,4.4514,GSE289435,GSM8791436_MLL_17844
TIMP1,Mono_DC,bin,11255,7470,1.24763601090989,32609,66.3705,GSE289435,GSM8791436_MLL_17844
TIMP2,Mono_DC,bin,11255,1362,0.12496767779639,1505,12.1013,GSE289435,GSM8791436_MLL_17844
TIMP3,Mono_DC,bin,11255,232,0.0323544241935581,543,2.0613,GSE289435,GSM8791436_MLL_17844
MMP2,Mono_DC,bin,11255,3,0.000318814156736033,3,0.0267,GSE289435,GSM8791436_MLL_17844
MMP9,Mono_DC,bin,11255,494,0.0411992335886747,601,4.3892,GSE289435,GSM8791436_MLL_17844
MMP14,Mono_DC,bin,11255,291,0.0267656113542324,298,2.5855,GSE289435,GSM8791436_MLL_17844
CTSK,Mono_DC,bin,11255,52,0.00535532716138184,53,0.462,GSE289435,GSM8791436_MLL_17844
ADAMTS1,Mono_DC,bin,11255,15,0.00164902805218393,21,0.1333,GSE289435,GSM8791436_MLL_17844
TGFB1,Mono_DC,bin,11255,3913,0.394557854102219,5785,34.7668,GSE289435,GSM8791436_MLL_17844
TGFB2,Mono_DC,bin,11255,48,0.00530272274791503,49,0.4265,GSE289435,GSM8791436_MLL_17844
TGFB3,Mono_DC,bin,11255,12,0.00143277188299173,12,0.1066,GSE289435,GSM8791436_MLL_17844
TGFBR1,Mono_DC,bin,11255,351,0.0330238846196473,356,3.1186,GSE289435,GSM8791436_MLL_17844
TGFBR2,Mono_DC,bin,11255,1555,0.171728836080249,1883,13.8161,GSE289435,GSM8791436_MLL_17844
PDGFA,Mono_DC,bin,11255,16,0.00148862220768346,16,0.1422,GSE289435,GSM8791436_MLL_17844
PDGFB,Mono_DC,bin,11255,7,0.000768280393602258,7,0.0622,GSE289435,GSM8791436_MLL_17844
PDGFRA,Mono_DC,bin,11255,7,0.00074785195906883,7,0.0622,GSE289435,GSM8791436_MLL_17844
PDGFRB,Mono_DC,bin,11255,103,0.00975582733859816,105,0.9151,GSE289435,GSM8791436_MLL_17844
CCN2,Mono_DC,bin,11255,341,0.0321153627747445,410,3.0298,GSE289435,GSM8791436_MLL_17844
CCN1,Mono_DC,bin,11255,44,0.00433368124114123,46,0.3909,GSE289435,GSM8791436_MLL_17844
IGF1,Mono_DC,bin,11255,4,0.000514032888860124,6,0.0355,GSE289435,GSM8791436_MLL_17844
IGF2,Mono_DC,bin,11255,0,0,0,0,GSE289435,GSM8791436_MLL_17844
VEGFA,Mono_DC,bin,11255,950,0.104307773563211,1088,8.4407,GSE289435,GSM8791436_MLL_17844
FGF2,Mono_DC,bin,11255,6,0.00062285490372043,6,0.0533,GSE289435,GSM8791436_MLL_17844
HGF,Mono_DC,bin,11255,688,0.0677996039052921,757,6.1128,GSE289435,GSM8791436_MLL_17844
OSM,Mono_DC,bin,11255,423,0.0395624459338497,518,3.7583,GSE289435,GSM8791436_MLL_17844
OSMR,Mono_DC,bin,11255,0,0,0,0,GSE289435,GSM8791436_MLL_17844
IL11,Mono_DC,bin,11255,4,0.000392964978645283,4,0.0355,GSE289435,GSM8791436_MLL_17844
SPP1,Mono_DC,bin,11255,15,0.00163685998551953,18,0.1333,GSE289435,GSM8791436_MLL_17844
IL1B,Mono_DC,bin,11255,884,0.104446192166311,1481,7.8543,GSE289435,GSM8791436_MLL_17844
IL6,Mono_DC,bin,11255,37,0.00364129650557234,38,0.3287,GSE289435,GSM8791436_MLL_17844
TNF,Mono_DC,bin,11255,4832,0.728165495634704,14829,42.932,GSE289435,GSM8791436_MLL_17844
CXCL8,Mono_DC,bin,11255,3584,0.474056039464107,7400,31.8436,GSE289435,GSM8791436_MLL_17844
IL10,Mono_DC,bin,11255,24,0.00259813533768813,27,0.2132,GSE289435,GSM8791436_MLL_17844
IFNG,Mono_DC,bin,11255,0,0,0,0,GSE289435,GSM8791436_MLL_17844
CCL2,Mono_DC,bin,11255,130,0.0122805547594033,162,1.155,GSE289435,GSM8791436_MLL_17844
CCL3,Mono_DC,bin,11255,3393,0.500666922347431,11921,30.1466,GSE289435,GSM8791436_MLL_17844
CCL4,Mono_DC,bin,11255,658,0.0865433417825281,1819,5.8463,GSE289435,GSM8791436_MLL_17844
CXCL1,Mono_DC,bin,11255,21,0.00180964198665596,23,0.1866,GSE289435,GSM8791436_MLL_17844
CXCL2,Mono_DC,bin,11255,598,0.0736037407308186,939,5.3132,GSE289435,GSM8791436_MLL_17844
IL18,Mono_DC,bin,11255,2042,0.191492316853451,2601,18.143,GSE289435,GSM8791436_MLL_17844
NLRP3,Mono_DC,bin,11255,1754,0.191077284082798,2103,15.5842,GSE289435,GSM8791436_MLL_17844
S100A8,Mono_DC,bin,11255,3210,0.557938741352992,43181,28.5207,GSE289435,GSM8791436_MLL_17844
S100A9,Mono_DC,bin,11255,1572,0.280344179923053,15167,13.9671,GSE289435,GSM8791436_MLL_17844
PF4,Mono_DC,bin,11255,0,0,0,0,GSE289435,GSM8791436_MLL_17844
PPBP,Mono_DC,bin,11255,1,0.000156125824869363,1,0.0089,GSE289435,GSM8791436_MLL_17844
VWF,Mono_DC,bin,11255,32,0.00314439776385278,32,0.2843,GSE289435,GSM8791436_MLL_17844
ITGA2B,Mono_DC,bin,11255,179,0.0163280131503484,197,1.5904,GSE289435,GSM8791436_MLL_17844
GP9,Mono_DC,bin,11255,8,0.000463234189771764,8,0.0711,GSE289435,GSM8791436_MLL_17844
NFE2,Mono_DC,bin,11255,643,0.0553091786974069,713,5.713,GSE289435,GSM8791436_MLL_17844
GATA1,Mono_DC,bin,11255,10,0.00156735401379851,10,0.0888,GSE289435,GSM8791436_MLL_17844
MPL,Mono_DC,bin,11255,1,0.000100271111090765,1,0.0089,GSE289435,GSM8791436_MLL_17844
CALR,Mono_DC,bin,11255,6429,0.858823339286613,15516,57.1213,GSE289435,GSM8791436_MLL_17844
JAK2,Mono_DC,bin,11255,2723,0.3141688839624,3505,24.1937,GSE289435,GSM8791436_MLL_17844
LEPR,Mono_DC,bin,11255,43,0.0043087248283448,43,0.3821,GSE289435,GSM8791436_MLL_17844
CXCL12,Mono_DC,bin,11255,0,0,0,0,GSE289435,GSM8791436_MLL_17844
KITLG,Mono_DC,bin,11255,12,0.00139933855682761,12,0.1066,GSE289435,GSM8791436_MLL_17844
ANGPT1,Mono_DC,bin,11255,3,0.000191931589205159,3,0.0267,GSE289435,GSM8791436_MLL_17844
VCAM1,Mono_DC,bin,11255,1,0.000129177950641847,1,0.0089,GSE289435,GSM8791436_MLL_17844
NES,Mono_DC,bin,11255,57,0.00597706373239913,67,0.5064,GSE289435,GSM8791436_MLL_17844
NGFR,Mono_DC,bin,11255,93,0.00957551201848677,95,0.8263,GSE289435,GSM8791436_MLL_17844
SFRP2,Mono_DC,bin,11255,4,0.000401109995479694,5,0.0355,GSE289435,GSM8791436_MLL_17844
SFRP4,Mono_DC,bin,11255,10,0.000972102892119539,10,0.0888,GSE289435,GSM8791436_MLL_17844
GREM1,Mono_DC,bin,11255,8,0.000600855260258485,8,0.0711,GSE289435,GSM8791436_MLL_17844
FAP,Mono_DC,bin,11255,1,0.000160846883412622,1,0.0089,GSE289435,GSM8791436_MLL_17844
BGLAP,Mono_DC,bin,11255,102,0.00921614808261727,121,0.9063,GSE289435,GSM8791436_MLL_17844
RUNX2,Mono_DC,bin,11255,5001,0.582719732090671,8254,44.4336,GSE289435,GSM8791436_MLL_17844
SP7,Mono_DC,bin,11255,4,0.000603807284808473,5,0.0355,GSE289435,GSM8791436_MLL_17844
ACTA2,Mono_DC,bin,11255,8,0.000650596158722173,9,0.0711,GSE289435,GSM8791436_MLL_17844
TAGLN,Mono_DC,bin,11255,1065,0.11221864355713,1162,9.4625,GSE289435,GSM8791436_MLL_17844
RGS5,Mono_DC,bin,11255,18,0.00164056667113678,18,0.1599,GSE289435,GSM8791436_MLL_17844
MYH11,Mono_DC,bin,11255,37,0.00325526281694904,37,0.3287,GSE289435,GSM8791436_MLL_17844
CDH5,Mono_DC,bin,11255,0,0,0,0,GSE289435,GSM8791436_MLL_17844
PECAM1,Mono_DC,bin,11255,3630,0.379645983300263,5066,32.2523,GSE289435,GSM8791436_MLL_17844
EMCN,Mono_DC,bin,11255,0,0,0,0,GSE289435,GSM8791436_MLL_17844
HIF1A,Mono_DC,bin,11255,3303,0.406745404704887,4650,29.347,GSE289435,GSM8791436_MLL_17844
EPAS1,Mono_DC,bin,11255,26,0.00286683319976075,27,0.231,GSE289435,GSM8791436_MLL_17844
CA9,Mono_DC,bin,11255,25,0.00173759423350551,25,0.2221,GSE289435,GSM8791436_MLL_17844
LDHA,Mono_DC,bin,11255,6775,0.955968599126535,19518,60.1955,GSE289435,GSM8791436_MLL_17844
SLC2A1,Mono_DC,bin,11255,659,0.0617836179719448,718,5.8552,GSE289435,GSM8791436_MLL_17844
PGK1,Mono_DC,bin,11255,6465,0.876056209449881,17666,57.4411,GSE289435,GSM8791436_MLL_17844
ADM,Mono_DC,bin,11255,1208,0.141480493762755,2037,10.733,GSE289435,GSM8791436_MLL_17844
BNIP3,Mono_DC,bin,11255,812,0.0656897709371883,898,7.2146,GSE289435,GSM8791436_MLL_17844
NDRG1,Mono_DC,bin,11255,3202,0.432311969469973,5041,28.4496,GSE289435,GSM8791436_MLL_17844
SNAI1,Mono_DC,bin,11255,1800,0.175121786261432,2438,15.9929,GSE289435,GSM8791436_MLL_17844
SNAI2,Mono_DC,bin,11255,0,0,0,0,GSE289435,GSM8791436_MLL_17844
TWIST1,Mono_DC,bin,11255,2,0.000242007969333337,2,0.0178,GSE289435,GSM8791436_MLL_17844
ZEB1,Mono_DC,bin,11255,6,0.000782251511752426,6,0.0533,GSE289435,GSM8791436_MLL_17844
ZEB2,Mono_DC,bin,11255,8196,1.31963373724324,20937,72.821,GSE289435,GSM8791436_MLL_17844
VIM,Mono_DC,bin,11255,11176,3.67637788079392,387961,99.2981,GSE289435,GSM8791436_MLL_17844
CDH2,Mono_DC,bin,11255,0,0,0,0,GSE289435,GSM8791436_MLL_17844
NECTIN4,Mono_DC,bin,11255,112,0.0103541604362624,115,0.9951,GSE289435,GSM8791436_MLL_17844
NECTIN1,Mono_DC,bin,11255,419,0.0410280465338713,432,3.7228,GSE289435,GSM8791436_MLL_17844
NECTIN2,Mono_DC,bin,11255,2502,0.226635232623469,3230,22.2301,GSE289435,GSM8791436_MLL_17844
NECTIN3,Mono_DC,bin,11255,1,7.54787653930381e-05,1,0.0089,GSE289435,GSM8791436_MLL_17844
PVR,Mono_DC,bin,11255,246,0.0242392755394282,251,2.1857,GSE289435,GSM8791436_MLL_17844
TIGIT,Mono_DC,bin,11255,11,0.00128292948182695,11,0.0977,GSE289435,GSM8791436_MLL_17844
CD226,Mono_DC,bin,11255,66,0.00623064500751989,67,0.5864,GSE289435,GSM8791436_MLL_17844
CD96,Mono_DC,bin,11255,3,0.000184973629406675,3,0.0267,GSE289435,GSM8791436_MLL_17844
C1QA,Mono_DC,bin,11255,648,0.0711200823325825,1547,5.7574,GSE289435,GSM8791436_MLL_17844
C1QB,Mono_DC,bin,11255,745,0.0810240622970877,1818,6.6193,GSE289435,GSM8791436_MLL_17844
C1QC,Mono_DC,bin,11255,204,0.0232669409393864,520,1.8125,GSE289435,GSM8791436_MLL_17844
CD163,Mono_DC,bin,11255,388,0.0381134396888324,454,3.4474,GSE289435,GSM8791436_MLL_17844
MRC1,Mono_DC,bin,11255,1,0.000119789962506742,1,0.0089,GSE289435,GSM8791436_MLL_17844
VSIG4,Mono_DC,bin,11255,19,0.00164687812942327,24,0.1688,GSE289435,GSM8791436_MLL_17844
SELENOP,Mono_DC,bin,11255,0,0,0,0,GSE289435,GSM8791436_MLL_17844
STAB1,Mono_DC,bin,11255,10,0.00091075718377602,10,0.0888,GSE289435,GSM8791436_MLL_17844
LYVE1,Mono_DC,bin,11255,1,6.48137169997509e-05,1,0.0089,GSE289435,GSM8791436_MLL_17844
MAF,Mono_DC,bin,11255,172,0.0189045841799168,184,1.5282,GSE289435,GSM8791436_MLL_17844
FCN1,Mono_DC,bin,11255,1638,0.237639416397507,5218,14.5535,GSE289435,GSM8791436_MLL_17844
S100A12,Mono_DC,bin,11255,554,0.0938676447154318,3052,4.9223,GSE289435,GSM8791436_MLL_17844
SELL,Mono_DC,bin,11255,1463,0.142742878431506,1949,12.9987,GSE289435,GSM8791436_MLL_17844
CSF3R,Mono_DC,bin,11255,6860,0.926195218266421,13770,60.9507,GSE289435,GSM8791436_MLL_17844
PLAC8,Mono_DC,bin,11255,5863,0.741732727812233,12578,52.0924,GSE289435,GSM8791436_MLL_17844
COL1A1,LMPP_GMP,bin,1442,6,0.00426494304529841,6,0.4161,GSE289435,GSM8791436_MLL_17844
COL1A2,LMPP_GMP,bin,1442,0,0,0,0,GSE289435,GSM8791436_MLL_17844
COL3A1,LMPP_GMP,bin,1442,0,0,0,0,GSE289435,GSM8791436_MLL_17844
COL4A1,LMPP_GMP,bin,1442,2,0.00157710581779216,2,0.1387,GSE289435,GSM8791436_MLL_17844
COL5A1,LMPP_GMP,bin,1442,1,0.00111147821531278,1,0.0693,GSE289435,GSM8791436_MLL_17844
COL5A2,LMPP_GMP,bin,1442,0,0,0,0,GSE289435,GSM8791436_MLL_17844
COL6A1,LMPP_GMP,bin,1442,3,0.00309131750002614,3,0.208,GSE289435,GSM8791436_MLL_17844
COL6A2,LMPP_GMP,bin,1442,1,0.00100167796501617,1,0.0693,GSE289435,GSM8791436_MLL_17844
COL6A3,LMPP_GMP,bin,1442,133,0.132175460612633,142,9.2233,GSE289435,GSM8791436_MLL_17844
COL11A1,LMPP_GMP,bin,1442,0,0,0,0,GSE289435,GSM8791436_MLL_17844
FN1,LMPP_GMP,bin,1442,3,0.00192091249415939,3,0.208,GSE289435,GSM8791436_MLL_17844
LUM,LMPP_GMP,bin,1442,0,0,0,0,GSE289435,GSM8791436_MLL_17844
DCN,LMPP_GMP,bin,1442,0,0,0,0,GSE289435,GSM8791436_MLL_17844
POSTN,LMPP_GMP,bin,1442,0,0,0,0,GSE289435,GSM8791436_MLL_17844
SPARC,LMPP_GMP,bin,1442,14,0.00877508615344003,16,0.9709,GSE289435,GSM8791436_MLL_17844
BGN,LMPP_GMP,bin,1442,0,0,0,0,GSE289435,GSM8791436_MLL_17844
VCAN,LMPP_GMP,bin,1442,60,0.0634023288449427,65,4.1609,GSE289435,GSM8791436_MLL_17844
ELN,LMPP_GMP,bin,1442,0,0,0,0,GSE289435,GSM8791436_MLL_17844
FBN1,LMPP_GMP,bin,1442,4,0.00322188784273727,4,0.2774,GSE289435,GSM8791436_MLL_17844
MGP,LMPP_GMP,bin,1442,0,0,0,0,GSE289435,GSM8791436_MLL_17844
OGN,LMPP_GMP,bin,1442,3,0.0030175167527425,3,0.208,GSE289435,GSM8791436_MLL_17844
ASPN,LMPP_GMP,bin,1442,1,0.00100599095301316,1,0.0693,GSE289435,GSM8791436_MLL_17844
TNC,LMPP_GMP,bin,1442,0,0,0,0,GSE289435,GSM8791436_MLL_17844
LTBP1,LMPP_GMP,bin,1442,2,0.000866727240852496,2,0.1387,GSE289435,GSM8791436_MLL_17844
LTBP2,LMPP_GMP,bin,1442,1,0.000425746937438745,1,0.0693,GSE289435,GSM8791436_MLL_17844
LOX,LMPP_GMP,bin,1442,0,0,0,0,GSE289435,GSM8791436_MLL_17844
LOXL1,LMPP_GMP,bin,1442,2,0.00204594520844348,2,0.1387,GSE289435,GSM8791436_MLL_17844
LOXL2,LMPP_GMP,bin,1442,0,0,0,0,GSE289435,GSM8791436_MLL_17844
PLOD1,LMPP_GMP,bin,1442,121,0.0904970426271217,134,8.3911,GSE289435,GSM8791436_MLL_17844
PLOD2,LMPP_GMP,bin,1442,0,0,0,0,GSE289435,GSM8791436_MLL_17844
SERPINH1,LMPP_GMP,bin,1442,145,0.120977594013456,172,10.0555,GSE289435,GSM8791436_MLL_17844
SERPINE1,LMPP_GMP,bin,1442,37,0.0412047927097241,44,2.5659,GSE289435,GSM8791436_MLL_17844
TIMP1,LMPP_GMP,bin,1442,684,0.783910918833594,1581,47.4341,GSE289435,GSM8791436_MLL_17844
TIMP2,LMPP_GMP,bin,1442,100,0.0819849590654637,108,6.9348,GSE289435,GSM8791436_MLL_17844
TIMP3,LMPP_GMP,bin,1442,43,0.0586338276823249,156,2.982,GSE289435,GSM8791436_MLL_17844
MMP2,LMPP_GMP,bin,1442,1,0.000881481820459196,1,0.0693,GSE289435,GSM8791436_MLL_17844
MMP9,LMPP_GMP,bin,1442,74,0.0485558147370113,91,5.1318,GSE289435,GSM8791436_MLL_17844
MMP14,LMPP_GMP,bin,1442,44,0.036425299824833,46,3.0513,GSE289435,GSM8791436_MLL_17844
CTSK,LMPP_GMP,bin,1442,4,0.00312237782364898,4,0.2774,GSE289435,GSM8791436_MLL_17844
ADAMTS1,LMPP_GMP,bin,1442,6,0.00379057319866357,6,0.4161,GSE289435,GSM8791436_MLL_17844
TGFB1,LMPP_GMP,bin,1442,334,0.291451678744897,445,23.1623,GSE289435,GSM8791436_MLL_17844
TGFB2,LMPP_GMP,bin,1442,10,0.00916102611478555,10,0.6935,GSE289435,GSM8791436_MLL_17844
TGFB3,LMPP_GMP,bin,1442,3,0.00282914905011308,3,0.208,GSE289435,GSM8791436_MLL_17844
TGFBR1,LMPP_GMP,bin,1442,45,0.0387659142497607,46,3.1207,GSE289435,GSM8791436_MLL_17844
TGFBR2,LMPP_GMP,bin,1442,120,0.118314733928116,140,8.3218,GSE289435,GSM8791436_MLL_17844
PDGFA,LMPP_GMP,bin,1442,0,0,0,0,GSE289435,GSM8791436_MLL_17844
PDGFB,LMPP_GMP,bin,1442,1,0.00105242544350267,1,0.0693,GSE289435,GSM8791436_MLL_17844
PDGFRA,LMPP_GMP,bin,1442,0,0,0,0,GSE289435,GSM8791436_MLL_17844
PDGFRB,LMPP_GMP,bin,1442,11,0.00953074118790024,11,0.7628,GSE289435,GSM8791436_MLL_17844
CCN2,LMPP_GMP,bin,1442,31,0.0272500518449061,35,2.1498,GSE289435,GSM8791436_MLL_17844
CCN1,LMPP_GMP,bin,1442,13,0.0119627223423667,14,0.9015,GSE289435,GSM8791436_MLL_17844
IGF1,LMPP_GMP,bin,1442,0,0,0,0,GSE289435,GSM8791436_MLL_17844
IGF2,LMPP_GMP,bin,1442,0,0,0,0,GSE289435,GSM8791436_MLL_17844
VEGFA,LMPP_GMP,bin,1442,120,0.116888756589452,140,8.3218,GSE289435,GSM8791436_MLL_17844
FGF2,LMPP_GMP,bin,1442,0,0,0,0,GSE289435,GSM8791436_MLL_17844
HGF,LMPP_GMP,bin,1442,129,0.128929901824226,154,8.9459,GSE289435,GSM8791436_MLL_17844
OSM,LMPP_GMP,bin,1442,65,0.0528069119966502,79,4.5076,GSE289435,GSM8791436_MLL_17844
OSMR,LMPP_GMP,bin,1442,0,0,0,0,GSE289435,GSM8791436_MLL_17844
IL11,LMPP_GMP,bin,1442,0,0,0,0,GSE289435,GSM8791436_MLL_17844
SPP1,LMPP_GMP,bin,1442,2,0.00129537838262506,2,0.1387,GSE289435,GSM8791436_MLL_17844
IL1B,LMPP_GMP,bin,1442,59,0.0598576336503214,72,4.0915,GSE289435,GSM8791436_MLL_17844
IL6,LMPP_GMP,bin,1442,2,0.00116073291854756,2,0.1387,GSE289435,GSM8791436_MLL_17844
TNF,LMPP_GMP,bin,1442,448,0.526457157980795,833,31.068,GSE289435,GSM8791436_MLL_17844
CXCL8,LMPP_GMP,bin,1442,371,0.40984353606159,606,25.7282,GSE289435,GSM8791436_MLL_17844
IL10,LMPP_GMP,bin,1442,3,0.00290568650686303,3,0.208,GSE289435,GSM8791436_MLL_17844
IFNG,LMPP_GMP,bin,1442,0,0,0,0,GSE289435,GSM8791436_MLL_17844
CCL2,LMPP_GMP,bin,1442,9,0.00701839229230467,10,0.6241,GSE289435,GSM8791436_MLL_17844
CCL3,LMPP_GMP,bin,1442,236,0.259610108264347,426,16.3662,GSE289435,GSM8791436_MLL_17844
CCL4,LMPP_GMP,bin,1442,33,0.0303011576100186,48,2.2885,GSE289435,GSM8791436_MLL_17844
CXCL1,LMPP_GMP,bin,1442,4,0.00475963499110359,8,0.2774,GSE289435,GSM8791436_MLL_17844
CXCL2,LMPP_GMP,bin,1442,56,0.0584497103682674,79,3.8835,GSE289435,GSM8791436_MLL_17844
IL18,LMPP_GMP,bin,1442,156,0.135192268362316,174,10.8183,GSE289435,GSM8791436_MLL_17844
NLRP3,LMPP_GMP,bin,1442,258,0.232691999538644,309,17.8918,GSE289435,GSM8791436_MLL_17844
S100A8,LMPP_GMP,bin,1442,265,0.297873234583392,334,18.3773,GSE289435,GSM8791436_MLL_17844
S100A9,LMPP_GMP,bin,1442,111,0.124667236472485,144,7.6976,GSE289435,GSM8791436_MLL_17844
PF4,LMPP_GMP,bin,1442,0,0,0,0,GSE289435,GSM8791436_MLL_17844
PPBP,LMPP_GMP,bin,1442,0,0,0,0,GSE289435,GSM8791436_MLL_17844
VWF,LMPP_GMP,bin,1442,5,0.00419647147699931,5,0.3467,GSE289435,GSM8791436_MLL_17844
ITGA2B,LMPP_GMP,bin,1442,6,0.00521372266169814,7,0.4161,GSE289435,GSM8791436_MLL_17844
GP9,LMPP_GMP,bin,1442,4,0.00252973151391559,4,0.2774,GSE289435,GSM8791436_MLL_17844
NFE2,LMPP_GMP,bin,1442,47,0.034890639455022,52,3.2594,GSE289435,GSM8791436_MLL_17844
GATA1,LMPP_GMP,bin,1442,1,0.00178285540662201,1,0.0693,GSE289435,GSM8791436_MLL_17844
MPL,LMPP_GMP,bin,1442,0,0,0,0,GSE289435,GSM8791436_MLL_17844
CALR,LMPP_GMP,bin,1442,885,1.19387221706205,3089,61.3731,GSE289435,GSM8791436_MLL_17844
JAK2,LMPP_GMP,bin,1442,244,0.256061464334309,303,16.9209,GSE289435,GSM8791436_MLL_17844
LEPR,LMPP_GMP,bin,1442,4,0.00529191084819121,4,0.2774,GSE289435,GSM8791436_MLL_17844
CXCL12,LMPP_GMP,bin,1442,0,0,0,0,GSE289435,GSM8791436_MLL_17844
KITLG,LMPP_GMP,bin,1442,3,0.00259732130728443,3,0.208,GSE289435,GSM8791436_MLL_17844
ANGPT1,LMPP_GMP,bin,1442,1,0.000383705926549062,1,0.0693,GSE289435,GSM8791436_MLL_17844
VCAM1,LMPP_GMP,bin,1442,2,0.0021365654553477,2,0.1387,GSE289435,GSM8791436_MLL_17844
NES,LMPP_GMP,bin,1442,8,0.00599167167936659,8,0.5548,GSE289435,GSM8791436_MLL_17844
NGFR,LMPP_GMP,bin,1442,10,0.00923714394497827,10,0.6935,GSE289435,GSM8791436_MLL_17844
SFRP2,LMPP_GMP,bin,1442,1,0.00126169759591474,1,0.0693,GSE289435,GSM8791436_MLL_17844
SFRP4,LMPP_GMP,bin,1442,0,0,0,0,GSE289435,GSM8791436_MLL_17844
GREM1,LMPP_GMP,bin,1442,1,0.000564686588062422,1,0.0693,GSE289435,GSM8791436_MLL_17844
FAP,LMPP_GMP,bin,1442,0,0,0,0,GSE289435,GSM8791436_MLL_17844
BGLAP,LMPP_GMP,bin,1442,4,0.00452311890452103,5,0.2774,GSE289435,GSM8791436_MLL_17844
RUNX2,LMPP_GMP,bin,1442,468,0.479936655221997,652,32.4549,GSE289435,GSM8791436_MLL_17844
SP7,LMPP_GMP,bin,1442,0,0,0,0,GSE289435,GSM8791436_MLL_17844
ACTA2,LMPP_GMP,bin,1442,1,0.000954918147335352,1,0.0693,GSE289435,GSM8791436_MLL_17844
TAGLN,LMPP_GMP,bin,1442,96,0.0941836453562381,104,6.6574,GSE289435,GSM8791436_MLL_17844
RGS5,LMPP_GMP,bin,1442,1,0.000562268621636512,1,0.0693,GSE289435,GSM8791436_MLL_17844
MYH11,LMPP_GMP,bin,1442,0,0,0,0,GSE289435,GSM8791436_MLL_17844
CDH5,LMPP_GMP,bin,1442,0,0,0,0,GSE289435,GSM8791436_MLL_17844
PECAM1,LMPP_GMP,bin,1442,278,0.257898523493708,335,19.2788,GSE289435,GSM8791436_MLL_17844
EMCN,LMPP_GMP,bin,1442,0,0,0,0,GSE289435,GSM8791436_MLL_17844
HIF1A,LMPP_GMP,bin,1442,313,0.323558772545839,396,21.706,GSE289435,GSM8791436_MLL_17844
EPAS1,LMPP_GMP,bin,1442,5,0.00576278569924598,5,0.3467,GSE289435,GSM8791436_MLL_17844
CA9,LMPP_GMP,bin,1442,11,0.00554207788454307,12,0.7628,GSE289435,GSM8791436_MLL_17844
LDHA,LMPP_GMP,bin,1442,719,0.824583540665,1640,49.8613,GSE289435,GSM8791436_MLL_17844
SLC2A1,LMPP_GMP,bin,1442,70,0.060473910340502,74,4.8544,GSE289435,GSM8791436_MLL_17844
PGK1,LMPP_GMP,bin,1442,652,0.720104165348053,1385,45.215,GSE289435,GSM8791436_MLL_17844
ADM,LMPP_GMP,bin,1442,53,0.0547610420779519,66,3.6755,GSE289435,GSM8791436_MLL_17844
BNIP3,LMPP_GMP,bin,1442,101,0.0758231029954816,119,7.0042,GSE289435,GSM8791436_MLL_17844
NDRG1,LMPP_GMP,bin,1442,527,0.617320351228158,840,36.5465,GSE289435,GSM8791436_MLL_17844
SNAI1,LMPP_GMP,bin,1442,156,0.13273265810645,197,10.8183,GSE289435,GSM8791436_MLL_17844
SNAI2,LMPP_GMP,bin,1442,0,0,0,0,GSE289435,GSM8791436_MLL_17844
TWIST1,LMPP_GMP,bin,1442,0,0,0,0,GSE289435,GSM8791436_MLL_17844
ZEB1,LMPP_GMP,bin,1442,3,0.00391508397630285,3,0.208,GSE289435,GSM8791436_MLL_17844
ZEB2,LMPP_GMP,bin,1442,1025,1.46980090220796,2687,71.0818,GSE289435,GSM8791436_MLL_17844
VIM,LMPP_GMP,bin,1442,1406,2.95907694037174,12261,97.5035,GSE289435,GSM8791436_MLL_17844
CDH2,LMPP_GMP,bin,1442,0,0,0,0,GSE289435,GSM8791436_MLL_17844
NECTIN4,LMPP_GMP,bin,1442,7,0.00558034103292495,7,0.4854,GSE289435,GSM8791436_MLL_17844
NECTIN1,LMPP_GMP,bin,1442,63,0.0545303584075048,66,4.3689,GSE289435,GSM8791436_MLL_17844
NECTIN2,LMPP_GMP,bin,1442,201,0.170604900158726,231,13.939,GSE289435,GSM8791436_MLL_17844
NECTIN3,LMPP_GMP,bin,1442,1,0.000990328991912838,1,0.0693,GSE289435,GSM8791436_MLL_17844
PVR,LMPP_GMP,bin,1442,46,0.0345305286954573,50,3.19,GSE289435,GSM8791436_MLL_17844
TIGIT,LMPP_GMP,bin,1442,0,0,0,0,GSE289435,GSM8791436_MLL_17844
CD226,LMPP_GMP,bin,1442,3,0.00337653258600251,3,0.208,GSE289435,GSM8791436_MLL_17844
CD96,LMPP_GMP,bin,1442,0,0,0,0,GSE289435,GSM8791436_MLL_17844
C1QA,LMPP_GMP,bin,1442,14,0.0129907731816248,14,0.9709,GSE289435,GSM8791436_MLL_17844
C1QB,LMPP_GMP,bin,1442,22,0.0209908506863031,22,1.5257,GSE289435,GSM8791436_MLL_17844
C1QC,LMPP_GMP,bin,1442,3,0.00201563927147556,3,0.208,GSE289435,GSM8791436_MLL_17844
CD163,LMPP_GMP,bin,1442,39,0.0319886840762625,49,2.7046,GSE289435,GSM8791436_MLL_17844
MRC1,LMPP_GMP,bin,1442,1,0.000382728485391126,1,0.0693,GSE289435,GSM8791436_MLL_17844
VSIG4,LMPP_GMP,bin,1442,1,0.000350516061687106,1,0.0693,GSE289435,GSM8791436_MLL_17844
SELENOP,LMPP_GMP,bin,1442,1,0.000373227568843357,1,0.0693,GSE289435,GSM8791436_MLL_17844
STAB1,LMPP_GMP,bin,1442,0,0,0,0,GSE289435,GSM8791436_MLL_17844
LYVE1,LMPP_GMP,bin,1442,1,0.00170133796108974,1,0.0693,GSE289435,GSM8791436_MLL_17844
MAF,LMPP_GMP,bin,1442,16,0.0136490552712782,16,1.1096,GSE289435,GSM8791436_MLL_17844
FCN1,LMPP_GMP,bin,1442,49,0.0516243311906173,54,3.3981,GSE289435,GSM8791436_MLL_17844
S100A12,LMPP_GMP,bin,1442,22,0.0245419662818245,22,1.5257,GSE289435,GSM8791436_MLL_17844
SELL,LMPP_GMP,bin,1442,81,0.0770084360386107,87,5.6172,GSE289435,GSM8791436_MLL_17844
CSF3R,LMPP_GMP,bin,1442,781,0.923057859693573,1477,54.1609,GSE289435,GSM8791436_MLL_17844
PLAC8,LMPP_GMP,bin,1442,780,0.9342744619014,1946,54.0915,GSE289435,GSM8791436_MLL_17844
COL1A1,B_Plasma,bin,7,0,0,0,0,GSE289435,GSM8791436_MLL_17844
COL1A2,B_Plasma,bin,7,0,0,0,0,GSE289435,GSM8791436_MLL_17844
COL3A1,B_Plasma,bin,7,0,0,0,0,GSE289435,GSM8791436_MLL_17844
COL4A1,B_Plasma,bin,7,0,0,0,0,GSE289435,GSM8791436_MLL_17844
COL5A1,B_Plasma,bin,7,0,0,0,0,GSE289435,GSM8791436_MLL_17844
COL5A2,B_Plasma,bin,7,0,0,0,0,GSE289435,GSM8791436_MLL_17844
COL6A1,B_Plasma,bin,7,0,0,0,0,GSE289435,GSM8791436_MLL_17844
COL6A2,B_Plasma,bin,7,0,0,0,0,GSE289435,GSM8791436_MLL_17844
COL6A3,B_Plasma,bin,7,0,0,0,0,GSE289435,GSM8791436_MLL_17844
COL11A1,B_Plasma,bin,7,0,0,0,0,GSE289435,GSM8791436_MLL_17844
FN1,B_Plasma,bin,7,0,0,0,0,GSE289435,GSM8791436_MLL_17844
LUM,B_Plasma,bin,7,0,0,0,0,GSE289435,GSM8791436_MLL_17844
DCN,B_Plasma,bin,7,0,0,0,0,GSE289435,GSM8791436_MLL_17844
POSTN,B_Plasma,bin,7,0,0,0,0,GSE289435,GSM8791436_MLL_17844
SPARC,B_Plasma,bin,7,0,0,0,0,GSE289435,GSM8791436_MLL_17844
BGN,B_Plasma,bin,7,0,0,0,0,GSE289435,GSM8791436_MLL_17844
VCAN,B_Plasma,bin,7,1,0.117416915561703,1,14.2857,GSE289435,GSM8791436_MLL_17844
ELN,B_Plasma,bin,7,0,0,0,0,GSE289435,GSM8791436_MLL_17844
FBN1,B_Plasma,bin,7,0,0,0,0,GSE289435,GSM8791436_MLL_17844
MGP,B_Plasma,bin,7,0,0,0,0,GSE289435,GSM8791436_MLL_17844
OGN,B_Plasma,bin,7,0,0,0,0,GSE289435,GSM8791436_MLL_17844
ASPN,B_Plasma,bin,7,0,0,0,0,GSE289435,GSM8791436_MLL_17844
TNC,B_Plasma,bin,7,0,0,0,0,GSE289435,GSM8791436_MLL_17844
LTBP1,B_Plasma,bin,7,0,0,0,0,GSE289435,GSM8791436_MLL_17844
LTBP2,B_Plasma,bin,7,0,0,0,0,GSE289435,GSM8791436_MLL_17844
LOX,B_Plasma,bin,7,0,0,0,0,GSE289435,GSM8791436_MLL_17844
LOXL1,B_Plasma,bin,7,0,0,0,0,GSE289435,GSM8791436_MLL_17844
LOXL2,B_Plasma,bin,7,0,0,0,0,GSE289435,GSM8791436_MLL_17844
PLOD1,B_Plasma,bin,7,0,0,0,0,GSE289435,GSM8791436_MLL_17844
PLOD2,B_Plasma,bin,7,0,0,0,0,GSE289435,GSM8791436_MLL_17844
SERPINH1,B_Plasma,bin,7,0,0,0,0,GSE289435,GSM8791436_MLL_17844
SERPINE1,B_Plasma,bin,7,0,0,0,0,GSE289435,GSM8791436_MLL_17844
TIMP1,B_Plasma,bin,7,4,1.08489004420509,5,57.1429,GSE289435,GSM8791436_MLL_17844
TIMP2,B_Plasma,bin,7,1,0.117416915561703,1,14.2857,GSE289435,GSM8791436_MLL_17844
TIMP3,B_Plasma,bin,7,1,0.244021699588577,1,14.2857,GSE289435,GSM8791436_MLL_17844
MMP2,B_Plasma,bin,7,0,0,0,0,GSE289435,GSM8791436_MLL_17844
MMP9,B_Plasma,bin,7,0,0,0,0,GSE289435,GSM8791436_MLL_17844
MMP14,B_Plasma,bin,7,0,0,0,0,GSE289435,GSM8791436_MLL_17844
CTSK,B_Plasma,bin,7,0,0,0,0,GSE289435,GSM8791436_MLL_17844
ADAMTS1,B_Plasma,bin,7,0,0,0,0,GSE289435,GSM8791436_MLL_17844
TGFB1,B_Plasma,bin,7,0,0,0,0,GSE289435,GSM8791436_MLL_17844
TGFB2,B_Plasma,bin,7,0,0,0,0,GSE289435,GSM8791436_MLL_17844
TGFB3,B_Plasma,bin,7,1,0.204042212703388,1,14.2857,GSE289435,GSM8791436_MLL_17844
TGFBR1,B_Plasma,bin,7,1,0.285728210241612,1,14.2857,GSE289435,GSM8791436_MLL_17844
TGFBR2,B_Plasma,bin,7,2,0.668302644057873,4,28.5714,GSE289435,GSM8791436_MLL_17844
PDGFA,B_Plasma,bin,7,0,0,0,0,GSE289435,GSM8791436_MLL_17844
PDGFB,B_Plasma,bin,7,0,0,0,0,GSE289435,GSM8791436_MLL_17844
PDGFRA,B_Plasma,bin,7,0,0,0,0,GSE289435,GSM8791436_MLL_17844
PDGFRB,B_Plasma,bin,7,0,0,0,0,GSE289435,GSM8791436_MLL_17844
CCN2,B_Plasma,bin,7,0,0,0,0,GSE289435,GSM8791436_MLL_17844
CCN1,B_Plasma,bin,7,0,0,0,0,GSE289435,GSM8791436_MLL_17844
IGF1,B_Plasma,bin,7,0,0,0,0,GSE289435,GSM8791436_MLL_17844
IGF2,B_Plasma,bin,7,0,0,0,0,GSE289435,GSM8791436_MLL_17844
VEGFA,B_Plasma,bin,7,0,0,0,0,GSE289435,GSM8791436_MLL_17844
FGF2,B_Plasma,bin,7,0,0,0,0,GSE289435,GSM8791436_MLL_17844
HGF,B_Plasma,bin,7,0,0,0,0,GSE289435,GSM8791436_MLL_17844
OSM,B_Plasma,bin,7,1,0.244021699588577,1,14.2857,GSE289435,GSM8791436_MLL_17844
OSMR,B_Plasma,bin,7,0,0,0,0,GSE289435,GSM8791436_MLL_17844
IL11,B_Plasma,bin,7,0,0,0,0,GSE289435,GSM8791436_MLL_17844
SPP1,B_Plasma,bin,7,0,0,0,0,GSE289435,GSM8791436_MLL_17844
IL1B,B_Plasma,bin,7,0,0,0,0,GSE289435,GSM8791436_MLL_17844
IL6,B_Plasma,bin,7,0,0,0,0,GSE289435,GSM8791436_MLL_17844
TNF,B_Plasma,bin,7,4,1.45488508619433,8,57.1429,GSE289435,GSM8791436_MLL_17844
CXCL8,B_Plasma,bin,7,1,0.204042212703388,1,14.2857,GSE289435,GSM8791436_MLL_17844
IL10,B_Plasma,bin,7,0,0,0,0,GSE289435,GSM8791436_MLL_17844
IFNG,B_Plasma,bin,7,0,0,0,0,GSE289435,GSM8791436_MLL_17844
CCL2,B_Plasma,bin,7,0,0,0,0,GSE289435,GSM8791436_MLL_17844
CCL3,B_Plasma,bin,7,1,0.204042212703388,1,14.2857,GSE289435,GSM8791436_MLL_17844
CCL4,B_Plasma,bin,7,0,0,0,0,GSE289435,GSM8791436_MLL_17844
CXCL1,B_Plasma,bin,7,0,0,0,0,GSE289435,GSM8791436_MLL_17844
CXCL2,B_Plasma,bin,7,0,0,0,0,GSE289435,GSM8791436_MLL_17844
IL18,B_Plasma,bin,7,0,0,0,0,GSE289435,GSM8791436_MLL_17844
NLRP3,B_Plasma,bin,7,0,0,0,0,GSE289435,GSM8791436_MLL_17844
S100A8,B_Plasma,bin,7,1,0.285728210241612,1,14.2857,GSE289435,GSM8791436_MLL_17844
S100A9,B_Plasma,bin,7,1,0.117416915561703,1,14.2857,GSE289435,GSM8791436_MLL_17844
PF4,B_Plasma,bin,7,0,0,0,0,GSE289435,GSM8791436_MLL_17844
PPBP,B_Plasma,bin,7,0,0,0,0,GSE289435,GSM8791436_MLL_17844
VWF,B_Plasma,bin,7,0,0,0,0,GSE289435,GSM8791436_MLL_17844
ITGA2B,B_Plasma,bin,7,0,0,0,0,GSE289435,GSM8791436_MLL_17844
GP9,B_Plasma,bin,7,0,0,0,0,GSE289435,GSM8791436_MLL_17844
NFE2,B_Plasma,bin,7,0,0,0,0,GSE289435,GSM8791436_MLL_17844
GATA1,B_Plasma,bin,7,0,0,0,0,GSE289435,GSM8791436_MLL_17844
MPL,B_Plasma,bin,7,0,0,0,0,GSE289435,GSM8791436_MLL_17844
CALR,B_Plasma,bin,7,4,1.4384363634222,6,57.1429,GSE289435,GSM8791436_MLL_17844
JAK2,B_Plasma,bin,7,0,0,0,0,GSE289435,GSM8791436_MLL_17844
LEPR,B_Plasma,bin,7,0,0,0,0,GSE289435,GSM8791436_MLL_17844
CXCL12,B_Plasma,bin,7,0,0,0,0,GSE289435,GSM8791436_MLL_17844
KITLG,B_Plasma,bin,7,0,0,0,0,GSE289435,GSM8791436_MLL_17844
ANGPT1,B_Plasma,bin,7,0,0,0,0,GSE289435,GSM8791436_MLL_17844
VCAM1,B_Plasma,bin,7,0,0,0,0,GSE289435,GSM8791436_MLL_17844
NES,B_Plasma,bin,7,0,0,0,0,GSE289435,GSM8791436_MLL_17844
NGFR,B_Plasma,bin,7,0,0,0,0,GSE289435,GSM8791436_MLL_17844
SFRP2,B_Plasma,bin,7,0,0,0,0,GSE289435,GSM8791436_MLL_17844
SFRP4,B_Plasma,bin,7,0,0,0,0,GSE289435,GSM8791436_MLL_17844
GREM1,B_Plasma,bin,7,0,0,0,0,GSE289435,GSM8791436_MLL_17844
FAP,B_Plasma,bin,7,0,0,0,0,GSE289435,GSM8791436_MLL_17844
BGLAP,B_Plasma,bin,7,0,0,0,0,GSE289435,GSM8791436_MLL_17844
RUNX2,B_Plasma,bin,7,1,0.284824283029448,2,14.2857,GSE289435,GSM8791436_MLL_17844
SP7,B_Plasma,bin,7,0,0,0,0,GSE289435,GSM8791436_MLL_17844
ACTA2,B_Plasma,bin,7,0,0,0,0,GSE289435,GSM8791436_MLL_17844
TAGLN,B_Plasma,bin,7,1,0.117416915561703,1,14.2857,GSE289435,GSM8791436_MLL_17844
RGS5,B_Plasma,bin,7,0,0,0,0,GSE289435,GSM8791436_MLL_17844
MYH11,B_Plasma,bin,7,0,0,0,0,GSE289435,GSM8791436_MLL_17844
CDH5,B_Plasma,bin,7,0,0,0,0,GSE289435,GSM8791436_MLL_17844
PECAM1,B_Plasma,bin,7,0,0,0,0,GSE289435,GSM8791436_MLL_17844
EMCN,B_Plasma,bin,7,0,0,0,0,GSE289435,GSM8791436_MLL_17844
HIF1A,B_Plasma,bin,7,4,1.24340175997008,9,57.1429,GSE289435,GSM8791436_MLL_17844
EPAS1,B_Plasma,bin,7,0,0,0,0,GSE289435,GSM8791436_MLL_17844
CA9,B_Plasma,bin,7,0,0,0,0,GSE289435,GSM8791436_MLL_17844
LDHA,B_Plasma,bin,7,3,0.825941241551861,5,42.8571,GSE289435,GSM8791436_MLL_17844
SLC2A1,B_Plasma,bin,7,1,0.244021699588577,1,14.2857,GSE289435,GSM8791436_MLL_17844
PGK1,B_Plasma,bin,7,1,0.285428689059778,5,14.2857,GSE289435,GSM8791436_MLL_17844
ADM,B_Plasma,bin,7,0,0,0,0,GSE289435,GSM8791436_MLL_17844
BNIP3,B_Plasma,bin,7,1,0.348275772707491,1,14.2857,GSE289435,GSM8791436_MLL_17844
NDRG1,B_Plasma,bin,7,0,0,0,0,GSE289435,GSM8791436_MLL_17844
SNAI1,B_Plasma,bin,7,0,0,0,0,GSE289435,GSM8791436_MLL_17844
SNAI2,B_Plasma,bin,7,0,0,0,0,GSE289435,GSM8791436_MLL_17844
TWIST1,B_Plasma,bin,7,0,0,0,0,GSE289435,GSM8791436_MLL_17844
ZEB1,B_Plasma,bin,7,0,0,0,0,GSE289435,GSM8791436_MLL_17844
ZEB2,B_Plasma,bin,7,3,0.762642619894989,5,42.8571,GSE289435,GSM8791436_MLL_17844
VIM,B_Plasma,bin,7,6,3.07478635226834,88,85.7143,GSE289435,GSM8791436_MLL_17844
CDH2,B_Plasma,bin,7,0,0,0,0,GSE289435,GSM8791436_MLL_17844
NECTIN4,B_Plasma,bin,7,0,0,0,0,GSE289435,GSM8791436_MLL_17844
NECTIN1,B_Plasma,bin,7,0,0,0,0,GSE289435,GSM8791436_MLL_17844
NECTIN2,B_Plasma,bin,7,0,0,0,0,GSE289435,GSM8791436_MLL_17844
NECTIN3,B_Plasma,bin,7,0,0,0,0,GSE289435,GSM8791436_MLL_17844
PVR,B_Plasma,bin,7,0,0,0,0,GSE289435,GSM8791436_MLL_17844
TIGIT,B_Plasma,bin,7,0,0,0,0,GSE289435,GSM8791436_MLL_17844
CD226,B_Plasma,bin,7,0,0,0,0,GSE289435,GSM8791436_MLL_17844
CD96,B_Plasma,bin,7,0,0,0,0,GSE289435,GSM8791436_MLL_17844
C1QA,B_Plasma,bin,7,0,0,0,0,GSE289435,GSM8791436_MLL_17844
C1QB,B_Plasma,bin,7,0,0,0,0,GSE289435,GSM8791436_MLL_17844
C1QC,B_Plasma,bin,7,0,0,0,0,GSE289435,GSM8791436_MLL_17844
CD163,B_Plasma,bin,7,0,0,0,0,GSE289435,GSM8791436_MLL_17844
MRC1,B_Plasma,bin,7,0,0,0,0,GSE289435,GSM8791436_MLL_17844
VSIG4,B_Plasma,bin,7,0,0,0,0,GSE289435,GSM8791436_MLL_17844
SELENOP,B_Plasma,bin,7,0,0,0,0,GSE289435,GSM8791436_MLL_17844
STAB1,B_Plasma,bin,7,0,0,0,0,GSE289435,GSM8791436_MLL_17844
LYVE1,B_Plasma,bin,7,0,0,0,0,GSE289435,GSM8791436_MLL_17844
MAF,B_Plasma,bin,7,0,0,0,0,GSE289435,GSM8791436_MLL_17844
FCN1,B_Plasma,bin,7,0,0,0,0,GSE289435,GSM8791436_MLL_17844
S100A12,B_Plasma,bin,7,0,0,0,0,GSE289435,GSM8791436_MLL_17844
SELL,B_Plasma,bin,7,2,0.532572058794209,3,28.5714,GSE289435,GSM8791436_MLL_17844
CSF3R,B_Plasma,bin,7,3,0.817396341823657,5,42.8571,GSE289435,GSM8791436_MLL_17844
PLAC8,B_Plasma,bin,7,1,0.117416915561703,1,14.2857,GSE289435,GSM8791436_MLL_17844
COL1A1,Erythroid,bin,57,0,0,0,0,GSE289435,GSM8791436_MLL_17844
COL1A2,Erythroid,bin,57,0,0,0,0,GSE289435,GSM8791436_MLL_17844
COL3A1,Erythroid,bin,57,0,0,0,0,GSE289435,GSM8791436_MLL_17844
COL4A1,Erythroid,bin,57,0,0,0,0,GSE289435,GSM8791436_MLL_17844
COL5A1,Erythroid,bin,57,0,0,0,0,GSE289435,GSM8791436_MLL_17844
COL5A2,Erythroid,bin,57,0,0,0,0,GSE289435,GSM8791436_MLL_17844
COL6A1,Erythroid,bin,57,0,0,0,0,GSE289435,GSM8791436_MLL_17844
COL6A2,Erythroid,bin,57,0,0,0,0,GSE289435,GSM8791436_MLL_17844
COL6A3,Erythroid,bin,57,0,0,0,0,GSE289435,GSM8791436_MLL_17844
COL11A1,Erythroid,bin,57,0,0,0,0,GSE289435,GSM8791436_MLL_17844
FN1,Erythroid,bin,57,0,0,0,0,GSE289435,GSM8791436_MLL_17844
LUM,Erythroid,bin,57,0,0,0,0,GSE289435,GSM8791436_MLL_17844
DCN,Erythroid,bin,57,0,0,0,0,GSE289435,GSM8791436_MLL_17844
POSTN,Erythroid,bin,57,0,0,0,0,GSE289435,GSM8791436_MLL_17844
SPARC,Erythroid,bin,57,0,0,0,0,GSE289435,GSM8791436_MLL_17844
BGN,Erythroid,bin,57,0,0,0,0,GSE289435,GSM8791436_MLL_17844
VCAN,Erythroid,bin,57,3,0.126779702914528,3,5.2632,GSE289435,GSM8791436_MLL_17844
ELN,Erythroid,bin,57,0,0,0,0,GSE289435,GSM8791436_MLL_17844
FBN1,Erythroid,bin,57,0,0,0,0,GSE289435,GSM8791436_MLL_17844
MGP,Erythroid,bin,57,0,0,0,0,GSE289435,GSM8791436_MLL_17844
OGN,Erythroid,bin,57,0,0,0,0,GSE289435,GSM8791436_MLL_17844
ASPN,Erythroid,bin,57,0,0,0,0,GSE289435,GSM8791436_MLL_17844
TNC,Erythroid,bin,57,0,0,0,0,GSE289435,GSM8791436_MLL_17844
LTBP1,Erythroid,bin,57,0,0,0,0,GSE289435,GSM8791436_MLL_17844
LTBP2,Erythroid,bin,57,0,0,0,0,GSE289435,GSM8791436_MLL_17844
LOX,Erythroid,bin,57,0,0,0,0,GSE289435,GSM8791436_MLL_17844
LOXL1,Erythroid,bin,57,0,0,0,0,GSE289435,GSM8791436_MLL_17844
LOXL2,Erythroid,bin,57,0,0,0,0,GSE289435,GSM8791436_MLL_17844
PLOD1,Erythroid,bin,57,2,0.0906795856125716,2,3.5088,GSE289435,GSM8791436_MLL_17844
PLOD2,Erythroid,bin,57,0,0,0,0,GSE289435,GSM8791436_MLL_17844
SERPINH1,Erythroid,bin,57,2,0.0837483615025203,2,3.5088,GSE289435,GSM8791436_MLL_17844
SERPINE1,Erythroid,bin,57,0,0,0,0,GSE289435,GSM8791436_MLL_17844
TIMP1,Erythroid,bin,57,9,0.403862345210871,10,15.7895,GSE289435,GSM8791436_MLL_17844
TIMP2,Erythroid,bin,57,2,0.0819406020613342,2,3.5088,GSE289435,GSM8791436_MLL_17844
TIMP3,Erythroid,bin,57,0,0,0,0,GSE289435,GSM8791436_MLL_17844
MMP2,Erythroid,bin,57,0,0,0,0,GSE289435,GSM8791436_MLL_17844
MMP9,Erythroid,bin,57,0,0,0,0,GSE289435,GSM8791436_MLL_17844
MMP14,Erythroid,bin,57,0,0,0,0,GSE289435,GSM8791436_MLL_17844
CTSK,Erythroid,bin,57,0,0,0,0,GSE289435,GSM8791436_MLL_17844
ADAMTS1,Erythroid,bin,57,0,0,0,0,GSE289435,GSM8791436_MLL_17844
TGFB1,Erythroid,bin,57,3,0.103874145419785,3,5.2632,GSE289435,GSM8791436_MLL_17844
TGFB2,Erythroid,bin,57,0,0,0,0,GSE289435,GSM8791436_MLL_17844
TGFB3,Erythroid,bin,57,0,0,0,0,GSE289435,GSM8791436_MLL_17844
TGFBR1,Erythroid,bin,57,0,0,0,0,GSE289435,GSM8791436_MLL_17844
TGFBR2,Erythroid,bin,57,3,0.119442215538459,3,5.2632,GSE289435,GSM8791436_MLL_17844
PDGFA,Erythroid,bin,57,0,0,0,0,GSE289435,GSM8791436_MLL_17844
PDGFB,Erythroid,bin,57,0,0,0,0,GSE289435,GSM8791436_MLL_17844
PDGFRA,Erythroid,bin,57,0,0,0,0,GSE289435,GSM8791436_MLL_17844
PDGFRB,Erythroid,bin,57,0,0,0,0,GSE289435,GSM8791436_MLL_17844
CCN2,Erythroid,bin,57,1,0.0357755134951656,1,1.7544,GSE289435,GSM8791436_MLL_17844
CCN1,Erythroid,bin,57,0,0,0,0,GSE289435,GSM8791436_MLL_17844
IGF1,Erythroid,bin,57,0,0,0,0,GSE289435,GSM8791436_MLL_17844
IGF2,Erythroid,bin,57,0,0,0,0,GSE289435,GSM8791436_MLL_17844
VEGFA,Erythroid,bin,57,1,0.0453596706166017,1,1.7544,GSE289435,GSM8791436_MLL_17844
FGF2,Erythroid,bin,57,0,0,0,0,GSE289435,GSM8791436_MLL_17844
HGF,Erythroid,bin,57,1,0.0522840627954787,2,1.7544,GSE289435,GSM8791436_MLL_17844
OSM,Erythroid,bin,57,0,0,0,0,GSE289435,GSM8791436_MLL_17844
OSMR,Erythroid,bin,57,0,0,0,0,GSE289435,GSM8791436_MLL_17844
IL11,Erythroid,bin,57,0,0,0,0,GSE289435,GSM8791436_MLL_17844
SPP1,Erythroid,bin,57,0,0,0,0,GSE289435,GSM8791436_MLL_17844
IL1B,Erythroid,bin,57,0,0,0,0,GSE289435,GSM8791436_MLL_17844
IL6,Erythroid,bin,57,0,0,0,0,GSE289435,GSM8791436_MLL_17844
TNF,Erythroid,bin,57,9,0.374851424475281,10,15.7895,GSE289435,GSM8791436_MLL_17844
CXCL8,Erythroid,bin,57,6,0.278853569138806,7,10.5263,GSE289435,GSM8791436_MLL_17844
IL10,Erythroid,bin,57,0,0,0,0,GSE289435,GSM8791436_MLL_17844
IFNG,Erythroid,bin,57,0,0,0,0,GSE289435,GSM8791436_MLL_17844
CCL2,Erythroid,bin,57,0,0,0,0,GSE289435,GSM8791436_MLL_17844
CCL3,Erythroid,bin,57,4,0.169555660333051,4,7.0175,GSE289435,GSM8791436_MLL_17844
CCL4,Erythroid,bin,57,1,0.0459068700772235,1,1.7544,GSE289435,GSM8791436_MLL_17844
CXCL1,Erythroid,bin,57,0,0,0,0,GSE289435,GSM8791436_MLL_17844
CXCL2,Erythroid,bin,57,1,0.0357755134951656,1,1.7544,GSE289435,GSM8791436_MLL_17844
IL18,Erythroid,bin,57,4,0.180232544978967,4,7.0175,GSE289435,GSM8791436_MLL_17844
NLRP3,Erythroid,bin,57,2,0.081836496686211,2,3.5088,GSE289435,GSM8791436_MLL_17844
S100A8,Erythroid,bin,57,12,0.525054192628715,13,21.0526,GSE289435,GSM8791436_MLL_17844
S100A9,Erythroid,bin,57,6,0.257420565889423,6,10.5263,GSE289435,GSM8791436_MLL_17844
PF4,Erythroid,bin,57,0,0,0,0,GSE289435,GSM8791436_MLL_17844
PPBP,Erythroid,bin,57,0,0,0,0,GSE289435,GSM8791436_MLL_17844
VWF,Erythroid,bin,57,0,0,0,0,GSE289435,GSM8791436_MLL_17844
ITGA2B,Erythroid,bin,57,0,0,0,0,GSE289435,GSM8791436_MLL_17844
GP9,Erythroid,bin,57,0,0,0,0,GSE289435,GSM8791436_MLL_17844
NFE2,Erythroid,bin,57,0,0,0,0,GSE289435,GSM8791436_MLL_17844
GATA1,Erythroid,bin,57,0,0,0,0,GSE289435,GSM8791436_MLL_17844
MPL,Erythroid,bin,57,0,0,0,0,GSE289435,GSM8791436_MLL_17844
CALR,Erythroid,bin,57,19,0.870621454187934,23,33.3333,GSE289435,GSM8791436_MLL_17844
JAK2,Erythroid,bin,57,4,0.163800263793757,4,7.0175,GSE289435,GSM8791436_MLL_17844
LEPR,Erythroid,bin,57,0,0,0,0,GSE289435,GSM8791436_MLL_17844
CXCL12,Erythroid,bin,57,0,0,0,0,GSE289435,GSM8791436_MLL_17844
KITLG,Erythroid,bin,57,1,0.0449086957130522,1,1.7544,GSE289435,GSM8791436_MLL_17844
ANGPT1,Erythroid,bin,57,0,0,0,0,GSE289435,GSM8791436_MLL_17844
VCAM1,Erythroid,bin,57,0,0,0,0,GSE289435,GSM8791436_MLL_17844
NES,Erythroid,bin,57,0,0,0,0,GSE289435,GSM8791436_MLL_17844
NGFR,Erythroid,bin,57,1,0.0428714384689538,1,1.7544,GSE289435,GSM8791436_MLL_17844
SFRP2,Erythroid,bin,57,0,0,0,0,GSE289435,GSM8791436_MLL_17844
SFRP4,Erythroid,bin,57,0,0,0,0,GSE289435,GSM8791436_MLL_17844
GREM1,Erythroid,bin,57,0,0,0,0,GSE289435,GSM8791436_MLL_17844
FAP,Erythroid,bin,57,0,0,0,0,GSE289435,GSM8791436_MLL_17844
BGLAP,Erythroid,bin,57,0,0,0,0,GSE289435,GSM8791436_MLL_17844
RUNX2,Erythroid,bin,57,2,0.0906003874607985,2,3.5088,GSE289435,GSM8791436_MLL_17844
SP7,Erythroid,bin,57,0,0,0,0,GSE289435,GSM8791436_MLL_17844
ACTA2,Erythroid,bin,57,0,0,0,0,GSE289435,GSM8791436_MLL_17844
TAGLN,Erythroid,bin,57,0,0,0,0,GSE289435,GSM8791436_MLL_17844
RGS5,Erythroid,bin,57,0,0,0,0,GSE289435,GSM8791436_MLL_17844
MYH11,Erythroid,bin,57,0,0,0,0,GSE289435,GSM8791436_MLL_17844
CDH5,Erythroid,bin,57,0,0,0,0,GSE289435,GSM8791436_MLL_17844
PECAM1,Erythroid,bin,57,4,0.166007019373991,4,7.0175,GSE289435,GSM8791436_MLL_17844
EMCN,Erythroid,bin,57,0,0,0,0,GSE289435,GSM8791436_MLL_17844
HIF1A,Erythroid,bin,57,7,0.297635538452834,8,12.2807,GSE289435,GSM8791436_MLL_17844
EPAS1,Erythroid,bin,57,0,0,0,0,GSE289435,GSM8791436_MLL_17844
CA9,Erythroid,bin,57,0,0,0,0,GSE289435,GSM8791436_MLL_17844
LDHA,Erythroid,bin,57,20,0.889353865306435,22,35.0877,GSE289435,GSM8791436_MLL_17844
SLC2A1,Erythroid,bin,57,0,0,0,0,GSE289435,GSM8791436_MLL_17844
PGK1,Erythroid,bin,57,12,0.524590831818889,14,21.0526,GSE289435,GSM8791436_MLL_17844
ADM,Erythroid,bin,57,0,0,0,0,GSE289435,GSM8791436_MLL_17844
BNIP3,Erythroid,bin,57,2,0.0589939295802635,2,3.5088,GSE289435,GSM8791436_MLL_17844
NDRG1,Erythroid,bin,57,4,0.208342010524512,8,7.0175,GSE289435,GSM8791436_MLL_17844
SNAI1,Erythroid,bin,57,1,0.0454996459845428,1,1.7544,GSE289435,GSM8791436_MLL_17844
SNAI2,Erythroid,bin,57,0,0,0,0,GSE289435,GSM8791436_MLL_17844
TWIST1,Erythroid,bin,57,0,0,0,0,GSE289435,GSM8791436_MLL_17844
ZEB1,Erythroid,bin,57,0,0,0,0,GSE289435,GSM8791436_MLL_17844
ZEB2,Erythroid,bin,57,23,1.05749923402306,33,40.3509,GSE289435,GSM8791436_MLL_17844
VIM,Erythroid,bin,57,54,3.24952320135999,174,94.7368,GSE289435,GSM8791436_MLL_17844
CDH2,Erythroid,bin,57,0,0,0,0,GSE289435,GSM8791436_MLL_17844
NECTIN4,Erythroid,bin,57,0,0,0,0,GSE289435,GSM8791436_MLL_17844
NECTIN1,Erythroid,bin,57,0,0,0,0,GSE289435,GSM8791436_MLL_17844
NECTIN2,Erythroid,bin,57,1,0.0372388370797376,1,1.7544,GSE289435,GSM8791436_MLL_17844
NECTIN3,Erythroid,bin,57,0,0,0,0,GSE289435,GSM8791436_MLL_17844
PVR,Erythroid,bin,57,1,0.0455197488251442,1,1.7544,GSE289435,GSM8791436_MLL_17844
TIGIT,Erythroid,bin,57,0,0,0,0,GSE289435,GSM8791436_MLL_17844
CD226,Erythroid,bin,57,0,0,0,0,GSE289435,GSM8791436_MLL_17844
CD96,Erythroid,bin,57,0,0,0,0,GSE289435,GSM8791436_MLL_17844
C1QA,Erythroid,bin,57,0,0,0,0,GSE289435,GSM8791436_MLL_17844
C1QB,Erythroid,bin,57,0,0,0,0,GSE289435,GSM8791436_MLL_17844
C1QC,Erythroid,bin,57,0,0,0,0,GSE289435,GSM8791436_MLL_17844
CD163,Erythroid,bin,57,0,0,0,0,GSE289435,GSM8791436_MLL_17844
MRC1,Erythroid,bin,57,0,0,0,0,GSE289435,GSM8791436_MLL_17844
VSIG4,Erythroid,bin,57,0,0,0,0,GSE289435,GSM8791436_MLL_17844
SELENOP,Erythroid,bin,57,0,0,0,0,GSE289435,GSM8791436_MLL_17844
STAB1,Erythroid,bin,57,0,0,0,0,GSE289435,GSM8791436_MLL_17844
LYVE1,Erythroid,bin,57,0,0,0,0,GSE289435,GSM8791436_MLL_17844
MAF,Erythroid,bin,57,0,0,0,0,GSE289435,GSM8791436_MLL_17844
FCN1,Erythroid,bin,57,1,0.0454996459845428,1,1.7544,GSE289435,GSM8791436_MLL_17844
S100A12,Erythroid,bin,57,0,0,0,0,GSE289435,GSM8791436_MLL_17844
SELL,Erythroid,bin,57,0,0,0,0,GSE289435,GSM8791436_MLL_17844
CSF3R,Erythroid,bin,57,7,0.30088598992837,7,12.2807,GSE289435,GSM8791436_MLL_17844
PLAC8,Erythroid,bin,57,12,0.518978457420222,14,21.0526,GSE289435,GSM8791436_MLL_17844
COL1A1,unassigned,bin,270,6,0.0357689893912898,8,2.2222,GSE289435,GSM8791436_MLL_17844
COL1A2,unassigned,bin,270,0,0,0,0,GSE289435,GSM8791436_MLL_17844
COL3A1,unassigned,bin,270,0,0,0,0,GSE289435,GSM8791436_MLL_17844
COL4A1,unassigned,bin,270,1,0.00531242048557306,1,0.3704,GSE289435,GSM8791436_MLL_17844
COL5A1,unassigned,bin,270,0,0,0,0,GSE289435,GSM8791436_MLL_17844
COL5A2,unassigned,bin,270,0,0,0,0,GSE289435,GSM8791436_MLL_17844
COL6A1,unassigned,bin,270,1,0.00471804276877949,1,0.3704,GSE289435,GSM8791436_MLL_17844
COL6A2,unassigned,bin,270,0,0,0,0,GSE289435,GSM8791436_MLL_17844
COL6A3,unassigned,bin,270,31,0.166382581087026,36,11.4815,GSE289435,GSM8791436_MLL_17844
COL11A1,unassigned,bin,270,0,0,0,0,GSE289435,GSM8791436_MLL_17844
FN1,unassigned,bin,270,3,0.0176667540562973,5,1.1111,GSE289435,GSM8791436_MLL_17844
LUM,unassigned,bin,270,0,0,0,0,GSE289435,GSM8791436_MLL_17844
DCN,unassigned,bin,270,0,0,0,0,GSE289435,GSM8791436_MLL_17844
POSTN,unassigned,bin,270,0,0,0,0,GSE289435,GSM8791436_MLL_17844
SPARC,unassigned,bin,270,2,0.0189779138469209,2,0.7407,GSE289435,GSM8791436_MLL_17844
BGN,unassigned,bin,270,0,0,0,0,GSE289435,GSM8791436_MLL_17844
VCAN,unassigned,bin,270,47,0.299991230790277,102,17.4074,GSE289435,GSM8791436_MLL_17844
ELN,unassigned,bin,270,0,0,0,0,GSE289435,GSM8791436_MLL_17844
FBN1,unassigned,bin,270,1,0.00511478842221137,1,0.3704,GSE289435,GSM8791436_MLL_17844
MGP,unassigned,bin,270,0,0,0,0,GSE289435,GSM8791436_MLL_17844
OGN,unassigned,bin,270,0,0,0,0,GSE289435,GSM8791436_MLL_17844
ASPN,unassigned,bin,270,0,0,0,0,GSE289435,GSM8791436_MLL_17844
TNC,unassigned,bin,270,0,0,0,0,GSE289435,GSM8791436_MLL_17844
LTBP1,unassigned,bin,270,0,0,0,0,GSE289435,GSM8791436_MLL_17844
LTBP2,unassigned,bin,270,0,0,0,0,GSE289435,GSM8791436_MLL_17844
LOX,unassigned,bin,270,0,0,0,0,GSE289435,GSM8791436_MLL_17844
LOXL1,unassigned,bin,270,3,0.0162679497459906,3,1.1111,GSE289435,GSM8791436_MLL_17844
LOXL2,unassigned,bin,270,0,0,0,0,GSE289435,GSM8791436_MLL_17844
PLOD1,unassigned,bin,270,7,0.041237934599397,7,2.5926,GSE289435,GSM8791436_MLL_17844
PLOD2,unassigned,bin,270,0,0,0,0,GSE289435,GSM8791436_MLL_17844
SERPINH1,unassigned,bin,270,11,0.055559451213883,12,4.0741,GSE289435,GSM8791436_MLL_17844
SERPINE1,unassigned,bin,270,17,0.110930106053574,40,6.2963,GSE289435,GSM8791436_MLL_17844
TIMP1,unassigned,bin,270,84,0.595578482478453,137,31.1111,GSE289435,GSM8791436_MLL_17844
TIMP2,unassigned,bin,270,20,0.102349200257357,21,7.4074,GSE289435,GSM8791436_MLL_17844
TIMP3,unassigned,bin,270,5,0.0312472936495024,10,1.8519,GSE289435,GSM8791436_MLL_17844
MMP2,unassigned,bin,270,0,0,0,0,GSE289435,GSM8791436_MLL_17844
MMP9,unassigned,bin,270,7,0.0367563768010165,7,2.5926,GSE289435,GSM8791436_MLL_17844
MMP14,unassigned,bin,270,4,0.0271035830144683,4,1.4815,GSE289435,GSM8791436_MLL_17844
CTSK,unassigned,bin,270,0,0,0,0,GSE289435,GSM8791436_MLL_17844
ADAMTS1,unassigned,bin,270,1,0.0081643239438837,2,0.3704,GSE289435,GSM8791436_MLL_17844
TGFB1,unassigned,bin,270,37,0.208114513382887,41,13.7037,GSE289435,GSM8791436_MLL_17844
TGFB2,unassigned,bin,270,0,0,0,0,GSE289435,GSM8791436_MLL_17844
TGFB3,unassigned,bin,270,0,0,0,0,GSE289435,GSM8791436_MLL_17844
TGFBR1,unassigned,bin,270,6,0.0279560080481108,6,2.2222,GSE289435,GSM8791436_MLL_17844
TGFBR2,unassigned,bin,270,42,0.252582547339832,60,15.5556,GSE289435,GSM8791436_MLL_17844
PDGFA,unassigned,bin,270,0,0,0,0,GSE289435,GSM8791436_MLL_17844
PDGFB,unassigned,bin,270,1,0.00527396462022481,1,0.3704,GSE289435,GSM8791436_MLL_17844
PDGFRA,unassigned,bin,270,0,0,0,0,GSE289435,GSM8791436_MLL_17844
PDGFRB,unassigned,bin,270,2,0.00785311475332456,2,0.7407,GSE289435,GSM8791436_MLL_17844
CCN2,unassigned,bin,270,5,0.024200524828031,5,1.8519,GSE289435,GSM8791436_MLL_17844
CCN1,unassigned,bin,270,2,0.0131169705936758,2,0.7407,GSE289435,GSM8791436_MLL_17844
IGF1,unassigned,bin,270,0,0,0,0,GSE289435,GSM8791436_MLL_17844
IGF2,unassigned,bin,270,0,0,0,0,GSE289435,GSM8791436_MLL_17844
VEGFA,unassigned,bin,270,40,0.236367284378819,52,14.8148,GSE289435,GSM8791436_MLL_17844
FGF2,unassigned,bin,270,0,0,0,0,GSE289435,GSM8791436_MLL_17844
HGF,unassigned,bin,270,12,0.0625823626158601,15,4.4444,GSE289435,GSM8791436_MLL_17844
OSM,unassigned,bin,270,4,0.0256645076748873,6,1.4815,GSE289435,GSM8791436_MLL_17844
OSMR,unassigned,bin,270,0,0,0,0,GSE289435,GSM8791436_MLL_17844
IL11,unassigned,bin,270,0,0,0,0,GSE289435,GSM8791436_MLL_17844
SPP1,unassigned,bin,270,1,0.00420673155623626,1,0.3704,GSE289435,GSM8791436_MLL_17844
IL1B,unassigned,bin,270,18,0.122667831134574,46,6.6667,GSE289435,GSM8791436_MLL_17844
IL6,unassigned,bin,270,3,0.0174419610884436,5,1.1111,GSE289435,GSM8791436_MLL_17844
TNF,unassigned,bin,270,91,0.766764586873335,320,33.7037,GSE289435,GSM8791436_MLL_17844
CXCL8,unassigned,bin,270,84,0.58386869604436,177,31.1111,GSE289435,GSM8791436_MLL_17844
IL10,unassigned,bin,270,0,0,0,0,GSE289435,GSM8791436_MLL_17844
IFNG,unassigned,bin,270,0,0,0,0,GSE289435,GSM8791436_MLL_17844
CCL2,unassigned,bin,270,5,0.0251865794264236,9,1.8519,GSE289435,GSM8791436_MLL_17844
CCL3,unassigned,bin,270,66,0.488671653842215,161,24.4444,GSE289435,GSM8791436_MLL_17844
CCL4,unassigned,bin,270,20,0.111296890735826,27,7.4074,GSE289435,GSM8791436_MLL_17844
CXCL1,unassigned,bin,270,0,0,0,0,GSE289435,GSM8791436_MLL_17844
CXCL2,unassigned,bin,270,21,0.126459913137865,35,7.7778,GSE289435,GSM8791436_MLL_17844
IL18,unassigned,bin,270,23,0.141964516641655,26,8.5185,GSE289435,GSM8791436_MLL_17844
NLRP3,unassigned,bin,270,46,0.269346967864635,53,17.037,GSE289435,GSM8791436_MLL_17844
S100A8,unassigned,bin,270,56,0.41683017023469,140,20.7407,GSE289435,GSM8791436_MLL_17844
S100A9,unassigned,bin,270,17,0.132130042861583,25,6.2963,GSE289435,GSM8791436_MLL_17844
PF4,unassigned,bin,270,0,0,0,0,GSE289435,GSM8791436_MLL_17844
PPBP,unassigned,bin,270,0,0,0,0,GSE289435,GSM8791436_MLL_17844
VWF,unassigned,bin,270,1,0.00414761080558335,1,0.3704,GSE289435,GSM8791436_MLL_17844
ITGA2B,unassigned,bin,270,1,0.00307868612037893,1,0.3704,GSE289435,GSM8791436_MLL_17844
GP9,unassigned,bin,270,0,0,0,0,GSE289435,GSM8791436_MLL_17844
NFE2,unassigned,bin,270,6,0.0278241117206544,6,2.2222,GSE289435,GSM8791436_MLL_17844
GATA1,unassigned,bin,270,0,0,0,0,GSE289435,GSM8791436_MLL_17844
MPL,unassigned,bin,270,0,0,0,0,GSE289435,GSM8791436_MLL_17844
CALR,unassigned,bin,270,84,0.561619450901935,123,31.1111,GSE289435,GSM8791436_MLL_17844
JAK2,unassigned,bin,270,64,0.422291837562512,93,23.7037,GSE289435,GSM8791436_MLL_17844
LEPR,unassigned,bin,270,2,0.00763960326484906,2,0.7407,GSE289435,GSM8791436_MLL_17844
CXCL12,unassigned,bin,270,0,0,0,0,GSE289435,GSM8791436_MLL_17844
KITLG,unassigned,bin,270,3,0.0129558013493287,3,1.1111,GSE289435,GSM8791436_MLL_17844
ANGPT1,unassigned,bin,270,0,0,0,0,GSE289435,GSM8791436_MLL_17844
VCAM1,unassigned,bin,270,0,0,0,0,GSE289435,GSM8791436_MLL_17844
NES,unassigned,bin,270,3,0.0213226663512001,4,1.1111,GSE289435,GSM8791436_MLL_17844
NGFR,unassigned,bin,270,2,0.00931553832012628,2,0.7407,GSE289435,GSM8791436_MLL_17844
SFRP2,unassigned,bin,270,1,0.00613387682289652,1,0.3704,GSE289435,GSM8791436_MLL_17844
SFRP4,unassigned,bin,270,0,0,0,0,GSE289435,GSM8791436_MLL_17844
GREM1,unassigned,bin,270,0,0,0,0,GSE289435,GSM8791436_MLL_17844
FAP,unassigned,bin,270,1,0.00684806430600713,1,0.3704,GSE289435,GSM8791436_MLL_17844
BGLAP,unassigned,bin,270,0,0,0,0,GSE289435,GSM8791436_MLL_17844
RUNX2,unassigned,bin,270,90,0.573936861878249,139,33.3333,GSE289435,GSM8791436_MLL_17844
SP7,unassigned,bin,270,0,0,0,0,GSE289435,GSM8791436_MLL_17844
ACTA2,unassigned,bin,270,0,0,0,0,GSE289435,GSM8791436_MLL_17844
TAGLN,unassigned,bin,270,27,0.164879970980939,31,10,GSE289435,GSM8791436_MLL_17844
RGS5,unassigned,bin,270,0,0,0,0,GSE289435,GSM8791436_MLL_17844
MYH11,unassigned,bin,270,1,0.00390828941839632,1,0.3704,GSE289435,GSM8791436_MLL_17844
CDH5,unassigned,bin,270,0,0,0,0,GSE289435,GSM8791436_MLL_17844
PECAM1,unassigned,bin,270,57,0.335862829371432,70,21.1111,GSE289435,GSM8791436_MLL_17844
EMCN,unassigned,bin,270,0,0,0,0,GSE289435,GSM8791436_MLL_17844
HIF1A,unassigned,bin,270,74,0.507029592254059,149,27.4074,GSE289435,GSM8791436_MLL_17844
EPAS1,unassigned,bin,270,2,0.00754330676289716,2,0.7407,GSE289435,GSM8791436_MLL_17844
CA9,unassigned,bin,270,0,0,0,0,GSE289435,GSM8791436_MLL_17844
LDHA,unassigned,bin,270,102,0.731529380871747,188,37.7778,GSE289435,GSM8791436_MLL_17844
SLC2A1,unassigned,bin,270,15,0.0796576117346137,15,5.5556,GSE289435,GSM8791436_MLL_17844
PGK1,unassigned,bin,270,75,0.494460556992002,110,27.7778,GSE289435,GSM8791436_MLL_17844
ADM,unassigned,bin,270,29,0.186255040304756,48,10.7407,GSE289435,GSM8791436_MLL_17844
BNIP3,unassigned,bin,270,7,0.0381371017885136,7,2.5926,GSE289435,GSM8791436_MLL_17844
NDRG1,unassigned,bin,270,90,0.620538588835174,197,33.3333,GSE289435,GSM8791436_MLL_17844
SNAI1,unassigned,bin,270,27,0.154717988769116,32,10,GSE289435,GSM8791436_MLL_17844
SNAI2,unassigned,bin,270,0,0,0,0,GSE289435,GSM8791436_MLL_17844
TWIST1,unassigned,bin,270,0,0,0,0,GSE289435,GSM8791436_MLL_17844
ZEB1,unassigned,bin,270,0,0,0,0,GSE289435,GSM8791436_MLL_17844
ZEB2,unassigned,bin,270,192,1.84474770157455,719,71.1111,GSE289435,GSM8791436_MLL_17844
VIM,unassigned,bin,270,255,3.16476844379092,2130,94.4444,GSE289435,GSM8791436_MLL_17844
CDH2,unassigned,bin,270,1,0.00583610329278191,1,0.3704,GSE289435,GSM8791436_MLL_17844
NECTIN4,unassigned,bin,270,3,0.0178862807391735,4,1.1111,GSE289435,GSM8791436_MLL_17844
NECTIN1,unassigned,bin,270,9,0.0449280503647605,9,3.3333,GSE289435,GSM8791436_MLL_17844
NECTIN2,unassigned,bin,270,27,0.139555411737832,29,10,GSE289435,GSM8791436_MLL_17844
NECTIN3,unassigned,bin,270,0,0,0,0,GSE289435,GSM8791436_MLL_17844
PVR,unassigned,bin,270,9,0.0612939297320431,11,3.3333,GSE289435,GSM8791436_MLL_17844
TIGIT,unassigned,bin,270,0,0,0,0,GSE289435,GSM8791436_MLL_17844
CD226,unassigned,bin,270,3,0.0144217730309264,4,1.1111,GSE289435,GSM8791436_MLL_17844
CD96,unassigned,bin,270,0,0,0,0,GSE289435,GSM8791436_MLL_17844
C1QA,unassigned,bin,270,4,0.0280731054699562,10,1.4815,GSE289435,GSM8791436_MLL_17844
C1QB,unassigned,bin,270,7,0.0568062518577401,14,2.5926,GSE289435,GSM8791436_MLL_17844
C1QC,unassigned,bin,270,4,0.0228535881805257,5,1.4815,GSE289435,GSM8791436_MLL_17844
CD163,unassigned,bin,270,2,0.00961438272678321,2,0.7407,GSE289435,GSM8791436_MLL_17844
MRC1,unassigned,bin,270,0,0,0,0,GSE289435,GSM8791436_MLL_17844
VSIG4,unassigned,bin,270,0,0,0,0,GSE289435,GSM8791436_MLL_17844
SELENOP,unassigned,bin,270,0,0,0,0,GSE289435,GSM8791436_MLL_17844
STAB1,unassigned,bin,270,1,0.00964602795156445,2,0.3704,GSE289435,GSM8791436_MLL_17844
LYVE1,unassigned,bin,270,0,0,0,0,GSE289435,GSM8791436_MLL_17844
MAF,unassigned,bin,270,7,0.0450470296833896,10,2.5926,GSE289435,GSM8791436_MLL_17844
FCN1,unassigned,bin,270,22,0.13399361701719,42,8.1481,GSE289435,GSM8791436_MLL_17844
S100A12,unassigned,bin,270,4,0.0236703957994563,4,1.4815,GSE289435,GSM8791436_MLL_17844
SELL,unassigned,bin,270,13,0.0919536603028551,13,4.8148,GSE289435,GSM8791436_MLL_17844
CSF3R,unassigned,bin,270,109,0.792450898910671,263,40.3704,GSE289435,GSM8791436_MLL_17844
PLAC8,unassigned,bin,270,72,0.504292566328854,104,26.6667,GSE289435,GSM8791436_MLL_17844
COL1A1,HSC_MPP,bin,4,0,0,0,0,GSE289435,GSM8791436_MLL_17844
COL1A2,HSC_MPP,bin,4,0,0,0,0,GSE289435,GSM8791436_MLL_17844
COL3A1,HSC_MPP,bin,4,0,0,0,0,GSE289435,GSM8791436_MLL_17844
COL4A1,HSC_MPP,bin,4,0,0,0,0,GSE289435,GSM8791436_MLL_17844
COL5A1,HSC_MPP,bin,4,0,0,0,0,GSE289435,GSM8791436_MLL_17844
COL5A2,HSC_MPP,bin,4,0,0,0,0,GSE289435,GSM8791436_MLL_17844
COL6A1,HSC_MPP,bin,4,0,0,0,0,GSE289435,GSM8791436_MLL_17844
COL6A2,HSC_MPP,bin,4,0,0,0,0,GSE289435,GSM8791436_MLL_17844
COL6A3,HSC_MPP,bin,4,2,0.546780882052778,2,50,GSE289435,GSM8791436_MLL_17844
COL11A1,HSC_MPP,bin,4,0,0,0,0,GSE289435,GSM8791436_MLL_17844
FN1,HSC_MPP,bin,4,1,0.258350401031314,1,25,GSE289435,GSM8791436_MLL_17844
LUM,HSC_MPP,bin,4,0,0,0,0,GSE289435,GSM8791436_MLL_17844
DCN,HSC_MPP,bin,4,0,0,0,0,GSE289435,GSM8791436_MLL_17844
POSTN,HSC_MPP,bin,4,0,0,0,0,GSE289435,GSM8791436_MLL_17844
SPARC,HSC_MPP,bin,4,0,0,0,0,GSE289435,GSM8791436_MLL_17844
BGN,HSC_MPP,bin,4,0,0,0,0,GSE289435,GSM8791436_MLL_17844
VCAN,HSC_MPP,bin,4,0,0,0,0,GSE289435,GSM8791436_MLL_17844
ELN,HSC_MPP,bin,4,0,0,0,0,GSE289435,GSM8791436_MLL_17844
FBN1,HSC_MPP,bin,4,0,0,0,0,GSE289435,GSM8791436_MLL_17844
MGP,HSC_MPP,bin,4,0,0,0,0,GSE289435,GSM8791436_MLL_17844
OGN,HSC_MPP,bin,4,0,0,0,0,GSE289435,GSM8791436_MLL_17844
ASPN,HSC_MPP,bin,4,0,0,0,0,GSE289435,GSM8791436_MLL_17844
TNC,HSC_MPP,bin,4,0,0,0,0,GSE289435,GSM8791436_MLL_17844
LTBP1,HSC_MPP,bin,4,0,0,0,0,GSE289435,GSM8791436_MLL_17844
LTBP2,HSC_MPP,bin,4,0,0,0,0,GSE289435,GSM8791436_MLL_17844
LOX,HSC_MPP,bin,4,0,0,0,0,GSE289435,GSM8791436_MLL_17844
LOXL1,HSC_MPP,bin,4,0,0,0,0,GSE289435,GSM8791436_MLL_17844
LOXL2,HSC_MPP,bin,4,0,0,0,0,GSE289435,GSM8791436_MLL_17844
PLOD1,HSC_MPP,bin,4,1,0.258350401031314,1,25,GSE289435,GSM8791436_MLL_17844
PLOD2,HSC_MPP,bin,4,0,0,0,0,GSE289435,GSM8791436_MLL_17844
SERPINH1,HSC_MPP,bin,4,0,0,0,0,GSE289435,GSM8791436_MLL_17844
SERPINE1,HSC_MPP,bin,4,0,0,0,0,GSE289435,GSM8791436_MLL_17844
TIMP1,HSC_MPP,bin,4,2,0.512247055823971,2,50,GSE289435,GSM8791436_MLL_17844
TIMP2,HSC_MPP,bin,4,1,0.258350401031314,1,25,GSE289435,GSM8791436_MLL_17844
TIMP3,HSC_MPP,bin,4,0,0,0,0,GSE289435,GSM8791436_MLL_17844
MMP2,HSC_MPP,bin,4,0,0,0,0,GSE289435,GSM8791436_MLL_17844
MMP9,HSC_MPP,bin,4,0,0,0,0,GSE289435,GSM8791436_MLL_17844
MMP14,HSC_MPP,bin,4,0,0,0,0,GSE289435,GSM8791436_MLL_17844
CTSK,HSC_MPP,bin,4,0,0,0,0,GSE289435,GSM8791436_MLL_17844
ADAMTS1,HSC_MPP,bin,4,0,0,0,0,GSE289435,GSM8791436_MLL_17844
TGFB1,HSC_MPP,bin,4,0,0,0,0,GSE289435,GSM8791436_MLL_17844
TGFB2,HSC_MPP,bin,4,0,0,0,0,GSE289435,GSM8791436_MLL_17844
TGFB3,HSC_MPP,bin,4,0,0,0,0,GSE289435,GSM8791436_MLL_17844
TGFBR1,HSC_MPP,bin,4,0,0,0,0,GSE289435,GSM8791436_MLL_17844
TGFBR2,HSC_MPP,bin,4,1,0.258350401031314,1,25,GSE289435,GSM8791436_MLL_17844
PDGFA,HSC_MPP,bin,4,0,0,0,0,GSE289435,GSM8791436_MLL_17844
PDGFB,HSC_MPP,bin,4,0,0,0,0,GSE289435,GSM8791436_MLL_17844
PDGFRA,HSC_MPP,bin,4,0,0,0,0,GSE289435,GSM8791436_MLL_17844
PDGFRB,HSC_MPP,bin,4,0,0,0,0,GSE289435,GSM8791436_MLL_17844
CCN2,HSC_MPP,bin,4,1,0.258350401031314,1,25,GSE289435,GSM8791436_MLL_17844
CCN1,HSC_MPP,bin,4,0,0,0,0,GSE289435,GSM8791436_MLL_17844
IGF1,HSC_MPP,bin,4,0,0,0,0,GSE289435,GSM8791436_MLL_17844
IGF2,HSC_MPP,bin,4,0,0,0,0,GSE289435,GSM8791436_MLL_17844
VEGFA,HSC_MPP,bin,4,0,0,0,0,GSE289435,GSM8791436_MLL_17844
FGF2,HSC_MPP,bin,4,0,0,0,0,GSE289435,GSM8791436_MLL_17844
HGF,HSC_MPP,bin,4,1,0.258350401031314,1,25,GSE289435,GSM8791436_MLL_17844
OSM,HSC_MPP,bin,4,0,0,0,0,GSE289435,GSM8791436_MLL_17844
OSMR,HSC_MPP,bin,4,0,0,0,0,GSE289435,GSM8791436_MLL_17844
IL11,HSC_MPP,bin,4,0,0,0,0,GSE289435,GSM8791436_MLL_17844
SPP1,HSC_MPP,bin,4,0,0,0,0,GSE289435,GSM8791436_MLL_17844
IL1B,HSC_MPP,bin,4,1,0.258350401031314,1,25,GSE289435,GSM8791436_MLL_17844
IL6,HSC_MPP,bin,4,0,0,0,0,GSE289435,GSM8791436_MLL_17844
TNF,HSC_MPP,bin,4,2,0.599203675537708,3,50,GSE289435,GSM8791436_MLL_17844
CXCL8,HSC_MPP,bin,4,1,0.890144585005328,13,25,GSE289435,GSM8791436_MLL_17844
IL10,HSC_MPP,bin,4,0,0,0,0,GSE289435,GSM8791436_MLL_17844
IFNG,HSC_MPP,bin,4,0,0,0,0,GSE289435,GSM8791436_MLL_17844
CCL2,HSC_MPP,bin,4,0,0,0,0,GSE289435,GSM8791436_MLL_17844
CCL3,HSC_MPP,bin,4,0,0,0,0,GSE289435,GSM8791436_MLL_17844
CCL4,HSC_MPP,bin,4,0,0,0,0,GSE289435,GSM8791436_MLL_17844
CXCL1,HSC_MPP,bin,4,0,0,0,0,GSE289435,GSM8791436_MLL_17844
CXCL2,HSC_MPP,bin,4,0,0,0,0,GSE289435,GSM8791436_MLL_17844
IL18,HSC_MPP,bin,4,1,0.287740106495022,1,25,GSE289435,GSM8791436_MLL_17844
NLRP3,HSC_MPP,bin,4,0,0,0,0,GSE289435,GSM8791436_MLL_17844
S100A8,HSC_MPP,bin,4,0,0,0,0,GSE289435,GSM8791436_MLL_17844
S100A9,HSC_MPP,bin,4,1,0.258350401031314,1,25,GSE289435,GSM8791436_MLL_17844
PF4,HSC_MPP,bin,4,0,0,0,0,GSE289435,GSM8791436_MLL_17844
PPBP,HSC_MPP,bin,4,0,0,0,0,GSE289435,GSM8791436_MLL_17844
VWF,HSC_MPP,bin,4,0,0,0,0,GSE289435,GSM8791436_MLL_17844
ITGA2B,HSC_MPP,bin,4,0,0,0,0,GSE289435,GSM8791436_MLL_17844
GP9,HSC_MPP,bin,4,0,0,0,0,GSE289435,GSM8791436_MLL_17844
NFE2,HSC_MPP,bin,4,0,0,0,0,GSE289435,GSM8791436_MLL_17844
GATA1,HSC_MPP,bin,4,0,0,0,0,GSE289435,GSM8791436_MLL_17844
MPL,HSC_MPP,bin,4,0,0,0,0,GSE289435,GSM8791436_MLL_17844
CALR,HSC_MPP,bin,4,4,1.48452509915379,8,100,GSE289435,GSM8791436_MLL_17844
JAK2,HSC_MPP,bin,4,1,0.224506949328948,1,25,GSE289435,GSM8791436_MLL_17844
LEPR,HSC_MPP,bin,4,0,0,0,0,GSE289435,GSM8791436_MLL_17844
CXCL12,HSC_MPP,bin,4,0,0,0,0,GSE289435,GSM8791436_MLL_17844
KITLG,HSC_MPP,bin,4,0,0,0,0,GSE289435,GSM8791436_MLL_17844
ANGPT1,HSC_MPP,bin,4,0,0,0,0,GSE289435,GSM8791436_MLL_17844
VCAM1,HSC_MPP,bin,4,0,0,0,0,GSE289435,GSM8791436_MLL_17844
NES,HSC_MPP,bin,4,0,0,0,0,GSE289435,GSM8791436_MLL_17844
NGFR,HSC_MPP,bin,4,0,0,0,0,GSE289435,GSM8791436_MLL_17844
SFRP2,HSC_MPP,bin,4,0,0,0,0,GSE289435,GSM8791436_MLL_17844
SFRP4,HSC_MPP,bin,4,0,0,0,0,GSE289435,GSM8791436_MLL_17844
GREM1,HSC_MPP,bin,4,0,0,0,0,GSE289435,GSM8791436_MLL_17844
FAP,HSC_MPP,bin,4,0,0,0,0,GSE289435,GSM8791436_MLL_17844
BGLAP,HSC_MPP,bin,4,0,0,0,0,GSE289435,GSM8791436_MLL_17844
RUNX2,HSC_MPP,bin,4,1,0.258350401031314,1,25,GSE289435,GSM8791436_MLL_17844
SP7,HSC_MPP,bin,4,0,0,0,0,GSE289435,GSM8791436_MLL_17844
ACTA2,HSC_MPP,bin,4,0,0,0,0,GSE289435,GSM8791436_MLL_17844
TAGLN,HSC_MPP,bin,4,1,0.417983673027344,2,25,GSE289435,GSM8791436_MLL_17844
RGS5,HSC_MPP,bin,4,0,0,0,0,GSE289435,GSM8791436_MLL_17844
MYH11,HSC_MPP,bin,4,0,0,0,0,GSE289435,GSM8791436_MLL_17844
CDH5,HSC_MPP,bin,4,0,0,0,0,GSE289435,GSM8791436_MLL_17844
PECAM1,HSC_MPP,bin,4,2,0.546780882052778,2,50,GSE289435,GSM8791436_MLL_17844
EMCN,HSC_MPP,bin,4,0,0,0,0,GSE289435,GSM8791436_MLL_17844
HIF1A,HSC_MPP,bin,4,1,0.224506949328948,1,25,GSE289435,GSM8791436_MLL_17844
EPAS1,HSC_MPP,bin,4,0,0,0,0,GSE289435,GSM8791436_MLL_17844
CA9,HSC_MPP,bin,4,0,0,0,0,GSE289435,GSM8791436_MLL_17844
LDHA,HSC_MPP,bin,4,3,1.02601975060185,6,75,GSE289435,GSM8791436_MLL_17844
SLC2A1,HSC_MPP,bin,4,1,0.258350401031314,1,25,GSE289435,GSM8791436_MLL_17844
PGK1,HSC_MPP,bin,4,3,0.97756185159844,5,75,GSE289435,GSM8791436_MLL_17844
ADM,HSC_MPP,bin,4,0,0,0,0,GSE289435,GSM8791436_MLL_17844
BNIP3,HSC_MPP,bin,4,0,0,0,0,GSE289435,GSM8791436_MLL_17844
NDRG1,HSC_MPP,bin,4,1,0.287740106495022,1,25,GSE289435,GSM8791436_MLL_17844
SNAI1,HSC_MPP,bin,4,0,0,0,0,GSE289435,GSM8791436_MLL_17844
SNAI2,HSC_MPP,bin,4,0,0,0,0,GSE289435,GSM8791436_MLL_17844
TWIST1,HSC_MPP,bin,4,0,0,0,0,GSE289435,GSM8791436_MLL_17844
ZEB1,HSC_MPP,bin,4,0,0,0,0,GSE289435,GSM8791436_MLL_17844
ZEB2,HSC_MPP,bin,4,3,1.33775032071164,12,75,GSE289435,GSM8791436_MLL_17844
VIM,HSC_MPP,bin,4,4,3.06075864540342,42,100,GSE289435,GSM8791436_MLL_17844
CDH2,HSC_MPP,bin,4,0,0,0,0,GSE289435,GSM8791436_MLL_17844
NECTIN4,HSC_MPP,bin,4,0,0,0,0,GSE289435,GSM8791436_MLL_17844
NECTIN1,HSC_MPP,bin,4,0,0,0,0,GSE289435,GSM8791436_MLL_17844
NECTIN2,HSC_MPP,bin,4,1,0.340853274506394,2,25,GSE289435,GSM8791436_MLL_17844
NECTIN3,HSC_MPP,bin,4,0,0,0,0,GSE289435,GSM8791436_MLL_17844
PVR,HSC_MPP,bin,4,0,0,0,0,GSE289435,GSM8791436_MLL_17844
TIGIT,HSC_MPP,bin,4,0,0,0,0,GSE289435,GSM8791436_MLL_17844
CD226,HSC_MPP,bin,4,0,0,0,0,GSE289435,GSM8791436_MLL_17844
CD96,HSC_MPP,bin,4,0,0,0,0,GSE289435,GSM8791436_MLL_17844
C1QA,HSC_MPP,bin,4,0,0,0,0,GSE289435,GSM8791436_MLL_17844
C1QB,HSC_MPP,bin,4,0,0,0,0,GSE289435,GSM8791436_MLL_17844
C1QC,HSC_MPP,bin,4,0,0,0,0,GSE289435,GSM8791436_MLL_17844
CD163,HSC_MPP,bin,4,0,0,0,0,GSE289435,GSM8791436_MLL_17844
MRC1,HSC_MPP,bin,4,0,0,0,0,GSE289435,GSM8791436_MLL_17844
VSIG4,HSC_MPP,bin,4,0,0,0,0,GSE289435,GSM8791436_MLL_17844
SELENOP,HSC_MPP,bin,4,0,0,0,0,GSE289435,GSM8791436_MLL_17844
STAB1,HSC_MPP,bin,4,0,0,0,0,GSE289435,GSM8791436_MLL_17844
LYVE1,HSC_MPP,bin,4,0,0,0,0,GSE289435,GSM8791436_MLL_17844
MAF,HSC_MPP,bin,4,0,0,0,0,GSE289435,GSM8791436_MLL_17844
FCN1,HSC_MPP,bin,4,0,0,0,0,GSE289435,GSM8791436_MLL_17844
S100A12,HSC_MPP,bin,4,0,0,0,0,GSE289435,GSM8791436_MLL_17844
SELL,HSC_MPP,bin,4,0,0,0,0,GSE289435,GSM8791436_MLL_17844
CSF3R,HSC_MPP,bin,4,3,0.770597456855284,3,75,GSE289435,GSM8791436_MLL_17844
PLAC8,HSC_MPP,bin,4,1,0.224506949328948,1,25,GSE289435,GSM8791436_MLL_17844
COL1A1,Stromal,bin,10,1,0.162334162036491,1,10,GSE289435,GSM8791436_MLL_17844
COL1A2,Stromal,bin,10,0,0,0,0,GSE289435,GSM8791436_MLL_17844
COL3A1,Stromal,bin,10,0,0,0,0,GSE289435,GSM8791436_MLL_17844
COL4A1,Stromal,bin,10,1,0.189939013342042,1,10,GSE289435,GSM8791436_MLL_17844
COL5A1,Stromal,bin,10,1,0.189939013342042,1,10,GSE289435,GSM8791436_MLL_17844
COL5A2,Stromal,bin,10,0,0,0,0,GSE289435,GSM8791436_MLL_17844
COL6A1,Stromal,bin,10,3,0.450198067320763,3,30,GSE289435,GSM8791436_MLL_17844
COL6A2,Stromal,bin,10,1,0.189939013342042,1,10,GSE289435,GSM8791436_MLL_17844
COL6A3,Stromal,bin,10,3,0.506446953895568,4,30,GSE289435,GSM8791436_MLL_17844
COL11A1,Stromal,bin,10,0,0,0,0,GSE289435,GSM8791436_MLL_17844
FN1,Stromal,bin,10,1,0.0954626173670854,1,10,GSE289435,GSM8791436_MLL_17844
LUM,Stromal,bin,10,0,0,0,0,GSE289435,GSM8791436_MLL_17844
DCN,Stromal,bin,10,0,0,0,0,GSE289435,GSM8791436_MLL_17844
POSTN,Stromal,bin,10,0,0,0,0,GSE289435,GSM8791436_MLL_17844
SPARC,Stromal,bin,10,0,0,0,0,GSE289435,GSM8791436_MLL_17844
BGN,Stromal,bin,10,0,0,0,0,GSE289435,GSM8791436_MLL_17844
VCAN,Stromal,bin,10,1,0.0954626173670854,1,10,GSE289435,GSM8791436_MLL_17844
ELN,Stromal,bin,10,0,0,0,0,GSE289435,GSM8791436_MLL_17844
FBN1,Stromal,bin,10,0,0,0,0,GSE289435,GSM8791436_MLL_17844
MGP,Stromal,bin,10,0,0,0,0,GSE289435,GSM8791436_MLL_17844
OGN,Stromal,bin,10,0,0,0,0,GSE289435,GSM8791436_MLL_17844
ASPN,Stromal,bin,10,0,0,0,0,GSE289435,GSM8791436_MLL_17844
TNC,Stromal,bin,10,0,0,0,0,GSE289435,GSM8791436_MLL_17844
LTBP1,Stromal,bin,10,0,0,0,0,GSE289435,GSM8791436_MLL_17844
LTBP2,Stromal,bin,10,0,0,0,0,GSE289435,GSM8791436_MLL_17844
LOX,Stromal,bin,10,0,0,0,0,GSE289435,GSM8791436_MLL_17844
LOXL1,Stromal,bin,10,1,0.189939013342042,1,10,GSE289435,GSM8791436_MLL_17844
LOXL2,Stromal,bin,10,1,0.108208948949196,1,10,GSE289435,GSM8791436_MLL_17844
PLOD1,Stromal,bin,10,0,0,0,0,GSE289435,GSM8791436_MLL_17844
PLOD2,Stromal,bin,10,1,0.251475961293768,2,10,GSE289435,GSM8791436_MLL_17844
SERPINH1,Stromal,bin,10,1,0.0954626173670854,1,10,GSE289435,GSM8791436_MLL_17844
SERPINE1,Stromal,bin,10,2,0.310795043100669,2,20,GSE289435,GSM8791436_MLL_17844
TIMP1,Stromal,bin,10,6,1.25703502357614,15,60,GSE289435,GSM8791436_MLL_17844
TIMP2,Stromal,bin,10,0,0,0,0,GSE289435,GSM8791436_MLL_17844
TIMP3,Stromal,bin,10,1,0.189939013342042,1,10,GSE289435,GSM8791436_MLL_17844
MMP2,Stromal,bin,10,0,0,0,0,GSE289435,GSM8791436_MLL_17844
MMP9,Stromal,bin,10,1,0.207125975698358,2,10,GSE289435,GSM8791436_MLL_17844
MMP14,Stromal,bin,10,2,0.272666113755113,2,20,GSE289435,GSM8791436_MLL_17844
CTSK,Stromal,bin,10,0,0,0,0,GSE289435,GSM8791436_MLL_17844
ADAMTS1,Stromal,bin,10,1,0.251475961293768,2,10,GSE289435,GSM8791436_MLL_17844
TGFB1,Stromal,bin,10,1,0.162334162036491,1,10,GSE289435,GSM8791436_MLL_17844
TGFB2,Stromal,bin,10,0,0,0,0,GSE289435,GSM8791436_MLL_17844
TGFB3,Stromal,bin,10,0,0,0,0,GSE289435,GSM8791436_MLL_17844
TGFBR1,Stromal,bin,10,0,0,0,0,GSE289435,GSM8791436_MLL_17844
TGFBR2,Stromal,bin,10,2,0.30819527255922,3,20,GSE289435,GSM8791436_MLL_17844
PDGFA,Stromal,bin,10,0,0,0,0,GSE289435,GSM8791436_MLL_17844
PDGFB,Stromal,bin,10,0,0,0,0,GSE289435,GSM8791436_MLL_17844
PDGFRA,Stromal,bin,10,0,0,0,0,GSE289435,GSM8791436_MLL_17844
PDGFRB,Stromal,bin,10,2,0.285401630709127,2,20,GSE289435,GSM8791436_MLL_17844
CCN2,Stromal,bin,10,0,0,0,0,GSE289435,GSM8791436_MLL_17844
CCN1,Stromal,bin,10,0,0,0,0,GSE289435,GSM8791436_MLL_17844
IGF1,Stromal,bin,10,0,0,0,0,GSE289435,GSM8791436_MLL_17844
IGF2,Stromal,bin,10,0,0,0,0,GSE289435,GSM8791436_MLL_17844
VEGFA,Stromal,bin,10,1,0.0954626173670854,1,10,GSE289435,GSM8791436_MLL_17844
FGF2,Stromal,bin,10,0,0,0,0,GSE289435,GSM8791436_MLL_17844
HGF,Stromal,bin,10,0,0,0,0,GSE289435,GSM8791436_MLL_17844
OSM,Stromal,bin,10,0,0,0,0,GSE289435,GSM8791436_MLL_17844
OSMR,Stromal,bin,10,0,0,0,0,GSE289435,GSM8791436_MLL_17844
IL11,Stromal,bin,10,0,0,0,0,GSE289435,GSM8791436_MLL_17844
SPP1,Stromal,bin,10,0,0,0,0,GSE289435,GSM8791436_MLL_17844
IL1B,Stromal,bin,10,0,0,0,0,GSE289435,GSM8791436_MLL_17844
IL6,Stromal,bin,10,0,0,0,0,GSE289435,GSM8791436_MLL_17844
TNF,Stromal,bin,10,10,2.20008636251891,33,100,GSE289435,GSM8791436_MLL_17844
CXCL8,Stromal,bin,10,5,1.09315782325639,11,50,GSE289435,GSM8791436_MLL_17844
IL10,Stromal,bin,10,0,0,0,0,GSE289435,GSM8791436_MLL_17844
IFNG,Stromal,bin,10,0,0,0,0,GSE289435,GSM8791436_MLL_17844
CCL2,Stromal,bin,10,0,0,0,0,GSE289435,GSM8791436_MLL_17844
CCL3,Stromal,bin,10,5,1.0160817161932,12,50,GSE289435,GSM8791436_MLL_17844
CCL4,Stromal,bin,10,1,0.224181853511694,3,10,GSE289435,GSM8791436_MLL_17844
CXCL1,Stromal,bin,10,0,0,0,0,GSE289435,GSM8791436_MLL_17844
CXCL2,Stromal,bin,10,1,0.149680801204625,1,10,GSE289435,GSM8791436_MLL_17844
IL18,Stromal,bin,10,0,0,0,0,GSE289435,GSM8791436_MLL_17844
NLRP3,Stromal,bin,10,0,0,0,0,GSE289435,GSM8791436_MLL_17844
S100A8,Stromal,bin,10,3,0.513693203817712,4,30,GSE289435,GSM8791436_MLL_17844
S100A9,Stromal,bin,10,0,0,0,0,GSE289435,GSM8791436_MLL_17844
PF4,Stromal,bin,10,0,0,0,0,GSE289435,GSM8791436_MLL_17844
PPBP,Stromal,bin,10,0,0,0,0,GSE289435,GSM8791436_MLL_17844
VWF,Stromal,bin,10,0,0,0,0,GSE289435,GSM8791436_MLL_17844
ITGA2B,Stromal,bin,10,0,0,0,0,GSE289435,GSM8791436_MLL_17844
GP9,Stromal,bin,10,0,0,0,0,GSE289435,GSM8791436_MLL_17844
NFE2,Stromal,bin,10,0,0,0,0,GSE289435,GSM8791436_MLL_17844
GATA1,Stromal,bin,10,0,0,0,0,GSE289435,GSM8791436_MLL_17844
MPL,Stromal,bin,10,0,0,0,0,GSE289435,GSM8791436_MLL_17844
CALR,Stromal,bin,10,7,1.50703322348189,19,70,GSE289435,GSM8791436_MLL_17844
JAK2,Stromal,bin,10,1,0.0954626173670854,1,10,GSE289435,GSM8791436_MLL_17844
LEPR,Stromal,bin,10,0,0,0,0,GSE289435,GSM8791436_MLL_17844
CXCL12,Stromal,bin,10,1,0.251475961293768,2,10,GSE289435,GSM8791436_MLL_17844
KITLG,Stromal,bin,10,1,0.0954626173670854,1,10,GSE289435,GSM8791436_MLL_17844
ANGPT1,Stromal,bin,10,0,0,0,0,GSE289435,GSM8791436_MLL_17844
VCAM1,Stromal,bin,10,1,0.189939013342042,1,10,GSE289435,GSM8791436_MLL_17844
NES,Stromal,bin,10,0,0,0,0,GSE289435,GSM8791436_MLL_17844
NGFR,Stromal,bin,10,1,0.189939013342042,1,10,GSE289435,GSM8791436_MLL_17844
SFRP2,Stromal,bin,10,0,0,0,0,GSE289435,GSM8791436_MLL_17844
SFRP4,Stromal,bin,10,0,0,0,0,GSE289435,GSM8791436_MLL_17844
GREM1,Stromal,bin,10,0,0,0,0,GSE289435,GSM8791436_MLL_17844
FAP,Stromal,bin,10,0,0,0,0,GSE289435,GSM8791436_MLL_17844
BGLAP,Stromal,bin,10,0,0,0,0,GSE289435,GSM8791436_MLL_17844
RUNX2,Stromal,bin,10,4,0.602141190310045,5,40,GSE289435,GSM8791436_MLL_17844
SP7,Stromal,bin,10,0,0,0,0,GSE289435,GSM8791436_MLL_17844
ACTA2,Stromal,bin,10,0,0,0,0,GSE289435,GSM8791436_MLL_17844
TAGLN,Stromal,bin,10,5,0.700577502555558,5,50,GSE289435,GSM8791436_MLL_17844
RGS5,Stromal,bin,10,0,0,0,0,GSE289435,GSM8791436_MLL_17844
MYH11,Stromal,bin,10,0,0,0,0,GSE289435,GSM8791436_MLL_17844
CDH5,Stromal,bin,10,0,0,0,0,GSE289435,GSM8791436_MLL_17844
PECAM1,Stromal,bin,10,1,0.0954626173670854,1,10,GSE289435,GSM8791436_MLL_17844
EMCN,Stromal,bin,10,0,0,0,0,GSE289435,GSM8791436_MLL_17844
HIF1A,Stromal,bin,10,3,0.460482124327729,3,30,GSE289435,GSM8791436_MLL_17844
EPAS1,Stromal,bin,10,1,0.251475961293768,2,10,GSE289435,GSM8791436_MLL_17844
CA9,Stromal,bin,10,0,0,0,0,GSE289435,GSM8791436_MLL_17844
LDHA,Stromal,bin,10,3,0.487708925732127,6,30,GSE289435,GSM8791436_MLL_17844
SLC2A1,Stromal,bin,10,1,0.133591546712642,1,10,GSE289435,GSM8791436_MLL_17844
PGK1,Stromal,bin,10,4,0.555352731372386,4,40,GSE289435,GSM8791436_MLL_17844
ADM,Stromal,bin,10,1,0.18881225220292,2,10,GSE289435,GSM8791436_MLL_17844
BNIP3,Stromal,bin,10,1,0.146762043652604,1,10,GSE289435,GSM8791436_MLL_17844
NDRG1,Stromal,bin,10,6,0.83629833206006,6,60,GSE289435,GSM8791436_MLL_17844
SNAI1,Stromal,bin,10,2,0.347770006066955,4,20,GSE289435,GSM8791436_MLL_17844
SNAI2,Stromal,bin,10,0,0,0,0,GSE289435,GSM8791436_MLL_17844
TWIST1,Stromal,bin,10,0,0,0,0,GSE289435,GSM8791436_MLL_17844
ZEB1,Stromal,bin,10,0,0,0,0,GSE289435,GSM8791436_MLL_17844
ZEB2,Stromal,bin,10,10,2.25124655586346,31,100,GSE289435,GSM8791436_MLL_17844
VIM,Stromal,bin,10,10,3.33479565770264,119,100,GSE289435,GSM8791436_MLL_17844
CDH2,Stromal,bin,10,0,0,0,0,GSE289435,GSM8791436_MLL_17844
NECTIN4,Stromal,bin,10,2,0.30819527255922,3,20,GSE289435,GSM8791436_MLL_17844
NECTIN1,Stromal,bin,10,0,0,0,0,GSE289435,GSM8791436_MLL_17844
NECTIN2,Stromal,bin,10,1,0.108208948949196,1,10,GSE289435,GSM8791436_MLL_17844
NECTIN3,Stromal,bin,10,0,0,0,0,GSE289435,GSM8791436_MLL_17844
PVR,Stromal,bin,10,0,0,0,0,GSE289435,GSM8791436_MLL_17844
TIGIT,Stromal,bin,10,0,0,0,0,GSE289435,GSM8791436_MLL_17844
CD226,Stromal,bin,10,0,0,0,0,GSE289435,GSM8791436_MLL_17844
CD96,Stromal,bin,10,0,0,0,0,GSE289435,GSM8791436_MLL_17844
C1QA,Stromal,bin,10,1,0.149680801204625,1,10,GSE289435,GSM8791436_MLL_17844
C1QB,Stromal,bin,10,1,0.108208948949196,1,10,GSE289435,GSM8791436_MLL_17844
C1QC,Stromal,bin,10,0,0,0,0,GSE289435,GSM8791436_MLL_17844
CD163,Stromal,bin,10,1,0.189939013342042,1,10,GSE289435,GSM8791436_MLL_17844
MRC1,Stromal,bin,10,0,0,0,0,GSE289435,GSM8791436_MLL_17844
VSIG4,Stromal,bin,10,0,0,0,0,GSE289435,GSM8791436_MLL_17844
SELENOP,Stromal,bin,10,0,0,0,0,GSE289435,GSM8791436_MLL_17844
STAB1,Stromal,bin,10,0,0,0,0,GSE289435,GSM8791436_MLL_17844
LYVE1,Stromal,bin,10,0,0,0,0,GSE289435,GSM8791436_MLL_17844
MAF,Stromal,bin,10,0,0,0,0,GSE289435,GSM8791436_MLL_17844
FCN1,Stromal,bin,10,0,0,0,0,GSE289435,GSM8791436_MLL_17844
S100A12,Stromal,bin,10,0,0,0,0,GSE289435,GSM8791436_MLL_17844
SELL,Stromal,bin,10,0,0,0,0,GSE289435,GSM8791436_MLL_17844
CSF3R,Stromal,bin,10,4,0.659275100053542,6,40,GSE289435,GSM8791436_MLL_17844
PLAC8,Stromal,bin,10,5,0.842698741644685,7,50,GSE289435,GSM8791436_MLL_17844
COL1A1,T_NK,bin,4,0,0,0,0,GSE289435,GSM8791436_MLL_17844
COL1A2,T_NK,bin,4,0,0,0,0,GSE289435,GSM8791436_MLL_17844
COL3A1,T_NK,bin,4,0,0,0,0,GSE289435,GSM8791436_MLL_17844
COL4A1,T_NK,bin,4,0,0,0,0,GSE289435,GSM8791436_MLL_17844
COL5A1,T_NK,bin,4,0,0,0,0,GSE289435,GSM8791436_MLL_17844
COL5A2,T_NK,bin,4,0,0,0,0,GSE289435,GSM8791436_MLL_17844
COL6A1,T_NK,bin,4,0,0,0,0,GSE289435,GSM8791436_MLL_17844
COL6A2,T_NK,bin,4,0,0,0,0,GSE289435,GSM8791436_MLL_17844
COL6A3,T_NK,bin,4,0,0,0,0,GSE289435,GSM8791436_MLL_17844
COL11A1,T_NK,bin,4,0,0,0,0,GSE289435,GSM8791436_MLL_17844
FN1,T_NK,bin,4,0,0,0,0,GSE289435,GSM8791436_MLL_17844
LUM,T_NK,bin,4,0,0,0,0,GSE289435,GSM8791436_MLL_17844
DCN,T_NK,bin,4,0,0,0,0,GSE289435,GSM8791436_MLL_17844
POSTN,T_NK,bin,4,0,0,0,0,GSE289435,GSM8791436_MLL_17844
SPARC,T_NK,bin,4,0,0,0,0,GSE289435,GSM8791436_MLL_17844
BGN,T_NK,bin,4,0,0,0,0,GSE289435,GSM8791436_MLL_17844
VCAN,T_NK,bin,4,0,0,0,0,GSE289435,GSM8791436_MLL_17844
ELN,T_NK,bin,4,0,0,0,0,GSE289435,GSM8791436_MLL_17844
FBN1,T_NK,bin,4,0,0,0,0,GSE289435,GSM8791436_MLL_17844
MGP,T_NK,bin,4,0,0,0,0,GSE289435,GSM8791436_MLL_17844
OGN,T_NK,bin,4,0,0,0,0,GSE289435,GSM8791436_MLL_17844
ASPN,T_NK,bin,4,0,0,0,0,GSE289435,GSM8791436_MLL_17844
TNC,T_NK,bin,4,0,0,0,0,GSE289435,GSM8791436_MLL_17844
LTBP1,T_NK,bin,4,0,0,0,0,GSE289435,GSM8791436_MLL_17844
LTBP2,T_NK,bin,4,0,0,0,0,GSE289435,GSM8791436_MLL_17844
LOX,T_NK,bin,4,0,0,0,0,GSE289435,GSM8791436_MLL_17844
LOXL1,T_NK,bin,4,0,0,0,0,GSE289435,GSM8791436_MLL_17844
LOXL2,T_NK,bin,4,0,0,0,0,GSE289435,GSM8791436_MLL_17844
PLOD1,T_NK,bin,4,0,0,0,0,GSE289435,GSM8791436_MLL_17844
PLOD2,T_NK,bin,4,0,0,0,0,GSE289435,GSM8791436_MLL_17844
SERPINH1,T_NK,bin,4,0,0,0,0,GSE289435,GSM8791436_MLL_17844
SERPINE1,T_NK,bin,4,0,0,0,0,GSE289435,GSM8791436_MLL_17844
TIMP1,T_NK,bin,4,0,0,0,0,GSE289435,GSM8791436_MLL_17844
TIMP2,T_NK,bin,4,0,0,0,0,GSE289435,GSM8791436_MLL_17844
TIMP3,T_NK,bin,4,0,0,0,0,GSE289435,GSM8791436_MLL_17844
MMP2,T_NK,bin,4,0,0,0,0,GSE289435,GSM8791436_MLL_17844
MMP9,T_NK,bin,4,1,0.470667672729849,1,25,GSE289435,GSM8791436_MLL_17844
MMP14,T_NK,bin,4,0,0,0,0,GSE289435,GSM8791436_MLL_17844
CTSK,T_NK,bin,4,0,0,0,0,GSE289435,GSM8791436_MLL_17844
ADAMTS1,T_NK,bin,4,0,0,0,0,GSE289435,GSM8791436_MLL_17844
TGFB1,T_NK,bin,4,0,0,0,0,GSE289435,GSM8791436_MLL_17844
TGFB2,T_NK,bin,4,0,0,0,0,GSE289435,GSM8791436_MLL_17844
TGFB3,T_NK,bin,4,0,0,0,0,GSE289435,GSM8791436_MLL_17844
TGFBR1,T_NK,bin,4,0,0,0,0,GSE289435,GSM8791436_MLL_17844
TGFBR2,T_NK,bin,4,0,0,0,0,GSE289435,GSM8791436_MLL_17844
PDGFA,T_NK,bin,4,0,0,0,0,GSE289435,GSM8791436_MLL_17844
PDGFB,T_NK,bin,4,0,0,0,0,GSE289435,GSM8791436_MLL_17844
PDGFRA,T_NK,bin,4,0,0,0,0,GSE289435,GSM8791436_MLL_17844
PDGFRB,T_NK,bin,4,0,0,0,0,GSE289435,GSM8791436_MLL_17844
CCN2,T_NK,bin,4,0,0,0,0,GSE289435,GSM8791436_MLL_17844
CCN1,T_NK,bin,4,0,0,0,0,GSE289435,GSM8791436_MLL_17844
IGF1,T_NK,bin,4,0,0,0,0,GSE289435,GSM8791436_MLL_17844
IGF2,T_NK,bin,4,0,0,0,0,GSE289435,GSM8791436_MLL_17844
VEGFA,T_NK,bin,4,0,0,0,0,GSE289435,GSM8791436_MLL_17844
FGF2,T_NK,bin,4,0,0,0,0,GSE289435,GSM8791436_MLL_17844
HGF,T_NK,bin,4,0,0,0,0,GSE289435,GSM8791436_MLL_17844
OSM,T_NK,bin,4,0,0,0,0,GSE289435,GSM8791436_MLL_17844
OSMR,T_NK,bin,4,0,0,0,0,GSE289435,GSM8791436_MLL_17844
IL11,T_NK,bin,4,0,0,0,0,GSE289435,GSM8791436_MLL_17844
SPP1,T_NK,bin,4,0,0,0,0,GSE289435,GSM8791436_MLL_17844
IL1B,T_NK,bin,4,0,0,0,0,GSE289435,GSM8791436_MLL_17844
IL6,T_NK,bin,4,0,0,0,0,GSE289435,GSM8791436_MLL_17844
TNF,T_NK,bin,4,2,1.08472974645497,3,50,GSE289435,GSM8791436_MLL_17844
CXCL8,T_NK,bin,4,0,0,0,0,GSE289435,GSM8791436_MLL_17844
IL10,T_NK,bin,4,0,0,0,0,GSE289435,GSM8791436_MLL_17844
IFNG,T_NK,bin,4,0,0,0,0,GSE289435,GSM8791436_MLL_17844
CCL2,T_NK,bin,4,0,0,0,0,GSE289435,GSM8791436_MLL_17844
CCL3,T_NK,bin,4,1,0.61188040797962,2,25,GSE289435,GSM8791436_MLL_17844
CCL4,T_NK,bin,4,1,0.624168890937528,2,25,GSE289435,GSM8791436_MLL_17844
CXCL1,T_NK,bin,4,0,0,0,0,GSE289435,GSM8791436_MLL_17844
CXCL2,T_NK,bin,4,0,0,0,0,GSE289435,GSM8791436_MLL_17844
IL18,T_NK,bin,4,0,0,0,0,GSE289435,GSM8791436_MLL_17844
NLRP3,T_NK,bin,4,0,0,0,0,GSE289435,GSM8791436_MLL_17844
S100A8,T_NK,bin,4,3,1.39134786843935,3,75,GSE289435,GSM8791436_MLL_17844
S100A9,T_NK,bin,4,0,0,0,0,GSE289435,GSM8791436_MLL_17844
PF4,T_NK,bin,4,0,0,0,0,GSE289435,GSM8791436_MLL_17844
PPBP,T_NK,bin,4,0,0,0,0,GSE289435,GSM8791436_MLL_17844
VWF,T_NK,bin,4,0,0,0,0,GSE289435,GSM8791436_MLL_17844
ITGA2B,T_NK,bin,4,0,0,0,0,GSE289435,GSM8791436_MLL_17844
GP9,T_NK,bin,4,0,0,0,0,GSE289435,GSM8791436_MLL_17844
NFE2,T_NK,bin,4,0,0,0,0,GSE289435,GSM8791436_MLL_17844
GATA1,T_NK,bin,4,0,0,0,0,GSE289435,GSM8791436_MLL_17844
MPL,T_NK,bin,4,0,0,0,0,GSE289435,GSM8791436_MLL_17844
CALR,T_NK,bin,4,2,1.18518806489349,4,50,GSE289435,GSM8791436_MLL_17844
JAK2,T_NK,bin,4,0,0,0,0,GSE289435,GSM8791436_MLL_17844
LEPR,T_NK,bin,4,0,0,0,0,GSE289435,GSM8791436_MLL_17844
CXCL12,T_NK,bin,4,0,0,0,0,GSE289435,GSM8791436_MLL_17844
KITLG,T_NK,bin,4,0,0,0,0,GSE289435,GSM8791436_MLL_17844
ANGPT1,T_NK,bin,4,0,0,0,0,GSE289435,GSM8791436_MLL_17844
VCAM1,T_NK,bin,4,0,0,0,0,GSE289435,GSM8791436_MLL_17844
NES,T_NK,bin,4,0,0,0,0,GSE289435,GSM8791436_MLL_17844
NGFR,T_NK,bin,4,0,0,0,0,GSE289435,GSM8791436_MLL_17844
SFRP2,T_NK,bin,4,0,0,0,0,GSE289435,GSM8791436_MLL_17844
SFRP4,T_NK,bin,4,0,0,0,0,GSE289435,GSM8791436_MLL_17844
GREM1,T_NK,bin,4,0,0,0,0,GSE289435,GSM8791436_MLL_17844
FAP,T_NK,bin,4,0,0,0,0,GSE289435,GSM8791436_MLL_17844
BGLAP,T_NK,bin,4,0,0,0,0,GSE289435,GSM8791436_MLL_17844
RUNX2,T_NK,bin,4,1,0.46134442657937,1,25,GSE289435,GSM8791436_MLL_17844
SP7,T_NK,bin,4,0,0,0,0,GSE289435,GSM8791436_MLL_17844
ACTA2,T_NK,bin,4,0,0,0,0,GSE289435,GSM8791436_MLL_17844
TAGLN,T_NK,bin,4,0,0,0,0,GSE289435,GSM8791436_MLL_17844
RGS5,T_NK,bin,4,0,0,0,0,GSE289435,GSM8791436_MLL_17844
MYH11,T_NK,bin,4,0,0,0,0,GSE289435,GSM8791436_MLL_17844
CDH5,T_NK,bin,4,0,0,0,0,GSE289435,GSM8791436_MLL_17844
PECAM1,T_NK,bin,4,0,0,0,0,GSE289435,GSM8791436_MLL_17844
EMCN,T_NK,bin,4,0,0,0,0,GSE289435,GSM8791436_MLL_17844
HIF1A,T_NK,bin,4,2,1.02698766714696,3,50,GSE289435,GSM8791436_MLL_17844
EPAS1,T_NK,bin,4,0,0,0,0,GSE289435,GSM8791436_MLL_17844
CA9,T_NK,bin,4,0,0,0,0,GSE289435,GSM8791436_MLL_17844
LDHA,T_NK,bin,4,0,0,0,0,GSE289435,GSM8791436_MLL_17844
SLC2A1,T_NK,bin,4,0,0,0,0,GSE289435,GSM8791436_MLL_17844
PGK1,T_NK,bin,4,0,0,0,0,GSE289435,GSM8791436_MLL_17844
ADM,T_NK,bin,4,0,0,0,0,GSE289435,GSM8791436_MLL_17844
BNIP3,T_NK,bin,4,0,0,0,0,GSE289435,GSM8791436_MLL_17844
NDRG1,T_NK,bin,4,1,0.470667672729849,1,25,GSE289435,GSM8791436_MLL_17844
SNAI1,T_NK,bin,4,0,0,0,0,GSE289435,GSM8791436_MLL_17844
SNAI2,T_NK,bin,4,0,0,0,0,GSE289435,GSM8791436_MLL_17844
TWIST1,T_NK,bin,4,0,0,0,0,GSE289435,GSM8791436_MLL_17844
ZEB1,T_NK,bin,4,0,0,0,0,GSE289435,GSM8791436_MLL_17844
ZEB2,T_NK,bin,4,1,0.470667672729849,1,25,GSE289435,GSM8791436_MLL_17844
VIM,T_NK,bin,4,4,3.35016064107467,22,100,GSE289435,GSM8791436_MLL_17844
CDH2,T_NK,bin,4,0,0,0,0,GSE289435,GSM8791436_MLL_17844
NECTIN4,T_NK,bin,4,0,0,0,0,GSE289435,GSM8791436_MLL_17844
NECTIN1,T_NK,bin,4,0,0,0,0,GSE289435,GSM8791436_MLL_17844
NECTIN2,T_NK,bin,4,0,0,0,0,GSE289435,GSM8791436_MLL_17844
NECTIN3,T_NK,bin,4,0,0,0,0,GSE289435,GSM8791436_MLL_17844
PVR,T_NK,bin,4,0,0,0,0,GSE289435,GSM8791436_MLL_17844
TIGIT,T_NK,bin,4,0,0,0,0,GSE289435,GSM8791436_MLL_17844
CD226,T_NK,bin,4,0,0,0,0,GSE289435,GSM8791436_MLL_17844
CD96,T_NK,bin,4,1,0.412925593421836,1,25,GSE289435,GSM8791436_MLL_17844
C1QA,T_NK,bin,4,0,0,0,0,GSE289435,GSM8791436_MLL_17844
C1QB,T_NK,bin,4,0,0,0,0,GSE289435,GSM8791436_MLL_17844
C1QC,T_NK,bin,4,0,0,0,0,GSE289435,GSM8791436_MLL_17844
CD163,T_NK,bin,4,0,0,0,0,GSE289435,GSM8791436_MLL_17844
MRC1,T_NK,bin,4,0,0,0,0,GSE289435,GSM8791436_MLL_17844
VSIG4,T_NK,bin,4,0,0,0,0,GSE289435,GSM8791436_MLL_17844
SELENOP,T_NK,bin,4,0,0,0,0,GSE289435,GSM8791436_MLL_17844
STAB1,T_NK,bin,4,0,0,0,0,GSE289435,GSM8791436_MLL_17844
LYVE1,T_NK,bin,4,0,0,0,0,GSE289435,GSM8791436_MLL_17844
MAF,T_NK,bin,4,0,0,0,0,GSE289435,GSM8791436_MLL_17844
FCN1,T_NK,bin,4,0,0,0,0,GSE289435,GSM8791436_MLL_17844
S100A12,T_NK,bin,4,0,0,0,0,GSE289435,GSM8791436_MLL_17844
SELL,T_NK,bin,4,0,0,0,0,GSE289435,GSM8791436_MLL_17844
CSF3R,T_NK,bin,4,0,0,0,0,GSE289435,GSM8791436_MLL_17844
PLAC8,T_NK,bin,4,1,0.470667672729849,1,25,GSE289435,GSM8791436_MLL_17844
COL1A1,Megakaryocyte,bin,1,0,0,0,0,GSE289435,GSM8791436_MLL_17844
COL1A2,Megakaryocyte,bin,1,0,0,0,0,GSE289435,GSM8791436_MLL_17844
COL3A1,Megakaryocyte,bin,1,0,0,0,0,GSE289435,GSM8791436_MLL_17844
COL4A1,Megakaryocyte,bin,1,0,0,0,0,GSE289435,GSM8791436_MLL_17844
COL5A1,Megakaryocyte,bin,1,0,0,0,0,GSE289435,GSM8791436_MLL_17844
COL5A2,Megakaryocyte,bin,1,0,0,0,0,GSE289435,GSM8791436_MLL_17844
COL6A1,Megakaryocyte,bin,1,0,0,0,0,GSE289435,GSM8791436_MLL_17844
COL6A2,Megakaryocyte,bin,1,0,0,0,0,GSE289435,GSM8791436_MLL_17844
COL6A3,Megakaryocyte,bin,1,0,0,0,0,GSE289435,GSM8791436_MLL_17844
COL11A1,Megakaryocyte,bin,1,0,0,0,0,GSE289435,GSM8791436_MLL_17844
FN1,Megakaryocyte,bin,1,0,0,0,0,GSE289435,GSM8791436_MLL_17844
LUM,Megakaryocyte,bin,1,0,0,0,0,GSE289435,GSM8791436_MLL_17844
DCN,Megakaryocyte,bin,1,0,0,0,0,GSE289435,GSM8791436_MLL_17844
POSTN,Megakaryocyte,bin,1,0,0,0,0,GSE289435,GSM8791436_MLL_17844
SPARC,Megakaryocyte,bin,1,0,0,0,0,GSE289435,GSM8791436_MLL_17844
BGN,Megakaryocyte,bin,1,0,0,0,0,GSE289435,GSM8791436_MLL_17844
VCAN,Megakaryocyte,bin,1,1,2.430335559513,1,100,GSE289435,GSM8791436_MLL_17844
ELN,Megakaryocyte,bin,1,0,0,0,0,GSE289435,GSM8791436_MLL_17844
FBN1,Megakaryocyte,bin,1,0,0,0,0,GSE289435,GSM8791436_MLL_17844
MGP,Megakaryocyte,bin,1,0,0,0,0,GSE289435,GSM8791436_MLL_17844
OGN,Megakaryocyte,bin,1,0,0,0,0,GSE289435,GSM8791436_MLL_17844
ASPN,Megakaryocyte,bin,1,0,0,0,0,GSE289435,GSM8791436_MLL_17844
TNC,Megakaryocyte,bin,1,0,0,0,0,GSE289435,GSM8791436_MLL_17844
LTBP1,Megakaryocyte,bin,1,0,0,0,0,GSE289435,GSM8791436_MLL_17844
LTBP2,Megakaryocyte,bin,1,0,0,0,0,GSE289435,GSM8791436_MLL_17844
LOX,Megakaryocyte,bin,1,0,0,0,0,GSE289435,GSM8791436_MLL_17844
LOXL1,Megakaryocyte,bin,1,0,0,0,0,GSE289435,GSM8791436_MLL_17844
LOXL2,Megakaryocyte,bin,1,0,0,0,0,GSE289435,GSM8791436_MLL_17844
PLOD1,Megakaryocyte,bin,1,0,0,0,0,GSE289435,GSM8791436_MLL_17844
PLOD2,Megakaryocyte,bin,1,0,0,0,0,GSE289435,GSM8791436_MLL_17844
SERPINH1,Megakaryocyte,bin,1,0,0,0,0,GSE289435,GSM8791436_MLL_17844
SERPINE1,Megakaryocyte,bin,1,0,0,0,0,GSE289435,GSM8791436_MLL_17844
TIMP1,Megakaryocyte,bin,1,0,0,0,0,GSE289435,GSM8791436_MLL_17844
TIMP2,Megakaryocyte,bin,1,0,0,0,0,GSE289435,GSM8791436_MLL_17844
TIMP3,Megakaryocyte,bin,1,0,0,0,0,GSE289435,GSM8791436_MLL_17844
MMP2,Megakaryocyte,bin,1,0,0,0,0,GSE289435,GSM8791436_MLL_17844
MMP9,Megakaryocyte,bin,1,0,0,0,0,GSE289435,GSM8791436_MLL_17844
MMP14,Megakaryocyte,bin,1,0,0,0,0,GSE289435,GSM8791436_MLL_17844
CTSK,Megakaryocyte,bin,1,0,0,0,0,GSE289435,GSM8791436_MLL_17844
ADAMTS1,Megakaryocyte,bin,1,0,0,0,0,GSE289435,GSM8791436_MLL_17844
TGFB1,Megakaryocyte,bin,1,0,0,0,0,GSE289435,GSM8791436_MLL_17844
TGFB2,Megakaryocyte,bin,1,0,0,0,0,GSE289435,GSM8791436_MLL_17844
TGFB3,Megakaryocyte,bin,1,0,0,0,0,GSE289435,GSM8791436_MLL_17844
TGFBR1,Megakaryocyte,bin,1,0,0,0,0,GSE289435,GSM8791436_MLL_17844
TGFBR2,Megakaryocyte,bin,1,0,0,0,0,GSE289435,GSM8791436_MLL_17844
PDGFA,Megakaryocyte,bin,1,0,0,0,0,GSE289435,GSM8791436_MLL_17844
PDGFB,Megakaryocyte,bin,1,0,0,0,0,GSE289435,GSM8791436_MLL_17844
PDGFRA,Megakaryocyte,bin,1,0,0,0,0,GSE289435,GSM8791436_MLL_17844
PDGFRB,Megakaryocyte,bin,1,0,0,0,0,GSE289435,GSM8791436_MLL_17844
CCN2,Megakaryocyte,bin,1,0,0,0,0,GSE289435,GSM8791436_MLL_17844
CCN1,Megakaryocyte,bin,1,0,0,0,0,GSE289435,GSM8791436_MLL_17844
IGF1,Megakaryocyte,bin,1,0,0,0,0,GSE289435,GSM8791436_MLL_17844
IGF2,Megakaryocyte,bin,1,0,0,0,0,GSE289435,GSM8791436_MLL_17844
VEGFA,Megakaryocyte,bin,1,0,0,0,0,GSE289435,GSM8791436_MLL_17844
FGF2,Megakaryocyte,bin,1,0,0,0,0,GSE289435,GSM8791436_MLL_17844
HGF,Megakaryocyte,bin,1,0,0,0,0,GSE289435,GSM8791436_MLL_17844
OSM,Megakaryocyte,bin,1,0,0,0,0,GSE289435,GSM8791436_MLL_17844
OSMR,Megakaryocyte,bin,1,0,0,0,0,GSE289435,GSM8791436_MLL_17844
IL11,Megakaryocyte,bin,1,0,0,0,0,GSE289435,GSM8791436_MLL_17844
SPP1,Megakaryocyte,bin,1,0,0,0,0,GSE289435,GSM8791436_MLL_17844
IL1B,Megakaryocyte,bin,1,0,0,0,0,GSE289435,GSM8791436_MLL_17844
IL6,Megakaryocyte,bin,1,0,0,0,0,GSE289435,GSM8791436_MLL_17844
TNF,Megakaryocyte,bin,1,0,0,0,0,GSE289435,GSM8791436_MLL_17844
CXCL8,Megakaryocyte,bin,1,0,0,0,0,GSE289435,GSM8791436_MLL_17844
IL10,Megakaryocyte,bin,1,0,0,0,0,GSE289435,GSM8791436_MLL_17844
IFNG,Megakaryocyte,bin,1,0,0,0,0,GSE289435,GSM8791436_MLL_17844
CCL2,Megakaryocyte,bin,1,0,0,0,0,GSE289435,GSM8791436_MLL_17844
CCL3,Megakaryocyte,bin,1,0,0,0,0,GSE289435,GSM8791436_MLL_17844
CCL4,Megakaryocyte,bin,1,0,0,0,0,GSE289435,GSM8791436_MLL_17844
CXCL1,Megakaryocyte,bin,1,0,0,0,0,GSE289435,GSM8791436_MLL_17844
CXCL2,Megakaryocyte,bin,1,0,0,0,0,GSE289435,GSM8791436_MLL_17844
IL18,Megakaryocyte,bin,1,0,0,0,0,GSE289435,GSM8791436_MLL_17844
NLRP3,Megakaryocyte,bin,1,0,0,0,0,GSE289435,GSM8791436_MLL_17844
S100A8,Megakaryocyte,bin,1,1,2.430335559513,1,100,GSE289435,GSM8791436_MLL_17844
S100A9,Megakaryocyte,bin,1,0,0,0,0,GSE289435,GSM8791436_MLL_17844
PF4,Megakaryocyte,bin,1,1,2.430335559513,1,100,GSE289435,GSM8791436_MLL_17844
PPBP,Megakaryocyte,bin,1,1,5.0526751995116,15,100,GSE289435,GSM8791436_MLL_17844
VWF,Megakaryocyte,bin,1,0,0,0,0,GSE289435,GSM8791436_MLL_17844
ITGA2B,Megakaryocyte,bin,1,0,0,0,0,GSE289435,GSM8791436_MLL_17844
GP9,Megakaryocyte,bin,1,0,0,0,0,GSE289435,GSM8791436_MLL_17844
NFE2,Megakaryocyte,bin,1,0,0,0,0,GSE289435,GSM8791436_MLL_17844
GATA1,Megakaryocyte,bin,1,0,0,0,0,GSE289435,GSM8791436_MLL_17844
MPL,Megakaryocyte,bin,1,0,0,0,0,GSE289435,GSM8791436_MLL_17844
CALR,Megakaryocyte,bin,1,1,2.430335559513,1,100,GSE289435,GSM8791436_MLL_17844
JAK2,Megakaryocyte,bin,1,0,0,0,0,GSE289435,GSM8791436_MLL_17844
LEPR,Megakaryocyte,bin,1,0,0,0,0,GSE289435,GSM8791436_MLL_17844
CXCL12,Megakaryocyte,bin,1,0,0,0,0,GSE289435,GSM8791436_MLL_17844
KITLG,Megakaryocyte,bin,1,0,0,0,0,GSE289435,GSM8791436_MLL_17844
ANGPT1,Megakaryocyte,bin,1,0,0,0,0,GSE289435,GSM8791436_MLL_17844
VCAM1,Megakaryocyte,bin,1,0,0,0,0,GSE289435,GSM8791436_MLL_17844
NES,Megakaryocyte,bin,1,0,0,0,0,GSE289435,GSM8791436_MLL_17844
NGFR,Megakaryocyte,bin,1,0,0,0,0,GSE289435,GSM8791436_MLL_17844
SFRP2,Megakaryocyte,bin,1,0,0,0,0,GSE289435,GSM8791436_MLL_17844
SFRP4,Megakaryocyte,bin,1,0,0,0,0,GSE289435,GSM8791436_MLL_17844
GREM1,Megakaryocyte,bin,1,0,0,0,0,GSE289435,GSM8791436_MLL_17844
FAP,Megakaryocyte,bin,1,0,0,0,0,GSE289435,GSM8791436_MLL_17844
BGLAP,Megakaryocyte,bin,1,0,0,0,0,GSE289435,GSM8791436_MLL_17844
RUNX2,Megakaryocyte,bin,1,1,2.430335559513,1,100,GSE289435,GSM8791436_MLL_17844
SP7,Megakaryocyte,bin,1,0,0,0,0,GSE289435,GSM8791436_MLL_17844
ACTA2,Megakaryocyte,bin,1,0,0,0,0,GSE289435,GSM8791436_MLL_17844
TAGLN,Megakaryocyte,bin,1,0,0,0,0,GSE289435,GSM8791436_MLL_17844
RGS5,Megakaryocyte,bin,1,0,0,0,0,GSE289435,GSM8791436_MLL_17844
MYH11,Megakaryocyte,bin,1,0,0,0,0,GSE289435,GSM8791436_MLL_17844
CDH5,Megakaryocyte,bin,1,0,0,0,0,GSE289435,GSM8791436_MLL_17844
PECAM1,Megakaryocyte,bin,1,0,0,0,0,GSE289435,GSM8791436_MLL_17844
EMCN,Megakaryocyte,bin,1,0,0,0,0,GSE289435,GSM8791436_MLL_17844
HIF1A,Megakaryocyte,bin,1,0,0,0,0,GSE289435,GSM8791436_MLL_17844
EPAS1,Megakaryocyte,bin,1,0,0,0,0,GSE289435,GSM8791436_MLL_17844
CA9,Megakaryocyte,bin,1,0,0,0,0,GSE289435,GSM8791436_MLL_17844
LDHA,Megakaryocyte,bin,1,1,2.430335559513,1,100,GSE289435,GSM8791436_MLL_17844
SLC2A1,Megakaryocyte,bin,1,0,0,0,0,GSE289435,GSM8791436_MLL_17844
PGK1,Megakaryocyte,bin,1,1,2.430335559513,1,100,GSE289435,GSM8791436_MLL_17844
ADM,Megakaryocyte,bin,1,0,0,0,0,GSE289435,GSM8791436_MLL_17844
BNIP3,Megakaryocyte,bin,1,0,0,0,0,GSE289435,GSM8791436_MLL_17844
NDRG1,Megakaryocyte,bin,1,0,0,0,0,GSE289435,GSM8791436_MLL_17844
SNAI1,Megakaryocyte,bin,1,0,0,0,0,GSE289435,GSM8791436_MLL_17844
SNAI2,Megakaryocyte,bin,1,0,0,0,0,GSE289435,GSM8791436_MLL_17844
TWIST1,Megakaryocyte,bin,1,0,0,0,0,GSE289435,GSM8791436_MLL_17844
ZEB1,Megakaryocyte,bin,1,0,0,0,0,GSE289435,GSM8791436_MLL_17844
ZEB2,Megakaryocyte,bin,1,0,0,0,0,GSE289435,GSM8791436_MLL_17844
VIM,Megakaryocyte,bin,1,1,4.29781397539437,7,100,GSE289435,GSM8791436_MLL_17844
CDH2,Megakaryocyte,bin,1,0,0,0,0,GSE289435,GSM8791436_MLL_17844
NECTIN4,Megakaryocyte,bin,1,0,0,0,0,GSE289435,GSM8791436_MLL_17844
NECTIN1,Megakaryocyte,bin,1,0,0,0,0,GSE289435,GSM8791436_MLL_17844
NECTIN2,Megakaryocyte,bin,1,0,0,0,0,GSE289435,GSM8791436_MLL_17844
NECTIN3,Megakaryocyte,bin,1,0,0,0,0,GSE289435,GSM8791436_MLL_17844
PVR,Megakaryocyte,bin,1,0,0,0,0,GSE289435,GSM8791436_MLL_17844
TIGIT,Megakaryocyte,bin,1,0,0,0,0,GSE289435,GSM8791436_MLL_17844
CD226,Megakaryocyte,bin,1,0,0,0,0,GSE289435,GSM8791436_MLL_17844
CD96,Megakaryocyte,bin,1,0,0,0,0,GSE289435,GSM8791436_MLL_17844
C1QA,Megakaryocyte,bin,1,0,0,0,0,GSE289435,GSM8791436_MLL_17844
C1QB,Megakaryocyte,bin,1,0,0,0,0,GSE289435,GSM8791436_MLL_17844
C1QC,Megakaryocyte,bin,1,0,0,0,0,GSE289435,GSM8791436_MLL_17844
CD163,Megakaryocyte,bin,1,0,0,0,0,GSE289435,GSM8791436_MLL_17844
MRC1,Megakaryocyte,bin,1,0,0,0,0,GSE289435,GSM8791436_MLL_17844
VSIG4,Megakaryocyte,bin,1,0,0,0,0,GSE289435,GSM8791436_MLL_17844
SELENOP,Megakaryocyte,bin,1,0,0,0,0,GSE289435,GSM8791436_MLL_17844
STAB1,Megakaryocyte,bin,1,0,0,0,0,GSE289435,GSM8791436_MLL_17844
LYVE1,Megakaryocyte,bin,1,0,0,0,0,GSE289435,GSM8791436_MLL_17844
MAF,Megakaryocyte,bin,1,0,0,0,0,GSE289435,GSM8791436_MLL_17844
FCN1,Megakaryocyte,bin,1,0,0,0,0,GSE289435,GSM8791436_MLL_17844
S100A12,Megakaryocyte,bin,1,0,0,0,0,GSE289435,GSM8791436_MLL_17844
SELL,Megakaryocyte,bin,1,0,0,0,0,GSE289435,GSM8791436_MLL_17844
CSF3R,Megakaryocyte,bin,1,0,0,0,0,GSE289435,GSM8791436_MLL_17844
PLAC8,Megakaryocyte,bin,1,0,0,0,0,GSE289435,GSM8791436_MLL_17844
COL1A1,nonmalignant,malignancy,8803,26,0.00361913635311416,26,0.2954,GSE289435,GSM8791436_MLL_17844
COL1A2,nonmalignant,malignancy,8803,0,0,0,0,GSE289435,GSM8791436_MLL_17844
COL3A1,nonmalignant,malignancy,8803,0,0,0,0,GSE289435,GSM8791436_MLL_17844
COL4A1,nonmalignant,malignancy,8803,22,0.00253689237028363,22,0.2499,GSE289435,GSM8791436_MLL_17844
COL5A1,nonmalignant,malignancy,8803,9,0.00103551696654066,9,0.1022,GSE289435,GSM8791436_MLL_17844
COL5A2,nonmalignant,malignancy,8803,1,0.000135133939210932,1,0.0114,GSE289435,GSM8791436_MLL_17844
COL6A1,nonmalignant,malignancy,8803,45,0.00468953430329226,45,0.5112,GSE289435,GSM8791436_MLL_17844
COL6A2,nonmalignant,malignancy,8803,3,0.000522113676961837,3,0.0341,GSE289435,GSM8791436_MLL_17844
COL6A3,nonmalignant,malignancy,8803,912,0.105256109288255,996,10.3601,GSE289435,GSM8791436_MLL_17844
COL11A1,nonmalignant,malignancy,8803,0,0,0,0,GSE289435,GSM8791436_MLL_17844
FN1,nonmalignant,malignancy,8803,30,0.00338847379095929,31,0.3408,GSE289435,GSM8791436_MLL_17844
LUM,nonmalignant,malignancy,8803,1,0.000168103414942282,1,0.0114,GSE289435,GSM8791436_MLL_17844
DCN,nonmalignant,malignancy,8803,6,0.000525632513530738,6,0.0682,GSE289435,GSM8791436_MLL_17844
POSTN,nonmalignant,malignancy,8803,0,0,0,0,GSE289435,GSM8791436_MLL_17844
SPARC,nonmalignant,malignancy,8803,45,0.00500436990844846,46,0.5112,GSE289435,GSM8791436_MLL_17844
BGN,nonmalignant,malignancy,8803,0,0,0,0,GSE289435,GSM8791436_MLL_17844
VCAN,nonmalignant,malignancy,8803,1836,0.25096276790611,3071,20.8565,GSE289435,GSM8791436_MLL_17844
ELN,nonmalignant,malignancy,8803,1,6.2096511214743e-05,1,0.0114,GSE289435,GSM8791436_MLL_17844
FBN1,nonmalignant,malignancy,8803,8,0.00125731889544641,8,0.0909,GSE289435,GSM8791436_MLL_17844
MGP,nonmalignant,malignancy,8803,3,0.000445200484087034,3,0.0341,GSE289435,GSM8791436_MLL_17844
OGN,nonmalignant,malignancy,8803,18,0.0017991893859341,19,0.2045,GSE289435,GSM8791436_MLL_17844
ASPN,nonmalignant,malignancy,8803,2,0.000296996926918154,2,0.0227,GSE289435,GSM8791436_MLL_17844
TNC,nonmalignant,malignancy,8803,1,7.62035513470782e-05,1,0.0114,GSE289435,GSM8791436_MLL_17844
LTBP1,nonmalignant,malignancy,8803,12,0.0010835068341795,12,0.1363,GSE289435,GSM8791436_MLL_17844
LTBP2,nonmalignant,malignancy,8803,3,0.000398030473800695,3,0.0341,GSE289435,GSM8791436_MLL_17844
LOX,nonmalignant,malignancy,8803,0,0,0,0,GSE289435,GSM8791436_MLL_17844
LOXL1,nonmalignant,malignancy,8803,40,0.00411236329298183,41,0.4544,GSE289435,GSM8791436_MLL_17844
LOXL2,nonmalignant,malignancy,8803,9,0.000740657366800797,9,0.1022,GSE289435,GSM8791436_MLL_17844
PLOD1,nonmalignant,malignancy,8803,977,0.0990212989991866,1074,11.0985,GSE289435,GSM8791436_MLL_17844
PLOD2,nonmalignant,malignancy,8803,5,0.000636807863689757,6,0.0568,GSE289435,GSM8791436_MLL_17844
SERPINH1,nonmalignant,malignancy,8803,867,0.0896385108957162,964,9.8489,GSE289435,GSM8791436_MLL_17844
SERPINE1,nonmalignant,malignancy,8803,379,0.0487428473805425,533,4.3054,GSE289435,GSM8791436_MLL_17844
TIMP1,nonmalignant,malignancy,8803,6582,1.38596554135185,30482,74.77,GSE289435,GSM8791436_MLL_17844
TIMP2,nonmalignant,malignancy,8803,1190,0.128107039666565,1320,13.5181,GSE289435,GSM8791436_MLL_17844
TIMP3,nonmalignant,malignancy,8803,193,0.0326719726567955,503,2.1924,GSE289435,GSM8791436_MLL_17844
MMP2,nonmalignant,malignancy,8803,2,0.000234555271241035,2,0.0227,GSE289435,GSM8791436_MLL_17844
MMP9,nonmalignant,malignancy,8803,474,0.0458664940540485,576,5.3845,GSE289435,GSM8791436_MLL_17844
MMP14,nonmalignant,malignancy,8803,219,0.0222560865581248,226,2.4878,GSE289435,GSM8791436_MLL_17844
CTSK,nonmalignant,malignancy,8803,38,0.00428662799912968,38,0.4317,GSE289435,GSM8791436_MLL_17844
ADAMTS1,nonmalignant,malignancy,8803,16,0.00197439518077272,21,0.1818,GSE289435,GSM8791436_MLL_17844
TGFB1,nonmalignant,malignancy,8803,3524,0.426363156874832,5330,40.0318,GSE289435,GSM8791436_MLL_17844
TGFB2,nonmalignant,malignancy,8803,37,0.00459042810943935,37,0.4203,GSE289435,GSM8791436_MLL_17844
TGFB3,nonmalignant,malignancy,8803,9,0.00110965444938332,9,0.1022,GSE289435,GSM8791436_MLL_17844
TGFBR1,nonmalignant,malignancy,8803,270,0.0279472552159016,275,3.0671,GSE289435,GSM8791436_MLL_17844
TGFBR2,nonmalignant,malignancy,8803,1086,0.132499520276503,1310,12.3367,GSE289435,GSM8791436_MLL_17844
PDGFA,nonmalignant,malignancy,8803,9,0.000769447166788718,9,0.1022,GSE289435,GSM8791436_MLL_17844
PDGFB,nonmalignant,malignancy,8803,7,0.000988188686635951,7,0.0795,GSE289435,GSM8791436_MLL_17844
PDGFRA,nonmalignant,malignancy,8803,4,0.000548074498681434,4,0.0454,GSE289435,GSM8791436_MLL_17844
PDGFRB,nonmalignant,malignancy,8803,91,0.0100149882763602,93,1.0337,GSE289435,GSM8791436_MLL_17844
CCN2,nonmalignant,malignancy,8803,296,0.0321179555060585,354,3.3625,GSE289435,GSM8791436_MLL_17844
CCN1,nonmalignant,malignancy,8803,31,0.00329205919740505,33,0.3522,GSE289435,GSM8791436_MLL_17844
IGF1,nonmalignant,malignancy,8803,2,0.000428023414273349,4,0.0227,GSE289435,GSM8791436_MLL_17844
IGF2,nonmalignant,malignancy,8803,0,0,0,0,GSE289435,GSM8791436_MLL_17844
VEGFA,nonmalignant,malignancy,8803,717,0.0883146599006908,799,8.145,GSE289435,GSM8791436_MLL_17844
FGF2,nonmalignant,malignancy,8803,3,0.000289981672530178,3,0.0341,GSE289435,GSM8791436_MLL_17844
HGF,nonmalignant,malignancy,8803,612,0.0702572425778822,679,6.9522,GSE289435,GSM8791436_MLL_17844
OSM,nonmalignant,malignancy,8803,394,0.0427995834059472,485,4.4757,GSE289435,GSM8791436_MLL_17844
OSMR,nonmalignant,malignancy,8803,0,0,0,0,GSE289435,GSM8791436_MLL_17844
IL11,nonmalignant,malignancy,8803,4,0.000502421996439016,4,0.0454,GSE289435,GSM8791436_MLL_17844
SPP1,nonmalignant,malignancy,8803,13,0.00168402095478075,16,0.1477,GSE289435,GSM8791436_MLL_17844
IL1B,nonmalignant,malignancy,8803,666,0.0879397856601999,1102,7.5656,GSE289435,GSM8791436_MLL_17844
IL6,nonmalignant,malignancy,8803,31,0.00351138648689954,32,0.3522,GSE289435,GSM8791436_MLL_17844
TNF,nonmalignant,malignancy,8803,3786,0.677781181420631,12335,43.0081,GSE289435,GSM8791436_MLL_17844
CXCL8,nonmalignant,malignancy,8803,2867,0.445986569224972,6190,32.5684,GSE289435,GSM8791436_MLL_17844
IL10,nonmalignant,malignancy,8803,18,0.00223336835139032,21,0.2045,GSE289435,GSM8791436_MLL_17844
IFNG,nonmalignant,malignancy,8803,0,0,0,0,GSE289435,GSM8791436_MLL_17844
CCL2,nonmalignant,malignancy,8803,117,0.0134318134119667,149,1.3291,GSE289435,GSM8791436_MLL_17844
CCL3,nonmalignant,malignancy,8803,2805,0.506293243491281,10716,31.8641,GSE289435,GSM8791436_MLL_17844
CCL4,nonmalignant,malignancy,8803,543,0.0838526141956143,1556,6.1684,GSE289435,GSM8791436_MLL_17844
CXCL1,nonmalignant,malignancy,8803,19,0.00182242721349224,21,0.2158,GSE289435,GSM8791436_MLL_17844
CXCL2,nonmalignant,malignancy,8803,453,0.0632284673913801,715,5.146,GSE289435,GSM8791436_MLL_17844
IL18,nonmalignant,malignancy,8803,1783,0.195881431093946,2297,20.2545,GSE289435,GSM8791436_MLL_17844
NLRP3,nonmalignant,malignancy,8803,1358,0.163356117364107,1616,15.4266,GSE289435,GSM8791436_MLL_17844
S100A8,nonmalignant,malignancy,8803,2521,0.516958578492223,28134,28.638,GSE289435,GSM8791436_MLL_17844
S100A9,nonmalignant,malignancy,8803,1222,0.255200363850618,9647,13.8816,GSE289435,GSM8791436_MLL_17844
PF4,nonmalignant,malignancy,8803,1,0.000276080377088834,1,0.0114,GSE289435,GSM8791436_MLL_17844
PPBP,nonmalignant,malignancy,8803,1,0.000573971964047665,15,0.0114,GSE289435,GSM8791436_MLL_17844
VWF,nonmalignant,malignancy,8803,26,0.00272225059177037,26,0.2954,GSE289435,GSM8791436_MLL_17844
ITGA2B,nonmalignant,malignancy,8803,151,0.0160945773078859,170,1.7153,GSE289435,GSM8791436_MLL_17844
GP9,nonmalignant,malignancy,8803,10,0.000698692778019742,10,0.1136,GSE289435,GSM8791436_MLL_17844
NFE2,nonmalignant,malignancy,8803,593,0.0606753107499789,663,6.7363,GSE289435,GSM8791436_MLL_17844
GATA1,nonmalignant,malignancy,8803,5,0.000888015458089342,5,0.0568,GSE289435,GSM8791436_MLL_17844
MPL,nonmalignant,malignancy,8803,1,0.000128200767389136,1,0.0114,GSE289435,GSM8791436_MLL_17844
CALR,nonmalignant,malignancy,8803,5625,0.948283400461467,15626,63.8987,GSE289435,GSM8791436_MLL_17844
JAK2,nonmalignant,malignancy,8803,1904,0.238443495464131,2346,21.629,GSE289435,GSM8791436_MLL_17844
LEPR,nonmalignant,malignancy,8803,25,0.00253268684309183,25,0.284,GSE289435,GSM8791436_MLL_17844
CXCL12,nonmalignant,malignancy,8803,1,0.000285670750078119,2,0.0114,GSE289435,GSM8791436_MLL_17844
KITLG,nonmalignant,malignancy,8803,6,0.00081128720231807,6,0.0682,GSE289435,GSM8791436_MLL_17844
ANGPT1,nonmalignant,malignancy,8803,4,0.000308246504894673,4,0.0454,GSE289435,GSM8791436_MLL_17844
VCAM1,nonmalignant,malignancy,8803,1,0.00021576623121895,1,0.0114,GSE289435,GSM8791436_MLL_17844
NES,nonmalignant,malignancy,8803,45,0.00519397112414371,48,0.5112,GSE289435,GSM8791436_MLL_17844
NGFR,nonmalignant,malignancy,8803,64,0.00714101071380275,65,0.727,GSE289435,GSM8791436_MLL_17844
SFRP2,nonmalignant,malignancy,8803,3,0.00031518188182535,4,0.0341,GSE289435,GSM8791436_MLL_17844
SFRP4,nonmalignant,malignancy,8803,6,0.000708000236788505,6,0.0682,GSE289435,GSM8791436_MLL_17844
GREM1,nonmalignant,malignancy,8803,8,0.000680040226246356,8,0.0909,GSE289435,GSM8791436_MLL_17844
FAP,nonmalignant,malignancy,8803,0,0,0,0,GSE289435,GSM8791436_MLL_17844
BGLAP,nonmalignant,malignancy,8803,82,0.00861563810662716,97,0.9315,GSE289435,GSM8791436_MLL_17844
RUNX2,nonmalignant,malignancy,8803,4061,0.549539537917767,6856,46.132,GSE289435,GSM8791436_MLL_17844
SP7,nonmalignant,malignancy,8803,3,0.00056967436370879,4,0.0341,GSE289435,GSM8791436_MLL_17844
ACTA2,nonmalignant,malignancy,8803,7,0.000732271412173477,8,0.0795,GSE289435,GSM8791436_MLL_17844
TAGLN,nonmalignant,malignancy,8803,768,0.0874408101877928,840,8.7243,GSE289435,GSM8791436_MLL_17844
RGS5,nonmalignant,malignancy,8803,15,0.00153009531036839,15,0.1704,GSE289435,GSM8791436_MLL_17844
MYH11,nonmalignant,malignancy,8803,32,0.00323132553797137,32,0.3635,GSE289435,GSM8791436_MLL_17844
CDH5,nonmalignant,malignancy,8803,0,0,0,0,GSE289435,GSM8791436_MLL_17844
PECAM1,nonmalignant,malignancy,8803,3055,0.377479849941488,4350,34.7041,GSE289435,GSM8791436_MLL_17844
EMCN,nonmalignant,malignancy,8803,0,0,0,0,GSE289435,GSM8791436_MLL_17844
HIF1A,nonmalignant,malignancy,8803,2388,0.320954832449065,3208,27.1271,GSE289435,GSM8791436_MLL_17844
EPAS1,nonmalignant,malignancy,8803,18,0.00264677930669867,19,0.2045,GSE289435,GSM8791436_MLL_17844
CA9,nonmalignant,malignancy,8803,31,0.00238062940670187,32,0.3522,GSE289435,GSM8791436_MLL_17844
LDHA,nonmalignant,malignancy,8803,5857,1.02609465300113,18399,66.5341,GSE289435,GSM8791436_MLL_17844
SLC2A1,nonmalignant,malignancy,8803,563,0.060512583731939,611,6.3955,GSE289435,GSM8791436_MLL_17844
PGK1,nonmalignant,malignancy,8803,5612,0.946464374270804,16743,63.751,GSE289435,GSM8791436_MLL_17844
ADM,nonmalignant,malignancy,8803,956,0.130719282888863,1670,10.8599,GSE289435,GSM8791436_MLL_17844
BNIP3,nonmalignant,malignancy,8803,790,0.0781866801463429,884,8.9742,GSE289435,GSM8791436_MLL_17844
NDRG1,nonmalignant,malignancy,8803,2226,0.324478777713121,3235,25.2868,GSE289435,GSM8791436_MLL_17844
SNAI1,nonmalignant,malignancy,8803,1589,0.181260947043035,2209,18.0507,GSE289435,GSM8791436_MLL_17844
SNAI2,nonmalignant,malignancy,8803,0,0,0,0,GSE289435,GSM8791436_MLL_17844
TWIST1,nonmalignant,malignancy,8803,1,0.000135133939210932,1,0.0114,GSE289435,GSM8791436_MLL_17844
ZEB1,nonmalignant,malignancy,8803,4,0.000729384635862537,4,0.0454,GSE289435,GSM8791436_MLL_17844
ZEB2,nonmalignant,malignancy,8803,6135,1.09357709603462,14050,69.6922,GSE289435,GSM8791436_MLL_17844
VIM,nonmalignant,malignancy,8803,8734,3.7425877448156,361595,99.2162,GSE289435,GSM8791436_MLL_17844
CDH2,nonmalignant,malignancy,8803,0,0,0,0,GSE289435,GSM8791436_MLL_17844
NECTIN4,nonmalignant,malignancy,8803,82,0.00858311176190609,83,0.9315,GSE289435,GSM8791436_MLL_17844
NECTIN1,nonmalignant,malignancy,8803,352,0.0390069868738304,364,3.9986,GSE289435,GSM8791436_MLL_17844
NECTIN2,nonmalignant,malignancy,8803,2273,0.246472158739254,2984,25.8207,GSE289435,GSM8791436_MLL_17844
NECTIN3,nonmalignant,malignancy,8803,2,0.000258726333163348,2,0.0227,GSE289435,GSM8791436_MLL_17844
PVR,nonmalignant,malignancy,8803,220,0.0239330168927748,225,2.4991,GSE289435,GSM8791436_MLL_17844
TIGIT,nonmalignant,malignancy,8803,6,0.000763450523363895,6,0.0682,GSE289435,GSM8791436_MLL_17844
CD226,nonmalignant,malignancy,8803,46,0.00453886939617951,46,0.5225,GSE289435,GSM8791436_MLL_17844
CD96,nonmalignant,malignancy,8803,4,0.000424125931234747,4,0.0454,GSE289435,GSM8791436_MLL_17844
C1QA,nonmalignant,malignancy,8803,565,0.074519239950625,1274,6.4183,GSE289435,GSM8791436_MLL_17844
C1QB,nonmalignant,malignancy,8803,676,0.0891637682167611,1587,7.6792,GSE289435,GSM8791436_MLL_17844
C1QC,nonmalignant,malignancy,8803,174,0.0227634393917972,399,1.9766,GSE289435,GSM8791436_MLL_17844
CD163,nonmalignant,malignancy,8803,313,0.0351435337878017,366,3.5556,GSE289435,GSM8791436_MLL_17844
MRC1,nonmalignant,malignancy,8803,1,6.26939084328074e-05,1,0.0114,GSE289435,GSM8791436_MLL_17844
VSIG4,nonmalignant,malignancy,8803,16,0.00167235245930286,20,0.1818,GSE289435,GSM8791436_MLL_17844
SELENOP,nonmalignant,malignancy,8803,1,6.11375842635602e-05,1,0.0114,GSE289435,GSM8791436_MLL_17844
STAB1,nonmalignant,malignancy,8803,6,0.000581336016807094,6,0.0682,GSE289435,GSM8791436_MLL_17844
LYVE1,nonmalignant,malignancy,8803,2,0.00036155943709231,2,0.0227,GSE289435,GSM8791436_MLL_17844
MAF,nonmalignant,malignancy,8803,113,0.0133947967393055,120,1.2837,GSE289435,GSM8791436_MLL_17844
FCN1,nonmalignant,malignancy,8803,1269,0.216119751257631,4085,14.4155,GSE289435,GSM8791436_MLL_17844
S100A12,nonmalignant,malignancy,8803,389,0.0736712232152747,1753,4.4189,GSE289435,GSM8791436_MLL_17844
SELL,nonmalignant,malignancy,8803,1290,0.150780475087567,1706,14.6541,GSE289435,GSM8791436_MLL_17844
CSF3R,nonmalignant,malignancy,8803,5356,0.82331988607631,10853,60.8429,GSE289435,GSM8791436_MLL_17844
PLAC8,nonmalignant,malignancy,8803,5241,0.831581334012822,12575,59.5365,GSE289435,GSM8791436_MLL_17844
COL1A1,malignant,malignancy,4247,16,0.00549169421041616,18,0.3767,GSE289435,GSM8791436_MLL_17844
COL1A2,malignant,malignancy,4247,0,0,0,0,GSE289435,GSM8791436_MLL_17844
COL3A1,malignant,malignancy,4247,0,0,0,0,GSE289435,GSM8791436_MLL_17844
COL4A1,malignant,malignancy,4247,21,0.00713965306692542,21,0.4945,GSE289435,GSM8791436_MLL_17844
COL5A1,malignant,malignancy,4247,2,0.000711941909975514,2,0.0471,GSE289435,GSM8791436_MLL_17844
COL5A2,malignant,malignancy,4247,1,0.000389956850054641,1,0.0235,GSE289435,GSM8791436_MLL_17844
COL6A1,malignant,malignancy,4247,14,0.00494275775453172,17,0.3296,GSE289435,GSM8791436_MLL_17844
COL6A2,malignant,malignancy,4247,1,0.000340103514375635,1,0.0235,GSE289435,GSM8791436_MLL_17844
COL6A3,malignant,malignancy,4247,471,0.178524619573335,505,11.0902,GSE289435,GSM8791436_MLL_17844
COL11A1,malignant,malignancy,4247,0,0,0,0,GSE289435,GSM8791436_MLL_17844
FN1,malignant,malignancy,4247,32,0.0117044492623301,45,0.7535,GSE289435,GSM8791436_MLL_17844
LUM,malignant,malignancy,4247,1,0.000542188626782288,1,0.0235,GSE289435,GSM8791436_MLL_17844
DCN,malignant,malignancy,4247,1,0.000435573361292983,1,0.0235,GSE289435,GSM8791436_MLL_17844
POSTN,malignant,malignancy,4247,0,0,0,0,GSE289435,GSM8791436_MLL_17844
SPARC,malignant,malignancy,4247,9,0.00232173129883291,10,0.2119,GSE289435,GSM8791436_MLL_17844
BGN,malignant,malignancy,4247,0,0,0,0,GSE289435,GSM8791436_MLL_17844
VCAN,malignant,malignancy,4247,709,0.306917440201814,1331,16.6941,GSE289435,GSM8791436_MLL_17844
ELN,malignant,malignancy,4247,1,0.000419646791572207,1,0.0235,GSE289435,GSM8791436_MLL_17844
FBN1,malignant,malignancy,4247,8,0.00295217888631778,8,0.1884,GSE289435,GSM8791436_MLL_17844
MGP,malignant,malignancy,4247,0,0,0,0,GSE289435,GSM8791436_MLL_17844
OGN,malignant,malignancy,4247,9,0.00333980542344742,9,0.2119,GSE289435,GSM8791436_MLL_17844
ASPN,malignant,malignancy,4247,1,0.000276957252342511,1,0.0235,GSE289435,GSM8791436_MLL_17844
TNC,malignant,malignancy,4247,0,0,0,0,GSE289435,GSM8791436_MLL_17844
LTBP1,malignant,malignancy,4247,4,0.00129525732258504,4,0.0942,GSE289435,GSM8791436_MLL_17844
LTBP2,malignant,malignancy,4247,0,0,0,0,GSE289435,GSM8791436_MLL_17844
LOX,malignant,malignancy,4247,1,0.000270207938748249,1,0.0235,GSE289435,GSM8791436_MLL_17844
LOXL1,malignant,malignancy,4247,11,0.00386186954280516,12,0.259,GSE289435,GSM8791436_MLL_17844
LOXL2,malignant,malignancy,4247,5,0.00169215074028676,5,0.1177,GSE289435,GSM8791436_MLL_17844
PLOD1,malignant,malignancy,4247,209,0.0685746213934299,217,4.9211,GSE289435,GSM8791436_MLL_17844
PLOD2,malignant,malignancy,4247,1,0.000365954592532685,1,0.0235,GSE289435,GSM8791436_MLL_17844
SERPINH1,malignant,malignancy,4247,257,0.0901104261914448,299,6.0513,GSE289435,GSM8791436_MLL_17844
SERPINE1,malignant,malignancy,4247,178,0.0722670950250968,281,4.1912,GSE289435,GSM8791436_MLL_17844
TIMP1,malignant,malignancy,4247,1677,0.748275983033462,3877,39.4867,GSE289435,GSM8791436_MLL_17844
TIMP2,malignant,malignancy,4247,296,0.101522833243711,318,6.9696,GSE289435,GSM8791436_MLL_17844
TIMP3,malignant,malignancy,4247,89,0.0407657075193182,208,2.0956,GSE289435,GSM8791436_MLL_17844
MMP2,malignant,malignancy,4247,2,0.000658008021293002,2,0.0471,GSE289435,GSM8791436_MLL_17844
MMP9,malignant,malignancy,4247,103,0.0338663206775824,126,2.4252,GSE289435,GSM8791436_MLL_17844
MMP14,malignant,malignancy,4247,122,0.0395329730914951,124,2.8726,GSE289435,GSM8791436_MLL_17844
CTSK,malignant,malignancy,4247,18,0.0063671979624949,19,0.4238,GSE289435,GSM8791436_MLL_17844
ADAMTS1,malignant,malignancy,4247,7,0.00267585203231621,10,0.1648,GSE289435,GSM8791436_MLL_17844
TGFB1,malignant,malignancy,4247,764,0.275837575988732,945,17.9892,GSE289435,GSM8791436_MLL_17844
TGFB2,malignant,malignancy,4247,21,0.00764841194676473,22,0.4945,GSE289435,GSM8791436_MLL_17844
TGFB3,malignant,malignancy,4247,7,0.0027938516233429,7,0.1648,GSE289435,GSM8791436_MLL_17844
TGFBR1,malignant,malignancy,4247,133,0.0449994823926028,134,3.1316,GSE289435,GSM8791436_MLL_17844
TGFBR2,malignant,malignancy,4247,639,0.240363453336252,784,15.0459,GSE289435,GSM8791436_MLL_17844
PDGFA,malignant,malignancy,4247,7,0.00235012939445168,7,0.1648,GSE289435,GSM8791436_MLL_17844
PDGFB,malignant,malignancy,4247,2,0.000680371734996159,2,0.0471,GSE289435,GSM8791436_MLL_17844
PDGFRA,malignant,malignancy,4247,3,0.000845861546368501,3,0.0706,GSE289435,GSM8791436_MLL_17844
PDGFRB,malignant,malignancy,4247,27,0.00950260913175533,27,0.6357,GSE289435,GSM8791436_MLL_17844
CCN2,malignant,malignancy,4247,83,0.0300507106303717,98,1.9543,GSE289435,GSM8791436_MLL_17844
CCN1,malignant,malignancy,4247,28,0.00955672543731414,29,0.6593,GSE289435,GSM8791436_MLL_17844
IGF1,malignant,malignancy,4247,2,0.000475052989939348,2,0.0471,GSE289435,GSM8791436_MLL_17844
IGF2,malignant,malignancy,4247,0,0,0,0,GSE289435,GSM8791436_MLL_17844
VEGFA,malignant,malignancy,4247,395,0.148919925013245,483,9.3007,GSE289435,GSM8791436_MLL_17844
FGF2,malignant,malignancy,4247,3,0.00104956987946557,3,0.0706,GSE289435,GSM8791436_MLL_17844
HGF,malignant,malignancy,4247,219,0.0827496550650459,250,5.1566,GSE289435,GSM8791436_MLL_17844
OSM,malignant,malignancy,4247,99,0.0360950629459463,119,2.3311,GSE289435,GSM8791436_MLL_17844
OSMR,malignant,malignancy,4247,0,0,0,0,GSE289435,GSM8791436_MLL_17844
IL11,malignant,malignancy,4247,0,0,0,0,GSE289435,GSM8791436_MLL_17844
SPP1,malignant,malignancy,4247,5,0.00155455046386072,5,0.1177,GSE289435,GSM8791436_MLL_17844
IL1B,malignant,malignancy,4247,296,0.122881182811235,498,6.9696,GSE289435,GSM8791436_MLL_17844
IL6,malignant,malignancy,4247,11,0.00387453809476466,13,0.259,GSE289435,GSM8791436_MLL_17844
TNF,malignant,malignancy,4247,1612,0.766531645325756,3704,37.9562,GSE289435,GSM8791436_MLL_17844
CXCL8,malignant,malignancy,4247,1185,0.515642803794751,2025,27.902,GSE289435,GSM8791436_MLL_17844
IL10,malignant,malignancy,4247,9,0.00324268226307686,9,0.2119,GSE289435,GSM8791436_MLL_17844
IFNG,malignant,malignancy,4247,0,0,0,0,GSE289435,GSM8791436_MLL_17844
CCL2,malignant,malignancy,4247,27,0.00868808299556849,32,0.6357,GSE289435,GSM8791436_MLL_17844
CCL3,malignant,malignancy,4247,901,0.402191480608177,1811,21.215,GSE289435,GSM8791436_MLL_17844
CCL4,malignant,malignancy,4247,171,0.0746386542180243,344,4.0264,GSE289435,GSM8791436_MLL_17844
CXCL1,malignant,malignancy,4247,6,0.00263435070793785,10,0.1413,GSE289435,GSM8791436_MLL_17844
CXCL2,malignant,malignancy,4247,224,0.0927182893003483,340,5.2743,GSE289435,GSM8791436_MLL_17844
IL18,malignant,malignancy,4247,443,0.159077860660954,509,10.4309,GSE289435,GSM8791436_MLL_17844
NLRP3,malignant,malignancy,4247,702,0.265006158739097,851,16.5293,GSE289435,GSM8791436_MLL_17844
S100A8,malignant,malignancy,4247,1030,0.54531489597751,15543,24.2524,GSE289435,GSM8791436_MLL_17844
S100A9,malignant,malignancy,4247,486,0.268593948879605,5697,11.4434,GSE289435,GSM8791436_MLL_17844
PF4,malignant,malignancy,4247,0,0,0,0,GSE289435,GSM8791436_MLL_17844
PPBP,malignant,malignancy,4247,1,0.000413749978550667,1,0.0235,GSE289435,GSM8791436_MLL_17844
VWF,malignant,malignancy,4247,12,0.00437894788324678,12,0.2826,GSE289435,GSM8791436_MLL_17844
ITGA2B,malignant,malignancy,4247,35,0.0118767735569866,35,0.8241,GSE289435,GSM8791436_MLL_17844
GP9,malignant,malignancy,4247,2,0.00063832849635971,2,0.0471,GSE289435,GSM8791436_MLL_17844
NFE2,malignant,malignancy,4247,103,0.0344254433637789,108,2.4252,GSE289435,GSM8791436_MLL_17844
GATA1,malignant,malignancy,4247,6,0.00291835338923728,6,0.1413,GSE289435,GSM8791436_MLL_17844
MPL,malignant,malignancy,4247,0,0,0,0,GSE289435,GSM8791436_MLL_17844
CALR,malignant,malignancy,4247,1810,0.772166916891623,3163,42.6183,GSE289435,GSM8791436_MLL_17844
JAK2,malignant,malignancy,4247,1133,0.454768400081296,1561,26.6777,GSE289435,GSM8791436_MLL_17844
LEPR,malignant,malignancy,4247,24,0.00845139721871542,24,0.5651,GSE289435,GSM8791436_MLL_17844
CXCL12,malignant,malignancy,4247,0,0,0,0,GSE289435,GSM8791436_MLL_17844
KITLG,malignant,malignancy,4247,14,0.00455983511509925,14,0.3296,GSE289435,GSM8791436_MLL_17844
ANGPT1,malignant,malignancy,4247,0,0,0,0,GSE289435,GSM8791436_MLL_17844
VCAM1,malignant,malignancy,4247,3,0.00106777142008132,3,0.0706,GSE289435,GSM8791436_MLL_17844
NES,malignant,malignancy,4247,23,0.00846395926036868,31,0.5416,GSE289435,GSM8791436_MLL_17844
NGFR,malignant,malignancy,4247,43,0.0153257097941386,44,1.0125,GSE289435,GSM8791436_MLL_17844
SFRP2,malignant,malignancy,4247,3,0.00122803427570203,3,0.0706,GSE289435,GSM8791436_MLL_17844
SFRP4,malignant,malignancy,4247,4,0.00110866304835324,4,0.0942,GSE289435,GSM8791436_MLL_17844
GREM1,malignant,malignancy,4247,1,0.000374501978466819,1,0.0235,GSE289435,GSM8791436_MLL_17844
FAP,malignant,malignancy,4247,2,0.000861622094521072,2,0.0471,GSE289435,GSM8791436_MLL_17844
BGLAP,malignant,malignancy,4247,24,0.00810139436720927,29,0.5651,GSE289435,GSM8791436_MLL_17844
RUNX2,malignant,malignancy,4247,1508,0.609002627917868,2201,35.5074,GSE289435,GSM8791436_MLL_17844
SP7,malignant,malignancy,4247,1,0.000419356620388718,1,0.0235,GSE289435,GSM8791436_MLL_17844
ACTA2,malignant,malignancy,4247,2,0.000530554860728164,2,0.0471,GSE289435,GSM8791436_MLL_17844
TAGLN,malignant,malignancy,4247,427,0.160845165539793,465,10.0542,GSE289435,GSM8791436_MLL_17844
RGS5,malignant,malignancy,4247,4,0.0013670685704901,4,0.0942,GSE289435,GSM8791436_MLL_17844
MYH11,malignant,malignancy,4247,6,0.00217750469436462,6,0.1413,GSE289435,GSM8791436_MLL_17844
CDH5,malignant,malignancy,4247,0,0,0,0,GSE289435,GSM8791436_MLL_17844
PECAM1,malignant,malignancy,4247,917,0.335563269984452,1128,21.5917,GSE289435,GSM8791436_MLL_17844
EMCN,malignant,malignancy,4247,0,0,0,0,GSE289435,GSM8791436_MLL_17844
HIF1A,malignant,malignancy,4247,1319,0.563057150351982,2011,31.0572,GSE289435,GSM8791436_MLL_17844
EPAS1,malignant,malignancy,4247,16,0.00513962770041711,17,0.3767,GSE289435,GSM8791436_MLL_17844
CA9,malignant,malignancy,4247,5,0.00155206469046833,5,0.1177,GSE289435,GSM8791436_MLL_17844
LDHA,malignant,malignancy,4247,1769,0.749037912433975,2987,41.6529,GSE289435,GSM8791436_MLL_17844
SLC2A1,malignant,malignancy,4247,184,0.0648624319589595,199,4.3325,GSE289435,GSM8791436_MLL_17844
PGK1,malignant,malignancy,4247,1601,0.6460972677158,2447,37.6972,GSE289435,GSM8791436_MLL_17844
ADM,malignant,malignancy,4247,335,0.134867792820783,483,7.8879,GSE289435,GSM8791436_MLL_17844
BNIP3,malignant,malignancy,4247,134,0.0419032642815476,144,3.1552,GSE289435,GSM8791436_MLL_17844
NDRG1,malignant,malignancy,4247,1605,0.727637864532574,2859,37.7914,GSE289435,GSM8791436_MLL_17844
SNAI1,malignant,malignancy,4247,397,0.144714178806575,463,9.3478,GSE289435,GSM8791436_MLL_17844
SNAI2,malignant,malignancy,4247,0,0,0,0,GSE289435,GSM8791436_MLL_17844
TWIST1,malignant,malignancy,4247,1,0.00036124691028323,1,0.0235,GSE289435,GSM8791436_MLL_17844
ZEB1,malignant,malignancy,4247,5,0.00189051540124897,5,0.1177,GSE289435,GSM8791436_MLL_17844
ZEB2,malignant,malignancy,4247,3318,1.86922896371553,10375,78.1257,GSE289435,GSM8791436_MLL_17844
VIM,malignant,malignancy,4247,4182,3.25480229178366,41209,98.4695,GSE289435,GSM8791436_MLL_17844
CDH2,malignant,malignancy,4247,1,0.000371026109972008,1,0.0235,GSE289435,GSM8791436_MLL_17844
NECTIN4,malignant,malignancy,4247,42,0.0134064146844174,46,0.9889,GSE289435,GSM8791436_MLL_17844
NECTIN1,malignant,malignancy,4247,139,0.0492478240429714,143,3.2729,GSE289435,GSM8791436_MLL_17844
NECTIN2,malignant,malignancy,4247,460,0.157604302635896,510,10.8312,GSE289435,GSM8791436_MLL_17844
NECTIN3,malignant,malignancy,4247,0,0,0,0,GSE289435,GSM8791436_MLL_17844
PVR,malignant,malignancy,4247,82,0.0308612450149992,88,1.9308,GSE289435,GSM8791436_MLL_17844
TIGIT,malignant,malignancy,4247,5,0.00181745146239463,5,0.1177,GSE289435,GSM8791436_MLL_17844
CD226,malignant,malignancy,4247,26,0.00916719589649963,28,0.6122,GSE289435,GSM8791436_MLL_17844
CD96,malignant,malignancy,4247,0,0,0,0,GSE289435,GSM8791436_MLL_17844
C1QA,malignant,malignancy,4247,102,0.0405634327253829,298,2.4017,GSE289435,GSM8791436_MLL_17844
C1QB,malignant,malignancy,4247,99,0.0409008132145762,268,2.3311,GSE289435,GSM8791436_MLL_17844
C1QC,malignant,malignancy,4247,37,0.016614053201086,129,0.8712,GSE289435,GSM8791436_MLL_17844
CD163,malignant,malignancy,4247,117,0.0400803371018163,140,2.7549,GSE289435,GSM8791436_MLL_17844
MRC1,malignant,malignancy,4247,1,0.00031745609324544,1,0.0235,GSE289435,GSM8791436_MLL_17844
VSIG4,malignant,malignancy,4247,4,0.00101703291932391,5,0.0942,GSE289435,GSM8791436_MLL_17844
SELENOP,malignant,malignancy,4247,0,0,0,0,GSE289435,GSM8791436_MLL_17844
STAB1,malignant,malignancy,4247,5,0.00182187395676211,6,0.1177,GSE289435,GSM8791436_MLL_17844
LYVE1,malignant,malignancy,4247,0,0,0,0,GSE289435,GSM8791436_MLL_17844
MAF,malignant,malignancy,4247,82,0.0298331375004838,90,1.9308,GSE289435,GSM8791436_MLL_17844
FCN1,malignant,malignancy,4247,441,0.208463268948822,1230,10.3838,GSE289435,GSM8791436_MLL_17844
S100A12,malignant,malignancy,4247,191,0.105894298458292,1325,4.4973,GSE289435,GSM8791436_MLL_17844
SELL,malignant,malignancy,4247,269,0.0986230826493426,346,6.3339,GSE289435,GSM8791436_MLL_17844
CSF3R,malignant,malignancy,4247,2411,1.11942566929351,4678,56.7695,GSE289435,GSM8791436_MLL_17844
PLAC8,malignant,malignancy,4247,1494,0.60107970604403,2077,35.1778,GSE289435,GSM8791436_MLL_17844
CTGF,all,sample,13050,,,,,GSE289435,GSM8791436_MLL_17844
CYR61,all,sample,13050,,,,,GSE289435,GSM8791436_MLL_17844
IL8,all,sample,13050,,,,,GSE289435,GSM8791436_MLL_17844
CXCL4,all,sample,13050,,,,,GSE289435,GSM8791436_MLL_17844
CXCL7,all,sample,13050,,,,,GSE289435,GSM8791436_MLL_17844
CD41,all,sample,13050,,,,,GSE289435,GSM8791436_MLL_17844
SCF,all,sample,13050,,,,,GSE289435,GSM8791436_MLL_17844
CD271,all,sample,13050,,,,,GSE289435,GSM8791436_MLL_17844
OSX,all,sample,13050,,,,,GSE289435,GSM8791436_MLL_17844
CD31,all,sample,13050,,,,,GSE289435,GSM8791436_MLL_17844
HIF2A,all,sample,13050,,,,,GSE289435,GSM8791436_MLL_17844
GLUT1,all,sample,13050,,,,,GSE289435,GSM8791436_MLL_17844
PVRL4,all,sample,13050,,,,,GSE289435,GSM8791436_MLL_17844
PVRL1,all,sample,13050,,,,,GSE289435,GSM8791436_MLL_17844
PVRL2,all,sample,13050,,,,,GSE289435,GSM8791436_MLL_17844
PVRL3,all,sample,13050,,,,,GSE289435,GSM8791436_MLL_17844
CD155,all,sample,13050,,,,,GSE289435,GSM8791436_MLL_17844
DNAM1,all,sample,13050,,,,,GSE289435,GSM8791436_MLL_17844
CD206,all,sample,13050,,,,,GSE289435,GSM8791436_MLL_17844
SEPP1,all,sample,13050,,,,,GSE289435,GSM8791436_MLL_17844
CD62L,all,sample,13050,,,,,GSE289435,GSM8791436_MLL_17844
