gene,stratum,level,n_samples,median_pct_nonzero,p90_pct_nonzero,frac_samples_gt1pct,mean_lognorm,category
VIM,B_Plasma,bin,132,70.8207,93.5484,1,1.56147469873944,emt
CALR,B_Plasma,bin,132,52.74075,83.25356,1,0.876348479957474,megakaryocyte_fibrosis_axis
HIF1A,B_Plasma,bin,132,33.4098,62.24206,0.984848484848485,0.553301787091385,hypoxia
PLAC8,B_Plasma,bin,132,33.3333,54.5455,1,0.502614301481058,monocyte_marker
PGK1,B_Plasma,bin,132,31.4003,63.7148,1,0.455887408976777,hypoxia
LDHA,B_Plasma,bin,132,30.09435,65.1817,1,0.47886320598191,hypoxia
ZEB2,B_Plasma,bin,132,26.73165,57.88942,0.992424242424242,0.503869615706242,emt
TGFB1,B_Plasma,bin,132,24.88165,60.88285,0.977272727272727,0.367538840104419,profibrotic_cytokine_gf
SELL,B_Plasma,bin,132,18.05935,55.12601,0.992424242424242,0.402907162630631,monocyte_marker
TGFBR2,B_Plasma,bin,132,17.68025,35.70451,0.977272727272727,0.262662031822622,profibrotic_cytokine_gf
ZEB1,B_Plasma,bin,132,13.37005,54.6519200000001,0.984848484848485,0.255939049407148,emt
TIMP1,B_Plasma,bin,132,9.2229,40.6601,0.946969696969697,0.177867605897846,ecm_remodeling
PECAM1,B_Plasma,bin,132,8.5152,54.25788,0.977272727272727,0.185163645940671,msc_niche
S100A9,B_Plasma,bin,132,8.5132,49.94949,0.803030303030303,0.300156906301409,inflammatory_cytokine
SLC2A1,B_Plasma,bin,132,7.6597,15.7202,0.924242424242424,0.0924755256731052,hypoxia
S100A8,B_Plasma,bin,132,6.39055,31.478,0.795454545454545,0.207785309723452,inflammatory_cytokine
NDRG1,B_Plasma,bin,132,5.6431,30.10276,0.946969696969697,0.11001568670971,hypoxia
JAK2,B_Plasma,bin,132,5.46745,16.1893,0.924242424242424,0.0764794511612723,megakaryocyte_fibrosis_axis
TGFBR1,B_Plasma,bin,132,5.02335,26.52793,0.871212121212121,0.0894832989667185,profibrotic_cytokine_gf
TIMP2,B_Plasma,bin,132,4.89985,36.61114,0.848484848484848,0.110997510351689,ecm_remodeling
CD96,B_Plasma,bin,132,4.13815,14.75922,0.848484848484848,0.0854293003536811,nectin_target
BNIP3,B_Plasma,bin,132,3.9715,18.76195,0.901515151515152,0.0582910191222484,hypoxia
CXCL8,B_Plasma,bin,132,2.78365,21.11356,0.689393939393939,0.119269414758517,inflammatory_cytokine
CSF3R,B_Plasma,bin,132,2.515,9.48051,0.689393939393939,0.0488168748572705,monocyte_marker
CCL3,B_Plasma,bin,132,2.45525,9.04497,0.727272727272727,0.0664919281791535,inflammatory_cytokine
TAGLN,B_Plasma,bin,132,2.3374,8.08676,0.75,0.0347816757797304,msc_niche
SEPP1,B_Plasma,bin,28,2.1248,8.6957,0.642857142857143,0.041251789730084,macrophage_marker
RUNX2,B_Plasma,bin,132,1.9377,14.50881,0.666666666666667,0.0432962389130274,msc_niche
TNF,B_Plasma,bin,132,1.68285,10.21941,0.643939393939394,0.050058185888111,inflammatory_cytokine
VCAN,B_Plasma,bin,132,1.6808,7.70465,0.613636363636364,0.0423250657069907,monocyte_marker
MYH11,B_Plasma,bin,132,1.52125,5.76213,0.553030303030303,0.0224035585372135,msc_niche
IGF1,B_Plasma,bin,132,1.47875,29.25535,0.53030303030303,0.0780393751374141,profibrotic_cytokine_gf
IL18,B_Plasma,bin,132,1.44175,9.99364,0.590909090909091,0.0334774461553914,inflammatory_cytokine
VEGFA,B_Plasma,bin,132,1.3869,11.07842,0.568181818181818,0.0289303750922755,profibrotic_cytokine_gf
FCN1,B_Plasma,bin,132,1.32505,7.4141,0.537878787878788,0.0374156172739675,monocyte_marker
CCL4,B_Plasma,bin,132,1.18885,7.66906,0.53030303030303,0.0476319116489825,inflammatory_cytokine
IL6,B_Plasma,bin,132,0.99525,6.43802,0.5,0.0324258354264275,inflammatory_cytokine
CTGF,B_Plasma,bin,67,0.9474,7.99828,0.492537313432836,0.0234978543582494,profibrotic_cytokine_gf
ADM,B_Plasma,bin,132,0.9176,9.11313,0.477272727272727,0.0303280542989403,hypoxia
PLOD1,B_Plasma,bin,132,0.85855,7.22152,0.477272727272727,0.0155614227338428,ecm_remodeling
IL1B,B_Plasma,bin,132,0.82455,8.11107,0.477272727272727,0.039066857504236,inflammatory_cytokine
NLRP3,B_Plasma,bin,132,0.7943,4.10305,0.416666666666667,0.0145006546013997,inflammatory_cytokine
S100A12,B_Plasma,bin,132,0.77565,5.12384,0.446969696969697,0.0277561463832286,monocyte_marker
TIGIT,B_Plasma,bin,132,0.71085,3.94712,0.371212121212121,0.0143124981592086,nectin_target
HGF,B_Plasma,bin,132,0.59775,6.05006000000001,0.409090909090909,0.0221447615016658,profibrotic_cytokine_gf
CXCL2,B_Plasma,bin,132,0.55815,4.38046,0.333333333333333,0.0159300708367807,inflammatory_cytokine
ACTA2,B_Plasma,bin,132,0.51545,3.11464,0.333333333333333,0.0114561992207698,msc_niche
NECTIN1,B_Plasma,bin,113,0.5025,4.9261,0.389380530973451,0.0165754795958678,nectin_target
NECTIN2,B_Plasma,bin,113,0.4878,7.27938,0.36283185840708,0.0218026049626565,nectin_target
SPARC,B_Plasma,bin,132,0.4792,8.70831,0.401515151515151,0.0199283847108981,collagen_ecm_structural
SELENOP,B_Plasma,bin,113,0.4756,10.83958,0.353982300884956,0.0259189144639437,macrophage_marker
CD226,B_Plasma,bin,132,0.46395,4.12508,0.310606060606061,0.0106269581393655,nectin_target
COL1A1,B_Plasma,bin,132,0.4444,6.89187,0.378787878787879,0.0165587938423427,collagen_ecm_structural
OSM,B_Plasma,bin,132,0.4163,2.9412,0.325757575757576,0.0105448334583444,profibrotic_cytokine_gf
PDGFA,B_Plasma,bin,132,0.41425,7.98938,0.371212121212121,0.0288553349257694,profibrotic_cytokine_gf
MAF,B_Plasma,bin,132,0.38455,2.08276,0.295454545454545,0.00977058230198641,macrophage_marker
NFE2,B_Plasma,bin,132,0.3755,2.77399,0.340909090909091,0.0141352280715346,megakaryocyte_fibrosis_axis
CTSK,B_Plasma,bin,132,0.33465,1.79534,0.227272727272727,0.00751737463172486,ecm_remodeling
PVRL1,B_Plasma,bin,28,0.29645,2.32789,0.25,0.0057746627876009,nectin_target
ANGPT1,B_Plasma,bin,132,0.2721,3.36144,0.333333333333333,0.0160987135975653,msc_niche
STAB1,B_Plasma,bin,132,0.2232,2.96082,0.21969696969697,0.0106205682010842,macrophage_marker
TGFB3,B_Plasma,bin,132,0.2177,3.28257,0.25,0.00773692950409709,profibrotic_cytokine_gf
CCN2,B_Plasma,bin,65,0.2114,2.11304,0.230769230769231,0.0166279866167813,profibrotic_cytokine_gf
SNAI1,B_Plasma,bin,132,0.203,3.53723,0.310606060606061,0.00957105969226266,emt
BGLAP,B_Plasma,bin,132,0.17705,1.6293,0.166666666666667,0.00578319056319086,msc_niche
COL5A1,B_Plasma,bin,132,0.13655,14.4375,0.295454545454545,0.0348572194516915,collagen_ecm_structural
LTBP1,B_Plasma,bin,132,0.11965,6.11375000000001,0.295454545454545,0.0177185005799447,collagen_ecm_structural
LEPR,B_Plasma,bin,132,0.11365,4.65332,0.25,0.00889210269416115,msc_niche
FN1,B_Plasma,bin,132,0.10225,2.25605,0.196969696969697,0.00742224372822166,collagen_ecm_structural
SERPINH1,B_Plasma,bin,132,0.08775,2.06327,0.204545454545455,0.00761515360468518,ecm_remodeling
ITGA2B,B_Plasma,bin,132,0.0801,1.74141,0.196969696969697,0.0121602663409671,megakaryocyte_fibrosis_axis
COL1A2,B_Plasma,bin,132,0,2.29661,0.121212121212121,0.00633157939055168,collagen_ecm_structural
COL3A1,B_Plasma,bin,132,0,0.63408,0.0757575757575758,0.00239936367763896,collagen_ecm_structural
COL4A1,B_Plasma,bin,132,0,0.1832,0.0454545454545455,0.000546410946573223,collagen_ecm_structural
COL5A2,B_Plasma,bin,132,0,1.42509,0.106060606060606,0.00276589683422268,collagen_ecm_structural
COL6A1,B_Plasma,bin,132,0,4.43472,0.265151515151515,0.00743359436737607,collagen_ecm_structural
COL6A2,B_Plasma,bin,132,0,3.8762,0.227272727272727,0.00795609678726256,collagen_ecm_structural
COL6A3,B_Plasma,bin,132,0,5.99179000000001,0.272727272727273,0.0233916759021732,collagen_ecm_structural
COL11A1,B_Plasma,bin,132,0,0.11268,0.0151515151515152,0.000687864572470085,collagen_ecm_structural
LUM,B_Plasma,bin,132,0,0.892250000000001,0.0909090909090909,0.00295510947726004,collagen_ecm_structural
DCN,B_Plasma,bin,132,0,1.12514,0.136363636363636,0.00443371955470027,collagen_ecm_structural
POSTN,B_Plasma,bin,132,0,0,0.0151515151515152,0.000261393873067527,collagen_ecm_structural
BGN,B_Plasma,bin,132,0,0.492280000000001,0.0681818181818182,0.00119525769984577,collagen_ecm_structural
ELN,B_Plasma,bin,132,0,0.14949,0,0.000451038745832391,collagen_ecm_structural
FBN1,B_Plasma,bin,132,0,3.50541,0.242424242424242,0.00637181182789737,collagen_ecm_structural
MGP,B_Plasma,bin,132,0,2.21099,0.166666666666667,0.00854307199955572,collagen_ecm_structural
OGN,B_Plasma,bin,132,0,2.77980000000001,0.151515151515152,0.00366490273739889,collagen_ecm_structural
ASPN,B_Plasma,bin,132,0,1.58441,0.121212121212121,0.00266725789371934,collagen_ecm_structural
TNC,B_Plasma,bin,132,0,1.18832,0.113636363636364,0.00224595067209314,collagen_ecm_structural
LTBP2,B_Plasma,bin,132,0,1.44136,0.128787878787879,0.00260006155402845,collagen_ecm_structural
LOX,B_Plasma,bin,132,0,0.56877,0.0606060606060606,0.00154643228850724,ecm_remodeling
LOXL1,B_Plasma,bin,132,0,0.65679,0.0606060606060606,0.00181710575666164,ecm_remodeling
LOXL2,B_Plasma,bin,132,0,2.0053,0.166666666666667,0.00415116221977873,ecm_remodeling
PLOD2,B_Plasma,bin,132,0,1.64215,0.181818181818182,0.00314455523672309,ecm_remodeling
SERPINE1,B_Plasma,bin,132,0,2.42596,0.204545454545455,0.00924942890190434,ecm_remodeling
TIMP3,B_Plasma,bin,132,0,3.29024,0.25,0.00817436401094969,ecm_remodeling
MMP2,B_Plasma,bin,132,0,1.07404,0.106060606060606,0.00278058692626823,ecm_remodeling
MMP9,B_Plasma,bin,132,0,1.28122,0.136363636363636,0.00401560148988686,ecm_remodeling
MMP14,B_Plasma,bin,132,0,0.795560000000001,0.0757575757575758,0.00226088130628614,ecm_remodeling
ADAMTS1,B_Plasma,bin,132,0,1.30135,0.113636363636364,0.00209393986527045,ecm_remodeling
TGFB2,B_Plasma,bin,132,0,1.3158,0.181818181818182,0.00475867846472773,profibrotic_cytokine_gf
PDGFB,B_Plasma,bin,132,0,0.16034,0.0151515151515152,0.000353826567219757,profibrotic_cytokine_gf
PDGFRA,B_Plasma,bin,132,0,0.33771,0.0681818181818182,0.00116277240072557,profibrotic_cytokine_gf
PDGFRB,B_Plasma,bin,132,0,1.61251,0.143939393939394,0.00330147484478871,profibrotic_cytokine_gf
IGF2,B_Plasma,bin,132,0,1.29596,0.121212121212121,0.00742523725112853,profibrotic_cytokine_gf
FGF2,B_Plasma,bin,132,0,2.90507,0.242424242424242,0.00724983555387936,profibrotic_cytokine_gf
OSMR,B_Plasma,bin,132,0,1.05159,0.106060606060606,0.00185419578639388,profibrotic_cytokine_gf
IL11,B_Plasma,bin,132,0,0.25589,0.0757575757575758,0.00375170846990714,profibrotic_cytokine_gf
SPP1,B_Plasma,bin,132,0,2.35435,0.136363636363636,0.00523397150987307,profibrotic_cytokine_gf
IL10,B_Plasma,bin,132,0,0.80219,0.0833333333333333,0.00350048143858826,inflammatory_cytokine
IFNG,B_Plasma,bin,132,0,1.10046,0.106060606060606,0.00263591087515339,inflammatory_cytokine
CCL2,B_Plasma,bin,132,0,2.09324,0.181818181818182,0.00846072757380144,inflammatory_cytokine
CXCL1,B_Plasma,bin,132,0,0.561300000000001,0.0303030303030303,0.0018432862702983,inflammatory_cytokine
PF4,B_Plasma,bin,132,0,1.36449,0.136363636363636,0.00804694719852934,megakaryocyte_fibrosis_axis
PPBP,B_Plasma,bin,132,0,2.00919,0.204545454545455,0.0155242150046896,megakaryocyte_fibrosis_axis
VWF,B_Plasma,bin,132,0,0.9019,0.0909090909090909,0.00164198955502558,megakaryocyte_fibrosis_axis
GP9,B_Plasma,bin,132,0,1.34189,0.136363636363636,0.00296008090946426,megakaryocyte_fibrosis_axis
GATA1,B_Plasma,bin,132,0,1.08546,0.113636363636364,0.00495247991285164,megakaryocyte_fibrosis_axis
MPL,B_Plasma,bin,132,0,0.24062,0.0757575757575758,0.00433978501155914,megakaryocyte_fibrosis_axis
CXCL12,B_Plasma,bin,132,0,6.52525000000001,0.181818181818182,0.0161320923088212,msc_niche
KITLG,B_Plasma,bin,132,0,0.53216,0.053030303030303,0.00148849930990145,msc_niche
VCAM1,B_Plasma,bin,132,0,1.10162,0.121212121212121,0.00250212266182714,msc_niche
NES,B_Plasma,bin,132,0,0.47508,0.0303030303030303,0.00108914187014581,msc_niche
NGFR,B_Plasma,bin,132,0,0.772250000000001,0.0909090909090909,0.00281677551342667,msc_niche
SFRP2,B_Plasma,bin,132,0,0,0.0151515151515152,0.000224996921111653,msc_niche
SFRP4,B_Plasma,bin,132,0,0.4102,0.0833333333333333,0.00154494340912044,msc_niche
GREM1,B_Plasma,bin,132,0,1.64844,0.128787878787879,0.00674959839109543,msc_niche
FAP,B_Plasma,bin,132,0,0.577660000000001,0.0681818181818182,0.00104318912845141,msc_niche
SP7,B_Plasma,bin,132,0,0.22511,0.0227272727272727,0.00100093366990335,msc_niche
RGS5,B_Plasma,bin,132,0,2.55536,0.174242424242424,0.00537534602398578,msc_niche
CDH5,B_Plasma,bin,132,0,0.15151,0.00757575757575758,0.000283125290307972,msc_niche
EMCN,B_Plasma,bin,132,0,0.56901,0.0833333333333333,0.0018079098914548,msc_niche
EPAS1,B_Plasma,bin,132,0,7.10429,0.257575757575758,0.0130743591551111,hypoxia
CA9,B_Plasma,bin,132,0,0.11899,0.00757575757575758,0.00020396993098166,hypoxia
SNAI2,B_Plasma,bin,132,0,0.175,0.00757575757575758,0.000270312458193687,emt
TWIST1,B_Plasma,bin,132,0,0.26303,0.0227272727272727,0.000669013485702844,emt
CDH2,B_Plasma,bin,132,0,3.793,0.21969696969697,0.0114092366715651,emt
PVR,B_Plasma,bin,132,0,1.3005,0.113636363636364,0.00403022114166149,nectin_target
C1QA,B_Plasma,bin,132,0,0.81838,0.0909090909090909,0.00379393913413505,macrophage_marker
C1QB,B_Plasma,bin,132,0,0.59067,0.0606060606060606,0.0021995259466862,macrophage_marker
C1QC,B_Plasma,bin,132,0,0.2915,0.0454545454545455,0.00165923613004069,macrophage_marker
CD163,B_Plasma,bin,132,0,0.57861,0.053030303030303,0.00329336815760386,macrophage_marker
MRC1,B_Plasma,bin,132,0,1.07561,0.113636363636364,0.00288267896987807,macrophage_marker
VSIG4,B_Plasma,bin,132,0,0.15805,0.0227272727272727,0.000957692045874142,macrophage_marker
LYVE1,B_Plasma,bin,132,0,0.24047,0.0303030303030303,0.000463349275687967,macrophage_marker
CYR61,B_Plasma,bin,67,0,1.04308,0.104477611940299,0.00193897273964327,profibrotic_cytokine_gf
PVRL4,B_Plasma,bin,28,0,0,0,2.11994814306432e-05,nectin_target
PVRL2,B_Plasma,bin,28,0,1.74083,0.25,0.00711562279760695,nectin_target
PVRL3,B_Plasma,bin,28,0,0.53596,0.0714285714285714,0.00285547417565226,nectin_target
NECTIN4,B_Plasma,bin,113,0,0.07372,0.0265486725663717,0.000683951988623767,nectin_target
NECTIN3,B_Plasma,bin,113,0,2.65396,0.20353982300885,0.00535765184605168,nectin_target
CCN1,B_Plasma,bin,65,0,0,0.0615384615384615,0.00132125778831665,profibrotic_cytokine_gf
VIM,Erythroid,bin,139,90.3226,98.97908,1,2.16912464020769,emt
CALR,Erythroid,bin,139,80.814,96.77536,1,1.25574307796966,megakaryocyte_fibrosis_axis
ZEB2,Erythroid,bin,139,70.1493,91.85526,1,0.99283196560342,emt
LDHA,Erythroid,bin,139,68.0251,90.6356,1,0.87180575877147,hypoxia
PGK1,Erythroid,bin,139,64.0103,91.29814,1,0.773942485955429,hypoxia
TGFB1,Erythroid,bin,139,51.6854,80.07476,1,0.548620309660425,profibrotic_cytokine_gf
TIMP1,Erythroid,bin,139,50.9434,75.58724,0.985611510791367,0.550974384469328,ecm_remodeling
HIF1A,Erythroid,bin,139,44.0874,76.5611,1,0.512394716865614,hypoxia
PLAC8,Erythroid,bin,139,39.1304,74.51506,1,0.487889627574087,monocyte_marker
IL18,Erythroid,bin,139,35.8944,67.88568,0.964028776978417,0.343643283575057,inflammatory_cytokine
NFE2,Erythroid,bin,139,34.6154,77.50004,0.964028776978417,0.398865043604936,megakaryocyte_fibrosis_axis
ANGPT1,Erythroid,bin,139,30.4348,65.64388,0.964028776978417,0.40371292134355,msc_niche
IL1B,Erythroid,bin,139,27.2727,64.53158,0.97841726618705,0.347163730291673,inflammatory_cytokine
CXCL8,Erythroid,bin,139,23.5546,66.55992,0.956834532374101,0.646391978771109,inflammatory_cytokine
GATA1,Erythroid,bin,139,21.5517,59.87322,0.856115107913669,0.234328982519842,megakaryocyte_fibrosis_axis
SELL,Erythroid,bin,139,19.5122,45.42124,0.971223021582734,0.293286941127162,monocyte_marker
CSF3R,Erythroid,bin,139,17.9612,50,0.964028776978417,0.259811004405474,monocyte_marker
ITGA2B,Erythroid,bin,139,16.1765,60.34818,0.841726618705036,0.281923241718365,megakaryocyte_fibrosis_axis
BNIP3,Erythroid,bin,139,14.8438,37.64706,0.942446043165468,0.141584187742809,hypoxia
PECAM1,Erythroid,bin,139,13.2075,38.48274,0.949640287769784,0.161739260036219,msc_niche
NDRG1,Erythroid,bin,139,12.7273,29.4912,0.935251798561151,0.127854199299938,hypoxia
JAK2,Erythroid,bin,139,12.1739,32.7486,0.985611510791367,0.133496670853799,megakaryocyte_fibrosis_axis
NECTIN2,Erythroid,bin,121,11.8488,34.375,0.851239669421488,0.112024451311851,nectin_target
TGFBR2,Erythroid,bin,139,11.5385,30.50116,0.942446043165468,0.12165054118487,profibrotic_cytokine_gf
SLC2A1,Erythroid,bin,139,11.0714,41.51206,0.877697841726619,0.13261050534004,hypoxia
RUNX2,Erythroid,bin,139,10.8108,25.86556,0.956834532374101,0.120149249451399,msc_niche
TIMP2,Erythroid,bin,139,10.687,29.59604,0.906474820143885,0.123018681095116,ecm_remodeling
CXCL2,Erythroid,bin,139,10.6667,34.7826,0.920863309352518,0.202287588718767,inflammatory_cytokine
SEPP1,Erythroid,bin,23,10.1124,48.50792,0.869565217391304,0.254853264072935,macrophage_marker
TIMP3,Erythroid,bin,139,9.1236,40.0607,0.827338129496403,0.144996595402015,ecm_remodeling
ZEB1,Erythroid,bin,139,8.6957,34.7826,0.899280575539568,0.116974223712511,emt
PVRL2,Erythroid,bin,23,8.5714,29.3057,0.826086956521739,0.0990800597850619,nectin_target
SELENOP,Erythroid,bin,121,8.4112,40.9091,0.793388429752066,0.193958380484393,macrophage_marker
TGFBR1,Erythroid,bin,139,6.5217,26.087,0.892086330935252,0.0797749539651141,profibrotic_cytokine_gf
S100A9,Erythroid,bin,139,6.25,48.63026,0.733812949640288,0.212577982996427,inflammatory_cytokine
PVRL1,Erythroid,bin,23,5.9701,12.65702,0.782608695652174,0.0477814270408183,nectin_target
NECTIN1,Erythroid,bin,121,5.6927,25,0.785123966942149,0.0595446434514134,nectin_target
LTBP1,Erythroid,bin,139,4.4049,30.13606,0.755395683453237,0.129296133149963,collagen_ecm_structural
S100A8,Erythroid,bin,139,4.3478,34.62554,0.676258992805756,0.150765316661199,inflammatory_cytokine
SPARC,Erythroid,bin,139,4.1176,18.78502,0.726618705035971,0.0622831278921603,collagen_ecm_structural
LEPR,Erythroid,bin,139,4.0577,21.30902,0.776978417266187,0.0616745431739391,msc_niche
OSM,Erythroid,bin,139,3.8095,16.46298,0.741007194244604,0.0559579263995188,profibrotic_cytokine_gf
PLOD1,Erythroid,bin,139,3.7037,10.4187,0.784172661870504,0.0316232797250534,ecm_remodeling
NLRP3,Erythroid,bin,139,3.4294,15.51824,0.81294964028777,0.0492280014804679,inflammatory_cytokine
SERPINH1,Erythroid,bin,139,3.125,13.0435,0.726618705035971,0.0368163315501581,ecm_remodeling
ACTA2,Erythroid,bin,139,2.8986,11.80052,0.741007194244604,0.0388556522986411,msc_niche
VEGFA,Erythroid,bin,139,2.8594,24.3242,0.705035971223022,0.0616746514814522,profibrotic_cytokine_gf
FBN1,Erythroid,bin,139,2.8037,20.63722,0.683453237410072,0.056462403805711,collagen_ecm_structural
CD96,Erythroid,bin,139,2.3136,52.65754,0.633093525179856,0.165702597465427,nectin_target
HGF,Erythroid,bin,139,2.0833,9.69696000000001,0.611510791366906,0.0423516128837235,profibrotic_cytokine_gf
STAB1,Erythroid,bin,139,1.7544,8.59626,0.58273381294964,0.0362436150633218,macrophage_marker
VWF,Erythroid,bin,139,1.6129,9.35228,0.553956834532374,0.0359829854470716,megakaryocyte_fibrosis_axis
MYH11,Erythroid,bin,139,1.5957,11.56712,0.532374100719425,0.0253857390964875,msc_niche
PVR,Erythroid,bin,139,1.4493,4.95064,0.575539568345324,0.0154645037011241,nectin_target
MMP2,Erythroid,bin,139,1.4218,11.7308,0.525179856115108,0.0384892171168965,ecm_remodeling
CCL3,Erythroid,bin,139,1.1628,10.32224,0.517985611510791,0.0487183742271101,inflammatory_cytokine
PLOD2,Erythroid,bin,139,1.0638,25.24436,0.503597122302158,0.0479283601557214,ecm_remodeling
FCN1,Erythroid,bin,139,0.9524,7.61438,0.496402877697842,0.0291184817861671,monocyte_marker
GP9,Erythroid,bin,139,0.9346,7.3989,0.482014388489209,0.0190558028443833,megakaryocyte_fibrosis_axis
BGLAP,Erythroid,bin,139,0.9009,5.47472,0.467625899280576,0.0171653903433671,msc_niche
MAF,Erythroid,bin,139,0.9009,6.25,0.482014388489209,0.0222518969634253,macrophage_marker
SERPINE1,Erythroid,bin,139,0.8696,13.33556,0.474820143884892,0.0350711870999805,ecm_remodeling
TAGLN,Erythroid,bin,139,0.8547,5.8884,0.453237410071943,0.0285976698492451,msc_niche
VCAN,Erythroid,bin,139,0.8475,10.27408,0.460431654676259,0.0372683189455239,monocyte_marker
MPL,Erythroid,bin,139,0.7246,6.6152,0.460431654676259,0.0256352224805899,megakaryocyte_fibrosis_axis
CTSK,Erythroid,bin,139,0.6944,4.29812,0.438848920863309,0.0101677206290733,ecm_remodeling
COL5A1,Erythroid,bin,139,0.641,6.4697,0.438848920863309,0.0227007500771991,collagen_ecm_structural
CCL4,Erythroid,bin,139,0.5525,5.72624,0.359712230215827,0.0376012711326468,inflammatory_cytokine
SNAI1,Erythroid,bin,139,0.3731,5.41218,0.345323741007194,0.0145370010331894,emt
PDGFA,Erythroid,bin,139,0.1068,4.80242,0.309352517985612,0.0206350726863354,profibrotic_cytokine_gf
CXCL1,Erythroid,bin,139,0.1068,3.4483,0.323741007194245,0.0132038865513053,inflammatory_cytokine
EPAS1,Erythroid,bin,139,0.0746,6.3919,0.309352517985612,0.0188313223483923,hypoxia
CCN1,Erythroid,bin,71,0.0318,5.1282,0.253521126760563,0.0114517807834689,profibrotic_cytokine_gf
COL1A1,Erythroid,bin,139,0,0.5614,0.079136690647482,0.0100712100401248,collagen_ecm_structural
COL1A2,Erythroid,bin,139,0,0.12862,0.0719424460431655,0.0122334587296498,collagen_ecm_structural
COL3A1,Erythroid,bin,139,0,0.00884000000000013,0.0575539568345324,0.00480526843750279,collagen_ecm_structural
COL4A1,Erythroid,bin,139,0,0,0.0503597122302158,0.00130727285310499,collagen_ecm_structural
COL5A2,Erythroid,bin,139,0,1.1221,0.115107913669065,0.00401485310814845,collagen_ecm_structural
COL6A1,Erythroid,bin,139,0,5.82226,0.330935251798561,0.0188549094903336,collagen_ecm_structural
COL6A2,Erythroid,bin,139,0,5.806,0.287769784172662,0.0138443571520212,collagen_ecm_structural
COL6A3,Erythroid,bin,139,0,3.71564,0.18705035971223,0.0144043892807877,collagen_ecm_structural
COL11A1,Erythroid,bin,127,0,0,0.031496062992126,0.00804829280245193,collagen_ecm_structural
FN1,Erythroid,bin,139,0,2.42032,0.20863309352518,0.00837086820530327,collagen_ecm_structural
LUM,Erythroid,bin,139,0,1.21596,0.107913669064748,0.00915329270658527,collagen_ecm_structural
DCN,Erythroid,bin,139,0,0.0788800000000001,0.0647482014388489,0.0148366642172844,collagen_ecm_structural
POSTN,Erythroid,bin,139,0,0,0.0143884892086331,0.000982823345319859,collagen_ecm_structural
BGN,Erythroid,bin,139,0,0.02996,0.0719424460431655,0.00713873873497695,collagen_ecm_structural
ELN,Erythroid,bin,139,0,1.8801,0.172661870503597,0.00597840598450403,collagen_ecm_structural
MGP,Erythroid,bin,139,0,2.31988,0.151079136690647,0.0230174111178439,collagen_ecm_structural
OGN,Erythroid,bin,139,0,2.44854,0.194244604316547,0.00504386359644976,collagen_ecm_structural
ASPN,Erythroid,bin,139,0,1.38812,0.129496402877698,0.00413996980876253,collagen_ecm_structural
TNC,Erythroid,bin,139,0,0.25828,0.0431654676258993,0.00327441517800018,collagen_ecm_structural
LTBP2,Erythroid,bin,139,0,1.76388,0.129496402877698,0.00250919318315108,collagen_ecm_structural
LOX,Erythroid,bin,139,0,4.44994,0.330935251798561,0.0111794216276304,ecm_remodeling
LOXL1,Erythroid,bin,139,0,1.08448,0.107913669064748,0.00192202204875315,ecm_remodeling
LOXL2,Erythroid,bin,139,0,1.54394,0.115107913669065,0.00225285147148125,ecm_remodeling
MMP9,Erythroid,bin,139,0,0.40008,0.0215827338129496,0.00109746185393579,ecm_remodeling
MMP14,Erythroid,bin,139,0,2.09922,0.201438848920863,0.00543657329306187,ecm_remodeling
ADAMTS1,Erythroid,bin,139,0,5.5801,0.258992805755396,0.0208356064145488,ecm_remodeling
TGFB2,Erythroid,bin,139,0,0.55206,0.0503597122302158,0.00152930907724589,profibrotic_cytokine_gf
TGFB3,Erythroid,bin,139,0,2.15518,0.20863309352518,0.00425671589943109,profibrotic_cytokine_gf
PDGFB,Erythroid,bin,139,0,0.36674,0.0503597122302158,0.00135225906989558,profibrotic_cytokine_gf
PDGFRA,Erythroid,bin,139,0,0.38624,0.0431654676258993,0.00176333295215674,profibrotic_cytokine_gf
PDGFRB,Erythroid,bin,139,0,0.66548,0.079136690647482,0.00244123145256805,profibrotic_cytokine_gf
IGF1,Erythroid,bin,139,0,0.20362,0.0503597122302158,0.00305773751981047,profibrotic_cytokine_gf
IGF2,Erythroid,bin,139,0,0,0.0287769784172662,0.000749135944588055,profibrotic_cytokine_gf
FGF2,Erythroid,bin,139,0,0.60418,0.079136690647482,0.007194168060659,profibrotic_cytokine_gf
OSMR,Erythroid,bin,139,0,0.5032,0.0863309352517986,0.00165996594499978,profibrotic_cytokine_gf
IL11,Erythroid,bin,139,0,1.99106,0.179856115107914,0.00677396418257206,profibrotic_cytokine_gf
SPP1,Erythroid,bin,139,0,4.61654,0.237410071942446,0.0205886178691997,profibrotic_cytokine_gf
IL6,Erythroid,bin,139,0,0.72412,0.0719424460431655,0.00217875075224277,inflammatory_cytokine
TNF,Erythroid,bin,139,0,7.73278,0.287769784172662,0.0255209199447743,inflammatory_cytokine
IL10,Erythroid,bin,139,0,0.2532,0.0431654676258993,0.00185868479850941,inflammatory_cytokine
IFNG,Erythroid,bin,139,0,0.23736,0.0287769784172662,0.00204573907206583,inflammatory_cytokine
CCL2,Erythroid,bin,139,0,2.47622,0.136690647482014,0.00970281142019052,inflammatory_cytokine
PF4,Erythroid,bin,139,0,3.57784,0.223021582733813,0.0126403837759281,megakaryocyte_fibrosis_axis
PPBP,Erythroid,bin,139,0,4.1608,0.294964028776978,0.0180406527043675,megakaryocyte_fibrosis_axis
CXCL12,Erythroid,bin,139,0,5.38704,0.18705035971223,0.0301473452935212,msc_niche
KITLG,Erythroid,bin,139,0,0.742260000000001,0.0935251798561151,0.00418134559800599,msc_niche
VCAM1,Erythroid,bin,139,0,0.0477200000000001,0.0647482014388489,0.0031760451542755,msc_niche
NES,Erythroid,bin,139,0,0.21812,0.0359712230215827,0.00165565818141517,msc_niche
NGFR,Erythroid,bin,139,0,0,0.0287769784172662,0.000699044173911904,msc_niche
SFRP2,Erythroid,bin,139,0,0,0.0215827338129496,0.000466531300025593,msc_niche
SFRP4,Erythroid,bin,139,0,3.28986,0.143884892086331,0.00650984092124621,msc_niche
GREM1,Erythroid,bin,139,0,2.47114,0.172661870503597,0.00670686271069182,msc_niche
FAP,Erythroid,bin,139,0,0.0457800000000001,0.0503597122302158,0.00109414925674148,msc_niche
SP7,Erythroid,bin,139,0,0.23544,0.0575539568345324,0.00238887917712817,msc_niche
RGS5,Erythroid,bin,139,0,1.46034,0.136690647482014,0.00410956542971875,msc_niche
CDH5,Erythroid,bin,139,0,0,0.0359712230215827,0.00168336420419996,msc_niche
EMCN,Erythroid,bin,139,0,1.91314,0.158273381294964,0.00583261798215701,msc_niche
CA9,Erythroid,bin,139,0,1.45218,0.122302158273381,0.00172668357323485,hypoxia
ADM,Erythroid,bin,139,0,2.99014,0.237410071942446,0.015330062196994,hypoxia
SNAI2,Erythroid,bin,139,0,0,0.0431654676258993,0.00267450650566687,emt
TWIST1,Erythroid,bin,139,0,1.62278,0.122302158273381,0.00562847067578615,emt
CDH2,Erythroid,bin,139,0,3.78708,0.223021582733813,0.00814904745646642,emt
TIGIT,Erythroid,bin,139,0,0.94638,0.0863309352517986,0.00260319087440141,nectin_target
CD226,Erythroid,bin,139,0,2.95902,0.273381294964029,0.011378681424286,nectin_target
C1QA,Erythroid,bin,139,0,0.3301,0.0359712230215827,0.00324186972305048,macrophage_marker
C1QB,Erythroid,bin,139,0,0,0.0359712230215827,0.00291198865689123,macrophage_marker
C1QC,Erythroid,bin,139,0,0,0.0143884892086331,0.00107135749066377,macrophage_marker
CD163,Erythroid,bin,139,0,0.54636,0.0575539568345324,0.00305047994337551,macrophage_marker
MRC1,Erythroid,bin,139,0,1.9261,0.165467625899281,0.00714467053886177,macrophage_marker
VSIG4,Erythroid,bin,139,0,0.48356,0.0287769784172662,0.0016786917256718,macrophage_marker
LYVE1,Erythroid,bin,139,0,0,0.0503597122302158,0.00164426038114937,macrophage_marker
S100A12,Erythroid,bin,139,0,5.18006,0.287769784172662,0.0162798559966393,monocyte_marker
CTGF,Erythroid,bin,68,0,2.96793,0.191176470588235,0.00733770279637957,profibrotic_cytokine_gf
CYR61,Erythroid,bin,68,0,2.47813,0.191176470588235,0.00391175338334134,profibrotic_cytokine_gf
PVRL4,Erythroid,bin,23,0,0,0.0434782608695652,0.00155774308167555,nectin_target
PVRL3,Erythroid,bin,23,0,0.03668,0.0434782608695652,0.00243783940624379,nectin_target
NECTIN4,Erythroid,bin,121,0,0.1859,0.0330578512396694,0.00091542165300576,nectin_target
NECTIN3,Erythroid,bin,121,0,0.7092,0.0909090909090909,0.00307154999567182,nectin_target
CCN2,Erythroid,bin,71,0,0.7299,0.0985915492957746,0.00803178514660472,profibrotic_cytokine_gf
VIM,HSC_MPP,bin,159,97.7049,100,1,2.78945934806322,emt
LDHA,HSC_MPP,bin,159,83.1858,96.15164,1,1.17786603433905,hypoxia
CALR,HSC_MPP,bin,159,81.25,97.89258,1,1.30362354353575,megakaryocyte_fibrosis_axis
PGK1,HSC_MPP,bin,159,74.3381,94.89456,1,0.927279560417268,hypoxia
PLAC8,HSC_MPP,bin,159,61.8585,87.33694,0.981132075471698,0.707206530695916,monocyte_marker
ZEB2,HSC_MPP,bin,159,58.7065,88.0807,1,0.753145699576165,emt
SELL,HSC_MPP,bin,159,58.3838,89.7579,0.993710691823899,0.740364209401723,monocyte_marker
HIF1A,HSC_MPP,bin,159,56.338,81.3281,1,0.584474324140109,hypoxia
CSF3R,HSC_MPP,bin,159,54.0541,79.8216,0.987421383647799,0.561559579069363,monocyte_marker
TGFB1,HSC_MPP,bin,159,53.4005,87.10766,1,0.565121240614943,profibrotic_cytokine_gf
IL18,HSC_MPP,bin,159,51.8072,81.29664,0.987421383647799,0.497703881777957,inflammatory_cytokine
TIMP1,HSC_MPP,bin,159,46.1331,78.155,0.993710691823899,0.505122499117945,ecm_remodeling
ANGPT1,HSC_MPP,bin,159,42.9268,80.272,0.987421383647799,0.533954248732863,msc_niche
SEPP1,HSC_MPP,bin,26,42.38565,62.755,0.807692307692308,0.445162435824317,macrophage_marker
PECAM1,HSC_MPP,bin,159,30,60.08322,1,0.299116454195963,msc_niche
CXCL8,HSC_MPP,bin,159,28.5028,78.29932,0.981132075471698,0.725413004736286,inflammatory_cytokine
NFE2,HSC_MPP,bin,159,27.5794,64.55638,0.993710691823899,0.280062042432407,megakaryocyte_fibrosis_axis
IL1B,HSC_MPP,bin,159,24.4604,58.78324,0.981132075471698,0.283424603001482,inflammatory_cytokine
TIMP2,HSC_MPP,bin,159,24.1379,56.88308,1,0.228848526310747,ecm_remodeling
SELENOP,HSC_MPP,bin,141,23.4043,57.6786,0.872340425531915,0.267394011137918,macrophage_marker
ZEB1,HSC_MPP,bin,159,22.5806,59.6236800000001,0.981132075471698,0.271617644744221,emt
NECTIN2,HSC_MPP,bin,141,20.3922,49.5475,0.943262411347518,0.17313820760472,nectin_target
RUNX2,HSC_MPP,bin,159,18.9055,40.21364,0.993710691823899,0.173475495273387,msc_niche
TGFBR2,HSC_MPP,bin,159,18.6402,37.10602,1,0.175184831037061,profibrotic_cytokine_gf
CXCL2,HSC_MPP,bin,159,17.9734,64.63576,1,0.368989049851788,inflammatory_cytokine
SPARC,HSC_MPP,bin,159,16.129,45.77528,0.930817610062893,0.173960881215299,collagen_ecm_structural
NDRG1,HSC_MPP,bin,159,14.9425,39.47464,0.993710691823899,0.157523923930025,hypoxia
JAK2,HSC_MPP,bin,159,14.2857,32.87354,0.987421383647799,0.131646422846218,megakaryocyte_fibrosis_axis
BNIP3,HSC_MPP,bin,159,13.8298,31.95848,0.974842767295597,0.11795345924689,hypoxia
TGFBR1,HSC_MPP,bin,159,13.1148,41.8299000000001,0.981132075471698,0.136184252438986,profibrotic_cytokine_gf
PVRL2,HSC_MPP,bin,26,11.4607,35.6422,0.884615384615385,0.145634166651336,nectin_target
S100A9,HSC_MPP,bin,159,9.5238,46.9666,0.855345911949686,0.196307467497989,inflammatory_cytokine
NLRP3,HSC_MPP,bin,159,9.5023,36.0465,0.949685534591195,0.116828081449509,inflammatory_cytokine
MMP2,HSC_MPP,bin,159,7.2858,28.6753,0.861635220125786,0.0882598090550668,ecm_remodeling
SLC2A1,HSC_MPP,bin,159,7.1267,19.70864,0.918238993710692,0.0592598666993843,hypoxia
OSM,HSC_MPP,bin,159,6,23.90354,0.867924528301887,0.0784473831101202,profibrotic_cytokine_gf
ACTA2,HSC_MPP,bin,159,5.5479,16.98696,0.905660377358491,0.0550377744541578,msc_niche
STAB1,HSC_MPP,bin,159,4.9351,30.43106,0.779874213836478,0.0793945645156157,macrophage_marker
PLOD1,HSC_MPP,bin,159,4.2105,11.09396,0.805031446540881,0.0333224684598716,ecm_remodeling
HGF,HSC_MPP,bin,159,4.1096,19.80388,0.779874213836478,0.0714096653928311,profibrotic_cytokine_gf
S100A8,HSC_MPP,bin,159,4.0541,34.02368,0.70440251572327,0.11661893522922,inflammatory_cytokine
SERPINH1,HSC_MPP,bin,159,4.0404,13.96826,0.855345911949686,0.0454049280815942,ecm_remodeling
CD96,HSC_MPP,bin,159,3.4483,56.87262,0.742138364779874,0.172564395798213,nectin_target
LEPR,HSC_MPP,bin,159,3.252,11.0571,0.811320754716981,0.036303545350784,msc_niche
MYH11,HSC_MPP,bin,159,3.2258,16.8293,0.805031446540881,0.0374908471038034,msc_niche
PVR,HSC_MPP,bin,159,2.924,10.7143,0.842767295597484,0.0290724743216071,nectin_target
SERPINE1,HSC_MPP,bin,159,2.6549,23.12938,0.641509433962264,0.0669616250812415,ecm_remodeling
CCL3,HSC_MPP,bin,159,2.5415,19.23808,0.679245283018868,0.0705001384775131,inflammatory_cytokine
TIMP3,HSC_MPP,bin,159,2.1661,19.69212,0.610062893081761,0.0646693273552944,ecm_remodeling
NECTIN1,HSC_MPP,bin,141,2.1157,8.5432,0.680851063829787,0.0216277376328914,nectin_target
PLOD2,HSC_MPP,bin,159,2.0408,22.68534,0.591194968553459,0.0579121033983956,ecm_remodeling
FBN1,HSC_MPP,bin,159,2.0325,10.5857,0.672955974842767,0.0309189671750619,collagen_ecm_structural
SNAI1,HSC_MPP,bin,159,2,12.3681,0.635220125786164,0.0354597985053509,emt
VEGFA,HSC_MPP,bin,159,1.9608,21.97032,0.635220125786164,0.0616233743519365,profibrotic_cytokine_gf
COL5A1,HSC_MPP,bin,159,1.9259,15.03354,0.59748427672956,0.0312756254322069,collagen_ecm_structural
ITGA2B,HSC_MPP,bin,159,1.8519,9.01142,0.691823899371069,0.025668361859147,megakaryocyte_fibrosis_axis
TAGLN,HSC_MPP,bin,159,1.6393,6.99148000000001,0.622641509433962,0.0203872433955177,msc_niche
ELN,HSC_MPP,bin,159,1.6129,9.17748000000001,0.566037735849057,0.0290272722483443,collagen_ecm_structural
BGLAP,HSC_MPP,bin,159,1.4141,8.31220000000001,0.553459119496855,0.022867125563653,msc_niche
VWF,HSC_MPP,bin,159,1.4035,11.3101,0.59748427672956,0.0358149848400729,megakaryocyte_fibrosis_axis
FCN1,HSC_MPP,bin,159,1.3761,5.98264,0.610062893081761,0.0221333613046032,monocyte_marker
VCAN,HSC_MPP,bin,159,1.3605,10.3448,0.534591194968554,0.037980042073717,monocyte_marker
MPL,HSC_MPP,bin,159,1.3415,10.85054,0.540880503144654,0.0355647630117445,megakaryocyte_fibrosis_axis
MAF,HSC_MPP,bin,159,1.2332,7.72246,0.522012578616352,0.0252692559143196,macrophage_marker
PVRL1,HSC_MPP,bin,26,1.1758,7.0455,0.538461538461538,0.0233765347948232,nectin_target
ADM,HSC_MPP,bin,159,1.0989,8.24332000000002,0.522012578616352,0.0288795045242401,hypoxia
CDH2,HSC_MPP,bin,159,0.9901,12.85714,0.49685534591195,0.0311283728333247,emt
CTSK,HSC_MPP,bin,159,0.9756,2.95862,0.49685534591195,0.00902100327710765,ecm_remodeling
COL6A2,HSC_MPP,bin,159,0.9524,12.37656,0.484276729559749,0.033092287905855,collagen_ecm_structural
LOXL1,HSC_MPP,bin,159,0.8403,4.9344,0.465408805031447,0.0109395392129438,ecm_remodeling
LOX,HSC_MPP,bin,159,0.7905,11.43796,0.471698113207547,0.0265593705273904,ecm_remodeling
GP9,HSC_MPP,bin,159,0.7317,2.95014000000001,0.408805031446541,0.00803556375586806,megakaryocyte_fibrosis_axis
SPP1,HSC_MPP,bin,159,0.7246,6.8093,0.40251572327044,0.0239634187288434,profibrotic_cytokine_gf
CCL4,HSC_MPP,bin,159,0.6757,10.54554,0.452830188679245,0.0371585295108364,inflammatory_cytokine
TNF,HSC_MPP,bin,159,0.6667,13.22754,0.433962264150943,0.0431350293346896,inflammatory_cytokine
COL6A1,HSC_MPP,bin,159,0.6211,9.19156,0.421383647798742,0.0215572205414541,collagen_ecm_structural
PDGFA,HSC_MPP,bin,159,0.5988,22.78926,0.427672955974843,0.0576828605168484,profibrotic_cytokine_gf
MRC1,HSC_MPP,bin,159,0.5495,6.86192,0.383647798742138,0.02825986211116,macrophage_marker
TGFB3,HSC_MPP,bin,159,0.5382,2.8626,0.339622641509434,0.0066162423573362,profibrotic_cytokine_gf
FN1,HSC_MPP,bin,159,0.5238,2.88048,0.352201257861635,0.0101545193913581,collagen_ecm_structural
CXCL1,HSC_MPP,bin,159,0.5225,7.67230000000001,0.389937106918239,0.0295473484150384,inflammatory_cytokine
EMCN,HSC_MPP,bin,159,0.4728,20.15718,0.452830188679245,0.0487730780176987,msc_niche
PPBP,HSC_MPP,bin,159,0.431,3.19578,0.320754716981132,0.0132861919097927,megakaryocyte_fibrosis_axis
LTBP1,HSC_MPP,bin,159,0.4261,7.16168,0.339622641509434,0.0262325448289925,collagen_ecm_structural
CCN1,HSC_MPP,bin,83,0.3356,3.44014,0.325301204819277,0.0158340116776907,profibrotic_cytokine_gf
EPAS1,HSC_MPP,bin,159,0.2994,5.54568000000003,0.289308176100629,0.0237588813488375,hypoxia
OGN,HSC_MPP,bin,159,0.2439,1.93172,0.207547169811321,0.00517608706272106,collagen_ecm_structural
CD226,HSC_MPP,bin,159,0.1946,3.3285,0.245283018867925,0.00942151544821423,nectin_target
RGS5,HSC_MPP,bin,159,0.1849,2.0889,0.19496855345912,0.006004522489972,msc_niche
GATA1,HSC_MPP,bin,159,0.1786,2.07602,0.220125786163522,0.00485569920226631,megakaryocyte_fibrosis_axis
PDGFRB,HSC_MPP,bin,159,0.1248,2.1297,0.226415094339623,0.00647814695313118,profibrotic_cytokine_gf
COL6A3,HSC_MPP,bin,159,0.0899,4.60414000000001,0.226415094339623,0.0143853352957526,collagen_ecm_structural
CYR61,HSC_MPP,bin,76,0.0517,2.6508,0.223684210526316,0.0126369888250413,profibrotic_cytokine_gf
MMP14,HSC_MPP,bin,159,0.0432,2.41382,0.238993710691824,0.00614654340118702,ecm_remodeling
S100A12,HSC_MPP,bin,159,0.0338,4,0.29559748427673,0.0114016602299189,monocyte_marker
SFRP4,HSC_MPP,bin,159,0.0274,1.8798,0.163522012578616,0.00405268679932304,msc_niche
COL1A1,HSC_MPP,bin,159,0,1.37878000000001,0.157232704402516,0.0058244989710051,collagen_ecm_structural
COL1A2,HSC_MPP,bin,159,0,0.0684400000000019,0.0754716981132076,0.00765924289751015,collagen_ecm_structural
COL3A1,HSC_MPP,bin,159,0,0,0.0566037735849057,0.00397469289716255,collagen_ecm_structural
COL4A1,HSC_MPP,bin,159,0,0.121040000000001,0.0566037735849057,0.0103384538159549,collagen_ecm_structural
COL5A2,HSC_MPP,bin,159,0,1.45306000000001,0.119496855345912,0.00500055117444969,collagen_ecm_structural
COL11A1,HSC_MPP,bin,145,0,0,0.00689655172413793,0.000156150436001969,collagen_ecm_structural
LUM,HSC_MPP,bin,159,0,0.362540000000007,0.0817610062893082,0.00268306809851692,collagen_ecm_structural
DCN,HSC_MPP,bin,159,0,0.4353,0.0817610062893082,0.00610097552344369,collagen_ecm_structural
POSTN,HSC_MPP,bin,159,0,0,0.0188679245283019,0.000602236067678011,collagen_ecm_structural
BGN,HSC_MPP,bin,159,0,0.45802,0.0817610062893082,0.00219750805929967,collagen_ecm_structural
MGP,HSC_MPP,bin,159,0,1.96864,0.182389937106918,0.0114808738904948,collagen_ecm_structural
ASPN,HSC_MPP,bin,159,0,1.26042,0.125786163522013,0.00296202092485122,collagen_ecm_structural
TNC,HSC_MPP,bin,159,0,1.93528,0.150943396226415,0.00455183315421282,collagen_ecm_structural
LTBP2,HSC_MPP,bin,159,0,0.689880000000001,0.0691823899371069,0.00185240697763506,collagen_ecm_structural
LOXL2,HSC_MPP,bin,159,0,1.18268,0.113207547169811,0.00362873169288311,ecm_remodeling
MMP9,HSC_MPP,bin,159,0,1.4344,0.144654088050314,0.00353429773207778,ecm_remodeling
ADAMTS1,HSC_MPP,bin,159,0,6.96320000000001,0.308176100628931,0.0264865799547436,ecm_remodeling
TGFB2,HSC_MPP,bin,159,0,1.39762,0.125786163522013,0.00365757202601301,profibrotic_cytokine_gf
PDGFB,HSC_MPP,bin,159,0,0.683800000000002,0.0880503144654088,0.00255739496769213,profibrotic_cytokine_gf
PDGFRA,HSC_MPP,bin,159,0,0.724840000000001,0.0943396226415094,0.00277117759647943,profibrotic_cytokine_gf
IGF1,HSC_MPP,bin,159,0,1.04266,0.119496855345912,0.00442222401791858,profibrotic_cytokine_gf
IGF2,HSC_MPP,bin,159,0,0,0.0188679245283019,0.000529799991363231,profibrotic_cytokine_gf
FGF2,HSC_MPP,bin,159,0,0.10812,0.0188679245283019,0.00117092575415112,profibrotic_cytokine_gf
OSMR,HSC_MPP,bin,159,0,1.08132,0.113207547169811,0.00552594102670627,profibrotic_cytokine_gf
IL11,HSC_MPP,bin,159,0,6.40094000000002,0.238993710691824,0.0156259782082062,profibrotic_cytokine_gf
IL6,HSC_MPP,bin,159,0,0.617020000000001,0.0817610062893082,0.00249460511056428,inflammatory_cytokine
IL10,HSC_MPP,bin,159,0,0.65966,0.050314465408805,0.00143277749847191,inflammatory_cytokine
IFNG,HSC_MPP,bin,159,0,0.28218,0.0251572327044025,0.000862820914932484,inflammatory_cytokine
CCL2,HSC_MPP,bin,159,0,2.3272,0.138364779874214,0.00931959728127618,inflammatory_cytokine
PF4,HSC_MPP,bin,159,0,1.00602,0.10062893081761,0.00402779357826268,megakaryocyte_fibrosis_axis
CXCL12,HSC_MPP,bin,159,0,0.974680000000002,0.10062893081761,0.0165691202774201,msc_niche
KITLG,HSC_MPP,bin,159,0,1.74966,0.19496855345912,0.00449469198060438,msc_niche
VCAM1,HSC_MPP,bin,159,0,0.17532,0.0566037735849057,0.00416100547695184,msc_niche
NES,HSC_MPP,bin,159,0,0.842420000000003,0.0880503144654088,0.00379530069135349,msc_niche
NGFR,HSC_MPP,bin,159,0,0.61366,0.0628930817610063,0.00176378463232829,msc_niche
SFRP2,HSC_MPP,bin,159,0,0,0.0188679245283019,0.000184982924454889,msc_niche
GREM1,HSC_MPP,bin,159,0,2.09768,0.238993710691824,0.0069540011858366,msc_niche
FAP,HSC_MPP,bin,159,0,0.845560000000005,0.10062893081761,0.00195494659415663,msc_niche
SP7,HSC_MPP,bin,159,0,0.2461,0.0188679245283019,0.000491156168040493,msc_niche
CDH5,HSC_MPP,bin,159,0,1.34858,0.113207547169811,0.0148672507579026,msc_niche
CA9,HSC_MPP,bin,159,0,1.30692,0.132075471698113,0.00188964182172863,hypoxia
SNAI2,HSC_MPP,bin,159,0,0,0.0125786163522013,0.000944255334719575,emt
TWIST1,HSC_MPP,bin,159,0,1.9801,0.188679245283019,0.00625520697355518,emt
TIGIT,HSC_MPP,bin,159,0,0.609940000000001,0.0566037735849057,0.00166572225851648,nectin_target
C1QA,HSC_MPP,bin,159,0,0.44762,0.0440251572327044,0.00123593507275155,macrophage_marker
C1QB,HSC_MPP,bin,159,0,0,0.00628930817610063,0.000339937527681145,macrophage_marker
C1QC,HSC_MPP,bin,159,0,0.0277200000000001,0,0.000255098871389365,macrophage_marker
CD163,HSC_MPP,bin,159,0,0.6667,0.0566037735849057,0.00134245619799123,macrophage_marker
VSIG4,HSC_MPP,bin,159,0,0.595700000000001,0.050314465408805,0.00125253842128683,macrophage_marker
LYVE1,HSC_MPP,bin,159,0,0.0292000000000002,0.0377358490566038,0.00537631223793274,macrophage_marker
CTGF,HSC_MPP,bin,76,0,2.99595,0.210526315789474,0.0094438148342979,profibrotic_cytokine_gf
PVRL4,HSC_MPP,bin,26,0,0.50445,0.0384615384615385,0.000893301600421535,nectin_target
PVRL3,HSC_MPP,bin,26,0,0.3549,0.0769230769230769,0.00400989518566184,nectin_target
NECTIN4,HSC_MPP,bin,141,0,0.3394,0.0212765957446809,0.000837471447162667,nectin_target
NECTIN3,HSC_MPP,bin,141,0,0.9524,0.0921985815602837,0.00221527918739616,nectin_target
CCN2,HSC_MPP,bin,83,0,1.52042,0.144578313253012,0.00605608753369251,profibrotic_cytokine_gf
VIM,LMPP_GMP,bin,183,96.1832,100,1,2.52510542664804,emt
CALR,LMPP_GMP,bin,183,89.802,98.69242,1,1.65150130808583,megakaryocyte_fibrosis_axis
LDHA,LMPP_GMP,bin,183,81.9367,95.1929,1,1.14734251488788,hypoxia
PLAC8,LMPP_GMP,bin,183,74.2857,91.3977,1,0.995805167241371,monocyte_marker
PGK1,LMPP_GMP,bin,183,74.0741,94.14146,1,0.943847774193938,hypoxia
ZEB2,LMPP_GMP,bin,183,70.2439,91.72336,1,0.985301852137387,emt
CSF3R,LMPP_GMP,bin,183,61.0335,86.33058,1,0.740281254961191,monocyte_marker
SELL,LMPP_GMP,bin,183,53.7634,82.02996,0.983606557377049,0.62186833632866,monocyte_marker
HIF1A,LMPP_GMP,bin,183,51.0972,80.2944,1,0.543199705524147,hypoxia
TIMP1,LMPP_GMP,bin,183,50,80.87994,0.994535519125683,0.540710753136114,ecm_remodeling
TGFB1,LMPP_GMP,bin,183,44.3054,81.4643,0.989071038251366,0.46718545642263,profibrotic_cytokine_gf
IL18,LMPP_GMP,bin,183,44.0577,72.68658,0.994535519125683,0.403585360603809,inflammatory_cytokine
NFE2,LMPP_GMP,bin,183,31.5229,68.38316,0.989071038251366,0.323472678139801,megakaryocyte_fibrosis_axis
SEPP1,LMPP_GMP,bin,32,30.7709,63.6,0.8125,0.325830352422065,macrophage_marker
TIMP2,LMPP_GMP,bin,183,27.5862,56.55392,0.989071038251366,0.238886212751398,ecm_remodeling
RUNX2,LMPP_GMP,bin,183,24.4035,44.7,0.989071038251366,0.230946235605202,msc_niche
ANGPT1,LMPP_GMP,bin,183,24.1379,64.81554,0.939890710382514,0.330093352547104,msc_niche
PECAM1,LMPP_GMP,bin,183,23.3766,53.95382,0.994535519125683,0.248952090590904,msc_niche
CXCL8,LMPP_GMP,bin,183,22.1957,73.31794,0.934426229508197,0.561177724210378,inflammatory_cytokine
NDRG1,LMPP_GMP,bin,183,20.3215,46.0234,0.983606557377049,0.198636273749343,hypoxia
IL1B,LMPP_GMP,bin,183,20.1183,50.29282,0.978142076502732,0.23289562555355,inflammatory_cytokine
SPARC,LMPP_GMP,bin,183,18.6957,53.92524,0.934426229508197,0.205061236012698,collagen_ecm_structural
SELENOP,LMPP_GMP,bin,160,18.27455,59.49885,0.81875,0.267218817472751,macrophage_marker
NECTIN2,LMPP_GMP,bin,160,17.94495,39.89049,0.91875,0.140238496335877,nectin_target
TGFBR2,LMPP_GMP,bin,183,16.0396,34.34778,0.989071038251366,0.145796343286971,profibrotic_cytokine_gf
JAK2,LMPP_GMP,bin,183,14.5939,34.12846,0.994535519125683,0.140576913376526,megakaryocyte_fibrosis_axis
ZEB1,LMPP_GMP,bin,183,14.371,47.57306,0.945355191256831,0.185567722930377,emt
NLRP3,LMPP_GMP,bin,183,13.1317,31.69504,0.972677595628415,0.125935759399959,inflammatory_cytokine
HGF,LMPP_GMP,bin,183,12.8112,46.8997400000001,0.907103825136612,0.197919486847326,profibrotic_cytokine_gf
PVRL2,LMPP_GMP,bin,32,12.2148,37.21355,0.875,0.119024981049516,nectin_target
BNIP3,LMPP_GMP,bin,183,12.0792,28.29924,0.978142076502732,0.103585077969202,hypoxia
S100A9,LMPP_GMP,bin,183,11.7188,60.8958,0.87431693989071,0.372956831530395,inflammatory_cytokine
TGFBR1,LMPP_GMP,bin,183,11.5664,37.25528,0.961748633879781,0.122848030823832,profibrotic_cytokine_gf
CXCL2,LMPP_GMP,bin,183,10.519,43.51638,0.956284153005464,0.179517646597486,inflammatory_cytokine
S100A8,LMPP_GMP,bin,183,9.633,49.77966,0.770491803278689,0.30261480680229,inflammatory_cytokine
MMP2,LMPP_GMP,bin,183,7.5718,28.35712,0.775956284153005,0.0869587200420021,ecm_remodeling
CD96,LMPP_GMP,bin,183,7.2072,55.7481,0.759562841530055,0.195124664554549,nectin_target
OSM,LMPP_GMP,bin,183,7.0423,27.42358,0.912568306010929,0.101048521041857,profibrotic_cytokine_gf
SLC2A1,LMPP_GMP,bin,183,6.5574,19.1265,0.945355191256831,0.0567639178801863,hypoxia
STAB1,LMPP_GMP,bin,183,6.5306,32.6094,0.814207650273224,0.106910964871325,macrophage_marker
PLOD1,LMPP_GMP,bin,183,5.7143,15.49612,0.939890710382514,0.0481551383781835,ecm_remodeling
ACTA2,LMPP_GMP,bin,183,5.4545,15.51336,0.901639344262295,0.0554359978624578,msc_niche
CCL3,LMPP_GMP,bin,183,3.617,22.7921,0.775956284153005,0.0960018197511257,inflammatory_cytokine
SERPINH1,LMPP_GMP,bin,183,3.4862,13.86292,0.792349726775956,0.0379522522831092,ecm_remodeling
PVRL1,LMPP_GMP,bin,32,3.3943,9.45909,0.71875,0.0357203640883187,nectin_target
PVR,LMPP_GMP,bin,183,3.3483,10.69838,0.80327868852459,0.0282811216464568,nectin_target
NECTIN1,LMPP_GMP,bin,160,2.89915,11.7666,0.775,0.0289705005872902,nectin_target
VEGFA,LMPP_GMP,bin,183,2.8571,21.16472,0.688524590163934,0.047256620482195,profibrotic_cytokine_gf
LEPR,LMPP_GMP,bin,183,2.7264,9.3638,0.786885245901639,0.0279739078039711,msc_niche
FCN1,LMPP_GMP,bin,183,2.5858,10.08568,0.699453551912568,0.0409373592453422,monocyte_marker
ITGA2B,LMPP_GMP,bin,183,2.2364,8.34922000000001,0.721311475409836,0.0324807178074867,megakaryocyte_fibrosis_axis
MYH11,LMPP_GMP,bin,183,2.0228,9.4045,0.693989071038251,0.0255844666525086,msc_niche
VCAN,LMPP_GMP,bin,183,1.995,17.79084,0.584699453551913,0.0748158197768166,monocyte_marker
SNAI1,LMPP_GMP,bin,183,1.7164,9.96428,0.595628415300546,0.0283376023579005,emt
TAGLN,LMPP_GMP,bin,183,1.6598,6.10788,0.650273224043716,0.0196444115796801,msc_niche
ADM,LMPP_GMP,bin,183,1.3793,7.3832,0.579234972677596,0.0252839656548624,hypoxia
CTSK,LMPP_GMP,bin,183,1.2195,3.49264,0.568306010928962,0.0110633985045531,ecm_remodeling
SERPINE1,LMPP_GMP,bin,183,1.1919,15.29464,0.53551912568306,0.0397773458145572,ecm_remodeling
TIMP3,LMPP_GMP,bin,183,1.1364,8.68730000000001,0.530054644808743,0.033946206356948,ecm_remodeling
FBN1,LMPP_GMP,bin,183,1.0638,5.13628,0.508196721311475,0.0223591672639388,collagen_ecm_structural
BGLAP,LMPP_GMP,bin,183,1.0196,7.21926,0.508196721311475,0.0166115027537938,msc_niche
LTBP1,LMPP_GMP,bin,183,0.9756,13.97358,0.491803278688525,0.0549672636576187,collagen_ecm_structural
COL5A1,LMPP_GMP,bin,183,0.9091,6.14664,0.469945355191257,0.0182861263461866,collagen_ecm_structural
TNF,LMPP_GMP,bin,183,0.7504,12.9989,0.459016393442623,0.0365590063241794,inflammatory_cytokine
CCL4,LMPP_GMP,bin,183,0.7455,8.56876000000001,0.437158469945355,0.0419794807461858,inflammatory_cytokine
LOXL1,LMPP_GMP,bin,183,0.7151,4.17616,0.415300546448087,0.00851912186763761,ecm_remodeling
GATA1,LMPP_GMP,bin,183,0.7143,5.47418000000001,0.459016393442623,0.0185703250203836,megakaryocyte_fibrosis_axis
MPL,LMPP_GMP,bin,183,0.6548,7.33248,0.409836065573771,0.020345566854668,megakaryocyte_fibrosis_axis
S100A12,LMPP_GMP,bin,183,0.6422,5.56566,0.442622950819672,0.0222529098515024,monocyte_marker
PDGFA,LMPP_GMP,bin,183,0.5161,11.29102,0.39344262295082,0.032562895717056,profibrotic_cytokine_gf
TGFB3,LMPP_GMP,bin,183,0.5,1.783,0.262295081967213,0.00521337070702548,profibrotic_cytokine_gf
CXCL1,LMPP_GMP,bin,183,0.4774,3.34688000000001,0.344262295081967,0.0129349928228987,inflammatory_cytokine
MAF,LMPP_GMP,bin,183,0.4728,3.93144,0.316939890710383,0.0165506588880107,macrophage_marker
FN1,LMPP_GMP,bin,183,0.4448,2.47846,0.289617486338798,0.00977276010657413,collagen_ecm_structural
PPBP,LMPP_GMP,bin,183,0.4082,2.99566,0.316939890710383,0.0138606102070869,megakaryocyte_fibrosis_axis
VWF,LMPP_GMP,bin,183,0.396,3.96374,0.3224043715847,0.00984842445311911,megakaryocyte_fibrosis_axis
CDH2,LMPP_GMP,bin,183,0.3471,13.29806,0.409836065573771,0.0252057222158257,emt
EPAS1,LMPP_GMP,bin,183,0.3398,3.72922,0.306010928961749,0.0104604123095731,hypoxia
MRC1,LMPP_GMP,bin,183,0.303,3.79746,0.262295081967213,0.0156657423785897,macrophage_marker
CCN1,LMPP_GMP,bin,91,0.2858,2.8222,0.252747252747253,0.0102339497778957,profibrotic_cytokine_gf
GP9,LMPP_GMP,bin,183,0.2611,1.74294,0.202185792349727,0.00457169841989783,megakaryocyte_fibrosis_axis
ELN,LMPP_GMP,bin,183,0.2604,4.02852,0.327868852459016,0.0102259219463061,collagen_ecm_structural
OGN,LMPP_GMP,bin,183,0.2494,1.39346,0.14207650273224,0.00415965313687512,collagen_ecm_structural
CD226,LMPP_GMP,bin,183,0.2345,2.30604,0.202185792349727,0.00611355310388494,nectin_target
PLOD2,LMPP_GMP,bin,183,0.1894,10.25092,0.39344262295082,0.0196620107265535,ecm_remodeling
COL6A1,LMPP_GMP,bin,183,0.1556,4.46844,0.284153005464481,0.0122897000091615,collagen_ecm_structural
COL6A3,LMPP_GMP,bin,183,0.1553,3.26116000000001,0.185792349726776,0.0160133681923178,collagen_ecm_structural
RGS5,LMPP_GMP,bin,183,0.1492,1.12446,0.131147540983607,0.00427933142093641,msc_niche
MMP14,LMPP_GMP,bin,183,0.1479,2.73166,0.256830601092896,0.00646784687392962,ecm_remodeling
PDGFRB,LMPP_GMP,bin,183,0.1418,1.78456,0.19672131147541,0.00661609798011907,profibrotic_cytokine_gf
SPP1,LMPP_GMP,bin,183,0.1387,2.6752,0.245901639344262,0.0120558990448756,profibrotic_cytokine_gf
COL6A2,LMPP_GMP,bin,183,0.1269,5.15832,0.289617486338798,0.0137402329625685,collagen_ecm_structural
GREM1,LMPP_GMP,bin,183,0.1052,2.43152,0.229508196721311,0.0062512989533032,msc_niche
LOXL2,LMPP_GMP,bin,183,0.1005,0.70902,0.0765027322404372,0.0017203750274045,ecm_remodeling
VSIG4,LMPP_GMP,bin,183,0.099,1.1216,0.12568306010929,0.00345293323946972,macrophage_marker
CYR61,LMPP_GMP,bin,92,0.091,2.13508,0.152173913043478,0.0049754823603213,profibrotic_cytokine_gf
LOX,LMPP_GMP,bin,183,0.0777,4.33846,0.295081967213115,0.0118253077903335,ecm_remodeling
COL5A2,LMPP_GMP,bin,183,0.0653,0.941460000000002,0.0983606557377049,0.00292327597331659,collagen_ecm_structural
IL10,LMPP_GMP,bin,183,0.0527,0.89418,0.092896174863388,0.0020101040485545,inflammatory_cytokine
IL11,LMPP_GMP,bin,183,0.0483,2.26792,0.191256830601093,0.00493939009806108,profibrotic_cytokine_gf
SFRP4,LMPP_GMP,bin,183,0.047,1.35018,0.14207650273224,0.0036981931767572,msc_niche
MGP,LMPP_GMP,bin,183,0.0376,1.55794,0.14207650273224,0.00846984645787193,collagen_ecm_structural
CA9,LMPP_GMP,bin,183,0.0232,0.957280000000001,0.0983606557377049,0.00169610589839851,hypoxia
COL1A1,LMPP_GMP,bin,183,0,0.702460000000002,0.0819672131147541,0.00739881375913986,collagen_ecm_structural
COL1A2,LMPP_GMP,bin,183,0,0.10058,0.0765027322404372,0.00529227839162556,collagen_ecm_structural
COL3A1,LMPP_GMP,bin,183,0,0,0.0437158469945355,0.00215342910511063,collagen_ecm_structural
COL4A1,LMPP_GMP,bin,183,0,0.299100000000001,0.0437158469945355,0.000971581161177137,collagen_ecm_structural
COL11A1,LMPP_GMP,bin,168,0,0,0.0238095238095238,0.000595813889698689,collagen_ecm_structural
LUM,LMPP_GMP,bin,183,0,1.48614,0.120218579234973,0.00673995797813808,collagen_ecm_structural
DCN,LMPP_GMP,bin,183,0,0.829520000000001,0.0983606557377049,0.0071971985692175,collagen_ecm_structural
POSTN,LMPP_GMP,bin,183,0,0,0.0109289617486339,0.000247452095385633,collagen_ecm_structural
BGN,LMPP_GMP,bin,183,0,0.41796,0.0601092896174863,0.00147492322834045,collagen_ecm_structural
ASPN,LMPP_GMP,bin,183,0,0.724420000000002,0.0819672131147541,0.00246663874065377,collagen_ecm_structural
TNC,LMPP_GMP,bin,183,0,1.12996,0.114754098360656,0.003148273329514,collagen_ecm_structural
LTBP2,LMPP_GMP,bin,183,0,0.57254,0.0601092896174863,0.00133553139707767,collagen_ecm_structural
MMP9,LMPP_GMP,bin,183,0,1.00722,0.103825136612022,0.00221718252688552,ecm_remodeling
ADAMTS1,LMPP_GMP,bin,183,0,3.50902,0.213114754098361,0.0122563622667414,ecm_remodeling
TGFB2,LMPP_GMP,bin,183,0,0.805720000000001,0.0765027322404372,0.0020400487343733,profibrotic_cytokine_gf
PDGFB,LMPP_GMP,bin,183,0,0.433440000000001,0.0491803278688525,0.00100736308763414,profibrotic_cytokine_gf
PDGFRA,LMPP_GMP,bin,183,0,0.34012,0.0273224043715847,0.000697733827358727,profibrotic_cytokine_gf
IGF1,LMPP_GMP,bin,183,0,0.36526,0.0437158469945355,0.00214208320379548,profibrotic_cytokine_gf
IGF2,LMPP_GMP,bin,183,0,0.0436200000000002,0.0163934426229508,0.000642146297154923,profibrotic_cytokine_gf
FGF2,LMPP_GMP,bin,183,0,0.24578,0.0218579234972678,0.000884068448670652,profibrotic_cytokine_gf
OSMR,LMPP_GMP,bin,183,0,0.9681,0.092896174863388,0.00228644005453057,profibrotic_cytokine_gf
IL6,LMPP_GMP,bin,183,0,0.72836,0.0874316939890711,0.00272071511444211,inflammatory_cytokine
IFNG,LMPP_GMP,bin,183,0,0.24274,0.0327868852459016,0.00137156610076234,inflammatory_cytokine
CCL2,LMPP_GMP,bin,183,0,1.96598,0.147540983606557,0.00709434802544518,inflammatory_cytokine
PF4,LMPP_GMP,bin,183,0,1.49498,0.14207650273224,0.00528263997137598,megakaryocyte_fibrosis_axis
CXCL12,LMPP_GMP,bin,183,0,0.6987,0.0874316939890711,0.0094246312804792,msc_niche
KITLG,LMPP_GMP,bin,183,0,1.60842,0.180327868852459,0.00366416710228382,msc_niche
VCAM1,LMPP_GMP,bin,183,0,0.17846,0.0601092896174863,0.0015096080957629,msc_niche
NES,LMPP_GMP,bin,183,0,0.27456,0.0218579234972678,0.0015742164734384,msc_niche
NGFR,LMPP_GMP,bin,183,0,0.47182,0.0437158469945355,0.00139582557214237,msc_niche
SFRP2,LMPP_GMP,bin,183,0,0,0.0109289617486339,0.000227005363517747,msc_niche
FAP,LMPP_GMP,bin,183,0,0.29722,0.0601092896174863,0.00108759489313138,msc_niche
SP7,LMPP_GMP,bin,183,0,0.0747800000000002,0.0163934426229508,0.00033380239798529,msc_niche
CDH5,LMPP_GMP,bin,183,0,0.323900000000001,0.0382513661202186,0.00158301798705343,msc_niche
EMCN,LMPP_GMP,bin,183,0,1.4261,0.120218579234973,0.00369926582851341,msc_niche
SNAI2,LMPP_GMP,bin,183,0,0,0.00546448087431694,0.000205886491038112,emt
TWIST1,LMPP_GMP,bin,183,0,1.10988,0.120218579234973,0.00479846573856476,emt
TIGIT,LMPP_GMP,bin,183,0,0.5061,0.0382513661202186,0.00154895791059839,nectin_target
C1QA,LMPP_GMP,bin,183,0,0.47302,0.0546448087431694,0.00164474926006589,macrophage_marker
C1QB,LMPP_GMP,bin,183,0,0.15566,0.0218579234972678,0.000926376223922976,macrophage_marker
C1QC,LMPP_GMP,bin,183,0,0.0885800000000001,0.00546448087431694,0.000429931276613667,macrophage_marker
CD163,LMPP_GMP,bin,183,0,0.96058,0.0983606557377049,0.00310075731844571,macrophage_marker
LYVE1,LMPP_GMP,bin,183,0,0,0,0.000143609599612585,macrophage_marker
CTGF,LMPP_GMP,bin,92,0,1.88821,0.16304347826087,0.00571083009366425,profibrotic_cytokine_gf
PVRL4,LMPP_GMP,bin,32,0,0.605980000000001,0.0625,0.00153594945257891,nectin_target
PVRL3,LMPP_GMP,bin,32,0,0.181,0.03125,0.000964871620961098,nectin_target
NECTIN4,LMPP_GMP,bin,160,0,0.60505,0.04375,0.0013615280385001,nectin_target
NECTIN3,LMPP_GMP,bin,160,0,0.71397,0.05,0.00216563208219516,nectin_target
CCN2,LMPP_GMP,bin,91,0,2.1498,0.153846153846154,0.0116643045429302,profibrotic_cytokine_gf
ITGA2B,Megakaryocyte,bin,28,88.18545,97.40433,1,1.7229492208649,megakaryocyte_fibrosis_axis
VIM,Megakaryocyte,bin,28,86.8513,98.81227,1,1.95282267303772,emt
LDHA,Megakaryocyte,bin,28,84.3913,95.99624,1,1.36133546615469,hypoxia
CALR,Megakaryocyte,bin,28,83.7163,92.03159,1,1.46693266068787,megakaryocyte_fibrosis_axis
TGFB1,Megakaryocyte,bin,28,80.5908,95.3,1,1.36669535421502,profibrotic_cytokine_gf
TIMP1,Megakaryocyte,bin,28,79.13045,98.169,1,1.3224832765658,ecm_remodeling
PGK1,Megakaryocyte,bin,28,72.2332,90.45762,1,0.954670580964428,hypoxia
PF4,Megakaryocyte,bin,28,71.20605,94.15156,0.964285714285714,1.5359345367774,megakaryocyte_fibrosis_axis
ANGPT1,Megakaryocyte,bin,28,71.0672,84.42026,1,0.868858711254151,msc_niche
ZEB2,Megakaryocyte,bin,28,69.8654,85.2083,1,1.08388870171186,emt
GP9,Megakaryocyte,bin,28,62.9981,83.92154,1,0.81239723920777,megakaryocyte_fibrosis_axis
LTBP1,Megakaryocyte,bin,28,60.3147,86.99859,1,1.03432268979101,collagen_ecm_structural
PPBP,Megakaryocyte,bin,28,57.4275,84.42026,1,1.47609524831846,megakaryocyte_fibrosis_axis
PECAM1,Megakaryocyte,bin,28,51.4578,73.08301,1,0.53028925911215,msc_niche
HIF1A,Megakaryocyte,bin,28,50.80645,80.40677,1,0.591886674440497,hypoxia
GATA1,Megakaryocyte,bin,28,46.5718,78.46685,0.964285714285714,0.520854898619459,megakaryocyte_fibrosis_axis
VWF,Megakaryocyte,bin,28,43.20495,75.38136,0.964285714285714,0.678644715020064,megakaryocyte_fibrosis_axis
CXCL2,Megakaryocyte,bin,28,40,66.2712,1,0.566569309865705,inflammatory_cytokine
IL18,Megakaryocyte,bin,28,39.11765,65.48269,0.964285714285714,0.328167639409205,inflammatory_cytokine
NFE2,Megakaryocyte,bin,28,36.98705,63.48085,1,0.390891090767572,megakaryocyte_fibrosis_axis
NECTIN2,Megakaryocyte,bin,22,34.0127,68.39717,0.909090909090909,0.271406445184798,nectin_target
CXCL8,Megakaryocyte,bin,28,32.5251,71.28571,1,0.662621712737331,inflammatory_cytokine
SPARC,Megakaryocyte,bin,28,31.4556,59.94983,1,0.274261918923129,collagen_ecm_structural
IL1B,Megakaryocyte,bin,28,29.21555,66.18964,0.964285714285714,0.349767630353346,inflammatory_cytokine
BNIP3,Megakaryocyte,bin,28,27.98435,64.5,1,0.333107303774458,hypoxia
TIMP3,Megakaryocyte,bin,28,22.98385,53.16985,0.928571428571429,0.337879406343858,ecm_remodeling
PLAC8,Megakaryocyte,bin,28,20,45.84746,0.928571428571429,0.212170238473979,monocyte_marker
JAK2,Megakaryocyte,bin,28,17.4749,65.50607,1,0.204637863310411,megakaryocyte_fibrosis_axis
PVRL2,Megakaryocyte,bin,7,16.4948,30.22772,1,0.176886435902725,nectin_target
TGFBR2,Megakaryocyte,bin,28,12.70835,36.7723,0.928571428571429,0.120405008546774,profibrotic_cytokine_gf
SLC2A1,Megakaryocyte,bin,28,12.4664,48.47827,0.928571428571429,0.135648588628582,hypoxia
PLOD2,Megakaryocyte,bin,28,11.9643,51.36326,0.642857142857143,0.124548654002818,ecm_remodeling
TIMP2,Megakaryocyte,bin,28,11.9201,39.85117,0.785714285714286,0.108130442509039,ecm_remodeling
SEPP1,Megakaryocyte,bin,7,9.6774,37.006,1,0.220900252471938,macrophage_marker
SELENOP,Megakaryocyte,bin,22,9.16665,42.84284,0.818181818181818,0.100971915566563,macrophage_marker
FBN1,Megakaryocyte,bin,28,8.68555,54.7378,0.714285714285714,0.122622296927369,collagen_ecm_structural
NDRG1,Megakaryocyte,bin,28,8.5784,24.3,0.821428571428571,0.0838487673421225,hypoxia
S100A9,Megakaryocyte,bin,28,8.5582,53.19358,0.857142857142857,0.263856028168853,inflammatory_cytokine
LEPR,Megakaryocyte,bin,28,8.3801,29.81229,0.892857142857143,0.0712764455660127,msc_niche
SELL,Megakaryocyte,bin,28,8.16665,13.93045,0.964285714285714,0.0708973717297772,monocyte_marker
MPL,Megakaryocyte,bin,28,8.13935,32.66315,0.821428571428571,0.0970063048161621,megakaryocyte_fibrosis_axis
S100A8,Megakaryocyte,bin,28,8.13765,36.31229,0.75,0.223199111089471,inflammatory_cytokine
SERPINE1,Megakaryocyte,bin,28,7.7381,41.05452,0.928571428571429,0.15104219773614,ecm_remodeling
PLOD1,Megakaryocyte,bin,28,5.91065,20.31578,0.785714285714286,0.0442292796506947,ecm_remodeling
NECTIN1,Megakaryocyte,bin,22,5.4412,31.22101,0.772727272727273,0.0463970077269216,nectin_target
CD226,Megakaryocyte,bin,28,5.33505,20.66173,0.714285714285714,0.0804853475319861,nectin_target
VEGFA,Megakaryocyte,bin,28,5.2765,61.2,0.857142857142857,0.215436642559603,profibrotic_cytokine_gf
RUNX2,Megakaryocyte,bin,28,4.6537,20.91083,0.714285714285714,0.0604574310379568,msc_niche
LOX,Megakaryocyte,bin,28,4.44665,26.14148,0.821428571428571,0.0707148030647831,ecm_remodeling
ZEB1,Megakaryocyte,bin,28,4.3561,27.5515,0.75,0.0566969544887572,emt
TGFBR1,Megakaryocyte,bin,28,4.25725,35.68647,0.785714285714286,0.0528216332158263,profibrotic_cytokine_gf
STAB1,Megakaryocyte,bin,28,3.9608,8.50364,0.642857142857143,0.0326376530193957,macrophage_marker
CSF3R,Megakaryocyte,bin,28,3.2371,12.11767,0.75,0.0438345924994801,monocyte_marker
CCN2,Megakaryocyte,bin,11,3.2258,8.535,0.636363636363636,0.052197144971183,profibrotic_cytokine_gf
MYH11,Megakaryocyte,bin,28,3.1734,20.52173,0.678571428571429,0.0334355833557369,msc_niche
NLRP3,Megakaryocyte,bin,28,3.0835,29.86318,0.714285714285714,0.0537968174108813,inflammatory_cytokine
SERPINH1,Megakaryocyte,bin,28,3.0186,16.65454,0.785714285714286,0.0403348517045797,ecm_remodeling
VCAN,Megakaryocyte,bin,28,2.9287,16.26924,0.642857142857143,0.0751459946400207,monocyte_marker
PVRL1,Megakaryocyte,bin,7,2.8571,9.62436,0.714285714285714,0.0382528904150372,nectin_target
ACTA2,Megakaryocyte,bin,28,2.4729,8.54117,0.642857142857143,0.0306039683084651,msc_niche
CXCL12,Megakaryocyte,bin,28,2.35745,25.46375,0.607142857142857,0.111571648113087,msc_niche
TNF,Megakaryocyte,bin,28,2.29665,9.3048,0.571428571428571,0.0265242004522478,inflammatory_cytokine
FGF2,Megakaryocyte,bin,28,1.98605,17.79628,0.535714285714286,0.0525454371997909,profibrotic_cytokine_gf
MMP14,Megakaryocyte,bin,28,1.768,10.03436,0.535714285714286,0.0157477900083436,ecm_remodeling
PDGFA,Megakaryocyte,bin,28,1.7536,10.64383,0.571428571428571,0.0406274612673437,profibrotic_cytokine_gf
FCN1,Megakaryocyte,bin,28,1.68915,9.39515,0.607142857142857,0.0437297412370943,monocyte_marker
OSM,Megakaryocyte,bin,28,1.5571,12.68571,0.535714285714286,0.022870947562166,profibrotic_cytokine_gf
CD96,Megakaryocyte,bin,28,1.24805,12.7458,0.571428571428571,0.0681326621167161,nectin_target
SP7,Megakaryocyte,bin,28,1.04165,8.42858,0.5,0.0244236017740947,msc_niche
CTSK,Megakaryocyte,bin,28,0.8866,4.22103,0.464285714285714,0.00977002387295638,ecm_remodeling
PVR,Megakaryocyte,bin,28,0.5095,9.49607,0.428571428571429,0.00935836741267151,nectin_target
NES,Megakaryocyte,bin,28,0.3937,4.49565,0.428571428571429,0.012926553553475,msc_niche
CXCL1,Megakaryocyte,bin,28,0.27445,10.05085,0.428571428571429,0.0332137738794025,inflammatory_cytokine
PDGFB,Megakaryocyte,bin,28,0.25775,13.85454,0.428571428571429,0.02137922477112,profibrotic_cytokine_gf
S100A12,Megakaryocyte,bin,28,0.25775,5.67743,0.357142857142857,0.0271746425034205,monocyte_marker
TAGLN,Megakaryocyte,bin,28,0.12875,5.18186,0.357142857142857,0.0148361540742171,msc_niche
CCN1,Megakaryocyte,bin,11,0.103,4.3478,0.272727272727273,0.00820631731788876,profibrotic_cytokine_gf
SNAI1,Megakaryocyte,bin,28,0.07725,6.10871,0.428571428571429,0.0132601318977651,emt
COL1A1,Megakaryocyte,bin,28,0,0.862200000000001,0.107142857142857,0.00466584886548022,collagen_ecm_structural
COL1A2,Megakaryocyte,bin,28,0,6.08424,0.178571428571429,0.0148200963832435,collagen_ecm_structural
COL3A1,Megakaryocyte,bin,28,0,1.65673,0.107142857142857,0.00913036549413474,collagen_ecm_structural
COL4A1,Megakaryocyte,bin,28,0,0.01668,0.0357142857142857,0.000755598385426936,collagen_ecm_structural
COL5A1,Megakaryocyte,bin,28,0,4.10434,0.214285714285714,0.00338443519435723,collagen_ecm_structural
COL5A2,Megakaryocyte,bin,28,0,1.40344,0.142857142857143,0.00173992911117184,collagen_ecm_structural
COL6A1,Megakaryocyte,bin,28,0,3.63765,0.214285714285714,0.00718994795055998,collagen_ecm_structural
COL6A2,Megakaryocyte,bin,28,0,7.47306,0.25,0.00750395221745332,collagen_ecm_structural
COL6A3,Megakaryocyte,bin,28,0,17.15304,0.428571428571429,0.0472705952749408,collagen_ecm_structural
COL11A1,Megakaryocyte,bin,28,0,14.04089,0.142857142857143,0.074473971917923,collagen_ecm_structural
FN1,Megakaryocyte,bin,28,0,3.89234,0.25,0.010655024959765,collagen_ecm_structural
LUM,Megakaryocyte,bin,28,0,4.10434,0.178571428571429,0.00453876655107186,collagen_ecm_structural
DCN,Megakaryocyte,bin,28,0,4.641,0.214285714285714,0.00619320231095243,collagen_ecm_structural
POSTN,Megakaryocyte,bin,28,0,0,0.0714285714285714,0.00181442366457032,collagen_ecm_structural
BGN,Megakaryocyte,bin,28,0,0.999990000000002,0.107142857142857,0.00437454522265894,collagen_ecm_structural
ELN,Megakaryocyte,bin,28,0,4.40711,0.321428571428571,0.00671984933962453,collagen_ecm_structural
MGP,Megakaryocyte,bin,28,0,8.25356,0.428571428571429,0.0372484921270577,collagen_ecm_structural
OGN,Megakaryocyte,bin,28,0,15.93637,0.321428571428571,0.0100688855814171,collagen_ecm_structural
ASPN,Megakaryocyte,bin,28,0,20.75903,0.25,0.0115636065140652,collagen_ecm_structural
TNC,Megakaryocyte,bin,28,0,3.89234,0.214285714285714,0.00173431642641251,collagen_ecm_structural
LTBP2,Megakaryocyte,bin,28,0,0.688860000000001,0.107142857142857,0.00090118408632001,collagen_ecm_structural
LOXL1,Megakaryocyte,bin,28,0,0.11336,0.0714285714285714,0.000986857086188182,ecm_remodeling
LOXL2,Megakaryocyte,bin,28,0,2.34029,0.142857142857143,0.00198492579240171,ecm_remodeling
MMP2,Megakaryocyte,bin,28,0,4.83391,0.392857142857143,0.0101189810594513,ecm_remodeling
MMP9,Megakaryocyte,bin,28,0,0.0309000000000001,0.0357142857142857,0.000583250156686699,ecm_remodeling
ADAMTS1,Megakaryocyte,bin,28,0,7.75302,0.357142857142857,0.008739164013258,ecm_remodeling
TGFB2,Megakaryocyte,bin,28,0,1.67323,0.142857142857143,0.00203588658092951,profibrotic_cytokine_gf
TGFB3,Megakaryocyte,bin,28,0,3.41192,0.214285714285714,0.00364266762151519,profibrotic_cytokine_gf
PDGFRA,Megakaryocyte,bin,28,0,2.34616,0.142857142857143,0.00660279805616116,profibrotic_cytokine_gf
PDGFRB,Megakaryocyte,bin,28,0,0.304060000000001,0.0714285714285714,0.00142198049234184,profibrotic_cytokine_gf
IGF1,Megakaryocyte,bin,28,0,3.31882,0.178571428571429,0.00516896890098691,profibrotic_cytokine_gf
IGF2,Megakaryocyte,bin,28,0,0.20001,0,0.00102739180729514,profibrotic_cytokine_gf
HGF,Megakaryocyte,bin,28,0,3.57286,0.214285714285714,0.00299256767456785,profibrotic_cytokine_gf
OSMR,Megakaryocyte,bin,28,0,3.04212,0.178571428571429,0.00188763142827983,profibrotic_cytokine_gf
IL11,Megakaryocyte,bin,28,0,3.04212,0.178571428571429,0.00369170401018412,profibrotic_cytokine_gf
SPP1,Megakaryocyte,bin,28,0,11.61538,0.321428571428571,0.050649002398622,profibrotic_cytokine_gf
IL6,Megakaryocyte,bin,28,0,0,0.0357142857142857,0.00297389994655476,inflammatory_cytokine
IL10,Megakaryocyte,bin,28,0,0,0,0.00017982943878594,inflammatory_cytokine
IFNG,Megakaryocyte,bin,28,0,0,0.0357142857142857,0.00139451395870739,inflammatory_cytokine
CCL2,Megakaryocyte,bin,28,0,3.83331,0.25,0.0176856578249053,inflammatory_cytokine
CCL3,Megakaryocyte,bin,28,0,3.62171,0.321428571428571,0.0499894912713051,inflammatory_cytokine
CCL4,Megakaryocyte,bin,28,0,2.85906,0.285714285714286,0.0116482296264542,inflammatory_cytokine
KITLG,Megakaryocyte,bin,28,0,4.22103,0.25,0.00711990819036769,msc_niche
VCAM1,Megakaryocyte,bin,28,0,1.53586,0.142857142857143,0.0122066381385293,msc_niche
NGFR,Megakaryocyte,bin,28,0,0,0.0357142857142857,0.000670395134763004,msc_niche
SFRP2,Megakaryocyte,bin,28,0,0,0,2.53561652716345e-05,msc_niche
SFRP4,Megakaryocyte,bin,28,0,3.89234,0.214285714285714,0.00237425087649691,msc_niche
GREM1,Megakaryocyte,bin,28,0,0.01911,0.0714285714285714,0.00053318214835763,msc_niche
FAP,Megakaryocyte,bin,28,0,0,0,0,msc_niche
BGLAP,Megakaryocyte,bin,28,0,2.30014,0.285714285714286,0.00903554200127704,msc_niche
RGS5,Megakaryocyte,bin,28,0,2.74475,0.178571428571429,0.00400416531601676,msc_niche
CDH5,Megakaryocyte,bin,28,0,2.06879,0.142857142857143,0.00251847407118158,msc_niche
EMCN,Megakaryocyte,bin,28,0,4.47203,0.285714285714286,0.00678619335938918,msc_niche
EPAS1,Megakaryocyte,bin,28,0,10.57971,0.321428571428571,0.0125281613168834,hypoxia
CA9,Megakaryocyte,bin,28,0,3.89234,0.321428571428571,0.00422456959076069,hypoxia
ADM,Megakaryocyte,bin,28,0,6.87286000000001,0.25,0.0793697298310543,hypoxia
SNAI2,Megakaryocyte,bin,28,0,0,0.0357142857142857,0.000500855994556086,emt
TWIST1,Megakaryocyte,bin,28,0,2.31121,0.285714285714286,0.00417482353219305,emt
CDH2,Megakaryocyte,bin,28,0,4.2713,0.321428571428571,0.00530802020973875,emt
TIGIT,Megakaryocyte,bin,28,0,1.22305,0.107142857142857,0.00209579281686489,nectin_target
C1QA,Megakaryocyte,bin,28,0,0,0.0357142857142857,0.000221234800379845,macrophage_marker
C1QB,Megakaryocyte,bin,28,0,0.01545,0.0357142857142857,0.00077349130650766,macrophage_marker
C1QC,Megakaryocyte,bin,28,0,0,0.0357142857142857,0.000861823855971148,macrophage_marker
CD163,Megakaryocyte,bin,28,0,0.42234,0.0714285714285714,0.00299820392923194,macrophage_marker
MRC1,Megakaryocyte,bin,28,0,4,0.25,0.00659430597036002,macrophage_marker
VSIG4,Megakaryocyte,bin,28,0,0,0.0357142857142857,0.000644669339263725,macrophage_marker
LYVE1,Megakaryocyte,bin,28,0,0,0.0714285714285714,0.00323873312461938,macrophage_marker
MAF,Megakaryocyte,bin,28,0,25,0.392857142857143,0.0634770237171822,macrophage_marker
CTGF,Megakaryocyte,bin,17,0,9.87854,0.470588235294118,0.0179173944102349,profibrotic_cytokine_gf
CYR61,Megakaryocyte,bin,17,0,5.94408,0.352941176470588,0.00781874336682748,profibrotic_cytokine_gf
PVRL4,Megakaryocyte,bin,7,0,1.14284,0.142857142857143,0.00754684637804867,nectin_target
PVRL3,Megakaryocyte,bin,7,0,0,0,0,nectin_target
NECTIN4,Megakaryocyte,bin,22,0,0,0,8.95483590517222e-05,nectin_target
NECTIN3,Megakaryocyte,bin,22,0,3.3734,0.181818181818182,0.00741240604172157,nectin_target
VIM,Mono_DC,bin,175,98.7544,100,1,3.22189951513585,emt
S100A9,Mono_DC,bin,175,80.1493,98.21728,0.982857142857143,2.87655988710346,inflammatory_cytokine
ZEB2,Mono_DC,bin,175,78.5714,94.87788,1,1.41379502511587,emt
S100A8,Mono_DC,bin,175,73.7913,95.0388,0.982857142857143,2.51643548783693,inflammatory_cytokine
TIMP1,Mono_DC,bin,175,67.8344,91.48378,1,1.14474665704798,ecm_remodeling
PGK1,Mono_DC,bin,175,64.0777,90.4912,1,0.992247517068686,hypoxia
HIF1A,Mono_DC,bin,175,60.3061,85.29612,1,0.980697664427717,hypoxia
LDHA,Mono_DC,bin,175,59.6975,87.95434,1,0.92526136688072,hypoxia
CALR,Mono_DC,bin,175,59.0476,89.36806,1,0.967611600541984,megakaryocyte_fibrosis_axis
VCAN,Mono_DC,bin,175,55.3729,86.59758,0.954285714285714,1.30538049585922,monocyte_marker
PLAC8,Mono_DC,bin,175,53.2637,86.79978,1,0.940014251225993,monocyte_marker
TGFB1,Mono_DC,bin,175,49.6726,81.5443,1,0.684173438820532,profibrotic_cytokine_gf
FCN1,Mono_DC,bin,175,47.103,90.3001,0.942857142857143,1.23851859556617,monocyte_marker
CSF3R,Mono_DC,bin,175,45.9288,74.0581,0.994285714285714,0.667776318290533,monocyte_marker
TIMP2,Mono_DC,bin,175,40.208,65.6279,1,0.493080712882302,ecm_remodeling
SELL,Mono_DC,bin,175,39.284,67.58974,0.994285714285714,0.593361158413449,monocyte_marker
CXCL8,Mono_DC,bin,175,38.2883,82.22656,0.948571428571429,1.09713756398956,inflammatory_cytokine
S100A12,Mono_DC,bin,175,38.1395,75.10022,0.925714285714286,0.944327618010256,monocyte_marker
PECAM1,Mono_DC,bin,175,35.2941,64.12698,1,0.507826714535729,msc_niche
NLRP3,Mono_DC,bin,175,22.9299,55.56234,0.988571428571429,0.368908575891865,inflammatory_cytokine
NDRG1,Mono_DC,bin,175,22.6974,49.49388,1,0.289529018908331,hypoxia
TGFBR2,Mono_DC,bin,175,22.5,44.45344,0.994285714285714,0.285586961804508,profibrotic_cytokine_gf
JAK2,Mono_DC,bin,175,21.047,42.20864,0.994285714285714,0.256315511224978,megakaryocyte_fibrosis_axis
IL18,Mono_DC,bin,175,18.4234,47.11622,1,0.240499971825346,inflammatory_cytokine
RUNX2,Mono_DC,bin,175,15,50.11992,0.982857142857143,0.261942437069967,msc_niche
CCL3,Mono_DC,bin,175,13.6929,61.5104,0.908571428571429,0.490805149240163,inflammatory_cytokine
IL1B,Mono_DC,bin,175,12.7749,61.71264,0.931428571428571,0.515573792676935,inflammatory_cytokine
STAB1,Mono_DC,bin,175,12.3084,46.85632,0.925714285714286,0.231537650635392,macrophage_marker
TGFBR1,Mono_DC,bin,175,10.2109,33.47858,0.977142857142857,0.159888736198417,profibrotic_cytokine_gf
NFE2,Mono_DC,bin,175,8.7221,32.51026,0.965714285714286,0.140082615795836,megakaryocyte_fibrosis_axis
CD163,Mono_DC,bin,175,8.3779,30.01602,0.851428571428571,0.189629403294838,macrophage_marker
VEGFA,Mono_DC,bin,175,8.2579,27.37368,0.885714285714286,0.167316518186319,profibrotic_cytokine_gf
NECTIN2,Mono_DC,bin,154,8.2367,22.22773,0.928571428571429,0.0888196600187427,nectin_target
CXCL2,Mono_DC,bin,175,7.5404,45.16886,0.874285714285714,0.314124405720184,inflammatory_cytokine
ADM,Mono_DC,bin,175,7.5051,24.37714,0.834285714285714,0.133422333392731,hypoxia
PLOD1,Mono_DC,bin,175,6.3694,17.9738,0.937142857142857,0.0749693565154839,ecm_remodeling
OSM,Mono_DC,bin,175,5.9459,23.28694,0.817142857142857,0.102070627355935,profibrotic_cytokine_gf
SLC2A1,Mono_DC,bin,175,5.1163,22.74014,0.834285714285714,0.0741867890080826,hypoxia
HGF,Mono_DC,bin,175,4.918,14.40814,0.897142857142857,0.071401973836548,profibrotic_cytokine_gf
BNIP3,Mono_DC,bin,175,4.3103,15.87648,0.891428571428572,0.061215834082523,hypoxia
PVRL2,Mono_DC,bin,30,4.00935,22.4318,0.833333333333333,0.0913048910635503,nectin_target
TAGLN,Mono_DC,bin,175,3.861,10.34422,0.862857142857143,0.0520389604441661,msc_niche
TNF,Mono_DC,bin,175,3.7915,33.6368,0.817142857142857,0.15059671997672,inflammatory_cytokine
SPARC,Mono_DC,bin,175,2.9915,14.80064,0.731428571428571,0.0633987852678414,collagen_ecm_structural
ZEB1,Mono_DC,bin,175,2.5948,30.33336,0.737142857142857,0.102073909589755,emt
NECTIN1,Mono_DC,bin,154,2.4931,9.12942000000001,0.75974025974026,0.0333300517923872,nectin_target
CCL4,Mono_DC,bin,175,2.4,30.4218,0.691428571428571,0.228576991124539,inflammatory_cytokine
SNAI1,Mono_DC,bin,175,2.1186,15.41914,0.68,0.0455452747143696,emt
ACTA2,Mono_DC,bin,175,1.9737,6.84984,0.725714285714286,0.0299137547188003,msc_niche
C1QA,Mono_DC,bin,175,1.8789,14.87156,0.64,0.0960660426170108,macrophage_marker
PVR,Mono_DC,bin,175,1.8563,6.85032,0.657142857142857,0.0237974425650378,nectin_target
PVRL1,Mono_DC,bin,30,1.6148,6.06209000000001,0.666666666666667,0.0275011175679337,nectin_target
MAF,Mono_DC,bin,175,1.4085,6.66664,0.6,0.0341762078101812,macrophage_marker
LEPR,Mono_DC,bin,175,1.4032,5.86164,0.622857142857143,0.0233123349533395,msc_niche
CTSK,Mono_DC,bin,175,1.2087,3.3672,0.588571428571429,0.0151668468824134,ecm_remodeling
SERPINH1,Mono_DC,bin,175,1.0526,5.80588,0.514285714285714,0.0166787948131373,ecm_remodeling
MRC1,Mono_DC,bin,175,1.0142,10.30258,0.514285714285714,0.0545038658753512,macrophage_marker
CD96,Mono_DC,bin,175,1.0135,11.83898,0.502857142857143,0.0413571817880153,nectin_target
ANGPT1,Mono_DC,bin,175,0.9101,9.94368,0.474285714285714,0.0407436985648475,msc_niche
SELENOP,Mono_DC,bin,154,0.902,9.92458,0.474025974025974,0.0557795263654338,macrophage_marker
SEPP1,Mono_DC,bin,30,0.86965,9.58837,0.466666666666667,0.0415806315112402,macrophage_marker
IL10,Mono_DC,bin,175,0.8363,8.13242,0.468571428571429,0.0307386106175455,inflammatory_cytokine
CXCL1,Mono_DC,bin,175,0.823,8.55068,0.48,0.0484569298367581,inflammatory_cytokine
MYH11,Mono_DC,bin,175,0.7954,4.28898,0.451428571428571,0.0136720954735949,msc_niche
SERPINE1,Mono_DC,bin,175,0.7326,10.72188,0.434285714285714,0.0316386911088262,ecm_remodeling
BGLAP,Mono_DC,bin,175,0.6993,4.7619,0.394285714285714,0.0188311988299118,msc_niche
VSIG4,Mono_DC,bin,175,0.641,8.67986,0.405714285714286,0.0461415983965737,macrophage_marker
PPBP,Mono_DC,bin,175,0.5573,5.09748,0.354285714285714,0.0333389891566982,megakaryocyte_fibrosis_axis
CD226,Mono_DC,bin,175,0.5428,3.65998,0.382857142857143,0.0131419959039582,nectin_target
CCL2,Mono_DC,bin,175,0.4728,4.61374,0.377142857142857,0.0483684896892574,inflammatory_cytokine
MMP14,Mono_DC,bin,175,0.4651,4.6293,0.342857142857143,0.0150279876616007,ecm_remodeling
FN1,Mono_DC,bin,175,0.4545,4.20126,0.325714285714286,0.0237054027290088,collagen_ecm_structural
EPAS1,Mono_DC,bin,175,0.4509,4.21112,0.32,0.017234373290115,hypoxia
ITGA2B,Mono_DC,bin,175,0.4378,3.16982,0.302857142857143,0.0146834931891334,megakaryocyte_fibrosis_axis
C1QB,Mono_DC,bin,175,0.4263,5.83124,0.314285714285714,0.0467642415988708,macrophage_marker
PDGFA,Mono_DC,bin,175,0.3519,5.5372,0.354285714285714,0.0241223555719342,profibrotic_cytokine_gf
FBN1,Mono_DC,bin,175,0.2717,4.24458,0.257142857142857,0.0147039515492457,collagen_ecm_structural
MMP9,Mono_DC,bin,175,0.2556,5.08386,0.291428571428571,0.0728919046043254,ecm_remodeling
MMP2,Mono_DC,bin,175,0.2377,4.50888,0.274285714285714,0.0199736613736046,ecm_remodeling
NECTIN4,Mono_DC,bin,154,0.19875,1.74285,0.194805194805195,0.00606190524931545,nectin_target
PF4,Mono_DC,bin,175,0.1962,3.07116,0.222857142857143,0.0153164795478525,megakaryocyte_fibrosis_axis
IL6,Mono_DC,bin,175,0.1828,8.66868,0.285714285714286,0.0441340384797375,inflammatory_cytokine
C1QC,Mono_DC,bin,175,0.1827,3.79674,0.24,0.0281201775675336,macrophage_marker
PDGFRB,Mono_DC,bin,175,0.1446,1.33894,0.12,0.00471731300198155,profibrotic_cytokine_gf
COL6A3,Mono_DC,bin,175,0.1272,2.51338,0.177142857142857,0.0228538900750595,collagen_ecm_structural
VWF,Mono_DC,bin,175,0.1138,0.9396,0.0914285714285714,0.00375827585052749,megakaryocyte_fibrosis_axis
TGFB3,Mono_DC,bin,175,0.111,0.74258,0.0685714285714286,0.00254532668925727,profibrotic_cytokine_gf
NGFR,Mono_DC,bin,175,0.097,2.40226,0.188571428571429,0.0080773363262855,msc_niche
LTBP1,Mono_DC,bin,175,0.091,2.57192,0.165714285714286,0.0144837359112771,collagen_ecm_structural
LOXL2,Mono_DC,bin,175,0.091,0.81942,0.08,0.00235870064756941,ecm_remodeling
GREM1,Mono_DC,bin,175,0.0796,1.7081,0.154285714285714,0.006374314770791,msc_niche
GATA1,Mono_DC,bin,175,0.0768,1.3333,0.137142857142857,0.00503997975651447,megakaryocyte_fibrosis_axis
PVRL4,Mono_DC,bin,30,0.07385,1.7607,0.133333333333333,0.00429165937882295,nectin_target
SPP1,Mono_DC,bin,175,0.0665,2.68464,0.2,0.0147073040504009,profibrotic_cytokine_gf
RGS5,Mono_DC,bin,175,0.0332,0.82938,0.0914285714285714,0.0039070552262243,msc_niche
MGP,Mono_DC,bin,175,0.0297,1.15606,0.114285714285714,0.0122295693520172,collagen_ecm_structural
COL6A1,Mono_DC,bin,175,0.0255,1.55558,0.137142857142857,0.00759629676164093,collagen_ecm_structural
TGFB2,Mono_DC,bin,175,0.0255,0.7318,0.0457142857142857,0.00219019943501636,profibrotic_cytokine_gf
KITLG,Mono_DC,bin,175,0.0183,1.16428,0.102857142857143,0.00376934760712494,msc_niche
COL1A1,Mono_DC,bin,175,0,0.994439999999999,0.102857142857143,0.0096273164462933,collagen_ecm_structural
COL1A2,Mono_DC,bin,175,0,0.2549,0.0742857142857143,0.00951266014666074,collagen_ecm_structural
COL3A1,Mono_DC,bin,175,0,0.13868,0.0514285714285714,0.00451035900313488,collagen_ecm_structural
COL4A1,Mono_DC,bin,175,0,0.24064,0.0285714285714286,0.00173542685590576,collagen_ecm_structural
COL5A1,Mono_DC,bin,175,0,0.489,0.0571428571428571,0.00228382415998423,collagen_ecm_structural
COL5A2,Mono_DC,bin,175,0,0.496679999999999,0.0685714285714286,0.00226689606523927,collagen_ecm_structural
COL6A2,Mono_DC,bin,175,0,1.23986,0.114285714285714,0.00646549420534741,collagen_ecm_structural
COL11A1,Mono_DC,bin,167,0,0.13106,0.0419161676646707,0.00212600098825973,collagen_ecm_structural
LUM,Mono_DC,bin,175,0,0.0805,0.0628571428571429,0.00473075389497013,collagen_ecm_structural
DCN,Mono_DC,bin,175,0,0.58568,0.0914285714285714,0.00691495169756478,collagen_ecm_structural
POSTN,Mono_DC,bin,175,0,0,0,0.000127232890395655,collagen_ecm_structural
BGN,Mono_DC,bin,175,0,0.07856,0.0342857142857143,0.00164348414316472,collagen_ecm_structural
ELN,Mono_DC,bin,175,0,0.24568,0.04,0.00148359047108106,collagen_ecm_structural
OGN,Mono_DC,bin,175,0,0.60038,0.08,0.00262271437235057,collagen_ecm_structural
ASPN,Mono_DC,bin,175,0,0.24052,0.0628571428571429,0.00140986663196604,collagen_ecm_structural
TNC,Mono_DC,bin,175,0,0.29814,0.0342857142857143,0.00183708189549111,collagen_ecm_structural
LTBP2,Mono_DC,bin,175,0,0.550419999999999,0.0685714285714286,0.00206621418324856,collagen_ecm_structural
LOX,Mono_DC,bin,175,0,0.24038,0.0342857142857143,0.00133630779628572,ecm_remodeling
LOXL1,Mono_DC,bin,175,0,0.65224,0.0571428571428571,0.00194122892888151,ecm_remodeling
PLOD2,Mono_DC,bin,175,0,1.1113,0.108571428571429,0.00295300806200478,ecm_remodeling
TIMP3,Mono_DC,bin,175,0,1.48054,0.131428571428571,0.00638723196961768,ecm_remodeling
ADAMTS1,Mono_DC,bin,175,0,1.05194,0.108571428571429,0.0060935721366406,ecm_remodeling
PDGFB,Mono_DC,bin,175,0,2.3018,0.165714285714286,0.00950497072419168,profibrotic_cytokine_gf
PDGFRA,Mono_DC,bin,175,0,0.332,0.04,0.00138434027454226,profibrotic_cytokine_gf
IGF1,Mono_DC,bin,175,0,0.41318,0.04,0.00202452834973194,profibrotic_cytokine_gf
IGF2,Mono_DC,bin,175,0,0.0700199999999999,0.0171428571428571,0.00114688746294734,profibrotic_cytokine_gf
FGF2,Mono_DC,bin,175,0,0.21974,0.0114285714285714,0.000848949457471852,profibrotic_cytokine_gf
OSMR,Mono_DC,bin,175,0,0.34054,0.04,0.00172630174863991,profibrotic_cytokine_gf
IL11,Mono_DC,bin,175,0,0.93548,0.0857142857142857,0.00199516316563523,profibrotic_cytokine_gf
IFNG,Mono_DC,bin,175,0,0.50288,0.0742857142857143,0.00209169496354699,inflammatory_cytokine
GP9,Mono_DC,bin,175,0,0.73994,0.08,0.00330956566171257,megakaryocyte_fibrosis_axis
MPL,Mono_DC,bin,175,0,0.33004,0.0742857142857143,0.00274455595236007,megakaryocyte_fibrosis_axis
CXCL12,Mono_DC,bin,175,0,1.50058,0.114285714285714,0.0151200839568567,msc_niche
VCAM1,Mono_DC,bin,175,0,0.248579999999999,0.0628571428571429,0.00258234813081631,msc_niche
NES,Mono_DC,bin,175,0,0.09268,0,0.00051212861152806,msc_niche
SFRP2,Mono_DC,bin,175,0,0.0111599999999999,0.00571428571428571,0.000306626808673689,msc_niche
SFRP4,Mono_DC,bin,175,0,0.72522,0.0857142857142857,0.00478009102137991,msc_niche
FAP,Mono_DC,bin,175,0,0.13962,0.0285714285714286,0.000746004611149929,msc_niche
SP7,Mono_DC,bin,175,0,0.1148,0.0171428571428571,0.00077012353810282,msc_niche
CDH5,Mono_DC,bin,175,0,0.3632,0.0457142857142857,0.00160510168856172,msc_niche
EMCN,Mono_DC,bin,175,0,0.15152,0.0285714285714286,0.00135025364109409,msc_niche
CA9,Mono_DC,bin,175,0,0.18878,0.0228571428571429,0.00042544907260263,hypoxia
SNAI2,Mono_DC,bin,175,0,0,0.00571428571428571,0.000316995314338238,emt
TWIST1,Mono_DC,bin,175,0,0.86974,0.08,0.00359296078588265,emt
CDH2,Mono_DC,bin,175,0,0.4112,0.0685714285714286,0.00209538034110503,emt
TIGIT,Mono_DC,bin,175,0,0.3318,0.0342857142857143,0.00153573530335838,nectin_target
LYVE1,Mono_DC,bin,175,0,0.57224,0.0742857142857143,0.00629358013512579,macrophage_marker
CTGF,Mono_DC,bin,91,0,1.5532,0.120879120879121,0.00678655945120329,profibrotic_cytokine_gf
CYR61,Mono_DC,bin,91,0,0.5342,0.043956043956044,0.00229085510644156,profibrotic_cytokine_gf
PVRL3,Mono_DC,bin,30,0,0.14274,0.0333333333333333,0.000511988084942222,nectin_target
NECTIN3,Mono_DC,bin,154,0,0.286050000000001,0.025974025974026,0.00152537072707968,nectin_target
CCN2,Mono_DC,bin,84,0,0.966560000000001,0.107142857142857,0.0051769456903501,profibrotic_cytokine_gf
CCN1,Mono_DC,bin,84,0,0.3444,0.0357142857142857,0.00159245892297613,profibrotic_cytokine_gf
VIM,Stromal,bin,34,99.81455,100,1,3.8567506566545,emt
SEPP1,Stromal,bin,9,97.4886,100,1,2.93121027957957,macrophage_marker
SELENOP,Stromal,bin,25,78.9883,89.58624,1,1.0825848793942,macrophage_marker
CALR,Stromal,bin,34,77.0979,93.87047,1,1.30452523472851,megakaryocyte_fibrosis_axis
ZEB2,Stromal,bin,34,72.98545,90.31122,1,1.23748379745473,emt
TIMP1,Stromal,bin,34,72.3284,93.05102,1,1.11107067395835,ecm_remodeling
MGP,Stromal,bin,34,69.74475,89.28824,0.911764705882353,1.34011853159578,collagen_ecm_structural
EPAS1,Stromal,bin,34,68.4921,88.53114,1,0.968705817293817,hypoxia
LDHA,Stromal,bin,34,68.04115,86.06379,1,0.988716088052672,hypoxia
COL6A2,Stromal,bin,34,66.63355,90.18585,0.970588235294118,1.08800959105247,collagen_ecm_structural
DCN,Stromal,bin,34,65.00895,96.63722,0.735294117647059,1.38073392020447,collagen_ecm_structural
SPARC,Stromal,bin,34,62.99815,83.2678,0.941176470588235,0.783823107614803,collagen_ecm_structural
CXCL12,Stromal,bin,34,61.22165,99.94519,0.764705882352941,2.1598995098382,msc_niche
COL6A1,Stromal,bin,34,60.39125,89.7946,0.970588235294118,0.965469202523171,collagen_ecm_structural
TIMP2,Stromal,bin,34,58.61675,70.67436,1,0.677376405010506,ecm_remodeling
FBN1,Stromal,bin,34,58.2224,89.39183,0.852941176470588,0.995385394567865,collagen_ecm_structural
COL1A2,Stromal,bin,34,57.66515,92.4889,0.735294117647059,1.09379032650677,collagen_ecm_structural
TAGLN,Stromal,bin,34,57.311,79.87435,1,1.03693147051499,msc_niche
HIF1A,Stromal,bin,34,55.71365,83.32066,1,0.799965001280089,hypoxia
CTGF,Stromal,bin,23,54.7665,79.36714,0.91304347826087,1.21718461103914,profibrotic_cytokine_gf
LUM,Stromal,bin,34,54.35585,90.53012,0.735294117647059,1.03064037239929,collagen_ecm_structural
TGFBR2,Stromal,bin,34,53.20945,75.71531,1,0.725264671000846,profibrotic_cytokine_gf
FN1,Stromal,bin,34,51.8227,78.75996,0.852941176470588,0.860855791900569,collagen_ecm_structural
VCAN,Stromal,bin,34,49.97795,97.12053,0.852941176470588,1.5065924676375,monocyte_marker
COL3A1,Stromal,bin,34,49.5587,81.04992,0.735294117647059,0.834925124005727,collagen_ecm_structural
LEPR,Stromal,bin,34,49.07805,98.27565,1,1.44365297914428,msc_niche
PDGFRB,Stromal,bin,34,49.04425,69.05379,0.852941176470588,0.572659849592712,profibrotic_cytokine_gf
BGN,Stromal,bin,34,47.63865,60.95987,0.735294117647059,0.52188386089054,collagen_ecm_structural
PGK1,Stromal,bin,34,45.2681,82.98357,1,0.558096635854452,hypoxia
VCAM1,Stromal,bin,34,44.9058,96.69813,0.705882352941177,1.13234714885511,msc_niche
NDRG1,Stromal,bin,34,44.60965,67.58881,1,0.595838135537082,hypoxia
MMP2,Stromal,bin,34,44.2179,57.8472,0.941176470588235,0.497860865267653,ecm_remodeling
ANGPT1,Stromal,bin,34,43.3082,81.8606,0.941176470588235,0.77970115502417,msc_niche
PDGFRA,Stromal,bin,34,42.9967,69.46395,0.882352941176471,0.549929811415072,profibrotic_cytokine_gf
TGFB1,Stromal,bin,34,42.4763,90.86075,1,0.61478140316129,profibrotic_cytokine_gf
TIMP3,Stromal,bin,34,42.40305,71.52448,0.823529411764706,0.697371420893034,ecm_remodeling
OSMR,Stromal,bin,34,42.3287,73.27939,0.764705882352941,0.589019129269695,profibrotic_cytokine_gf
LTBP2,Stromal,bin,34,40.96485,72.75452,0.735294117647059,0.584578360276054,collagen_ecm_structural
ZEB1,Stromal,bin,34,40.4692,70.74792,1,0.504171717775578,emt
COL1A1,Stromal,bin,34,39.89975,80.61925,0.852941176470588,0.686665889741111,collagen_ecm_structural
KITLG,Stromal,bin,34,39.77705,74.8812,0.882352941176471,0.579011345276662,msc_niche
CYR61,Stromal,bin,23,39.5288,55.40024,0.91304347826087,0.632518509449463,profibrotic_cytokine_gf
NECTIN2,Stromal,bin,25,38.7089,54.55404,0.96,0.348252816659481,nectin_target
TNC,Stromal,bin,34,38.23245,80.7816,0.764705882352941,0.821215239305569,collagen_ecm_structural
PVRL2,Stromal,bin,9,37.4384,47.71486,1,0.526598051621341,nectin_target
SERPINH1,Stromal,bin,34,32.44045,58.41553,0.911764705882353,0.396023417411878,ecm_remodeling
ADAMTS1,Stromal,bin,34,30.9558,53.77703,0.794117647058824,0.495934377356181,ecm_remodeling
COL6A3,Stromal,bin,34,29.95325,72.28886,0.852941176470588,0.547478477632181,collagen_ecm_structural
CCL2,Stromal,bin,34,29.51565,53.54627,0.823529411764706,0.559105634058091,inflammatory_cytokine
MAF,Stromal,bin,34,29.47125,43.41333,0.941176470588235,0.277684231974042,macrophage_marker
TGFBR1,Stromal,bin,34,28.0394,48.50451,1,0.270969709549576,profibrotic_cytokine_gf
PLOD2,Stromal,bin,34,27.1965,55.01937,0.676470588235294,0.373315121709828,ecm_remodeling
VEGFA,Stromal,bin,34,26.4659,44.81917,0.970588235294118,0.361238773060689,profibrotic_cytokine_gf
JAK2,Stromal,bin,34,26.4056,53.98246,0.941176470588235,0.320365855929613,megakaryocyte_fibrosis_axis
COL5A1,Stromal,bin,34,25.31755,50.1794,0.764705882352941,0.285709147603611,collagen_ecm_structural
CXCL2,Stromal,bin,34,25.1713,70.58884,1,0.689079303820341,inflammatory_cytokine
BNIP3,Stromal,bin,34,25.0242,34.9307,0.970588235294118,0.228327000587594,hypoxia
RUNX2,Stromal,bin,34,24.0654,61.91312,1,0.483237531542687,msc_niche
CXCL8,Stromal,bin,34,23.7007,96.22343,1,1.05147950687257,inflammatory_cytokine
COL5A2,Stromal,bin,34,22.78065,60.95641,0.735294117647059,0.402395586013612,collagen_ecm_structural
COL4A1,Stromal,bin,34,22.093,47.84344,0.764705882352941,0.312884221430403,collagen_ecm_structural
TWIST1,Stromal,bin,34,20.1164,39.68617,0.823529411764706,0.24215295318803,emt
MMP14,Stromal,bin,34,19.9662,33.21306,0.911764705882353,0.20352933475078,ecm_remodeling
SNAI2,Stromal,bin,34,19.93765,40.59196,0.676470588235294,0.252754614289858,emt
CTSK,Stromal,bin,34,17.7396,42.17563,0.882352941176471,0.23343334445564,ecm_remodeling
LOX,Stromal,bin,34,17.0301,35.28937,0.823529411764706,0.189626678868998,ecm_remodeling
NGFR,Stromal,bin,34,16.27955,29.95911,0.764705882352941,0.183218129779093,msc_niche
SNAI1,Stromal,bin,34,14.43075,25,0.970588235294118,0.143966726551091,emt
ADM,Stromal,bin,34,14.1233,38.8955,0.882352941176471,0.260116032354791,hypoxia
HGF,Stromal,bin,34,14.03505,28.53148,0.882352941176471,0.16129750263038,profibrotic_cytokine_gf
PDGFA,Stromal,bin,34,11.3975,51.12903,0.941176470588235,0.249500354985048,profibrotic_cytokine_gf
PECAM1,Stromal,bin,34,11.2039,29.31695,0.794117647058824,0.159720892666632,msc_niche
LOXL2,Stromal,bin,34,10.63795,30.98095,0.794117647058824,0.150482904278835,ecm_remodeling
ACTA2,Stromal,bin,34,10.56605,36.52037,0.882352941176471,0.272488636960984,msc_niche
LTBP1,Stromal,bin,34,10.2146,58.26161,0.823529411764706,0.329809785029424,collagen_ecm_structural
SERPINE1,Stromal,bin,34,9.9958,37.38574,0.970588235294118,0.201864201069533,ecm_remodeling
COL11A1,Stromal,bin,34,9.53745,27.35608,0.647058823529412,0.160282955183963,collagen_ecm_structural
PLOD1,Stromal,bin,34,9.0307,17.7843,0.823529411764706,0.0778868876645783,ecm_remodeling
LOXL1,Stromal,bin,34,8.79615,19.7148,0.823529411764706,0.102128024659639,ecm_remodeling
NECTIN3,Stromal,bin,25,8.3333,25.94242,0.72,0.112038883121261,nectin_target
SFRP4,Stromal,bin,34,7.9799,26.02413,0.764705882352941,0.194616954945469,msc_niche
NECTIN1,Stromal,bin,25,7.6923,13.07392,0.92,0.0622725288863864,nectin_target
PVRL3,Stromal,bin,9,6.5445,9.48386,1,0.090734921090646,nectin_target
SLC2A1,Stromal,bin,34,6.3466,12.92588,0.882352941176471,0.0561764765539622,hypoxia
S100A9,Stromal,bin,34,6.2183,22.13877,0.823529411764706,0.141508750801926,inflammatory_cytokine
CDH5,Stromal,bin,34,6.03385,16.45396,0.676470588235294,0.0808409889281236,msc_niche
EMCN,Stromal,bin,34,5.87575,20.87244,0.647058823529412,0.131971310709768,msc_niche
IGF1,Stromal,bin,34,4.65365,26.33117,0.705882352941177,0.134849722681885,profibrotic_cytokine_gf
PLAC8,Stromal,bin,34,4.3295,53.92048,1,0.156975799724405,monocyte_marker
CSF3R,Stromal,bin,34,4.21985,39.54785,0.705882352941177,0.145574462036404,monocyte_marker
PVR,Stromal,bin,34,4.05075,10.70789,0.764705882352941,0.0376849676796726,nectin_target
IL6,Stromal,bin,34,3.65485,16.64188,0.647058823529412,0.100610905037121,inflammatory_cytokine
IL18,Stromal,bin,34,3.6041,65.62602,0.911764705882353,0.155285672139207,inflammatory_cytokine
CCL3,Stromal,bin,34,3.48255,26.58098,0.882352941176471,0.147957556002656,inflammatory_cytokine
STAB1,Stromal,bin,34,3.20545,40.65606,0.676470588235294,0.0748388302368961,macrophage_marker
MYH11,Stromal,bin,34,3.1746,20.02491,0.588235294117647,0.139818188927003,msc_niche
BGLAP,Stromal,bin,34,3.12135,23.14032,0.617647058823529,0.124087158240975,msc_niche
VWF,Stromal,bin,34,2.8629,17.92415,0.558823529411765,0.0991818969979289,megakaryocyte_fibrosis_axis
TGFB3,Stromal,bin,34,2.80135,14.76493,0.705882352941177,0.047140323442266,profibrotic_cytokine_gf
S100A8,Stromal,bin,34,2.5838,19.78143,0.647058823529412,0.111277496915978,inflammatory_cytokine
SELL,Stromal,bin,34,2.47565,38.64517,0.647058823529412,0.10328606711299,monocyte_marker
ELN,Stromal,bin,34,2.4673,12.54691,0.617647058823529,0.0497413417420555,collagen_ecm_structural
IL1B,Stromal,bin,34,2.42425,35.86177,0.647058823529412,0.180408847181033,inflammatory_cytokine
CD96,Stromal,bin,34,2.21735,34.00853,0.647058823529412,0.0596142145275593,nectin_target
CXCL1,Stromal,bin,34,2.1846,10.31251,0.764705882352941,0.0749764711548416,inflammatory_cytokine
CCN1,Stromal,bin,11,2.0833,12.5,0.545454545454545,0.132853456439388,profibrotic_cytokine_gf
SPP1,Stromal,bin,34,2.07095,18.66682,0.558823529411765,0.156504010235594,profibrotic_cytokine_gf
FAP,Stromal,bin,34,2.03535,11.93141,0.588235294117647,0.0442783626259634,msc_niche
PVRL1,Stromal,bin,9,1.8692,4.17456,1,0.0319773376448438,nectin_target
MRC1,Stromal,bin,34,1.2966,14.85675,0.5,0.0809644800722156,macrophage_marker
PDGFB,Stromal,bin,34,1.29215,8.52834,0.5,0.0307955660472635,profibrotic_cytokine_gf
NLRP3,Stromal,bin,34,1.10075,25,0.558823529411765,0.112697855350584,inflammatory_cytokine
CCL4,Stromal,bin,34,1.06975,26.46168,0.529411764705882,0.118043083719724,inflammatory_cytokine
CDH2,Stromal,bin,34,1.00205,12.67687,0.5,0.0502454782444979,emt
OSM,Stromal,bin,34,0.94225,14.25,0.441176470588235,0.0293441756371231,profibrotic_cytokine_gf
TGFB2,Stromal,bin,34,0.9074,13.44198,0.5,0.0540740788561199,profibrotic_cytokine_gf
NES,Stromal,bin,34,0.80435,16.68333,0.470588235294118,0.0515766335146867,msc_niche
ITGA2B,Stromal,bin,34,0.76445,6.04933,0.5,0.0129525198355674,megakaryocyte_fibrosis_axis
CD226,Stromal,bin,34,0.72125,2.8899,0.441176470588235,0.00977854461529065,nectin_target
FCN1,Stromal,bin,34,0.63375,4.38558,0.382352941176471,0.0196872066268711,monocyte_marker
NFE2,Stromal,bin,34,0.54635,33.10605,0.441176470588235,0.0737643979732584,megakaryocyte_fibrosis_axis
TNF,Stromal,bin,34,0.43555,38.29544,0.323529411764706,0.146438836475785,inflammatory_cytokine
RGS5,Stromal,bin,34,0.4177,18.21512,0.411764705882353,0.155448710381048,msc_niche
PF4,Stromal,bin,34,0.33935,2.64863,0.294117647058824,0.00815553701687214,megakaryocyte_fibrosis_axis
GREM1,Stromal,bin,34,0.3387,1.90165,0.235294117647059,0.0135681991567369,msc_niche
POSTN,Stromal,bin,34,0.33595,3.68148,0.264705882352941,0.0164900028728386,collagen_ecm_structural
ASPN,Stromal,bin,34,0.25545,8.07568,0.382352941176471,0.0350213810338166,collagen_ecm_structural
FGF2,Stromal,bin,34,0.25545,8.74183,0.411764705882353,0.0286943266084464,profibrotic_cytokine_gf
S100A12,Stromal,bin,34,0.19315,4.08779,0.352941176470588,0.0188540248400543,monocyte_marker
OGN,Stromal,bin,34,0.1868,9.9495,0.441176470588235,0.0370653277883975,collagen_ecm_structural
PPBP,Stromal,bin,34,0.18055,2.07845,0.235294117647059,0.00803708484531444,megakaryocyte_fibrosis_axis
MMP9,Stromal,bin,34,0.167,3.03942,0.235294117647059,0.0113115309552547,ecm_remodeling
C1QA,Stromal,bin,34,0.15695,0.69513,0.0882352941176471,0.00341273340202804,macrophage_marker
IL11,Stromal,bin,34,0.12335,10.57558,0.323529411764706,0.0270098881696355,profibrotic_cytokine_gf
NECTIN4,Stromal,bin,25,0.0288,0.849520000000001,0.12,0.00168411289897005,nectin_target
C1QB,Stromal,bin,34,0.02645,0.45908,0.0294117647058824,0.00186917079436288,macrophage_marker
IGF2,Stromal,bin,34,0,80.98215,0.382352941176471,0.392795897899835,profibrotic_cytokine_gf
IL10,Stromal,bin,34,0,1.91135,0.147058823529412,0.0037004016108968,inflammatory_cytokine
IFNG,Stromal,bin,34,0,0.08862,0.0294117647058824,0.00165151984087222,inflammatory_cytokine
GP9,Stromal,bin,34,0,0.86657,0.0882352941176471,0.00233993519143929,megakaryocyte_fibrosis_axis
GATA1,Stromal,bin,34,0,0.67721,0.0588235294117647,0.00194446074667394,megakaryocyte_fibrosis_axis
MPL,Stromal,bin,34,0,0.79357,0.0882352941176471,0.00162569183254468,megakaryocyte_fibrosis_axis
SFRP2,Stromal,bin,34,0,6.76282,0.176470588235294,0.0269349243341366,msc_niche
SP7,Stromal,bin,34,0,5.66815,0.352941176470588,0.0149245988617021,msc_niche
CA9,Stromal,bin,34,0,0.82118,0.0882352941176471,0.00184441524074144,hypoxia
TIGIT,Stromal,bin,34,0,0.62487,0.0294117647058824,0.00135435880568909,nectin_target
C1QC,Stromal,bin,34,0,0.27467,0,0.00084678412017028,macrophage_marker
CD163,Stromal,bin,34,0,0.2005,0.0294117647058824,0.00290271843637565,macrophage_marker
VSIG4,Stromal,bin,34,0,0.14252,0.0294117647058824,0.00208793861825517,macrophage_marker
LYVE1,Stromal,bin,34,0,5.98587,0.352941176470588,0.0161569068288583,macrophage_marker
PVRL4,Stromal,bin,9,0,0.209139999999999,0,0.000962882435650834,nectin_target
CCN2,Stromal,bin,11,0,10,0.272727272727273,0.102138124920547,profibrotic_cytokine_gf
VIM,T_NK,bin,188,82.8956,96.11697,1,1.95661490326371,emt
LDHA,T_NK,bin,188,55.4964,86.62149,1,1.0064215623632,hypoxia
CALR,T_NK,bin,188,53.20295,78.72649,1,0.946660511518433,megakaryocyte_fibrosis_axis
TGFB1,T_NK,bin,188,50.2672,84.49398,1,0.896270391565748,profibrotic_cytokine_gf
PGK1,T_NK,bin,188,43.32695,76.63792,1,0.690050815785589,hypoxia
PLAC8,T_NK,bin,188,40.7872,67.8571,1,0.691859510996288,monocyte_marker
ZEB2,T_NK,bin,188,33.17805,63.2799,1,0.635577940351308,emt
CD96,T_NK,bin,188,29.29895,55.80669,0.99468085106383,0.512798307941223,nectin_target
HIF1A,T_NK,bin,188,26.498,54.55463,1,0.427993877911972,hypoxia
SELL,T_NK,bin,188,25.83425,57.10373,1,0.507916780156425,monocyte_marker
CCL4,T_NK,bin,188,23.46,51.38739,0.845744680851064,0.565901022251188,inflammatory_cytokine
TIMP1,T_NK,bin,188,18.1094,40.13914,0.98936170212766,0.304293728963526,ecm_remodeling
TGFBR2,T_NK,bin,188,18.0945,45.82253,0.99468085106383,0.334448249089917,profibrotic_cytokine_gf
ZEB1,T_NK,bin,188,12.72605,43.61262,0.98936170212766,0.248949276150001,emt
MAF,T_NK,bin,188,11.5466,27.92406,0.973404255319149,0.223380767714894,macrophage_marker
CCL3,T_NK,bin,188,8.58985,25.02899,0.867021276595745,0.24616115468034,inflammatory_cytokine
CD226,T_NK,bin,188,8.27135,19.37655,0.914893617021277,0.137815643249048,nectin_target
NDRG1,T_NK,bin,188,7.73565,26.09389,0.98936170212766,0.145504814304027,hypoxia
TIGIT,T_NK,bin,188,7.69525,18.99432,0.893617021276596,0.145912940218265,nectin_target
PECAM1,T_NK,bin,188,7.57135,33.41626,0.99468085106383,0.165636299033685,msc_niche
BNIP3,T_NK,bin,188,7.02215,17.9298,0.978723404255319,0.104085944188809,hypoxia
TGFBR1,T_NK,bin,188,6.99915,19.70962,0.984042553191489,0.114617594605455,profibrotic_cytokine_gf
RUNX2,T_NK,bin,188,6.6976,36.54931,0.973404255319149,0.17546619044745,msc_niche
S100A9,T_NK,bin,188,5.9693,40.7048,0.803191489361702,0.25415425728305,inflammatory_cytokine
JAK2,T_NK,bin,188,4.58285,18.1843,0.973404255319149,0.0861524481120593,megakaryocyte_fibrosis_axis
SLC2A1,T_NK,bin,188,4.37655,11.67732,0.920212765957447,0.070779243153775,hypoxia
COL6A2,T_NK,bin,188,4.2683,10.04614,0.824468085106383,0.0715033460995251,collagen_ecm_structural
TNF,T_NK,bin,188,4.0428,16.58049,0.813829787234043,0.121153542459044,inflammatory_cytokine
S100A8,T_NK,bin,188,3.7815,28.58919,0.728723404255319,0.173389934838471,inflammatory_cytokine
IFNG,T_NK,bin,188,3.5053,21.5824,0.813829787234043,0.139312930772729,inflammatory_cytokine
IL18,T_NK,bin,188,2.9153,32.98309,0.723404255319149,0.121971769816432,inflammatory_cytokine
CSF3R,T_NK,bin,188,2.5987,11.98138,0.659574468085106,0.0649160422986998,monocyte_marker
OSM,T_NK,bin,188,1.96385,8.96417,0.686170212765958,0.0404363891119534,profibrotic_cytokine_gf
CXCL8,T_NK,bin,188,1.9425,22.54793,0.611702127659575,0.114504226142395,inflammatory_cytokine
TIMP2,T_NK,bin,188,1.9156,15.2756,0.648936170212766,0.0532617908987295,ecm_remodeling
NLRP3,T_NK,bin,188,1.696,8.59631,0.643617021276596,0.0401976552218525,inflammatory_cytokine
MYH11,T_NK,bin,188,1.37885,6.1149,0.585106382978723,0.0271036061883689,msc_niche
ACTA2,T_NK,bin,188,1.3446,6.50003,0.601063829787234,0.0305780789221581,msc_niche
PLOD1,T_NK,bin,188,1.1844,6.03258000000001,0.542553191489362,0.0260203156338385,ecm_remodeling
IL1B,T_NK,bin,188,0.94875,6.73567,0.478723404255319,0.0340885778177632,inflammatory_cytokine
VCAN,T_NK,bin,188,0.819,5.82589000000001,0.441489361702128,0.0342985134127625,monocyte_marker
NECTIN3,T_NK,bin,167,0.7937,6.37712,0.455089820359281,0.0296598468372419,nectin_target
NECTIN2,T_NK,bin,167,0.7326,10.68552,0.431137724550898,0.0303727295071858,nectin_target
NFE2,T_NK,bin,188,0.7036,10.42596,0.420212765957447,0.0430334071941424,megakaryocyte_fibrosis_axis
SERPINH1,T_NK,bin,188,0.70175,3.32777,0.382978723404255,0.0165335732304461,ecm_remodeling
FCN1,T_NK,bin,188,0.70055,6.7033,0.414893617021277,0.0327927492608207,monocyte_marker
ANGPT1,T_NK,bin,188,0.70015,16.34541,0.436170212765957,0.0665149617842442,msc_niche
PVRL3,T_NK,bin,30,0.6538,1.7532,0.366666666666667,0.0126200238890468,nectin_target
TAGLN,T_NK,bin,188,0.65265,2.86471,0.351063829787234,0.0131332705024708,msc_niche
SEPP1,T_NK,bin,30,0.5819,3.33666000000001,0.3,0.0296927045343068,macrophage_marker
NECTIN1,T_NK,bin,167,0.5618,3.77062,0.401197604790419,0.0148232544651005,nectin_target
LEPR,T_NK,bin,188,0.5596,3.41782,0.324468085106383,0.0132814913510169,msc_niche
EPAS1,T_NK,bin,188,0.51105,3.88007,0.393617021276596,0.0206631773465008,hypoxia
SPARC,T_NK,bin,188,0.4958,11.14953,0.367021276595745,0.0319623590226701,collagen_ecm_structural
CXCL2,T_NK,bin,188,0.47565,4.98434,0.372340425531915,0.0208716456818321,inflammatory_cytokine
VCAM1,T_NK,bin,188,0.4711,2.80795,0.292553191489362,0.0166582120375048,msc_niche
SELENOP,T_NK,bin,167,0.4684,7.78998,0.413173652694611,0.0449121160178839,macrophage_marker
CTSK,T_NK,bin,188,0.44215,1.56684,0.202127659574468,0.00798771659191069,ecm_remodeling
PDGFRB,T_NK,bin,188,0.4292,3.25222,0.319148936170213,0.0144339171106885,profibrotic_cytokine_gf
VEGFA,T_NK,bin,188,0.3728,2.64872,0.287234042553192,0.0122196899279548,profibrotic_cytokine_gf
COL6A1,T_NK,bin,188,0.36805,1.72411,0.25531914893617,0.00885486019213686,collagen_ecm_structural
BGLAP,T_NK,bin,188,0.3325,2.80159,0.25531914893617,0.014867348055402,msc_niche
TGFB3,T_NK,bin,188,0.3216,1.29562,0.164893617021277,0.00643746355449381,profibrotic_cytokine_gf
PDGFA,T_NK,bin,188,0.31905,3.10416,0.276595744680851,0.0165890266046088,profibrotic_cytokine_gf
S100A12,T_NK,bin,188,0.31355,2.77462,0.271276595744681,0.0159635559297561,monocyte_marker
ADAMTS1,T_NK,bin,188,0.3044,2.38958,0.25,0.0114727773404889,ecm_remodeling
HGF,T_NK,bin,188,0.29875,5.09573,0.319148936170213,0.0253001038861575,profibrotic_cytokine_gf
LOXL1,T_NK,bin,188,0.292,1.32046,0.154255319148936,0.00559786564829419,ecm_remodeling
PVRL2,T_NK,bin,30,0.2898,1.96657,0.233333333333333,0.011087086399273,nectin_target
STAB1,T_NK,bin,188,0.28255,4.64608000000001,0.24468085106383,0.0248673229785109,macrophage_marker
SNAI1,T_NK,bin,188,0.27055,2.33974,0.287234042553192,0.0143537396751249,emt
PVRL1,T_NK,bin,30,0.2626,1.25102,0.133333333333333,0.00813717560837642,nectin_target
PDGFB,T_NK,bin,188,0.24615,1.68714,0.207446808510638,0.00812572005120166,profibrotic_cytokine_gf
PVR,T_NK,bin,188,0.23425,1.66208,0.180851063829787,0.00715711640067213,nectin_target
SERPINE1,T_NK,bin,188,0.2068,2.7778,0.218085106382979,0.0130100773907901,ecm_remodeling
MMP9,T_NK,bin,188,0.1868,1.83242,0.196808510638298,0.00777113879322646,ecm_remodeling
COL6A3,T_NK,bin,188,0.1614,3.31022,0.207446808510638,0.0192332455562297,collagen_ecm_structural
IL10,T_NK,bin,188,0.1375,1.26079,0.132978723404255,0.00668470652159588,inflammatory_cytokine
FN1,T_NK,bin,188,0.12625,1.14534,0.122340425531915,0.00678741670714369,collagen_ecm_structural
LOXL2,T_NK,bin,188,0.12045,0.71014,0.0691489361702128,0.00304597986148202,ecm_remodeling
COL1A1,T_NK,bin,188,0.11735,1.66533,0.196808510638298,0.00878044979975656,collagen_ecm_structural
ITGA2B,T_NK,bin,188,0.1095,1.27791,0.143617021276596,0.0104630859102386,megakaryocyte_fibrosis_axis
MGP,T_NK,bin,188,0.1075,1.18418,0.117021276595745,0.00847980171904258,collagen_ecm_structural
ADM,T_NK,bin,188,0.09765,1.2048,0.138297872340426,0.00563363256298784,hypoxia
COL5A1,T_NK,bin,188,0.07615,2.1607,0.154255319148936,0.00840845227337193,collagen_ecm_structural
NGFR,T_NK,bin,188,0.066,1.13931,0.127659574468085,0.00443130416086811,msc_niche
COL1A2,T_NK,bin,188,0,0.33168,0.0638297872340426,0.00587778674000415,collagen_ecm_structural
COL3A1,T_NK,bin,188,0,0.136170000000001,0.0319148936170213,0.00192734288645676,collagen_ecm_structural
COL4A1,T_NK,bin,188,0,0,0.0159574468085106,0.000392566927035531,collagen_ecm_structural
COL5A2,T_NK,bin,188,0,0.694160000000001,0.074468085106383,0.00201187254082551,collagen_ecm_structural
COL11A1,T_NK,bin,184,0,0,0.0271739130434783,0.000983569604605399,collagen_ecm_structural
LUM,T_NK,bin,188,0,0.22636,0.0585106382978723,0.0024997822623195,collagen_ecm_structural
DCN,T_NK,bin,188,0,0.294700000000001,0.0691489361702128,0.00353636633144148,collagen_ecm_structural
POSTN,T_NK,bin,188,0,0,0,0.000103065286663693,collagen_ecm_structural
BGN,T_NK,bin,188,0,0.0496600000000005,0.0265957446808511,0.000767336387186768,collagen_ecm_structural
ELN,T_NK,bin,188,0,0.896160000000001,0.0851063829787234,0.00390791521658874,collagen_ecm_structural
FBN1,T_NK,bin,188,0,1.51497,0.132978723404255,0.00600170449216425,collagen_ecm_structural
OGN,T_NK,bin,188,0,1.24321,0.122340425531915,0.00424076464077847,collagen_ecm_structural
ASPN,T_NK,bin,188,0,0.39463,0.0691489361702128,0.00256977790099289,collagen_ecm_structural
TNC,T_NK,bin,188,0,0.707940000000001,0.0691489361702128,0.0023206399004019,collagen_ecm_structural
LTBP1,T_NK,bin,188,0,1.37134,0.117021276595745,0.00422832792426395,collagen_ecm_structural
LTBP2,T_NK,bin,188,0,0.40269,0.0531914893617021,0.00260103781781755,collagen_ecm_structural
LOX,T_NK,bin,188,0,0.667330000000001,0.0851063829787234,0.00343544635891066,ecm_remodeling
PLOD2,T_NK,bin,188,0,0.741250000000002,0.0797872340425532,0.00258161615873962,ecm_remodeling
TIMP3,T_NK,bin,188,0,1.11757,0.117021276595745,0.0101384231372422,ecm_remodeling
MMP2,T_NK,bin,188,0,3.38281000000001,0.218085106382979,0.0149030165475452,ecm_remodeling
MMP14,T_NK,bin,188,0,0.26075,0.0372340425531915,0.00157924933107293,ecm_remodeling
TGFB2,T_NK,bin,188,0,0.13462,0.0212765957446809,0.000743738726545724,profibrotic_cytokine_gf
PDGFRA,T_NK,bin,188,0,0,0.0159574468085106,0.000626196233475357,profibrotic_cytokine_gf
IGF1,T_NK,bin,188,0,0.588850000000001,0.0585106382978723,0.00266752923658315,profibrotic_cytokine_gf
IGF2,T_NK,bin,188,0,0.13662,0.0106382978723404,0.00100711720333325,profibrotic_cytokine_gf
FGF2,T_NK,bin,188,0,0.0845,0.0106382978723404,0.000783012209423956,profibrotic_cytokine_gf
OSMR,T_NK,bin,188,0,0.52385,0.0691489361702128,0.00266807332218963,profibrotic_cytokine_gf
IL11,T_NK,bin,188,0,0.52584,0.0372340425531915,0.0019301893044384,profibrotic_cytokine_gf
SPP1,T_NK,bin,188,0,1.23399,0.122340425531915,0.00617909008634828,profibrotic_cytokine_gf
IL6,T_NK,bin,188,0,0.301190000000001,0.0425531914893617,0.00188044973678124,inflammatory_cytokine
CCL2,T_NK,bin,188,0,1.06746,0.106382978723404,0.00492151437267205,inflammatory_cytokine
CXCL1,T_NK,bin,188,0,0.28919,0.0212765957446809,0.00113014275531485,inflammatory_cytokine
PF4,T_NK,bin,188,0,0.935910000000002,0.101063829787234,0.00673962569144591,megakaryocyte_fibrosis_axis
PPBP,T_NK,bin,188,0,1.97264,0.175531914893617,0.0148038723946632,megakaryocyte_fibrosis_axis
VWF,T_NK,bin,188,0,0.745480000000002,0.0797872340425532,0.00233113862805773,megakaryocyte_fibrosis_axis
GP9,T_NK,bin,188,0,0.46495,0.0638297872340426,0.00193997130817537,megakaryocyte_fibrosis_axis
GATA1,T_NK,bin,188,0,0.78535,0.0851063829787234,0.003816510531952,megakaryocyte_fibrosis_axis
MPL,T_NK,bin,188,0,0.386330000000001,0.0585106382978723,0.00277812173362628,megakaryocyte_fibrosis_axis
CXCL12,T_NK,bin,188,0,2.24678,0.111702127659574,0.0119106621707419,msc_niche
KITLG,T_NK,bin,188,0,0.16184,0.0265957446808511,0.00081098522480169,msc_niche
NES,T_NK,bin,188,0,0,0,0.000119196857132684,msc_niche
SFRP2,T_NK,bin,188,0,0,0.0106382978723404,0.000159431360400357,msc_niche
SFRP4,T_NK,bin,188,0,0.32622,0.0531914893617021,0.0014657977237801,msc_niche
GREM1,T_NK,bin,188,0,1.12129,0.127659574468085,0.00573780598114334,msc_niche
FAP,T_NK,bin,188,0,0.06906,0.0212765957446809,0.000549953369698028,msc_niche
SP7,T_NK,bin,188,0,0.0580200000000005,0.0106382978723404,0.000596603243241422,msc_niche
RGS5,T_NK,bin,188,0,0.65585,0.0638297872340426,0.00306400302730702,msc_niche
CDH5,T_NK,bin,188,0,0,0,0.000115409969095895,msc_niche
EMCN,T_NK,bin,188,0,0.23931,0.0531914893617021,0.00114257793623573,msc_niche
CA9,T_NK,bin,188,0,0.0483200000000001,0,0.000235928707646063,hypoxia
SNAI2,T_NK,bin,188,0,0,0.00531914893617021,0.000345965914146242,emt
TWIST1,T_NK,bin,188,0,0.21915,0.0478723404255319,0.00251765242189082,emt
CDH2,T_NK,bin,188,0,2.7778,0.159574468085106,0.00809055731437347,emt
C1QA,T_NK,bin,188,0,0.3971,0.0585106382978723,0.00336766838235808,macrophage_marker
C1QB,T_NK,bin,188,0,0.24843,0.0265957446808511,0.001834696628844,macrophage_marker
C1QC,T_NK,bin,188,0,0.13753,0.0159574468085106,0.000769129249684753,macrophage_marker
CD163,T_NK,bin,188,0,0.31492,0.0372340425531915,0.00186926060592899,macrophage_marker
MRC1,T_NK,bin,188,0,0.9961,0.101063829787234,0.0071289116252866,macrophage_marker
VSIG4,T_NK,bin,188,0,0.12135,0.0106382978723404,0.00066878829404986,macrophage_marker
LYVE1,T_NK,bin,188,0,0,0,0.000191430016735454,macrophage_marker
CTGF,T_NK,bin,97,0,1.17688,0.123711340206186,0.00373855453319317,profibrotic_cytokine_gf
CYR61,T_NK,bin,97,0,0.54276,0.0618556701030928,0.00199205395296875,profibrotic_cytokine_gf
PVRL4,T_NK,bin,30,0,0,0,8.92209794916573e-05,nectin_target
NECTIN4,T_NK,bin,167,0,0.11546,0,0.00049572339965954,nectin_target
CCN2,T_NK,bin,91,0,0.6397,0.0769230769230769,0.0039543468735981,profibrotic_cytokine_gf
CCN1,T_NK,bin,91,0,0.1531,0.043956043956044,0.00306220601457011,profibrotic_cytokine_gf
VIM,unassigned,bin,203,85.5263,99.18954,1,2.45707342528719,emt
CALR,unassigned,bin,203,57.6271,84.80188,1,1.01955963602096,megakaryocyte_fibrosis_axis
ZEB2,unassigned,bin,203,54.375,83.53994,1,1.00932058665116,emt
LDHA,unassigned,bin,203,52.4691,81.24738,1,0.825388639875389,hypoxia
PGK1,unassigned,bin,203,47.2,80.8996,1,0.707593678000966,hypoxia
HIF1A,unassigned,bin,203,40.7895,78.67716,0.985221674876847,0.670741563185062,hypoxia
TGFB1,unassigned,bin,203,39.5197,75.79672,0.995073891625616,0.616825651399256,profibrotic_cytokine_gf
PLAC8,unassigned,bin,203,37.6891,68.47616,1,0.614208842500061,monocyte_marker
TIMP1,unassigned,bin,203,36.8,78.2609,0.985221674876847,0.652544479974274,ecm_remodeling
SELL,unassigned,bin,203,25.9554,53.91834,0.970443349753695,0.408020679084896,monocyte_marker
CSF3R,unassigned,bin,203,22.381,64.6105,0.891625615763547,0.420613882526935,monocyte_marker
CXCL8,unassigned,bin,203,20,70.56322,0.891625615763547,0.738473272483726,inflammatory_cytokine
S100A9,unassigned,bin,203,19.6078,71.25488,0.857142857142857,0.871518195077707,inflammatory_cytokine
PECAM1,unassigned,bin,203,17.2358,50,0.975369458128079,0.280987024746776,msc_niche
TIMP2,unassigned,bin,203,16.8675,46.92698,0.911330049261084,0.220802100749315,ecm_remodeling
TGFBR2,unassigned,bin,203,16.3636,40.85712,0.970443349753695,0.272576944478066,profibrotic_cytokine_gf
IL18,unassigned,bin,203,15.0943,47.54974,0.921182266009852,0.227408897241482,inflammatory_cytokine
NDRG1,unassigned,bin,203,14.5038,44.1176,0.975369458128079,0.244877985444756,hypoxia
S100A8,unassigned,bin,203,13.6792,67.32454,0.817733990147783,0.745868476448248,inflammatory_cytokine
JAK2,unassigned,bin,203,13.3333,34.30306,0.980295566502463,0.185923224711357,megakaryocyte_fibrosis_axis
SEPP1,unassigned,bin,37,11.8294,45.74908,0.837837837837838,0.368803099557965,macrophage_marker
RUNX2,unassigned,bin,203,11.1111,33.13722,0.96551724137931,0.183419474377241,msc_niche
CD96,unassigned,bin,203,9.4787,36.9069,0.876847290640394,0.201264063803738,nectin_target
ANGPT1,unassigned,bin,203,9.375,44.48724,0.832512315270936,0.224216299883736,msc_niche
IL1B,unassigned,bin,203,9.2511,39.50928,0.862068965517241,0.290914700182835,inflammatory_cytokine
NLRP3,unassigned,bin,203,9.0764,36.8203,0.847290640394089,0.188314336046465,inflammatory_cytokine
NFE2,unassigned,bin,203,8.8348,43.04144,0.891625615763547,0.188684731652279,megakaryocyte_fibrosis_axis
ZEB1,unassigned,bin,203,8.6957,39.44512,0.891625615763547,0.194410256605322,emt
TGFBR1,unassigned,bin,203,8.3333,26.64596,0.926108374384236,0.124102778678138,profibrotic_cytokine_gf
CXCL2,unassigned,bin,203,7.6923,40.42962,0.862068965517241,0.305019742361789,inflammatory_cytokine
CCL3,unassigned,bin,203,7.4627,37.7692,0.832512315270936,0.30387461308063,inflammatory_cytokine
VCAN,unassigned,bin,203,7.1429,44.68452,0.74384236453202,0.405243880166736,monocyte_marker
BNIP3,unassigned,bin,203,7.1429,21.86796,0.896551724137931,0.0961278959643231,hypoxia
NECTIN2,unassigned,bin,175,6.7039,34.91262,0.771428571428571,0.11044431897588,nectin_target
FCN1,unassigned,bin,203,6.2241,42.5792600000001,0.748768472906404,0.294959953397539,monocyte_marker
STAB1,unassigned,bin,203,6.1947,30.7444,0.753694581280788,0.147361612490776,macrophage_marker
PVRL2,unassigned,bin,37,6.1611,22.86468,0.864864864864865,0.118518706829392,nectin_target
CCL4,unassigned,bin,203,4.9383,30.79306,0.733990147783251,0.274201184898177,inflammatory_cytokine
SPARC,unassigned,bin,203,4.6154,34.14406,0.748768472906404,0.130295551949423,collagen_ecm_structural
SLC2A1,unassigned,bin,203,4.386,17.33334,0.852216748768473,0.076074799012606,hypoxia
SELENOP,unassigned,bin,175,3.7736,39.16356,0.68,0.156377610277944,macrophage_marker
PLOD1,unassigned,bin,203,3.6697,12.86382,0.798029556650246,0.0446575534164781,ecm_remodeling
TNF,unassigned,bin,203,3.5714,27.23646,0.699507389162562,0.156186318171705,inflammatory_cytokine
MAF,unassigned,bin,203,3.5714,19.17614,0.758620689655172,0.107809539014112,macrophage_marker
OSM,unassigned,bin,203,3.5032,19.8835,0.733990147783251,0.0771403536692449,profibrotic_cytokine_gf
HGF,unassigned,bin,203,3.4483,17.36482,0.753694581280788,0.0942559103663955,profibrotic_cytokine_gf
VEGFA,unassigned,bin,203,3.3898,22.48946,0.714285714285714,0.0991103594425675,profibrotic_cytokine_gf
ADM,unassigned,bin,203,2.963,15.59988,0.645320197044335,0.0810795074927363,hypoxia
S100A12,unassigned,bin,203,2.9412,28.5434,0.625615763546798,0.191516929492929,monocyte_marker
ACTA2,unassigned,bin,203,2.4845,10.4603,0.694581280788177,0.0391655213234123,msc_niche
LEPR,unassigned,bin,203,2.2727,15.63396,0.655172413793103,0.0848769752573712,msc_niche
TAGLN,unassigned,bin,203,2.1277,12.00466,0.660098522167488,0.0588636371590408,msc_niche
ITGA2B,unassigned,bin,203,2.0833,10.74134,0.684729064039409,0.0757644986893815,megakaryocyte_fibrosis_axis
CD226,unassigned,bin,203,1.8868,10.1356,0.591133004926109,0.0534153175083363,nectin_target
SERPINH1,unassigned,bin,203,1.8692,13.17848,0.640394088669951,0.046057361586196,ecm_remodeling
MMP2,unassigned,bin,203,1.462,15.3846,0.556650246305419,0.0508049640837511,ecm_remodeling
MYH11,unassigned,bin,203,1.4151,7.6923,0.566502463054187,0.0306611343944862,msc_niche
PVR,unassigned,bin,203,1.3699,7.81294,0.576354679802956,0.023174087696495,nectin_target
NECTIN1,unassigned,bin,175,1.2448,8.09106,0.554285714285714,0.0258634880707731,nectin_target
SNAI1,unassigned,bin,203,1.2346,12.24302,0.54679802955665,0.0403589821362561,emt
PVRL1,unassigned,bin,37,1.107,4.04684,0.540540540540541,0.0216175148202141,nectin_target
CTSK,unassigned,bin,203,1.0846,5.96504,0.512315270935961,0.0201399417195279,ecm_remodeling
EPAS1,unassigned,bin,203,1.0471,15.70852,0.502463054187192,0.0738935779026834,hypoxia
TIMP3,unassigned,bin,203,1.0417,18.3376,0.502463054187192,0.0826836963098601,ecm_remodeling
SERPINE1,unassigned,bin,203,1.0309,13.01544,0.512315270935961,0.0526842618889233,ecm_remodeling
COL6A2,unassigned,bin,203,0.9091,13.57578,0.492610837438424,0.0613273404969649,collagen_ecm_structural
CD163,unassigned,bin,203,0.7968,8.31048,0.458128078817734,0.0428501942795132,macrophage_marker
TIGIT,unassigned,bin,203,0.7614,10.33002,0.477832512315271,0.0459054260489874,nectin_target
PPBP,unassigned,bin,203,0.7214,8.22912,0.467980295566503,0.0947219574918446,megakaryocyte_fibrosis_axis
LTBP1,unassigned,bin,203,0.7168,14.48706,0.438423645320197,0.0600675398058216,collagen_ecm_structural
PDGFA,unassigned,bin,203,0.6211,7.62214,0.458128078817734,0.0385424277847618,profibrotic_cytokine_gf
GATA1,unassigned,bin,203,0.6211,7.93846,0.443349753694581,0.0380709258099224,megakaryocyte_fibrosis_axis
FBN1,unassigned,bin,203,0.6073,11.0248,0.413793103448276,0.0558497020545889,collagen_ecm_structural
CXCL1,unassigned,bin,203,0.5587,6.86702,0.433497536945813,0.0344154446642869,inflammatory_cytokine
BGLAP,unassigned,bin,203,0.4,6.00408,0.369458128078818,0.0210084145047584,msc_niche
GP9,unassigned,bin,203,0.3724,6.17924,0.369458128078818,0.0358365517878005,megakaryocyte_fibrosis_axis
FN1,unassigned,bin,203,0.2183,8.97612000000002,0.359605911330049,0.0424729325876198,collagen_ecm_structural
MRC1,unassigned,bin,203,0.2169,8.96524,0.389162561576355,0.0407887306170596,macrophage_marker
VWF,unassigned,bin,203,0.2,4.79582,0.364532019704434,0.0309010112490471,megakaryocyte_fibrosis_axis
COL6A1,unassigned,bin,203,0.1376,11.5385,0.364532019704434,0.0415702414349366,collagen_ecm_structural
COL1A1,unassigned,bin,203,0,5.21056,0.211822660098522,0.029413971657376,collagen_ecm_structural
COL1A2,unassigned,bin,203,0,2.88834000000001,0.12807881773399,0.0433958470878565,collagen_ecm_structural
COL3A1,unassigned,bin,203,0,1.79898,0.118226600985222,0.0272210190838491,collagen_ecm_structural
COL4A1,unassigned,bin,203,0,1.73626,0.118226600985222,0.0215403544039901,collagen_ecm_structural
COL5A1,unassigned,bin,203,0,6.50768,0.339901477832512,0.0225551631389122,collagen_ecm_structural
COL5A2,unassigned,bin,203,0,3.30156,0.16256157635468,0.0177735930716612,collagen_ecm_structural
COL6A3,unassigned,bin,203,0,12.09222,0.315270935960591,0.0519465128970903,collagen_ecm_structural
COL11A1,unassigned,bin,190,0,2.1034,0.126315789473684,0.0121739258044684,collagen_ecm_structural
LUM,unassigned,bin,203,0,6.87272000000001,0.147783251231527,0.0350178805399786,collagen_ecm_structural
DCN,unassigned,bin,203,0,5.78766000000001,0.157635467980296,0.0496079017358146,collagen_ecm_structural
POSTN,unassigned,bin,203,0,0,0.0197044334975369,0.00102945541360791,collagen_ecm_structural
BGN,unassigned,bin,203,0,1.92374,0.113300492610837,0.0149829469806173,collagen_ecm_structural
ELN,unassigned,bin,203,0,5.50290000000001,0.236453201970443,0.0137710930337026,collagen_ecm_structural
MGP,unassigned,bin,203,0,5.35368,0.206896551724138,0.0494239903920307,collagen_ecm_structural
OGN,unassigned,bin,203,0,1.57234,0.147783251231527,0.00390702743024941,collagen_ecm_structural
ASPN,unassigned,bin,203,0,0.726780000000001,0.0788177339901478,0.00291024730387103,collagen_ecm_structural
TNC,unassigned,bin,203,0,4.97088,0.187192118226601,0.0291491271057238,collagen_ecm_structural
LTBP2,unassigned,bin,203,0,3.0303,0.137931034482759,0.0197397901561835,collagen_ecm_structural
LOX,unassigned,bin,203,0,3.11224,0.236453201970443,0.0111981227688567,ecm_remodeling
LOXL1,unassigned,bin,203,0,3.0769,0.25615763546798,0.00733684364721656,ecm_remodeling
LOXL2,unassigned,bin,203,0,1.37372,0.133004926108374,0.00716623882294755,ecm_remodeling
PLOD2,unassigned,bin,203,0,8.72946,0.32512315270936,0.0281583208460365,ecm_remodeling
MMP9,unassigned,bin,203,0,2.95056,0.241379310344828,0.0146576374446116,ecm_remodeling
MMP14,unassigned,bin,203,0,5.99134,0.320197044334975,0.0143861117208602,ecm_remodeling
ADAMTS1,unassigned,bin,203,0,7.57576,0.261083743842365,0.0318028177928288,ecm_remodeling
TGFB2,unassigned,bin,203,0,1.57604,0.12807881773399,0.0053254069190665,profibrotic_cytokine_gf
TGFB3,unassigned,bin,203,0,2.2906,0.206896551724138,0.00720806489246233,profibrotic_cytokine_gf
PDGFB,unassigned,bin,203,0,2.43036,0.167487684729064,0.0097108447086188,profibrotic_cytokine_gf
PDGFRA,unassigned,bin,203,0,4.03512000000001,0.152709359605911,0.018696989202063,profibrotic_cytokine_gf
PDGFRB,unassigned,bin,203,0,7.13684000000001,0.315270935960591,0.0255861820424005,profibrotic_cytokine_gf
IGF1,unassigned,bin,203,0,3.21556,0.241379310344828,0.0118659125419453,profibrotic_cytokine_gf
IGF2,unassigned,bin,203,0,0.46546,0.0886699507389163,0.0152389760393428,profibrotic_cytokine_gf
FGF2,unassigned,bin,203,0,1.02384,0.103448275862069,0.00755651422235949,profibrotic_cytokine_gf
OSMR,unassigned,bin,203,0,2.21254,0.147783251231527,0.0255133167572092,profibrotic_cytokine_gf
IL11,unassigned,bin,203,0,1.67006,0.133004926108374,0.00567160913394052,profibrotic_cytokine_gf
SPP1,unassigned,bin,203,0,4.30016,0.270935960591133,0.0256631594687301,profibrotic_cytokine_gf
IL6,unassigned,bin,203,0,3.13902000000001,0.226600985221675,0.0215291401619624,inflammatory_cytokine
IL10,unassigned,bin,203,0,3.0303,0.246305418719212,0.0114328066444255,inflammatory_cytokine
IFNG,unassigned,bin,203,0,4.95238,0.359605911330049,0.0500051409970589,inflammatory_cytokine
CCL2,unassigned,bin,203,0,7.24674,0.310344827586207,0.0341260334064671,inflammatory_cytokine
PF4,unassigned,bin,203,0,6.93260000000001,0.334975369458128,0.0622986204818968,megakaryocyte_fibrosis_axis
MPL,unassigned,bin,203,0,3.6969,0.236453201970443,0.0139485335963277,megakaryocyte_fibrosis_axis
CXCL12,unassigned,bin,203,0,10.09538,0.192118226600985,0.0993435722814605,msc_niche
KITLG,unassigned,bin,203,0,3.16888,0.211822660098522,0.0214525225868351,msc_niche
VCAM1,unassigned,bin,203,0,7.3545,0.25615763546798,0.0542790379853403,msc_niche
NES,unassigned,bin,203,0,0.814960000000001,0.0935960591133005,0.00446749024985257,msc_niche
NGFR,unassigned,bin,203,0,2.82622,0.192118226600985,0.00671368305095521,msc_niche
SFRP2,unassigned,bin,203,0,0,0.0295566502463054,0.000791777569728024,msc_niche
SFRP4,unassigned,bin,203,0,2.08044,0.167487684729064,0.00993522314419258,msc_niche
GREM1,unassigned,bin,203,0,1.82186,0.16256157635468,0.00683743966036734,msc_niche
FAP,unassigned,bin,203,0,0.62196,0.0738916256157636,0.0030406496319462,msc_niche
SP7,unassigned,bin,203,0,0.923780000000003,0.0886699507389163,0.00240799621869729,msc_niche
RGS5,unassigned,bin,203,0,1.93432,0.177339901477833,0.00710918476978969,msc_niche
CDH5,unassigned,bin,203,0,3.02038,0.137931034482759,0.0167056508811044,msc_niche
EMCN,unassigned,bin,203,0,3.55888,0.187192118226601,0.0285092946965028,msc_niche
CA9,unassigned,bin,203,0,0.1905,0.00985221674876847,0.000680566519521243,hypoxia
SNAI2,unassigned,bin,203,0,0.399,0.0935960591133005,0.00702288255432179,emt
TWIST1,unassigned,bin,203,0,3.15506,0.187192118226601,0.0106227863839679,emt
CDH2,unassigned,bin,203,0,3.21556,0.231527093596059,0.0118709095471618,emt
C1QA,unassigned,bin,203,0,5.61112,0.315270935960591,0.0446255204855715,macrophage_marker
C1QB,unassigned,bin,203,0,2.85942,0.216748768472906,0.0290613212780833,macrophage_marker
C1QC,unassigned,bin,203,0,2.17776,0.167487684729064,0.0221619224238942,macrophage_marker
VSIG4,unassigned,bin,203,0,3.86952,0.226600985221675,0.0190719310609018,macrophage_marker
LYVE1,unassigned,bin,203,0,2.21254,0.12807881773399,0.0130714665935616,macrophage_marker
CTGF,unassigned,bin,107,0,12.763,0.289719626168224,0.0636514229377233,profibrotic_cytokine_gf
CYR61,unassigned,bin,107,0,11.62898,0.214953271028037,0.0368300747089145,profibrotic_cytokine_gf
PVRL4,unassigned,bin,37,0,0.611519999999999,0.0810810810810811,0.00244480495055277,nectin_target
PVRL3,unassigned,bin,37,0,2.28202,0.162162162162162,0.00840773738472043,nectin_target
NECTIN4,unassigned,bin,175,0,1.00962,0.102857142857143,0.00315370357198272,nectin_target
NECTIN3,unassigned,bin,175,0,2.2727,0.228571428571429,0.0109094491910046,nectin_target
CCN2,unassigned,bin,96,0,2.0289,0.145833333333333,0.00922265127094753,profibrotic_cytokine_gf
CCN1,unassigned,bin,96,0,2.98575,0.15625,0.0183861952221689,profibrotic_cytokine_gf
VIM,malignant,malignancy,116,88.65515,99.1329,1,2.72967309989196,emt
ZEB2,malignant,malignancy,116,65.7708,89.0142,1,1.33173111615035,emt
CALR,malignant,malignancy,116,54.4639,85.05645,1,1.07790288668303,megakaryocyte_fibrosis_axis
TIMP1,malignant,malignancy,116,44.94375,77.06155,0.982758620689655,0.849517686077824,ecm_remodeling
S100A9,malignant,malignancy,116,43.60595,89.70755,0.879310344827586,1.79838302488503,inflammatory_cytokine
LDHA,malignant,malignancy,116,42.1485,74.07965,1,0.746050513397175,hypoxia
HIF1A,malignant,malignancy,116,41.8099,74.9242,1,0.83202772305748,hypoxia
S100A8,malignant,malignancy,116,41.16005,85.7906,0.870689655172414,1.55741492571257,inflammatory_cytokine
PGK1,malignant,malignancy,116,40.62245,77.7515,1,0.725621100587097,hypoxia
SEPP1,malignant,malignancy,20,39.7815,74.45904,0.7,0.994836650497344,macrophage_marker
VCAN,malignant,malignancy,116,36.13095,70.73775,0.862068965517241,0.929624550998508,monocyte_marker
PLAC8,malignant,malignancy,116,34.4467,66.5237,1,0.649535974111204,monocyte_marker
CSF3R,malignant,malignancy,116,32.4349,67.703,0.913793103448276,0.595400607204418,monocyte_marker
TGFB1,malignant,malignancy,116,32.0077,69.2353,0.991379310344828,0.583779420558023,profibrotic_cytokine_gf
CXCL8,malignant,malignancy,116,27.86855,72.37005,0.956896551724138,0.917611092832799,inflammatory_cytokine
FCN1,malignant,malignancy,116,26.01905,69.08115,0.78448275862069,0.783169953547242,monocyte_marker
SELL,malignant,malignancy,116,24.64365,53.36965,0.956896551724138,0.462420937309196,monocyte_marker
TIMP2,malignant,malignancy,116,20.4711,50.70015,0.939655172413793,0.333238662795868,ecm_remodeling
PECAM1,malignant,malignancy,116,18.8243,43.81545,0.982758620689655,0.339577861373387,msc_niche
S100A12,malignant,malignancy,116,18.0979,55.09565,0.741379310344828,0.580111933229656,monocyte_marker
NDRG1,malignant,malignancy,116,15.9427,37.21665,0.982758620689655,0.262343936468801,hypoxia
TGFBR2,malignant,malignancy,116,14.79525,36.73575,1,0.261587515701926,profibrotic_cytokine_gf
NLRP3,malignant,malignancy,116,12.6413,37.42225,0.879310344827586,0.248005503702674,inflammatory_cytokine
JAK2,malignant,malignancy,116,11.92485,26.00615,1,0.192491518389857,megakaryocyte_fibrosis_axis
CCL3,malignant,malignancy,116,11.6062,48.407,0.844827586206897,0.4447637070563,inflammatory_cytokine
PVRL2,malignant,malignancy,20,10.4432,31.12742,0.8,0.201373358465879,nectin_target
RUNX2,malignant,malignancy,116,9.04725,26.8795,0.948275862068965,0.165560644393519,msc_niche
IL1B,malignant,malignancy,116,8.79185,47.3301,0.844827586206897,0.386045908775816,inflammatory_cytokine
IL18,malignant,malignancy,116,8.449,33.39385,0.948275862068965,0.166674939084566,inflammatory_cytokine
VEGFA,malignant,malignancy,116,7.7408,23.90425,0.905172413793103,0.158077032710523,profibrotic_cytokine_gf
CXCL2,malignant,malignancy,116,7.73025,44.13955,0.879310344827586,0.336637794594519,inflammatory_cytokine
TGFBR1,malignant,malignancy,116,7.4889,21.9127,0.956896551724138,0.13403384750113,profibrotic_cytokine_gf
NFE2,malignant,malignancy,116,6.8574,38.10455,0.905172413793103,0.186736429708509,megakaryocyte_fibrosis_axis
STAB1,malignant,malignancy,116,5.6245,27.0235,0.844827586206897,0.156945859718187,macrophage_marker
ADM,malignant,malignancy,116,5.00785,19.3268,0.827586206896552,0.138894286485697,hypoxia
HGF,malignant,malignancy,116,4.9262,17.82545,0.853448275862069,0.103803813076725,profibrotic_cytokine_gf
NECTIN2,malignant,malignancy,105,4.8469,15.6545,0.780952380952381,0.0851978509213025,nectin_target
CCL4,malignant,malignancy,116,4.6575,28.39515,0.827586206896552,0.279630648983218,inflammatory_cytokine
ZEB1,malignant,malignancy,116,4.2718,16.51795,0.758620689655172,0.0872707268817045,emt
BNIP3,malignant,malignancy,116,3.73335,16.8517,0.887931034482759,0.0782189267088089,hypoxia
PLOD1,malignant,malignancy,116,3.5859,9.83515,0.887931034482759,0.0557822066899944,ecm_remodeling
CD163,malignant,malignancy,116,3.5196,15.0851,0.637931034482759,0.0923343153073248,macrophage_marker
OSM,malignant,malignancy,116,2.98935,12.4755,0.724137931034483,0.0604397644684441,profibrotic_cytokine_gf
SLC2A1,malignant,malignancy,116,2.88965,16.63645,0.810344827586207,0.0842111237486814,hypoxia
SPARC,malignant,malignancy,116,2.5,32.9411,0.741379310344828,0.127383915426359,collagen_ecm_structural
CD96,malignant,malignancy,116,2.49285,22.7917,0.767241379310345,0.114451966500132,nectin_target
TAGLN,malignant,malignancy,116,2.45295,8.8359,0.810344827586207,0.12573697034651,msc_niche
TNF,malignant,malignancy,116,2.415,23.0464,0.637931034482759,0.132073074786685,inflammatory_cytokine
MAF,malignant,malignancy,116,2.407,11.7971,0.741379310344828,0.0762036873223563,macrophage_marker
ANGPT1,malignant,malignancy,116,2.3456,38.38645,0.629310344827586,0.196680442956612,msc_niche
PVRL1,malignant,malignancy,20,1.4422,3.28141,0.65,0.0192352474619677,nectin_target
CD226,malignant,malignancy,116,1.3244,6.57185,0.560344827586207,0.0436075962446354,nectin_target
NECTIN1,malignant,malignancy,105,1.2658,4.90506,0.580952380952381,0.0284030678037926,nectin_target
PVR,malignant,malignancy,116,1.16345,5.7234,0.577586206896552,0.0255301827756025,nectin_target
ACTA2,malignant,malignancy,116,1.13565,6.4638,0.551724137931035,0.0296839345400353,msc_niche
SERPINE1,malignant,malignancy,116,1.1127,13.72835,0.517241379310345,0.0606264582433632,ecm_remodeling
LEPR,malignant,malignancy,116,1.0516,8.4242,0.525862068965517,0.186416786826811,msc_niche
SNAI1,malignant,malignancy,116,1.04265,12.24665,0.517241379310345,0.040989685602282,emt
CTSK,malignant,malignancy,116,1.0013,3.69885,0.5,0.0361393160939052,ecm_remodeling
CXCL1,malignant,malignancy,116,0.8535,8.0063,0.439655172413793,0.0410891227281188,inflammatory_cytokine
SERPINH1,malignant,malignancy,116,0.7989,13.82585,0.431034482758621,0.0581394092276646,ecm_remodeling
ITGA2B,malignant,malignancy,116,0.7968,5.35715,0.439655172413793,0.0561607659441113,megakaryocyte_fibrosis_axis
SELENOP,malignant,malignancy,105,0.7968,17.17094,0.476190476190476,0.0762626238914567,macrophage_marker
EPAS1,malignant,malignancy,116,0.74375,8.2633,0.431034482758621,0.0880125939043234,hypoxia
MYH11,malignant,malignancy,116,0.71855,3.54415,0.439655172413793,0.0205173717136752,msc_niche
PDGFA,malignant,malignancy,116,0.61745,5.7819,0.379310344827586,0.0286207983899621,profibrotic_cytokine_gf
COL6A2,malignant,malignancy,116,0.6127,8.239,0.422413793103448,0.12636981204477,collagen_ecm_structural
BGLAP,malignant,malignancy,116,0.60605,3.313,0.293103448275862,0.014181658760831,msc_niche
LTBP1,malignant,malignancy,116,0.5706,9.0144,0.396551724137931,0.0472148821257243,collagen_ecm_structural
PPBP,malignant,malignancy,116,0.5616,4.17685,0.387931034482759,0.0682136939788274,megakaryocyte_fibrosis_axis
FN1,malignant,malignancy,116,0.52015,9.4725,0.318965517241379,0.100438296190412,collagen_ecm_structural
C1QA,malignant,malignancy,116,0.47315,4.0198,0.353448275862069,0.0399341249341558,macrophage_marker
TIGIT,malignant,malignancy,116,0.4381,3.87695,0.362068965517241,0.0232127461533143,nectin_target
FBN1,malignant,malignancy,116,0.43075,3.80955,0.318965517241379,0.107489976099638,collagen_ecm_structural
GATA1,malignant,malignancy,116,0.3901,5.93405,0.301724137931035,0.0384726258594653,megakaryocyte_fibrosis_axis
TIMP3,malignant,malignancy,116,0.3801,12.0286,0.379310344827586,0.069698568900915,ecm_remodeling
MMP14,malignant,malignancy,116,0.36665,7.7726,0.396551724137931,0.0318603241824956,ecm_remodeling
CTGF,malignant,malignancy,32,0.3518,53.73059,0.40625,0.374640181230664,profibrotic_cytokine_gf
MMP2,malignant,malignancy,116,0.335,22.4376,0.396551724137931,0.0686327251267888,ecm_remodeling
IL10,malignant,malignancy,116,0.3242,2.5,0.293103448275862,0.0162590819216398,inflammatory_cytokine
CCL2,malignant,malignancy,116,0.32395,20.14295,0.327586206896552,0.105370631447757,inflammatory_cytokine
PDGFRB,malignant,malignancy,116,0.3075,2.6389,0.198275862068966,0.0600315427083289,profibrotic_cytokine_gf
VWF,malignant,malignancy,116,0.27065,1.9204,0.172413793103448,0.0159545280951332,megakaryocyte_fibrosis_axis
COL6A3,malignant,malignancy,116,0.25265,16.1592,0.267241379310345,0.0943557649484256,collagen_ecm_structural
IFNG,malignant,malignancy,116,0.2526,3.64535,0.224137931034483,0.023593779916234,inflammatory_cytokine
PVRL3,malignant,malignancy,20,0.2509,5.73654,0.45,0.0304378222948555,nectin_target
PF4,malignant,malignancy,116,0.24435,3.4042,0.258620689655172,0.0498822669176309,megakaryocyte_fibrosis_axis
COL5A1,malignant,malignancy,116,0.20255,4.04495,0.224137931034483,0.0340717730777314,collagen_ecm_structural
ADAMTS1,malignant,malignancy,116,0.1817,7.77405,0.258620689655172,0.0467501908240239,ecm_remodeling
COL6A1,malignant,malignancy,116,0.16835,9.65855,0.241379310344828,0.0990718822453827,collagen_ecm_structural
MRC1,malignant,malignancy,116,0.1677,2.71215,0.232758620689655,0.0200243062857683,macrophage_marker
TGFB3,malignant,malignancy,116,0.16715,1.2342,0.137931034482759,0.00559516061170735,profibrotic_cytokine_gf
MMP9,malignant,malignancy,116,0.14245,1.90295,0.181034482758621,0.0117998633799638,ecm_remodeling
MGP,malignant,malignancy,116,0.1262,1.37055,0.137931034482759,0.126761042232438,collagen_ecm_structural
GP9,malignant,malignancy,116,0.11715,2.2194,0.189655172413793,0.0225969101349356,megakaryocyte_fibrosis_axis
VSIG4,malignant,malignancy,116,0.09135,2.98835,0.198275862068966,0.0266072333567323,macrophage_marker
LTBP2,malignant,malignancy,116,0.0837,1.45895,0.120689655172414,0.0681148179581873,collagen_ecm_structural
CCN2,malignant,malignancy,84,0.0765,2.10494,0.142857142857143,0.0108082245921104,profibrotic_cytokine_gf
KITLG,malignant,malignancy,116,0.0718,3.2149,0.120689655172414,0.0573927821640351,msc_niche
PLOD2,malignant,malignancy,116,0.0654,8.94905,0.206896551724138,0.0375295312197466,ecm_remodeling
GREM1,malignant,malignancy,116,0.062,1.58105,0.172413793103448,0.00698257043721977,msc_niche
C1QB,malignant,malignancy,116,0.04795,0.9416,0.103448275862069,0.0147471979717085,macrophage_marker
LOXL2,malignant,malignancy,116,0.04045,0.85345,0.0948275862068965,0.0116853004450272,ecm_remodeling
CYR61,malignant,malignancy,32,0.0226,27.40357,0.28125,0.152352457889284,profibrotic_cytokine_gf
COL1A1,malignant,malignancy,116,0,1.35035,0.112068965517241,0.0690751488522857,collagen_ecm_structural
COL1A2,malignant,malignancy,116,0,0.68335,0.0948275862068965,0.10350019367478,collagen_ecm_structural
COL3A1,malignant,malignancy,116,0,0.5538,0.0948275862068965,0.0799635369709476,collagen_ecm_structural
COL4A1,malignant,malignancy,116,0,0.56775,0.0775862068965517,0.0213917995578664,collagen_ecm_structural
COL5A2,malignant,malignancy,116,0,0.85985,0.0948275862068965,0.0219899787498428,collagen_ecm_structural
COL11A1,malignant,malignancy,109,0,2.93208,0.119266055045872,0.0150290419900626,collagen_ecm_structural
LUM,malignant,malignancy,116,0,1.19035,0.112068965517241,0.109910995008617,collagen_ecm_structural
DCN,malignant,malignancy,116,0,1.12065,0.103448275862069,0.143235991071768,collagen_ecm_structural
POSTN,malignant,malignancy,116,0,0,0.00862068965517241,0.000603474765223695,collagen_ecm_structural
BGN,malignant,malignancy,116,0,0.72745,0.0948275862068965,0.0467421472699339,collagen_ecm_structural
ELN,malignant,malignancy,116,0,0.7751,0.0775862068965517,0.00338642817287596,collagen_ecm_structural
OGN,malignant,malignancy,116,0,0.58325,0.0431034482758621,0.00250104787105922,collagen_ecm_structural
ASPN,malignant,malignancy,116,0,0.3263,0.0258620689655172,0.0012279357547999,collagen_ecm_structural
TNC,malignant,malignancy,116,0,0.62915,0.0862068965517242,0.0940791634133624,collagen_ecm_structural
LOX,malignant,malignancy,116,0,3.40955,0.163793103448276,0.0226229697269697,ecm_remodeling
LOXL1,malignant,malignancy,116,0,2.0082,0.146551724137931,0.012500797737074,ecm_remodeling
TGFB2,malignant,malignancy,116,0,0.7043,0.0431034482758621,0.0034108645408962,profibrotic_cytokine_gf
PDGFB,malignant,malignancy,116,0,1.602,0.120689655172414,0.00811220626298715,profibrotic_cytokine_gf
PDGFRA,malignant,malignancy,116,0,0.95995,0.103448275862069,0.0524117629328954,profibrotic_cytokine_gf
IGF1,malignant,malignancy,116,0,4.05445,0.146551724137931,0.0252433472420108,profibrotic_cytokine_gf
IGF2,malignant,malignancy,116,0,1.3944,0.103448275862069,0.0767269356358623,profibrotic_cytokine_gf
FGF2,malignant,malignancy,116,0,0.68905,0.0603448275862069,0.00537575159961351,profibrotic_cytokine_gf
OSMR,malignant,malignancy,116,0,0.71945,0.0948275862068965,0.0512044970124671,profibrotic_cytokine_gf
IL11,malignant,malignancy,116,0,0.63695,0.0862068965517242,0.00359375888349044,profibrotic_cytokine_gf
SPP1,malignant,malignancy,116,0,1.1073,0.103448275862069,0.00677296972412849,profibrotic_cytokine_gf
IL6,malignant,malignancy,116,0,8.05785,0.232758620689655,0.0429419231229956,inflammatory_cytokine
MPL,malignant,malignancy,116,0,2.77085,0.146551724137931,0.0130061295745823,megakaryocyte_fibrosis_axis
CXCL12,malignant,malignancy,116,0,1.44555,0.146551724137931,0.271997058554586,msc_niche
VCAM1,malignant,malignancy,116,0,0.9506,0.103448275862069,0.150119631389073,msc_niche
NES,malignant,malignancy,116,0,0.3461,0,0.000974742085631639,msc_niche
NGFR,malignant,malignancy,116,0,1.86775,0.146551724137931,0.020800995560665,msc_niche
SFRP2,malignant,malignancy,116,0,0,0.00862068965517241,0.000377916861398997,msc_niche
SFRP4,malignant,malignancy,116,0,0.91805,0.0948275862068965,0.00946688104871861,msc_niche
FAP,malignant,malignancy,116,0,0.52815,0.0603448275862069,0.0021061905642133,msc_niche
SP7,malignant,malignancy,116,0,0.03385,0.0258620689655172,0.00165489862807221,msc_niche
RGS5,malignant,malignancy,116,0,0.72615,0.0517241379310345,0.0030328005200241,msc_niche
CDH5,malignant,malignancy,116,0,0.15225,0.0862068965517242,0.00798926661255291,msc_niche
EMCN,malignant,malignancy,116,0,1.41245,0.112068965517241,0.00695052811423708,msc_niche
CA9,malignant,malignancy,116,0,0.0778,0.00862068965517241,0.000262270836911756,hypoxia
SNAI2,malignant,malignancy,116,0,0.42575,0.0775862068965517,0.02893768045362,emt
TWIST1,malignant,malignancy,116,0,5.66025,0.155172413793103,0.0239505807925556,emt
CDH2,malignant,malignancy,116,0,1.0967,0.112068965517241,0.00663023332032769,emt
C1QC,malignant,malignancy,116,0,0.75045,0.0862068965517242,0.00794191353929782,macrophage_marker
LYVE1,malignant,malignancy,116,0,0.2216,0.0431034482758621,0.00214547709150997,macrophage_marker
PVRL4,malignant,malignancy,20,0,0.31574,0,0.000920256089798034,nectin_target
NECTIN4,malignant,malignancy,105,0,1.0078,0.104761904761905,0.00482617514188907,nectin_target
NECTIN3,malignant,malignancy,105,0,0.51698,0.0476190476190476,0.00476545596143504,nectin_target
CCN1,malignant,malignancy,84,0,0.78591,0.0833333333333333,0.00668676251559801,profibrotic_cytokine_gf
VIM,nonmalignant,malignancy,130,89.962,99.56627,1,2.54907612715168,emt
CALR,nonmalignant,malignancy,130,64.16715,95.53653,1,1.19809916476562,megakaryocyte_fibrosis_axis
LDHA,nonmalignant,malignancy,130,62.3847,91.3223,1,0.960645083936953,hypoxia
ZEB2,nonmalignant,malignancy,130,57.2756,85.62149,1,0.92052940684542,emt
PGK1,nonmalignant,malignancy,130,56.9478,90.4654,1,0.827682812397802,hypoxia
PLAC8,nonmalignant,malignancy,130,46.3922,78.47458,1,0.711653487383997,monocyte_marker
TGFB1,nonmalignant,malignancy,130,44.11385,79.46096,0.992307692307692,0.651268768279701,profibrotic_cytokine_gf
HIF1A,nonmalignant,malignancy,130,43.7093,78.37518,1,0.63539813132668,hypoxia
TIMP1,nonmalignant,malignancy,130,42.1929,72.1682,1,0.631946568615219,ecm_remodeling
SELL,nonmalignant,malignancy,130,34.5877,63.42187,1,0.53391268270406,monocyte_marker
CSF3R,nonmalignant,malignancy,130,32.78535,70.5096,0.853846153846154,0.426998914504784,monocyte_marker
CXCL8,nonmalignant,malignancy,130,20.9045,63.63595,0.846153846153846,0.60239001050215,inflammatory_cytokine
TGFBR2,nonmalignant,malignancy,130,18.28735,34.10774,1,0.237414441803025,profibrotic_cytokine_gf
TIMP2,nonmalignant,malignancy,130,17.07065,45.36454,0.892307692307692,0.205154887417092,ecm_remodeling
S100A9,nonmalignant,malignancy,130,16.8751,73.67165,0.807692307692308,0.909885928955726,inflammatory_cytokine
PECAM1,nonmalignant,malignancy,130,16.6255,47.16885,1,0.236318965771136,msc_niche
NDRG1,nonmalignant,malignancy,130,14.7856,41.31831,1,0.19986756235751,hypoxia
IL18,nonmalignant,malignancy,130,14.7102,56.96974,0.876923076923077,0.218143878542593,inflammatory_cytokine
S100A8,nonmalignant,malignancy,130,14.26205,68.00978,0.776923076923077,0.742335497318617,inflammatory_cytokine
RUNX2,nonmalignant,malignancy,130,11.0128,36.3466,1,0.154523585103482,msc_niche
JAK2,nonmalignant,malignancy,130,10.59145,28.88218,0.992307692307692,0.126405688772653,megakaryocyte_fibrosis_axis
CD96,nonmalignant,malignancy,130,10.51975,42.50798,0.892307692307692,0.217605301798364,nectin_target
NLRP3,nonmalignant,malignancy,130,9.9327,36.66918,0.846153846153846,0.1532007825469,inflammatory_cytokine
IL1B,nonmalignant,malignancy,130,9.76915,39.39965,0.838461538461539,0.268091244519247,inflammatory_cytokine
ZEB1,nonmalignant,malignancy,130,9.4959,27.38126,0.938461538461539,0.142277231068117,emt
CCL3,nonmalignant,malignancy,130,8.6601,36.14714,0.876923076923077,0.293242417532633,inflammatory_cytokine
BNIP3,nonmalignant,malignancy,130,8.63625,25.96021,0.984615384615385,0.106401099376125,hypoxia
VCAN,nonmalignant,malignancy,130,8.46055,48.12213,0.738461538461539,0.382403664468732,monocyte_marker
TGFBR1,nonmalignant,malignancy,130,7.45845,24.73053,1,0.110613371725172,profibrotic_cytokine_gf
NECTIN2,nonmalignant,malignancy,118,7.0882,30.56183,0.779661016949153,0.0970509516642223,nectin_target
CXCL2,nonmalignant,malignancy,130,6.8633,37.94845,0.784615384615385,0.204407540553062,inflammatory_cytokine
CCL4,nonmalignant,malignancy,130,6.7892,37.25183,0.846153846153846,0.290191932873568,inflammatory_cytokine
NFE2,nonmalignant,malignancy,130,6.7015,49.72103,0.823076923076923,0.181359670555267,megakaryocyte_fibrosis_axis
FCN1,nonmalignant,malignancy,130,6.67195,43.36186,0.684615384615385,0.339018535961298,monocyte_marker
SLC2A1,nonmalignant,malignancy,130,5.7353,18.05132,0.969230769230769,0.0822320144394068,hypoxia
ANGPT1,nonmalignant,malignancy,130,5.11565,34.23919,0.807692307692308,0.130317703241616,msc_niche
S100A12,nonmalignant,malignancy,130,4.2875,34.04683,0.607692307692308,0.229955331381712,monocyte_marker
OSM,nonmalignant,malignancy,130,4.24565,16.00404,0.907692307692308,0.0575440950658862,profibrotic_cytokine_gf
STAB1,nonmalignant,malignancy,130,4.1756,24.77205,0.738461538461539,0.0937855980689001,macrophage_marker
MAF,nonmalignant,malignancy,130,3.8706,12.68975,0.815384615384615,0.0829439419101133,macrophage_marker
HGF,nonmalignant,malignancy,130,3.7729,17.94061,0.746153846153846,0.077860434389044,profibrotic_cytokine_gf
SPARC,nonmalignant,malignancy,130,3.43075,25.9864,0.746153846153846,0.0955264906875513,collagen_ecm_structural
VEGFA,nonmalignant,malignancy,130,3.3987,16.01552,0.784615384615385,0.0718089163783187,profibrotic_cytokine_gf
PLOD1,nonmalignant,malignancy,130,3.3414,13.21897,0.830769230769231,0.0439120880500476,ecm_remodeling
TNF,nonmalignant,malignancy,130,3.2058,26.05155,0.776923076923077,0.124111447216269,inflammatory_cytokine
SEPP1,nonmalignant,malignancy,21,2.6645,31.8728,0.666666666666667,0.149356342461549,macrophage_marker
CD226,nonmalignant,malignancy,130,2.471,10.62865,0.7,0.0550871736067698,nectin_target
TAGLN,nonmalignant,malignancy,130,2.22925,6.03713000000001,0.784615384615385,0.0300136464675116,msc_niche
ACTA2,nonmalignant,malignancy,130,2.1745,8.95469000000001,0.769230769230769,0.0346993667508481,msc_niche
ADM,nonmalignant,malignancy,130,2.02735,12.56076,0.638461538461538,0.0629948320259481,hypoxia
SELENOP,nonmalignant,malignancy,118,1.9812,30.8695,0.559322033898305,0.0987081927636665,macrophage_marker
PVRL2,nonmalignant,malignancy,21,1.8631,11.4002,0.619047619047619,0.0400825722459353,nectin_target
NECTIN1,nonmalignant,malignancy,118,1.70785,8.15147,0.694915254237288,0.0262351394674461,nectin_target
LEPR,nonmalignant,malignancy,130,1.55875,6.56575,0.661538461538462,0.0292738157774734,msc_niche
MYH11,nonmalignant,malignancy,130,1.48845,4.81311,0.592307692307692,0.0218475567976875,msc_niche
COL6A2,nonmalignant,malignancy,130,1.48465,9.23691,0.584615384615385,0.0395309207109153,collagen_ecm_structural
SERPINH1,nonmalignant,malignancy,130,1.40235,7.98105,0.638461538461538,0.0243908648249591,ecm_remodeling
PVR,nonmalignant,malignancy,130,1.3085,7.2986,0.569230769230769,0.0196124876445402,nectin_target
SNAI1,nonmalignant,malignancy,130,1.22535,14.94391,0.530769230769231,0.0381603088527714,emt
ITGA2B,nonmalignant,malignancy,130,1.20775,6.83502,0.546153846153846,0.0523259987309815,megakaryocyte_fibrosis_axis
TIGIT,nonmalignant,malignancy,130,1.144,8.75931,0.561538461538462,0.0493384212949924,nectin_target
CD163,nonmalignant,malignancy,130,1.0492,9.3626,0.507692307692308,0.0474634402299519,macrophage_marker
SERPINE1,nonmalignant,malignancy,130,1.04885,15.32846,0.507692307692308,0.0379732520385442,ecm_remodeling
CTSK,nonmalignant,malignancy,130,0.91935,2.84435,0.438461538461539,0.0110661995735458,ecm_remodeling
BGLAP,nonmalignant,malignancy,130,0.87385,5.74247000000001,0.446153846153846,0.0168113394574769,msc_niche
MMP2,nonmalignant,malignancy,130,0.86635,21.20693,0.476923076923077,0.0436876143991751,ecm_remodeling
IFNG,nonmalignant,malignancy,130,0.74365,5.57672000000001,0.4,0.0451130354960924,inflammatory_cytokine
EPAS1,nonmalignant,malignancy,130,0.60195,3.35543,0.346153846153846,0.0138352962066904,hypoxia
PDGFA,nonmalignant,malignancy,130,0.5645,10.82456,0.346153846153846,0.0359991937820685,profibrotic_cytokine_gf
PVRL1,nonmalignant,malignancy,21,0.5556,2.5198,0.380952380952381,0.0167454635688097,nectin_target
FBN1,nonmalignant,malignancy,130,0.54705,2.83574,0.315384615384615,0.0106973103005176,collagen_ecm_structural
TIMP3,nonmalignant,malignancy,130,0.5144,6.10826,0.346153846153846,0.0311775375808026,ecm_remodeling
GATA1,nonmalignant,malignancy,130,0.4931,5.04024,0.392307692307692,0.0344073922374119,megakaryocyte_fibrosis_axis
PVRL3,nonmalignant,malignancy,21,0.4658,1.698,0.285714285714286,0.00839101753131997,nectin_target
FN1,nonmalignant,malignancy,130,0.4621,2.59882,0.261538461538462,0.0148611429477057,collagen_ecm_structural
PPBP,nonmalignant,malignancy,130,0.4528,3.19488,0.315384615384615,0.0384052279935261,megakaryocyte_fibrosis_axis
LTBP1,nonmalignant,malignancy,130,0.4332,8.37190000000002,0.315384615384615,0.0330872375104683,collagen_ecm_structural
COL6A1,nonmalignant,malignancy,130,0.4189,6.50316,0.253846153846154,0.0176073197276762,collagen_ecm_structural
LOXL1,nonmalignant,malignancy,130,0.40765,1.69783,0.230769230769231,0.00629186966473679,ecm_remodeling
CXCL1,nonmalignant,malignancy,130,0.40755,4.07166,0.330769230769231,0.0190679238289934,inflammatory_cytokine
TGFB3,nonmalignant,malignancy,130,0.36675,1.13803,0.123076923076923,0.00523967620364998,profibrotic_cytokine_gf
IL10,nonmalignant,malignancy,130,0.33135,2.90218,0.215384615384615,0.0116470616483513,inflammatory_cytokine
MRC1,nonmalignant,malignancy,130,0.32295,3.35636,0.230769230769231,0.0211768392400825,macrophage_marker
NECTIN3,nonmalignant,malignancy,118,0.30605,1.34228,0.211864406779661,0.00721961010407169,nectin_target
COL5A1,nonmalignant,malignancy,130,0.30025,2.08057,0.192307692307692,0.00845346686928596,collagen_ecm_structural
COL6A3,nonmalignant,malignancy,130,0.2998,7.73394,0.238461538461538,0.0292352247722988,collagen_ecm_structural
PDGFRB,nonmalignant,malignancy,130,0.28725,1.28958,0.161538461538462,0.00664965973479484,profibrotic_cytokine_gf
VWF,nonmalignant,malignancy,130,0.2836,1.84083,0.253846153846154,0.0112454274861183,megakaryocyte_fibrosis_axis
MMP14,nonmalignant,malignancy,130,0.2557,3.82716,0.307692307692308,0.011383350240902,ecm_remodeling
MPL,nonmalignant,malignancy,130,0.2474,4.24660000000001,0.207692307692308,0.0157742642532454,megakaryocyte_fibrosis_axis
C1QA,nonmalignant,malignancy,130,0.2242,2.42056,0.246153846153846,0.0221137272329415,macrophage_marker
GREM1,nonmalignant,malignancy,130,0.1996,1.8949,0.161538461538462,0.00600464985091455,msc_niche
VSIG4,nonmalignant,malignancy,130,0.1945,2.68362,0.138461538461538,0.0167545511450481,macrophage_marker
GP9,nonmalignant,malignancy,130,0.1892,1.51351,0.146153846153846,0.0157983386348155,megakaryocyte_fibrosis_axis
MMP9,nonmalignant,malignancy,130,0.1829,1.39595,0.146153846153846,0.00782428046707229,ecm_remodeling
ADAMTS1,nonmalignant,malignancy,130,0.17785,1.71759,0.161538461538462,0.0100745957026133,ecm_remodeling
LOXL2,nonmalignant,malignancy,130,0.17195,0.58577,0.0307692307692308,0.00245319096641422,ecm_remodeling
OGN,nonmalignant,malignancy,130,0.1697,0.54863,0.0230769230769231,0.00198091365628875,collagen_ecm_structural
MGP,nonmalignant,malignancy,130,0.169,1.81071,0.130769230769231,0.00933116597601966,collagen_ecm_structural
PLOD2,nonmalignant,malignancy,130,0.16845,3.20983,0.223076923076923,0.0111131250304943,ecm_remodeling
CCL2,nonmalignant,malignancy,130,0.16395,3.93706,0.238461538461538,0.0262123244829354,inflammatory_cytokine
COL1A1,nonmalignant,malignancy,130,0.1518,1.12448,0.115384615384615,0.00534415715741405,collagen_ecm_structural
PDGFB,nonmalignant,malignancy,130,0.15005,1.61275,0.184615384615385,0.00769728548209539,profibrotic_cytokine_gf
CCN1,nonmalignant,malignancy,97,0.141,1.69204,0.134020618556701,0.00766331264606722,profibrotic_cytokine_gf
PF4,nonmalignant,malignancy,130,0.1396,1.45311,0.161538461538462,0.0252469306633374,megakaryocyte_fibrosis_axis
SPP1,nonmalignant,malignancy,130,0.13795,0.86721,0.0846153846153846,0.00436543417537369,profibrotic_cytokine_gf
CTGF,nonmalignant,malignancy,33,0.1296,3.16902,0.212121212121212,0.0178238006473084,profibrotic_cytokine_gf
IL6,nonmalignant,malignancy,130,0.1249,2.0683,0.161538461538462,0.024738209693821,inflammatory_cytokine
VCAM1,nonmalignant,malignancy,130,0.121,0.93799,0.0923076923076923,0.0115462656612002,msc_niche
NGFR,nonmalignant,malignancy,130,0.1208,0.664360000000001,0.0615384615384615,0.00392607001019578,msc_niche
RGS5,nonmalignant,malignancy,130,0.11915,0.668720000000001,0.0461538461538462,0.00217858687356989,msc_niche
TGFB2,nonmalignant,malignancy,130,0.1189,0.60216,0.0307692307692308,0.00190032813767041,profibrotic_cytokine_gf
LOX,nonmalignant,malignancy,130,0.11645,1.73034,0.146153846153846,0.00567044623190904,ecm_remodeling
CYR61,nonmalignant,malignancy,33,0.116,1.27724,0.181818181818182,0.00828055760098733,profibrotic_cytokine_gf
LTBP2,nonmalignant,malignancy,130,0.1107,0.55791,0.0769230769230769,0.00367253117068606,collagen_ecm_structural
NECTIN4,nonmalignant,malignancy,118,0.10875,0.90658,0.0932203389830508,0.00273232839787576,nectin_target
ELN,nonmalignant,malignancy,130,0.10665,1.24985,0.107692307692308,0.00501297240116405,collagen_ecm_structural
IGF1,nonmalignant,malignancy,130,0.08815,1.04301,0.107692307692308,0.00646093655529345,profibrotic_cytokine_gf
KITLG,nonmalignant,malignancy,130,0.07655,1.09824,0.123076923076923,0.00406702969148266,msc_niche
CDH2,nonmalignant,malignancy,130,0.073,1.85959,0.146153846153846,0.00795181378181975,emt
COL5A2,nonmalignant,malignancy,130,0.0718,0.515190000000001,0.0461538461538462,0.00222770465540921,collagen_ecm_structural
SFRP4,nonmalignant,malignancy,130,0.0696,0.45737,0.0307692307692308,0.00193979768783122,msc_niche
TWIST1,nonmalignant,malignancy,130,0.0694,1.11247,0.115384615384615,0.00552806316399925,emt
CCN2,nonmalignant,malignancy,97,0.0676,1.92202000000001,0.154639175257732,0.00653436103348168,profibrotic_cytokine_gf
OSMR,nonmalignant,malignancy,130,0.06105,0.49502,0.0538461538461539,0.00262736038940598,profibrotic_cytokine_gf
EMCN,nonmalignant,malignancy,130,0.0588,0.3087,0.0307692307692308,0.00325341064891572,msc_niche
C1QB,nonmalignant,malignancy,130,0.05825,0.682380000000001,0.0846153846153846,0.00819547491669307,macrophage_marker
IL11,nonmalignant,malignancy,130,0.0528,1.39209,0.146153846153846,0.00511033958345589,profibrotic_cytokine_gf
ASPN,nonmalignant,malignancy,130,0.0511,0.29133,0.00769230769230769,0.00106938101428887,collagen_ecm_structural
CXCL12,nonmalignant,malignancy,130,0.05075,1.32135000000001,0.107692307692308,0.0214410474015475,msc_niche
TNC,nonmalignant,malignancy,130,0.0494,0.31692,0.0615384615384615,0.00480905334951031,collagen_ecm_structural
C1QC,nonmalignant,malignancy,130,0.0357,0.29508,0.0538461538461539,0.00395772827237895,macrophage_marker
PDGFRA,nonmalignant,malignancy,130,0.0355,0.41718,0.0307692307692308,0.00222361952767042,profibrotic_cytokine_gf
FGF2,nonmalignant,malignancy,130,0.02545,0.36892,0.0538461538461539,0.00471788655595288,profibrotic_cytokine_gf
CA9,nonmalignant,malignancy,130,0.02525,0.2602,0.00769230769230769,0.000533165344784849,hypoxia
COL1A2,nonmalignant,malignancy,130,0,0.296460000000001,0.0538461538461539,0.00348417283023073,collagen_ecm_structural
COL3A1,nonmalignant,malignancy,130,0,0.14802,0.0461538461538462,0.00280218259425439,collagen_ecm_structural
COL4A1,nonmalignant,malignancy,130,0,0.22115,0.0153846153846154,0.00104050558127024,collagen_ecm_structural
COL11A1,nonmalignant,malignancy,119,0,0.16962,0.0252100840336134,0.00770857581080454,collagen_ecm_structural
LUM,nonmalignant,malignancy,130,0,0.49101,0.0692307692307692,0.00614978228504104,collagen_ecm_structural
DCN,nonmalignant,malignancy,130,0,0.561740000000002,0.0846153846153846,0.00721758971395951,collagen_ecm_structural
POSTN,nonmalignant,malignancy,130,0,0.03072,0,0.000202126710565663,collagen_ecm_structural
BGN,nonmalignant,malignancy,130,0,0.27735,0.0384615384615385,0.00234596258926574,collagen_ecm_structural
IGF2,nonmalignant,malignancy,130,0,0.320180000000001,0.0384615384615385,0.0036366416621344,profibrotic_cytokine_gf
NES,nonmalignant,malignancy,130,0,0.17848,0,0.00041566598878456,msc_niche
SFRP2,nonmalignant,malignancy,130,0,0.03836,0,0.000117255948112193,msc_niche
FAP,nonmalignant,malignancy,130,0,0.18643,0.0461538461538462,0.00125686273894215,msc_niche
SP7,nonmalignant,malignancy,130,0,0.1539,0.0307692307692308,0.00144510589616476,msc_niche
CDH5,nonmalignant,malignancy,130,0,0.10258,0.00769230769230769,0.000597793116507886,msc_niche
SNAI2,nonmalignant,malignancy,130,0,0.0757300000000004,0.0230769230769231,0.00116130959535391,emt
LYVE1,nonmalignant,malignancy,130,0,0.06219,0,0.000318056563323584,macrophage_marker
PVRL4,nonmalignant,malignancy,21,0,0.5556,0.0476190476190476,0.00233943941720558,nectin_target
VIM,all,sample,220,90.7526,99.32349,1,2.53028315567554,emt
CALR,all,sample,220,68.57805,92.48565,1,1.16681087982363,megakaryocyte_fibrosis_axis
LDHA,all,sample,220,63.03815,89.97464,1,0.968803874163821,hypoxia
PGK1,all,sample,220,57.58525,88.12445,1,0.826008428707473,hypoxia
ZEB2,all,sample,220,56.4954,84.54595,1,0.922849794318739,emt
PLAC8,all,sample,220,47.55095,80.78491,1,0.755062314747902,monocyte_marker
TGFB1,all,sample,220,46.70135,80.93676,1,0.645418341440295,profibrotic_cytokine_gf
HIF1A,all,sample,220,45.49875,75.72089,1,0.623966043252036,hypoxia
TIMP1,all,sample,220,43.49665,75.53406,1,0.657718421233583,ecm_remodeling
SELL,all,sample,220,34.6224,69.37613,1,0.544752305376471,monocyte_marker
CSF3R,all,sample,220,31.2377,68.57091,0.9,0.435005443296818,monocyte_marker
PECAM1,all,sample,220,20.75965,48.96235,1,0.279056926945036,msc_niche
TIMP2,all,sample,220,19.29265,51.69297,0.913636363636364,0.249773072435518,ecm_remodeling
TGFBR2,all,sample,220,18.0637,40.18554,1,0.25078849910153,profibrotic_cytokine_gf
CXCL8,all,sample,220,17.0428,62.30965,0.877272727272727,0.56753339743247,inflammatory_cytokine
S100A9,all,sample,220,16.12715,76.23844,0.859090909090909,0.99745971253465,inflammatory_cytokine
NDRG1,all,sample,220,15.9968,41.42403,1,0.209839850618448,hypoxia
IL18,all,sample,220,15.79725,56.60692,0.913636363636364,0.238791449473952,inflammatory_cytokine
S100A8,all,sample,220,14.61045,70.09621,0.790909090909091,0.853773649050009,inflammatory_cytokine
SEPP1,all,sample,39,12.5346,46.1327200000001,0.794871794871795,0.284979747234195,macrophage_marker
RUNX2,all,sample,220,12.0775,36.71808,0.995454545454546,0.17686787973325,msc_niche
JAK2,all,sample,220,11.652,32.84412,1,0.15427368917402,megakaryocyte_fibrosis_axis
VCAN,all,sample,220,11.60755,53.6967,0.731818181818182,0.492117729007115,monocyte_marker
IL1B,all,sample,220,10.92015,38.67222,0.872727272727273,0.260641123774357,inflammatory_cytokine
CD96,all,sample,220,10.8979,42.72838,0.9,0.217214984888469,nectin_target
ZEB1,all,sample,220,10.06925,40.47339,0.940909090909091,0.174816666344631,emt
NFE2,all,sample,220,9.52995,50.3225,0.872727272727273,0.187645394687675,megakaryocyte_fibrosis_axis
NLRP3,all,sample,220,9.43205,28.77582,0.877272727272727,0.14701787261136,inflammatory_cytokine
BNIP3,all,sample,220,9.1516,24.79196,0.986363636363636,0.106256633388105,hypoxia
ANGPT1,all,sample,220,8.9614,44.14974,0.827272727272727,0.207969297854772,msc_niche
TGFBR1,all,sample,220,8.77745,28.01282,1,0.120292776065762,profibrotic_cytokine_gf
NECTIN2,all,sample,190,7.47175,29.21023,0.826315789473684,0.0974959628117203,nectin_target
FCN1,all,sample,220,7.1167,43.72953,0.727272727272727,0.376756585183824,monocyte_marker
CXCL2,all,sample,220,6.98355,36.14076,0.840909090909091,0.203668894628815,inflammatory_cytokine
CCL3,all,sample,220,6.64605,30.94874,0.868181818181818,0.255311782998958,inflammatory_cytokine
SLC2A1,all,sample,220,5.9065,17.89451,0.931818181818182,0.0752438061710773,hypoxia
SPARC,all,sample,220,5.61365,29.35424,0.781818181818182,0.117013617151668,collagen_ecm_structural
STAB1,all,sample,220,5.53435,28.05471,0.804545454545455,0.112140559697841,macrophage_marker
PVRL2,all,sample,39,5.1852,18.00946,0.871794871794872,0.0934215316865335,nectin_target
S100A12,all,sample,220,5.05,34.77077,0.645454545454546,0.281764930655935,monocyte_marker
OSM,all,sample,220,4.6586,17.14304,0.872727272727273,0.0708923098999858,profibrotic_cytokine_gf
PLOD1,all,sample,220,4.5041,12.91587,0.913636363636364,0.0497128593673398,ecm_remodeling
CCL4,all,sample,220,4.3171,39.28933,0.772727272727273,0.265688177473404,inflammatory_cytokine
HGF,all,sample,220,4.0871,16.19965,0.795454545454545,0.0731360315084034,profibrotic_cytokine_gf
MAF,all,sample,220,3.7969,16.61699,0.772727272727273,0.0872218575251623,macrophage_marker
SELENOP,all,sample,190,3.2271,49.03854,0.678947368421053,0.179611651153513,macrophage_marker
VEGFA,all,sample,220,3.03545,19.25216,0.777272727272727,0.0802680668614494,profibrotic_cytokine_gf
ACTA2,all,sample,220,2.66375,13.41608,0.813636363636364,0.0493466393978336,msc_niche
TNF,all,sample,220,2.56805,17.62471,0.75,0.0979504499375235,inflammatory_cytokine
ADM,all,sample,220,2.2326,11.20895,0.645454545454546,0.0636220730064409,hypoxia
TAGLN,all,sample,220,2.06535,9.03767,0.768181818181818,0.0652076876003454,msc_niche
CD226,all,sample,220,1.99515,9.77484,0.631818181818182,0.0489066376245427,nectin_target
NECTIN1,all,sample,190,1.8794,8.08144,0.694736842105263,0.0266445529674054,nectin_target
LEPR,all,sample,220,1.81235,13.175,0.672727272727273,0.0761536783727746,msc_niche
SERPINH1,all,sample,220,1.8123,10.79062,0.695454545454545,0.0411364614555392,ecm_remodeling
PVRL1,all,sample,39,1.6732,4.76234,0.641025641025641,0.0214751210533557,nectin_target
PVR,all,sample,220,1.58855,6.57398,0.636363636363636,0.0201471318280336,nectin_target
MMP2,all,sample,220,1.50495,22.0812,0.559090909090909,0.0617974798663731,ecm_remodeling
SNAI1,all,sample,220,1.39195,12.43916,0.586363636363636,0.0346074203400752,emt
MYH11,all,sample,220,1.36595,6.82316,0.6,0.0269260388479262,msc_niche
ITGA2B,all,sample,220,1.3563,6.8232,0.604545454545455,0.0440816358351523,megakaryocyte_fibrosis_axis
COL6A2,all,sample,220,1.35255,13.92317,0.55,0.0750984447418752,collagen_ecm_structural
CD163,all,sample,220,1.0845,10.48743,0.504545454545455,0.0551031432911012,macrophage_marker
TIGIT,all,sample,220,1.02365,8.95743,0.504545454545455,0.0438704040425012,nectin_target
SERPINE1,all,sample,220,0.98445,12.9079,0.495454545454546,0.0383803394064308,ecm_remodeling
CTSK,all,sample,220,0.937,3.84108,0.472727272727273,0.020642497782065,ecm_remodeling
TIMP3,all,sample,220,0.7202,11.44141,0.418181818181818,0.0607992414057009,ecm_remodeling
PPBP,all,sample,220,0.6471,3.4461,0.377272727272727,0.0375286578556843,megakaryocyte_fibrosis_axis
BGLAP,all,sample,220,0.62285,4.238,0.381818181818182,0.0183303680230602,msc_niche
EPAS1,all,sample,220,0.6179,10.70201,0.381818181818182,0.0588737222276873,hypoxia
PDGFA,all,sample,220,0.61615,8.46323,0.377272727272727,0.0312692895745935,profibrotic_cytokine_gf
FBN1,all,sample,220,0.5967,8.68509999999999,0.4,0.054727705919253,collagen_ecm_structural
IFNG,all,sample,220,0.56415,5.83471,0.35,0.0411240597754867,inflammatory_cytokine
GATA1,all,sample,220,0.5597,5.00361,0.4,0.0285200951603754,megakaryocyte_fibrosis_axis
LTBP1,all,sample,220,0.50865,17.88546,0.368181818181818,0.0517848982670917,collagen_ecm_structural
CXCL1,all,sample,220,0.50155,3.52359,0.377272727272727,0.0200605172475946,inflammatory_cytokine
MRC1,all,sample,220,0.47755,4.45969,0.345454545454545,0.0242850502909028,macrophage_marker
FN1,all,sample,220,0.46245,7.62633,0.268181818181818,0.0492781238477994,collagen_ecm_structural
LOXL1,all,sample,220,0.438,2.75258,0.3,0.00956656426904008,ecm_remodeling
COL6A1,all,sample,220,0.43025,11.15926,0.286363636363636,0.0475884640826314,collagen_ecm_structural
COL5A1,all,sample,220,0.3887,7.60929,0.309090909090909,0.0237430220056,collagen_ecm_structural
TGFB3,all,sample,220,0.36605,1.48867,0.159090909090909,0.00694421217695817,profibrotic_cytokine_gf
VWF,all,sample,220,0.3595,4.09166,0.322727272727273,0.0178391046368754,megakaryocyte_fibrosis_axis
C1QA,all,sample,220,0.3595,3.51805,0.286363636363636,0.0267749985788303,macrophage_marker
PDGFRB,all,sample,220,0.35405,6.12639,0.259090909090909,0.0313678480399701,profibrotic_cytokine_gf
GP9,all,sample,220,0.34345,2.23713,0.222727272727273,0.0142169556047549,megakaryocyte_fibrosis_axis
IL10,all,sample,220,0.28975,2.7329,0.213636363636364,0.0107117317299621,inflammatory_cytokine
MMP14,all,sample,220,0.2756,5.23059,0.3,0.0162747032905591,ecm_remodeling
COL6A3,all,sample,220,0.26355,11.52677,0.272727272727273,0.0472216506496881,collagen_ecm_structural
NECTIN3,all,sample,190,0.26,2.29069,0.231578947368421,0.0121424762218881,nectin_target
PF4,all,sample,220,0.25805,1.85938,0.227272727272727,0.0231075683212793,megakaryocyte_fibrosis_axis
MPL,all,sample,220,0.25495,2.5417,0.209090909090909,0.0152452751226133,megakaryocyte_fibrosis_axis
PLOD2,all,sample,220,0.2376,8.91479999999999,0.318181818181818,0.0291880217668069,ecm_remodeling
ADAMTS1,all,sample,220,0.2323,5.81907999999999,0.231818181818182,0.0296756536827513,ecm_remodeling
VSIG4,all,sample,220,0.21705,2.48665,0.186363636363636,0.0151967116151731,macrophage_marker
MMP9,all,sample,220,0.2027,2.68639,0.195454545454545,0.0177616822130753,ecm_remodeling
OGN,all,sample,220,0.18175,0.82424,0.0954545454545455,0.00528349073664161,collagen_ecm_structural
LOXL2,all,sample,220,0.171,1.02112,0.104545454545455,0.00897290546290521,ecm_remodeling
GREM1,all,sample,220,0.17005,1.47353,0.15,0.00569126655224024,msc_niche
RGS5,all,sample,220,0.167,0.931,0.0863636363636364,0.0112389591439949,msc_niche
SPP1,all,sample,220,0.1621,2.68842,0.195454545454545,0.0200782365370628,profibrotic_cytokine_gf
ELN,all,sample,220,0.1572,3.5027,0.213636363636364,0.0100012210600092,collagen_ecm_structural
MGP,all,sample,220,0.14915,2.90821,0.159090909090909,0.0648182339243057,collagen_ecm_structural
COL1A1,all,sample,220,0.14055,2.46095,0.172727272727273,0.0360252934300961,collagen_ecm_structural
CCL2,all,sample,220,0.13945,7.75536999999999,0.240909090909091,0.0384002669615293,inflammatory_cytokine
CCN1,all,sample,106,0.1382,1.77375,0.141509433962264,0.0100384449286718,profibrotic_cytokine_gf
NGFR,all,sample,220,0.13285,2.87479,0.145454545454545,0.0101199348822496,msc_niche
LOX,all,sample,220,0.12985,4.42261,0.272727272727273,0.0151871045620439,ecm_remodeling
CDH2,all,sample,220,0.11495,5.03732,0.218181818181818,0.0124838281587544,emt
LTBP2,all,sample,220,0.1128,1.84346999999999,0.113636363636364,0.0239357411975242,collagen_ecm_structural
IGF1,all,sample,220,0.1091,2.78677999999999,0.136363636363636,0.0171942986496395,profibrotic_cytokine_gf
IL6,all,sample,220,0.1076,3.22467,0.204545454545455,0.0216239427711081,inflammatory_cytokine
PDGFB,all,sample,220,0.10705,1.9169,0.163636363636364,0.00721184308955693,profibrotic_cytokine_gf
C1QB,all,sample,220,0.10365,1.42151,0.131818181818182,0.0119300962967038,macrophage_marker
KITLG,all,sample,220,0.1022,3.19018,0.181818181818182,0.0248604203942672,msc_niche
TGFB2,all,sample,220,0.1006,0.64796,0.0772727272727273,0.00477060730476044,profibrotic_cytokine_gf
VCAM1,all,sample,220,0.0989,3.83987,0.145454545454545,0.0453904062716241,msc_niche
NECTIN4,all,sample,190,0.0984,0.56633,0.0631578947368421,0.00250440602661601,nectin_target
CYR61,all,sample,114,0.0884,10.03854,0.201754385964912,0.0384333573018048,profibrotic_cytokine_gf
PVRL3,all,sample,39,0.0841,2.4086,0.230769230769231,0.00795922784343464,nectin_target
COL5A2,all,sample,220,0.08285,2.45872,0.109090909090909,0.0233153825743852,collagen_ecm_structural
SFRP4,all,sample,220,0.0817,1.02662,0.104545454545455,0.0126967390659997,msc_niche
EMCN,all,sample,220,0.07725,2.71823,0.168181818181818,0.0142089973433301,msc_niche
CCN2,all,sample,106,0.0752,1.4183,0.150943396226415,0.00635218798510902,profibrotic_cytokine_gf
TWIST1,all,sample,220,0.06905,3.03722999999999,0.177272727272727,0.015012461073737,emt
TNC,all,sample,220,0.0682,2.29578,0.113636363636364,0.0342904139489698,collagen_ecm_structural
C1QC,all,sample,220,0.067,0.718359999999999,0.0954545454545455,0.00717308094051248,macrophage_marker
OSMR,all,sample,220,0.0613,1.18445,0.118181818181818,0.0274625869843998,profibrotic_cytokine_gf
CXCL12,all,sample,220,0.06045,3.70292,0.118181818181818,0.0873671149991558,msc_niche
CTGF,all,sample,114,0.0581,15.97178,0.236842105263158,0.0661922966729322,profibrotic_cytokine_gf
IL11,all,sample,220,0.05535,1.10234,0.109090909090909,0.00355628077345674,profibrotic_cytokine_gf
ASPN,all,sample,220,0.0526,0.45761,0.0545454545454545,0.00405640519526707,collagen_ecm_structural
PDGFRA,all,sample,220,0.0483,0.912499999999996,0.1,0.0249182422953111,profibrotic_cytokine_gf
CA9,all,sample,220,0.0339,0.38288,0.0272727272727273,0.000878860787173731,hypoxia
FGF2,all,sample,220,0.03275,0.538669999999999,0.0954545454545455,0.00507976488324537,profibrotic_cytokine_gf
PVRL4,all,sample,39,0.031,0.63758,0.0769230769230769,0.0031728571814735,nectin_target
COL4A1,all,sample,220,0.01175,0.395779999999999,0.0909090909090909,0.0168134195749605,collagen_ecm_structural
COL1A2,all,sample,220,0,0.454449999999998,0.0954545454545455,0.0514034221945503,collagen_ecm_structural
COL3A1,all,sample,220,0,0.459699999999998,0.0954545454545455,0.038831829848018,collagen_ecm_structural
COL11A1,all,sample,205,0,1.29388,0.11219512195122,0.0129158593640145,collagen_ecm_structural
LUM,all,sample,220,0,3.36750999999999,0.113636363636364,0.0481431256030753,collagen_ecm_structural
DCN,all,sample,220,0,2.87345999999999,0.122727272727273,0.0620561407188938,collagen_ecm_structural
POSTN,all,sample,220,0,0.0695299999999998,0.0272727272727273,0.00123916829748393,collagen_ecm_structural
BGN,all,sample,220,0,1.57404,0.104545454545455,0.0239913769607725,collagen_ecm_structural
IGF2,all,sample,220,0,0.30028,0.0454545454545455,0.0118316155317202,profibrotic_cytokine_gf
NES,all,sample,220,0,0.3406,0.05,0.00356763473864812,msc_niche
SFRP2,all,sample,220,0,0.0471399999999999,0.0227272727272727,0.00228189889978179,msc_niche
FAP,all,sample,220,0,0.45153,0.0727272727272727,0.00372248803869068,msc_niche
SP7,all,sample,220,0,0.2935,0.0545454545454545,0.00192987491738334,msc_niche
CDH5,all,sample,220,0,1.00072,0.1,0.00576149369947504,msc_niche
SNAI2,all,sample,220,0,0.184879999999999,0.0954545454545455,0.0101008135804855,emt
LYVE1,all,sample,220,0,0.51172,0.0681818181818182,0.00211586117433571,macrophage_marker
