cell,sample,malignant,confidence,n_types,n_types_mal,expr_call,allele_call,snv_call,m_infercnv
GSM5613776_2020-08-26-Control4003-c3_AAACGAACACTTCAGA-1,GSM5613776_2020-08-26-Control4003-c3,0,low_single_type,1,0,0,,,0
GSM5613776_2020-08-26-Control4003-c3_AAACGAAGTACAAAGT-1,GSM5613776_2020-08-26-Control4003-c3,0,low_single_type,1,0,0,,,0
GSM5613776_2020-08-26-Control4003-c3_AAACGAAGTTGTGCAT-1,GSM5613776_2020-08-26-Control4003-c3,0,low_single_type,1,0,0,,,0
GSM5613776_2020-08-26-Control4003-c3_AAACGCTGTGAACTAA-1,GSM5613776_2020-08-26-Control4003-c3,0,low_single_type,1,0,0,,,0
GSM5613776_2020-08-26-Control4003-c3_AAACGCTGTGCGGATA-1,GSM5613776_2020-08-26-Control4003-c3,0,low_single_type,1,0,0,,,0
GSM5613776_2020-08-26-Control4003-c3_AAAGAACAGTCGAATA-1,GSM5613776_2020-08-26-Control4003-c3,0,low_single_type,1,0,0,,,0
GSM5613776_2020-08-26-Control4003-c3_AAAGAACGTATGAAGT-1,GSM5613776_2020-08-26-Control4003-c3,0,low_single_type,1,0,0,,,0
GSM5613776_2020-08-26-Control4003-c3_AAAGGATAGTCATTGC-1,GSM5613776_2020-08-26-Control4003-c3,0,low_single_type,1,0,0,,,0
GSM5613776_2020-08-26-Control4003-c3_AAAGGTAAGTATAGGT-1,GSM5613776_2020-08-26-Control4003-c3,1,low_single_type,1,1,1,,,1
GSM5613776_2020-08-26-Control4003-c3_AAAGGTACAGGCATTT-1,GSM5613776_2020-08-26-Control4003-c3,0,low_single_type,1,0,0,,,0
GSM5613776_2020-08-26-Control4003-c3_AAAGGTAGTCTCACGG-1,GSM5613776_2020-08-26-Control4003-c3,0,low_single_type,1,0,0,,,0
GSM5613776_2020-08-26-Control4003-c3_AAAGGTATCCAACACA-1,GSM5613776_2020-08-26-Control4003-c3,0,low_single_type,1,0,0,,,0
GSM5613776_2020-08-26-Control4003-c3_AAAGTCCCAGGCGTTC-1,GSM5613776_2020-08-26-Control4003-c3,0,low_single_type,1,0,0,,,0
GSM5613776_2020-08-26-Control4003-c3_AAAGTCCGTGGCTGAA-1,GSM5613776_2020-08-26-Control4003-c3,0,low_single_type,1,0,0,,,0
GSM5613776_2020-08-26-Control4003-c3_AAAGTCCTCAACCTCC-1,GSM5613776_2020-08-26-Control4003-c3,0,low_single_type,1,0,0,,,0
GSM5613776_2020-08-26-Control4003-c3_AAAGTCCTCGCCAGAC-1,GSM5613776_2020-08-26-Control4003-c3,0,low_single_type,1,0,0,,,0
GSM5613776_2020-08-26-Control4003-c3_AAAGTGAGTTGCGGAA-1,GSM5613776_2020-08-26-Control4003-c3,0,low_single_type,1,0,0,,,0
GSM5613776_2020-08-26-Control4003-c3_AAATGGAAGGCTGGAT-1,GSM5613776_2020-08-26-Control4003-c3,0,low_single_type,1,0,0,,,0
GSM5613776_2020-08-26-Control4003-c3_AAATGGAGTGTTCCAA-1,GSM5613776_2020-08-26-Control4003-c3,1,low_single_type,1,1,1,,,1
GSM5613776_2020-08-26-Control4003-c3_AAATGGAGTTTCGTTT-1,GSM5613776_2020-08-26-Control4003-c3,0,low_single_type,1,0,0,,,0
GSM5613776_2020-08-26-Control4003-c3_AACAAAGCAGATTAAG-1,GSM5613776_2020-08-26-Control4003-c3,0,low_single_type,1,0,0,,,0
GSM5613776_2020-08-26-Control4003-c3_AACAACCAGACTACCT-1,GSM5613776_2020-08-26-Control4003-c3,0,low_single_type,1,0,0,,,0
GSM5613776_2020-08-26-Control4003-c3_AACAACCAGTAAGCAT-1,GSM5613776_2020-08-26-Control4003-c3,0,low_single_type,1,0,0,,,0
GSM5613776_2020-08-26-Control4003-c3_AACAACCAGTGCACTT-1,GSM5613776_2020-08-26-Control4003-c3,0,low_single_type,1,0,0,,,0
GSM5613776_2020-08-26-Control4003-c3_AACACACAGTAGCCAG-1,GSM5613776_2020-08-26-Control4003-c3,0,low_single_type,1,0,0,,,0
GSM5613776_2020-08-26-Control4003-c3_AACACACCACCGCTAG-1,GSM5613776_2020-08-26-Control4003-c3,1,low_single_type,1,1,1,,,1
GSM5613776_2020-08-26-Control4003-c3_AACAGGGTCTACGCGG-1,GSM5613776_2020-08-26-Control4003-c3,0,low_single_type,1,0,0,,,0
GSM5613776_2020-08-26-Control4003-c3_AACCAACAGTCTTGGT-1,GSM5613776_2020-08-26-Control4003-c3,0,low_single_type,1,0,0,,,0
GSM5613776_2020-08-26-Control4003-c3_AACCAACCAAACTGCT-1,GSM5613776_2020-08-26-Control4003-c3,0,low_single_type,1,0,0,,,0
GSM5613776_2020-08-26-Control4003-c3_AACCACAAGTTCCGGC-1,GSM5613776_2020-08-26-Control4003-c3,0,low_single_type,1,0,0,,,0
GSM5613776_2020-08-26-Control4003-c3_AACCACAGTCCGAAGA-1,GSM5613776_2020-08-26-Control4003-c3,0,low_single_type,1,0,0,,,0
GSM5613776_2020-08-26-Control4003-c3_AACCATGAGCAGCACA-1,GSM5613776_2020-08-26-Control4003-c3,0,low_single_type,1,0,0,,,0
GSM5613776_2020-08-26-Control4003-c3_AACCATGAGTATGATG-1,GSM5613776_2020-08-26-Control4003-c3,0,low_single_type,1,0,0,,,0
GSM5613776_2020-08-26-Control4003-c3_AACCATGTCCGGACTG-1,GSM5613776_2020-08-26-Control4003-c3,0,low_single_type,1,0,0,,,0
GSM5613776_2020-08-26-Control4003-c3_AACCCAATCTTCTCAA-1,GSM5613776_2020-08-26-Control4003-c3,0,low_single_type,1,0,0,,,0
GSM5613776_2020-08-26-Control4003-c3_AACCTGACAGCAGATG-1,GSM5613776_2020-08-26-Control4003-c3,0,low_single_type,1,0,0,,,0
GSM5613776_2020-08-26-Control4003-c3_AACCTTTCAGTATGAA-1,GSM5613776_2020-08-26-Control4003-c3,0,low_single_type,1,0,0,,,0
GSM5613776_2020-08-26-Control4003-c3_AACCTTTTCCCAACTC-1,GSM5613776_2020-08-26-Control4003-c3,0,low_single_type,1,0,0,,,0
GSM5613776_2020-08-26-Control4003-c3_AACGAAACATGTCGTA-1,GSM5613776_2020-08-26-Control4003-c3,0,low_single_type,1,0,0,,,0
GSM5613776_2020-08-26-Control4003-c3_AACGGGACACCAAATC-1,GSM5613776_2020-08-26-Control4003-c3,0,low_single_type,1,0,0,,,0
GSM5613776_2020-08-26-Control4003-c3_AACGGGAGTTTACGTG-1,GSM5613776_2020-08-26-Control4003-c3,0,low_single_type,1,0,0,,,0
GSM5613776_2020-08-26-Control4003-c3_AACGGGATCACGGACC-1,GSM5613776_2020-08-26-Control4003-c3,0,low_single_type,1,0,0,,,0
GSM5613776_2020-08-26-Control4003-c3_AACGTCACAGCACGAA-1,GSM5613776_2020-08-26-Control4003-c3,1,low_single_type,1,1,1,,,1
GSM5613776_2020-08-26-Control4003-c3_AACGTCAGTGGAACAC-1,GSM5613776_2020-08-26-Control4003-c3,1,low_single_type,1,1,1,,,1
GSM5613776_2020-08-26-Control4003-c3_AACTTCTAGGCTCACC-1,GSM5613776_2020-08-26-Control4003-c3,0,low_single_type,1,0,0,,,0
GSM5613776_2020-08-26-Control4003-c3_AACTTCTCATATGGCT-1,GSM5613776_2020-08-26-Control4003-c3,0,low_single_type,1,0,0,,,0
GSM5613776_2020-08-26-Control4003-c3_AACTTCTGTGCGTTTA-1,GSM5613776_2020-08-26-Control4003-c3,0,low_single_type,1,0,0,,,0
GSM5613776_2020-08-26-Control4003-c3_AACTTCTTCCGTGTGG-1,GSM5613776_2020-08-26-Control4003-c3,0,low_single_type,1,0,0,,,0
GSM5613776_2020-08-26-Control4003-c3_AAGAACAAGTAAATGC-1,GSM5613776_2020-08-26-Control4003-c3,0,low_single_type,1,0,0,,,0
GSM5613776_2020-08-26-Control4003-c3_AAGACAAAGAAACTCA-1,GSM5613776_2020-08-26-Control4003-c3,0,low_single_type,1,0,0,,,0
GSM5613776_2020-08-26-Control4003-c3_AAGACAAAGAGTCAAT-1,GSM5613776_2020-08-26-Control4003-c3,0,low_single_type,1,0,0,,,0
GSM5613776_2020-08-26-Control4003-c3_AAGACTCAGGCAATGC-1,GSM5613776_2020-08-26-Control4003-c3,0,low_single_type,1,0,0,,,0
GSM5613776_2020-08-26-Control4003-c3_AAGACTCTCCTGTAGA-1,GSM5613776_2020-08-26-Control4003-c3,0,low_single_type,1,0,0,,,0
GSM5613776_2020-08-26-Control4003-c3_AAGATAGAGCTAGCCC-1,GSM5613776_2020-08-26-Control4003-c3,0,low_single_type,1,0,0,,,0
GSM5613776_2020-08-26-Control4003-c3_AAGATAGCATGACTTG-1,GSM5613776_2020-08-26-Control4003-c3,0,low_single_type,1,0,0,,,0
GSM5613776_2020-08-26-Control4003-c3_AAGATAGGTGCGACAA-1,GSM5613776_2020-08-26-Control4003-c3,0,low_single_type,1,0,0,,,0
GSM5613776_2020-08-26-Control4003-c3_AAGCATCAGCGCATCC-1,GSM5613776_2020-08-26-Control4003-c3,0,low_single_type,1,0,0,,,0
GSM5613776_2020-08-26-Control4003-c3_AAGCATCGTTGTGGAG-1,GSM5613776_2020-08-26-Control4003-c3,1,low_single_type,1,1,1,,,1
GSM5613776_2020-08-26-Control4003-c3_AAGCATCTCGAGAATA-1,GSM5613776_2020-08-26-Control4003-c3,0,low_single_type,1,0,0,,,0
GSM5613776_2020-08-26-Control4003-c3_AAGCATCTCTCCGTGT-1,GSM5613776_2020-08-26-Control4003-c3,0,low_single_type,1,0,0,,,0
GSM5613776_2020-08-26-Control4003-c3_AAGCATCTCTGAGGCC-1,GSM5613776_2020-08-26-Control4003-c3,0,low_single_type,1,0,0,,,0
GSM5613776_2020-08-26-Control4003-c3_AAGCGAGAGAAGGCTC-1,GSM5613776_2020-08-26-Control4003-c3,0,low_single_type,1,0,0,,,0
GSM5613776_2020-08-26-Control4003-c3_AAGCGAGGTCGTTGCG-1,GSM5613776_2020-08-26-Control4003-c3,0,low_single_type,1,0,0,,,0
GSM5613776_2020-08-26-Control4003-c3_AAGCGTTCAGGCACTC-1,GSM5613776_2020-08-26-Control4003-c3,0,low_single_type,1,0,0,,,0
GSM5613776_2020-08-26-Control4003-c3_AAGCGTTGTTAACCTG-1,GSM5613776_2020-08-26-Control4003-c3,0,low_single_type,1,0,0,,,0
GSM5613776_2020-08-26-Control4003-c3_AAGCGTTTCCTCGCAT-1,GSM5613776_2020-08-26-Control4003-c3,1,low_single_type,1,1,1,,,1
GSM5613776_2020-08-26-Control4003-c3_AAGGAATCACAGCTTA-1,GSM5613776_2020-08-26-Control4003-c3,0,low_single_type,1,0,0,,,0
GSM5613776_2020-08-26-Control4003-c3_AAGGAATTCGCTGTCT-1,GSM5613776_2020-08-26-Control4003-c3,0,low_single_type,1,0,0,,,0
GSM5613776_2020-08-26-Control4003-c3_AAGGTAAAGGCCACCT-1,GSM5613776_2020-08-26-Control4003-c3,0,low_single_type,1,0,0,,,0
GSM5613776_2020-08-26-Control4003-c3_AAGGTAAGTAACGTTC-1,GSM5613776_2020-08-26-Control4003-c3,0,low_single_type,1,0,0,,,0
GSM5613776_2020-08-26-Control4003-c3_AAGGTAAGTGAGATAT-1,GSM5613776_2020-08-26-Control4003-c3,1,low_single_type,1,1,1,,,1
GSM5613776_2020-08-26-Control4003-c3_AAGGTAAGTGCGGATA-1,GSM5613776_2020-08-26-Control4003-c3,0,low_single_type,1,0,0,,,0
GSM5613776_2020-08-26-Control4003-c3_AAGGTAAGTTCCTAAG-1,GSM5613776_2020-08-26-Control4003-c3,0,low_single_type,1,0,0,,,0
GSM5613776_2020-08-26-Control4003-c3_AAGTACCAGGCTAGCA-1,GSM5613776_2020-08-26-Control4003-c3,0,low_single_type,1,0,0,,,0
GSM5613776_2020-08-26-Control4003-c3_AAGTACCCAAAGGGCT-1,GSM5613776_2020-08-26-Control4003-c3,1,low_single_type,1,1,1,,,1
GSM5613776_2020-08-26-Control4003-c3_AAGTACCGTGTTACAC-1,GSM5613776_2020-08-26-Control4003-c3,0,low_single_type,1,0,0,,,0
GSM5613776_2020-08-26-Control4003-c3_AAGTCGTCAGTGTGCC-1,GSM5613776_2020-08-26-Control4003-c3,1,low_single_type,1,1,1,,,1
GSM5613776_2020-08-26-Control4003-c3_AAGTCGTCATTAGGCT-1,GSM5613776_2020-08-26-Control4003-c3,1,low_single_type,1,1,1,,,1
GSM5613776_2020-08-26-Control4003-c3_AAGTGAATCAACCTCC-1,GSM5613776_2020-08-26-Control4003-c3,0,low_single_type,1,0,0,,,0
GSM5613776_2020-08-26-Control4003-c3_AAGTGAATCCGTGTGG-1,GSM5613776_2020-08-26-Control4003-c3,0,low_single_type,1,0,0,,,0
GSM5613776_2020-08-26-Control4003-c3_AAGTTCGCAGCTACCG-1,GSM5613776_2020-08-26-Control4003-c3,0,low_single_type,1,0,0,,,0
GSM5613776_2020-08-26-Control4003-c3_AAGTTCGGTAGAATGT-1,GSM5613776_2020-08-26-Control4003-c3,0,low_single_type,1,0,0,,,0
GSM5613776_2020-08-26-Control4003-c3_AAGTTCGTCAGAATAG-1,GSM5613776_2020-08-26-Control4003-c3,0,low_single_type,1,0,0,,,0
GSM5613776_2020-08-26-Control4003-c3_AATAGAGAGCTGGTGA-1,GSM5613776_2020-08-26-Control4003-c3,0,low_single_type,1,0,0,,,0
GSM5613776_2020-08-26-Control4003-c3_AATAGAGCAACTCCAA-1,GSM5613776_2020-08-26-Control4003-c3,0,low_single_type,1,0,0,,,0
GSM5613776_2020-08-26-Control4003-c3_AATAGAGGTTATCTTC-1,GSM5613776_2020-08-26-Control4003-c3,0,low_single_type,1,0,0,,,0
GSM5613776_2020-08-26-Control4003-c3_AATCACGTCGCTACAA-1,GSM5613776_2020-08-26-Control4003-c3,0,low_single_type,1,0,0,,,0
GSM5613776_2020-08-26-Control4003-c3_AATCGACCAAATACAG-1,GSM5613776_2020-08-26-Control4003-c3,0,low_single_type,1,0,0,,,0
GSM5613776_2020-08-26-Control4003-c3_AATCGACCAACGATCT-1,GSM5613776_2020-08-26-Control4003-c3,0,low_single_type,1,0,0,,,0
GSM5613776_2020-08-26-Control4003-c3_AATCGACTCCTACACC-1,GSM5613776_2020-08-26-Control4003-c3,0,low_single_type,1,0,0,,,0
GSM5613776_2020-08-26-Control4003-c3_AATCGTGCAATTCGTG-1,GSM5613776_2020-08-26-Control4003-c3,0,low_single_type,1,0,0,,,0
GSM5613776_2020-08-26-Control4003-c3_AATCGTGGTGTGTGTT-1,GSM5613776_2020-08-26-Control4003-c3,0,low_single_type,1,0,0,,,0
GSM5613776_2020-08-26-Control4003-c3_AATCGTGTCTACGCAA-1,GSM5613776_2020-08-26-Control4003-c3,1,low_single_type,1,1,1,,,1
GSM5613776_2020-08-26-Control4003-c3_AATGCCAAGGCGAAGG-1,GSM5613776_2020-08-26-Control4003-c3,0,low_single_type,1,0,0,,,0
GSM5613776_2020-08-26-Control4003-c3_AATGCCACAATTGGTC-1,GSM5613776_2020-08-26-Control4003-c3,0,low_single_type,1,0,0,,,0
GSM5613776_2020-08-26-Control4003-c3_AATGCCATCCACGTAA-1,GSM5613776_2020-08-26-Control4003-c3,0,low_single_type,1,0,0,,,0
GSM5613776_2020-08-26-Control4003-c3_AATGCCATCCATACAG-1,GSM5613776_2020-08-26-Control4003-c3,0,low_single_type,1,0,0,,,0
GSM5613776_2020-08-26-Control4003-c3_AATGCCATCCATTTGT-1,GSM5613776_2020-08-26-Control4003-c3,0,low_single_type,1,0,0,,,0
GSM5613776_2020-08-26-Control4003-c3_AATGGCTGTGATACCT-1,GSM5613776_2020-08-26-Control4003-c3,0,low_single_type,1,0,0,,,0
GSM5613776_2020-08-26-Control4003-c3_AATTCCTAGCGACTAG-1,GSM5613776_2020-08-26-Control4003-c3,0,low_single_type,1,0,0,,,0
GSM5613776_2020-08-26-Control4003-c3_AATTCCTGTACTCAAC-1,GSM5613776_2020-08-26-Control4003-c3,0,low_single_type,1,0,0,,,0
GSM5613776_2020-08-26-Control4003-c3_AATTCCTGTCGCACAC-1,GSM5613776_2020-08-26-Control4003-c3,0,low_single_type,1,0,0,,,0
GSM5613776_2020-08-26-Control4003-c3_AATTCCTGTCTGCGCA-1,GSM5613776_2020-08-26-Control4003-c3,0,low_single_type,1,0,0,,,0
GSM5613776_2020-08-26-Control4003-c3_AATTTCCCAACGACAG-1,GSM5613776_2020-08-26-Control4003-c3,0,low_single_type,1,0,0,,,0
GSM5613776_2020-08-26-Control4003-c3_AATTTCCCAGAAGTGC-1,GSM5613776_2020-08-26-Control4003-c3,1,low_single_type,1,1,1,,,1
GSM5613776_2020-08-26-Control4003-c3_AATTTCCCATGAATAG-1,GSM5613776_2020-08-26-Control4003-c3,0,low_single_type,1,0,0,,,0
GSM5613776_2020-08-26-Control4003-c3_ACAAAGAAGCTGACCC-1,GSM5613776_2020-08-26-Control4003-c3,0,low_single_type,1,0,0,,,0
GSM5613776_2020-08-26-Control4003-c3_ACAAAGATCCGTGGGT-1,GSM5613776_2020-08-26-Control4003-c3,0,low_single_type,1,0,0,,,0
GSM5613776_2020-08-26-Control4003-c3_ACAACCAGTTTACACG-1,GSM5613776_2020-08-26-Control4003-c3,0,low_single_type,1,0,0,,,0
GSM5613776_2020-08-26-Control4003-c3_ACACAGTAGGTGCCAA-1,GSM5613776_2020-08-26-Control4003-c3,0,low_single_type,1,0,0,,,0
GSM5613776_2020-08-26-Control4003-c3_ACACAGTCACTTGAGT-1,GSM5613776_2020-08-26-Control4003-c3,0,low_single_type,1,0,0,,,0
GSM5613776_2020-08-26-Control4003-c3_ACACAGTGTAGTCTTG-1,GSM5613776_2020-08-26-Control4003-c3,0,low_single_type,1,0,0,,,0
GSM5613776_2020-08-26-Control4003-c3_ACACCAAAGAGGGTCT-1,GSM5613776_2020-08-26-Control4003-c3,0,low_single_type,1,0,0,,,0
GSM5613776_2020-08-26-Control4003-c3_ACACCAAGTTTCACAG-1,GSM5613776_2020-08-26-Control4003-c3,0,low_single_type,1,0,0,,,0
GSM5613776_2020-08-26-Control4003-c3_ACACGCGAGTCTCCTC-1,GSM5613776_2020-08-26-Control4003-c3,0,low_single_type,1,0,0,,,0
GSM5613776_2020-08-26-Control4003-c3_ACACGCGAGTTGCCCG-1,GSM5613776_2020-08-26-Control4003-c3,0,low_single_type,1,0,0,,,0
GSM5613776_2020-08-26-Control4003-c3_ACACGCGCACTACCCT-1,GSM5613776_2020-08-26-Control4003-c3,0,low_single_type,1,0,0,,,0
GSM5613776_2020-08-26-Control4003-c3_ACACTGAAGGAACTAT-1,GSM5613776_2020-08-26-Control4003-c3,0,low_single_type,1,0,0,,,0
GSM5613776_2020-08-26-Control4003-c3_ACACTGACAATTGGTC-1,GSM5613776_2020-08-26-Control4003-c3,0,low_single_type,1,0,0,,,0
GSM5613776_2020-08-26-Control4003-c3_ACAGAAAAGGTGCTTT-1,GSM5613776_2020-08-26-Control4003-c3,0,low_single_type,1,0,0,,,0
GSM5613776_2020-08-26-Control4003-c3_ACAGAAAAGTTGCTGT-1,GSM5613776_2020-08-26-Control4003-c3,0,low_single_type,1,0,0,,,0
GSM5613776_2020-08-26-Control4003-c3_ACAGAAACAAACTGCT-1,GSM5613776_2020-08-26-Control4003-c3,0,low_single_type,1,0,0,,,0
GSM5613776_2020-08-26-Control4003-c3_ACAGAAACAAATAAGC-1,GSM5613776_2020-08-26-Control4003-c3,0,low_single_type,1,0,0,,,0
GSM5613776_2020-08-26-Control4003-c3_ACAGCCGAGATTCGAA-1,GSM5613776_2020-08-26-Control4003-c3,0,low_single_type,1,0,0,,,0
GSM5613776_2020-08-26-Control4003-c3_ACAGCCGTCGGTCATA-1,GSM5613776_2020-08-26-Control4003-c3,0,low_single_type,1,0,0,,,0
GSM5613776_2020-08-26-Control4003-c3_ACAGGGACAAAGACTA-1,GSM5613776_2020-08-26-Control4003-c3,0,low_single_type,1,0,0,,,0
GSM5613776_2020-08-26-Control4003-c3_ACAGGGAGTACTCGTA-1,GSM5613776_2020-08-26-Control4003-c3,0,low_single_type,1,0,0,,,0
GSM5613776_2020-08-26-Control4003-c3_ACAGGGAGTAGAAACT-1,GSM5613776_2020-08-26-Control4003-c3,0,low_single_type,1,0,0,,,0
GSM5613776_2020-08-26-Control4003-c3_ACAGGGAGTTCGGACC-1,GSM5613776_2020-08-26-Control4003-c3,0,low_single_type,1,0,0,,,0
GSM5613776_2020-08-26-Control4003-c3_ACATCCCAGGGTTTCT-1,GSM5613776_2020-08-26-Control4003-c3,0,low_single_type,1,0,0,,,0
GSM5613776_2020-08-26-Control4003-c3_ACATCCCGTACTGTTG-1,GSM5613776_2020-08-26-Control4003-c3,0,low_single_type,1,0,0,,,0
GSM5613776_2020-08-26-Control4003-c3_ACATCGACAATTGCAC-1,GSM5613776_2020-08-26-Control4003-c3,0,low_single_type,1,0,0,,,0
GSM5613776_2020-08-26-Control4003-c3_ACATCGATCAATCTTC-1,GSM5613776_2020-08-26-Control4003-c3,0,low_single_type,1,0,0,,,0
GSM5613776_2020-08-26-Control4003-c3_ACATTTCAGCGCCATC-1,GSM5613776_2020-08-26-Control4003-c3,0,low_single_type,1,0,0,,,0
GSM5613776_2020-08-26-Control4003-c3_ACATTTCAGCTTCATG-1,GSM5613776_2020-08-26-Control4003-c3,0,low_single_type,1,0,0,,,0
GSM5613776_2020-08-26-Control4003-c3_ACATTTCCACCACTGG-1,GSM5613776_2020-08-26-Control4003-c3,0,low_single_type,1,0,0,,,0
GSM5613776_2020-08-26-Control4003-c3_ACCAACAAGTGAGCCA-1,GSM5613776_2020-08-26-Control4003-c3,0,low_single_type,1,0,0,,,0
GSM5613776_2020-08-26-Control4003-c3_ACCACAATCGTGTTCC-1,GSM5613776_2020-08-26-Control4003-c3,1,low_single_type,1,1,1,,,1
GSM5613776_2020-08-26-Control4003-c3_ACCATTTGTCACCCTT-1,GSM5613776_2020-08-26-Control4003-c3,0,low_single_type,1,0,0,,,0
GSM5613776_2020-08-26-Control4003-c3_ACCCAAACACGGATCC-1,GSM5613776_2020-08-26-Control4003-c3,1,low_single_type,1,1,1,,,1
GSM5613776_2020-08-26-Control4003-c3_ACCCTCAAGATTGAGT-1,GSM5613776_2020-08-26-Control4003-c3,0,low_single_type,1,0,0,,,0
GSM5613776_2020-08-26-Control4003-c3_ACCCTCAAGGACAGTC-1,GSM5613776_2020-08-26-Control4003-c3,0,low_single_type,1,0,0,,,0
GSM5613776_2020-08-26-Control4003-c3_ACCCTCACAGTCAGCC-1,GSM5613776_2020-08-26-Control4003-c3,0,low_single_type,1,0,0,,,0
GSM5613776_2020-08-26-Control4003-c3_ACCCTCACATCCAATG-1,GSM5613776_2020-08-26-Control4003-c3,0,low_single_type,1,0,0,,,0
GSM5613776_2020-08-26-Control4003-c3_ACCCTCACATTACGGT-1,GSM5613776_2020-08-26-Control4003-c3,0,low_single_type,1,0,0,,,0
GSM5613776_2020-08-26-Control4003-c3_ACCCTCAGTATAATGG-1,GSM5613776_2020-08-26-Control4003-c3,0,low_single_type,1,0,0,,,0
GSM5613776_2020-08-26-Control4003-c3_ACCCTCATCGAACTCA-1,GSM5613776_2020-08-26-Control4003-c3,1,low_single_type,1,1,1,,,1
GSM5613776_2020-08-26-Control4003-c3_ACCCTTGAGGCTTAAA-1,GSM5613776_2020-08-26-Control4003-c3,0,low_single_type,1,0,0,,,0
GSM5613776_2020-08-26-Control4003-c3_ACCCTTGTCGACATTG-1,GSM5613776_2020-08-26-Control4003-c3,0,low_single_type,1,0,0,,,0
GSM5613776_2020-08-26-Control4003-c3_ACCGTTCCAAGAAATC-1,GSM5613776_2020-08-26-Control4003-c3,0,low_single_type,1,0,0,,,0
GSM5613776_2020-08-26-Control4003-c3_ACCGTTCGTAGGCAAC-1,GSM5613776_2020-08-26-Control4003-c3,0,low_single_type,1,0,0,,,0
GSM5613776_2020-08-26-Control4003-c3_ACCGTTCTCACTGTCC-1,GSM5613776_2020-08-26-Control4003-c3,0,low_single_type,1,0,0,,,0
GSM5613776_2020-08-26-Control4003-c3_ACCGTTCTCAGAATAG-1,GSM5613776_2020-08-26-Control4003-c3,0,low_single_type,1,0,0,,,0
GSM5613776_2020-08-26-Control4003-c3_ACCTACCAGTCACGCC-1,GSM5613776_2020-08-26-Control4003-c3,1,low_single_type,1,1,1,,,1
GSM5613776_2020-08-26-Control4003-c3_ACCTACCAGTGAACAT-1,GSM5613776_2020-08-26-Control4003-c3,0,low_single_type,1,0,0,,,0
GSM5613776_2020-08-26-Control4003-c3_ACCTACCCATAGGTAA-1,GSM5613776_2020-08-26-Control4003-c3,0,low_single_type,1,0,0,,,0
GSM5613776_2020-08-26-Control4003-c3_ACCTGAATCAGTGCGC-1,GSM5613776_2020-08-26-Control4003-c3,0,low_single_type,1,0,0,,,0
GSM5613776_2020-08-26-Control4003-c3_ACCTGAATCGTGTTCC-1,GSM5613776_2020-08-26-Control4003-c3,0,low_single_type,1,0,0,,,0
GSM5613776_2020-08-26-Control4003-c3_ACCTGTCAGAACGCGT-1,GSM5613776_2020-08-26-Control4003-c3,0,low_single_type,1,0,0,,,0
GSM5613776_2020-08-26-Control4003-c3_ACCTGTCCAACCGACC-1,GSM5613776_2020-08-26-Control4003-c3,1,low_single_type,1,1,1,,,1
GSM5613776_2020-08-26-Control4003-c3_ACCTGTCGTGCGTTTA-1,GSM5613776_2020-08-26-Control4003-c3,0,low_single_type,1,0,0,,,0
GSM5613776_2020-08-26-Control4003-c3_ACCTGTCTCTACTCAT-1,GSM5613776_2020-08-26-Control4003-c3,0,low_single_type,1,0,0,,,0
GSM5613776_2020-08-26-Control4003-c3_ACGATCATCTCGAACA-1,GSM5613776_2020-08-26-Control4003-c3,0,low_single_type,1,0,0,,,0
GSM5613776_2020-08-26-Control4003-c3_ACGATGTAGCGAAACC-1,GSM5613776_2020-08-26-Control4003-c3,0,low_single_type,1,0,0,,,0
GSM5613776_2020-08-26-Control4003-c3_ACGATGTAGTCCCAAT-1,GSM5613776_2020-08-26-Control4003-c3,0,low_single_type,1,0,0,,,0
GSM5613776_2020-08-26-Control4003-c3_ACGATGTCAGCATTGT-1,GSM5613776_2020-08-26-Control4003-c3,0,low_single_type,1,0,0,,,0
GSM5613776_2020-08-26-Control4003-c3_ACGATGTGTCTACAAC-1,GSM5613776_2020-08-26-Control4003-c3,0,low_single_type,1,0,0,,,0
GSM5613776_2020-08-26-Control4003-c3_ACGATGTGTTTGATCG-1,GSM5613776_2020-08-26-Control4003-c3,0,low_single_type,1,0,0,,,0
GSM5613776_2020-08-26-Control4003-c3_ACGCACGAGGTTCATC-1,GSM5613776_2020-08-26-Control4003-c3,0,low_single_type,1,0,0,,,0
GSM5613776_2020-08-26-Control4003-c3_ACGCACGAGTGGTGGT-1,GSM5613776_2020-08-26-Control4003-c3,0,low_single_type,1,0,0,,,0
GSM5613776_2020-08-26-Control4003-c3_ACGCACGTCAGATGCT-1,GSM5613776_2020-08-26-Control4003-c3,0,low_single_type,1,0,0,,,0
GSM5613776_2020-08-26-Control4003-c3_ACGCACGTCCCTATTA-1,GSM5613776_2020-08-26-Control4003-c3,0,low_single_type,1,0,0,,,0
GSM5613776_2020-08-26-Control4003-c3_ACGGAAGTCCTTCACG-1,GSM5613776_2020-08-26-Control4003-c3,0,low_single_type,1,0,0,,,0
GSM5613776_2020-08-26-Control4003-c3_ACGGGTCCATCCAATG-1,GSM5613776_2020-08-26-Control4003-c3,0,low_single_type,1,0,0,,,0
GSM5613776_2020-08-26-Control4003-c3_ACGGTCGGTAGTATAG-1,GSM5613776_2020-08-26-Control4003-c3,0,low_single_type,1,0,0,,,0
GSM5613776_2020-08-26-Control4003-c3_ACGGTCGGTCCGGATC-1,GSM5613776_2020-08-26-Control4003-c3,0,low_single_type,1,0,0,,,0
GSM5613776_2020-08-26-Control4003-c3_ACGGTCGGTGTACGCC-1,GSM5613776_2020-08-26-Control4003-c3,0,low_single_type,1,0,0,,,0
GSM5613776_2020-08-26-Control4003-c3_ACGGTTAAGCTTGTGT-1,GSM5613776_2020-08-26-Control4003-c3,0,low_single_type,1,0,0,,,0
GSM5613776_2020-08-26-Control4003-c3_ACGTACATCCATCACC-1,GSM5613776_2020-08-26-Control4003-c3,0,low_single_type,1,0,0,,,0
GSM5613776_2020-08-26-Control4003-c3_ACGTAGTAGAGAGGTA-1,GSM5613776_2020-08-26-Control4003-c3,0,low_single_type,1,0,0,,,0
GSM5613776_2020-08-26-Control4003-c3_ACGTCCTCACAATGCT-1,GSM5613776_2020-08-26-Control4003-c3,1,low_single_type,1,1,1,,,1
GSM5613776_2020-08-26-Control4003-c3_ACGTTCCGTACAAAGT-1,GSM5613776_2020-08-26-Control4003-c3,0,low_single_type,1,0,0,,,0
GSM5613776_2020-08-26-Control4003-c3_ACGTTCCTCTCTCGCA-1,GSM5613776_2020-08-26-Control4003-c3,0,low_single_type,1,0,0,,,0
GSM5613776_2020-08-26-Control4003-c3_ACGTTCCTCTTACTGT-1,GSM5613776_2020-08-26-Control4003-c3,0,low_single_type,1,0,0,,,0
GSM5613776_2020-08-26-Control4003-c3_ACTACGACAGTACTAC-1,GSM5613776_2020-08-26-Control4003-c3,0,low_single_type,1,0,0,,,0
GSM5613776_2020-08-26-Control4003-c3_ACTACGAGTCACCGAC-1,GSM5613776_2020-08-26-Control4003-c3,1,low_single_type,1,1,1,,,1
GSM5613776_2020-08-26-Control4003-c3_ACTACGAGTCATCCCT-1,GSM5613776_2020-08-26-Control4003-c3,0,low_single_type,1,0,0,,,0
GSM5613776_2020-08-26-Control4003-c3_ACTATCTAGGATATGT-1,GSM5613776_2020-08-26-Control4003-c3,0,low_single_type,1,0,0,,,0
GSM5613776_2020-08-26-Control4003-c3_ACTATGGAGGAATGTT-1,GSM5613776_2020-08-26-Control4003-c3,1,low_single_type,1,1,1,,,1
GSM5613776_2020-08-26-Control4003-c3_ACTATTCCACTCAGAT-1,GSM5613776_2020-08-26-Control4003-c3,1,low_single_type,1,1,1,,,1
GSM5613776_2020-08-26-Control4003-c3_ACTATTCTCCACACAA-1,GSM5613776_2020-08-26-Control4003-c3,0,low_single_type,1,0,0,,,0
GSM5613776_2020-08-26-Control4003-c3_ACTCCCAAGTTCCATG-1,GSM5613776_2020-08-26-Control4003-c3,0,low_single_type,1,0,0,,,0
GSM5613776_2020-08-26-Control4003-c3_ACTCCCACATGGAAGC-1,GSM5613776_2020-08-26-Control4003-c3,0,low_single_type,1,0,0,,,0
GSM5613776_2020-08-26-Control4003-c3_ACTCCCACATTGTAGC-1,GSM5613776_2020-08-26-Control4003-c3,0,low_single_type,1,0,0,,,0
GSM5613776_2020-08-26-Control4003-c3_ACTCCCATCCCAGCGA-1,GSM5613776_2020-08-26-Control4003-c3,0,low_single_type,1,0,0,,,0
GSM5613776_2020-08-26-Control4003-c3_ACTCTCGGTCGCATCG-1,GSM5613776_2020-08-26-Control4003-c3,0,low_single_type,1,0,0,,,0
GSM5613776_2020-08-26-Control4003-c3_ACTCTCGGTCTCACAA-1,GSM5613776_2020-08-26-Control4003-c3,1,low_single_type,1,1,1,,,1
GSM5613776_2020-08-26-Control4003-c3_ACTCTCGTCTATTGTC-1,GSM5613776_2020-08-26-Control4003-c3,1,low_single_type,1,1,1,,,1
GSM5613776_2020-08-26-Control4003-c3_ACTGATGCAGTATTCG-1,GSM5613776_2020-08-26-Control4003-c3,0,low_single_type,1,0,0,,,0
GSM5613776_2020-08-26-Control4003-c3_ACTGATGTCGGCTCTT-1,GSM5613776_2020-08-26-Control4003-c3,0,low_single_type,1,0,0,,,0
GSM5613776_2020-08-26-Control4003-c3_ACTGCAAAGTGCTAGG-1,GSM5613776_2020-08-26-Control4003-c3,0,low_single_type,1,0,0,,,0
GSM5613776_2020-08-26-Control4003-c3_ACTGCAACACCATTCC-1,GSM5613776_2020-08-26-Control4003-c3,0,low_single_type,1,0,0,,,0
GSM5613776_2020-08-26-Control4003-c3_ACTGCAACAGGCTTGC-1,GSM5613776_2020-08-26-Control4003-c3,0,low_single_type,1,0,0,,,0
GSM5613776_2020-08-26-Control4003-c3_ACTGTGAAGCCTCAGC-1,GSM5613776_2020-08-26-Control4003-c3,0,low_single_type,1,0,0,,,0
GSM5613776_2020-08-26-Control4003-c3_ACTGTGAAGGTTGGAC-1,GSM5613776_2020-08-26-Control4003-c3,0,low_single_type,1,0,0,,,0
GSM5613776_2020-08-26-Control4003-c3_ACTGTGAAGTATGATG-1,GSM5613776_2020-08-26-Control4003-c3,0,low_single_type,1,0,0,,,0
GSM5613776_2020-08-26-Control4003-c3_ACTGTGACAAAGGAGA-1,GSM5613776_2020-08-26-Control4003-c3,0,low_single_type,1,0,0,,,0
GSM5613776_2020-08-26-Control4003-c3_ACTGTGAGTTACGTAC-1,GSM5613776_2020-08-26-Control4003-c3,0,low_single_type,1,0,0,,,0
GSM5613776_2020-08-26-Control4003-c3_ACTGTGATCACCTCAC-1,GSM5613776_2020-08-26-Control4003-c3,0,low_single_type,1,0,0,,,0
GSM5613776_2020-08-26-Control4003-c3_ACTTAGGGTCGCGGTT-1,GSM5613776_2020-08-26-Control4003-c3,0,low_single_type,1,0,0,,,0
GSM5613776_2020-08-26-Control4003-c3_ACTTAGGGTTTGACAC-1,GSM5613776_2020-08-26-Control4003-c3,0,low_single_type,1,0,0,,,0
GSM5613776_2020-08-26-Control4003-c3_ACTTATCAGCATCAAA-1,GSM5613776_2020-08-26-Control4003-c3,0,low_single_type,1,0,0,,,0
GSM5613776_2020-08-26-Control4003-c3_ACTTATCGTCAGGTGA-1,GSM5613776_2020-08-26-Control4003-c3,0,low_single_type,1,0,0,,,0
GSM5613776_2020-08-26-Control4003-c3_ACTTCGCAGTGGTTAA-1,GSM5613776_2020-08-26-Control4003-c3,0,low_single_type,1,0,0,,,0
GSM5613776_2020-08-26-Control4003-c3_ACTTTCAAGTAGAGTT-1,GSM5613776_2020-08-26-Control4003-c3,0,low_single_type,1,0,0,,,0
GSM5613776_2020-08-26-Control4003-c3_ACTTTCACAATTGCCA-1,GSM5613776_2020-08-26-Control4003-c3,0,low_single_type,1,0,0,,,0
GSM5613776_2020-08-26-Control4003-c3_ACTTTGTGTTGGTACT-1,GSM5613776_2020-08-26-Control4003-c3,0,low_single_type,1,0,0,,,0
GSM5613776_2020-08-26-Control4003-c3_ACTTTGTTCGGAGTGA-1,GSM5613776_2020-08-26-Control4003-c3,0,low_single_type,1,0,0,,,0
GSM5613776_2020-08-26-Control4003-c3_AGAACAAAGTATGAGT-1,GSM5613776_2020-08-26-Control4003-c3,0,low_single_type,1,0,0,,,0
GSM5613776_2020-08-26-Control4003-c3_AGAACAAGTCGATTCA-1,GSM5613776_2020-08-26-Control4003-c3,0,low_single_type,1,0,0,,,0
GSM5613776_2020-08-26-Control4003-c3_AGAACCTAGCTGAGTG-1,GSM5613776_2020-08-26-Control4003-c3,0,low_single_type,1,0,0,,,0
GSM5613776_2020-08-26-Control4003-c3_AGAACCTGTATTTCCT-1,GSM5613776_2020-08-26-Control4003-c3,0,low_single_type,1,0,0,,,0
GSM5613776_2020-08-26-Control4003-c3_AGAACCTTCCTGTTGC-1,GSM5613776_2020-08-26-Control4003-c3,0,low_single_type,1,0,0,,,0
GSM5613776_2020-08-26-Control4003-c3_AGAAGCGTCCAGGACC-1,GSM5613776_2020-08-26-Control4003-c3,0,low_single_type,1,0,0,,,0
GSM5613776_2020-08-26-Control4003-c3_AGAAGTAGTTAATGAG-1,GSM5613776_2020-08-26-Control4003-c3,1,low_single_type,1,1,1,,,1
GSM5613776_2020-08-26-Control4003-c3_AGACAAACACTTTATC-1,GSM5613776_2020-08-26-Control4003-c3,1,low_single_type,1,1,1,,,1
GSM5613776_2020-08-26-Control4003-c3_AGACAAAGTCGCTTGG-1,GSM5613776_2020-08-26-Control4003-c3,1,low_single_type,1,1,1,,,1
GSM5613776_2020-08-26-Control4003-c3_AGACAAATCGCCAGTG-1,GSM5613776_2020-08-26-Control4003-c3,0,low_single_type,1,0,0,,,0
GSM5613776_2020-08-26-Control4003-c3_AGACAAATCTCTTCAA-1,GSM5613776_2020-08-26-Control4003-c3,0,low_single_type,1,0,0,,,0
GSM5613776_2020-08-26-Control4003-c3_AGACACTAGAATAACC-1,GSM5613776_2020-08-26-Control4003-c3,0,low_single_type,1,0,0,,,0
GSM5613776_2020-08-26-Control4003-c3_AGACACTGTGCATTAC-1,GSM5613776_2020-08-26-Control4003-c3,0,low_single_type,1,0,0,,,0
GSM5613776_2020-08-26-Control4003-c3_AGACACTTCGCCAGAC-1,GSM5613776_2020-08-26-Control4003-c3,0,low_single_type,1,0,0,,,0
GSM5613776_2020-08-26-Control4003-c3_AGACAGGTCTCGCTCA-1,GSM5613776_2020-08-26-Control4003-c3,0,low_single_type,1,0,0,,,0
GSM5613776_2020-08-26-Control4003-c3_AGACCATGTATGTCTG-1,GSM5613776_2020-08-26-Control4003-c3,0,low_single_type,1,0,0,,,0
GSM5613776_2020-08-26-Control4003-c3_AGACCCGAGGGCTTCC-1,GSM5613776_2020-08-26-Control4003-c3,0,low_single_type,1,0,0,,,0
GSM5613776_2020-08-26-Control4003-c3_AGACCCGGTAGGTGCA-1,GSM5613776_2020-08-26-Control4003-c3,0,low_single_type,1,0,0,,,0
GSM5613776_2020-08-26-Control4003-c3_AGACCCGTCAGTGATC-1,GSM5613776_2020-08-26-Control4003-c3,0,low_single_type,1,0,0,,,0
GSM5613776_2020-08-26-Control4003-c3_AGACTCACAGCTATTG-1,GSM5613776_2020-08-26-Control4003-c3,0,low_single_type,1,0,0,,,0
GSM5613776_2020-08-26-Control4003-c3_AGAGAATGTACAATAG-1,GSM5613776_2020-08-26-Control4003-c3,0,low_single_type,1,0,0,,,0
GSM5613776_2020-08-26-Control4003-c3_AGAGAATGTGCAACGA-1,GSM5613776_2020-08-26-Control4003-c3,0,low_single_type,1,0,0,,,0
GSM5613776_2020-08-26-Control4003-c3_AGAGAATTCGTTGTTT-1,GSM5613776_2020-08-26-Control4003-c3,0,low_single_type,1,0,0,,,0
GSM5613776_2020-08-26-Control4003-c3_AGAGCAGAGTAAAGCT-1,GSM5613776_2020-08-26-Control4003-c3,1,low_single_type,1,1,1,,,1
GSM5613776_2020-08-26-Control4003-c3_AGAGCAGAGTGGAAGA-1,GSM5613776_2020-08-26-Control4003-c3,0,low_single_type,1,0,0,,,0
GSM5613776_2020-08-26-Control4003-c3_AGAGCAGGTCATAACC-1,GSM5613776_2020-08-26-Control4003-c3,0,low_single_type,1,0,0,,,0
GSM5613776_2020-08-26-Control4003-c3_AGATAGACAGTAACAA-1,GSM5613776_2020-08-26-Control4003-c3,0,low_single_type,1,0,0,,,0
GSM5613776_2020-08-26-Control4003-c3_AGATAGATCATGAGAA-1,GSM5613776_2020-08-26-Control4003-c3,1,low_single_type,1,1,1,,,1
GSM5613776_2020-08-26-Control4003-c3_AGATCCAAGGCAGGGA-1,GSM5613776_2020-08-26-Control4003-c3,0,low_single_type,1,0,0,,,0
GSM5613776_2020-08-26-Control4003-c3_AGATCCAAGGGCTGAT-1,GSM5613776_2020-08-26-Control4003-c3,0,low_single_type,1,0,0,,,0
GSM5613776_2020-08-26-Control4003-c3_AGATCCAAGTCGAAGC-1,GSM5613776_2020-08-26-Control4003-c3,0,low_single_type,1,0,0,,,0
GSM5613776_2020-08-26-Control4003-c3_AGATCCAAGTGCACAG-1,GSM5613776_2020-08-26-Control4003-c3,0,low_single_type,1,0,0,,,0
GSM5613776_2020-08-26-Control4003-c3_AGATCCACATCGGTTA-1,GSM5613776_2020-08-26-Control4003-c3,0,low_single_type,1,0,0,,,0
GSM5613776_2020-08-26-Control4003-c3_AGATCCACATTCTGTT-1,GSM5613776_2020-08-26-Control4003-c3,0,low_single_type,1,0,0,,,0
GSM5613776_2020-08-26-Control4003-c3_AGATCCATCGCTTTAT-1,GSM5613776_2020-08-26-Control4003-c3,0,low_single_type,1,0,0,,,0
GSM5613776_2020-08-26-Control4003-c3_AGATCGTCACCAGTTA-1,GSM5613776_2020-08-26-Control4003-c3,0,low_single_type,1,0,0,,,0
GSM5613776_2020-08-26-Control4003-c3_AGATCGTTCTCCGAGG-1,GSM5613776_2020-08-26-Control4003-c3,0,low_single_type,1,0,0,,,0
GSM5613776_2020-08-26-Control4003-c3_AGATCGTTCTGTGCGG-1,GSM5613776_2020-08-26-Control4003-c3,0,low_single_type,1,0,0,,,0
GSM5613776_2020-08-26-Control4003-c3_AGATGAAAGAGTCTTC-1,GSM5613776_2020-08-26-Control4003-c3,0,low_single_type,1,0,0,,,0
GSM5613776_2020-08-26-Control4003-c3_AGATGAAAGCATTGAA-1,GSM5613776_2020-08-26-Control4003-c3,0,low_single_type,1,0,0,,,0
GSM5613776_2020-08-26-Control4003-c3_AGATGAACACAAGGTG-1,GSM5613776_2020-08-26-Control4003-c3,0,low_single_type,1,0,0,,,0
GSM5613776_2020-08-26-Control4003-c3_AGATGCTAGACCTGGA-1,GSM5613776_2020-08-26-Control4003-c3,0,low_single_type,1,0,0,,,0
GSM5613776_2020-08-26-Control4003-c3_AGATGCTAGCGGGTTA-1,GSM5613776_2020-08-26-Control4003-c3,1,low_single_type,1,1,1,,,1
GSM5613776_2020-08-26-Control4003-c3_AGCATCAAGGCTAACG-1,GSM5613776_2020-08-26-Control4003-c3,0,low_single_type,1,0,0,,,0
GSM5613776_2020-08-26-Control4003-c3_AGCATCATCCGGTTCT-1,GSM5613776_2020-08-26-Control4003-c3,1,low_single_type,1,1,1,,,1
GSM5613776_2020-08-26-Control4003-c3_AGCCAATGTACAGTTC-1,GSM5613776_2020-08-26-Control4003-c3,0,low_single_type,1,0,0,,,0
GSM5613776_2020-08-26-Control4003-c3_AGCCACGTCACCTCAC-1,GSM5613776_2020-08-26-Control4003-c3,0,low_single_type,1,0,0,,,0
GSM5613776_2020-08-26-Control4003-c3_AGCCACGTCCTAGCTC-1,GSM5613776_2020-08-26-Control4003-c3,0,low_single_type,1,0,0,,,0
GSM5613776_2020-08-26-Control4003-c3_AGCCAGCAGCTGGCTC-1,GSM5613776_2020-08-26-Control4003-c3,1,low_single_type,1,1,1,,,1
GSM5613776_2020-08-26-Control4003-c3_AGCCAGCAGGAACATT-1,GSM5613776_2020-08-26-Control4003-c3,0,low_single_type,1,0,0,,,0
GSM5613776_2020-08-26-Control4003-c3_AGCCAGCGTTATCCAG-1,GSM5613776_2020-08-26-Control4003-c3,0,low_single_type,1,0,0,,,0
GSM5613776_2020-08-26-Control4003-c3_AGCGATTCACGTAGAG-1,GSM5613776_2020-08-26-Control4003-c3,0,low_single_type,1,0,0,,,0
GSM5613776_2020-08-26-Control4003-c3_AGCGATTTCGCAGAGA-1,GSM5613776_2020-08-26-Control4003-c3,0,low_single_type,1,0,0,,,0
GSM5613776_2020-08-26-Control4003-c3_AGCGCCAAGCACTCAT-1,GSM5613776_2020-08-26-Control4003-c3,0,low_single_type,1,0,0,,,0
GSM5613776_2020-08-26-Control4003-c3_AGCGCCAGTACTGCCG-1,GSM5613776_2020-08-26-Control4003-c3,0,low_single_type,1,0,0,,,0
GSM5613776_2020-08-26-Control4003-c3_AGCGCCAGTCTCTCAC-1,GSM5613776_2020-08-26-Control4003-c3,0,low_single_type,1,0,0,,,0
GSM5613776_2020-08-26-Control4003-c3_AGCGCTGAGTAAGACT-1,GSM5613776_2020-08-26-Control4003-c3,0,low_single_type,1,0,0,,,0
GSM5613776_2020-08-26-Control4003-c3_AGCGCTGCAGATTAAG-1,GSM5613776_2020-08-26-Control4003-c3,0,low_single_type,1,0,0,,,0
GSM5613776_2020-08-26-Control4003-c3_AGCGTATGTAGACACG-1,GSM5613776_2020-08-26-Control4003-c3,0,low_single_type,1,0,0,,,0
GSM5613776_2020-08-26-Control4003-c3_AGCTACAAGAAGTCCG-1,GSM5613776_2020-08-26-Control4003-c3,0,low_single_type,1,0,0,,,0
GSM5613776_2020-08-26-Control4003-c3_AGCTCAATCTAGAGCT-1,GSM5613776_2020-08-26-Control4003-c3,0,low_single_type,1,0,0,,,0
GSM5613776_2020-08-26-Control4003-c3_AGCTCAATCTCTCTTC-1,GSM5613776_2020-08-26-Control4003-c3,0,low_single_type,1,0,0,,,0
GSM5613776_2020-08-26-Control4003-c3_AGCTTCCCACTGCATA-1,GSM5613776_2020-08-26-Control4003-c3,0,low_single_type,1,0,0,,,0
GSM5613776_2020-08-26-Control4003-c3_AGGAAATAGCGCTGCT-1,GSM5613776_2020-08-26-Control4003-c3,0,low_single_type,1,0,0,,,0
GSM5613776_2020-08-26-Control4003-c3_AGGAAATCAAGGGTCA-1,GSM5613776_2020-08-26-Control4003-c3,0,low_single_type,1,0,0,,,0
GSM5613776_2020-08-26-Control4003-c3_AGGAAATGTTCAGTAC-1,GSM5613776_2020-08-26-Control4003-c3,1,low_single_type,1,1,1,,,1
GSM5613776_2020-08-26-Control4003-c3_AGGAAATGTTCGTAAC-1,GSM5613776_2020-08-26-Control4003-c3,0,low_single_type,1,0,0,,,0
GSM5613776_2020-08-26-Control4003-c3_AGGAAATTCGCCATAA-1,GSM5613776_2020-08-26-Control4003-c3,0,low_single_type,1,0,0,,,0
GSM5613776_2020-08-26-Control4003-c3_AGGACGACAATGTTGC-1,GSM5613776_2020-08-26-Control4003-c3,0,low_single_type,1,0,0,,,0
GSM5613776_2020-08-26-Control4003-c3_AGGACGATCCGCACTT-1,GSM5613776_2020-08-26-Control4003-c3,0,low_single_type,1,0,0,,,0
GSM5613776_2020-08-26-Control4003-c3_AGGACTTAGTGGAAAG-1,GSM5613776_2020-08-26-Control4003-c3,0,low_single_type,1,0,0,,,0
GSM5613776_2020-08-26-Control4003-c3_AGGACTTGTCGTTATG-1,GSM5613776_2020-08-26-Control4003-c3,0,low_single_type,1,0,0,,,0
GSM5613776_2020-08-26-Control4003-c3_AGGAGGTTCCTTGGAA-1,GSM5613776_2020-08-26-Control4003-c3,0,low_single_type,1,0,0,,,0
GSM5613776_2020-08-26-Control4003-c3_AGGATAATCATACGGT-1,GSM5613776_2020-08-26-Control4003-c3,0,low_single_type,1,0,0,,,0
GSM5613776_2020-08-26-Control4003-c3_AGGATAATCATCGACA-1,GSM5613776_2020-08-26-Control4003-c3,0,low_single_type,1,0,0,,,0
GSM5613776_2020-08-26-Control4003-c3_AGGCATTTCTAAGCGT-1,GSM5613776_2020-08-26-Control4003-c3,0,low_single_type,1,0,0,,,0
GSM5613776_2020-08-26-Control4003-c3_AGGCCACTCCACTTTA-1,GSM5613776_2020-08-26-Control4003-c3,0,low_single_type,1,0,0,,,0
GSM5613776_2020-08-26-Control4003-c3_AGGCTGCAGCCTGGAA-1,GSM5613776_2020-08-26-Control4003-c3,0,low_single_type,1,0,0,,,0
GSM5613776_2020-08-26-Control4003-c3_AGGCTGCCACTTGGGC-1,GSM5613776_2020-08-26-Control4003-c3,0,low_single_type,1,0,0,,,0
GSM5613776_2020-08-26-Control4003-c3_AGGCTGCTCGAAGGAC-1,GSM5613776_2020-08-26-Control4003-c3,0,low_single_type,1,0,0,,,0
GSM5613776_2020-08-26-Control4003-c3_AGGCTGCTCGGACTGC-1,GSM5613776_2020-08-26-Control4003-c3,0,low_single_type,1,0,0,,,0
GSM5613776_2020-08-26-Control4003-c3_AGGGAGTAGGTTAGTA-1,GSM5613776_2020-08-26-Control4003-c3,0,low_single_type,1,0,0,,,0
GSM5613776_2020-08-26-Control4003-c3_AGGGCCTAGACCATAA-1,GSM5613776_2020-08-26-Control4003-c3,0,low_single_type,1,0,0,,,0
GSM5613776_2020-08-26-Control4003-c3_AGGGCCTAGATTCGAA-1,GSM5613776_2020-08-26-Control4003-c3,0,low_single_type,1,0,0,,,0
GSM5613776_2020-08-26-Control4003-c3_AGGGCCTAGCCTTGAT-1,GSM5613776_2020-08-26-Control4003-c3,0,low_single_type,1,0,0,,,0
GSM5613776_2020-08-26-Control4003-c3_AGGGCCTCACCGGTCA-1,GSM5613776_2020-08-26-Control4003-c3,0,low_single_type,1,0,0,,,0
GSM5613776_2020-08-26-Control4003-c3_AGGGCCTTCTGCATGA-1,GSM5613776_2020-08-26-Control4003-c3,0,low_single_type,1,0,0,,,0
GSM5613776_2020-08-26-Control4003-c3_AGGGCTCCACAAGGTG-1,GSM5613776_2020-08-26-Control4003-c3,1,low_single_type,1,1,1,,,1
GSM5613776_2020-08-26-Control4003-c3_AGGGCTCCACCGTGAC-1,GSM5613776_2020-08-26-Control4003-c3,0,low_single_type,1,0,0,,,0
GSM5613776_2020-08-26-Control4003-c3_AGGGCTCCATACTTTC-1,GSM5613776_2020-08-26-Control4003-c3,0,low_single_type,1,0,0,,,0
GSM5613776_2020-08-26-Control4003-c3_AGGGCTCGTCGTGATT-1,GSM5613776_2020-08-26-Control4003-c3,0,low_single_type,1,0,0,,,0
GSM5613776_2020-08-26-Control4003-c3_AGGGCTCTCACTGCTC-1,GSM5613776_2020-08-26-Control4003-c3,0,low_single_type,1,0,0,,,0
GSM5613776_2020-08-26-Control4003-c3_AGGGTCCAGACAGCTG-1,GSM5613776_2020-08-26-Control4003-c3,0,low_single_type,1,0,0,,,0
GSM5613776_2020-08-26-Control4003-c3_AGGGTCCCAGTTAGGG-1,GSM5613776_2020-08-26-Control4003-c3,1,low_single_type,1,1,1,,,1
GSM5613776_2020-08-26-Control4003-c3_AGGGTCCGTTACGATC-1,GSM5613776_2020-08-26-Control4003-c3,0,low_single_type,1,0,0,,,0
GSM5613776_2020-08-26-Control4003-c3_AGGGTGAAGTTGGGAC-1,GSM5613776_2020-08-26-Control4003-c3,0,low_single_type,1,0,0,,,0
GSM5613776_2020-08-26-Control4003-c3_AGGGTGATCCACTAGA-1,GSM5613776_2020-08-26-Control4003-c3,0,low_single_type,1,0,0,,,0
GSM5613776_2020-08-26-Control4003-c3_AGGTAGGGTCATGGCC-1,GSM5613776_2020-08-26-Control4003-c3,0,low_single_type,1,0,0,,,0
GSM5613776_2020-08-26-Control4003-c3_AGGTAGGGTGTTCATG-1,GSM5613776_2020-08-26-Control4003-c3,0,low_single_type,1,0,0,,,0
GSM5613776_2020-08-26-Control4003-c3_AGGTCATGTTGTTGAC-1,GSM5613776_2020-08-26-Control4003-c3,0,low_single_type,1,0,0,,,0
GSM5613776_2020-08-26-Control4003-c3_AGGTCTATCGGCATCG-1,GSM5613776_2020-08-26-Control4003-c3,0,low_single_type,1,0,0,,,0
GSM5613776_2020-08-26-Control4003-c3_AGGTGTTAGCCAGACA-1,GSM5613776_2020-08-26-Control4003-c3,0,low_single_type,1,0,0,,,0
GSM5613776_2020-08-26-Control4003-c3_AGGTGTTGTCATTCCC-1,GSM5613776_2020-08-26-Control4003-c3,0,low_single_type,1,0,0,,,0
GSM5613776_2020-08-26-Control4003-c3_AGGTTACCAAATTGCC-1,GSM5613776_2020-08-26-Control4003-c3,0,low_single_type,1,0,0,,,0
GSM5613776_2020-08-26-Control4003-c3_AGGTTGTGTCCTATAG-1,GSM5613776_2020-08-26-Control4003-c3,0,low_single_type,1,0,0,,,0
GSM5613776_2020-08-26-Control4003-c3_AGGTTGTTCCAAGCTA-1,GSM5613776_2020-08-26-Control4003-c3,0,low_single_type,1,0,0,,,0
GSM5613776_2020-08-26-Control4003-c3_AGGTTGTTCGTTTACT-1,GSM5613776_2020-08-26-Control4003-c3,0,low_single_type,1,0,0,,,0
GSM5613776_2020-08-26-Control4003-c3_AGGTTGTTCTCCAATT-1,GSM5613776_2020-08-26-Control4003-c3,0,low_single_type,1,0,0,,,0
GSM5613776_2020-08-26-Control4003-c3_AGTAACCTCTCTATAC-1,GSM5613776_2020-08-26-Control4003-c3,0,low_single_type,1,0,0,,,0
GSM5613776_2020-08-26-Control4003-c3_AGTACCATCGTCAGAT-1,GSM5613776_2020-08-26-Control4003-c3,0,low_single_type,1,0,0,,,0
GSM5613776_2020-08-26-Control4003-c3_AGTAGCTAGACTTAAG-1,GSM5613776_2020-08-26-Control4003-c3,0,low_single_type,1,0,0,,,0
GSM5613776_2020-08-26-Control4003-c3_AGTAGCTAGTCTCGTA-1,GSM5613776_2020-08-26-Control4003-c3,0,low_single_type,1,0,0,,,0
GSM5613776_2020-08-26-Control4003-c3_AGTAGCTGTACGAGCA-1,GSM5613776_2020-08-26-Control4003-c3,0,low_single_type,1,0,0,,,0
GSM5613776_2020-08-26-Control4003-c3_AGTAGCTGTCTTTATC-1,GSM5613776_2020-08-26-Control4003-c3,0,low_single_type,1,0,0,,,0
GSM5613776_2020-08-26-Control4003-c3_AGTAGCTTCGATGCTA-1,GSM5613776_2020-08-26-Control4003-c3,1,low_single_type,1,1,1,,,1
GSM5613776_2020-08-26-Control4003-c3_AGTAGTCAGTTGGAAT-1,GSM5613776_2020-08-26-Control4003-c3,0,low_single_type,1,0,0,,,0
GSM5613776_2020-08-26-Control4003-c3_AGTAGTCCAACAAGAT-1,GSM5613776_2020-08-26-Control4003-c3,1,low_single_type,1,1,1,,,1
GSM5613776_2020-08-26-Control4003-c3_AGTAGTCCAGCACAAG-1,GSM5613776_2020-08-26-Control4003-c3,0,low_single_type,1,0,0,,,0
GSM5613776_2020-08-26-Control4003-c3_AGTAGTCGTTGTGCCG-1,GSM5613776_2020-08-26-Control4003-c3,0,low_single_type,1,0,0,,,0
GSM5613776_2020-08-26-Control4003-c3_AGTAGTCTCAATCCGA-1,GSM5613776_2020-08-26-Control4003-c3,1,low_single_type,1,1,1,,,1
GSM5613776_2020-08-26-Control4003-c3_AGTAGTCTCTTCGATT-1,GSM5613776_2020-08-26-Control4003-c3,0,low_single_type,1,0,0,,,0
GSM5613776_2020-08-26-Control4003-c3_AGTCAACAGTCGGCAA-1,GSM5613776_2020-08-26-Control4003-c3,0,low_single_type,1,0,0,,,0
GSM5613776_2020-08-26-Control4003-c3_AGTCACAAGTGATGGC-1,GSM5613776_2020-08-26-Control4003-c3,0,low_single_type,1,0,0,,,0
GSM5613776_2020-08-26-Control4003-c3_AGTCACAGTCAAATCC-1,GSM5613776_2020-08-26-Control4003-c3,1,low_single_type,1,1,1,,,1
GSM5613776_2020-08-26-Control4003-c3_AGTCATGCACGGTAGA-1,GSM5613776_2020-08-26-Control4003-c3,1,low_single_type,1,1,1,,,1
GSM5613776_2020-08-26-Control4003-c3_AGTCATGTCGTCCTTG-1,GSM5613776_2020-08-26-Control4003-c3,0,low_single_type,1,0,0,,,0
GSM5613776_2020-08-26-Control4003-c3_AGTGACTAGGCTTCCG-1,GSM5613776_2020-08-26-Control4003-c3,0,low_single_type,1,0,0,,,0
GSM5613776_2020-08-26-Control4003-c3_AGTGACTCACGGTGAA-1,GSM5613776_2020-08-26-Control4003-c3,0,low_single_type,1,0,0,,,0
GSM5613776_2020-08-26-Control4003-c3_AGTGACTCAGGCGATA-1,GSM5613776_2020-08-26-Control4003-c3,0,low_single_type,1,0,0,,,0
GSM5613776_2020-08-26-Control4003-c3_AGTGACTTCAGATTGC-1,GSM5613776_2020-08-26-Control4003-c3,0,low_single_type,1,0,0,,,0
GSM5613776_2020-08-26-Control4003-c3_AGTGATCAGACGAGCT-1,GSM5613776_2020-08-26-Control4003-c3,0,low_single_type,1,0,0,,,0
GSM5613776_2020-08-26-Control4003-c3_AGTGATCAGTCGTCTA-1,GSM5613776_2020-08-26-Control4003-c3,0,low_single_type,1,0,0,,,0
GSM5613776_2020-08-26-Control4003-c3_AGTGATCCACATTCGA-1,GSM5613776_2020-08-26-Control4003-c3,0,low_single_type,1,0,0,,,0
GSM5613776_2020-08-26-Control4003-c3_AGTGATCGTTAGGAGC-1,GSM5613776_2020-08-26-Control4003-c3,0,low_single_type,1,0,0,,,0
GSM5613776_2020-08-26-Control4003-c3_AGTGATCGTTCTTAGG-1,GSM5613776_2020-08-26-Control4003-c3,1,low_single_type,1,1,1,,,1
GSM5613776_2020-08-26-Control4003-c3_AGTGATCTCACAGTGT-1,GSM5613776_2020-08-26-Control4003-c3,0,low_single_type,1,0,0,,,0
GSM5613776_2020-08-26-Control4003-c3_AGTGTTGAGGTACATA-1,GSM5613776_2020-08-26-Control4003-c3,0,low_single_type,1,0,0,,,0
GSM5613776_2020-08-26-Control4003-c3_AGTGTTGGTAGCTAAA-1,GSM5613776_2020-08-26-Control4003-c3,0,low_single_type,1,0,0,,,0
GSM5613776_2020-08-26-Control4003-c3_AGTGTTGGTGCAACGA-1,GSM5613776_2020-08-26-Control4003-c3,0,low_single_type,1,0,0,,,0
GSM5613776_2020-08-26-Control4003-c3_AGTTAGCGTTTGTTCT-1,GSM5613776_2020-08-26-Control4003-c3,0,low_single_type,1,0,0,,,0
GSM5613776_2020-08-26-Control4003-c3_AGTTCCCCAAGTACCT-1,GSM5613776_2020-08-26-Control4003-c3,0,low_single_type,1,0,0,,,0
GSM5613776_2020-08-26-Control4003-c3_AGTTCCCCACTGCACG-1,GSM5613776_2020-08-26-Control4003-c3,0,low_single_type,1,0,0,,,0
GSM5613776_2020-08-26-Control4003-c3_AGTTCCCGTATGCTTG-1,GSM5613776_2020-08-26-Control4003-c3,0,low_single_type,1,0,0,,,0
GSM5613776_2020-08-26-Control4003-c3_AGTTCGAAGGACACTG-1,GSM5613776_2020-08-26-Control4003-c3,0,low_single_type,1,0,0,,,0
GSM5613776_2020-08-26-Control4003-c3_AGTTCGACAAAGGCTG-1,GSM5613776_2020-08-26-Control4003-c3,0,low_single_type,1,0,0,,,0
GSM5613776_2020-08-26-Control4003-c3_ATACCGAAGCGAGTCA-1,GSM5613776_2020-08-26-Control4003-c3,1,low_single_type,1,1,1,,,1
GSM5613776_2020-08-26-Control4003-c3_ATACCTTAGTTTGCTG-1,GSM5613776_2020-08-26-Control4003-c3,0,low_single_type,1,0,0,,,0
GSM5613776_2020-08-26-Control4003-c3_ATACCTTTCTCGTTTA-1,GSM5613776_2020-08-26-Control4003-c3,0,low_single_type,1,0,0,,,0
GSM5613776_2020-08-26-Control4003-c3_ATACTTCGTCATTGCA-1,GSM5613776_2020-08-26-Control4003-c3,0,low_single_type,1,0,0,,,0
GSM5613776_2020-08-26-Control4003-c3_ATACTTCTCTTAGCTT-1,GSM5613776_2020-08-26-Control4003-c3,0,low_single_type,1,0,0,,,0
GSM5613776_2020-08-26-Control4003-c3_ATAGACCAGTGAGGTC-1,GSM5613776_2020-08-26-Control4003-c3,1,low_single_type,1,1,1,,,1
GSM5613776_2020-08-26-Control4003-c3_ATAGAGAAGGGTCTTT-1,GSM5613776_2020-08-26-Control4003-c3,0,low_single_type,1,0,0,,,0
GSM5613776_2020-08-26-Control4003-c3_ATAGAGAGTCGATGCC-1,GSM5613776_2020-08-26-Control4003-c3,0,low_single_type,1,0,0,,,0
GSM5613776_2020-08-26-Control4003-c3_ATAGAGATCGGTAGGA-1,GSM5613776_2020-08-26-Control4003-c3,0,low_single_type,1,0,0,,,0
GSM5613776_2020-08-26-Control4003-c3_ATATCCTAGGGAGGAC-1,GSM5613776_2020-08-26-Control4003-c3,0,low_single_type,1,0,0,,,0
GSM5613776_2020-08-26-Control4003-c3_ATATCCTGTGCTCCGA-1,GSM5613776_2020-08-26-Control4003-c3,0,low_single_type,1,0,0,,,0
GSM5613776_2020-08-26-Control4003-c3_ATATCCTTCCGACAGC-1,GSM5613776_2020-08-26-Control4003-c3,0,low_single_type,1,0,0,,,0
GSM5613776_2020-08-26-Control4003-c3_ATATCCTTCTTCGCTG-1,GSM5613776_2020-08-26-Control4003-c3,0,low_single_type,1,0,0,,,0
GSM5613776_2020-08-26-Control4003-c3_ATCACAGAGGACGCTA-1,GSM5613776_2020-08-26-Control4003-c3,0,low_single_type,1,0,0,,,0
GSM5613776_2020-08-26-Control4003-c3_ATCACGAAGAAAGTCT-1,GSM5613776_2020-08-26-Control4003-c3,0,low_single_type,1,0,0,,,0
GSM5613776_2020-08-26-Control4003-c3_ATCACGACAAGTGTCT-1,GSM5613776_2020-08-26-Control4003-c3,0,low_single_type,1,0,0,,,0
GSM5613776_2020-08-26-Control4003-c3_ATCACGAGTAGGAGTC-1,GSM5613776_2020-08-26-Control4003-c3,0,low_single_type,1,0,0,,,0
GSM5613776_2020-08-26-Control4003-c3_ATCACGATCTAGAGCT-1,GSM5613776_2020-08-26-Control4003-c3,0,low_single_type,1,0,0,,,0
GSM5613776_2020-08-26-Control4003-c3_ATCACTTCAGGCAATG-1,GSM5613776_2020-08-26-Control4003-c3,1,low_single_type,1,1,1,,,1
GSM5613776_2020-08-26-Control4003-c3_ATCATTCAGGGCAACT-1,GSM5613776_2020-08-26-Control4003-c3,0,low_single_type,1,0,0,,,0
GSM5613776_2020-08-26-Control4003-c3_ATCATTCCAAGTCCCG-1,GSM5613776_2020-08-26-Control4003-c3,1,low_single_type,1,1,1,,,1
GSM5613776_2020-08-26-Control4003-c3_ATCATTCTCTAGAGCT-1,GSM5613776_2020-08-26-Control4003-c3,1,low_single_type,1,1,1,,,1
GSM5613776_2020-08-26-Control4003-c3_ATCCACCTCGCCTAGG-1,GSM5613776_2020-08-26-Control4003-c3,1,low_single_type,1,1,1,,,1
GSM5613776_2020-08-26-Control4003-c3_ATCCATTCAGCACCCA-1,GSM5613776_2020-08-26-Control4003-c3,0,low_single_type,1,0,0,,,0
GSM5613776_2020-08-26-Control4003-c3_ATCCATTCATAGTCAC-1,GSM5613776_2020-08-26-Control4003-c3,0,low_single_type,1,0,0,,,0
GSM5613776_2020-08-26-Control4003-c3_ATCCATTGTGACCGTC-1,GSM5613776_2020-08-26-Control4003-c3,0,low_single_type,1,0,0,,,0
GSM5613776_2020-08-26-Control4003-c3_ATCCATTTCGCAGATT-1,GSM5613776_2020-08-26-Control4003-c3,0,low_single_type,1,0,0,,,0
GSM5613776_2020-08-26-Control4003-c3_ATCCCTGTCCTCTTTC-1,GSM5613776_2020-08-26-Control4003-c3,0,low_single_type,1,0,0,,,0
GSM5613776_2020-08-26-Control4003-c3_ATCCCTGTCGCAGTGC-1,GSM5613776_2020-08-26-Control4003-c3,1,low_single_type,1,1,1,,,1
GSM5613776_2020-08-26-Control4003-c3_ATCCGTCGTTGTACGT-1,GSM5613776_2020-08-26-Control4003-c3,0,low_single_type,1,0,0,,,0
GSM5613776_2020-08-26-Control4003-c3_ATCCTATCAGCTCATA-1,GSM5613776_2020-08-26-Control4003-c3,0,low_single_type,1,0,0,,,0
GSM5613776_2020-08-26-Control4003-c3_ATCCTATGTGGATGAC-1,GSM5613776_2020-08-26-Control4003-c3,0,low_single_type,1,0,0,,,0
GSM5613776_2020-08-26-Control4003-c3_ATCGATGGTCCAATCA-1,GSM5613776_2020-08-26-Control4003-c3,0,low_single_type,1,0,0,,,0
GSM5613776_2020-08-26-Control4003-c3_ATCGATGTCCTTATAC-1,GSM5613776_2020-08-26-Control4003-c3,0,low_single_type,1,0,0,,,0
GSM5613776_2020-08-26-Control4003-c3_ATCGATGTCGTAGGAG-1,GSM5613776_2020-08-26-Control4003-c3,0,low_single_type,1,0,0,,,0
GSM5613776_2020-08-26-Control4003-c3_ATCGCCTCAATACGCT-1,GSM5613776_2020-08-26-Control4003-c3,1,low_single_type,1,1,1,,,1
GSM5613776_2020-08-26-Control4003-c3_ATCGCCTCACGTGTGC-1,GSM5613776_2020-08-26-Control4003-c3,0,low_single_type,1,0,0,,,0
GSM5613776_2020-08-26-Control4003-c3_ATCGGATAGCAGCGAT-1,GSM5613776_2020-08-26-Control4003-c3,0,low_single_type,1,0,0,,,0
GSM5613776_2020-08-26-Control4003-c3_ATCGGATTCACATCAG-1,GSM5613776_2020-08-26-Control4003-c3,0,low_single_type,1,0,0,,,0
GSM5613776_2020-08-26-Control4003-c3_ATCGGCGAGAACAAGG-1,GSM5613776_2020-08-26-Control4003-c3,0,low_single_type,1,0,0,,,0
GSM5613776_2020-08-26-Control4003-c3_ATCGGCGCAAAGCTAA-1,GSM5613776_2020-08-26-Control4003-c3,0,low_single_type,1,0,0,,,0
GSM5613776_2020-08-26-Control4003-c3_ATCGGCGCATCATTTC-1,GSM5613776_2020-08-26-Control4003-c3,0,low_single_type,1,0,0,,,0
GSM5613776_2020-08-26-Control4003-c3_ATCGGCGGTACGAGCA-1,GSM5613776_2020-08-26-Control4003-c3,0,low_single_type,1,0,0,,,0
GSM5613776_2020-08-26-Control4003-c3_ATCGTAGAGCTCCATA-1,GSM5613776_2020-08-26-Control4003-c3,0,low_single_type,1,0,0,,,0
GSM5613776_2020-08-26-Control4003-c3_ATCGTAGGTGATCGTT-1,GSM5613776_2020-08-26-Control4003-c3,0,low_single_type,1,0,0,,,0
GSM5613776_2020-08-26-Control4003-c3_ATCGTCCCAGAGCGTA-1,GSM5613776_2020-08-26-Control4003-c3,1,low_single_type,1,1,1,,,1
GSM5613776_2020-08-26-Control4003-c3_ATCGTCCTCCCTATTA-1,GSM5613776_2020-08-26-Control4003-c3,0,low_single_type,1,0,0,,,0
GSM5613776_2020-08-26-Control4003-c3_ATCGTGACAGAGACTG-1,GSM5613776_2020-08-26-Control4003-c3,0,low_single_type,1,0,0,,,0
GSM5613776_2020-08-26-Control4003-c3_ATCGTGATCCGAACGC-1,GSM5613776_2020-08-26-Control4003-c3,1,low_single_type,1,1,1,,,1
GSM5613776_2020-08-26-Control4003-c3_ATCTCTAGTAATTAGG-1,GSM5613776_2020-08-26-Control4003-c3,0,low_single_type,1,0,0,,,0
GSM5613776_2020-08-26-Control4003-c3_ATCTCTATCCCATAGA-1,GSM5613776_2020-08-26-Control4003-c3,0,low_single_type,1,0,0,,,0
GSM5613776_2020-08-26-Control4003-c3_ATCTTCAAGCACCGTC-1,GSM5613776_2020-08-26-Control4003-c3,0,low_single_type,1,0,0,,,0
GSM5613776_2020-08-26-Control4003-c3_ATCTTCACACTAGGTT-1,GSM5613776_2020-08-26-Control4003-c3,0,low_single_type,1,0,0,,,0
GSM5613776_2020-08-26-Control4003-c3_ATGAAAGAGGAACATT-1,GSM5613776_2020-08-26-Control4003-c3,0,low_single_type,1,0,0,,,0
GSM5613776_2020-08-26-Control4003-c3_ATGAAAGCATAAGCGG-1,GSM5613776_2020-08-26-Control4003-c3,0,low_single_type,1,0,0,,,0
GSM5613776_2020-08-26-Control4003-c3_ATGAAAGTCCTTCAGC-1,GSM5613776_2020-08-26-Control4003-c3,0,low_single_type,1,0,0,,,0
GSM5613776_2020-08-26-Control4003-c3_ATGAGGGCACGCAGTC-1,GSM5613776_2020-08-26-Control4003-c3,0,low_single_type,1,0,0,,,0
GSM5613776_2020-08-26-Control4003-c3_ATGAGGGCACTGTCCT-1,GSM5613776_2020-08-26-Control4003-c3,0,low_single_type,1,0,0,,,0
GSM5613776_2020-08-26-Control4003-c3_ATGAGGGGTCCTGAAT-1,GSM5613776_2020-08-26-Control4003-c3,0,low_single_type,1,0,0,,,0
GSM5613776_2020-08-26-Control4003-c3_ATGAGGGGTTCACCGG-1,GSM5613776_2020-08-26-Control4003-c3,0,low_single_type,1,0,0,,,0
GSM5613776_2020-08-26-Control4003-c3_ATGAGTCCATCAGCTA-1,GSM5613776_2020-08-26-Control4003-c3,0,low_single_type,1,0,0,,,0
GSM5613776_2020-08-26-Control4003-c3_ATGAGTCTCGTAGCTA-1,GSM5613776_2020-08-26-Control4003-c3,0,low_single_type,1,0,0,,,0
GSM5613776_2020-08-26-Control4003-c3_ATGATCGGTGGTCTCG-1,GSM5613776_2020-08-26-Control4003-c3,0,low_single_type,1,0,0,,,0
GSM5613776_2020-08-26-Control4003-c3_ATGATCGTCATCTATC-1,GSM5613776_2020-08-26-Control4003-c3,0,low_single_type,1,0,0,,,0
GSM5613776_2020-08-26-Control4003-c3_ATGCATGAGACCACGA-1,GSM5613776_2020-08-26-Control4003-c3,0,low_single_type,1,0,0,,,0
GSM5613776_2020-08-26-Control4003-c3_ATGCCTCCAAATGCGG-1,GSM5613776_2020-08-26-Control4003-c3,1,low_single_type,1,1,1,,,1
GSM5613776_2020-08-26-Control4003-c3_ATGCCTCCATTGCAAC-1,GSM5613776_2020-08-26-Control4003-c3,0,low_single_type,1,0,0,,,0
GSM5613776_2020-08-26-Control4003-c3_ATGCGATAGCCTGACC-1,GSM5613776_2020-08-26-Control4003-c3,0,low_single_type,1,0,0,,,0
GSM5613776_2020-08-26-Control4003-c3_ATGCGATAGCGAGGAG-1,GSM5613776_2020-08-26-Control4003-c3,0,low_single_type,1,0,0,,,0
GSM5613776_2020-08-26-Control4003-c3_ATGCGATGTGAGCAGT-1,GSM5613776_2020-08-26-Control4003-c3,0,low_single_type,1,0,0,,,0
GSM5613776_2020-08-26-Control4003-c3_ATGCGATTCCACGTCT-1,GSM5613776_2020-08-26-Control4003-c3,1,low_single_type,1,1,1,,,1
GSM5613776_2020-08-26-Control4003-c3_ATGGATCCACCGTGAC-1,GSM5613776_2020-08-26-Control4003-c3,0,low_single_type,1,0,0,,,0
GSM5613776_2020-08-26-Control4003-c3_ATGGATCGTGAGACCA-1,GSM5613776_2020-08-26-Control4003-c3,0,low_single_type,1,0,0,,,0
GSM5613776_2020-08-26-Control4003-c3_ATGGATCTCACGAACT-1,GSM5613776_2020-08-26-Control4003-c3,0,low_single_type,1,0,0,,,0
GSM5613776_2020-08-26-Control4003-c3_ATGGGAGAGTAGGGTC-1,GSM5613776_2020-08-26-Control4003-c3,0,low_single_type,1,0,0,,,0
GSM5613776_2020-08-26-Control4003-c3_ATGGGAGCAATAGAGT-1,GSM5613776_2020-08-26-Control4003-c3,0,low_single_type,1,0,0,,,0
GSM5613776_2020-08-26-Control4003-c3_ATGGTTGGTGTGTGGA-1,GSM5613776_2020-08-26-Control4003-c3,0,low_single_type,1,0,0,,,0
GSM5613776_2020-08-26-Control4003-c3_ATGTCCCTCAAGAGGC-1,GSM5613776_2020-08-26-Control4003-c3,0,low_single_type,1,0,0,,,0
GSM5613776_2020-08-26-Control4003-c3_ATTACCTGTGTGACCC-1,GSM5613776_2020-08-26-Control4003-c3,0,low_single_type,1,0,0,,,0
GSM5613776_2020-08-26-Control4003-c3_ATTACTCAGTACCCTA-1,GSM5613776_2020-08-26-Control4003-c3,0,low_single_type,1,0,0,,,0
GSM5613776_2020-08-26-Control4003-c3_ATTATCCAGAATAACC-1,GSM5613776_2020-08-26-Control4003-c3,0,low_single_type,1,0,0,,,0
GSM5613776_2020-08-26-Control4003-c3_ATTCAGGCATCACGGC-1,GSM5613776_2020-08-26-Control4003-c3,0,low_single_type,1,0,0,,,0
GSM5613776_2020-08-26-Control4003-c3_ATTCAGGGTACGTGTT-1,GSM5613776_2020-08-26-Control4003-c3,1,low_single_type,1,1,1,,,1
GSM5613776_2020-08-26-Control4003-c3_ATTCAGGGTTGCTCAA-1,GSM5613776_2020-08-26-Control4003-c3,0,low_single_type,1,0,0,,,0
GSM5613776_2020-08-26-Control4003-c3_ATTCAGGTCCTCAGGG-1,GSM5613776_2020-08-26-Control4003-c3,0,low_single_type,1,0,0,,,0
GSM5613776_2020-08-26-Control4003-c3_ATTCAGGTCTTTGGAG-1,GSM5613776_2020-08-26-Control4003-c3,1,low_single_type,1,1,1,,,1
GSM5613776_2020-08-26-Control4003-c3_ATTCCATGTGGGCTCT-1,GSM5613776_2020-08-26-Control4003-c3,0,low_single_type,1,0,0,,,0
GSM5613776_2020-08-26-Control4003-c3_ATTCCCGCAATACAGA-1,GSM5613776_2020-08-26-Control4003-c3,0,low_single_type,1,0,0,,,0
GSM5613776_2020-08-26-Control4003-c3_ATTCCCGTCCGTGGCA-1,GSM5613776_2020-08-26-Control4003-c3,1,low_single_type,1,1,1,,,1
GSM5613776_2020-08-26-Control4003-c3_ATTCCTAAGCGTCAGA-1,GSM5613776_2020-08-26-Control4003-c3,1,low_single_type,1,1,1,,,1
GSM5613776_2020-08-26-Control4003-c3_ATTCCTAAGTTAACGA-1,GSM5613776_2020-08-26-Control4003-c3,0,low_single_type,1,0,0,,,0
GSM5613776_2020-08-26-Control4003-c3_ATTCCTACATAGATCC-1,GSM5613776_2020-08-26-Control4003-c3,0,low_single_type,1,0,0,,,0
GSM5613776_2020-08-26-Control4003-c3_ATTCCTAGTCTCGGGT-1,GSM5613776_2020-08-26-Control4003-c3,0,low_single_type,1,0,0,,,0
GSM5613776_2020-08-26-Control4003-c3_ATTCCTATCTCGACCT-1,GSM5613776_2020-08-26-Control4003-c3,0,low_single_type,1,0,0,,,0
GSM5613776_2020-08-26-Control4003-c3_ATTCGTTAGGTGCGAT-1,GSM5613776_2020-08-26-Control4003-c3,0,low_single_type,1,0,0,,,0
GSM5613776_2020-08-26-Control4003-c3_ATTCTACCAAACTCTG-1,GSM5613776_2020-08-26-Control4003-c3,0,low_single_type,1,0,0,,,0
GSM5613776_2020-08-26-Control4003-c3_ATTCTTGAGGCTAAAT-1,GSM5613776_2020-08-26-Control4003-c3,0,low_single_type,1,0,0,,,0
GSM5613776_2020-08-26-Control4003-c3_ATTCTTGGTTAGAGAT-1,GSM5613776_2020-08-26-Control4003-c3,0,low_single_type,1,0,0,,,0
GSM5613776_2020-08-26-Control4003-c3_ATTGTTCAGCCTCATA-1,GSM5613776_2020-08-26-Control4003-c3,0,low_single_type,1,0,0,,,0
GSM5613776_2020-08-26-Control4003-c3_ATTGTTCCAATGTGGG-1,GSM5613776_2020-08-26-Control4003-c3,0,low_single_type,1,0,0,,,0
GSM5613776_2020-08-26-Control4003-c3_ATTGTTCTCCCTCTAG-1,GSM5613776_2020-08-26-Control4003-c3,0,low_single_type,1,0,0,,,0
GSM5613776_2020-08-26-Control4003-c3_ATTGTTCTCGGTCGAC-1,GSM5613776_2020-08-26-Control4003-c3,0,low_single_type,1,0,0,,,0
GSM5613776_2020-08-26-Control4003-c3_ATTTACCCAAATCCCA-1,GSM5613776_2020-08-26-Control4003-c3,0,low_single_type,1,0,0,,,0
GSM5613776_2020-08-26-Control4003-c3_ATTTCACTCTGCTCTG-1,GSM5613776_2020-08-26-Control4003-c3,0,low_single_type,1,0,0,,,0
GSM5613776_2020-08-26-Control4003-c3_ATTTCTGTCGAAGCAG-1,GSM5613776_2020-08-26-Control4003-c3,1,low_single_type,1,1,1,,,1
GSM5613776_2020-08-26-Control4003-c3_ATTTCTGTCTAGATCG-1,GSM5613776_2020-08-26-Control4003-c3,0,low_single_type,1,0,0,,,0
GSM5613776_2020-08-26-Control4003-c3_CAAAGAATCCATCCGT-1,GSM5613776_2020-08-26-Control4003-c3,0,low_single_type,1,0,0,,,0
GSM5613776_2020-08-26-Control4003-c3_CAACAACAGGGTCTTT-1,GSM5613776_2020-08-26-Control4003-c3,0,low_single_type,1,0,0,,,0
GSM5613776_2020-08-26-Control4003-c3_CAACAACTCCTAACAG-1,GSM5613776_2020-08-26-Control4003-c3,0,low_single_type,1,0,0,,,0
GSM5613776_2020-08-26-Control4003-c3_CAACAGTAGTCGCCCA-1,GSM5613776_2020-08-26-Control4003-c3,1,low_single_type,1,1,1,,,1
GSM5613776_2020-08-26-Control4003-c3_CAACAGTCACTAGGTT-1,GSM5613776_2020-08-26-Control4003-c3,1,low_single_type,1,1,1,,,1
GSM5613776_2020-08-26-Control4003-c3_CAACAGTTCACAACCA-1,GSM5613776_2020-08-26-Control4003-c3,0,low_single_type,1,0,0,,,0
GSM5613776_2020-08-26-Control4003-c3_CAACAGTTCGGACTGC-1,GSM5613776_2020-08-26-Control4003-c3,0,low_single_type,1,0,0,,,0
GSM5613776_2020-08-26-Control4003-c3_CAACCAATCGACCTAA-1,GSM5613776_2020-08-26-Control4003-c3,0,low_single_type,1,0,0,,,0
GSM5613776_2020-08-26-Control4003-c3_CAACCTCCACAAAGTA-1,GSM5613776_2020-08-26-Control4003-c3,0,low_single_type,1,0,0,,,0
GSM5613776_2020-08-26-Control4003-c3_CAACCTCCACGGTGAA-1,GSM5613776_2020-08-26-Control4003-c3,0,low_single_type,1,0,0,,,0
GSM5613776_2020-08-26-Control4003-c3_CAACGATAGGTTACAA-1,GSM5613776_2020-08-26-Control4003-c3,0,low_single_type,1,0,0,,,0
GSM5613776_2020-08-26-Control4003-c3_CAACGGCTCTTCACAT-1,GSM5613776_2020-08-26-Control4003-c3,0,low_single_type,1,0,0,,,0
GSM5613776_2020-08-26-Control4003-c3_CAAGACTAGCAAGGAA-1,GSM5613776_2020-08-26-Control4003-c3,0,low_single_type,1,0,0,,,0
GSM5613776_2020-08-26-Control4003-c3_CAAGACTGTTTGGAGG-1,GSM5613776_2020-08-26-Control4003-c3,0,low_single_type,1,0,0,,,0
GSM5613776_2020-08-26-Control4003-c3_CAAGAGGAGCCTTTCC-1,GSM5613776_2020-08-26-Control4003-c3,0,low_single_type,1,0,0,,,0
GSM5613776_2020-08-26-Control4003-c3_CAAGAGGAGCTGTTAC-1,GSM5613776_2020-08-26-Control4003-c3,0,low_single_type,1,0,0,,,0
GSM5613776_2020-08-26-Control4003-c3_CAAGCTATCTTAGGAC-1,GSM5613776_2020-08-26-Control4003-c3,0,low_single_type,1,0,0,,,0
GSM5613776_2020-08-26-Control4003-c3_CAAGGGAAGAGAGGTA-1,GSM5613776_2020-08-26-Control4003-c3,0,low_single_type,1,0,0,,,0
GSM5613776_2020-08-26-Control4003-c3_CAAGGGATCCACATAG-1,GSM5613776_2020-08-26-Control4003-c3,0,low_single_type,1,0,0,,,0
GSM5613776_2020-08-26-Control4003-c3_CAATACGCACGCGGTT-1,GSM5613776_2020-08-26-Control4003-c3,0,low_single_type,1,0,0,,,0
GSM5613776_2020-08-26-Control4003-c3_CAATACGGTCAGCGTC-1,GSM5613776_2020-08-26-Control4003-c3,0,low_single_type,1,0,0,,,0
GSM5613776_2020-08-26-Control4003-c3_CAATACGTCATCGACA-1,GSM5613776_2020-08-26-Control4003-c3,0,low_single_type,1,0,0,,,0
GSM5613776_2020-08-26-Control4003-c3_CAATCGAAGGAGAGGC-1,GSM5613776_2020-08-26-Control4003-c3,0,low_single_type,1,0,0,,,0
GSM5613776_2020-08-26-Control4003-c3_CAATCGAAGGGCCAAT-1,GSM5613776_2020-08-26-Control4003-c3,0,low_single_type,1,0,0,,,0
GSM5613776_2020-08-26-Control4003-c3_CAATCGATCTCGGGAC-1,GSM5613776_2020-08-26-Control4003-c3,0,low_single_type,1,0,0,,,0
GSM5613776_2020-08-26-Control4003-c3_CAATGACGTACTGCCG-1,GSM5613776_2020-08-26-Control4003-c3,0,low_single_type,1,0,0,,,0
GSM5613776_2020-08-26-Control4003-c3_CAATGACGTGAGATAT-1,GSM5613776_2020-08-26-Control4003-c3,0,low_single_type,1,0,0,,,0
GSM5613776_2020-08-26-Control4003-c3_CAATGACTCATGGATC-1,GSM5613776_2020-08-26-Control4003-c3,0,low_single_type,1,0,0,,,0
GSM5613776_2020-08-26-Control4003-c3_CAATGACTCCTGTAAG-1,GSM5613776_2020-08-26-Control4003-c3,0,low_single_type,1,0,0,,,0
GSM5613776_2020-08-26-Control4003-c3_CAATTTCAGGGAGTTC-1,GSM5613776_2020-08-26-Control4003-c3,0,low_single_type,1,0,0,,,0
GSM5613776_2020-08-26-Control4003-c3_CAATTTCGTCATAAAG-1,GSM5613776_2020-08-26-Control4003-c3,0,low_single_type,1,0,0,,,0
GSM5613776_2020-08-26-Control4003-c3_CACAACAAGGGTCTTT-1,GSM5613776_2020-08-26-Control4003-c3,0,low_single_type,1,0,0,,,0
GSM5613776_2020-08-26-Control4003-c3_CACAACAGTACTCGCG-1,GSM5613776_2020-08-26-Control4003-c3,1,low_single_type,1,1,1,,,1
GSM5613776_2020-08-26-Control4003-c3_CACACAAAGTGCGACA-1,GSM5613776_2020-08-26-Control4003-c3,0,low_single_type,1,0,0,,,0
GSM5613776_2020-08-26-Control4003-c3_CACACAACATGAAGCG-1,GSM5613776_2020-08-26-Control4003-c3,0,low_single_type,1,0,0,,,0
GSM5613776_2020-08-26-Control4003-c3_CACAGATAGCACTAAA-1,GSM5613776_2020-08-26-Control4003-c3,0,low_single_type,1,0,0,,,0
GSM5613776_2020-08-26-Control4003-c3_CACAGATCAGTATACC-1,GSM5613776_2020-08-26-Control4003-c3,0,low_single_type,1,0,0,,,0
GSM5613776_2020-08-26-Control4003-c3_CACAGATGTCCCTCAT-1,GSM5613776_2020-08-26-Control4003-c3,0,low_single_type,1,0,0,,,0
GSM5613776_2020-08-26-Control4003-c3_CACAGATTCCATTGTT-1,GSM5613776_2020-08-26-Control4003-c3,0,low_single_type,1,0,0,,,0
GSM5613776_2020-08-26-Control4003-c3_CACAGGCGTCCAAGAG-1,GSM5613776_2020-08-26-Control4003-c3,0,low_single_type,1,0,0,,,0
GSM5613776_2020-08-26-Control4003-c3_CACCAAACAGGAGGAG-1,GSM5613776_2020-08-26-Control4003-c3,0,low_single_type,1,0,0,,,0
GSM5613776_2020-08-26-Control4003-c3_CACGAATAGTGACACG-1,GSM5613776_2020-08-26-Control4003-c3,0,low_single_type,1,0,0,,,0
GSM5613776_2020-08-26-Control4003-c3_CACGAATGTCAAGCGA-1,GSM5613776_2020-08-26-Control4003-c3,0,low_single_type,1,0,0,,,0
GSM5613776_2020-08-26-Control4003-c3_CACGAATGTGATTAGA-1,GSM5613776_2020-08-26-Control4003-c3,0,low_single_type,1,0,0,,,0
GSM5613776_2020-08-26-Control4003-c3_CACGGGTGTTTGATCG-1,GSM5613776_2020-08-26-Control4003-c3,0,low_single_type,1,0,0,,,0
GSM5613776_2020-08-26-Control4003-c3_CACGGGTTCCATCGTC-1,GSM5613776_2020-08-26-Control4003-c3,1,low_single_type,1,1,1,,,1
GSM5613776_2020-08-26-Control4003-c3_CACGGGTTCGGTAGGA-1,GSM5613776_2020-08-26-Control4003-c3,0,low_single_type,1,0,0,,,0
GSM5613776_2020-08-26-Control4003-c3_CACGTGGAGTCCCTAA-1,GSM5613776_2020-08-26-Control4003-c3,1,low_single_type,1,1,1,,,1
GSM5613776_2020-08-26-Control4003-c3_CACGTGGCATCACAGT-1,GSM5613776_2020-08-26-Control4003-c3,1,low_single_type,1,1,1,,,1
GSM5613776_2020-08-26-Control4003-c3_CACGTGGTCTTCGACC-1,GSM5613776_2020-08-26-Control4003-c3,0,low_single_type,1,0,0,,,0
GSM5613776_2020-08-26-Control4003-c3_CACGTTCCACTGCTTC-1,GSM5613776_2020-08-26-Control4003-c3,1,low_single_type,1,1,1,,,1
GSM5613776_2020-08-26-Control4003-c3_CACGTTCTCTGTCAGA-1,GSM5613776_2020-08-26-Control4003-c3,0,low_single_type,1,0,0,,,0
GSM5613776_2020-08-26-Control4003-c3_CACTAAGAGGCTATCT-1,GSM5613776_2020-08-26-Control4003-c3,0,low_single_type,1,0,0,,,0
GSM5613776_2020-08-26-Control4003-c3_CACTAAGGTGGAATGC-1,GSM5613776_2020-08-26-Control4003-c3,0,low_single_type,1,0,0,,,0
GSM5613776_2020-08-26-Control4003-c3_CACTAAGGTGTCCGGT-1,GSM5613776_2020-08-26-Control4003-c3,1,low_single_type,1,1,1,,,1
GSM5613776_2020-08-26-Control4003-c3_CACTGAAGTATGCGGA-1,GSM5613776_2020-08-26-Control4003-c3,1,low_single_type,1,1,1,,,1
GSM5613776_2020-08-26-Control4003-c3_CACTGTCCATCGCTCT-1,GSM5613776_2020-08-26-Control4003-c3,0,low_single_type,1,0,0,,,0
GSM5613776_2020-08-26-Control4003-c3_CACTGTCGTGAATTGA-1,GSM5613776_2020-08-26-Control4003-c3,0,low_single_type,1,0,0,,,0
GSM5613776_2020-08-26-Control4003-c3_CACTTCGGTACCACGC-1,GSM5613776_2020-08-26-Control4003-c3,1,low_single_type,1,1,1,,,1
GSM5613776_2020-08-26-Control4003-c3_CACTTCGGTTGCTAGT-1,GSM5613776_2020-08-26-Control4003-c3,1,low_single_type,1,1,1,,,1
GSM5613776_2020-08-26-Control4003-c3_CAGAGCCCAGCGACAA-1,GSM5613776_2020-08-26-Control4003-c3,0,low_single_type,1,0,0,,,0
GSM5613776_2020-08-26-Control4003-c3_CAGAGCCCATCAACCA-1,GSM5613776_2020-08-26-Control4003-c3,0,low_single_type,1,0,0,,,0
GSM5613776_2020-08-26-Control4003-c3_CAGAGCCTCAATGTCG-1,GSM5613776_2020-08-26-Control4003-c3,1,low_single_type,1,1,1,,,1
GSM5613776_2020-08-26-Control4003-c3_CAGATACAGACCGTTT-1,GSM5613776_2020-08-26-Control4003-c3,0,low_single_type,1,0,0,,,0
GSM5613776_2020-08-26-Control4003-c3_CAGATACCACAGTGTT-1,GSM5613776_2020-08-26-Control4003-c3,0,low_single_type,1,0,0,,,0
GSM5613776_2020-08-26-Control4003-c3_CAGATCAAGCTAGATA-1,GSM5613776_2020-08-26-Control4003-c3,0,low_single_type,1,0,0,,,0
GSM5613776_2020-08-26-Control4003-c3_CAGATCACACAGTGTT-1,GSM5613776_2020-08-26-Control4003-c3,0,low_single_type,1,0,0,,,0
GSM5613776_2020-08-26-Control4003-c3_CAGATCAGTGCTGATT-1,GSM5613776_2020-08-26-Control4003-c3,0,low_single_type,1,0,0,,,0
GSM5613776_2020-08-26-Control4003-c3_CAGATCATCGTTTACT-1,GSM5613776_2020-08-26-Control4003-c3,0,low_single_type,1,0,0,,,0
GSM5613776_2020-08-26-Control4003-c3_CAGATCATCTTCTGTA-1,GSM5613776_2020-08-26-Control4003-c3,0,low_single_type,1,0,0,,,0
GSM5613776_2020-08-26-Control4003-c3_CAGATTGTCTATACTC-1,GSM5613776_2020-08-26-Control4003-c3,0,low_single_type,1,0,0,,,0
GSM5613776_2020-08-26-Control4003-c3_CAGCACGAGCGAATGC-1,GSM5613776_2020-08-26-Control4003-c3,0,low_single_type,1,0,0,,,0
GSM5613776_2020-08-26-Control4003-c3_CAGCAGCTCCGAACGC-1,GSM5613776_2020-08-26-Control4003-c3,1,low_single_type,1,1,1,,,1
GSM5613776_2020-08-26-Control4003-c3_CAGCCAGGTACTCGTA-1,GSM5613776_2020-08-26-Control4003-c3,1,low_single_type,1,1,1,,,1
GSM5613776_2020-08-26-Control4003-c3_CAGCGTGAGTGGTCAG-1,GSM5613776_2020-08-26-Control4003-c3,0,low_single_type,1,0,0,,,0
GSM5613776_2020-08-26-Control4003-c3_CAGCGTGGTCCTATAG-1,GSM5613776_2020-08-26-Control4003-c3,0,low_single_type,1,0,0,,,0
GSM5613776_2020-08-26-Control4003-c3_CAGCGTGTCGGATACT-1,GSM5613776_2020-08-26-Control4003-c3,0,low_single_type,1,0,0,,,0
GSM5613776_2020-08-26-Control4003-c3_CAGGCCAAGGTAACTA-1,GSM5613776_2020-08-26-Control4003-c3,1,low_single_type,1,1,1,,,1
GSM5613776_2020-08-26-Control4003-c3_CAGGCCACACTCCGAG-1,GSM5613776_2020-08-26-Control4003-c3,1,low_single_type,1,1,1,,,1
GSM5613776_2020-08-26-Control4003-c3_CAGGCCAGTAAGGCCA-1,GSM5613776_2020-08-26-Control4003-c3,0,low_single_type,1,0,0,,,0
GSM5613776_2020-08-26-Control4003-c3_CAGGGCTAGCGACCCT-1,GSM5613776_2020-08-26-Control4003-c3,1,low_single_type,1,1,1,,,1
GSM5613776_2020-08-26-Control4003-c3_CAGGGCTAGGCCCAAA-1,GSM5613776_2020-08-26-Control4003-c3,0,low_single_type,1,0,0,,,0
GSM5613776_2020-08-26-Control4003-c3_CAGGGCTAGGTCCAGA-1,GSM5613776_2020-08-26-Control4003-c3,0,low_single_type,1,0,0,,,0
GSM5613776_2020-08-26-Control4003-c3_CAGGGCTGTGTGTGTT-1,GSM5613776_2020-08-26-Control4003-c3,0,low_single_type,1,0,0,,,0
GSM5613776_2020-08-26-Control4003-c3_CAGGGCTTCGACCATA-1,GSM5613776_2020-08-26-Control4003-c3,0,low_single_type,1,0,0,,,0
GSM5613776_2020-08-26-Control4003-c3_CAGTGCGCATGTCTAG-1,GSM5613776_2020-08-26-Control4003-c3,0,low_single_type,1,0,0,,,0
GSM5613776_2020-08-26-Control4003-c3_CAGTTAGAGTCCGCCA-1,GSM5613776_2020-08-26-Control4003-c3,0,low_single_type,1,0,0,,,0
GSM5613776_2020-08-26-Control4003-c3_CAGTTAGTCTCAACGA-1,GSM5613776_2020-08-26-Control4003-c3,0,low_single_type,1,0,0,,,0
GSM5613776_2020-08-26-Control4003-c3_CAGTTAGTCTGAATGC-1,GSM5613776_2020-08-26-Control4003-c3,0,low_single_type,1,0,0,,,0
GSM5613776_2020-08-26-Control4003-c3_CAGTTCCCACATGACT-1,GSM5613776_2020-08-26-Control4003-c3,1,low_single_type,1,1,1,,,1
GSM5613776_2020-08-26-Control4003-c3_CATAAGCAGAACCGCA-1,GSM5613776_2020-08-26-Control4003-c3,0,low_single_type,1,0,0,,,0
GSM5613776_2020-08-26-Control4003-c3_CATAAGCAGATGAACT-1,GSM5613776_2020-08-26-Control4003-c3,0,low_single_type,1,0,0,,,0
GSM5613776_2020-08-26-Control4003-c3_CATAAGCAGTGAGGTC-1,GSM5613776_2020-08-26-Control4003-c3,0,low_single_type,1,0,0,,,0
GSM5613776_2020-08-26-Control4003-c3_CATAAGCCACGACCTG-1,GSM5613776_2020-08-26-Control4003-c3,0,low_single_type,1,0,0,,,0
GSM5613776_2020-08-26-Control4003-c3_CATAAGCTCAAGTAAG-1,GSM5613776_2020-08-26-Control4003-c3,0,low_single_type,1,0,0,,,0
GSM5613776_2020-08-26-Control4003-c3_CATACAGCAGTCAGCC-1,GSM5613776_2020-08-26-Control4003-c3,0,low_single_type,1,0,0,,,0
GSM5613776_2020-08-26-Control4003-c3_CATACCCCAACAAGTA-1,GSM5613776_2020-08-26-Control4003-c3,0,low_single_type,1,0,0,,,0
GSM5613776_2020-08-26-Control4003-c3_CATACCCGTTGGTACT-1,GSM5613776_2020-08-26-Control4003-c3,0,low_single_type,1,0,0,,,0
GSM5613776_2020-08-26-Control4003-c3_CATACCCTCTCTGACC-1,GSM5613776_2020-08-26-Control4003-c3,1,low_single_type,1,1,1,,,1
GSM5613776_2020-08-26-Control4003-c3_CATACTTGTTTGGGTT-1,GSM5613776_2020-08-26-Control4003-c3,0,low_single_type,1,0,0,,,0
GSM5613776_2020-08-26-Control4003-c3_CATAGACAGGCCCGTT-1,GSM5613776_2020-08-26-Control4003-c3,0,low_single_type,1,0,0,,,0
GSM5613776_2020-08-26-Control4003-c3_CATCAAGTCGTTAGAC-1,GSM5613776_2020-08-26-Control4003-c3,0,low_single_type,1,0,0,,,0
GSM5613776_2020-08-26-Control4003-c3_CATCCACCACAGAGCA-1,GSM5613776_2020-08-26-Control4003-c3,0,low_single_type,1,0,0,,,0
GSM5613776_2020-08-26-Control4003-c3_CATCCACCAGCGATTT-1,GSM5613776_2020-08-26-Control4003-c3,0,low_single_type,1,0,0,,,0
GSM5613776_2020-08-26-Control4003-c3_CATCCACGTTTGGAGG-1,GSM5613776_2020-08-26-Control4003-c3,0,low_single_type,1,0,0,,,0
GSM5613776_2020-08-26-Control4003-c3_CATCCACTCTCGTGAA-1,GSM5613776_2020-08-26-Control4003-c3,0,low_single_type,1,0,0,,,0
GSM5613776_2020-08-26-Control4003-c3_CATCCCAAGAGCCTGA-1,GSM5613776_2020-08-26-Control4003-c3,0,low_single_type,1,0,0,,,0
GSM5613776_2020-08-26-Control4003-c3_CATCCCAAGTACCCTA-1,GSM5613776_2020-08-26-Control4003-c3,0,low_single_type,1,0,0,,,0
GSM5613776_2020-08-26-Control4003-c3_CATCCCAGTTAAGAAC-1,GSM5613776_2020-08-26-Control4003-c3,0,low_single_type,1,0,0,,,0
GSM5613776_2020-08-26-Control4003-c3_CATCCGTCAAACACCT-1,GSM5613776_2020-08-26-Control4003-c3,0,low_single_type,1,0,0,,,0
GSM5613776_2020-08-26-Control4003-c3_CATCGCTTCCTCGCAT-1,GSM5613776_2020-08-26-Control4003-c3,0,low_single_type,1,0,0,,,0
GSM5613776_2020-08-26-Control4003-c3_CATCGGGAGCGGATCA-1,GSM5613776_2020-08-26-Control4003-c3,0,low_single_type,1,0,0,,,0
GSM5613776_2020-08-26-Control4003-c3_CATCGGGCAAACACCT-1,GSM5613776_2020-08-26-Control4003-c3,0,low_single_type,1,0,0,,,0
GSM5613776_2020-08-26-Control4003-c3_CATCGGGGTGATTAGA-1,GSM5613776_2020-08-26-Control4003-c3,0,low_single_type,1,0,0,,,0
GSM5613776_2020-08-26-Control4003-c3_CATGAGTAGTTGAATG-1,GSM5613776_2020-08-26-Control4003-c3,0,low_single_type,1,0,0,,,0
GSM5613776_2020-08-26-Control4003-c3_CATGAGTCAATTCTCT-1,GSM5613776_2020-08-26-Control4003-c3,0,low_single_type,1,0,0,,,0
GSM5613776_2020-08-26-Control4003-c3_CATGAGTCACCTCTAC-1,GSM5613776_2020-08-26-Control4003-c3,0,low_single_type,1,0,0,,,0
GSM5613776_2020-08-26-Control4003-c3_CATGAGTTCATCCTAT-1,GSM5613776_2020-08-26-Control4003-c3,0,low_single_type,1,0,0,,,0
GSM5613776_2020-08-26-Control4003-c3_CATGCAACACATTCTT-1,GSM5613776_2020-08-26-Control4003-c3,0,low_single_type,1,0,0,,,0
GSM5613776_2020-08-26-Control4003-c3_CATGCAATCAGGAAGC-1,GSM5613776_2020-08-26-Control4003-c3,0,low_single_type,1,0,0,,,0
GSM5613776_2020-08-26-Control4003-c3_CATGCCTCAAGCGAGT-1,GSM5613776_2020-08-26-Control4003-c3,0,low_single_type,1,0,0,,,0
GSM5613776_2020-08-26-Control4003-c3_CATGCCTGTTACCTGA-1,GSM5613776_2020-08-26-Control4003-c3,0,low_single_type,1,0,0,,,0
GSM5613776_2020-08-26-Control4003-c3_CATGCGGCAAAGCGTG-1,GSM5613776_2020-08-26-Control4003-c3,0,low_single_type,1,0,0,,,0
GSM5613776_2020-08-26-Control4003-c3_CATGCGGCACGCTGAC-1,GSM5613776_2020-08-26-Control4003-c3,0,low_single_type,1,0,0,,,0
GSM5613776_2020-08-26-Control4003-c3_CATGCGGGTCACATTG-1,GSM5613776_2020-08-26-Control4003-c3,1,low_single_type,1,1,1,,,1
GSM5613776_2020-08-26-Control4003-c3_CATGCGGGTCTACATG-1,GSM5613776_2020-08-26-Control4003-c3,1,low_single_type,1,1,1,,,1
GSM5613776_2020-08-26-Control4003-c3_CATGCGGTCATGCCAA-1,GSM5613776_2020-08-26-Control4003-c3,0,low_single_type,1,0,0,,,0
GSM5613776_2020-08-26-Control4003-c3_CATGCTCAGTGACACG-1,GSM5613776_2020-08-26-Control4003-c3,0,low_single_type,1,0,0,,,0
GSM5613776_2020-08-26-Control4003-c3_CATGCTCGTGTTAAAG-1,GSM5613776_2020-08-26-Control4003-c3,1,low_single_type,1,1,1,,,1
GSM5613776_2020-08-26-Control4003-c3_CATGGATCACACAGAG-1,GSM5613776_2020-08-26-Control4003-c3,0,low_single_type,1,0,0,,,0
GSM5613776_2020-08-26-Control4003-c3_CATGGATGTACAAACA-1,GSM5613776_2020-08-26-Control4003-c3,1,low_single_type,1,1,1,,,1
GSM5613776_2020-08-26-Control4003-c3_CATGGATTCGACACCG-1,GSM5613776_2020-08-26-Control4003-c3,0,low_single_type,1,0,0,,,0
GSM5613776_2020-08-26-Control4003-c3_CATGGTAAGTGTTGAA-1,GSM5613776_2020-08-26-Control4003-c3,0,low_single_type,1,0,0,,,0
GSM5613776_2020-08-26-Control4003-c3_CATGGTACACCAGCTG-1,GSM5613776_2020-08-26-Control4003-c3,0,low_single_type,1,0,0,,,0
GSM5613776_2020-08-26-Control4003-c3_CATGGTATCTCATAGG-1,GSM5613776_2020-08-26-Control4003-c3,0,low_single_type,1,0,0,,,0
GSM5613776_2020-08-26-Control4003-c3_CATGGTATCTGCGGCA-1,GSM5613776_2020-08-26-Control4003-c3,0,low_single_type,1,0,0,,,0
GSM5613776_2020-08-26-Control4003-c3_CATTCATAGGCGAACT-1,GSM5613776_2020-08-26-Control4003-c3,0,low_single_type,1,0,0,,,0
GSM5613776_2020-08-26-Control4003-c3_CATTCATCACGGTAGA-1,GSM5613776_2020-08-26-Control4003-c3,1,low_single_type,1,1,1,,,1
GSM5613776_2020-08-26-Control4003-c3_CATTCCGAGTGGCCTC-1,GSM5613776_2020-08-26-Control4003-c3,0,low_single_type,1,0,0,,,0
GSM5613776_2020-08-26-Control4003-c3_CATTCCGTCAGTGCGC-1,GSM5613776_2020-08-26-Control4003-c3,0,low_single_type,1,0,0,,,0
GSM5613776_2020-08-26-Control4003-c3_CATTGAGCATGTGGTT-1,GSM5613776_2020-08-26-Control4003-c3,0,low_single_type,1,0,0,,,0
GSM5613776_2020-08-26-Control4003-c3_CATTGAGGTTCTCGCT-1,GSM5613776_2020-08-26-Control4003-c3,0,low_single_type,1,0,0,,,0
GSM5613776_2020-08-26-Control4003-c3_CATTGAGTCAGACCTA-1,GSM5613776_2020-08-26-Control4003-c3,0,low_single_type,1,0,0,,,0
GSM5613776_2020-08-26-Control4003-c3_CATTGCCAGCTCTATG-1,GSM5613776_2020-08-26-Control4003-c3,0,low_single_type,1,0,0,,,0
GSM5613776_2020-08-26-Control4003-c3_CATTGCCCAAGCTCTA-1,GSM5613776_2020-08-26-Control4003-c3,0,low_single_type,1,0,0,,,0
GSM5613776_2020-08-26-Control4003-c3_CATTGCCGTCAGTCCG-1,GSM5613776_2020-08-26-Control4003-c3,0,low_single_type,1,0,0,,,0
GSM5613776_2020-08-26-Control4003-c3_CATTGTTAGGCCCGTT-1,GSM5613776_2020-08-26-Control4003-c3,1,low_single_type,1,1,1,,,1
GSM5613776_2020-08-26-Control4003-c3_CATTGTTAGGTTCACT-1,GSM5613776_2020-08-26-Control4003-c3,0,low_single_type,1,0,0,,,0
GSM5613776_2020-08-26-Control4003-c3_CATTGTTCACGGGCTT-1,GSM5613776_2020-08-26-Control4003-c3,0,low_single_type,1,0,0,,,0
GSM5613776_2020-08-26-Control4003-c3_CATTTCAAGCTGGAGT-1,GSM5613776_2020-08-26-Control4003-c3,0,low_single_type,1,0,0,,,0
GSM5613776_2020-08-26-Control4003-c3_CATTTCAGTTCGAAGG-1,GSM5613776_2020-08-26-Control4003-c3,0,low_single_type,1,0,0,,,0
GSM5613776_2020-08-26-Control4003-c3_CATTTCATCTCCGCAT-1,GSM5613776_2020-08-26-Control4003-c3,0,low_single_type,1,0,0,,,0
GSM5613776_2020-08-26-Control4003-c3_CCAAGCGAGTCAGAGC-1,GSM5613776_2020-08-26-Control4003-c3,0,low_single_type,1,0,0,,,0
GSM5613776_2020-08-26-Control4003-c3_CCAAGCGTCATGCCGG-1,GSM5613776_2020-08-26-Control4003-c3,0,low_single_type,1,0,0,,,0
GSM5613776_2020-08-26-Control4003-c3_CCAAGCGTCTCAGTCC-1,GSM5613776_2020-08-26-Control4003-c3,1,low_single_type,1,1,1,,,1
GSM5613776_2020-08-26-Control4003-c3_CCAATGAGTAGCTTAC-1,GSM5613776_2020-08-26-Control4003-c3,0,low_single_type,1,0,0,,,0
GSM5613776_2020-08-26-Control4003-c3_CCAATTTCAAATGCGG-1,GSM5613776_2020-08-26-Control4003-c3,1,low_single_type,1,1,1,,,1
GSM5613776_2020-08-26-Control4003-c3_CCAATTTGTCTTGAAC-1,GSM5613776_2020-08-26-Control4003-c3,0,low_single_type,1,0,0,,,0
GSM5613776_2020-08-26-Control4003-c3_CCAATTTTCCTGTTGC-1,GSM5613776_2020-08-26-Control4003-c3,0,low_single_type,1,0,0,,,0
GSM5613776_2020-08-26-Control4003-c3_CCACAAAAGGTAGGCT-1,GSM5613776_2020-08-26-Control4003-c3,0,low_single_type,1,0,0,,,0
GSM5613776_2020-08-26-Control4003-c3_CCACACTCATACAGAA-1,GSM5613776_2020-08-26-Control4003-c3,0,low_single_type,1,0,0,,,0
GSM5613776_2020-08-26-Control4003-c3_CCACACTGTTTACTTC-1,GSM5613776_2020-08-26-Control4003-c3,0,low_single_type,1,0,0,,,0
GSM5613776_2020-08-26-Control4003-c3_CCACGAGCAAGCGCAA-1,GSM5613776_2020-08-26-Control4003-c3,0,low_single_type,1,0,0,,,0
GSM5613776_2020-08-26-Control4003-c3_CCACGAGCAGGTTCAT-1,GSM5613776_2020-08-26-Control4003-c3,0,low_single_type,1,0,0,,,0
GSM5613776_2020-08-26-Control4003-c3_CCACGAGTCAAGTCTG-1,GSM5613776_2020-08-26-Control4003-c3,1,low_single_type,1,1,1,,,1
GSM5613776_2020-08-26-Control4003-c3_CCACGTTTCTCCTGTG-1,GSM5613776_2020-08-26-Control4003-c3,0,low_single_type,1,0,0,,,0
GSM5613776_2020-08-26-Control4003-c3_CCACTTGAGGAGGGTG-1,GSM5613776_2020-08-26-Control4003-c3,0,low_single_type,1,0,0,,,0
GSM5613776_2020-08-26-Control4003-c3_CCACTTGAGGTTGTTC-1,GSM5613776_2020-08-26-Control4003-c3,0,low_single_type,1,0,0,,,0
GSM5613776_2020-08-26-Control4003-c3_CCACTTGCAGCGACAA-1,GSM5613776_2020-08-26-Control4003-c3,0,low_single_type,1,0,0,,,0
GSM5613776_2020-08-26-Control4003-c3_CCACTTGGTACCTATG-1,GSM5613776_2020-08-26-Control4003-c3,0,low_single_type,1,0,0,,,0
GSM5613776_2020-08-26-Control4003-c3_CCATAAGCACAATGCT-1,GSM5613776_2020-08-26-Control4003-c3,0,low_single_type,1,0,0,,,0
GSM5613776_2020-08-26-Control4003-c3_CCATAAGTCGGTTCAA-1,GSM5613776_2020-08-26-Control4003-c3,0,low_single_type,1,0,0,,,0
GSM5613776_2020-08-26-Control4003-c3_CCATCACAGAGAGCGG-1,GSM5613776_2020-08-26-Control4003-c3,1,low_single_type,1,1,1,,,1
GSM5613776_2020-08-26-Control4003-c3_CCATCACAGCACTGGA-1,GSM5613776_2020-08-26-Control4003-c3,0,low_single_type,1,0,0,,,0
GSM5613776_2020-08-26-Control4003-c3_CCCAACTAGGATTTAG-1,GSM5613776_2020-08-26-Control4003-c3,0,low_single_type,1,0,0,,,0
GSM5613776_2020-08-26-Control4003-c3_CCCAACTCATTGTAGC-1,GSM5613776_2020-08-26-Control4003-c3,0,low_single_type,1,0,0,,,0
GSM5613776_2020-08-26-Control4003-c3_CCCATTGGTGGATTTC-1,GSM5613776_2020-08-26-Control4003-c3,0,low_single_type,1,0,0,,,0
GSM5613776_2020-08-26-Control4003-c3_CCCATTGTCTAGTGTG-1,GSM5613776_2020-08-26-Control4003-c3,0,low_single_type,1,0,0,,,0
GSM5613776_2020-08-26-Control4003-c3_CCCGGAAGTGCACGCT-1,GSM5613776_2020-08-26-Control4003-c3,0,low_single_type,1,0,0,,,0
GSM5613776_2020-08-26-Control4003-c3_CCCTAACGTCTGATCA-1,GSM5613776_2020-08-26-Control4003-c3,0,low_single_type,1,0,0,,,0
GSM5613776_2020-08-26-Control4003-c3_CCCTCAAAGACTCCGC-1,GSM5613776_2020-08-26-Control4003-c3,1,low_single_type,1,1,1,,,1
GSM5613776_2020-08-26-Control4003-c3_CCCTCAACACCGGAAA-1,GSM5613776_2020-08-26-Control4003-c3,0,low_single_type,1,0,0,,,0
GSM5613776_2020-08-26-Control4003-c3_CCCTCAAGTTGTCAGT-1,GSM5613776_2020-08-26-Control4003-c3,0,low_single_type,1,0,0,,,0
GSM5613776_2020-08-26-Control4003-c3_CCCTCAATCTCGTTTA-1,GSM5613776_2020-08-26-Control4003-c3,0,low_single_type,1,0,0,,,0
GSM5613776_2020-08-26-Control4003-c3_CCCTCTCAGTGGATTA-1,GSM5613776_2020-08-26-Control4003-c3,0,low_single_type,1,0,0,,,0
GSM5613776_2020-08-26-Control4003-c3_CCCTGATAGATGCTTC-1,GSM5613776_2020-08-26-Control4003-c3,0,low_single_type,1,0,0,,,0
GSM5613776_2020-08-26-Control4003-c3_CCCTGATTCCAGCACG-1,GSM5613776_2020-08-26-Control4003-c3,0,low_single_type,1,0,0,,,0
GSM5613776_2020-08-26-Control4003-c3_CCCTTAGTCATCACAG-1,GSM5613776_2020-08-26-Control4003-c3,1,low_single_type,1,1,1,,,1
GSM5613776_2020-08-26-Control4003-c3_CCGATCTAGCAGGCAT-1,GSM5613776_2020-08-26-Control4003-c3,1,low_single_type,1,1,1,,,1
GSM5613776_2020-08-26-Control4003-c3_CCGATCTAGGAGCAAA-1,GSM5613776_2020-08-26-Control4003-c3,0,low_single_type,1,0,0,,,0
GSM5613776_2020-08-26-Control4003-c3_CCGATGGAGAACTTCC-1,GSM5613776_2020-08-26-Control4003-c3,0,low_single_type,1,0,0,,,0
GSM5613776_2020-08-26-Control4003-c3_CCGATGGCAGGCCTGT-1,GSM5613776_2020-08-26-Control4003-c3,0,low_single_type,1,0,0,,,0
GSM5613776_2020-08-26-Control4003-c3_CCGATGGGTCAATCTG-1,GSM5613776_2020-08-26-Control4003-c3,0,low_single_type,1,0,0,,,0
GSM5613776_2020-08-26-Control4003-c3_CCGCAAGTCGAGTACT-1,GSM5613776_2020-08-26-Control4003-c3,0,low_single_type,1,0,0,,,0
GSM5613776_2020-08-26-Control4003-c3_CCGGACAAGTCGTTAC-1,GSM5613776_2020-08-26-Control4003-c3,0,low_single_type,1,0,0,,,0
GSM5613776_2020-08-26-Control4003-c3_CCGGACACACGTCGTG-1,GSM5613776_2020-08-26-Control4003-c3,1,low_single_type,1,1,1,,,1
GSM5613776_2020-08-26-Control4003-c3_CCGGGTATCAAACGAA-1,GSM5613776_2020-08-26-Control4003-c3,0,low_single_type,1,0,0,,,0
GSM5613776_2020-08-26-Control4003-c3_CCGGTAGCACGGCTAC-1,GSM5613776_2020-08-26-Control4003-c3,0,low_single_type,1,0,0,,,0
GSM5613776_2020-08-26-Control4003-c3_CCGGTAGGTTCGGCCA-1,GSM5613776_2020-08-26-Control4003-c3,1,low_single_type,1,1,1,,,1
GSM5613776_2020-08-26-Control4003-c3_CCGGTAGGTTGTGCCG-1,GSM5613776_2020-08-26-Control4003-c3,1,low_single_type,1,1,1,,,1
GSM5613776_2020-08-26-Control4003-c3_CCGGTAGTCAACGTGT-1,GSM5613776_2020-08-26-Control4003-c3,0,low_single_type,1,0,0,,,0
GSM5613776_2020-08-26-Control4003-c3_CCGGTAGTCGACACTA-1,GSM5613776_2020-08-26-Control4003-c3,1,low_single_type,1,1,1,,,1
GSM5613776_2020-08-26-Control4003-c3_CCGTAGGAGACTGAGC-1,GSM5613776_2020-08-26-Control4003-c3,1,low_single_type,1,1,1,,,1
GSM5613776_2020-08-26-Control4003-c3_CCGTAGGCAGTAGAAT-1,GSM5613776_2020-08-26-Control4003-c3,0,low_single_type,1,0,0,,,0
GSM5613776_2020-08-26-Control4003-c3_CCGTAGGGTTCCTAAG-1,GSM5613776_2020-08-26-Control4003-c3,0,low_single_type,1,0,0,,,0
GSM5613776_2020-08-26-Control4003-c3_CCGTGAGGTTTCGCTC-1,GSM5613776_2020-08-26-Control4003-c3,0,low_single_type,1,0,0,,,0
GSM5613776_2020-08-26-Control4003-c3_CCGTGAGTCTTGCGCT-1,GSM5613776_2020-08-26-Control4003-c3,0,low_single_type,1,0,0,,,0
GSM5613776_2020-08-26-Control4003-c3_CCGTTCACACACCTTC-1,GSM5613776_2020-08-26-Control4003-c3,0,low_single_type,1,0,0,,,0
GSM5613776_2020-08-26-Control4003-c3_CCGTTCAGTACCGTGC-1,GSM5613776_2020-08-26-Control4003-c3,0,low_single_type,1,0,0,,,0
GSM5613776_2020-08-26-Control4003-c3_CCTAACCTCTTCCCAG-1,GSM5613776_2020-08-26-Control4003-c3,0,low_single_type,1,0,0,,,0
GSM5613776_2020-08-26-Control4003-c3_CCTAAGACAGATCACT-1,GSM5613776_2020-08-26-Control4003-c3,0,low_single_type,1,0,0,,,0
GSM5613776_2020-08-26-Control4003-c3_CCTAAGACATATAGCC-1,GSM5613776_2020-08-26-Control4003-c3,0,low_single_type,1,0,0,,,0
GSM5613776_2020-08-26-Control4003-c3_CCTAAGAGTGGCAGAT-1,GSM5613776_2020-08-26-Control4003-c3,0,low_single_type,1,0,0,,,0
GSM5613776_2020-08-26-Control4003-c3_CCTACGTAGAGGGTGG-1,GSM5613776_2020-08-26-Control4003-c3,0,low_single_type,1,0,0,,,0
GSM5613776_2020-08-26-Control4003-c3_CCTACGTCATACTGAC-1,GSM5613776_2020-08-26-Control4003-c3,0,low_single_type,1,0,0,,,0
GSM5613776_2020-08-26-Control4003-c3_CCTACGTGTGAACTAA-1,GSM5613776_2020-08-26-Control4003-c3,0,low_single_type,1,0,0,,,0
GSM5613776_2020-08-26-Control4003-c3_CCTACGTTCCATGCAA-1,GSM5613776_2020-08-26-Control4003-c3,0,low_single_type,1,0,0,,,0
GSM5613776_2020-08-26-Control4003-c3_CCTACGTTCTTAAGGC-1,GSM5613776_2020-08-26-Control4003-c3,0,low_single_type,1,0,0,,,0
GSM5613776_2020-08-26-Control4003-c3_CCTATCGAGATACCAA-1,GSM5613776_2020-08-26-Control4003-c3,0,low_single_type,1,0,0,,,0
GSM5613776_2020-08-26-Control4003-c3_CCTATCGTCCCGTGTT-1,GSM5613776_2020-08-26-Control4003-c3,0,low_single_type,1,0,0,,,0
GSM5613776_2020-08-26-Control4003-c3_CCTCAACAGGTTAAAC-1,GSM5613776_2020-08-26-Control4003-c3,0,low_single_type,1,0,0,,,0
GSM5613776_2020-08-26-Control4003-c3_CCTCAACCATCGGATT-1,GSM5613776_2020-08-26-Control4003-c3,1,low_single_type,1,1,1,,,1
GSM5613776_2020-08-26-Control4003-c3_CCTCAGTAGACGCTCC-1,GSM5613776_2020-08-26-Control4003-c3,0,low_single_type,1,0,0,,,0
GSM5613776_2020-08-26-Control4003-c3_CCTCAGTGTAGCGTCC-1,GSM5613776_2020-08-26-Control4003-c3,0,low_single_type,1,0,0,,,0
GSM5613776_2020-08-26-Control4003-c3_CCTCAGTGTCTGGTTA-1,GSM5613776_2020-08-26-Control4003-c3,0,low_single_type,1,0,0,,,0
GSM5613776_2020-08-26-Control4003-c3_CCTCATGAGACTTGTC-1,GSM5613776_2020-08-26-Control4003-c3,0,low_single_type,1,0,0,,,0
GSM5613776_2020-08-26-Control4003-c3_CCTCATGAGCACTCGC-1,GSM5613776_2020-08-26-Control4003-c3,0,low_single_type,1,0,0,,,0
GSM5613776_2020-08-26-Control4003-c3_CCTCCAATCGGCATAT-1,GSM5613776_2020-08-26-Control4003-c3,0,low_single_type,1,0,0,,,0
GSM5613776_2020-08-26-Control4003-c3_CCTCCTCAGCTGAGCA-1,GSM5613776_2020-08-26-Control4003-c3,0,low_single_type,1,0,0,,,0
GSM5613776_2020-08-26-Control4003-c3_CCTCTAGTCGCAGATT-1,GSM5613776_2020-08-26-Control4003-c3,0,low_single_type,1,0,0,,,0
GSM5613776_2020-08-26-Control4003-c3_CCTCTCCAGTGCTCAT-1,GSM5613776_2020-08-26-Control4003-c3,1,low_single_type,1,1,1,,,1
GSM5613776_2020-08-26-Control4003-c3_CCTGCATAGTGAGGCT-1,GSM5613776_2020-08-26-Control4003-c3,0,low_single_type,1,0,0,,,0
GSM5613776_2020-08-26-Control4003-c3_CCTGCATTCGCGCTGA-1,GSM5613776_2020-08-26-Control4003-c3,0,low_single_type,1,0,0,,,0
GSM5613776_2020-08-26-Control4003-c3_CCTGTTGAGTTCGGTT-1,GSM5613776_2020-08-26-Control4003-c3,0,low_single_type,1,0,0,,,0
GSM5613776_2020-08-26-Control4003-c3_CCTGTTGGTCTGTCCT-1,GSM5613776_2020-08-26-Control4003-c3,0,low_single_type,1,0,0,,,0
GSM5613776_2020-08-26-Control4003-c3_CCTGTTGTCTGAGATC-1,GSM5613776_2020-08-26-Control4003-c3,0,low_single_type,1,0,0,,,0
GSM5613776_2020-08-26-Control4003-c3_CCTTGTGAGTCACGAG-1,GSM5613776_2020-08-26-Control4003-c3,1,low_single_type,1,1,1,,,1
GSM5613776_2020-08-26-Control4003-c3_CGAAGGACACAGTCCG-1,GSM5613776_2020-08-26-Control4003-c3,0,low_single_type,1,0,0,,,0
GSM5613776_2020-08-26-Control4003-c3_CGAAGGAGTTCGGTTA-1,GSM5613776_2020-08-26-Control4003-c3,0,low_single_type,1,0,0,,,0
GSM5613776_2020-08-26-Control4003-c3_CGAAGTTGTACATACC-1,GSM5613776_2020-08-26-Control4003-c3,0,low_single_type,1,0,0,,,0
GSM5613776_2020-08-26-Control4003-c3_CGAAGTTTCGGAGCAA-1,GSM5613776_2020-08-26-Control4003-c3,1,low_single_type,1,1,1,,,1
GSM5613776_2020-08-26-Control4003-c3_CGAATTGCACTAGAGG-1,GSM5613776_2020-08-26-Control4003-c3,0,low_single_type,1,0,0,,,0
GSM5613776_2020-08-26-Control4003-c3_CGACAGCCAAGTTTGC-1,GSM5613776_2020-08-26-Control4003-c3,0,low_single_type,1,0,0,,,0
GSM5613776_2020-08-26-Control4003-c3_CGACAGCGTACGGCAA-1,GSM5613776_2020-08-26-Control4003-c3,0,low_single_type,1,0,0,,,0
GSM5613776_2020-08-26-Control4003-c3_CGACAGCGTTTATGCG-1,GSM5613776_2020-08-26-Control4003-c3,0,low_single_type,1,0,0,,,0
GSM5613776_2020-08-26-Control4003-c3_CGACAGCTCAGCCTTC-1,GSM5613776_2020-08-26-Control4003-c3,0,low_single_type,1,0,0,,,0
GSM5613776_2020-08-26-Control4003-c3_CGAGAAGAGCGTTAGG-1,GSM5613776_2020-08-26-Control4003-c3,0,low_single_type,1,0,0,,,0
GSM5613776_2020-08-26-Control4003-c3_CGAGAAGCACTGGACC-1,GSM5613776_2020-08-26-Control4003-c3,0,low_single_type,1,0,0,,,0
GSM5613776_2020-08-26-Control4003-c3_CGAGGAAAGTAGGGTC-1,GSM5613776_2020-08-26-Control4003-c3,0,low_single_type,1,0,0,,,0
GSM5613776_2020-08-26-Control4003-c3_CGAGGAAGTAGAGGAA-1,GSM5613776_2020-08-26-Control4003-c3,0,low_single_type,1,0,0,,,0
GSM5613776_2020-08-26-Control4003-c3_CGAGGCTCATGAGAAT-1,GSM5613776_2020-08-26-Control4003-c3,1,low_single_type,1,1,1,,,1
GSM5613776_2020-08-26-Control4003-c3_CGAGGCTGTCCTACAA-1,GSM5613776_2020-08-26-Control4003-c3,0,low_single_type,1,0,0,,,0
GSM5613776_2020-08-26-Control4003-c3_CGAGGCTTCGCATTGA-1,GSM5613776_2020-08-26-Control4003-c3,0,low_single_type,1,0,0,,,0
GSM5613776_2020-08-26-Control4003-c3_CGAGTGCAGCGCCCAT-1,GSM5613776_2020-08-26-Control4003-c3,0,low_single_type,1,0,0,,,0
GSM5613776_2020-08-26-Control4003-c3_CGAGTGCCACGACGAA-1,GSM5613776_2020-08-26-Control4003-c3,0,low_single_type,1,0,0,,,0
GSM5613776_2020-08-26-Control4003-c3_CGAGTGCCAGCAGTTT-1,GSM5613776_2020-08-26-Control4003-c3,0,low_single_type,1,0,0,,,0
GSM5613776_2020-08-26-Control4003-c3_CGAGTGCTCATTGGTG-1,GSM5613776_2020-08-26-Control4003-c3,0,low_single_type,1,0,0,,,0
GSM5613776_2020-08-26-Control4003-c3_CGATCGGAGTCATCGT-1,GSM5613776_2020-08-26-Control4003-c3,1,low_single_type,1,1,1,,,1
GSM5613776_2020-08-26-Control4003-c3_CGATGCGCATCGATCA-1,GSM5613776_2020-08-26-Control4003-c3,0,low_single_type,1,0,0,,,0
GSM5613776_2020-08-26-Control4003-c3_CGATGCGGTGCAAGAC-1,GSM5613776_2020-08-26-Control4003-c3,0,low_single_type,1,0,0,,,0
GSM5613776_2020-08-26-Control4003-c3_CGATGCGGTTTCACTT-1,GSM5613776_2020-08-26-Control4003-c3,0,low_single_type,1,0,0,,,0
GSM5613776_2020-08-26-Control4003-c3_CGATGGCCATATCGGT-1,GSM5613776_2020-08-26-Control4003-c3,0,low_single_type,1,0,0,,,0
GSM5613776_2020-08-26-Control4003-c3_CGATGGCGTGGATTTC-1,GSM5613776_2020-08-26-Control4003-c3,0,low_single_type,1,0,0,,,0
GSM5613776_2020-08-26-Control4003-c3_CGATGGCTCGTTACCC-1,GSM5613776_2020-08-26-Control4003-c3,1,low_single_type,1,1,1,,,1
GSM5613776_2020-08-26-Control4003-c3_CGCAGGTCAAATGCTC-1,GSM5613776_2020-08-26-Control4003-c3,0,low_single_type,1,0,0,,,0
GSM5613776_2020-08-26-Control4003-c3_CGCATAAAGCCAGTAG-1,GSM5613776_2020-08-26-Control4003-c3,0,low_single_type,1,0,0,,,0
GSM5613776_2020-08-26-Control4003-c3_CGCATAAGTTGATGTC-1,GSM5613776_2020-08-26-Control4003-c3,0,low_single_type,1,0,0,,,0
GSM5613776_2020-08-26-Control4003-c3_CGCATGGAGGACTTCT-1,GSM5613776_2020-08-26-Control4003-c3,0,low_single_type,1,0,0,,,0
GSM5613776_2020-08-26-Control4003-c3_CGCCAGAGTAGTCTGT-1,GSM5613776_2020-08-26-Control4003-c3,0,low_single_type,1,0,0,,,0
GSM5613776_2020-08-26-Control4003-c3_CGCGTGAAGTGTACAA-1,GSM5613776_2020-08-26-Control4003-c3,0,low_single_type,1,0,0,,,0
GSM5613776_2020-08-26-Control4003-c3_CGCGTGACATCTCAAG-1,GSM5613776_2020-08-26-Control4003-c3,0,low_single_type,1,0,0,,,0
GSM5613776_2020-08-26-Control4003-c3_CGCGTGAGTCATCGCG-1,GSM5613776_2020-08-26-Control4003-c3,0,low_single_type,1,0,0,,,0
GSM5613776_2020-08-26-Control4003-c3_CGCGTGAGTTCGGCCA-1,GSM5613776_2020-08-26-Control4003-c3,0,low_single_type,1,0,0,,,0
GSM5613776_2020-08-26-Control4003-c3_CGCGTGATCCCATGGG-1,GSM5613776_2020-08-26-Control4003-c3,0,low_single_type,1,0,0,,,0
GSM5613776_2020-08-26-Control4003-c3_CGGAACCCACAGCGCT-1,GSM5613776_2020-08-26-Control4003-c3,0,low_single_type,1,0,0,,,0
GSM5613776_2020-08-26-Control4003-c3_CGGAATTAGATTGCGG-1,GSM5613776_2020-08-26-Control4003-c3,0,low_single_type,1,0,0,,,0
GSM5613776_2020-08-26-Control4003-c3_CGGAATTCATAGGTAA-1,GSM5613776_2020-08-26-Control4003-c3,0,low_single_type,1,0,0,,,0
GSM5613776_2020-08-26-Control4003-c3_CGGAATTCATTCGGGC-1,GSM5613776_2020-08-26-Control4003-c3,0,low_single_type,1,0,0,,,0
GSM5613776_2020-08-26-Control4003-c3_CGGAATTTCTGGGCAC-1,GSM5613776_2020-08-26-Control4003-c3,0,low_single_type,1,0,0,,,0
GSM5613776_2020-08-26-Control4003-c3_CGGACACCAAGGTTGG-1,GSM5613776_2020-08-26-Control4003-c3,0,low_single_type,1,0,0,,,0
GSM5613776_2020-08-26-Control4003-c3_CGGACACCATTACTCT-1,GSM5613776_2020-08-26-Control4003-c3,0,low_single_type,1,0,0,,,0
GSM5613776_2020-08-26-Control4003-c3_CGGACACGTGGACCAA-1,GSM5613776_2020-08-26-Control4003-c3,0,low_single_type,1,0,0,,,0
GSM5613776_2020-08-26-Control4003-c3_CGGAGAATCGAATGCT-1,GSM5613776_2020-08-26-Control4003-c3,0,low_single_type,1,0,0,,,0
GSM5613776_2020-08-26-Control4003-c3_CGGCAGTAGCCATTGT-1,GSM5613776_2020-08-26-Control4003-c3,0,low_single_type,1,0,0,,,0
GSM5613776_2020-08-26-Control4003-c3_CGGCAGTAGCCTGACC-1,GSM5613776_2020-08-26-Control4003-c3,0,low_single_type,1,0,0,,,0
GSM5613776_2020-08-26-Control4003-c3_CGGCAGTTCTGGGTCG-1,GSM5613776_2020-08-26-Control4003-c3,0,low_single_type,1,0,0,,,0
GSM5613776_2020-08-26-Control4003-c3_CGGGACTAGACTCATC-1,GSM5613776_2020-08-26-Control4003-c3,0,low_single_type,1,0,0,,,0
GSM5613776_2020-08-26-Control4003-c3_CGGGACTCACCCTGTT-1,GSM5613776_2020-08-26-Control4003-c3,0,low_single_type,1,0,0,,,0
GSM5613776_2020-08-26-Control4003-c3_CGGGACTGTCGCAGTC-1,GSM5613776_2020-08-26-Control4003-c3,0,low_single_type,1,0,0,,,0
GSM5613776_2020-08-26-Control4003-c3_CGGGACTTCCGAGCTG-1,GSM5613776_2020-08-26-Control4003-c3,0,low_single_type,1,0,0,,,0
GSM5613776_2020-08-26-Control4003-c3_CGGGCATGTTTACACG-1,GSM5613776_2020-08-26-Control4003-c3,0,low_single_type,1,0,0,,,0
GSM5613776_2020-08-26-Control4003-c3_CGGGTCAAGCCTCTGG-1,GSM5613776_2020-08-26-Control4003-c3,1,low_single_type,1,1,1,,,1
GSM5613776_2020-08-26-Control4003-c3_CGGGTCAGTGGTCAAG-1,GSM5613776_2020-08-26-Control4003-c3,1,low_single_type,1,1,1,,,1
GSM5613776_2020-08-26-Control4003-c3_CGGTCAGCAAAGGTTA-1,GSM5613776_2020-08-26-Control4003-c3,0,low_single_type,1,0,0,,,0
GSM5613776_2020-08-26-Control4003-c3_CGGTCAGCAAATACGA-1,GSM5613776_2020-08-26-Control4003-c3,1,low_single_type,1,1,1,,,1
GSM5613776_2020-08-26-Control4003-c3_CGGTCAGGTGGGAGAG-1,GSM5613776_2020-08-26-Control4003-c3,0,low_single_type,1,0,0,,,0
GSM5613776_2020-08-26-Control4003-c3_CGGTCAGTCATCGCCT-1,GSM5613776_2020-08-26-Control4003-c3,0,low_single_type,1,0,0,,,0
GSM5613776_2020-08-26-Control4003-c3_CGGTCAGTCGCATAGT-1,GSM5613776_2020-08-26-Control4003-c3,0,low_single_type,1,0,0,,,0
GSM5613776_2020-08-26-Control4003-c3_CGTAAGTTCCAAACCA-1,GSM5613776_2020-08-26-Control4003-c3,1,low_single_type,1,1,1,,,1
GSM5613776_2020-08-26-Control4003-c3_CGTAATGAGTAGGATT-1,GSM5613776_2020-08-26-Control4003-c3,0,low_single_type,1,0,0,,,0
GSM5613776_2020-08-26-Control4003-c3_CGTAATGCAAGGGCAT-1,GSM5613776_2020-08-26-Control4003-c3,0,low_single_type,1,0,0,,,0
GSM5613776_2020-08-26-Control4003-c3_CGTAATGCATAAGATG-1,GSM5613776_2020-08-26-Control4003-c3,0,low_single_type,1,0,0,,,0
GSM5613776_2020-08-26-Control4003-c3_CGTAGTAAGCAATAGT-1,GSM5613776_2020-08-26-Control4003-c3,1,low_single_type,1,1,1,,,1
GSM5613776_2020-08-26-Control4003-c3_CGTAGTACACCCTTAC-1,GSM5613776_2020-08-26-Control4003-c3,0,low_single_type,1,0,0,,,0
GSM5613776_2020-08-26-Control4003-c3_CGTAGTACATACAGAA-1,GSM5613776_2020-08-26-Control4003-c3,0,low_single_type,1,0,0,,,0
GSM5613776_2020-08-26-Control4003-c3_CGTCAAAAGAGGGTAA-1,GSM5613776_2020-08-26-Control4003-c3,0,low_single_type,1,0,0,,,0
GSM5613776_2020-08-26-Control4003-c3_CGTCAAAAGGTAGTCG-1,GSM5613776_2020-08-26-Control4003-c3,0,low_single_type,1,0,0,,,0
GSM5613776_2020-08-26-Control4003-c3_CGTCCATAGCTACAAA-1,GSM5613776_2020-08-26-Control4003-c3,0,low_single_type,1,0,0,,,0
GSM5613776_2020-08-26-Control4003-c3_CGTCCATCAAACTAAG-1,GSM5613776_2020-08-26-Control4003-c3,0,low_single_type,1,0,0,,,0
GSM5613776_2020-08-26-Control4003-c3_CGTCCATGTACCGCGT-1,GSM5613776_2020-08-26-Control4003-c3,0,low_single_type,1,0,0,,,0
GSM5613776_2020-08-26-Control4003-c3_CGTGAATAGAGTGGCT-1,GSM5613776_2020-08-26-Control4003-c3,0,low_single_type,1,0,0,,,0
GSM5613776_2020-08-26-Control4003-c3_CGTGAATTCCAACTGA-1,GSM5613776_2020-08-26-Control4003-c3,1,low_single_type,1,1,1,,,1
GSM5613776_2020-08-26-Control4003-c3_CGTGATAAGGTCATAA-1,GSM5613776_2020-08-26-Control4003-c3,1,low_single_type,1,1,1,,,1
GSM5613776_2020-08-26-Control4003-c3_CGTGATACAAGGACAC-1,GSM5613776_2020-08-26-Control4003-c3,1,low_single_type,1,1,1,,,1
GSM5613776_2020-08-26-Control4003-c3_CGTGATATCGAGTACT-1,GSM5613776_2020-08-26-Control4003-c3,0,low_single_type,1,0,0,,,0
GSM5613776_2020-08-26-Control4003-c3_CGTGCTTTCTCGAACA-1,GSM5613776_2020-08-26-Control4003-c3,0,low_single_type,1,0,0,,,0
GSM5613776_2020-08-26-Control4003-c3_CGTGTCTGTAATTGGA-1,GSM5613776_2020-08-26-Control4003-c3,0,low_single_type,1,0,0,,,0
GSM5613776_2020-08-26-Control4003-c3_CGTTAGAGTCACATTG-1,GSM5613776_2020-08-26-Control4003-c3,0,low_single_type,1,0,0,,,0
GSM5613776_2020-08-26-Control4003-c3_CGTTAGAGTTCTTCAT-1,GSM5613776_2020-08-26-Control4003-c3,1,low_single_type,1,1,1,,,1
GSM5613776_2020-08-26-Control4003-c3_CGTTCTGCACAGACGA-1,GSM5613776_2020-08-26-Control4003-c3,0,low_single_type,1,0,0,,,0
GSM5613776_2020-08-26-Control4003-c3_CGTTCTGGTACCAGAG-1,GSM5613776_2020-08-26-Control4003-c3,0,low_single_type,1,0,0,,,0
GSM5613776_2020-08-26-Control4003-c3_CGTTCTGGTACTGCGC-1,GSM5613776_2020-08-26-Control4003-c3,1,low_single_type,1,1,1,,,1
GSM5613776_2020-08-26-Control4003-c3_CGTTCTGGTAGCTCGC-1,GSM5613776_2020-08-26-Control4003-c3,0,low_single_type,1,0,0,,,0
GSM5613776_2020-08-26-Control4003-c3_CGTTCTGTCCCGAACG-1,GSM5613776_2020-08-26-Control4003-c3,0,low_single_type,1,0,0,,,0
GSM5613776_2020-08-26-Control4003-c3_CGTTGGGAGAACAAGG-1,GSM5613776_2020-08-26-Control4003-c3,0,low_single_type,1,0,0,,,0
GSM5613776_2020-08-26-Control4003-c3_CGTTGGGAGACATACA-1,GSM5613776_2020-08-26-Control4003-c3,0,low_single_type,1,0,0,,,0
GSM5613776_2020-08-26-Control4003-c3_CGTTGGGAGCCACCGT-1,GSM5613776_2020-08-26-Control4003-c3,0,low_single_type,1,0,0,,,0
GSM5613776_2020-08-26-Control4003-c3_CTAACCCAGATTAGAC-1,GSM5613776_2020-08-26-Control4003-c3,0,low_single_type,1,0,0,,,0
GSM5613776_2020-08-26-Control4003-c3_CTAACCCAGGCCTGAA-1,GSM5613776_2020-08-26-Control4003-c3,0,low_single_type,1,0,0,,,0
GSM5613776_2020-08-26-Control4003-c3_CTAACCCCAAGTGGTG-1,GSM5613776_2020-08-26-Control4003-c3,0,low_single_type,1,0,0,,,0
GSM5613776_2020-08-26-Control4003-c3_CTAACTTAGCTACTGT-1,GSM5613776_2020-08-26-Control4003-c3,0,low_single_type,1,0,0,,,0
GSM5613776_2020-08-26-Control4003-c3_CTAACTTCAGAGGACT-1,GSM5613776_2020-08-26-Control4003-c3,0,low_single_type,1,0,0,,,0
GSM5613776_2020-08-26-Control4003-c3_CTAACTTCATGTTCGA-1,GSM5613776_2020-08-26-Control4003-c3,0,low_single_type,1,0,0,,,0
GSM5613776_2020-08-26-Control4003-c3_CTAACTTGTGATGGCA-1,GSM5613776_2020-08-26-Control4003-c3,0,low_single_type,1,0,0,,,0
GSM5613776_2020-08-26-Control4003-c3_CTACAGAGTCTCACAA-1,GSM5613776_2020-08-26-Control4003-c3,0,low_single_type,1,0,0,,,0
GSM5613776_2020-08-26-Control4003-c3_CTACATTTCGATTCCC-1,GSM5613776_2020-08-26-Control4003-c3,0,low_single_type,1,0,0,,,0
GSM5613776_2020-08-26-Control4003-c3_CTACCTGGTGGCAGAT-1,GSM5613776_2020-08-26-Control4003-c3,0,low_single_type,1,0,0,,,0
GSM5613776_2020-08-26-Control4003-c3_CTACGGGTCTTCCAGC-1,GSM5613776_2020-08-26-Control4003-c3,1,low_single_type,1,1,1,,,1
GSM5613776_2020-08-26-Control4003-c3_CTAGACACAAATGGTA-1,GSM5613776_2020-08-26-Control4003-c3,0,low_single_type,1,0,0,,,0
GSM5613776_2020-08-26-Control4003-c3_CTAGACATCAGTGTGT-1,GSM5613776_2020-08-26-Control4003-c3,0,low_single_type,1,0,0,,,0
GSM5613776_2020-08-26-Control4003-c3_CTAGGTAAGACGGAAA-1,GSM5613776_2020-08-26-Control4003-c3,0,low_single_type,1,0,0,,,0
GSM5613776_2020-08-26-Control4003-c3_CTAGGTAGTCGGTGAA-1,GSM5613776_2020-08-26-Control4003-c3,0,low_single_type,1,0,0,,,0
GSM5613776_2020-08-26-Control4003-c3_CTATAGGAGCGCTGAA-1,GSM5613776_2020-08-26-Control4003-c3,0,low_single_type,1,0,0,,,0
GSM5613776_2020-08-26-Control4003-c3_CTATAGGGTCGTACTA-1,GSM5613776_2020-08-26-Control4003-c3,0,low_single_type,1,0,0,,,0
GSM5613776_2020-08-26-Control4003-c3_CTATAGGGTTACCTTT-1,GSM5613776_2020-08-26-Control4003-c3,0,low_single_type,1,0,0,,,0
GSM5613776_2020-08-26-Control4003-c3_CTATCCGAGGAGTCTG-1,GSM5613776_2020-08-26-Control4003-c3,0,low_single_type,1,0,0,,,0
GSM5613776_2020-08-26-Control4003-c3_CTATCCGTCGGTAACT-1,GSM5613776_2020-08-26-Control4003-c3,0,low_single_type,1,0,0,,,0
GSM5613776_2020-08-26-Control4003-c3_CTCAACCTCCTGCCAT-1,GSM5613776_2020-08-26-Control4003-c3,1,low_single_type,1,1,1,,,1
GSM5613776_2020-08-26-Control4003-c3_CTCAAGAAGAAGCTGC-1,GSM5613776_2020-08-26-Control4003-c3,0,low_single_type,1,0,0,,,0
GSM5613776_2020-08-26-Control4003-c3_CTCAAGACAACTCATG-1,GSM5613776_2020-08-26-Control4003-c3,0,low_single_type,1,0,0,,,0
GSM5613776_2020-08-26-Control4003-c3_CTCAAGAGTTCGGTTA-1,GSM5613776_2020-08-26-Control4003-c3,0,low_single_type,1,0,0,,,0
GSM5613776_2020-08-26-Control4003-c3_CTCAATTTCAACTGGT-1,GSM5613776_2020-08-26-Control4003-c3,0,low_single_type,1,0,0,,,0
GSM5613776_2020-08-26-Control4003-c3_CTCAATTTCTGATTCT-1,GSM5613776_2020-08-26-Control4003-c3,0,low_single_type,1,0,0,,,0
GSM5613776_2020-08-26-Control4003-c3_CTCACTGTCACCCTGT-1,GSM5613776_2020-08-26-Control4003-c3,0,low_single_type,1,0,0,,,0
GSM5613776_2020-08-26-Control4003-c3_CTCACTGTCGCCACTT-1,GSM5613776_2020-08-26-Control4003-c3,0,low_single_type,1,0,0,,,0
GSM5613776_2020-08-26-Control4003-c3_CTCAGAAAGTTTCAGC-1,GSM5613776_2020-08-26-Control4003-c3,0,low_single_type,1,0,0,,,0
GSM5613776_2020-08-26-Control4003-c3_CTCAGAAGTAACATGA-1,GSM5613776_2020-08-26-Control4003-c3,0,low_single_type,1,0,0,,,0
GSM5613776_2020-08-26-Control4003-c3_CTCAGAAGTCGCATTA-1,GSM5613776_2020-08-26-Control4003-c3,0,low_single_type,1,0,0,,,0
GSM5613776_2020-08-26-Control4003-c3_CTCAGAAGTGGGCTTC-1,GSM5613776_2020-08-26-Control4003-c3,1,low_single_type,1,1,1,,,1
GSM5613776_2020-08-26-Control4003-c3_CTCAGAATCACCGGGT-1,GSM5613776_2020-08-26-Control4003-c3,0,low_single_type,1,0,0,,,0
GSM5613776_2020-08-26-Control4003-c3_CTCAGAATCCATTTGT-1,GSM5613776_2020-08-26-Control4003-c3,0,low_single_type,1,0,0,,,0
GSM5613776_2020-08-26-Control4003-c3_CTCAGAATCGAACGCC-1,GSM5613776_2020-08-26-Control4003-c3,1,low_single_type,1,1,1,,,1
GSM5613776_2020-08-26-Control4003-c3_CTCAGAATCTCTGACC-1,GSM5613776_2020-08-26-Control4003-c3,0,low_single_type,1,0,0,,,0
GSM5613776_2020-08-26-Control4003-c3_CTCAGGGCAGACGGAT-1,GSM5613776_2020-08-26-Control4003-c3,1,low_single_type,1,1,1,,,1
GSM5613776_2020-08-26-Control4003-c3_CTCAGTCGTAGAATAC-1,GSM5613776_2020-08-26-Control4003-c3,0,low_single_type,1,0,0,,,0
GSM5613776_2020-08-26-Control4003-c3_CTCAGTCTCTGGCTGG-1,GSM5613776_2020-08-26-Control4003-c3,1,low_single_type,1,1,1,,,1
GSM5613776_2020-08-26-Control4003-c3_CTCATCGCATAAGATG-1,GSM5613776_2020-08-26-Control4003-c3,0,low_single_type,1,0,0,,,0
GSM5613776_2020-08-26-Control4003-c3_CTCATCGGTAGGAAAG-1,GSM5613776_2020-08-26-Control4003-c3,0,low_single_type,1,0,0,,,0
GSM5613776_2020-08-26-Control4003-c3_CTCATGCGTACAATAG-1,GSM5613776_2020-08-26-Control4003-c3,0,low_single_type,1,0,0,,,0
GSM5613776_2020-08-26-Control4003-c3_CTCATGCTCGACATCA-1,GSM5613776_2020-08-26-Control4003-c3,0,low_single_type,1,0,0,,,0
GSM5613776_2020-08-26-Control4003-c3_CTCATTACAGTGGTGA-1,GSM5613776_2020-08-26-Control4003-c3,1,low_single_type,1,1,1,,,1
GSM5613776_2020-08-26-Control4003-c3_CTCATTACAGTTGTCA-1,GSM5613776_2020-08-26-Control4003-c3,0,low_single_type,1,0,0,,,0
GSM5613776_2020-08-26-Control4003-c3_CTCATTATCCCTGGTT-1,GSM5613776_2020-08-26-Control4003-c3,0,low_single_type,1,0,0,,,0
GSM5613776_2020-08-26-Control4003-c3_CTCCAACCAGCTTTCC-1,GSM5613776_2020-08-26-Control4003-c3,0,low_single_type,1,0,0,,,0
GSM5613776_2020-08-26-Control4003-c3_CTCCATGCAGGGAGAG-1,GSM5613776_2020-08-26-Control4003-c3,0,low_single_type,1,0,0,,,0
GSM5613776_2020-08-26-Control4003-c3_CTCCCAAGTGGTCCGT-1,GSM5613776_2020-08-26-Control4003-c3,0,low_single_type,1,0,0,,,0
GSM5613776_2020-08-26-Control4003-c3_CTCCGATGTCCCTCAT-1,GSM5613776_2020-08-26-Control4003-c3,0,low_single_type,1,0,0,,,0
GSM5613776_2020-08-26-Control4003-c3_CTCCTTTCAAGTAGTA-1,GSM5613776_2020-08-26-Control4003-c3,0,low_single_type,1,0,0,,,0
GSM5613776_2020-08-26-Control4003-c3_CTCCTTTGTCTTACTT-1,GSM5613776_2020-08-26-Control4003-c3,0,low_single_type,1,0,0,,,0
GSM5613776_2020-08-26-Control4003-c3_CTCCTTTGTTATAGAG-1,GSM5613776_2020-08-26-Control4003-c3,0,low_single_type,1,0,0,,,0
GSM5613776_2020-08-26-Control4003-c3_CTCGAGGGTTGCATCA-1,GSM5613776_2020-08-26-Control4003-c3,0,low_single_type,1,0,0,,,0
GSM5613776_2020-08-26-Control4003-c3_CTCGAGGTCCGCTTAC-1,GSM5613776_2020-08-26-Control4003-c3,0,low_single_type,1,0,0,,,0
GSM5613776_2020-08-26-Control4003-c3_CTCTCAGAGTCGTTAC-1,GSM5613776_2020-08-26-Control4003-c3,0,low_single_type,1,0,0,,,0
GSM5613776_2020-08-26-Control4003-c3_CTCTCAGCAGCACAGA-1,GSM5613776_2020-08-26-Control4003-c3,1,low_single_type,1,1,1,,,1
GSM5613776_2020-08-26-Control4003-c3_CTCTCGAAGCAGCACA-1,GSM5613776_2020-08-26-Control4003-c3,0,low_single_type,1,0,0,,,0
GSM5613776_2020-08-26-Control4003-c3_CTCTCGAAGCTCGACC-1,GSM5613776_2020-08-26-Control4003-c3,0,low_single_type,1,0,0,,,0
GSM5613776_2020-08-26-Control4003-c3_CTCTCGACATCGATGT-1,GSM5613776_2020-08-26-Control4003-c3,0,low_single_type,1,0,0,,,0
GSM5613776_2020-08-26-Control4003-c3_CTCTCGAGTCGACGCT-1,GSM5613776_2020-08-26-Control4003-c3,0,low_single_type,1,0,0,,,0
GSM5613776_2020-08-26-Control4003-c3_CTCTCGAGTCGTACAT-1,GSM5613776_2020-08-26-Control4003-c3,0,low_single_type,1,0,0,,,0
GSM5613776_2020-08-26-Control4003-c3_CTCTCGATCAGAGTGG-1,GSM5613776_2020-08-26-Control4003-c3,0,low_single_type,1,0,0,,,0
GSM5613776_2020-08-26-Control4003-c3_CTCTGGTAGACGATAT-1,GSM5613776_2020-08-26-Control4003-c3,0,low_single_type,1,0,0,,,0
GSM5613776_2020-08-26-Control4003-c3_CTCTGGTAGTAGAATC-1,GSM5613776_2020-08-26-Control4003-c3,0,low_single_type,1,0,0,,,0
GSM5613776_2020-08-26-Control4003-c3_CTCTGGTTCCGAAGGA-1,GSM5613776_2020-08-26-Control4003-c3,0,low_single_type,1,0,0,,,0
GSM5613776_2020-08-26-Control4003-c3_CTGAATGAGTTTCGGT-1,GSM5613776_2020-08-26-Control4003-c3,0,low_single_type,1,0,0,,,0
GSM5613776_2020-08-26-Control4003-c3_CTGAATGGTGTTACTG-1,GSM5613776_2020-08-26-Control4003-c3,0,low_single_type,1,0,0,,,0
GSM5613776_2020-08-26-Control4003-c3_CTGAGCGAGGTCATTC-1,GSM5613776_2020-08-26-Control4003-c3,0,low_single_type,1,0,0,,,0
GSM5613776_2020-08-26-Control4003-c3_CTGAGCGGTCTTAGTG-1,GSM5613776_2020-08-26-Control4003-c3,0,low_single_type,1,0,0,,,0
GSM5613776_2020-08-26-Control4003-c3_CTGAGGCCAAATACAG-1,GSM5613776_2020-08-26-Control4003-c3,0,low_single_type,1,0,0,,,0
GSM5613776_2020-08-26-Control4003-c3_CTGATCCGTCCACACG-1,GSM5613776_2020-08-26-Control4003-c3,0,low_single_type,1,0,0,,,0
GSM5613776_2020-08-26-Control4003-c3_CTGATCCGTGCAAGAC-1,GSM5613776_2020-08-26-Control4003-c3,0,low_single_type,1,0,0,,,0
GSM5613776_2020-08-26-Control4003-c3_CTGCAGGGTTCCGCAG-1,GSM5613776_2020-08-26-Control4003-c3,0,low_single_type,1,0,0,,,0
GSM5613776_2020-08-26-Control4003-c3_CTGCATCCACAACATC-1,GSM5613776_2020-08-26-Control4003-c3,0,low_single_type,1,0,0,,,0
GSM5613776_2020-08-26-Control4003-c3_CTGCATCTCCATACAG-1,GSM5613776_2020-08-26-Control4003-c3,0,low_single_type,1,0,0,,,0
GSM5613776_2020-08-26-Control4003-c3_CTGCATCTCGACCTAA-1,GSM5613776_2020-08-26-Control4003-c3,0,low_single_type,1,0,0,,,0
GSM5613776_2020-08-26-Control4003-c3_CTGCCATAGTCATGAA-1,GSM5613776_2020-08-26-Control4003-c3,0,low_single_type,1,0,0,,,0
GSM5613776_2020-08-26-Control4003-c3_CTGCCTACATTAAAGG-1,GSM5613776_2020-08-26-Control4003-c3,0,low_single_type,1,0,0,,,0
GSM5613776_2020-08-26-Control4003-c3_CTGCGAGCACTTGGCG-1,GSM5613776_2020-08-26-Control4003-c3,0,low_single_type,1,0,0,,,0
GSM5613776_2020-08-26-Control4003-c3_CTGCGAGGTCGTTTCC-1,GSM5613776_2020-08-26-Control4003-c3,0,low_single_type,1,0,0,,,0
GSM5613776_2020-08-26-Control4003-c3_CTGCGAGTCACCTGGG-1,GSM5613776_2020-08-26-Control4003-c3,0,low_single_type,1,0,0,,,0
GSM5613776_2020-08-26-Control4003-c3_CTGCTCAAGACAAGCC-1,GSM5613776_2020-08-26-Control4003-c3,0,low_single_type,1,0,0,,,0
GSM5613776_2020-08-26-Control4003-c3_CTGCTCACACTAGAGG-1,GSM5613776_2020-08-26-Control4003-c3,0,low_single_type,1,0,0,,,0
GSM5613776_2020-08-26-Control4003-c3_CTGCTCAGTGCCGAAA-1,GSM5613776_2020-08-26-Control4003-c3,0,low_single_type,1,0,0,,,0
GSM5613776_2020-08-26-Control4003-c3_CTGCTCAGTTTAGACC-1,GSM5613776_2020-08-26-Control4003-c3,0,low_single_type,1,0,0,,,0
GSM5613776_2020-08-26-Control4003-c3_CTGCTCATCTATCGGA-1,GSM5613776_2020-08-26-Control4003-c3,0,low_single_type,1,0,0,,,0
GSM5613776_2020-08-26-Control4003-c3_CTGGACGTCTATCACT-1,GSM5613776_2020-08-26-Control4003-c3,0,low_single_type,1,0,0,,,0
GSM5613776_2020-08-26-Control4003-c3_CTGGCAGCACAGCTGC-1,GSM5613776_2020-08-26-Control4003-c3,0,low_single_type,1,0,0,,,0
GSM5613776_2020-08-26-Control4003-c3_CTGGCAGCAGAGATTA-1,GSM5613776_2020-08-26-Control4003-c3,1,low_single_type,1,1,1,,,1
GSM5613776_2020-08-26-Control4003-c3_CTGGCAGGTTCGTACA-1,GSM5613776_2020-08-26-Control4003-c3,0,low_single_type,1,0,0,,,0
GSM5613776_2020-08-26-Control4003-c3_CTGGCAGTCATCACAG-1,GSM5613776_2020-08-26-Control4003-c3,0,low_single_type,1,0,0,,,0
GSM5613776_2020-08-26-Control4003-c3_CTGTATTTCAACTTTC-1,GSM5613776_2020-08-26-Control4003-c3,0,low_single_type,1,0,0,,,0
GSM5613776_2020-08-26-Control4003-c3_CTGTCGTAGCCGTTAT-1,GSM5613776_2020-08-26-Control4003-c3,0,low_single_type,1,0,0,,,0
GSM5613776_2020-08-26-Control4003-c3_CTGTCGTAGCGTCAGA-1,GSM5613776_2020-08-26-Control4003-c3,0,low_single_type,1,0,0,,,0
GSM5613776_2020-08-26-Control4003-c3_CTGTCGTGTGCGAGTA-1,GSM5613776_2020-08-26-Control4003-c3,0,low_single_type,1,0,0,,,0
GSM5613776_2020-08-26-Control4003-c3_CTGTGAAGTTCTGACA-1,GSM5613776_2020-08-26-Control4003-c3,0,low_single_type,1,0,0,,,0
GSM5613776_2020-08-26-Control4003-c3_CTGTGAATCACTTGGA-1,GSM5613776_2020-08-26-Control4003-c3,1,low_single_type,1,1,1,,,1
GSM5613776_2020-08-26-Control4003-c3_CTGTGGGCATCAGCAT-1,GSM5613776_2020-08-26-Control4003-c3,0,low_single_type,1,0,0,,,0
GSM5613776_2020-08-26-Control4003-c3_CTTACCGGTCCTACAA-1,GSM5613776_2020-08-26-Control4003-c3,0,low_single_type,1,0,0,,,0
GSM5613776_2020-08-26-Control4003-c3_CTTACCGTCGAGTGAG-1,GSM5613776_2020-08-26-Control4003-c3,0,low_single_type,1,0,0,,,0
GSM5613776_2020-08-26-Control4003-c3_CTTAGGAAGCTTCATG-1,GSM5613776_2020-08-26-Control4003-c3,0,low_single_type,1,0,0,,,0
GSM5613776_2020-08-26-Control4003-c3_CTTAGGAAGTGCACTT-1,GSM5613776_2020-08-26-Control4003-c3,0,low_single_type,1,0,0,,,0
GSM5613776_2020-08-26-Control4003-c3_CTTAGGAGTTTCGTTT-1,GSM5613776_2020-08-26-Control4003-c3,0,low_single_type,1,0,0,,,0
GSM5613776_2020-08-26-Control4003-c3_CTTCCGAAGCGGTAGT-1,GSM5613776_2020-08-26-Control4003-c3,0,low_single_type,1,0,0,,,0
GSM5613776_2020-08-26-Control4003-c3_CTTCCGACACCTGCGA-1,GSM5613776_2020-08-26-Control4003-c3,0,low_single_type,1,0,0,,,0
GSM5613776_2020-08-26-Control4003-c3_CTTCCGAGTGTAGGAC-1,GSM5613776_2020-08-26-Control4003-c3,0,low_single_type,1,0,0,,,0
GSM5613776_2020-08-26-Control4003-c3_CTTCCTTCATGAGGGT-1,GSM5613776_2020-08-26-Control4003-c3,0,low_single_type,1,0,0,,,0
GSM5613776_2020-08-26-Control4003-c3_CTTCCTTTCCTGGGTG-1,GSM5613776_2020-08-26-Control4003-c3,0,low_single_type,1,0,0,,,0
GSM5613776_2020-08-26-Control4003-c3_CTTCGGTAGAGCAGTC-1,GSM5613776_2020-08-26-Control4003-c3,0,low_single_type,1,0,0,,,0
GSM5613776_2020-08-26-Control4003-c3_CTTCGGTCAACTTGGT-1,GSM5613776_2020-08-26-Control4003-c3,0,low_single_type,1,0,0,,,0
GSM5613776_2020-08-26-Control4003-c3_CTTCGGTCAGCGGATA-1,GSM5613776_2020-08-26-Control4003-c3,0,low_single_type,1,0,0,,,0
GSM5613776_2020-08-26-Control4003-c3_CTTCGGTTCGTTACCC-1,GSM5613776_2020-08-26-Control4003-c3,1,low_single_type,1,1,1,,,1
GSM5613776_2020-08-26-Control4003-c3_CTTCGGTTCTTGTGCC-1,GSM5613776_2020-08-26-Control4003-c3,0,low_single_type,1,0,0,,,0
GSM5613776_2020-08-26-Control4003-c3_CTTCTAAAGGAATCGC-1,GSM5613776_2020-08-26-Control4003-c3,0,low_single_type,1,0,0,,,0
GSM5613776_2020-08-26-Control4003-c3_CTTCTAAGTATGGTTC-1,GSM5613776_2020-08-26-Control4003-c3,0,low_single_type,1,0,0,,,0
GSM5613776_2020-08-26-Control4003-c3_CTTCTCTCAGACAAAT-1,GSM5613776_2020-08-26-Control4003-c3,0,low_single_type,1,0,0,,,0
GSM5613776_2020-08-26-Control4003-c3_CTTCTCTCAGTTAGGG-1,GSM5613776_2020-08-26-Control4003-c3,0,low_single_type,1,0,0,,,0
GSM5613776_2020-08-26-Control4003-c3_CTTCTCTGTTACACAC-1,GSM5613776_2020-08-26-Control4003-c3,0,low_single_type,1,0,0,,,0
GSM5613776_2020-08-26-Control4003-c3_CTTGAGAGTACTCGTA-1,GSM5613776_2020-08-26-Control4003-c3,0,low_single_type,1,0,0,,,0
GSM5613776_2020-08-26-Control4003-c3_CTTGAGATCCGGTTCT-1,GSM5613776_2020-08-26-Control4003-c3,0,low_single_type,1,0,0,,,0
GSM5613776_2020-08-26-Control4003-c3_CTTGATTTCCTTCTGG-1,GSM5613776_2020-08-26-Control4003-c3,0,low_single_type,1,0,0,,,0
GSM5613776_2020-08-26-Control4003-c3_CTTTCAATCGGACAAG-1,GSM5613776_2020-08-26-Control4003-c3,1,low_single_type,1,1,1,,,1
GSM5613776_2020-08-26-Control4003-c3_CTTTCGGTCGACGATT-1,GSM5613776_2020-08-26-Control4003-c3,0,low_single_type,1,0,0,,,0
GSM5613776_2020-08-26-Control4003-c3_GAAACCTCACTGTCCT-1,GSM5613776_2020-08-26-Control4003-c3,0,low_single_type,1,0,0,,,0
GSM5613776_2020-08-26-Control4003-c3_GAAACCTGTACCGTGC-1,GSM5613776_2020-08-26-Control4003-c3,1,low_single_type,1,1,1,,,1
GSM5613776_2020-08-26-Control4003-c3_GAAATGAAGTTACGTC-1,GSM5613776_2020-08-26-Control4003-c3,0,low_single_type,1,0,0,,,0
GSM5613776_2020-08-26-Control4003-c3_GAAATGACATCCTCAC-1,GSM5613776_2020-08-26-Control4003-c3,0,low_single_type,1,0,0,,,0
GSM5613776_2020-08-26-Control4003-c3_GAAATGAGTAAGGAGA-1,GSM5613776_2020-08-26-Control4003-c3,0,low_single_type,1,0,0,,,0
GSM5613776_2020-08-26-Control4003-c3_GAAATGAGTTCAACGT-1,GSM5613776_2020-08-26-Control4003-c3,0,low_single_type,1,0,0,,,0
GSM5613776_2020-08-26-Control4003-c3_GAACACTCACGGCACT-1,GSM5613776_2020-08-26-Control4003-c3,0,low_single_type,1,0,0,,,0
GSM5613776_2020-08-26-Control4003-c3_GAACACTGTCTTGCGG-1,GSM5613776_2020-08-26-Control4003-c3,0,low_single_type,1,0,0,,,0
GSM5613776_2020-08-26-Control4003-c3_GAACGTTCATCGCTGG-1,GSM5613776_2020-08-26-Control4003-c3,0,low_single_type,1,0,0,,,0
GSM5613776_2020-08-26-Control4003-c3_GAACTGTAGAGTGTTA-1,GSM5613776_2020-08-26-Control4003-c3,1,low_single_type,1,1,1,,,1
GSM5613776_2020-08-26-Control4003-c3_GAACTGTGTATTCTCT-1,GSM5613776_2020-08-26-Control4003-c3,0,low_single_type,1,0,0,,,0
GSM5613776_2020-08-26-Control4003-c3_GAAGCCCAGAGTCCGA-1,GSM5613776_2020-08-26-Control4003-c3,1,low_single_type,1,1,1,,,1
GSM5613776_2020-08-26-Control4003-c3_GAAGCGAGTGAGTCAG-1,GSM5613776_2020-08-26-Control4003-c3,0,low_single_type,1,0,0,,,0
GSM5613776_2020-08-26-Control4003-c3_GAAGGGTAGCTCTTCC-1,GSM5613776_2020-08-26-Control4003-c3,0,low_single_type,1,0,0,,,0
GSM5613776_2020-08-26-Control4003-c3_GAAGGGTCATTCAGCA-1,GSM5613776_2020-08-26-Control4003-c3,0,low_single_type,1,0,0,,,0
GSM5613776_2020-08-26-Control4003-c3_GAAGGGTTCCCATTCG-1,GSM5613776_2020-08-26-Control4003-c3,0,low_single_type,1,0,0,,,0
GSM5613776_2020-08-26-Control4003-c3_GAAGTAACAGACCTGC-1,GSM5613776_2020-08-26-Control4003-c3,0,low_single_type,1,0,0,,,0
GSM5613776_2020-08-26-Control4003-c3_GAAGTAAGTTACCGTA-1,GSM5613776_2020-08-26-Control4003-c3,0,low_single_type,1,0,0,,,0
GSM5613776_2020-08-26-Control4003-c3_GAATAGACAAAGGCAC-1,GSM5613776_2020-08-26-Control4003-c3,0,low_single_type,1,0,0,,,0
GSM5613776_2020-08-26-Control4003-c3_GAATAGACACATTGTG-1,GSM5613776_2020-08-26-Control4003-c3,0,low_single_type,1,0,0,,,0
GSM5613776_2020-08-26-Control4003-c3_GAATAGACATTCATCT-1,GSM5613776_2020-08-26-Control4003-c3,1,low_single_type,1,1,1,,,1
GSM5613776_2020-08-26-Control4003-c3_GAATAGAGTCATACCA-1,GSM5613776_2020-08-26-Control4003-c3,0,low_single_type,1,0,0,,,0
GSM5613776_2020-08-26-Control4003-c3_GAATCACAGTAGGGTC-1,GSM5613776_2020-08-26-Control4003-c3,0,low_single_type,1,0,0,,,0
GSM5613776_2020-08-26-Control4003-c3_GACACGCCAAAGAACT-1,GSM5613776_2020-08-26-Control4003-c3,0,low_single_type,1,0,0,,,0
GSM5613776_2020-08-26-Control4003-c3_GACACGCTCACGGGAA-1,GSM5613776_2020-08-26-Control4003-c3,1,low_single_type,1,1,1,,,1
GSM5613776_2020-08-26-Control4003-c3_GACAGCCAGCTTGTTG-1,GSM5613776_2020-08-26-Control4003-c3,0,low_single_type,1,0,0,,,0
GSM5613776_2020-08-26-Control4003-c3_GACAGCCGTCCAGTTA-1,GSM5613776_2020-08-26-Control4003-c3,1,low_single_type,1,1,1,,,1
GSM5613776_2020-08-26-Control4003-c3_GACCAATAGGTCATAA-1,GSM5613776_2020-08-26-Control4003-c3,0,low_single_type,1,0,0,,,0
GSM5613776_2020-08-26-Control4003-c3_GACCAATGTCATAACC-1,GSM5613776_2020-08-26-Control4003-c3,0,low_single_type,1,0,0,,,0
GSM5613776_2020-08-26-Control4003-c3_GACCAATGTGAATATG-1,GSM5613776_2020-08-26-Control4003-c3,0,low_single_type,1,0,0,,,0
GSM5613776_2020-08-26-Control4003-c3_GACCAATTCTGCGATA-1,GSM5613776_2020-08-26-Control4003-c3,0,low_single_type,1,0,0,,,0
GSM5613776_2020-08-26-Control4003-c3_GACCCAGTCGCTGCGA-1,GSM5613776_2020-08-26-Control4003-c3,0,low_single_type,1,0,0,,,0
GSM5613776_2020-08-26-Control4003-c3_GACCCTTAGAGCAGTC-1,GSM5613776_2020-08-26-Control4003-c3,0,low_single_type,1,0,0,,,0
GSM5613776_2020-08-26-Control4003-c3_GACCCTTCAGTTTCGA-1,GSM5613776_2020-08-26-Control4003-c3,0,low_single_type,1,0,0,,,0
GSM5613776_2020-08-26-Control4003-c3_GACCCTTCATGGACAG-1,GSM5613776_2020-08-26-Control4003-c3,0,low_single_type,1,0,0,,,0
GSM5613776_2020-08-26-Control4003-c3_GACCCTTTCTTCTCAA-1,GSM5613776_2020-08-26-Control4003-c3,0,low_single_type,1,0,0,,,0
GSM5613776_2020-08-26-Control4003-c3_GACCGTGAGTCACTGT-1,GSM5613776_2020-08-26-Control4003-c3,0,low_single_type,1,0,0,,,0
GSM5613776_2020-08-26-Control4003-c3_GACCTTCTCATGCAGT-1,GSM5613776_2020-08-26-Control4003-c3,0,low_single_type,1,0,0,,,0
GSM5613776_2020-08-26-Control4003-c3_GACCTTCTCGCAGTGC-1,GSM5613776_2020-08-26-Control4003-c3,0,low_single_type,1,0,0,,,0
GSM5613776_2020-08-26-Control4003-c3_GACGCTGAGAATAACC-1,GSM5613776_2020-08-26-Control4003-c3,0,low_single_type,1,0,0,,,0
GSM5613776_2020-08-26-Control4003-c3_GACGCTGTCTCTGAGA-1,GSM5613776_2020-08-26-Control4003-c3,0,low_single_type,1,0,0,,,0
GSM5613776_2020-08-26-Control4003-c3_GACGTTAAGATCGCCC-1,GSM5613776_2020-08-26-Control4003-c3,0,low_single_type,1,0,0,,,0
GSM5613776_2020-08-26-Control4003-c3_GACTATGAGAACTGAT-1,GSM5613776_2020-08-26-Control4003-c3,0,low_single_type,1,0,0,,,0
GSM5613776_2020-08-26-Control4003-c3_GACTATGAGTCACTCA-1,GSM5613776_2020-08-26-Control4003-c3,0,low_single_type,1,0,0,,,0
GSM5613776_2020-08-26-Control4003-c3_GACTATGCAGGTTCAT-1,GSM5613776_2020-08-26-Control4003-c3,0,low_single_type,1,0,0,,,0
GSM5613776_2020-08-26-Control4003-c3_GACTATGGTTTCTTAC-1,GSM5613776_2020-08-26-Control4003-c3,0,low_single_type,1,0,0,,,0
GSM5613776_2020-08-26-Control4003-c3_GACTATGTCAGCACCG-1,GSM5613776_2020-08-26-Control4003-c3,0,low_single_type,1,0,0,,,0
GSM5613776_2020-08-26-Control4003-c3_GACTCTCCATCAGCTA-1,GSM5613776_2020-08-26-Control4003-c3,0,low_single_type,1,0,0,,,0
GSM5613776_2020-08-26-Control4003-c3_GACTCTCGTGGCTCTG-1,GSM5613776_2020-08-26-Control4003-c3,0,low_single_type,1,0,0,,,0
GSM5613776_2020-08-26-Control4003-c3_GACTCTCTCACCTTAT-1,GSM5613776_2020-08-26-Control4003-c3,1,low_single_type,1,1,1,,,1
GSM5613776_2020-08-26-Control4003-c3_GACTCTCTCCTCCACA-1,GSM5613776_2020-08-26-Control4003-c3,0,low_single_type,1,0,0,,,0
GSM5613776_2020-08-26-Control4003-c3_GACTGATAGCTGTACT-1,GSM5613776_2020-08-26-Control4003-c3,0,low_single_type,1,0,0,,,0
GSM5613776_2020-08-26-Control4003-c3_GACTGATGTGGATCAG-1,GSM5613776_2020-08-26-Control4003-c3,0,low_single_type,1,0,0,,,0
GSM5613776_2020-08-26-Control4003-c3_GACTTCCAGCCAAGGT-1,GSM5613776_2020-08-26-Control4003-c3,0,low_single_type,1,0,0,,,0
GSM5613776_2020-08-26-Control4003-c3_GACTTCCCACGTAACT-1,GSM5613776_2020-08-26-Control4003-c3,0,low_single_type,1,0,0,,,0
GSM5613776_2020-08-26-Control4003-c3_GAGAAATGTGTTCGAT-1,GSM5613776_2020-08-26-Control4003-c3,0,low_single_type,1,0,0,,,0
GSM5613776_2020-08-26-Control4003-c3_GAGAAATTCGAGCCTG-1,GSM5613776_2020-08-26-Control4003-c3,1,low_single_type,1,1,1,,,1
GSM5613776_2020-08-26-Control4003-c3_GAGACCCCAGGAATAT-1,GSM5613776_2020-08-26-Control4003-c3,0,low_single_type,1,0,0,,,0
GSM5613776_2020-08-26-Control4003-c3_GAGACCCCAGTGGCTC-1,GSM5613776_2020-08-26-Control4003-c3,0,low_single_type,1,0,0,,,0
GSM5613776_2020-08-26-Control4003-c3_GAGACTTAGACCTCAT-1,GSM5613776_2020-08-26-Control4003-c3,1,low_single_type,1,1,1,,,1
GSM5613776_2020-08-26-Control4003-c3_GAGACTTTCACTGCTC-1,GSM5613776_2020-08-26-Control4003-c3,0,low_single_type,1,0,0,,,0
GSM5613776_2020-08-26-Control4003-c3_GAGACTTTCCGTAGGC-1,GSM5613776_2020-08-26-Control4003-c3,0,low_single_type,1,0,0,,,0
GSM5613776_2020-08-26-Control4003-c3_GAGATGGGTAACGGTG-1,GSM5613776_2020-08-26-Control4003-c3,0,low_single_type,1,0,0,,,0
GSM5613776_2020-08-26-Control4003-c3_GAGATGGGTTGACGGA-1,GSM5613776_2020-08-26-Control4003-c3,0,low_single_type,1,0,0,,,0
GSM5613776_2020-08-26-Control4003-c3_GAGCTGCAGGGAGGCA-1,GSM5613776_2020-08-26-Control4003-c3,0,low_single_type,1,0,0,,,0
GSM5613776_2020-08-26-Control4003-c3_GAGGCAAAGAGTCGAC-1,GSM5613776_2020-08-26-Control4003-c3,0,low_single_type,1,0,0,,,0
GSM5613776_2020-08-26-Control4003-c3_GAGGCCTAGAGTCAAT-1,GSM5613776_2020-08-26-Control4003-c3,0,low_single_type,1,0,0,,,0
GSM5613776_2020-08-26-Control4003-c3_GAGGGATGTCGCTTAA-1,GSM5613776_2020-08-26-Control4003-c3,0,low_single_type,1,0,0,,,0
GSM5613776_2020-08-26-Control4003-c3_GAGGGTACATGATGCT-1,GSM5613776_2020-08-26-Control4003-c3,0,low_single_type,1,0,0,,,0
GSM5613776_2020-08-26-Control4003-c3_GAGGGTAGTAGATTAG-1,GSM5613776_2020-08-26-Control4003-c3,0,low_single_type,1,0,0,,,0
GSM5613776_2020-08-26-Control4003-c3_GAGGGTATCCCATAAG-1,GSM5613776_2020-08-26-Control4003-c3,0,low_single_type,1,0,0,,,0
GSM5613776_2020-08-26-Control4003-c3_GAGTCATCACCTCTGT-1,GSM5613776_2020-08-26-Control4003-c3,0,low_single_type,1,0,0,,,0
GSM5613776_2020-08-26-Control4003-c3_GAGTCATGTGAAGCTG-1,GSM5613776_2020-08-26-Control4003-c3,0,low_single_type,1,0,0,,,0
GSM5613776_2020-08-26-Control4003-c3_GAGTCTACACTCCCTA-1,GSM5613776_2020-08-26-Control4003-c3,0,low_single_type,1,0,0,,,0
GSM5613776_2020-08-26-Control4003-c3_GAGTGAGCACGCTGCA-1,GSM5613776_2020-08-26-Control4003-c3,0,low_single_type,1,0,0,,,0
GSM5613776_2020-08-26-Control4003-c3_GAGTGAGGTACTTGTG-1,GSM5613776_2020-08-26-Control4003-c3,0,low_single_type,1,0,0,,,0
GSM5613776_2020-08-26-Control4003-c3_GAGTGAGGTCACTTAG-1,GSM5613776_2020-08-26-Control4003-c3,0,low_single_type,1,0,0,,,0
GSM5613776_2020-08-26-Control4003-c3_GAGTGAGGTGCGCTCA-1,GSM5613776_2020-08-26-Control4003-c3,0,low_single_type,1,0,0,,,0
GSM5613776_2020-08-26-Control4003-c3_GAGTGTTCAAACTGCT-1,GSM5613776_2020-08-26-Control4003-c3,0,low_single_type,1,0,0,,,0
GSM5613776_2020-08-26-Control4003-c3_GAGTTGTGTCTACGTA-1,GSM5613776_2020-08-26-Control4003-c3,0,low_single_type,1,0,0,,,0
GSM5613776_2020-08-26-Control4003-c3_GAGTTTGCAATACCTG-1,GSM5613776_2020-08-26-Control4003-c3,0,low_single_type,1,0,0,,,0
GSM5613776_2020-08-26-Control4003-c3_GATAGAACAATTGGTC-1,GSM5613776_2020-08-26-Control4003-c3,0,low_single_type,1,0,0,,,0
GSM5613776_2020-08-26-Control4003-c3_GATAGAAGTAGAGGAA-1,GSM5613776_2020-08-26-Control4003-c3,0,low_single_type,1,0,0,,,0
GSM5613776_2020-08-26-Control4003-c3_GATAGAAGTCTGTGCG-1,GSM5613776_2020-08-26-Control4003-c3,0,low_single_type,1,0,0,,,0
GSM5613776_2020-08-26-Control4003-c3_GATAGAATCTTCCGTG-1,GSM5613776_2020-08-26-Control4003-c3,0,low_single_type,1,0,0,,,0
GSM5613776_2020-08-26-Control4003-c3_GATCACAAGACAGCTG-1,GSM5613776_2020-08-26-Control4003-c3,0,low_single_type,1,0,0,,,0
GSM5613776_2020-08-26-Control4003-c3_GATCACAGTGGCTACC-1,GSM5613776_2020-08-26-Control4003-c3,0,low_single_type,1,0,0,,,0
GSM5613776_2020-08-26-Control4003-c3_GATCACATCGAGCCTG-1,GSM5613776_2020-08-26-Control4003-c3,0,low_single_type,1,0,0,,,0
GSM5613776_2020-08-26-Control4003-c3_GATCAGTCAAACACGG-1,GSM5613776_2020-08-26-Control4003-c3,0,low_single_type,1,0,0,,,0
GSM5613776_2020-08-26-Control4003-c3_GATCAGTTCTCTGGTC-1,GSM5613776_2020-08-26-Control4003-c3,1,low_single_type,1,1,1,,,1
GSM5613776_2020-08-26-Control4003-c3_GATCATGAGCTGTTAC-1,GSM5613776_2020-08-26-Control4003-c3,1,low_single_type,1,1,1,,,1
GSM5613776_2020-08-26-Control4003-c3_GATCATGAGGGACAGG-1,GSM5613776_2020-08-26-Control4003-c3,0,low_single_type,1,0,0,,,0
GSM5613776_2020-08-26-Control4003-c3_GATCATGTCAAGCTGT-1,GSM5613776_2020-08-26-Control4003-c3,0,low_single_type,1,0,0,,,0
GSM5613776_2020-08-26-Control4003-c3_GATCCCTAGACCATTC-1,GSM5613776_2020-08-26-Control4003-c3,0,low_single_type,1,0,0,,,0
GSM5613776_2020-08-26-Control4003-c3_GATCCCTGTGTAAATG-1,GSM5613776_2020-08-26-Control4003-c3,0,low_single_type,1,0,0,,,0
GSM5613776_2020-08-26-Control4003-c3_GATCCCTTCCCGAACG-1,GSM5613776_2020-08-26-Control4003-c3,0,low_single_type,1,0,0,,,0
GSM5613776_2020-08-26-Control4003-c3_GATCGTAGTTCTCCAC-1,GSM5613776_2020-08-26-Control4003-c3,0,low_single_type,1,0,0,,,0
GSM5613776_2020-08-26-Control4003-c3_GATCGTATCGATTTCT-1,GSM5613776_2020-08-26-Control4003-c3,0,low_single_type,1,0,0,,,0
GSM5613776_2020-08-26-Control4003-c3_GATGACTGTGTTAGCT-1,GSM5613776_2020-08-26-Control4003-c3,0,low_single_type,1,0,0,,,0
GSM5613776_2020-08-26-Control4003-c3_GATGATCGTACCCACG-1,GSM5613776_2020-08-26-Control4003-c3,0,low_single_type,1,0,0,,,0
GSM5613776_2020-08-26-Control4003-c3_GATGATCTCGCCATAA-1,GSM5613776_2020-08-26-Control4003-c3,0,low_single_type,1,0,0,,,0
GSM5613776_2020-08-26-Control4003-c3_GATGCTACAGACAAGC-1,GSM5613776_2020-08-26-Control4003-c3,0,low_single_type,1,0,0,,,0
GSM5613776_2020-08-26-Control4003-c3_GATGCTACAGTCGGTC-1,GSM5613776_2020-08-26-Control4003-c3,0,low_single_type,1,0,0,,,0
GSM5613776_2020-08-26-Control4003-c3_GATGCTATCGTTCCTG-1,GSM5613776_2020-08-26-Control4003-c3,0,low_single_type,1,0,0,,,0
GSM5613776_2020-08-26-Control4003-c3_GATGGAGAGATGTTAG-1,GSM5613776_2020-08-26-Control4003-c3,0,low_single_type,1,0,0,,,0
GSM5613776_2020-08-26-Control4003-c3_GATGGAGCATGACGAG-1,GSM5613776_2020-08-26-Control4003-c3,0,low_single_type,1,0,0,,,0
GSM5613776_2020-08-26-Control4003-c3_GATGGAGGTCCTTTGC-1,GSM5613776_2020-08-26-Control4003-c3,0,low_single_type,1,0,0,,,0
GSM5613776_2020-08-26-Control4003-c3_GATGTTGAGCCGATTT-1,GSM5613776_2020-08-26-Control4003-c3,0,low_single_type,1,0,0,,,0
GSM5613776_2020-08-26-Control4003-c3_GATGTTGAGCGGTATG-1,GSM5613776_2020-08-26-Control4003-c3,0,low_single_type,1,0,0,,,0
GSM5613776_2020-08-26-Control4003-c3_GATGTTGAGTACGTCT-1,GSM5613776_2020-08-26-Control4003-c3,0,low_single_type,1,0,0,,,0
GSM5613776_2020-08-26-Control4003-c3_GATGTTGTCTATCGGA-1,GSM5613776_2020-08-26-Control4003-c3,1,low_single_type,1,1,1,,,1
GSM5613776_2020-08-26-Control4003-c3_GATTCGACAGAACGCA-1,GSM5613776_2020-08-26-Control4003-c3,0,low_single_type,1,0,0,,,0
GSM5613776_2020-08-26-Control4003-c3_GATTCGAGTTGCCATA-1,GSM5613776_2020-08-26-Control4003-c3,0,low_single_type,1,0,0,,,0
GSM5613776_2020-08-26-Control4003-c3_GATTCTTGTAATACCC-1,GSM5613776_2020-08-26-Control4003-c3,0,low_single_type,1,0,0,,,0
GSM5613776_2020-08-26-Control4003-c3_GATTCTTGTGTCTTGA-1,GSM5613776_2020-08-26-Control4003-c3,0,low_single_type,1,0,0,,,0
GSM5613776_2020-08-26-Control4003-c3_GATTCTTTCATAGCAC-1,GSM5613776_2020-08-26-Control4003-c3,0,low_single_type,1,0,0,,,0
GSM5613776_2020-08-26-Control4003-c3_GATTGGTAGTTTGTCG-1,GSM5613776_2020-08-26-Control4003-c3,0,low_single_type,1,0,0,,,0
GSM5613776_2020-08-26-Control4003-c3_GATTGGTCACGGAAGT-1,GSM5613776_2020-08-26-Control4003-c3,1,low_single_type,1,1,1,,,1
GSM5613776_2020-08-26-Control4003-c3_GATTGGTGTACTCGTA-1,GSM5613776_2020-08-26-Control4003-c3,0,low_single_type,1,0,0,,,0
GSM5613776_2020-08-26-Control4003-c3_GATTGGTTCCAAGGGA-1,GSM5613776_2020-08-26-Control4003-c3,1,low_single_type,1,1,1,,,1
GSM5613776_2020-08-26-Control4003-c3_GATTTCTAGACCAGAC-1,GSM5613776_2020-08-26-Control4003-c3,1,low_single_type,1,1,1,,,1
GSM5613776_2020-08-26-Control4003-c3_GATTTCTCACGGTGCT-1,GSM5613776_2020-08-26-Control4003-c3,0,low_single_type,1,0,0,,,0
GSM5613776_2020-08-26-Control4003-c3_GATTTCTTCGGCCTTT-1,GSM5613776_2020-08-26-Control4003-c3,0,low_single_type,1,0,0,,,0
GSM5613776_2020-08-26-Control4003-c3_GATTTCTTCGTTCTAT-1,GSM5613776_2020-08-26-Control4003-c3,0,low_single_type,1,0,0,,,0
GSM5613776_2020-08-26-Control4003-c3_GCAACATAGAATCGAT-1,GSM5613776_2020-08-26-Control4003-c3,0,low_single_type,1,0,0,,,0
GSM5613776_2020-08-26-Control4003-c3_GCAACATGTTAGGCCC-1,GSM5613776_2020-08-26-Control4003-c3,0,low_single_type,1,0,0,,,0
GSM5613776_2020-08-26-Control4003-c3_GCAACATGTTGCGTAT-1,GSM5613776_2020-08-26-Control4003-c3,0,low_single_type,1,0,0,,,0
GSM5613776_2020-08-26-Control4003-c3_GCAACCGAGCTACAAA-1,GSM5613776_2020-08-26-Control4003-c3,0,low_single_type,1,0,0,,,0
GSM5613776_2020-08-26-Control4003-c3_GCACATAGTAGGTTTC-1,GSM5613776_2020-08-26-Control4003-c3,0,low_single_type,1,0,0,,,0
GSM5613776_2020-08-26-Control4003-c3_GCACATAGTGACTGTT-1,GSM5613776_2020-08-26-Control4003-c3,0,low_single_type,1,0,0,,,0
GSM5613776_2020-08-26-Control4003-c3_GCACATAGTTTGCCGG-1,GSM5613776_2020-08-26-Control4003-c3,1,low_single_type,1,1,1,,,1
GSM5613776_2020-08-26-Control4003-c3_GCACGGTCATGAATAG-1,GSM5613776_2020-08-26-Control4003-c3,0,low_single_type,1,0,0,,,0
GSM5613776_2020-08-26-Control4003-c3_GCACGTGCATCTCGTC-1,GSM5613776_2020-08-26-Control4003-c3,0,low_single_type,1,0,0,,,0
GSM5613776_2020-08-26-Control4003-c3_GCACGTGTCTGTGCAA-1,GSM5613776_2020-08-26-Control4003-c3,0,low_single_type,1,0,0,,,0
GSM5613776_2020-08-26-Control4003-c3_GCACTAAAGCAGTAAT-1,GSM5613776_2020-08-26-Control4003-c3,0,low_single_type,1,0,0,,,0
GSM5613776_2020-08-26-Control4003-c3_GCACTAAGTTCCTAGA-1,GSM5613776_2020-08-26-Control4003-c3,0,low_single_type,1,0,0,,,0
GSM5613776_2020-08-26-Control4003-c3_GCAGCCAGTGCATTTG-1,GSM5613776_2020-08-26-Control4003-c3,0,low_single_type,1,0,0,,,0
GSM5613776_2020-08-26-Control4003-c3_GCAGCCAGTGTATCCA-1,GSM5613776_2020-08-26-Control4003-c3,0,low_single_type,1,0,0,,,0
GSM5613776_2020-08-26-Control4003-c3_GCAGCTGAGAAGCTGC-1,GSM5613776_2020-08-26-Control4003-c3,0,low_single_type,1,0,0,,,0
GSM5613776_2020-08-26-Control4003-c3_GCAGCTGAGTTGGAGC-1,GSM5613776_2020-08-26-Control4003-c3,1,low_single_type,1,1,1,,,1
GSM5613776_2020-08-26-Control4003-c3_GCAGCTGGTCCTTTGC-1,GSM5613776_2020-08-26-Control4003-c3,0,low_single_type,1,0,0,,,0
GSM5613776_2020-08-26-Control4003-c3_GCAGCTGTCACCGACG-1,GSM5613776_2020-08-26-Control4003-c3,0,low_single_type,1,0,0,,,0
GSM5613776_2020-08-26-Control4003-c3_GCAGCTGTCAGACAAA-1,GSM5613776_2020-08-26-Control4003-c3,0,low_single_type,1,0,0,,,0
GSM5613776_2020-08-26-Control4003-c3_GCAGGCTAGCTGGTGA-1,GSM5613776_2020-08-26-Control4003-c3,0,low_single_type,1,0,0,,,0
GSM5613776_2020-08-26-Control4003-c3_GCAGTTACAGGGATAC-1,GSM5613776_2020-08-26-Control4003-c3,1,low_single_type,1,1,1,,,1
GSM5613776_2020-08-26-Control4003-c3_GCAGTTATCCTGTTGC-1,GSM5613776_2020-08-26-Control4003-c3,0,low_single_type,1,0,0,,,0
GSM5613776_2020-08-26-Control4003-c3_GCATCTCTCGCATAGT-1,GSM5613776_2020-08-26-Control4003-c3,0,low_single_type,1,0,0,,,0
GSM5613776_2020-08-26-Control4003-c3_GCATGATAGCACTAGG-1,GSM5613776_2020-08-26-Control4003-c3,0,low_single_type,1,0,0,,,0
GSM5613776_2020-08-26-Control4003-c3_GCATGATCATTACGGT-1,GSM5613776_2020-08-26-Control4003-c3,0,low_single_type,1,0,0,,,0
GSM5613776_2020-08-26-Control4003-c3_GCATGATGTTTCGCTC-1,GSM5613776_2020-08-26-Control4003-c3,0,low_single_type,1,0,0,,,0
GSM5613776_2020-08-26-Control4003-c3_GCCAACGAGCATCAGG-1,GSM5613776_2020-08-26-Control4003-c3,0,low_single_type,1,0,0,,,0
GSM5613776_2020-08-26-Control4003-c3_GCCAACGAGCGTATGG-1,GSM5613776_2020-08-26-Control4003-c3,0,low_single_type,1,0,0,,,0
GSM5613776_2020-08-26-Control4003-c3_GCCAGCAAGAGTCTTC-1,GSM5613776_2020-08-26-Control4003-c3,0,low_single_type,1,0,0,,,0
GSM5613776_2020-08-26-Control4003-c3_GCCAGCAAGTTGTAAG-1,GSM5613776_2020-08-26-Control4003-c3,1,low_single_type,1,1,1,,,1
GSM5613776_2020-08-26-Control4003-c3_GCCAGCACAATAGTCC-1,GSM5613776_2020-08-26-Control4003-c3,0,low_single_type,1,0,0,,,0
GSM5613776_2020-08-26-Control4003-c3_GCCAGCACAGTCAGAG-1,GSM5613776_2020-08-26-Control4003-c3,0,low_single_type,1,0,0,,,0
GSM5613776_2020-08-26-Control4003-c3_GCCAGGTCACTGTTCC-1,GSM5613776_2020-08-26-Control4003-c3,0,low_single_type,1,0,0,,,0
GSM5613776_2020-08-26-Control4003-c3_GCCAGGTGTCGGCACT-1,GSM5613776_2020-08-26-Control4003-c3,0,low_single_type,1,0,0,,,0
GSM5613776_2020-08-26-Control4003-c3_GCCATGGCATTCTCTA-1,GSM5613776_2020-08-26-Control4003-c3,0,low_single_type,1,0,0,,,0
GSM5613776_2020-08-26-Control4003-c3_GCCATGGGTTGCCAAT-1,GSM5613776_2020-08-26-Control4003-c3,1,low_single_type,1,1,1,,,1
GSM5613776_2020-08-26-Control4003-c3_GCCATGGTCGTGTTCC-1,GSM5613776_2020-08-26-Control4003-c3,0,low_single_type,1,0,0,,,0
GSM5613776_2020-08-26-Control4003-c3_GCCATTCGTGTCCGGT-1,GSM5613776_2020-08-26-Control4003-c3,1,low_single_type,1,1,1,,,1
GSM5613776_2020-08-26-Control4003-c3_GCCCAGATCGCGTGCA-1,GSM5613776_2020-08-26-Control4003-c3,0,low_single_type,1,0,0,,,0
GSM5613776_2020-08-26-Control4003-c3_GCCCGAAAGTTGTACC-1,GSM5613776_2020-08-26-Control4003-c3,0,low_single_type,1,0,0,,,0
GSM5613776_2020-08-26-Control4003-c3_GCCCGAAGTGTCGATT-1,GSM5613776_2020-08-26-Control4003-c3,0,low_single_type,1,0,0,,,0
GSM5613776_2020-08-26-Control4003-c3_GCCGATGTCATTTCCA-1,GSM5613776_2020-08-26-Control4003-c3,0,low_single_type,1,0,0,,,0
GSM5613776_2020-08-26-Control4003-c3_GCCGTGAGTGTCATTG-1,GSM5613776_2020-08-26-Control4003-c3,1,low_single_type,1,1,1,,,1
GSM5613776_2020-08-26-Control4003-c3_GCCTGTTCAACACAGG-1,GSM5613776_2020-08-26-Control4003-c3,0,low_single_type,1,0,0,,,0
GSM5613776_2020-08-26-Control4003-c3_GCGAGAAAGTATAGAC-1,GSM5613776_2020-08-26-Control4003-c3,0,low_single_type,1,0,0,,,0
GSM5613776_2020-08-26-Control4003-c3_GCGAGAACATAAGCAA-1,GSM5613776_2020-08-26-Control4003-c3,0,low_single_type,1,0,0,,,0
GSM5613776_2020-08-26-Control4003-c3_GCGAGAAGTTCGTTCC-1,GSM5613776_2020-08-26-Control4003-c3,0,low_single_type,1,0,0,,,0
GSM5613776_2020-08-26-Control4003-c3_GCGATCGCAAGCCCAC-1,GSM5613776_2020-08-26-Control4003-c3,0,low_single_type,1,0,0,,,0
GSM5613776_2020-08-26-Control4003-c3_GCGATCGCACGCCAGT-1,GSM5613776_2020-08-26-Control4003-c3,0,low_single_type,1,0,0,,,0
GSM5613776_2020-08-26-Control4003-c3_GCGGAAACAGGTTACT-1,GSM5613776_2020-08-26-Control4003-c3,0,low_single_type,1,0,0,,,0
GSM5613776_2020-08-26-Control4003-c3_GCGGATCAGCGCCTAC-1,GSM5613776_2020-08-26-Control4003-c3,0,low_single_type,1,0,0,,,0
GSM5613776_2020-08-26-Control4003-c3_GCGGATCGTCGAGTGA-1,GSM5613776_2020-08-26-Control4003-c3,0,low_single_type,1,0,0,,,0
GSM5613776_2020-08-26-Control4003-c3_GCGTGCAAGTTTCGAC-1,GSM5613776_2020-08-26-Control4003-c3,0,low_single_type,1,0,0,,,0
GSM5613776_2020-08-26-Control4003-c3_GCGTTTCAGGTAGCCA-1,GSM5613776_2020-08-26-Control4003-c3,0,low_single_type,1,0,0,,,0
GSM5613776_2020-08-26-Control4003-c3_GCGTTTCTCTTCCCGA-1,GSM5613776_2020-08-26-Control4003-c3,0,low_single_type,1,0,0,,,0
GSM5613776_2020-08-26-Control4003-c3_GCTACAAAGCCTAGGA-1,GSM5613776_2020-08-26-Control4003-c3,1,low_single_type,1,1,1,,,1
GSM5613776_2020-08-26-Control4003-c3_GCTACAAAGTAGTCCT-1,GSM5613776_2020-08-26-Control4003-c3,0,low_single_type,1,0,0,,,0
GSM5613776_2020-08-26-Control4003-c3_GCTACAAGTACTCAAC-1,GSM5613776_2020-08-26-Control4003-c3,0,low_single_type,1,0,0,,,0
GSM5613776_2020-08-26-Control4003-c3_GCTACAATCGAGATGG-1,GSM5613776_2020-08-26-Control4003-c3,0,low_single_type,1,0,0,,,0
GSM5613776_2020-08-26-Control4003-c3_GCTACCTAGACCAGAC-1,GSM5613776_2020-08-26-Control4003-c3,0,low_single_type,1,0,0,,,0
GSM5613776_2020-08-26-Control4003-c3_GCTACCTAGGATTTCC-1,GSM5613776_2020-08-26-Control4003-c3,0,low_single_type,1,0,0,,,0
GSM5613776_2020-08-26-Control4003-c3_GCTCAAATCACTAGCA-1,GSM5613776_2020-08-26-Control4003-c3,0,low_single_type,1,0,0,,,0
GSM5613776_2020-08-26-Control4003-c3_GCTGAATGTGAGTCAG-1,GSM5613776_2020-08-26-Control4003-c3,0,low_single_type,1,0,0,,,0
GSM5613776_2020-08-26-Control4003-c3_GCTGCAGAGGACAGCT-1,GSM5613776_2020-08-26-Control4003-c3,0,low_single_type,1,0,0,,,0
GSM5613776_2020-08-26-Control4003-c3_GCTGCAGAGTACAACA-1,GSM5613776_2020-08-26-Control4003-c3,0,low_single_type,1,0,0,,,0
GSM5613776_2020-08-26-Control4003-c3_GCTGCAGAGTATGACA-1,GSM5613776_2020-08-26-Control4003-c3,0,low_single_type,1,0,0,,,0
GSM5613776_2020-08-26-Control4003-c3_GCTGCAGAGTCCCAGC-1,GSM5613776_2020-08-26-Control4003-c3,0,low_single_type,1,0,0,,,0
GSM5613776_2020-08-26-Control4003-c3_GCTGGGTGTGCGGTAA-1,GSM5613776_2020-08-26-Control4003-c3,0,low_single_type,1,0,0,,,0
GSM5613776_2020-08-26-Control4003-c3_GCTGGGTTCCGCACGA-1,GSM5613776_2020-08-26-Control4003-c3,0,low_single_type,1,0,0,,,0
GSM5613776_2020-08-26-Control4003-c3_GCTTCACGTTCCCACT-1,GSM5613776_2020-08-26-Control4003-c3,1,low_single_type,1,1,1,,,1
GSM5613776_2020-08-26-Control4003-c3_GCTTGGGGTACAGTTC-1,GSM5613776_2020-08-26-Control4003-c3,1,low_single_type,1,1,1,,,1
GSM5613776_2020-08-26-Control4003-c3_GCTTTCGCAGCGAGTA-1,GSM5613776_2020-08-26-Control4003-c3,0,low_single_type,1,0,0,,,0
GSM5613776_2020-08-26-Control4003-c3_GGAACCCAGCGTATAA-1,GSM5613776_2020-08-26-Control4003-c3,0,low_single_type,1,0,0,,,0
GSM5613776_2020-08-26-Control4003-c3_GGAACCCCATCCGAGC-1,GSM5613776_2020-08-26-Control4003-c3,0,low_single_type,1,0,0,,,0
GSM5613776_2020-08-26-Control4003-c3_GGAATCTCAAATTGCC-1,GSM5613776_2020-08-26-Control4003-c3,0,low_single_type,1,0,0,,,0
GSM5613776_2020-08-26-Control4003-c3_GGAATCTCAGCTGAGA-1,GSM5613776_2020-08-26-Control4003-c3,0,low_single_type,1,0,0,,,0
GSM5613776_2020-08-26-Control4003-c3_GGAATCTTCGATTCCC-1,GSM5613776_2020-08-26-Control4003-c3,0,low_single_type,1,0,0,,,0
GSM5613776_2020-08-26-Control4003-c3_GGAATGGCACGTCGGT-1,GSM5613776_2020-08-26-Control4003-c3,0,low_single_type,1,0,0,,,0
GSM5613776_2020-08-26-Control4003-c3_GGAATGGCAGGTATGG-1,GSM5613776_2020-08-26-Control4003-c3,0,low_single_type,1,0,0,,,0
GSM5613776_2020-08-26-Control4003-c3_GGAATGGCATCCCGTT-1,GSM5613776_2020-08-26-Control4003-c3,0,low_single_type,1,0,0,,,0
GSM5613776_2020-08-26-Control4003-c3_GGACGTCGTTCTTGTT-1,GSM5613776_2020-08-26-Control4003-c3,0,low_single_type,1,0,0,,,0
GSM5613776_2020-08-26-Control4003-c3_GGACGTCTCCTAAACG-1,GSM5613776_2020-08-26-Control4003-c3,0,low_single_type,1,0,0,,,0
GSM5613776_2020-08-26-Control4003-c3_GGAGAACAGACCTCCG-1,GSM5613776_2020-08-26-Control4003-c3,0,low_single_type,1,0,0,,,0
GSM5613776_2020-08-26-Control4003-c3_GGAGATGTCCCTCTAG-1,GSM5613776_2020-08-26-Control4003-c3,0,low_single_type,1,0,0,,,0
GSM5613776_2020-08-26-Control4003-c3_GGAGCAACAGTGCCTG-1,GSM5613776_2020-08-26-Control4003-c3,0,low_single_type,1,0,0,,,0
GSM5613776_2020-08-26-Control4003-c3_GGAGCAAGTAGCTTGT-1,GSM5613776_2020-08-26-Control4003-c3,0,low_single_type,1,0,0,,,0
GSM5613776_2020-08-26-Control4003-c3_GGAGCAAGTCAGTCTA-1,GSM5613776_2020-08-26-Control4003-c3,0,low_single_type,1,0,0,,,0
GSM5613776_2020-08-26-Control4003-c3_GGAGCAAGTCCTCCAT-1,GSM5613776_2020-08-26-Control4003-c3,0,low_single_type,1,0,0,,,0
GSM5613776_2020-08-26-Control4003-c3_GGAGCAATCGTAGAGG-1,GSM5613776_2020-08-26-Control4003-c3,0,low_single_type,1,0,0,,,0
GSM5613776_2020-08-26-Control4003-c3_GGAGGATCAGACCTGC-1,GSM5613776_2020-08-26-Control4003-c3,0,low_single_type,1,0,0,,,0
GSM5613776_2020-08-26-Control4003-c3_GGAGGTACAACCCTAA-1,GSM5613776_2020-08-26-Control4003-c3,0,low_single_type,1,0,0,,,0
GSM5613776_2020-08-26-Control4003-c3_GGAGGTACAGGGATAC-1,GSM5613776_2020-08-26-Control4003-c3,0,low_single_type,1,0,0,,,0
GSM5613776_2020-08-26-Control4003-c3_GGAGGTACATTGGATC-1,GSM5613776_2020-08-26-Control4003-c3,0,low_single_type,1,0,0,,,0
GSM5613776_2020-08-26-Control4003-c3_GGATCTAAGAAGTCTA-1,GSM5613776_2020-08-26-Control4003-c3,0,low_single_type,1,0,0,,,0
GSM5613776_2020-08-26-Control4003-c3_GGATCTACAAATTGGA-1,GSM5613776_2020-08-26-Control4003-c3,0,low_single_type,1,0,0,,,0
GSM5613776_2020-08-26-Control4003-c3_GGATGTTCACGATAGG-1,GSM5613776_2020-08-26-Control4003-c3,0,low_single_type,1,0,0,,,0
GSM5613776_2020-08-26-Control4003-c3_GGCACGTAGGACGCAT-1,GSM5613776_2020-08-26-Control4003-c3,0,low_single_type,1,0,0,,,0
GSM5613776_2020-08-26-Control4003-c3_GGCACGTGTAAGGTCG-1,GSM5613776_2020-08-26-Control4003-c3,0,low_single_type,1,0,0,,,0
GSM5613776_2020-08-26-Control4003-c3_GGCACGTGTTCCATTT-1,GSM5613776_2020-08-26-Control4003-c3,0,low_single_type,1,0,0,,,0
GSM5613776_2020-08-26-Control4003-c3_GGCAGTCGTTGCGGCT-1,GSM5613776_2020-08-26-Control4003-c3,0,low_single_type,1,0,0,,,0
GSM5613776_2020-08-26-Control4003-c3_GGCGTCAGTGCCTGCA-1,GSM5613776_2020-08-26-Control4003-c3,0,low_single_type,1,0,0,,,0
GSM5613776_2020-08-26-Control4003-c3_GGCGTCATCATACGGT-1,GSM5613776_2020-08-26-Control4003-c3,0,low_single_type,1,0,0,,,0
GSM5613776_2020-08-26-Control4003-c3_GGCTTGGCAGCTTTCC-1,GSM5613776_2020-08-26-Control4003-c3,0,low_single_type,1,0,0,,,0
GSM5613776_2020-08-26-Control4003-c3_GGCTTGGTCGCCACTT-1,GSM5613776_2020-08-26-Control4003-c3,0,low_single_type,1,0,0,,,0
GSM5613776_2020-08-26-Control4003-c3_GGCTTTCAGGTAAAGG-1,GSM5613776_2020-08-26-Control4003-c3,0,low_single_type,1,0,0,,,0
GSM5613776_2020-08-26-Control4003-c3_GGCTTTCCAAGTGCTT-1,GSM5613776_2020-08-26-Control4003-c3,0,low_single_type,1,0,0,,,0
GSM5613776_2020-08-26-Control4003-c3_GGGAAGTGTAGTCGGA-1,GSM5613776_2020-08-26-Control4003-c3,1,low_single_type,1,1,1,,,1
GSM5613776_2020-08-26-Control4003-c3_GGGACAACAAATCAAG-1,GSM5613776_2020-08-26-Control4003-c3,0,low_single_type,1,0,0,,,0
GSM5613776_2020-08-26-Control4003-c3_GGGACAACAAGTATAG-1,GSM5613776_2020-08-26-Control4003-c3,0,low_single_type,1,0,0,,,0
GSM5613776_2020-08-26-Control4003-c3_GGGACCTCATGTTCGA-1,GSM5613776_2020-08-26-Control4003-c3,0,low_single_type,1,0,0,,,0
GSM5613776_2020-08-26-Control4003-c3_GGGACCTTCTGAGTCA-1,GSM5613776_2020-08-26-Control4003-c3,0,low_single_type,1,0,0,,,0
GSM5613776_2020-08-26-Control4003-c3_GGGACTCTCTTGCGCT-1,GSM5613776_2020-08-26-Control4003-c3,0,low_single_type,1,0,0,,,0
GSM5613776_2020-08-26-Control4003-c3_GGGAGATCATGGAGAC-1,GSM5613776_2020-08-26-Control4003-c3,0,low_single_type,1,0,0,,,0
GSM5613776_2020-08-26-Control4003-c3_GGGAGATTCGGAAGGT-1,GSM5613776_2020-08-26-Control4003-c3,0,low_single_type,1,0,0,,,0
GSM5613776_2020-08-26-Control4003-c3_GGGAGTAAGAATTTGG-1,GSM5613776_2020-08-26-Control4003-c3,0,low_single_type,1,0,0,,,0
GSM5613776_2020-08-26-Control4003-c3_GGGATCCAGGCTTAGG-1,GSM5613776_2020-08-26-Control4003-c3,0,low_single_type,1,0,0,,,0
GSM5613776_2020-08-26-Control4003-c3_GGGATCCCAGCATTGT-1,GSM5613776_2020-08-26-Control4003-c3,0,low_single_type,1,0,0,,,0
GSM5613776_2020-08-26-Control4003-c3_GGGATCCGTTAATCGC-1,GSM5613776_2020-08-26-Control4003-c3,0,low_single_type,1,0,0,,,0
GSM5613776_2020-08-26-Control4003-c3_GGGATGACACGAAAGC-1,GSM5613776_2020-08-26-Control4003-c3,0,low_single_type,1,0,0,,,0
GSM5613776_2020-08-26-Control4003-c3_GGGCGTTCAAGCGATG-1,GSM5613776_2020-08-26-Control4003-c3,0,low_single_type,1,0,0,,,0
GSM5613776_2020-08-26-Control4003-c3_GGGCGTTCACGAAGAC-1,GSM5613776_2020-08-26-Control4003-c3,0,low_single_type,1,0,0,,,0
GSM5613776_2020-08-26-Control4003-c3_GGGCGTTCAGCCGTCA-1,GSM5613776_2020-08-26-Control4003-c3,0,low_single_type,1,0,0,,,0
GSM5613776_2020-08-26-Control4003-c3_GGGCGTTGTAGACAGC-1,GSM5613776_2020-08-26-Control4003-c3,0,low_single_type,1,0,0,,,0
GSM5613776_2020-08-26-Control4003-c3_GGGCGTTTCCCGAGAC-1,GSM5613776_2020-08-26-Control4003-c3,0,low_single_type,1,0,0,,,0
GSM5613776_2020-08-26-Control4003-c3_GGGCGTTTCTGGACTA-1,GSM5613776_2020-08-26-Control4003-c3,0,low_single_type,1,0,0,,,0
GSM5613776_2020-08-26-Control4003-c3_GGGCTACTCAACGTGT-1,GSM5613776_2020-08-26-Control4003-c3,0,low_single_type,1,0,0,,,0
GSM5613776_2020-08-26-Control4003-c3_GGGCTCAAGATGCAGC-1,GSM5613776_2020-08-26-Control4003-c3,0,low_single_type,1,0,0,,,0
GSM5613776_2020-08-26-Control4003-c3_GGGCTCATCCTCAGAA-1,GSM5613776_2020-08-26-Control4003-c3,0,low_single_type,1,0,0,,,0
GSM5613776_2020-08-26-Control4003-c3_GGGCTCATCTTGGAAC-1,GSM5613776_2020-08-26-Control4003-c3,0,low_single_type,1,0,0,,,0
GSM5613776_2020-08-26-Control4003-c3_GGGTAGACAACAGCTT-1,GSM5613776_2020-08-26-Control4003-c3,0,low_single_type,1,0,0,,,0
GSM5613776_2020-08-26-Control4003-c3_GGGTAGACACTAACCA-1,GSM5613776_2020-08-26-Control4003-c3,1,low_single_type,1,1,1,,,1
GSM5613776_2020-08-26-Control4003-c3_GGGTCACCACCGTGCA-1,GSM5613776_2020-08-26-Control4003-c3,0,low_single_type,1,0,0,,,0
GSM5613776_2020-08-26-Control4003-c3_GGGTCTGAGCGAGAAA-1,GSM5613776_2020-08-26-Control4003-c3,0,low_single_type,1,0,0,,,0
GSM5613776_2020-08-26-Control4003-c3_GGGTCTGCAACTTGGT-1,GSM5613776_2020-08-26-Control4003-c3,0,low_single_type,1,0,0,,,0
GSM5613776_2020-08-26-Control4003-c3_GGGTCTGCACCATATG-1,GSM5613776_2020-08-26-Control4003-c3,0,low_single_type,1,0,0,,,0
GSM5613776_2020-08-26-Control4003-c3_GGGTGAAAGCTATCTG-1,GSM5613776_2020-08-26-Control4003-c3,0,low_single_type,1,0,0,,,0
GSM5613776_2020-08-26-Control4003-c3_GGGTGAACAACTCGTA-1,GSM5613776_2020-08-26-Control4003-c3,1,low_single_type,1,1,1,,,1
GSM5613776_2020-08-26-Control4003-c3_GGGTGAACATCCTGTC-1,GSM5613776_2020-08-26-Control4003-c3,0,low_single_type,1,0,0,,,0
GSM5613776_2020-08-26-Control4003-c3_GGGTGAAGTGGGTATG-1,GSM5613776_2020-08-26-Control4003-c3,0,low_single_type,1,0,0,,,0
GSM5613776_2020-08-26-Control4003-c3_GGGTGTCAGGTACATA-1,GSM5613776_2020-08-26-Control4003-c3,0,low_single_type,1,0,0,,,0
GSM5613776_2020-08-26-Control4003-c3_GGGTTATCACGCGTCA-1,GSM5613776_2020-08-26-Control4003-c3,0,low_single_type,1,0,0,,,0
GSM5613776_2020-08-26-Control4003-c3_GGGTTATCATGTGCTA-1,GSM5613776_2020-08-26-Control4003-c3,0,low_single_type,1,0,0,,,0
GSM5613776_2020-08-26-Control4003-c3_GGGTTATGTTCAGGTT-1,GSM5613776_2020-08-26-Control4003-c3,1,low_single_type,1,1,1,,,1
GSM5613776_2020-08-26-Control4003-c3_GGGTTATTCAAGCCAT-1,GSM5613776_2020-08-26-Control4003-c3,0,low_single_type,1,0,0,,,0
GSM5613776_2020-08-26-Control4003-c3_GGGTTATTCGCAATTG-1,GSM5613776_2020-08-26-Control4003-c3,0,low_single_type,1,0,0,,,0
GSM5613776_2020-08-26-Control4003-c3_GGGTTTAAGCAGATAT-1,GSM5613776_2020-08-26-Control4003-c3,0,low_single_type,1,0,0,,,0
GSM5613776_2020-08-26-Control4003-c3_GGGTTTAAGCTGACTT-1,GSM5613776_2020-08-26-Control4003-c3,0,low_single_type,1,0,0,,,0
GSM5613776_2020-08-26-Control4003-c3_GGGTTTACACAATTCG-1,GSM5613776_2020-08-26-Control4003-c3,0,low_single_type,1,0,0,,,0
GSM5613776_2020-08-26-Control4003-c3_GGGTTTACATCCCGTT-1,GSM5613776_2020-08-26-Control4003-c3,1,low_single_type,1,1,1,,,1
GSM5613776_2020-08-26-Control4003-c3_GGGTTTAGTCGGCTAC-1,GSM5613776_2020-08-26-Control4003-c3,0,low_single_type,1,0,0,,,0
GSM5613776_2020-08-26-Control4003-c3_GGTAACTAGTGGCCTC-1,GSM5613776_2020-08-26-Control4003-c3,1,low_single_type,1,1,1,,,1
GSM5613776_2020-08-26-Control4003-c3_GGTAACTGTCACGACC-1,GSM5613776_2020-08-26-Control4003-c3,0,low_single_type,1,0,0,,,0
GSM5613776_2020-08-26-Control4003-c3_GGTAACTGTTCTCTCG-1,GSM5613776_2020-08-26-Control4003-c3,0,low_single_type,1,0,0,,,0
GSM5613776_2020-08-26-Control4003-c3_GGTAACTTCCTACAAG-1,GSM5613776_2020-08-26-Control4003-c3,0,low_single_type,1,0,0,,,0
GSM5613776_2020-08-26-Control4003-c3_GGTAACTTCTGAACGT-1,GSM5613776_2020-08-26-Control4003-c3,0,low_single_type,1,0,0,,,0
GSM5613776_2020-08-26-Control4003-c3_GGTAGAGGTATCCCAA-1,GSM5613776_2020-08-26-Control4003-c3,1,low_single_type,1,1,1,,,1
GSM5613776_2020-08-26-Control4003-c3_GGTAGAGGTGAAGCGT-1,GSM5613776_2020-08-26-Control4003-c3,0,low_single_type,1,0,0,,,0
GSM5613776_2020-08-26-Control4003-c3_GGTAGAGGTTTGGGAG-1,GSM5613776_2020-08-26-Control4003-c3,0,low_single_type,1,0,0,,,0
GSM5613776_2020-08-26-Control4003-c3_GGTAGAGTCGGAATGG-1,GSM5613776_2020-08-26-Control4003-c3,0,low_single_type,1,0,0,,,0
GSM5613776_2020-08-26-Control4003-c3_GGTCACGCACGTCGGT-1,GSM5613776_2020-08-26-Control4003-c3,0,low_single_type,1,0,0,,,0
GSM5613776_2020-08-26-Control4003-c3_GGTCACGCATCCCGTT-1,GSM5613776_2020-08-26-Control4003-c3,0,low_single_type,1,0,0,,,0
GSM5613776_2020-08-26-Control4003-c3_GGTCACGGTATGAGAT-1,GSM5613776_2020-08-26-Control4003-c3,0,low_single_type,1,0,0,,,0
GSM5613776_2020-08-26-Control4003-c3_GGTCACGGTGCTCGTG-1,GSM5613776_2020-08-26-Control4003-c3,0,low_single_type,1,0,0,,,0
GSM5613776_2020-08-26-Control4003-c3_GGTCTGGAGCTAGTTC-1,GSM5613776_2020-08-26-Control4003-c3,0,low_single_type,1,0,0,,,0
GSM5613776_2020-08-26-Control4003-c3_GGTCTGGTCTATGCCC-1,GSM5613776_2020-08-26-Control4003-c3,0,low_single_type,1,0,0,,,0
GSM5613776_2020-08-26-Control4003-c3_GGTGAAGGTGTTACAC-1,GSM5613776_2020-08-26-Control4003-c3,1,low_single_type,1,1,1,,,1
GSM5613776_2020-08-26-Control4003-c3_GGTGATTAGTTGCCCG-1,GSM5613776_2020-08-26-Control4003-c3,0,low_single_type,1,0,0,,,0
GSM5613776_2020-08-26-Control4003-c3_GGTGATTTCGCATTAG-1,GSM5613776_2020-08-26-Control4003-c3,0,low_single_type,1,0,0,,,0
GSM5613776_2020-08-26-Control4003-c3_GGTGGCTCATCGATCA-1,GSM5613776_2020-08-26-Control4003-c3,0,low_single_type,1,0,0,,,0
GSM5613776_2020-08-26-Control4003-c3_GGTGGCTGTAACATGA-1,GSM5613776_2020-08-26-Control4003-c3,0,low_single_type,1,0,0,,,0
GSM5613776_2020-08-26-Control4003-c3_GGTGGCTGTTCGGCTG-1,GSM5613776_2020-08-26-Control4003-c3,0,low_single_type,1,0,0,,,0
GSM5613776_2020-08-26-Control4003-c3_GGTGTCGAGCCATTTG-1,GSM5613776_2020-08-26-Control4003-c3,0,low_single_type,1,0,0,,,0
GSM5613776_2020-08-26-Control4003-c3_GGTGTCGAGGCTAAAT-1,GSM5613776_2020-08-26-Control4003-c3,0,low_single_type,1,0,0,,,0
GSM5613776_2020-08-26-Control4003-c3_GGTGTCGAGGTGTGAC-1,GSM5613776_2020-08-26-Control4003-c3,0,low_single_type,1,0,0,,,0
GSM5613776_2020-08-26-Control4003-c3_GGTGTTACAGAATCGG-1,GSM5613776_2020-08-26-Control4003-c3,0,low_single_type,1,0,0,,,0
GSM5613776_2020-08-26-Control4003-c3_GGTGTTATCTTCTCAA-1,GSM5613776_2020-08-26-Control4003-c3,0,low_single_type,1,0,0,,,0
GSM5613776_2020-08-26-Control4003-c3_GGTTAACCATTGTACG-1,GSM5613776_2020-08-26-Control4003-c3,0,low_single_type,1,0,0,,,0
GSM5613776_2020-08-26-Control4003-c3_GGTTAACGTTTGATCG-1,GSM5613776_2020-08-26-Control4003-c3,0,low_single_type,1,0,0,,,0
GSM5613776_2020-08-26-Control4003-c3_GGTTAACTCAGTCAGT-1,GSM5613776_2020-08-26-Control4003-c3,0,low_single_type,1,0,0,,,0
GSM5613776_2020-08-26-Control4003-c3_GGTTAACTCTGTGCTC-1,GSM5613776_2020-08-26-Control4003-c3,1,low_single_type,1,1,1,,,1
GSM5613776_2020-08-26-Control4003-c3_GGTTCTCAGGACACTG-1,GSM5613776_2020-08-26-Control4003-c3,1,low_single_type,1,1,1,,,1
GSM5613776_2020-08-26-Control4003-c3_GGTTCTCCACCAGTTA-1,GSM5613776_2020-08-26-Control4003-c3,1,low_single_type,1,1,1,,,1
GSM5613776_2020-08-26-Control4003-c3_GGTTGTAGTTATTCCT-1,GSM5613776_2020-08-26-Control4003-c3,0,low_single_type,1,0,0,,,0
GSM5613776_2020-08-26-Control4003-c3_GGTTGTATCTCATAGG-1,GSM5613776_2020-08-26-Control4003-c3,0,low_single_type,1,0,0,,,0
GSM5613776_2020-08-26-Control4003-c3_GGTTGTATCTGGCCAG-1,GSM5613776_2020-08-26-Control4003-c3,0,low_single_type,1,0,0,,,0
GSM5613776_2020-08-26-Control4003-c3_GTAACCACAGACTCTA-1,GSM5613776_2020-08-26-Control4003-c3,0,low_single_type,1,0,0,,,0
GSM5613776_2020-08-26-Control4003-c3_GTAACCACAGAGGGTT-1,GSM5613776_2020-08-26-Control4003-c3,0,low_single_type,1,0,0,,,0
GSM5613776_2020-08-26-Control4003-c3_GTAACCACAGATTCGT-1,GSM5613776_2020-08-26-Control4003-c3,0,low_single_type,1,0,0,,,0
GSM5613776_2020-08-26-Control4003-c3_GTAACCAGTGGCTTAT-1,GSM5613776_2020-08-26-Control4003-c3,0,low_single_type,1,0,0,,,0
GSM5613776_2020-08-26-Control4003-c3_GTAACCAGTTTCGACA-1,GSM5613776_2020-08-26-Control4003-c3,0,low_single_type,1,0,0,,,0
GSM5613776_2020-08-26-Control4003-c3_GTAAGTCGTCCCTGTT-1,GSM5613776_2020-08-26-Control4003-c3,1,low_single_type,1,1,1,,,1
GSM5613776_2020-08-26-Control4003-c3_GTAAGTCGTGGACTAG-1,GSM5613776_2020-08-26-Control4003-c3,0,low_single_type,1,0,0,,,0
GSM5613776_2020-08-26-Control4003-c3_GTAATGCAGCCTATCA-1,GSM5613776_2020-08-26-Control4003-c3,0,low_single_type,1,0,0,,,0
GSM5613776_2020-08-26-Control4003-c3_GTAATGCAGTGCTCAT-1,GSM5613776_2020-08-26-Control4003-c3,0,low_single_type,1,0,0,,,0
GSM5613776_2020-08-26-Control4003-c3_GTAATGCTCCATAGAC-1,GSM5613776_2020-08-26-Control4003-c3,0,low_single_type,1,0,0,,,0
GSM5613776_2020-08-26-Control4003-c3_GTAATGCTCTCGAGTA-1,GSM5613776_2020-08-26-Control4003-c3,0,low_single_type,1,0,0,,,0
GSM5613776_2020-08-26-Control4003-c3_GTACAACAGCCACCGT-1,GSM5613776_2020-08-26-Control4003-c3,1,low_single_type,1,1,1,,,1
GSM5613776_2020-08-26-Control4003-c3_GTACAACAGGGCAGTT-1,GSM5613776_2020-08-26-Control4003-c3,0,low_single_type,1,0,0,,,0
GSM5613776_2020-08-26-Control4003-c3_GTACAGTAGTATGATG-1,GSM5613776_2020-08-26-Control4003-c3,0,low_single_type,1,0,0,,,0
GSM5613776_2020-08-26-Control4003-c3_GTACAGTAGTCGAGGT-1,GSM5613776_2020-08-26-Control4003-c3,0,low_single_type,1,0,0,,,0
GSM5613776_2020-08-26-Control4003-c3_GTACAGTCAGGTTACT-1,GSM5613776_2020-08-26-Control4003-c3,0,low_single_type,1,0,0,,,0
GSM5613776_2020-08-26-Control4003-c3_GTAGAAACAAGCGCAA-1,GSM5613776_2020-08-26-Control4003-c3,0,low_single_type,1,0,0,,,0
GSM5613776_2020-08-26-Control4003-c3_GTAGAAATCCGTATGA-1,GSM5613776_2020-08-26-Control4003-c3,1,low_single_type,1,1,1,,,1
GSM5613776_2020-08-26-Control4003-c3_GTAGAAATCTTCACGC-1,GSM5613776_2020-08-26-Control4003-c3,0,low_single_type,1,0,0,,,0
GSM5613776_2020-08-26-Control4003-c3_GTAGCTAAGTTCCAGT-1,GSM5613776_2020-08-26-Control4003-c3,0,low_single_type,1,0,0,,,0
GSM5613776_2020-08-26-Control4003-c3_GTAGCTATCGATTTCT-1,GSM5613776_2020-08-26-Control4003-c3,1,low_single_type,1,1,1,,,1
GSM5613776_2020-08-26-Control4003-c3_GTAGCTATCGCGCCAA-1,GSM5613776_2020-08-26-Control4003-c3,0,low_single_type,1,0,0,,,0
GSM5613776_2020-08-26-Control4003-c3_GTAGGAGGTGCACAAG-1,GSM5613776_2020-08-26-Control4003-c3,0,low_single_type,1,0,0,,,0
GSM5613776_2020-08-26-Control4003-c3_GTAGTACGTAAGGCTG-1,GSM5613776_2020-08-26-Control4003-c3,0,low_single_type,1,0,0,,,0
GSM5613776_2020-08-26-Control4003-c3_GTAGTACGTGAGTAGC-1,GSM5613776_2020-08-26-Control4003-c3,1,low_single_type,1,1,1,,,1
GSM5613776_2020-08-26-Control4003-c3_GTATTGGGTAAGGAGA-1,GSM5613776_2020-08-26-Control4003-c3,0,low_single_type,1,0,0,,,0
GSM5613776_2020-08-26-Control4003-c3_GTATTGGGTGTCCCTT-1,GSM5613776_2020-08-26-Control4003-c3,1,low_single_type,1,1,1,,,1
GSM5613776_2020-08-26-Control4003-c3_GTATTTCAGGTACTGG-1,GSM5613776_2020-08-26-Control4003-c3,0,low_single_type,1,0,0,,,0
GSM5613776_2020-08-26-Control4003-c3_GTATTTCTCCCAAGCG-1,GSM5613776_2020-08-26-Control4003-c3,0,low_single_type,1,0,0,,,0
GSM5613776_2020-08-26-Control4003-c3_GTATTTCTCGCGGTAC-1,GSM5613776_2020-08-26-Control4003-c3,0,low_single_type,1,0,0,,,0
GSM5613776_2020-08-26-Control4003-c3_GTCAAACGTGAATGAT-1,GSM5613776_2020-08-26-Control4003-c3,0,low_single_type,1,0,0,,,0
GSM5613776_2020-08-26-Control4003-c3_GTCAAACGTTATTCCT-1,GSM5613776_2020-08-26-Control4003-c3,0,low_single_type,1,0,0,,,0
GSM5613776_2020-08-26-Control4003-c3_GTCAAGTAGGTACAGC-1,GSM5613776_2020-08-26-Control4003-c3,0,low_single_type,1,0,0,,,0
GSM5613776_2020-08-26-Control4003-c3_GTCAAGTCAGTCGTTA-1,GSM5613776_2020-08-26-Control4003-c3,1,low_single_type,1,1,1,,,1
GSM5613776_2020-08-26-Control4003-c3_GTCAAGTGTAGTGATA-1,GSM5613776_2020-08-26-Control4003-c3,0,low_single_type,1,0,0,,,0
GSM5613776_2020-08-26-Control4003-c3_GTCAAGTGTTGCTAGT-1,GSM5613776_2020-08-26-Control4003-c3,0,low_single_type,1,0,0,,,0
GSM5613776_2020-08-26-Control4003-c3_GTCAAGTTCAAGCCTA-1,GSM5613776_2020-08-26-Control4003-c3,0,low_single_type,1,0,0,,,0
GSM5613776_2020-08-26-Control4003-c3_GTCACGGCAACGACTT-1,GSM5613776_2020-08-26-Control4003-c3,0,low_single_type,1,0,0,,,0
GSM5613776_2020-08-26-Control4003-c3_GTCACGGCAGAGTGAC-1,GSM5613776_2020-08-26-Control4003-c3,0,low_single_type,1,0,0,,,0
GSM5613776_2020-08-26-Control4003-c3_GTCACGGGTATTGGCT-1,GSM5613776_2020-08-26-Control4003-c3,0,low_single_type,1,0,0,,,0
GSM5613776_2020-08-26-Control4003-c3_GTCACGGGTGACTAAA-1,GSM5613776_2020-08-26-Control4003-c3,0,low_single_type,1,0,0,,,0
GSM5613776_2020-08-26-Control4003-c3_GTCACGGGTTGCTCCT-1,GSM5613776_2020-08-26-Control4003-c3,0,low_single_type,1,0,0,,,0
GSM5613776_2020-08-26-Control4003-c3_GTCACGGTCTGCTTAT-1,GSM5613776_2020-08-26-Control4003-c3,0,low_single_type,1,0,0,,,0
GSM5613776_2020-08-26-Control4003-c3_GTCACTCGTTATCTTC-1,GSM5613776_2020-08-26-Control4003-c3,1,low_single_type,1,1,1,,,1
GSM5613776_2020-08-26-Control4003-c3_GTCAGCGTCAACTCTT-1,GSM5613776_2020-08-26-Control4003-c3,1,low_single_type,1,1,1,,,1
GSM5613776_2020-08-26-Control4003-c3_GTCAGCGTCCAAAGGG-1,GSM5613776_2020-08-26-Control4003-c3,0,low_single_type,1,0,0,,,0
GSM5613776_2020-08-26-Control4003-c3_GTCAGCGTCTTGGTCC-1,GSM5613776_2020-08-26-Control4003-c3,0,low_single_type,1,0,0,,,0
GSM5613776_2020-08-26-Control4003-c3_GTCATCCAGCTGGCTC-1,GSM5613776_2020-08-26-Control4003-c3,0,low_single_type,1,0,0,,,0
GSM5613776_2020-08-26-Control4003-c3_GTCATCCTCTCATGCC-1,GSM5613776_2020-08-26-Control4003-c3,0,low_single_type,1,0,0,,,0
GSM5613776_2020-08-26-Control4003-c3_GTCATGACAGCGACCT-1,GSM5613776_2020-08-26-Control4003-c3,0,low_single_type,1,0,0,,,0
GSM5613776_2020-08-26-Control4003-c3_GTCATGACATAATGAG-1,GSM5613776_2020-08-26-Control4003-c3,1,low_single_type,1,1,1,,,1
GSM5613776_2020-08-26-Control4003-c3_GTCATGAGTCCGGTGT-1,GSM5613776_2020-08-26-Control4003-c3,0,low_single_type,1,0,0,,,0
GSM5613776_2020-08-26-Control4003-c3_GTCATGATCACCACAA-1,GSM5613776_2020-08-26-Control4003-c3,0,low_single_type,1,0,0,,,0
GSM5613776_2020-08-26-Control4003-c3_GTCATGATCCAACCAA-1,GSM5613776_2020-08-26-Control4003-c3,0,low_single_type,1,0,0,,,0
GSM5613776_2020-08-26-Control4003-c3_GTCATTTTCCACGTCT-1,GSM5613776_2020-08-26-Control4003-c3,0,low_single_type,1,0,0,,,0
GSM5613776_2020-08-26-Control4003-c3_GTCCTCAAGTCACGCC-1,GSM5613776_2020-08-26-Control4003-c3,0,low_single_type,1,0,0,,,0
GSM5613776_2020-08-26-Control4003-c3_GTCCTCACAACGCATT-1,GSM5613776_2020-08-26-Control4003-c3,0,low_single_type,1,0,0,,,0
GSM5613776_2020-08-26-Control4003-c3_GTCCTCACATTGACTG-1,GSM5613776_2020-08-26-Control4003-c3,0,low_single_type,1,0,0,,,0
GSM5613776_2020-08-26-Control4003-c3_GTCCTCAGTCAACGCC-1,GSM5613776_2020-08-26-Control4003-c3,1,low_single_type,1,1,1,,,1
GSM5613776_2020-08-26-Control4003-c3_GTCCTCATCCCGAACG-1,GSM5613776_2020-08-26-Control4003-c3,0,low_single_type,1,0,0,,,0
GSM5613776_2020-08-26-Control4003-c3_GTCGAATCAACACGAG-1,GSM5613776_2020-08-26-Control4003-c3,1,low_single_type,1,1,1,,,1
GSM5613776_2020-08-26-Control4003-c3_GTCGCGAAGTCTGTAC-1,GSM5613776_2020-08-26-Control4003-c3,1,low_single_type,1,1,1,,,1
GSM5613776_2020-08-26-Control4003-c3_GTCGCGACAGGATCTT-1,GSM5613776_2020-08-26-Control4003-c3,0,low_single_type,1,0,0,,,0
GSM5613776_2020-08-26-Control4003-c3_GTCGCGATCATTCCTA-1,GSM5613776_2020-08-26-Control4003-c3,1,low_single_type,1,1,1,,,1
GSM5613776_2020-08-26-Control4003-c3_GTCGTAAAGAAGCTCG-1,GSM5613776_2020-08-26-Control4003-c3,0,low_single_type,1,0,0,,,0
GSM5613776_2020-08-26-Control4003-c3_GTCGTAATCCAGTGCG-1,GSM5613776_2020-08-26-Control4003-c3,0,low_single_type,1,0,0,,,0
GSM5613776_2020-08-26-Control4003-c3_GTCGTTCCAACTTGGT-1,GSM5613776_2020-08-26-Control4003-c3,0,low_single_type,1,0,0,,,0
GSM5613776_2020-08-26-Control4003-c3_GTCGTTCGTACAGTTC-1,GSM5613776_2020-08-26-Control4003-c3,0,low_single_type,1,0,0,,,0
GSM5613776_2020-08-26-Control4003-c3_GTCTACCAGAGTCAGC-1,GSM5613776_2020-08-26-Control4003-c3,0,low_single_type,1,0,0,,,0
GSM5613776_2020-08-26-Control4003-c3_GTCTACCAGCGAGTAC-1,GSM5613776_2020-08-26-Control4003-c3,0,low_single_type,1,0,0,,,0
GSM5613776_2020-08-26-Control4003-c3_GTCTACCTCTGCTGAA-1,GSM5613776_2020-08-26-Control4003-c3,0,low_single_type,1,0,0,,,0
GSM5613776_2020-08-26-Control4003-c3_GTCTAGAAGAAGGGAT-1,GSM5613776_2020-08-26-Control4003-c3,1,low_single_type,1,1,1,,,1
GSM5613776_2020-08-26-Control4003-c3_GTCTAGACAAACTGCT-1,GSM5613776_2020-08-26-Control4003-c3,0,low_single_type,1,0,0,,,0
GSM5613776_2020-08-26-Control4003-c3_GTCTAGACAAGTTCGT-1,GSM5613776_2020-08-26-Control4003-c3,0,low_single_type,1,0,0,,,0
GSM5613776_2020-08-26-Control4003-c3_GTCTAGACACTATCGA-1,GSM5613776_2020-08-26-Control4003-c3,0,low_single_type,1,0,0,,,0
GSM5613776_2020-08-26-Control4003-c3_GTCTAGATCGTGCACG-1,GSM5613776_2020-08-26-Control4003-c3,1,low_single_type,1,1,1,,,1
GSM5613776_2020-08-26-Control4003-c3_GTCTCACAGATTCGCT-1,GSM5613776_2020-08-26-Control4003-c3,0,low_single_type,1,0,0,,,0
GSM5613776_2020-08-26-Control4003-c3_GTCTGTCAGATGCTGG-1,GSM5613776_2020-08-26-Control4003-c3,0,low_single_type,1,0,0,,,0
GSM5613776_2020-08-26-Control4003-c3_GTCTGTCAGCGATGAC-1,GSM5613776_2020-08-26-Control4003-c3,0,low_single_type,1,0,0,,,0
GSM5613776_2020-08-26-Control4003-c3_GTCTGTCAGCTGAGCA-1,GSM5613776_2020-08-26-Control4003-c3,0,low_single_type,1,0,0,,,0
GSM5613776_2020-08-26-Control4003-c3_GTCTTTACAAGTATCC-1,GSM5613776_2020-08-26-Control4003-c3,1,low_single_type,1,1,1,,,1
GSM5613776_2020-08-26-Control4003-c3_GTCTTTAGTCAACCAT-1,GSM5613776_2020-08-26-Control4003-c3,0,low_single_type,1,0,0,,,0
GSM5613776_2020-08-26-Control4003-c3_GTCTTTATCACTCCGT-1,GSM5613776_2020-08-26-Control4003-c3,0,low_single_type,1,0,0,,,0
GSM5613776_2020-08-26-Control4003-c3_GTGACGCCATGTGGCC-1,GSM5613776_2020-08-26-Control4003-c3,0,low_single_type,1,0,0,,,0
GSM5613776_2020-08-26-Control4003-c3_GTGAGCCTCGGTCTGG-1,GSM5613776_2020-08-26-Control4003-c3,0,low_single_type,1,0,0,,,0
GSM5613776_2020-08-26-Control4003-c3_GTGAGGAAGGCTAAAT-1,GSM5613776_2020-08-26-Control4003-c3,0,low_single_type,1,0,0,,,0
GSM5613776_2020-08-26-Control4003-c3_GTGAGGAAGTATAACG-1,GSM5613776_2020-08-26-Control4003-c3,0,low_single_type,1,0,0,,,0
GSM5613776_2020-08-26-Control4003-c3_GTGAGGACACTCATAG-1,GSM5613776_2020-08-26-Control4003-c3,0,low_single_type,1,0,0,,,0
GSM5613776_2020-08-26-Control4003-c3_GTGAGGACATAAGATG-1,GSM5613776_2020-08-26-Control4003-c3,1,low_single_type,1,1,1,,,1
GSM5613776_2020-08-26-Control4003-c3_GTGAGGAGTTCGGTTA-1,GSM5613776_2020-08-26-Control4003-c3,0,low_single_type,1,0,0,,,0
GSM5613776_2020-08-26-Control4003-c3_GTGAGGATCACCTACC-1,GSM5613776_2020-08-26-Control4003-c3,1,low_single_type,1,1,1,,,1
GSM5613776_2020-08-26-Control4003-c3_GTGAGTTAGTATGAGT-1,GSM5613776_2020-08-26-Control4003-c3,0,low_single_type,1,0,0,,,0
GSM5613776_2020-08-26-Control4003-c3_GTGAGTTCATGCCGAC-1,GSM5613776_2020-08-26-Control4003-c3,1,low_single_type,1,1,1,,,1
GSM5613776_2020-08-26-Control4003-c3_GTGAGTTTCTCGTTTA-1,GSM5613776_2020-08-26-Control4003-c3,0,low_single_type,1,0,0,,,0
GSM5613776_2020-08-26-Control4003-c3_GTGCACGCAAGAGGCT-1,GSM5613776_2020-08-26-Control4003-c3,0,low_single_type,1,0,0,,,0
GSM5613776_2020-08-26-Control4003-c3_GTGCACGGTACGACTT-1,GSM5613776_2020-08-26-Control4003-c3,1,low_single_type,1,1,1,,,1
GSM5613776_2020-08-26-Control4003-c3_GTGCAGCAGCGCCATC-1,GSM5613776_2020-08-26-Control4003-c3,0,low_single_type,1,0,0,,,0
GSM5613776_2020-08-26-Control4003-c3_GTGCAGCAGTGCGACA-1,GSM5613776_2020-08-26-Control4003-c3,1,low_single_type,1,1,1,,,1
GSM5613776_2020-08-26-Control4003-c3_GTGCAGCCACACGTGC-1,GSM5613776_2020-08-26-Control4003-c3,1,low_single_type,1,1,1,,,1
GSM5613776_2020-08-26-Control4003-c3_GTGCAGCCATCAGCTA-1,GSM5613776_2020-08-26-Control4003-c3,0,low_single_type,1,0,0,,,0
GSM5613776_2020-08-26-Control4003-c3_GTGCGTGCAGAGTAAT-1,GSM5613776_2020-08-26-Control4003-c3,0,low_single_type,1,0,0,,,0
GSM5613776_2020-08-26-Control4003-c3_GTGCGTGTCGGTCGGT-1,GSM5613776_2020-08-26-Control4003-c3,1,low_single_type,1,1,1,,,1
GSM5613776_2020-08-26-Control4003-c3_GTGCTGGGTGCATGTT-1,GSM5613776_2020-08-26-Control4003-c3,0,low_single_type,1,0,0,,,0
GSM5613776_2020-08-26-Control4003-c3_GTGCTGGGTTATGTCG-1,GSM5613776_2020-08-26-Control4003-c3,0,low_single_type,1,0,0,,,0
GSM5613776_2020-08-26-Control4003-c3_GTGCTTCAGCGTTAGG-1,GSM5613776_2020-08-26-Control4003-c3,1,low_single_type,1,1,1,,,1
GSM5613776_2020-08-26-Control4003-c3_GTGCTTCCAGAACCGA-1,GSM5613776_2020-08-26-Control4003-c3,0,low_single_type,1,0,0,,,0
GSM5613776_2020-08-26-Control4003-c3_GTGGAAGAGGCCTTGC-1,GSM5613776_2020-08-26-Control4003-c3,0,low_single_type,1,0,0,,,0
GSM5613776_2020-08-26-Control4003-c3_GTGGAAGCAGAGGCAT-1,GSM5613776_2020-08-26-Control4003-c3,0,low_single_type,1,0,0,,,0
GSM5613776_2020-08-26-Control4003-c3_GTGGAGACAACCGATT-1,GSM5613776_2020-08-26-Control4003-c3,0,low_single_type,1,0,0,,,0
GSM5613776_2020-08-26-Control4003-c3_GTGGAGACACTCCTGT-1,GSM5613776_2020-08-26-Control4003-c3,0,low_single_type,1,0,0,,,0
GSM5613776_2020-08-26-Control4003-c3_GTGGAGACATGGCCCA-1,GSM5613776_2020-08-26-Control4003-c3,0,low_single_type,1,0,0,,,0
GSM5613776_2020-08-26-Control4003-c3_GTGGCGTAGTACGAGC-1,GSM5613776_2020-08-26-Control4003-c3,1,low_single_type,1,1,1,,,1
GSM5613776_2020-08-26-Control4003-c3_GTGGCGTCATTCGGGC-1,GSM5613776_2020-08-26-Control4003-c3,0,low_single_type,1,0,0,,,0
GSM5613776_2020-08-26-Control4003-c3_GTGGGAACAGCTGAAG-1,GSM5613776_2020-08-26-Control4003-c3,0,low_single_type,1,0,0,,,0
GSM5613776_2020-08-26-Control4003-c3_GTGGGAAGTGCACATT-1,GSM5613776_2020-08-26-Control4003-c3,0,low_single_type,1,0,0,,,0
GSM5613776_2020-08-26-Control4003-c3_GTGGTTAGTATGAAAC-1,GSM5613776_2020-08-26-Control4003-c3,0,low_single_type,1,0,0,,,0
GSM5613776_2020-08-26-Control4003-c3_GTGGTTATCAAGCCCG-1,GSM5613776_2020-08-26-Control4003-c3,0,low_single_type,1,0,0,,,0
GSM5613776_2020-08-26-Control4003-c3_GTGGTTATCGTTGTGA-1,GSM5613776_2020-08-26-Control4003-c3,0,low_single_type,1,0,0,,,0
GSM5613776_2020-08-26-Control4003-c3_GTGTAACAGACGGTTG-1,GSM5613776_2020-08-26-Control4003-c3,0,low_single_type,1,0,0,,,0
GSM5613776_2020-08-26-Control4003-c3_GTGTCCTTCCGGACGT-1,GSM5613776_2020-08-26-Control4003-c3,0,low_single_type,1,0,0,,,0
GSM5613776_2020-08-26-Control4003-c3_GTGTGATAGATGACAT-1,GSM5613776_2020-08-26-Control4003-c3,0,low_single_type,1,0,0,,,0
GSM5613776_2020-08-26-Control4003-c3_GTGTGATAGGCTAGCA-1,GSM5613776_2020-08-26-Control4003-c3,0,low_single_type,1,0,0,,,0
GSM5613776_2020-08-26-Control4003-c3_GTGTGATCACCGCTGA-1,GSM5613776_2020-08-26-Control4003-c3,0,low_single_type,1,0,0,,,0
GSM5613776_2020-08-26-Control4003-c3_GTGTGATGTAACTTCG-1,GSM5613776_2020-08-26-Control4003-c3,1,low_single_type,1,1,1,,,1
GSM5613776_2020-08-26-Control4003-c3_GTGTGATGTTAAGCAA-1,GSM5613776_2020-08-26-Control4003-c3,0,low_single_type,1,0,0,,,0
GSM5613776_2020-08-26-Control4003-c3_GTGTGATGTTCGGACC-1,GSM5613776_2020-08-26-Control4003-c3,0,low_single_type,1,0,0,,,0
GSM5613776_2020-08-26-Control4003-c3_GTGTGATTCAGCTTCC-1,GSM5613776_2020-08-26-Control4003-c3,0,low_single_type,1,0,0,,,0
GSM5613776_2020-08-26-Control4003-c3_GTGTGATTCGTCCTTG-1,GSM5613776_2020-08-26-Control4003-c3,0,low_single_type,1,0,0,,,0
GSM5613776_2020-08-26-Control4003-c3_GTGTGGCTCACCTCGT-1,GSM5613776_2020-08-26-Control4003-c3,0,low_single_type,1,0,0,,,0
GSM5613776_2020-08-26-Control4003-c3_GTGTGGCTCACGAGGA-1,GSM5613776_2020-08-26-Control4003-c3,0,low_single_type,1,0,0,,,0
GSM5613776_2020-08-26-Control4003-c3_GTGTTAGAGTGCAGGT-1,GSM5613776_2020-08-26-Control4003-c3,0,low_single_type,1,0,0,,,0
GSM5613776_2020-08-26-Control4003-c3_GTGTTAGGTGCAATAA-1,GSM5613776_2020-08-26-Control4003-c3,0,low_single_type,1,0,0,,,0
GSM5613776_2020-08-26-Control4003-c3_GTGTTCCCACATATCG-1,GSM5613776_2020-08-26-Control4003-c3,0,low_single_type,1,0,0,,,0
GSM5613776_2020-08-26-Control4003-c3_GTGTTCCCAGTAACGG-1,GSM5613776_2020-08-26-Control4003-c3,0,low_single_type,1,0,0,,,0
GSM5613776_2020-08-26-Control4003-c3_GTTACAGCACTCCACT-1,GSM5613776_2020-08-26-Control4003-c3,0,low_single_type,1,0,0,,,0
GSM5613776_2020-08-26-Control4003-c3_GTTACAGGTTGTCATG-1,GSM5613776_2020-08-26-Control4003-c3,0,low_single_type,1,0,0,,,0
GSM5613776_2020-08-26-Control4003-c3_GTTACCCAGGTTGCCC-1,GSM5613776_2020-08-26-Control4003-c3,0,low_single_type,1,0,0,,,0
GSM5613776_2020-08-26-Control4003-c3_GTTACCCCACATGACT-1,GSM5613776_2020-08-26-Control4003-c3,0,low_single_type,1,0,0,,,0
GSM5613776_2020-08-26-Control4003-c3_GTTACCCGTGTAACGG-1,GSM5613776_2020-08-26-Control4003-c3,0,low_single_type,1,0,0,,,0
GSM5613776_2020-08-26-Control4003-c3_GTTACGACACATTACG-1,GSM5613776_2020-08-26-Control4003-c3,0,low_single_type,1,0,0,,,0
GSM5613776_2020-08-26-Control4003-c3_GTTAGACAGAGGCCAT-1,GSM5613776_2020-08-26-Control4003-c3,1,low_single_type,1,1,1,,,1
GSM5613776_2020-08-26-Control4003-c3_GTTATGGTCAACTGGT-1,GSM5613776_2020-08-26-Control4003-c3,0,low_single_type,1,0,0,,,0
GSM5613776_2020-08-26-Control4003-c3_GTTCGCTGTTGCATAC-1,GSM5613776_2020-08-26-Control4003-c3,1,low_single_type,1,1,1,,,1
GSM5613776_2020-08-26-Control4003-c3_GTTCGCTTCTCGCAGG-1,GSM5613776_2020-08-26-Control4003-c3,0,low_single_type,1,0,0,,,0
GSM5613776_2020-08-26-Control4003-c3_GTTCGCTTCTGCAGCG-1,GSM5613776_2020-08-26-Control4003-c3,0,low_single_type,1,0,0,,,0
GSM5613776_2020-08-26-Control4003-c3_GTTCTATAGACTGAGC-1,GSM5613776_2020-08-26-Control4003-c3,1,low_single_type,1,1,1,,,1
GSM5613776_2020-08-26-Control4003-c3_GTTCTATAGTCCCTAA-1,GSM5613776_2020-08-26-Control4003-c3,0,low_single_type,1,0,0,,,0
GSM5613776_2020-08-26-Control4003-c3_GTTGCGGTCCCATGGG-1,GSM5613776_2020-08-26-Control4003-c3,1,low_single_type,1,1,1,,,1
GSM5613776_2020-08-26-Control4003-c3_GTTGCTCCAGGATCTT-1,GSM5613776_2020-08-26-Control4003-c3,0,low_single_type,1,0,0,,,0
GSM5613776_2020-08-26-Control4003-c3_GTTGCTCGTCGACTTA-1,GSM5613776_2020-08-26-Control4003-c3,0,low_single_type,1,0,0,,,0
GSM5613776_2020-08-26-Control4003-c3_GTTGTAGGTGACCGAA-1,GSM5613776_2020-08-26-Control4003-c3,0,low_single_type,1,0,0,,,0
GSM5613776_2020-08-26-Control4003-c3_GTTGTAGTCACTTGGA-1,GSM5613776_2020-08-26-Control4003-c3,0,low_single_type,1,0,0,,,0
GSM5613776_2020-08-26-Control4003-c3_GTTGTAGTCGTGACTA-1,GSM5613776_2020-08-26-Control4003-c3,0,low_single_type,1,0,0,,,0
GSM5613776_2020-08-26-Control4003-c3_GTTTACTGTATACCTG-1,GSM5613776_2020-08-26-Control4003-c3,0,low_single_type,1,0,0,,,0
GSM5613776_2020-08-26-Control4003-c3_GTTTGGAGTTCAAGTC-1,GSM5613776_2020-08-26-Control4003-c3,0,low_single_type,1,0,0,,,0
GSM5613776_2020-08-26-Control4003-c3_GTTTGGATCTGTCTCG-1,GSM5613776_2020-08-26-Control4003-c3,1,low_single_type,1,1,1,,,1
GSM5613776_2020-08-26-Control4003-c3_TAACACGAGAGGGTGG-1,GSM5613776_2020-08-26-Control4003-c3,0,low_single_type,1,0,0,,,0
GSM5613776_2020-08-26-Control4003-c3_TAACACGAGGATACGC-1,GSM5613776_2020-08-26-Control4003-c3,0,low_single_type,1,0,0,,,0
GSM5613776_2020-08-26-Control4003-c3_TAACCAGAGTAGAGTT-1,GSM5613776_2020-08-26-Control4003-c3,0,low_single_type,1,0,0,,,0
GSM5613776_2020-08-26-Control4003-c3_TAACGACAGAGAGCGG-1,GSM5613776_2020-08-26-Control4003-c3,0,low_single_type,1,0,0,,,0
GSM5613776_2020-08-26-Control4003-c3_TAACTTCAGCAACAAT-1,GSM5613776_2020-08-26-Control4003-c3,0,low_single_type,1,0,0,,,0
GSM5613776_2020-08-26-Control4003-c3_TAAGCACGTGAGATCG-1,GSM5613776_2020-08-26-Control4003-c3,0,low_single_type,1,0,0,,,0
GSM5613776_2020-08-26-Control4003-c3_TAAGCCATCGGTTGTA-1,GSM5613776_2020-08-26-Control4003-c3,0,low_single_type,1,0,0,,,0
GSM5613776_2020-08-26-Control4003-c3_TAAGCGTAGGCAATGC-1,GSM5613776_2020-08-26-Control4003-c3,1,low_single_type,1,1,1,,,1
GSM5613776_2020-08-26-Control4003-c3_TAAGCGTGTCGGTGAA-1,GSM5613776_2020-08-26-Control4003-c3,0,low_single_type,1,0,0,,,0
GSM5613776_2020-08-26-Control4003-c3_TAAGCGTGTGAACTAA-1,GSM5613776_2020-08-26-Control4003-c3,0,low_single_type,1,0,0,,,0
GSM5613776_2020-08-26-Control4003-c3_TAAGCGTTCCCTCGTA-1,GSM5613776_2020-08-26-Control4003-c3,0,low_single_type,1,0,0,,,0
GSM5613776_2020-08-26-Control4003-c3_TAAGTCGAGTTGGGAC-1,GSM5613776_2020-08-26-Control4003-c3,1,low_single_type,1,1,1,,,1
GSM5613776_2020-08-26-Control4003-c3_TAAGTCGCAGGTACGA-1,GSM5613776_2020-08-26-Control4003-c3,0,low_single_type,1,0,0,,,0
GSM5613776_2020-08-26-Control4003-c3_TAAGTCGCATAACAGA-1,GSM5613776_2020-08-26-Control4003-c3,0,low_single_type,1,0,0,,,0
GSM5613776_2020-08-26-Control4003-c3_TAAGTCGTCTACTATC-1,GSM5613776_2020-08-26-Control4003-c3,0,low_single_type,1,0,0,,,0
GSM5613776_2020-08-26-Control4003-c3_TAATCTCCATTGCTGA-1,GSM5613776_2020-08-26-Control4003-c3,1,low_single_type,1,1,1,,,1
GSM5613776_2020-08-26-Control4003-c3_TAATCTCGTGGGCTCT-1,GSM5613776_2020-08-26-Control4003-c3,1,low_single_type,1,1,1,,,1
GSM5613776_2020-08-26-Control4003-c3_TAATCTCGTTCTGAGT-1,GSM5613776_2020-08-26-Control4003-c3,0,low_single_type,1,0,0,,,0
GSM5613776_2020-08-26-Control4003-c3_TAATTCCAGTGAATAC-1,GSM5613776_2020-08-26-Control4003-c3,0,low_single_type,1,0,0,,,0
GSM5613776_2020-08-26-Control4003-c3_TAATTCCTCACGAACT-1,GSM5613776_2020-08-26-Control4003-c3,0,low_single_type,1,0,0,,,0
GSM5613776_2020-08-26-Control4003-c3_TAATTCCTCGCATGAT-1,GSM5613776_2020-08-26-Control4003-c3,0,low_single_type,1,0,0,,,0
GSM5613776_2020-08-26-Control4003-c3_TAATTCCTCGCTACAA-1,GSM5613776_2020-08-26-Control4003-c3,1,low_single_type,1,1,1,,,1
GSM5613776_2020-08-26-Control4003-c3_TACAACGCACACGTGC-1,GSM5613776_2020-08-26-Control4003-c3,0,low_single_type,1,0,0,,,0
GSM5613776_2020-08-26-Control4003-c3_TACAGGTAGCGAAACC-1,GSM5613776_2020-08-26-Control4003-c3,0,low_single_type,1,0,0,,,0
GSM5613776_2020-08-26-Control4003-c3_TACAGGTTCAGAATAG-1,GSM5613776_2020-08-26-Control4003-c3,1,low_single_type,1,1,1,,,1
GSM5613776_2020-08-26-Control4003-c3_TACATTCCAACTTCTT-1,GSM5613776_2020-08-26-Control4003-c3,0,low_single_type,1,0,0,,,0
GSM5613776_2020-08-26-Control4003-c3_TACATTCGTAGATTGA-1,GSM5613776_2020-08-26-Control4003-c3,1,low_single_type,1,1,1,,,1
GSM5613776_2020-08-26-Control4003-c3_TACATTCGTCACAATC-1,GSM5613776_2020-08-26-Control4003-c3,0,low_single_type,1,0,0,,,0
GSM5613776_2020-08-26-Control4003-c3_TACATTCGTTGAATCC-1,GSM5613776_2020-08-26-Control4003-c3,0,low_single_type,1,0,0,,,0
GSM5613776_2020-08-26-Control4003-c3_TACATTCTCACTGATG-1,GSM5613776_2020-08-26-Control4003-c3,0,low_single_type,1,0,0,,,0
GSM5613776_2020-08-26-Control4003-c3_TACCCACGTGCTTATG-1,GSM5613776_2020-08-26-Control4003-c3,0,low_single_type,1,0,0,,,0
GSM5613776_2020-08-26-Control4003-c3_TACCCACGTGTTTCTT-1,GSM5613776_2020-08-26-Control4003-c3,0,low_single_type,1,0,0,,,0
GSM5613776_2020-08-26-Control4003-c3_TACCGAACAGTAGATA-1,GSM5613776_2020-08-26-Control4003-c3,0,low_single_type,1,0,0,,,0
GSM5613776_2020-08-26-Control4003-c3_TACCGAAGTCCTCCAT-1,GSM5613776_2020-08-26-Control4003-c3,0,low_single_type,1,0,0,,,0
GSM5613776_2020-08-26-Control4003-c3_TACCGGGCACATACGT-1,GSM5613776_2020-08-26-Control4003-c3,0,low_single_type,1,0,0,,,0
GSM5613776_2020-08-26-Control4003-c3_TACCGGGCACGGGTAA-1,GSM5613776_2020-08-26-Control4003-c3,0,low_single_type,1,0,0,,,0
GSM5613776_2020-08-26-Control4003-c3_TACCGGGTCGTCTAAG-1,GSM5613776_2020-08-26-Control4003-c3,0,low_single_type,1,0,0,,,0
GSM5613776_2020-08-26-Control4003-c3_TACCTCGTCAGTGATC-1,GSM5613776_2020-08-26-Control4003-c3,1,low_single_type,1,1,1,,,1
GSM5613776_2020-08-26-Control4003-c3_TACCTCGTCCGAGTGC-1,GSM5613776_2020-08-26-Control4003-c3,0,low_single_type,1,0,0,,,0
GSM5613776_2020-08-26-Control4003-c3_TACCTGCTCGTAACTG-1,GSM5613776_2020-08-26-Control4003-c3,0,low_single_type,1,0,0,,,0
GSM5613776_2020-08-26-Control4003-c3_TACGCTCCAAACTCGT-1,GSM5613776_2020-08-26-Control4003-c3,0,low_single_type,1,0,0,,,0
GSM5613776_2020-08-26-Control4003-c3_TACGCTCGTATAGGGC-1,GSM5613776_2020-08-26-Control4003-c3,0,low_single_type,1,0,0,,,0
GSM5613776_2020-08-26-Control4003-c3_TACGCTCGTGATTCAC-1,GSM5613776_2020-08-26-Control4003-c3,1,low_single_type,1,1,1,,,1
GSM5613776_2020-08-26-Control4003-c3_TACGCTCTCGGTATGT-1,GSM5613776_2020-08-26-Control4003-c3,0,low_single_type,1,0,0,,,0
GSM5613776_2020-08-26-Control4003-c3_TACGGGCAGGCACTCC-1,GSM5613776_2020-08-26-Control4003-c3,0,low_single_type,1,0,0,,,0
GSM5613776_2020-08-26-Control4003-c3_TACGGTATCCGTCAAA-1,GSM5613776_2020-08-26-Control4003-c3,0,low_single_type,1,0,0,,,0
GSM5613776_2020-08-26-Control4003-c3_TACTGCCTCCCTTTGG-1,GSM5613776_2020-08-26-Control4003-c3,0,low_single_type,1,0,0,,,0
GSM5613776_2020-08-26-Control4003-c3_TACTTACTCCATCTAT-1,GSM5613776_2020-08-26-Control4003-c3,0,low_single_type,1,0,0,,,0
GSM5613776_2020-08-26-Control4003-c3_TACTTCAAGGAACGCT-1,GSM5613776_2020-08-26-Control4003-c3,0,low_single_type,1,0,0,,,0
GSM5613776_2020-08-26-Control4003-c3_TACTTCACACCGAATT-1,GSM5613776_2020-08-26-Control4003-c3,0,low_single_type,1,0,0,,,0
GSM5613776_2020-08-26-Control4003-c3_TACTTCAGTTCAAAGA-1,GSM5613776_2020-08-26-Control4003-c3,0,low_single_type,1,0,0,,,0
GSM5613776_2020-08-26-Control4003-c3_TACTTGTAGCGCGTTC-1,GSM5613776_2020-08-26-Control4003-c3,0,low_single_type,1,0,0,,,0
GSM5613776_2020-08-26-Control4003-c3_TACTTGTGTATGCTAC-1,GSM5613776_2020-08-26-Control4003-c3,1,low_single_type,1,1,1,,,1
GSM5613776_2020-08-26-Control4003-c3_TAGACCAGTCCGAAGA-1,GSM5613776_2020-08-26-Control4003-c3,0,low_single_type,1,0,0,,,0
GSM5613776_2020-08-26-Control4003-c3_TAGACTGAGGACAAGA-1,GSM5613776_2020-08-26-Control4003-c3,1,low_single_type,1,1,1,,,1
GSM5613776_2020-08-26-Control4003-c3_TAGAGTCAGAGCAACC-1,GSM5613776_2020-08-26-Control4003-c3,0,low_single_type,1,0,0,,,0
GSM5613776_2020-08-26-Control4003-c3_TAGAGTCCAGTTGTCA-1,GSM5613776_2020-08-26-Control4003-c3,0,low_single_type,1,0,0,,,0
GSM5613776_2020-08-26-Control4003-c3_TAGAGTCGTCATCAGT-1,GSM5613776_2020-08-26-Control4003-c3,0,low_single_type,1,0,0,,,0
GSM5613776_2020-08-26-Control4003-c3_TAGAGTCGTGGCTTGC-1,GSM5613776_2020-08-26-Control4003-c3,0,low_single_type,1,0,0,,,0
GSM5613776_2020-08-26-Control4003-c3_TAGAGTCGTTTCCCAC-1,GSM5613776_2020-08-26-Control4003-c3,0,low_single_type,1,0,0,,,0
GSM5613776_2020-08-26-Control4003-c3_TAGATCGCAAGAGTGC-1,GSM5613776_2020-08-26-Control4003-c3,0,low_single_type,1,0,0,,,0
GSM5613776_2020-08-26-Control4003-c3_TAGGGTTCATAGAGGC-1,GSM5613776_2020-08-26-Control4003-c3,0,low_single_type,1,0,0,,,0
GSM5613776_2020-08-26-Control4003-c3_TAGGGTTTCTTTACAC-1,GSM5613776_2020-08-26-Control4003-c3,0,low_single_type,1,0,0,,,0
GSM5613776_2020-08-26-Control4003-c3_TAGGTACCACGACAAG-1,GSM5613776_2020-08-26-Control4003-c3,1,low_single_type,1,1,1,,,1
GSM5613776_2020-08-26-Control4003-c3_TAGGTACGTCTACGTA-1,GSM5613776_2020-08-26-Control4003-c3,1,low_single_type,1,1,1,,,1
GSM5613776_2020-08-26-Control4003-c3_TAGGTTGCAGACATCT-1,GSM5613776_2020-08-26-Control4003-c3,0,low_single_type,1,0,0,,,0
GSM5613776_2020-08-26-Control4003-c3_TAGGTTGGTAGTACGG-1,GSM5613776_2020-08-26-Control4003-c3,0,low_single_type,1,0,0,,,0
GSM5613776_2020-08-26-Control4003-c3_TAGGTTGTCCATTTGT-1,GSM5613776_2020-08-26-Control4003-c3,0,low_single_type,1,0,0,,,0
GSM5613776_2020-08-26-Control4003-c3_TAGTGCAGTACGGATG-1,GSM5613776_2020-08-26-Control4003-c3,1,low_single_type,1,1,1,,,1
GSM5613776_2020-08-26-Control4003-c3_TAGTGCAGTCCTGGTG-1,GSM5613776_2020-08-26-Control4003-c3,0,low_single_type,1,0,0,,,0
GSM5613776_2020-08-26-Control4003-c3_TAGTGCATCCGGCTTT-1,GSM5613776_2020-08-26-Control4003-c3,0,low_single_type,1,0,0,,,0
GSM5613776_2020-08-26-Control4003-c3_TAGTGCATCGAAGGAC-1,GSM5613776_2020-08-26-Control4003-c3,0,low_single_type,1,0,0,,,0
GSM5613776_2020-08-26-Control4003-c3_TATACCTAGTTAACAG-1,GSM5613776_2020-08-26-Control4003-c3,0,low_single_type,1,0,0,,,0
GSM5613776_2020-08-26-Control4003-c3_TATACCTGTAGGTAGC-1,GSM5613776_2020-08-26-Control4003-c3,1,low_single_type,1,1,1,,,1
GSM5613776_2020-08-26-Control4003-c3_TATATCCAGAGGATGA-1,GSM5613776_2020-08-26-Control4003-c3,0,low_single_type,1,0,0,,,0
GSM5613776_2020-08-26-Control4003-c3_TATATCCGTGAGGCAT-1,GSM5613776_2020-08-26-Control4003-c3,0,low_single_type,1,0,0,,,0
GSM5613776_2020-08-26-Control4003-c3_TATCAGGTCGTCAAAC-1,GSM5613776_2020-08-26-Control4003-c3,1,low_single_type,1,1,1,,,1
GSM5613776_2020-08-26-Control4003-c3_TATCCTAAGAGGGCGA-1,GSM5613776_2020-08-26-Control4003-c3,0,low_single_type,1,0,0,,,0
GSM5613776_2020-08-26-Control4003-c3_TATCGCCTCGGAAGGT-1,GSM5613776_2020-08-26-Control4003-c3,0,low_single_type,1,0,0,,,0
GSM5613776_2020-08-26-Control4003-c3_TATCTGTGTACGAGCA-1,GSM5613776_2020-08-26-Control4003-c3,0,low_single_type,1,0,0,,,0
GSM5613776_2020-08-26-Control4003-c3_TATCTTGAGACTCTAC-1,GSM5613776_2020-08-26-Control4003-c3,0,low_single_type,1,0,0,,,0
GSM5613776_2020-08-26-Control4003-c3_TATCTTGCACCTGCAG-1,GSM5613776_2020-08-26-Control4003-c3,1,low_single_type,1,1,1,,,1
GSM5613776_2020-08-26-Control4003-c3_TATCTTGTCATTGCCC-1,GSM5613776_2020-08-26-Control4003-c3,0,low_single_type,1,0,0,,,0
GSM5613776_2020-08-26-Control4003-c3_TATCTTGTCCGTAATG-1,GSM5613776_2020-08-26-Control4003-c3,0,low_single_type,1,0,0,,,0
GSM5613776_2020-08-26-Control4003-c3_TATGTTCCACGTATAC-1,GSM5613776_2020-08-26-Control4003-c3,0,low_single_type,1,0,0,,,0
GSM5613776_2020-08-26-Control4003-c3_TATGTTCGTCCAAGAG-1,GSM5613776_2020-08-26-Control4003-c3,0,low_single_type,1,0,0,,,0
GSM5613776_2020-08-26-Control4003-c3_TATGTTCTCGAGCACC-1,GSM5613776_2020-08-26-Control4003-c3,0,low_single_type,1,0,0,,,0
GSM5613776_2020-08-26-Control4003-c3_TATTCCAGTCATACCA-1,GSM5613776_2020-08-26-Control4003-c3,0,low_single_type,1,0,0,,,0
GSM5613776_2020-08-26-Control4003-c3_TATTCCATCGCTACGG-1,GSM5613776_2020-08-26-Control4003-c3,1,low_single_type,1,1,1,,,1
GSM5613776_2020-08-26-Control4003-c3_TATTGCTAGAGTTCGG-1,GSM5613776_2020-08-26-Control4003-c3,0,low_single_type,1,0,0,,,0
GSM5613776_2020-08-26-Control4003-c3_TATTGCTGTCGTACAT-1,GSM5613776_2020-08-26-Control4003-c3,0,low_single_type,1,0,0,,,0
GSM5613776_2020-08-26-Control4003-c3_TATTGCTTCGACGCTG-1,GSM5613776_2020-08-26-Control4003-c3,0,low_single_type,1,0,0,,,0
GSM5613776_2020-08-26-Control4003-c3_TATTGGGGTCCCTCAT-1,GSM5613776_2020-08-26-Control4003-c3,0,low_single_type,1,0,0,,,0
GSM5613776_2020-08-26-Control4003-c3_TATTGGGGTTCTCCAC-1,GSM5613776_2020-08-26-Control4003-c3,0,low_single_type,1,0,0,,,0
GSM5613776_2020-08-26-Control4003-c3_TATTTCGAGCTCGAAG-1,GSM5613776_2020-08-26-Control4003-c3,0,low_single_type,1,0,0,,,0
GSM5613776_2020-08-26-Control4003-c3_TATTTCGGTTGCACGC-1,GSM5613776_2020-08-26-Control4003-c3,0,low_single_type,1,0,0,,,0
GSM5613776_2020-08-26-Control4003-c3_TCAAGACAGTAAACGT-1,GSM5613776_2020-08-26-Control4003-c3,1,low_single_type,1,1,1,,,1
GSM5613776_2020-08-26-Control4003-c3_TCAAGCAGTACGGCAA-1,GSM5613776_2020-08-26-Control4003-c3,0,low_single_type,1,0,0,,,0
GSM5613776_2020-08-26-Control4003-c3_TCAAGCAGTCGGTACC-1,GSM5613776_2020-08-26-Control4003-c3,0,low_single_type,1,0,0,,,0
GSM5613776_2020-08-26-Control4003-c3_TCAAGTGAGTAGAATC-1,GSM5613776_2020-08-26-Control4003-c3,0,low_single_type,1,0,0,,,0
GSM5613776_2020-08-26-Control4003-c3_TCAAGTGCACTGTGAT-1,GSM5613776_2020-08-26-Control4003-c3,0,low_single_type,1,0,0,,,0
GSM5613776_2020-08-26-Control4003-c3_TCAATCTAGGTATTGA-1,GSM5613776_2020-08-26-Control4003-c3,0,low_single_type,1,0,0,,,0
GSM5613776_2020-08-26-Control4003-c3_TCAATCTTCGATACAC-1,GSM5613776_2020-08-26-Control4003-c3,0,low_single_type,1,0,0,,,0
GSM5613776_2020-08-26-Control4003-c3_TCACAAGGTCAATGGG-1,GSM5613776_2020-08-26-Control4003-c3,0,low_single_type,1,0,0,,,0
GSM5613776_2020-08-26-Control4003-c3_TCACAAGGTGGGCTCT-1,GSM5613776_2020-08-26-Control4003-c3,0,low_single_type,1,0,0,,,0
GSM5613776_2020-08-26-Control4003-c3_TCACAAGGTGGTCTAT-1,GSM5613776_2020-08-26-Control4003-c3,0,low_single_type,1,0,0,,,0
GSM5613776_2020-08-26-Control4003-c3_TCACAAGGTTGCCATA-1,GSM5613776_2020-08-26-Control4003-c3,0,low_single_type,1,0,0,,,0
GSM5613776_2020-08-26-Control4003-c3_TCACAAGTCACCCTCA-1,GSM5613776_2020-08-26-Control4003-c3,0,low_single_type,1,0,0,,,0
GSM5613776_2020-08-26-Control4003-c3_TCACACCAGCCGATCC-1,GSM5613776_2020-08-26-Control4003-c3,0,low_single_type,1,0,0,,,0
GSM5613776_2020-08-26-Control4003-c3_TCACACCCAGCAGTGA-1,GSM5613776_2020-08-26-Control4003-c3,0,low_single_type,1,0,0,,,0
GSM5613776_2020-08-26-Control4003-c3_TCACACCCATGTCGTA-1,GSM5613776_2020-08-26-Control4003-c3,1,low_single_type,1,1,1,,,1
GSM5613776_2020-08-26-Control4003-c3_TCACACCGTACATACC-1,GSM5613776_2020-08-26-Control4003-c3,0,low_single_type,1,0,0,,,0
GSM5613776_2020-08-26-Control4003-c3_TCACACCGTCCATCTC-1,GSM5613776_2020-08-26-Control4003-c3,0,low_single_type,1,0,0,,,0
GSM5613776_2020-08-26-Control4003-c3_TCACATTAGTAATCCC-1,GSM5613776_2020-08-26-Control4003-c3,0,low_single_type,1,0,0,,,0
GSM5613776_2020-08-26-Control4003-c3_TCACGCTAGACTCCGC-1,GSM5613776_2020-08-26-Control4003-c3,0,low_single_type,1,0,0,,,0
GSM5613776_2020-08-26-Control4003-c3_TCACGCTCACAACCGC-1,GSM5613776_2020-08-26-Control4003-c3,0,low_single_type,1,0,0,,,0
GSM5613776_2020-08-26-Control4003-c3_TCACGCTGTTCTCCAC-1,GSM5613776_2020-08-26-Control4003-c3,0,low_single_type,1,0,0,,,0
GSM5613776_2020-08-26-Control4003-c3_TCACGGGCAACCTAAC-1,GSM5613776_2020-08-26-Control4003-c3,0,low_single_type,1,0,0,,,0
GSM5613776_2020-08-26-Control4003-c3_TCACGGGCAAGCGCTC-1,GSM5613776_2020-08-26-Control4003-c3,0,low_single_type,1,0,0,,,0
GSM5613776_2020-08-26-Control4003-c3_TCACGGGCATAAGATG-1,GSM5613776_2020-08-26-Control4003-c3,0,low_single_type,1,0,0,,,0
GSM5613776_2020-08-26-Control4003-c3_TCACTATGTAGCCCTG-1,GSM5613776_2020-08-26-Control4003-c3,0,low_single_type,1,0,0,,,0
GSM5613776_2020-08-26-Control4003-c3_TCACTATGTCCGACGT-1,GSM5613776_2020-08-26-Control4003-c3,0,low_single_type,1,0,0,,,0
GSM5613776_2020-08-26-Control4003-c3_TCACTATGTCTAATCG-1,GSM5613776_2020-08-26-Control4003-c3,0,low_single_type,1,0,0,,,0
GSM5613776_2020-08-26-Control4003-c3_TCAGCAACACACAGAG-1,GSM5613776_2020-08-26-Control4003-c3,0,low_single_type,1,0,0,,,0
GSM5613776_2020-08-26-Control4003-c3_TCAGCAACACCTGCGA-1,GSM5613776_2020-08-26-Control4003-c3,1,low_single_type,1,1,1,,,1
GSM5613776_2020-08-26-Control4003-c3_TCAGCAACACTACTTT-1,GSM5613776_2020-08-26-Control4003-c3,0,low_single_type,1,0,0,,,0
GSM5613776_2020-08-26-Control4003-c3_TCAGCAATCACCCTGT-1,GSM5613776_2020-08-26-Control4003-c3,0,low_single_type,1,0,0,,,0
GSM5613776_2020-08-26-Control4003-c3_TCAGCAATCCCGATCT-1,GSM5613776_2020-08-26-Control4003-c3,0,low_single_type,1,0,0,,,0
GSM5613776_2020-08-26-Control4003-c3_TCAGCCTAGGCGATAC-1,GSM5613776_2020-08-26-Control4003-c3,0,low_single_type,1,0,0,,,0
GSM5613776_2020-08-26-Control4003-c3_TCAGCCTTCAGCTAGT-1,GSM5613776_2020-08-26-Control4003-c3,0,low_single_type,1,0,0,,,0
GSM5613776_2020-08-26-Control4003-c3_TCAGCCTTCATTTACC-1,GSM5613776_2020-08-26-Control4003-c3,0,low_single_type,1,0,0,,,0
GSM5613776_2020-08-26-Control4003-c3_TCAGGTAAGATGCTAA-1,GSM5613776_2020-08-26-Control4003-c3,0,low_single_type,1,0,0,,,0
GSM5613776_2020-08-26-Control4003-c3_TCAGGTAGTTCTCCCA-1,GSM5613776_2020-08-26-Control4003-c3,0,low_single_type,1,0,0,,,0
GSM5613776_2020-08-26-Control4003-c3_TCAGGTATCCAAATGC-1,GSM5613776_2020-08-26-Control4003-c3,0,low_single_type,1,0,0,,,0
GSM5613776_2020-08-26-Control4003-c3_TCAGTCCAGGTCGACA-1,GSM5613776_2020-08-26-Control4003-c3,1,low_single_type,1,1,1,,,1
GSM5613776_2020-08-26-Control4003-c3_TCAGTCCCATGTGGCC-1,GSM5613776_2020-08-26-Control4003-c3,0,low_single_type,1,0,0,,,0
GSM5613776_2020-08-26-Control4003-c3_TCAGTCCCATTCACCC-1,GSM5613776_2020-08-26-Control4003-c3,0,low_single_type,1,0,0,,,0
GSM5613776_2020-08-26-Control4003-c3_TCAGTCCTCTAGTGAC-1,GSM5613776_2020-08-26-Control4003-c3,0,low_single_type,1,0,0,,,0
GSM5613776_2020-08-26-Control4003-c3_TCAGTGAAGCACGTCC-1,GSM5613776_2020-08-26-Control4003-c3,1,low_single_type,1,1,1,,,1
GSM5613776_2020-08-26-Control4003-c3_TCAGTGACATGTAACC-1,GSM5613776_2020-08-26-Control4003-c3,1,low_single_type,1,1,1,,,1
GSM5613776_2020-08-26-Control4003-c3_TCAGTGATCCTGTAGA-1,GSM5613776_2020-08-26-Control4003-c3,0,low_single_type,1,0,0,,,0
GSM5613776_2020-08-26-Control4003-c3_TCAGTTTAGACCACGA-1,GSM5613776_2020-08-26-Control4003-c3,0,low_single_type,1,0,0,,,0
GSM5613776_2020-08-26-Control4003-c3_TCAGTTTAGGTAGACC-1,GSM5613776_2020-08-26-Control4003-c3,0,low_single_type,1,0,0,,,0
GSM5613776_2020-08-26-Control4003-c3_TCAGTTTGTCGTATGT-1,GSM5613776_2020-08-26-Control4003-c3,0,low_single_type,1,0,0,,,0
GSM5613776_2020-08-26-Control4003-c3_TCAGTTTGTTGACTAC-1,GSM5613776_2020-08-26-Control4003-c3,0,low_single_type,1,0,0,,,0
GSM5613776_2020-08-26-Control4003-c3_TCAGTTTTCGAAACAA-1,GSM5613776_2020-08-26-Control4003-c3,0,low_single_type,1,0,0,,,0
GSM5613776_2020-08-26-Control4003-c3_TCATATCAGATACAGT-1,GSM5613776_2020-08-26-Control4003-c3,0,low_single_type,1,0,0,,,0
GSM5613776_2020-08-26-Control4003-c3_TCATATCAGCTTTCCC-1,GSM5613776_2020-08-26-Control4003-c3,0,low_single_type,1,0,0,,,0
GSM5613776_2020-08-26-Control4003-c3_TCATCCGGTATCAGCT-1,GSM5613776_2020-08-26-Control4003-c3,0,low_single_type,1,0,0,,,0
GSM5613776_2020-08-26-Control4003-c3_TCATCCGGTTTGCAGT-1,GSM5613776_2020-08-26-Control4003-c3,0,low_single_type,1,0,0,,,0
GSM5613776_2020-08-26-Control4003-c3_TCATCCGGTTTGGGAG-1,GSM5613776_2020-08-26-Control4003-c3,1,low_single_type,1,1,1,,,1
GSM5613776_2020-08-26-Control4003-c3_TCATCCGTCGGCGATC-1,GSM5613776_2020-08-26-Control4003-c3,0,low_single_type,1,0,0,,,0
GSM5613776_2020-08-26-Control4003-c3_TCATCCGTCTTCGTAT-1,GSM5613776_2020-08-26-Control4003-c3,0,low_single_type,1,0,0,,,0
GSM5613776_2020-08-26-Control4003-c3_TCATGAGAGTAGTCAA-1,GSM5613776_2020-08-26-Control4003-c3,0,low_single_type,1,0,0,,,0
GSM5613776_2020-08-26-Control4003-c3_TCATGAGTCCTGCTAC-1,GSM5613776_2020-08-26-Control4003-c3,1,low_single_type,1,1,1,,,1
GSM5613776_2020-08-26-Control4003-c3_TCATGCCAGTAGTCTC-1,GSM5613776_2020-08-26-Control4003-c3,0,low_single_type,1,0,0,,,0
GSM5613776_2020-08-26-Control4003-c3_TCATGCCGTCTCCTGT-1,GSM5613776_2020-08-26-Control4003-c3,0,low_single_type,1,0,0,,,0
GSM5613776_2020-08-26-Control4003-c3_TCATGTTAGTGTTGAA-1,GSM5613776_2020-08-26-Control4003-c3,0,low_single_type,1,0,0,,,0
GSM5613776_2020-08-26-Control4003-c3_TCATGTTTCATTCATC-1,GSM5613776_2020-08-26-Control4003-c3,0,low_single_type,1,0,0,,,0
GSM5613776_2020-08-26-Control4003-c3_TCATTACAGCAGCCCT-1,GSM5613776_2020-08-26-Control4003-c3,0,low_single_type,1,0,0,,,0
GSM5613776_2020-08-26-Control4003-c3_TCATTACCAATCGCCG-1,GSM5613776_2020-08-26-Control4003-c3,1,low_single_type,1,1,1,,,1
GSM5613776_2020-08-26-Control4003-c3_TCATTACCATGACTTG-1,GSM5613776_2020-08-26-Control4003-c3,0,low_single_type,1,0,0,,,0
GSM5613776_2020-08-26-Control4003-c3_TCATTCACAGATTCGT-1,GSM5613776_2020-08-26-Control4003-c3,0,low_single_type,1,0,0,,,0
GSM5613776_2020-08-26-Control4003-c3_TCATTCAGTGAGCGAT-1,GSM5613776_2020-08-26-Control4003-c3,1,low_single_type,1,1,1,,,1
GSM5613776_2020-08-26-Control4003-c3_TCATTCATCGAGCCTG-1,GSM5613776_2020-08-26-Control4003-c3,0,low_single_type,1,0,0,,,0
GSM5613776_2020-08-26-Control4003-c3_TCATTCATCTGAATGC-1,GSM5613776_2020-08-26-Control4003-c3,0,low_single_type,1,0,0,,,0
GSM5613776_2020-08-26-Control4003-c3_TCATTGTGTTCAGTAC-1,GSM5613776_2020-08-26-Control4003-c3,0,low_single_type,1,0,0,,,0
GSM5613776_2020-08-26-Control4003-c3_TCATTTGTCCGTTGAA-1,GSM5613776_2020-08-26-Control4003-c3,0,low_single_type,1,0,0,,,0
GSM5613776_2020-08-26-Control4003-c3_TCCACCACAAGCTCTA-1,GSM5613776_2020-08-26-Control4003-c3,0,low_single_type,1,0,0,,,0
GSM5613776_2020-08-26-Control4003-c3_TCCACCACAGAGGAAA-1,GSM5613776_2020-08-26-Control4003-c3,0,low_single_type,1,0,0,,,0
GSM5613776_2020-08-26-Control4003-c3_TCCACGTAGGAATTAC-1,GSM5613776_2020-08-26-Control4003-c3,0,low_single_type,1,0,0,,,0
GSM5613776_2020-08-26-Control4003-c3_TCCACGTTCACTTATC-1,GSM5613776_2020-08-26-Control4003-c3,0,low_single_type,1,0,0,,,0
GSM5613776_2020-08-26-Control4003-c3_TCCATCGGTGACTCTA-1,GSM5613776_2020-08-26-Control4003-c3,0,low_single_type,1,0,0,,,0
GSM5613776_2020-08-26-Control4003-c3_TCCCACACAAATGCTC-1,GSM5613776_2020-08-26-Control4003-c3,0,low_single_type,1,0,0,,,0
GSM5613776_2020-08-26-Control4003-c3_TCCCAGTAGTCTGTAC-1,GSM5613776_2020-08-26-Control4003-c3,1,low_single_type,1,1,1,,,1
GSM5613776_2020-08-26-Control4003-c3_TCCCAGTCACTCAAGT-1,GSM5613776_2020-08-26-Control4003-c3,0,low_single_type,1,0,0,,,0
GSM5613776_2020-08-26-Control4003-c3_TCCCAGTCATGGGTCC-1,GSM5613776_2020-08-26-Control4003-c3,0,low_single_type,1,0,0,,,0
GSM5613776_2020-08-26-Control4003-c3_TCCCATGTCCACCCTA-1,GSM5613776_2020-08-26-Control4003-c3,0,low_single_type,1,0,0,,,0
GSM5613776_2020-08-26-Control4003-c3_TCCCATGTCCGTATGA-1,GSM5613776_2020-08-26-Control4003-c3,0,low_single_type,1,0,0,,,0
GSM5613776_2020-08-26-Control4003-c3_TCCGAAAAGCGTCGAA-1,GSM5613776_2020-08-26-Control4003-c3,1,low_single_type,1,1,1,,,1
GSM5613776_2020-08-26-Control4003-c3_TCCGAAACAAGCTGTT-1,GSM5613776_2020-08-26-Control4003-c3,0,low_single_type,1,0,0,,,0
GSM5613776_2020-08-26-Control4003-c3_TCCGAAACATCCTTGC-1,GSM5613776_2020-08-26-Control4003-c3,0,low_single_type,1,0,0,,,0
GSM5613776_2020-08-26-Control4003-c3_TCCGAAAGTGTGACCC-1,GSM5613776_2020-08-26-Control4003-c3,0,low_single_type,1,0,0,,,0
GSM5613776_2020-08-26-Control4003-c3_TCCGATCAGCTACTGT-1,GSM5613776_2020-08-26-Control4003-c3,0,low_single_type,1,0,0,,,0
GSM5613776_2020-08-26-Control4003-c3_TCCGATCAGCTGACTT-1,GSM5613776_2020-08-26-Control4003-c3,0,low_single_type,1,0,0,,,0
GSM5613776_2020-08-26-Control4003-c3_TCCGATCTCTGCGGGT-1,GSM5613776_2020-08-26-Control4003-c3,0,low_single_type,1,0,0,,,0
GSM5613776_2020-08-26-Control4003-c3_TCCGGGAAGGTTCATC-1,GSM5613776_2020-08-26-Control4003-c3,1,low_single_type,1,1,1,,,1
GSM5613776_2020-08-26-Control4003-c3_TCCGGGAAGTCTGGTT-1,GSM5613776_2020-08-26-Control4003-c3,0,low_single_type,1,0,0,,,0
GSM5613776_2020-08-26-Control4003-c3_TCCGGGATCCTCTGCA-1,GSM5613776_2020-08-26-Control4003-c3,0,low_single_type,1,0,0,,,0
GSM5613776_2020-08-26-Control4003-c3_TCCGTGTGTTAGGGAC-1,GSM5613776_2020-08-26-Control4003-c3,1,low_single_type,1,1,1,,,1
GSM5613776_2020-08-26-Control4003-c3_TCCTCCCAGTGAGGTC-1,GSM5613776_2020-08-26-Control4003-c3,1,low_single_type,1,1,1,,,1
GSM5613776_2020-08-26-Control4003-c3_TCCTCCCAGTGCCGAA-1,GSM5613776_2020-08-26-Control4003-c3,0,low_single_type,1,0,0,,,0
GSM5613776_2020-08-26-Control4003-c3_TCCTCGACACGGCGTT-1,GSM5613776_2020-08-26-Control4003-c3,1,low_single_type,1,1,1,,,1
GSM5613776_2020-08-26-Control4003-c3_TCCTCGAGTCACGACC-1,GSM5613776_2020-08-26-Control4003-c3,0,low_single_type,1,0,0,,,0
GSM5613776_2020-08-26-Control4003-c3_TCCTCTTAGACGGATC-1,GSM5613776_2020-08-26-Control4003-c3,0,low_single_type,1,0,0,,,0
GSM5613776_2020-08-26-Control4003-c3_TCCTCTTCATCAGTGT-1,GSM5613776_2020-08-26-Control4003-c3,0,low_single_type,1,0,0,,,0
GSM5613776_2020-08-26-Control4003-c3_TCCTCTTTCCGTTGGG-1,GSM5613776_2020-08-26-Control4003-c3,0,low_single_type,1,0,0,,,0
GSM5613776_2020-08-26-Control4003-c3_TCCTTCTCAGCTATAC-1,GSM5613776_2020-08-26-Control4003-c3,0,low_single_type,1,0,0,,,0
GSM5613776_2020-08-26-Control4003-c3_TCCTTTCCAAGCAGGT-1,GSM5613776_2020-08-26-Control4003-c3,1,low_single_type,1,1,1,,,1
GSM5613776_2020-08-26-Control4003-c3_TCCTTTCCAGCTCATA-1,GSM5613776_2020-08-26-Control4003-c3,0,low_single_type,1,0,0,,,0
GSM5613776_2020-08-26-Control4003-c3_TCCTTTCTCGAGTGAG-1,GSM5613776_2020-08-26-Control4003-c3,1,low_single_type,1,1,1,,,1
GSM5613776_2020-08-26-Control4003-c3_TCGAACAAGTGTTCAC-1,GSM5613776_2020-08-26-Control4003-c3,0,low_single_type,1,0,0,,,0
GSM5613776_2020-08-26-Control4003-c3_TCGAACACATCTGCGG-1,GSM5613776_2020-08-26-Control4003-c3,0,low_single_type,1,0,0,,,0
GSM5613776_2020-08-26-Control4003-c3_TCGACCTGTCGGTGAA-1,GSM5613776_2020-08-26-Control4003-c3,0,low_single_type,1,0,0,,,0
GSM5613776_2020-08-26-Control4003-c3_TCGACGGAGAGAGGTA-1,GSM5613776_2020-08-26-Control4003-c3,0,low_single_type,1,0,0,,,0
GSM5613776_2020-08-26-Control4003-c3_TCGACGGAGTGTGTTC-1,GSM5613776_2020-08-26-Control4003-c3,0,low_single_type,1,0,0,,,0
GSM5613776_2020-08-26-Control4003-c3_TCGACGGCACCTGCGA-1,GSM5613776_2020-08-26-Control4003-c3,0,low_single_type,1,0,0,,,0
GSM5613776_2020-08-26-Control4003-c3_TCGATTTCAGGCCCTA-1,GSM5613776_2020-08-26-Control4003-c3,0,low_single_type,1,0,0,,,0
GSM5613776_2020-08-26-Control4003-c3_TCGATTTGTAGGAAAG-1,GSM5613776_2020-08-26-Control4003-c3,0,low_single_type,1,0,0,,,0
GSM5613776_2020-08-26-Control4003-c3_TCGATTTGTCAAGCCC-1,GSM5613776_2020-08-26-Control4003-c3,0,low_single_type,1,0,0,,,0
GSM5613776_2020-08-26-Control4003-c3_TCGCACTAGTTTGGCT-1,GSM5613776_2020-08-26-Control4003-c3,0,low_single_type,1,0,0,,,0
GSM5613776_2020-08-26-Control4003-c3_TCGCACTTCGAGATAA-1,GSM5613776_2020-08-26-Control4003-c3,1,low_single_type,1,1,1,,,1
GSM5613776_2020-08-26-Control4003-c3_TCGCAGGAGTTGCCTA-1,GSM5613776_2020-08-26-Control4003-c3,0,low_single_type,1,0,0,,,0
GSM5613776_2020-08-26-Control4003-c3_TCGCAGGCATTGTAGC-1,GSM5613776_2020-08-26-Control4003-c3,0,low_single_type,1,0,0,,,0
GSM5613776_2020-08-26-Control4003-c3_TCGCAGGGTAACTTCG-1,GSM5613776_2020-08-26-Control4003-c3,0,low_single_type,1,0,0,,,0
GSM5613776_2020-08-26-Control4003-c3_TCGCTCAAGTACAGCG-1,GSM5613776_2020-08-26-Control4003-c3,0,low_single_type,1,0,0,,,0
GSM5613776_2020-08-26-Control4003-c3_TCGCTTGTCCAAGCTA-1,GSM5613776_2020-08-26-Control4003-c3,0,low_single_type,1,0,0,,,0
GSM5613776_2020-08-26-Control4003-c3_TCGGATATCTGCTTAT-1,GSM5613776_2020-08-26-Control4003-c3,0,low_single_type,1,0,0,,,0
GSM5613776_2020-08-26-Control4003-c3_TCGGGACGTCATTGCA-1,GSM5613776_2020-08-26-Control4003-c3,0,low_single_type,1,0,0,,,0
GSM5613776_2020-08-26-Control4003-c3_TCGGGACTCGAGTGGA-1,GSM5613776_2020-08-26-Control4003-c3,0,low_single_type,1,0,0,,,0
GSM5613776_2020-08-26-Control4003-c3_TCGGGACTCGATCCAA-1,GSM5613776_2020-08-26-Control4003-c3,0,low_single_type,1,0,0,,,0
GSM5613776_2020-08-26-Control4003-c3_TCGGGCAGTATCGCGC-1,GSM5613776_2020-08-26-Control4003-c3,1,low_single_type,1,1,1,,,1
GSM5613776_2020-08-26-Control4003-c3_TCGGGTGAGTAACGAT-1,GSM5613776_2020-08-26-Control4003-c3,1,low_single_type,1,1,1,,,1
GSM5613776_2020-08-26-Control4003-c3_TCGGGTGCAAATGATG-1,GSM5613776_2020-08-26-Control4003-c3,0,low_single_type,1,0,0,,,0
GSM5613776_2020-08-26-Control4003-c3_TCGGGTGGTTGGGCCT-1,GSM5613776_2020-08-26-Control4003-c3,0,low_single_type,1,0,0,,,0
GSM5613776_2020-08-26-Control4003-c3_TCGGTCTAGAAACTGT-1,GSM5613776_2020-08-26-Control4003-c3,1,low_single_type,1,1,1,,,1
GSM5613776_2020-08-26-Control4003-c3_TCGGTCTAGGATGCGT-1,GSM5613776_2020-08-26-Control4003-c3,0,low_single_type,1,0,0,,,0
GSM5613776_2020-08-26-Control4003-c3_TCGGTCTGTAGGACTG-1,GSM5613776_2020-08-26-Control4003-c3,0,low_single_type,1,0,0,,,0
GSM5613776_2020-08-26-Control4003-c3_TCGTAGAAGTCGGGAT-1,GSM5613776_2020-08-26-Control4003-c3,1,low_single_type,1,1,1,,,1
GSM5613776_2020-08-26-Control4003-c3_TCGTAGACAATCCTTT-1,GSM5613776_2020-08-26-Control4003-c3,0,low_single_type,1,0,0,,,0
GSM5613776_2020-08-26-Control4003-c3_TCGTAGACATTGAAGA-1,GSM5613776_2020-08-26-Control4003-c3,0,low_single_type,1,0,0,,,0
GSM5613776_2020-08-26-Control4003-c3_TCGTAGAGTGACTAAA-1,GSM5613776_2020-08-26-Control4003-c3,0,low_single_type,1,0,0,,,0
GSM5613776_2020-08-26-Control4003-c3_TCGTAGATCCTTCTGG-1,GSM5613776_2020-08-26-Control4003-c3,0,low_single_type,1,0,0,,,0
GSM5613776_2020-08-26-Control4003-c3_TCGTCCAAGGTCATCT-1,GSM5613776_2020-08-26-Control4003-c3,0,low_single_type,1,0,0,,,0
GSM5613776_2020-08-26-Control4003-c3_TCGTGCTAGCGTACAG-1,GSM5613776_2020-08-26-Control4003-c3,1,low_single_type,1,1,1,,,1
GSM5613776_2020-08-26-Control4003-c3_TCGTGCTTCCATCTCG-1,GSM5613776_2020-08-26-Control4003-c3,0,low_single_type,1,0,0,,,0
GSM5613776_2020-08-26-Control4003-c3_TCTAACTCATCCTCAC-1,GSM5613776_2020-08-26-Control4003-c3,0,low_single_type,1,0,0,,,0
GSM5613776_2020-08-26-Control4003-c3_TCTACATAGCTTCGTA-1,GSM5613776_2020-08-26-Control4003-c3,1,low_single_type,1,1,1,,,1
GSM5613776_2020-08-26-Control4003-c3_TCTACATCACCCATAA-1,GSM5613776_2020-08-26-Control4003-c3,0,low_single_type,1,0,0,,,0
GSM5613776_2020-08-26-Control4003-c3_TCTACATGTAGGACCA-1,GSM5613776_2020-08-26-Control4003-c3,0,low_single_type,1,0,0,,,0
GSM5613776_2020-08-26-Control4003-c3_TCTACCGAGATAGTCA-1,GSM5613776_2020-08-26-Control4003-c3,0,low_single_type,1,0,0,,,0
GSM5613776_2020-08-26-Control4003-c3_TCTACCGGTAATTGGA-1,GSM5613776_2020-08-26-Control4003-c3,0,low_single_type,1,0,0,,,0
GSM5613776_2020-08-26-Control4003-c3_TCTACCGTCTTAGCTT-1,GSM5613776_2020-08-26-Control4003-c3,0,low_single_type,1,0,0,,,0
GSM5613776_2020-08-26-Control4003-c3_TCTATACCAGCCTACG-1,GSM5613776_2020-08-26-Control4003-c3,0,low_single_type,1,0,0,,,0
GSM5613776_2020-08-26-Control4003-c3_TCTATCAAGAGGATCC-1,GSM5613776_2020-08-26-Control4003-c3,0,low_single_type,1,0,0,,,0
GSM5613776_2020-08-26-Control4003-c3_TCTATCACAATTCGTG-1,GSM5613776_2020-08-26-Control4003-c3,0,low_single_type,1,0,0,,,0
GSM5613776_2020-08-26-Control4003-c3_TCTATCATCAGCAGAG-1,GSM5613776_2020-08-26-Control4003-c3,0,low_single_type,1,0,0,,,0
GSM5613776_2020-08-26-Control4003-c3_TCTCACGAGTTGTAAG-1,GSM5613776_2020-08-26-Control4003-c3,0,low_single_type,1,0,0,,,0
GSM5613776_2020-08-26-Control4003-c3_TCTCACGTCTGGCCTT-1,GSM5613776_2020-08-26-Control4003-c3,1,low_single_type,1,1,1,,,1
GSM5613776_2020-08-26-Control4003-c3_TCTCCGACATTAGGAA-1,GSM5613776_2020-08-26-Control4003-c3,0,low_single_type,1,0,0,,,0
GSM5613776_2020-08-26-Control4003-c3_TCTCCGAGTACCGGAA-1,GSM5613776_2020-08-26-Control4003-c3,0,low_single_type,1,0,0,,,0
GSM5613776_2020-08-26-Control4003-c3_TCTCCGATCCACAGGC-1,GSM5613776_2020-08-26-Control4003-c3,0,low_single_type,1,0,0,,,0
GSM5613776_2020-08-26-Control4003-c3_TCTCCGATCCCGAGGT-1,GSM5613776_2020-08-26-Control4003-c3,0,low_single_type,1,0,0,,,0
GSM5613776_2020-08-26-Control4003-c3_TCTCTGGAGACTTCAC-1,GSM5613776_2020-08-26-Control4003-c3,1,low_single_type,1,1,1,,,1
GSM5613776_2020-08-26-Control4003-c3_TCTCTGGGTATCAGCT-1,GSM5613776_2020-08-26-Control4003-c3,0,low_single_type,1,0,0,,,0
GSM5613776_2020-08-26-Control4003-c3_TCTCTGGGTCGATTAC-1,GSM5613776_2020-08-26-Control4003-c3,0,low_single_type,1,0,0,,,0
GSM5613776_2020-08-26-Control4003-c3_TCTGGCTCAGCGGTCT-1,GSM5613776_2020-08-26-Control4003-c3,0,low_single_type,1,0,0,,,0
GSM5613776_2020-08-26-Control4003-c3_TCTGGCTGTAGGACCA-1,GSM5613776_2020-08-26-Control4003-c3,0,low_single_type,1,0,0,,,0
GSM5613776_2020-08-26-Control4003-c3_TCTGGCTTCATTACTC-1,GSM5613776_2020-08-26-Control4003-c3,0,low_single_type,1,0,0,,,0
GSM5613776_2020-08-26-Control4003-c3_TCTGTCGTCAGGAAAT-1,GSM5613776_2020-08-26-Control4003-c3,0,low_single_type,1,0,0,,,0
GSM5613776_2020-08-26-Control4003-c3_TCTTAGTTCGCCAGAC-1,GSM5613776_2020-08-26-Control4003-c3,1,low_single_type,1,1,1,,,1
GSM5613776_2020-08-26-Control4003-c3_TCTTCCTCACCATTCC-1,GSM5613776_2020-08-26-Control4003-c3,0,low_single_type,1,0,0,,,0
GSM5613776_2020-08-26-Control4003-c3_TCTTCCTGTCTTGTCC-1,GSM5613776_2020-08-26-Control4003-c3,0,low_single_type,1,0,0,,,0
GSM5613776_2020-08-26-Control4003-c3_TCTTCCTTCTTCTAAC-1,GSM5613776_2020-08-26-Control4003-c3,1,low_single_type,1,1,1,,,1
GSM5613776_2020-08-26-Control4003-c3_TCTTGCGAGTCATGGG-1,GSM5613776_2020-08-26-Control4003-c3,1,low_single_type,1,1,1,,,1
GSM5613776_2020-08-26-Control4003-c3_TCTTGCGAGTGGAATT-1,GSM5613776_2020-08-26-Control4003-c3,0,low_single_type,1,0,0,,,0
GSM5613776_2020-08-26-Control4003-c3_TCTTTGACAAACTGCT-1,GSM5613776_2020-08-26-Control4003-c3,1,low_single_type,1,1,1,,,1
GSM5613776_2020-08-26-Control4003-c3_TGAACGTCACCGCTGA-1,GSM5613776_2020-08-26-Control4003-c3,0,low_single_type,1,0,0,,,0
GSM5613776_2020-08-26-Control4003-c3_TGAACGTGTACGTGAG-1,GSM5613776_2020-08-26-Control4003-c3,0,low_single_type,1,0,0,,,0
GSM5613776_2020-08-26-Control4003-c3_TGAACGTGTCGAACAG-1,GSM5613776_2020-08-26-Control4003-c3,0,low_single_type,1,0,0,,,0
GSM5613776_2020-08-26-Control4003-c3_TGAACGTTCTCTAAGG-1,GSM5613776_2020-08-26-Control4003-c3,0,low_single_type,1,0,0,,,0
GSM5613776_2020-08-26-Control4003-c3_TGAATCGAGTAGGTTA-1,GSM5613776_2020-08-26-Control4003-c3,0,low_single_type,1,0,0,,,0
GSM5613776_2020-08-26-Control4003-c3_TGAATCGCAACCCTCT-1,GSM5613776_2020-08-26-Control4003-c3,0,low_single_type,1,0,0,,,0
GSM5613776_2020-08-26-Control4003-c3_TGAATCGCACGAAGAC-1,GSM5613776_2020-08-26-Control4003-c3,0,low_single_type,1,0,0,,,0
GSM5613776_2020-08-26-Control4003-c3_TGAATCGCAGTCGGTC-1,GSM5613776_2020-08-26-Control4003-c3,1,low_single_type,1,1,1,,,1
GSM5613776_2020-08-26-Control4003-c3_TGAATCGGTGTCCGTG-1,GSM5613776_2020-08-26-Control4003-c3,0,low_single_type,1,0,0,,,0
GSM5613776_2020-08-26-Control4003-c3_TGAATGCAGACGCAGT-1,GSM5613776_2020-08-26-Control4003-c3,0,low_single_type,1,0,0,,,0
GSM5613776_2020-08-26-Control4003-c3_TGAATGCAGTGAGCCA-1,GSM5613776_2020-08-26-Control4003-c3,0,low_single_type,1,0,0,,,0
GSM5613776_2020-08-26-Control4003-c3_TGAATGCCAGCAGACA-1,GSM5613776_2020-08-26-Control4003-c3,0,low_single_type,1,0,0,,,0
GSM5613776_2020-08-26-Control4003-c3_TGAATGCCATAAGCGG-1,GSM5613776_2020-08-26-Control4003-c3,1,low_single_type,1,1,1,,,1
GSM5613776_2020-08-26-Control4003-c3_TGACAGTGTCACCCTT-1,GSM5613776_2020-08-26-Control4003-c3,0,low_single_type,1,0,0,,,0
GSM5613776_2020-08-26-Control4003-c3_TGACAGTGTCGAATTC-1,GSM5613776_2020-08-26-Control4003-c3,0,low_single_type,1,0,0,,,0
GSM5613776_2020-08-26-Control4003-c3_TGACAGTTCGTTCTAT-1,GSM5613776_2020-08-26-Control4003-c3,0,low_single_type,1,0,0,,,0
GSM5613776_2020-08-26-Control4003-c3_TGACCCTAGCACTAAA-1,GSM5613776_2020-08-26-Control4003-c3,0,low_single_type,1,0,0,,,0
GSM5613776_2020-08-26-Control4003-c3_TGACCCTTCAGCATTG-1,GSM5613776_2020-08-26-Control4003-c3,0,low_single_type,1,0,0,,,0
GSM5613776_2020-08-26-Control4003-c3_TGACGCGAGTATGGCG-1,GSM5613776_2020-08-26-Control4003-c3,0,low_single_type,1,0,0,,,0
GSM5613776_2020-08-26-Control4003-c3_TGACGCGTCATCTGTT-1,GSM5613776_2020-08-26-Control4003-c3,0,low_single_type,1,0,0,,,0
GSM5613776_2020-08-26-Control4003-c3_TGACTCCAGAAGTCCG-1,GSM5613776_2020-08-26-Control4003-c3,0,low_single_type,1,0,0,,,0
GSM5613776_2020-08-26-Control4003-c3_TGACTCCAGCGAATGC-1,GSM5613776_2020-08-26-Control4003-c3,0,low_single_type,1,0,0,,,0
GSM5613776_2020-08-26-Control4003-c3_TGACTCCCAAGTGATA-1,GSM5613776_2020-08-26-Control4003-c3,0,low_single_type,1,0,0,,,0
GSM5613776_2020-08-26-Control4003-c3_TGACTCCCAGCGTGCT-1,GSM5613776_2020-08-26-Control4003-c3,0,low_single_type,1,0,0,,,0
GSM5613776_2020-08-26-Control4003-c3_TGAGACTGTAGCGCTC-1,GSM5613776_2020-08-26-Control4003-c3,0,low_single_type,1,0,0,,,0
GSM5613776_2020-08-26-Control4003-c3_TGAGCATAGAACAAGG-1,GSM5613776_2020-08-26-Control4003-c3,0,low_single_type,1,0,0,,,0
GSM5613776_2020-08-26-Control4003-c3_TGAGCATGTCCTGTTC-1,GSM5613776_2020-08-26-Control4003-c3,1,low_single_type,1,1,1,,,1
GSM5613776_2020-08-26-Control4003-c3_TGAGCGCCAGCTTCCT-1,GSM5613776_2020-08-26-Control4003-c3,0,low_single_type,1,0,0,,,0
GSM5613776_2020-08-26-Control4003-c3_TGAGCGCCAGTTCCAA-1,GSM5613776_2020-08-26-Control4003-c3,0,low_single_type,1,0,0,,,0
GSM5613776_2020-08-26-Control4003-c3_TGAGCGCGTCCAGTTA-1,GSM5613776_2020-08-26-Control4003-c3,0,low_single_type,1,0,0,,,0
GSM5613776_2020-08-26-Control4003-c3_TGAGGAGAGCAACTCT-1,GSM5613776_2020-08-26-Control4003-c3,0,low_single_type,1,0,0,,,0
GSM5613776_2020-08-26-Control4003-c3_TGAGGAGTCATTGCGA-1,GSM5613776_2020-08-26-Control4003-c3,0,low_single_type,1,0,0,,,0
GSM5613776_2020-08-26-Control4003-c3_TGAGGGAAGCAACCAG-1,GSM5613776_2020-08-26-Control4003-c3,0,low_single_type,1,0,0,,,0
GSM5613776_2020-08-26-Control4003-c3_TGAGGGAAGGACGCAT-1,GSM5613776_2020-08-26-Control4003-c3,0,low_single_type,1,0,0,,,0
GSM5613776_2020-08-26-Control4003-c3_TGAGGTTAGTGTAGTA-1,GSM5613776_2020-08-26-Control4003-c3,0,low_single_type,1,0,0,,,0
GSM5613776_2020-08-26-Control4003-c3_TGAGGTTGTTAAGAAC-1,GSM5613776_2020-08-26-Control4003-c3,0,low_single_type,1,0,0,,,0
GSM5613776_2020-08-26-Control4003-c3_TGATCAGTCATTCTTG-1,GSM5613776_2020-08-26-Control4003-c3,0,low_single_type,1,0,0,,,0
GSM5613776_2020-08-26-Control4003-c3_TGATCTTAGACGCTCC-1,GSM5613776_2020-08-26-Control4003-c3,1,low_single_type,1,1,1,,,1
GSM5613776_2020-08-26-Control4003-c3_TGATCTTCAGCGATTT-1,GSM5613776_2020-08-26-Control4003-c3,0,low_single_type,1,0,0,,,0
GSM5613776_2020-08-26-Control4003-c3_TGATCTTTCAAGGTGG-1,GSM5613776_2020-08-26-Control4003-c3,0,low_single_type,1,0,0,,,0
GSM5613776_2020-08-26-Control4003-c3_TGATGCAGTTGGACCC-1,GSM5613776_2020-08-26-Control4003-c3,0,low_single_type,1,0,0,,,0
GSM5613776_2020-08-26-Control4003-c3_TGATGCATCTTAGCTT-1,GSM5613776_2020-08-26-Control4003-c3,1,low_single_type,1,1,1,,,1
GSM5613776_2020-08-26-Control4003-c3_TGATGGTAGCTGAGTG-1,GSM5613776_2020-08-26-Control4003-c3,0,low_single_type,1,0,0,,,0
GSM5613776_2020-08-26-Control4003-c3_TGATGGTCAAGCTACT-1,GSM5613776_2020-08-26-Control4003-c3,0,low_single_type,1,0,0,,,0
GSM5613776_2020-08-26-Control4003-c3_TGATGGTCACCCAACG-1,GSM5613776_2020-08-26-Control4003-c3,0,low_single_type,1,0,0,,,0
GSM5613776_2020-08-26-Control4003-c3_TGATGGTCATGTTACG-1,GSM5613776_2020-08-26-Control4003-c3,0,low_single_type,1,0,0,,,0
GSM5613776_2020-08-26-Control4003-c3_TGATTCTCAGTCAGAG-1,GSM5613776_2020-08-26-Control4003-c3,0,low_single_type,1,0,0,,,0
GSM5613776_2020-08-26-Control4003-c3_TGATTCTTCCGCATAA-1,GSM5613776_2020-08-26-Control4003-c3,1,low_single_type,1,1,1,,,1
GSM5613776_2020-08-26-Control4003-c3_TGATTTCGTCTACGTA-1,GSM5613776_2020-08-26-Control4003-c3,0,low_single_type,1,0,0,,,0
GSM5613776_2020-08-26-Control4003-c3_TGCACGGAGTACAACA-1,GSM5613776_2020-08-26-Control4003-c3,0,low_single_type,1,0,0,,,0
GSM5613776_2020-08-26-Control4003-c3_TGCACGGCAGCCGTCA-1,GSM5613776_2020-08-26-Control4003-c3,1,low_single_type,1,1,1,,,1
GSM5613776_2020-08-26-Control4003-c3_TGCAGATGTGTGTACT-1,GSM5613776_2020-08-26-Control4003-c3,0,low_single_type,1,0,0,,,0
GSM5613776_2020-08-26-Control4003-c3_TGCAGGCCAGAACTAA-1,GSM5613776_2020-08-26-Control4003-c3,0,low_single_type,1,0,0,,,0
GSM5613776_2020-08-26-Control4003-c3_TGCAGTAGTCCGATCG-1,GSM5613776_2020-08-26-Control4003-c3,0,low_single_type,1,0,0,,,0
GSM5613776_2020-08-26-Control4003-c3_TGCAGTATCTTCCACG-1,GSM5613776_2020-08-26-Control4003-c3,0,low_single_type,1,0,0,,,0
GSM5613776_2020-08-26-Control4003-c3_TGCAGTATCTTTCCAA-1,GSM5613776_2020-08-26-Control4003-c3,0,low_single_type,1,0,0,,,0
GSM5613776_2020-08-26-Control4003-c3_TGCATCCTCACTGCTC-1,GSM5613776_2020-08-26-Control4003-c3,0,low_single_type,1,0,0,,,0
GSM5613776_2020-08-26-Control4003-c3_TGCATGAAGAGTCGAC-1,GSM5613776_2020-08-26-Control4003-c3,0,low_single_type,1,0,0,,,0
GSM5613776_2020-08-26-Control4003-c3_TGCATGAGTTACGGAG-1,GSM5613776_2020-08-26-Control4003-c3,0,low_single_type,1,0,0,,,0
GSM5613776_2020-08-26-Control4003-c3_TGCCGAGTCCACAAGT-1,GSM5613776_2020-08-26-Control4003-c3,0,low_single_type,1,0,0,,,0
GSM5613776_2020-08-26-Control4003-c3_TGCCGAGTCTACTTCA-1,GSM5613776_2020-08-26-Control4003-c3,0,low_single_type,1,0,0,,,0
GSM5613776_2020-08-26-Control4003-c3_TGCGACGGTCATAGTC-1,GSM5613776_2020-08-26-Control4003-c3,0,low_single_type,1,0,0,,,0
GSM5613776_2020-08-26-Control4003-c3_TGCGATAAGTACTCGT-1,GSM5613776_2020-08-26-Control4003-c3,1,low_single_type,1,1,1,,,1
GSM5613776_2020-08-26-Control4003-c3_TGCGATAGTGAGGCAT-1,GSM5613776_2020-08-26-Control4003-c3,0,low_single_type,1,0,0,,,0
GSM5613776_2020-08-26-Control4003-c3_TGCGATATCTTAGCTT-1,GSM5613776_2020-08-26-Control4003-c3,0,low_single_type,1,0,0,,,0
GSM5613776_2020-08-26-Control4003-c3_TGCGGCACAACTGTGT-1,GSM5613776_2020-08-26-Control4003-c3,0,low_single_type,1,0,0,,,0
GSM5613776_2020-08-26-Control4003-c3_TGCGGCACAGCTGTCG-1,GSM5613776_2020-08-26-Control4003-c3,0,low_single_type,1,0,0,,,0
GSM5613776_2020-08-26-Control4003-c3_TGCGGCACATGTTACG-1,GSM5613776_2020-08-26-Control4003-c3,0,low_single_type,1,0,0,,,0
GSM5613776_2020-08-26-Control4003-c3_TGCGGCATCGTCTCAC-1,GSM5613776_2020-08-26-Control4003-c3,0,low_single_type,1,0,0,,,0
GSM5613776_2020-08-26-Control4003-c3_TGCTCCACAGGCTATT-1,GSM5613776_2020-08-26-Control4003-c3,0,low_single_type,1,0,0,,,0
GSM5613776_2020-08-26-Control4003-c3_TGCTCCATCAGTGCGC-1,GSM5613776_2020-08-26-Control4003-c3,1,low_single_type,1,1,1,,,1
GSM5613776_2020-08-26-Control4003-c3_TGCTCGTGTAATGCTC-1,GSM5613776_2020-08-26-Control4003-c3,0,low_single_type,1,0,0,,,0
GSM5613776_2020-08-26-Control4003-c3_TGCTCGTGTTGGTACT-1,GSM5613776_2020-08-26-Control4003-c3,0,low_single_type,1,0,0,,,0
GSM5613776_2020-08-26-Control4003-c3_TGCTGAATCGTACACA-1,GSM5613776_2020-08-26-Control4003-c3,0,low_single_type,1,0,0,,,0
GSM5613776_2020-08-26-Control4003-c3_TGCTTCGAGATACATG-1,GSM5613776_2020-08-26-Control4003-c3,0,low_single_type,1,0,0,,,0
GSM5613776_2020-08-26-Control4003-c3_TGCTTCGAGGTTATAG-1,GSM5613776_2020-08-26-Control4003-c3,0,low_single_type,1,0,0,,,0
GSM5613776_2020-08-26-Control4003-c3_TGCTTCGGTACTCGCG-1,GSM5613776_2020-08-26-Control4003-c3,0,low_single_type,1,0,0,,,0
GSM5613776_2020-08-26-Control4003-c3_TGCTTCGGTTTCGGCG-1,GSM5613776_2020-08-26-Control4003-c3,0,low_single_type,1,0,0,,,0
GSM5613776_2020-08-26-Control4003-c3_TGCTTGCGTAGCGATG-1,GSM5613776_2020-08-26-Control4003-c3,0,low_single_type,1,0,0,,,0
GSM5613776_2020-08-26-Control4003-c3_TGCTTGCGTTGCCGCA-1,GSM5613776_2020-08-26-Control4003-c3,0,low_single_type,1,0,0,,,0
GSM5613776_2020-08-26-Control4003-c3_TGGAACTCAGAAACCG-1,GSM5613776_2020-08-26-Control4003-c3,0,low_single_type,1,0,0,,,0
GSM5613776_2020-08-26-Control4003-c3_TGGAGAGCACGCGTCA-1,GSM5613776_2020-08-26-Control4003-c3,0,low_single_type,1,0,0,,,0
GSM5613776_2020-08-26-Control4003-c3_TGGAGAGTCGGAACTT-1,GSM5613776_2020-08-26-Control4003-c3,0,low_single_type,1,0,0,,,0
GSM5613776_2020-08-26-Control4003-c3_TGGAGGACATGGAATA-1,GSM5613776_2020-08-26-Control4003-c3,0,low_single_type,1,0,0,,,0
GSM5613776_2020-08-26-Control4003-c3_TGGAGGACATTGAAAG-1,GSM5613776_2020-08-26-Control4003-c3,0,low_single_type,1,0,0,,,0
GSM5613776_2020-08-26-Control4003-c3_TGGAGGACATTGTGCA-1,GSM5613776_2020-08-26-Control4003-c3,0,low_single_type,1,0,0,,,0
GSM5613776_2020-08-26-Control4003-c3_TGGATGTCAGGCATGA-1,GSM5613776_2020-08-26-Control4003-c3,0,low_single_type,1,0,0,,,0
GSM5613776_2020-08-26-Control4003-c3_TGGCGTGCATGGCCAC-1,GSM5613776_2020-08-26-Control4003-c3,0,low_single_type,1,0,0,,,0
GSM5613776_2020-08-26-Control4003-c3_TGGCGTGGTGACGCCT-1,GSM5613776_2020-08-26-Control4003-c3,0,low_single_type,1,0,0,,,0
GSM5613776_2020-08-26-Control4003-c3_TGGCGTGGTTAGGGAC-1,GSM5613776_2020-08-26-Control4003-c3,0,low_single_type,1,0,0,,,0
GSM5613776_2020-08-26-Control4003-c3_TGGCGTGTCGTGAGAG-1,GSM5613776_2020-08-26-Control4003-c3,0,low_single_type,1,0,0,,,0
GSM5613776_2020-08-26-Control4003-c3_TGGGAAGCAGTCCCGA-1,GSM5613776_2020-08-26-Control4003-c3,0,low_single_type,1,0,0,,,0
GSM5613776_2020-08-26-Control4003-c3_TGGGAAGTCAACCTCC-1,GSM5613776_2020-08-26-Control4003-c3,0,low_single_type,1,0,0,,,0
GSM5613776_2020-08-26-Control4003-c3_TGGGAGACAGATACTC-1,GSM5613776_2020-08-26-Control4003-c3,0,low_single_type,1,0,0,,,0
GSM5613776_2020-08-26-Control4003-c3_TGGGAGATCACGAGGA-1,GSM5613776_2020-08-26-Control4003-c3,0,low_single_type,1,0,0,,,0
GSM5613776_2020-08-26-Control4003-c3_TGGGATTCATGAATAG-1,GSM5613776_2020-08-26-Control4003-c3,0,low_single_type,1,0,0,,,0
GSM5613776_2020-08-26-Control4003-c3_TGGGATTTCTACCCAC-1,GSM5613776_2020-08-26-Control4003-c3,0,low_single_type,1,0,0,,,0
GSM5613776_2020-08-26-Control4003-c3_TGGGCGTAGCCGATTT-1,GSM5613776_2020-08-26-Control4003-c3,0,low_single_type,1,0,0,,,0
GSM5613776_2020-08-26-Control4003-c3_TGGGCGTTCACCCTGT-1,GSM5613776_2020-08-26-Control4003-c3,0,low_single_type,1,0,0,,,0
GSM5613776_2020-08-26-Control4003-c3_TGGGCTGAGCGTTGTT-1,GSM5613776_2020-08-26-Control4003-c3,0,low_single_type,1,0,0,,,0
GSM5613776_2020-08-26-Control4003-c3_TGGGCTGAGGCTAACG-1,GSM5613776_2020-08-26-Control4003-c3,0,low_single_type,1,0,0,,,0
GSM5613776_2020-08-26-Control4003-c3_TGGGCTGCAGCTTTGA-1,GSM5613776_2020-08-26-Control4003-c3,0,low_single_type,1,0,0,,,0
GSM5613776_2020-08-26-Control4003-c3_TGGGCTGGTTTCTATC-1,GSM5613776_2020-08-26-Control4003-c3,0,low_single_type,1,0,0,,,0
GSM5613776_2020-08-26-Control4003-c3_TGGGCTGTCTTAGCCC-1,GSM5613776_2020-08-26-Control4003-c3,1,low_single_type,1,1,1,,,1
GSM5613776_2020-08-26-Control4003-c3_TGGGTTAAGGTCGTGA-1,GSM5613776_2020-08-26-Control4003-c3,0,low_single_type,1,0,0,,,0
GSM5613776_2020-08-26-Control4003-c3_TGGGTTAAGTATTAGG-1,GSM5613776_2020-08-26-Control4003-c3,0,low_single_type,1,0,0,,,0
GSM5613776_2020-08-26-Control4003-c3_TGGGTTACAAAGACGC-1,GSM5613776_2020-08-26-Control4003-c3,0,low_single_type,1,0,0,,,0
GSM5613776_2020-08-26-Control4003-c3_TGGGTTACAGGTGTTT-1,GSM5613776_2020-08-26-Control4003-c3,1,low_single_type,1,1,1,,,1
GSM5613776_2020-08-26-Control4003-c3_TGGGTTAGTGTTATCG-1,GSM5613776_2020-08-26-Control4003-c3,0,low_single_type,1,0,0,,,0
GSM5613776_2020-08-26-Control4003-c3_TGGGTTATCACGAACT-1,GSM5613776_2020-08-26-Control4003-c3,0,low_single_type,1,0,0,,,0
GSM5613776_2020-08-26-Control4003-c3_TGGTACAAGTCAATCC-1,GSM5613776_2020-08-26-Control4003-c3,1,low_single_type,1,1,1,,,1
GSM5613776_2020-08-26-Control4003-c3_TGGTACACAGTGCGCT-1,GSM5613776_2020-08-26-Control4003-c3,0,low_single_type,1,0,0,,,0
GSM5613776_2020-08-26-Control4003-c3_TGGTACAGTCCGGCAT-1,GSM5613776_2020-08-26-Control4003-c3,0,low_single_type,1,0,0,,,0
GSM5613776_2020-08-26-Control4003-c3_TGGTACAGTGCCTGAC-1,GSM5613776_2020-08-26-Control4003-c3,1,low_single_type,1,1,1,,,1
GSM5613776_2020-08-26-Control4003-c3_TGGTACATCTCCGAAA-1,GSM5613776_2020-08-26-Control4003-c3,0,low_single_type,1,0,0,,,0
GSM5613776_2020-08-26-Control4003-c3_TGGTAGTGTAGATTAG-1,GSM5613776_2020-08-26-Control4003-c3,0,low_single_type,1,0,0,,,0
GSM5613776_2020-08-26-Control4003-c3_TGGTAGTTCTCTGCCA-1,GSM5613776_2020-08-26-Control4003-c3,0,low_single_type,1,0,0,,,0
GSM5613776_2020-08-26-Control4003-c3_TGGTGATAGACCATAA-1,GSM5613776_2020-08-26-Control4003-c3,0,low_single_type,1,0,0,,,0
GSM5613776_2020-08-26-Control4003-c3_TGGTGATAGTCACTGT-1,GSM5613776_2020-08-26-Control4003-c3,0,low_single_type,1,0,0,,,0
GSM5613776_2020-08-26-Control4003-c3_TGGTTAGAGCGCTGCT-1,GSM5613776_2020-08-26-Control4003-c3,0,low_single_type,1,0,0,,,0
GSM5613776_2020-08-26-Control4003-c3_TGTACAGAGCATGCGA-1,GSM5613776_2020-08-26-Control4003-c3,0,low_single_type,1,0,0,,,0
GSM5613776_2020-08-26-Control4003-c3_TGTACAGAGGACAACC-1,GSM5613776_2020-08-26-Control4003-c3,0,low_single_type,1,0,0,,,0
GSM5613776_2020-08-26-Control4003-c3_TGTACAGGTTAGAAGT-1,GSM5613776_2020-08-26-Control4003-c3,0,low_single_type,1,0,0,,,0
GSM5613776_2020-08-26-Control4003-c3_TGTAGACAGATAGGGA-1,GSM5613776_2020-08-26-Control4003-c3,0,low_single_type,1,0,0,,,0
GSM5613776_2020-08-26-Control4003-c3_TGTCAGAGTAGCACGA-1,GSM5613776_2020-08-26-Control4003-c3,0,low_single_type,1,0,0,,,0
GSM5613776_2020-08-26-Control4003-c3_TGTCCACCAGCTACAT-1,GSM5613776_2020-08-26-Control4003-c3,0,low_single_type,1,0,0,,,0
GSM5613776_2020-08-26-Control4003-c3_TGTCCCAGTTATCCAG-1,GSM5613776_2020-08-26-Control4003-c3,0,low_single_type,1,0,0,,,0
GSM5613776_2020-08-26-Control4003-c3_TGTCCCATCGAGGCAA-1,GSM5613776_2020-08-26-Control4003-c3,0,low_single_type,1,0,0,,,0
GSM5613776_2020-08-26-Control4003-c3_TGTCCCATCGCAACAT-1,GSM5613776_2020-08-26-Control4003-c3,0,low_single_type,1,0,0,,,0
GSM5613776_2020-08-26-Control4003-c3_TGTCCTGAGTCGTCTA-1,GSM5613776_2020-08-26-Control4003-c3,0,low_single_type,1,0,0,,,0
GSM5613776_2020-08-26-Control4003-c3_TGTGAGTCAACTCCCT-1,GSM5613776_2020-08-26-Control4003-c3,0,low_single_type,1,0,0,,,0
GSM5613776_2020-08-26-Control4003-c3_TGTGAGTGTTAAAGTG-1,GSM5613776_2020-08-26-Control4003-c3,0,low_single_type,1,0,0,,,0
GSM5613776_2020-08-26-Control4003-c3_TGTGATGAGCTCGGCT-1,GSM5613776_2020-08-26-Control4003-c3,1,low_single_type,1,1,1,,,1
GSM5613776_2020-08-26-Control4003-c3_TGTGATGGTGTGTACT-1,GSM5613776_2020-08-26-Control4003-c3,0,low_single_type,1,0,0,,,0
GSM5613776_2020-08-26-Control4003-c3_TGTGCGGCACATGAAA-1,GSM5613776_2020-08-26-Control4003-c3,0,low_single_type,1,0,0,,,0
GSM5613776_2020-08-26-Control4003-c3_TGTGCGGCACTTCTCG-1,GSM5613776_2020-08-26-Control4003-c3,0,low_single_type,1,0,0,,,0
GSM5613776_2020-08-26-Control4003-c3_TGTGCGGGTTCAGTAC-1,GSM5613776_2020-08-26-Control4003-c3,0,low_single_type,1,0,0,,,0
GSM5613776_2020-08-26-Control4003-c3_TGTGGCGAGAGGCCAT-1,GSM5613776_2020-08-26-Control4003-c3,0,low_single_type,1,0,0,,,0
GSM5613776_2020-08-26-Control4003-c3_TGTGGCGCATGGTGGA-1,GSM5613776_2020-08-26-Control4003-c3,0,low_single_type,1,0,0,,,0
GSM5613776_2020-08-26-Control4003-c3_TGTGGCGGTCCCAAAT-1,GSM5613776_2020-08-26-Control4003-c3,0,low_single_type,1,0,0,,,0
GSM5613776_2020-08-26-Control4003-c3_TGTGTGAAGCCTATCA-1,GSM5613776_2020-08-26-Control4003-c3,0,low_single_type,1,0,0,,,0
GSM5613776_2020-08-26-Control4003-c3_TGTGTGACACGTCGGT-1,GSM5613776_2020-08-26-Control4003-c3,0,low_single_type,1,0,0,,,0
GSM5613776_2020-08-26-Control4003-c3_TGTTACTGTAAGCAAT-1,GSM5613776_2020-08-26-Control4003-c3,0,low_single_type,1,0,0,,,0
GSM5613776_2020-08-26-Control4003-c3_TGTTACTTCCAGTTCC-1,GSM5613776_2020-08-26-Control4003-c3,0,low_single_type,1,0,0,,,0
GSM5613776_2020-08-26-Control4003-c3_TGTTCATCAGCGTTTA-1,GSM5613776_2020-08-26-Control4003-c3,0,low_single_type,1,0,0,,,0
GSM5613776_2020-08-26-Control4003-c3_TGTTCATGTTAAGAAC-1,GSM5613776_2020-08-26-Control4003-c3,0,low_single_type,1,0,0,,,0
GSM5613776_2020-08-26-Control4003-c3_TGTTCCGCAACCTAAC-1,GSM5613776_2020-08-26-Control4003-c3,0,low_single_type,1,0,0,,,0
GSM5613776_2020-08-26-Control4003-c3_TGTTCCGCAATTGAGA-1,GSM5613776_2020-08-26-Control4003-c3,0,low_single_type,1,0,0,,,0
GSM5613776_2020-08-26-Control4003-c3_TGTTCCGCATGTAACC-1,GSM5613776_2020-08-26-Control4003-c3,0,low_single_type,1,0,0,,,0
GSM5613776_2020-08-26-Control4003-c3_TGTTCTAAGTTTGTCG-1,GSM5613776_2020-08-26-Control4003-c3,0,low_single_type,1,0,0,,,0
GSM5613776_2020-08-26-Control4003-c3_TGTTGAGCAAACAGGC-1,GSM5613776_2020-08-26-Control4003-c3,0,low_single_type,1,0,0,,,0
GSM5613776_2020-08-26-Control4003-c3_TGTTGAGCAGGTCTCG-1,GSM5613776_2020-08-26-Control4003-c3,0,low_single_type,1,0,0,,,0
GSM5613776_2020-08-26-Control4003-c3_TGTTGGACACAGACGA-1,GSM5613776_2020-08-26-Control4003-c3,0,low_single_type,1,0,0,,,0
GSM5613776_2020-08-26-Control4003-c3_TGTTGGACATAATCGC-1,GSM5613776_2020-08-26-Control4003-c3,0,low_single_type,1,0,0,,,0
GSM5613776_2020-08-26-Control4003-c3_TTAATCCAGAGAGCAA-1,GSM5613776_2020-08-26-Control4003-c3,0,low_single_type,1,0,0,,,0
GSM5613776_2020-08-26-Control4003-c3_TTAATCCGTGTGACCC-1,GSM5613776_2020-08-26-Control4003-c3,0,low_single_type,1,0,0,,,0
GSM5613776_2020-08-26-Control4003-c3_TTACCATAGGTGGTTG-1,GSM5613776_2020-08-26-Control4003-c3,0,low_single_type,1,0,0,,,0
GSM5613776_2020-08-26-Control4003-c3_TTACCATGTCCTACAA-1,GSM5613776_2020-08-26-Control4003-c3,1,low_single_type,1,1,1,,,1
GSM5613776_2020-08-26-Control4003-c3_TTACCATGTTCTCGTC-1,GSM5613776_2020-08-26-Control4003-c3,0,low_single_type,1,0,0,,,0
GSM5613776_2020-08-26-Control4003-c3_TTACCGCAGTAACCGG-1,GSM5613776_2020-08-26-Control4003-c3,0,low_single_type,1,0,0,,,0
GSM5613776_2020-08-26-Control4003-c3_TTACCGCCAGAGAATT-1,GSM5613776_2020-08-26-Control4003-c3,0,low_single_type,1,0,0,,,0
GSM5613776_2020-08-26-Control4003-c3_TTACCGCGTACCATAC-1,GSM5613776_2020-08-26-Control4003-c3,0,low_single_type,1,0,0,,,0
GSM5613776_2020-08-26-Control4003-c3_TTACCGCTCAGCAGAG-1,GSM5613776_2020-08-26-Control4003-c3,0,low_single_type,1,0,0,,,0
GSM5613776_2020-08-26-Control4003-c3_TTACGCCCAGGGCTTC-1,GSM5613776_2020-08-26-Control4003-c3,0,low_single_type,1,0,0,,,0
GSM5613776_2020-08-26-Control4003-c3_TTACGTTCAGCACAAG-1,GSM5613776_2020-08-26-Control4003-c3,0,low_single_type,1,0,0,,,0
GSM5613776_2020-08-26-Control4003-c3_TTACGTTCATGACCCG-1,GSM5613776_2020-08-26-Control4003-c3,0,low_single_type,1,0,0,,,0
GSM5613776_2020-08-26-Control4003-c3_TTACGTTTCGCCAGTG-1,GSM5613776_2020-08-26-Control4003-c3,0,low_single_type,1,0,0,,,0
GSM5613776_2020-08-26-Control4003-c3_TTACTGTAGGGCTTCC-1,GSM5613776_2020-08-26-Control4003-c3,1,low_single_type,1,1,1,,,1
GSM5613776_2020-08-26-Control4003-c3_TTACTGTAGGTACCTT-1,GSM5613776_2020-08-26-Control4003-c3,0,low_single_type,1,0,0,,,0
GSM5613776_2020-08-26-Control4003-c3_TTAGGCAAGATTAGTG-1,GSM5613776_2020-08-26-Control4003-c3,0,low_single_type,1,0,0,,,0
GSM5613776_2020-08-26-Control4003-c3_TTAGGCATCGTTACCC-1,GSM5613776_2020-08-26-Control4003-c3,0,low_single_type,1,0,0,,,0
GSM5613776_2020-08-26-Control4003-c3_TTAGGGTAGAGTCTTC-1,GSM5613776_2020-08-26-Control4003-c3,0,low_single_type,1,0,0,,,0
GSM5613776_2020-08-26-Control4003-c3_TTAGGGTGTTTCTATC-1,GSM5613776_2020-08-26-Control4003-c3,0,low_single_type,1,0,0,,,0
GSM5613776_2020-08-26-Control4003-c3_TTAGGGTTCATCAGTG-1,GSM5613776_2020-08-26-Control4003-c3,0,low_single_type,1,0,0,,,0
GSM5613776_2020-08-26-Control4003-c3_TTAGTCTGTAACACGG-1,GSM5613776_2020-08-26-Control4003-c3,0,low_single_type,1,0,0,,,0
GSM5613776_2020-08-26-Control4003-c3_TTAGTCTGTTAATCGC-1,GSM5613776_2020-08-26-Control4003-c3,1,low_single_type,1,1,1,,,1
GSM5613776_2020-08-26-Control4003-c3_TTATTGCAGTACAGAT-1,GSM5613776_2020-08-26-Control4003-c3,0,low_single_type,1,0,0,,,0
GSM5613776_2020-08-26-Control4003-c3_TTATTGCGTTCAGCGC-1,GSM5613776_2020-08-26-Control4003-c3,0,low_single_type,1,0,0,,,0
GSM5613776_2020-08-26-Control4003-c3_TTCAATCCAACACGTT-1,GSM5613776_2020-08-26-Control4003-c3,0,low_single_type,1,0,0,,,0
GSM5613776_2020-08-26-Control4003-c3_TTCACCGCAGAGTCAG-1,GSM5613776_2020-08-26-Control4003-c3,0,low_single_type,1,0,0,,,0
GSM5613776_2020-08-26-Control4003-c3_TTCACGCCAAGAAATC-1,GSM5613776_2020-08-26-Control4003-c3,0,low_single_type,1,0,0,,,0
GSM5613776_2020-08-26-Control4003-c3_TTCACGCGTGGTTTGT-1,GSM5613776_2020-08-26-Control4003-c3,1,low_single_type,1,1,1,,,1
GSM5613776_2020-08-26-Control4003-c3_TTCACGCTCGTTCCTG-1,GSM5613776_2020-08-26-Control4003-c3,0,low_single_type,1,0,0,,,0
GSM5613776_2020-08-26-Control4003-c3_TTCAGGAAGCCACCGT-1,GSM5613776_2020-08-26-Control4003-c3,0,low_single_type,1,0,0,,,0
GSM5613776_2020-08-26-Control4003-c3_TTCAGGAGTTGCCAAT-1,GSM5613776_2020-08-26-Control4003-c3,0,low_single_type,1,0,0,,,0
GSM5613776_2020-08-26-Control4003-c3_TTCATGTCACTAACCA-1,GSM5613776_2020-08-26-Control4003-c3,0,low_single_type,1,0,0,,,0
GSM5613776_2020-08-26-Control4003-c3_TTCATGTTCCGTGTGG-1,GSM5613776_2020-08-26-Control4003-c3,0,low_single_type,1,0,0,,,0
GSM5613776_2020-08-26-Control4003-c3_TTCATTGTCGTTCGCT-1,GSM5613776_2020-08-26-Control4003-c3,0,low_single_type,1,0,0,,,0
GSM5613776_2020-08-26-Control4003-c3_TTCCACGGTCCTTAAG-1,GSM5613776_2020-08-26-Control4003-c3,0,low_single_type,1,0,0,,,0
GSM5613776_2020-08-26-Control4003-c3_TTCCACGGTTTAGACC-1,GSM5613776_2020-08-26-Control4003-c3,0,low_single_type,1,0,0,,,0
GSM5613776_2020-08-26-Control4003-c3_TTCCACGTCTCGCCTA-1,GSM5613776_2020-08-26-Control4003-c3,0,low_single_type,1,0,0,,,0
GSM5613776_2020-08-26-Control4003-c3_TTCCGGTGTCATCTAG-1,GSM5613776_2020-08-26-Control4003-c3,0,low_single_type,1,0,0,,,0
GSM5613776_2020-08-26-Control4003-c3_TTCCGGTTCGACGACC-1,GSM5613776_2020-08-26-Control4003-c3,0,low_single_type,1,0,0,,,0
GSM5613776_2020-08-26-Control4003-c3_TTCCGTGAGGTTGAGC-1,GSM5613776_2020-08-26-Control4003-c3,0,low_single_type,1,0,0,,,0
GSM5613776_2020-08-26-Control4003-c3_TTCCGTGAGTGGATTA-1,GSM5613776_2020-08-26-Control4003-c3,1,low_single_type,1,1,1,,,1
GSM5613776_2020-08-26-Control4003-c3_TTCCGTGGTCCAAATC-1,GSM5613776_2020-08-26-Control4003-c3,1,low_single_type,1,1,1,,,1
GSM5613776_2020-08-26-Control4003-c3_TTCCGTGTCCGAGGCT-1,GSM5613776_2020-08-26-Control4003-c3,0,low_single_type,1,0,0,,,0
GSM5613776_2020-08-26-Control4003-c3_TTCCTAAGTCACATTG-1,GSM5613776_2020-08-26-Control4003-c3,0,low_single_type,1,0,0,,,0
GSM5613776_2020-08-26-Control4003-c3_TTCCTCTAGTAATACG-1,GSM5613776_2020-08-26-Control4003-c3,0,low_single_type,1,0,0,,,0
GSM5613776_2020-08-26-Control4003-c3_TTCCTCTTCACCTCGT-1,GSM5613776_2020-08-26-Control4003-c3,1,low_single_type,1,1,1,,,1
GSM5613776_2020-08-26-Control4003-c3_TTCCTCTTCCACCCTA-1,GSM5613776_2020-08-26-Control4003-c3,0,low_single_type,1,0,0,,,0
GSM5613776_2020-08-26-Control4003-c3_TTCCTCTTCTAGTGTG-1,GSM5613776_2020-08-26-Control4003-c3,0,low_single_type,1,0,0,,,0
GSM5613776_2020-08-26-Control4003-c3_TTCCTTCAGTATGGAT-1,GSM5613776_2020-08-26-Control4003-c3,0,low_single_type,1,0,0,,,0
GSM5613776_2020-08-26-Control4003-c3_TTCCTTCGTAGCTCGC-1,GSM5613776_2020-08-26-Control4003-c3,0,low_single_type,1,0,0,,,0
GSM5613776_2020-08-26-Control4003-c3_TTCGATTGTGCAATGG-1,GSM5613776_2020-08-26-Control4003-c3,0,low_single_type,1,0,0,,,0
GSM5613776_2020-08-26-Control4003-c3_TTCGCTGCAAGAATAC-1,GSM5613776_2020-08-26-Control4003-c3,0,low_single_type,1,0,0,,,0
GSM5613776_2020-08-26-Control4003-c3_TTCGCTGCAATGGCCC-1,GSM5613776_2020-08-26-Control4003-c3,0,low_single_type,1,0,0,,,0
GSM5613776_2020-08-26-Control4003-c3_TTCGCTGCATAATGCC-1,GSM5613776_2020-08-26-Control4003-c3,0,low_single_type,1,0,0,,,0
GSM5613776_2020-08-26-Control4003-c3_TTCGCTGTCCCTCTAG-1,GSM5613776_2020-08-26-Control4003-c3,0,low_single_type,1,0,0,,,0
GSM5613776_2020-08-26-Control4003-c3_TTCGGTCAGCAGCCCT-1,GSM5613776_2020-08-26-Control4003-c3,0,low_single_type,1,0,0,,,0
GSM5613776_2020-08-26-Control4003-c3_TTCGGTCAGTAACCGG-1,GSM5613776_2020-08-26-Control4003-c3,0,low_single_type,1,0,0,,,0
GSM5613776_2020-08-26-Control4003-c3_TTCGGTCTCTCCGAGG-1,GSM5613776_2020-08-26-Control4003-c3,0,low_single_type,1,0,0,,,0
GSM5613776_2020-08-26-Control4003-c3_TTCTAACTCTACTGAG-1,GSM5613776_2020-08-26-Control4003-c3,0,low_single_type,1,0,0,,,0
GSM5613776_2020-08-26-Control4003-c3_TTCTCTCAGACTCTTG-1,GSM5613776_2020-08-26-Control4003-c3,0,low_single_type,1,0,0,,,0
GSM5613776_2020-08-26-Control4003-c3_TTCTGTAAGGCTTAAA-1,GSM5613776_2020-08-26-Control4003-c3,0,low_single_type,1,0,0,,,0
GSM5613776_2020-08-26-Control4003-c3_TTCTGTAAGTCGAGGT-1,GSM5613776_2020-08-26-Control4003-c3,0,low_single_type,1,0,0,,,0
GSM5613776_2020-08-26-Control4003-c3_TTCTGTAGTACAAACA-1,GSM5613776_2020-08-26-Control4003-c3,0,low_single_type,1,0,0,,,0
GSM5613776_2020-08-26-Control4003-c3_TTCTTCCAGGATTCAA-1,GSM5613776_2020-08-26-Control4003-c3,1,low_single_type,1,1,1,,,1
GSM5613776_2020-08-26-Control4003-c3_TTCTTCCTCATCGCTC-1,GSM5613776_2020-08-26-Control4003-c3,0,low_single_type,1,0,0,,,0
GSM5613776_2020-08-26-Control4003-c3_TTCTTGAAGTGGCAGT-1,GSM5613776_2020-08-26-Control4003-c3,0,low_single_type,1,0,0,,,0
GSM5613776_2020-08-26-Control4003-c3_TTCTTGAGTCACAGTT-1,GSM5613776_2020-08-26-Control4003-c3,1,low_single_type,1,1,1,,,1
GSM5613776_2020-08-26-Control4003-c3_TTCTTGAGTGATATAG-1,GSM5613776_2020-08-26-Control4003-c3,0,low_single_type,1,0,0,,,0
GSM5613776_2020-08-26-Control4003-c3_TTGAACGCATCAGCGC-1,GSM5613776_2020-08-26-Control4003-c3,0,low_single_type,1,0,0,,,0
GSM5613776_2020-08-26-Control4003-c3_TTGAACGGTAGATTGA-1,GSM5613776_2020-08-26-Control4003-c3,1,low_single_type,1,1,1,,,1
GSM5613776_2020-08-26-Control4003-c3_TTGACCCAGCAACCAG-1,GSM5613776_2020-08-26-Control4003-c3,0,low_single_type,1,0,0,,,0
GSM5613776_2020-08-26-Control4003-c3_TTGACCCCACAGCCTG-1,GSM5613776_2020-08-26-Control4003-c3,0,low_single_type,1,0,0,,,0
GSM5613776_2020-08-26-Control4003-c3_TTGACCCCACTACTTT-1,GSM5613776_2020-08-26-Control4003-c3,0,low_single_type,1,0,0,,,0
GSM5613776_2020-08-26-Control4003-c3_TTGACCCCAGTAGGAC-1,GSM5613776_2020-08-26-Control4003-c3,0,low_single_type,1,0,0,,,0
GSM5613776_2020-08-26-Control4003-c3_TTGACCCTCAGTGCGC-1,GSM5613776_2020-08-26-Control4003-c3,0,low_single_type,1,0,0,,,0
GSM5613776_2020-08-26-Control4003-c3_TTGACCCTCTCTTAAC-1,GSM5613776_2020-08-26-Control4003-c3,0,low_single_type,1,0,0,,,0
GSM5613776_2020-08-26-Control4003-c3_TTGAGTGAGGACAGCT-1,GSM5613776_2020-08-26-Control4003-c3,0,low_single_type,1,0,0,,,0
GSM5613776_2020-08-26-Control4003-c3_TTGAGTGGTAATACCC-1,GSM5613776_2020-08-26-Control4003-c3,0,low_single_type,1,0,0,,,0
GSM5613776_2020-08-26-Control4003-c3_TTGAGTGGTAGACTGG-1,GSM5613776_2020-08-26-Control4003-c3,0,low_single_type,1,0,0,,,0
GSM5613776_2020-08-26-Control4003-c3_TTGAGTGGTGCCAAGA-1,GSM5613776_2020-08-26-Control4003-c3,0,low_single_type,1,0,0,,,0
GSM5613776_2020-08-26-Control4003-c3_TTGAGTGGTTGATGTC-1,GSM5613776_2020-08-26-Control4003-c3,0,low_single_type,1,0,0,,,0
GSM5613776_2020-08-26-Control4003-c3_TTGAGTGTCAGCTCTC-1,GSM5613776_2020-08-26-Control4003-c3,1,low_single_type,1,1,1,,,1
GSM5613776_2020-08-26-Control4003-c3_TTGATGGCACTGCACG-1,GSM5613776_2020-08-26-Control4003-c3,0,low_single_type,1,0,0,,,0
GSM5613776_2020-08-26-Control4003-c3_TTGATGGGTATCATGC-1,GSM5613776_2020-08-26-Control4003-c3,0,low_single_type,1,0,0,,,0
GSM5613776_2020-08-26-Control4003-c3_TTGATGGGTGTGTGGA-1,GSM5613776_2020-08-26-Control4003-c3,0,low_single_type,1,0,0,,,0
GSM5613776_2020-08-26-Control4003-c3_TTGATGGTCTGTAACG-1,GSM5613776_2020-08-26-Control4003-c3,0,low_single_type,1,0,0,,,0
GSM5613776_2020-08-26-Control4003-c3_TTGCATTCACCATTCC-1,GSM5613776_2020-08-26-Control4003-c3,0,low_single_type,1,0,0,,,0
GSM5613776_2020-08-26-Control4003-c3_TTGCATTCACCGGTCA-1,GSM5613776_2020-08-26-Control4003-c3,0,low_single_type,1,0,0,,,0
GSM5613776_2020-08-26-Control4003-c3_TTGCATTGTTTATGCG-1,GSM5613776_2020-08-26-Control4003-c3,1,low_single_type,1,1,1,,,1
GSM5613776_2020-08-26-Control4003-c3_TTGCGTCAGAGCGACT-1,GSM5613776_2020-08-26-Control4003-c3,0,low_single_type,1,0,0,,,0
GSM5613776_2020-08-26-Control4003-c3_TTGCTGCAGCAGGGAG-1,GSM5613776_2020-08-26-Control4003-c3,0,low_single_type,1,0,0,,,0
GSM5613776_2020-08-26-Control4003-c3_TTGCTGCAGCATCCCG-1,GSM5613776_2020-08-26-Control4003-c3,0,low_single_type,1,0,0,,,0
GSM5613776_2020-08-26-Control4003-c3_TTGGATGAGAGCCATG-1,GSM5613776_2020-08-26-Control4003-c3,0,low_single_type,1,0,0,,,0
GSM5613776_2020-08-26-Control4003-c3_TTGGATGAGATTGACA-1,GSM5613776_2020-08-26-Control4003-c3,0,low_single_type,1,0,0,,,0
GSM5613776_2020-08-26-Control4003-c3_TTGGGATTCATACGAC-1,GSM5613776_2020-08-26-Control4003-c3,0,low_single_type,1,0,0,,,0
GSM5613776_2020-08-26-Control4003-c3_TTGGGCGGTACGGGAT-1,GSM5613776_2020-08-26-Control4003-c3,0,low_single_type,1,0,0,,,0
GSM5613776_2020-08-26-Control4003-c3_TTGGGTAAGGATTACA-1,GSM5613776_2020-08-26-Control4003-c3,0,low_single_type,1,0,0,,,0
GSM5613776_2020-08-26-Control4003-c3_TTGGTTTAGACCAAAT-1,GSM5613776_2020-08-26-Control4003-c3,0,low_single_type,1,0,0,,,0
GSM5613776_2020-08-26-Control4003-c3_TTGGTTTCAGCGACAA-1,GSM5613776_2020-08-26-Control4003-c3,1,low_single_type,1,1,1,,,1
GSM5613776_2020-08-26-Control4003-c3_TTGGTTTGTGCGGCTT-1,GSM5613776_2020-08-26-Control4003-c3,0,low_single_type,1,0,0,,,0
GSM5613776_2020-08-26-Control4003-c3_TTGTGGAAGAGTGAAG-1,GSM5613776_2020-08-26-Control4003-c3,1,low_single_type,1,1,1,,,1
GSM5613776_2020-08-26-Control4003-c3_TTGTGGAAGGTTGAGC-1,GSM5613776_2020-08-26-Control4003-c3,0,low_single_type,1,0,0,,,0
GSM5613776_2020-08-26-Control4003-c3_TTGTGGATCTGGGATT-1,GSM5613776_2020-08-26-Control4003-c3,0,low_single_type,1,0,0,,,0
GSM5613776_2020-08-26-Control4003-c3_TTGTGTTAGAAGGCTC-1,GSM5613776_2020-08-26-Control4003-c3,0,low_single_type,1,0,0,,,0
GSM5613776_2020-08-26-Control4003-c3_TTGTGTTGTGACGTCC-1,GSM5613776_2020-08-26-Control4003-c3,0,low_single_type,1,0,0,,,0
GSM5613776_2020-08-26-Control4003-c3_TTGTGTTGTTCCATTT-1,GSM5613776_2020-08-26-Control4003-c3,0,low_single_type,1,0,0,,,0
GSM5613776_2020-08-26-Control4003-c3_TTGTGTTTCCTAAACG-1,GSM5613776_2020-08-26-Control4003-c3,0,low_single_type,1,0,0,,,0
GSM5613776_2020-08-26-Control4003-c3_TTGTTCACACTACCGG-1,GSM5613776_2020-08-26-Control4003-c3,0,low_single_type,1,0,0,,,0
GSM5613776_2020-08-26-Control4003-c3_TTGTTGTAGTAACAGT-1,GSM5613776_2020-08-26-Control4003-c3,0,low_single_type,1,0,0,,,0
GSM5613776_2020-08-26-Control4003-c3_TTGTTGTCACTGCTTC-1,GSM5613776_2020-08-26-Control4003-c3,0,low_single_type,1,0,0,,,0
GSM5613776_2020-08-26-Control4003-c3_TTGTTGTGTGAGTAGC-1,GSM5613776_2020-08-26-Control4003-c3,0,low_single_type,1,0,0,,,0
GSM5613776_2020-08-26-Control4003-c3_TTGTTTGTCCGCTGTT-1,GSM5613776_2020-08-26-Control4003-c3,0,low_single_type,1,0,0,,,0
GSM5613776_2020-08-26-Control4003-c3_TTTACCACACTTGAAC-1,GSM5613776_2020-08-26-Control4003-c3,0,low_single_type,1,0,0,,,0
GSM5613776_2020-08-26-Control4003-c3_TTTACCAGTTGCTCCT-1,GSM5613776_2020-08-26-Control4003-c3,0,low_single_type,1,0,0,,,0
GSM5613776_2020-08-26-Control4003-c3_TTTACCATCAACCGAT-1,GSM5613776_2020-08-26-Control4003-c3,0,low_single_type,1,0,0,,,0
GSM5613776_2020-08-26-Control4003-c3_TTTACCATCCATAGAC-1,GSM5613776_2020-08-26-Control4003-c3,1,low_single_type,1,1,1,,,1
GSM5613776_2020-08-26-Control4003-c3_TTTACCATCCGACATA-1,GSM5613776_2020-08-26-Control4003-c3,0,low_single_type,1,0,0,,,0
GSM5613776_2020-08-26-Control4003-c3_TTTACGTCATTATGCG-1,GSM5613776_2020-08-26-Control4003-c3,0,low_single_type,1,0,0,,,0
GSM5613776_2020-08-26-Control4003-c3_TTTACGTGTTTCGTAG-1,GSM5613776_2020-08-26-Control4003-c3,0,low_single_type,1,0,0,,,0
GSM5613776_2020-08-26-Control4003-c3_TTTACTGAGATGGTCG-1,GSM5613776_2020-08-26-Control4003-c3,0,low_single_type,1,0,0,,,0
GSM5613776_2020-08-26-Control4003-c3_TTTACTGGTCGTTGGC-1,GSM5613776_2020-08-26-Control4003-c3,0,low_single_type,1,0,0,,,0
GSM5613776_2020-08-26-Control4003-c3_TTTACTGTCTGACCCT-1,GSM5613776_2020-08-26-Control4003-c3,0,low_single_type,1,0,0,,,0
GSM5613776_2020-08-26-Control4003-c3_TTTAGTCGTAGGAGGG-1,GSM5613776_2020-08-26-Control4003-c3,0,low_single_type,1,0,0,,,0
GSM5613776_2020-08-26-Control4003-c3_TTTATGCGTGAAGCTG-1,GSM5613776_2020-08-26-Control4003-c3,1,low_single_type,1,1,1,,,1
GSM5613776_2020-08-26-Control4003-c3_TTTCACAGTCTGCATA-1,GSM5613776_2020-08-26-Control4003-c3,0,low_single_type,1,0,0,,,0
GSM5613776_2020-08-26-Control4003-c3_TTTCAGTCAAGGCGTA-1,GSM5613776_2020-08-26-Control4003-c3,0,low_single_type,1,0,0,,,0
GSM5613776_2020-08-26-Control4003-c3_TTTCAGTCAATGAAAC-1,GSM5613776_2020-08-26-Control4003-c3,1,low_single_type,1,1,1,,,1
GSM5613776_2020-08-26-Control4003-c3_TTTCAGTGTGCCAAGA-1,GSM5613776_2020-08-26-Control4003-c3,0,low_single_type,1,0,0,,,0
GSM5613776_2020-08-26-Control4003-c3_TTTCAGTTCCCGTTCA-1,GSM5613776_2020-08-26-Control4003-c3,0,low_single_type,1,0,0,,,0
GSM5613776_2020-08-26-Control4003-c3_TTTCAGTTCGCTCTAC-1,GSM5613776_2020-08-26-Control4003-c3,0,low_single_type,1,0,0,,,0
GSM5613776_2020-08-26-Control4003-c3_TTTCAGTTCTAAGAAG-1,GSM5613776_2020-08-26-Control4003-c3,0,low_single_type,1,0,0,,,0
GSM5613776_2020-08-26-Control4003-c3_TTTCGATAGTTCATCG-1,GSM5613776_2020-08-26-Control4003-c3,0,low_single_type,1,0,0,,,0
GSM5613776_2020-08-26-Control4003-c3_TTTCGATTCCCTCGTA-1,GSM5613776_2020-08-26-Control4003-c3,0,low_single_type,1,0,0,,,0
GSM5613776_2020-08-26-Control4003-c3_TTTCGATTCTCTTCAA-1,GSM5613776_2020-08-26-Control4003-c3,0,low_single_type,1,0,0,,,0
GSM5613776_2020-08-26-Control4003-c3_TTTGACTAGTCACGCC-1,GSM5613776_2020-08-26-Control4003-c3,0,low_single_type,1,0,0,,,0
GSM5613776_2020-08-26-Control4003-c3_TTTGACTGTAGCGAGT-1,GSM5613776_2020-08-26-Control4003-c3,0,low_single_type,1,0,0,,,0
GSM5613776_2020-08-26-Control4003-c3_TTTGACTGTGGACCAA-1,GSM5613776_2020-08-26-Control4003-c3,0,low_single_type,1,0,0,,,0
GSM5613776_2020-08-26-Control4003-c3_TTTGACTTCGTCTACC-1,GSM5613776_2020-08-26-Control4003-c3,0,low_single_type,1,0,0,,,0
GSM5613776_2020-08-26-Control4003-c3_TTTGATCTCTAACGGT-1,GSM5613776_2020-08-26-Control4003-c3,0,low_single_type,1,0,0,,,0
GSM5613776_2020-08-26-Control4003-c3_TTTGGAGAGATTGTGA-1,GSM5613776_2020-08-26-Control4003-c3,0,low_single_type,1,0,0,,,0
GSM5613776_2020-08-26-Control4003-c3_TTTGGAGTCGAGGCAA-1,GSM5613776_2020-08-26-Control4003-c3,0,low_single_type,1,0,0,,,0
GSM5613776_2020-08-26-Control4003-c3_TTTGGTTCAGACCTAT-1,GSM5613776_2020-08-26-Control4003-c3,0,low_single_type,1,0,0,,,0
GSM5613776_2020-08-26-Control4003-c3_TTTGTTGAGCGCCCAT-1,GSM5613776_2020-08-26-Control4003-c3,0,low_single_type,1,0,0,,,0
GSM5613776_2020-08-26-Control4003-c3_TTTGTTGCAAGTTGGG-1,GSM5613776_2020-08-26-Control4003-c3,0,low_single_type,1,0,0,,,0
GSM5613776_2020-08-26-Control4003-c3_TTTGTTGTCTTACTGT-1,GSM5613776_2020-08-26-Control4003-c3,0,low_single_type,1,0,0,,,0
GSM5613776_2020-08-26-Control4003-c3_TTTGTTGTCTTTCGAT-1,GSM5613776_2020-08-26-Control4003-c3,0,low_single_type,1,0,0,,,0
