cell,sample,malignant,confidence,n_types,n_types_mal,expr_call,allele_call,snv_call,m_infercnv
GSM5613775_2020-08-26-Control4003-c2_AAACGAACAAGTCATC-1,GSM5613775_2020-08-26-Control4003-c2,0,low_single_type,1,0,0,,,0
GSM5613775_2020-08-26-Control4003-c2_AAACGAATCCTCGATC-1,GSM5613775_2020-08-26-Control4003-c2,1,low_single_type,1,1,1,,,1
GSM5613775_2020-08-26-Control4003-c2_AAACGCTCAACCTAAC-1,GSM5613775_2020-08-26-Control4003-c2,1,low_single_type,1,1,1,,,1
GSM5613775_2020-08-26-Control4003-c2_AAACGCTGTGTGATGG-1,GSM5613775_2020-08-26-Control4003-c2,0,low_single_type,1,0,0,,,0
GSM5613775_2020-08-26-Control4003-c2_AAACGCTTCGTTGTGA-1,GSM5613775_2020-08-26-Control4003-c2,0,low_single_type,1,0,0,,,0
GSM5613775_2020-08-26-Control4003-c2_AAAGAACCACGCGGTT-1,GSM5613775_2020-08-26-Control4003-c2,1,low_single_type,1,1,1,,,1
GSM5613775_2020-08-26-Control4003-c2_AAAGAACGTTCTTAGG-1,GSM5613775_2020-08-26-Control4003-c2,0,low_single_type,1,0,0,,,0
GSM5613775_2020-08-26-Control4003-c2_AAAGAACTCATCTCTA-1,GSM5613775_2020-08-26-Control4003-c2,0,low_single_type,1,0,0,,,0
GSM5613775_2020-08-26-Control4003-c2_AAAGAACTCGAGAAGC-1,GSM5613775_2020-08-26-Control4003-c2,0,low_single_type,1,0,0,,,0
GSM5613775_2020-08-26-Control4003-c2_AAAGGGCAGCGAGTCA-1,GSM5613775_2020-08-26-Control4003-c2,1,low_single_type,1,1,1,,,1
GSM5613775_2020-08-26-Control4003-c2_AAAGGGCCACCGTACG-1,GSM5613775_2020-08-26-Control4003-c2,0,low_single_type,1,0,0,,,0
GSM5613775_2020-08-26-Control4003-c2_AAAGGGCCACGTATAC-1,GSM5613775_2020-08-26-Control4003-c2,0,low_single_type,1,0,0,,,0
GSM5613775_2020-08-26-Control4003-c2_AAAGGGCTCACCACAA-1,GSM5613775_2020-08-26-Control4003-c2,0,low_single_type,1,0,0,,,0
GSM5613775_2020-08-26-Control4003-c2_AAAGGTAAGGAAGTAG-1,GSM5613775_2020-08-26-Control4003-c2,0,low_single_type,1,0,0,,,0
GSM5613775_2020-08-26-Control4003-c2_AAAGTCCAGCACTAGG-1,GSM5613775_2020-08-26-Control4003-c2,0,low_single_type,1,0,0,,,0
GSM5613775_2020-08-26-Control4003-c2_AAAGTGACAATACCTG-1,GSM5613775_2020-08-26-Control4003-c2,0,low_single_type,1,0,0,,,0
GSM5613775_2020-08-26-Control4003-c2_AAAGTGACAGTGTGCC-1,GSM5613775_2020-08-26-Control4003-c2,0,low_single_type,1,0,0,,,0
GSM5613775_2020-08-26-Control4003-c2_AAAGTGATCATCCCGT-1,GSM5613775_2020-08-26-Control4003-c2,0,low_single_type,1,0,0,,,0
GSM5613775_2020-08-26-Control4003-c2_AAATGGAGTTGCATAC-1,GSM5613775_2020-08-26-Control4003-c2,0,low_single_type,1,0,0,,,0
GSM5613775_2020-08-26-Control4003-c2_AAATGGAGTTGCGGCT-1,GSM5613775_2020-08-26-Control4003-c2,1,low_single_type,1,1,1,,,1
GSM5613775_2020-08-26-Control4003-c2_AAATGGATCGAAATCC-1,GSM5613775_2020-08-26-Control4003-c2,0,low_single_type,1,0,0,,,0
GSM5613775_2020-08-26-Control4003-c2_AACAAAGGTACTCGCG-1,GSM5613775_2020-08-26-Control4003-c2,0,low_single_type,1,0,0,,,0
GSM5613775_2020-08-26-Control4003-c2_AACAAAGTCGTACACA-1,GSM5613775_2020-08-26-Control4003-c2,0,low_single_type,1,0,0,,,0
GSM5613775_2020-08-26-Control4003-c2_AACAACCAGGTTCAGG-1,GSM5613775_2020-08-26-Control4003-c2,0,low_single_type,1,0,0,,,0
GSM5613775_2020-08-26-Control4003-c2_AACAACCAGTGCTCAT-1,GSM5613775_2020-08-26-Control4003-c2,0,low_single_type,1,0,0,,,0
GSM5613775_2020-08-26-Control4003-c2_AACAACCCATTCTCCG-1,GSM5613775_2020-08-26-Control4003-c2,0,low_single_type,1,0,0,,,0
GSM5613775_2020-08-26-Control4003-c2_AACAACCGTACGACTT-1,GSM5613775_2020-08-26-Control4003-c2,0,low_single_type,1,0,0,,,0
GSM5613775_2020-08-26-Control4003-c2_AACAAGAAGCGATTCT-1,GSM5613775_2020-08-26-Control4003-c2,0,low_single_type,1,0,0,,,0
GSM5613775_2020-08-26-Control4003-c2_AACAAGATCGCGTGCA-1,GSM5613775_2020-08-26-Control4003-c2,0,low_single_type,1,0,0,,,0
GSM5613775_2020-08-26-Control4003-c2_AACACACGTAACACGG-1,GSM5613775_2020-08-26-Control4003-c2,0,low_single_type,1,0,0,,,0
GSM5613775_2020-08-26-Control4003-c2_AACACACTCGTCTACC-1,GSM5613775_2020-08-26-Control4003-c2,0,low_single_type,1,0,0,,,0
GSM5613775_2020-08-26-Control4003-c2_AACCAACAGAAGCCAC-1,GSM5613775_2020-08-26-Control4003-c2,0,low_single_type,1,0,0,,,0
GSM5613775_2020-08-26-Control4003-c2_AACCAACCATTGGCAT-1,GSM5613775_2020-08-26-Control4003-c2,0,low_single_type,1,0,0,,,0
GSM5613775_2020-08-26-Control4003-c2_AACCAACGTTTCGTAG-1,GSM5613775_2020-08-26-Control4003-c2,1,low_single_type,1,1,1,,,1
GSM5613775_2020-08-26-Control4003-c2_AACCACAAGGTTGCCC-1,GSM5613775_2020-08-26-Control4003-c2,0,low_single_type,1,0,0,,,0
GSM5613775_2020-08-26-Control4003-c2_AACCACACACCGTGAC-1,GSM5613775_2020-08-26-Control4003-c2,0,low_single_type,1,0,0,,,0
GSM5613775_2020-08-26-Control4003-c2_AACCACACACTTGAAC-1,GSM5613775_2020-08-26-Control4003-c2,0,low_single_type,1,0,0,,,0
GSM5613775_2020-08-26-Control4003-c2_AACCACAGTTGGTGTT-1,GSM5613775_2020-08-26-Control4003-c2,0,low_single_type,1,0,0,,,0
GSM5613775_2020-08-26-Control4003-c2_AACCACATCTAGAGCT-1,GSM5613775_2020-08-26-Control4003-c2,0,low_single_type,1,0,0,,,0
GSM5613775_2020-08-26-Control4003-c2_AACCATGCACCGTCTT-1,GSM5613775_2020-08-26-Control4003-c2,0,low_single_type,1,0,0,,,0
GSM5613775_2020-08-26-Control4003-c2_AACCATGGTGGCTACC-1,GSM5613775_2020-08-26-Control4003-c2,0,low_single_type,1,0,0,,,0
GSM5613775_2020-08-26-Control4003-c2_AACCCAAGTTGACGGA-1,GSM5613775_2020-08-26-Control4003-c2,0,low_single_type,1,0,0,,,0
GSM5613775_2020-08-26-Control4003-c2_AACCTGACAGTCGTTA-1,GSM5613775_2020-08-26-Control4003-c2,0,low_single_type,1,0,0,,,0
GSM5613775_2020-08-26-Control4003-c2_AACCTGATCACGGTCG-1,GSM5613775_2020-08-26-Control4003-c2,0,low_single_type,1,0,0,,,0
GSM5613775_2020-08-26-Control4003-c2_AACCTTTGTCTGTTAG-1,GSM5613775_2020-08-26-Control4003-c2,0,low_single_type,1,0,0,,,0
GSM5613775_2020-08-26-Control4003-c2_AACCTTTGTTCAAACC-1,GSM5613775_2020-08-26-Control4003-c2,0,low_single_type,1,0,0,,,0
GSM5613775_2020-08-26-Control4003-c2_AACGAAAGTCCTCATC-1,GSM5613775_2020-08-26-Control4003-c2,0,low_single_type,1,0,0,,,0
GSM5613775_2020-08-26-Control4003-c2_AACGGGAAGTGGATTA-1,GSM5613775_2020-08-26-Control4003-c2,0,low_single_type,1,0,0,,,0
GSM5613775_2020-08-26-Control4003-c2_AACGGGAGTCCGTACG-1,GSM5613775_2020-08-26-Control4003-c2,0,low_single_type,1,0,0,,,0
GSM5613775_2020-08-26-Control4003-c2_AACGGGAGTCGCGTCA-1,GSM5613775_2020-08-26-Control4003-c2,0,low_single_type,1,0,0,,,0
GSM5613775_2020-08-26-Control4003-c2_AACGTCAAGCCTCTTC-1,GSM5613775_2020-08-26-Control4003-c2,0,low_single_type,1,0,0,,,0
GSM5613775_2020-08-26-Control4003-c2_AACGTCACAATGTTGC-1,GSM5613775_2020-08-26-Control4003-c2,0,low_single_type,1,0,0,,,0
GSM5613775_2020-08-26-Control4003-c2_AACGTCAGTTCCTAAG-1,GSM5613775_2020-08-26-Control4003-c2,0,low_single_type,1,0,0,,,0
GSM5613775_2020-08-26-Control4003-c2_AACGTCAGTTCGGTCG-1,GSM5613775_2020-08-26-Control4003-c2,0,low_single_type,1,0,0,,,0
GSM5613775_2020-08-26-Control4003-c2_AACTTCTAGGCACGAT-1,GSM5613775_2020-08-26-Control4003-c2,0,low_single_type,1,0,0,,,0
GSM5613775_2020-08-26-Control4003-c2_AAGAACACACTACCGG-1,GSM5613775_2020-08-26-Control4003-c2,0,low_single_type,1,0,0,,,0
GSM5613775_2020-08-26-Control4003-c2_AAGAACACACTGCACG-1,GSM5613775_2020-08-26-Control4003-c2,0,low_single_type,1,0,0,,,0
GSM5613775_2020-08-26-Control4003-c2_AAGAACACAGGCGAAT-1,GSM5613775_2020-08-26-Control4003-c2,0,low_single_type,1,0,0,,,0
GSM5613775_2020-08-26-Control4003-c2_AAGAACAGTAAGCGGT-1,GSM5613775_2020-08-26-Control4003-c2,0,low_single_type,1,0,0,,,0
GSM5613775_2020-08-26-Control4003-c2_AAGAACATCTGACCCT-1,GSM5613775_2020-08-26-Control4003-c2,0,low_single_type,1,0,0,,,0
GSM5613775_2020-08-26-Control4003-c2_AAGACTCAGCGACCCT-1,GSM5613775_2020-08-26-Control4003-c2,0,low_single_type,1,0,0,,,0
GSM5613775_2020-08-26-Control4003-c2_AAGACTCAGTTCGCAT-1,GSM5613775_2020-08-26-Control4003-c2,0,low_single_type,1,0,0,,,0
GSM5613775_2020-08-26-Control4003-c2_AAGACTCCACCTTCCA-1,GSM5613775_2020-08-26-Control4003-c2,0,low_single_type,1,0,0,,,0
GSM5613775_2020-08-26-Control4003-c2_AAGACTCGTACCCAGC-1,GSM5613775_2020-08-26-Control4003-c2,0,low_single_type,1,0,0,,,0
GSM5613775_2020-08-26-Control4003-c2_AAGATAGAGACTCTTG-1,GSM5613775_2020-08-26-Control4003-c2,0,low_single_type,1,0,0,,,0
GSM5613775_2020-08-26-Control4003-c2_AAGATAGAGCAATAGT-1,GSM5613775_2020-08-26-Control4003-c2,0,low_single_type,1,0,0,,,0
GSM5613775_2020-08-26-Control4003-c2_AAGATAGCATGACCCG-1,GSM5613775_2020-08-26-Control4003-c2,0,low_single_type,1,0,0,,,0
GSM5613775_2020-08-26-Control4003-c2_AAGATAGTCTGCCTCA-1,GSM5613775_2020-08-26-Control4003-c2,0,low_single_type,1,0,0,,,0
GSM5613775_2020-08-26-Control4003-c2_AAGCATCCAGGACATG-1,GSM5613775_2020-08-26-Control4003-c2,0,low_single_type,1,0,0,,,0
GSM5613775_2020-08-26-Control4003-c2_AAGCATCCATGCCATA-1,GSM5613775_2020-08-26-Control4003-c2,0,low_single_type,1,0,0,,,0
GSM5613775_2020-08-26-Control4003-c2_AAGCATCGTCATGGCC-1,GSM5613775_2020-08-26-Control4003-c2,0,low_single_type,1,0,0,,,0
GSM5613775_2020-08-26-Control4003-c2_AAGCATCGTGCCAAGA-1,GSM5613775_2020-08-26-Control4003-c2,0,low_single_type,1,0,0,,,0
GSM5613775_2020-08-26-Control4003-c2_AAGCCATAGTTCCATG-1,GSM5613775_2020-08-26-Control4003-c2,0,low_single_type,1,0,0,,,0
GSM5613775_2020-08-26-Control4003-c2_AAGCGAGTCTAGATCG-1,GSM5613775_2020-08-26-Control4003-c2,0,low_single_type,1,0,0,,,0
GSM5613775_2020-08-26-Control4003-c2_AAGCGTTAGGATCACG-1,GSM5613775_2020-08-26-Control4003-c2,0,low_single_type,1,0,0,,,0
GSM5613775_2020-08-26-Control4003-c2_AAGCGTTCACCGGTCA-1,GSM5613775_2020-08-26-Control4003-c2,0,low_single_type,1,0,0,,,0
GSM5613775_2020-08-26-Control4003-c2_AAGCGTTTCGCCATAA-1,GSM5613775_2020-08-26-Control4003-c2,0,low_single_type,1,0,0,,,0
GSM5613775_2020-08-26-Control4003-c2_AAGGAATAGCGACTTT-1,GSM5613775_2020-08-26-Control4003-c2,0,low_single_type,1,0,0,,,0
GSM5613775_2020-08-26-Control4003-c2_AAGGAATTCTCCAATT-1,GSM5613775_2020-08-26-Control4003-c2,0,low_single_type,1,0,0,,,0
GSM5613775_2020-08-26-Control4003-c2_AAGGTAAGTCATCACA-1,GSM5613775_2020-08-26-Control4003-c2,0,low_single_type,1,0,0,,,0
GSM5613775_2020-08-26-Control4003-c2_AAGTACCCAAGTTCGT-1,GSM5613775_2020-08-26-Control4003-c2,0,low_single_type,1,0,0,,,0
GSM5613775_2020-08-26-Control4003-c2_AAGTACCGTGTGGACA-1,GSM5613775_2020-08-26-Control4003-c2,0,low_single_type,1,0,0,,,0
GSM5613775_2020-08-26-Control4003-c2_AAGTACCTCTGCTTTA-1,GSM5613775_2020-08-26-Control4003-c2,0,low_single_type,1,0,0,,,0
GSM5613775_2020-08-26-Control4003-c2_AAGTCGTAGAATTCAG-1,GSM5613775_2020-08-26-Control4003-c2,0,low_single_type,1,0,0,,,0
GSM5613775_2020-08-26-Control4003-c2_AAGTCGTCAGCATTGT-1,GSM5613775_2020-08-26-Control4003-c2,0,low_single_type,1,0,0,,,0
GSM5613775_2020-08-26-Control4003-c2_AAGTCGTGTCAGTCGC-1,GSM5613775_2020-08-26-Control4003-c2,1,low_single_type,1,1,1,,,1
GSM5613775_2020-08-26-Control4003-c2_AAGTCGTTCCGATTAG-1,GSM5613775_2020-08-26-Control4003-c2,0,low_single_type,1,0,0,,,0
GSM5613775_2020-08-26-Control4003-c2_AAGTTCGAGCCGGAAT-1,GSM5613775_2020-08-26-Control4003-c2,0,low_single_type,1,0,0,,,0
GSM5613775_2020-08-26-Control4003-c2_AAGTTCGTCACACCGG-1,GSM5613775_2020-08-26-Control4003-c2,0,low_single_type,1,0,0,,,0
GSM5613775_2020-08-26-Control4003-c2_AATAGAGAGCATAGGC-1,GSM5613775_2020-08-26-Control4003-c2,0,low_single_type,1,0,0,,,0
GSM5613775_2020-08-26-Control4003-c2_AATAGAGCAGTCGGTC-1,GSM5613775_2020-08-26-Control4003-c2,0,low_single_type,1,0,0,,,0
GSM5613775_2020-08-26-Control4003-c2_AATCACGAGACGTCGA-1,GSM5613775_2020-08-26-Control4003-c2,0,low_single_type,1,0,0,,,0
GSM5613775_2020-08-26-Control4003-c2_AATCACGCAGCGGATA-1,GSM5613775_2020-08-26-Control4003-c2,0,low_single_type,1,0,0,,,0
GSM5613775_2020-08-26-Control4003-c2_AATCACGGTCTAATCG-1,GSM5613775_2020-08-26-Control4003-c2,0,low_single_type,1,0,0,,,0
GSM5613775_2020-08-26-Control4003-c2_AATCACGGTTACGGAG-1,GSM5613775_2020-08-26-Control4003-c2,1,low_single_type,1,1,1,,,1
GSM5613775_2020-08-26-Control4003-c2_AATCACGTCACGGTCG-1,GSM5613775_2020-08-26-Control4003-c2,0,low_single_type,1,0,0,,,0
GSM5613775_2020-08-26-Control4003-c2_AATCACGTCGAGTCCG-1,GSM5613775_2020-08-26-Control4003-c2,0,low_single_type,1,0,0,,,0
GSM5613775_2020-08-26-Control4003-c2_AATCACGTCGGACGTC-1,GSM5613775_2020-08-26-Control4003-c2,0,low_single_type,1,0,0,,,0
GSM5613775_2020-08-26-Control4003-c2_AATCGACGTGCTGATT-1,GSM5613775_2020-08-26-Control4003-c2,0,low_single_type,1,0,0,,,0
GSM5613775_2020-08-26-Control4003-c2_AATCGACGTTCCTACC-1,GSM5613775_2020-08-26-Control4003-c2,0,low_single_type,1,0,0,,,0
GSM5613775_2020-08-26-Control4003-c2_AATCGTGTCCAAGAGG-1,GSM5613775_2020-08-26-Control4003-c2,0,low_single_type,1,0,0,,,0
GSM5613775_2020-08-26-Control4003-c2_AATGAAGGTCCCTGTT-1,GSM5613775_2020-08-26-Control4003-c2,0,low_single_type,1,0,0,,,0
GSM5613775_2020-08-26-Control4003-c2_AATGACCCAGGTTCAT-1,GSM5613775_2020-08-26-Control4003-c2,0,low_single_type,1,0,0,,,0
GSM5613775_2020-08-26-Control4003-c2_AATGCCAAGTCTGGAG-1,GSM5613775_2020-08-26-Control4003-c2,0,low_single_type,1,0,0,,,0
GSM5613775_2020-08-26-Control4003-c2_AATGCCACAGAGCTAG-1,GSM5613775_2020-08-26-Control4003-c2,0,low_single_type,1,0,0,,,0
GSM5613775_2020-08-26-Control4003-c2_AATGGAACACGGTGAA-1,GSM5613775_2020-08-26-Control4003-c2,0,low_single_type,1,0,0,,,0
GSM5613775_2020-08-26-Control4003-c2_AATGGAACAGCAAGAC-1,GSM5613775_2020-08-26-Control4003-c2,0,low_single_type,1,0,0,,,0
GSM5613775_2020-08-26-Control4003-c2_AATGGAACATCGCCTT-1,GSM5613775_2020-08-26-Control4003-c2,1,low_single_type,1,1,1,,,1
GSM5613775_2020-08-26-Control4003-c2_AATGGAAGTCGCCTAG-1,GSM5613775_2020-08-26-Control4003-c2,0,low_single_type,1,0,0,,,0
GSM5613775_2020-08-26-Control4003-c2_AATGGCTAGCGTGTCC-1,GSM5613775_2020-08-26-Control4003-c2,0,low_single_type,1,0,0,,,0
GSM5613775_2020-08-26-Control4003-c2_AATGGCTGTGGCCTCA-1,GSM5613775_2020-08-26-Control4003-c2,1,low_single_type,1,1,1,,,1
GSM5613775_2020-08-26-Control4003-c2_AATTCCTCATGGATCT-1,GSM5613775_2020-08-26-Control4003-c2,1,low_single_type,1,1,1,,,1
GSM5613775_2020-08-26-Control4003-c2_AATTCCTGTTGAATCC-1,GSM5613775_2020-08-26-Control4003-c2,0,low_single_type,1,0,0,,,0
GSM5613775_2020-08-26-Control4003-c2_AATTCCTTCTGCTAGA-1,GSM5613775_2020-08-26-Control4003-c2,0,low_single_type,1,0,0,,,0
GSM5613775_2020-08-26-Control4003-c2_AATTTCCCATAGCTGT-1,GSM5613775_2020-08-26-Control4003-c2,0,low_single_type,1,0,0,,,0
GSM5613775_2020-08-26-Control4003-c2_ACAAAGAGTCGTGGAA-1,GSM5613775_2020-08-26-Control4003-c2,0,low_single_type,1,0,0,,,0
GSM5613775_2020-08-26-Control4003-c2_ACAACCATCGAACGCC-1,GSM5613775_2020-08-26-Control4003-c2,0,low_single_type,1,0,0,,,0
GSM5613775_2020-08-26-Control4003-c2_ACAACCATCTCGAGTA-1,GSM5613775_2020-08-26-Control4003-c2,0,low_single_type,1,0,0,,,0
GSM5613775_2020-08-26-Control4003-c2_ACAAGCTCATGACACT-1,GSM5613775_2020-08-26-Control4003-c2,0,low_single_type,1,0,0,,,0
GSM5613775_2020-08-26-Control4003-c2_ACACAGTAGTAGTCTC-1,GSM5613775_2020-08-26-Control4003-c2,0,low_single_type,1,0,0,,,0
GSM5613775_2020-08-26-Control4003-c2_ACACAGTCAATTGCCA-1,GSM5613775_2020-08-26-Control4003-c2,0,low_single_type,1,0,0,,,0
GSM5613775_2020-08-26-Control4003-c2_ACACAGTGTAAGTCAA-1,GSM5613775_2020-08-26-Control4003-c2,0,low_single_type,1,0,0,,,0
GSM5613775_2020-08-26-Control4003-c2_ACACAGTGTGGACCAA-1,GSM5613775_2020-08-26-Control4003-c2,0,low_single_type,1,0,0,,,0
GSM5613775_2020-08-26-Control4003-c2_ACACAGTTCGGCTATA-1,GSM5613775_2020-08-26-Control4003-c2,0,low_single_type,1,0,0,,,0
GSM5613775_2020-08-26-Control4003-c2_ACACCAATCGGTGTTA-1,GSM5613775_2020-08-26-Control4003-c2,0,low_single_type,1,0,0,,,0
GSM5613775_2020-08-26-Control4003-c2_ACACGCGGTCACGCTG-1,GSM5613775_2020-08-26-Control4003-c2,0,low_single_type,1,0,0,,,0
GSM5613775_2020-08-26-Control4003-c2_ACACTGAAGTGCAGGT-1,GSM5613775_2020-08-26-Control4003-c2,0,low_single_type,1,0,0,,,0
GSM5613775_2020-08-26-Control4003-c2_ACACTGAAGTTCATGC-1,GSM5613775_2020-08-26-Control4003-c2,0,low_single_type,1,0,0,,,0
GSM5613775_2020-08-26-Control4003-c2_ACACTGAGTCATAGTC-1,GSM5613775_2020-08-26-Control4003-c2,0,low_single_type,1,0,0,,,0
GSM5613775_2020-08-26-Control4003-c2_ACAGAAAAGCCTTCTC-1,GSM5613775_2020-08-26-Control4003-c2,0,low_single_type,1,0,0,,,0
GSM5613775_2020-08-26-Control4003-c2_ACAGCCGTCACTCTTA-1,GSM5613775_2020-08-26-Control4003-c2,0,low_single_type,1,0,0,,,0
GSM5613775_2020-08-26-Control4003-c2_ACAGGGAAGGGTGGGA-1,GSM5613775_2020-08-26-Control4003-c2,0,low_single_type,1,0,0,,,0
GSM5613775_2020-08-26-Control4003-c2_ACAGGGAGTCCTGTTC-1,GSM5613775_2020-08-26-Control4003-c2,1,low_single_type,1,1,1,,,1
GSM5613775_2020-08-26-Control4003-c2_ACATCCCTCCTGTAAG-1,GSM5613775_2020-08-26-Control4003-c2,0,low_single_type,1,0,0,,,0
GSM5613775_2020-08-26-Control4003-c2_ACATCCCTCGTGGAAG-1,GSM5613775_2020-08-26-Control4003-c2,0,low_single_type,1,0,0,,,0
GSM5613775_2020-08-26-Control4003-c2_ACATCGAAGACTTGTC-1,GSM5613775_2020-08-26-Control4003-c2,0,low_single_type,1,0,0,,,0
GSM5613775_2020-08-26-Control4003-c2_ACATCGAGTCCAGCAC-1,GSM5613775_2020-08-26-Control4003-c2,0,low_single_type,1,0,0,,,0
GSM5613775_2020-08-26-Control4003-c2_ACATGCAAGGGCGAGA-1,GSM5613775_2020-08-26-Control4003-c2,1,low_single_type,1,1,1,,,1
GSM5613775_2020-08-26-Control4003-c2_ACATGCAAGTAACGAT-1,GSM5613775_2020-08-26-Control4003-c2,1,low_single_type,1,1,1,,,1
GSM5613775_2020-08-26-Control4003-c2_ACATGCAAGTCTAGAA-1,GSM5613775_2020-08-26-Control4003-c2,0,low_single_type,1,0,0,,,0
GSM5613775_2020-08-26-Control4003-c2_ACATGCAGTAGGTACG-1,GSM5613775_2020-08-26-Control4003-c2,0,low_single_type,1,0,0,,,0
GSM5613775_2020-08-26-Control4003-c2_ACATGCATCGCTTACC-1,GSM5613775_2020-08-26-Control4003-c2,0,low_single_type,1,0,0,,,0
GSM5613775_2020-08-26-Control4003-c2_ACATTTCGTCCACTTC-1,GSM5613775_2020-08-26-Control4003-c2,0,low_single_type,1,0,0,,,0
GSM5613775_2020-08-26-Control4003-c2_ACATTTCGTCTACAGT-1,GSM5613775_2020-08-26-Control4003-c2,0,low_single_type,1,0,0,,,0
GSM5613775_2020-08-26-Control4003-c2_ACATTTCTCTCATGGA-1,GSM5613775_2020-08-26-Control4003-c2,0,low_single_type,1,0,0,,,0
GSM5613775_2020-08-26-Control4003-c2_ACCAAACTCGAAGCCC-1,GSM5613775_2020-08-26-Control4003-c2,0,low_single_type,1,0,0,,,0
GSM5613775_2020-08-26-Control4003-c2_ACCAAACTCGCGGACT-1,GSM5613775_2020-08-26-Control4003-c2,0,low_single_type,1,0,0,,,0
GSM5613775_2020-08-26-Control4003-c2_ACCAACACAGCGGATA-1,GSM5613775_2020-08-26-Control4003-c2,0,low_single_type,1,0,0,,,0
GSM5613775_2020-08-26-Control4003-c2_ACCAACACATGACGAG-1,GSM5613775_2020-08-26-Control4003-c2,0,low_single_type,1,0,0,,,0
GSM5613775_2020-08-26-Control4003-c2_ACCACAAAGCGAGTCA-1,GSM5613775_2020-08-26-Control4003-c2,0,low_single_type,1,0,0,,,0
GSM5613775_2020-08-26-Control4003-c2_ACCACAATCTTCGTGC-1,GSM5613775_2020-08-26-Control4003-c2,1,low_single_type,1,1,1,,,1
GSM5613775_2020-08-26-Control4003-c2_ACCCAAAGTCAATCTG-1,GSM5613775_2020-08-26-Control4003-c2,0,low_single_type,1,0,0,,,0
GSM5613775_2020-08-26-Control4003-c2_ACCCAAAGTTCTCACC-1,GSM5613775_2020-08-26-Control4003-c2,0,low_single_type,1,0,0,,,0
GSM5613775_2020-08-26-Control4003-c2_ACCCTCAAGAGAGCAA-1,GSM5613775_2020-08-26-Control4003-c2,0,low_single_type,1,0,0,,,0
GSM5613775_2020-08-26-Control4003-c2_ACCCTCAAGCACAAAT-1,GSM5613775_2020-08-26-Control4003-c2,0,low_single_type,1,0,0,,,0
GSM5613775_2020-08-26-Control4003-c2_ACCCTCAGTAGCACGA-1,GSM5613775_2020-08-26-Control4003-c2,0,low_single_type,1,0,0,,,0
GSM5613775_2020-08-26-Control4003-c2_ACCCTCATCGAACGGA-1,GSM5613775_2020-08-26-Control4003-c2,0,low_single_type,1,0,0,,,0
GSM5613775_2020-08-26-Control4003-c2_ACCCTTGAGTCTACCA-1,GSM5613775_2020-08-26-Control4003-c2,0,low_single_type,1,0,0,,,0
GSM5613775_2020-08-26-Control4003-c2_ACCGTTCAGAACCGCA-1,GSM5613775_2020-08-26-Control4003-c2,0,low_single_type,1,0,0,,,0
GSM5613775_2020-08-26-Control4003-c2_ACCGTTCGTTATCTGG-1,GSM5613775_2020-08-26-Control4003-c2,0,low_single_type,1,0,0,,,0
GSM5613775_2020-08-26-Control4003-c2_ACCTACCCACTCCGAG-1,GSM5613775_2020-08-26-Control4003-c2,0,low_single_type,1,0,0,,,0
GSM5613775_2020-08-26-Control4003-c2_ACCTACCTCCCTCGTA-1,GSM5613775_2020-08-26-Control4003-c2,0,low_single_type,1,0,0,,,0
GSM5613775_2020-08-26-Control4003-c2_ACCTGAAGTCGAATGG-1,GSM5613775_2020-08-26-Control4003-c2,0,low_single_type,1,0,0,,,0
GSM5613775_2020-08-26-Control4003-c2_ACCTGAATCGACGCTG-1,GSM5613775_2020-08-26-Control4003-c2,0,low_single_type,1,0,0,,,0
GSM5613775_2020-08-26-Control4003-c2_ACCTGAATCGAGTACT-1,GSM5613775_2020-08-26-Control4003-c2,0,low_single_type,1,0,0,,,0
GSM5613775_2020-08-26-Control4003-c2_ACCTGTCGTAGGAGTC-1,GSM5613775_2020-08-26-Control4003-c2,0,low_single_type,1,0,0,,,0
GSM5613775_2020-08-26-Control4003-c2_ACCTGTCGTATGAAAC-1,GSM5613775_2020-08-26-Control4003-c2,0,low_single_type,1,0,0,,,0
GSM5613775_2020-08-26-Control4003-c2_ACCTGTCGTCTGTGGC-1,GSM5613775_2020-08-26-Control4003-c2,0,low_single_type,1,0,0,,,0
GSM5613775_2020-08-26-Control4003-c2_ACCTGTCGTGAATTAG-1,GSM5613775_2020-08-26-Control4003-c2,0,low_single_type,1,0,0,,,0
GSM5613775_2020-08-26-Control4003-c2_ACGATGTGTTGCATAC-1,GSM5613775_2020-08-26-Control4003-c2,0,low_single_type,1,0,0,,,0
GSM5613775_2020-08-26-Control4003-c2_ACGATGTTCAAGGTGG-1,GSM5613775_2020-08-26-Control4003-c2,0,low_single_type,1,0,0,,,0
GSM5613775_2020-08-26-Control4003-c2_ACGATGTTCGATTCCC-1,GSM5613775_2020-08-26-Control4003-c2,0,low_single_type,1,0,0,,,0
GSM5613775_2020-08-26-Control4003-c2_ACGCACGAGCGAGGAG-1,GSM5613775_2020-08-26-Control4003-c2,0,low_single_type,1,0,0,,,0
GSM5613775_2020-08-26-Control4003-c2_ACGCACGAGCGTGAGT-1,GSM5613775_2020-08-26-Control4003-c2,0,low_single_type,1,0,0,,,0
GSM5613775_2020-08-26-Control4003-c2_ACGCACGCAGAACGCA-1,GSM5613775_2020-08-26-Control4003-c2,0,low_single_type,1,0,0,,,0
GSM5613775_2020-08-26-Control4003-c2_ACGCACGCAGGTGAGT-1,GSM5613775_2020-08-26-Control4003-c2,1,low_single_type,1,1,1,,,1
GSM5613775_2020-08-26-Control4003-c2_ACGCACGGTAGTATAG-1,GSM5613775_2020-08-26-Control4003-c2,0,low_single_type,1,0,0,,,0
GSM5613775_2020-08-26-Control4003-c2_ACGCACGGTTGAGTCT-1,GSM5613775_2020-08-26-Control4003-c2,1,low_single_type,1,1,1,,,1
GSM5613775_2020-08-26-Control4003-c2_ACGGAAGAGCCTAGGA-1,GSM5613775_2020-08-26-Control4003-c2,0,low_single_type,1,0,0,,,0
GSM5613775_2020-08-26-Control4003-c2_ACGGAAGCACCATAAC-1,GSM5613775_2020-08-26-Control4003-c2,0,low_single_type,1,0,0,,,0
GSM5613775_2020-08-26-Control4003-c2_ACGGAAGCAGTCCCGA-1,GSM5613775_2020-08-26-Control4003-c2,0,low_single_type,1,0,0,,,0
GSM5613775_2020-08-26-Control4003-c2_ACGGAAGCATAACGGG-1,GSM5613775_2020-08-26-Control4003-c2,1,low_single_type,1,1,1,,,1
GSM5613775_2020-08-26-Control4003-c2_ACGGGTCAGTCGGCAA-1,GSM5613775_2020-08-26-Control4003-c2,0,low_single_type,1,0,0,,,0
GSM5613775_2020-08-26-Control4003-c2_ACGGGTCAGTTCCGTA-1,GSM5613775_2020-08-26-Control4003-c2,1,low_single_type,1,1,1,,,1
GSM5613775_2020-08-26-Control4003-c2_ACGGGTCTCTGGAGAG-1,GSM5613775_2020-08-26-Control4003-c2,1,low_single_type,1,1,1,,,1
GSM5613775_2020-08-26-Control4003-c2_ACGGGTCTCTGTAACG-1,GSM5613775_2020-08-26-Control4003-c2,1,low_single_type,1,1,1,,,1
GSM5613775_2020-08-26-Control4003-c2_ACGGTCGCACGAGGAT-1,GSM5613775_2020-08-26-Control4003-c2,0,low_single_type,1,0,0,,,0
GSM5613775_2020-08-26-Control4003-c2_ACGGTCGCACGCAAAG-1,GSM5613775_2020-08-26-Control4003-c2,0,low_single_type,1,0,0,,,0
GSM5613775_2020-08-26-Control4003-c2_ACGGTTAAGTGGCAGT-1,GSM5613775_2020-08-26-Control4003-c2,0,low_single_type,1,0,0,,,0
GSM5613775_2020-08-26-Control4003-c2_ACGGTTAGTGTCCTAA-1,GSM5613775_2020-08-26-Control4003-c2,0,low_single_type,1,0,0,,,0
GSM5613775_2020-08-26-Control4003-c2_ACGTAACCAAAGGCAC-1,GSM5613775_2020-08-26-Control4003-c2,0,low_single_type,1,0,0,,,0
GSM5613775_2020-08-26-Control4003-c2_ACGTAACGTAAGCAAT-1,GSM5613775_2020-08-26-Control4003-c2,1,low_single_type,1,1,1,,,1
GSM5613775_2020-08-26-Control4003-c2_ACGTAACTCAGGGTAG-1,GSM5613775_2020-08-26-Control4003-c2,0,low_single_type,1,0,0,,,0
GSM5613775_2020-08-26-Control4003-c2_ACGTAACTCATGCCAA-1,GSM5613775_2020-08-26-Control4003-c2,0,low_single_type,1,0,0,,,0
GSM5613775_2020-08-26-Control4003-c2_ACGTAACTCTCTCCGA-1,GSM5613775_2020-08-26-Control4003-c2,0,low_single_type,1,0,0,,,0
GSM5613775_2020-08-26-Control4003-c2_ACGTACAAGCCAAGCA-1,GSM5613775_2020-08-26-Control4003-c2,0,low_single_type,1,0,0,,,0
GSM5613775_2020-08-26-Control4003-c2_ACGTACACACGATTCA-1,GSM5613775_2020-08-26-Control4003-c2,0,low_single_type,1,0,0,,,0
GSM5613775_2020-08-26-Control4003-c2_ACGTAGTCACGGATCC-1,GSM5613775_2020-08-26-Control4003-c2,0,low_single_type,1,0,0,,,0
GSM5613775_2020-08-26-Control4003-c2_ACGTAGTGTGAGATTA-1,GSM5613775_2020-08-26-Control4003-c2,0,low_single_type,1,0,0,,,0
GSM5613775_2020-08-26-Control4003-c2_ACGTAGTGTGTGACCC-1,GSM5613775_2020-08-26-Control4003-c2,0,low_single_type,1,0,0,,,0
GSM5613775_2020-08-26-Control4003-c2_ACGTAGTTCCGAGATT-1,GSM5613775_2020-08-26-Control4003-c2,0,low_single_type,1,0,0,,,0
GSM5613775_2020-08-26-Control4003-c2_ACGTCCTAGGATCACG-1,GSM5613775_2020-08-26-Control4003-c2,1,low_single_type,1,1,1,,,1
GSM5613775_2020-08-26-Control4003-c2_ACGTCCTCATACTGAC-1,GSM5613775_2020-08-26-Control4003-c2,0,low_single_type,1,0,0,,,0
GSM5613775_2020-08-26-Control4003-c2_ACGTCCTGTCGTTTCC-1,GSM5613775_2020-08-26-Control4003-c2,0,low_single_type,1,0,0,,,0
GSM5613775_2020-08-26-Control4003-c2_ACTATCTAGCTGGCTC-1,GSM5613775_2020-08-26-Control4003-c2,0,low_single_type,1,0,0,,,0
GSM5613775_2020-08-26-Control4003-c2_ACTATCTAGTGGAAAG-1,GSM5613775_2020-08-26-Control4003-c2,1,low_single_type,1,1,1,,,1
GSM5613775_2020-08-26-Control4003-c2_ACTATCTCACGCTGAC-1,GSM5613775_2020-08-26-Control4003-c2,0,low_single_type,1,0,0,,,0
GSM5613775_2020-08-26-Control4003-c2_ACTATCTGTCGACTTA-1,GSM5613775_2020-08-26-Control4003-c2,0,low_single_type,1,0,0,,,0
GSM5613775_2020-08-26-Control4003-c2_ACTATCTGTTCTCAGA-1,GSM5613775_2020-08-26-Control4003-c2,0,low_single_type,1,0,0,,,0
GSM5613775_2020-08-26-Control4003-c2_ACTATGGAGGTGATAT-1,GSM5613775_2020-08-26-Control4003-c2,0,low_single_type,1,0,0,,,0
GSM5613775_2020-08-26-Control4003-c2_ACTATGGCAATATCCG-1,GSM5613775_2020-08-26-Control4003-c2,0,low_single_type,1,0,0,,,0
GSM5613775_2020-08-26-Control4003-c2_ACTATGGGTAACATGA-1,GSM5613775_2020-08-26-Control4003-c2,0,low_single_type,1,0,0,,,0
GSM5613775_2020-08-26-Control4003-c2_ACTATGGGTTTCGCTC-1,GSM5613775_2020-08-26-Control4003-c2,0,low_single_type,1,0,0,,,0
GSM5613775_2020-08-26-Control4003-c2_ACTATTCGTTATCCAG-1,GSM5613775_2020-08-26-Control4003-c2,0,low_single_type,1,0,0,,,0
GSM5613775_2020-08-26-Control4003-c2_ACTATTCTCGCTGATA-1,GSM5613775_2020-08-26-Control4003-c2,0,low_single_type,1,0,0,,,0
GSM5613775_2020-08-26-Control4003-c2_ACTCTCGAGCGCCTTG-1,GSM5613775_2020-08-26-Control4003-c2,0,low_single_type,1,0,0,,,0
GSM5613775_2020-08-26-Control4003-c2_ACTCTCGCAGTATACC-1,GSM5613775_2020-08-26-Control4003-c2,0,low_single_type,1,0,0,,,0
GSM5613775_2020-08-26-Control4003-c2_ACTCTCGTCATTATCC-1,GSM5613775_2020-08-26-Control4003-c2,0,low_single_type,1,0,0,,,0
GSM5613775_2020-08-26-Control4003-c2_ACTCTCGTCGACCACG-1,GSM5613775_2020-08-26-Control4003-c2,0,low_single_type,1,0,0,,,0
GSM5613775_2020-08-26-Control4003-c2_ACTGATGTCAACCGAT-1,GSM5613775_2020-08-26-Control4003-c2,0,low_single_type,1,0,0,,,0
GSM5613775_2020-08-26-Control4003-c2_ACTGATGTCTTGCAGA-1,GSM5613775_2020-08-26-Control4003-c2,0,low_single_type,1,0,0,,,0
GSM5613775_2020-08-26-Control4003-c2_ACTGCAATCTGCTGAA-1,GSM5613775_2020-08-26-Control4003-c2,1,low_single_type,1,1,1,,,1
GSM5613775_2020-08-26-Control4003-c2_ACTGTCCAGCGTGAAC-1,GSM5613775_2020-08-26-Control4003-c2,0,low_single_type,1,0,0,,,0
GSM5613775_2020-08-26-Control4003-c2_ACTGTCCCACGTATAC-1,GSM5613775_2020-08-26-Control4003-c2,0,low_single_type,1,0,0,,,0
GSM5613775_2020-08-26-Control4003-c2_ACTGTCCCAGTACTAC-1,GSM5613775_2020-08-26-Control4003-c2,0,low_single_type,1,0,0,,,0
GSM5613775_2020-08-26-Control4003-c2_ACTGTGACACGAGGTA-1,GSM5613775_2020-08-26-Control4003-c2,1,low_single_type,1,1,1,,,1
GSM5613775_2020-08-26-Control4003-c2_ACTGTGATCCCTTGGT-1,GSM5613775_2020-08-26-Control4003-c2,0,low_single_type,1,0,0,,,0
GSM5613775_2020-08-26-Control4003-c2_ACTTAGGAGTCATGCT-1,GSM5613775_2020-08-26-Control4003-c2,0,low_single_type,1,0,0,,,0
GSM5613775_2020-08-26-Control4003-c2_ACTTAGGCAAATGGCG-1,GSM5613775_2020-08-26-Control4003-c2,0,low_single_type,1,0,0,,,0
GSM5613775_2020-08-26-Control4003-c2_ACTTAGGCACCAGCGT-1,GSM5613775_2020-08-26-Control4003-c2,0,low_single_type,1,0,0,,,0
GSM5613775_2020-08-26-Control4003-c2_ACTTAGGGTTTGTTGG-1,GSM5613775_2020-08-26-Control4003-c2,1,low_single_type,1,1,1,,,1
GSM5613775_2020-08-26-Control4003-c2_ACTTAGGTCCCGAGGT-1,GSM5613775_2020-08-26-Control4003-c2,0,low_single_type,1,0,0,,,0
GSM5613775_2020-08-26-Control4003-c2_ACTTCCGCAAGGCGTA-1,GSM5613775_2020-08-26-Control4003-c2,0,low_single_type,1,0,0,,,0
GSM5613775_2020-08-26-Control4003-c2_ACTTCCGGTTCCAAAC-1,GSM5613775_2020-08-26-Control4003-c2,0,low_single_type,1,0,0,,,0
GSM5613775_2020-08-26-Control4003-c2_ACTTCCGTCGACGACC-1,GSM5613775_2020-08-26-Control4003-c2,0,low_single_type,1,0,0,,,0
GSM5613775_2020-08-26-Control4003-c2_ACTTCGCGTACATTGC-1,GSM5613775_2020-08-26-Control4003-c2,0,low_single_type,1,0,0,,,0
GSM5613775_2020-08-26-Control4003-c2_ACTTCGCGTGTATACC-1,GSM5613775_2020-08-26-Control4003-c2,0,low_single_type,1,0,0,,,0
GSM5613775_2020-08-26-Control4003-c2_ACTTTCATCTGGCCTT-1,GSM5613775_2020-08-26-Control4003-c2,0,low_single_type,1,0,0,,,0
GSM5613775_2020-08-26-Control4003-c2_ACTTTGTCAGAAGCTG-1,GSM5613775_2020-08-26-Control4003-c2,1,low_single_type,1,1,1,,,1
GSM5613775_2020-08-26-Control4003-c2_AGAAATGAGCGATCGA-1,GSM5613775_2020-08-26-Control4003-c2,0,low_single_type,1,0,0,,,0
GSM5613775_2020-08-26-Control4003-c2_AGAAATGGTTCAGCGC-1,GSM5613775_2020-08-26-Control4003-c2,0,low_single_type,1,0,0,,,0
GSM5613775_2020-08-26-Control4003-c2_AGAACAAAGAAGTGTT-1,GSM5613775_2020-08-26-Control4003-c2,1,low_single_type,1,1,1,,,1
GSM5613775_2020-08-26-Control4003-c2_AGAACAACATGGAATA-1,GSM5613775_2020-08-26-Control4003-c2,0,low_single_type,1,0,0,,,0
GSM5613775_2020-08-26-Control4003-c2_AGAACAATCCACGAAT-1,GSM5613775_2020-08-26-Control4003-c2,0,low_single_type,1,0,0,,,0
GSM5613775_2020-08-26-Control4003-c2_AGAACCTCAGTTAAAG-1,GSM5613775_2020-08-26-Control4003-c2,0,low_single_type,1,0,0,,,0
GSM5613775_2020-08-26-Control4003-c2_AGAACCTTCGGACCAC-1,GSM5613775_2020-08-26-Control4003-c2,0,low_single_type,1,0,0,,,0
GSM5613775_2020-08-26-Control4003-c2_AGAAGCGCAATGCAAA-1,GSM5613775_2020-08-26-Control4003-c2,0,low_single_type,1,0,0,,,0
GSM5613775_2020-08-26-Control4003-c2_AGAAGCGCATCACAGT-1,GSM5613775_2020-08-26-Control4003-c2,1,low_single_type,1,1,1,,,1
GSM5613775_2020-08-26-Control4003-c2_AGAAGCGTCATCCCGT-1,GSM5613775_2020-08-26-Control4003-c2,1,low_single_type,1,1,1,,,1
GSM5613775_2020-08-26-Control4003-c2_AGAAGCGTCTGGACCG-1,GSM5613775_2020-08-26-Control4003-c2,1,low_single_type,1,1,1,,,1
GSM5613775_2020-08-26-Control4003-c2_AGAAGTAAGGGCCTCT-1,GSM5613775_2020-08-26-Control4003-c2,0,low_single_type,1,0,0,,,0
GSM5613775_2020-08-26-Control4003-c2_AGAAGTAGTACGATGG-1,GSM5613775_2020-08-26-Control4003-c2,1,low_single_type,1,1,1,,,1
GSM5613775_2020-08-26-Control4003-c2_AGAAGTATCAGGCGAA-1,GSM5613775_2020-08-26-Control4003-c2,0,low_single_type,1,0,0,,,0
GSM5613775_2020-08-26-Control4003-c2_AGAAGTATCATCGCAA-1,GSM5613775_2020-08-26-Control4003-c2,0,low_single_type,1,0,0,,,0
GSM5613775_2020-08-26-Control4003-c2_AGACAAAAGACAAGCC-1,GSM5613775_2020-08-26-Control4003-c2,0,low_single_type,1,0,0,,,0
GSM5613775_2020-08-26-Control4003-c2_AGACAAACATACTGTG-1,GSM5613775_2020-08-26-Control4003-c2,1,low_single_type,1,1,1,,,1
GSM5613775_2020-08-26-Control4003-c2_AGACAAACATGTGCCG-1,GSM5613775_2020-08-26-Control4003-c2,0,low_single_type,1,0,0,,,0
GSM5613775_2020-08-26-Control4003-c2_AGACAAAGTCCCGTGA-1,GSM5613775_2020-08-26-Control4003-c2,0,low_single_type,1,0,0,,,0
GSM5613775_2020-08-26-Control4003-c2_AGACAAAGTGGCTTAT-1,GSM5613775_2020-08-26-Control4003-c2,0,low_single_type,1,0,0,,,0
GSM5613775_2020-08-26-Control4003-c2_AGACAGGAGCTAGTTC-1,GSM5613775_2020-08-26-Control4003-c2,0,low_single_type,1,0,0,,,0
GSM5613775_2020-08-26-Control4003-c2_AGACAGGTCCACGAAT-1,GSM5613775_2020-08-26-Control4003-c2,0,low_single_type,1,0,0,,,0
GSM5613775_2020-08-26-Control4003-c2_AGACCATTCACCATAG-1,GSM5613775_2020-08-26-Control4003-c2,1,low_single_type,1,1,1,,,1
GSM5613775_2020-08-26-Control4003-c2_AGACCATTCTCCTGTG-1,GSM5613775_2020-08-26-Control4003-c2,0,low_single_type,1,0,0,,,0
GSM5613775_2020-08-26-Control4003-c2_AGACCCGGTACTAGCT-1,GSM5613775_2020-08-26-Control4003-c2,0,low_single_type,1,0,0,,,0
GSM5613775_2020-08-26-Control4003-c2_AGACCCGTCTGTGCTC-1,GSM5613775_2020-08-26-Control4003-c2,0,low_single_type,1,0,0,,,0
GSM5613775_2020-08-26-Control4003-c2_AGACTCAAGGACAAGA-1,GSM5613775_2020-08-26-Control4003-c2,0,low_single_type,1,0,0,,,0
GSM5613775_2020-08-26-Control4003-c2_AGAGAATGTAATGATG-1,GSM5613775_2020-08-26-Control4003-c2,0,low_single_type,1,0,0,,,0
GSM5613775_2020-08-26-Control4003-c2_AGAGAATGTTAGAAGT-1,GSM5613775_2020-08-26-Control4003-c2,0,low_single_type,1,0,0,,,0
GSM5613775_2020-08-26-Control4003-c2_AGAGCAGAGCCACCGT-1,GSM5613775_2020-08-26-Control4003-c2,0,low_single_type,1,0,0,,,0
GSM5613775_2020-08-26-Control4003-c2_AGAGCCCAGCGACAGT-1,GSM5613775_2020-08-26-Control4003-c2,0,low_single_type,1,0,0,,,0
GSM5613775_2020-08-26-Control4003-c2_AGAGCCCAGCTCAGAG-1,GSM5613775_2020-08-26-Control4003-c2,1,low_single_type,1,1,1,,,1
GSM5613775_2020-08-26-Control4003-c2_AGAGCCCGTCATTCCC-1,GSM5613775_2020-08-26-Control4003-c2,1,low_single_type,1,1,1,,,1
GSM5613775_2020-08-26-Control4003-c2_AGATAGACACTGAGTT-1,GSM5613775_2020-08-26-Control4003-c2,0,low_single_type,1,0,0,,,0
GSM5613775_2020-08-26-Control4003-c2_AGATAGATCCTGATAG-1,GSM5613775_2020-08-26-Control4003-c2,0,low_single_type,1,0,0,,,0
GSM5613775_2020-08-26-Control4003-c2_AGATCCACAAACTAGA-1,GSM5613775_2020-08-26-Control4003-c2,0,low_single_type,1,0,0,,,0
GSM5613775_2020-08-26-Control4003-c2_AGATCCAGTAACTTCG-1,GSM5613775_2020-08-26-Control4003-c2,0,low_single_type,1,0,0,,,0
GSM5613775_2020-08-26-Control4003-c2_AGATCCATCCAAATGC-1,GSM5613775_2020-08-26-Control4003-c2,0,low_single_type,1,0,0,,,0
GSM5613775_2020-08-26-Control4003-c2_AGATCCATCTCCTACG-1,GSM5613775_2020-08-26-Control4003-c2,0,low_single_type,1,0,0,,,0
GSM5613775_2020-08-26-Control4003-c2_AGATCGTAGAATTGCA-1,GSM5613775_2020-08-26-Control4003-c2,0,low_single_type,1,0,0,,,0
GSM5613775_2020-08-26-Control4003-c2_AGATGAAAGAAGGGAT-1,GSM5613775_2020-08-26-Control4003-c2,0,low_single_type,1,0,0,,,0
GSM5613775_2020-08-26-Control4003-c2_AGATGAATCCCGAACG-1,GSM5613775_2020-08-26-Control4003-c2,1,low_single_type,1,1,1,,,1
GSM5613775_2020-08-26-Control4003-c2_AGATGCTGTGTATTCG-1,GSM5613775_2020-08-26-Control4003-c2,1,low_single_type,1,1,1,,,1
GSM5613775_2020-08-26-Control4003-c2_AGATGCTTCCCGTGTT-1,GSM5613775_2020-08-26-Control4003-c2,0,low_single_type,1,0,0,,,0
GSM5613775_2020-08-26-Control4003-c2_AGATGCTTCTTAGCTT-1,GSM5613775_2020-08-26-Control4003-c2,0,low_single_type,1,0,0,,,0
GSM5613775_2020-08-26-Control4003-c2_AGCATCAAGGCAATGC-1,GSM5613775_2020-08-26-Control4003-c2,0,low_single_type,1,0,0,,,0
GSM5613775_2020-08-26-Control4003-c2_AGCATCACAACCAACT-1,GSM5613775_2020-08-26-Control4003-c2,0,low_single_type,1,0,0,,,0
GSM5613775_2020-08-26-Control4003-c2_AGCATCACATGGAGAC-1,GSM5613775_2020-08-26-Control4003-c2,0,low_single_type,1,0,0,,,0
GSM5613775_2020-08-26-Control4003-c2_AGCATCAGTTGGACCC-1,GSM5613775_2020-08-26-Control4003-c2,0,low_single_type,1,0,0,,,0
GSM5613775_2020-08-26-Control4003-c2_AGCCAATGTCGTATTG-1,GSM5613775_2020-08-26-Control4003-c2,0,low_single_type,1,0,0,,,0
GSM5613775_2020-08-26-Control4003-c2_AGCCAATGTGTGAATA-1,GSM5613775_2020-08-26-Control4003-c2,0,low_single_type,1,0,0,,,0
GSM5613775_2020-08-26-Control4003-c2_AGCCACGCAGCATGCC-1,GSM5613775_2020-08-26-Control4003-c2,0,low_single_type,1,0,0,,,0
GSM5613775_2020-08-26-Control4003-c2_AGCCACGCATAACCCA-1,GSM5613775_2020-08-26-Control4003-c2,0,low_single_type,1,0,0,,,0
GSM5613775_2020-08-26-Control4003-c2_AGCCACGGTGTATTCG-1,GSM5613775_2020-08-26-Control4003-c2,0,low_single_type,1,0,0,,,0
GSM5613775_2020-08-26-Control4003-c2_AGCCAGCCAGACCATT-1,GSM5613775_2020-08-26-Control4003-c2,1,low_single_type,1,1,1,,,1
GSM5613775_2020-08-26-Control4003-c2_AGCCAGCTCTCGTGAA-1,GSM5613775_2020-08-26-Control4003-c2,0,low_single_type,1,0,0,,,0
GSM5613775_2020-08-26-Control4003-c2_AGCGATTCACTGGAAG-1,GSM5613775_2020-08-26-Control4003-c2,0,low_single_type,1,0,0,,,0
GSM5613775_2020-08-26-Control4003-c2_AGCGATTTCTGCGGAC-1,GSM5613775_2020-08-26-Control4003-c2,0,low_single_type,1,0,0,,,0
GSM5613775_2020-08-26-Control4003-c2_AGCGCCAAGATGGTAT-1,GSM5613775_2020-08-26-Control4003-c2,0,low_single_type,1,0,0,,,0
GSM5613775_2020-08-26-Control4003-c2_AGCGCCACAGTGAGCA-1,GSM5613775_2020-08-26-Control4003-c2,0,low_single_type,1,0,0,,,0
GSM5613775_2020-08-26-Control4003-c2_AGCGCCAGTGCAATGG-1,GSM5613775_2020-08-26-Control4003-c2,0,low_single_type,1,0,0,,,0
GSM5613775_2020-08-26-Control4003-c2_AGCGCCATCAGGAAAT-1,GSM5613775_2020-08-26-Control4003-c2,0,low_single_type,1,0,0,,,0
GSM5613775_2020-08-26-Control4003-c2_AGCGCTGAGACATGCG-1,GSM5613775_2020-08-26-Control4003-c2,0,low_single_type,1,0,0,,,0
GSM5613775_2020-08-26-Control4003-c2_AGCGCTGAGGAGAATG-1,GSM5613775_2020-08-26-Control4003-c2,1,low_single_type,1,1,1,,,1
GSM5613775_2020-08-26-Control4003-c2_AGCGCTGAGGCTATCT-1,GSM5613775_2020-08-26-Control4003-c2,0,low_single_type,1,0,0,,,0
GSM5613775_2020-08-26-Control4003-c2_AGCGCTGTCACCTCAC-1,GSM5613775_2020-08-26-Control4003-c2,0,low_single_type,1,0,0,,,0
GSM5613775_2020-08-26-Control4003-c2_AGCGTATCACTAAACC-1,GSM5613775_2020-08-26-Control4003-c2,0,low_single_type,1,0,0,,,0
GSM5613775_2020-08-26-Control4003-c2_AGCGTATGTACAGGTG-1,GSM5613775_2020-08-26-Control4003-c2,0,low_single_type,1,0,0,,,0
GSM5613775_2020-08-26-Control4003-c2_AGCTACAAGAAACCCG-1,GSM5613775_2020-08-26-Control4003-c2,1,low_single_type,1,1,1,,,1
GSM5613775_2020-08-26-Control4003-c2_AGCTACAAGAATAGTC-1,GSM5613775_2020-08-26-Control4003-c2,0,low_single_type,1,0,0,,,0
GSM5613775_2020-08-26-Control4003-c2_AGCTTCCAGGTCGTCC-1,GSM5613775_2020-08-26-Control4003-c2,0,low_single_type,1,0,0,,,0
GSM5613775_2020-08-26-Control4003-c2_AGCTTCCCAAGCCATT-1,GSM5613775_2020-08-26-Control4003-c2,0,low_single_type,1,0,0,,,0
GSM5613775_2020-08-26-Control4003-c2_AGGAATAGTCACTCTC-1,GSM5613775_2020-08-26-Control4003-c2,0,low_single_type,1,0,0,,,0
GSM5613775_2020-08-26-Control4003-c2_AGGACGACAATCTAGC-1,GSM5613775_2020-08-26-Control4003-c2,0,low_single_type,1,0,0,,,0
GSM5613775_2020-08-26-Control4003-c2_AGGACGACAGTTGTCA-1,GSM5613775_2020-08-26-Control4003-c2,0,low_single_type,1,0,0,,,0
GSM5613775_2020-08-26-Control4003-c2_AGGACGACATGTCTAG-1,GSM5613775_2020-08-26-Control4003-c2,0,low_single_type,1,0,0,,,0
GSM5613775_2020-08-26-Control4003-c2_AGGACGAGTATACCTG-1,GSM5613775_2020-08-26-Control4003-c2,0,low_single_type,1,0,0,,,0
GSM5613775_2020-08-26-Control4003-c2_AGGACGATCACCCTGT-1,GSM5613775_2020-08-26-Control4003-c2,0,low_single_type,1,0,0,,,0
GSM5613775_2020-08-26-Control4003-c2_AGGACTTGTAGACGGT-1,GSM5613775_2020-08-26-Control4003-c2,0,low_single_type,1,0,0,,,0
GSM5613775_2020-08-26-Control4003-c2_AGGACTTGTAGACTGG-1,GSM5613775_2020-08-26-Control4003-c2,0,low_single_type,1,0,0,,,0
GSM5613775_2020-08-26-Control4003-c2_AGGATAATCTTGGTCC-1,GSM5613775_2020-08-26-Control4003-c2,1,low_single_type,1,1,1,,,1
GSM5613775_2020-08-26-Control4003-c2_AGGATCTAGGGCAGTT-1,GSM5613775_2020-08-26-Control4003-c2,0,low_single_type,1,0,0,,,0
GSM5613775_2020-08-26-Control4003-c2_AGGATCTTCAGCCCAG-1,GSM5613775_2020-08-26-Control4003-c2,0,low_single_type,1,0,0,,,0
GSM5613775_2020-08-26-Control4003-c2_AGGCATTAGTGTTCCA-1,GSM5613775_2020-08-26-Control4003-c2,1,low_single_type,1,1,1,,,1
GSM5613775_2020-08-26-Control4003-c2_AGGCCACCAGTCCGTG-1,GSM5613775_2020-08-26-Control4003-c2,1,low_single_type,1,1,1,,,1
GSM5613775_2020-08-26-Control4003-c2_AGGCTGCCAACTGAAA-1,GSM5613775_2020-08-26-Control4003-c2,0,low_single_type,1,0,0,,,0
GSM5613775_2020-08-26-Control4003-c2_AGGCTGCCATACCAGT-1,GSM5613775_2020-08-26-Control4003-c2,1,low_single_type,1,1,1,,,1
GSM5613775_2020-08-26-Control4003-c2_AGGCTGCTCCATAGAC-1,GSM5613775_2020-08-26-Control4003-c2,0,low_single_type,1,0,0,,,0
GSM5613775_2020-08-26-Control4003-c2_AGGCTGCTCCATGATG-1,GSM5613775_2020-08-26-Control4003-c2,0,low_single_type,1,0,0,,,0
GSM5613775_2020-08-26-Control4003-c2_AGGGCCTAGTCGAATA-1,GSM5613775_2020-08-26-Control4003-c2,1,low_single_type,1,1,1,,,1
GSM5613775_2020-08-26-Control4003-c2_AGGGCCTGTGCTCCGA-1,GSM5613775_2020-08-26-Control4003-c2,0,low_single_type,1,0,0,,,0
GSM5613775_2020-08-26-Control4003-c2_AGGGCCTGTGGATACG-1,GSM5613775_2020-08-26-Control4003-c2,0,low_single_type,1,0,0,,,0
GSM5613775_2020-08-26-Control4003-c2_AGGGCCTGTTCTCGTC-1,GSM5613775_2020-08-26-Control4003-c2,0,low_single_type,1,0,0,,,0
GSM5613775_2020-08-26-Control4003-c2_AGGGCTCCATCGTGCG-1,GSM5613775_2020-08-26-Control4003-c2,0,low_single_type,1,0,0,,,0
GSM5613775_2020-08-26-Control4003-c2_AGGGCTCTCGTCGACG-1,GSM5613775_2020-08-26-Control4003-c2,0,low_single_type,1,0,0,,,0
GSM5613775_2020-08-26-Control4003-c2_AGGGTCCAGATGTAGT-1,GSM5613775_2020-08-26-Control4003-c2,0,low_single_type,1,0,0,,,0
GSM5613775_2020-08-26-Control4003-c2_AGGGTCCAGCTAGCCC-1,GSM5613775_2020-08-26-Control4003-c2,1,low_single_type,1,1,1,,,1
GSM5613775_2020-08-26-Control4003-c2_AGGGTCCCAAGTTGGG-1,GSM5613775_2020-08-26-Control4003-c2,0,low_single_type,1,0,0,,,0
GSM5613775_2020-08-26-Control4003-c2_AGGGTCCCAGCGACAA-1,GSM5613775_2020-08-26-Control4003-c2,0,low_single_type,1,0,0,,,0
GSM5613775_2020-08-26-Control4003-c2_AGGGTGAGTCGTGTTA-1,GSM5613775_2020-08-26-Control4003-c2,0,low_single_type,1,0,0,,,0
GSM5613775_2020-08-26-Control4003-c2_AGGGTTTAGCTCACTA-1,GSM5613775_2020-08-26-Control4003-c2,0,low_single_type,1,0,0,,,0
GSM5613775_2020-08-26-Control4003-c2_AGGGTTTGTCGCGGTT-1,GSM5613775_2020-08-26-Control4003-c2,0,low_single_type,1,0,0,,,0
GSM5613775_2020-08-26-Control4003-c2_AGGTAGGAGGTATCTC-1,GSM5613775_2020-08-26-Control4003-c2,0,low_single_type,1,0,0,,,0
GSM5613775_2020-08-26-Control4003-c2_AGGTAGGGTTTAAGGA-1,GSM5613775_2020-08-26-Control4003-c2,0,low_single_type,1,0,0,,,0
GSM5613775_2020-08-26-Control4003-c2_AGGTAGGTCAGACCCG-1,GSM5613775_2020-08-26-Control4003-c2,0,low_single_type,1,0,0,,,0
GSM5613775_2020-08-26-Control4003-c2_AGGTCATAGGCGCTCT-1,GSM5613775_2020-08-26-Control4003-c2,0,low_single_type,1,0,0,,,0
GSM5613775_2020-08-26-Control4003-c2_AGGTCATCAACGTTAC-1,GSM5613775_2020-08-26-Control4003-c2,1,low_single_type,1,1,1,,,1
GSM5613775_2020-08-26-Control4003-c2_AGGTCATCAAGTGATA-1,GSM5613775_2020-08-26-Control4003-c2,0,low_single_type,1,0,0,,,0
GSM5613775_2020-08-26-Control4003-c2_AGGTCTACATTGCCTC-1,GSM5613775_2020-08-26-Control4003-c2,0,low_single_type,1,0,0,,,0
GSM5613775_2020-08-26-Control4003-c2_AGGTCTATCTCGGTAA-1,GSM5613775_2020-08-26-Control4003-c2,0,low_single_type,1,0,0,,,0
GSM5613775_2020-08-26-Control4003-c2_AGGTGTTTCAACCCGG-1,GSM5613775_2020-08-26-Control4003-c2,0,low_single_type,1,0,0,,,0
GSM5613775_2020-08-26-Control4003-c2_AGGTGTTTCTTGGTGA-1,GSM5613775_2020-08-26-Control4003-c2,0,low_single_type,1,0,0,,,0
GSM5613775_2020-08-26-Control4003-c2_AGGTTACAGCATTGTC-1,GSM5613775_2020-08-26-Control4003-c2,0,low_single_type,1,0,0,,,0
GSM5613775_2020-08-26-Control4003-c2_AGTAACCAGGAAGTCC-1,GSM5613775_2020-08-26-Control4003-c2,1,low_single_type,1,1,1,,,1
GSM5613775_2020-08-26-Control4003-c2_AGTACCACACATTCTT-1,GSM5613775_2020-08-26-Control4003-c2,0,low_single_type,1,0,0,,,0
GSM5613775_2020-08-26-Control4003-c2_AGTACCAGTCAAGTTC-1,GSM5613775_2020-08-26-Control4003-c2,0,low_single_type,1,0,0,,,0
GSM5613775_2020-08-26-Control4003-c2_AGTACCATCTACTCAT-1,GSM5613775_2020-08-26-Control4003-c2,1,low_single_type,1,1,1,,,1
GSM5613775_2020-08-26-Control4003-c2_AGTACTGAGAGATTCA-1,GSM5613775_2020-08-26-Control4003-c2,0,low_single_type,1,0,0,,,0
GSM5613775_2020-08-26-Control4003-c2_AGTAGCTCATGTCTAG-1,GSM5613775_2020-08-26-Control4003-c2,0,low_single_type,1,0,0,,,0
GSM5613775_2020-08-26-Control4003-c2_AGTAGCTTCCATTCGC-1,GSM5613775_2020-08-26-Control4003-c2,0,low_single_type,1,0,0,,,0
GSM5613775_2020-08-26-Control4003-c2_AGTAGTCAGGTTGTTC-1,GSM5613775_2020-08-26-Control4003-c2,0,low_single_type,1,0,0,,,0
GSM5613775_2020-08-26-Control4003-c2_AGTAGTCCAAGAGAGA-1,GSM5613775_2020-08-26-Control4003-c2,1,low_single_type,1,1,1,,,1
GSM5613775_2020-08-26-Control4003-c2_AGTAGTCTCCAAGCCG-1,GSM5613775_2020-08-26-Control4003-c2,1,low_single_type,1,1,1,,,1
GSM5613775_2020-08-26-Control4003-c2_AGTAGTCTCTTTCAGT-1,GSM5613775_2020-08-26-Control4003-c2,0,low_single_type,1,0,0,,,0
GSM5613775_2020-08-26-Control4003-c2_AGTCAACCAACACGAG-1,GSM5613775_2020-08-26-Control4003-c2,0,low_single_type,1,0,0,,,0
GSM5613775_2020-08-26-Control4003-c2_AGTCAACTCGGAGCAA-1,GSM5613775_2020-08-26-Control4003-c2,0,low_single_type,1,0,0,,,0
GSM5613775_2020-08-26-Control4003-c2_AGTCAACTCTTGCAAG-1,GSM5613775_2020-08-26-Control4003-c2,0,low_single_type,1,0,0,,,0
GSM5613775_2020-08-26-Control4003-c2_AGTCACACAGTACTAC-1,GSM5613775_2020-08-26-Control4003-c2,0,low_single_type,1,0,0,,,0
GSM5613775_2020-08-26-Control4003-c2_AGTCACAGTCGCGTCA-1,GSM5613775_2020-08-26-Control4003-c2,0,low_single_type,1,0,0,,,0
GSM5613775_2020-08-26-Control4003-c2_AGTCACAGTTCGGTTA-1,GSM5613775_2020-08-26-Control4003-c2,0,low_single_type,1,0,0,,,0
GSM5613775_2020-08-26-Control4003-c2_AGTCACATCGTTCAGA-1,GSM5613775_2020-08-26-Control4003-c2,0,low_single_type,1,0,0,,,0
GSM5613775_2020-08-26-Control4003-c2_AGTCATGAGGTACTGG-1,GSM5613775_2020-08-26-Control4003-c2,1,low_single_type,1,1,1,,,1
GSM5613775_2020-08-26-Control4003-c2_AGTCATGGTTCCTAAG-1,GSM5613775_2020-08-26-Control4003-c2,0,low_single_type,1,0,0,,,0
GSM5613775_2020-08-26-Control4003-c2_AGTCATGTCTTAAGGC-1,GSM5613775_2020-08-26-Control4003-c2,1,low_single_type,1,1,1,,,1
GSM5613775_2020-08-26-Control4003-c2_AGTCTCCCAACTGTGT-1,GSM5613775_2020-08-26-Control4003-c2,0,low_single_type,1,0,0,,,0
GSM5613775_2020-08-26-Control4003-c2_AGTCTCCTCCATCGTC-1,GSM5613775_2020-08-26-Control4003-c2,1,low_single_type,1,1,1,,,1
GSM5613775_2020-08-26-Control4003-c2_AGTGATCCATGCCGCA-1,GSM5613775_2020-08-26-Control4003-c2,0,low_single_type,1,0,0,,,0
GSM5613775_2020-08-26-Control4003-c2_AGTGATCCATGTTCAG-1,GSM5613775_2020-08-26-Control4003-c2,0,low_single_type,1,0,0,,,0
GSM5613775_2020-08-26-Control4003-c2_AGTGATCTCGACATTG-1,GSM5613775_2020-08-26-Control4003-c2,0,low_single_type,1,0,0,,,0
GSM5613775_2020-08-26-Control4003-c2_AGTGCCGAGAGCTTTC-1,GSM5613775_2020-08-26-Control4003-c2,0,low_single_type,1,0,0,,,0
GSM5613775_2020-08-26-Control4003-c2_AGTGCCGCACTTCCTG-1,GSM5613775_2020-08-26-Control4003-c2,0,low_single_type,1,0,0,,,0
GSM5613775_2020-08-26-Control4003-c2_AGTGCCGTCACCGACG-1,GSM5613775_2020-08-26-Control4003-c2,0,low_single_type,1,0,0,,,0
GSM5613775_2020-08-26-Control4003-c2_AGTGCCGTCCGTGTGG-1,GSM5613775_2020-08-26-Control4003-c2,0,low_single_type,1,0,0,,,0
GSM5613775_2020-08-26-Control4003-c2_AGTGTTGTCAGTGTGT-1,GSM5613775_2020-08-26-Control4003-c2,0,low_single_type,1,0,0,,,0
GSM5613775_2020-08-26-Control4003-c2_AGTTAGCGTTAAAGTG-1,GSM5613775_2020-08-26-Control4003-c2,0,low_single_type,1,0,0,,,0
GSM5613775_2020-08-26-Control4003-c2_AGTTAGCTCTCCGCAT-1,GSM5613775_2020-08-26-Control4003-c2,0,low_single_type,1,0,0,,,0
GSM5613775_2020-08-26-Control4003-c2_AGTTCCCTCGGCATCG-1,GSM5613775_2020-08-26-Control4003-c2,0,low_single_type,1,0,0,,,0
GSM5613775_2020-08-26-Control4003-c2_AGTTCGAAGCGCAATG-1,GSM5613775_2020-08-26-Control4003-c2,0,low_single_type,1,0,0,,,0
GSM5613775_2020-08-26-Control4003-c2_ATACCGAAGTGCGACA-1,GSM5613775_2020-08-26-Control4003-c2,1,low_single_type,1,1,1,,,1
GSM5613775_2020-08-26-Control4003-c2_ATACCGATCTAGCCTC-1,GSM5613775_2020-08-26-Control4003-c2,1,low_single_type,1,1,1,,,1
GSM5613775_2020-08-26-Control4003-c2_ATACCTTAGGTATCTC-1,GSM5613775_2020-08-26-Control4003-c2,0,low_single_type,1,0,0,,,0
GSM5613775_2020-08-26-Control4003-c2_ATACCTTCACCTGATA-1,GSM5613775_2020-08-26-Control4003-c2,0,low_single_type,1,0,0,,,0
GSM5613775_2020-08-26-Control4003-c2_ATACTTCAGGTGAGCT-1,GSM5613775_2020-08-26-Control4003-c2,0,low_single_type,1,0,0,,,0
GSM5613775_2020-08-26-Control4003-c2_ATACTTCGTTTCTATC-1,GSM5613775_2020-08-26-Control4003-c2,1,low_single_type,1,1,1,,,1
GSM5613775_2020-08-26-Control4003-c2_ATAGACCCATCCTTCG-1,GSM5613775_2020-08-26-Control4003-c2,0,low_single_type,1,0,0,,,0
GSM5613775_2020-08-26-Control4003-c2_ATAGAGACAGAGGGTT-1,GSM5613775_2020-08-26-Control4003-c2,0,low_single_type,1,0,0,,,0
GSM5613775_2020-08-26-Control4003-c2_ATAGAGAGTCAAAGCG-1,GSM5613775_2020-08-26-Control4003-c2,1,low_single_type,1,1,1,,,1
GSM5613775_2020-08-26-Control4003-c2_ATAGAGATCACCCTGT-1,GSM5613775_2020-08-26-Control4003-c2,0,low_single_type,1,0,0,,,0
GSM5613775_2020-08-26-Control4003-c2_ATAGAGATCGGCCCAA-1,GSM5613775_2020-08-26-Control4003-c2,0,low_single_type,1,0,0,,,0
GSM5613775_2020-08-26-Control4003-c2_ATAGGCTAGCAAACAT-1,GSM5613775_2020-08-26-Control4003-c2,0,low_single_type,1,0,0,,,0
GSM5613775_2020-08-26-Control4003-c2_ATAGGCTTCTCGGTCT-1,GSM5613775_2020-08-26-Control4003-c2,0,low_single_type,1,0,0,,,0
GSM5613775_2020-08-26-Control4003-c2_ATATCCTCACAGACGA-1,GSM5613775_2020-08-26-Control4003-c2,1,low_single_type,1,1,1,,,1
GSM5613775_2020-08-26-Control4003-c2_ATCACAGCAACCCTCT-1,GSM5613775_2020-08-26-Control4003-c2,0,low_single_type,1,0,0,,,0
GSM5613775_2020-08-26-Control4003-c2_ATCACTTTCAGGACGA-1,GSM5613775_2020-08-26-Control4003-c2,0,low_single_type,1,0,0,,,0
GSM5613775_2020-08-26-Control4003-c2_ATCACTTTCGTTCGCT-1,GSM5613775_2020-08-26-Control4003-c2,0,low_single_type,1,0,0,,,0
GSM5613775_2020-08-26-Control4003-c2_ATCATTCCATCCGAGC-1,GSM5613775_2020-08-26-Control4003-c2,0,low_single_type,1,0,0,,,0
GSM5613775_2020-08-26-Control4003-c2_ATCATTCGTCATCACA-1,GSM5613775_2020-08-26-Control4003-c2,1,low_single_type,1,1,1,,,1
GSM5613775_2020-08-26-Control4003-c2_ATCATTCTCAAGCCAT-1,GSM5613775_2020-08-26-Control4003-c2,1,low_single_type,1,1,1,,,1
GSM5613775_2020-08-26-Control4003-c2_ATCCACCGTAGAGCTG-1,GSM5613775_2020-08-26-Control4003-c2,1,low_single_type,1,1,1,,,1
GSM5613775_2020-08-26-Control4003-c2_ATCCACCGTATAATGG-1,GSM5613775_2020-08-26-Control4003-c2,1,low_single_type,1,1,1,,,1
GSM5613775_2020-08-26-Control4003-c2_ATCCACCTCGCTGTTC-1,GSM5613775_2020-08-26-Control4003-c2,1,low_single_type,1,1,1,,,1
GSM5613775_2020-08-26-Control4003-c2_ATCCATTCATTGACTG-1,GSM5613775_2020-08-26-Control4003-c2,0,low_single_type,1,0,0,,,0
GSM5613775_2020-08-26-Control4003-c2_ATCCATTTCGTGGGAA-1,GSM5613775_2020-08-26-Control4003-c2,0,low_single_type,1,0,0,,,0
GSM5613775_2020-08-26-Control4003-c2_ATCCCTGCAGAAGTGC-1,GSM5613775_2020-08-26-Control4003-c2,0,low_single_type,1,0,0,,,0
GSM5613775_2020-08-26-Control4003-c2_ATCCCTGGTAGCTAAA-1,GSM5613775_2020-08-26-Control4003-c2,0,low_single_type,1,0,0,,,0
GSM5613775_2020-08-26-Control4003-c2_ATCCCTGGTCACCACG-1,GSM5613775_2020-08-26-Control4003-c2,0,low_single_type,1,0,0,,,0
GSM5613775_2020-08-26-Control4003-c2_ATCCGTCCATCTATCT-1,GSM5613775_2020-08-26-Control4003-c2,1,low_single_type,1,1,1,,,1
GSM5613775_2020-08-26-Control4003-c2_ATCCTATAGCTGTGCC-1,GSM5613775_2020-08-26-Control4003-c2,0,low_single_type,1,0,0,,,0
GSM5613775_2020-08-26-Control4003-c2_ATCCTATCACCTGCTT-1,GSM5613775_2020-08-26-Control4003-c2,1,low_single_type,1,1,1,,,1
GSM5613775_2020-08-26-Control4003-c2_ATCCTATGTGGAACCA-1,GSM5613775_2020-08-26-Control4003-c2,1,low_single_type,1,1,1,,,1
GSM5613775_2020-08-26-Control4003-c2_ATCCTATTCATGGATC-1,GSM5613775_2020-08-26-Control4003-c2,0,low_single_type,1,0,0,,,0
GSM5613775_2020-08-26-Control4003-c2_ATCGATGAGAGTAACT-1,GSM5613775_2020-08-26-Control4003-c2,0,low_single_type,1,0,0,,,0
GSM5613775_2020-08-26-Control4003-c2_ATCGATGAGTCGGGAT-1,GSM5613775_2020-08-26-Control4003-c2,0,low_single_type,1,0,0,,,0
GSM5613775_2020-08-26-Control4003-c2_ATCGATGCAAACAGGC-1,GSM5613775_2020-08-26-Control4003-c2,0,low_single_type,1,0,0,,,0
GSM5613775_2020-08-26-Control4003-c2_ATCGATGGTCGACGCT-1,GSM5613775_2020-08-26-Control4003-c2,0,low_single_type,1,0,0,,,0
GSM5613775_2020-08-26-Control4003-c2_ATCGCCTGTGAGATAT-1,GSM5613775_2020-08-26-Control4003-c2,0,low_single_type,1,0,0,,,0
GSM5613775_2020-08-26-Control4003-c2_ATCGGATAGGTTACAA-1,GSM5613775_2020-08-26-Control4003-c2,0,low_single_type,1,0,0,,,0
GSM5613775_2020-08-26-Control4003-c2_ATCGGCGCATCTAGAC-1,GSM5613775_2020-08-26-Control4003-c2,0,low_single_type,1,0,0,,,0
GSM5613775_2020-08-26-Control4003-c2_ATCGGCGCATGCCGGT-1,GSM5613775_2020-08-26-Control4003-c2,0,low_single_type,1,0,0,,,0
GSM5613775_2020-08-26-Control4003-c2_ATCGTAGAGCGCCTCA-1,GSM5613775_2020-08-26-Control4003-c2,1,low_single_type,1,1,1,,,1
GSM5613775_2020-08-26-Control4003-c2_ATCGTAGAGGCTTAAA-1,GSM5613775_2020-08-26-Control4003-c2,1,low_single_type,1,1,1,,,1
GSM5613775_2020-08-26-Control4003-c2_ATCGTAGCACTGGAAG-1,GSM5613775_2020-08-26-Control4003-c2,0,low_single_type,1,0,0,,,0
GSM5613775_2020-08-26-Control4003-c2_ATCGTGAGTCGCTTGG-1,GSM5613775_2020-08-26-Control4003-c2,0,low_single_type,1,0,0,,,0
GSM5613775_2020-08-26-Control4003-c2_ATCGTGATCTCACGAA-1,GSM5613775_2020-08-26-Control4003-c2,0,low_single_type,1,0,0,,,0
GSM5613775_2020-08-26-Control4003-c2_ATCTCTAAGGTCATAA-1,GSM5613775_2020-08-26-Control4003-c2,0,low_single_type,1,0,0,,,0
GSM5613775_2020-08-26-Control4003-c2_ATCTCTAGTATGCTAC-1,GSM5613775_2020-08-26-Control4003-c2,0,low_single_type,1,0,0,,,0
GSM5613775_2020-08-26-Control4003-c2_ATCTCTAGTGACAGCA-1,GSM5613775_2020-08-26-Control4003-c2,0,low_single_type,1,0,0,,,0
GSM5613775_2020-08-26-Control4003-c2_ATCTCTATCAAGCCAT-1,GSM5613775_2020-08-26-Control4003-c2,0,low_single_type,1,0,0,,,0
GSM5613775_2020-08-26-Control4003-c2_ATCTCTATCACCGACG-1,GSM5613775_2020-08-26-Control4003-c2,1,low_single_type,1,1,1,,,1
GSM5613775_2020-08-26-Control4003-c2_ATCTCTATCTATTGTC-1,GSM5613775_2020-08-26-Control4003-c2,0,low_single_type,1,0,0,,,0
GSM5613775_2020-08-26-Control4003-c2_ATCTTCACATTGCTGA-1,GSM5613775_2020-08-26-Control4003-c2,0,low_single_type,1,0,0,,,0
GSM5613775_2020-08-26-Control4003-c2_ATCTTCAGTAGAATGT-1,GSM5613775_2020-08-26-Control4003-c2,0,low_single_type,1,0,0,,,0
GSM5613775_2020-08-26-Control4003-c2_ATGAAAGGTCAGACGA-1,GSM5613775_2020-08-26-Control4003-c2,0,low_single_type,1,0,0,,,0
GSM5613775_2020-08-26-Control4003-c2_ATGAAAGTCGAACCTA-1,GSM5613775_2020-08-26-Control4003-c2,0,low_single_type,1,0,0,,,0
GSM5613775_2020-08-26-Control4003-c2_ATGACCACAACGGTAG-1,GSM5613775_2020-08-26-Control4003-c2,0,low_single_type,1,0,0,,,0
GSM5613775_2020-08-26-Control4003-c2_ATGACCACAGAGGAAA-1,GSM5613775_2020-08-26-Control4003-c2,0,low_single_type,1,0,0,,,0
GSM5613775_2020-08-26-Control4003-c2_ATGACCATCCAAATGC-1,GSM5613775_2020-08-26-Control4003-c2,0,low_single_type,1,0,0,,,0
GSM5613775_2020-08-26-Control4003-c2_ATGAGGGAGCAAGGAA-1,GSM5613775_2020-08-26-Control4003-c2,0,low_single_type,1,0,0,,,0
GSM5613775_2020-08-26-Control4003-c2_ATGAGTCAGACTTAAG-1,GSM5613775_2020-08-26-Control4003-c2,0,low_single_type,1,0,0,,,0
GSM5613775_2020-08-26-Control4003-c2_ATGCATGCAGGTGTTT-1,GSM5613775_2020-08-26-Control4003-c2,0,low_single_type,1,0,0,,,0
GSM5613775_2020-08-26-Control4003-c2_ATGCCTCTCGCCCAGA-1,GSM5613775_2020-08-26-Control4003-c2,1,low_single_type,1,1,1,,,1
GSM5613775_2020-08-26-Control4003-c2_ATGCGATTCAACCTTT-1,GSM5613775_2020-08-26-Control4003-c2,0,low_single_type,1,0,0,,,0
GSM5613775_2020-08-26-Control4003-c2_ATGGAGGAGTAGACAT-1,GSM5613775_2020-08-26-Control4003-c2,0,low_single_type,1,0,0,,,0
GSM5613775_2020-08-26-Control4003-c2_ATGGAGGCATGACACT-1,GSM5613775_2020-08-26-Control4003-c2,0,low_single_type,1,0,0,,,0
GSM5613775_2020-08-26-Control4003-c2_ATGGATCCAGTCGCTG-1,GSM5613775_2020-08-26-Control4003-c2,0,low_single_type,1,0,0,,,0
GSM5613775_2020-08-26-Control4003-c2_ATGGATCGTCGTACTA-1,GSM5613775_2020-08-26-Control4003-c2,0,low_single_type,1,0,0,,,0
GSM5613775_2020-08-26-Control4003-c2_ATGGGAGAGCTGTCCG-1,GSM5613775_2020-08-26-Control4003-c2,0,low_single_type,1,0,0,,,0
GSM5613775_2020-08-26-Control4003-c2_ATGGGAGCATACCGTA-1,GSM5613775_2020-08-26-Control4003-c2,0,low_single_type,1,0,0,,,0
GSM5613775_2020-08-26-Control4003-c2_ATGGGAGGTGCATTTG-1,GSM5613775_2020-08-26-Control4003-c2,0,low_single_type,1,0,0,,,0
GSM5613775_2020-08-26-Control4003-c2_ATGGGTTGTGTTACAC-1,GSM5613775_2020-08-26-Control4003-c2,0,low_single_type,1,0,0,,,0
GSM5613775_2020-08-26-Control4003-c2_ATGGTTGAGCTCCACG-1,GSM5613775_2020-08-26-Control4003-c2,0,low_single_type,1,0,0,,,0
GSM5613775_2020-08-26-Control4003-c2_ATGGTTGCAGCATTGT-1,GSM5613775_2020-08-26-Control4003-c2,0,low_single_type,1,0,0,,,0
GSM5613775_2020-08-26-Control4003-c2_ATGGTTGCAGGAAGTC-1,GSM5613775_2020-08-26-Control4003-c2,0,low_single_type,1,0,0,,,0
GSM5613775_2020-08-26-Control4003-c2_ATGGTTGTCCACTTCG-1,GSM5613775_2020-08-26-Control4003-c2,0,low_single_type,1,0,0,,,0
GSM5613775_2020-08-26-Control4003-c2_ATGGTTGTCGAACGGA-1,GSM5613775_2020-08-26-Control4003-c2,0,low_single_type,1,0,0,,,0
GSM5613775_2020-08-26-Control4003-c2_ATGTCCCAGTGCACTT-1,GSM5613775_2020-08-26-Control4003-c2,0,low_single_type,1,0,0,,,0
GSM5613775_2020-08-26-Control4003-c2_ATGTCTTCACTCCCTA-1,GSM5613775_2020-08-26-Control4003-c2,0,low_single_type,1,0,0,,,0
GSM5613775_2020-08-26-Control4003-c2_ATTACCTAGTAGATCA-1,GSM5613775_2020-08-26-Control4003-c2,0,low_single_type,1,0,0,,,0
GSM5613775_2020-08-26-Control4003-c2_ATTACCTCAGGAACCA-1,GSM5613775_2020-08-26-Control4003-c2,0,low_single_type,1,0,0,,,0
GSM5613775_2020-08-26-Control4003-c2_ATTACTCGTGATGAAT-1,GSM5613775_2020-08-26-Control4003-c2,0,low_single_type,1,0,0,,,0
GSM5613775_2020-08-26-Control4003-c2_ATTATCCGTCCTCCTA-1,GSM5613775_2020-08-26-Control4003-c2,1,low_single_type,1,1,1,,,1
GSM5613775_2020-08-26-Control4003-c2_ATTATCCTCTGTGCAA-1,GSM5613775_2020-08-26-Control4003-c2,0,low_single_type,1,0,0,,,0
GSM5613775_2020-08-26-Control4003-c2_ATTCACTAGGAGAATG-1,GSM5613775_2020-08-26-Control4003-c2,1,low_single_type,1,1,1,,,1
GSM5613775_2020-08-26-Control4003-c2_ATTCACTAGTTACGTC-1,GSM5613775_2020-08-26-Control4003-c2,0,low_single_type,1,0,0,,,0
GSM5613775_2020-08-26-Control4003-c2_ATTCACTCAGTAACCT-1,GSM5613775_2020-08-26-Control4003-c2,0,low_single_type,1,0,0,,,0
GSM5613775_2020-08-26-Control4003-c2_ATTCAGGCATAGTCAC-1,GSM5613775_2020-08-26-Control4003-c2,0,low_single_type,1,0,0,,,0
GSM5613775_2020-08-26-Control4003-c2_ATTCAGGTCCATCAGA-1,GSM5613775_2020-08-26-Control4003-c2,0,low_single_type,1,0,0,,,0
GSM5613775_2020-08-26-Control4003-c2_ATTCATCGTCGAATGG-1,GSM5613775_2020-08-26-Control4003-c2,0,low_single_type,1,0,0,,,0
GSM5613775_2020-08-26-Control4003-c2_ATTCATCGTCGTCAGC-1,GSM5613775_2020-08-26-Control4003-c2,0,low_single_type,1,0,0,,,0
GSM5613775_2020-08-26-Control4003-c2_ATTCATCTCCTTACCG-1,GSM5613775_2020-08-26-Control4003-c2,0,low_single_type,1,0,0,,,0
GSM5613775_2020-08-26-Control4003-c2_ATTCCATCAAGCGATG-1,GSM5613775_2020-08-26-Control4003-c2,0,low_single_type,1,0,0,,,0
GSM5613775_2020-08-26-Control4003-c2_ATTCCATTCTTCCACG-1,GSM5613775_2020-08-26-Control4003-c2,1,low_single_type,1,1,1,,,1
GSM5613775_2020-08-26-Control4003-c2_ATTCCTACAATACGCT-1,GSM5613775_2020-08-26-Control4003-c2,1,low_single_type,1,1,1,,,1
GSM5613775_2020-08-26-Control4003-c2_ATTCCTACACTCCCTA-1,GSM5613775_2020-08-26-Control4003-c2,0,low_single_type,1,0,0,,,0
GSM5613775_2020-08-26-Control4003-c2_ATTCCTACATCCGATA-1,GSM5613775_2020-08-26-Control4003-c2,0,low_single_type,1,0,0,,,0
GSM5613775_2020-08-26-Control4003-c2_ATTCCTATCATTGTGG-1,GSM5613775_2020-08-26-Control4003-c2,0,low_single_type,1,0,0,,,0
GSM5613775_2020-08-26-Control4003-c2_ATTCCTATCGTGTTCC-1,GSM5613775_2020-08-26-Control4003-c2,0,low_single_type,1,0,0,,,0
GSM5613775_2020-08-26-Control4003-c2_ATTCGTTAGCGCTGCT-1,GSM5613775_2020-08-26-Control4003-c2,0,low_single_type,1,0,0,,,0
GSM5613775_2020-08-26-Control4003-c2_ATTCGTTGTTCGATTG-1,GSM5613775_2020-08-26-Control4003-c2,1,low_single_type,1,1,1,,,1
GSM5613775_2020-08-26-Control4003-c2_ATTCGTTGTTGTGTAC-1,GSM5613775_2020-08-26-Control4003-c2,0,low_single_type,1,0,0,,,0
GSM5613775_2020-08-26-Control4003-c2_ATTCGTTGTTTACTTC-1,GSM5613775_2020-08-26-Control4003-c2,0,low_single_type,1,0,0,,,0
GSM5613775_2020-08-26-Control4003-c2_ATTCTACAGTGGCAGT-1,GSM5613775_2020-08-26-Control4003-c2,0,low_single_type,1,0,0,,,0
GSM5613775_2020-08-26-Control4003-c2_ATTCTACGTGACTCTA-1,GSM5613775_2020-08-26-Control4003-c2,0,low_single_type,1,0,0,,,0
GSM5613775_2020-08-26-Control4003-c2_ATTCTACGTTGCCTAA-1,GSM5613775_2020-08-26-Control4003-c2,0,low_single_type,1,0,0,,,0
GSM5613775_2020-08-26-Control4003-c2_ATTCTACTCCTCTAGC-1,GSM5613775_2020-08-26-Control4003-c2,0,low_single_type,1,0,0,,,0
GSM5613775_2020-08-26-Control4003-c2_ATTCTTGCATCGCTAA-1,GSM5613775_2020-08-26-Control4003-c2,0,low_single_type,1,0,0,,,0
GSM5613775_2020-08-26-Control4003-c2_ATTCTTGCATTACGGT-1,GSM5613775_2020-08-26-Control4003-c2,0,low_single_type,1,0,0,,,0
GSM5613775_2020-08-26-Control4003-c2_ATTGGGTAGGACTATA-1,GSM5613775_2020-08-26-Control4003-c2,1,low_single_type,1,1,1,,,1
GSM5613775_2020-08-26-Control4003-c2_ATTGGGTCAAGTGGGT-1,GSM5613775_2020-08-26-Control4003-c2,0,low_single_type,1,0,0,,,0
GSM5613775_2020-08-26-Control4003-c2_ATTGGGTCATGATCTG-1,GSM5613775_2020-08-26-Control4003-c2,0,low_single_type,1,0,0,,,0
GSM5613775_2020-08-26-Control4003-c2_ATTGGGTGTGATTCTG-1,GSM5613775_2020-08-26-Control4003-c2,1,low_single_type,1,1,1,,,1
GSM5613775_2020-08-26-Control4003-c2_ATTGTTCGTGTCTTAG-1,GSM5613775_2020-08-26-Control4003-c2,0,low_single_type,1,0,0,,,0
GSM5613775_2020-08-26-Control4003-c2_ATTTACCTCAGTCTTT-1,GSM5613775_2020-08-26-Control4003-c2,0,low_single_type,1,0,0,,,0
GSM5613775_2020-08-26-Control4003-c2_ATTTACCTCCTTACCG-1,GSM5613775_2020-08-26-Control4003-c2,0,low_single_type,1,0,0,,,0
GSM5613775_2020-08-26-Control4003-c2_ATTTCACGTAACACGG-1,GSM5613775_2020-08-26-Control4003-c2,0,low_single_type,1,0,0,,,0
GSM5613775_2020-08-26-Control4003-c2_ATTTCTGAGGCATGCA-1,GSM5613775_2020-08-26-Control4003-c2,0,low_single_type,1,0,0,,,0
GSM5613775_2020-08-26-Control4003-c2_CAAAGAAGTACCCACG-1,GSM5613775_2020-08-26-Control4003-c2,0,low_single_type,1,0,0,,,0
GSM5613775_2020-08-26-Control4003-c2_CAAAGAAGTGGAAATT-1,GSM5613775_2020-08-26-Control4003-c2,0,low_single_type,1,0,0,,,0
GSM5613775_2020-08-26-Control4003-c2_CAAAGAATCCGTTGGG-1,GSM5613775_2020-08-26-Control4003-c2,0,low_single_type,1,0,0,,,0
GSM5613775_2020-08-26-Control4003-c2_CAAAGAATCGGACTGC-1,GSM5613775_2020-08-26-Control4003-c2,0,low_single_type,1,0,0,,,0
GSM5613775_2020-08-26-Control4003-c2_CAACAGTCACGCGTCA-1,GSM5613775_2020-08-26-Control4003-c2,0,low_single_type,1,0,0,,,0
GSM5613775_2020-08-26-Control4003-c2_CAACAGTTCTACGCAA-1,GSM5613775_2020-08-26-Control4003-c2,1,low_single_type,1,1,1,,,1
GSM5613775_2020-08-26-Control4003-c2_CAACCAACAACTAGAA-1,GSM5613775_2020-08-26-Control4003-c2,0,low_single_type,1,0,0,,,0
GSM5613775_2020-08-26-Control4003-c2_CAACCAAGTACGTGTT-1,GSM5613775_2020-08-26-Control4003-c2,0,low_single_type,1,0,0,,,0
GSM5613775_2020-08-26-Control4003-c2_CAACCTCCATACGCAT-1,GSM5613775_2020-08-26-Control4003-c2,0,low_single_type,1,0,0,,,0
GSM5613775_2020-08-26-Control4003-c2_CAACCTCGTGTTTCTT-1,GSM5613775_2020-08-26-Control4003-c2,1,low_single_type,1,1,1,,,1
GSM5613775_2020-08-26-Control4003-c2_CAACGATTCCGGCAGT-1,GSM5613775_2020-08-26-Control4003-c2,0,low_single_type,1,0,0,,,0
GSM5613775_2020-08-26-Control4003-c2_CAACGGCAGATAGCTA-1,GSM5613775_2020-08-26-Control4003-c2,0,low_single_type,1,0,0,,,0
GSM5613775_2020-08-26-Control4003-c2_CAACGGCCAACTTGGT-1,GSM5613775_2020-08-26-Control4003-c2,0,low_single_type,1,0,0,,,0
GSM5613775_2020-08-26-Control4003-c2_CAACGGCTCCTAAGTG-1,GSM5613775_2020-08-26-Control4003-c2,0,low_single_type,1,0,0,,,0
GSM5613775_2020-08-26-Control4003-c2_CAACGGCTCGTCGCTT-1,GSM5613775_2020-08-26-Control4003-c2,0,low_single_type,1,0,0,,,0
GSM5613775_2020-08-26-Control4003-c2_CAAGACTCAGATACCT-1,GSM5613775_2020-08-26-Control4003-c2,0,low_single_type,1,0,0,,,0
GSM5613775_2020-08-26-Control4003-c2_CAAGACTCATGAGAAT-1,GSM5613775_2020-08-26-Control4003-c2,0,low_single_type,1,0,0,,,0
GSM5613775_2020-08-26-Control4003-c2_CAAGACTCATGGAATA-1,GSM5613775_2020-08-26-Control4003-c2,1,low_single_type,1,1,1,,,1
GSM5613775_2020-08-26-Control4003-c2_CAAGACTGTGCATACT-1,GSM5613775_2020-08-26-Control4003-c2,1,low_single_type,1,1,1,,,1
GSM5613775_2020-08-26-Control4003-c2_CAAGAGGTCTGTCCCA-1,GSM5613775_2020-08-26-Control4003-c2,0,low_single_type,1,0,0,,,0
GSM5613775_2020-08-26-Control4003-c2_CAAGCTAAGCGTTAGG-1,GSM5613775_2020-08-26-Control4003-c2,1,low_single_type,1,1,1,,,1
GSM5613775_2020-08-26-Control4003-c2_CAAGCTACAATGGCAG-1,GSM5613775_2020-08-26-Control4003-c2,0,low_single_type,1,0,0,,,0
GSM5613775_2020-08-26-Control4003-c2_CAAGCTACAGGCACTC-1,GSM5613775_2020-08-26-Control4003-c2,0,low_single_type,1,0,0,,,0
GSM5613775_2020-08-26-Control4003-c2_CAAGGGAGTGCCTTTC-1,GSM5613775_2020-08-26-Control4003-c2,0,low_single_type,1,0,0,,,0
GSM5613775_2020-08-26-Control4003-c2_CAAGGGAGTGTGCCTG-1,GSM5613775_2020-08-26-Control4003-c2,0,low_single_type,1,0,0,,,0
GSM5613775_2020-08-26-Control4003-c2_CAAGGGATCAACCGAT-1,GSM5613775_2020-08-26-Control4003-c2,0,low_single_type,1,0,0,,,0
GSM5613775_2020-08-26-Control4003-c2_CAATACGAGCAATTAG-1,GSM5613775_2020-08-26-Control4003-c2,0,low_single_type,1,0,0,,,0
GSM5613775_2020-08-26-Control4003-c2_CAATACGCAAGTGCTT-1,GSM5613775_2020-08-26-Control4003-c2,0,low_single_type,1,0,0,,,0
GSM5613775_2020-08-26-Control4003-c2_CAATACGCAGCATTGT-1,GSM5613775_2020-08-26-Control4003-c2,0,low_single_type,1,0,0,,,0
GSM5613775_2020-08-26-Control4003-c2_CAATACGCATCAGCTA-1,GSM5613775_2020-08-26-Control4003-c2,0,low_single_type,1,0,0,,,0
GSM5613775_2020-08-26-Control4003-c2_CAATACGGTTCCGGTG-1,GSM5613775_2020-08-26-Control4003-c2,0,low_single_type,1,0,0,,,0
GSM5613775_2020-08-26-Control4003-c2_CAATACGTCCCGAATA-1,GSM5613775_2020-08-26-Control4003-c2,0,low_single_type,1,0,0,,,0
GSM5613775_2020-08-26-Control4003-c2_CAATCGAAGTCCCAAT-1,GSM5613775_2020-08-26-Control4003-c2,0,low_single_type,1,0,0,,,0
GSM5613775_2020-08-26-Control4003-c2_CAATCGATCCAGTGCG-1,GSM5613775_2020-08-26-Control4003-c2,1,low_single_type,1,1,1,,,1
GSM5613775_2020-08-26-Control4003-c2_CAATGACCAAGAGATT-1,GSM5613775_2020-08-26-Control4003-c2,0,low_single_type,1,0,0,,,0
GSM5613775_2020-08-26-Control4003-c2_CAATGACCACAAGCAG-1,GSM5613775_2020-08-26-Control4003-c2,1,low_single_type,1,1,1,,,1
GSM5613775_2020-08-26-Control4003-c2_CAATGACCATTCACCC-1,GSM5613775_2020-08-26-Control4003-c2,0,low_single_type,1,0,0,,,0
GSM5613775_2020-08-26-Control4003-c2_CAATGACGTCCAAGAG-1,GSM5613775_2020-08-26-Control4003-c2,0,low_single_type,1,0,0,,,0
GSM5613775_2020-08-26-Control4003-c2_CAATGACGTGAACTAA-1,GSM5613775_2020-08-26-Control4003-c2,1,low_single_type,1,1,1,,,1
GSM5613775_2020-08-26-Control4003-c2_CAATGACGTTGGGTTT-1,GSM5613775_2020-08-26-Control4003-c2,0,low_single_type,1,0,0,,,0
GSM5613775_2020-08-26-Control4003-c2_CAATGACTCCTCATAT-1,GSM5613775_2020-08-26-Control4003-c2,0,low_single_type,1,0,0,,,0
GSM5613775_2020-08-26-Control4003-c2_CAATTTCAGGACATCG-1,GSM5613775_2020-08-26-Control4003-c2,0,low_single_type,1,0,0,,,0
GSM5613775_2020-08-26-Control4003-c2_CAATTTCCACGTTGGC-1,GSM5613775_2020-08-26-Control4003-c2,0,low_single_type,1,0,0,,,0
GSM5613775_2020-08-26-Control4003-c2_CAATTTCTCCTTGGAA-1,GSM5613775_2020-08-26-Control4003-c2,0,low_single_type,1,0,0,,,0
GSM5613775_2020-08-26-Control4003-c2_CACAACACAATTGCAC-1,GSM5613775_2020-08-26-Control4003-c2,0,low_single_type,1,0,0,,,0
GSM5613775_2020-08-26-Control4003-c2_CACAACATCATGGAGG-1,GSM5613775_2020-08-26-Control4003-c2,0,low_single_type,1,0,0,,,0
GSM5613775_2020-08-26-Control4003-c2_CACAACATCTCTCCGA-1,GSM5613775_2020-08-26-Control4003-c2,0,low_single_type,1,0,0,,,0
GSM5613775_2020-08-26-Control4003-c2_CACACAAAGGAGGGTG-1,GSM5613775_2020-08-26-Control4003-c2,1,low_single_type,1,1,1,,,1
GSM5613775_2020-08-26-Control4003-c2_CACACAACAACCAACT-1,GSM5613775_2020-08-26-Control4003-c2,0,low_single_type,1,0,0,,,0
GSM5613775_2020-08-26-Control4003-c2_CACACAACAACCAATC-1,GSM5613775_2020-08-26-Control4003-c2,0,low_single_type,1,0,0,,,0
GSM5613775_2020-08-26-Control4003-c2_CACACAATCAAGCCAT-1,GSM5613775_2020-08-26-Control4003-c2,0,low_single_type,1,0,0,,,0
GSM5613775_2020-08-26-Control4003-c2_CACACAATCGAAGCAG-1,GSM5613775_2020-08-26-Control4003-c2,0,low_single_type,1,0,0,,,0
GSM5613775_2020-08-26-Control4003-c2_CACACAATCTCCGCAT-1,GSM5613775_2020-08-26-Control4003-c2,0,low_single_type,1,0,0,,,0
GSM5613775_2020-08-26-Control4003-c2_CACAGATCATCATGAC-1,GSM5613775_2020-08-26-Control4003-c2,0,low_single_type,1,0,0,,,0
GSM5613775_2020-08-26-Control4003-c2_CACATGACATATACCG-1,GSM5613775_2020-08-26-Control4003-c2,0,low_single_type,1,0,0,,,0
GSM5613775_2020-08-26-Control4003-c2_CACCAAAGTACTGCCG-1,GSM5613775_2020-08-26-Control4003-c2,0,low_single_type,1,0,0,,,0
GSM5613775_2020-08-26-Control4003-c2_CACCGTTAGATTGGGC-1,GSM5613775_2020-08-26-Control4003-c2,0,low_single_type,1,0,0,,,0
GSM5613775_2020-08-26-Control4003-c2_CACCGTTCAATATCCG-1,GSM5613775_2020-08-26-Control4003-c2,0,low_single_type,1,0,0,,,0
GSM5613775_2020-08-26-Control4003-c2_CACGAATGTACACGTT-1,GSM5613775_2020-08-26-Control4003-c2,0,low_single_type,1,0,0,,,0
GSM5613775_2020-08-26-Control4003-c2_CACGGGTTCCATTGTT-1,GSM5613775_2020-08-26-Control4003-c2,0,low_single_type,1,0,0,,,0
GSM5613775_2020-08-26-Control4003-c2_CACGTTCAGTGATTCC-1,GSM5613775_2020-08-26-Control4003-c2,0,low_single_type,1,0,0,,,0
GSM5613775_2020-08-26-Control4003-c2_CACGTTCCACAAACGG-1,GSM5613775_2020-08-26-Control4003-c2,0,low_single_type,1,0,0,,,0
GSM5613775_2020-08-26-Control4003-c2_CACTGAAAGGATACGC-1,GSM5613775_2020-08-26-Control4003-c2,0,low_single_type,1,0,0,,,0
GSM5613775_2020-08-26-Control4003-c2_CACTGAAGTATGGAGC-1,GSM5613775_2020-08-26-Control4003-c2,0,low_single_type,1,0,0,,,0
GSM5613775_2020-08-26-Control4003-c2_CACTGAATCTTCTCAA-1,GSM5613775_2020-08-26-Control4003-c2,0,low_single_type,1,0,0,,,0
GSM5613775_2020-08-26-Control4003-c2_CACTGGGAGCCTCAAT-1,GSM5613775_2020-08-26-Control4003-c2,0,low_single_type,1,0,0,,,0
GSM5613775_2020-08-26-Control4003-c2_CACTGGGAGGTAAGAG-1,GSM5613775_2020-08-26-Control4003-c2,1,low_single_type,1,1,1,,,1
GSM5613775_2020-08-26-Control4003-c2_CACTGGGGTCTTCAAG-1,GSM5613775_2020-08-26-Control4003-c2,1,low_single_type,1,1,1,,,1
GSM5613775_2020-08-26-Control4003-c2_CACTGGGGTGTATTGC-1,GSM5613775_2020-08-26-Control4003-c2,0,low_single_type,1,0,0,,,0
GSM5613775_2020-08-26-Control4003-c2_CACTGGGTCGATTGGT-1,GSM5613775_2020-08-26-Control4003-c2,0,low_single_type,1,0,0,,,0
GSM5613775_2020-08-26-Control4003-c2_CACTGGGTCTCAAAGC-1,GSM5613775_2020-08-26-Control4003-c2,0,low_single_type,1,0,0,,,0
GSM5613775_2020-08-26-Control4003-c2_CACTGTCAGCTGAGCA-1,GSM5613775_2020-08-26-Control4003-c2,0,low_single_type,1,0,0,,,0
GSM5613775_2020-08-26-Control4003-c2_CACTTCGCAAGACGAC-1,GSM5613775_2020-08-26-Control4003-c2,0,low_single_type,1,0,0,,,0
GSM5613775_2020-08-26-Control4003-c2_CACTTCGTCTAGGCAT-1,GSM5613775_2020-08-26-Control4003-c2,0,low_single_type,1,0,0,,,0
GSM5613775_2020-08-26-Control4003-c2_CAGAGCCAGACATCCT-1,GSM5613775_2020-08-26-Control4003-c2,0,low_single_type,1,0,0,,,0
GSM5613775_2020-08-26-Control4003-c2_CAGATACTCCACAGCG-1,GSM5613775_2020-08-26-Control4003-c2,0,low_single_type,1,0,0,,,0
GSM5613775_2020-08-26-Control4003-c2_CAGATCATCCAAGGGA-1,GSM5613775_2020-08-26-Control4003-c2,0,low_single_type,1,0,0,,,0
GSM5613775_2020-08-26-Control4003-c2_CAGATCATCGCAATGT-1,GSM5613775_2020-08-26-Control4003-c2,1,low_single_type,1,1,1,,,1
GSM5613775_2020-08-26-Control4003-c2_CAGATTGAGGAGGTTC-1,GSM5613775_2020-08-26-Control4003-c2,0,low_single_type,1,0,0,,,0
GSM5613775_2020-08-26-Control4003-c2_CAGATTGCAACGGTAG-1,GSM5613775_2020-08-26-Control4003-c2,1,low_single_type,1,1,1,,,1
GSM5613775_2020-08-26-Control4003-c2_CAGATTGCATGCCGGT-1,GSM5613775_2020-08-26-Control4003-c2,0,low_single_type,1,0,0,,,0
GSM5613775_2020-08-26-Control4003-c2_CAGATTGTCCCTCAAC-1,GSM5613775_2020-08-26-Control4003-c2,0,low_single_type,1,0,0,,,0
GSM5613775_2020-08-26-Control4003-c2_CAGCAATGTGTGAGCA-1,GSM5613775_2020-08-26-Control4003-c2,0,low_single_type,1,0,0,,,0
GSM5613775_2020-08-26-Control4003-c2_CAGCAATTCATTGAGC-1,GSM5613775_2020-08-26-Control4003-c2,1,low_single_type,1,1,1,,,1
GSM5613775_2020-08-26-Control4003-c2_CAGCAATTCGTGGGAA-1,GSM5613775_2020-08-26-Control4003-c2,0,low_single_type,1,0,0,,,0
GSM5613775_2020-08-26-Control4003-c2_CAGCACGTCTCATAGG-1,GSM5613775_2020-08-26-Control4003-c2,0,low_single_type,1,0,0,,,0
GSM5613775_2020-08-26-Control4003-c2_CAGCAGCAGAAGCTGC-1,GSM5613775_2020-08-26-Control4003-c2,0,low_single_type,1,0,0,,,0
GSM5613775_2020-08-26-Control4003-c2_CAGCAGCCAGAGTGTG-1,GSM5613775_2020-08-26-Control4003-c2,1,low_single_type,1,1,1,,,1
GSM5613775_2020-08-26-Control4003-c2_CAGCCAGTCCATGAGT-1,GSM5613775_2020-08-26-Control4003-c2,0,low_single_type,1,0,0,,,0
GSM5613775_2020-08-26-Control4003-c2_CAGCGTGAGACCATTC-1,GSM5613775_2020-08-26-Control4003-c2,0,low_single_type,1,0,0,,,0
GSM5613775_2020-08-26-Control4003-c2_CAGCGTGGTAGCTTGT-1,GSM5613775_2020-08-26-Control4003-c2,1,low_single_type,1,1,1,,,1
GSM5613775_2020-08-26-Control4003-c2_CAGCGTGGTGGTCTGC-1,GSM5613775_2020-08-26-Control4003-c2,1,low_single_type,1,1,1,,,1
GSM5613775_2020-08-26-Control4003-c2_CAGGCCATCACAAGGG-1,GSM5613775_2020-08-26-Control4003-c2,0,low_single_type,1,0,0,,,0
GSM5613775_2020-08-26-Control4003-c2_CAGGGCTAGTAAACGT-1,GSM5613775_2020-08-26-Control4003-c2,0,low_single_type,1,0,0,,,0
GSM5613775_2020-08-26-Control4003-c2_CAGGGCTCAGGATGAC-1,GSM5613775_2020-08-26-Control4003-c2,0,low_single_type,1,0,0,,,0
GSM5613775_2020-08-26-Control4003-c2_CAGGGCTGTTTGTGGT-1,GSM5613775_2020-08-26-Control4003-c2,1,low_single_type,1,1,1,,,1
GSM5613775_2020-08-26-Control4003-c2_CAGGGCTTCTAAGGAA-1,GSM5613775_2020-08-26-Control4003-c2,0,low_single_type,1,0,0,,,0
GSM5613775_2020-08-26-Control4003-c2_CAGTTAGAGTGGAAGA-1,GSM5613775_2020-08-26-Control4003-c2,0,low_single_type,1,0,0,,,0
GSM5613775_2020-08-26-Control4003-c2_CAGTTCCCAAGGAGTC-1,GSM5613775_2020-08-26-Control4003-c2,0,low_single_type,1,0,0,,,0
GSM5613775_2020-08-26-Control4003-c2_CAGTTCCCACTTGTGA-1,GSM5613775_2020-08-26-Control4003-c2,0,low_single_type,1,0,0,,,0
GSM5613775_2020-08-26-Control4003-c2_CAGTTCCGTCCGTTTC-1,GSM5613775_2020-08-26-Control4003-c2,0,low_single_type,1,0,0,,,0
GSM5613775_2020-08-26-Control4003-c2_CATAAGCAGGGTTAGC-1,GSM5613775_2020-08-26-Control4003-c2,0,low_single_type,1,0,0,,,0
GSM5613775_2020-08-26-Control4003-c2_CATAAGCTCCCTCGAT-1,GSM5613775_2020-08-26-Control4003-c2,0,low_single_type,1,0,0,,,0
GSM5613775_2020-08-26-Control4003-c2_CATACAGCAACTCCCT-1,GSM5613775_2020-08-26-Control4003-c2,0,low_single_type,1,0,0,,,0
GSM5613775_2020-08-26-Control4003-c2_CATACAGGTGAATTAG-1,GSM5613775_2020-08-26-Control4003-c2,0,low_single_type,1,0,0,,,0
GSM5613775_2020-08-26-Control4003-c2_CATACAGGTGCCTTCT-1,GSM5613775_2020-08-26-Control4003-c2,0,low_single_type,1,0,0,,,0
GSM5613775_2020-08-26-Control4003-c2_CATACAGTCAATCTTC-1,GSM5613775_2020-08-26-Control4003-c2,1,low_single_type,1,1,1,,,1
GSM5613775_2020-08-26-Control4003-c2_CATACAGTCACAGAGG-1,GSM5613775_2020-08-26-Control4003-c2,1,low_single_type,1,1,1,,,1
GSM5613775_2020-08-26-Control4003-c2_CATACAGTCGCCGAGT-1,GSM5613775_2020-08-26-Control4003-c2,0,low_single_type,1,0,0,,,0
GSM5613775_2020-08-26-Control4003-c2_CATACCCAGACCCGCT-1,GSM5613775_2020-08-26-Control4003-c2,0,low_single_type,1,0,0,,,0
GSM5613775_2020-08-26-Control4003-c2_CATACCCAGTCATCCA-1,GSM5613775_2020-08-26-Control4003-c2,0,low_single_type,1,0,0,,,0
GSM5613775_2020-08-26-Control4003-c2_CATACCCAGTTGTAGA-1,GSM5613775_2020-08-26-Control4003-c2,0,low_single_type,1,0,0,,,0
GSM5613775_2020-08-26-Control4003-c2_CATACTTTCCAAGCTA-1,GSM5613775_2020-08-26-Control4003-c2,0,low_single_type,1,0,0,,,0
GSM5613775_2020-08-26-Control4003-c2_CATACTTTCTAACGGT-1,GSM5613775_2020-08-26-Control4003-c2,0,low_single_type,1,0,0,,,0
GSM5613775_2020-08-26-Control4003-c2_CATACTTTCTGTCGTC-1,GSM5613775_2020-08-26-Control4003-c2,0,low_single_type,1,0,0,,,0
GSM5613775_2020-08-26-Control4003-c2_CATAGACAGCTGAGCA-1,GSM5613775_2020-08-26-Control4003-c2,0,low_single_type,1,0,0,,,0
GSM5613775_2020-08-26-Control4003-c2_CATAGACAGGGAGGCA-1,GSM5613775_2020-08-26-Control4003-c2,0,low_single_type,1,0,0,,,0
GSM5613775_2020-08-26-Control4003-c2_CATAGACCAGTCGCAC-1,GSM5613775_2020-08-26-Control4003-c2,0,low_single_type,1,0,0,,,0
GSM5613775_2020-08-26-Control4003-c2_CATAGACTCTACAGGT-1,GSM5613775_2020-08-26-Control4003-c2,0,low_single_type,1,0,0,,,0
GSM5613775_2020-08-26-Control4003-c2_CATCAAGTCAAACCCA-1,GSM5613775_2020-08-26-Control4003-c2,0,low_single_type,1,0,0,,,0
GSM5613775_2020-08-26-Control4003-c2_CATCAAGTCCATTCGC-1,GSM5613775_2020-08-26-Control4003-c2,0,low_single_type,1,0,0,,,0
GSM5613775_2020-08-26-Control4003-c2_CATCAAGTCTACTGAG-1,GSM5613775_2020-08-26-Control4003-c2,0,low_single_type,1,0,0,,,0
GSM5613775_2020-08-26-Control4003-c2_CATCAAGTCTTAAGGC-1,GSM5613775_2020-08-26-Control4003-c2,0,low_single_type,1,0,0,,,0
GSM5613775_2020-08-26-Control4003-c2_CATCCACCATTCGATG-1,GSM5613775_2020-08-26-Control4003-c2,0,low_single_type,1,0,0,,,0
GSM5613775_2020-08-26-Control4003-c2_CATCCACTCAGGACAG-1,GSM5613775_2020-08-26-Control4003-c2,1,low_single_type,1,1,1,,,1
GSM5613775_2020-08-26-Control4003-c2_CATCCCACACTTGACA-1,GSM5613775_2020-08-26-Control4003-c2,0,low_single_type,1,0,0,,,0
GSM5613775_2020-08-26-Control4003-c2_CATCCGTAGAAGTCTA-1,GSM5613775_2020-08-26-Control4003-c2,1,low_single_type,1,1,1,,,1
GSM5613775_2020-08-26-Control4003-c2_CATCCGTCAGAATCGG-1,GSM5613775_2020-08-26-Control4003-c2,0,low_single_type,1,0,0,,,0
GSM5613775_2020-08-26-Control4003-c2_CATCGCTGTGTTGCCG-1,GSM5613775_2020-08-26-Control4003-c2,0,low_single_type,1,0,0,,,0
GSM5613775_2020-08-26-Control4003-c2_CATCGGGCAGGACAGT-1,GSM5613775_2020-08-26-Control4003-c2,0,low_single_type,1,0,0,,,0
GSM5613775_2020-08-26-Control4003-c2_CATCGGGCAGTTTCGA-1,GSM5613775_2020-08-26-Control4003-c2,0,low_single_type,1,0,0,,,0
GSM5613775_2020-08-26-Control4003-c2_CATCGTCCAACAACAA-1,GSM5613775_2020-08-26-Control4003-c2,0,low_single_type,1,0,0,,,0
GSM5613775_2020-08-26-Control4003-c2_CATCGTCTCCAACACA-1,GSM5613775_2020-08-26-Control4003-c2,0,low_single_type,1,0,0,,,0
GSM5613775_2020-08-26-Control4003-c2_CATGAGTCACAACGAG-1,GSM5613775_2020-08-26-Control4003-c2,0,low_single_type,1,0,0,,,0
GSM5613775_2020-08-26-Control4003-c2_CATGCAAAGCGACTAG-1,GSM5613775_2020-08-26-Control4003-c2,1,low_single_type,1,1,1,,,1
GSM5613775_2020-08-26-Control4003-c2_CATGCAACACAGCCTG-1,GSM5613775_2020-08-26-Control4003-c2,0,low_single_type,1,0,0,,,0
GSM5613775_2020-08-26-Control4003-c2_CATGCCTCATAACTCG-1,GSM5613775_2020-08-26-Control4003-c2,0,low_single_type,1,0,0,,,0
GSM5613775_2020-08-26-Control4003-c2_CATGCCTGTATGGGAC-1,GSM5613775_2020-08-26-Control4003-c2,0,low_single_type,1,0,0,,,0
GSM5613775_2020-08-26-Control4003-c2_CATGCGGAGTCTGGAG-1,GSM5613775_2020-08-26-Control4003-c2,1,low_single_type,1,1,1,,,1
GSM5613775_2020-08-26-Control4003-c2_CATGCGGCAAGTCATC-1,GSM5613775_2020-08-26-Control4003-c2,0,low_single_type,1,0,0,,,0
GSM5613775_2020-08-26-Control4003-c2_CATGCGGCATGGTGGA-1,GSM5613775_2020-08-26-Control4003-c2,0,low_single_type,1,0,0,,,0
GSM5613775_2020-08-26-Control4003-c2_CATGCGGGTAATCAGA-1,GSM5613775_2020-08-26-Control4003-c2,0,low_single_type,1,0,0,,,0
GSM5613775_2020-08-26-Control4003-c2_CATGCTCGTCACGACC-1,GSM5613775_2020-08-26-Control4003-c2,1,low_single_type,1,1,1,,,1
GSM5613775_2020-08-26-Control4003-c2_CATGCTCGTTGCCGCA-1,GSM5613775_2020-08-26-Control4003-c2,0,low_single_type,1,0,0,,,0
GSM5613775_2020-08-26-Control4003-c2_CATGGATTCCGTATGA-1,GSM5613775_2020-08-26-Control4003-c2,0,low_single_type,1,0,0,,,0
GSM5613775_2020-08-26-Control4003-c2_CATGGTAAGAGCTGAC-1,GSM5613775_2020-08-26-Control4003-c2,0,low_single_type,1,0,0,,,0
GSM5613775_2020-08-26-Control4003-c2_CATGGTAGTGTAAATG-1,GSM5613775_2020-08-26-Control4003-c2,0,low_single_type,1,0,0,,,0
GSM5613775_2020-08-26-Control4003-c2_CATTCATCACCAATTG-1,GSM5613775_2020-08-26-Control4003-c2,0,low_single_type,1,0,0,,,0
GSM5613775_2020-08-26-Control4003-c2_CATTCATGTAGAATAC-1,GSM5613775_2020-08-26-Control4003-c2,0,low_single_type,1,0,0,,,0
GSM5613775_2020-08-26-Control4003-c2_CATTCATGTCAGACGA-1,GSM5613775_2020-08-26-Control4003-c2,0,low_single_type,1,0,0,,,0
GSM5613775_2020-08-26-Control4003-c2_CATTCTAAGCAAGTCG-1,GSM5613775_2020-08-26-Control4003-c2,0,low_single_type,1,0,0,,,0
GSM5613775_2020-08-26-Control4003-c2_CATTCTACAACAACAA-1,GSM5613775_2020-08-26-Control4003-c2,0,low_single_type,1,0,0,,,0
GSM5613775_2020-08-26-Control4003-c2_CATTCTACACTACACA-1,GSM5613775_2020-08-26-Control4003-c2,0,low_single_type,1,0,0,,,0
GSM5613775_2020-08-26-Control4003-c2_CATTCTACATTGGATC-1,GSM5613775_2020-08-26-Control4003-c2,0,low_single_type,1,0,0,,,0
GSM5613775_2020-08-26-Control4003-c2_CATTCTATCATGGAGG-1,GSM5613775_2020-08-26-Control4003-c2,0,low_single_type,1,0,0,,,0
GSM5613775_2020-08-26-Control4003-c2_CATTGAGGTAACTAAG-1,GSM5613775_2020-08-26-Control4003-c2,0,low_single_type,1,0,0,,,0
GSM5613775_2020-08-26-Control4003-c2_CATTGAGGTACGGATG-1,GSM5613775_2020-08-26-Control4003-c2,0,low_single_type,1,0,0,,,0
GSM5613775_2020-08-26-Control4003-c2_CATTGCCCAGCCGTTG-1,GSM5613775_2020-08-26-Control4003-c2,0,low_single_type,1,0,0,,,0
GSM5613775_2020-08-26-Control4003-c2_CATTGCCGTATGTCCA-1,GSM5613775_2020-08-26-Control4003-c2,0,low_single_type,1,0,0,,,0
GSM5613775_2020-08-26-Control4003-c2_CATTGTTCATTCACAG-1,GSM5613775_2020-08-26-Control4003-c2,0,low_single_type,1,0,0,,,0
GSM5613775_2020-08-26-Control4003-c2_CATTGTTGTTTGACAC-1,GSM5613775_2020-08-26-Control4003-c2,0,low_single_type,1,0,0,,,0
GSM5613775_2020-08-26-Control4003-c2_CATTGTTTCAAGTGTC-1,GSM5613775_2020-08-26-Control4003-c2,0,low_single_type,1,0,0,,,0
GSM5613775_2020-08-26-Control4003-c2_CATTGTTTCTGAGATC-1,GSM5613775_2020-08-26-Control4003-c2,1,low_single_type,1,1,1,,,1
GSM5613775_2020-08-26-Control4003-c2_CATTTCACAGTTGAAA-1,GSM5613775_2020-08-26-Control4003-c2,0,low_single_type,1,0,0,,,0
GSM5613775_2020-08-26-Control4003-c2_CATTTCACATCCAACA-1,GSM5613775_2020-08-26-Control4003-c2,0,low_single_type,1,0,0,,,0
GSM5613775_2020-08-26-Control4003-c2_CATTTCATCTACACTT-1,GSM5613775_2020-08-26-Control4003-c2,0,low_single_type,1,0,0,,,0
GSM5613775_2020-08-26-Control4003-c2_CCAAGCGCATAATGAG-1,GSM5613775_2020-08-26-Control4003-c2,0,low_single_type,1,0,0,,,0
GSM5613775_2020-08-26-Control4003-c2_CCAATGAAGGAACGTC-1,GSM5613775_2020-08-26-Control4003-c2,1,low_single_type,1,1,1,,,1
GSM5613775_2020-08-26-Control4003-c2_CCAATGAAGGGTTGCA-1,GSM5613775_2020-08-26-Control4003-c2,0,low_single_type,1,0,0,,,0
GSM5613775_2020-08-26-Control4003-c2_CCAATGATCGTGCGAC-1,GSM5613775_2020-08-26-Control4003-c2,0,low_single_type,1,0,0,,,0
GSM5613775_2020-08-26-Control4003-c2_CCAATTTGTGCGGATA-1,GSM5613775_2020-08-26-Control4003-c2,1,low_single_type,1,1,1,,,1
GSM5613775_2020-08-26-Control4003-c2_CCAATTTTCCGTTTCG-1,GSM5613775_2020-08-26-Control4003-c2,1,low_single_type,1,1,1,,,1
GSM5613775_2020-08-26-Control4003-c2_CCACAAACATGATCTG-1,GSM5613775_2020-08-26-Control4003-c2,1,low_single_type,1,1,1,,,1
GSM5613775_2020-08-26-Control4003-c2_CCACACTAGTCAGGGT-1,GSM5613775_2020-08-26-Control4003-c2,0,low_single_type,1,0,0,,,0
GSM5613775_2020-08-26-Control4003-c2_CCACACTAGTTAACAG-1,GSM5613775_2020-08-26-Control4003-c2,0,low_single_type,1,0,0,,,0
GSM5613775_2020-08-26-Control4003-c2_CCACACTCAAATGAGT-1,GSM5613775_2020-08-26-Control4003-c2,0,low_single_type,1,0,0,,,0
GSM5613775_2020-08-26-Control4003-c2_CCACACTGTAACTGCT-1,GSM5613775_2020-08-26-Control4003-c2,0,low_single_type,1,0,0,,,0
GSM5613775_2020-08-26-Control4003-c2_CCACACTGTCAGATTC-1,GSM5613775_2020-08-26-Control4003-c2,0,low_single_type,1,0,0,,,0
GSM5613775_2020-08-26-Control4003-c2_CCACACTTCTTCTTCC-1,GSM5613775_2020-08-26-Control4003-c2,0,low_single_type,1,0,0,,,0
GSM5613775_2020-08-26-Control4003-c2_CCACCATCAAGGCAAC-1,GSM5613775_2020-08-26-Control4003-c2,1,low_single_type,1,1,1,,,1
GSM5613775_2020-08-26-Control4003-c2_CCACCATCAGAGTCAG-1,GSM5613775_2020-08-26-Control4003-c2,0,low_single_type,1,0,0,,,0
GSM5613775_2020-08-26-Control4003-c2_CCACCATGTCAACCAT-1,GSM5613775_2020-08-26-Control4003-c2,0,low_single_type,1,0,0,,,0
GSM5613775_2020-08-26-Control4003-c2_CCACCATTCACTGATG-1,GSM5613775_2020-08-26-Control4003-c2,0,low_single_type,1,0,0,,,0
GSM5613775_2020-08-26-Control4003-c2_CCACGAGAGAGCAGAA-1,GSM5613775_2020-08-26-Control4003-c2,0,low_single_type,1,0,0,,,0
GSM5613775_2020-08-26-Control4003-c2_CCACTTGGTACCGTGC-1,GSM5613775_2020-08-26-Control4003-c2,1,low_single_type,1,1,1,,,1
GSM5613775_2020-08-26-Control4003-c2_CCATAAGAGATCGACG-1,GSM5613775_2020-08-26-Control4003-c2,0,low_single_type,1,0,0,,,0
GSM5613775_2020-08-26-Control4003-c2_CCATAAGAGCAAATCA-1,GSM5613775_2020-08-26-Control4003-c2,0,low_single_type,1,0,0,,,0
GSM5613775_2020-08-26-Control4003-c2_CCATAAGTCGACACTA-1,GSM5613775_2020-08-26-Control4003-c2,0,low_single_type,1,0,0,,,0
GSM5613775_2020-08-26-Control4003-c2_CCATCACAGCTTAAGA-1,GSM5613775_2020-08-26-Control4003-c2,0,low_single_type,1,0,0,,,0
GSM5613775_2020-08-26-Control4003-c2_CCATCACCACACGCCA-1,GSM5613775_2020-08-26-Control4003-c2,0,low_single_type,1,0,0,,,0
GSM5613775_2020-08-26-Control4003-c2_CCCAACTAGACGCATG-1,GSM5613775_2020-08-26-Control4003-c2,0,low_single_type,1,0,0,,,0
GSM5613775_2020-08-26-Control4003-c2_CCCAACTAGTAATTGG-1,GSM5613775_2020-08-26-Control4003-c2,0,low_single_type,1,0,0,,,0
GSM5613775_2020-08-26-Control4003-c2_CCCATTGCATGGCTGC-1,GSM5613775_2020-08-26-Control4003-c2,0,low_single_type,1,0,0,,,0
GSM5613775_2020-08-26-Control4003-c2_CCCATTGTCGGACTGC-1,GSM5613775_2020-08-26-Control4003-c2,0,low_single_type,1,0,0,,,0
GSM5613775_2020-08-26-Control4003-c2_CCCGAAGAGGCGACAT-1,GSM5613775_2020-08-26-Control4003-c2,0,low_single_type,1,0,0,,,0
GSM5613775_2020-08-26-Control4003-c2_CCCGAAGAGTAAAGCT-1,GSM5613775_2020-08-26-Control4003-c2,0,low_single_type,1,0,0,,,0
GSM5613775_2020-08-26-Control4003-c2_CCCGGAACACCATTCC-1,GSM5613775_2020-08-26-Control4003-c2,0,low_single_type,1,0,0,,,0
GSM5613775_2020-08-26-Control4003-c2_CCCTAACCATCCGGTG-1,GSM5613775_2020-08-26-Control4003-c2,0,low_single_type,1,0,0,,,0
GSM5613775_2020-08-26-Control4003-c2_CCCTCAAGTCCCGTGA-1,GSM5613775_2020-08-26-Control4003-c2,1,low_single_type,1,1,1,,,1
GSM5613775_2020-08-26-Control4003-c2_CCCTCAAGTGGAACCA-1,GSM5613775_2020-08-26-Control4003-c2,0,low_single_type,1,0,0,,,0
GSM5613775_2020-08-26-Control4003-c2_CCCTCAATCGTGCATA-1,GSM5613775_2020-08-26-Control4003-c2,1,low_single_type,1,1,1,,,1
GSM5613775_2020-08-26-Control4003-c2_CCCTCTCAGCTGCGAA-1,GSM5613775_2020-08-26-Control4003-c2,0,low_single_type,1,0,0,,,0
GSM5613775_2020-08-26-Control4003-c2_CCCTCTCCACCTATCC-1,GSM5613775_2020-08-26-Control4003-c2,0,low_single_type,1,0,0,,,0
GSM5613775_2020-08-26-Control4003-c2_CCCTCTCGTATGGTTC-1,GSM5613775_2020-08-26-Control4003-c2,1,low_single_type,1,1,1,,,1
GSM5613775_2020-08-26-Control4003-c2_CCCTCTCGTTGAATCC-1,GSM5613775_2020-08-26-Control4003-c2,0,low_single_type,1,0,0,,,0
GSM5613775_2020-08-26-Control4003-c2_CCCTCTCTCATTCGGA-1,GSM5613775_2020-08-26-Control4003-c2,1,low_single_type,1,1,1,,,1
GSM5613775_2020-08-26-Control4003-c2_CCCTCTCTCCAACACA-1,GSM5613775_2020-08-26-Control4003-c2,0,low_single_type,1,0,0,,,0
GSM5613775_2020-08-26-Control4003-c2_CCCTCTCTCCACAGGC-1,GSM5613775_2020-08-26-Control4003-c2,1,low_single_type,1,1,1,,,1
GSM5613775_2020-08-26-Control4003-c2_CCCTGATAGCTTCATG-1,GSM5613775_2020-08-26-Control4003-c2,1,low_single_type,1,1,1,,,1
GSM5613775_2020-08-26-Control4003-c2_CCCTGATAGGTCCGAA-1,GSM5613775_2020-08-26-Control4003-c2,0,low_single_type,1,0,0,,,0
GSM5613775_2020-08-26-Control4003-c2_CCCTGATCATGCACTA-1,GSM5613775_2020-08-26-Control4003-c2,1,low_single_type,1,1,1,,,1
GSM5613775_2020-08-26-Control4003-c2_CCCTGATTCCACCTCA-1,GSM5613775_2020-08-26-Control4003-c2,0,low_single_type,1,0,0,,,0
GSM5613775_2020-08-26-Control4003-c2_CCCTTAGCAACTGCTA-1,GSM5613775_2020-08-26-Control4003-c2,0,low_single_type,1,0,0,,,0
GSM5613775_2020-08-26-Control4003-c2_CCCTTAGGTAGGCTGA-1,GSM5613775_2020-08-26-Control4003-c2,0,low_single_type,1,0,0,,,0
GSM5613775_2020-08-26-Control4003-c2_CCCTTAGGTGTCTTGA-1,GSM5613775_2020-08-26-Control4003-c2,0,low_single_type,1,0,0,,,0
GSM5613775_2020-08-26-Control4003-c2_CCCTTAGTCGCCGAGT-1,GSM5613775_2020-08-26-Control4003-c2,0,low_single_type,1,0,0,,,0
GSM5613775_2020-08-26-Control4003-c2_CCGAACGGTACAATAG-1,GSM5613775_2020-08-26-Control4003-c2,1,low_single_type,1,1,1,,,1
GSM5613775_2020-08-26-Control4003-c2_CCGAACGGTGCGAACA-1,GSM5613775_2020-08-26-Control4003-c2,0,low_single_type,1,0,0,,,0
GSM5613775_2020-08-26-Control4003-c2_CCGAACGTCTGTCGCT-1,GSM5613775_2020-08-26-Control4003-c2,0,low_single_type,1,0,0,,,0
GSM5613775_2020-08-26-Control4003-c2_CCGATCTAGGACTAAT-1,GSM5613775_2020-08-26-Control4003-c2,0,low_single_type,1,0,0,,,0
GSM5613775_2020-08-26-Control4003-c2_CCGATGGCAATAGTAG-1,GSM5613775_2020-08-26-Control4003-c2,0,low_single_type,1,0,0,,,0
GSM5613775_2020-08-26-Control4003-c2_CCGCAAGAGAGTACCG-1,GSM5613775_2020-08-26-Control4003-c2,0,low_single_type,1,0,0,,,0
GSM5613775_2020-08-26-Control4003-c2_CCGCAAGCAGATACTC-1,GSM5613775_2020-08-26-Control4003-c2,0,low_single_type,1,0,0,,,0
GSM5613775_2020-08-26-Control4003-c2_CCGCAAGTCATAGAGA-1,GSM5613775_2020-08-26-Control4003-c2,0,low_single_type,1,0,0,,,0
GSM5613775_2020-08-26-Control4003-c2_CCGGACACATCGAGCC-1,GSM5613775_2020-08-26-Control4003-c2,0,low_single_type,1,0,0,,,0
GSM5613775_2020-08-26-Control4003-c2_CCGGACATCAGTGTTG-1,GSM5613775_2020-08-26-Control4003-c2,0,low_single_type,1,0,0,,,0
GSM5613775_2020-08-26-Control4003-c2_CCGGTAGCAGCCCAGT-1,GSM5613775_2020-08-26-Control4003-c2,0,low_single_type,1,0,0,,,0
GSM5613775_2020-08-26-Control4003-c2_CCGGTAGTCGGTCTGG-1,GSM5613775_2020-08-26-Control4003-c2,0,low_single_type,1,0,0,,,0
GSM5613775_2020-08-26-Control4003-c2_CCGGTGAAGTTAACAG-1,GSM5613775_2020-08-26-Control4003-c2,0,low_single_type,1,0,0,,,0
GSM5613775_2020-08-26-Control4003-c2_CCGGTGAGTAAGATTG-1,GSM5613775_2020-08-26-Control4003-c2,0,low_single_type,1,0,0,,,0
GSM5613775_2020-08-26-Control4003-c2_CCGGTGAGTAGGGAGG-1,GSM5613775_2020-08-26-Control4003-c2,0,low_single_type,1,0,0,,,0
GSM5613775_2020-08-26-Control4003-c2_CCGGTGAGTCCGTTTC-1,GSM5613775_2020-08-26-Control4003-c2,0,low_single_type,1,0,0,,,0
GSM5613775_2020-08-26-Control4003-c2_CCGTAGGGTCGTTTCC-1,GSM5613775_2020-08-26-Control4003-c2,1,low_single_type,1,1,1,,,1
GSM5613775_2020-08-26-Control4003-c2_CCGTGAGCAAGTGGCA-1,GSM5613775_2020-08-26-Control4003-c2,1,low_single_type,1,1,1,,,1
GSM5613775_2020-08-26-Control4003-c2_CCGTGAGCATAGTCAC-1,GSM5613775_2020-08-26-Control4003-c2,0,low_single_type,1,0,0,,,0
GSM5613775_2020-08-26-Control4003-c2_CCGTGAGGTTGCTAGT-1,GSM5613775_2020-08-26-Control4003-c2,0,low_single_type,1,0,0,,,0
GSM5613775_2020-08-26-Control4003-c2_CCGTTCACAAGTGGCA-1,GSM5613775_2020-08-26-Control4003-c2,0,low_single_type,1,0,0,,,0
GSM5613775_2020-08-26-Control4003-c2_CCGTTCATCACAACCA-1,GSM5613775_2020-08-26-Control4003-c2,0,low_single_type,1,0,0,,,0
GSM5613775_2020-08-26-Control4003-c2_CCTAACCAGATTCGCT-1,GSM5613775_2020-08-26-Control4003-c2,0,low_single_type,1,0,0,,,0
GSM5613775_2020-08-26-Control4003-c2_CCTAACCTCAAGTTGC-1,GSM5613775_2020-08-26-Control4003-c2,0,low_single_type,1,0,0,,,0
GSM5613775_2020-08-26-Control4003-c2_CCTAACCTCAGGAAGC-1,GSM5613775_2020-08-26-Control4003-c2,0,low_single_type,1,0,0,,,0
GSM5613775_2020-08-26-Control4003-c2_CCTAACCTCCCGAGGT-1,GSM5613775_2020-08-26-Control4003-c2,1,low_single_type,1,1,1,,,1
GSM5613775_2020-08-26-Control4003-c2_CCTAAGAAGAAACTGT-1,GSM5613775_2020-08-26-Control4003-c2,1,low_single_type,1,1,1,,,1
GSM5613775_2020-08-26-Control4003-c2_CCTAAGAAGCGAAACC-1,GSM5613775_2020-08-26-Control4003-c2,0,low_single_type,1,0,0,,,0
GSM5613775_2020-08-26-Control4003-c2_CCTAAGAGTTATCTGG-1,GSM5613775_2020-08-26-Control4003-c2,1,low_single_type,1,1,1,,,1
GSM5613775_2020-08-26-Control4003-c2_CCTAAGATCGAGGCAA-1,GSM5613775_2020-08-26-Control4003-c2,1,low_single_type,1,1,1,,,1
GSM5613775_2020-08-26-Control4003-c2_CCTACGTAGCGTGAGT-1,GSM5613775_2020-08-26-Control4003-c2,0,low_single_type,1,0,0,,,0
GSM5613775_2020-08-26-Control4003-c2_CCTACGTTCCTTTGAT-1,GSM5613775_2020-08-26-Control4003-c2,0,low_single_type,1,0,0,,,0
GSM5613775_2020-08-26-Control4003-c2_CCTACGTTCGACGACC-1,GSM5613775_2020-08-26-Control4003-c2,1,low_single_type,1,1,1,,,1
GSM5613775_2020-08-26-Control4003-c2_CCTATCGAGCCTGAGA-1,GSM5613775_2020-08-26-Control4003-c2,0,low_single_type,1,0,0,,,0
GSM5613775_2020-08-26-Control4003-c2_CCTATCGGTCTTGTCC-1,GSM5613775_2020-08-26-Control4003-c2,0,low_single_type,1,0,0,,,0
GSM5613775_2020-08-26-Control4003-c2_CCTATCGGTTTCACAG-1,GSM5613775_2020-08-26-Control4003-c2,0,low_single_type,1,0,0,,,0
GSM5613775_2020-08-26-Control4003-c2_CCTATCGTCACGAACT-1,GSM5613775_2020-08-26-Control4003-c2,0,low_single_type,1,0,0,,,0
GSM5613775_2020-08-26-Control4003-c2_CCTCAACTCTTGGTCC-1,GSM5613775_2020-08-26-Control4003-c2,0,low_single_type,1,0,0,,,0
GSM5613775_2020-08-26-Control4003-c2_CCTCACAGTTCGTACA-1,GSM5613775_2020-08-26-Control4003-c2,0,low_single_type,1,0,0,,,0
GSM5613775_2020-08-26-Control4003-c2_CCTCAGTTCTAGTACG-1,GSM5613775_2020-08-26-Control4003-c2,1,low_single_type,1,1,1,,,1
GSM5613775_2020-08-26-Control4003-c2_CCTCATGCAGCAGTTT-1,GSM5613775_2020-08-26-Control4003-c2,0,low_single_type,1,0,0,,,0
GSM5613775_2020-08-26-Control4003-c2_CCTCATGTCGCATTAG-1,GSM5613775_2020-08-26-Control4003-c2,1,low_single_type,1,1,1,,,1
GSM5613775_2020-08-26-Control4003-c2_CCTCATGTCGTTTACT-1,GSM5613775_2020-08-26-Control4003-c2,0,low_single_type,1,0,0,,,0
GSM5613775_2020-08-26-Control4003-c2_CCTCCAACAATCACGT-1,GSM5613775_2020-08-26-Control4003-c2,0,low_single_type,1,0,0,,,0
GSM5613775_2020-08-26-Control4003-c2_CCTCCAATCCGAGGCT-1,GSM5613775_2020-08-26-Control4003-c2,0,low_single_type,1,0,0,,,0
GSM5613775_2020-08-26-Control4003-c2_CCTCCTCGTGATGTAA-1,GSM5613775_2020-08-26-Control4003-c2,0,low_single_type,1,0,0,,,0
GSM5613775_2020-08-26-Control4003-c2_CCTCCTCGTTAAGAAC-1,GSM5613775_2020-08-26-Control4003-c2,0,low_single_type,1,0,0,,,0
GSM5613775_2020-08-26-Control4003-c2_CCTCCTCGTTCAGTAC-1,GSM5613775_2020-08-26-Control4003-c2,0,low_single_type,1,0,0,,,0
GSM5613775_2020-08-26-Control4003-c2_CCTCTAGGTATTTCTC-1,GSM5613775_2020-08-26-Control4003-c2,0,low_single_type,1,0,0,,,0
GSM5613775_2020-08-26-Control4003-c2_CCTCTCCAGACAGTCG-1,GSM5613775_2020-08-26-Control4003-c2,0,low_single_type,1,0,0,,,0
GSM5613775_2020-08-26-Control4003-c2_CCTCTCCCAAATACAG-1,GSM5613775_2020-08-26-Control4003-c2,0,low_single_type,1,0,0,,,0
GSM5613775_2020-08-26-Control4003-c2_CCTCTCCTCTAAGAAG-1,GSM5613775_2020-08-26-Control4003-c2,0,low_single_type,1,0,0,,,0
GSM5613775_2020-08-26-Control4003-c2_CCTCTCCTCTAGCAAC-1,GSM5613775_2020-08-26-Control4003-c2,1,low_single_type,1,1,1,,,1
GSM5613775_2020-08-26-Control4003-c2_CCTGCATAGTCATAGA-1,GSM5613775_2020-08-26-Control4003-c2,1,low_single_type,1,1,1,,,1
GSM5613775_2020-08-26-Control4003-c2_CCTGCATCACAGCTGC-1,GSM5613775_2020-08-26-Control4003-c2,1,low_single_type,1,1,1,,,1
GSM5613775_2020-08-26-Control4003-c2_CCTGCATCACTCCTTG-1,GSM5613775_2020-08-26-Control4003-c2,0,low_single_type,1,0,0,,,0
GSM5613775_2020-08-26-Control4003-c2_CCTGTTGAGTTACTCG-1,GSM5613775_2020-08-26-Control4003-c2,0,low_single_type,1,0,0,,,0
GSM5613775_2020-08-26-Control4003-c2_CCTGTTGGTATATGGA-1,GSM5613775_2020-08-26-Control4003-c2,0,low_single_type,1,0,0,,,0
GSM5613775_2020-08-26-Control4003-c2_CCTGTTGGTTGTCAGT-1,GSM5613775_2020-08-26-Control4003-c2,0,low_single_type,1,0,0,,,0
GSM5613775_2020-08-26-Control4003-c2_CCTTCAGAGCCAGAGT-1,GSM5613775_2020-08-26-Control4003-c2,0,low_single_type,1,0,0,,,0
GSM5613775_2020-08-26-Control4003-c2_CCTTCAGTCATACAGC-1,GSM5613775_2020-08-26-Control4003-c2,0,low_single_type,1,0,0,,,0
GSM5613775_2020-08-26-Control4003-c2_CCTTGTGGTGTGGACA-1,GSM5613775_2020-08-26-Control4003-c2,0,low_single_type,1,0,0,,,0
GSM5613775_2020-08-26-Control4003-c2_CCTTGTGGTTCCGGTG-1,GSM5613775_2020-08-26-Control4003-c2,0,low_single_type,1,0,0,,,0
GSM5613775_2020-08-26-Control4003-c2_CCTTGTGTCGGAAGGT-1,GSM5613775_2020-08-26-Control4003-c2,0,low_single_type,1,0,0,,,0
GSM5613775_2020-08-26-Control4003-c2_CCTTTGGCAAGAATGT-1,GSM5613775_2020-08-26-Control4003-c2,0,low_single_type,1,0,0,,,0
GSM5613775_2020-08-26-Control4003-c2_CCTTTGGTCGGTTCAA-1,GSM5613775_2020-08-26-Control4003-c2,0,low_single_type,1,0,0,,,0
GSM5613775_2020-08-26-Control4003-c2_CCTTTGGTCTGACGCG-1,GSM5613775_2020-08-26-Control4003-c2,1,low_single_type,1,1,1,,,1
GSM5613775_2020-08-26-Control4003-c2_CGAAGGAAGAGCGACT-1,GSM5613775_2020-08-26-Control4003-c2,0,low_single_type,1,0,0,,,0
GSM5613775_2020-08-26-Control4003-c2_CGAAGGAAGGCACCAA-1,GSM5613775_2020-08-26-Control4003-c2,1,low_single_type,1,1,1,,,1
GSM5613775_2020-08-26-Control4003-c2_CGAAGGACATGGACAG-1,GSM5613775_2020-08-26-Control4003-c2,0,low_single_type,1,0,0,,,0
GSM5613775_2020-08-26-Control4003-c2_CGAAGTTAGAGTATAC-1,GSM5613775_2020-08-26-Control4003-c2,0,low_single_type,1,0,0,,,0
GSM5613775_2020-08-26-Control4003-c2_CGAAGTTAGGTTAGTA-1,GSM5613775_2020-08-26-Control4003-c2,0,low_single_type,1,0,0,,,0
GSM5613775_2020-08-26-Control4003-c2_CGAAGTTTCGCAGTGC-1,GSM5613775_2020-08-26-Control4003-c2,0,low_single_type,1,0,0,,,0
GSM5613775_2020-08-26-Control4003-c2_CGAATTGAGAGAAGGT-1,GSM5613775_2020-08-26-Control4003-c2,0,low_single_type,1,0,0,,,0
GSM5613775_2020-08-26-Control4003-c2_CGAATTGAGTCGAGGT-1,GSM5613775_2020-08-26-Control4003-c2,0,low_single_type,1,0,0,,,0
GSM5613775_2020-08-26-Control4003-c2_CGAATTGGTGCGAGTA-1,GSM5613775_2020-08-26-Control4003-c2,0,low_single_type,1,0,0,,,0
GSM5613775_2020-08-26-Control4003-c2_CGACAGCTCCATTTCA-1,GSM5613775_2020-08-26-Control4003-c2,0,low_single_type,1,0,0,,,0
GSM5613775_2020-08-26-Control4003-c2_CGAGAAGAGAGATCGC-1,GSM5613775_2020-08-26-Control4003-c2,0,low_single_type,1,0,0,,,0
GSM5613775_2020-08-26-Control4003-c2_CGAGAAGCATGACGAG-1,GSM5613775_2020-08-26-Control4003-c2,0,low_single_type,1,0,0,,,0
GSM5613775_2020-08-26-Control4003-c2_CGAGAAGGTCCAGAAG-1,GSM5613775_2020-08-26-Control4003-c2,0,low_single_type,1,0,0,,,0
GSM5613775_2020-08-26-Control4003-c2_CGAGAAGGTGCGGCTT-1,GSM5613775_2020-08-26-Control4003-c2,0,low_single_type,1,0,0,,,0
GSM5613775_2020-08-26-Control4003-c2_CGAGGAAGTTGCCGAC-1,GSM5613775_2020-08-26-Control4003-c2,0,low_single_type,1,0,0,,,0
GSM5613775_2020-08-26-Control4003-c2_CGAGGCTAGAGAGTGA-1,GSM5613775_2020-08-26-Control4003-c2,1,low_single_type,1,1,1,,,1
GSM5613775_2020-08-26-Control4003-c2_CGAGGCTTCGCTACGG-1,GSM5613775_2020-08-26-Control4003-c2,0,low_single_type,1,0,0,,,0
GSM5613775_2020-08-26-Control4003-c2_CGAGGCTTCGGCACTG-1,GSM5613775_2020-08-26-Control4003-c2,1,low_single_type,1,1,1,,,1
GSM5613775_2020-08-26-Control4003-c2_CGAGTGCCAACTTGGT-1,GSM5613775_2020-08-26-Control4003-c2,0,low_single_type,1,0,0,,,0
GSM5613775_2020-08-26-Control4003-c2_CGAGTGCCAGAGATGC-1,GSM5613775_2020-08-26-Control4003-c2,1,low_single_type,1,1,1,,,1
GSM5613775_2020-08-26-Control4003-c2_CGAGTGCTCCTCACGT-1,GSM5613775_2020-08-26-Control4003-c2,0,low_single_type,1,0,0,,,0
GSM5613775_2020-08-26-Control4003-c2_CGAGTTAAGCAAGTGC-1,GSM5613775_2020-08-26-Control4003-c2,0,low_single_type,1,0,0,,,0
GSM5613775_2020-08-26-Control4003-c2_CGAGTTAGTGACACAG-1,GSM5613775_2020-08-26-Control4003-c2,0,low_single_type,1,0,0,,,0
GSM5613775_2020-08-26-Control4003-c2_CGAGTTAGTGTGACCC-1,GSM5613775_2020-08-26-Control4003-c2,0,low_single_type,1,0,0,,,0
GSM5613775_2020-08-26-Control4003-c2_CGATCGGGTCAGATTC-1,GSM5613775_2020-08-26-Control4003-c2,0,low_single_type,1,0,0,,,0
GSM5613775_2020-08-26-Control4003-c2_CGATCGGTCGAGAACG-1,GSM5613775_2020-08-26-Control4003-c2,0,low_single_type,1,0,0,,,0
GSM5613775_2020-08-26-Control4003-c2_CGATCGGTCTCAATCT-1,GSM5613775_2020-08-26-Control4003-c2,0,low_single_type,1,0,0,,,0
GSM5613775_2020-08-26-Control4003-c2_CGATGCGAGTTGGGAC-1,GSM5613775_2020-08-26-Control4003-c2,1,low_single_type,1,1,1,,,1
GSM5613775_2020-08-26-Control4003-c2_CGATGCGGTCTCAGAT-1,GSM5613775_2020-08-26-Control4003-c2,0,low_single_type,1,0,0,,,0
GSM5613775_2020-08-26-Control4003-c2_CGATGCGGTTATGACC-1,GSM5613775_2020-08-26-Control4003-c2,0,low_single_type,1,0,0,,,0
GSM5613775_2020-08-26-Control4003-c2_CGATGCGTCACTTGTT-1,GSM5613775_2020-08-26-Control4003-c2,0,low_single_type,1,0,0,,,0
GSM5613775_2020-08-26-Control4003-c2_CGATGGCCAACAGCCC-1,GSM5613775_2020-08-26-Control4003-c2,0,low_single_type,1,0,0,,,0
GSM5613775_2020-08-26-Control4003-c2_CGATGGCCACTCCCTA-1,GSM5613775_2020-08-26-Control4003-c2,0,low_single_type,1,0,0,,,0
GSM5613775_2020-08-26-Control4003-c2_CGATGGCGTACTCCCT-1,GSM5613775_2020-08-26-Control4003-c2,1,low_single_type,1,1,1,,,1
GSM5613775_2020-08-26-Control4003-c2_CGCAGGTAGTTAACGA-1,GSM5613775_2020-08-26-Control4003-c2,0,low_single_type,1,0,0,,,0
GSM5613775_2020-08-26-Control4003-c2_CGCATAACATGTTACG-1,GSM5613775_2020-08-26-Control4003-c2,0,low_single_type,1,0,0,,,0
GSM5613775_2020-08-26-Control4003-c2_CGCATAAGTATGTGTC-1,GSM5613775_2020-08-26-Control4003-c2,0,low_single_type,1,0,0,,,0
GSM5613775_2020-08-26-Control4003-c2_CGCATAATCCACCTGT-1,GSM5613775_2020-08-26-Control4003-c2,0,low_single_type,1,0,0,,,0
GSM5613775_2020-08-26-Control4003-c2_CGCATGGCAATGCTCA-1,GSM5613775_2020-08-26-Control4003-c2,0,low_single_type,1,0,0,,,0
GSM5613775_2020-08-26-Control4003-c2_CGCCAGAAGTTTCAGC-1,GSM5613775_2020-08-26-Control4003-c2,0,low_single_type,1,0,0,,,0
GSM5613775_2020-08-26-Control4003-c2_CGCCAGACAAGAAACT-1,GSM5613775_2020-08-26-Control4003-c2,0,low_single_type,1,0,0,,,0
GSM5613775_2020-08-26-Control4003-c2_CGCCATTGTAACCCTA-1,GSM5613775_2020-08-26-Control4003-c2,0,low_single_type,1,0,0,,,0
GSM5613775_2020-08-26-Control4003-c2_CGCCATTTCATGCAGT-1,GSM5613775_2020-08-26-Control4003-c2,0,low_single_type,1,0,0,,,0
GSM5613775_2020-08-26-Control4003-c2_CGCGTGAGTAGCGTCC-1,GSM5613775_2020-08-26-Control4003-c2,0,low_single_type,1,0,0,,,0
GSM5613775_2020-08-26-Control4003-c2_CGCGTGAGTCACATTG-1,GSM5613775_2020-08-26-Control4003-c2,0,low_single_type,1,0,0,,,0
GSM5613775_2020-08-26-Control4003-c2_CGCGTGAGTCACGTGC-1,GSM5613775_2020-08-26-Control4003-c2,0,low_single_type,1,0,0,,,0
GSM5613775_2020-08-26-Control4003-c2_CGCGTGAGTCACTTCC-1,GSM5613775_2020-08-26-Control4003-c2,0,low_single_type,1,0,0,,,0
GSM5613775_2020-08-26-Control4003-c2_CGCGTGAGTGCCTGCA-1,GSM5613775_2020-08-26-Control4003-c2,0,low_single_type,1,0,0,,,0
GSM5613775_2020-08-26-Control4003-c2_CGCGTGATCTGGTGCG-1,GSM5613775_2020-08-26-Control4003-c2,0,low_single_type,1,0,0,,,0
GSM5613775_2020-08-26-Control4003-c2_CGGAACCCAACATCGT-1,GSM5613775_2020-08-26-Control4003-c2,0,low_single_type,1,0,0,,,0
GSM5613775_2020-08-26-Control4003-c2_CGGAATTAGATAGTGT-1,GSM5613775_2020-08-26-Control4003-c2,0,low_single_type,1,0,0,,,0
GSM5613775_2020-08-26-Control4003-c2_CGGAATTAGGTAGACC-1,GSM5613775_2020-08-26-Control4003-c2,0,low_single_type,1,0,0,,,0
GSM5613775_2020-08-26-Control4003-c2_CGGAATTCAACGAGGT-1,GSM5613775_2020-08-26-Control4003-c2,1,low_single_type,1,1,1,,,1
GSM5613775_2020-08-26-Control4003-c2_CGGAATTCAAGCCTGC-1,GSM5613775_2020-08-26-Control4003-c2,0,low_single_type,1,0,0,,,0
GSM5613775_2020-08-26-Control4003-c2_CGGAATTGTCCAGCCA-1,GSM5613775_2020-08-26-Control4003-c2,0,low_single_type,1,0,0,,,0
GSM5613775_2020-08-26-Control4003-c2_CGGACACAGAGCTTTC-1,GSM5613775_2020-08-26-Control4003-c2,0,low_single_type,1,0,0,,,0
GSM5613775_2020-08-26-Control4003-c2_CGGACACAGCGGGTAT-1,GSM5613775_2020-08-26-Control4003-c2,0,low_single_type,1,0,0,,,0
GSM5613775_2020-08-26-Control4003-c2_CGGACACAGTACTGTC-1,GSM5613775_2020-08-26-Control4003-c2,0,low_single_type,1,0,0,,,0
GSM5613775_2020-08-26-Control4003-c2_CGGACACAGTTACGAA-1,GSM5613775_2020-08-26-Control4003-c2,0,low_single_type,1,0,0,,,0
GSM5613775_2020-08-26-Control4003-c2_CGGACACTCTATACGG-1,GSM5613775_2020-08-26-Control4003-c2,0,low_single_type,1,0,0,,,0
GSM5613775_2020-08-26-Control4003-c2_CGGCAGTCAGGAGGAG-1,GSM5613775_2020-08-26-Control4003-c2,0,low_single_type,1,0,0,,,0
GSM5613775_2020-08-26-Control4003-c2_CGGGACTAGAAATTCG-1,GSM5613775_2020-08-26-Control4003-c2,0,low_single_type,1,0,0,,,0
GSM5613775_2020-08-26-Control4003-c2_CGGGACTAGTCTAGAA-1,GSM5613775_2020-08-26-Control4003-c2,0,low_single_type,1,0,0,,,0
GSM5613775_2020-08-26-Control4003-c2_CGGGACTCAAACTAAG-1,GSM5613775_2020-08-26-Control4003-c2,1,low_single_type,1,1,1,,,1
GSM5613775_2020-08-26-Control4003-c2_CGGGCATCACAGAGAC-1,GSM5613775_2020-08-26-Control4003-c2,0,low_single_type,1,0,0,,,0
GSM5613775_2020-08-26-Control4003-c2_CGGGTCAGTATCTCGA-1,GSM5613775_2020-08-26-Control4003-c2,0,low_single_type,1,0,0,,,0
GSM5613775_2020-08-26-Control4003-c2_CGGGTCATCGTGCACG-1,GSM5613775_2020-08-26-Control4003-c2,0,low_single_type,1,0,0,,,0
GSM5613775_2020-08-26-Control4003-c2_CGGGTGTAGTGAGGCT-1,GSM5613775_2020-08-26-Control4003-c2,0,low_single_type,1,0,0,,,0
GSM5613775_2020-08-26-Control4003-c2_CGGGTGTAGTGCGTCC-1,GSM5613775_2020-08-26-Control4003-c2,0,low_single_type,1,0,0,,,0
GSM5613775_2020-08-26-Control4003-c2_CGGTCAGAGCGCTGAA-1,GSM5613775_2020-08-26-Control4003-c2,1,low_single_type,1,1,1,,,1
GSM5613775_2020-08-26-Control4003-c2_CGGTCAGCAACTGGTT-1,GSM5613775_2020-08-26-Control4003-c2,0,low_single_type,1,0,0,,,0
GSM5613775_2020-08-26-Control4003-c2_CGTAAGTAGCATGGGT-1,GSM5613775_2020-08-26-Control4003-c2,0,low_single_type,1,0,0,,,0
GSM5613775_2020-08-26-Control4003-c2_CGTAAGTCATAGGAGC-1,GSM5613775_2020-08-26-Control4003-c2,0,low_single_type,1,0,0,,,0
GSM5613775_2020-08-26-Control4003-c2_CGTAAGTTCATTTACC-1,GSM5613775_2020-08-26-Control4003-c2,0,low_single_type,1,0,0,,,0
GSM5613775_2020-08-26-Control4003-c2_CGTAAGTTCTCGCGTT-1,GSM5613775_2020-08-26-Control4003-c2,1,low_single_type,1,1,1,,,1
GSM5613775_2020-08-26-Control4003-c2_CGTAATGAGAAACTGT-1,GSM5613775_2020-08-26-Control4003-c2,0,low_single_type,1,0,0,,,0
GSM5613775_2020-08-26-Control4003-c2_CGTAATGAGTTAGAAC-1,GSM5613775_2020-08-26-Control4003-c2,0,low_single_type,1,0,0,,,0
GSM5613775_2020-08-26-Control4003-c2_CGTAATGCAAGACAAT-1,GSM5613775_2020-08-26-Control4003-c2,0,low_single_type,1,0,0,,,0
GSM5613775_2020-08-26-Control4003-c2_CGTAATGTCTCTGGTC-1,GSM5613775_2020-08-26-Control4003-c2,0,low_single_type,1,0,0,,,0
GSM5613775_2020-08-26-Control4003-c2_CGTAGTATCGCGTGCA-1,GSM5613775_2020-08-26-Control4003-c2,0,low_single_type,1,0,0,,,0
GSM5613775_2020-08-26-Control4003-c2_CGTAGTATCGTGCACG-1,GSM5613775_2020-08-26-Control4003-c2,1,low_single_type,1,1,1,,,1
GSM5613775_2020-08-26-Control4003-c2_CGTCCATAGACAGCGT-1,GSM5613775_2020-08-26-Control4003-c2,0,low_single_type,1,0,0,,,0
GSM5613775_2020-08-26-Control4003-c2_CGTCCATAGAGAATCT-1,GSM5613775_2020-08-26-Control4003-c2,0,low_single_type,1,0,0,,,0
GSM5613775_2020-08-26-Control4003-c2_CGTCCATCACATGAAA-1,GSM5613775_2020-08-26-Control4003-c2,0,low_single_type,1,0,0,,,0
GSM5613775_2020-08-26-Control4003-c2_CGTCCATGTCTTTATC-1,GSM5613775_2020-08-26-Control4003-c2,0,low_single_type,1,0,0,,,0
GSM5613775_2020-08-26-Control4003-c2_CGTCCATTCTCCACTG-1,GSM5613775_2020-08-26-Control4003-c2,0,low_single_type,1,0,0,,,0
GSM5613775_2020-08-26-Control4003-c2_CGTGAATAGCGCCTAC-1,GSM5613775_2020-08-26-Control4003-c2,1,low_single_type,1,1,1,,,1
GSM5613775_2020-08-26-Control4003-c2_CGTGAATCAAGTATCC-1,GSM5613775_2020-08-26-Control4003-c2,0,low_single_type,1,0,0,,,0
GSM5613775_2020-08-26-Control4003-c2_CGTGAATGTCCTTGTC-1,GSM5613775_2020-08-26-Control4003-c2,0,low_single_type,1,0,0,,,0
GSM5613775_2020-08-26-Control4003-c2_CGTGATAAGACCGTTT-1,GSM5613775_2020-08-26-Control4003-c2,0,low_single_type,1,0,0,,,0
GSM5613775_2020-08-26-Control4003-c2_CGTGATAAGGGCGAGA-1,GSM5613775_2020-08-26-Control4003-c2,1,low_single_type,1,1,1,,,1
GSM5613775_2020-08-26-Control4003-c2_CGTGATAAGTACCGGA-1,GSM5613775_2020-08-26-Control4003-c2,0,low_single_type,1,0,0,,,0
GSM5613775_2020-08-26-Control4003-c2_CGTGCTTCACACCGCA-1,GSM5613775_2020-08-26-Control4003-c2,0,low_single_type,1,0,0,,,0
GSM5613775_2020-08-26-Control4003-c2_CGTGCTTGTAGTCGGA-1,GSM5613775_2020-08-26-Control4003-c2,0,low_single_type,1,0,0,,,0
GSM5613775_2020-08-26-Control4003-c2_CGTGTCTCAATAACCC-1,GSM5613775_2020-08-26-Control4003-c2,0,low_single_type,1,0,0,,,0
GSM5613775_2020-08-26-Control4003-c2_CGTGTCTCAGTTTCAG-1,GSM5613775_2020-08-26-Control4003-c2,0,low_single_type,1,0,0,,,0
GSM5613775_2020-08-26-Control4003-c2_CGTTAGACACAAAGCG-1,GSM5613775_2020-08-26-Control4003-c2,0,low_single_type,1,0,0,,,0
GSM5613775_2020-08-26-Control4003-c2_CGTTAGACACTCTAGA-1,GSM5613775_2020-08-26-Control4003-c2,0,low_single_type,1,0,0,,,0
GSM5613775_2020-08-26-Control4003-c2_CGTTAGACATGATGCT-1,GSM5613775_2020-08-26-Control4003-c2,0,low_single_type,1,0,0,,,0
GSM5613775_2020-08-26-Control4003-c2_CGTTAGATCTTCTTCC-1,GSM5613775_2020-08-26-Control4003-c2,0,low_single_type,1,0,0,,,0
GSM5613775_2020-08-26-Control4003-c2_CGTTGGGCACAGTATC-1,GSM5613775_2020-08-26-Control4003-c2,0,low_single_type,1,0,0,,,0
GSM5613775_2020-08-26-Control4003-c2_CGTTGGGCACTAGGCC-1,GSM5613775_2020-08-26-Control4003-c2,0,low_single_type,1,0,0,,,0
GSM5613775_2020-08-26-Control4003-c2_CTAACCCAGATTGTGA-1,GSM5613775_2020-08-26-Control4003-c2,0,low_single_type,1,0,0,,,0
GSM5613775_2020-08-26-Control4003-c2_CTAACCCAGCAACTTC-1,GSM5613775_2020-08-26-Control4003-c2,1,low_single_type,1,1,1,,,1
GSM5613775_2020-08-26-Control4003-c2_CTAACCCAGGCCTTCG-1,GSM5613775_2020-08-26-Control4003-c2,0,low_single_type,1,0,0,,,0
GSM5613775_2020-08-26-Control4003-c2_CTAACCCTCGCTTTAT-1,GSM5613775_2020-08-26-Control4003-c2,0,low_single_type,1,0,0,,,0
GSM5613775_2020-08-26-Control4003-c2_CTAACTTAGGGTAATT-1,GSM5613775_2020-08-26-Control4003-c2,1,low_single_type,1,1,1,,,1
GSM5613775_2020-08-26-Control4003-c2_CTAAGTGAGGGATCAC-1,GSM5613775_2020-08-26-Control4003-c2,0,low_single_type,1,0,0,,,0
GSM5613775_2020-08-26-Control4003-c2_CTAAGTGAGGTCGAGT-1,GSM5613775_2020-08-26-Control4003-c2,0,low_single_type,1,0,0,,,0
GSM5613775_2020-08-26-Control4003-c2_CTAAGTGCACAACATC-1,GSM5613775_2020-08-26-Control4003-c2,0,low_single_type,1,0,0,,,0
GSM5613775_2020-08-26-Control4003-c2_CTAAGTGTCAGACCGC-1,GSM5613775_2020-08-26-Control4003-c2,1,low_single_type,1,1,1,,,1
GSM5613775_2020-08-26-Control4003-c2_CTACAGACAGACGGAT-1,GSM5613775_2020-08-26-Control4003-c2,0,low_single_type,1,0,0,,,0
GSM5613775_2020-08-26-Control4003-c2_CTACAGAGTGCAAGAC-1,GSM5613775_2020-08-26-Control4003-c2,0,low_single_type,1,0,0,,,0
GSM5613775_2020-08-26-Control4003-c2_CTACATTAGATCCCAT-1,GSM5613775_2020-08-26-Control4003-c2,0,low_single_type,1,0,0,,,0
GSM5613775_2020-08-26-Control4003-c2_CTACATTAGCAAATGT-1,GSM5613775_2020-08-26-Control4003-c2,0,low_single_type,1,0,0,,,0
GSM5613775_2020-08-26-Control4003-c2_CTACATTCAGGCTTGC-1,GSM5613775_2020-08-26-Control4003-c2,0,low_single_type,1,0,0,,,0
GSM5613775_2020-08-26-Control4003-c2_CTACCCATCATGCTAG-1,GSM5613775_2020-08-26-Control4003-c2,0,low_single_type,1,0,0,,,0
GSM5613775_2020-08-26-Control4003-c2_CTACCTGAGACGCCAA-1,GSM5613775_2020-08-26-Control4003-c2,0,low_single_type,1,0,0,,,0
GSM5613775_2020-08-26-Control4003-c2_CTACCTGTCTGGCTGG-1,GSM5613775_2020-08-26-Control4003-c2,0,low_single_type,1,0,0,,,0
GSM5613775_2020-08-26-Control4003-c2_CTACGGGCAACTTGGT-1,GSM5613775_2020-08-26-Control4003-c2,0,low_single_type,1,0,0,,,0
GSM5613775_2020-08-26-Control4003-c2_CTACTATAGCGTACAG-1,GSM5613775_2020-08-26-Control4003-c2,1,low_single_type,1,1,1,,,1
GSM5613775_2020-08-26-Control4003-c2_CTAGACAAGGTGGTTG-1,GSM5613775_2020-08-26-Control4003-c2,0,low_single_type,1,0,0,,,0
GSM5613775_2020-08-26-Control4003-c2_CTAGGTAAGCCACCGT-1,GSM5613775_2020-08-26-Control4003-c2,0,low_single_type,1,0,0,,,0
GSM5613775_2020-08-26-Control4003-c2_CTAGGTAAGTCCGCGT-1,GSM5613775_2020-08-26-Control4003-c2,0,low_single_type,1,0,0,,,0
GSM5613775_2020-08-26-Control4003-c2_CTAGGTACAAGTGGGT-1,GSM5613775_2020-08-26-Control4003-c2,1,low_single_type,1,1,1,,,1
GSM5613775_2020-08-26-Control4003-c2_CTAGGTACAATGAACA-1,GSM5613775_2020-08-26-Control4003-c2,0,low_single_type,1,0,0,,,0
GSM5613775_2020-08-26-Control4003-c2_CTAGGTACAGACCAAG-1,GSM5613775_2020-08-26-Control4003-c2,1,low_single_type,1,1,1,,,1
GSM5613775_2020-08-26-Control4003-c2_CTAGGTATCGAGATGG-1,GSM5613775_2020-08-26-Control4003-c2,1,low_single_type,1,1,1,,,1
GSM5613775_2020-08-26-Control4003-c2_CTATAGGTCAAGGACG-1,GSM5613775_2020-08-26-Control4003-c2,0,low_single_type,1,0,0,,,0
GSM5613775_2020-08-26-Control4003-c2_CTATAGGTCTCATAGG-1,GSM5613775_2020-08-26-Control4003-c2,0,low_single_type,1,0,0,,,0
GSM5613775_2020-08-26-Control4003-c2_CTATCCGAGCATTGTC-1,GSM5613775_2020-08-26-Control4003-c2,0,low_single_type,1,0,0,,,0
GSM5613775_2020-08-26-Control4003-c2_CTATCCGCACCAGTAT-1,GSM5613775_2020-08-26-Control4003-c2,0,low_single_type,1,0,0,,,0
GSM5613775_2020-08-26-Control4003-c2_CTATCCGGTCCCGTGA-1,GSM5613775_2020-08-26-Control4003-c2,0,low_single_type,1,0,0,,,0
GSM5613775_2020-08-26-Control4003-c2_CTATCTAAGGCTTTCA-1,GSM5613775_2020-08-26-Control4003-c2,0,low_single_type,1,0,0,,,0
GSM5613775_2020-08-26-Control4003-c2_CTATCTAAGGTCGTAG-1,GSM5613775_2020-08-26-Control4003-c2,0,low_single_type,1,0,0,,,0
GSM5613775_2020-08-26-Control4003-c2_CTATCTACAGCATCTA-1,GSM5613775_2020-08-26-Control4003-c2,0,low_single_type,1,0,0,,,0
GSM5613775_2020-08-26-Control4003-c2_CTATCTAGTACAGAAT-1,GSM5613775_2020-08-26-Control4003-c2,0,low_single_type,1,0,0,,,0
GSM5613775_2020-08-26-Control4003-c2_CTCAACCCAGTGGTGA-1,GSM5613775_2020-08-26-Control4003-c2,0,low_single_type,1,0,0,,,0
GSM5613775_2020-08-26-Control4003-c2_CTCAACCGTGAGGAAA-1,GSM5613775_2020-08-26-Control4003-c2,0,low_single_type,1,0,0,,,0
GSM5613775_2020-08-26-Control4003-c2_CTCAACCTCCAGCAAT-1,GSM5613775_2020-08-26-Control4003-c2,0,low_single_type,1,0,0,,,0
GSM5613775_2020-08-26-Control4003-c2_CTCAAGAAGGGCCTCT-1,GSM5613775_2020-08-26-Control4003-c2,0,low_single_type,1,0,0,,,0
GSM5613775_2020-08-26-Control4003-c2_CTCAAGACACGATAGG-1,GSM5613775_2020-08-26-Control4003-c2,0,low_single_type,1,0,0,,,0
GSM5613775_2020-08-26-Control4003-c2_CTCAAGAGTGGTTTAC-1,GSM5613775_2020-08-26-Control4003-c2,0,low_single_type,1,0,0,,,0
GSM5613775_2020-08-26-Control4003-c2_CTCAATTCACTGAATC-1,GSM5613775_2020-08-26-Control4003-c2,1,low_single_type,1,1,1,,,1
GSM5613775_2020-08-26-Control4003-c2_CTCACTGCAGATTAAG-1,GSM5613775_2020-08-26-Control4003-c2,0,low_single_type,1,0,0,,,0
GSM5613775_2020-08-26-Control4003-c2_CTCACTGGTGTCATGT-1,GSM5613775_2020-08-26-Control4003-c2,0,low_single_type,1,0,0,,,0
GSM5613775_2020-08-26-Control4003-c2_CTCACTGTCGCAACAT-1,GSM5613775_2020-08-26-Control4003-c2,0,low_single_type,1,0,0,,,0
GSM5613775_2020-08-26-Control4003-c2_CTCAGAAAGGAAGTGA-1,GSM5613775_2020-08-26-Control4003-c2,0,low_single_type,1,0,0,,,0
GSM5613775_2020-08-26-Control4003-c2_CTCAGAAAGGACACTG-1,GSM5613775_2020-08-26-Control4003-c2,0,low_single_type,1,0,0,,,0
GSM5613775_2020-08-26-Control4003-c2_CTCAGAAAGGATATGT-1,GSM5613775_2020-08-26-Control4003-c2,0,low_single_type,1,0,0,,,0
GSM5613775_2020-08-26-Control4003-c2_CTCAGAAGTTACACTG-1,GSM5613775_2020-08-26-Control4003-c2,0,low_single_type,1,0,0,,,0
GSM5613775_2020-08-26-Control4003-c2_CTCAGAATCCTCAGAA-1,GSM5613775_2020-08-26-Control4003-c2,0,low_single_type,1,0,0,,,0
GSM5613775_2020-08-26-Control4003-c2_CTCAGGGCACGCTGCA-1,GSM5613775_2020-08-26-Control4003-c2,0,low_single_type,1,0,0,,,0
GSM5613775_2020-08-26-Control4003-c2_CTCAGGGGTCATATGC-1,GSM5613775_2020-08-26-Control4003-c2,0,low_single_type,1,0,0,,,0
GSM5613775_2020-08-26-Control4003-c2_CTCAGGGGTTCGGCGT-1,GSM5613775_2020-08-26-Control4003-c2,0,low_single_type,1,0,0,,,0
GSM5613775_2020-08-26-Control4003-c2_CTCAGTCCAATCTCTT-1,GSM5613775_2020-08-26-Control4003-c2,0,low_single_type,1,0,0,,,0
GSM5613775_2020-08-26-Control4003-c2_CTCAGTCGTTAATCGC-1,GSM5613775_2020-08-26-Control4003-c2,1,low_single_type,1,1,1,,,1
GSM5613775_2020-08-26-Control4003-c2_CTCATCGCACTTGGCG-1,GSM5613775_2020-08-26-Control4003-c2,0,low_single_type,1,0,0,,,0
GSM5613775_2020-08-26-Control4003-c2_CTCATCGGTTAACCTG-1,GSM5613775_2020-08-26-Control4003-c2,0,low_single_type,1,0,0,,,0
GSM5613775_2020-08-26-Control4003-c2_CTCATGCCACATGACT-1,GSM5613775_2020-08-26-Control4003-c2,0,low_single_type,1,0,0,,,0
GSM5613775_2020-08-26-Control4003-c2_CTCATTAAGCCTAACT-1,GSM5613775_2020-08-26-Control4003-c2,0,low_single_type,1,0,0,,,0
GSM5613775_2020-08-26-Control4003-c2_CTCATTACACCTAAAC-1,GSM5613775_2020-08-26-Control4003-c2,0,low_single_type,1,0,0,,,0
GSM5613775_2020-08-26-Control4003-c2_CTCATTAGTACCGCGT-1,GSM5613775_2020-08-26-Control4003-c2,1,low_single_type,1,1,1,,,1
GSM5613775_2020-08-26-Control4003-c2_CTCCAACAGATGCTAA-1,GSM5613775_2020-08-26-Control4003-c2,0,low_single_type,1,0,0,,,0
GSM5613775_2020-08-26-Control4003-c2_CTCCAACCAAGAGTAT-1,GSM5613775_2020-08-26-Control4003-c2,0,low_single_type,1,0,0,,,0
GSM5613775_2020-08-26-Control4003-c2_CTCCAACTCAGGAACG-1,GSM5613775_2020-08-26-Control4003-c2,0,low_single_type,1,0,0,,,0
GSM5613775_2020-08-26-Control4003-c2_CTCCACACAACTCGTA-1,GSM5613775_2020-08-26-Control4003-c2,1,low_single_type,1,1,1,,,1
GSM5613775_2020-08-26-Control4003-c2_CTCCACATCGTCCATC-1,GSM5613775_2020-08-26-Control4003-c2,0,low_single_type,1,0,0,,,0
GSM5613775_2020-08-26-Control4003-c2_CTCCATGAGGCGAAGG-1,GSM5613775_2020-08-26-Control4003-c2,0,low_single_type,1,0,0,,,0
GSM5613775_2020-08-26-Control4003-c2_CTCCATGAGTGGAATT-1,GSM5613775_2020-08-26-Control4003-c2,0,low_single_type,1,0,0,,,0
GSM5613775_2020-08-26-Control4003-c2_CTCCATGGTTCCGCGA-1,GSM5613775_2020-08-26-Control4003-c2,0,low_single_type,1,0,0,,,0
GSM5613775_2020-08-26-Control4003-c2_CTCCATGTCCATGATG-1,GSM5613775_2020-08-26-Control4003-c2,1,low_single_type,1,1,1,,,1
GSM5613775_2020-08-26-Control4003-c2_CTCCCAAGTGCCCACA-1,GSM5613775_2020-08-26-Control4003-c2,0,low_single_type,1,0,0,,,0
GSM5613775_2020-08-26-Control4003-c2_CTCCCAATCAGACCGC-1,GSM5613775_2020-08-26-Control4003-c2,0,low_single_type,1,0,0,,,0
GSM5613775_2020-08-26-Control4003-c2_CTCCCTCTCGCGAAGA-1,GSM5613775_2020-08-26-Control4003-c2,0,low_single_type,1,0,0,,,0
GSM5613775_2020-08-26-Control4003-c2_CTCCCTCTCGGAATGG-1,GSM5613775_2020-08-26-Control4003-c2,0,low_single_type,1,0,0,,,0
GSM5613775_2020-08-26-Control4003-c2_CTCCGATCAAATAGCA-1,GSM5613775_2020-08-26-Control4003-c2,1,low_single_type,1,1,1,,,1
GSM5613775_2020-08-26-Control4003-c2_CTCCTCCAGCAGCGAT-1,GSM5613775_2020-08-26-Control4003-c2,0,low_single_type,1,0,0,,,0
GSM5613775_2020-08-26-Control4003-c2_CTCCTCCTCAAGTTGC-1,GSM5613775_2020-08-26-Control4003-c2,0,low_single_type,1,0,0,,,0
GSM5613775_2020-08-26-Control4003-c2_CTCCTCCTCAGTCATG-1,GSM5613775_2020-08-26-Control4003-c2,0,low_single_type,1,0,0,,,0
GSM5613775_2020-08-26-Control4003-c2_CTCCTCCTCGTGTGGC-1,GSM5613775_2020-08-26-Control4003-c2,0,low_single_type,1,0,0,,,0
GSM5613775_2020-08-26-Control4003-c2_CTCCTTTGTGGCAACA-1,GSM5613775_2020-08-26-Control4003-c2,0,low_single_type,1,0,0,,,0
GSM5613775_2020-08-26-Control4003-c2_CTCCTTTTCGTCAAAC-1,GSM5613775_2020-08-26-Control4003-c2,0,low_single_type,1,0,0,,,0
GSM5613775_2020-08-26-Control4003-c2_CTCTCAGAGACTTGTC-1,GSM5613775_2020-08-26-Control4003-c2,0,low_single_type,1,0,0,,,0
GSM5613775_2020-08-26-Control4003-c2_CTCTCAGAGCCGAACA-1,GSM5613775_2020-08-26-Control4003-c2,0,low_single_type,1,0,0,,,0
GSM5613775_2020-08-26-Control4003-c2_CTCTCGACAAAGGCAC-1,GSM5613775_2020-08-26-Control4003-c2,0,low_single_type,1,0,0,,,0
GSM5613775_2020-08-26-Control4003-c2_CTCTCGACATCTAACG-1,GSM5613775_2020-08-26-Control4003-c2,0,low_single_type,1,0,0,,,0
GSM5613775_2020-08-26-Control4003-c2_CTCTCGAGTGATTAGA-1,GSM5613775_2020-08-26-Control4003-c2,0,low_single_type,1,0,0,,,0
GSM5613775_2020-08-26-Control4003-c2_CTCTCGAGTTATCCAG-1,GSM5613775_2020-08-26-Control4003-c2,0,low_single_type,1,0,0,,,0
GSM5613775_2020-08-26-Control4003-c2_CTCTCGATCCAGCAAT-1,GSM5613775_2020-08-26-Control4003-c2,0,low_single_type,1,0,0,,,0
GSM5613775_2020-08-26-Control4003-c2_CTCTCGATCGCTGTTC-1,GSM5613775_2020-08-26-Control4003-c2,0,low_single_type,1,0,0,,,0
GSM5613775_2020-08-26-Control4003-c2_CTCTGGTAGACTAAGT-1,GSM5613775_2020-08-26-Control4003-c2,0,low_single_type,1,0,0,,,0
GSM5613775_2020-08-26-Control4003-c2_CTCTGGTTCCATGCAA-1,GSM5613775_2020-08-26-Control4003-c2,0,low_single_type,1,0,0,,,0
GSM5613775_2020-08-26-Control4003-c2_CTGAGCGAGGCATCTT-1,GSM5613775_2020-08-26-Control4003-c2,0,low_single_type,1,0,0,,,0
GSM5613775_2020-08-26-Control4003-c2_CTGAGCGCATGGCCCA-1,GSM5613775_2020-08-26-Control4003-c2,0,low_single_type,1,0,0,,,0
GSM5613775_2020-08-26-Control4003-c2_CTGAGCGGTCCACAGC-1,GSM5613775_2020-08-26-Control4003-c2,0,low_single_type,1,0,0,,,0
GSM5613775_2020-08-26-Control4003-c2_CTGATCCAGTAATACG-1,GSM5613775_2020-08-26-Control4003-c2,0,low_single_type,1,0,0,,,0
GSM5613775_2020-08-26-Control4003-c2_CTGATCCTCCTCAGGG-1,GSM5613775_2020-08-26-Control4003-c2,0,low_single_type,1,0,0,,,0
GSM5613775_2020-08-26-Control4003-c2_CTGCATCCAATAGTGA-1,GSM5613775_2020-08-26-Control4003-c2,0,low_single_type,1,0,0,,,0
GSM5613775_2020-08-26-Control4003-c2_CTGCATCCATATACCG-1,GSM5613775_2020-08-26-Control4003-c2,0,low_single_type,1,0,0,,,0
GSM5613775_2020-08-26-Control4003-c2_CTGCCATCAAGCCCAC-1,GSM5613775_2020-08-26-Control4003-c2,0,low_single_type,1,0,0,,,0
GSM5613775_2020-08-26-Control4003-c2_CTGCCATGTGGCTCTG-1,GSM5613775_2020-08-26-Control4003-c2,0,low_single_type,1,0,0,,,0
GSM5613775_2020-08-26-Control4003-c2_CTGCCTACATTGAGGG-1,GSM5613775_2020-08-26-Control4003-c2,1,low_single_type,1,1,1,,,1
GSM5613775_2020-08-26-Control4003-c2_CTGCGAGAGATGACAT-1,GSM5613775_2020-08-26-Control4003-c2,0,low_single_type,1,0,0,,,0
GSM5613775_2020-08-26-Control4003-c2_CTGCGAGCAGACACCC-1,GSM5613775_2020-08-26-Control4003-c2,1,low_single_type,1,1,1,,,1
GSM5613775_2020-08-26-Control4003-c2_CTGCGAGCAGGTCCCA-1,GSM5613775_2020-08-26-Control4003-c2,0,low_single_type,1,0,0,,,0
GSM5613775_2020-08-26-Control4003-c2_CTGCTCACACGACTAT-1,GSM5613775_2020-08-26-Control4003-c2,0,low_single_type,1,0,0,,,0
GSM5613775_2020-08-26-Control4003-c2_CTGCTCACATCTCCCA-1,GSM5613775_2020-08-26-Control4003-c2,0,low_single_type,1,0,0,,,0
GSM5613775_2020-08-26-Control4003-c2_CTGCTCAGTTGTTTGG-1,GSM5613775_2020-08-26-Control4003-c2,0,low_single_type,1,0,0,,,0
GSM5613775_2020-08-26-Control4003-c2_CTGCTCATCGACGACC-1,GSM5613775_2020-08-26-Control4003-c2,1,low_single_type,1,1,1,,,1
GSM5613775_2020-08-26-Control4003-c2_CTGCTCATCGGCATAT-1,GSM5613775_2020-08-26-Control4003-c2,0,low_single_type,1,0,0,,,0
GSM5613775_2020-08-26-Control4003-c2_CTGGACGCACGATTCA-1,GSM5613775_2020-08-26-Control4003-c2,0,low_single_type,1,0,0,,,0
GSM5613775_2020-08-26-Control4003-c2_CTGGACGCACGTCGTG-1,GSM5613775_2020-08-26-Control4003-c2,1,low_single_type,1,1,1,,,1
GSM5613775_2020-08-26-Control4003-c2_CTGGACGTCCGTCCTA-1,GSM5613775_2020-08-26-Control4003-c2,0,low_single_type,1,0,0,,,0
GSM5613775_2020-08-26-Control4003-c2_CTGGCAGGTCCAGAAG-1,GSM5613775_2020-08-26-Control4003-c2,0,low_single_type,1,0,0,,,0
GSM5613775_2020-08-26-Control4003-c2_CTGGTCTAGCCTGAGA-1,GSM5613775_2020-08-26-Control4003-c2,0,low_single_type,1,0,0,,,0
GSM5613775_2020-08-26-Control4003-c2_CTGGTCTAGGTCACAG-1,GSM5613775_2020-08-26-Control4003-c2,0,low_single_type,1,0,0,,,0
GSM5613775_2020-08-26-Control4003-c2_CTGGTCTCAATGTTGC-1,GSM5613775_2020-08-26-Control4003-c2,0,low_single_type,1,0,0,,,0
GSM5613775_2020-08-26-Control4003-c2_CTGTACCGTAGTACGG-1,GSM5613775_2020-08-26-Control4003-c2,1,low_single_type,1,1,1,,,1
GSM5613775_2020-08-26-Control4003-c2_CTGTACCTCAGCAATC-1,GSM5613775_2020-08-26-Control4003-c2,0,low_single_type,1,0,0,,,0
GSM5613775_2020-08-26-Control4003-c2_CTGTAGAAGCCTCATA-1,GSM5613775_2020-08-26-Control4003-c2,0,low_single_type,1,0,0,,,0
GSM5613775_2020-08-26-Control4003-c2_CTGTAGAGTCTTAGTG-1,GSM5613775_2020-08-26-Control4003-c2,0,low_single_type,1,0,0,,,0
GSM5613775_2020-08-26-Control4003-c2_CTGTAGATCTCGCGTT-1,GSM5613775_2020-08-26-Control4003-c2,0,low_single_type,1,0,0,,,0
GSM5613775_2020-08-26-Control4003-c2_CTGTATTTCACTTGTT-1,GSM5613775_2020-08-26-Control4003-c2,0,low_single_type,1,0,0,,,0
GSM5613775_2020-08-26-Control4003-c2_CTGTGAAAGTAAGGGA-1,GSM5613775_2020-08-26-Control4003-c2,0,low_single_type,1,0,0,,,0
GSM5613775_2020-08-26-Control4003-c2_CTGTGAACATGACTCA-1,GSM5613775_2020-08-26-Control4003-c2,0,low_single_type,1,0,0,,,0
GSM5613775_2020-08-26-Control4003-c2_CTGTGGGTCATGAGTC-1,GSM5613775_2020-08-26-Control4003-c2,0,low_single_type,1,0,0,,,0
GSM5613775_2020-08-26-Control4003-c2_CTTAGGACATGTAACC-1,GSM5613775_2020-08-26-Control4003-c2,0,low_single_type,1,0,0,,,0
GSM5613775_2020-08-26-Control4003-c2_CTTCAATAGCAGTCTT-1,GSM5613775_2020-08-26-Control4003-c2,0,low_single_type,1,0,0,,,0
GSM5613775_2020-08-26-Control4003-c2_CTTCAATCAATCTCGA-1,GSM5613775_2020-08-26-Control4003-c2,0,low_single_type,1,0,0,,,0
GSM5613775_2020-08-26-Control4003-c2_CTTCAATCAGCTGAAG-1,GSM5613775_2020-08-26-Control4003-c2,0,low_single_type,1,0,0,,,0
GSM5613775_2020-08-26-Control4003-c2_CTTCAATGTGTCCCTT-1,GSM5613775_2020-08-26-Control4003-c2,0,low_single_type,1,0,0,,,0
GSM5613775_2020-08-26-Control4003-c2_CTTCCGACAGTCAGAG-1,GSM5613775_2020-08-26-Control4003-c2,0,low_single_type,1,0,0,,,0
GSM5613775_2020-08-26-Control4003-c2_CTTCCGAGTATCGAGG-1,GSM5613775_2020-08-26-Control4003-c2,0,low_single_type,1,0,0,,,0
GSM5613775_2020-08-26-Control4003-c2_CTTCCGAGTTGAATCC-1,GSM5613775_2020-08-26-Control4003-c2,0,low_single_type,1,0,0,,,0
GSM5613775_2020-08-26-Control4003-c2_CTTCCGATCTGGAGAG-1,GSM5613775_2020-08-26-Control4003-c2,0,low_single_type,1,0,0,,,0
GSM5613775_2020-08-26-Control4003-c2_CTTCCTTCACCATTCC-1,GSM5613775_2020-08-26-Control4003-c2,0,low_single_type,1,0,0,,,0
GSM5613775_2020-08-26-Control4003-c2_CTTCCTTCATGGAGAC-1,GSM5613775_2020-08-26-Control4003-c2,0,low_single_type,1,0,0,,,0
GSM5613775_2020-08-26-Control4003-c2_CTTCCTTGTAAGGAGA-1,GSM5613775_2020-08-26-Control4003-c2,0,low_single_type,1,0,0,,,0
GSM5613775_2020-08-26-Control4003-c2_CTTCCTTGTGCGTTTA-1,GSM5613775_2020-08-26-Control4003-c2,0,low_single_type,1,0,0,,,0
GSM5613775_2020-08-26-Control4003-c2_CTTCCTTGTGTATCCA-1,GSM5613775_2020-08-26-Control4003-c2,0,low_single_type,1,0,0,,,0
GSM5613775_2020-08-26-Control4003-c2_CTTCCTTTCTGGGAGA-1,GSM5613775_2020-08-26-Control4003-c2,1,low_single_type,1,1,1,,,1
GSM5613775_2020-08-26-Control4003-c2_CTTCGGTAGAGTCCGA-1,GSM5613775_2020-08-26-Control4003-c2,0,low_single_type,1,0,0,,,0
GSM5613775_2020-08-26-Control4003-c2_CTTCGGTCAATTGCTG-1,GSM5613775_2020-08-26-Control4003-c2,0,low_single_type,1,0,0,,,0
GSM5613775_2020-08-26-Control4003-c2_CTTCTAAAGACCCTTA-1,GSM5613775_2020-08-26-Control4003-c2,1,low_single_type,1,1,1,,,1
GSM5613775_2020-08-26-Control4003-c2_CTTCTAACAGTGTGGA-1,GSM5613775_2020-08-26-Control4003-c2,0,low_single_type,1,0,0,,,0
GSM5613775_2020-08-26-Control4003-c2_CTTCTCTCAGTATTCG-1,GSM5613775_2020-08-26-Control4003-c2,1,low_single_type,1,1,1,,,1
GSM5613775_2020-08-26-Control4003-c2_CTTCTCTGTGCATCTA-1,GSM5613775_2020-08-26-Control4003-c2,1,low_single_type,1,1,1,,,1
GSM5613775_2020-08-26-Control4003-c2_CTTGAGACATGGTGGA-1,GSM5613775_2020-08-26-Control4003-c2,0,low_single_type,1,0,0,,,0
GSM5613775_2020-08-26-Control4003-c2_CTTGAGAGTATAGGGC-1,GSM5613775_2020-08-26-Control4003-c2,0,low_single_type,1,0,0,,,0
GSM5613775_2020-08-26-Control4003-c2_CTTGATTTCAGTCCGG-1,GSM5613775_2020-08-26-Control4003-c2,1,low_single_type,1,1,1,,,1
GSM5613775_2020-08-26-Control4003-c2_CTTGATTTCTCGTCAC-1,GSM5613775_2020-08-26-Control4003-c2,0,low_single_type,1,0,0,,,0
GSM5613775_2020-08-26-Control4003-c2_CTTTCAATCACCTACC-1,GSM5613775_2020-08-26-Control4003-c2,0,low_single_type,1,0,0,,,0
GSM5613775_2020-08-26-Control4003-c2_CTTTCAATCTCCCAAC-1,GSM5613775_2020-08-26-Control4003-c2,0,low_single_type,1,0,0,,,0
GSM5613775_2020-08-26-Control4003-c2_CTTTCGGAGCTCTGTA-1,GSM5613775_2020-08-26-Control4003-c2,0,low_single_type,1,0,0,,,0
GSM5613775_2020-08-26-Control4003-c2_CTTTCGGTCGGCCCAA-1,GSM5613775_2020-08-26-Control4003-c2,1,low_single_type,1,1,1,,,1
GSM5613775_2020-08-26-Control4003-c2_GAAACCTCATACCATG-1,GSM5613775_2020-08-26-Control4003-c2,0,low_single_type,1,0,0,,,0
GSM5613775_2020-08-26-Control4003-c2_GAAACCTTCCCGAAAT-1,GSM5613775_2020-08-26-Control4003-c2,0,low_single_type,1,0,0,,,0
GSM5613775_2020-08-26-Control4003-c2_GAAATGAGTATCGAGG-1,GSM5613775_2020-08-26-Control4003-c2,0,low_single_type,1,0,0,,,0
GSM5613775_2020-08-26-Control4003-c2_GAACGTTCAAATGGTA-1,GSM5613775_2020-08-26-Control4003-c2,0,low_single_type,1,0,0,,,0
GSM5613775_2020-08-26-Control4003-c2_GAACGTTCACTGCGTG-1,GSM5613775_2020-08-26-Control4003-c2,0,low_single_type,1,0,0,,,0
GSM5613775_2020-08-26-Control4003-c2_GAACGTTTCGTACACA-1,GSM5613775_2020-08-26-Control4003-c2,0,low_single_type,1,0,0,,,0
GSM5613775_2020-08-26-Control4003-c2_GAAGAATAGACTCTAC-1,GSM5613775_2020-08-26-Control4003-c2,0,low_single_type,1,0,0,,,0
GSM5613775_2020-08-26-Control4003-c2_GAAGAATCAGAAGTGC-1,GSM5613775_2020-08-26-Control4003-c2,1,low_single_type,1,1,1,,,1
GSM5613775_2020-08-26-Control4003-c2_GAAGAATTCCGCACTT-1,GSM5613775_2020-08-26-Control4003-c2,0,low_single_type,1,0,0,,,0
GSM5613775_2020-08-26-Control4003-c2_GAAGCCCAGGTCGAGT-1,GSM5613775_2020-08-26-Control4003-c2,1,low_single_type,1,1,1,,,1
GSM5613775_2020-08-26-Control4003-c2_GAAGCCCTCCTCTGCA-1,GSM5613775_2020-08-26-Control4003-c2,0,low_single_type,1,0,0,,,0
GSM5613775_2020-08-26-Control4003-c2_GAAGCGACAGAAATCA-1,GSM5613775_2020-08-26-Control4003-c2,0,low_single_type,1,0,0,,,0
GSM5613775_2020-08-26-Control4003-c2_GAAGCGAGTGTGGTCC-1,GSM5613775_2020-08-26-Control4003-c2,0,low_single_type,1,0,0,,,0
GSM5613775_2020-08-26-Control4003-c2_GAAGCGATCGTCTAAG-1,GSM5613775_2020-08-26-Control4003-c2,0,low_single_type,1,0,0,,,0
GSM5613775_2020-08-26-Control4003-c2_GAAGGACAGACTCAAA-1,GSM5613775_2020-08-26-Control4003-c2,1,low_single_type,1,1,1,,,1
GSM5613775_2020-08-26-Control4003-c2_GAAGGGTAGACACACG-1,GSM5613775_2020-08-26-Control4003-c2,0,low_single_type,1,0,0,,,0
GSM5613775_2020-08-26-Control4003-c2_GAAGGGTTCACCCTGT-1,GSM5613775_2020-08-26-Control4003-c2,0,low_single_type,1,0,0,,,0
GSM5613775_2020-08-26-Control4003-c2_GAAGTAAAGGCCTAGA-1,GSM5613775_2020-08-26-Control4003-c2,0,low_single_type,1,0,0,,,0
GSM5613775_2020-08-26-Control4003-c2_GAAGTAATCCCGAAAT-1,GSM5613775_2020-08-26-Control4003-c2,0,low_single_type,1,0,0,,,0
GSM5613775_2020-08-26-Control4003-c2_GAAGTAATCGTGCTCT-1,GSM5613775_2020-08-26-Control4003-c2,1,low_single_type,1,1,1,,,1
GSM5613775_2020-08-26-Control4003-c2_GAATAGAAGCAGGCAT-1,GSM5613775_2020-08-26-Control4003-c2,0,low_single_type,1,0,0,,,0
GSM5613775_2020-08-26-Control4003-c2_GAATAGACAGGAATCG-1,GSM5613775_2020-08-26-Control4003-c2,0,low_single_type,1,0,0,,,0
GSM5613775_2020-08-26-Control4003-c2_GAATAGAGTCACTTCC-1,GSM5613775_2020-08-26-Control4003-c2,0,low_single_type,1,0,0,,,0
GSM5613775_2020-08-26-Control4003-c2_GAATAGATCGATTCCC-1,GSM5613775_2020-08-26-Control4003-c2,0,low_single_type,1,0,0,,,0
GSM5613775_2020-08-26-Control4003-c2_GAATCACAGGGTTGCA-1,GSM5613775_2020-08-26-Control4003-c2,0,low_single_type,1,0,0,,,0
GSM5613775_2020-08-26-Control4003-c2_GAATCGTAGAATCGTA-1,GSM5613775_2020-08-26-Control4003-c2,0,low_single_type,1,0,0,,,0
GSM5613775_2020-08-26-Control4003-c2_GAATCGTGTACTCCCT-1,GSM5613775_2020-08-26-Control4003-c2,0,low_single_type,1,0,0,,,0
GSM5613775_2020-08-26-Control4003-c2_GACACGCAGAATCGTA-1,GSM5613775_2020-08-26-Control4003-c2,1,low_single_type,1,1,1,,,1
GSM5613775_2020-08-26-Control4003-c2_GACACGCCACTGAATC-1,GSM5613775_2020-08-26-Control4003-c2,0,low_single_type,1,0,0,,,0
GSM5613775_2020-08-26-Control4003-c2_GACAGCCCACTAGTAC-1,GSM5613775_2020-08-26-Control4003-c2,0,low_single_type,1,0,0,,,0
GSM5613775_2020-08-26-Control4003-c2_GACAGCCCACTGGCCA-1,GSM5613775_2020-08-26-Control4003-c2,0,low_single_type,1,0,0,,,0
GSM5613775_2020-08-26-Control4003-c2_GACAGCCGTAGCGTCC-1,GSM5613775_2020-08-26-Control4003-c2,0,low_single_type,1,0,0,,,0
GSM5613775_2020-08-26-Control4003-c2_GACAGCCGTTCCGGTG-1,GSM5613775_2020-08-26-Control4003-c2,0,low_single_type,1,0,0,,,0
GSM5613775_2020-08-26-Control4003-c2_GACATCAAGACGCTCC-1,GSM5613775_2020-08-26-Control4003-c2,0,low_single_type,1,0,0,,,0
GSM5613775_2020-08-26-Control4003-c2_GACATCACATTACGGT-1,GSM5613775_2020-08-26-Control4003-c2,0,low_single_type,1,0,0,,,0
GSM5613775_2020-08-26-Control4003-c2_GACATCATCATTTGTC-1,GSM5613775_2020-08-26-Control4003-c2,0,low_single_type,1,0,0,,,0
GSM5613775_2020-08-26-Control4003-c2_GACCAATAGTGGATAT-1,GSM5613775_2020-08-26-Control4003-c2,0,low_single_type,1,0,0,,,0
GSM5613775_2020-08-26-Control4003-c2_GACCAATCATTAAGCC-1,GSM5613775_2020-08-26-Control4003-c2,0,low_single_type,1,0,0,,,0
GSM5613775_2020-08-26-Control4003-c2_GACCAATGTGGTAACG-1,GSM5613775_2020-08-26-Control4003-c2,0,low_single_type,1,0,0,,,0
GSM5613775_2020-08-26-Control4003-c2_GACCCAGCACAGAGAC-1,GSM5613775_2020-08-26-Control4003-c2,1,low_single_type,1,1,1,,,1
GSM5613775_2020-08-26-Control4003-c2_GACCCTTAGCACGTCC-1,GSM5613775_2020-08-26-Control4003-c2,0,low_single_type,1,0,0,,,0
GSM5613775_2020-08-26-Control4003-c2_GACCCTTGTACAGGTG-1,GSM5613775_2020-08-26-Control4003-c2,0,low_single_type,1,0,0,,,0
GSM5613775_2020-08-26-Control4003-c2_GACCCTTGTGTCATGT-1,GSM5613775_2020-08-26-Control4003-c2,0,low_single_type,1,0,0,,,0
GSM5613775_2020-08-26-Control4003-c2_GACCGTGAGAGAGGTA-1,GSM5613775_2020-08-26-Control4003-c2,0,low_single_type,1,0,0,,,0
GSM5613775_2020-08-26-Control4003-c2_GACCGTGGTTGAAGTA-1,GSM5613775_2020-08-26-Control4003-c2,0,low_single_type,1,0,0,,,0
GSM5613775_2020-08-26-Control4003-c2_GACCTTCAGTAATACG-1,GSM5613775_2020-08-26-Control4003-c2,0,low_single_type,1,0,0,,,0
GSM5613775_2020-08-26-Control4003-c2_GACCTTCTCTAAGCCA-1,GSM5613775_2020-08-26-Control4003-c2,0,low_single_type,1,0,0,,,0
GSM5613775_2020-08-26-Control4003-c2_GACGCTGAGTTTCTTC-1,GSM5613775_2020-08-26-Control4003-c2,0,low_single_type,1,0,0,,,0
GSM5613775_2020-08-26-Control4003-c2_GACGTTACAGACACCC-1,GSM5613775_2020-08-26-Control4003-c2,0,low_single_type,1,0,0,,,0
GSM5613775_2020-08-26-Control4003-c2_GACGTTAGTATGTCCA-1,GSM5613775_2020-08-26-Control4003-c2,0,low_single_type,1,0,0,,,0
GSM5613775_2020-08-26-Control4003-c2_GACTATGCAGAGAAAG-1,GSM5613775_2020-08-26-Control4003-c2,0,low_single_type,1,0,0,,,0
GSM5613775_2020-08-26-Control4003-c2_GACTCAAAGCATGGGT-1,GSM5613775_2020-08-26-Control4003-c2,1,low_single_type,1,1,1,,,1
GSM5613775_2020-08-26-Control4003-c2_GACTCAAAGGGAGGGT-1,GSM5613775_2020-08-26-Control4003-c2,0,low_single_type,1,0,0,,,0
GSM5613775_2020-08-26-Control4003-c2_GACTCAACACTGTCCT-1,GSM5613775_2020-08-26-Control4003-c2,0,low_single_type,1,0,0,,,0
GSM5613775_2020-08-26-Control4003-c2_GACTCAACATAGCTGT-1,GSM5613775_2020-08-26-Control4003-c2,0,low_single_type,1,0,0,,,0
GSM5613775_2020-08-26-Control4003-c2_GACTCAATCAGTGGGA-1,GSM5613775_2020-08-26-Control4003-c2,0,low_single_type,1,0,0,,,0
GSM5613775_2020-08-26-Control4003-c2_GACTCAATCTTGCAGA-1,GSM5613775_2020-08-26-Control4003-c2,1,low_single_type,1,1,1,,,1
GSM5613775_2020-08-26-Control4003-c2_GACTCTCAGTTGTCAC-1,GSM5613775_2020-08-26-Control4003-c2,0,low_single_type,1,0,0,,,0
GSM5613775_2020-08-26-Control4003-c2_GACTCTCGTGAATGTA-1,GSM5613775_2020-08-26-Control4003-c2,0,low_single_type,1,0,0,,,0
GSM5613775_2020-08-26-Control4003-c2_GACTGATAGGTGATCG-1,GSM5613775_2020-08-26-Control4003-c2,0,low_single_type,1,0,0,,,0
GSM5613775_2020-08-26-Control4003-c2_GACTGATAGTAGATCA-1,GSM5613775_2020-08-26-Control4003-c2,0,low_single_type,1,0,0,,,0
GSM5613775_2020-08-26-Control4003-c2_GACTGATAGTTGGCTT-1,GSM5613775_2020-08-26-Control4003-c2,0,low_single_type,1,0,0,,,0
GSM5613775_2020-08-26-Control4003-c2_GACTGATGTGTCGCTG-1,GSM5613775_2020-08-26-Control4003-c2,0,low_single_type,1,0,0,,,0
GSM5613775_2020-08-26-Control4003-c2_GACTGATTCGAGTCCG-1,GSM5613775_2020-08-26-Control4003-c2,0,low_single_type,1,0,0,,,0
GSM5613775_2020-08-26-Control4003-c2_GACTTCCCAACGATTC-1,GSM5613775_2020-08-26-Control4003-c2,0,low_single_type,1,0,0,,,0
GSM5613775_2020-08-26-Control4003-c2_GACTTCCGTGGATTTC-1,GSM5613775_2020-08-26-Control4003-c2,1,low_single_type,1,1,1,,,1
GSM5613775_2020-08-26-Control4003-c2_GACTTCCTCAGCAGAG-1,GSM5613775_2020-08-26-Control4003-c2,0,low_single_type,1,0,0,,,0
GSM5613775_2020-08-26-Control4003-c2_GAGAAATAGGCGAACT-1,GSM5613775_2020-08-26-Control4003-c2,0,low_single_type,1,0,0,,,0
GSM5613775_2020-08-26-Control4003-c2_GAGACTTCACCAGTAT-1,GSM5613775_2020-08-26-Control4003-c2,0,low_single_type,1,0,0,,,0
GSM5613775_2020-08-26-Control4003-c2_GAGACTTCATTCGATG-1,GSM5613775_2020-08-26-Control4003-c2,0,low_single_type,1,0,0,,,0
GSM5613775_2020-08-26-Control4003-c2_GAGACTTGTAGCTCGC-1,GSM5613775_2020-08-26-Control4003-c2,0,low_single_type,1,0,0,,,0
GSM5613775_2020-08-26-Control4003-c2_GAGACTTGTCAGGAGT-1,GSM5613775_2020-08-26-Control4003-c2,0,low_single_type,1,0,0,,,0
GSM5613775_2020-08-26-Control4003-c2_GAGACTTGTGTCTAAC-1,GSM5613775_2020-08-26-Control4003-c2,0,low_single_type,1,0,0,,,0
GSM5613775_2020-08-26-Control4003-c2_GAGACTTTCCGTGGCA-1,GSM5613775_2020-08-26-Control4003-c2,0,low_single_type,1,0,0,,,0
GSM5613775_2020-08-26-Control4003-c2_GAGAGGTGTCAGTTTG-1,GSM5613775_2020-08-26-Control4003-c2,0,low_single_type,1,0,0,,,0
GSM5613775_2020-08-26-Control4003-c2_GAGAGGTTCCTTGAAG-1,GSM5613775_2020-08-26-Control4003-c2,0,low_single_type,1,0,0,,,0
GSM5613775_2020-08-26-Control4003-c2_GAGAGGTTCTTCTTCC-1,GSM5613775_2020-08-26-Control4003-c2,0,low_single_type,1,0,0,,,0
GSM5613775_2020-08-26-Control4003-c2_GAGCCTGAGGCTATCT-1,GSM5613775_2020-08-26-Control4003-c2,0,low_single_type,1,0,0,,,0
GSM5613775_2020-08-26-Control4003-c2_GAGCTGCAGAAGCCTG-1,GSM5613775_2020-08-26-Control4003-c2,0,low_single_type,1,0,0,,,0
GSM5613775_2020-08-26-Control4003-c2_GAGCTGCCAATCAAGA-1,GSM5613775_2020-08-26-Control4003-c2,0,low_single_type,1,0,0,,,0
GSM5613775_2020-08-26-Control4003-c2_GAGCTGCCACCGGTCA-1,GSM5613775_2020-08-26-Control4003-c2,0,low_single_type,1,0,0,,,0
GSM5613775_2020-08-26-Control4003-c2_GAGCTGCTCCGAAGGA-1,GSM5613775_2020-08-26-Control4003-c2,0,low_single_type,1,0,0,,,0
GSM5613775_2020-08-26-Control4003-c2_GAGGCAAAGATACTGA-1,GSM5613775_2020-08-26-Control4003-c2,0,low_single_type,1,0,0,,,0
GSM5613775_2020-08-26-Control4003-c2_GAGGCAAAGGCCGCTT-1,GSM5613775_2020-08-26-Control4003-c2,0,low_single_type,1,0,0,,,0
GSM5613775_2020-08-26-Control4003-c2_GAGGCAAAGTCACGAG-1,GSM5613775_2020-08-26-Control4003-c2,0,low_single_type,1,0,0,,,0
GSM5613775_2020-08-26-Control4003-c2_GAGGCAACAAGAATAC-1,GSM5613775_2020-08-26-Control4003-c2,0,low_single_type,1,0,0,,,0
GSM5613775_2020-08-26-Control4003-c2_GAGGCCTAGCAGGCAT-1,GSM5613775_2020-08-26-Control4003-c2,0,low_single_type,1,0,0,,,0
GSM5613775_2020-08-26-Control4003-c2_GAGGCCTTCTCCTGAC-1,GSM5613775_2020-08-26-Control4003-c2,0,low_single_type,1,0,0,,,0
GSM5613775_2020-08-26-Control4003-c2_GAGGCCTTCTCTAAGG-1,GSM5613775_2020-08-26-Control4003-c2,0,low_single_type,1,0,0,,,0
GSM5613775_2020-08-26-Control4003-c2_GAGGGATCAAACCGGA-1,GSM5613775_2020-08-26-Control4003-c2,0,low_single_type,1,0,0,,,0
GSM5613775_2020-08-26-Control4003-c2_GAGGGATCAATGTGGG-1,GSM5613775_2020-08-26-Control4003-c2,0,low_single_type,1,0,0,,,0
GSM5613775_2020-08-26-Control4003-c2_GAGGGATGTATCACCA-1,GSM5613775_2020-08-26-Control4003-c2,1,low_single_type,1,1,1,,,1
GSM5613775_2020-08-26-Control4003-c2_GAGGGTACACAGGATG-1,GSM5613775_2020-08-26-Control4003-c2,0,low_single_type,1,0,0,,,0
GSM5613775_2020-08-26-Control4003-c2_GAGTCATAGTATCCTG-1,GSM5613775_2020-08-26-Control4003-c2,0,low_single_type,1,0,0,,,0
GSM5613775_2020-08-26-Control4003-c2_GAGTCATGTACATACC-1,GSM5613775_2020-08-26-Control4003-c2,0,low_single_type,1,0,0,,,0
GSM5613775_2020-08-26-Control4003-c2_GAGTCTAAGATGTTCC-1,GSM5613775_2020-08-26-Control4003-c2,0,low_single_type,1,0,0,,,0
GSM5613775_2020-08-26-Control4003-c2_GAGTCTAAGTATTGCC-1,GSM5613775_2020-08-26-Control4003-c2,0,low_single_type,1,0,0,,,0
GSM5613775_2020-08-26-Control4003-c2_GAGTCTACATACAGAA-1,GSM5613775_2020-08-26-Control4003-c2,0,low_single_type,1,0,0,,,0
GSM5613775_2020-08-26-Control4003-c2_GAGTCTACATTGCTTT-1,GSM5613775_2020-08-26-Control4003-c2,0,low_single_type,1,0,0,,,0
GSM5613775_2020-08-26-Control4003-c2_GAGTGAGAGAGCCCAA-1,GSM5613775_2020-08-26-Control4003-c2,0,low_single_type,1,0,0,,,0
GSM5613775_2020-08-26-Control4003-c2_GAGTGAGAGCGGACAT-1,GSM5613775_2020-08-26-Control4003-c2,0,low_single_type,1,0,0,,,0
GSM5613775_2020-08-26-Control4003-c2_GAGTGAGGTCGTCATA-1,GSM5613775_2020-08-26-Control4003-c2,1,low_single_type,1,1,1,,,1
GSM5613775_2020-08-26-Control4003-c2_GAGTGTTGTAGTGGCA-1,GSM5613775_2020-08-26-Control4003-c2,0,low_single_type,1,0,0,,,0
GSM5613775_2020-08-26-Control4003-c2_GAGTGTTGTGACTGAG-1,GSM5613775_2020-08-26-Control4003-c2,0,low_single_type,1,0,0,,,0
GSM5613775_2020-08-26-Control4003-c2_GAGTGTTGTGATTCAC-1,GSM5613775_2020-08-26-Control4003-c2,1,low_single_type,1,1,1,,,1
GSM5613775_2020-08-26-Control4003-c2_GAGTGTTTCCCGTTCA-1,GSM5613775_2020-08-26-Control4003-c2,0,low_single_type,1,0,0,,,0
GSM5613775_2020-08-26-Control4003-c2_GAGTTACCACTAGGTT-1,GSM5613775_2020-08-26-Control4003-c2,1,low_single_type,1,1,1,,,1
GSM5613775_2020-08-26-Control4003-c2_GAGTTACCAGGTATGG-1,GSM5613775_2020-08-26-Control4003-c2,0,low_single_type,1,0,0,,,0
GSM5613775_2020-08-26-Control4003-c2_GAGTTGTCACAAGGTG-1,GSM5613775_2020-08-26-Control4003-c2,0,low_single_type,1,0,0,,,0
GSM5613775_2020-08-26-Control4003-c2_GATAGAAAGAGAATCT-1,GSM5613775_2020-08-26-Control4003-c2,0,low_single_type,1,0,0,,,0
GSM5613775_2020-08-26-Control4003-c2_GATAGAAAGAGCATAT-1,GSM5613775_2020-08-26-Control4003-c2,0,low_single_type,1,0,0,,,0
GSM5613775_2020-08-26-Control4003-c2_GATAGAACAAGATCCT-1,GSM5613775_2020-08-26-Control4003-c2,0,low_single_type,1,0,0,,,0
GSM5613775_2020-08-26-Control4003-c2_GATAGAAGTGCCTACG-1,GSM5613775_2020-08-26-Control4003-c2,0,low_single_type,1,0,0,,,0
GSM5613775_2020-08-26-Control4003-c2_GATAGCTGTCCAGGTC-1,GSM5613775_2020-08-26-Control4003-c2,0,low_single_type,1,0,0,,,0
GSM5613775_2020-08-26-Control4003-c2_GATAGCTTCGCCTCTA-1,GSM5613775_2020-08-26-Control4003-c2,0,low_single_type,1,0,0,,,0
GSM5613775_2020-08-26-Control4003-c2_GATCACACACGGTGAA-1,GSM5613775_2020-08-26-Control4003-c2,1,low_single_type,1,1,1,,,1
GSM5613775_2020-08-26-Control4003-c2_GATCACATCATGGATC-1,GSM5613775_2020-08-26-Control4003-c2,1,low_single_type,1,1,1,,,1
GSM5613775_2020-08-26-Control4003-c2_GATCAGTAGGGTTGCA-1,GSM5613775_2020-08-26-Control4003-c2,0,low_single_type,1,0,0,,,0
GSM5613775_2020-08-26-Control4003-c2_GATCAGTCAATCGTCA-1,GSM5613775_2020-08-26-Control4003-c2,0,low_single_type,1,0,0,,,0
GSM5613775_2020-08-26-Control4003-c2_GATCAGTTCAGTGCGC-1,GSM5613775_2020-08-26-Control4003-c2,0,low_single_type,1,0,0,,,0
GSM5613775_2020-08-26-Control4003-c2_GATCAGTTCATCGCTC-1,GSM5613775_2020-08-26-Control4003-c2,0,low_single_type,1,0,0,,,0
GSM5613775_2020-08-26-Control4003-c2_GATCAGTTCGGCCTTT-1,GSM5613775_2020-08-26-Control4003-c2,1,low_single_type,1,1,1,,,1
GSM5613775_2020-08-26-Control4003-c2_GATCATGGTACTTCCC-1,GSM5613775_2020-08-26-Control4003-c2,0,low_single_type,1,0,0,,,0
GSM5613775_2020-08-26-Control4003-c2_GATCCCTAGACAGCGT-1,GSM5613775_2020-08-26-Control4003-c2,1,low_single_type,1,1,1,,,1
GSM5613775_2020-08-26-Control4003-c2_GATCCCTAGGTCCCTG-1,GSM5613775_2020-08-26-Control4003-c2,1,low_single_type,1,1,1,,,1
GSM5613775_2020-08-26-Control4003-c2_GATCCCTTCGGACTGC-1,GSM5613775_2020-08-26-Control4003-c2,0,low_single_type,1,0,0,,,0
GSM5613775_2020-08-26-Control4003-c2_GATCCCTTCTCGGGAC-1,GSM5613775_2020-08-26-Control4003-c2,0,low_single_type,1,0,0,,,0
GSM5613775_2020-08-26-Control4003-c2_GATGACTAGAGAGCCT-1,GSM5613775_2020-08-26-Control4003-c2,0,low_single_type,1,0,0,,,0
GSM5613775_2020-08-26-Control4003-c2_GATGACTCACTAGGCC-1,GSM5613775_2020-08-26-Control4003-c2,1,low_single_type,1,1,1,,,1
GSM5613775_2020-08-26-Control4003-c2_GATGACTGTCAGATTC-1,GSM5613775_2020-08-26-Control4003-c2,0,low_single_type,1,0,0,,,0
GSM5613775_2020-08-26-Control4003-c2_GATGACTGTGGCCCAT-1,GSM5613775_2020-08-26-Control4003-c2,0,low_single_type,1,0,0,,,0
GSM5613775_2020-08-26-Control4003-c2_GATGACTGTGGTGATG-1,GSM5613775_2020-08-26-Control4003-c2,0,low_single_type,1,0,0,,,0
GSM5613775_2020-08-26-Control4003-c2_GATGACTTCATACGGT-1,GSM5613775_2020-08-26-Control4003-c2,1,low_single_type,1,1,1,,,1
GSM5613775_2020-08-26-Control4003-c2_GATGAGGTCATCACCC-1,GSM5613775_2020-08-26-Control4003-c2,0,low_single_type,1,0,0,,,0
GSM5613775_2020-08-26-Control4003-c2_GATGATCCAATTGCTG-1,GSM5613775_2020-08-26-Control4003-c2,0,low_single_type,1,0,0,,,0
GSM5613775_2020-08-26-Control4003-c2_GATGATCTCGAGCTGC-1,GSM5613775_2020-08-26-Control4003-c2,0,low_single_type,1,0,0,,,0
GSM5613775_2020-08-26-Control4003-c2_GATGATCTCTAGATCG-1,GSM5613775_2020-08-26-Control4003-c2,0,low_single_type,1,0,0,,,0
GSM5613775_2020-08-26-Control4003-c2_GATGATCTCTCCTGAC-1,GSM5613775_2020-08-26-Control4003-c2,0,low_single_type,1,0,0,,,0
GSM5613775_2020-08-26-Control4003-c2_GATGCTAAGAAATTGC-1,GSM5613775_2020-08-26-Control4003-c2,1,low_single_type,1,1,1,,,1
GSM5613775_2020-08-26-Control4003-c2_GATGCTACACATGTTG-1,GSM5613775_2020-08-26-Control4003-c2,0,low_single_type,1,0,0,,,0
GSM5613775_2020-08-26-Control4003-c2_GATGGAGAGGCATTTC-1,GSM5613775_2020-08-26-Control4003-c2,1,low_single_type,1,1,1,,,1
GSM5613775_2020-08-26-Control4003-c2_GATGGAGCACAGTATC-1,GSM5613775_2020-08-26-Control4003-c2,0,low_single_type,1,0,0,,,0
GSM5613775_2020-08-26-Control4003-c2_GATGTTGTCAGTCTTT-1,GSM5613775_2020-08-26-Control4003-c2,0,low_single_type,1,0,0,,,0
GSM5613775_2020-08-26-Control4003-c2_GATTCTTAGACCGCCT-1,GSM5613775_2020-08-26-Control4003-c2,0,low_single_type,1,0,0,,,0
GSM5613775_2020-08-26-Control4003-c2_GATTCTTGTCTCTCCA-1,GSM5613775_2020-08-26-Control4003-c2,0,low_single_type,1,0,0,,,0
GSM5613775_2020-08-26-Control4003-c2_GATTCTTGTGTTCCTC-1,GSM5613775_2020-08-26-Control4003-c2,0,low_single_type,1,0,0,,,0
GSM5613775_2020-08-26-Control4003-c2_GATTGGTAGAGGGTGG-1,GSM5613775_2020-08-26-Control4003-c2,1,low_single_type,1,1,1,,,1
GSM5613775_2020-08-26-Control4003-c2_GATTGGTTCGGAATGG-1,GSM5613775_2020-08-26-Control4003-c2,0,low_single_type,1,0,0,,,0
GSM5613775_2020-08-26-Control4003-c2_GATTTCTCAGAGGGTT-1,GSM5613775_2020-08-26-Control4003-c2,0,low_single_type,1,0,0,,,0
GSM5613775_2020-08-26-Control4003-c2_GATTTCTGTCCGACGT-1,GSM5613775_2020-08-26-Control4003-c2,0,low_single_type,1,0,0,,,0
GSM5613775_2020-08-26-Control4003-c2_GCAACATAGGCTAGCA-1,GSM5613775_2020-08-26-Control4003-c2,0,low_single_type,1,0,0,,,0
GSM5613775_2020-08-26-Control4003-c2_GCAACATGTACTAAGA-1,GSM5613775_2020-08-26-Control4003-c2,0,low_single_type,1,0,0,,,0
GSM5613775_2020-08-26-Control4003-c2_GCAACCGAGGTCTACT-1,GSM5613775_2020-08-26-Control4003-c2,0,low_single_type,1,0,0,,,0
GSM5613775_2020-08-26-Control4003-c2_GCAACCGCACGCTATA-1,GSM5613775_2020-08-26-Control4003-c2,0,low_single_type,1,0,0,,,0
GSM5613775_2020-08-26-Control4003-c2_GCAACCGGTCTCGGAC-1,GSM5613775_2020-08-26-Control4003-c2,0,low_single_type,1,0,0,,,0
GSM5613775_2020-08-26-Control4003-c2_GCACATACATGACAGG-1,GSM5613775_2020-08-26-Control4003-c2,0,low_single_type,1,0,0,,,0
GSM5613775_2020-08-26-Control4003-c2_GCACATAGTCAACCAT-1,GSM5613775_2020-08-26-Control4003-c2,0,low_single_type,1,0,0,,,0
GSM5613775_2020-08-26-Control4003-c2_GCACATAGTTTACGAC-1,GSM5613775_2020-08-26-Control4003-c2,1,low_single_type,1,1,1,,,1
GSM5613775_2020-08-26-Control4003-c2_GCACGGTAGCGTCAAG-1,GSM5613775_2020-08-26-Control4003-c2,0,low_single_type,1,0,0,,,0
GSM5613775_2020-08-26-Control4003-c2_GCACGGTAGTGCCGAA-1,GSM5613775_2020-08-26-Control4003-c2,0,low_single_type,1,0,0,,,0
GSM5613775_2020-08-26-Control4003-c2_GCACGGTCAATTGCTG-1,GSM5613775_2020-08-26-Control4003-c2,1,low_single_type,1,1,1,,,1
GSM5613775_2020-08-26-Control4003-c2_GCACGGTGTAAGCAAT-1,GSM5613775_2020-08-26-Control4003-c2,1,low_single_type,1,1,1,,,1
GSM5613775_2020-08-26-Control4003-c2_GCACGTGAGATGAACT-1,GSM5613775_2020-08-26-Control4003-c2,0,low_single_type,1,0,0,,,0
GSM5613775_2020-08-26-Control4003-c2_GCACGTGCAGAGGCTA-1,GSM5613775_2020-08-26-Control4003-c2,1,low_single_type,1,1,1,,,1
GSM5613775_2020-08-26-Control4003-c2_GCACTAAAGCCTTTCC-1,GSM5613775_2020-08-26-Control4003-c2,0,low_single_type,1,0,0,,,0
GSM5613775_2020-08-26-Control4003-c2_GCACTAATCGTGCATA-1,GSM5613775_2020-08-26-Control4003-c2,0,low_single_type,1,0,0,,,0
GSM5613775_2020-08-26-Control4003-c2_GCAGCCAAGATGCAGC-1,GSM5613775_2020-08-26-Control4003-c2,1,low_single_type,1,1,1,,,1
GSM5613775_2020-08-26-Control4003-c2_GCAGCCAAGCTGAAGC-1,GSM5613775_2020-08-26-Control4003-c2,0,low_single_type,1,0,0,,,0
GSM5613775_2020-08-26-Control4003-c2_GCAGCCACAGAGGGTT-1,GSM5613775_2020-08-26-Control4003-c2,0,low_single_type,1,0,0,,,0
GSM5613775_2020-08-26-Control4003-c2_GCAGCTGGTCTGTAGT-1,GSM5613775_2020-08-26-Control4003-c2,0,low_single_type,1,0,0,,,0
GSM5613775_2020-08-26-Control4003-c2_GCAGGCTTCTCCGCAT-1,GSM5613775_2020-08-26-Control4003-c2,1,low_single_type,1,1,1,,,1
GSM5613775_2020-08-26-Control4003-c2_GCAGTTAAGCCAAGCA-1,GSM5613775_2020-08-26-Control4003-c2,0,low_single_type,1,0,0,,,0
GSM5613775_2020-08-26-Control4003-c2_GCAGTTAGTTATGTGC-1,GSM5613775_2020-08-26-Control4003-c2,0,low_single_type,1,0,0,,,0
GSM5613775_2020-08-26-Control4003-c2_GCATCGGGTAGGATAT-1,GSM5613775_2020-08-26-Control4003-c2,1,low_single_type,1,1,1,,,1
GSM5613775_2020-08-26-Control4003-c2_GCATCGGTCAGCACCG-1,GSM5613775_2020-08-26-Control4003-c2,0,low_single_type,1,0,0,,,0
GSM5613775_2020-08-26-Control4003-c2_GCATCGGTCCCGAGGT-1,GSM5613775_2020-08-26-Control4003-c2,0,low_single_type,1,0,0,,,0
GSM5613775_2020-08-26-Control4003-c2_GCATCTCCAGAGCCCT-1,GSM5613775_2020-08-26-Control4003-c2,0,low_single_type,1,0,0,,,0
GSM5613775_2020-08-26-Control4003-c2_GCATCTCGTCTTCGAA-1,GSM5613775_2020-08-26-Control4003-c2,0,low_single_type,1,0,0,,,0
GSM5613775_2020-08-26-Control4003-c2_GCATCTCTCCATTGCC-1,GSM5613775_2020-08-26-Control4003-c2,0,low_single_type,1,0,0,,,0
GSM5613775_2020-08-26-Control4003-c2_GCATGATAGTGCAGGT-1,GSM5613775_2020-08-26-Control4003-c2,1,low_single_type,1,1,1,,,1
GSM5613775_2020-08-26-Control4003-c2_GCATTAGAGCATGTTC-1,GSM5613775_2020-08-26-Control4003-c2,0,low_single_type,1,0,0,,,0
GSM5613775_2020-08-26-Control4003-c2_GCATTAGGTATGACAA-1,GSM5613775_2020-08-26-Control4003-c2,0,low_single_type,1,0,0,,,0
GSM5613775_2020-08-26-Control4003-c2_GCATTAGGTTCCATTT-1,GSM5613775_2020-08-26-Control4003-c2,1,low_single_type,1,1,1,,,1
GSM5613775_2020-08-26-Control4003-c2_GCCAACGAGGTCACTT-1,GSM5613775_2020-08-26-Control4003-c2,0,low_single_type,1,0,0,,,0
GSM5613775_2020-08-26-Control4003-c2_GCCAACGCAGAGCGTA-1,GSM5613775_2020-08-26-Control4003-c2,0,low_single_type,1,0,0,,,0
GSM5613775_2020-08-26-Control4003-c2_GCCAACGCAGCGGTCT-1,GSM5613775_2020-08-26-Control4003-c2,0,low_single_type,1,0,0,,,0
GSM5613775_2020-08-26-Control4003-c2_GCCAACGTCATGCCGG-1,GSM5613775_2020-08-26-Control4003-c2,0,low_single_type,1,0,0,,,0
GSM5613775_2020-08-26-Control4003-c2_GCCAGCAGTCGTATTG-1,GSM5613775_2020-08-26-Control4003-c2,0,low_single_type,1,0,0,,,0
GSM5613775_2020-08-26-Control4003-c2_GCCAGGTAGAGTATAC-1,GSM5613775_2020-08-26-Control4003-c2,0,low_single_type,1,0,0,,,0
GSM5613775_2020-08-26-Control4003-c2_GCCAGGTCAGCAGTGA-1,GSM5613775_2020-08-26-Control4003-c2,1,low_single_type,1,1,1,,,1
GSM5613775_2020-08-26-Control4003-c2_GCCAGGTGTCCCTAAA-1,GSM5613775_2020-08-26-Control4003-c2,0,low_single_type,1,0,0,,,0
GSM5613775_2020-08-26-Control4003-c2_GCCAGGTGTTGAGAGC-1,GSM5613775_2020-08-26-Control4003-c2,0,low_single_type,1,0,0,,,0
GSM5613775_2020-08-26-Control4003-c2_GCCAGTGAGCTGAAGC-1,GSM5613775_2020-08-26-Control4003-c2,1,low_single_type,1,1,1,,,1
GSM5613775_2020-08-26-Control4003-c2_GCCAGTGGTACCGGCT-1,GSM5613775_2020-08-26-Control4003-c2,0,low_single_type,1,0,0,,,0
GSM5613775_2020-08-26-Control4003-c2_GCCAGTGTCCAAACCA-1,GSM5613775_2020-08-26-Control4003-c2,0,low_single_type,1,0,0,,,0
GSM5613775_2020-08-26-Control4003-c2_GCCATGGTCATCACTT-1,GSM5613775_2020-08-26-Control4003-c2,0,low_single_type,1,0,0,,,0
GSM5613775_2020-08-26-Control4003-c2_GCCATTCGTACGATGG-1,GSM5613775_2020-08-26-Control4003-c2,0,low_single_type,1,0,0,,,0
GSM5613775_2020-08-26-Control4003-c2_GCCATTCTCATTTGGG-1,GSM5613775_2020-08-26-Control4003-c2,0,low_single_type,1,0,0,,,0
GSM5613775_2020-08-26-Control4003-c2_GCCATTCTCTTCGGTC-1,GSM5613775_2020-08-26-Control4003-c2,0,low_single_type,1,0,0,,,0
GSM5613775_2020-08-26-Control4003-c2_GCCCAGACAACAGCCC-1,GSM5613775_2020-08-26-Control4003-c2,0,low_single_type,1,0,0,,,0
GSM5613775_2020-08-26-Control4003-c2_GCCCAGATCGCCCAGA-1,GSM5613775_2020-08-26-Control4003-c2,0,low_single_type,1,0,0,,,0
GSM5613775_2020-08-26-Control4003-c2_GCCCGAACATGCACTA-1,GSM5613775_2020-08-26-Control4003-c2,0,low_single_type,1,0,0,,,0
GSM5613775_2020-08-26-Control4003-c2_GCCGATGGTTTACTTC-1,GSM5613775_2020-08-26-Control4003-c2,0,low_single_type,1,0,0,,,0
GSM5613775_2020-08-26-Control4003-c2_GCCTGTTCACTCTCGT-1,GSM5613775_2020-08-26-Control4003-c2,0,low_single_type,1,0,0,,,0
GSM5613775_2020-08-26-Control4003-c2_GCCTGTTCAGCTGCCA-1,GSM5613775_2020-08-26-Control4003-c2,0,low_single_type,1,0,0,,,0
GSM5613775_2020-08-26-Control4003-c2_GCGAGAATCGTGGAAG-1,GSM5613775_2020-08-26-Control4003-c2,0,low_single_type,1,0,0,,,0
GSM5613775_2020-08-26-Control4003-c2_GCGAGAATCTCATTTG-1,GSM5613775_2020-08-26-Control4003-c2,0,low_single_type,1,0,0,,,0
GSM5613775_2020-08-26-Control4003-c2_GCGATCGCAGAAGCGT-1,GSM5613775_2020-08-26-Control4003-c2,0,low_single_type,1,0,0,,,0
GSM5613775_2020-08-26-Control4003-c2_GCGATCGCATTGGCAT-1,GSM5613775_2020-08-26-Control4003-c2,0,low_single_type,1,0,0,,,0
GSM5613775_2020-08-26-Control4003-c2_GCGATCGGTAGCTTGT-1,GSM5613775_2020-08-26-Control4003-c2,1,low_single_type,1,1,1,,,1
GSM5613775_2020-08-26-Control4003-c2_GCGATCGGTGGACAGT-1,GSM5613775_2020-08-26-Control4003-c2,0,low_single_type,1,0,0,,,0
GSM5613775_2020-08-26-Control4003-c2_GCGTGCACATTGACCA-1,GSM5613775_2020-08-26-Control4003-c2,0,low_single_type,1,0,0,,,0
GSM5613775_2020-08-26-Control4003-c2_GCGTTTCCAATGAAAC-1,GSM5613775_2020-08-26-Control4003-c2,1,low_single_type,1,1,1,,,1
GSM5613775_2020-08-26-Control4003-c2_GCGTTTCTCGTCCTCA-1,GSM5613775_2020-08-26-Control4003-c2,0,low_single_type,1,0,0,,,0
GSM5613775_2020-08-26-Control4003-c2_GCTACAACAGCCTATA-1,GSM5613775_2020-08-26-Control4003-c2,0,low_single_type,1,0,0,,,0
GSM5613775_2020-08-26-Control4003-c2_GCTACAAGTTCGTAAC-1,GSM5613775_2020-08-26-Control4003-c2,0,low_single_type,1,0,0,,,0
GSM5613775_2020-08-26-Control4003-c2_GCTACAATCAGATGCT-1,GSM5613775_2020-08-26-Control4003-c2,0,low_single_type,1,0,0,,,0
GSM5613775_2020-08-26-Control4003-c2_GCTACAATCGACATAC-1,GSM5613775_2020-08-26-Control4003-c2,1,low_single_type,1,1,1,,,1
GSM5613775_2020-08-26-Control4003-c2_GCTACCTAGCCACCGT-1,GSM5613775_2020-08-26-Control4003-c2,0,low_single_type,1,0,0,,,0
GSM5613775_2020-08-26-Control4003-c2_GCTACCTCATACTGTG-1,GSM5613775_2020-08-26-Control4003-c2,0,low_single_type,1,0,0,,,0
GSM5613775_2020-08-26-Control4003-c2_GCTACCTGTGTACGCC-1,GSM5613775_2020-08-26-Control4003-c2,0,low_single_type,1,0,0,,,0
GSM5613775_2020-08-26-Control4003-c2_GCTCAAATCCTTCTTC-1,GSM5613775_2020-08-26-Control4003-c2,0,low_single_type,1,0,0,,,0
GSM5613775_2020-08-26-Control4003-c2_GCTGAATCACCCATAA-1,GSM5613775_2020-08-26-Control4003-c2,0,low_single_type,1,0,0,,,0
GSM5613775_2020-08-26-Control4003-c2_GCTGAATTCCGGTTCT-1,GSM5613775_2020-08-26-Control4003-c2,0,low_single_type,1,0,0,,,0
GSM5613775_2020-08-26-Control4003-c2_GCTGAATTCCTTCACG-1,GSM5613775_2020-08-26-Control4003-c2,0,low_single_type,1,0,0,,,0
GSM5613775_2020-08-26-Control4003-c2_GCTGCAGCAGCCATTA-1,GSM5613775_2020-08-26-Control4003-c2,0,low_single_type,1,0,0,,,0
GSM5613775_2020-08-26-Control4003-c2_GCTGCAGTCATTGCCC-1,GSM5613775_2020-08-26-Control4003-c2,0,low_single_type,1,0,0,,,0
GSM5613775_2020-08-26-Control4003-c2_GCTGGGTAGGATGTTA-1,GSM5613775_2020-08-26-Control4003-c2,0,low_single_type,1,0,0,,,0
GSM5613775_2020-08-26-Control4003-c2_GCTGGGTCATCATTTC-1,GSM5613775_2020-08-26-Control4003-c2,1,low_single_type,1,1,1,,,1
GSM5613775_2020-08-26-Control4003-c2_GCTTCACAGAGTGTTA-1,GSM5613775_2020-08-26-Control4003-c2,0,low_single_type,1,0,0,,,0
GSM5613775_2020-08-26-Control4003-c2_GCTTCACTCGAACCTA-1,GSM5613775_2020-08-26-Control4003-c2,0,low_single_type,1,0,0,,,0
GSM5613775_2020-08-26-Control4003-c2_GCTTGGGAGCACTTTG-1,GSM5613775_2020-08-26-Control4003-c2,0,low_single_type,1,0,0,,,0
GSM5613775_2020-08-26-Control4003-c2_GCTTGGGTCCGACGGT-1,GSM5613775_2020-08-26-Control4003-c2,0,low_single_type,1,0,0,,,0
GSM5613775_2020-08-26-Control4003-c2_GCTTTCGGTAGCACGA-1,GSM5613775_2020-08-26-Control4003-c2,0,low_single_type,1,0,0,,,0
GSM5613775_2020-08-26-Control4003-c2_GGAACCCCACGCGGTT-1,GSM5613775_2020-08-26-Control4003-c2,0,low_single_type,1,0,0,,,0
GSM5613775_2020-08-26-Control4003-c2_GGAACCCGTGTACGCC-1,GSM5613775_2020-08-26-Control4003-c2,0,low_single_type,1,0,0,,,0
GSM5613775_2020-08-26-Control4003-c2_GGAACCCTCACAAGAA-1,GSM5613775_2020-08-26-Control4003-c2,0,low_single_type,1,0,0,,,0
GSM5613775_2020-08-26-Control4003-c2_GGAACCCTCTCTGCTG-1,GSM5613775_2020-08-26-Control4003-c2,0,low_single_type,1,0,0,,,0
GSM5613775_2020-08-26-Control4003-c2_GGAAGTGTCCACTTTA-1,GSM5613775_2020-08-26-Control4003-c2,0,low_single_type,1,0,0,,,0
GSM5613775_2020-08-26-Control4003-c2_GGAATCTAGGAGATAG-1,GSM5613775_2020-08-26-Control4003-c2,0,low_single_type,1,0,0,,,0
GSM5613775_2020-08-26-Control4003-c2_GGAATCTCAACAACAA-1,GSM5613775_2020-08-26-Control4003-c2,0,low_single_type,1,0,0,,,0
GSM5613775_2020-08-26-Control4003-c2_GGAATCTCAAGCACAG-1,GSM5613775_2020-08-26-Control4003-c2,1,low_single_type,1,1,1,,,1
GSM5613775_2020-08-26-Control4003-c2_GGAATCTCAGACGCTC-1,GSM5613775_2020-08-26-Control4003-c2,0,low_single_type,1,0,0,,,0
GSM5613775_2020-08-26-Control4003-c2_GGAATCTGTTACAGCT-1,GSM5613775_2020-08-26-Control4003-c2,0,low_single_type,1,0,0,,,0
GSM5613775_2020-08-26-Control4003-c2_GGAATGGGTTTGAAAG-1,GSM5613775_2020-08-26-Control4003-c2,0,low_single_type,1,0,0,,,0
GSM5613775_2020-08-26-Control4003-c2_GGACGTCAGACCGTTT-1,GSM5613775_2020-08-26-Control4003-c2,0,low_single_type,1,0,0,,,0
GSM5613775_2020-08-26-Control4003-c2_GGACGTCAGGTATTGA-1,GSM5613775_2020-08-26-Control4003-c2,0,low_single_type,1,0,0,,,0
GSM5613775_2020-08-26-Control4003-c2_GGACGTCCAGGTTACT-1,GSM5613775_2020-08-26-Control4003-c2,0,low_single_type,1,0,0,,,0
GSM5613775_2020-08-26-Control4003-c2_GGACGTCTCCGCCTAT-1,GSM5613775_2020-08-26-Control4003-c2,1,low_single_type,1,1,1,,,1
GSM5613775_2020-08-26-Control4003-c2_GGACGTCTCTCTCGAC-1,GSM5613775_2020-08-26-Control4003-c2,0,low_single_type,1,0,0,,,0
GSM5613775_2020-08-26-Control4003-c2_GGAGAACCAAATAGCA-1,GSM5613775_2020-08-26-Control4003-c2,0,low_single_type,1,0,0,,,0
GSM5613775_2020-08-26-Control4003-c2_GGAGAACTCCGTGGCA-1,GSM5613775_2020-08-26-Control4003-c2,0,low_single_type,1,0,0,,,0
GSM5613775_2020-08-26-Control4003-c2_GGAGATGCAAATGGCG-1,GSM5613775_2020-08-26-Control4003-c2,1,low_single_type,1,1,1,,,1
GSM5613775_2020-08-26-Control4003-c2_GGAGATGCAGGATCTT-1,GSM5613775_2020-08-26-Control4003-c2,1,low_single_type,1,1,1,,,1
GSM5613775_2020-08-26-Control4003-c2_GGAGATGGTACCTAAC-1,GSM5613775_2020-08-26-Control4003-c2,0,low_single_type,1,0,0,,,0
GSM5613775_2020-08-26-Control4003-c2_GGAGATGGTGCCCTTT-1,GSM5613775_2020-08-26-Control4003-c2,1,low_single_type,1,1,1,,,1
GSM5613775_2020-08-26-Control4003-c2_GGAGATGTCGTAGGAG-1,GSM5613775_2020-08-26-Control4003-c2,0,low_single_type,1,0,0,,,0
GSM5613775_2020-08-26-Control4003-c2_GGAGCAATCATTCATC-1,GSM5613775_2020-08-26-Control4003-c2,0,low_single_type,1,0,0,,,0
GSM5613775_2020-08-26-Control4003-c2_GGAGGATCAGATCCAT-1,GSM5613775_2020-08-26-Control4003-c2,1,low_single_type,1,1,1,,,1
GSM5613775_2020-08-26-Control4003-c2_GGAGGATTCATTATCC-1,GSM5613775_2020-08-26-Control4003-c2,1,low_single_type,1,1,1,,,1
GSM5613775_2020-08-26-Control4003-c2_GGAGGTATCGCTCTCA-1,GSM5613775_2020-08-26-Control4003-c2,0,low_single_type,1,0,0,,,0
GSM5613775_2020-08-26-Control4003-c2_GGATCTAAGTGCAGCA-1,GSM5613775_2020-08-26-Control4003-c2,1,low_single_type,1,1,1,,,1
GSM5613775_2020-08-26-Control4003-c2_GGATCTACATCCCACT-1,GSM5613775_2020-08-26-Control4003-c2,0,low_single_type,1,0,0,,,0
GSM5613775_2020-08-26-Control4003-c2_GGATCTACATGAATAG-1,GSM5613775_2020-08-26-Control4003-c2,0,low_single_type,1,0,0,,,0
GSM5613775_2020-08-26-Control4003-c2_GGATCTATCGGCATTA-1,GSM5613775_2020-08-26-Control4003-c2,0,low_single_type,1,0,0,,,0
GSM5613775_2020-08-26-Control4003-c2_GGATGTTAGAGTACCG-1,GSM5613775_2020-08-26-Control4003-c2,0,low_single_type,1,0,0,,,0
GSM5613775_2020-08-26-Control4003-c2_GGATGTTGTTCAAGTC-1,GSM5613775_2020-08-26-Control4003-c2,0,low_single_type,1,0,0,,,0
GSM5613775_2020-08-26-Control4003-c2_GGCACGTCAAATCAAG-1,GSM5613775_2020-08-26-Control4003-c2,0,low_single_type,1,0,0,,,0
GSM5613775_2020-08-26-Control4003-c2_GGCAGTCCAAAGAACT-1,GSM5613775_2020-08-26-Control4003-c2,0,low_single_type,1,0,0,,,0
GSM5613775_2020-08-26-Control4003-c2_GGCAGTCCAATGGCCC-1,GSM5613775_2020-08-26-Control4003-c2,0,low_single_type,1,0,0,,,0
GSM5613775_2020-08-26-Control4003-c2_GGCGTCAGTCGCCTAG-1,GSM5613775_2020-08-26-Control4003-c2,0,low_single_type,1,0,0,,,0
GSM5613775_2020-08-26-Control4003-c2_GGCTGTGAGCAAATCA-1,GSM5613775_2020-08-26-Control4003-c2,0,low_single_type,1,0,0,,,0
GSM5613775_2020-08-26-Control4003-c2_GGCTGTGCACCGTGAC-1,GSM5613775_2020-08-26-Control4003-c2,0,low_single_type,1,0,0,,,0
GSM5613775_2020-08-26-Control4003-c2_GGCTGTGCAGCAGTGA-1,GSM5613775_2020-08-26-Control4003-c2,1,low_single_type,1,1,1,,,1
GSM5613775_2020-08-26-Control4003-c2_GGCTGTGTCAAGATAG-1,GSM5613775_2020-08-26-Control4003-c2,1,low_single_type,1,1,1,,,1
GSM5613775_2020-08-26-Control4003-c2_GGCTGTGTCGAATGCT-1,GSM5613775_2020-08-26-Control4003-c2,0,low_single_type,1,0,0,,,0
GSM5613775_2020-08-26-Control4003-c2_GGCTTGGGTGGAGAAA-1,GSM5613775_2020-08-26-Control4003-c2,0,low_single_type,1,0,0,,,0
GSM5613775_2020-08-26-Control4003-c2_GGCTTGGTCATAAGGA-1,GSM5613775_2020-08-26-Control4003-c2,0,low_single_type,1,0,0,,,0
GSM5613775_2020-08-26-Control4003-c2_GGCTTTCAGCCTGAAG-1,GSM5613775_2020-08-26-Control4003-c2,1,low_single_type,1,1,1,,,1
GSM5613775_2020-08-26-Control4003-c2_GGCTTTCCAAATGATG-1,GSM5613775_2020-08-26-Control4003-c2,1,low_single_type,1,1,1,,,1
GSM5613775_2020-08-26-Control4003-c2_GGCTTTCTCATCCTGC-1,GSM5613775_2020-08-26-Control4003-c2,0,low_single_type,1,0,0,,,0
GSM5613775_2020-08-26-Control4003-c2_GGCTTTCTCGTCGCTT-1,GSM5613775_2020-08-26-Control4003-c2,0,low_single_type,1,0,0,,,0
GSM5613775_2020-08-26-Control4003-c2_GGGAAGTAGATGGTCG-1,GSM5613775_2020-08-26-Control4003-c2,0,low_single_type,1,0,0,,,0
GSM5613775_2020-08-26-Control4003-c2_GGGACAACAAGTCCAT-1,GSM5613775_2020-08-26-Control4003-c2,0,low_single_type,1,0,0,,,0
GSM5613775_2020-08-26-Control4003-c2_GGGACAAGTGACTGTT-1,GSM5613775_2020-08-26-Control4003-c2,0,low_single_type,1,0,0,,,0
GSM5613775_2020-08-26-Control4003-c2_GGGACAATCGGTATGT-1,GSM5613775_2020-08-26-Control4003-c2,0,low_single_type,1,0,0,,,0
GSM5613775_2020-08-26-Control4003-c2_GGGACAATCTTTGATC-1,GSM5613775_2020-08-26-Control4003-c2,0,low_single_type,1,0,0,,,0
GSM5613775_2020-08-26-Control4003-c2_GGGACCTCAAAGGCTG-1,GSM5613775_2020-08-26-Control4003-c2,0,low_single_type,1,0,0,,,0
GSM5613775_2020-08-26-Control4003-c2_GGGACTCCAAGTTGGG-1,GSM5613775_2020-08-26-Control4003-c2,1,low_single_type,1,1,1,,,1
GSM5613775_2020-08-26-Control4003-c2_GGGACTCGTATCGTGT-1,GSM5613775_2020-08-26-Control4003-c2,1,low_single_type,1,1,1,,,1
GSM5613775_2020-08-26-Control4003-c2_GGGACTCTCACTGGGC-1,GSM5613775_2020-08-26-Control4003-c2,0,low_single_type,1,0,0,,,0
GSM5613775_2020-08-26-Control4003-c2_GGGACTCTCTGGTCAA-1,GSM5613775_2020-08-26-Control4003-c2,0,low_single_type,1,0,0,,,0
GSM5613775_2020-08-26-Control4003-c2_GGGAGTAAGGTGAGCT-1,GSM5613775_2020-08-26-Control4003-c2,0,low_single_type,1,0,0,,,0
GSM5613775_2020-08-26-Control4003-c2_GGGATCCGTCACTCTC-1,GSM5613775_2020-08-26-Control4003-c2,0,low_single_type,1,0,0,,,0
GSM5613775_2020-08-26-Control4003-c2_GGGATGAGTCTTCCGT-1,GSM5613775_2020-08-26-Control4003-c2,0,low_single_type,1,0,0,,,0
GSM5613775_2020-08-26-Control4003-c2_GGGATGATCACCGGTG-1,GSM5613775_2020-08-26-Control4003-c2,1,low_single_type,1,1,1,,,1
GSM5613775_2020-08-26-Control4003-c2_GGGCCATAGCAGTACG-1,GSM5613775_2020-08-26-Control4003-c2,0,low_single_type,1,0,0,,,0
GSM5613775_2020-08-26-Control4003-c2_GGGCCATTCAATCCGA-1,GSM5613775_2020-08-26-Control4003-c2,0,low_single_type,1,0,0,,,0
GSM5613775_2020-08-26-Control4003-c2_GGGCCATTCGAACCAT-1,GSM5613775_2020-08-26-Control4003-c2,0,low_single_type,1,0,0,,,0
GSM5613775_2020-08-26-Control4003-c2_GGGCGTTAGAACGTGC-1,GSM5613775_2020-08-26-Control4003-c2,0,low_single_type,1,0,0,,,0
GSM5613775_2020-08-26-Control4003-c2_GGGCGTTAGGATATGT-1,GSM5613775_2020-08-26-Control4003-c2,0,low_single_type,1,0,0,,,0
GSM5613775_2020-08-26-Control4003-c2_GGGCGTTGTTTATGCG-1,GSM5613775_2020-08-26-Control4003-c2,1,low_single_type,1,1,1,,,1
GSM5613775_2020-08-26-Control4003-c2_GGGCTACTCAAAGGTA-1,GSM5613775_2020-08-26-Control4003-c2,0,low_single_type,1,0,0,,,0
GSM5613775_2020-08-26-Control4003-c2_GGGCTCAAGCAAGCCA-1,GSM5613775_2020-08-26-Control4003-c2,0,low_single_type,1,0,0,,,0
GSM5613775_2020-08-26-Control4003-c2_GGGCTCAAGTTAACAG-1,GSM5613775_2020-08-26-Control4003-c2,0,low_single_type,1,0,0,,,0
GSM5613775_2020-08-26-Control4003-c2_GGGCTCATCAAAGAAC-1,GSM5613775_2020-08-26-Control4003-c2,0,low_single_type,1,0,0,,,0
GSM5613775_2020-08-26-Control4003-c2_GGGTAGACAATCGCGC-1,GSM5613775_2020-08-26-Control4003-c2,0,low_single_type,1,0,0,,,0
GSM5613775_2020-08-26-Control4003-c2_GGGTAGAGTGCCTGAC-1,GSM5613775_2020-08-26-Control4003-c2,0,low_single_type,1,0,0,,,0
GSM5613775_2020-08-26-Control4003-c2_GGGTATTCAACGACTT-1,GSM5613775_2020-08-26-Control4003-c2,0,low_single_type,1,0,0,,,0
GSM5613775_2020-08-26-Control4003-c2_GGGTCACTCGGTTGTA-1,GSM5613775_2020-08-26-Control4003-c2,0,low_single_type,1,0,0,,,0
GSM5613775_2020-08-26-Control4003-c2_GGGTCTGAGCTATCCA-1,GSM5613775_2020-08-26-Control4003-c2,0,low_single_type,1,0,0,,,0
GSM5613775_2020-08-26-Control4003-c2_GGGTCTGTCAACTGAC-1,GSM5613775_2020-08-26-Control4003-c2,0,low_single_type,1,0,0,,,0
GSM5613775_2020-08-26-Control4003-c2_GGGTGAAGTTAAACCC-1,GSM5613775_2020-08-26-Control4003-c2,0,low_single_type,1,0,0,,,0
GSM5613775_2020-08-26-Control4003-c2_GGGTGAATCTTTACAC-1,GSM5613775_2020-08-26-Control4003-c2,0,low_single_type,1,0,0,,,0
GSM5613775_2020-08-26-Control4003-c2_GGGTGTCAGCCAAGCA-1,GSM5613775_2020-08-26-Control4003-c2,0,low_single_type,1,0,0,,,0
GSM5613775_2020-08-26-Control4003-c2_GGGTGTCAGCTGCCTG-1,GSM5613775_2020-08-26-Control4003-c2,0,low_single_type,1,0,0,,,0
GSM5613775_2020-08-26-Control4003-c2_GGGTTATGTCGCAACC-1,GSM5613775_2020-08-26-Control4003-c2,0,low_single_type,1,0,0,,,0
GSM5613775_2020-08-26-Control4003-c2_GGGTTATGTGACTATC-1,GSM5613775_2020-08-26-Control4003-c2,0,low_single_type,1,0,0,,,0
GSM5613775_2020-08-26-Control4003-c2_GGGTTATTCATTGCCC-1,GSM5613775_2020-08-26-Control4003-c2,0,low_single_type,1,0,0,,,0
GSM5613775_2020-08-26-Control4003-c2_GGGTTATTCGCAGAGA-1,GSM5613775_2020-08-26-Control4003-c2,0,low_single_type,1,0,0,,,0
GSM5613775_2020-08-26-Control4003-c2_GGGTTTACACAGTCAT-1,GSM5613775_2020-08-26-Control4003-c2,0,low_single_type,1,0,0,,,0
GSM5613775_2020-08-26-Control4003-c2_GGGTTTAGTCCAAGAG-1,GSM5613775_2020-08-26-Control4003-c2,0,low_single_type,1,0,0,,,0
GSM5613775_2020-08-26-Control4003-c2_GGGTTTAGTTAAGGGC-1,GSM5613775_2020-08-26-Control4003-c2,0,low_single_type,1,0,0,,,0
GSM5613775_2020-08-26-Control4003-c2_GGTAACTAGAGTCTGG-1,GSM5613775_2020-08-26-Control4003-c2,0,low_single_type,1,0,0,,,0
GSM5613775_2020-08-26-Control4003-c2_GGTAACTAGCAACAAT-1,GSM5613775_2020-08-26-Control4003-c2,0,low_single_type,1,0,0,,,0
GSM5613775_2020-08-26-Control4003-c2_GGTAACTAGTGGAAAG-1,GSM5613775_2020-08-26-Control4003-c2,0,low_single_type,1,0,0,,,0
GSM5613775_2020-08-26-Control4003-c2_GGTAACTGTCGTATTG-1,GSM5613775_2020-08-26-Control4003-c2,0,low_single_type,1,0,0,,,0
GSM5613775_2020-08-26-Control4003-c2_GGTAACTTCCCTGTTG-1,GSM5613775_2020-08-26-Control4003-c2,1,low_single_type,1,1,1,,,1
GSM5613775_2020-08-26-Control4003-c2_GGTAATCAGTGGATAT-1,GSM5613775_2020-08-26-Control4003-c2,0,low_single_type,1,0,0,,,0
GSM5613775_2020-08-26-Control4003-c2_GGTAATCCAGCCGGTT-1,GSM5613775_2020-08-26-Control4003-c2,0,low_single_type,1,0,0,,,0
GSM5613775_2020-08-26-Control4003-c2_GGTAATCCATTGTACG-1,GSM5613775_2020-08-26-Control4003-c2,0,low_single_type,1,0,0,,,0
GSM5613775_2020-08-26-Control4003-c2_GGTAATCGTCAGCGTC-1,GSM5613775_2020-08-26-Control4003-c2,0,low_single_type,1,0,0,,,0
GSM5613775_2020-08-26-Control4003-c2_GGTAGAGGTATCGGTT-1,GSM5613775_2020-08-26-Control4003-c2,0,low_single_type,1,0,0,,,0
GSM5613775_2020-08-26-Control4003-c2_GGTAGAGGTTCGGACC-1,GSM5613775_2020-08-26-Control4003-c2,1,low_single_type,1,1,1,,,1
GSM5613775_2020-08-26-Control4003-c2_GGTAGAGTCACTGATG-1,GSM5613775_2020-08-26-Control4003-c2,0,low_single_type,1,0,0,,,0
GSM5613775_2020-08-26-Control4003-c2_GGTAGAGTCGGCATAT-1,GSM5613775_2020-08-26-Control4003-c2,0,low_single_type,1,0,0,,,0
GSM5613775_2020-08-26-Control4003-c2_GGTAGAGTCTAAGGAA-1,GSM5613775_2020-08-26-Control4003-c2,0,low_single_type,1,0,0,,,0
GSM5613775_2020-08-26-Control4003-c2_GGTCTGGGTCGAATGG-1,GSM5613775_2020-08-26-Control4003-c2,0,low_single_type,1,0,0,,,0
GSM5613775_2020-08-26-Control4003-c2_GGTCTGGGTGGACCAA-1,GSM5613775_2020-08-26-Control4003-c2,0,low_single_type,1,0,0,,,0
GSM5613775_2020-08-26-Control4003-c2_GGTCTGGTCACTAGCA-1,GSM5613775_2020-08-26-Control4003-c2,0,low_single_type,1,0,0,,,0
GSM5613775_2020-08-26-Control4003-c2_GGTGAAGAGGCGAACT-1,GSM5613775_2020-08-26-Control4003-c2,1,low_single_type,1,1,1,,,1
GSM5613775_2020-08-26-Control4003-c2_GGTGAAGGTATGAGGC-1,GSM5613775_2020-08-26-Control4003-c2,0,low_single_type,1,0,0,,,0
GSM5613775_2020-08-26-Control4003-c2_GGTGAAGTCATGAGTC-1,GSM5613775_2020-08-26-Control4003-c2,0,low_single_type,1,0,0,,,0
GSM5613775_2020-08-26-Control4003-c2_GGTGATTAGCGCCCAT-1,GSM5613775_2020-08-26-Control4003-c2,1,low_single_type,1,1,1,,,1
GSM5613775_2020-08-26-Control4003-c2_GGTGATTAGGGATCTG-1,GSM5613775_2020-08-26-Control4003-c2,0,low_single_type,1,0,0,,,0
GSM5613775_2020-08-26-Control4003-c2_GGTGATTCAGTTTCGA-1,GSM5613775_2020-08-26-Control4003-c2,0,low_single_type,1,0,0,,,0
GSM5613775_2020-08-26-Control4003-c2_GGTGGCTCAGAAGCTG-1,GSM5613775_2020-08-26-Control4003-c2,0,low_single_type,1,0,0,,,0
GSM5613775_2020-08-26-Control4003-c2_GGTGGCTGTTATGTGC-1,GSM5613775_2020-08-26-Control4003-c2,0,low_single_type,1,0,0,,,0
GSM5613775_2020-08-26-Control4003-c2_GGTGGCTTCTGTTGGA-1,GSM5613775_2020-08-26-Control4003-c2,0,low_single_type,1,0,0,,,0
GSM5613775_2020-08-26-Control4003-c2_GGTGTTAAGATGGCAC-1,GSM5613775_2020-08-26-Control4003-c2,0,low_single_type,1,0,0,,,0
GSM5613775_2020-08-26-Control4003-c2_GGTGTTAAGCGCTGCT-1,GSM5613775_2020-08-26-Control4003-c2,0,low_single_type,1,0,0,,,0
GSM5613775_2020-08-26-Control4003-c2_GGTGTTAGTAGTCACT-1,GSM5613775_2020-08-26-Control4003-c2,0,low_single_type,1,0,0,,,0
GSM5613775_2020-08-26-Control4003-c2_GGTGTTAGTCGGCACT-1,GSM5613775_2020-08-26-Control4003-c2,1,low_single_type,1,1,1,,,1
GSM5613775_2020-08-26-Control4003-c2_GGTGTTAGTCGGTGTC-1,GSM5613775_2020-08-26-Control4003-c2,0,low_single_type,1,0,0,,,0
GSM5613775_2020-08-26-Control4003-c2_GGTTAACAGTGCACCC-1,GSM5613775_2020-08-26-Control4003-c2,0,low_single_type,1,0,0,,,0
GSM5613775_2020-08-26-Control4003-c2_GGTTCTCAGAGTGAAG-1,GSM5613775_2020-08-26-Control4003-c2,0,low_single_type,1,0,0,,,0
GSM5613775_2020-08-26-Control4003-c2_GGTTCTCAGCGTTGTT-1,GSM5613775_2020-08-26-Control4003-c2,0,low_single_type,1,0,0,,,0
GSM5613775_2020-08-26-Control4003-c2_GGTTCTCTCAATCTTC-1,GSM5613775_2020-08-26-Control4003-c2,0,low_single_type,1,0,0,,,0
GSM5613775_2020-08-26-Control4003-c2_GGTTCTCTCGTGGGTC-1,GSM5613775_2020-08-26-Control4003-c2,0,low_single_type,1,0,0,,,0
GSM5613775_2020-08-26-Control4003-c2_GGTTGTAAGCGCCATC-1,GSM5613775_2020-08-26-Control4003-c2,0,low_single_type,1,0,0,,,0
GSM5613775_2020-08-26-Control4003-c2_GGTTGTATCGAGCACC-1,GSM5613775_2020-08-26-Control4003-c2,0,low_single_type,1,0,0,,,0
GSM5613775_2020-08-26-Control4003-c2_GGTTGTATCGCGAAGA-1,GSM5613775_2020-08-26-Control4003-c2,0,low_single_type,1,0,0,,,0
GSM5613775_2020-08-26-Control4003-c2_GGTTGTATCGGTCTGG-1,GSM5613775_2020-08-26-Control4003-c2,0,low_single_type,1,0,0,,,0
GSM5613775_2020-08-26-Control4003-c2_GTAACACCACTAGGTT-1,GSM5613775_2020-08-26-Control4003-c2,0,low_single_type,1,0,0,,,0
GSM5613775_2020-08-26-Control4003-c2_GTAACCACAAGTACCT-1,GSM5613775_2020-08-26-Control4003-c2,1,low_single_type,1,1,1,,,1
GSM5613775_2020-08-26-Control4003-c2_GTAACCACAGCAGATG-1,GSM5613775_2020-08-26-Control4003-c2,0,low_single_type,1,0,0,,,0
GSM5613775_2020-08-26-Control4003-c2_GTAAGTCTCCCATTTA-1,GSM5613775_2020-08-26-Control4003-c2,0,low_single_type,1,0,0,,,0
GSM5613775_2020-08-26-Control4003-c2_GTAAGTCTCTCCATAT-1,GSM5613775_2020-08-26-Control4003-c2,0,low_single_type,1,0,0,,,0
GSM5613775_2020-08-26-Control4003-c2_GTAATCGCACCCAACG-1,GSM5613775_2020-08-26-Control4003-c2,0,low_single_type,1,0,0,,,0
GSM5613775_2020-08-26-Control4003-c2_GTAATCGGTCCGTTTC-1,GSM5613775_2020-08-26-Control4003-c2,0,low_single_type,1,0,0,,,0
GSM5613775_2020-08-26-Control4003-c2_GTAATCGTCGTCTACC-1,GSM5613775_2020-08-26-Control4003-c2,0,low_single_type,1,0,0,,,0
GSM5613775_2020-08-26-Control4003-c2_GTAATGCAGGTTAAAC-1,GSM5613775_2020-08-26-Control4003-c2,0,low_single_type,1,0,0,,,0
GSM5613775_2020-08-26-Control4003-c2_GTAATGCAGTTAGTGA-1,GSM5613775_2020-08-26-Control4003-c2,0,low_single_type,1,0,0,,,0
GSM5613775_2020-08-26-Control4003-c2_GTACAACCACCATTCC-1,GSM5613775_2020-08-26-Control4003-c2,0,low_single_type,1,0,0,,,0
GSM5613775_2020-08-26-Control4003-c2_GTACAACCATAGCACT-1,GSM5613775_2020-08-26-Control4003-c2,1,low_single_type,1,1,1,,,1
GSM5613775_2020-08-26-Control4003-c2_GTACAACGTCCTGGTG-1,GSM5613775_2020-08-26-Control4003-c2,0,low_single_type,1,0,0,,,0
GSM5613775_2020-08-26-Control4003-c2_GTACAGTAGATTACCC-1,GSM5613775_2020-08-26-Control4003-c2,0,low_single_type,1,0,0,,,0
GSM5613775_2020-08-26-Control4003-c2_GTACAGTCAGTAGAAT-1,GSM5613775_2020-08-26-Control4003-c2,0,low_single_type,1,0,0,,,0
GSM5613775_2020-08-26-Control4003-c2_GTAGAAAGTTCGGTCG-1,GSM5613775_2020-08-26-Control4003-c2,0,low_single_type,1,0,0,,,0
GSM5613775_2020-08-26-Control4003-c2_GTAGAGGCAGTTCTAG-1,GSM5613775_2020-08-26-Control4003-c2,0,low_single_type,1,0,0,,,0
GSM5613775_2020-08-26-Control4003-c2_GTAGAGGGTAGCCAGA-1,GSM5613775_2020-08-26-Control4003-c2,0,low_single_type,1,0,0,,,0
GSM5613775_2020-08-26-Control4003-c2_GTAGAGGGTTAGAAAC-1,GSM5613775_2020-08-26-Control4003-c2,0,low_single_type,1,0,0,,,0
GSM5613775_2020-08-26-Control4003-c2_GTAGAGGTCTCCTGCA-1,GSM5613775_2020-08-26-Control4003-c2,0,low_single_type,1,0,0,,,0
GSM5613775_2020-08-26-Control4003-c2_GTAGATCCAGGACTAG-1,GSM5613775_2020-08-26-Control4003-c2,0,low_single_type,1,0,0,,,0
GSM5613775_2020-08-26-Control4003-c2_GTAGATCCATATGCGT-1,GSM5613775_2020-08-26-Control4003-c2,0,low_single_type,1,0,0,,,0
GSM5613775_2020-08-26-Control4003-c2_GTAGATCTCAAGCCGC-1,GSM5613775_2020-08-26-Control4003-c2,0,low_single_type,1,0,0,,,0
GSM5613775_2020-08-26-Control4003-c2_GTAGCTAAGCTGTCCG-1,GSM5613775_2020-08-26-Control4003-c2,0,low_single_type,1,0,0,,,0
GSM5613775_2020-08-26-Control4003-c2_GTAGCTAGTCGAACAG-1,GSM5613775_2020-08-26-Control4003-c2,0,low_single_type,1,0,0,,,0
GSM5613775_2020-08-26-Control4003-c2_GTAGGAGAGACAGTCG-1,GSM5613775_2020-08-26-Control4003-c2,0,low_single_type,1,0,0,,,0
GSM5613775_2020-08-26-Control4003-c2_GTAGGAGCAAATGAAC-1,GSM5613775_2020-08-26-Control4003-c2,0,low_single_type,1,0,0,,,0
GSM5613775_2020-08-26-Control4003-c2_GTAGGAGCAACCTATG-1,GSM5613775_2020-08-26-Control4003-c2,1,low_single_type,1,1,1,,,1
GSM5613775_2020-08-26-Control4003-c2_GTAGGAGGTACCAGAG-1,GSM5613775_2020-08-26-Control4003-c2,0,low_single_type,1,0,0,,,0
GSM5613775_2020-08-26-Control4003-c2_GTAGGAGTCACTCCGT-1,GSM5613775_2020-08-26-Control4003-c2,0,low_single_type,1,0,0,,,0
GSM5613775_2020-08-26-Control4003-c2_GTAGGTTCACAAGTTC-1,GSM5613775_2020-08-26-Control4003-c2,1,low_single_type,1,1,1,,,1
GSM5613775_2020-08-26-Control4003-c2_GTAGGTTGTTCAGGTT-1,GSM5613775_2020-08-26-Control4003-c2,0,low_single_type,1,0,0,,,0
GSM5613775_2020-08-26-Control4003-c2_GTAGTACCAATGGCAG-1,GSM5613775_2020-08-26-Control4003-c2,0,low_single_type,1,0,0,,,0
GSM5613775_2020-08-26-Control4003-c2_GTAGTACTCCGATTAG-1,GSM5613775_2020-08-26-Control4003-c2,1,low_single_type,1,1,1,,,1
GSM5613775_2020-08-26-Control4003-c2_GTATTGGCAGACCCGT-1,GSM5613775_2020-08-26-Control4003-c2,1,low_single_type,1,1,1,,,1
GSM5613775_2020-08-26-Control4003-c2_GTATTGGCAGCGCGTT-1,GSM5613775_2020-08-26-Control4003-c2,0,low_single_type,1,0,0,,,0
GSM5613775_2020-08-26-Control4003-c2_GTATTGGGTACGGATG-1,GSM5613775_2020-08-26-Control4003-c2,0,low_single_type,1,0,0,,,0
GSM5613775_2020-08-26-Control4003-c2_GTATTGGGTTGGGATG-1,GSM5613775_2020-08-26-Control4003-c2,1,low_single_type,1,1,1,,,1
GSM5613775_2020-08-26-Control4003-c2_GTATTTCAGATGATTG-1,GSM5613775_2020-08-26-Control4003-c2,0,low_single_type,1,0,0,,,0
GSM5613775_2020-08-26-Control4003-c2_GTATTTCAGGTAAACT-1,GSM5613775_2020-08-26-Control4003-c2,0,low_single_type,1,0,0,,,0
GSM5613775_2020-08-26-Control4003-c2_GTATTTCCAGCTCCTT-1,GSM5613775_2020-08-26-Control4003-c2,0,low_single_type,1,0,0,,,0
GSM5613775_2020-08-26-Control4003-c2_GTATTTCCATTCGGGC-1,GSM5613775_2020-08-26-Control4003-c2,0,low_single_type,1,0,0,,,0
GSM5613775_2020-08-26-Control4003-c2_GTCAAACAGCTTGTGT-1,GSM5613775_2020-08-26-Control4003-c2,0,low_single_type,1,0,0,,,0
GSM5613775_2020-08-26-Control4003-c2_GTCAAACCACTCACTC-1,GSM5613775_2020-08-26-Control4003-c2,0,low_single_type,1,0,0,,,0
GSM5613775_2020-08-26-Control4003-c2_GTCAAGTTCGAACCAT-1,GSM5613775_2020-08-26-Control4003-c2,0,low_single_type,1,0,0,,,0
GSM5613775_2020-08-26-Control4003-c2_GTCACGGCAACTGGTT-1,GSM5613775_2020-08-26-Control4003-c2,0,low_single_type,1,0,0,,,0
GSM5613775_2020-08-26-Control4003-c2_GTCACGGGTACAGCGA-1,GSM5613775_2020-08-26-Control4003-c2,0,low_single_type,1,0,0,,,0
GSM5613775_2020-08-26-Control4003-c2_GTCACGGGTCTGATCA-1,GSM5613775_2020-08-26-Control4003-c2,0,low_single_type,1,0,0,,,0
GSM5613775_2020-08-26-Control4003-c2_GTCACGGTCATATGGC-1,GSM5613775_2020-08-26-Control4003-c2,0,low_single_type,1,0,0,,,0
GSM5613775_2020-08-26-Control4003-c2_GTCACTCCAGCAGATG-1,GSM5613775_2020-08-26-Control4003-c2,0,low_single_type,1,0,0,,,0
GSM5613775_2020-08-26-Control4003-c2_GTCACTCTCTGTGCTC-1,GSM5613775_2020-08-26-Control4003-c2,0,low_single_type,1,0,0,,,0
GSM5613775_2020-08-26-Control4003-c2_GTCAGCGCACTCTAGA-1,GSM5613775_2020-08-26-Control4003-c2,0,low_single_type,1,0,0,,,0
GSM5613775_2020-08-26-Control4003-c2_GTCATCCAGAGCAGAA-1,GSM5613775_2020-08-26-Control4003-c2,0,low_single_type,1,0,0,,,0
GSM5613775_2020-08-26-Control4003-c2_GTCATCCGTCGTTGGC-1,GSM5613775_2020-08-26-Control4003-c2,0,low_single_type,1,0,0,,,0
GSM5613775_2020-08-26-Control4003-c2_GTCATCCTCCTGTTAT-1,GSM5613775_2020-08-26-Control4003-c2,1,low_single_type,1,1,1,,,1
GSM5613775_2020-08-26-Control4003-c2_GTCATCCTCTGCTTAT-1,GSM5613775_2020-08-26-Control4003-c2,0,low_single_type,1,0,0,,,0
GSM5613775_2020-08-26-Control4003-c2_GTCATTTCAGAGTAAT-1,GSM5613775_2020-08-26-Control4003-c2,0,low_single_type,1,0,0,,,0
GSM5613775_2020-08-26-Control4003-c2_GTCATTTTCGCCAACG-1,GSM5613775_2020-08-26-Control4003-c2,0,low_single_type,1,0,0,,,0
GSM5613775_2020-08-26-Control4003-c2_GTCCACTAGCGACTGA-1,GSM5613775_2020-08-26-Control4003-c2,0,low_single_type,1,0,0,,,0
GSM5613775_2020-08-26-Control4003-c2_GTCCACTTCTTCTAAC-1,GSM5613775_2020-08-26-Control4003-c2,0,low_single_type,1,0,0,,,0
GSM5613775_2020-08-26-Control4003-c2_GTCCCATTCAAATAGG-1,GSM5613775_2020-08-26-Control4003-c2,0,low_single_type,1,0,0,,,0
GSM5613775_2020-08-26-Control4003-c2_GTCCTCAGTAGACGTG-1,GSM5613775_2020-08-26-Control4003-c2,0,low_single_type,1,0,0,,,0
GSM5613775_2020-08-26-Control4003-c2_GTCCTCAGTTCGGCCA-1,GSM5613775_2020-08-26-Control4003-c2,0,low_single_type,1,0,0,,,0
GSM5613775_2020-08-26-Control4003-c2_GTCCTCATCCACTTCG-1,GSM5613775_2020-08-26-Control4003-c2,0,low_single_type,1,0,0,,,0
GSM5613775_2020-08-26-Control4003-c2_GTCGAATGTCGTATTG-1,GSM5613775_2020-08-26-Control4003-c2,1,low_single_type,1,1,1,,,1
GSM5613775_2020-08-26-Control4003-c2_GTCGAATTCCATGATG-1,GSM5613775_2020-08-26-Control4003-c2,0,low_single_type,1,0,0,,,0
GSM5613775_2020-08-26-Control4003-c2_GTCGCGAAGATGCTAA-1,GSM5613775_2020-08-26-Control4003-c2,1,low_single_type,1,1,1,,,1
GSM5613775_2020-08-26-Control4003-c2_GTCGCGACACACAGCC-1,GSM5613775_2020-08-26-Control4003-c2,0,low_single_type,1,0,0,,,0
GSM5613775_2020-08-26-Control4003-c2_GTCGCGAGTACAGTCT-1,GSM5613775_2020-08-26-Control4003-c2,0,low_single_type,1,0,0,,,0
GSM5613775_2020-08-26-Control4003-c2_GTCGTAAAGACTGTTC-1,GSM5613775_2020-08-26-Control4003-c2,0,low_single_type,1,0,0,,,0
GSM5613775_2020-08-26-Control4003-c2_GTCGTAACACTCACTC-1,GSM5613775_2020-08-26-Control4003-c2,0,low_single_type,1,0,0,,,0
GSM5613775_2020-08-26-Control4003-c2_GTCGTAAGTTCCGGTG-1,GSM5613775_2020-08-26-Control4003-c2,0,low_single_type,1,0,0,,,0
GSM5613775_2020-08-26-Control4003-c2_GTCGTTCAGCAAATGT-1,GSM5613775_2020-08-26-Control4003-c2,0,low_single_type,1,0,0,,,0
GSM5613775_2020-08-26-Control4003-c2_GTCGTTCAGCTGGCTC-1,GSM5613775_2020-08-26-Control4003-c2,0,low_single_type,1,0,0,,,0
GSM5613775_2020-08-26-Control4003-c2_GTCGTTCCAGCTATTG-1,GSM5613775_2020-08-26-Control4003-c2,0,low_single_type,1,0,0,,,0
GSM5613775_2020-08-26-Control4003-c2_GTCGTTCCATGTGGTT-1,GSM5613775_2020-08-26-Control4003-c2,0,low_single_type,1,0,0,,,0
GSM5613775_2020-08-26-Control4003-c2_GTCTACCCATCCGGCA-1,GSM5613775_2020-08-26-Control4003-c2,0,low_single_type,1,0,0,,,0
GSM5613775_2020-08-26-Control4003-c2_GTCTAGACACTGGCCA-1,GSM5613775_2020-08-26-Control4003-c2,0,low_single_type,1,0,0,,,0
GSM5613775_2020-08-26-Control4003-c2_GTCTAGATCCGTTGAA-1,GSM5613775_2020-08-26-Control4003-c2,0,low_single_type,1,0,0,,,0
GSM5613775_2020-08-26-Control4003-c2_GTCTCACGTCGCGTTG-1,GSM5613775_2020-08-26-Control4003-c2,1,low_single_type,1,1,1,,,1
GSM5613775_2020-08-26-Control4003-c2_GTCTGTCGTGCTTATG-1,GSM5613775_2020-08-26-Control4003-c2,0,low_single_type,1,0,0,,,0
GSM5613775_2020-08-26-Control4003-c2_GTCTGTCGTTTCGTTT-1,GSM5613775_2020-08-26-Control4003-c2,0,low_single_type,1,0,0,,,0
GSM5613775_2020-08-26-Control4003-c2_GTCTGTCTCATTCATC-1,GSM5613775_2020-08-26-Control4003-c2,1,low_single_type,1,1,1,,,1
GSM5613775_2020-08-26-Control4003-c2_GTCTTTACAGACAAGC-1,GSM5613775_2020-08-26-Control4003-c2,0,low_single_type,1,0,0,,,0
GSM5613775_2020-08-26-Control4003-c2_GTCTTTAGTACTCGAT-1,GSM5613775_2020-08-26-Control4003-c2,0,low_single_type,1,0,0,,,0
GSM5613775_2020-08-26-Control4003-c2_GTGACGCAGTCAGCGA-1,GSM5613775_2020-08-26-Control4003-c2,0,low_single_type,1,0,0,,,0
GSM5613775_2020-08-26-Control4003-c2_GTGACGCCAATACGAA-1,GSM5613775_2020-08-26-Control4003-c2,0,low_single_type,1,0,0,,,0
GSM5613775_2020-08-26-Control4003-c2_GTGACGCTCATCGCAA-1,GSM5613775_2020-08-26-Control4003-c2,0,low_single_type,1,0,0,,,0
GSM5613775_2020-08-26-Control4003-c2_GTGAGCCAGTATGTAG-1,GSM5613775_2020-08-26-Control4003-c2,0,low_single_type,1,0,0,,,0
GSM5613775_2020-08-26-Control4003-c2_GTGAGCCCAAAGGGTC-1,GSM5613775_2020-08-26-Control4003-c2,0,low_single_type,1,0,0,,,0
GSM5613775_2020-08-26-Control4003-c2_GTGAGCCCAAGACGAC-1,GSM5613775_2020-08-26-Control4003-c2,0,low_single_type,1,0,0,,,0
GSM5613775_2020-08-26-Control4003-c2_GTGAGGACAATAAGGT-1,GSM5613775_2020-08-26-Control4003-c2,0,low_single_type,1,0,0,,,0
GSM5613775_2020-08-26-Control4003-c2_GTGAGTTCACGACCTG-1,GSM5613775_2020-08-26-Control4003-c2,0,low_single_type,1,0,0,,,0
GSM5613775_2020-08-26-Control4003-c2_GTGATGTAGCGTTACT-1,GSM5613775_2020-08-26-Control4003-c2,0,low_single_type,1,0,0,,,0
GSM5613775_2020-08-26-Control4003-c2_GTGATGTCAACTTGCA-1,GSM5613775_2020-08-26-Control4003-c2,0,low_single_type,1,0,0,,,0
GSM5613775_2020-08-26-Control4003-c2_GTGCAGCTCGCATTAG-1,GSM5613775_2020-08-26-Control4003-c2,0,low_single_type,1,0,0,,,0
GSM5613775_2020-08-26-Control4003-c2_GTGCGTGAGCGATGGT-1,GSM5613775_2020-08-26-Control4003-c2,0,low_single_type,1,0,0,,,0
GSM5613775_2020-08-26-Control4003-c2_GTGCTGGAGAGCGACT-1,GSM5613775_2020-08-26-Control4003-c2,1,low_single_type,1,1,1,,,1
GSM5613775_2020-08-26-Control4003-c2_GTGCTGGCACAGGATG-1,GSM5613775_2020-08-26-Control4003-c2,1,low_single_type,1,1,1,,,1
GSM5613775_2020-08-26-Control4003-c2_GTGCTGGTCCTCACCA-1,GSM5613775_2020-08-26-Control4003-c2,0,low_single_type,1,0,0,,,0
GSM5613775_2020-08-26-Control4003-c2_GTGCTGGTCTCCAAGA-1,GSM5613775_2020-08-26-Control4003-c2,1,low_single_type,1,1,1,,,1
GSM5613775_2020-08-26-Control4003-c2_GTGCTGGTCTCGAGTA-1,GSM5613775_2020-08-26-Control4003-c2,0,low_single_type,1,0,0,,,0
GSM5613775_2020-08-26-Control4003-c2_GTGCTTCAGACATAAC-1,GSM5613775_2020-08-26-Control4003-c2,0,low_single_type,1,0,0,,,0
GSM5613775_2020-08-26-Control4003-c2_GTGCTTCCACTATGTG-1,GSM5613775_2020-08-26-Control4003-c2,0,low_single_type,1,0,0,,,0
GSM5613775_2020-08-26-Control4003-c2_GTGCTTCCAGGGACTA-1,GSM5613775_2020-08-26-Control4003-c2,1,low_single_type,1,1,1,,,1
GSM5613775_2020-08-26-Control4003-c2_GTGCTTCTCATCGGGC-1,GSM5613775_2020-08-26-Control4003-c2,0,low_single_type,1,0,0,,,0
GSM5613775_2020-08-26-Control4003-c2_GTGGAAGAGAGTCAAT-1,GSM5613775_2020-08-26-Control4003-c2,0,low_single_type,1,0,0,,,0
GSM5613775_2020-08-26-Control4003-c2_GTGGAAGAGGGTATAT-1,GSM5613775_2020-08-26-Control4003-c2,0,low_single_type,1,0,0,,,0
GSM5613775_2020-08-26-Control4003-c2_GTGGAAGAGTATCCTG-1,GSM5613775_2020-08-26-Control4003-c2,0,low_single_type,1,0,0,,,0
GSM5613775_2020-08-26-Control4003-c2_GTGGAAGCAGTTCACA-1,GSM5613775_2020-08-26-Control4003-c2,0,low_single_type,1,0,0,,,0
GSM5613775_2020-08-26-Control4003-c2_GTGGAGACACCCTGTT-1,GSM5613775_2020-08-26-Control4003-c2,1,low_single_type,1,1,1,,,1
GSM5613775_2020-08-26-Control4003-c2_GTGGAGAGTTCGCGTG-1,GSM5613775_2020-08-26-Control4003-c2,0,low_single_type,1,0,0,,,0
GSM5613775_2020-08-26-Control4003-c2_GTGGAGATCGAAATCC-1,GSM5613775_2020-08-26-Control4003-c2,0,low_single_type,1,0,0,,,0
GSM5613775_2020-08-26-Control4003-c2_GTGGCGTAGGGTGAGG-1,GSM5613775_2020-08-26-Control4003-c2,1,low_single_type,1,1,1,,,1
GSM5613775_2020-08-26-Control4003-c2_GTGGGAAAGCGTCTGC-1,GSM5613775_2020-08-26-Control4003-c2,0,low_single_type,1,0,0,,,0
GSM5613775_2020-08-26-Control4003-c2_GTGGGAACATACCATG-1,GSM5613775_2020-08-26-Control4003-c2,0,low_single_type,1,0,0,,,0
GSM5613775_2020-08-26-Control4003-c2_GTGGGAAGTAATGATG-1,GSM5613775_2020-08-26-Control4003-c2,0,low_single_type,1,0,0,,,0
GSM5613775_2020-08-26-Control4003-c2_GTGGGAAGTTTCCCAC-1,GSM5613775_2020-08-26-Control4003-c2,0,low_single_type,1,0,0,,,0
GSM5613775_2020-08-26-Control4003-c2_GTGGGAATCATTTGGG-1,GSM5613775_2020-08-26-Control4003-c2,0,low_single_type,1,0,0,,,0
GSM5613775_2020-08-26-Control4003-c2_GTGGGAATCGACATTG-1,GSM5613775_2020-08-26-Control4003-c2,0,low_single_type,1,0,0,,,0
GSM5613775_2020-08-26-Control4003-c2_GTGGTTAGTGTGAGCA-1,GSM5613775_2020-08-26-Control4003-c2,0,low_single_type,1,0,0,,,0
GSM5613775_2020-08-26-Control4003-c2_GTGGTTATCTCGTGGG-1,GSM5613775_2020-08-26-Control4003-c2,0,low_single_type,1,0,0,,,0
GSM5613775_2020-08-26-Control4003-c2_GTGTAACAGCGAGGAG-1,GSM5613775_2020-08-26-Control4003-c2,0,low_single_type,1,0,0,,,0
GSM5613775_2020-08-26-Control4003-c2_GTGTGATAGCGGATCA-1,GSM5613775_2020-08-26-Control4003-c2,0,low_single_type,1,0,0,,,0
GSM5613775_2020-08-26-Control4003-c2_GTGTGATCAAATCAGA-1,GSM5613775_2020-08-26-Control4003-c2,0,low_single_type,1,0,0,,,0
GSM5613775_2020-08-26-Control4003-c2_GTGTGATCAAGGCTTT-1,GSM5613775_2020-08-26-Control4003-c2,0,low_single_type,1,0,0,,,0
GSM5613775_2020-08-26-Control4003-c2_GTGTGATCACCCTCTA-1,GSM5613775_2020-08-26-Control4003-c2,0,low_single_type,1,0,0,,,0
GSM5613775_2020-08-26-Control4003-c2_GTGTGGCCAGCGTTTA-1,GSM5613775_2020-08-26-Control4003-c2,0,low_single_type,1,0,0,,,0
GSM5613775_2020-08-26-Control4003-c2_GTGTGGCGTGAGATTA-1,GSM5613775_2020-08-26-Control4003-c2,0,low_single_type,1,0,0,,,0
GSM5613775_2020-08-26-Control4003-c2_GTGTTAGAGGCCCGTT-1,GSM5613775_2020-08-26-Control4003-c2,0,low_single_type,1,0,0,,,0
GSM5613775_2020-08-26-Control4003-c2_GTGTTAGAGTCGCGAA-1,GSM5613775_2020-08-26-Control4003-c2,0,low_single_type,1,0,0,,,0
GSM5613775_2020-08-26-Control4003-c2_GTGTTAGGTATGACAA-1,GSM5613775_2020-08-26-Control4003-c2,0,low_single_type,1,0,0,,,0
GSM5613775_2020-08-26-Control4003-c2_GTGTTAGTCCTGCTAC-1,GSM5613775_2020-08-26-Control4003-c2,1,low_single_type,1,1,1,,,1
GSM5613775_2020-08-26-Control4003-c2_GTGTTCCAGCGCAATG-1,GSM5613775_2020-08-26-Control4003-c2,0,low_single_type,1,0,0,,,0
GSM5613775_2020-08-26-Control4003-c2_GTGTTCCGTCCGGACT-1,GSM5613775_2020-08-26-Control4003-c2,0,low_single_type,1,0,0,,,0
GSM5613775_2020-08-26-Control4003-c2_GTGTTCCTCCGTGTAA-1,GSM5613775_2020-08-26-Control4003-c2,0,low_single_type,1,0,0,,,0
GSM5613775_2020-08-26-Control4003-c2_GTGTTCCTCGCTTGAA-1,GSM5613775_2020-08-26-Control4003-c2,0,low_single_type,1,0,0,,,0
GSM5613775_2020-08-26-Control4003-c2_GTTACAGAGACTAGAT-1,GSM5613775_2020-08-26-Control4003-c2,0,low_single_type,1,0,0,,,0
GSM5613775_2020-08-26-Control4003-c2_GTTACCCCAGCGAGTA-1,GSM5613775_2020-08-26-Control4003-c2,0,low_single_type,1,0,0,,,0
GSM5613775_2020-08-26-Control4003-c2_GTTACCCCATCCTGTC-1,GSM5613775_2020-08-26-Control4003-c2,1,low_single_type,1,1,1,,,1
GSM5613775_2020-08-26-Control4003-c2_GTTACCCGTCGTCTCT-1,GSM5613775_2020-08-26-Control4003-c2,0,low_single_type,1,0,0,,,0
GSM5613775_2020-08-26-Control4003-c2_GTTAGACCAGAGATGC-1,GSM5613775_2020-08-26-Control4003-c2,0,low_single_type,1,0,0,,,0
GSM5613775_2020-08-26-Control4003-c2_GTTAGACTCGGTAAGG-1,GSM5613775_2020-08-26-Control4003-c2,0,low_single_type,1,0,0,,,0
GSM5613775_2020-08-26-Control4003-c2_GTTAGTGCATGTTTGG-1,GSM5613775_2020-08-26-Control4003-c2,1,low_single_type,1,1,1,,,1
GSM5613775_2020-08-26-Control4003-c2_GTTAGTGTCAAGGACG-1,GSM5613775_2020-08-26-Control4003-c2,0,low_single_type,1,0,0,,,0
GSM5613775_2020-08-26-Control4003-c2_GTTAGTGTCCCATAGA-1,GSM5613775_2020-08-26-Control4003-c2,0,low_single_type,1,0,0,,,0
GSM5613775_2020-08-26-Control4003-c2_GTTATGGCAAGAATGT-1,GSM5613775_2020-08-26-Control4003-c2,0,low_single_type,1,0,0,,,0
GSM5613775_2020-08-26-Control4003-c2_GTTATGGCACACACTA-1,GSM5613775_2020-08-26-Control4003-c2,0,low_single_type,1,0,0,,,0
GSM5613775_2020-08-26-Control4003-c2_GTTATGGCACGGATCC-1,GSM5613775_2020-08-26-Control4003-c2,0,low_single_type,1,0,0,,,0
GSM5613775_2020-08-26-Control4003-c2_GTTCATTCAAATCAGA-1,GSM5613775_2020-08-26-Control4003-c2,0,low_single_type,1,0,0,,,0
GSM5613775_2020-08-26-Control4003-c2_GTTCATTCATCATCCC-1,GSM5613775_2020-08-26-Control4003-c2,0,low_single_type,1,0,0,,,0
GSM5613775_2020-08-26-Control4003-c2_GTTCATTGTATATGGA-1,GSM5613775_2020-08-26-Control4003-c2,0,low_single_type,1,0,0,,,0
GSM5613775_2020-08-26-Control4003-c2_GTTCATTTCCATACTT-1,GSM5613775_2020-08-26-Control4003-c2,1,low_single_type,1,1,1,,,1
GSM5613775_2020-08-26-Control4003-c2_GTTCATTTCTAGCAAC-1,GSM5613775_2020-08-26-Control4003-c2,1,low_single_type,1,1,1,,,1
GSM5613775_2020-08-26-Control4003-c2_GTTCCGTAGAAGAACG-1,GSM5613775_2020-08-26-Control4003-c2,0,low_single_type,1,0,0,,,0
GSM5613775_2020-08-26-Control4003-c2_GTTCCGTAGCCTGCCA-1,GSM5613775_2020-08-26-Control4003-c2,1,low_single_type,1,1,1,,,1
GSM5613775_2020-08-26-Control4003-c2_GTTCCGTGTCTCACAA-1,GSM5613775_2020-08-26-Control4003-c2,0,low_single_type,1,0,0,,,0
GSM5613775_2020-08-26-Control4003-c2_GTTCCGTGTGTTCGTA-1,GSM5613775_2020-08-26-Control4003-c2,0,low_single_type,1,0,0,,,0
GSM5613775_2020-08-26-Control4003-c2_GTTCGCTCAATTCTCT-1,GSM5613775_2020-08-26-Control4003-c2,0,low_single_type,1,0,0,,,0
GSM5613775_2020-08-26-Control4003-c2_GTTCGCTCACATAGCT-1,GSM5613775_2020-08-26-Control4003-c2,0,low_single_type,1,0,0,,,0
GSM5613775_2020-08-26-Control4003-c2_GTTCGCTGTGTACATC-1,GSM5613775_2020-08-26-Control4003-c2,0,low_single_type,1,0,0,,,0
GSM5613775_2020-08-26-Control4003-c2_GTTCTATAGCTGTTCA-1,GSM5613775_2020-08-26-Control4003-c2,0,low_single_type,1,0,0,,,0
GSM5613775_2020-08-26-Control4003-c2_GTTCTATTCTATCGGA-1,GSM5613775_2020-08-26-Control4003-c2,0,low_single_type,1,0,0,,,0
GSM5613775_2020-08-26-Control4003-c2_GTTGAACGTGTAACGG-1,GSM5613775_2020-08-26-Control4003-c2,0,low_single_type,1,0,0,,,0
GSM5613775_2020-08-26-Control4003-c2_GTTGCGGCAGGCGTTC-1,GSM5613775_2020-08-26-Control4003-c2,0,low_single_type,1,0,0,,,0
GSM5613775_2020-08-26-Control4003-c2_GTTGCGGGTCCAAGAG-1,GSM5613775_2020-08-26-Control4003-c2,0,low_single_type,1,0,0,,,0
GSM5613775_2020-08-26-Control4003-c2_GTTGCTCAGGGAGATA-1,GSM5613775_2020-08-26-Control4003-c2,0,low_single_type,1,0,0,,,0
GSM5613775_2020-08-26-Control4003-c2_GTTGCTCCACACGGAA-1,GSM5613775_2020-08-26-Control4003-c2,0,low_single_type,1,0,0,,,0
GSM5613775_2020-08-26-Control4003-c2_GTTGCTCGTGGTCCCA-1,GSM5613775_2020-08-26-Control4003-c2,0,low_single_type,1,0,0,,,0
GSM5613775_2020-08-26-Control4003-c2_GTTGCTCGTGTGCCTG-1,GSM5613775_2020-08-26-Control4003-c2,0,low_single_type,1,0,0,,,0
GSM5613775_2020-08-26-Control4003-c2_GTTGCTCTCCATAGAC-1,GSM5613775_2020-08-26-Control4003-c2,0,low_single_type,1,0,0,,,0
GSM5613775_2020-08-26-Control4003-c2_GTTGTAGGTAGCACGA-1,GSM5613775_2020-08-26-Control4003-c2,0,low_single_type,1,0,0,,,0
GSM5613775_2020-08-26-Control4003-c2_GTTGTAGTCGTGGAAG-1,GSM5613775_2020-08-26-Control4003-c2,0,low_single_type,1,0,0,,,0
GSM5613775_2020-08-26-Control4003-c2_GTTGTCCAGAGCAGAA-1,GSM5613775_2020-08-26-Control4003-c2,0,low_single_type,1,0,0,,,0
GSM5613775_2020-08-26-Control4003-c2_GTTGTCCGTGGCATCC-1,GSM5613775_2020-08-26-Control4003-c2,0,low_single_type,1,0,0,,,0
GSM5613775_2020-08-26-Control4003-c2_GTTGTCCTCACACGAT-1,GSM5613775_2020-08-26-Control4003-c2,1,low_single_type,1,1,1,,,1
GSM5613775_2020-08-26-Control4003-c2_GTTGTCCTCGACGATT-1,GSM5613775_2020-08-26-Control4003-c2,1,low_single_type,1,1,1,,,1
GSM5613775_2020-08-26-Control4003-c2_GTTGTGAGTTAAGCAA-1,GSM5613775_2020-08-26-Control4003-c2,0,low_single_type,1,0,0,,,0
GSM5613775_2020-08-26-Control4003-c2_GTTGTGATCTTAATCC-1,GSM5613775_2020-08-26-Control4003-c2,0,low_single_type,1,0,0,,,0
GSM5613775_2020-08-26-Control4003-c2_GTTTACTCACCAGTTA-1,GSM5613775_2020-08-26-Control4003-c2,0,low_single_type,1,0,0,,,0
GSM5613775_2020-08-26-Control4003-c2_GTTTACTTCCCGAAAT-1,GSM5613775_2020-08-26-Control4003-c2,1,low_single_type,1,1,1,,,1
GSM5613775_2020-08-26-Control4003-c2_GTTTGGATCTCTAAGG-1,GSM5613775_2020-08-26-Control4003-c2,0,low_single_type,1,0,0,,,0
GSM5613775_2020-08-26-Control4003-c2_TAACACGAGATGCAGC-1,GSM5613775_2020-08-26-Control4003-c2,0,low_single_type,1,0,0,,,0
GSM5613775_2020-08-26-Control4003-c2_TAACACGGTCATGACT-1,GSM5613775_2020-08-26-Control4003-c2,0,low_single_type,1,0,0,,,0
GSM5613775_2020-08-26-Control4003-c2_TAACACGGTGGTTTGT-1,GSM5613775_2020-08-26-Control4003-c2,0,low_single_type,1,0,0,,,0
GSM5613775_2020-08-26-Control4003-c2_TAACGACAGTTTAGGA-1,GSM5613775_2020-08-26-Control4003-c2,0,low_single_type,1,0,0,,,0
GSM5613775_2020-08-26-Control4003-c2_TAACTTCCATTATGCG-1,GSM5613775_2020-08-26-Control4003-c2,0,low_single_type,1,0,0,,,0
GSM5613775_2020-08-26-Control4003-c2_TAACTTCTCGTTACCC-1,GSM5613775_2020-08-26-Control4003-c2,0,low_single_type,1,0,0,,,0
GSM5613775_2020-08-26-Control4003-c2_TAAGCCAAGTAACAGT-1,GSM5613775_2020-08-26-Control4003-c2,0,low_single_type,1,0,0,,,0
GSM5613775_2020-08-26-Control4003-c2_TAAGCCACAACACACT-1,GSM5613775_2020-08-26-Control4003-c2,0,low_single_type,1,0,0,,,0
GSM5613775_2020-08-26-Control4003-c2_TAAGCCACACTCATAG-1,GSM5613775_2020-08-26-Control4003-c2,0,low_single_type,1,0,0,,,0
GSM5613775_2020-08-26-Control4003-c2_TAAGCCAGTACCGCGT-1,GSM5613775_2020-08-26-Control4003-c2,0,low_single_type,1,0,0,,,0
GSM5613775_2020-08-26-Control4003-c2_TAAGCCATCTGCATAG-1,GSM5613775_2020-08-26-Control4003-c2,0,low_single_type,1,0,0,,,0
GSM5613775_2020-08-26-Control4003-c2_TAAGCGTAGAAATTCG-1,GSM5613775_2020-08-26-Control4003-c2,0,low_single_type,1,0,0,,,0
GSM5613775_2020-08-26-Control4003-c2_TAAGCGTAGATCGCTT-1,GSM5613775_2020-08-26-Control4003-c2,0,low_single_type,1,0,0,,,0
GSM5613775_2020-08-26-Control4003-c2_TAAGCGTAGTTAGTGA-1,GSM5613775_2020-08-26-Control4003-c2,0,low_single_type,1,0,0,,,0
GSM5613775_2020-08-26-Control4003-c2_TAAGCGTCAAACACGG-1,GSM5613775_2020-08-26-Control4003-c2,1,low_single_type,1,1,1,,,1
GSM5613775_2020-08-26-Control4003-c2_TAAGCGTGTTCCACGG-1,GSM5613775_2020-08-26-Control4003-c2,0,low_single_type,1,0,0,,,0
GSM5613775_2020-08-26-Control4003-c2_TAAGCGTTCATTATCC-1,GSM5613775_2020-08-26-Control4003-c2,0,low_single_type,1,0,0,,,0
GSM5613775_2020-08-26-Control4003-c2_TAAGTCGAGACTTGTC-1,GSM5613775_2020-08-26-Control4003-c2,0,low_single_type,1,0,0,,,0
GSM5613775_2020-08-26-Control4003-c2_TAAGTCGCAAATCGTC-1,GSM5613775_2020-08-26-Control4003-c2,0,low_single_type,1,0,0,,,0
GSM5613775_2020-08-26-Control4003-c2_TAAGTCGCAGAACTCT-1,GSM5613775_2020-08-26-Control4003-c2,0,low_single_type,1,0,0,,,0
GSM5613775_2020-08-26-Control4003-c2_TAAGTCGTCCAGCACG-1,GSM5613775_2020-08-26-Control4003-c2,0,low_single_type,1,0,0,,,0
GSM5613775_2020-08-26-Control4003-c2_TAATCTCAGCAAATCA-1,GSM5613775_2020-08-26-Control4003-c2,0,low_single_type,1,0,0,,,0
GSM5613775_2020-08-26-Control4003-c2_TAATCTCAGTTCCATG-1,GSM5613775_2020-08-26-Control4003-c2,0,low_single_type,1,0,0,,,0
GSM5613775_2020-08-26-Control4003-c2_TAATCTCGTTCCACGG-1,GSM5613775_2020-08-26-Control4003-c2,0,low_single_type,1,0,0,,,0
GSM5613775_2020-08-26-Control4003-c2_TAATCTCTCTGTTCAT-1,GSM5613775_2020-08-26-Control4003-c2,1,low_single_type,1,1,1,,,1
GSM5613775_2020-08-26-Control4003-c2_TAATTCCAGTACGTCT-1,GSM5613775_2020-08-26-Control4003-c2,0,low_single_type,1,0,0,,,0
GSM5613775_2020-08-26-Control4003-c2_TAATTCCCACACCGCA-1,GSM5613775_2020-08-26-Control4003-c2,0,low_single_type,1,0,0,,,0
GSM5613775_2020-08-26-Control4003-c2_TACAACGAGACTGTTC-1,GSM5613775_2020-08-26-Control4003-c2,0,low_single_type,1,0,0,,,0
GSM5613775_2020-08-26-Control4003-c2_TACAACGAGCCTCTGG-1,GSM5613775_2020-08-26-Control4003-c2,0,low_single_type,1,0,0,,,0
GSM5613775_2020-08-26-Control4003-c2_TACACCCAGTGTACAA-1,GSM5613775_2020-08-26-Control4003-c2,0,low_single_type,1,0,0,,,0
GSM5613775_2020-08-26-Control4003-c2_TACACCCTCAGACAAA-1,GSM5613775_2020-08-26-Control4003-c2,0,low_single_type,1,0,0,,,0
GSM5613775_2020-08-26-Control4003-c2_TACCCACAGTGGCGAT-1,GSM5613775_2020-08-26-Control4003-c2,0,low_single_type,1,0,0,,,0
GSM5613775_2020-08-26-Control4003-c2_TACCCACGTATTAAGG-1,GSM5613775_2020-08-26-Control4003-c2,0,low_single_type,1,0,0,,,0
GSM5613775_2020-08-26-Control4003-c2_TACCCGTTCTATTCGT-1,GSM5613775_2020-08-26-Control4003-c2,0,low_single_type,1,0,0,,,0
GSM5613775_2020-08-26-Control4003-c2_TACCGAAGTTTACTTC-1,GSM5613775_2020-08-26-Control4003-c2,1,low_single_type,1,1,1,,,1
GSM5613775_2020-08-26-Control4003-c2_TACCGAAGTTTGGGTT-1,GSM5613775_2020-08-26-Control4003-c2,1,low_single_type,1,1,1,,,1
GSM5613775_2020-08-26-Control4003-c2_TACCGAATCGGTCTGG-1,GSM5613775_2020-08-26-Control4003-c2,0,low_single_type,1,0,0,,,0
GSM5613775_2020-08-26-Control4003-c2_TACCGAATCTATCGGA-1,GSM5613775_2020-08-26-Control4003-c2,0,low_single_type,1,0,0,,,0
GSM5613775_2020-08-26-Control4003-c2_TACCGGGAGGTTGTTC-1,GSM5613775_2020-08-26-Control4003-c2,0,low_single_type,1,0,0,,,0
GSM5613775_2020-08-26-Control4003-c2_TACCGGGGTATGCAAA-1,GSM5613775_2020-08-26-Control4003-c2,0,low_single_type,1,0,0,,,0
GSM5613775_2020-08-26-Control4003-c2_TACCGGGTCACGATCA-1,GSM5613775_2020-08-26-Control4003-c2,0,low_single_type,1,0,0,,,0
GSM5613775_2020-08-26-Control4003-c2_TACCTCGGTGGCTGCT-1,GSM5613775_2020-08-26-Control4003-c2,0,low_single_type,1,0,0,,,0
GSM5613775_2020-08-26-Control4003-c2_TACCTCGTCAGTCTTT-1,GSM5613775_2020-08-26-Control4003-c2,0,low_single_type,1,0,0,,,0
GSM5613775_2020-08-26-Control4003-c2_TACCTCGTCCACAGCG-1,GSM5613775_2020-08-26-Control4003-c2,0,low_single_type,1,0,0,,,0
GSM5613775_2020-08-26-Control4003-c2_TACCTCGTCCATTCAT-1,GSM5613775_2020-08-26-Control4003-c2,0,low_single_type,1,0,0,,,0
GSM5613775_2020-08-26-Control4003-c2_TACCTCGTCCGACGGT-1,GSM5613775_2020-08-26-Control4003-c2,0,low_single_type,1,0,0,,,0
GSM5613775_2020-08-26-Control4003-c2_TACCTGCCAGCTGAGA-1,GSM5613775_2020-08-26-Control4003-c2,0,low_single_type,1,0,0,,,0
GSM5613775_2020-08-26-Control4003-c2_TACGGGCCACTTGAGT-1,GSM5613775_2020-08-26-Control4003-c2,1,low_single_type,1,1,1,,,1
GSM5613775_2020-08-26-Control4003-c2_TACGGGCGTTTCGATG-1,GSM5613775_2020-08-26-Control4003-c2,1,low_single_type,1,1,1,,,1
GSM5613775_2020-08-26-Control4003-c2_TACGTCCAGGTCACAG-1,GSM5613775_2020-08-26-Control4003-c2,0,low_single_type,1,0,0,,,0
GSM5613775_2020-08-26-Control4003-c2_TACGTCCGTCAAACGG-1,GSM5613775_2020-08-26-Control4003-c2,0,low_single_type,1,0,0,,,0
GSM5613775_2020-08-26-Control4003-c2_TACGTCCTCTGACAGT-1,GSM5613775_2020-08-26-Control4003-c2,0,low_single_type,1,0,0,,,0
GSM5613775_2020-08-26-Control4003-c2_TACTGCCCAAGAGATT-1,GSM5613775_2020-08-26-Control4003-c2,0,low_single_type,1,0,0,,,0
GSM5613775_2020-08-26-Control4003-c2_TACTGCCGTTGGGCCT-1,GSM5613775_2020-08-26-Control4003-c2,0,low_single_type,1,0,0,,,0
GSM5613775_2020-08-26-Control4003-c2_TACTTACGTTTATGCG-1,GSM5613775_2020-08-26-Control4003-c2,0,low_single_type,1,0,0,,,0
GSM5613775_2020-08-26-Control4003-c2_TACTTACTCGGCTTCT-1,GSM5613775_2020-08-26-Control4003-c2,0,low_single_type,1,0,0,,,0
GSM5613775_2020-08-26-Control4003-c2_TACTTCAAGAGAAGGT-1,GSM5613775_2020-08-26-Control4003-c2,1,low_single_type,1,1,1,,,1
GSM5613775_2020-08-26-Control4003-c2_TACTTCAGTGTCTCCT-1,GSM5613775_2020-08-26-Control4003-c2,0,low_single_type,1,0,0,,,0
GSM5613775_2020-08-26-Control4003-c2_TACTTCATCCATAAGC-1,GSM5613775_2020-08-26-Control4003-c2,0,low_single_type,1,0,0,,,0
GSM5613775_2020-08-26-Control4003-c2_TACTTGTGTACCGGAA-1,GSM5613775_2020-08-26-Control4003-c2,0,low_single_type,1,0,0,,,0
GSM5613775_2020-08-26-Control4003-c2_TACTTGTGTTTACGTG-1,GSM5613775_2020-08-26-Control4003-c2,1,low_single_type,1,1,1,,,1
GSM5613775_2020-08-26-Control4003-c2_TAGACCAAGTGGAAAG-1,GSM5613775_2020-08-26-Control4003-c2,1,low_single_type,1,1,1,,,1
GSM5613775_2020-08-26-Control4003-c2_TAGACCAAGTTAACGA-1,GSM5613775_2020-08-26-Control4003-c2,0,low_single_type,1,0,0,,,0
GSM5613775_2020-08-26-Control4003-c2_TAGACCATCATGAGGG-1,GSM5613775_2020-08-26-Control4003-c2,1,low_single_type,1,1,1,,,1
GSM5613775_2020-08-26-Control4003-c2_TAGACTGAGGGTAGCT-1,GSM5613775_2020-08-26-Control4003-c2,1,low_single_type,1,1,1,,,1
GSM5613775_2020-08-26-Control4003-c2_TAGACTGGTTGTGGCC-1,GSM5613775_2020-08-26-Control4003-c2,0,low_single_type,1,0,0,,,0
GSM5613775_2020-08-26-Control4003-c2_TAGAGTCGTCAGGAGT-1,GSM5613775_2020-08-26-Control4003-c2,0,low_single_type,1,0,0,,,0
GSM5613775_2020-08-26-Control4003-c2_TAGAGTCGTCTCGGGT-1,GSM5613775_2020-08-26-Control4003-c2,0,low_single_type,1,0,0,,,0
GSM5613775_2020-08-26-Control4003-c2_TAGATCGAGACATAGT-1,GSM5613775_2020-08-26-Control4003-c2,0,low_single_type,1,0,0,,,0
GSM5613775_2020-08-26-Control4003-c2_TAGATCGAGAGCACTG-1,GSM5613775_2020-08-26-Control4003-c2,1,low_single_type,1,1,1,,,1
GSM5613775_2020-08-26-Control4003-c2_TAGCACAAGACAACTA-1,GSM5613775_2020-08-26-Control4003-c2,1,low_single_type,1,1,1,,,1
GSM5613775_2020-08-26-Control4003-c2_TAGCACAAGTTAGAAC-1,GSM5613775_2020-08-26-Control4003-c2,0,low_single_type,1,0,0,,,0
GSM5613775_2020-08-26-Control4003-c2_TAGCACACAAACTAAG-1,GSM5613775_2020-08-26-Control4003-c2,0,low_single_type,1,0,0,,,0
GSM5613775_2020-08-26-Control4003-c2_TAGGAGGAGCGCTGCT-1,GSM5613775_2020-08-26-Control4003-c2,0,low_single_type,1,0,0,,,0
GSM5613775_2020-08-26-Control4003-c2_TAGGAGGCACGGTAGA-1,GSM5613775_2020-08-26-Control4003-c2,1,low_single_type,1,1,1,,,1
GSM5613775_2020-08-26-Control4003-c2_TAGGGTTCATAAGATG-1,GSM5613775_2020-08-26-Control4003-c2,0,low_single_type,1,0,0,,,0
GSM5613775_2020-08-26-Control4003-c2_TAGGTACAGGGAGGGT-1,GSM5613775_2020-08-26-Control4003-c2,0,low_single_type,1,0,0,,,0
GSM5613775_2020-08-26-Control4003-c2_TAGGTACGTCAAAGCG-1,GSM5613775_2020-08-26-Control4003-c2,0,low_single_type,1,0,0,,,0
GSM5613775_2020-08-26-Control4003-c2_TAGGTTGAGCACTCTA-1,GSM5613775_2020-08-26-Control4003-c2,0,low_single_type,1,0,0,,,0
GSM5613775_2020-08-26-Control4003-c2_TAGGTTGAGCTGCGAA-1,GSM5613775_2020-08-26-Control4003-c2,0,low_single_type,1,0,0,,,0
GSM5613775_2020-08-26-Control4003-c2_TAGGTTGTCCACGGGT-1,GSM5613775_2020-08-26-Control4003-c2,0,low_single_type,1,0,0,,,0
GSM5613775_2020-08-26-Control4003-c2_TAGTGCAAGCCTGAGA-1,GSM5613775_2020-08-26-Control4003-c2,0,low_single_type,1,0,0,,,0
GSM5613775_2020-08-26-Control4003-c2_TAGTGCAAGTGGACTG-1,GSM5613775_2020-08-26-Control4003-c2,1,low_single_type,1,1,1,,,1
GSM5613775_2020-08-26-Control4003-c2_TAGTGCAGTCAGGAGT-1,GSM5613775_2020-08-26-Control4003-c2,1,low_single_type,1,1,1,,,1
GSM5613775_2020-08-26-Control4003-c2_TATACCTAGGCCTAGA-1,GSM5613775_2020-08-26-Control4003-c2,0,low_single_type,1,0,0,,,0
GSM5613775_2020-08-26-Control4003-c2_TATACCTGTTCGAACT-1,GSM5613775_2020-08-26-Control4003-c2,0,low_single_type,1,0,0,,,0
GSM5613775_2020-08-26-Control4003-c2_TATATCCGTTCACGAT-1,GSM5613775_2020-08-26-Control4003-c2,0,low_single_type,1,0,0,,,0
GSM5613775_2020-08-26-Control4003-c2_TATATCCGTTCTCGCT-1,GSM5613775_2020-08-26-Control4003-c2,0,low_single_type,1,0,0,,,0
GSM5613775_2020-08-26-Control4003-c2_TATCAGGCAACAACAA-1,GSM5613775_2020-08-26-Control4003-c2,0,low_single_type,1,0,0,,,0
GSM5613775_2020-08-26-Control4003-c2_TATCAGGCAACCTATG-1,GSM5613775_2020-08-26-Control4003-c2,0,low_single_type,1,0,0,,,0
GSM5613775_2020-08-26-Control4003-c2_TATCAGGCAGTAGAGC-1,GSM5613775_2020-08-26-Control4003-c2,0,low_single_type,1,0,0,,,0
GSM5613775_2020-08-26-Control4003-c2_TATCAGGGTATACCCA-1,GSM5613775_2020-08-26-Control4003-c2,0,low_single_type,1,0,0,,,0
GSM5613775_2020-08-26-Control4003-c2_TATCAGGGTTGTCCCT-1,GSM5613775_2020-08-26-Control4003-c2,0,low_single_type,1,0,0,,,0
GSM5613775_2020-08-26-Control4003-c2_TATCAGGTCCGACGGT-1,GSM5613775_2020-08-26-Control4003-c2,0,low_single_type,1,0,0,,,0
GSM5613775_2020-08-26-Control4003-c2_TATCCTAGTAAGCTCT-1,GSM5613775_2020-08-26-Control4003-c2,0,low_single_type,1,0,0,,,0
GSM5613775_2020-08-26-Control4003-c2_TATCCTAGTGGGACAT-1,GSM5613775_2020-08-26-Control4003-c2,0,low_single_type,1,0,0,,,0
GSM5613775_2020-08-26-Control4003-c2_TATCCTATCGCAGAGA-1,GSM5613775_2020-08-26-Control4003-c2,0,low_single_type,1,0,0,,,0
GSM5613775_2020-08-26-Control4003-c2_TATCCTATCTCCTGCA-1,GSM5613775_2020-08-26-Control4003-c2,0,low_single_type,1,0,0,,,0
GSM5613775_2020-08-26-Control4003-c2_TATCGCCAGGATAATC-1,GSM5613775_2020-08-26-Control4003-c2,0,low_single_type,1,0,0,,,0
GSM5613775_2020-08-26-Control4003-c2_TATCGCCGTGATAGTA-1,GSM5613775_2020-08-26-Control4003-c2,0,low_single_type,1,0,0,,,0
GSM5613775_2020-08-26-Control4003-c2_TATCTGTCAACCACAT-1,GSM5613775_2020-08-26-Control4003-c2,0,low_single_type,1,0,0,,,0
GSM5613775_2020-08-26-Control4003-c2_TATCTGTGTATAGGAT-1,GSM5613775_2020-08-26-Control4003-c2,0,low_single_type,1,0,0,,,0
GSM5613775_2020-08-26-Control4003-c2_TATCTTGCAGGTTCGC-1,GSM5613775_2020-08-26-Control4003-c2,0,low_single_type,1,0,0,,,0
GSM5613775_2020-08-26-Control4003-c2_TATCTTGGTAGATCGG-1,GSM5613775_2020-08-26-Control4003-c2,1,low_single_type,1,1,1,,,1
GSM5613775_2020-08-26-Control4003-c2_TATCTTGTCCGAAGGA-1,GSM5613775_2020-08-26-Control4003-c2,0,low_single_type,1,0,0,,,0
GSM5613775_2020-08-26-Control4003-c2_TATGTTCCACCCTAAA-1,GSM5613775_2020-08-26-Control4003-c2,0,low_single_type,1,0,0,,,0
GSM5613775_2020-08-26-Control4003-c2_TATGTTCCAGACTCTA-1,GSM5613775_2020-08-26-Control4003-c2,0,low_single_type,1,0,0,,,0
GSM5613775_2020-08-26-Control4003-c2_TATGTTCGTCGGTGAA-1,GSM5613775_2020-08-26-Control4003-c2,0,low_single_type,1,0,0,,,0
GSM5613775_2020-08-26-Control4003-c2_TATTCCAAGGTGCTTT-1,GSM5613775_2020-08-26-Control4003-c2,0,low_single_type,1,0,0,,,0
GSM5613775_2020-08-26-Control4003-c2_TATTGCTAGCGTGCCT-1,GSM5613775_2020-08-26-Control4003-c2,0,low_single_type,1,0,0,,,0
GSM5613775_2020-08-26-Control4003-c2_TATTGCTAGCTGACAG-1,GSM5613775_2020-08-26-Control4003-c2,0,low_single_type,1,0,0,,,0
GSM5613775_2020-08-26-Control4003-c2_TATTGCTAGCTTCGTA-1,GSM5613775_2020-08-26-Control4003-c2,0,low_single_type,1,0,0,,,0
GSM5613775_2020-08-26-Control4003-c2_TATTGCTAGGGTACGT-1,GSM5613775_2020-08-26-Control4003-c2,0,low_single_type,1,0,0,,,0
GSM5613775_2020-08-26-Control4003-c2_TATTGCTTCAGAACCT-1,GSM5613775_2020-08-26-Control4003-c2,0,low_single_type,1,0,0,,,0
GSM5613775_2020-08-26-Control4003-c2_TATTGGGTCCAAGCAT-1,GSM5613775_2020-08-26-Control4003-c2,0,low_single_type,1,0,0,,,0
GSM5613775_2020-08-26-Control4003-c2_TATTGGGTCGGAAGGT-1,GSM5613775_2020-08-26-Control4003-c2,0,low_single_type,1,0,0,,,0
GSM5613775_2020-08-26-Control4003-c2_TATTTCGCAAGTATAG-1,GSM5613775_2020-08-26-Control4003-c2,0,low_single_type,1,0,0,,,0
GSM5613775_2020-08-26-Control4003-c2_TATTTCGTCTGCTTTA-1,GSM5613775_2020-08-26-Control4003-c2,0,low_single_type,1,0,0,,,0
GSM5613775_2020-08-26-Control4003-c2_TCAAGACAGACTACGG-1,GSM5613775_2020-08-26-Control4003-c2,0,low_single_type,1,0,0,,,0
GSM5613775_2020-08-26-Control4003-c2_TCAAGACAGGCATGCA-1,GSM5613775_2020-08-26-Control4003-c2,0,low_single_type,1,0,0,,,0
GSM5613775_2020-08-26-Control4003-c2_TCAAGCAAGCTATCTG-1,GSM5613775_2020-08-26-Control4003-c2,0,low_single_type,1,0,0,,,0
GSM5613775_2020-08-26-Control4003-c2_TCAAGTGGTACGCTAT-1,GSM5613775_2020-08-26-Control4003-c2,0,low_single_type,1,0,0,,,0
GSM5613775_2020-08-26-Control4003-c2_TCAATCTAGCTGCCAC-1,GSM5613775_2020-08-26-Control4003-c2,0,low_single_type,1,0,0,,,0
GSM5613775_2020-08-26-Control4003-c2_TCAATCTGTGGTCTCG-1,GSM5613775_2020-08-26-Control4003-c2,0,low_single_type,1,0,0,,,0
GSM5613775_2020-08-26-Control4003-c2_TCAATTCAGGAGAATG-1,GSM5613775_2020-08-26-Control4003-c2,0,low_single_type,1,0,0,,,0
GSM5613775_2020-08-26-Control4003-c2_TCACAAGCACCACATA-1,GSM5613775_2020-08-26-Control4003-c2,0,low_single_type,1,0,0,,,0
GSM5613775_2020-08-26-Control4003-c2_TCACAAGGTACGGTTT-1,GSM5613775_2020-08-26-Control4003-c2,0,low_single_type,1,0,0,,,0
GSM5613775_2020-08-26-Control4003-c2_TCACAAGGTTCGGTCG-1,GSM5613775_2020-08-26-Control4003-c2,0,low_single_type,1,0,0,,,0
GSM5613775_2020-08-26-Control4003-c2_TCACATTAGTAACCTC-1,GSM5613775_2020-08-26-Control4003-c2,0,low_single_type,1,0,0,,,0
GSM5613775_2020-08-26-Control4003-c2_TCACATTGTGGATCAG-1,GSM5613775_2020-08-26-Control4003-c2,1,low_single_type,1,1,1,,,1
GSM5613775_2020-08-26-Control4003-c2_TCACGCTAGGTGCCAA-1,GSM5613775_2020-08-26-Control4003-c2,0,low_single_type,1,0,0,,,0
GSM5613775_2020-08-26-Control4003-c2_TCACGGGCAGTTAAAG-1,GSM5613775_2020-08-26-Control4003-c2,1,low_single_type,1,1,1,,,1
GSM5613775_2020-08-26-Control4003-c2_TCACGGGGTTCCTAGA-1,GSM5613775_2020-08-26-Control4003-c2,0,low_single_type,1,0,0,,,0
GSM5613775_2020-08-26-Control4003-c2_TCACGGGTCAGATGCT-1,GSM5613775_2020-08-26-Control4003-c2,0,low_single_type,1,0,0,,,0
GSM5613775_2020-08-26-Control4003-c2_TCACTATCAGTGTACT-1,GSM5613775_2020-08-26-Control4003-c2,0,low_single_type,1,0,0,,,0
GSM5613775_2020-08-26-Control4003-c2_TCACTATTCTAGTCAG-1,GSM5613775_2020-08-26-Control4003-c2,0,low_single_type,1,0,0,,,0
GSM5613775_2020-08-26-Control4003-c2_TCACTCGAGTAAGGGA-1,GSM5613775_2020-08-26-Control4003-c2,0,low_single_type,1,0,0,,,0
GSM5613775_2020-08-26-Control4003-c2_TCACTCGCACTAGGTT-1,GSM5613775_2020-08-26-Control4003-c2,0,low_single_type,1,0,0,,,0
GSM5613775_2020-08-26-Control4003-c2_TCACTCGCATGTCGTA-1,GSM5613775_2020-08-26-Control4003-c2,0,low_single_type,1,0,0,,,0
GSM5613775_2020-08-26-Control4003-c2_TCACTCGTCAGCTTCC-1,GSM5613775_2020-08-26-Control4003-c2,0,low_single_type,1,0,0,,,0
GSM5613775_2020-08-26-Control4003-c2_TCAGCAAGTCAGGTAG-1,GSM5613775_2020-08-26-Control4003-c2,0,low_single_type,1,0,0,,,0
GSM5613775_2020-08-26-Control4003-c2_TCAGGGCAGGTCTGGA-1,GSM5613775_2020-08-26-Control4003-c2,1,low_single_type,1,1,1,,,1
GSM5613775_2020-08-26-Control4003-c2_TCAGGGCAGTCAGGGT-1,GSM5613775_2020-08-26-Control4003-c2,0,low_single_type,1,0,0,,,0
GSM5613775_2020-08-26-Control4003-c2_TCAGGGCCAGGGTCTC-1,GSM5613775_2020-08-26-Control4003-c2,0,low_single_type,1,0,0,,,0
GSM5613775_2020-08-26-Control4003-c2_TCAGGGCCATCGCTGG-1,GSM5613775_2020-08-26-Control4003-c2,0,low_single_type,1,0,0,,,0
GSM5613775_2020-08-26-Control4003-c2_TCAGGGCGTGTATTCG-1,GSM5613775_2020-08-26-Control4003-c2,0,low_single_type,1,0,0,,,0
GSM5613775_2020-08-26-Control4003-c2_TCAGGTAAGTATGAAC-1,GSM5613775_2020-08-26-Control4003-c2,1,low_single_type,1,1,1,,,1
GSM5613775_2020-08-26-Control4003-c2_TCAGGTACATCTATCT-1,GSM5613775_2020-08-26-Control4003-c2,0,low_single_type,1,0,0,,,0
GSM5613775_2020-08-26-Control4003-c2_TCAGGTACATGTCAGT-1,GSM5613775_2020-08-26-Control4003-c2,1,low_single_type,1,1,1,,,1
GSM5613775_2020-08-26-Control4003-c2_TCAGGTAGTGCCTACG-1,GSM5613775_2020-08-26-Control4003-c2,0,low_single_type,1,0,0,,,0
GSM5613775_2020-08-26-Control4003-c2_TCAGTGAAGATTTGCC-1,GSM5613775_2020-08-26-Control4003-c2,0,low_single_type,1,0,0,,,0
GSM5613775_2020-08-26-Control4003-c2_TCAGTGAGTTCTCCCA-1,GSM5613775_2020-08-26-Control4003-c2,1,low_single_type,1,1,1,,,1
GSM5613775_2020-08-26-Control4003-c2_TCAGTTTAGTGGTTCT-1,GSM5613775_2020-08-26-Control4003-c2,0,low_single_type,1,0,0,,,0
GSM5613775_2020-08-26-Control4003-c2_TCAGTTTTCTTGAACG-1,GSM5613775_2020-08-26-Control4003-c2,0,low_single_type,1,0,0,,,0
GSM5613775_2020-08-26-Control4003-c2_TCATACTTCTCGAACA-1,GSM5613775_2020-08-26-Control4003-c2,0,low_single_type,1,0,0,,,0
GSM5613775_2020-08-26-Control4003-c2_TCATATCAGATTGGGC-1,GSM5613775_2020-08-26-Control4003-c2,0,low_single_type,1,0,0,,,0
GSM5613775_2020-08-26-Control4003-c2_TCATATCAGTCGTCTA-1,GSM5613775_2020-08-26-Control4003-c2,0,low_single_type,1,0,0,,,0
GSM5613775_2020-08-26-Control4003-c2_TCATCATAGGGTCACA-1,GSM5613775_2020-08-26-Control4003-c2,0,low_single_type,1,0,0,,,0
GSM5613775_2020-08-26-Control4003-c2_TCATCATCACTGGATT-1,GSM5613775_2020-08-26-Control4003-c2,1,low_single_type,1,1,1,,,1
GSM5613775_2020-08-26-Control4003-c2_TCATGAGCATACTGAC-1,GSM5613775_2020-08-26-Control4003-c2,0,low_single_type,1,0,0,,,0
GSM5613775_2020-08-26-Control4003-c2_TCATGCCCAGTGGGTA-1,GSM5613775_2020-08-26-Control4003-c2,1,low_single_type,1,1,1,,,1
GSM5613775_2020-08-26-Control4003-c2_TCATGCCCATGGAAGC-1,GSM5613775_2020-08-26-Control4003-c2,0,low_single_type,1,0,0,,,0
GSM5613775_2020-08-26-Control4003-c2_TCATGCCGTCACTTCC-1,GSM5613775_2020-08-26-Control4003-c2,0,low_single_type,1,0,0,,,0
GSM5613775_2020-08-26-Control4003-c2_TCATGCCGTGCTTCAA-1,GSM5613775_2020-08-26-Control4003-c2,0,low_single_type,1,0,0,,,0
GSM5613775_2020-08-26-Control4003-c2_TCATGCCGTTGACTGT-1,GSM5613775_2020-08-26-Control4003-c2,0,low_single_type,1,0,0,,,0
GSM5613775_2020-08-26-Control4003-c2_TCATGCCTCCGTATAG-1,GSM5613775_2020-08-26-Control4003-c2,0,low_single_type,1,0,0,,,0
GSM5613775_2020-08-26-Control4003-c2_TCATGCCTCGCTGTTC-1,GSM5613775_2020-08-26-Control4003-c2,0,low_single_type,1,0,0,,,0
GSM5613775_2020-08-26-Control4003-c2_TCATGGAAGCAGCCTC-1,GSM5613775_2020-08-26-Control4003-c2,0,low_single_type,1,0,0,,,0
GSM5613775_2020-08-26-Control4003-c2_TCATGGACACTTGTCC-1,GSM5613775_2020-08-26-Control4003-c2,0,low_single_type,1,0,0,,,0
GSM5613775_2020-08-26-Control4003-c2_TCATGGACATGATCTG-1,GSM5613775_2020-08-26-Control4003-c2,1,low_single_type,1,1,1,,,1
GSM5613775_2020-08-26-Control4003-c2_TCATGGAGTGAGTTGG-1,GSM5613775_2020-08-26-Control4003-c2,0,low_single_type,1,0,0,,,0
GSM5613775_2020-08-26-Control4003-c2_TCATGTTCAAAGCAAT-1,GSM5613775_2020-08-26-Control4003-c2,0,low_single_type,1,0,0,,,0
GSM5613775_2020-08-26-Control4003-c2_TCATGTTGTTGAGGAC-1,GSM5613775_2020-08-26-Control4003-c2,0,low_single_type,1,0,0,,,0
GSM5613775_2020-08-26-Control4003-c2_TCATGTTTCGTCGCTT-1,GSM5613775_2020-08-26-Control4003-c2,0,low_single_type,1,0,0,,,0
GSM5613775_2020-08-26-Control4003-c2_TCATGTTTCTCTAGGA-1,GSM5613775_2020-08-26-Control4003-c2,0,low_single_type,1,0,0,,,0
GSM5613775_2020-08-26-Control4003-c2_TCATTACAGTGCAACG-1,GSM5613775_2020-08-26-Control4003-c2,0,low_single_type,1,0,0,,,0
GSM5613775_2020-08-26-Control4003-c2_TCATTACCAAAGCAAT-1,GSM5613775_2020-08-26-Control4003-c2,0,low_single_type,1,0,0,,,0
GSM5613775_2020-08-26-Control4003-c2_TCATTTGCAACTCCAA-1,GSM5613775_2020-08-26-Control4003-c2,0,low_single_type,1,0,0,,,0
GSM5613775_2020-08-26-Control4003-c2_TCATTTGGTAACGGTG-1,GSM5613775_2020-08-26-Control4003-c2,0,low_single_type,1,0,0,,,0
GSM5613775_2020-08-26-Control4003-c2_TCATTTGGTGTTACAC-1,GSM5613775_2020-08-26-Control4003-c2,0,low_single_type,1,0,0,,,0
GSM5613775_2020-08-26-Control4003-c2_TCATTTGTCCAAACCA-1,GSM5613775_2020-08-26-Control4003-c2,0,low_single_type,1,0,0,,,0
GSM5613775_2020-08-26-Control4003-c2_TCCACCATCGGAGCAA-1,GSM5613775_2020-08-26-Control4003-c2,0,low_single_type,1,0,0,,,0
GSM5613775_2020-08-26-Control4003-c2_TCCACCATCGTTGTTT-1,GSM5613775_2020-08-26-Control4003-c2,0,low_single_type,1,0,0,,,0
GSM5613775_2020-08-26-Control4003-c2_TCCACGTCACACCGCA-1,GSM5613775_2020-08-26-Control4003-c2,1,low_single_type,1,1,1,,,1
GSM5613775_2020-08-26-Control4003-c2_TCCACGTGTATGCAAA-1,GSM5613775_2020-08-26-Control4003-c2,0,low_single_type,1,0,0,,,0
GSM5613775_2020-08-26-Control4003-c2_TCCACGTGTCAGCTTA-1,GSM5613775_2020-08-26-Control4003-c2,0,low_single_type,1,0,0,,,0
GSM5613775_2020-08-26-Control4003-c2_TCCACGTTCGCATTAG-1,GSM5613775_2020-08-26-Control4003-c2,0,low_single_type,1,0,0,,,0
GSM5613775_2020-08-26-Control4003-c2_TCCAGAAGTAGCTTGT-1,GSM5613775_2020-08-26-Control4003-c2,0,low_single_type,1,0,0,,,0
GSM5613775_2020-08-26-Control4003-c2_TCCAGAATCATCGTAG-1,GSM5613775_2020-08-26-Control4003-c2,0,low_single_type,1,0,0,,,0
GSM5613775_2020-08-26-Control4003-c2_TCCAGAATCCTCCACA-1,GSM5613775_2020-08-26-Control4003-c2,1,low_single_type,1,1,1,,,1
GSM5613775_2020-08-26-Control4003-c2_TCCAGAATCGACGAGA-1,GSM5613775_2020-08-26-Control4003-c2,0,low_single_type,1,0,0,,,0
GSM5613775_2020-08-26-Control4003-c2_TCCAGAATCTAGAACC-1,GSM5613775_2020-08-26-Control4003-c2,0,low_single_type,1,0,0,,,0
GSM5613775_2020-08-26-Control4003-c2_TCCATCGTCCGTCAAA-1,GSM5613775_2020-08-26-Control4003-c2,0,low_single_type,1,0,0,,,0
GSM5613775_2020-08-26-Control4003-c2_TCCATGCTCGTGGGAA-1,GSM5613775_2020-08-26-Control4003-c2,0,low_single_type,1,0,0,,,0
GSM5613775_2020-08-26-Control4003-c2_TCCATGCTCTCGGTCT-1,GSM5613775_2020-08-26-Control4003-c2,0,low_single_type,1,0,0,,,0
GSM5613775_2020-08-26-Control4003-c2_TCCCACAAGCTAAATG-1,GSM5613775_2020-08-26-Control4003-c2,0,low_single_type,1,0,0,,,0
GSM5613775_2020-08-26-Control4003-c2_TCCCACAGTGTGAGCA-1,GSM5613775_2020-08-26-Control4003-c2,0,low_single_type,1,0,0,,,0
GSM5613775_2020-08-26-Control4003-c2_TCCCACATCCCTCTTT-1,GSM5613775_2020-08-26-Control4003-c2,0,low_single_type,1,0,0,,,0
GSM5613775_2020-08-26-Control4003-c2_TCCCAGTTCCATATGG-1,GSM5613775_2020-08-26-Control4003-c2,0,low_single_type,1,0,0,,,0
GSM5613775_2020-08-26-Control4003-c2_TCCCAGTTCGCTTGCT-1,GSM5613775_2020-08-26-Control4003-c2,0,low_single_type,1,0,0,,,0
GSM5613775_2020-08-26-Control4003-c2_TCCCATGAGCATGTTC-1,GSM5613775_2020-08-26-Control4003-c2,0,low_single_type,1,0,0,,,0
GSM5613775_2020-08-26-Control4003-c2_TCCCATGGTACGCTTA-1,GSM5613775_2020-08-26-Control4003-c2,0,low_single_type,1,0,0,,,0
GSM5613775_2020-08-26-Control4003-c2_TCCGAAAGTAGATGTA-1,GSM5613775_2020-08-26-Control4003-c2,0,low_single_type,1,0,0,,,0
GSM5613775_2020-08-26-Control4003-c2_TCCGAAAGTCCATACA-1,GSM5613775_2020-08-26-Control4003-c2,0,low_single_type,1,0,0,,,0
GSM5613775_2020-08-26-Control4003-c2_TCCGATCGTACATTGC-1,GSM5613775_2020-08-26-Control4003-c2,0,low_single_type,1,0,0,,,0
GSM5613775_2020-08-26-Control4003-c2_TCCGATCTCAAGATAG-1,GSM5613775_2020-08-26-Control4003-c2,0,low_single_type,1,0,0,,,0
GSM5613775_2020-08-26-Control4003-c2_TCCGGGAAGAGTCTTC-1,GSM5613775_2020-08-26-Control4003-c2,0,low_single_type,1,0,0,,,0
GSM5613775_2020-08-26-Control4003-c2_TCCGGGAAGATCGGTG-1,GSM5613775_2020-08-26-Control4003-c2,0,low_single_type,1,0,0,,,0
GSM5613775_2020-08-26-Control4003-c2_TCCGGGACAACTTGCA-1,GSM5613775_2020-08-26-Control4003-c2,0,low_single_type,1,0,0,,,0
GSM5613775_2020-08-26-Control4003-c2_TCCGGGACACATTACG-1,GSM5613775_2020-08-26-Control4003-c2,0,low_single_type,1,0,0,,,0
GSM5613775_2020-08-26-Control4003-c2_TCCGGGACACGTACTA-1,GSM5613775_2020-08-26-Control4003-c2,0,low_single_type,1,0,0,,,0
GSM5613775_2020-08-26-Control4003-c2_TCCGTGTCATGCACTA-1,GSM5613775_2020-08-26-Control4003-c2,0,low_single_type,1,0,0,,,0
GSM5613775_2020-08-26-Control4003-c2_TCCTAATAGGGTACGT-1,GSM5613775_2020-08-26-Control4003-c2,0,low_single_type,1,0,0,,,0
GSM5613775_2020-08-26-Control4003-c2_TCCTAATCATCCTGTC-1,GSM5613775_2020-08-26-Control4003-c2,0,low_single_type,1,0,0,,,0
GSM5613775_2020-08-26-Control4003-c2_TCCTCCCCAAACGAGC-1,GSM5613775_2020-08-26-Control4003-c2,0,low_single_type,1,0,0,,,0
GSM5613775_2020-08-26-Control4003-c2_TCCTCCCGTATTGGCT-1,GSM5613775_2020-08-26-Control4003-c2,0,low_single_type,1,0,0,,,0
GSM5613775_2020-08-26-Control4003-c2_TCCTCCCGTGGAACAC-1,GSM5613775_2020-08-26-Control4003-c2,0,low_single_type,1,0,0,,,0
GSM5613775_2020-08-26-Control4003-c2_TCCTCGAGTGGTAACG-1,GSM5613775_2020-08-26-Control4003-c2,0,low_single_type,1,0,0,,,0
GSM5613775_2020-08-26-Control4003-c2_TCCTCGATCTTGGATG-1,GSM5613775_2020-08-26-Control4003-c2,1,low_single_type,1,1,1,,,1
GSM5613775_2020-08-26-Control4003-c2_TCCTCTTAGCAGGTCA-1,GSM5613775_2020-08-26-Control4003-c2,0,low_single_type,1,0,0,,,0
GSM5613775_2020-08-26-Control4003-c2_TCCTCTTGTATCGCGC-1,GSM5613775_2020-08-26-Control4003-c2,0,low_single_type,1,0,0,,,0
GSM5613775_2020-08-26-Control4003-c2_TCCTGCAAGCTGGAGT-1,GSM5613775_2020-08-26-Control4003-c2,0,low_single_type,1,0,0,,,0
GSM5613775_2020-08-26-Control4003-c2_TCCTGCATCCCGTTGT-1,GSM5613775_2020-08-26-Control4003-c2,0,low_single_type,1,0,0,,,0
GSM5613775_2020-08-26-Control4003-c2_TCCTTCTAGAGTCTGG-1,GSM5613775_2020-08-26-Control4003-c2,0,low_single_type,1,0,0,,,0
GSM5613775_2020-08-26-Control4003-c2_TCCTTTCAGACTCCGC-1,GSM5613775_2020-08-26-Control4003-c2,0,low_single_type,1,0,0,,,0
GSM5613775_2020-08-26-Control4003-c2_TCGAACAAGTGTACCT-1,GSM5613775_2020-08-26-Control4003-c2,0,low_single_type,1,0,0,,,0
GSM5613775_2020-08-26-Control4003-c2_TCGAACACAACAAGAT-1,GSM5613775_2020-08-26-Control4003-c2,1,low_single_type,1,1,1,,,1
GSM5613775_2020-08-26-Control4003-c2_TCGAACACAGTTTCGA-1,GSM5613775_2020-08-26-Control4003-c2,0,low_single_type,1,0,0,,,0
GSM5613775_2020-08-26-Control4003-c2_TCGAACATCTCGGTCT-1,GSM5613775_2020-08-26-Control4003-c2,0,low_single_type,1,0,0,,,0
GSM5613775_2020-08-26-Control4003-c2_TCGACCTTCCGTGGGT-1,GSM5613775_2020-08-26-Control4003-c2,0,low_single_type,1,0,0,,,0
GSM5613775_2020-08-26-Control4003-c2_TCGACGGAGCCTCTTC-1,GSM5613775_2020-08-26-Control4003-c2,1,low_single_type,1,1,1,,,1
GSM5613775_2020-08-26-Control4003-c2_TCGACGGAGGCAGTCA-1,GSM5613775_2020-08-26-Control4003-c2,1,low_single_type,1,1,1,,,1
GSM5613775_2020-08-26-Control4003-c2_TCGACGGCAACAAGTA-1,GSM5613775_2020-08-26-Control4003-c2,0,low_single_type,1,0,0,,,0
GSM5613775_2020-08-26-Control4003-c2_TCGACGGCAAGCGCAA-1,GSM5613775_2020-08-26-Control4003-c2,1,low_single_type,1,1,1,,,1
GSM5613775_2020-08-26-Control4003-c2_TCGACGGCATTCTTCA-1,GSM5613775_2020-08-26-Control4003-c2,0,low_single_type,1,0,0,,,0
GSM5613775_2020-08-26-Control4003-c2_TCGATTTCATATTCGG-1,GSM5613775_2020-08-26-Control4003-c2,0,low_single_type,1,0,0,,,0
GSM5613775_2020-08-26-Control4003-c2_TCGCACTTCGCCAGAC-1,GSM5613775_2020-08-26-Control4003-c2,0,low_single_type,1,0,0,,,0
GSM5613775_2020-08-26-Control4003-c2_TCGCAGGGTAACTGCT-1,GSM5613775_2020-08-26-Control4003-c2,0,low_single_type,1,0,0,,,0
GSM5613775_2020-08-26-Control4003-c2_TCGCAGGTCACAAGAA-1,GSM5613775_2020-08-26-Control4003-c2,1,low_single_type,1,1,1,,,1
GSM5613775_2020-08-26-Control4003-c2_TCGCTCAAGCATAGGC-1,GSM5613775_2020-08-26-Control4003-c2,0,low_single_type,1,0,0,,,0
GSM5613775_2020-08-26-Control4003-c2_TCGCTCATCGAAGGAC-1,GSM5613775_2020-08-26-Control4003-c2,0,low_single_type,1,0,0,,,0
GSM5613775_2020-08-26-Control4003-c2_TCGCTTGAGGGCCAAT-1,GSM5613775_2020-08-26-Control4003-c2,0,low_single_type,1,0,0,,,0
GSM5613775_2020-08-26-Control4003-c2_TCGCTTGAGGTAGCAC-1,GSM5613775_2020-08-26-Control4003-c2,0,low_single_type,1,0,0,,,0
GSM5613775_2020-08-26-Control4003-c2_TCGCTTGCACCGAATT-1,GSM5613775_2020-08-26-Control4003-c2,1,low_single_type,1,1,1,,,1
GSM5613775_2020-08-26-Control4003-c2_TCGGATAAGTACAGAT-1,GSM5613775_2020-08-26-Control4003-c2,0,low_single_type,1,0,0,,,0
GSM5613775_2020-08-26-Control4003-c2_TCGGATAGTAGGCAAC-1,GSM5613775_2020-08-26-Control4003-c2,0,low_single_type,1,0,0,,,0
GSM5613775_2020-08-26-Control4003-c2_TCGGGCAGTTGACTAC-1,GSM5613775_2020-08-26-Control4003-c2,0,low_single_type,1,0,0,,,0
GSM5613775_2020-08-26-Control4003-c2_TCGGGTGAGTCATCCA-1,GSM5613775_2020-08-26-Control4003-c2,1,low_single_type,1,1,1,,,1
GSM5613775_2020-08-26-Control4003-c2_TCGGGTGCAATACGCT-1,GSM5613775_2020-08-26-Control4003-c2,0,low_single_type,1,0,0,,,0
GSM5613775_2020-08-26-Control4003-c2_TCGGTCTTCGACCTAA-1,GSM5613775_2020-08-26-Control4003-c2,0,low_single_type,1,0,0,,,0
GSM5613775_2020-08-26-Control4003-c2_TCGTAGACACCTCGTT-1,GSM5613775_2020-08-26-Control4003-c2,1,low_single_type,1,1,1,,,1
GSM5613775_2020-08-26-Control4003-c2_TCGTAGATCAAGCCAT-1,GSM5613775_2020-08-26-Control4003-c2,0,low_single_type,1,0,0,,,0
GSM5613775_2020-08-26-Control4003-c2_TCGTAGATCGTCCTTG-1,GSM5613775_2020-08-26-Control4003-c2,0,low_single_type,1,0,0,,,0
GSM5613775_2020-08-26-Control4003-c2_TCGTCCAAGTAACAGT-1,GSM5613775_2020-08-26-Control4003-c2,0,low_single_type,1,0,0,,,0
GSM5613775_2020-08-26-Control4003-c2_TCGTCCATCGCTCCTA-1,GSM5613775_2020-08-26-Control4003-c2,1,low_single_type,1,1,1,,,1
GSM5613775_2020-08-26-Control4003-c2_TCGTGGGAGGATTACA-1,GSM5613775_2020-08-26-Control4003-c2,0,low_single_type,1,0,0,,,0
GSM5613775_2020-08-26-Control4003-c2_TCGTGGGCACGCGTGT-1,GSM5613775_2020-08-26-Control4003-c2,1,low_single_type,1,1,1,,,1
GSM5613775_2020-08-26-Control4003-c2_TCTAACTAGGCCCGTT-1,GSM5613775_2020-08-26-Control4003-c2,0,low_single_type,1,0,0,,,0
GSM5613775_2020-08-26-Control4003-c2_TCTAACTCAACGATTC-1,GSM5613775_2020-08-26-Control4003-c2,0,low_single_type,1,0,0,,,0
GSM5613775_2020-08-26-Control4003-c2_TCTAACTCAGACCGCT-1,GSM5613775_2020-08-26-Control4003-c2,0,low_single_type,1,0,0,,,0
GSM5613775_2020-08-26-Control4003-c2_TCTAACTGTCCCACGA-1,GSM5613775_2020-08-26-Control4003-c2,0,low_single_type,1,0,0,,,0
GSM5613775_2020-08-26-Control4003-c2_TCTAACTTCCGATAAC-1,GSM5613775_2020-08-26-Control4003-c2,1,low_single_type,1,1,1,,,1
GSM5613775_2020-08-26-Control4003-c2_TCTACATGTCTGTGCG-1,GSM5613775_2020-08-26-Control4003-c2,0,low_single_type,1,0,0,,,0
GSM5613775_2020-08-26-Control4003-c2_TCTATACCAAATGAGT-1,GSM5613775_2020-08-26-Control4003-c2,0,low_single_type,1,0,0,,,0
GSM5613775_2020-08-26-Control4003-c2_TCTATACTCGGCTGTG-1,GSM5613775_2020-08-26-Control4003-c2,0,low_single_type,1,0,0,,,0
GSM5613775_2020-08-26-Control4003-c2_TCTATCAAGAGTACCG-1,GSM5613775_2020-08-26-Control4003-c2,0,low_single_type,1,0,0,,,0
GSM5613775_2020-08-26-Control4003-c2_TCTATCAAGGTCTGGA-1,GSM5613775_2020-08-26-Control4003-c2,0,low_single_type,1,0,0,,,0
GSM5613775_2020-08-26-Control4003-c2_TCTCAGCGTCATGCAT-1,GSM5613775_2020-08-26-Control4003-c2,1,low_single_type,1,1,1,,,1
GSM5613775_2020-08-26-Control4003-c2_TCTCAGCGTTAACAGA-1,GSM5613775_2020-08-26-Control4003-c2,0,low_single_type,1,0,0,,,0
GSM5613775_2020-08-26-Control4003-c2_TCTCTGGCACCGAATT-1,GSM5613775_2020-08-26-Control4003-c2,0,low_single_type,1,0,0,,,0
GSM5613775_2020-08-26-Control4003-c2_TCTCTGGCAGAATTCC-1,GSM5613775_2020-08-26-Control4003-c2,1,low_single_type,1,1,1,,,1
GSM5613775_2020-08-26-Control4003-c2_TCTCTGGTCCTCATAT-1,GSM5613775_2020-08-26-Control4003-c2,1,low_single_type,1,1,1,,,1
GSM5613775_2020-08-26-Control4003-c2_TCTGCCATCGTCTCAC-1,GSM5613775_2020-08-26-Control4003-c2,0,low_single_type,1,0,0,,,0
GSM5613775_2020-08-26-Control4003-c2_TCTGGCTAGAGTGTGC-1,GSM5613775_2020-08-26-Control4003-c2,0,low_single_type,1,0,0,,,0
GSM5613775_2020-08-26-Control4003-c2_TCTGTCGCACTTGGGC-1,GSM5613775_2020-08-26-Control4003-c2,0,low_single_type,1,0,0,,,0
GSM5613775_2020-08-26-Control4003-c2_TCTGTCGGTACGATGG-1,GSM5613775_2020-08-26-Control4003-c2,1,low_single_type,1,1,1,,,1
GSM5613775_2020-08-26-Control4003-c2_TCTGTCGTCCGAAATC-1,GSM5613775_2020-08-26-Control4003-c2,0,low_single_type,1,0,0,,,0
GSM5613775_2020-08-26-Control4003-c2_TCTTAGTAGGTAACTA-1,GSM5613775_2020-08-26-Control4003-c2,0,low_single_type,1,0,0,,,0
GSM5613775_2020-08-26-Control4003-c2_TCTTAGTCAAGGCAAC-1,GSM5613775_2020-08-26-Control4003-c2,0,low_single_type,1,0,0,,,0
GSM5613775_2020-08-26-Control4003-c2_TCTTAGTCAATAAGGT-1,GSM5613775_2020-08-26-Control4003-c2,0,low_single_type,1,0,0,,,0
GSM5613775_2020-08-26-Control4003-c2_TCTTAGTGTCTTGTCC-1,GSM5613775_2020-08-26-Control4003-c2,0,low_single_type,1,0,0,,,0
GSM5613775_2020-08-26-Control4003-c2_TCTTAGTGTTTACGAC-1,GSM5613775_2020-08-26-Control4003-c2,1,low_single_type,1,1,1,,,1
GSM5613775_2020-08-26-Control4003-c2_TCTTCCTCACGCTGCA-1,GSM5613775_2020-08-26-Control4003-c2,0,low_single_type,1,0,0,,,0
GSM5613775_2020-08-26-Control4003-c2_TCTTCCTCAGGAACCA-1,GSM5613775_2020-08-26-Control4003-c2,0,low_single_type,1,0,0,,,0
GSM5613775_2020-08-26-Control4003-c2_TCTTCCTTCATAAGGA-1,GSM5613775_2020-08-26-Control4003-c2,0,low_single_type,1,0,0,,,0
GSM5613775_2020-08-26-Control4003-c2_TCTTGCGCAACCCTAA-1,GSM5613775_2020-08-26-Control4003-c2,0,low_single_type,1,0,0,,,0
GSM5613775_2020-08-26-Control4003-c2_TCTTGCGCACTGGACC-1,GSM5613775_2020-08-26-Control4003-c2,0,low_single_type,1,0,0,,,0
GSM5613775_2020-08-26-Control4003-c2_TCTTGCGCAGGGTCTC-1,GSM5613775_2020-08-26-Control4003-c2,0,low_single_type,1,0,0,,,0
GSM5613775_2020-08-26-Control4003-c2_TCTTTGAAGAGAGTGA-1,GSM5613775_2020-08-26-Control4003-c2,0,low_single_type,1,0,0,,,0
GSM5613775_2020-08-26-Control4003-c2_TCTTTGAAGTGCCCGT-1,GSM5613775_2020-08-26-Control4003-c2,0,low_single_type,1,0,0,,,0
GSM5613775_2020-08-26-Control4003-c2_TCTTTGAGTCAAGTTC-1,GSM5613775_2020-08-26-Control4003-c2,0,low_single_type,1,0,0,,,0
GSM5613775_2020-08-26-Control4003-c2_TGAACGTAGTACGTCT-1,GSM5613775_2020-08-26-Control4003-c2,0,low_single_type,1,0,0,,,0
GSM5613775_2020-08-26-Control4003-c2_TGAACGTGTAGAGGAA-1,GSM5613775_2020-08-26-Control4003-c2,0,low_single_type,1,0,0,,,0
GSM5613775_2020-08-26-Control4003-c2_TGAATCGAGAGGTCGT-1,GSM5613775_2020-08-26-Control4003-c2,0,low_single_type,1,0,0,,,0
GSM5613775_2020-08-26-Control4003-c2_TGAATCGAGATAACAC-1,GSM5613775_2020-08-26-Control4003-c2,0,low_single_type,1,0,0,,,0
GSM5613775_2020-08-26-Control4003-c2_TGAATGCAGCTTACGT-1,GSM5613775_2020-08-26-Control4003-c2,0,low_single_type,1,0,0,,,0
GSM5613775_2020-08-26-Control4003-c2_TGAATGCGTCATACCA-1,GSM5613775_2020-08-26-Control4003-c2,1,low_single_type,1,1,1,,,1
GSM5613775_2020-08-26-Control4003-c2_TGAATGCGTCGTCATA-1,GSM5613775_2020-08-26-Control4003-c2,1,low_single_type,1,1,1,,,1
GSM5613775_2020-08-26-Control4003-c2_TGACAGTGTAAGACCG-1,GSM5613775_2020-08-26-Control4003-c2,0,low_single_type,1,0,0,,,0
GSM5613775_2020-08-26-Control4003-c2_TGACAGTGTGTCTTCC-1,GSM5613775_2020-08-26-Control4003-c2,0,low_single_type,1,0,0,,,0
GSM5613775_2020-08-26-Control4003-c2_TGACCCTAGCCTTTCC-1,GSM5613775_2020-08-26-Control4003-c2,1,low_single_type,1,1,1,,,1
GSM5613775_2020-08-26-Control4003-c2_TGACCCTCAGTTGTCA-1,GSM5613775_2020-08-26-Control4003-c2,0,low_single_type,1,0,0,,,0
GSM5613775_2020-08-26-Control4003-c2_TGACCCTGTCACCGAC-1,GSM5613775_2020-08-26-Control4003-c2,0,low_single_type,1,0,0,,,0
GSM5613775_2020-08-26-Control4003-c2_TGACCCTGTCGTACTA-1,GSM5613775_2020-08-26-Control4003-c2,0,low_single_type,1,0,0,,,0
GSM5613775_2020-08-26-Control4003-c2_TGACGCGCACTTCTCG-1,GSM5613775_2020-08-26-Control4003-c2,0,low_single_type,1,0,0,,,0
GSM5613775_2020-08-26-Control4003-c2_TGACGCGGTCATTGCA-1,GSM5613775_2020-08-26-Control4003-c2,0,low_single_type,1,0,0,,,0
GSM5613775_2020-08-26-Control4003-c2_TGACGCGGTGCCTGAC-1,GSM5613775_2020-08-26-Control4003-c2,0,low_single_type,1,0,0,,,0
GSM5613775_2020-08-26-Control4003-c2_TGACGCGTCAGCTAGT-1,GSM5613775_2020-08-26-Control4003-c2,0,low_single_type,1,0,0,,,0
GSM5613775_2020-08-26-Control4003-c2_TGACGCGTCATGCAGT-1,GSM5613775_2020-08-26-Control4003-c2,1,low_single_type,1,1,1,,,1
GSM5613775_2020-08-26-Control4003-c2_TGACGCGTCGCTGTTC-1,GSM5613775_2020-08-26-Control4003-c2,0,low_single_type,1,0,0,,,0
GSM5613775_2020-08-26-Control4003-c2_TGACTCCCACAGCTGC-1,GSM5613775_2020-08-26-Control4003-c2,0,low_single_type,1,0,0,,,0
GSM5613775_2020-08-26-Control4003-c2_TGACTCCCACCTCTAC-1,GSM5613775_2020-08-26-Control4003-c2,1,low_single_type,1,1,1,,,1
GSM5613775_2020-08-26-Control4003-c2_TGAGACTCACTAGAGG-1,GSM5613775_2020-08-26-Control4003-c2,1,low_single_type,1,1,1,,,1
GSM5613775_2020-08-26-Control4003-c2_TGAGACTCATTGTCGA-1,GSM5613775_2020-08-26-Control4003-c2,0,low_single_type,1,0,0,,,0
GSM5613775_2020-08-26-Control4003-c2_TGAGACTTCTTACTGT-1,GSM5613775_2020-08-26-Control4003-c2,0,low_single_type,1,0,0,,,0
GSM5613775_2020-08-26-Control4003-c2_TGAGCATGTGCAAGAC-1,GSM5613775_2020-08-26-Control4003-c2,0,low_single_type,1,0,0,,,0
GSM5613775_2020-08-26-Control4003-c2_TGAGCGCTCACCTCAC-1,GSM5613775_2020-08-26-Control4003-c2,0,low_single_type,1,0,0,,,0
GSM5613775_2020-08-26-Control4003-c2_TGAGCGCTCGAACGCC-1,GSM5613775_2020-08-26-Control4003-c2,0,low_single_type,1,0,0,,,0
GSM5613775_2020-08-26-Control4003-c2_TGAGGAGCACTATCGA-1,GSM5613775_2020-08-26-Control4003-c2,0,low_single_type,1,0,0,,,0
GSM5613775_2020-08-26-Control4003-c2_TGAGGAGGTGTAACGG-1,GSM5613775_2020-08-26-Control4003-c2,1,low_single_type,1,1,1,,,1
GSM5613775_2020-08-26-Control4003-c2_TGAGGAGTCCCACAGG-1,GSM5613775_2020-08-26-Control4003-c2,0,low_single_type,1,0,0,,,0
GSM5613775_2020-08-26-Control4003-c2_TGAGGGAAGTGGAAGA-1,GSM5613775_2020-08-26-Control4003-c2,0,low_single_type,1,0,0,,,0
GSM5613775_2020-08-26-Control4003-c2_TGAGGGACATTAGGAA-1,GSM5613775_2020-08-26-Control4003-c2,1,low_single_type,1,1,1,,,1
GSM5613775_2020-08-26-Control4003-c2_TGAGGGAGTTCCGGTG-1,GSM5613775_2020-08-26-Control4003-c2,1,low_single_type,1,1,1,,,1
GSM5613775_2020-08-26-Control4003-c2_TGAGGGAGTTTATGCG-1,GSM5613775_2020-08-26-Control4003-c2,1,low_single_type,1,1,1,,,1
GSM5613775_2020-08-26-Control4003-c2_TGAGGGATCTGTCGCT-1,GSM5613775_2020-08-26-Control4003-c2,0,low_single_type,1,0,0,,,0
GSM5613775_2020-08-26-Control4003-c2_TGAGGTTCACATACTG-1,GSM5613775_2020-08-26-Control4003-c2,0,low_single_type,1,0,0,,,0
GSM5613775_2020-08-26-Control4003-c2_TGAGGTTCACATGAAA-1,GSM5613775_2020-08-26-Control4003-c2,0,low_single_type,1,0,0,,,0
GSM5613775_2020-08-26-Control4003-c2_TGAGGTTGTGTTAACC-1,GSM5613775_2020-08-26-Control4003-c2,0,low_single_type,1,0,0,,,0
GSM5613775_2020-08-26-Control4003-c2_TGAGGTTTCACCGGTG-1,GSM5613775_2020-08-26-Control4003-c2,0,low_single_type,1,0,0,,,0
GSM5613775_2020-08-26-Control4003-c2_TGAGTCAAGGTGCATG-1,GSM5613775_2020-08-26-Control4003-c2,0,low_single_type,1,0,0,,,0
GSM5613775_2020-08-26-Control4003-c2_TGAGTCAGTGTCTAAC-1,GSM5613775_2020-08-26-Control4003-c2,1,low_single_type,1,1,1,,,1
GSM5613775_2020-08-26-Control4003-c2_TGAGTCATCATCGCTC-1,GSM5613775_2020-08-26-Control4003-c2,0,low_single_type,1,0,0,,,0
GSM5613775_2020-08-26-Control4003-c2_TGATCAGGTAGCGATG-1,GSM5613775_2020-08-26-Control4003-c2,1,low_single_type,1,1,1,,,1
GSM5613775_2020-08-26-Control4003-c2_TGATGCAGTTGCTTGA-1,GSM5613775_2020-08-26-Control4003-c2,0,low_single_type,1,0,0,,,0
GSM5613775_2020-08-26-Control4003-c2_TGATGGTAGCAATTCC-1,GSM5613775_2020-08-26-Control4003-c2,0,low_single_type,1,0,0,,,0
GSM5613775_2020-08-26-Control4003-c2_TGATGGTAGTATGACA-1,GSM5613775_2020-08-26-Control4003-c2,0,low_single_type,1,0,0,,,0
GSM5613775_2020-08-26-Control4003-c2_TGATGGTCATGCTGCG-1,GSM5613775_2020-08-26-Control4003-c2,0,low_single_type,1,0,0,,,0
GSM5613775_2020-08-26-Control4003-c2_TGATGGTGTCCGGACT-1,GSM5613775_2020-08-26-Control4003-c2,0,low_single_type,1,0,0,,,0
GSM5613775_2020-08-26-Control4003-c2_TGATGGTGTTGCTCAA-1,GSM5613775_2020-08-26-Control4003-c2,0,low_single_type,1,0,0,,,0
GSM5613775_2020-08-26-Control4003-c2_TGATTCTAGGAGAGTA-1,GSM5613775_2020-08-26-Control4003-c2,0,low_single_type,1,0,0,,,0
GSM5613775_2020-08-26-Control4003-c2_TGATTCTTCTGGCCTT-1,GSM5613775_2020-08-26-Control4003-c2,0,low_single_type,1,0,0,,,0
GSM5613775_2020-08-26-Control4003-c2_TGATTTCAGACGGTCA-1,GSM5613775_2020-08-26-Control4003-c2,0,low_single_type,1,0,0,,,0
GSM5613775_2020-08-26-Control4003-c2_TGATTTCAGCCATTGT-1,GSM5613775_2020-08-26-Control4003-c2,0,low_single_type,1,0,0,,,0
GSM5613775_2020-08-26-Control4003-c2_TGCACGGCAAATCGTC-1,GSM5613775_2020-08-26-Control4003-c2,0,low_single_type,1,0,0,,,0
GSM5613775_2020-08-26-Control4003-c2_TGCACGGGTAGCTAAA-1,GSM5613775_2020-08-26-Control4003-c2,0,low_single_type,1,0,0,,,0
GSM5613775_2020-08-26-Control4003-c2_TGCACGGGTATGATCC-1,GSM5613775_2020-08-26-Control4003-c2,0,low_single_type,1,0,0,,,0
GSM5613775_2020-08-26-Control4003-c2_TGCACGGTCCACAGCG-1,GSM5613775_2020-08-26-Control4003-c2,0,low_single_type,1,0,0,,,0
GSM5613775_2020-08-26-Control4003-c2_TGCAGATGTGAATGTA-1,GSM5613775_2020-08-26-Control4003-c2,0,low_single_type,1,0,0,,,0
GSM5613775_2020-08-26-Control4003-c2_TGCAGATTCCCGTTGT-1,GSM5613775_2020-08-26-Control4003-c2,0,low_single_type,1,0,0,,,0
GSM5613775_2020-08-26-Control4003-c2_TGCAGGCAGTTCGGTT-1,GSM5613775_2020-08-26-Control4003-c2,0,low_single_type,1,0,0,,,0
GSM5613775_2020-08-26-Control4003-c2_TGCAGGCCAAAGGGTC-1,GSM5613775_2020-08-26-Control4003-c2,0,low_single_type,1,0,0,,,0
GSM5613775_2020-08-26-Control4003-c2_TGCAGGCGTTGTTGTG-1,GSM5613775_2020-08-26-Control4003-c2,0,low_single_type,1,0,0,,,0
GSM5613775_2020-08-26-Control4003-c2_TGCAGGCTCGATCCCT-1,GSM5613775_2020-08-26-Control4003-c2,0,low_single_type,1,0,0,,,0
GSM5613775_2020-08-26-Control4003-c2_TGCAGTAGTCTACGAT-1,GSM5613775_2020-08-26-Control4003-c2,0,low_single_type,1,0,0,,,0
GSM5613775_2020-08-26-Control4003-c2_TGCAGTATCTGAGATC-1,GSM5613775_2020-08-26-Control4003-c2,0,low_single_type,1,0,0,,,0
GSM5613775_2020-08-26-Control4003-c2_TGCAGTATCTTAATCC-1,GSM5613775_2020-08-26-Control4003-c2,0,low_single_type,1,0,0,,,0
GSM5613775_2020-08-26-Control4003-c2_TGCATCCCATACTGTG-1,GSM5613775_2020-08-26-Control4003-c2,0,low_single_type,1,0,0,,,0
GSM5613775_2020-08-26-Control4003-c2_TGCCGAGCATAGGAGC-1,GSM5613775_2020-08-26-Control4003-c2,0,low_single_type,1,0,0,,,0
GSM5613775_2020-08-26-Control4003-c2_TGCCGAGGTAACAAGT-1,GSM5613775_2020-08-26-Control4003-c2,0,low_single_type,1,0,0,,,0
GSM5613775_2020-08-26-Control4003-c2_TGCCGAGTCACCTACC-1,GSM5613775_2020-08-26-Control4003-c2,0,low_single_type,1,0,0,,,0
GSM5613775_2020-08-26-Control4003-c2_TGCGACGAGGCTCAAG-1,GSM5613775_2020-08-26-Control4003-c2,0,low_single_type,1,0,0,,,0
GSM5613775_2020-08-26-Control4003-c2_TGCGACGGTTGTCAGT-1,GSM5613775_2020-08-26-Control4003-c2,0,low_single_type,1,0,0,,,0
GSM5613775_2020-08-26-Control4003-c2_TGCGACGTCCACTTTA-1,GSM5613775_2020-08-26-Control4003-c2,0,low_single_type,1,0,0,,,0
GSM5613775_2020-08-26-Control4003-c2_TGCGGCACATGTGACT-1,GSM5613775_2020-08-26-Control4003-c2,0,low_single_type,1,0,0,,,0
GSM5613775_2020-08-26-Control4003-c2_TGCGGCATCAAGGTGG-1,GSM5613775_2020-08-26-Control4003-c2,0,low_single_type,1,0,0,,,0
GSM5613775_2020-08-26-Control4003-c2_TGCGGGTGTCTAACGT-1,GSM5613775_2020-08-26-Control4003-c2,0,low_single_type,1,0,0,,,0
GSM5613775_2020-08-26-Control4003-c2_TGCTCCACACTTGGCG-1,GSM5613775_2020-08-26-Control4003-c2,0,low_single_type,1,0,0,,,0
GSM5613775_2020-08-26-Control4003-c2_TGCTCCAGTCTTTCAT-1,GSM5613775_2020-08-26-Control4003-c2,0,low_single_type,1,0,0,,,0
GSM5613775_2020-08-26-Control4003-c2_TGCTCGTAGAGGCGGA-1,GSM5613775_2020-08-26-Control4003-c2,0,low_single_type,1,0,0,,,0
GSM5613775_2020-08-26-Control4003-c2_TGCTCGTAGGGATCTG-1,GSM5613775_2020-08-26-Control4003-c2,0,low_single_type,1,0,0,,,0
GSM5613775_2020-08-26-Control4003-c2_TGCTCGTGTCTTGTCC-1,GSM5613775_2020-08-26-Control4003-c2,0,low_single_type,1,0,0,,,0
GSM5613775_2020-08-26-Control4003-c2_TGCTGAACAGCCCACA-1,GSM5613775_2020-08-26-Control4003-c2,0,low_single_type,1,0,0,,,0
GSM5613775_2020-08-26-Control4003-c2_TGCTGAACAGCGTATT-1,GSM5613775_2020-08-26-Control4003-c2,1,low_single_type,1,1,1,,,1
GSM5613775_2020-08-26-Control4003-c2_TGCTGAAGTCTGTAAC-1,GSM5613775_2020-08-26-Control4003-c2,0,low_single_type,1,0,0,,,0
GSM5613775_2020-08-26-Control4003-c2_TGCTGAAGTTCGGCTG-1,GSM5613775_2020-08-26-Control4003-c2,1,low_single_type,1,1,1,,,1
GSM5613775_2020-08-26-Control4003-c2_TGCTGAATCAGAATAG-1,GSM5613775_2020-08-26-Control4003-c2,1,low_single_type,1,1,1,,,1
GSM5613775_2020-08-26-Control4003-c2_TGCTTCGGTAACTAAG-1,GSM5613775_2020-08-26-Control4003-c2,0,low_single_type,1,0,0,,,0
GSM5613775_2020-08-26-Control4003-c2_TGCTTCGTCAGTCTTT-1,GSM5613775_2020-08-26-Control4003-c2,1,low_single_type,1,1,1,,,1
GSM5613775_2020-08-26-Control4003-c2_TGCTTCGTCGACATAC-1,GSM5613775_2020-08-26-Control4003-c2,0,low_single_type,1,0,0,,,0
GSM5613775_2020-08-26-Control4003-c2_TGCTTGCAGCTTTCTT-1,GSM5613775_2020-08-26-Control4003-c2,0,low_single_type,1,0,0,,,0
GSM5613775_2020-08-26-Control4003-c2_TGCTTGCGTATAGGGC-1,GSM5613775_2020-08-26-Control4003-c2,0,low_single_type,1,0,0,,,0
GSM5613775_2020-08-26-Control4003-c2_TGCTTGCTCTTGCAAG-1,GSM5613775_2020-08-26-Control4003-c2,0,low_single_type,1,0,0,,,0
GSM5613775_2020-08-26-Control4003-c2_TGGAACTAGCACTAAA-1,GSM5613775_2020-08-26-Control4003-c2,0,low_single_type,1,0,0,,,0
GSM5613775_2020-08-26-Control4003-c2_TGGAACTAGGCATGCA-1,GSM5613775_2020-08-26-Control4003-c2,0,low_single_type,1,0,0,,,0
GSM5613775_2020-08-26-Control4003-c2_TGGAACTGTCTCGCGA-1,GSM5613775_2020-08-26-Control4003-c2,0,low_single_type,1,0,0,,,0
GSM5613775_2020-08-26-Control4003-c2_TGGAGAGGTAGCGTCC-1,GSM5613775_2020-08-26-Control4003-c2,0,low_single_type,1,0,0,,,0
GSM5613775_2020-08-26-Control4003-c2_TGGAGAGTCCTGTTGC-1,GSM5613775_2020-08-26-Control4003-c2,0,low_single_type,1,0,0,,,0
GSM5613775_2020-08-26-Control4003-c2_TGGAGAGTCTAGTGTG-1,GSM5613775_2020-08-26-Control4003-c2,0,low_single_type,1,0,0,,,0
GSM5613775_2020-08-26-Control4003-c2_TGGAGGACACTGTGAT-1,GSM5613775_2020-08-26-Control4003-c2,1,low_single_type,1,1,1,,,1
GSM5613775_2020-08-26-Control4003-c2_TGGAGGACATAACGGG-1,GSM5613775_2020-08-26-Control4003-c2,1,low_single_type,1,1,1,,,1
GSM5613775_2020-08-26-Control4003-c2_TGGAGGAGTCATGGCC-1,GSM5613775_2020-08-26-Control4003-c2,0,low_single_type,1,0,0,,,0
GSM5613775_2020-08-26-Control4003-c2_TGGAGGAGTGCTTATG-1,GSM5613775_2020-08-26-Control4003-c2,0,low_single_type,1,0,0,,,0
GSM5613775_2020-08-26-Control4003-c2_TGGATCAAGTCCCGGT-1,GSM5613775_2020-08-26-Control4003-c2,0,low_single_type,1,0,0,,,0
GSM5613775_2020-08-26-Control4003-c2_TGGATCACATCGCTAA-1,GSM5613775_2020-08-26-Control4003-c2,0,low_single_type,1,0,0,,,0
GSM5613775_2020-08-26-Control4003-c2_TGGATCAGTGATACCT-1,GSM5613775_2020-08-26-Control4003-c2,0,low_single_type,1,0,0,,,0
GSM5613775_2020-08-26-Control4003-c2_TGGATGTTCACAACCA-1,GSM5613775_2020-08-26-Control4003-c2,0,low_single_type,1,0,0,,,0
GSM5613775_2020-08-26-Control4003-c2_TGGCGTGAGTACTGTC-1,GSM5613775_2020-08-26-Control4003-c2,0,low_single_type,1,0,0,,,0
GSM5613775_2020-08-26-Control4003-c2_TGGCGTGCAACTGCCG-1,GSM5613775_2020-08-26-Control4003-c2,0,low_single_type,1,0,0,,,0
GSM5613775_2020-08-26-Control4003-c2_TGGCGTGTCACATTGG-1,GSM5613775_2020-08-26-Control4003-c2,0,low_single_type,1,0,0,,,0
GSM5613775_2020-08-26-Control4003-c2_TGGCGTGTCACCGACG-1,GSM5613775_2020-08-26-Control4003-c2,1,low_single_type,1,1,1,,,1
GSM5613775_2020-08-26-Control4003-c2_TGGCGTGTCACTTATC-1,GSM5613775_2020-08-26-Control4003-c2,0,low_single_type,1,0,0,,,0
GSM5613775_2020-08-26-Control4003-c2_TGGGAAGCACCTATCC-1,GSM5613775_2020-08-26-Control4003-c2,0,low_single_type,1,0,0,,,0
GSM5613775_2020-08-26-Control4003-c2_TGGGAAGCAGCATGCC-1,GSM5613775_2020-08-26-Control4003-c2,0,low_single_type,1,0,0,,,0
GSM5613775_2020-08-26-Control4003-c2_TGGGAAGGTGTGTTTG-1,GSM5613775_2020-08-26-Control4003-c2,1,low_single_type,1,1,1,,,1
GSM5613775_2020-08-26-Control4003-c2_TGGGAAGTCACCGGGT-1,GSM5613775_2020-08-26-Control4003-c2,0,low_single_type,1,0,0,,,0
GSM5613775_2020-08-26-Control4003-c2_TGGGAGATCTCGAACA-1,GSM5613775_2020-08-26-Control4003-c2,0,low_single_type,1,0,0,,,0
GSM5613775_2020-08-26-Control4003-c2_TGGGATTCAACCGACC-1,GSM5613775_2020-08-26-Control4003-c2,0,low_single_type,1,0,0,,,0
GSM5613775_2020-08-26-Control4003-c2_TGGGATTGTACAAACA-1,GSM5613775_2020-08-26-Control4003-c2,0,low_single_type,1,0,0,,,0
GSM5613775_2020-08-26-Control4003-c2_TGGGATTGTAGATTGA-1,GSM5613775_2020-08-26-Control4003-c2,0,low_single_type,1,0,0,,,0
GSM5613775_2020-08-26-Control4003-c2_TGGGATTTCATGCCAA-1,GSM5613775_2020-08-26-Control4003-c2,0,low_single_type,1,0,0,,,0
GSM5613775_2020-08-26-Control4003-c2_TGGGCGTAGAACTTCC-1,GSM5613775_2020-08-26-Control4003-c2,1,low_single_type,1,1,1,,,1
GSM5613775_2020-08-26-Control4003-c2_TGGGCTGAGGAGAGGC-1,GSM5613775_2020-08-26-Control4003-c2,0,low_single_type,1,0,0,,,0
GSM5613775_2020-08-26-Control4003-c2_TGGGCTGTCTGGGTCG-1,GSM5613775_2020-08-26-Control4003-c2,0,low_single_type,1,0,0,,,0
GSM5613775_2020-08-26-Control4003-c2_TGGGTTACAAACTAAG-1,GSM5613775_2020-08-26-Control4003-c2,1,low_single_type,1,1,1,,,1
GSM5613775_2020-08-26-Control4003-c2_TGGGTTATCTTGGTGA-1,GSM5613775_2020-08-26-Control4003-c2,0,low_single_type,1,0,0,,,0
GSM5613775_2020-08-26-Control4003-c2_TGGTACACACGACTAT-1,GSM5613775_2020-08-26-Control4003-c2,0,low_single_type,1,0,0,,,0
GSM5613775_2020-08-26-Control4003-c2_TGGTGATAGCCTATTG-1,GSM5613775_2020-08-26-Control4003-c2,0,low_single_type,1,0,0,,,0
GSM5613775_2020-08-26-Control4003-c2_TGGTGATAGGCAGTCA-1,GSM5613775_2020-08-26-Control4003-c2,0,low_single_type,1,0,0,,,0
GSM5613775_2020-08-26-Control4003-c2_TGGTGATTCCGCATAA-1,GSM5613775_2020-08-26-Control4003-c2,0,low_single_type,1,0,0,,,0
GSM5613775_2020-08-26-Control4003-c2_TGGTTAGAGAATTGTG-1,GSM5613775_2020-08-26-Control4003-c2,1,low_single_type,1,1,1,,,1
GSM5613775_2020-08-26-Control4003-c2_TGGTTAGGTTCCTACC-1,GSM5613775_2020-08-26-Control4003-c2,0,low_single_type,1,0,0,,,0
GSM5613775_2020-08-26-Control4003-c2_TGTAACGAGGTGCATG-1,GSM5613775_2020-08-26-Control4003-c2,0,low_single_type,1,0,0,,,0
GSM5613775_2020-08-26-Control4003-c2_TGTAACGGTATCTTCT-1,GSM5613775_2020-08-26-Control4003-c2,0,low_single_type,1,0,0,,,0
GSM5613775_2020-08-26-Control4003-c2_TGTAAGCGTTGCATGT-1,GSM5613775_2020-08-26-Control4003-c2,0,low_single_type,1,0,0,,,0
GSM5613775_2020-08-26-Control4003-c2_TGTAAGCTCTTCACGC-1,GSM5613775_2020-08-26-Control4003-c2,1,low_single_type,1,1,1,,,1
GSM5613775_2020-08-26-Control4003-c2_TGTACAGAGGTGAGCT-1,GSM5613775_2020-08-26-Control4003-c2,0,low_single_type,1,0,0,,,0
GSM5613775_2020-08-26-Control4003-c2_TGTACAGGTAAGACCG-1,GSM5613775_2020-08-26-Control4003-c2,0,low_single_type,1,0,0,,,0
GSM5613775_2020-08-26-Control4003-c2_TGTAGACAGGATTACA-1,GSM5613775_2020-08-26-Control4003-c2,1,low_single_type,1,1,1,,,1
GSM5613775_2020-08-26-Control4003-c2_TGTAGACAGTGAGTGC-1,GSM5613775_2020-08-26-Control4003-c2,0,low_single_type,1,0,0,,,0
GSM5613775_2020-08-26-Control4003-c2_TGTAGACAGTGGATAT-1,GSM5613775_2020-08-26-Control4003-c2,0,low_single_type,1,0,0,,,0
GSM5613775_2020-08-26-Control4003-c2_TGTCAGACAACACAAA-1,GSM5613775_2020-08-26-Control4003-c2,0,low_single_type,1,0,0,,,0
GSM5613775_2020-08-26-Control4003-c2_TGTCAGACATAATGAG-1,GSM5613775_2020-08-26-Control4003-c2,0,low_single_type,1,0,0,,,0
GSM5613775_2020-08-26-Control4003-c2_TGTCAGAGTAATACCC-1,GSM5613775_2020-08-26-Control4003-c2,1,low_single_type,1,1,1,,,1
GSM5613775_2020-08-26-Control4003-c2_TGTCAGATCCAGCACG-1,GSM5613775_2020-08-26-Control4003-c2,0,low_single_type,1,0,0,,,0
GSM5613775_2020-08-26-Control4003-c2_TGTCCACAGTGTAGTA-1,GSM5613775_2020-08-26-Control4003-c2,0,low_single_type,1,0,0,,,0
GSM5613775_2020-08-26-Control4003-c2_TGTCCACCATCTTCGC-1,GSM5613775_2020-08-26-Control4003-c2,0,low_single_type,1,0,0,,,0
GSM5613775_2020-08-26-Control4003-c2_TGTCCACTCAACTACG-1,GSM5613775_2020-08-26-Control4003-c2,0,low_single_type,1,0,0,,,0
GSM5613775_2020-08-26-Control4003-c2_TGTCCACTCGGCCCAA-1,GSM5613775_2020-08-26-Control4003-c2,0,low_single_type,1,0,0,,,0
GSM5613775_2020-08-26-Control4003-c2_TGTCCCACACACCAGC-1,GSM5613775_2020-08-26-Control4003-c2,0,low_single_type,1,0,0,,,0
GSM5613775_2020-08-26-Control4003-c2_TGTCCCACACGTTGGC-1,GSM5613775_2020-08-26-Control4003-c2,1,low_single_type,1,1,1,,,1
GSM5613775_2020-08-26-Control4003-c2_TGTCCTGAGCTGGTGA-1,GSM5613775_2020-08-26-Control4003-c2,0,low_single_type,1,0,0,,,0
GSM5613775_2020-08-26-Control4003-c2_TGTCCTGGTACTCGAT-1,GSM5613775_2020-08-26-Control4003-c2,0,low_single_type,1,0,0,,,0
GSM5613775_2020-08-26-Control4003-c2_TGTCCTGGTCTGTCCT-1,GSM5613775_2020-08-26-Control4003-c2,0,low_single_type,1,0,0,,,0
GSM5613775_2020-08-26-Control4003-c2_TGTGAGTTCTCATGCC-1,GSM5613775_2020-08-26-Control4003-c2,0,low_single_type,1,0,0,,,0
GSM5613775_2020-08-26-Control4003-c2_TGTGATGCATGGAAGC-1,GSM5613775_2020-08-26-Control4003-c2,0,low_single_type,1,0,0,,,0
GSM5613775_2020-08-26-Control4003-c2_TGTGATGTCTTGAGCA-1,GSM5613775_2020-08-26-Control4003-c2,0,low_single_type,1,0,0,,,0
GSM5613775_2020-08-26-Control4003-c2_TGTGCGGCATAGCTGT-1,GSM5613775_2020-08-26-Control4003-c2,0,low_single_type,1,0,0,,,0
GSM5613775_2020-08-26-Control4003-c2_TGTGGCGTCTGTCGCT-1,GSM5613775_2020-08-26-Control4003-c2,0,low_single_type,1,0,0,,,0
GSM5613775_2020-08-26-Control4003-c2_TGTGGCGTCTGTGTGA-1,GSM5613775_2020-08-26-Control4003-c2,0,low_single_type,1,0,0,,,0
GSM5613775_2020-08-26-Control4003-c2_TGTTACTAGTGTTGAA-1,GSM5613775_2020-08-26-Control4003-c2,0,low_single_type,1,0,0,,,0
GSM5613775_2020-08-26-Control4003-c2_TGTTACTCAAGTCGTT-1,GSM5613775_2020-08-26-Control4003-c2,1,low_single_type,1,1,1,,,1
GSM5613775_2020-08-26-Control4003-c2_TGTTCATAGAAACCCG-1,GSM5613775_2020-08-26-Control4003-c2,0,low_single_type,1,0,0,,,0
GSM5613775_2020-08-26-Control4003-c2_TGTTCATAGAGTCTGG-1,GSM5613775_2020-08-26-Control4003-c2,0,low_single_type,1,0,0,,,0
GSM5613775_2020-08-26-Control4003-c2_TGTTCATAGTGTCATC-1,GSM5613775_2020-08-26-Control4003-c2,0,low_single_type,1,0,0,,,0
GSM5613775_2020-08-26-Control4003-c2_TGTTCATGTGACAGGT-1,GSM5613775_2020-08-26-Control4003-c2,1,low_single_type,1,1,1,,,1
GSM5613775_2020-08-26-Control4003-c2_TGTTCATTCCTTGAAG-1,GSM5613775_2020-08-26-Control4003-c2,0,low_single_type,1,0,0,,,0
GSM5613775_2020-08-26-Control4003-c2_TGTTCCGCAACGAGGT-1,GSM5613775_2020-08-26-Control4003-c2,0,low_single_type,1,0,0,,,0
GSM5613775_2020-08-26-Control4003-c2_TGTTCCGGTATTGGCT-1,GSM5613775_2020-08-26-Control4003-c2,0,low_single_type,1,0,0,,,0
GSM5613775_2020-08-26-Control4003-c2_TGTTCCGGTCACTTCC-1,GSM5613775_2020-08-26-Control4003-c2,0,low_single_type,1,0,0,,,0
GSM5613775_2020-08-26-Control4003-c2_TGTTCTAAGGGACACT-1,GSM5613775_2020-08-26-Control4003-c2,0,low_single_type,1,0,0,,,0
GSM5613775_2020-08-26-Control4003-c2_TGTTCTACACACTTAG-1,GSM5613775_2020-08-26-Control4003-c2,0,low_single_type,1,0,0,,,0
GSM5613775_2020-08-26-Control4003-c2_TGTTGGAAGGATCATA-1,GSM5613775_2020-08-26-Control4003-c2,0,low_single_type,1,0,0,,,0
GSM5613775_2020-08-26-Control4003-c2_TGTTGGACACCGTGGT-1,GSM5613775_2020-08-26-Control4003-c2,1,low_single_type,1,1,1,,,1
GSM5613775_2020-08-26-Control4003-c2_TGTTGGACACGGGCTT-1,GSM5613775_2020-08-26-Control4003-c2,0,low_single_type,1,0,0,,,0
GSM5613775_2020-08-26-Control4003-c2_TGTTGGAGTGTGGTCC-1,GSM5613775_2020-08-26-Control4003-c2,0,low_single_type,1,0,0,,,0
GSM5613775_2020-08-26-Control4003-c2_TGTTGGATCTAAGGAA-1,GSM5613775_2020-08-26-Control4003-c2,0,low_single_type,1,0,0,,,0
GSM5613775_2020-08-26-Control4003-c2_TGTTTGTAGGGCCCTT-1,GSM5613775_2020-08-26-Control4003-c2,0,low_single_type,1,0,0,,,0
GSM5613775_2020-08-26-Control4003-c2_TGTTTGTAGGTGGTTG-1,GSM5613775_2020-08-26-Control4003-c2,0,low_single_type,1,0,0,,,0
GSM5613775_2020-08-26-Control4003-c2_TTACAGGCAATACGCT-1,GSM5613775_2020-08-26-Control4003-c2,0,low_single_type,1,0,0,,,0
GSM5613775_2020-08-26-Control4003-c2_TTACCATGTTGAGTCT-1,GSM5613775_2020-08-26-Control4003-c2,0,low_single_type,1,0,0,,,0
GSM5613775_2020-08-26-Control4003-c2_TTACCATTCTGGTGCG-1,GSM5613775_2020-08-26-Control4003-c2,0,low_single_type,1,0,0,,,0
GSM5613775_2020-08-26-Control4003-c2_TTACCGCAGACTTAAG-1,GSM5613775_2020-08-26-Control4003-c2,1,low_single_type,1,1,1,,,1
GSM5613775_2020-08-26-Control4003-c2_TTACGCCAGGAAGTAG-1,GSM5613775_2020-08-26-Control4003-c2,0,low_single_type,1,0,0,,,0
GSM5613775_2020-08-26-Control4003-c2_TTACGCCTCCCTTTGG-1,GSM5613775_2020-08-26-Control4003-c2,0,low_single_type,1,0,0,,,0
GSM5613775_2020-08-26-Control4003-c2_TTACGTTAGCCATGCC-1,GSM5613775_2020-08-26-Control4003-c2,0,low_single_type,1,0,0,,,0
GSM5613775_2020-08-26-Control4003-c2_TTACGTTTCCCATTCG-1,GSM5613775_2020-08-26-Control4003-c2,0,low_single_type,1,0,0,,,0
GSM5613775_2020-08-26-Control4003-c2_TTACTGTCACGCCACA-1,GSM5613775_2020-08-26-Control4003-c2,1,low_single_type,1,1,1,,,1
GSM5613775_2020-08-26-Control4003-c2_TTAGGCACAAAGCACG-1,GSM5613775_2020-08-26-Control4003-c2,0,low_single_type,1,0,0,,,0
GSM5613775_2020-08-26-Control4003-c2_TTAGGCAGTCTAATCG-1,GSM5613775_2020-08-26-Control4003-c2,1,low_single_type,1,1,1,,,1
GSM5613775_2020-08-26-Control4003-c2_TTAGGGTAGTTGCGAG-1,GSM5613775_2020-08-26-Control4003-c2,0,low_single_type,1,0,0,,,0
GSM5613775_2020-08-26-Control4003-c2_TTAGGGTTCACTTGTT-1,GSM5613775_2020-08-26-Control4003-c2,0,low_single_type,1,0,0,,,0
GSM5613775_2020-08-26-Control4003-c2_TTATTGCAGATGAACT-1,GSM5613775_2020-08-26-Control4003-c2,0,low_single_type,1,0,0,,,0
GSM5613775_2020-08-26-Control4003-c2_TTATTGCAGGCTCCCA-1,GSM5613775_2020-08-26-Control4003-c2,0,low_single_type,1,0,0,,,0
GSM5613775_2020-08-26-Control4003-c2_TTATTGCCAACTTCTT-1,GSM5613775_2020-08-26-Control4003-c2,0,low_single_type,1,0,0,,,0
GSM5613775_2020-08-26-Control4003-c2_TTCAATCCAATAGTCC-1,GSM5613775_2020-08-26-Control4003-c2,1,low_single_type,1,1,1,,,1
GSM5613775_2020-08-26-Control4003-c2_TTCAATCCATTGACCA-1,GSM5613775_2020-08-26-Control4003-c2,0,low_single_type,1,0,0,,,0
GSM5613775_2020-08-26-Control4003-c2_TTCAATCTCCGAGTGC-1,GSM5613775_2020-08-26-Control4003-c2,0,low_single_type,1,0,0,,,0
GSM5613775_2020-08-26-Control4003-c2_TTCACCGAGCTATCTG-1,GSM5613775_2020-08-26-Control4003-c2,0,low_single_type,1,0,0,,,0
GSM5613775_2020-08-26-Control4003-c2_TTCACGCCACAACGCC-1,GSM5613775_2020-08-26-Control4003-c2,0,low_single_type,1,0,0,,,0
GSM5613775_2020-08-26-Control4003-c2_TTCACGCCATTCGGGC-1,GSM5613775_2020-08-26-Control4003-c2,0,low_single_type,1,0,0,,,0
GSM5613775_2020-08-26-Control4003-c2_TTCAGGAAGCTTGTGT-1,GSM5613775_2020-08-26-Control4003-c2,0,low_single_type,1,0,0,,,0
GSM5613775_2020-08-26-Control4003-c2_TTCATGTCAGAGTTCT-1,GSM5613775_2020-08-26-Control4003-c2,0,low_single_type,1,0,0,,,0
GSM5613775_2020-08-26-Control4003-c2_TTCATGTCAGGGAATC-1,GSM5613775_2020-08-26-Control4003-c2,0,low_single_type,1,0,0,,,0
GSM5613775_2020-08-26-Control4003-c2_TTCATGTGTTAAGTCC-1,GSM5613775_2020-08-26-Control4003-c2,1,low_single_type,1,1,1,,,1
GSM5613775_2020-08-26-Control4003-c2_TTCATTGAGCATTTCG-1,GSM5613775_2020-08-26-Control4003-c2,0,low_single_type,1,0,0,,,0
GSM5613775_2020-08-26-Control4003-c2_TTCATTGAGCTGAGCA-1,GSM5613775_2020-08-26-Control4003-c2,0,low_single_type,1,0,0,,,0
GSM5613775_2020-08-26-Control4003-c2_TTCATTGAGGAGTATT-1,GSM5613775_2020-08-26-Control4003-c2,0,low_single_type,1,0,0,,,0
GSM5613775_2020-08-26-Control4003-c2_TTCATTGGTAAGACCG-1,GSM5613775_2020-08-26-Control4003-c2,0,low_single_type,1,0,0,,,0
GSM5613775_2020-08-26-Control4003-c2_TTCATTGTCATTACTC-1,GSM5613775_2020-08-26-Control4003-c2,0,low_single_type,1,0,0,,,0
GSM5613775_2020-08-26-Control4003-c2_TTCATTGTCCTCTGCA-1,GSM5613775_2020-08-26-Control4003-c2,0,low_single_type,1,0,0,,,0
GSM5613775_2020-08-26-Control4003-c2_TTCCAATGTACGCGTC-1,GSM5613775_2020-08-26-Control4003-c2,1,low_single_type,1,1,1,,,1
GSM5613775_2020-08-26-Control4003-c2_TTCCAATGTGATCGTT-1,GSM5613775_2020-08-26-Control4003-c2,0,low_single_type,1,0,0,,,0
GSM5613775_2020-08-26-Control4003-c2_TTCCAATTCTCTATGT-1,GSM5613775_2020-08-26-Control4003-c2,0,low_single_type,1,0,0,,,0
GSM5613775_2020-08-26-Control4003-c2_TTCCGGTAGCACCCAC-1,GSM5613775_2020-08-26-Control4003-c2,0,low_single_type,1,0,0,,,0
GSM5613775_2020-08-26-Control4003-c2_TTCCGGTCAGACACCC-1,GSM5613775_2020-08-26-Control4003-c2,0,low_single_type,1,0,0,,,0
GSM5613775_2020-08-26-Control4003-c2_TTCCGGTTCACGGACC-1,GSM5613775_2020-08-26-Control4003-c2,0,low_single_type,1,0,0,,,0
GSM5613775_2020-08-26-Control4003-c2_TTCCGTGAGGTTGAGC-1,GSM5613775_2020-08-26-Control4003-c2,1,low_single_type,1,1,1,,,1
GSM5613775_2020-08-26-Control4003-c2_TTCCGTGCACACTGGC-1,GSM5613775_2020-08-26-Control4003-c2,1,low_single_type,1,1,1,,,1
GSM5613775_2020-08-26-Control4003-c2_TTCCGTGGTGATTAGA-1,GSM5613775_2020-08-26-Control4003-c2,0,low_single_type,1,0,0,,,0
GSM5613775_2020-08-26-Control4003-c2_TTCCGTGTCCATTGGA-1,GSM5613775_2020-08-26-Control4003-c2,0,low_single_type,1,0,0,,,0
GSM5613775_2020-08-26-Control4003-c2_TTCCTAAAGGGACTGT-1,GSM5613775_2020-08-26-Control4003-c2,0,low_single_type,1,0,0,,,0
GSM5613775_2020-08-26-Control4003-c2_TTCCTAAAGGGCATGT-1,GSM5613775_2020-08-26-Control4003-c2,0,low_single_type,1,0,0,,,0
GSM5613775_2020-08-26-Control4003-c2_TTCCTCTAGGTTATAG-1,GSM5613775_2020-08-26-Control4003-c2,0,low_single_type,1,0,0,,,0
GSM5613775_2020-08-26-Control4003-c2_TTCCTTCTCCCGAGAC-1,GSM5613775_2020-08-26-Control4003-c2,0,low_single_type,1,0,0,,,0
GSM5613775_2020-08-26-Control4003-c2_TTCGATTCAATCGCGC-1,GSM5613775_2020-08-26-Control4003-c2,0,low_single_type,1,0,0,,,0
GSM5613775_2020-08-26-Control4003-c2_TTCGATTCAGACAAAT-1,GSM5613775_2020-08-26-Control4003-c2,1,low_single_type,1,1,1,,,1
GSM5613775_2020-08-26-Control4003-c2_TTCGCTGTCATCGTAG-1,GSM5613775_2020-08-26-Control4003-c2,0,low_single_type,1,0,0,,,0
GSM5613775_2020-08-26-Control4003-c2_TTCGCTGTCTGTACAG-1,GSM5613775_2020-08-26-Control4003-c2,0,low_single_type,1,0,0,,,0
GSM5613775_2020-08-26-Control4003-c2_TTCGGTCCAATTGCGT-1,GSM5613775_2020-08-26-Control4003-c2,0,low_single_type,1,0,0,,,0
GSM5613775_2020-08-26-Control4003-c2_TTCTAACGTTCGAAGG-1,GSM5613775_2020-08-26-Control4003-c2,0,low_single_type,1,0,0,,,0
GSM5613775_2020-08-26-Control4003-c2_TTCTAACTCTTAGCTT-1,GSM5613775_2020-08-26-Control4003-c2,0,low_single_type,1,0,0,,,0
GSM5613775_2020-08-26-Control4003-c2_TTCTAGTCAAGTACCT-1,GSM5613775_2020-08-26-Control4003-c2,0,low_single_type,1,0,0,,,0
GSM5613775_2020-08-26-Control4003-c2_TTCTAGTTCTCTATGT-1,GSM5613775_2020-08-26-Control4003-c2,0,low_single_type,1,0,0,,,0
GSM5613775_2020-08-26-Control4003-c2_TTCTCTCGTTTGGAAA-1,GSM5613775_2020-08-26-Control4003-c2,1,low_single_type,1,1,1,,,1
GSM5613775_2020-08-26-Control4003-c2_TTCTGTAAGCTCTTCC-1,GSM5613775_2020-08-26-Control4003-c2,0,low_single_type,1,0,0,,,0
GSM5613775_2020-08-26-Control4003-c2_TTCTGTAAGGTACTGG-1,GSM5613775_2020-08-26-Control4003-c2,0,low_single_type,1,0,0,,,0
GSM5613775_2020-08-26-Control4003-c2_TTCTGTAAGTTCCTGA-1,GSM5613775_2020-08-26-Control4003-c2,0,low_single_type,1,0,0,,,0
GSM5613775_2020-08-26-Control4003-c2_TTCTGTAAGTTGTAAG-1,GSM5613775_2020-08-26-Control4003-c2,0,low_single_type,1,0,0,,,0
GSM5613775_2020-08-26-Control4003-c2_TTCTGTACATCTGTTT-1,GSM5613775_2020-08-26-Control4003-c2,1,low_single_type,1,1,1,,,1
GSM5613775_2020-08-26-Control4003-c2_TTCTTCCCAGCTACTA-1,GSM5613775_2020-08-26-Control4003-c2,0,low_single_type,1,0,0,,,0
GSM5613775_2020-08-26-Control4003-c2_TTCTTCCGTAACCCTA-1,GSM5613775_2020-08-26-Control4003-c2,0,low_single_type,1,0,0,,,0
GSM5613775_2020-08-26-Control4003-c2_TTCTTCCGTTGAAGTA-1,GSM5613775_2020-08-26-Control4003-c2,0,low_single_type,1,0,0,,,0
GSM5613775_2020-08-26-Control4003-c2_TTCTTGAAGAGGATCC-1,GSM5613775_2020-08-26-Control4003-c2,1,low_single_type,1,1,1,,,1
GSM5613775_2020-08-26-Control4003-c2_TTCTTGATCTTCCAGC-1,GSM5613775_2020-08-26-Control4003-c2,0,low_single_type,1,0,0,,,0
GSM5613775_2020-08-26-Control4003-c2_TTGAACGAGGAACTCG-1,GSM5613775_2020-08-26-Control4003-c2,0,low_single_type,1,0,0,,,0
GSM5613775_2020-08-26-Control4003-c2_TTGAACGAGTGGATTA-1,GSM5613775_2020-08-26-Control4003-c2,0,low_single_type,1,0,0,,,0
GSM5613775_2020-08-26-Control4003-c2_TTGAACGCACCGTGAC-1,GSM5613775_2020-08-26-Control4003-c2,0,low_single_type,1,0,0,,,0
GSM5613775_2020-08-26-Control4003-c2_TTGAACGCACTGAGGA-1,GSM5613775_2020-08-26-Control4003-c2,0,low_single_type,1,0,0,,,0
GSM5613775_2020-08-26-Control4003-c2_TTGAACGTCAAAGGAT-1,GSM5613775_2020-08-26-Control4003-c2,0,low_single_type,1,0,0,,,0
GSM5613775_2020-08-26-Control4003-c2_TTGAGTGAGTTTGAGA-1,GSM5613775_2020-08-26-Control4003-c2,1,low_single_type,1,1,1,,,1
GSM5613775_2020-08-26-Control4003-c2_TTGAGTGCAAGCACAG-1,GSM5613775_2020-08-26-Control4003-c2,0,low_single_type,1,0,0,,,0
GSM5613775_2020-08-26-Control4003-c2_TTGAGTGCAAGGATGC-1,GSM5613775_2020-08-26-Control4003-c2,1,low_single_type,1,1,1,,,1
GSM5613775_2020-08-26-Control4003-c2_TTGATGGAGCACCGAA-1,GSM5613775_2020-08-26-Control4003-c2,0,low_single_type,1,0,0,,,0
GSM5613775_2020-08-26-Control4003-c2_TTGATGGGTGTGTCCG-1,GSM5613775_2020-08-26-Control4003-c2,0,low_single_type,1,0,0,,,0
GSM5613775_2020-08-26-Control4003-c2_TTGATGGTCAAGAAAC-1,GSM5613775_2020-08-26-Control4003-c2,0,low_single_type,1,0,0,,,0
GSM5613775_2020-08-26-Control4003-c2_TTGCATTAGGACAACC-1,GSM5613775_2020-08-26-Control4003-c2,0,low_single_type,1,0,0,,,0
GSM5613775_2020-08-26-Control4003-c2_TTGCATTCATTCACCC-1,GSM5613775_2020-08-26-Control4003-c2,0,low_single_type,1,0,0,,,0
GSM5613775_2020-08-26-Control4003-c2_TTGCCTGTCCATTCAT-1,GSM5613775_2020-08-26-Control4003-c2,0,low_single_type,1,0,0,,,0
GSM5613775_2020-08-26-Control4003-c2_TTGCCTGTCGCAGTCG-1,GSM5613775_2020-08-26-Control4003-c2,0,low_single_type,1,0,0,,,0
GSM5613775_2020-08-26-Control4003-c2_TTGCGTCCAATTGTGC-1,GSM5613775_2020-08-26-Control4003-c2,0,low_single_type,1,0,0,,,0
GSM5613775_2020-08-26-Control4003-c2_TTGCTGCGTCTCTCCA-1,GSM5613775_2020-08-26-Control4003-c2,1,low_single_type,1,1,1,,,1
GSM5613775_2020-08-26-Control4003-c2_TTGGATGTCTGTGTGA-1,GSM5613775_2020-08-26-Control4003-c2,1,low_single_type,1,1,1,,,1
GSM5613775_2020-08-26-Control4003-c2_TTGGGATAGACAGCTG-1,GSM5613775_2020-08-26-Control4003-c2,0,low_single_type,1,0,0,,,0
GSM5613775_2020-08-26-Control4003-c2_TTGGGATAGACGGAAA-1,GSM5613775_2020-08-26-Control4003-c2,0,low_single_type,1,0,0,,,0
GSM5613775_2020-08-26-Control4003-c2_TTGGGATAGCTTAAGA-1,GSM5613775_2020-08-26-Control4003-c2,0,low_single_type,1,0,0,,,0
GSM5613775_2020-08-26-Control4003-c2_TTGGGATTCCGCAACG-1,GSM5613775_2020-08-26-Control4003-c2,0,low_single_type,1,0,0,,,0
GSM5613775_2020-08-26-Control4003-c2_TTGGGCGAGACTTCAC-1,GSM5613775_2020-08-26-Control4003-c2,0,low_single_type,1,0,0,,,0
GSM5613775_2020-08-26-Control4003-c2_TTGGGCGAGATCCCAT-1,GSM5613775_2020-08-26-Control4003-c2,0,low_single_type,1,0,0,,,0
GSM5613775_2020-08-26-Control4003-c2_TTGGGCGGTACCGTGC-1,GSM5613775_2020-08-26-Control4003-c2,0,low_single_type,1,0,0,,,0
GSM5613775_2020-08-26-Control4003-c2_TTGGGTAAGCCATCCG-1,GSM5613775_2020-08-26-Control4003-c2,0,low_single_type,1,0,0,,,0
GSM5613775_2020-08-26-Control4003-c2_TTGGGTAGTGACCTGC-1,GSM5613775_2020-08-26-Control4003-c2,0,low_single_type,1,0,0,,,0
GSM5613775_2020-08-26-Control4003-c2_TTGGTTTCAAGTGCTT-1,GSM5613775_2020-08-26-Control4003-c2,1,low_single_type,1,1,1,,,1
GSM5613775_2020-08-26-Control4003-c2_TTGTGGACAAATTAGG-1,GSM5613775_2020-08-26-Control4003-c2,0,low_single_type,1,0,0,,,0
GSM5613775_2020-08-26-Control4003-c2_TTGTGGATCCACGAAT-1,GSM5613775_2020-08-26-Control4003-c2,0,low_single_type,1,0,0,,,0
GSM5613775_2020-08-26-Control4003-c2_TTGTGTTCAGCATGCC-1,GSM5613775_2020-08-26-Control4003-c2,0,low_single_type,1,0,0,,,0
GSM5613775_2020-08-26-Control4003-c2_TTGTGTTTCGTTCCCA-1,GSM5613775_2020-08-26-Control4003-c2,1,low_single_type,1,1,1,,,1
GSM5613775_2020-08-26-Control4003-c2_TTGTTCAGTGGTAATA-1,GSM5613775_2020-08-26-Control4003-c2,0,low_single_type,1,0,0,,,0
GSM5613775_2020-08-26-Control4003-c2_TTGTTGTCATTGCCGG-1,GSM5613775_2020-08-26-Control4003-c2,0,low_single_type,1,0,0,,,0
GSM5613775_2020-08-26-Control4003-c2_TTGTTTGCACTGTGAT-1,GSM5613775_2020-08-26-Control4003-c2,0,low_single_type,1,0,0,,,0
GSM5613775_2020-08-26-Control4003-c2_TTGTTTGCATCGAAGG-1,GSM5613775_2020-08-26-Control4003-c2,1,low_single_type,1,1,1,,,1
GSM5613775_2020-08-26-Control4003-c2_TTGTTTGCATGCCGGT-1,GSM5613775_2020-08-26-Control4003-c2,0,low_single_type,1,0,0,,,0
GSM5613775_2020-08-26-Control4003-c2_TTGTTTGTCAGAGCGA-1,GSM5613775_2020-08-26-Control4003-c2,1,low_single_type,1,1,1,,,1
GSM5613775_2020-08-26-Control4003-c2_TTTACCATCTCGTGGG-1,GSM5613775_2020-08-26-Control4003-c2,0,low_single_type,1,0,0,,,0
GSM5613775_2020-08-26-Control4003-c2_TTTACGTAGACCATGG-1,GSM5613775_2020-08-26-Control4003-c2,0,low_single_type,1,0,0,,,0
GSM5613775_2020-08-26-Control4003-c2_TTTACGTTCGAAGAAT-1,GSM5613775_2020-08-26-Control4003-c2,0,low_single_type,1,0,0,,,0
GSM5613775_2020-08-26-Control4003-c2_TTTACTGCACGACGAA-1,GSM5613775_2020-08-26-Control4003-c2,0,low_single_type,1,0,0,,,0
GSM5613775_2020-08-26-Control4003-c2_TTTACTGGTTGGGACA-1,GSM5613775_2020-08-26-Control4003-c2,0,low_single_type,1,0,0,,,0
GSM5613775_2020-08-26-Control4003-c2_TTTACTGTCCCAAGCG-1,GSM5613775_2020-08-26-Control4003-c2,0,low_single_type,1,0,0,,,0
GSM5613775_2020-08-26-Control4003-c2_TTTAGTCCACGCGCAT-1,GSM5613775_2020-08-26-Control4003-c2,0,low_single_type,1,0,0,,,0
GSM5613775_2020-08-26-Control4003-c2_TTTAGTCTCCTTACCG-1,GSM5613775_2020-08-26-Control4003-c2,0,low_single_type,1,0,0,,,0
GSM5613775_2020-08-26-Control4003-c2_TTTATGCAGTTGGAAT-1,GSM5613775_2020-08-26-Control4003-c2,0,low_single_type,1,0,0,,,0
GSM5613775_2020-08-26-Control4003-c2_TTTATGCGTTGGACCC-1,GSM5613775_2020-08-26-Control4003-c2,1,low_single_type,1,1,1,,,1
GSM5613775_2020-08-26-Control4003-c2_TTTCACACAATTGCTG-1,GSM5613775_2020-08-26-Control4003-c2,0,low_single_type,1,0,0,,,0
GSM5613775_2020-08-26-Control4003-c2_TTTCACACATAACCCA-1,GSM5613775_2020-08-26-Control4003-c2,0,low_single_type,1,0,0,,,0
GSM5613775_2020-08-26-Control4003-c2_TTTCACACATGTTTGG-1,GSM5613775_2020-08-26-Control4003-c2,0,low_single_type,1,0,0,,,0
GSM5613775_2020-08-26-Control4003-c2_TTTCACAGTCTCCCTA-1,GSM5613775_2020-08-26-Control4003-c2,1,low_single_type,1,1,1,,,1
GSM5613775_2020-08-26-Control4003-c2_TTTCACAGTGGCCCAT-1,GSM5613775_2020-08-26-Control4003-c2,0,low_single_type,1,0,0,,,0
GSM5613775_2020-08-26-Control4003-c2_TTTCATGCAGCTGTTA-1,GSM5613775_2020-08-26-Control4003-c2,1,low_single_type,1,1,1,,,1
GSM5613775_2020-08-26-Control4003-c2_TTTCCTCAGAGGGTGG-1,GSM5613775_2020-08-26-Control4003-c2,0,low_single_type,1,0,0,,,0
GSM5613775_2020-08-26-Control4003-c2_TTTCCTCAGTACCGGA-1,GSM5613775_2020-08-26-Control4003-c2,0,low_single_type,1,0,0,,,0
GSM5613775_2020-08-26-Control4003-c2_TTTCCTCTCCTACGGG-1,GSM5613775_2020-08-26-Control4003-c2,1,low_single_type,1,1,1,,,1
GSM5613775_2020-08-26-Control4003-c2_TTTCGATAGATGCTGG-1,GSM5613775_2020-08-26-Control4003-c2,0,low_single_type,1,0,0,,,0
GSM5613775_2020-08-26-Control4003-c2_TTTCGATCAATGCAAA-1,GSM5613775_2020-08-26-Control4003-c2,0,low_single_type,1,0,0,,,0
GSM5613775_2020-08-26-Control4003-c2_TTTCGATCATTAGGAA-1,GSM5613775_2020-08-26-Control4003-c2,1,low_single_type,1,1,1,,,1
GSM5613775_2020-08-26-Control4003-c2_TTTGACTAGCGAGTAC-1,GSM5613775_2020-08-26-Control4003-c2,0,low_single_type,1,0,0,,,0
GSM5613775_2020-08-26-Control4003-c2_TTTGATCAGCAGATAT-1,GSM5613775_2020-08-26-Control4003-c2,0,low_single_type,1,0,0,,,0
GSM5613775_2020-08-26-Control4003-c2_TTTGATCCAATTTCGG-1,GSM5613775_2020-08-26-Control4003-c2,0,low_single_type,1,0,0,,,0
GSM5613775_2020-08-26-Control4003-c2_TTTGATCCAGGTTCGC-1,GSM5613775_2020-08-26-Control4003-c2,0,low_single_type,1,0,0,,,0
GSM5613775_2020-08-26-Control4003-c2_TTTGATCTCCATCTAT-1,GSM5613775_2020-08-26-Control4003-c2,0,low_single_type,1,0,0,,,0
GSM5613775_2020-08-26-Control4003-c2_TTTGGAGAGCACCAGA-1,GSM5613775_2020-08-26-Control4003-c2,0,low_single_type,1,0,0,,,0
GSM5613775_2020-08-26-Control4003-c2_TTTGGAGGTGTGTCGC-1,GSM5613775_2020-08-26-Control4003-c2,1,low_single_type,1,1,1,,,1
GSM5613775_2020-08-26-Control4003-c2_TTTGGAGTCGCCTATC-1,GSM5613775_2020-08-26-Control4003-c2,0,low_single_type,1,0,0,,,0
GSM5613775_2020-08-26-Control4003-c2_TTTGGAGTCGTAGCCG-1,GSM5613775_2020-08-26-Control4003-c2,0,low_single_type,1,0,0,,,0
GSM5613775_2020-08-26-Control4003-c2_TTTGGTTAGGTTACAA-1,GSM5613775_2020-08-26-Control4003-c2,0,low_single_type,1,0,0,,,0
GSM5613775_2020-08-26-Control4003-c2_TTTGGTTCACAGAAGC-1,GSM5613775_2020-08-26-Control4003-c2,0,low_single_type,1,0,0,,,0
GSM5613775_2020-08-26-Control4003-c2_TTTGGTTGTGCGTCGT-1,GSM5613775_2020-08-26-Control4003-c2,1,low_single_type,1,1,1,,,1
GSM5613775_2020-08-26-Control4003-c2_TTTGTTGCACACCGAC-1,GSM5613775_2020-08-26-Control4003-c2,0,low_single_type,1,0,0,,,0
