subclone,arm,direction,n_genes_nonneutral,n_genes_arm,frac_arm,is_event,dataset,sample
observation.observation_s24,1q,gain,40,180,0.222222222222222,FALSE,GSE185381,GSM5613771_2020-03-18-count-3
observation.observation_s24,3q,gain,45,116,0.387931034482759,FALSE,GSE185381,GSM5613771_2020-03-18-count-3
observation.observation_s24,4q,gain,34,94,0.361702127659575,FALSE,GSE185381,GSM5613771_2020-03-18-count-3
observation.observation_s24,6p,loss,53,136,0.389705882352941,FALSE,GSE185381,GSM5613771_2020-03-18-count-3
observation.observation_s24,7p,gain,56,79,0.708860759493671,TRUE,GSE185381,GSM5613771_2020-03-18-count-3
observation.observation_s24,8p,gain,8,45,0.177777777777778,FALSE,GSE185381,GSM5613771_2020-03-18-count-3
observation.observation_s24,8q,gain,108,108,1,TRUE,GSE185381,GSM5613771_2020-03-18-count-3
observation.observation_s24,10p,gain,26,34,0.764705882352941,TRUE,GSE185381,GSM5613771_2020-03-18-count-3
observation.observation_s24,11p,gain,33,72,0.458333333333333,FALSE,GSE185381,GSM5613771_2020-03-18-count-3
observation.observation_s24,12p,gain,22,53,0.415094339622642,FALSE,GSE185381,GSM5613771_2020-03-18-count-3
observation.observation_s24,12q,gain,49,160,0.30625,FALSE,GSE185381,GSM5613771_2020-03-18-count-3
observation.observation_s24,14q,loss,19,135,0.140740740740741,FALSE,GSE185381,GSM5613771_2020-03-18-count-3
observation.observation_s24,15q,gain,46,129,0.356589147286822,FALSE,GSE185381,GSM5613771_2020-03-18-count-3
observation.observation_s24,17p,gain,45,65,0.692307692307692,TRUE,GSE185381,GSM5613771_2020-03-18-count-3
observation.observation_s24,19q,loss,59,127,0.464566929133858,FALSE,GSE185381,GSM5613771_2020-03-18-count-3
observation.observation_s24,20p,gain,34,34,1,TRUE,GSE185381,GSM5613771_2020-03-18-count-3
observation.observation_s24,20q,gain,19,73,0.26027397260274,FALSE,GSE185381,GSM5613771_2020-03-18-count-3
observation.observation_s24,21q,gain,46,46,1,TRUE,GSE185381,GSM5613771_2020-03-18-count-3
observation.observation_s24,22q,gain,36,89,0.404494382022472,FALSE,GSE185381,GSM5613771_2020-03-18-count-3
observation.observation_s3,1q,gain,45,180,0.25,FALSE,GSE185381,GSM5613771_2020-03-18-count-3
observation.observation_s3,5q,loss,37,152,0.243421052631579,FALSE,GSE185381,GSM5613771_2020-03-18-count-3
observation.observation_s3,6p,loss,41,136,0.301470588235294,FALSE,GSE185381,GSM5613771_2020-03-18-count-3
observation.observation_s3,7p,gain,48,79,0.607594936708861,TRUE,GSE185381,GSM5613771_2020-03-18-count-3
observation.observation_s3,8q,gain,104,108,0.962962962962963,TRUE,GSE185381,GSM5613771_2020-03-18-count-3
observation.observation_s3,11p,gain,47,72,0.652777777777778,TRUE,GSE185381,GSM5613771_2020-03-18-count-3
observation.observation_s3,12p,gain,18,53,0.339622641509434,FALSE,GSE185381,GSM5613771_2020-03-18-count-3
observation.observation_s3,12q,gain,48,160,0.3,FALSE,GSE185381,GSM5613771_2020-03-18-count-3
observation.observation_s3,14q,loss,25,135,0.185185185185185,FALSE,GSE185381,GSM5613771_2020-03-18-count-3
observation.observation_s3,15q,gain,41,129,0.317829457364341,FALSE,GSE185381,GSM5613771_2020-03-18-count-3
observation.observation_s3,17p,gain,58,65,0.892307692307692,TRUE,GSE185381,GSM5613771_2020-03-18-count-3
observation.observation_s3,20p,gain,34,34,1,TRUE,GSE185381,GSM5613771_2020-03-18-count-3
observation.observation_s3,20q,gain,22,73,0.301369863013699,FALSE,GSE185381,GSM5613771_2020-03-18-count-3
observation.observation_s3,21q,gain,46,46,1,TRUE,GSE185381,GSM5613771_2020-03-18-count-3
observation.observation_s3,22q,gain,68,89,0.764044943820225,TRUE,GSE185381,GSM5613771_2020-03-18-count-3
observation.observation_s13,1q,gain,76,180,0.422222222222222,FALSE,GSE185381,GSM5613771_2020-03-18-count-3
observation.observation_s13,3q,gain,43,116,0.370689655172414,FALSE,GSE185381,GSM5613771_2020-03-18-count-3
observation.observation_s13,4p,gain,3,40,0.075,FALSE,GSE185381,GSM5613771_2020-03-18-count-3
observation.observation_s13,4q,gain,47,94,0.5,TRUE,GSE185381,GSM5613771_2020-03-18-count-3
observation.observation_s13,5p,loss,27,27,1,TRUE,GSE185381,GSM5613771_2020-03-18-count-3
observation.observation_s13,5q,loss,125,152,0.822368421052632,TRUE,GSE185381,GSM5613771_2020-03-18-count-3
observation.observation_s13,6p,loss,54,136,0.397058823529412,FALSE,GSE185381,GSM5613771_2020-03-18-count-3
observation.observation_s13,6q,loss,54,85,0.635294117647059,TRUE,GSE185381,GSM5613771_2020-03-18-count-3
observation.observation_s13,7p,gain,38,79,0.481012658227848,FALSE,GSE185381,GSM5613771_2020-03-18-count-3
observation.observation_s13,8q,gain,66,108,0.611111111111111,TRUE,GSE185381,GSM5613771_2020-03-18-count-3
observation.observation_s13,9q,gain,63,95,0.663157894736842,TRUE,GSE185381,GSM5613771_2020-03-18-count-3
observation.observation_s13,11p,gain,33,72,0.458333333333333,FALSE,GSE185381,GSM5613771_2020-03-18-count-3
observation.observation_s13,11q,gain,77,173,0.445086705202312,FALSE,GSE185381,GSM5613771_2020-03-18-count-3
observation.observation_s13,12p,gain,53,53,1,TRUE,GSE185381,GSM5613771_2020-03-18-count-3
observation.observation_s13,12q,gain,53,160,0.33125,FALSE,GSE185381,GSM5613771_2020-03-18-count-3
observation.observation_s13,14q,loss,9,135,0.0666666666666667,FALSE,GSE185381,GSM5613771_2020-03-18-count-3
observation.observation_s13,17p,gain,46,65,0.707692307692308,TRUE,GSE185381,GSM5613771_2020-03-18-count-3
observation.observation_s13,17q,loss,44,182,0.241758241758242,FALSE,GSE185381,GSM5613771_2020-03-18-count-3
observation.observation_s13,19p,gain,45,145,0.310344827586207,FALSE,GSE185381,GSM5613771_2020-03-18-count-3
observation.observation_s13,19q,loss,51,127,0.401574803149606,FALSE,GSE185381,GSM5613771_2020-03-18-count-3
observation.observation_s13,20p,gain,34,34,1,TRUE,GSE185381,GSM5613771_2020-03-18-count-3
observation.observation_s13,20q,gain,73,73,1,TRUE,GSE185381,GSM5613771_2020-03-18-count-3
observation.observation_s13,21q,gain,46,46,1,TRUE,GSE185381,GSM5613771_2020-03-18-count-3
observation.observation_s13,22q,gain,59,89,0.662921348314607,TRUE,GSE185381,GSM5613771_2020-03-18-count-3
observation.observation_s20,1p,gain,19,229,0.0829694323144105,FALSE,GSE185381,GSM5613771_2020-03-18-count-3
observation.observation_s20,1q,gain,73,180,0.405555555555556,FALSE,GSE185381,GSM5613771_2020-03-18-count-3
observation.observation_s20,12p,gain,21,53,0.39622641509434,FALSE,GSE185381,GSM5613771_2020-03-18-count-3
observation.observation_s20,12q,gain,62,160,0.3875,FALSE,GSE185381,GSM5613771_2020-03-18-count-3
observation.observation_s20,17p,gain,61,65,0.938461538461539,TRUE,GSE185381,GSM5613771_2020-03-18-count-3
observation.observation_s20,19p,gain,145,145,1,TRUE,GSE185381,GSM5613771_2020-03-18-count-3
observation.observation_s20,19q,gain,62,127,0.488188976377953,FALSE,GSE185381,GSM5613771_2020-03-18-count-3
observation.observation_s20,20p,gain,34,34,1,TRUE,GSE185381,GSM5613771_2020-03-18-count-3
observation.observation_s20,20q,gain,32,73,0.438356164383562,FALSE,GSE185381,GSM5613771_2020-03-18-count-3
observation.observation_s20,22q,gain,42,89,0.471910112359551,FALSE,GSE185381,GSM5613771_2020-03-18-count-3
observation.observation_s6,1p,gain,75,229,0.327510917030568,FALSE,GSE185381,GSM5613771_2020-03-18-count-3
observation.observation_s6,1q,gain,94,180,0.522222222222222,TRUE,GSE185381,GSM5613771_2020-03-18-count-3
observation.observation_s6,3p,loss,50,110,0.454545454545455,FALSE,GSE185381,GSM5613771_2020-03-18-count-3
observation.observation_s6,4q,loss,38,94,0.404255319148936,FALSE,GSE185381,GSM5613771_2020-03-18-count-3
observation.observation_s6,6p,loss,52,136,0.382352941176471,FALSE,GSE185381,GSM5613771_2020-03-18-count-3
observation.observation_s6,7q,gain,74,113,0.654867256637168,TRUE,GSE185381,GSM5613771_2020-03-18-count-3
observation.observation_s6,10p,gain,34,34,1,TRUE,GSE185381,GSM5613771_2020-03-18-count-3
observation.observation_s6,10q,gain,51,101,0.504950495049505,TRUE,GSE185381,GSM5613771_2020-03-18-count-3
observation.observation_s6,11p,gain,19,72,0.263888888888889,FALSE,GSE185381,GSM5613771_2020-03-18-count-3
observation.observation_s6,11q,gain,56,173,0.323699421965318,FALSE,GSE185381,GSM5613771_2020-03-18-count-3
observation.observation_s6,12p,gain,22,53,0.415094339622642,FALSE,GSE185381,GSM5613771_2020-03-18-count-3
observation.observation_s6,12q,gain,48,160,0.3,FALSE,GSE185381,GSM5613771_2020-03-18-count-3
observation.observation_s6,14q,gain,38,135,0.281481481481482,FALSE,GSE185381,GSM5613771_2020-03-18-count-3
observation.observation_s6,17p,gain,46,65,0.707692307692308,TRUE,GSE185381,GSM5613771_2020-03-18-count-3
observation.observation_s6,19p,gain,145,145,1,TRUE,GSE185381,GSM5613771_2020-03-18-count-3
observation.observation_s6,19q,gain,49,127,0.385826771653543,FALSE,GSE185381,GSM5613771_2020-03-18-count-3
observation.observation_s6,20p,gain,34,34,1,TRUE,GSE185381,GSM5613771_2020-03-18-count-3
observation.observation_s6,20q,gain,40,73,0.547945205479452,TRUE,GSE185381,GSM5613771_2020-03-18-count-3
observation.observation_s6,22q,gain,32,89,0.359550561797753,FALSE,GSE185381,GSM5613771_2020-03-18-count-3
observation.observation_s9,6p,loss,58,136,0.426470588235294,FALSE,GSE185381,GSM5613771_2020-03-18-count-3
observation.observation_s9,11q,gain,45,173,0.260115606936416,FALSE,GSE185381,GSM5613771_2020-03-18-count-3
observation.observation_s9,17q,gain,59,182,0.324175824175824,FALSE,GSE185381,GSM5613771_2020-03-18-count-3
observation.observation_s9,19p,gain,7,145,0.0482758620689655,FALSE,GSE185381,GSM5613771_2020-03-18-count-3
observation.observation_s9,19q,gain,34,127,0.267716535433071,FALSE,GSE185381,GSM5613771_2020-03-18-count-3
observation.observation_s9,20p,gain,34,34,1,TRUE,GSE185381,GSM5613771_2020-03-18-count-3
observation.observation_s9,20q,gain,26,73,0.356164383561644,FALSE,GSE185381,GSM5613771_2020-03-18-count-3
observation.observation_s10,6p,loss,60,136,0.441176470588235,FALSE,GSE185381,GSM5613771_2020-03-18-count-3
observation.observation_s10,12p,gain,53,53,1,TRUE,GSE185381,GSM5613771_2020-03-18-count-3
observation.observation_s10,12q,gain,70,160,0.4375,FALSE,GSE185381,GSM5613771_2020-03-18-count-3
observation.observation_s10,14q,loss,17,135,0.125925925925926,FALSE,GSE185381,GSM5613771_2020-03-18-count-3
observation.observation_s10,17p,gain,51,65,0.784615384615385,TRUE,GSE185381,GSM5613771_2020-03-18-count-3
observation.observation_s10,19p,gain,54,145,0.372413793103448,FALSE,GSE185381,GSM5613771_2020-03-18-count-3
observation.observation_s28,1p,gain,86,229,0.375545851528384,FALSE,GSE185381,GSM5613771_2020-03-18-count-3
observation.observation_s28,1q,gain,67,180,0.372222222222222,FALSE,GSE185381,GSM5613771_2020-03-18-count-3
observation.observation_s28,3q,gain,63,116,0.543103448275862,TRUE,GSE185381,GSM5613771_2020-03-18-count-3
observation.observation_s28,4p,gain,10,40,0.25,FALSE,GSE185381,GSM5613771_2020-03-18-count-3
observation.observation_s28,4q,gain,54,94,0.574468085106383,TRUE,GSE185381,GSM5613771_2020-03-18-count-3
observation.observation_s28,5p,loss,17,27,0.62962962962963,TRUE,GSE185381,GSM5613771_2020-03-18-count-3
observation.observation_s28,5q,loss,126,152,0.828947368421053,TRUE,GSE185381,GSM5613771_2020-03-18-count-3
observation.observation_s28,6p,loss,55,136,0.404411764705882,FALSE,GSE185381,GSM5613771_2020-03-18-count-3
observation.observation_s28,7p,gain,57,79,0.721518987341772,TRUE,GSE185381,GSM5613771_2020-03-18-count-3
observation.observation_s28,8q,gain,71,108,0.657407407407407,TRUE,GSE185381,GSM5613771_2020-03-18-count-3
observation.observation_s28,11p,gain,22,72,0.305555555555556,FALSE,GSE185381,GSM5613771_2020-03-18-count-3
observation.observation_s28,11q,gain,45,173,0.260115606936416,FALSE,GSE185381,GSM5613771_2020-03-18-count-3
observation.observation_s28,12p,gain,53,53,1,TRUE,GSE185381,GSM5613771_2020-03-18-count-3
observation.observation_s28,12q,gain,49,160,0.30625,FALSE,GSE185381,GSM5613771_2020-03-18-count-3
observation.observation_s28,17p,gain,42,65,0.646153846153846,TRUE,GSE185381,GSM5613771_2020-03-18-count-3
observation.observation_s28,17q,loss,47,182,0.258241758241758,FALSE,GSE185381,GSM5613771_2020-03-18-count-3
observation.observation_s28,19q,loss,77,127,0.606299212598425,TRUE,GSE185381,GSM5613771_2020-03-18-count-3
observation.observation_s28,20p,gain,34,34,1,TRUE,GSE185381,GSM5613771_2020-03-18-count-3
observation.observation_s28,20q,gain,26,73,0.356164383561644,FALSE,GSE185381,GSM5613771_2020-03-18-count-3
observation.observation_s28,21q,gain,46,46,1,TRUE,GSE185381,GSM5613771_2020-03-18-count-3
observation.observation_s28,22q,gain,56,89,0.629213483146067,TRUE,GSE185381,GSM5613771_2020-03-18-count-3
observation.observation_s14,1p,gain,17,229,0.074235807860262,FALSE,GSE185381,GSM5613771_2020-03-18-count-3
observation.observation_s14,1q,gain,72,180,0.4,FALSE,GSE185381,GSM5613771_2020-03-18-count-3
observation.observation_s14,7p,gain,28,79,0.354430379746835,FALSE,GSE185381,GSM5613771_2020-03-18-count-3
observation.observation_s14,9q,gain,39,95,0.410526315789474,FALSE,GSE185381,GSM5613771_2020-03-18-count-3
observation.observation_s14,12p,gain,20,53,0.377358490566038,FALSE,GSE185381,GSM5613771_2020-03-18-count-3
observation.observation_s14,12q,gain,148,160,0.925,TRUE,GSE185381,GSM5613771_2020-03-18-count-3
observation.observation_s14,15q,gain,48,129,0.372093023255814,FALSE,GSE185381,GSM5613771_2020-03-18-count-3
observation.observation_s14,17p,gain,49,65,0.753846153846154,TRUE,GSE185381,GSM5613771_2020-03-18-count-3
observation.observation_s14,19p,gain,145,145,1,TRUE,GSE185381,GSM5613771_2020-03-18-count-3
observation.observation_s14,19q,gain,43,127,0.338582677165354,FALSE,GSE185381,GSM5613771_2020-03-18-count-3
observation.observation_s14,20p,gain,34,34,1,TRUE,GSE185381,GSM5613771_2020-03-18-count-3
observation.observation_s14,20q,gain,31,73,0.424657534246575,FALSE,GSE185381,GSM5613771_2020-03-18-count-3
observation.observation_s14,22q,gain,46,89,0.51685393258427,TRUE,GSE185381,GSM5613771_2020-03-18-count-3
observation.observation_s11,1q,gain,57,180,0.316666666666667,FALSE,GSE185381,GSM5613771_2020-03-18-count-3
observation.observation_s11,4p,gain,2,40,0.05,FALSE,GSE185381,GSM5613771_2020-03-18-count-3
observation.observation_s11,4q,gain,51,94,0.542553191489362,TRUE,GSE185381,GSM5613771_2020-03-18-count-3
observation.observation_s11,5p,loss,18,27,0.666666666666667,TRUE,GSE185381,GSM5613771_2020-03-18-count-3
observation.observation_s11,5q,loss,127,152,0.835526315789474,TRUE,GSE185381,GSM5613771_2020-03-18-count-3
observation.observation_s11,6p,loss,48,136,0.352941176470588,FALSE,GSE185381,GSM5613771_2020-03-18-count-3
observation.observation_s11,7p,gain,57,79,0.721518987341772,TRUE,GSE185381,GSM5613771_2020-03-18-count-3
observation.observation_s11,8q,gain,93,108,0.861111111111111,TRUE,GSE185381,GSM5613771_2020-03-18-count-3
observation.observation_s11,11p,gain,37,72,0.513888888888889,TRUE,GSE185381,GSM5613771_2020-03-18-count-3
observation.observation_s11,12p,gain,26,53,0.490566037735849,FALSE,GSE185381,GSM5613771_2020-03-18-count-3
observation.observation_s11,12q,gain,42,160,0.2625,FALSE,GSE185381,GSM5613771_2020-03-18-count-3
observation.observation_s11,14q,loss,15,135,0.111111111111111,FALSE,GSE185381,GSM5613771_2020-03-18-count-3
observation.observation_s11,15q,gain,68,129,0.527131782945737,TRUE,GSE185381,GSM5613771_2020-03-18-count-3
observation.observation_s11,17p,gain,45,65,0.692307692307692,TRUE,GSE185381,GSM5613771_2020-03-18-count-3
observation.observation_s11,17q,loss,37,182,0.203296703296703,FALSE,GSE185381,GSM5613771_2020-03-18-count-3
observation.observation_s11,20p,gain,34,34,1,TRUE,GSE185381,GSM5613771_2020-03-18-count-3
observation.observation_s11,20q,gain,23,73,0.315068493150685,FALSE,GSE185381,GSM5613771_2020-03-18-count-3
observation.observation_s11,21q,gain,46,46,1,TRUE,GSE185381,GSM5613771_2020-03-18-count-3
observation.observation_s11,22q,gain,59,89,0.662921348314607,TRUE,GSE185381,GSM5613771_2020-03-18-count-3
observation.observation_s15,1p,gain,57,229,0.248908296943231,FALSE,GSE185381,GSM5613771_2020-03-18-count-3
observation.observation_s15,1q,gain,55,180,0.305555555555556,FALSE,GSE185381,GSM5613771_2020-03-18-count-3
observation.observation_s15,5p,loss,12,27,0.444444444444444,FALSE,GSE185381,GSM5613771_2020-03-18-count-3
observation.observation_s15,5q,loss,44,152,0.289473684210526,FALSE,GSE185381,GSM5613771_2020-03-18-count-3
observation.observation_s15,6p,loss,50,136,0.367647058823529,FALSE,GSE185381,GSM5613771_2020-03-18-count-3
observation.observation_s15,6q,loss,53,85,0.623529411764706,TRUE,GSE185381,GSM5613771_2020-03-18-count-3
observation.observation_s15,7p,gain,42,79,0.531645569620253,TRUE,GSE185381,GSM5613771_2020-03-18-count-3
observation.observation_s15,8q,gain,87,108,0.805555555555556,TRUE,GSE185381,GSM5613771_2020-03-18-count-3
observation.observation_s15,9q,gain,56,95,0.589473684210526,TRUE,GSE185381,GSM5613771_2020-03-18-count-3
observation.observation_s15,11p,gain,38,72,0.527777777777778,TRUE,GSE185381,GSM5613771_2020-03-18-count-3
observation.observation_s15,12p,gain,26,53,0.490566037735849,FALSE,GSE185381,GSM5613771_2020-03-18-count-3
observation.observation_s15,12q,gain,40,160,0.25,FALSE,GSE185381,GSM5613771_2020-03-18-count-3
observation.observation_s15,14q,loss,23,135,0.17037037037037,FALSE,GSE185381,GSM5613771_2020-03-18-count-3
observation.observation_s15,17p,gain,54,65,0.830769230769231,TRUE,GSE185381,GSM5613771_2020-03-18-count-3
observation.observation_s15,17q,loss,34,182,0.186813186813187,FALSE,GSE185381,GSM5613771_2020-03-18-count-3
observation.observation_s15,19p,gain,79,145,0.544827586206897,TRUE,GSE185381,GSM5613771_2020-03-18-count-3
observation.observation_s15,19q,gain,38,127,0.299212598425197,FALSE,GSE185381,GSM5613771_2020-03-18-count-3
observation.observation_s15,20p,gain,34,34,1,TRUE,GSE185381,GSM5613771_2020-03-18-count-3
observation.observation_s15,20q,gain,25,73,0.342465753424658,FALSE,GSE185381,GSM5613771_2020-03-18-count-3
observation.observation_s15,21q,gain,46,46,1,TRUE,GSE185381,GSM5613771_2020-03-18-count-3
observation.observation_s15,22q,gain,73,89,0.820224719101124,TRUE,GSE185381,GSM5613771_2020-03-18-count-3
observation.observation_s2,1p,gain,22,229,0.0960698689956332,FALSE,GSE185381,GSM5613771_2020-03-18-count-3
observation.observation_s2,1q,gain,74,180,0.411111111111111,FALSE,GSE185381,GSM5613771_2020-03-18-count-3
observation.observation_s2,3p,loss,54,110,0.490909090909091,FALSE,GSE185381,GSM5613771_2020-03-18-count-3
observation.observation_s2,4q,loss,32,94,0.340425531914894,FALSE,GSE185381,GSM5613771_2020-03-18-count-3
observation.observation_s2,6p,loss,51,136,0.375,FALSE,GSE185381,GSM5613771_2020-03-18-count-3
observation.observation_s2,7q,gain,63,113,0.557522123893805,TRUE,GSE185381,GSM5613771_2020-03-18-count-3
observation.observation_s2,10p,gain,32,34,0.941176470588235,TRUE,GSE185381,GSM5613771_2020-03-18-count-3
observation.observation_s2,10q,gain,46,101,0.455445544554456,FALSE,GSE185381,GSM5613771_2020-03-18-count-3
observation.observation_s2,11p,gain,5,72,0.0694444444444445,FALSE,GSE185381,GSM5613771_2020-03-18-count-3
observation.observation_s2,11q,gain,68,173,0.393063583815029,FALSE,GSE185381,GSM5613771_2020-03-18-count-3
observation.observation_s2,12q,gain,47,160,0.29375,FALSE,GSE185381,GSM5613771_2020-03-18-count-3
observation.observation_s2,14q,gain,63,135,0.466666666666667,FALSE,GSE185381,GSM5613771_2020-03-18-count-3
observation.observation_s2,17p,gain,41,65,0.630769230769231,TRUE,GSE185381,GSM5613771_2020-03-18-count-3
observation.observation_s2,18q,loss,23,33,0.696969696969697,TRUE,GSE185381,GSM5613771_2020-03-18-count-3
observation.observation_s2,19p,gain,78,145,0.537931034482759,TRUE,GSE185381,GSM5613771_2020-03-18-count-3
observation.observation_s2,19q,gain,48,127,0.377952755905512,FALSE,GSE185381,GSM5613771_2020-03-18-count-3
observation.observation_s2,20p,gain,27,34,0.794117647058824,TRUE,GSE185381,GSM5613771_2020-03-18-count-3
observation.observation_s2,20q,gain,39,73,0.534246575342466,TRUE,GSE185381,GSM5613771_2020-03-18-count-3
observation.observation_s2,22q,gain,30,89,0.337078651685393,FALSE,GSE185381,GSM5613771_2020-03-18-count-3
observation.observation_s1,1p,gain,49,229,0.213973799126638,FALSE,GSE185381,GSM5613771_2020-03-18-count-3
observation.observation_s1,1q,gain,168,180,0.933333333333333,TRUE,GSE185381,GSM5613771_2020-03-18-count-3
observation.observation_s1,4q,gain,43,94,0.457446808510638,FALSE,GSE185381,GSM5613771_2020-03-18-count-3
observation.observation_s1,5p,loss,24,27,0.888888888888889,TRUE,GSE185381,GSM5613771_2020-03-18-count-3
observation.observation_s1,5q,loss,123,152,0.80921052631579,TRUE,GSE185381,GSM5613771_2020-03-18-count-3
observation.observation_s1,6p,loss,53,136,0.389705882352941,FALSE,GSE185381,GSM5613771_2020-03-18-count-3
observation.observation_s1,7p,gain,79,79,1,TRUE,GSE185381,GSM5613771_2020-03-18-count-3
observation.observation_s1,7q,gain,54,113,0.47787610619469,FALSE,GSE185381,GSM5613771_2020-03-18-count-3
observation.observation_s1,8q,gain,85,108,0.787037037037037,TRUE,GSE185381,GSM5613771_2020-03-18-count-3
observation.observation_s1,10p,gain,27,34,0.794117647058824,TRUE,GSE185381,GSM5613771_2020-03-18-count-3
observation.observation_s1,11p,gain,21,72,0.291666666666667,FALSE,GSE185381,GSM5613771_2020-03-18-count-3
observation.observation_s1,11q,gain,38,173,0.219653179190751,FALSE,GSE185381,GSM5613771_2020-03-18-count-3
observation.observation_s1,12p,gain,53,53,1,TRUE,GSE185381,GSM5613771_2020-03-18-count-3
observation.observation_s1,12q,gain,55,160,0.34375,FALSE,GSE185381,GSM5613771_2020-03-18-count-3
observation.observation_s1,15q,gain,52,129,0.403100775193798,FALSE,GSE185381,GSM5613771_2020-03-18-count-3
observation.observation_s1,17p,gain,39,65,0.6,TRUE,GSE185381,GSM5613771_2020-03-18-count-3
observation.observation_s1,17q,loss,45,182,0.247252747252747,FALSE,GSE185381,GSM5613771_2020-03-18-count-3
observation.observation_s1,19q,loss,64,127,0.503937007874016,TRUE,GSE185381,GSM5613771_2020-03-18-count-3
observation.observation_s1,20p,gain,34,34,1,TRUE,GSE185381,GSM5613771_2020-03-18-count-3
observation.observation_s1,20q,gain,30,73,0.410958904109589,FALSE,GSE185381,GSM5613771_2020-03-18-count-3
observation.observation_s1,21q,gain,46,46,1,TRUE,GSE185381,GSM5613771_2020-03-18-count-3
observation.observation_s1,22q,gain,54,89,0.606741573033708,TRUE,GSE185381,GSM5613771_2020-03-18-count-3
observation.observation_s22,1p,gain,91,229,0.397379912663755,FALSE,GSE185381,GSM5613771_2020-03-18-count-3
observation.observation_s22,1q,gain,73,180,0.405555555555556,FALSE,GSE185381,GSM5613771_2020-03-18-count-3
observation.observation_s22,3p,loss,48,110,0.436363636363636,FALSE,GSE185381,GSM5613771_2020-03-18-count-3
observation.observation_s22,3q,loss,20,116,0.172413793103448,FALSE,GSE185381,GSM5613771_2020-03-18-count-3
observation.observation_s22,4q,loss,47,94,0.5,TRUE,GSE185381,GSM5613771_2020-03-18-count-3
observation.observation_s22,6p,loss,51,136,0.375,FALSE,GSE185381,GSM5613771_2020-03-18-count-3
observation.observation_s22,6q,loss,55,85,0.647058823529412,TRUE,GSE185381,GSM5613771_2020-03-18-count-3
observation.observation_s22,7q,gain,64,113,0.566371681415929,TRUE,GSE185381,GSM5613771_2020-03-18-count-3
observation.observation_s22,11p,gain,72,72,1,TRUE,GSE185381,GSM5613771_2020-03-18-count-3
observation.observation_s22,11q,gain,85,173,0.491329479768786,FALSE,GSE185381,GSM5613771_2020-03-18-count-3
observation.observation_s22,12q,gain,56,160,0.35,FALSE,GSE185381,GSM5613771_2020-03-18-count-3
observation.observation_s22,14q,gain,33,135,0.244444444444444,FALSE,GSE185381,GSM5613771_2020-03-18-count-3
observation.observation_s22,16q,gain,58,69,0.840579710144928,TRUE,GSE185381,GSM5613771_2020-03-18-count-3
observation.observation_s22,17p,gain,46,65,0.707692307692308,TRUE,GSE185381,GSM5613771_2020-03-18-count-3
observation.observation_s22,19p,gain,145,145,1,TRUE,GSE185381,GSM5613771_2020-03-18-count-3
observation.observation_s22,19q,gain,77,127,0.606299212598425,TRUE,GSE185381,GSM5613771_2020-03-18-count-3
observation.observation_s22,20p,gain,34,34,1,TRUE,GSE185381,GSM5613771_2020-03-18-count-3
observation.observation_s22,20q,gain,45,73,0.616438356164384,TRUE,GSE185381,GSM5613771_2020-03-18-count-3
observation.observation_s22,22q,gain,43,89,0.48314606741573,FALSE,GSE185381,GSM5613771_2020-03-18-count-3
observation.observation_s19,1p,gain,97,229,0.423580786026201,FALSE,GSE185381,GSM5613771_2020-03-18-count-3
observation.observation_s19,1q,gain,180,180,1,TRUE,GSE185381,GSM5613771_2020-03-18-count-3
observation.observation_s19,3p,loss,49,110,0.445454545454545,FALSE,GSE185381,GSM5613771_2020-03-18-count-3
observation.observation_s19,5q,gain,24,152,0.157894736842105,FALSE,GSE185381,GSM5613771_2020-03-18-count-3
observation.observation_s19,6p,loss,65,136,0.477941176470588,FALSE,GSE185381,GSM5613771_2020-03-18-count-3
observation.observation_s19,6q,loss,49,85,0.576470588235294,TRUE,GSE185381,GSM5613771_2020-03-18-count-3
observation.observation_s19,7q,gain,40,113,0.353982300884956,FALSE,GSE185381,GSM5613771_2020-03-18-count-3
observation.observation_s19,9p,gain,6,36,0.166666666666667,FALSE,GSE185381,GSM5613771_2020-03-18-count-3
observation.observation_s19,9q,gain,36,95,0.378947368421053,FALSE,GSE185381,GSM5613771_2020-03-18-count-3
observation.observation_s19,10p,gain,34,34,1,TRUE,GSE185381,GSM5613771_2020-03-18-count-3
observation.observation_s19,10q,gain,48,101,0.475247524752475,FALSE,GSE185381,GSM5613771_2020-03-18-count-3
observation.observation_s19,12q,gain,60,160,0.375,FALSE,GSE185381,GSM5613771_2020-03-18-count-3
observation.observation_s19,17p,gain,43,65,0.661538461538462,TRUE,GSE185381,GSM5613771_2020-03-18-count-3
observation.observation_s19,19p,gain,20,145,0.137931034482759,FALSE,GSE185381,GSM5613771_2020-03-18-count-3
observation.observation_s19,19q,gain,46,127,0.362204724409449,FALSE,GSE185381,GSM5613771_2020-03-18-count-3
observation.observation_s19,20p,gain,34,34,1,TRUE,GSE185381,GSM5613771_2020-03-18-count-3
observation.observation_s19,20q,gain,43,73,0.589041095890411,TRUE,GSE185381,GSM5613771_2020-03-18-count-3
observation.observation_s19,22q,gain,38,89,0.426966292134831,FALSE,GSE185381,GSM5613771_2020-03-18-count-3
observation.observation_s17,1p,gain,21,229,0.091703056768559,FALSE,GSE185381,GSM5613771_2020-03-18-count-3
observation.observation_s17,1q,gain,71,180,0.394444444444444,FALSE,GSE185381,GSM5613771_2020-03-18-count-3
observation.observation_s17,4q,loss,41,94,0.436170212765957,FALSE,GSE185381,GSM5613771_2020-03-18-count-3
observation.observation_s17,6p,loss,35,136,0.257352941176471,FALSE,GSE185381,GSM5613771_2020-03-18-count-3
observation.observation_s17,6q,loss,55,85,0.647058823529412,TRUE,GSE185381,GSM5613771_2020-03-18-count-3
observation.observation_s17,11p,gain,3,72,0.0416666666666667,FALSE,GSE185381,GSM5613771_2020-03-18-count-3
observation.observation_s17,11q,gain,64,173,0.369942196531792,FALSE,GSE185381,GSM5613771_2020-03-18-count-3
observation.observation_s17,12p,gain,18,53,0.339622641509434,FALSE,GSE185381,GSM5613771_2020-03-18-count-3
observation.observation_s17,12q,gain,52,160,0.325,FALSE,GSE185381,GSM5613771_2020-03-18-count-3
observation.observation_s17,17p,gain,52,65,0.8,TRUE,GSE185381,GSM5613771_2020-03-18-count-3
observation.observation_s17,19p,gain,145,145,1,TRUE,GSE185381,GSM5613771_2020-03-18-count-3
observation.observation_s17,19q,gain,45,127,0.354330708661417,FALSE,GSE185381,GSM5613771_2020-03-18-count-3
observation.observation_s17,20p,gain,34,34,1,TRUE,GSE185381,GSM5613771_2020-03-18-count-3
observation.observation_s17,20q,gain,34,73,0.465753424657534,FALSE,GSE185381,GSM5613771_2020-03-18-count-3
observation.observation_s17,22q,gain,39,89,0.438202247191011,FALSE,GSE185381,GSM5613771_2020-03-18-count-3
observation.observation_s12,1q,gain,159,180,0.883333333333333,TRUE,GSE185381,GSM5613771_2020-03-18-count-3
observation.observation_s12,3q,gain,56,116,0.482758620689655,FALSE,GSE185381,GSM5613771_2020-03-18-count-3
observation.observation_s12,4p,gain,9,40,0.225,FALSE,GSE185381,GSM5613771_2020-03-18-count-3
observation.observation_s12,4q,gain,58,94,0.617021276595745,TRUE,GSE185381,GSM5613771_2020-03-18-count-3
observation.observation_s12,5q,loss,49,152,0.322368421052632,FALSE,GSE185381,GSM5613771_2020-03-18-count-3
observation.observation_s12,6p,loss,53,136,0.389705882352941,FALSE,GSE185381,GSM5613771_2020-03-18-count-3
observation.observation_s12,6p,gain,3,136,0.0220588235294118,FALSE,GSE185381,GSM5613771_2020-03-18-count-3
observation.observation_s12,6q,gain,35,85,0.411764705882353,FALSE,GSE185381,GSM5613771_2020-03-18-count-3
observation.observation_s12,7p,gain,53,79,0.670886075949367,TRUE,GSE185381,GSM5613771_2020-03-18-count-3
observation.observation_s12,8p,gain,45,45,1,TRUE,GSE185381,GSM5613771_2020-03-18-count-3
observation.observation_s12,8q,gain,108,108,1,TRUE,GSE185381,GSM5613771_2020-03-18-count-3
observation.observation_s12,10p,gain,34,34,1,TRUE,GSE185381,GSM5613771_2020-03-18-count-3
observation.observation_s12,10q,gain,7,101,0.0693069306930693,FALSE,GSE185381,GSM5613771_2020-03-18-count-3
observation.observation_s12,12p,gain,53,53,1,TRUE,GSE185381,GSM5613771_2020-03-18-count-3
observation.observation_s12,12q,gain,47,160,0.29375,FALSE,GSE185381,GSM5613771_2020-03-18-count-3
observation.observation_s12,14q,loss,10,135,0.0740740740740741,FALSE,GSE185381,GSM5613771_2020-03-18-count-3
observation.observation_s12,15q,gain,78,129,0.604651162790698,TRUE,GSE185381,GSM5613771_2020-03-18-count-3
observation.observation_s12,19p,loss,52,145,0.358620689655172,FALSE,GSE185381,GSM5613771_2020-03-18-count-3
observation.observation_s12,19q,loss,127,127,1,TRUE,GSE185381,GSM5613771_2020-03-18-count-3
observation.observation_s12,20p,gain,34,34,1,TRUE,GSE185381,GSM5613771_2020-03-18-count-3
observation.observation_s12,20q,gain,20,73,0.273972602739726,FALSE,GSE185381,GSM5613771_2020-03-18-count-3
observation.observation_s12,21q,gain,46,46,1,TRUE,GSE185381,GSM5613771_2020-03-18-count-3
observation.observation_s29,1q,gain,165,180,0.916666666666667,TRUE,GSE185381,GSM5613771_2020-03-18-count-3
observation.observation_s29,4q,gain,33,94,0.351063829787234,FALSE,GSE185381,GSM5613771_2020-03-18-count-3
observation.observation_s29,5p,loss,25,27,0.925925925925926,TRUE,GSE185381,GSM5613771_2020-03-18-count-3
observation.observation_s29,5q,loss,123,152,0.80921052631579,TRUE,GSE185381,GSM5613771_2020-03-18-count-3
observation.observation_s29,6p,loss,57,136,0.419117647058824,FALSE,GSE185381,GSM5613771_2020-03-18-count-3
observation.observation_s29,6q,loss,50,85,0.588235294117647,TRUE,GSE185381,GSM5613771_2020-03-18-count-3
observation.observation_s29,8q,gain,80,108,0.740740740740741,TRUE,GSE185381,GSM5613771_2020-03-18-count-3
observation.observation_s29,11p,gain,37,72,0.513888888888889,TRUE,GSE185381,GSM5613771_2020-03-18-count-3
observation.observation_s29,11q,gain,73,173,0.421965317919075,FALSE,GSE185381,GSM5613771_2020-03-18-count-3
observation.observation_s29,12p,gain,31,53,0.584905660377359,TRUE,GSE185381,GSM5613771_2020-03-18-count-3
observation.observation_s29,12q,gain,34,160,0.2125,FALSE,GSE185381,GSM5613771_2020-03-18-count-3
observation.observation_s29,14q,loss,14,135,0.103703703703704,FALSE,GSE185381,GSM5613771_2020-03-18-count-3
observation.observation_s29,15q,gain,48,129,0.372093023255814,FALSE,GSE185381,GSM5613771_2020-03-18-count-3
observation.observation_s29,17p,gain,44,65,0.676923076923077,TRUE,GSE185381,GSM5613771_2020-03-18-count-3
observation.observation_s29,17q,loss,36,182,0.197802197802198,FALSE,GSE185381,GSM5613771_2020-03-18-count-3
observation.observation_s29,19q,loss,51,127,0.401574803149606,FALSE,GSE185381,GSM5613771_2020-03-18-count-3
observation.observation_s29,20p,gain,34,34,1,TRUE,GSE185381,GSM5613771_2020-03-18-count-3
observation.observation_s29,20q,gain,33,73,0.452054794520548,FALSE,GSE185381,GSM5613771_2020-03-18-count-3
observation.observation_s29,21q,gain,46,46,1,TRUE,GSE185381,GSM5613771_2020-03-18-count-3
observation.observation_s29,22q,gain,73,89,0.820224719101124,TRUE,GSE185381,GSM5613771_2020-03-18-count-3
observation.observation_s5,1p,gain,86,229,0.375545851528384,FALSE,GSE185381,GSM5613771_2020-03-18-count-3
observation.observation_s5,1q,gain,50,180,0.277777777777778,FALSE,GSE185381,GSM5613771_2020-03-18-count-3
observation.observation_s5,2q,gain,41,156,0.262820512820513,FALSE,GSE185381,GSM5613771_2020-03-18-count-3
observation.observation_s5,6p,loss,49,136,0.360294117647059,FALSE,GSE185381,GSM5613771_2020-03-18-count-3
observation.observation_s5,7p,gain,65,79,0.822784810126582,TRUE,GSE185381,GSM5613771_2020-03-18-count-3
observation.observation_s5,8q,gain,94,108,0.87037037037037,TRUE,GSE185381,GSM5613771_2020-03-18-count-3
observation.observation_s5,9q,gain,65,95,0.68421052631579,TRUE,GSE185381,GSM5613771_2020-03-18-count-3
observation.observation_s5,11p,gain,25,72,0.347222222222222,FALSE,GSE185381,GSM5613771_2020-03-18-count-3
observation.observation_s5,12p,gain,19,53,0.358490566037736,FALSE,GSE185381,GSM5613771_2020-03-18-count-3
observation.observation_s5,12q,gain,84,160,0.525,TRUE,GSE185381,GSM5613771_2020-03-18-count-3
observation.observation_s5,14q,loss,18,135,0.133333333333333,FALSE,GSE185381,GSM5613771_2020-03-18-count-3
observation.observation_s5,17p,gain,48,65,0.738461538461539,TRUE,GSE185381,GSM5613771_2020-03-18-count-3
observation.observation_s5,20p,gain,34,34,1,TRUE,GSE185381,GSM5613771_2020-03-18-count-3
observation.observation_s5,20q,gain,17,73,0.232876712328767,FALSE,GSE185381,GSM5613771_2020-03-18-count-3
observation.observation_s5,21q,gain,46,46,1,TRUE,GSE185381,GSM5613771_2020-03-18-count-3
observation.observation_s5,22q,gain,71,89,0.797752808988764,TRUE,GSE185381,GSM5613771_2020-03-18-count-3
observation.observation_s7,1p,gain,128,229,0.558951965065502,TRUE,GSE185381,GSM5613771_2020-03-18-count-3
observation.observation_s7,1q,gain,71,180,0.394444444444444,FALSE,GSE185381,GSM5613771_2020-03-18-count-3
observation.observation_s7,4q,loss,41,94,0.436170212765957,FALSE,GSE185381,GSM5613771_2020-03-18-count-3
observation.observation_s7,7q,gain,78,113,0.690265486725664,TRUE,GSE185381,GSM5613771_2020-03-18-count-3
observation.observation_s7,10p,gain,25,34,0.735294117647059,TRUE,GSE185381,GSM5613771_2020-03-18-count-3
observation.observation_s7,10q,gain,44,101,0.435643564356436,FALSE,GSE185381,GSM5613771_2020-03-18-count-3
observation.observation_s7,12p,gain,20,53,0.377358490566038,FALSE,GSE185381,GSM5613771_2020-03-18-count-3
observation.observation_s7,12q,gain,64,160,0.4,FALSE,GSE185381,GSM5613771_2020-03-18-count-3
observation.observation_s7,14q,gain,34,135,0.251851851851852,FALSE,GSE185381,GSM5613771_2020-03-18-count-3
observation.observation_s7,17p,gain,45,65,0.692307692307692,TRUE,GSE185381,GSM5613771_2020-03-18-count-3
observation.observation_s7,19p,gain,145,145,1,TRUE,GSE185381,GSM5613771_2020-03-18-count-3
observation.observation_s7,19q,gain,64,127,0.503937007874016,TRUE,GSE185381,GSM5613771_2020-03-18-count-3
observation.observation_s7,20p,gain,34,34,1,TRUE,GSE185381,GSM5613771_2020-03-18-count-3
observation.observation_s7,20q,gain,36,73,0.493150684931507,FALSE,GSE185381,GSM5613771_2020-03-18-count-3
observation.observation_s7,22q,gain,41,89,0.460674157303371,FALSE,GSE185381,GSM5613771_2020-03-18-count-3
observation.observation_s23,1p,gain,23,229,0.100436681222707,FALSE,GSE185381,GSM5613771_2020-03-18-count-3
observation.observation_s23,1q,gain,180,180,1,TRUE,GSE185381,GSM5613771_2020-03-18-count-3
observation.observation_s23,3p,loss,52,110,0.472727272727273,FALSE,GSE185381,GSM5613771_2020-03-18-count-3
observation.observation_s23,4q,loss,43,94,0.457446808510638,FALSE,GSE185381,GSM5613771_2020-03-18-count-3
observation.observation_s23,6p,loss,62,136,0.455882352941176,FALSE,GSE185381,GSM5613771_2020-03-18-count-3
observation.observation_s23,6q,loss,31,85,0.364705882352941,FALSE,GSE185381,GSM5613771_2020-03-18-count-3
observation.observation_s23,7q,gain,101,113,0.893805309734513,TRUE,GSE185381,GSM5613771_2020-03-18-count-3
observation.observation_s23,10p,gain,34,34,1,TRUE,GSE185381,GSM5613771_2020-03-18-count-3
observation.observation_s23,10q,gain,50,101,0.495049504950495,FALSE,GSE185381,GSM5613771_2020-03-18-count-3
observation.observation_s23,11p,gain,1,72,0.0138888888888889,FALSE,GSE185381,GSM5613771_2020-03-18-count-3
observation.observation_s23,11q,gain,66,173,0.38150289017341,FALSE,GSE185381,GSM5613771_2020-03-18-count-3
observation.observation_s23,12p,gain,23,53,0.433962264150943,FALSE,GSE185381,GSM5613771_2020-03-18-count-3
observation.observation_s23,14q,gain,68,135,0.503703703703704,TRUE,GSE185381,GSM5613771_2020-03-18-count-3
observation.observation_s23,17p,gain,42,65,0.646153846153846,TRUE,GSE185381,GSM5613771_2020-03-18-count-3
observation.observation_s23,19p,gain,67,145,0.462068965517241,FALSE,GSE185381,GSM5613771_2020-03-18-count-3
observation.observation_s23,19q,gain,42,127,0.330708661417323,FALSE,GSE185381,GSM5613771_2020-03-18-count-3
observation.observation_s23,19q,loss,15,127,0.118110236220472,FALSE,GSE185381,GSM5613771_2020-03-18-count-3
observation.observation_s23,20p,gain,31,34,0.911764705882353,TRUE,GSE185381,GSM5613771_2020-03-18-count-3
observation.observation_s23,20q,gain,34,73,0.465753424657534,FALSE,GSE185381,GSM5613771_2020-03-18-count-3
observation.observation_s23,22q,gain,30,89,0.337078651685393,FALSE,GSE185381,GSM5613771_2020-03-18-count-3
observation.observation_s8,1p,gain,55,229,0.240174672489083,FALSE,GSE185381,GSM5613771_2020-03-18-count-3
observation.observation_s8,1q,gain,62,180,0.344444444444444,FALSE,GSE185381,GSM5613771_2020-03-18-count-3
observation.observation_s8,3q,loss,28,116,0.241379310344828,FALSE,GSE185381,GSM5613771_2020-03-18-count-3
observation.observation_s8,5p,loss,23,27,0.851851851851852,TRUE,GSE185381,GSM5613771_2020-03-18-count-3
observation.observation_s8,5q,loss,125,152,0.822368421052632,TRUE,GSE185381,GSM5613771_2020-03-18-count-3
observation.observation_s8,6p,loss,45,136,0.330882352941176,FALSE,GSE185381,GSM5613771_2020-03-18-count-3
observation.observation_s8,7p,gain,41,79,0.518987341772152,TRUE,GSE185381,GSM5613771_2020-03-18-count-3
observation.observation_s8,8q,gain,63,108,0.583333333333333,TRUE,GSE185381,GSM5613771_2020-03-18-count-3
observation.observation_s8,11p,gain,32,72,0.444444444444444,FALSE,GSE185381,GSM5613771_2020-03-18-count-3
observation.observation_s8,11q,gain,73,173,0.421965317919075,FALSE,GSE185381,GSM5613771_2020-03-18-count-3
observation.observation_s8,12p,gain,53,53,1,TRUE,GSE185381,GSM5613771_2020-03-18-count-3
observation.observation_s8,12q,gain,57,160,0.35625,FALSE,GSE185381,GSM5613771_2020-03-18-count-3
observation.observation_s8,14q,loss,14,135,0.103703703703704,FALSE,GSE185381,GSM5613771_2020-03-18-count-3
observation.observation_s8,17p,gain,53,65,0.815384615384615,TRUE,GSE185381,GSM5613771_2020-03-18-count-3
observation.observation_s8,17q,gain,29,182,0.159340659340659,FALSE,GSE185381,GSM5613771_2020-03-18-count-3
observation.observation_s8,19p,gain,106,145,0.731034482758621,TRUE,GSE185381,GSM5613771_2020-03-18-count-3
observation.observation_s8,19q,gain,40,127,0.31496062992126,FALSE,GSE185381,GSM5613771_2020-03-18-count-3
observation.observation_s8,20p,gain,34,34,1,TRUE,GSE185381,GSM5613771_2020-03-18-count-3
observation.observation_s8,20q,gain,21,73,0.287671232876712,FALSE,GSE185381,GSM5613771_2020-03-18-count-3
observation.observation_s8,21q,gain,46,46,1,TRUE,GSE185381,GSM5613771_2020-03-18-count-3
observation.observation_s8,22q,gain,89,89,1,TRUE,GSE185381,GSM5613771_2020-03-18-count-3
observation.observation_s16,1p,gain,86,229,0.375545851528384,FALSE,GSE185381,GSM5613771_2020-03-18-count-3
observation.observation_s16,1q,gain,67,180,0.372222222222222,FALSE,GSE185381,GSM5613771_2020-03-18-count-3
observation.observation_s16,5p,loss,27,27,1,TRUE,GSE185381,GSM5613771_2020-03-18-count-3
observation.observation_s16,5q,loss,90,152,0.592105263157895,TRUE,GSE185381,GSM5613771_2020-03-18-count-3
observation.observation_s16,6p,loss,51,136,0.375,FALSE,GSE185381,GSM5613771_2020-03-18-count-3
observation.observation_s16,7p,gain,79,79,1,TRUE,GSE185381,GSM5613771_2020-03-18-count-3
observation.observation_s16,7q,gain,47,113,0.415929203539823,FALSE,GSE185381,GSM5613771_2020-03-18-count-3
observation.observation_s16,8q,gain,74,108,0.685185185185185,TRUE,GSE185381,GSM5613771_2020-03-18-count-3
observation.observation_s16,11p,gain,25,72,0.347222222222222,FALSE,GSE185381,GSM5613771_2020-03-18-count-3
observation.observation_s16,11q,gain,48,173,0.277456647398844,FALSE,GSE185381,GSM5613771_2020-03-18-count-3
observation.observation_s16,12p,gain,53,53,1,TRUE,GSE185381,GSM5613771_2020-03-18-count-3
observation.observation_s16,12q,gain,56,160,0.35,FALSE,GSE185381,GSM5613771_2020-03-18-count-3
observation.observation_s16,14q,loss,11,135,0.0814814814814815,FALSE,GSE185381,GSM5613771_2020-03-18-count-3
observation.observation_s16,15q,gain,76,129,0.589147286821706,TRUE,GSE185381,GSM5613771_2020-03-18-count-3
observation.observation_s16,17p,gain,45,65,0.692307692307692,TRUE,GSE185381,GSM5613771_2020-03-18-count-3
observation.observation_s16,17q,loss,48,182,0.263736263736264,FALSE,GSE185381,GSM5613771_2020-03-18-count-3
observation.observation_s16,19q,loss,49,127,0.385826771653543,FALSE,GSE185381,GSM5613771_2020-03-18-count-3
observation.observation_s16,20p,gain,34,34,1,TRUE,GSE185381,GSM5613771_2020-03-18-count-3
observation.observation_s16,20q,gain,26,73,0.356164383561644,FALSE,GSE185381,GSM5613771_2020-03-18-count-3
observation.observation_s16,21q,gain,46,46,1,TRUE,GSE185381,GSM5613771_2020-03-18-count-3
observation.observation_s16,22q,gain,57,89,0.640449438202247,TRUE,GSE185381,GSM5613771_2020-03-18-count-3
observation.observation_s34,1p,gain,21,229,0.091703056768559,FALSE,GSE185381,GSM5613771_2020-03-18-count-3
observation.observation_s34,1q,gain,73,180,0.405555555555556,FALSE,GSE185381,GSM5613771_2020-03-18-count-3
observation.observation_s34,3p,loss,49,110,0.445454545454545,FALSE,GSE185381,GSM5613771_2020-03-18-count-3
observation.observation_s34,6p,loss,57,136,0.419117647058824,FALSE,GSE185381,GSM5613771_2020-03-18-count-3
observation.observation_s34,10p,gain,34,34,1,TRUE,GSE185381,GSM5613771_2020-03-18-count-3
observation.observation_s34,10q,gain,51,101,0.504950495049505,TRUE,GSE185381,GSM5613771_2020-03-18-count-3
observation.observation_s34,11q,gain,69,173,0.398843930635838,FALSE,GSE185381,GSM5613771_2020-03-18-count-3
observation.observation_s34,12p,gain,20,53,0.377358490566038,FALSE,GSE185381,GSM5613771_2020-03-18-count-3
observation.observation_s34,12q,gain,44,160,0.275,FALSE,GSE185381,GSM5613771_2020-03-18-count-3
observation.observation_s34,15q,gain,103,129,0.798449612403101,TRUE,GSE185381,GSM5613771_2020-03-18-count-3
observation.observation_s34,17p,gain,40,65,0.615384615384615,TRUE,GSE185381,GSM5613771_2020-03-18-count-3
observation.observation_s34,20p,gain,34,34,1,TRUE,GSE185381,GSM5613771_2020-03-18-count-3
observation.observation_s34,20q,gain,32,73,0.438356164383562,FALSE,GSE185381,GSM5613771_2020-03-18-count-3
observation.observation_s34,22q,gain,37,89,0.415730337078652,FALSE,GSE185381,GSM5613771_2020-03-18-count-3
observation.observation_s18,1p,gain,19,229,0.0829694323144105,FALSE,GSE185381,GSM5613771_2020-03-18-count-3
observation.observation_s18,1q,gain,71,180,0.394444444444444,FALSE,GSE185381,GSM5613771_2020-03-18-count-3
observation.observation_s18,3q,gain,61,116,0.525862068965517,TRUE,GSE185381,GSM5613771_2020-03-18-count-3
observation.observation_s18,6p,loss,62,136,0.455882352941176,FALSE,GSE185381,GSM5613771_2020-03-18-count-3
observation.observation_s18,9p,gain,17,36,0.472222222222222,FALSE,GSE185381,GSM5613771_2020-03-18-count-3
observation.observation_s18,9q,gain,58,95,0.610526315789474,TRUE,GSE185381,GSM5613771_2020-03-18-count-3
observation.observation_s18,10p,gain,34,34,1,TRUE,GSE185381,GSM5613771_2020-03-18-count-3
observation.observation_s18,10q,gain,41,101,0.405940594059406,FALSE,GSE185381,GSM5613771_2020-03-18-count-3
observation.observation_s18,12q,gain,105,160,0.65625,TRUE,GSE185381,GSM5613771_2020-03-18-count-3
observation.observation_s18,15q,gain,47,129,0.364341085271318,FALSE,GSE185381,GSM5613771_2020-03-18-count-3
observation.observation_s18,20p,gain,34,34,1,TRUE,GSE185381,GSM5613771_2020-03-18-count-3
observation.observation_s18,20q,gain,23,73,0.315068493150685,FALSE,GSE185381,GSM5613771_2020-03-18-count-3
observation.observation_s18,22q,gain,34,89,0.382022471910112,FALSE,GSE185381,GSM5613771_2020-03-18-count-3
observation.observation_s30,1p,gain,19,229,0.0829694323144105,FALSE,GSE185381,GSM5613771_2020-03-18-count-3
observation.observation_s30,1q,gain,68,180,0.377777777777778,FALSE,GSE185381,GSM5613771_2020-03-18-count-3
observation.observation_s30,3p,loss,45,110,0.409090909090909,FALSE,GSE185381,GSM5613771_2020-03-18-count-3
observation.observation_s30,6p,loss,62,136,0.455882352941176,FALSE,GSE185381,GSM5613771_2020-03-18-count-3
observation.observation_s30,6q,loss,41,85,0.482352941176471,FALSE,GSE185381,GSM5613771_2020-03-18-count-3
observation.observation_s30,11p,gain,32,72,0.444444444444444,FALSE,GSE185381,GSM5613771_2020-03-18-count-3
observation.observation_s30,11q,gain,84,173,0.485549132947977,FALSE,GSE185381,GSM5613771_2020-03-18-count-3
observation.observation_s30,12q,gain,54,160,0.3375,FALSE,GSE185381,GSM5613771_2020-03-18-count-3
observation.observation_s30,15q,gain,51,129,0.395348837209302,FALSE,GSE185381,GSM5613771_2020-03-18-count-3
observation.observation_s30,17p,gain,52,65,0.8,TRUE,GSE185381,GSM5613771_2020-03-18-count-3
observation.observation_s30,17q,gain,56,182,0.307692307692308,FALSE,GSE185381,GSM5613771_2020-03-18-count-3
observation.observation_s30,18p,loss,18,18,1,TRUE,GSE185381,GSM5613771_2020-03-18-count-3
observation.observation_s30,18q,loss,33,33,1,TRUE,GSE185381,GSM5613771_2020-03-18-count-3
observation.observation_s30,19p,gain,145,145,1,TRUE,GSE185381,GSM5613771_2020-03-18-count-3
observation.observation_s30,19q,gain,44,127,0.346456692913386,FALSE,GSE185381,GSM5613771_2020-03-18-count-3
observation.observation_s30,20p,gain,34,34,1,TRUE,GSE185381,GSM5613771_2020-03-18-count-3
observation.observation_s30,20q,gain,40,73,0.547945205479452,TRUE,GSE185381,GSM5613771_2020-03-18-count-3
observation.observation_s30,22q,gain,43,89,0.48314606741573,FALSE,GSE185381,GSM5613771_2020-03-18-count-3
observation.observation_s31,1p,gain,21,229,0.091703056768559,FALSE,GSE185381,GSM5613771_2020-03-18-count-3
observation.observation_s31,1q,gain,180,180,1,TRUE,GSE185381,GSM5613771_2020-03-18-count-3
observation.observation_s31,3p,loss,46,110,0.418181818181818,FALSE,GSE185381,GSM5613771_2020-03-18-count-3
observation.observation_s31,6p,loss,57,136,0.419117647058824,FALSE,GSE185381,GSM5613771_2020-03-18-count-3
observation.observation_s31,7p,gain,1,79,0.0126582278481013,FALSE,GSE185381,GSM5613771_2020-03-18-count-3
observation.observation_s31,7q,gain,83,113,0.734513274336283,TRUE,GSE185381,GSM5613771_2020-03-18-count-3
observation.observation_s31,10p,gain,34,34,1,TRUE,GSE185381,GSM5613771_2020-03-18-count-3
observation.observation_s31,10q,gain,45,101,0.445544554455446,FALSE,GSE185381,GSM5613771_2020-03-18-count-3
observation.observation_s31,11p,gain,21,72,0.291666666666667,FALSE,GSE185381,GSM5613771_2020-03-18-count-3
observation.observation_s31,11q,gain,57,173,0.329479768786127,FALSE,GSE185381,GSM5613771_2020-03-18-count-3
observation.observation_s31,15q,gain,73,129,0.565891472868217,TRUE,GSE185381,GSM5613771_2020-03-18-count-3
observation.observation_s31,17q,gain,66,182,0.362637362637363,FALSE,GSE185381,GSM5613771_2020-03-18-count-3
observation.observation_s31,19q,loss,18,127,0.141732283464567,FALSE,GSE185381,GSM5613771_2020-03-18-count-3
observation.observation_s31,20p,gain,34,34,1,TRUE,GSE185381,GSM5613771_2020-03-18-count-3
observation.observation_s31,20q,gain,25,73,0.342465753424658,FALSE,GSE185381,GSM5613771_2020-03-18-count-3
observation.observation_s4,4p,gain,28,40,0.7,TRUE,GSE185381,GSM5613771_2020-03-18-count-3
observation.observation_s4,4q,gain,48,94,0.51063829787234,TRUE,GSE185381,GSM5613771_2020-03-18-count-3
observation.observation_s4,6p,loss,55,136,0.404411764705882,FALSE,GSE185381,GSM5613771_2020-03-18-count-3
observation.observation_s4,8q,gain,71,108,0.657407407407407,TRUE,GSE185381,GSM5613771_2020-03-18-count-3
observation.observation_s4,11q,gain,37,173,0.213872832369942,FALSE,GSE185381,GSM5613771_2020-03-18-count-3
observation.observation_s4,19q,loss,58,127,0.456692913385827,FALSE,GSE185381,GSM5613771_2020-03-18-count-3
observation.observation_s4,20p,gain,34,34,1,TRUE,GSE185381,GSM5613771_2020-03-18-count-3
observation.observation_s4,20q,gain,21,73,0.287671232876712,FALSE,GSE185381,GSM5613771_2020-03-18-count-3
observation.observation_s40,1q,gain,176,180,0.977777777777778,TRUE,GSE185381,GSM5613771_2020-03-18-count-3
observation.observation_s40,3p,loss,52,110,0.472727272727273,FALSE,GSE185381,GSM5613771_2020-03-18-count-3
observation.observation_s40,3q,gain,50,116,0.431034482758621,FALSE,GSE185381,GSM5613771_2020-03-18-count-3
observation.observation_s40,4p,gain,14,40,0.35,FALSE,GSE185381,GSM5613771_2020-03-18-count-3
observation.observation_s40,4q,gain,58,94,0.617021276595745,TRUE,GSE185381,GSM5613771_2020-03-18-count-3
observation.observation_s40,5p,loss,27,27,1,TRUE,GSE185381,GSM5613771_2020-03-18-count-3
observation.observation_s40,5q,loss,128,152,0.842105263157895,TRUE,GSE185381,GSM5613771_2020-03-18-count-3
observation.observation_s40,6p,gain,52,136,0.382352941176471,FALSE,GSE185381,GSM5613771_2020-03-18-count-3
observation.observation_s40,6p,loss,59,136,0.433823529411765,FALSE,GSE185381,GSM5613771_2020-03-18-count-3
observation.observation_s40,6q,loss,46,85,0.541176470588235,TRUE,GSE185381,GSM5613771_2020-03-18-count-3
observation.observation_s40,7p,gain,79,79,1,TRUE,GSE185381,GSM5613771_2020-03-18-count-3
observation.observation_s40,7q,gain,39,113,0.345132743362832,FALSE,GSE185381,GSM5613771_2020-03-18-count-3
observation.observation_s40,8q,gain,59,108,0.546296296296296,TRUE,GSE185381,GSM5613771_2020-03-18-count-3
observation.observation_s40,10p,gain,34,34,1,TRUE,GSE185381,GSM5613771_2020-03-18-count-3
observation.observation_s40,10q,gain,101,101,1,TRUE,GSE185381,GSM5613771_2020-03-18-count-3
observation.observation_s40,11p,gain,22,72,0.305555555555556,FALSE,GSE185381,GSM5613771_2020-03-18-count-3
observation.observation_s40,11q,gain,70,173,0.404624277456647,FALSE,GSE185381,GSM5613771_2020-03-18-count-3
observation.observation_s40,12p,gain,37,53,0.69811320754717,TRUE,GSE185381,GSM5613771_2020-03-18-count-3
observation.observation_s40,12q,loss,50,160,0.3125,FALSE,GSE185381,GSM5613771_2020-03-18-count-3
observation.observation_s40,15q,gain,67,129,0.51937984496124,TRUE,GSE185381,GSM5613771_2020-03-18-count-3
observation.observation_s40,17p,loss,1,65,0.0153846153846154,FALSE,GSE185381,GSM5613771_2020-03-18-count-3
observation.observation_s40,17q,loss,49,182,0.269230769230769,FALSE,GSE185381,GSM5613771_2020-03-18-count-3
observation.observation_s40,19q,loss,73,127,0.574803149606299,TRUE,GSE185381,GSM5613771_2020-03-18-count-3
observation.observation_s40,20p,gain,34,34,1,TRUE,GSE185381,GSM5613771_2020-03-18-count-3
observation.observation_s40,20q,gain,38,73,0.520547945205479,TRUE,GSE185381,GSM5613771_2020-03-18-count-3
observation.observation_s40,21q,gain,46,46,1,TRUE,GSE185381,GSM5613771_2020-03-18-count-3
observation.observation_s40,22q,gain,52,89,0.584269662921348,TRUE,GSE185381,GSM5613771_2020-03-18-count-3
observation.observation_s27,1q,gain,68,180,0.377777777777778,FALSE,GSE185381,GSM5613771_2020-03-18-count-3
observation.observation_s27,3p,gain,16,110,0.145454545454545,FALSE,GSE185381,GSM5613771_2020-03-18-count-3
observation.observation_s27,3q,gain,80,116,0.689655172413793,TRUE,GSE185381,GSM5613771_2020-03-18-count-3
observation.observation_s27,6p,loss,54,136,0.397058823529412,FALSE,GSE185381,GSM5613771_2020-03-18-count-3
observation.observation_s27,8q,gain,60,108,0.555555555555556,TRUE,GSE185381,GSM5613771_2020-03-18-count-3
observation.observation_s27,11p,gain,34,72,0.472222222222222,FALSE,GSE185381,GSM5613771_2020-03-18-count-3
observation.observation_s27,11q,gain,78,173,0.450867052023121,FALSE,GSE185381,GSM5613771_2020-03-18-count-3
observation.observation_s27,12p,gain,53,53,1,TRUE,GSE185381,GSM5613771_2020-03-18-count-3
observation.observation_s27,12q,gain,45,160,0.28125,FALSE,GSE185381,GSM5613771_2020-03-18-count-3
observation.observation_s27,14q,loss,9,135,0.0666666666666667,FALSE,GSE185381,GSM5613771_2020-03-18-count-3
observation.observation_s27,15q,gain,48,129,0.372093023255814,FALSE,GSE185381,GSM5613771_2020-03-18-count-3
observation.observation_s27,15q,loss,20,129,0.155038759689923,FALSE,GSE185381,GSM5613771_2020-03-18-count-3
observation.observation_s27,17p,gain,49,65,0.753846153846154,TRUE,GSE185381,GSM5613771_2020-03-18-count-3
observation.observation_s27,19q,loss,48,127,0.377952755905512,FALSE,GSE185381,GSM5613771_2020-03-18-count-3
observation.observation_s27,20p,gain,34,34,1,TRUE,GSE185381,GSM5613771_2020-03-18-count-3
observation.observation_s27,20q,gain,42,73,0.575342465753425,TRUE,GSE185381,GSM5613771_2020-03-18-count-3
observation.observation_s27,21q,gain,46,46,1,TRUE,GSE185381,GSM5613771_2020-03-18-count-3
observation.observation_s33,1p,gain,83,229,0.362445414847162,FALSE,GSE185381,GSM5613771_2020-03-18-count-3
observation.observation_s33,1q,gain,41,180,0.227777777777778,FALSE,GSE185381,GSM5613771_2020-03-18-count-3
observation.observation_s33,3q,gain,111,116,0.956896551724138,TRUE,GSE185381,GSM5613771_2020-03-18-count-3
observation.observation_s33,6p,loss,58,136,0.426470588235294,FALSE,GSE185381,GSM5613771_2020-03-18-count-3
observation.observation_s33,7p,gain,79,79,1,TRUE,GSE185381,GSM5613771_2020-03-18-count-3
observation.observation_s33,7q,gain,113,113,1,TRUE,GSE185381,GSM5613771_2020-03-18-count-3
observation.observation_s33,14q,gain,55,135,0.407407407407407,FALSE,GSE185381,GSM5613771_2020-03-18-count-3
observation.observation_s33,15q,gain,27,129,0.209302325581395,FALSE,GSE185381,GSM5613771_2020-03-18-count-3
observation.observation_s33,19p,loss,20,145,0.137931034482759,FALSE,GSE185381,GSM5613771_2020-03-18-count-3
observation.observation_s33,19q,loss,127,127,1,TRUE,GSE185381,GSM5613771_2020-03-18-count-3
observation.observation_s33,20p,gain,34,34,1,TRUE,GSE185381,GSM5613771_2020-03-18-count-3
observation.observation_s33,20q,gain,31,73,0.424657534246575,FALSE,GSE185381,GSM5613771_2020-03-18-count-3
observation.observation_s33,21q,gain,46,46,1,TRUE,GSE185381,GSM5613771_2020-03-18-count-3
observation.observation_s32,1p,gain,23,229,0.100436681222707,FALSE,GSE185381,GSM5613771_2020-03-18-count-3
observation.observation_s32,1q,gain,70,180,0.388888888888889,FALSE,GSE185381,GSM5613771_2020-03-18-count-3
observation.observation_s32,3p,loss,51,110,0.463636363636364,FALSE,GSE185381,GSM5613771_2020-03-18-count-3
observation.observation_s32,6p,loss,61,136,0.448529411764706,FALSE,GSE185381,GSM5613771_2020-03-18-count-3
observation.observation_s32,7q,gain,61,113,0.539823008849558,TRUE,GSE185381,GSM5613771_2020-03-18-count-3
observation.observation_s32,10p,gain,34,34,1,TRUE,GSE185381,GSM5613771_2020-03-18-count-3
observation.observation_s32,10q,gain,42,101,0.415841584158416,FALSE,GSE185381,GSM5613771_2020-03-18-count-3
observation.observation_s32,11p,gain,17,72,0.236111111111111,FALSE,GSE185381,GSM5613771_2020-03-18-count-3
observation.observation_s32,12q,gain,47,160,0.29375,FALSE,GSE185381,GSM5613771_2020-03-18-count-3
observation.observation_s32,19q,loss,21,127,0.165354330708661,FALSE,GSE185381,GSM5613771_2020-03-18-count-3
observation.observation_s32,20p,gain,24,34,0.705882352941177,TRUE,GSE185381,GSM5613771_2020-03-18-count-3
observation.observation_s32,20q,gain,28,73,0.383561643835616,FALSE,GSE185381,GSM5613771_2020-03-18-count-3
observation.observation_s32,21q,gain,15,46,0.326086956521739,FALSE,GSE185381,GSM5613771_2020-03-18-count-3
observation.observation_s32,22q,gain,26,89,0.292134831460674,FALSE,GSE185381,GSM5613771_2020-03-18-count-3
observation.observation_s35,1p,gain,123,229,0.537117903930131,TRUE,GSE185381,GSM5613771_2020-03-18-count-3
observation.observation_s35,3p,gain,7,110,0.0636363636363636,FALSE,GSE185381,GSM5613771_2020-03-18-count-3
observation.observation_s35,3q,gain,83,116,0.71551724137931,TRUE,GSE185381,GSM5613771_2020-03-18-count-3
observation.observation_s35,4p,gain,9,40,0.225,FALSE,GSE185381,GSM5613771_2020-03-18-count-3
observation.observation_s35,4q,gain,65,94,0.691489361702128,TRUE,GSE185381,GSM5613771_2020-03-18-count-3
observation.observation_s35,5q,gain,10,152,0.0657894736842105,FALSE,GSE185381,GSM5613771_2020-03-18-count-3
observation.observation_s35,6p,loss,60,136,0.441176470588235,FALSE,GSE185381,GSM5613771_2020-03-18-count-3
observation.observation_s35,7p,gain,60,79,0.759493670886076,TRUE,GSE185381,GSM5613771_2020-03-18-count-3
observation.observation_s35,8q,gain,93,108,0.861111111111111,TRUE,GSE185381,GSM5613771_2020-03-18-count-3
observation.observation_s35,12p,gain,53,53,1,TRUE,GSE185381,GSM5613771_2020-03-18-count-3
observation.observation_s35,12q,gain,68,160,0.425,FALSE,GSE185381,GSM5613771_2020-03-18-count-3
observation.observation_s35,14q,loss,15,135,0.111111111111111,FALSE,GSE185381,GSM5613771_2020-03-18-count-3
observation.observation_s35,17q,loss,61,182,0.335164835164835,FALSE,GSE185381,GSM5613771_2020-03-18-count-3
observation.observation_s35,19p,loss,100,145,0.689655172413793,TRUE,GSE185381,GSM5613771_2020-03-18-count-3
observation.observation_s35,19q,loss,127,127,1,TRUE,GSE185381,GSM5613771_2020-03-18-count-3
observation.observation_s35,20p,gain,34,34,1,TRUE,GSE185381,GSM5613771_2020-03-18-count-3
observation.observation_s35,20q,gain,14,73,0.191780821917808,FALSE,GSE185381,GSM5613771_2020-03-18-count-3
observation.observation_s35,21q,gain,46,46,1,TRUE,GSE185381,GSM5613771_2020-03-18-count-3
observation.observation_s35,22q,gain,56,89,0.629213483146067,TRUE,GSE185381,GSM5613771_2020-03-18-count-3
observation.observation_s37,1p,gain,19,229,0.0829694323144105,FALSE,GSE185381,GSM5613771_2020-03-18-count-3
observation.observation_s37,1q,gain,65,180,0.361111111111111,FALSE,GSE185381,GSM5613771_2020-03-18-count-3
observation.observation_s37,6p,loss,76,136,0.558823529411765,TRUE,GSE185381,GSM5613771_2020-03-18-count-3
observation.observation_s37,6q,loss,85,85,1,TRUE,GSE185381,GSM5613771_2020-03-18-count-3
observation.observation_s37,7p,gain,30,79,0.379746835443038,FALSE,GSE185381,GSM5613771_2020-03-18-count-3
observation.observation_s37,7q,gain,72,113,0.63716814159292,TRUE,GSE185381,GSM5613771_2020-03-18-count-3
observation.observation_s37,9p,gain,13,36,0.361111111111111,FALSE,GSE185381,GSM5613771_2020-03-18-count-3
observation.observation_s37,9q,gain,95,95,1,TRUE,GSE185381,GSM5613771_2020-03-18-count-3
observation.observation_s37,11q,gain,49,173,0.283236994219653,FALSE,GSE185381,GSM5613771_2020-03-18-count-3
observation.observation_s37,17p,gain,35,65,0.538461538461538,TRUE,GSE185381,GSM5613771_2020-03-18-count-3
observation.observation_s37,18p,loss,18,18,1,TRUE,GSE185381,GSM5613771_2020-03-18-count-3
observation.observation_s37,18q,loss,33,33,1,TRUE,GSE185381,GSM5613771_2020-03-18-count-3
observation.observation_s37,19p,gain,145,145,1,TRUE,GSE185381,GSM5613771_2020-03-18-count-3
observation.observation_s37,19q,gain,35,127,0.275590551181102,FALSE,GSE185381,GSM5613771_2020-03-18-count-3
observation.observation_s37,22q,gain,38,89,0.426966292134831,FALSE,GSE185381,GSM5613771_2020-03-18-count-3
observation.observation_s26,1q,gain,49,180,0.272222222222222,FALSE,GSE185381,GSM5613771_2020-03-18-count-3
observation.observation_s26,1q,loss,38,180,0.211111111111111,FALSE,GSE185381,GSM5613771_2020-03-18-count-3
observation.observation_s26,3q,gain,60,116,0.517241379310345,TRUE,GSE185381,GSM5613771_2020-03-18-count-3
observation.observation_s26,4q,gain,51,94,0.542553191489362,TRUE,GSE185381,GSM5613771_2020-03-18-count-3
observation.observation_s26,5q,loss,56,152,0.368421052631579,FALSE,GSE185381,GSM5613771_2020-03-18-count-3
observation.observation_s26,6p,gain,44,136,0.323529411764706,FALSE,GSE185381,GSM5613771_2020-03-18-count-3
observation.observation_s26,6p,loss,44,136,0.323529411764706,FALSE,GSE185381,GSM5613771_2020-03-18-count-3
observation.observation_s26,7p,gain,79,79,1,TRUE,GSE185381,GSM5613771_2020-03-18-count-3
observation.observation_s26,7q,gain,41,113,0.36283185840708,FALSE,GSE185381,GSM5613771_2020-03-18-count-3
observation.observation_s26,8q,gain,94,108,0.87037037037037,TRUE,GSE185381,GSM5613771_2020-03-18-count-3
observation.observation_s26,11p,gain,28,72,0.388888888888889,FALSE,GSE185381,GSM5613771_2020-03-18-count-3
observation.observation_s26,12p,gain,25,53,0.471698113207547,FALSE,GSE185381,GSM5613771_2020-03-18-count-3
observation.observation_s26,12q,gain,74,160,0.4625,FALSE,GSE185381,GSM5613771_2020-03-18-count-3
observation.observation_s26,14q,loss,9,135,0.0666666666666667,FALSE,GSE185381,GSM5613771_2020-03-18-count-3
observation.observation_s26,15q,gain,81,129,0.627906976744186,TRUE,GSE185381,GSM5613771_2020-03-18-count-3
observation.observation_s26,17q,loss,39,182,0.214285714285714,FALSE,GSE185381,GSM5613771_2020-03-18-count-3
observation.observation_s26,19p,gain,48,145,0.331034482758621,FALSE,GSE185381,GSM5613771_2020-03-18-count-3
observation.observation_s26,19q,loss,48,127,0.377952755905512,FALSE,GSE185381,GSM5613771_2020-03-18-count-3
observation.observation_s26,20p,gain,34,34,1,TRUE,GSE185381,GSM5613771_2020-03-18-count-3
observation.observation_s26,20q,gain,14,73,0.191780821917808,FALSE,GSE185381,GSM5613771_2020-03-18-count-3
observation.observation_s26,21q,gain,46,46,1,TRUE,GSE185381,GSM5613771_2020-03-18-count-3
observation.observation_s21,1p,gain,20,229,0.0873362445414847,FALSE,GSE185381,GSM5613771_2020-03-18-count-3
observation.observation_s21,1q,gain,85,180,0.472222222222222,FALSE,GSE185381,GSM5613771_2020-03-18-count-3
observation.observation_s21,4p,gain,40,40,1,TRUE,GSE185381,GSM5613771_2020-03-18-count-3
observation.observation_s21,4q,gain,46,94,0.48936170212766,FALSE,GSE185381,GSM5613771_2020-03-18-count-3
observation.observation_s21,6p,loss,67,136,0.492647058823529,FALSE,GSE185381,GSM5613771_2020-03-18-count-3
observation.observation_s21,6q,loss,85,85,1,TRUE,GSE185381,GSM5613771_2020-03-18-count-3
observation.observation_s21,9p,gain,21,36,0.583333333333333,TRUE,GSE185381,GSM5613771_2020-03-18-count-3
observation.observation_s21,9q,gain,47,95,0.494736842105263,FALSE,GSE185381,GSM5613771_2020-03-18-count-3
observation.observation_s21,10p,gain,34,34,1,TRUE,GSE185381,GSM5613771_2020-03-18-count-3
observation.observation_s21,10q,gain,52,101,0.514851485148515,TRUE,GSE185381,GSM5613771_2020-03-18-count-3
observation.observation_s21,11q,gain,60,173,0.346820809248555,FALSE,GSE185381,GSM5613771_2020-03-18-count-3
observation.observation_s21,12p,gain,31,53,0.584905660377359,TRUE,GSE185381,GSM5613771_2020-03-18-count-3
observation.observation_s21,13q,loss,24,68,0.352941176470588,FALSE,GSE185381,GSM5613771_2020-03-18-count-3
observation.observation_s21,14q,gain,40,135,0.296296296296296,FALSE,GSE185381,GSM5613771_2020-03-18-count-3
observation.observation_s21,15q,loss,17,129,0.131782945736434,FALSE,GSE185381,GSM5613771_2020-03-18-count-3
observation.observation_s21,17p,gain,39,65,0.6,TRUE,GSE185381,GSM5613771_2020-03-18-count-3
observation.observation_s21,17q,loss,52,182,0.285714285714286,FALSE,GSE185381,GSM5613771_2020-03-18-count-3
observation.observation_s21,19p,gain,145,145,1,TRUE,GSE185381,GSM5613771_2020-03-18-count-3
observation.observation_s21,19q,gain,86,127,0.677165354330709,TRUE,GSE185381,GSM5613771_2020-03-18-count-3
observation.observation_s21,20p,gain,34,34,1,TRUE,GSE185381,GSM5613771_2020-03-18-count-3
observation.observation_s21,20q,gain,48,73,0.657534246575342,TRUE,GSE185381,GSM5613771_2020-03-18-count-3
observation.observation_s38,1q,gain,69,180,0.383333333333333,FALSE,GSE185381,GSM5613771_2020-03-18-count-3
observation.observation_s38,2p,loss,18,127,0.141732283464567,FALSE,GSE185381,GSM5613771_2020-03-18-count-3
observation.observation_s38,2q,loss,43,156,0.275641025641026,FALSE,GSE185381,GSM5613771_2020-03-18-count-3
observation.observation_s38,5q,loss,118,152,0.776315789473684,TRUE,GSE185381,GSM5613771_2020-03-18-count-3
observation.observation_s38,6p,loss,51,136,0.375,FALSE,GSE185381,GSM5613771_2020-03-18-count-3
observation.observation_s38,6q,gain,33,85,0.388235294117647,FALSE,GSE185381,GSM5613771_2020-03-18-count-3
observation.observation_s38,7p,gain,79,79,1,TRUE,GSE185381,GSM5613771_2020-03-18-count-3
observation.observation_s38,7q,gain,65,113,0.575221238938053,TRUE,GSE185381,GSM5613771_2020-03-18-count-3
observation.observation_s38,8q,gain,91,108,0.842592592592593,TRUE,GSE185381,GSM5613771_2020-03-18-count-3
observation.observation_s38,11q,loss,47,173,0.271676300578035,FALSE,GSE185381,GSM5613771_2020-03-18-count-3
observation.observation_s38,12p,gain,14,53,0.264150943396226,FALSE,GSE185381,GSM5613771_2020-03-18-count-3
observation.observation_s38,12q,gain,43,160,0.26875,FALSE,GSE185381,GSM5613771_2020-03-18-count-3
observation.observation_s38,15q,loss,35,129,0.271317829457364,FALSE,GSE185381,GSM5613771_2020-03-18-count-3
observation.observation_s38,17p,gain,53,65,0.815384615384615,TRUE,GSE185381,GSM5613771_2020-03-18-count-3
observation.observation_s38,18p,loss,18,18,1,TRUE,GSE185381,GSM5613771_2020-03-18-count-3
observation.observation_s38,18q,loss,33,33,1,TRUE,GSE185381,GSM5613771_2020-03-18-count-3
observation.observation_s38,19p,gain,70,145,0.482758620689655,FALSE,GSE185381,GSM5613771_2020-03-18-count-3
observation.observation_s38,19q,loss,62,127,0.488188976377953,FALSE,GSE185381,GSM5613771_2020-03-18-count-3
observation.observation_s38,20p,gain,34,34,1,TRUE,GSE185381,GSM5613771_2020-03-18-count-3
observation.observation_s38,20q,gain,28,73,0.383561643835616,FALSE,GSE185381,GSM5613771_2020-03-18-count-3
observation.observation_s38,21q,gain,46,46,1,TRUE,GSE185381,GSM5613771_2020-03-18-count-3
observation.observation_s38,22q,gain,54,89,0.606741573033708,TRUE,GSE185381,GSM5613771_2020-03-18-count-3
observation.observation_s42,1q,gain,84,180,0.466666666666667,FALSE,GSE185381,GSM5613771_2020-03-18-count-3
observation.observation_s42,2p,gain,27,127,0.21259842519685,FALSE,GSE185381,GSM5613771_2020-03-18-count-3
observation.observation_s42,3q,loss,46,116,0.396551724137931,FALSE,GSE185381,GSM5613771_2020-03-18-count-3
observation.observation_s42,4p,gain,40,40,1,TRUE,GSE185381,GSM5613771_2020-03-18-count-3
observation.observation_s42,4q,gain,94,94,1,TRUE,GSE185381,GSM5613771_2020-03-18-count-3
observation.observation_s42,5p,loss,13,27,0.481481481481482,FALSE,GSE185381,GSM5613771_2020-03-18-count-3
observation.observation_s42,5q,loss,134,152,0.881578947368421,TRUE,GSE185381,GSM5613771_2020-03-18-count-3
observation.observation_s42,6p,loss,87,136,0.639705882352941,TRUE,GSE185381,GSM5613771_2020-03-18-count-3
observation.observation_s42,6q,loss,85,85,1,TRUE,GSE185381,GSM5613771_2020-03-18-count-3
observation.observation_s42,7p,gain,34,79,0.430379746835443,FALSE,GSE185381,GSM5613771_2020-03-18-count-3
observation.observation_s42,8q,gain,37,108,0.342592592592593,FALSE,GSE185381,GSM5613771_2020-03-18-count-3
observation.observation_s42,9q,gain,79,95,0.831578947368421,TRUE,GSE185381,GSM5613771_2020-03-18-count-3
observation.observation_s42,11p,gain,52,72,0.722222222222222,TRUE,GSE185381,GSM5613771_2020-03-18-count-3
observation.observation_s42,12p,gain,22,53,0.415094339622642,FALSE,GSE185381,GSM5613771_2020-03-18-count-3
observation.observation_s42,16q,loss,51,69,0.739130434782609,TRUE,GSE185381,GSM5613771_2020-03-18-count-3
observation.observation_s42,19p,gain,145,145,1,TRUE,GSE185381,GSM5613771_2020-03-18-count-3
observation.observation_s42,19q,gain,49,127,0.385826771653543,FALSE,GSE185381,GSM5613771_2020-03-18-count-3
observation.observation_s42,20p,gain,34,34,1,TRUE,GSE185381,GSM5613771_2020-03-18-count-3
observation.observation_s42,20q,gain,73,73,1,TRUE,GSE185381,GSM5613771_2020-03-18-count-3
observation.observation_s42,21q,gain,46,46,1,TRUE,GSE185381,GSM5613771_2020-03-18-count-3
observation.observation_s42,22q,gain,56,89,0.629213483146067,TRUE,GSE185381,GSM5613771_2020-03-18-count-3
observation.observation_s39,1q,gain,60,180,0.333333333333333,FALSE,GSE185381,GSM5613771_2020-03-18-count-3
observation.observation_s39,2q,loss,57,156,0.365384615384615,FALSE,GSE185381,GSM5613771_2020-03-18-count-3
observation.observation_s39,3q,gain,42,116,0.362068965517241,FALSE,GSE185381,GSM5613771_2020-03-18-count-3
observation.observation_s39,6p,gain,25,136,0.183823529411765,FALSE,GSE185381,GSM5613771_2020-03-18-count-3
observation.observation_s39,6p,loss,66,136,0.485294117647059,FALSE,GSE185381,GSM5613771_2020-03-18-count-3
observation.observation_s39,6q,loss,10,85,0.117647058823529,FALSE,GSE185381,GSM5613771_2020-03-18-count-3
observation.observation_s39,6q,gain,19,85,0.223529411764706,FALSE,GSE185381,GSM5613771_2020-03-18-count-3
observation.observation_s39,7p,gain,27,79,0.341772151898734,FALSE,GSE185381,GSM5613771_2020-03-18-count-3
observation.observation_s39,7q,gain,11,113,0.0973451327433628,FALSE,GSE185381,GSM5613771_2020-03-18-count-3
observation.observation_s39,11p,gain,33,72,0.458333333333333,FALSE,GSE185381,GSM5613771_2020-03-18-count-3
observation.observation_s39,11q,loss,52,173,0.300578034682081,FALSE,GSE185381,GSM5613771_2020-03-18-count-3
observation.observation_s39,12q,gain,69,160,0.43125,FALSE,GSE185381,GSM5613771_2020-03-18-count-3
observation.observation_s39,13q,loss,15,68,0.220588235294118,FALSE,GSE185381,GSM5613771_2020-03-18-count-3
observation.observation_s39,15q,loss,72,129,0.558139534883721,TRUE,GSE185381,GSM5613771_2020-03-18-count-3
observation.observation_s39,17p,gain,32,65,0.492307692307692,FALSE,GSE185381,GSM5613771_2020-03-18-count-3
observation.observation_s39,20p,gain,34,34,1,TRUE,GSE185381,GSM5613771_2020-03-18-count-3
observation.observation_s39,20q,gain,73,73,1,TRUE,GSE185381,GSM5613771_2020-03-18-count-3
observation.observation_s39,21q,gain,45,46,0.978260869565217,TRUE,GSE185381,GSM5613771_2020-03-18-count-3
observation.observation_s25,1p,gain,50,229,0.218340611353712,FALSE,GSE185381,GSM5613771_2020-03-18-count-3
observation.observation_s25,1q,gain,41,180,0.227777777777778,FALSE,GSE185381,GSM5613771_2020-03-18-count-3
observation.observation_s25,1q,loss,36,180,0.2,FALSE,GSE185381,GSM5613771_2020-03-18-count-3
observation.observation_s25,3q,loss,36,116,0.310344827586207,FALSE,GSE185381,GSM5613771_2020-03-18-count-3
observation.observation_s25,5q,loss,64,152,0.421052631578947,FALSE,GSE185381,GSM5613771_2020-03-18-count-3
observation.observation_s25,6p,loss,60,136,0.441176470588235,FALSE,GSE185381,GSM5613771_2020-03-18-count-3
observation.observation_s25,8p,gain,31,45,0.688888888888889,TRUE,GSE185381,GSM5613771_2020-03-18-count-3
observation.observation_s25,8q,gain,44,108,0.407407407407407,FALSE,GSE185381,GSM5613771_2020-03-18-count-3
observation.observation_s25,11p,gain,39,72,0.541666666666667,TRUE,GSE185381,GSM5613771_2020-03-18-count-3
observation.observation_s25,11q,gain,164,173,0.947976878612717,TRUE,GSE185381,GSM5613771_2020-03-18-count-3
observation.observation_s25,12p,gain,14,53,0.264150943396226,FALSE,GSE185381,GSM5613771_2020-03-18-count-3
observation.observation_s25,12q,gain,75,160,0.46875,FALSE,GSE185381,GSM5613771_2020-03-18-count-3
observation.observation_s25,14q,loss,44,135,0.325925925925926,FALSE,GSE185381,GSM5613771_2020-03-18-count-3
observation.observation_s25,15q,gain,19,129,0.147286821705426,FALSE,GSE185381,GSM5613771_2020-03-18-count-3
observation.observation_s25,16p,gain,47,97,0.484536082474227,FALSE,GSE185381,GSM5613771_2020-03-18-count-3
observation.observation_s25,16q,gain,12,69,0.173913043478261,FALSE,GSE185381,GSM5613771_2020-03-18-count-3
observation.observation_s25,16q,loss,14,69,0.202898550724638,FALSE,GSE185381,GSM5613771_2020-03-18-count-3
observation.observation_s25,17q,loss,51,182,0.28021978021978,FALSE,GSE185381,GSM5613771_2020-03-18-count-3
observation.observation_s25,19p,gain,93,145,0.641379310344828,TRUE,GSE185381,GSM5613771_2020-03-18-count-3
observation.observation_s25,19q,gain,37,127,0.291338582677165,FALSE,GSE185381,GSM5613771_2020-03-18-count-3
observation.observation_s25,19q,loss,17,127,0.133858267716535,FALSE,GSE185381,GSM5613771_2020-03-18-count-3
observation.observation_s25,20p,gain,34,34,1,TRUE,GSE185381,GSM5613771_2020-03-18-count-3
observation.observation_s25,20q,gain,73,73,1,TRUE,GSE185381,GSM5613771_2020-03-18-count-3
observation.observation_s41,1p,gain,142,229,0.620087336244542,TRUE,GSE185381,GSM5613771_2020-03-18-count-3
observation.observation_s41,1q,gain,180,180,1,TRUE,GSE185381,GSM5613771_2020-03-18-count-3
observation.observation_s41,2q,loss,29,156,0.185897435897436,FALSE,GSE185381,GSM5613771_2020-03-18-count-3
observation.observation_s41,3p,gain,1,110,0.00909090909090909,FALSE,GSE185381,GSM5613771_2020-03-18-count-3
observation.observation_s41,3q,gain,104,116,0.896551724137931,TRUE,GSE185381,GSM5613771_2020-03-18-count-3
observation.observation_s41,4p,gain,4,40,0.1,FALSE,GSE185381,GSM5613771_2020-03-18-count-3
observation.observation_s41,4q,gain,94,94,1,TRUE,GSE185381,GSM5613771_2020-03-18-count-3
observation.observation_s41,5p,loss,14,27,0.518518518518519,TRUE,GSE185381,GSM5613771_2020-03-18-count-3
observation.observation_s41,5q,loss,128,152,0.842105263157895,TRUE,GSE185381,GSM5613771_2020-03-18-count-3
observation.observation_s41,6p,loss,83,136,0.610294117647059,TRUE,GSE185381,GSM5613771_2020-03-18-count-3
observation.observation_s41,7p,loss,42,79,0.531645569620253,TRUE,GSE185381,GSM5613771_2020-03-18-count-3
observation.observation_s41,7q,loss,113,113,1,TRUE,GSE185381,GSM5613771_2020-03-18-count-3
observation.observation_s41,8q,gain,88,108,0.814814814814815,TRUE,GSE185381,GSM5613771_2020-03-18-count-3
observation.observation_s41,9p,gain,36,36,1,TRUE,GSE185381,GSM5613771_2020-03-18-count-3
observation.observation_s41,9q,gain,95,95,1,TRUE,GSE185381,GSM5613771_2020-03-18-count-3
observation.observation_s41,11p,gain,38,72,0.527777777777778,TRUE,GSE185381,GSM5613771_2020-03-18-count-3
observation.observation_s41,11q,loss,70,173,0.404624277456647,FALSE,GSE185381,GSM5613771_2020-03-18-count-3
observation.observation_s41,12p,gain,53,53,1,TRUE,GSE185381,GSM5613771_2020-03-18-count-3
observation.observation_s41,12q,gain,160,160,1,TRUE,GSE185381,GSM5613771_2020-03-18-count-3
observation.observation_s41,13q,gain,68,68,1,TRUE,GSE185381,GSM5613771_2020-03-18-count-3
observation.observation_s41,14q,loss,123,135,0.911111111111111,TRUE,GSE185381,GSM5613771_2020-03-18-count-3
observation.observation_s41,15q,loss,129,129,1,TRUE,GSE185381,GSM5613771_2020-03-18-count-3
observation.observation_s41,16p,gain,62,97,0.639175257731959,TRUE,GSE185381,GSM5613771_2020-03-18-count-3
observation.observation_s41,16q,gain,69,69,1,TRUE,GSE185381,GSM5613771_2020-03-18-count-3
observation.observation_s41,17p,gain,46,65,0.707692307692308,TRUE,GSE185381,GSM5613771_2020-03-18-count-3
observation.observation_s41,17q,loss,48,182,0.263736263736264,FALSE,GSE185381,GSM5613771_2020-03-18-count-3
observation.observation_s41,19p,loss,145,145,1,TRUE,GSE185381,GSM5613771_2020-03-18-count-3
observation.observation_s41,19q,loss,127,127,1,TRUE,GSE185381,GSM5613771_2020-03-18-count-3
observation.observation_s41,20p,gain,34,34,1,TRUE,GSE185381,GSM5613771_2020-03-18-count-3
observation.observation_s41,20q,gain,38,73,0.520547945205479,TRUE,GSE185381,GSM5613771_2020-03-18-count-3
observation.observation_s41,21q,gain,46,46,1,TRUE,GSE185381,GSM5613771_2020-03-18-count-3
observation.observation_s43,1p,loss,81,229,0.353711790393013,FALSE,GSE185381,GSM5613771_2020-03-18-count-3
observation.observation_s43,1q,loss,112,180,0.622222222222222,TRUE,GSE185381,GSM5613771_2020-03-18-count-3
observation.observation_s43,2p,loss,30,127,0.236220472440945,FALSE,GSE185381,GSM5613771_2020-03-18-count-3
observation.observation_s43,2q,loss,82,156,0.525641025641026,TRUE,GSE185381,GSM5613771_2020-03-18-count-3
observation.observation_s43,3p,loss,81,110,0.736363636363636,TRUE,GSE185381,GSM5613771_2020-03-18-count-3
observation.observation_s43,4p,gain,28,40,0.7,TRUE,GSE185381,GSM5613771_2020-03-18-count-3
observation.observation_s43,4q,gain,94,94,1,TRUE,GSE185381,GSM5613771_2020-03-18-count-3
observation.observation_s43,5p,gain,18,27,0.666666666666667,TRUE,GSE185381,GSM5613771_2020-03-18-count-3
observation.observation_s43,6p,loss,136,136,1,TRUE,GSE185381,GSM5613771_2020-03-18-count-3
observation.observation_s43,6q,loss,85,85,1,TRUE,GSE185381,GSM5613771_2020-03-18-count-3
observation.observation_s43,7q,loss,77,113,0.68141592920354,TRUE,GSE185381,GSM5613771_2020-03-18-count-3
observation.observation_s43,9p,gain,36,36,1,TRUE,GSE185381,GSM5613771_2020-03-18-count-3
observation.observation_s43,9q,gain,95,95,1,TRUE,GSE185381,GSM5613771_2020-03-18-count-3
observation.observation_s43,11p,gain,72,72,1,TRUE,GSE185381,GSM5613771_2020-03-18-count-3
observation.observation_s43,11q,gain,96,173,0.554913294797688,TRUE,GSE185381,GSM5613771_2020-03-18-count-3
observation.observation_s43,12p,loss,38,53,0.716981132075472,TRUE,GSE185381,GSM5613771_2020-03-18-count-3
observation.observation_s43,12q,loss,47,160,0.29375,FALSE,GSE185381,GSM5613771_2020-03-18-count-3
observation.observation_s43,14q,gain,61,135,0.451851851851852,FALSE,GSE185381,GSM5613771_2020-03-18-count-3
observation.observation_s43,17p,gain,46,65,0.707692307692308,TRUE,GSE185381,GSM5613771_2020-03-18-count-3
observation.observation_s43,18q,gain,23,33,0.696969696969697,TRUE,GSE185381,GSM5613771_2020-03-18-count-3
observation.observation_s43,19p,gain,6,145,0.0413793103448276,FALSE,GSE185381,GSM5613771_2020-03-18-count-3
observation.observation_s43,19q,gain,76,127,0.598425196850394,TRUE,GSE185381,GSM5613771_2020-03-18-count-3
observation.observation_s43,20p,gain,34,34,1,TRUE,GSE185381,GSM5613771_2020-03-18-count-3
observation.observation_s43,20q,gain,73,73,1,TRUE,GSE185381,GSM5613771_2020-03-18-count-3
observation.observation_s45,1p,gain,15,229,0.0655021834061135,FALSE,GSE185381,GSM5613771_2020-03-18-count-3
observation.observation_s45,1q,gain,64,180,0.355555555555556,FALSE,GSE185381,GSM5613771_2020-03-18-count-3
observation.observation_s45,1q,loss,67,180,0.372222222222222,FALSE,GSE185381,GSM5613771_2020-03-18-count-3
observation.observation_s45,2p,gain,29,127,0.228346456692913,FALSE,GSE185381,GSM5613771_2020-03-18-count-3
observation.observation_s45,2q,loss,156,156,1,TRUE,GSE185381,GSM5613771_2020-03-18-count-3
observation.observation_s45,3p,loss,47,110,0.427272727272727,FALSE,GSE185381,GSM5613771_2020-03-18-count-3
observation.observation_s45,3q,loss,18,116,0.155172413793103,FALSE,GSE185381,GSM5613771_2020-03-18-count-3
observation.observation_s45,6p,loss,63,136,0.463235294117647,FALSE,GSE185381,GSM5613771_2020-03-18-count-3
observation.observation_s45,6q,loss,31,85,0.364705882352941,FALSE,GSE185381,GSM5613771_2020-03-18-count-3
observation.observation_s45,7p,gain,6,79,0.0759493670886076,FALSE,GSE185381,GSM5613771_2020-03-18-count-3
observation.observation_s45,7q,gain,84,113,0.743362831858407,TRUE,GSE185381,GSM5613771_2020-03-18-count-3
observation.observation_s45,9p,gain,14,36,0.388888888888889,FALSE,GSE185381,GSM5613771_2020-03-18-count-3
observation.observation_s45,9q,gain,51,95,0.536842105263158,TRUE,GSE185381,GSM5613771_2020-03-18-count-3
observation.observation_s45,11q,gain,55,173,0.317919075144509,FALSE,GSE185381,GSM5613771_2020-03-18-count-3
observation.observation_s45,11q,loss,53,173,0.30635838150289,FALSE,GSE185381,GSM5613771_2020-03-18-count-3
observation.observation_s45,12q,gain,75,160,0.46875,FALSE,GSE185381,GSM5613771_2020-03-18-count-3
observation.observation_s45,12q,loss,24,160,0.15,FALSE,GSE185381,GSM5613771_2020-03-18-count-3
observation.observation_s45,14q,gain,68,135,0.503703703703704,TRUE,GSE185381,GSM5613771_2020-03-18-count-3
observation.observation_s45,15q,loss,97,129,0.751937984496124,TRUE,GSE185381,GSM5613771_2020-03-18-count-3
observation.observation_s45,16q,gain,54,69,0.782608695652174,TRUE,GSE185381,GSM5613771_2020-03-18-count-3
observation.observation_s45,17p,gain,62,65,0.953846153846154,TRUE,GSE185381,GSM5613771_2020-03-18-count-3
observation.observation_s45,17q,gain,67,182,0.368131868131868,FALSE,GSE185381,GSM5613771_2020-03-18-count-3
observation.observation_s45,18p,loss,18,18,1,TRUE,GSE185381,GSM5613771_2020-03-18-count-3
observation.observation_s45,18q,loss,33,33,1,TRUE,GSE185381,GSM5613771_2020-03-18-count-3
observation.observation_s45,19p,loss,19,145,0.131034482758621,FALSE,GSE185381,GSM5613771_2020-03-18-count-3
observation.observation_s45,19p,gain,100,145,0.689655172413793,TRUE,GSE185381,GSM5613771_2020-03-18-count-3
observation.observation_s45,19q,gain,43,127,0.338582677165354,FALSE,GSE185381,GSM5613771_2020-03-18-count-3
observation.observation_s45,19q,loss,25,127,0.196850393700787,FALSE,GSE185381,GSM5613771_2020-03-18-count-3
observation.observation_s45,20p,gain,34,34,1,TRUE,GSE185381,GSM5613771_2020-03-18-count-3
observation.observation_s45,20q,gain,73,73,1,TRUE,GSE185381,GSM5613771_2020-03-18-count-3
observation.observation_s45,22q,loss,43,89,0.48314606741573,FALSE,GSE185381,GSM5613771_2020-03-18-count-3
observation.observation_s47,1p,gain,56,229,0.244541484716157,FALSE,GSE185381,GSM5613771_2020-03-18-count-3
observation.observation_s47,1q,gain,126,180,0.7,TRUE,GSE185381,GSM5613771_2020-03-18-count-3
observation.observation_s47,2p,loss,39,127,0.307086614173228,FALSE,GSE185381,GSM5613771_2020-03-18-count-3
observation.observation_s47,2p,gain,27,127,0.21259842519685,FALSE,GSE185381,GSM5613771_2020-03-18-count-3
observation.observation_s47,2q,gain,8,156,0.0512820512820513,FALSE,GSE185381,GSM5613771_2020-03-18-count-3
observation.observation_s47,3q,loss,36,116,0.310344827586207,FALSE,GSE185381,GSM5613771_2020-03-18-count-3
observation.observation_s47,4p,gain,20,40,0.5,TRUE,GSE185381,GSM5613771_2020-03-18-count-3
observation.observation_s47,4q,gain,47,94,0.5,TRUE,GSE185381,GSM5613771_2020-03-18-count-3
observation.observation_s47,4q,loss,33,94,0.351063829787234,FALSE,GSE185381,GSM5613771_2020-03-18-count-3
observation.observation_s47,5p,loss,27,27,1,TRUE,GSE185381,GSM5613771_2020-03-18-count-3
observation.observation_s47,5q,loss,23,152,0.151315789473684,FALSE,GSE185381,GSM5613771_2020-03-18-count-3
observation.observation_s47,6p,gain,29,136,0.213235294117647,FALSE,GSE185381,GSM5613771_2020-03-18-count-3
observation.observation_s47,6p,loss,51,136,0.375,FALSE,GSE185381,GSM5613771_2020-03-18-count-3
observation.observation_s47,7p,gain,35,79,0.443037974683544,FALSE,GSE185381,GSM5613771_2020-03-18-count-3
observation.observation_s47,8p,gain,45,45,1,TRUE,GSE185381,GSM5613771_2020-03-18-count-3
observation.observation_s47,8q,gain,65,108,0.601851851851852,TRUE,GSE185381,GSM5613771_2020-03-18-count-3
observation.observation_s47,9p,loss,36,36,1,TRUE,GSE185381,GSM5613771_2020-03-18-count-3
observation.observation_s47,9q,loss,95,95,1,TRUE,GSE185381,GSM5613771_2020-03-18-count-3
observation.observation_s47,10p,gain,34,34,1,TRUE,GSE185381,GSM5613771_2020-03-18-count-3
observation.observation_s47,10q,gain,22,101,0.217821782178218,FALSE,GSE185381,GSM5613771_2020-03-18-count-3
observation.observation_s47,11p,gain,32,72,0.444444444444444,FALSE,GSE185381,GSM5613771_2020-03-18-count-3
observation.observation_s47,11q,gain,83,173,0.479768786127168,FALSE,GSE185381,GSM5613771_2020-03-18-count-3
observation.observation_s47,12p,gain,10,53,0.188679245283019,FALSE,GSE185381,GSM5613771_2020-03-18-count-3
observation.observation_s47,12q,loss,53,160,0.33125,FALSE,GSE185381,GSM5613771_2020-03-18-count-3
observation.observation_s47,14q,loss,59,135,0.437037037037037,FALSE,GSE185381,GSM5613771_2020-03-18-count-3
observation.observation_s47,15q,gain,29,129,0.224806201550388,FALSE,GSE185381,GSM5613771_2020-03-18-count-3
observation.observation_s47,15q,loss,41,129,0.317829457364341,FALSE,GSE185381,GSM5613771_2020-03-18-count-3
observation.observation_s47,17q,loss,100,182,0.54945054945055,TRUE,GSE185381,GSM5613771_2020-03-18-count-3
observation.observation_s47,19p,gain,102,145,0.703448275862069,TRUE,GSE185381,GSM5613771_2020-03-18-count-3
observation.observation_s47,19q,loss,10,127,0.078740157480315,FALSE,GSE185381,GSM5613771_2020-03-18-count-3
observation.observation_s47,20p,gain,34,34,1,TRUE,GSE185381,GSM5613771_2020-03-18-count-3
observation.observation_s47,20q,gain,73,73,1,TRUE,GSE185381,GSM5613771_2020-03-18-count-3
observation.observation_s47,21q,gain,46,46,1,TRUE,GSE185381,GSM5613771_2020-03-18-count-3
observation.observation_s36,1p,gain,173,229,0.755458515283843,TRUE,GSE185381,GSM5613771_2020-03-18-count-3
observation.observation_s36,1q,gain,143,180,0.794444444444444,TRUE,GSE185381,GSM5613771_2020-03-18-count-3
observation.observation_s36,2p,gain,39,127,0.307086614173228,FALSE,GSE185381,GSM5613771_2020-03-18-count-3
observation.observation_s36,2q,gain,120,156,0.769230769230769,TRUE,GSE185381,GSM5613771_2020-03-18-count-3
observation.observation_s36,3p,loss,110,110,1,TRUE,GSE185381,GSM5613771_2020-03-18-count-3
observation.observation_s36,3q,loss,116,116,1,TRUE,GSE185381,GSM5613771_2020-03-18-count-3
observation.observation_s36,4p,gain,40,40,1,TRUE,GSE185381,GSM5613771_2020-03-18-count-3
observation.observation_s36,4q,gain,94,94,1,TRUE,GSE185381,GSM5613771_2020-03-18-count-3
observation.observation_s36,5p,gain,27,27,1,TRUE,GSE185381,GSM5613771_2020-03-18-count-3
observation.observation_s36,5q,gain,70,152,0.460526315789474,FALSE,GSE185381,GSM5613771_2020-03-18-count-3
observation.observation_s36,6p,loss,136,136,1,TRUE,GSE185381,GSM5613771_2020-03-18-count-3
observation.observation_s36,6q,loss,85,85,1,TRUE,GSE185381,GSM5613771_2020-03-18-count-3
observation.observation_s36,7p,gain,79,79,1,TRUE,GSE185381,GSM5613771_2020-03-18-count-3
observation.observation_s36,7q,gain,113,113,1,TRUE,GSE185381,GSM5613771_2020-03-18-count-3
observation.observation_s36,8q,gain,107,108,0.990740740740741,TRUE,GSE185381,GSM5613771_2020-03-18-count-3
observation.observation_s36,9p,loss,36,36,1,TRUE,GSE185381,GSM5613771_2020-03-18-count-3
observation.observation_s36,9q,loss,95,95,1,TRUE,GSE185381,GSM5613771_2020-03-18-count-3
observation.observation_s36,10p,loss,5,34,0.147058823529412,FALSE,GSE185381,GSM5613771_2020-03-18-count-3
observation.observation_s36,10q,loss,101,101,1,TRUE,GSE185381,GSM5613771_2020-03-18-count-3
observation.observation_s36,11p,gain,72,72,1,TRUE,GSE185381,GSM5613771_2020-03-18-count-3
observation.observation_s36,11q,gain,76,173,0.439306358381503,FALSE,GSE185381,GSM5613771_2020-03-18-count-3
observation.observation_s36,11q,loss,27,173,0.15606936416185,FALSE,GSE185381,GSM5613771_2020-03-18-count-3
observation.observation_s36,12p,gain,38,53,0.716981132075472,TRUE,GSE185381,GSM5613771_2020-03-18-count-3
observation.observation_s36,12q,gain,141,160,0.88125,TRUE,GSE185381,GSM5613771_2020-03-18-count-3
observation.observation_s36,13q,loss,68,68,1,TRUE,GSE185381,GSM5613771_2020-03-18-count-3
observation.observation_s36,14q,gain,31,135,0.22962962962963,FALSE,GSE185381,GSM5613771_2020-03-18-count-3
observation.observation_s36,15q,loss,129,129,1,TRUE,GSE185381,GSM5613771_2020-03-18-count-3
observation.observation_s36,16p,loss,97,97,1,TRUE,GSE185381,GSM5613771_2020-03-18-count-3
observation.observation_s36,16q,loss,69,69,1,TRUE,GSE185381,GSM5613771_2020-03-18-count-3
observation.observation_s36,17p,loss,65,65,1,TRUE,GSE185381,GSM5613771_2020-03-18-count-3
observation.observation_s36,17q,loss,182,182,1,TRUE,GSE185381,GSM5613771_2020-03-18-count-3
observation.observation_s36,18p,gain,18,18,1,TRUE,GSE185381,GSM5613771_2020-03-18-count-3
observation.observation_s36,18q,gain,33,33,1,TRUE,GSE185381,GSM5613771_2020-03-18-count-3
observation.observation_s36,19p,loss,145,145,1,TRUE,GSE185381,GSM5613771_2020-03-18-count-3
observation.observation_s36,19q,loss,127,127,1,TRUE,GSE185381,GSM5613771_2020-03-18-count-3
observation.observation_s36,20p,loss,34,34,1,TRUE,GSE185381,GSM5613771_2020-03-18-count-3
observation.observation_s36,20q,loss,73,73,1,TRUE,GSE185381,GSM5613771_2020-03-18-count-3
observation.observation_s36,22q,gain,62,89,0.696629213483146,TRUE,GSE185381,GSM5613771_2020-03-18-count-3
observation.observation_s44,1p,loss,102,229,0.445414847161572,FALSE,GSE185381,GSM5613771_2020-03-18-count-3
observation.observation_s44,1q,loss,85,180,0.472222222222222,FALSE,GSE185381,GSM5613771_2020-03-18-count-3
observation.observation_s44,2p,gain,127,127,1,TRUE,GSE185381,GSM5613771_2020-03-18-count-3
observation.observation_s44,2q,gain,156,156,1,TRUE,GSE185381,GSM5613771_2020-03-18-count-3
observation.observation_s44,3p,gain,89,110,0.809090909090909,TRUE,GSE185381,GSM5613771_2020-03-18-count-3
observation.observation_s44,3q,gain,116,116,1,TRUE,GSE185381,GSM5613771_2020-03-18-count-3
observation.observation_s44,4p,loss,40,40,1,TRUE,GSE185381,GSM5613771_2020-03-18-count-3
observation.observation_s44,4q,loss,94,94,1,TRUE,GSE185381,GSM5613771_2020-03-18-count-3
observation.observation_s44,5q,loss,55,152,0.361842105263158,FALSE,GSE185381,GSM5613771_2020-03-18-count-3
observation.observation_s44,6p,gain,36,136,0.264705882352941,FALSE,GSE185381,GSM5613771_2020-03-18-count-3
observation.observation_s44,6p,loss,65,136,0.477941176470588,FALSE,GSE185381,GSM5613771_2020-03-18-count-3
observation.observation_s44,6q,loss,52,85,0.611764705882353,TRUE,GSE185381,GSM5613771_2020-03-18-count-3
observation.observation_s44,7q,gain,41,113,0.36283185840708,FALSE,GSE185381,GSM5613771_2020-03-18-count-3
observation.observation_s44,8q,gain,94,108,0.87037037037037,TRUE,GSE185381,GSM5613771_2020-03-18-count-3
observation.observation_s44,9p,loss,36,36,1,TRUE,GSE185381,GSM5613771_2020-03-18-count-3
observation.observation_s44,9q,loss,95,95,1,TRUE,GSE185381,GSM5613771_2020-03-18-count-3
observation.observation_s44,10p,loss,18,34,0.529411764705882,TRUE,GSE185381,GSM5613771_2020-03-18-count-3
observation.observation_s44,10q,loss,50,101,0.495049504950495,FALSE,GSE185381,GSM5613771_2020-03-18-count-3
observation.observation_s44,11p,gain,72,72,1,TRUE,GSE185381,GSM5613771_2020-03-18-count-3
observation.observation_s44,11q,gain,116,173,0.670520231213873,TRUE,GSE185381,GSM5613771_2020-03-18-count-3
observation.observation_s44,12p,loss,39,53,0.735849056603774,TRUE,GSE185381,GSM5613771_2020-03-18-count-3
observation.observation_s44,12q,loss,160,160,1,TRUE,GSE185381,GSM5613771_2020-03-18-count-3
observation.observation_s44,13q,gain,68,68,1,TRUE,GSE185381,GSM5613771_2020-03-18-count-3
observation.observation_s44,14q,loss,135,135,1,TRUE,GSE185381,GSM5613771_2020-03-18-count-3
observation.observation_s44,15q,gain,41,129,0.317829457364341,FALSE,GSE185381,GSM5613771_2020-03-18-count-3
observation.observation_s44,15q,loss,42,129,0.325581395348837,FALSE,GSE185381,GSM5613771_2020-03-18-count-3
observation.observation_s44,16p,gain,97,97,1,TRUE,GSE185381,GSM5613771_2020-03-18-count-3
observation.observation_s44,16q,gain,69,69,1,TRUE,GSE185381,GSM5613771_2020-03-18-count-3
observation.observation_s44,17p,gain,34,65,0.523076923076923,TRUE,GSE185381,GSM5613771_2020-03-18-count-3
observation.observation_s44,17p,loss,5,65,0.0769230769230769,FALSE,GSE185381,GSM5613771_2020-03-18-count-3
observation.observation_s44,17q,loss,94,182,0.516483516483517,TRUE,GSE185381,GSM5613771_2020-03-18-count-3
observation.observation_s44,18p,loss,18,18,1,TRUE,GSE185381,GSM5613771_2020-03-18-count-3
observation.observation_s44,18q,loss,33,33,1,TRUE,GSE185381,GSM5613771_2020-03-18-count-3
observation.observation_s44,19p,gain,145,145,1,TRUE,GSE185381,GSM5613771_2020-03-18-count-3
observation.observation_s44,19q,gain,117,127,0.921259842519685,TRUE,GSE185381,GSM5613771_2020-03-18-count-3
observation.observation_s44,20q,loss,36,73,0.493150684931507,FALSE,GSE185381,GSM5613771_2020-03-18-count-3
observation.observation_s44,21q,gain,46,46,1,TRUE,GSE185381,GSM5613771_2020-03-18-count-3
observation.observation_s44,22q,gain,89,89,1,TRUE,GSE185381,GSM5613771_2020-03-18-count-3
observation.observation_s46,1p,loss,229,229,1,TRUE,GSE185381,GSM5613771_2020-03-18-count-3
observation.observation_s46,1q,loss,180,180,1,TRUE,GSE185381,GSM5613771_2020-03-18-count-3
observation.observation_s46,2p,loss,127,127,1,TRUE,GSE185381,GSM5613771_2020-03-18-count-3
observation.observation_s46,2q,loss,156,156,1,TRUE,GSE185381,GSM5613771_2020-03-18-count-3
observation.observation_s46,3p,gain,110,110,1,TRUE,GSE185381,GSM5613771_2020-03-18-count-3
observation.observation_s46,3q,gain,97,116,0.836206896551724,TRUE,GSE185381,GSM5613771_2020-03-18-count-3
observation.observation_s46,4p,loss,40,40,1,TRUE,GSE185381,GSM5613771_2020-03-18-count-3
observation.observation_s46,4q,loss,94,94,1,TRUE,GSE185381,GSM5613771_2020-03-18-count-3
observation.observation_s46,5q,gain,85,152,0.55921052631579,TRUE,GSE185381,GSM5613771_2020-03-18-count-3
observation.observation_s46,6p,loss,36,136,0.264705882352941,FALSE,GSE185381,GSM5613771_2020-03-18-count-3
observation.observation_s46,6p,gain,17,136,0.125,FALSE,GSE185381,GSM5613771_2020-03-18-count-3
observation.observation_s46,6q,gain,85,85,1,TRUE,GSE185381,GSM5613771_2020-03-18-count-3
observation.observation_s46,7p,loss,79,79,1,TRUE,GSE185381,GSM5613771_2020-03-18-count-3
observation.observation_s46,7q,loss,113,113,1,TRUE,GSE185381,GSM5613771_2020-03-18-count-3
observation.observation_s46,8p,loss,45,45,1,TRUE,GSE185381,GSM5613771_2020-03-18-count-3
observation.observation_s46,8q,loss,108,108,1,TRUE,GSE185381,GSM5613771_2020-03-18-count-3
observation.observation_s46,9p,gain,36,36,1,TRUE,GSE185381,GSM5613771_2020-03-18-count-3
observation.observation_s46,9q,gain,15,95,0.157894736842105,FALSE,GSE185381,GSM5613771_2020-03-18-count-3
observation.observation_s46,10p,gain,24,34,0.705882352941177,TRUE,GSE185381,GSM5613771_2020-03-18-count-3
observation.observation_s46,10q,gain,101,101,1,TRUE,GSE185381,GSM5613771_2020-03-18-count-3
observation.observation_s46,11p,gain,72,72,1,TRUE,GSE185381,GSM5613771_2020-03-18-count-3
observation.observation_s46,11q,gain,60,173,0.346820809248555,FALSE,GSE185381,GSM5613771_2020-03-18-count-3
observation.observation_s46,12p,gain,53,53,1,TRUE,GSE185381,GSM5613771_2020-03-18-count-3
observation.observation_s46,12q,gain,160,160,1,TRUE,GSE185381,GSM5613771_2020-03-18-count-3
observation.observation_s46,13q,gain,68,68,1,TRUE,GSE185381,GSM5613771_2020-03-18-count-3
observation.observation_s46,14q,gain,73,135,0.540740740740741,TRUE,GSE185381,GSM5613771_2020-03-18-count-3
observation.observation_s46,14q,loss,9,135,0.0666666666666667,FALSE,GSE185381,GSM5613771_2020-03-18-count-3
observation.observation_s46,15q,gain,129,129,1,TRUE,GSE185381,GSM5613771_2020-03-18-count-3
observation.observation_s46,16p,gain,97,97,1,TRUE,GSE185381,GSM5613771_2020-03-18-count-3
observation.observation_s46,16q,gain,69,69,1,TRUE,GSE185381,GSM5613771_2020-03-18-count-3
observation.observation_s46,17p,gain,65,65,1,TRUE,GSE185381,GSM5613771_2020-03-18-count-3
observation.observation_s46,17q,gain,182,182,1,TRUE,GSE185381,GSM5613771_2020-03-18-count-3
observation.observation_s46,18p,gain,18,18,1,TRUE,GSE185381,GSM5613771_2020-03-18-count-3
observation.observation_s46,18q,gain,33,33,1,TRUE,GSE185381,GSM5613771_2020-03-18-count-3
observation.observation_s46,19p,loss,145,145,1,TRUE,GSE185381,GSM5613771_2020-03-18-count-3
observation.observation_s46,19q,loss,127,127,1,TRUE,GSE185381,GSM5613771_2020-03-18-count-3
observation.observation_s46,20p,gain,34,34,1,TRUE,GSE185381,GSM5613771_2020-03-18-count-3
observation.observation_s46,20q,gain,6,73,0.0821917808219178,FALSE,GSE185381,GSM5613771_2020-03-18-count-3
observation.observation_s46,21q,loss,46,46,1,TRUE,GSE185381,GSM5613771_2020-03-18-count-3
observation.observation_s46,22q,loss,89,89,1,TRUE,GSE185381,GSM5613771_2020-03-18-count-3
observation.observation_s48,1p,gain,149,229,0.650655021834061,TRUE,GSE185381,GSM5613771_2020-03-18-count-3
observation.observation_s48,1p,loss,48,229,0.209606986899563,FALSE,GSE185381,GSM5613771_2020-03-18-count-3
observation.observation_s48,1q,gain,180,180,1,TRUE,GSE185381,GSM5613771_2020-03-18-count-3
observation.observation_s48,2p,loss,49,127,0.385826771653543,FALSE,GSE185381,GSM5613771_2020-03-18-count-3
observation.observation_s48,2q,gain,12,156,0.0769230769230769,FALSE,GSE185381,GSM5613771_2020-03-18-count-3
observation.observation_s48,3q,gain,61,116,0.525862068965517,TRUE,GSE185381,GSM5613771_2020-03-18-count-3
observation.observation_s48,4q,loss,70,94,0.74468085106383,TRUE,GSE185381,GSM5613771_2020-03-18-count-3
observation.observation_s48,5p,gain,15,27,0.555555555555556,TRUE,GSE185381,GSM5613771_2020-03-18-count-3
observation.observation_s48,5q,loss,128,152,0.842105263157895,TRUE,GSE185381,GSM5613771_2020-03-18-count-3
observation.observation_s48,6p,loss,35,136,0.257352941176471,FALSE,GSE185381,GSM5613771_2020-03-18-count-3
observation.observation_s48,6q,loss,66,85,0.776470588235294,TRUE,GSE185381,GSM5613771_2020-03-18-count-3
observation.observation_s48,7p,gain,51,79,0.645569620253165,TRUE,GSE185381,GSM5613771_2020-03-18-count-3
observation.observation_s48,7q,loss,11,113,0.0973451327433628,FALSE,GSE185381,GSM5613771_2020-03-18-count-3
observation.observation_s48,8p,gain,39,45,0.866666666666667,TRUE,GSE185381,GSM5613771_2020-03-18-count-3
observation.observation_s48,8q,gain,2,108,0.0185185185185185,FALSE,GSE185381,GSM5613771_2020-03-18-count-3
observation.observation_s48,9p,loss,36,36,1,TRUE,GSE185381,GSM5613771_2020-03-18-count-3
observation.observation_s48,9q,loss,7,95,0.0736842105263158,FALSE,GSE185381,GSM5613771_2020-03-18-count-3
observation.observation_s48,10p,gain,19,34,0.558823529411765,TRUE,GSE185381,GSM5613771_2020-03-18-count-3
observation.observation_s48,10q,gain,50,101,0.495049504950495,FALSE,GSE185381,GSM5613771_2020-03-18-count-3
observation.observation_s48,10q,loss,27,101,0.267326732673267,FALSE,GSE185381,GSM5613771_2020-03-18-count-3
observation.observation_s48,11q,gain,161,173,0.930635838150289,TRUE,GSE185381,GSM5613771_2020-03-18-count-3
observation.observation_s48,12p,gain,40,53,0.754716981132076,TRUE,GSE185381,GSM5613771_2020-03-18-count-3
observation.observation_s48,12q,gain,63,160,0.39375,FALSE,GSE185381,GSM5613771_2020-03-18-count-3
observation.observation_s48,12q,loss,45,160,0.28125,FALSE,GSE185381,GSM5613771_2020-03-18-count-3
observation.observation_s48,13q,gain,68,68,1,TRUE,GSE185381,GSM5613771_2020-03-18-count-3
observation.observation_s48,14q,loss,66,135,0.488888888888889,FALSE,GSE185381,GSM5613771_2020-03-18-count-3
observation.observation_s48,14q,gain,44,135,0.325925925925926,FALSE,GSE185381,GSM5613771_2020-03-18-count-3
observation.observation_s48,15q,gain,129,129,1,TRUE,GSE185381,GSM5613771_2020-03-18-count-3
observation.observation_s48,16p,loss,76,97,0.783505154639175,TRUE,GSE185381,GSM5613771_2020-03-18-count-3
observation.observation_s48,16q,gain,34,69,0.492753623188406,FALSE,GSE185381,GSM5613771_2020-03-18-count-3
observation.observation_s48,17p,loss,65,65,1,TRUE,GSE185381,GSM5613771_2020-03-18-count-3
observation.observation_s48,17q,loss,77,182,0.423076923076923,FALSE,GSE185381,GSM5613771_2020-03-18-count-3
observation.observation_s48,18p,loss,18,18,1,TRUE,GSE185381,GSM5613771_2020-03-18-count-3
observation.observation_s48,18q,loss,33,33,1,TRUE,GSE185381,GSM5613771_2020-03-18-count-3
observation.observation_s48,19p,gain,9,145,0.0620689655172414,FALSE,GSE185381,GSM5613771_2020-03-18-count-3
observation.observation_s48,19q,gain,64,127,0.503937007874016,TRUE,GSE185381,GSM5613771_2020-03-18-count-3
observation.observation_s48,19q,loss,39,127,0.307086614173228,FALSE,GSE185381,GSM5613771_2020-03-18-count-3
observation.observation_s48,20p,loss,34,34,1,TRUE,GSE185381,GSM5613771_2020-03-18-count-3
observation.observation_s48,20q,loss,73,73,1,TRUE,GSE185381,GSM5613771_2020-03-18-count-3
observation.observation_s48,22q,gain,55,89,0.617977528089888,TRUE,GSE185381,GSM5613771_2020-03-18-count-3
observation.observation_s49,1p,loss,91,229,0.397379912663755,FALSE,GSE185381,GSM5613771_2020-03-18-count-3
observation.observation_s49,1q,loss,180,180,1,TRUE,GSE185381,GSM5613771_2020-03-18-count-3
observation.observation_s49,2p,gain,50,127,0.393700787401575,FALSE,GSE185381,GSM5613771_2020-03-18-count-3
observation.observation_s49,2q,gain,119,156,0.762820512820513,TRUE,GSE185381,GSM5613771_2020-03-18-count-3
observation.observation_s49,3p,gain,29,110,0.263636363636364,FALSE,GSE185381,GSM5613771_2020-03-18-count-3
observation.observation_s49,3q,gain,116,116,1,TRUE,GSE185381,GSM5613771_2020-03-18-count-3
observation.observation_s49,4p,gain,5,40,0.125,FALSE,GSE185381,GSM5613771_2020-03-18-count-3
observation.observation_s49,4q,gain,94,94,1,TRUE,GSE185381,GSM5613771_2020-03-18-count-3
observation.observation_s49,5p,gain,27,27,1,TRUE,GSE185381,GSM5613771_2020-03-18-count-3
observation.observation_s49,5q,gain,152,152,1,TRUE,GSE185381,GSM5613771_2020-03-18-count-3
observation.observation_s49,6p,gain,54,136,0.397058823529412,FALSE,GSE185381,GSM5613771_2020-03-18-count-3
observation.observation_s49,6p,loss,55,136,0.404411764705882,FALSE,GSE185381,GSM5613771_2020-03-18-count-3
observation.observation_s49,6q,gain,85,85,1,TRUE,GSE185381,GSM5613771_2020-03-18-count-3
observation.observation_s49,7q,loss,57,113,0.504424778761062,TRUE,GSE185381,GSM5613771_2020-03-18-count-3
observation.observation_s49,8p,gain,45,45,1,TRUE,GSE185381,GSM5613771_2020-03-18-count-3
observation.observation_s49,8q,gain,108,108,1,TRUE,GSE185381,GSM5613771_2020-03-18-count-3
observation.observation_s49,9p,gain,36,36,1,TRUE,GSE185381,GSM5613771_2020-03-18-count-3
observation.observation_s49,9q,gain,38,95,0.4,FALSE,GSE185381,GSM5613771_2020-03-18-count-3
observation.observation_s49,10p,loss,7,34,0.205882352941176,FALSE,GSE185381,GSM5613771_2020-03-18-count-3
observation.observation_s49,10q,loss,56,101,0.554455445544555,TRUE,GSE185381,GSM5613771_2020-03-18-count-3
observation.observation_s49,11p,gain,65,72,0.902777777777778,TRUE,GSE185381,GSM5613771_2020-03-18-count-3
observation.observation_s49,11q,gain,13,173,0.0751445086705202,FALSE,GSE185381,GSM5613771_2020-03-18-count-3
observation.observation_s49,12p,gain,53,53,1,TRUE,GSE185381,GSM5613771_2020-03-18-count-3
observation.observation_s49,12q,gain,160,160,1,TRUE,GSE185381,GSM5613771_2020-03-18-count-3
observation.observation_s49,13q,gain,35,68,0.514705882352941,TRUE,GSE185381,GSM5613771_2020-03-18-count-3
observation.observation_s49,14q,loss,135,135,1,TRUE,GSE185381,GSM5613771_2020-03-18-count-3
observation.observation_s49,16q,loss,22,69,0.318840579710145,FALSE,GSE185381,GSM5613771_2020-03-18-count-3
observation.observation_s49,17p,gain,52,65,0.8,TRUE,GSE185381,GSM5613771_2020-03-18-count-3
observation.observation_s49,17q,gain,49,182,0.269230769230769,FALSE,GSE185381,GSM5613771_2020-03-18-count-3
observation.observation_s49,18p,loss,18,18,1,TRUE,GSE185381,GSM5613771_2020-03-18-count-3
observation.observation_s49,18q,loss,33,33,1,TRUE,GSE185381,GSM5613771_2020-03-18-count-3
observation.observation_s49,19q,loss,81,127,0.637795275590551,TRUE,GSE185381,GSM5613771_2020-03-18-count-3
observation.observation_s49,20q,loss,46,73,0.63013698630137,TRUE,GSE185381,GSM5613771_2020-03-18-count-3
observation.observation_s49,21q,loss,13,46,0.282608695652174,FALSE,GSE185381,GSM5613771_2020-03-18-count-3
observation.observation_s50,1p,gain,180,229,0.786026200873362,TRUE,GSE185381,GSM5613771_2020-03-18-count-3
observation.observation_s50,1q,gain,133,180,0.738888888888889,TRUE,GSE185381,GSM5613771_2020-03-18-count-3
observation.observation_s50,2p,loss,71,127,0.559055118110236,TRUE,GSE185381,GSM5613771_2020-03-18-count-3
observation.observation_s50,2p,gain,27,127,0.21259842519685,FALSE,GSE185381,GSM5613771_2020-03-18-count-3
observation.observation_s50,3p,gain,56,110,0.509090909090909,TRUE,GSE185381,GSM5613771_2020-03-18-count-3
observation.observation_s50,3p,loss,26,110,0.236363636363636,FALSE,GSE185381,GSM5613771_2020-03-18-count-3
observation.observation_s50,3q,loss,49,116,0.422413793103448,FALSE,GSE185381,GSM5613771_2020-03-18-count-3
observation.observation_s50,4q,loss,34,94,0.361702127659575,FALSE,GSE185381,GSM5613771_2020-03-18-count-3
observation.observation_s50,5p,gain,27,27,1,TRUE,GSE185381,GSM5613771_2020-03-18-count-3
observation.observation_s50,5q,gain,12,152,0.0789473684210526,FALSE,GSE185381,GSM5613771_2020-03-18-count-3
observation.observation_s50,6p,gain,40,136,0.294117647058824,FALSE,GSE185381,GSM5613771_2020-03-18-count-3
observation.observation_s50,6p,loss,71,136,0.522058823529412,TRUE,GSE185381,GSM5613771_2020-03-18-count-3
observation.observation_s50,6q,loss,85,85,1,TRUE,GSE185381,GSM5613771_2020-03-18-count-3
observation.observation_s50,7p,loss,19,79,0.240506329113924,FALSE,GSE185381,GSM5613771_2020-03-18-count-3
observation.observation_s50,7q,gain,23,113,0.20353982300885,FALSE,GSE185381,GSM5613771_2020-03-18-count-3
observation.observation_s50,8q,gain,44,108,0.407407407407407,FALSE,GSE185381,GSM5613771_2020-03-18-count-3
observation.observation_s50,8q,loss,37,108,0.342592592592593,FALSE,GSE185381,GSM5613771_2020-03-18-count-3
observation.observation_s50,9q,gain,31,95,0.326315789473684,FALSE,GSE185381,GSM5613771_2020-03-18-count-3
observation.observation_s50,10p,loss,34,34,1,TRUE,GSE185381,GSM5613771_2020-03-18-count-3
observation.observation_s50,10q,loss,33,101,0.326732673267327,FALSE,GSE185381,GSM5613771_2020-03-18-count-3
observation.observation_s50,11p,gain,56,72,0.777777777777778,TRUE,GSE185381,GSM5613771_2020-03-18-count-3
observation.observation_s50,11q,gain,105,173,0.606936416184971,TRUE,GSE185381,GSM5613771_2020-03-18-count-3
observation.observation_s50,12q,gain,64,160,0.4,FALSE,GSE185381,GSM5613771_2020-03-18-count-3
observation.observation_s50,12q,loss,25,160,0.15625,FALSE,GSE185381,GSM5613771_2020-03-18-count-3
observation.observation_s50,13q,gain,16,68,0.235294117647059,FALSE,GSE185381,GSM5613771_2020-03-18-count-3
observation.observation_s50,15q,gain,27,129,0.209302325581395,FALSE,GSE185381,GSM5613771_2020-03-18-count-3
observation.observation_s50,15q,loss,82,129,0.635658914728682,TRUE,GSE185381,GSM5613771_2020-03-18-count-3
observation.observation_s50,16p,gain,39,97,0.402061855670103,FALSE,GSE185381,GSM5613771_2020-03-18-count-3
observation.observation_s50,16q,loss,67,69,0.971014492753623,TRUE,GSE185381,GSM5613771_2020-03-18-count-3
observation.observation_s50,17p,loss,31,65,0.476923076923077,FALSE,GSE185381,GSM5613771_2020-03-18-count-3
observation.observation_s50,17q,loss,77,182,0.423076923076923,FALSE,GSE185381,GSM5613771_2020-03-18-count-3
observation.observation_s50,17q,gain,37,182,0.203296703296703,FALSE,GSE185381,GSM5613771_2020-03-18-count-3
observation.observation_s50,18p,gain,17,18,0.944444444444444,TRUE,GSE185381,GSM5613771_2020-03-18-count-3
observation.observation_s50,19p,gain,56,145,0.386206896551724,FALSE,GSE185381,GSM5613771_2020-03-18-count-3
observation.observation_s50,19p,loss,51,145,0.351724137931035,FALSE,GSE185381,GSM5613771_2020-03-18-count-3
observation.observation_s50,19q,loss,21,127,0.165354330708661,FALSE,GSE185381,GSM5613771_2020-03-18-count-3
observation.observation_s50,20q,loss,32,73,0.438356164383562,FALSE,GSE185381,GSM5613771_2020-03-18-count-3
observation.observation_s50,21q,gain,46,46,1,TRUE,GSE185381,GSM5613771_2020-03-18-count-3
reference_normal.reference_normal_s13,19p,gain,89,145,0.613793103448276,TRUE,GSE185381,GSM5613771_2020-03-18-count-3
reference_normal.reference_normal_s13,19q,gain,39,127,0.307086614173228,FALSE,GSE185381,GSM5613771_2020-03-18-count-3
reference_normal.reference_normal_s16,1q,gain,93,180,0.516666666666667,TRUE,GSE185381,GSM5613771_2020-03-18-count-3
reference_normal.reference_normal_s16,3p,gain,4,110,0.0363636363636364,FALSE,GSE185381,GSM5613771_2020-03-18-count-3
reference_normal.reference_normal_s16,3q,gain,116,116,1,TRUE,GSE185381,GSM5613771_2020-03-18-count-3
reference_normal.reference_normal_s1,10p,gain,34,34,1,TRUE,GSE185381,GSM5613771_2020-03-18-count-3
reference_normal.reference_normal_s1,10q,gain,101,101,1,TRUE,GSE185381,GSM5613771_2020-03-18-count-3
reference_normal.reference_normal_s9,1p,gain,88,229,0.384279475982533,FALSE,GSE185381,GSM5613771_2020-03-18-count-3
reference_normal.reference_normal_s6,7p,gain,8,79,0.10126582278481,FALSE,GSE185381,GSM5613771_2020-03-18-count-3
reference_normal.reference_normal_s6,7q,gain,113,113,1,TRUE,GSE185381,GSM5613771_2020-03-18-count-3
reference_normal.reference_normal_s12,4p,gain,40,40,1,TRUE,GSE185381,GSM5613771_2020-03-18-count-3
reference_normal.reference_normal_s12,4q,gain,94,94,1,TRUE,GSE185381,GSM5613771_2020-03-18-count-3
reference_normal.reference_normal_s11,1p,gain,74,229,0.323144104803493,FALSE,GSE185381,GSM5613771_2020-03-18-count-3
reference_normal.reference_normal_s11,1q,gain,18,180,0.1,FALSE,GSE185381,GSM5613771_2020-03-18-count-3
reference_normal.reference_normal_s15,2p,gain,78,127,0.614173228346457,TRUE,GSE185381,GSM5613771_2020-03-18-count-3
reference_normal.reference_normal_s15,2q,gain,44,156,0.282051282051282,FALSE,GSE185381,GSM5613771_2020-03-18-count-3
reference_normal.reference_normal_s24,11q,gain,118,173,0.682080924855491,TRUE,GSE185381,GSM5613771_2020-03-18-count-3
reference_normal.reference_normal_s14,17q,gain,118,182,0.648351648351648,TRUE,GSE185381,GSM5613771_2020-03-18-count-3
reference_normal.reference_normal_s25,6p,gain,47,136,0.345588235294118,FALSE,GSE185381,GSM5613771_2020-03-18-count-3
reference_normal.reference_normal_s25,17q,gain,62,182,0.340659340659341,FALSE,GSE185381,GSM5613771_2020-03-18-count-3
reference_normal.reference_normal_s5,3p,gain,47,110,0.427272727272727,FALSE,GSE185381,GSM5613771_2020-03-18-count-3
reference_normal.reference_normal_s5,3q,gain,45,116,0.387931034482759,FALSE,GSE185381,GSM5613771_2020-03-18-count-3
reference_normal.reference_normal_s5,6p,gain,63,136,0.463235294117647,FALSE,GSE185381,GSM5613771_2020-03-18-count-3
reference_normal.reference_normal_s2,19p,gain,26,145,0.179310344827586,FALSE,GSE185381,GSM5613771_2020-03-18-count-3
reference_normal.reference_normal_s2,19q,gain,66,127,0.519685039370079,TRUE,GSE185381,GSM5613771_2020-03-18-count-3
reference_normal.reference_normal_s28,11q,gain,82,173,0.473988439306358,FALSE,GSE185381,GSM5613771_2020-03-18-count-3
reference_normal.reference_normal_s28,17q,gain,76,182,0.417582417582418,FALSE,GSE185381,GSM5613771_2020-03-18-count-3
reference_normal.reference_normal_s20,6p,loss,56,136,0.411764705882353,FALSE,GSE185381,GSM5613771_2020-03-18-count-3
reference_normal.reference_normal_s20,15q,gain,43,129,0.333333333333333,FALSE,GSE185381,GSM5613771_2020-03-18-count-3
reference_normal.reference_normal_s20,16p,gain,97,97,1,TRUE,GSE185381,GSM5613771_2020-03-18-count-3
reference_normal.reference_normal_s20,16q,gain,69,69,1,TRUE,GSE185381,GSM5613771_2020-03-18-count-3
reference_normal.reference_normal_s20,17p,gain,36,65,0.553846153846154,TRUE,GSE185381,GSM5613771_2020-03-18-count-3
reference_normal.reference_normal_s20,20p,gain,34,34,1,TRUE,GSE185381,GSM5613771_2020-03-18-count-3
reference_normal.reference_normal_s20,20q,gain,35,73,0.479452054794521,FALSE,GSE185381,GSM5613771_2020-03-18-count-3
reference_normal.reference_normal_s18,2q,gain,103,156,0.66025641025641,TRUE,GSE185381,GSM5613771_2020-03-18-count-3
reference_normal.reference_normal_s18,4p,gain,40,40,1,TRUE,GSE185381,GSM5613771_2020-03-18-count-3
reference_normal.reference_normal_s18,4q,gain,48,94,0.51063829787234,TRUE,GSE185381,GSM5613771_2020-03-18-count-3
reference_normal.reference_normal_s3,1q,gain,59,180,0.327777777777778,FALSE,GSE185381,GSM5613771_2020-03-18-count-3
reference_normal.reference_normal_s3,7p,gain,33,79,0.417721518987342,FALSE,GSE185381,GSM5613771_2020-03-18-count-3
reference_normal.reference_normal_s3,7q,gain,78,113,0.690265486725664,TRUE,GSE185381,GSM5613771_2020-03-18-count-3
reference_normal.reference_normal_s3,19p,gain,145,145,1,TRUE,GSE185381,GSM5613771_2020-03-18-count-3
reference_normal.reference_normal_s3,19q,gain,32,127,0.251968503937008,FALSE,GSE185381,GSM5613771_2020-03-18-count-3
reference_normal.reference_normal_s30,2p,gain,53,127,0.417322834645669,FALSE,GSE185381,GSM5613771_2020-03-18-count-3
reference_normal.reference_normal_s30,3p,gain,9,110,0.0818181818181818,FALSE,GSE185381,GSM5613771_2020-03-18-count-3
reference_normal.reference_normal_s30,3q,gain,67,116,0.577586206896552,TRUE,GSE185381,GSM5613771_2020-03-18-count-3
reference_normal.reference_normal_s30,16p,gain,97,97,1,TRUE,GSE185381,GSM5613771_2020-03-18-count-3
reference_normal.reference_normal_s30,16q,gain,69,69,1,TRUE,GSE185381,GSM5613771_2020-03-18-count-3
reference_normal.reference_normal_s31,1q,gain,87,180,0.483333333333333,FALSE,GSE185381,GSM5613771_2020-03-18-count-3
reference_normal.reference_normal_s31,2p,gain,86,127,0.677165354330709,TRUE,GSE185381,GSM5613771_2020-03-18-count-3
reference_normal.reference_normal_s31,2q,gain,113,156,0.724358974358974,TRUE,GSE185381,GSM5613771_2020-03-18-count-3
reference_normal.reference_normal_s23,1q,gain,98,180,0.544444444444444,TRUE,GSE185381,GSM5613771_2020-03-18-count-3
reference_normal.reference_normal_s23,2q,gain,113,156,0.724358974358974,TRUE,GSE185381,GSM5613771_2020-03-18-count-3
reference_normal.reference_normal_s23,5q,gain,63,152,0.414473684210526,FALSE,GSE185381,GSM5613771_2020-03-18-count-3
reference_normal.reference_normal_s23,6p,gain,38,136,0.279411764705882,FALSE,GSE185381,GSM5613771_2020-03-18-count-3
reference_normal.reference_normal_s23,7p,gain,17,79,0.215189873417722,FALSE,GSE185381,GSM5613771_2020-03-18-count-3
reference_normal.reference_normal_s23,7q,gain,32,113,0.283185840707965,FALSE,GSE185381,GSM5613771_2020-03-18-count-3
reference_normal.reference_normal_s23,14q,gain,13,135,0.0962962962962963,FALSE,GSE185381,GSM5613771_2020-03-18-count-3
reference_normal.reference_normal_s27,11q,gain,137,173,0.791907514450867,TRUE,GSE185381,GSM5613771_2020-03-18-count-3
reference_normal.reference_normal_s27,13q,gain,68,68,1,TRUE,GSE185381,GSM5613771_2020-03-18-count-3
reference_normal.reference_normal_s26,3p,gain,19,110,0.172727272727273,FALSE,GSE185381,GSM5613771_2020-03-18-count-3
reference_normal.reference_normal_s26,3q,gain,63,116,0.543103448275862,TRUE,GSE185381,GSM5613771_2020-03-18-count-3
reference_normal.reference_normal_s26,12p,gain,53,53,1,TRUE,GSE185381,GSM5613771_2020-03-18-count-3
reference_normal.reference_normal_s26,12q,gain,46,160,0.2875,FALSE,GSE185381,GSM5613771_2020-03-18-count-3
reference_normal.reference_normal_s26,19p,gain,22,145,0.151724137931034,FALSE,GSE185381,GSM5613771_2020-03-18-count-3
reference_normal.reference_normal_s26,19q,gain,36,127,0.283464566929134,FALSE,GSE185381,GSM5613771_2020-03-18-count-3
reference_normal.reference_normal_s17,1p,gain,86,229,0.375545851528384,FALSE,GSE185381,GSM5613771_2020-03-18-count-3
reference_normal.reference_normal_s17,1q,gain,74,180,0.411111111111111,FALSE,GSE185381,GSM5613771_2020-03-18-count-3
reference_normal.reference_normal_s17,16p,gain,40,97,0.412371134020619,FALSE,GSE185381,GSM5613771_2020-03-18-count-3
reference_normal.reference_normal_s17,16q,gain,25,69,0.36231884057971,FALSE,GSE185381,GSM5613771_2020-03-18-count-3
reference_normal.reference_normal_s17,17q,gain,48,182,0.263736263736264,FALSE,GSE185381,GSM5613771_2020-03-18-count-3
reference_normal.reference_normal_s22,5p,gain,27,27,1,TRUE,GSE185381,GSM5613771_2020-03-18-count-3
reference_normal.reference_normal_s22,5q,gain,20,152,0.131578947368421,FALSE,GSE185381,GSM5613771_2020-03-18-count-3
reference_normal.reference_normal_s22,7p,gain,79,79,1,TRUE,GSE185381,GSM5613771_2020-03-18-count-3
reference_normal.reference_normal_s22,7q,gain,30,113,0.265486725663717,FALSE,GSE185381,GSM5613771_2020-03-18-count-3
reference_normal.reference_normal_s22,10p,gain,14,34,0.411764705882353,FALSE,GSE185381,GSM5613771_2020-03-18-count-3
reference_normal.reference_normal_s22,10q,gain,101,101,1,TRUE,GSE185381,GSM5613771_2020-03-18-count-3
reference_normal.reference_normal_s22,11q,gain,161,173,0.930635838150289,TRUE,GSE185381,GSM5613771_2020-03-18-count-3
reference_normal.reference_normal_s22,14q,gain,30,135,0.222222222222222,FALSE,GSE185381,GSM5613771_2020-03-18-count-3
reference_normal.reference_normal_s22,16p,gain,47,97,0.484536082474227,FALSE,GSE185381,GSM5613771_2020-03-18-count-3
reference_normal.reference_normal_s22,16q,gain,17,69,0.246376811594203,FALSE,GSE185381,GSM5613771_2020-03-18-count-3
reference_normal.reference_normal_s19,1p,gain,17,229,0.074235807860262,FALSE,GSE185381,GSM5613771_2020-03-18-count-3
reference_normal.reference_normal_s19,1q,gain,49,180,0.272222222222222,FALSE,GSE185381,GSM5613771_2020-03-18-count-3
reference_normal.reference_normal_s19,2p,gain,40,127,0.31496062992126,FALSE,GSE185381,GSM5613771_2020-03-18-count-3
reference_normal.reference_normal_s19,2q,gain,57,156,0.365384615384615,FALSE,GSE185381,GSM5613771_2020-03-18-count-3
reference_normal.reference_normal_s19,4p,gain,40,40,1,TRUE,GSE185381,GSM5613771_2020-03-18-count-3
reference_normal.reference_normal_s19,4q,gain,94,94,1,TRUE,GSE185381,GSM5613771_2020-03-18-count-3
reference_normal.reference_normal_s19,16p,gain,97,97,1,TRUE,GSE185381,GSM5613771_2020-03-18-count-3
reference_normal.reference_normal_s19,16q,gain,14,69,0.202898550724638,FALSE,GSE185381,GSM5613771_2020-03-18-count-3
reference_normal.reference_normal_s19,21q,gain,46,46,1,TRUE,GSE185381,GSM5613771_2020-03-18-count-3
reference_normal.reference_normal_s21,2p,gain,84,127,0.661417322834646,TRUE,GSE185381,GSM5613771_2020-03-18-count-3
reference_normal.reference_normal_s21,2q,gain,9,156,0.0576923076923077,FALSE,GSE185381,GSM5613771_2020-03-18-count-3
reference_normal.reference_normal_s21,6p,loss,45,136,0.330882352941176,FALSE,GSE185381,GSM5613771_2020-03-18-count-3
reference_normal.reference_normal_s21,7p,gain,20,79,0.253164556962025,FALSE,GSE185381,GSM5613771_2020-03-18-count-3
reference_normal.reference_normal_s21,7q,gain,46,113,0.407079646017699,FALSE,GSE185381,GSM5613771_2020-03-18-count-3
reference_normal.reference_normal_s21,8q,gain,77,108,0.712962962962963,TRUE,GSE185381,GSM5613771_2020-03-18-count-3
reference_normal.reference_normal_s21,11q,gain,155,173,0.895953757225434,TRUE,GSE185381,GSM5613771_2020-03-18-count-3
reference_normal.reference_normal_s21,12q,gain,56,160,0.35,FALSE,GSE185381,GSM5613771_2020-03-18-count-3
reference_normal.reference_normal_s21,15q,loss,61,129,0.472868217054264,FALSE,GSE185381,GSM5613771_2020-03-18-count-3
reference_normal.reference_normal_s21,16p,gain,56,97,0.577319587628866,TRUE,GSE185381,GSM5613771_2020-03-18-count-3
reference_normal.reference_normal_s21,16q,gain,35,69,0.507246376811594,TRUE,GSE185381,GSM5613771_2020-03-18-count-3
reference_normal.reference_normal_s21,21q,gain,17,46,0.369565217391304,FALSE,GSE185381,GSM5613771_2020-03-18-count-3
reference_normal.reference_normal_s21,22q,loss,22,89,0.247191011235955,FALSE,GSE185381,GSM5613771_2020-03-18-count-3
reference_normal.reference_normal_s10,1p,gain,50,229,0.218340611353712,FALSE,GSE185381,GSM5613771_2020-03-18-count-3
reference_normal.reference_normal_s10,1q,gain,76,180,0.422222222222222,FALSE,GSE185381,GSM5613771_2020-03-18-count-3
reference_normal.reference_normal_s10,3p,gain,32,110,0.290909090909091,FALSE,GSE185381,GSM5613771_2020-03-18-count-3
reference_normal.reference_normal_s10,4q,loss,41,94,0.436170212765957,FALSE,GSE185381,GSM5613771_2020-03-18-count-3
reference_normal.reference_normal_s10,5q,gain,17,152,0.111842105263158,FALSE,GSE185381,GSM5613771_2020-03-18-count-3
reference_normal.reference_normal_s10,6p,loss,83,136,0.610294117647059,TRUE,GSE185381,GSM5613771_2020-03-18-count-3
reference_normal.reference_normal_s10,7p,gain,79,79,1,TRUE,GSE185381,GSM5613771_2020-03-18-count-3
reference_normal.reference_normal_s10,7q,gain,8,113,0.0707964601769912,FALSE,GSE185381,GSM5613771_2020-03-18-count-3
reference_normal.reference_normal_s10,9p,gain,8,36,0.222222222222222,FALSE,GSE185381,GSM5613771_2020-03-18-count-3
reference_normal.reference_normal_s10,9q,gain,42,95,0.442105263157895,FALSE,GSE185381,GSM5613771_2020-03-18-count-3
reference_normal.reference_normal_s10,10p,gain,34,34,1,TRUE,GSE185381,GSM5613771_2020-03-18-count-3
reference_normal.reference_normal_s10,10q,gain,101,101,1,TRUE,GSE185381,GSM5613771_2020-03-18-count-3
reference_normal.reference_normal_s10,12q,gain,46,160,0.2875,FALSE,GSE185381,GSM5613771_2020-03-18-count-3
reference_normal.reference_normal_s10,14q,gain,43,135,0.318518518518519,FALSE,GSE185381,GSM5613771_2020-03-18-count-3
reference_normal.reference_normal_s10,16p,gain,83,97,0.855670103092784,TRUE,GSE185381,GSM5613771_2020-03-18-count-3
reference_normal.reference_normal_s10,17p,gain,65,65,1,TRUE,GSE185381,GSM5613771_2020-03-18-count-3
reference_normal.reference_normal_s10,17q,gain,31,182,0.17032967032967,FALSE,GSE185381,GSM5613771_2020-03-18-count-3
reference_normal.reference_normal_s10,18p,gain,8,18,0.444444444444444,FALSE,GSE185381,GSM5613771_2020-03-18-count-3
reference_normal.reference_normal_s10,18q,gain,7,33,0.212121212121212,FALSE,GSE185381,GSM5613771_2020-03-18-count-3
reference_normal.reference_normal_s29,1p,gain,74,229,0.323144104803493,FALSE,GSE185381,GSM5613771_2020-03-18-count-3
reference_normal.reference_normal_s29,1q,gain,34,180,0.188888888888889,FALSE,GSE185381,GSM5613771_2020-03-18-count-3
reference_normal.reference_normal_s29,2p,loss,25,127,0.196850393700787,FALSE,GSE185381,GSM5613771_2020-03-18-count-3
reference_normal.reference_normal_s29,2q,loss,20,156,0.128205128205128,FALSE,GSE185381,GSM5613771_2020-03-18-count-3
reference_normal.reference_normal_s29,2q,gain,37,156,0.237179487179487,FALSE,GSE185381,GSM5613771_2020-03-18-count-3
reference_normal.reference_normal_s29,3q,gain,38,116,0.327586206896552,FALSE,GSE185381,GSM5613771_2020-03-18-count-3
reference_normal.reference_normal_s29,5q,loss,94,152,0.618421052631579,TRUE,GSE185381,GSM5613771_2020-03-18-count-3
reference_normal.reference_normal_s29,7p,gain,47,79,0.59493670886076,TRUE,GSE185381,GSM5613771_2020-03-18-count-3
reference_normal.reference_normal_s29,8p,gain,27,45,0.6,TRUE,GSE185381,GSM5613771_2020-03-18-count-3
reference_normal.reference_normal_s29,8q,loss,60,108,0.555555555555556,TRUE,GSE185381,GSM5613771_2020-03-18-count-3
reference_normal.reference_normal_s29,10q,gain,51,101,0.504950495049505,TRUE,GSE185381,GSM5613771_2020-03-18-count-3
reference_normal.reference_normal_s29,11p,gain,7,72,0.0972222222222222,FALSE,GSE185381,GSM5613771_2020-03-18-count-3
reference_normal.reference_normal_s29,11q,gain,26,173,0.15028901734104,FALSE,GSE185381,GSM5613771_2020-03-18-count-3
reference_normal.reference_normal_s29,12q,loss,102,160,0.6375,TRUE,GSE185381,GSM5613771_2020-03-18-count-3
reference_normal.reference_normal_s29,15q,gain,62,129,0.48062015503876,FALSE,GSE185381,GSM5613771_2020-03-18-count-3
reference_normal.reference_normal_s29,16q,gain,47,69,0.681159420289855,TRUE,GSE185381,GSM5613771_2020-03-18-count-3
reference_normal.reference_normal_s29,19p,loss,36,145,0.248275862068966,FALSE,GSE185381,GSM5613771_2020-03-18-count-3
reference_normal.reference_normal_s29,19q,loss,82,127,0.645669291338583,TRUE,GSE185381,GSM5613771_2020-03-18-count-3
reference_normal.reference_normal_s29,20q,loss,32,73,0.438356164383562,FALSE,GSE185381,GSM5613771_2020-03-18-count-3
reference_normal.reference_normal_s33,2p,gain,64,127,0.503937007874016,TRUE,GSE185381,GSM5613771_2020-03-18-count-3
reference_normal.reference_normal_s33,3p,gain,78,110,0.709090909090909,TRUE,GSE185381,GSM5613771_2020-03-18-count-3
reference_normal.reference_normal_s33,3q,gain,38,116,0.327586206896552,FALSE,GSE185381,GSM5613771_2020-03-18-count-3
reference_normal.reference_normal_s33,4p,gain,27,40,0.675,TRUE,GSE185381,GSM5613771_2020-03-18-count-3
reference_normal.reference_normal_s33,4q,gain,32,94,0.340425531914894,FALSE,GSE185381,GSM5613771_2020-03-18-count-3
reference_normal.reference_normal_s33,8p,gain,29,45,0.644444444444445,TRUE,GSE185381,GSM5613771_2020-03-18-count-3
reference_normal.reference_normal_s33,8q,gain,85,108,0.787037037037037,TRUE,GSE185381,GSM5613771_2020-03-18-count-3
reference_normal.reference_normal_s33,11q,gain,81,173,0.468208092485549,FALSE,GSE185381,GSM5613771_2020-03-18-count-3
reference_normal.reference_normal_s33,13q,gain,34,68,0.5,TRUE,GSE185381,GSM5613771_2020-03-18-count-3
reference_normal.reference_normal_s33,14q,gain,28,135,0.207407407407407,FALSE,GSE185381,GSM5613771_2020-03-18-count-3
reference_normal.reference_normal_s33,15q,gain,58,129,0.449612403100775,FALSE,GSE185381,GSM5613771_2020-03-18-count-3
reference_normal.reference_normal_s33,16q,gain,44,69,0.63768115942029,TRUE,GSE185381,GSM5613771_2020-03-18-count-3
reference_normal.reference_normal_s33,17q,loss,67,182,0.368131868131868,FALSE,GSE185381,GSM5613771_2020-03-18-count-3
reference_normal.reference_normal_s33,19p,gain,145,145,1,TRUE,GSE185381,GSM5613771_2020-03-18-count-3
reference_normal.reference_normal_s33,19q,gain,127,127,1,TRUE,GSE185381,GSM5613771_2020-03-18-count-3
reference_normal.reference_normal_s32,1p,loss,30,229,0.131004366812227,FALSE,GSE185381,GSM5613771_2020-03-18-count-3
reference_normal.reference_normal_s32,1p,gain,94,229,0.410480349344978,FALSE,GSE185381,GSM5613771_2020-03-18-count-3
reference_normal.reference_normal_s32,1q,gain,65,180,0.361111111111111,FALSE,GSE185381,GSM5613771_2020-03-18-count-3
reference_normal.reference_normal_s32,1q,loss,91,180,0.505555555555556,TRUE,GSE185381,GSM5613771_2020-03-18-count-3
reference_normal.reference_normal_s32,2q,gain,34,156,0.217948717948718,FALSE,GSE185381,GSM5613771_2020-03-18-count-3
reference_normal.reference_normal_s32,3p,gain,25,110,0.227272727272727,FALSE,GSE185381,GSM5613771_2020-03-18-count-3
reference_normal.reference_normal_s32,3q,gain,16,116,0.137931034482759,FALSE,GSE185381,GSM5613771_2020-03-18-count-3
reference_normal.reference_normal_s32,3q,loss,38,116,0.327586206896552,FALSE,GSE185381,GSM5613771_2020-03-18-count-3
reference_normal.reference_normal_s32,5p,loss,27,27,1,TRUE,GSE185381,GSM5613771_2020-03-18-count-3
reference_normal.reference_normal_s32,5q,loss,152,152,1,TRUE,GSE185381,GSM5613771_2020-03-18-count-3
reference_normal.reference_normal_s32,6p,loss,98,136,0.720588235294118,TRUE,GSE185381,GSM5613771_2020-03-18-count-3
reference_normal.reference_normal_s32,6p,gain,19,136,0.139705882352941,FALSE,GSE185381,GSM5613771_2020-03-18-count-3
reference_normal.reference_normal_s32,6q,gain,10,85,0.117647058823529,FALSE,GSE185381,GSM5613771_2020-03-18-count-3
reference_normal.reference_normal_s32,7p,loss,37,79,0.468354430379747,FALSE,GSE185381,GSM5613771_2020-03-18-count-3
reference_normal.reference_normal_s32,7q,gain,42,113,0.371681415929204,FALSE,GSE185381,GSM5613771_2020-03-18-count-3
reference_normal.reference_normal_s32,8p,loss,39,45,0.866666666666667,TRUE,GSE185381,GSM5613771_2020-03-18-count-3
reference_normal.reference_normal_s32,9p,gain,36,36,1,TRUE,GSE185381,GSM5613771_2020-03-18-count-3
reference_normal.reference_normal_s32,9q,gain,95,95,1,TRUE,GSE185381,GSM5613771_2020-03-18-count-3
reference_normal.reference_normal_s32,10p,loss,18,34,0.529411764705882,TRUE,GSE185381,GSM5613771_2020-03-18-count-3
reference_normal.reference_normal_s32,10q,loss,40,101,0.396039603960396,FALSE,GSE185381,GSM5613771_2020-03-18-count-3
reference_normal.reference_normal_s32,10q,gain,18,101,0.178217821782178,FALSE,GSE185381,GSM5613771_2020-03-18-count-3
reference_normal.reference_normal_s32,11p,loss,30,72,0.416666666666667,FALSE,GSE185381,GSM5613771_2020-03-18-count-3
reference_normal.reference_normal_s32,11q,loss,101,173,0.583815028901734,TRUE,GSE185381,GSM5613771_2020-03-18-count-3
reference_normal.reference_normal_s32,12q,loss,54,160,0.3375,FALSE,GSE185381,GSM5613771_2020-03-18-count-3
reference_normal.reference_normal_s32,13q,gain,28,68,0.411764705882353,FALSE,GSE185381,GSM5613771_2020-03-18-count-3
reference_normal.reference_normal_s32,14q,loss,37,135,0.274074074074074,FALSE,GSE185381,GSM5613771_2020-03-18-count-3
reference_normal.reference_normal_s32,16p,gain,82,97,0.845360824742268,TRUE,GSE185381,GSM5613771_2020-03-18-count-3
reference_normal.reference_normal_s32,17q,gain,138,182,0.758241758241758,TRUE,GSE185381,GSM5613771_2020-03-18-count-3
reference_normal.reference_normal_s32,18p,gain,18,18,1,TRUE,GSE185381,GSM5613771_2020-03-18-count-3
reference_normal.reference_normal_s32,18q,gain,33,33,1,TRUE,GSE185381,GSM5613771_2020-03-18-count-3
reference_normal.reference_normal_s32,19p,loss,34,145,0.23448275862069,FALSE,GSE185381,GSM5613771_2020-03-18-count-3
reference_normal.reference_normal_s32,19q,gain,67,127,0.52755905511811,TRUE,GSE185381,GSM5613771_2020-03-18-count-3
reference_normal.reference_normal_s32,20p,gain,34,34,1,TRUE,GSE185381,GSM5613771_2020-03-18-count-3
reference_normal.reference_normal_s32,20q,gain,73,73,1,TRUE,GSE185381,GSM5613771_2020-03-18-count-3
reference_normal.reference_normal_s32,21q,loss,46,46,1,TRUE,GSE185381,GSM5613771_2020-03-18-count-3
reference_normal.reference_normal_s32,22q,loss,22,89,0.247191011235955,FALSE,GSE185381,GSM5613771_2020-03-18-count-3
reference_normal.reference_normal_s32,22q,gain,47,89,0.528089887640449,TRUE,GSE185381,GSM5613771_2020-03-18-count-3
