sample,dataset,timepoint,engine,sender_bin,receiver_bin,ligand,receptor,prob,pval,n_sender,n_receiver
PT21A,GSE239721,Diagnosis,cellchat,cDC,cDC,TGFB1,TGFbR1_R2,0.00664797713435431,0,187,187
PT21A,GSE239721,Diagnosis,cellchat,Cycling Progenitor,cDC,TGFB1,TGFbR1_R2,0.0030371306619227,0,92,187
PT21A,GSE239721,Diagnosis,cellchat,Early GMP,cDC,TGFB1,TGFbR1_R2,0.0033131334283351,0,850,187
PT21A,GSE239721,Diagnosis,cellchat,HSC MPP,cDC,TGFB1,TGFbR1_R2,0.00474095796354997,0,390,187
PT21A,GSE239721,Diagnosis,cellchat,Late GMP,cDC,TGFB1,TGFbR1_R2,0.00103947067323722,0,281,187
PT21A,GSE239721,Diagnosis,cellchat,LMPP,cDC,TGFB1,TGFbR1_R2,0.00437523265131363,0,675,187
PT21A,GSE239721,Diagnosis,cellchat,MEP,cDC,TGFB1,TGFbR1_R2,0.00216453870620453,0,53,187
PT21A,GSE239721,Diagnosis,cellchat,Monocyte,cDC,TGFB1,TGFbR1_R2,0.00494342888615421,0,30,187
PT21A,GSE239721,Diagnosis,cellchat,pDC,cDC,TGFB1,TGFbR1_R2,0.00500705975306188,0,200,187
PT21A,GSE239721,Diagnosis,cellchat,Pro-Monocyte,cDC,TGFB1,TGFbR1_R2,0.00142397595004395,0,55,187
PT21A,GSE239721,Diagnosis,cellchat,cDC,cDC,MIF,CD74_CXCR4,0.172791681478141,0,187,187
PT21A,GSE239721,Diagnosis,cellchat,Cycling Progenitor,cDC,MIF,CD74_CXCR4,0.203517395480489,0,92,187
PT21A,GSE239721,Diagnosis,cellchat,Early GMP,cDC,MIF,CD74_CXCR4,0.190562303728566,0,850,187
PT21A,GSE239721,Diagnosis,cellchat,HSC MPP,cDC,MIF,CD74_CXCR4,0.151238337591213,0,390,187
PT21A,GSE239721,Diagnosis,cellchat,Late GMP,cDC,MIF,CD74_CXCR4,0.19824115843479,0,281,187
PT21A,GSE239721,Diagnosis,cellchat,LMPP,cDC,MIF,CD74_CXCR4,0.166463415693601,0,675,187
PT21A,GSE239721,Diagnosis,cellchat,MEP,cDC,MIF,CD74_CXCR4,0.149143021524507,0,53,187
PT21A,GSE239721,Diagnosis,cellchat,Monocyte,cDC,MIF,CD74_CXCR4,0.197893338978384,0,30,187
PT21A,GSE239721,Diagnosis,cellchat,pDC,cDC,MIF,CD74_CXCR4,0.157769774768922,0,200,187
PT21A,GSE239721,Diagnosis,cellchat,Pro-Monocyte,cDC,MIF,CD74_CXCR4,0.22722737079646,0,55,187
PT21A,GSE239721,Diagnosis,cellchat,cDC,Cycling Progenitor,MIF,CD74_CXCR4,0.0850857811891157,0.17,187,92
PT21A,GSE239721,Diagnosis,cellchat,Cycling Progenitor,Cycling Progenitor,MIF,CD74_CXCR4,0.102141412106515,0.04,92,92
PT21A,GSE239721,Diagnosis,cellchat,Early GMP,Cycling Progenitor,MIF,CD74_CXCR4,0.0948708508134941,0.12,850,92
PT21A,GSE239721,Diagnosis,cellchat,HSC MPP,Cycling Progenitor,MIF,CD74_CXCR4,0.0735004547977678,0.33,390,92
PT21A,GSE239721,Diagnosis,cellchat,Late GMP,Cycling Progenitor,MIF,CD74_CXCR4,0.0991661477419903,0.07,281,92
PT21A,GSE239721,Diagnosis,cellchat,LMPP,Cycling Progenitor,MIF,CD74_CXCR4,0.0816525644418472,0.18,675,92
PT21A,GSE239721,Diagnosis,cellchat,MEP,Cycling Progenitor,MIF,CD74_CXCR4,0.0723902927044146,0.36,53,92
PT21A,GSE239721,Diagnosis,cellchat,Monocyte,Cycling Progenitor,MIF,CD74_CXCR4,0.0989707001704485,0.06,30,92
PT21A,GSE239721,Diagnosis,cellchat,pDC,Cycling Progenitor,MIF,CD74_CXCR4,0.0769791595405381,0.21,200,92
PT21A,GSE239721,Diagnosis,cellchat,Pro-Monocyte,Cycling Progenitor,MIF,CD74_CXCR4,0.115757460808612,0,55,92
PT21A,GSE239721,Diagnosis,cellchat,Cycling Progenitor,Early GMP,MIF,CD74_CXCR4,0.0662203546004388,0.89,92,850
PT21A,GSE239721,Diagnosis,cellchat,Monocyte,Early GMP,MIF,CD74_CXCR4,0.0640851285156215,0.96,30,850
PT21A,GSE239721,Diagnosis,cellchat,Pro-Monocyte,Early GMP,MIF,CD74_CXCR4,0.0754503098142432,0.01,55,850
PT21A,GSE239721,Diagnosis,cellchat,Cycling Progenitor,HSC MPP,MIF,CD74_CXCR4,0.0755270698933987,0.05,92,390
PT21A,GSE239721,Diagnosis,cellchat,Early GMP,HSC MPP,MIF,CD74_CXCR4,0.0700032488681392,0.42,850,390
PT21A,GSE239721,Diagnosis,cellchat,Late GMP,HSC MPP,MIF,CD74_CXCR4,0.0732637925683435,0.05,281,390
PT21A,GSE239721,Diagnosis,cellchat,Monocyte,HSC MPP,MIF,CD74_CXCR4,0.0731152526932703,0.22,30,390
PT21A,GSE239721,Diagnosis,cellchat,Pro-Monocyte,HSC MPP,MIF,CD74_CXCR4,0.0859348384817631,0.02,55,390
PT21A,GSE239721,Diagnosis,cellchat,cDC,LMPP,MIF,CD74_CXCR4,0.0688486302804505,0.66,187,675
PT21A,GSE239721,Diagnosis,cellchat,Cycling Progenitor,LMPP,MIF,CD74_CXCR4,0.0829445608976724,0,92,675
PT21A,GSE239721,Diagnosis,cellchat,Early GMP,LMPP,MIF,CD74_CXCR4,0.0769233867074073,0,850,675
PT21A,GSE239721,Diagnosis,cellchat,Late GMP,LMPP,MIF,CD74_CXCR4,0.0804783576079392,0,281,675
PT21A,GSE239721,Diagnosis,cellchat,LMPP,LMPP,MIF,CD74_CXCR4,0.0660233043282967,0.99,675,675
PT21A,GSE239721,Diagnosis,cellchat,Monocyte,LMPP,MIF,CD74_CXCR4,0.080316458132481,0.01,30,675
PT21A,GSE239721,Diagnosis,cellchat,Pro-Monocyte,LMPP,MIF,CD74_CXCR4,0.0942702434037926,0,55,675
PT21A,GSE239721,Diagnosis,cellchat,Pro-Monocyte,MEP,MIF,CD74_CXCR4,0.0551140235771292,0.97,55,53
PT21A,GSE239721,Diagnosis,cellchat,cDC,Monocyte,MIF,CD74_CXCR4,0.120685577339524,0,187,30
PT21A,GSE239721,Diagnosis,cellchat,Cycling Progenitor,Monocyte,MIF,CD74_CXCR4,0.143756011399896,0,92,30
PT21A,GSE239721,Diagnosis,cellchat,Early GMP,Monocyte,MIF,CD74_CXCR4,0.133965240944496,0,850,30
PT21A,GSE239721,Diagnosis,cellchat,HSC MPP,Monocyte,MIF,CD74_CXCR4,0.104808245629291,0.06,390,30
PT21A,GSE239721,Diagnosis,cellchat,Late GMP,Monocyte,MIF,CD74_CXCR4,0.139757244918726,0,281,30
PT21A,GSE239721,Diagnosis,cellchat,LMPP,Monocyte,MIF,CD74_CXCR4,0.115998028342795,0,675,30
PT21A,GSE239721,Diagnosis,cellchat,MEP,Monocyte,MIF,CD74_CXCR4,0.103277918071749,0.08,53,30
PT21A,GSE239721,Diagnosis,cellchat,Monocyte,Monocyte,MIF,CD74_CXCR4,0.139494184163378,0,30,30
PT21A,GSE239721,Diagnosis,cellchat,pDC,Monocyte,MIF,CD74_CXCR4,0.109593442798099,0.04,200,30
PT21A,GSE239721,Diagnosis,cellchat,Pro-Monocyte,Monocyte,MIF,CD74_CXCR4,0.161919103703922,0,55,30
PT21A,GSE239721,Diagnosis,cellchat,cDC,pDC,MIF,CD74_CXCR4,0.163222472179017,0,187,200
PT21A,GSE239721,Diagnosis,cellchat,Cycling Progenitor,pDC,MIF,CD74_CXCR4,0.192642866948577,0,92,200
PT21A,GSE239721,Diagnosis,cellchat,Early GMP,pDC,MIF,CD74_CXCR4,0.180223370227455,0,850,200
PT21A,GSE239721,Diagnosis,cellchat,HSC MPP,pDC,MIF,CD74_CXCR4,0.142656905632041,0,390,200
PT21A,GSE239721,Diagnosis,cellchat,Late GMP,pDC,MIF,CD74_CXCR4,0.187582157654077,0,281,200
PT21A,GSE239721,Diagnosis,cellchat,LMPP,pDC,MIF,CD74_CXCR4,0.157178075053911,0,675,200
PT21A,GSE239721,Diagnosis,cellchat,MEP,pDC,MIF,CD74_CXCR4,0.140660777031103,0,53,200
PT21A,GSE239721,Diagnosis,cellchat,Monocyte,pDC,MIF,CD74_CXCR4,0.187248672014677,0,30,200
PT21A,GSE239721,Diagnosis,cellchat,pDC,pDC,MIF,CD74_CXCR4,0.148882749546413,0,200,200
PT21A,GSE239721,Diagnosis,cellchat,Pro-Monocyte,pDC,MIF,CD74_CXCR4,0.215428611975084,0,55,200
PT21A,GSE239721,Diagnosis,cellchat,cDC,Pro-Monocyte,MIF,CD74_CXCR4,0.0707709100852218,0.51,187,55
PT21A,GSE239721,Diagnosis,cellchat,Cycling Progenitor,Pro-Monocyte,MIF,CD74_CXCR4,0.0852243831803598,0.16,92,55
PT21A,GSE239721,Diagnosis,cellchat,Early GMP,Pro-Monocyte,MIF,CD74_CXCR4,0.0790519767117095,0.17,850,55
PT21A,GSE239721,Diagnosis,cellchat,HSC MPP,Pro-Monocyte,MIF,CD74_CXCR4,0.061004740693902,0.9,390,55
PT21A,GSE239721,Diagnosis,cellchat,Late GMP,Pro-Monocyte,MIF,CD74_CXCR4,0.08269650629295,0.16,281,55
PT21A,GSE239721,Diagnosis,cellchat,LMPP,Pro-Monocyte,MIF,CD74_CXCR4,0.0678724499007223,0.63,675,55
PT21A,GSE239721,Diagnosis,cellchat,MEP,Pro-Monocyte,MIF,CD74_CXCR4,0.0600710786982581,0.92,53,55
PT21A,GSE239721,Diagnosis,cellchat,Monocyte,Pro-Monocyte,MIF,CD74_CXCR4,0.0825305450423808,0.16,30,55
PT21A,GSE239721,Diagnosis,cellchat,pDC,Pro-Monocyte,MIF,CD74_CXCR4,0.0639328455719579,0.8,200,55
PT21A,GSE239721,Diagnosis,cellchat,Pro-Monocyte,Pro-Monocyte,MIF,CD74_CXCR4,0.0968284956078704,0.11,55,55
PT21A,GSE239721,Diagnosis,cellchat,cDC,cDC,MIF,CD74_CD44,0.240666938387313,0,187,187
PT21A,GSE239721,Diagnosis,cellchat,Cycling Progenitor,cDC,MIF,CD74_CD44,0.279385759968126,0,92,187
PT21A,GSE239721,Diagnosis,cellchat,Early GMP,cDC,MIF,CD74_CD44,0.263197091492964,0,850,187
PT21A,GSE239721,Diagnosis,cellchat,HSC MPP,cDC,MIF,CD74_CD44,0.212825376785817,0,390,187
PT21A,GSE239721,Diagnosis,cellchat,Late GMP,cDC,MIF,CD74_CD44,0.272816334550171,0,281,187
PT21A,GSE239721,Diagnosis,cellchat,LMPP,cDC,MIF,CD74_CD44,0.232551671785854,0,675,187
PT21A,GSE239721,Diagnosis,cellchat,MEP,cDC,MIF,CD74_CD44,0.210088008693525,0.01,53,187
PT21A,GSE239721,Diagnosis,cellchat,Monocyte,cDC,MIF,CD74_CD44,0.272382122718883,0,30,187
PT21A,GSE239721,Diagnosis,cellchat,pDC,cDC,MIF,CD74_CD44,0.221322986906217,0,200,187
PT21A,GSE239721,Diagnosis,cellchat,Pro-Monocyte,cDC,MIF,CD74_CD44,0.308510862524012,0,55,187
PT21A,GSE239721,Diagnosis,cellchat,Cycling Progenitor,Cycling Progenitor,MIF,CD74_CD44,0.201498238628095,0.07,92,92
PT21A,GSE239721,Diagnosis,cellchat,Early GMP,Cycling Progenitor,MIF,CD74_CD44,0.188641236478262,0.7,850,92
PT21A,GSE239721,Diagnosis,cellchat,Late GMP,Cycling Progenitor,MIF,CD74_CD44,0.196261449839754,0.23,281,92
PT21A,GSE239721,Diagnosis,cellchat,Monocyte,Cycling Progenitor,MIF,CD74_CD44,0.195916255069343,0.39,30,92
PT21A,GSE239721,Diagnosis,cellchat,Pro-Monocyte,Cycling Progenitor,MIF,CD74_CD44,0.225039443510028,0,55,92
PT21A,GSE239721,Diagnosis,cellchat,Cycling Progenitor,Early GMP,MIF,CD74_CD44,0.208426618040421,0,92,850
PT21A,GSE239721,Diagnosis,cellchat,Early GMP,Early GMP,MIF,CD74_CD44,0.195235626098817,0.02,850,850
PT21A,GSE239721,Diagnosis,cellchat,Late GMP,Early GMP,MIF,CD74_CD44,0.203055555192119,0,281,850
PT21A,GSE239721,Diagnosis,cellchat,Monocyte,Early GMP,MIF,CD74_CD44,0.202701424322497,0.14,30,850
PT21A,GSE239721,Diagnosis,cellchat,Pro-Monocyte,Early GMP,MIF,CD74_CD44,0.232541541777855,0,55,850
PT21A,GSE239721,Diagnosis,cellchat,Cycling Progenitor,HSC MPP,MIF,CD74_CD44,0.206724940092464,0,92,390
PT21A,GSE239721,Diagnosis,cellchat,Early GMP,HSC MPP,MIF,CD74_CD44,0.193615302579747,0.16,850,390
PT21A,GSE239721,Diagnosis,cellchat,Late GMP,HSC MPP,MIF,CD74_CD44,0.201386572349471,0,281,390
PT21A,GSE239721,Diagnosis,cellchat,Monocyte,HSC MPP,MIF,CD74_CD44,0.201034617952841,0.16,30,390
PT21A,GSE239721,Diagnosis,cellchat,Pro-Monocyte,HSC MPP,MIF,CD74_CD44,0.230700360860982,0,55,390
PT21A,GSE239721,Diagnosis,cellchat,cDC,LMPP,MIF,CD74_CD44,0.198060307543293,0.04,187,675
PT21A,GSE239721,Diagnosis,cellchat,Cycling Progenitor,LMPP,MIF,CD74_CD44,0.232018986722281,0,92,675
PT21A,GSE239721,Diagnosis,cellchat,Early GMP,LMPP,MIF,CD74_CD44,0.217745598703249,0,850,675
PT21A,GSE239721,Diagnosis,cellchat,Late GMP,LMPP,MIF,CD74_CD44,0.226213701447448,0,281,675
PT21A,GSE239721,Diagnosis,cellchat,LMPP,LMPP,MIF,CD74_CD44,0.19102031369266,0.49,675,675
PT21A,GSE239721,Diagnosis,cellchat,Monocyte,LMPP,MIF,CD74_CD44,0.225830627326034,0,30,675
PT21A,GSE239721,Diagnosis,cellchat,Pro-Monocyte,LMPP,MIF,CD74_CD44,0.25797395539894,0,55,675
PT21A,GSE239721,Diagnosis,cellchat,cDC,Monocyte,MIF,CD74_CD44,0.224819349982442,0.01,187,30
PT21A,GSE239721,Diagnosis,cellchat,Cycling Progenitor,Monocyte,MIF,CD74_CD44,0.261867853091365,0,92,30
PT21A,GSE239721,Diagnosis,cellchat,Early GMP,Monocyte,MIF,CD74_CD44,0.24634723489212,0,850,30
PT21A,GSE239721,Diagnosis,cellchat,HSC MPP,Monocyte,MIF,CD74_CD44,0.198332264988617,0.21,390,30
PT21A,GSE239721,Diagnosis,cellchat,Late GMP,Monocyte,MIF,CD74_CD44,0.255564256531955,0,281,30
PT21A,GSE239721,Diagnosis,cellchat,LMPP,Monocyte,MIF,CD74_CD44,0.217085688936396,0,675,30
PT21A,GSE239721,Diagnosis,cellchat,MEP,Monocyte,MIF,CD74_CD44,0.195734955823696,0.3,53,30
PT21A,GSE239721,Diagnosis,cellchat,Monocyte,Monocyte,MIF,CD74_CD44,0.255147868632658,0,30,30
PT21A,GSE239721,Diagnosis,cellchat,pDC,Monocyte,MIF,CD74_CD44,0.206402932611316,0.03,200,30
PT21A,GSE239721,Diagnosis,cellchat,Pro-Monocyte,Monocyte,MIF,CD74_CD44,0.289901439036201,0,55,30
PT21A,GSE239721,Diagnosis,cellchat,cDC,pDC,MIF,CD74_CD44,0.243851115789885,0,187,200
PT21A,GSE239721,Diagnosis,cellchat,Cycling Progenitor,pDC,MIF,CD74_CD44,0.282891362930142,0,92,200
PT21A,GSE239721,Diagnosis,cellchat,Early GMP,pDC,MIF,CD74_CD44,0.266574709059093,0,850,200
PT21A,GSE239721,Diagnosis,cellchat,HSC MPP,pDC,MIF,CD74_CD44,0.215745853458371,0,390,200
PT21A,GSE239721,Diagnosis,cellchat,Late GMP,pDC,MIF,CD74_CD44,0.276271109692894,0,281,200
PT21A,GSE239721,Diagnosis,cellchat,LMPP,pDC,MIF,CD74_CD44,0.235661801749108,0,675,200
PT21A,GSE239721,Diagnosis,cellchat,MEP,pDC,MIF,CD74_CD44,0.212981085354463,0,53,200
PT21A,GSE239721,Diagnosis,cellchat,Monocyte,pDC,MIF,CD74_CD44,0.275833484985092,0,30,200
PT21A,GSE239721,Diagnosis,cellchat,pDC,pDC,MIF,CD74_CD44,0.224326840721184,0,200,200
PT21A,GSE239721,Diagnosis,cellchat,Pro-Monocyte,pDC,MIF,CD74_CD44,0.312223574447425,0,55,200
PT21A,GSE239721,Diagnosis,cellchat,cDC,Pro-Monocyte,MIF,CD74_CD44,0.204850952998091,0.02,187,55
PT21A,GSE239721,Diagnosis,cellchat,Cycling Progenitor,Pro-Monocyte,MIF,CD74_CD44,0.239626029033676,0,92,55
PT21A,GSE239721,Diagnosis,cellchat,Early GMP,Pro-Monocyte,MIF,CD74_CD44,0.225021787225966,0,850,55
PT21A,GSE239721,Diagnosis,cellchat,HSC MPP,Pro-Monocyte,MIF,CD74_CD44,0.18016965179123,0.93,390,55
PT21A,GSE239721,Diagnosis,cellchat,Late GMP,Pro-Monocyte,MIF,CD74_CD44,0.23368832649226,0,281,55
PT21A,GSE239721,Diagnosis,cellchat,LMPP,Pro-Monocyte,MIF,CD74_CD44,0.197629070997854,0.19,675,55
PT21A,GSE239721,Diagnosis,cellchat,MEP,Pro-Monocyte,MIF,CD74_CD44,0.177757455382343,0.88,53,55
PT21A,GSE239721,Diagnosis,cellchat,Monocyte,Pro-Monocyte,MIF,CD74_CD44,0.233296410994908,0,30,55
PT21A,GSE239721,Diagnosis,cellchat,pDC,Pro-Monocyte,MIF,CD74_CD44,0.187674257706386,0.65,200,55
PT21A,GSE239721,Diagnosis,cellchat,Pro-Monocyte,Pro-Monocyte,MIF,CD74_CD44,0.266137069699844,0,55,55
PT21A,GSE239721,Diagnosis,cellchat,cDC,cDC,NAMPT,ITGA5_ITGB1,0.0101141153892646,0,187,187
PT21A,GSE239721,Diagnosis,cellchat,Cycling Progenitor,cDC,NAMPT,ITGA5_ITGB1,0.0062115429845881,0.13,92,187
PT21A,GSE239721,Diagnosis,cellchat,Early GMP,cDC,NAMPT,ITGA5_ITGB1,0.00756108626285431,0,850,187
PT21A,GSE239721,Diagnosis,cellchat,HSC MPP,cDC,NAMPT,ITGA5_ITGB1,0.00374814567476526,0.43,390,187
PT21A,GSE239721,Diagnosis,cellchat,Late GMP,cDC,NAMPT,ITGA5_ITGB1,0.00827001113570276,0,281,187
PT21A,GSE239721,Diagnosis,cellchat,LMPP,cDC,NAMPT,ITGA5_ITGB1,0.00307426513060751,0.53,675,187
PT21A,GSE239721,Diagnosis,cellchat,Monocyte,cDC,NAMPT,ITGA5_ITGB1,0.011374625284555,0,30,187
PT21A,GSE239721,Diagnosis,cellchat,pDC,cDC,NAMPT,ITGA5_ITGB1,0.00224866193899336,0.74,200,187
PT21A,GSE239721,Diagnosis,cellchat,Pro-Monocyte,cDC,NAMPT,ITGA5_ITGB1,0.0102174182990174,0,55,187
PT21A,GSE239721,Diagnosis,cellchat,cDC,Cycling Progenitor,NAMPT,ITGA5_ITGB1,0.0092095197934134,0,187,92
PT21A,GSE239721,Diagnosis,cellchat,Cycling Progenitor,Cycling Progenitor,NAMPT,ITGA5_ITGB1,0.00565399561956216,0.26,92,92
PT21A,GSE239721,Diagnosis,cellchat,Early GMP,Cycling Progenitor,NAMPT,ITGA5_ITGB1,0.00688324306462845,0.02,850,92
PT21A,GSE239721,Diagnosis,cellchat,HSC MPP,Cycling Progenitor,NAMPT,ITGA5_ITGB1,0.00341095363691216,0.52,390,92
PT21A,GSE239721,Diagnosis,cellchat,Late GMP,Cycling Progenitor,NAMPT,ITGA5_ITGB1,0.00752909574243332,0.01,281,92
PT21A,GSE239721,Diagnosis,cellchat,LMPP,Cycling Progenitor,NAMPT,ITGA5_ITGB1,0.00279752674317596,0.61,675,92
PT21A,GSE239721,Diagnosis,cellchat,Monocyte,Cycling Progenitor,NAMPT,ITGA5_ITGB1,0.0103584707721394,0,30,92
PT21A,GSE239721,Diagnosis,cellchat,pDC,Cycling Progenitor,NAMPT,ITGA5_ITGB1,0.00204608994970184,0.75,200,92
PT21A,GSE239721,Diagnosis,cellchat,Pro-Monocyte,Cycling Progenitor,NAMPT,ITGA5_ITGB1,0.00930367023978688,0.01,55,92
PT21A,GSE239721,Diagnosis,cellchat,cDC,Early GMP,NAMPT,ITGA5_ITGB1,0.00748248896422566,0,187,850
PT21A,GSE239721,Diagnosis,cellchat,Cycling Progenitor,Early GMP,NAMPT,ITGA5_ITGB1,0.00459063121499001,0.14,92,850
PT21A,GSE239721,Diagnosis,cellchat,Early GMP,Early GMP,NAMPT,ITGA5_ITGB1,0.00558998998862482,0.02,850,850
PT21A,GSE239721,Diagnosis,cellchat,HSC MPP,Early GMP,NAMPT,ITGA5_ITGB1,0.00276827060867986,0.58,390,850
PT21A,GSE239721,Diagnosis,cellchat,Late GMP,Early GMP,NAMPT,ITGA5_ITGB1,0.00611524431052821,0.02,281,850
PT21A,GSE239721,Diagnosis,cellchat,LMPP,Early GMP,NAMPT,ITGA5_ITGB1,0.00227016073367571,0.63,675,850
PT21A,GSE239721,Diagnosis,cellchat,Monocyte,Early GMP,NAMPT,ITGA5_ITGB1,0.00841781151232724,0,30,850
PT21A,GSE239721,Diagnosis,cellchat,pDC,Early GMP,NAMPT,ITGA5_ITGB1,0.00166014260349602,0.93,200,850
PT21A,GSE239721,Diagnosis,cellchat,Pro-Monocyte,Early GMP,NAMPT,ITGA5_ITGB1,0.00755911839059324,0,55,850
PT21A,GSE239721,Diagnosis,cellchat,cDC,HSC MPP,NAMPT,ITGA5_ITGB1,0.00509338645083703,0.2,187,390
PT21A,GSE239721,Diagnosis,cellchat,Cycling Progenitor,HSC MPP,NAMPT,ITGA5_ITGB1,0.00312197275472034,0.57,92,390
PT21A,GSE239721,Diagnosis,cellchat,Early GMP,HSC MPP,NAMPT,ITGA5_ITGB1,0.00380283295439478,0.31,850,390
PT21A,GSE239721,Diagnosis,cellchat,HSC MPP,HSC MPP,NAMPT,ITGA5_ITGB1,0.00188152914430489,0.78,390,390
PT21A,GSE239721,Diagnosis,cellchat,Late GMP,HSC MPP,NAMPT,ITGA5_ITGB1,0.00416086262112804,0.29,281,390
PT21A,GSE239721,Diagnosis,cellchat,Monocyte,HSC MPP,NAMPT,ITGA5_ITGB1,0.0057317921915478,0.1,30,390
PT21A,GSE239721,Diagnosis,cellchat,Pro-Monocyte,HSC MPP,NAMPT,ITGA5_ITGB1,0.00514567552647351,0.18,55,390
PT21A,GSE239721,Diagnosis,cellchat,cDC,Late GMP,NAMPT,ITGA5_ITGB1,0.00528437435963259,0.18,187,281
PT21A,GSE239721,Diagnosis,cellchat,Cycling Progenitor,Late GMP,NAMPT,ITGA5_ITGB1,0.00323927878250427,0.54,92,281
PT21A,GSE239721,Diagnosis,cellchat,Early GMP,Late GMP,NAMPT,ITGA5_ITGB1,0.00394562059013635,0.22,850,281
PT21A,GSE239721,Diagnosis,cellchat,HSC MPP,Late GMP,NAMPT,ITGA5_ITGB1,0.00195231761743164,0.74,390,281
PT21A,GSE239721,Diagnosis,cellchat,Late GMP,Late GMP,NAMPT,ITGA5_ITGB1,0.00431703519157364,0.28,281,281
PT21A,GSE239721,Diagnosis,cellchat,Monocyte,Late GMP,NAMPT,ITGA5_ITGB1,0.00594657546987626,0.19,30,281
PT21A,GSE239721,Diagnosis,cellchat,Pro-Monocyte,Late GMP,NAMPT,ITGA5_ITGB1,0.0053386136100427,0.11,55,281
PT21A,GSE239721,Diagnosis,cellchat,cDC,LMPP,NAMPT,ITGA5_ITGB1,0.00827095840153609,0,187,675
PT21A,GSE239721,Diagnosis,cellchat,Cycling Progenitor,LMPP,NAMPT,ITGA5_ITGB1,0.00507592875674184,0.15,92,675
PT21A,GSE239721,Diagnosis,cellchat,Early GMP,LMPP,NAMPT,ITGA5_ITGB1,0.00618027857836635,0,850,675
PT21A,GSE239721,Diagnosis,cellchat,HSC MPP,LMPP,NAMPT,ITGA5_ITGB1,0.00306151023199296,0.58,390,675
PT21A,GSE239721,Diagnosis,cellchat,Late GMP,LMPP,NAMPT,ITGA5_ITGB1,0.00676062131878206,0,281,675
PT21A,GSE239721,Diagnosis,cellchat,LMPP,LMPP,NAMPT,ITGA5_ITGB1,0.00251076901496957,0.66,675,675
PT21A,GSE239721,Diagnosis,cellchat,Monocyte,LMPP,NAMPT,ITGA5_ITGB1,0.00930391692739651,0,30,675
PT21A,GSE239721,Diagnosis,cellchat,pDC,LMPP,NAMPT,ITGA5_ITGB1,0.00183621567935488,0.72,200,675
PT21A,GSE239721,Diagnosis,cellchat,Pro-Monocyte,LMPP,NAMPT,ITGA5_ITGB1,0.00835559469704838,0,55,675
PT21A,GSE239721,Diagnosis,cellchat,cDC,Monocyte,NAMPT,ITGA5_ITGB1,0.0139277219345171,0,187,30
PT21A,GSE239721,Diagnosis,cellchat,Cycling Progenitor,Monocyte,NAMPT,ITGA5_ITGB1,0.00856638818900844,0.06,92,30
PT21A,GSE239721,Diagnosis,cellchat,Early GMP,Monocyte,NAMPT,ITGA5_ITGB1,0.0104221884711416,0,850,30
PT21A,GSE239721,Diagnosis,cellchat,HSC MPP,Monocyte,NAMPT,ITGA5_ITGB1,0.0051739595520084,0.23,390,30
PT21A,GSE239721,Diagnosis,cellchat,Late GMP,Monocyte,NAMPT,ITGA5_ITGB1,0.0113962888988126,0,281,30
PT21A,GSE239721,Diagnosis,cellchat,LMPP,Monocyte,NAMPT,ITGA5_ITGB1,0.00424482362996474,0.32,675,30
PT21A,GSE239721,Diagnosis,cellchat,Monocyte,Monocyte,NAMPT,ITGA5_ITGB1,0.0156559998806921,0,30,30
PT21A,GSE239721,Diagnosis,cellchat,pDC,Monocyte,NAMPT,ITGA5_ITGB1,0.00310584277006372,0.52,200,30
PT21A,GSE239721,Diagnosis,cellchat,Pro-Monocyte,Monocyte,NAMPT,ITGA5_ITGB1,0.0140694223968534,0,55,30
PT21A,GSE239721,Diagnosis,cellchat,cDC,pDC,NAMPT,ITGA5_ITGB1,0.00433316193615387,0.31,187,200
PT21A,GSE239721,Diagnosis,cellchat,Cycling Progenitor,pDC,NAMPT,ITGA5_ITGB1,0.00265521060599653,0.59,92,200
PT21A,GSE239721,Diagnosis,cellchat,Early GMP,pDC,NAMPT,ITGA5_ITGB1,0.00323460656554436,0.53,850,200
PT21A,GSE239721,Diagnosis,cellchat,HSC MPP,pDC,NAMPT,ITGA5_ITGB1,0.00159992648429823,0.99,390,200
PT21A,GSE239721,Diagnosis,cellchat,Late GMP,pDC,NAMPT,ITGA5_ITGB1,0.00353932883997676,0.44,281,200
PT21A,GSE239721,Diagnosis,cellchat,Monocyte,pDC,NAMPT,ITGA5_ITGB1,0.00487674810216801,0.26,30,200
PT21A,GSE239721,Diagnosis,cellchat,Pro-Monocyte,pDC,NAMPT,ITGA5_ITGB1,0.0043776808322561,0.37,55,200
PT21A,GSE239721,Diagnosis,cellchat,cDC,Pro-Monocyte,NAMPT,ITGA5_ITGB1,0.00841745024095522,0,187,55
PT21A,GSE239721,Diagnosis,cellchat,Cycling Progenitor,Pro-Monocyte,NAMPT,ITGA5_ITGB1,0.00516612631952957,0.22,92,55
PT21A,GSE239721,Diagnosis,cellchat,Early GMP,Pro-Monocyte,NAMPT,ITGA5_ITGB1,0.00628997600575483,0.05,850,55
PT21A,GSE239721,Diagnosis,cellchat,HSC MPP,Pro-Monocyte,NAMPT,ITGA5_ITGB1,0.00311602435761825,0.56,390,55
PT21A,GSE239721,Diagnosis,cellchat,Late GMP,Pro-Monocyte,NAMPT,ITGA5_ITGB1,0.00688054827719422,0.01,281,55
PT21A,GSE239721,Diagnosis,cellchat,LMPP,Pro-Monocyte,NAMPT,ITGA5_ITGB1,0.00255550162306449,0.7,675,55
PT21A,GSE239721,Diagnosis,cellchat,Monocyte,Pro-Monocyte,NAMPT,ITGA5_ITGB1,0.00946852943193347,0.01,30,55
PT21A,GSE239721,Diagnosis,cellchat,pDC,Pro-Monocyte,NAMPT,ITGA5_ITGB1,0.00186895276213475,0.71,200,55
PT21A,GSE239721,Diagnosis,cellchat,Pro-Monocyte,Pro-Monocyte,NAMPT,ITGA5_ITGB1,0.00850357272645267,0.01,55,55
PT21A,GSE239721,Diagnosis,cellchat,Cycling Progenitor,cDC,MDK,ITGA4_ITGB1,0.00703249147986741,0,92,187
PT21A,GSE239721,Diagnosis,cellchat,Early GMP,cDC,MDK,ITGA4_ITGB1,0.00322438029843734,0,850,187
PT21A,GSE239721,Diagnosis,cellchat,HSC MPP,cDC,MDK,ITGA4_ITGB1,0.002778305738778,0.17,390,187
PT21A,GSE239721,Diagnosis,cellchat,LMPP,cDC,MDK,ITGA4_ITGB1,0.00308797884337749,0,675,187
PT21A,GSE239721,Diagnosis,cellchat,Cycling Progenitor,Cycling Progenitor,MDK,ITGA4_ITGB1,0.0144069938607416,0,92,92
PT21A,GSE239721,Diagnosis,cellchat,Early GMP,Cycling Progenitor,MDK,ITGA4_ITGB1,0.00663224395008595,0,850,92
PT21A,GSE239721,Diagnosis,cellchat,HSC MPP,Cycling Progenitor,MDK,ITGA4_ITGB1,0.0057174152021223,0,390,92
PT21A,GSE239721,Diagnosis,cellchat,Late GMP,Cycling Progenitor,MDK,ITGA4_ITGB1,0.00282641495222742,0.24,281,92
PT21A,GSE239721,Diagnosis,cellchat,LMPP,Cycling Progenitor,MDK,ITGA4_ITGB1,0.0063525978899495,0,675,92
PT21A,GSE239721,Diagnosis,cellchat,Cycling Progenitor,Early GMP,MDK,ITGA4_ITGB1,0.00688282866146086,0,92,850
PT21A,GSE239721,Diagnosis,cellchat,Early GMP,Early GMP,MDK,ITGA4_ITGB1,0.00315550271707484,0,850,850
PT21A,GSE239721,Diagnosis,cellchat,HSC MPP,Early GMP,MDK,ITGA4_ITGB1,0.00271893098456875,0.27,390,850
PT21A,GSE239721,Diagnosis,cellchat,LMPP,Early GMP,MDK,ITGA4_ITGB1,0.00302200616709907,0,675,850
PT21A,GSE239721,Diagnosis,cellchat,Cycling Progenitor,HSC MPP,MDK,ITGA4_ITGB1,0.00738214905907695,0,92,390
PT21A,GSE239721,Diagnosis,cellchat,Early GMP,HSC MPP,MDK,ITGA4_ITGB1,0.00338534297292846,0,850,390
PT21A,GSE239721,Diagnosis,cellchat,HSC MPP,HSC MPP,MDK,ITGA4_ITGB1,0.00291706531662713,0.06,390,390
PT21A,GSE239721,Diagnosis,cellchat,LMPP,HSC MPP,MDK,ITGA4_ITGB1,0.00324215443710894,0,675,390
PT21A,GSE239721,Diagnosis,cellchat,Cycling Progenitor,Late GMP,MDK,ITGA4_ITGB1,0.00629588484341832,0,92,281
PT21A,GSE239721,Diagnosis,cellchat,Early GMP,Late GMP,MDK,ITGA4_ITGB1,0.00288548884235141,0,850,281
PT21A,GSE239721,Diagnosis,cellchat,HSC MPP,Late GMP,MDK,ITGA4_ITGB1,0.00248618103760482,0.8,390,281
PT21A,GSE239721,Diagnosis,cellchat,LMPP,Late GMP,MDK,ITGA4_ITGB1,0.00276338382010339,0.16,675,281
PT21A,GSE239721,Diagnosis,cellchat,Cycling Progenitor,LMPP,MDK,ITGA4_ITGB1,0.00720929822100231,0,92,675
PT21A,GSE239721,Diagnosis,cellchat,Early GMP,LMPP,MDK,ITGA4_ITGB1,0.00330576450036511,0,850,675
PT21A,GSE239721,Diagnosis,cellchat,HSC MPP,LMPP,MDK,ITGA4_ITGB1,0.00284846307686776,0.08,390,675
PT21A,GSE239721,Diagnosis,cellchat,LMPP,LMPP,MDK,ITGA4_ITGB1,0.0031659311718626,0,675,675
PT21A,GSE239721,Diagnosis,cellchat,Cycling Progenitor,MEP,MDK,ITGA4_ITGB1,0.00878974419427716,0,92,53
PT21A,GSE239721,Diagnosis,cellchat,Early GMP,MEP,MDK,ITGA4_ITGB1,0.0040339421186675,0.07,850,53
PT21A,GSE239721,Diagnosis,cellchat,HSC MPP,MEP,MDK,ITGA4_ITGB1,0.00347625990911013,0.12,390,53
PT21A,GSE239721,Diagnosis,cellchat,Late GMP,MEP,MDK,ITGA4_ITGB1,0.0017165391907539,0.98,281,53
PT21A,GSE239721,Diagnosis,cellchat,LMPP,MEP,MDK,ITGA4_ITGB1,0.00386342638440371,0.11,675,53
PT21A,GSE239721,Diagnosis,cellchat,Cycling Progenitor,Monocyte,MDK,ITGA4_ITGB1,0.00509751344529949,0.02,92,30
PT21A,GSE239721,Diagnosis,cellchat,Early GMP,Monocyte,MDK,ITGA4_ITGB1,0.00233473391071574,0.78,850,30
PT21A,GSE239721,Diagnosis,cellchat,HSC MPP,Monocyte,MDK,ITGA4_ITGB1,0.00201148846715522,0.93,390,30
PT21A,GSE239721,Diagnosis,cellchat,Late GMP,Monocyte,MDK,ITGA4_ITGB1,0.000992512545797132,0.95,281,30
PT21A,GSE239721,Diagnosis,cellchat,LMPP,Monocyte,MDK,ITGA4_ITGB1,0.00223588288414171,0.83,675,30
PT21A,GSE239721,Diagnosis,cellchat,Cycling Progenitor,pDC,MDK,ITGA4_ITGB1,0.0063720567876852,0,92,200
PT21A,GSE239721,Diagnosis,cellchat,Early GMP,pDC,MDK,ITGA4_ITGB1,0.00292052073862143,0,850,200
PT21A,GSE239721,Diagnosis,cellchat,HSC MPP,pDC,MDK,ITGA4_ITGB1,0.0025163772862165,0.72,390,200
PT21A,GSE239721,Diagnosis,cellchat,LMPP,pDC,MDK,ITGA4_ITGB1,0.00279693743245435,0.17,675,200
PT21A,GSE239721,Diagnosis,cellchat,Cycling Progenitor,Pro-Monocyte,MDK,ITGA4_ITGB1,0.00415992662744842,0.03,92,55
PT21A,GSE239721,Diagnosis,cellchat,Early GMP,Pro-Monocyte,MDK,ITGA4_ITGB1,0.00190433310516598,0.98,850,55
PT21A,GSE239721,Diagnosis,cellchat,HSC MPP,Pro-Monocyte,MDK,ITGA4_ITGB1,0.00164057894616357,0.98,390,55
PT21A,GSE239721,Diagnosis,cellchat,Late GMP,Pro-Monocyte,MDK,ITGA4_ITGB1,0.000809345271505931,0.98,281,55
PT21A,GSE239721,Diagnosis,cellchat,LMPP,Pro-Monocyte,MDK,ITGA4_ITGB1,0.0018236716421067,0.98,675,55
PT21A,GSE239721,Diagnosis,cellchat,Cycling Progenitor,Cycling Progenitor,MDK,ITGA6_ITGB1,0.00452291756577743,0,92,92
PT21A,GSE239721,Diagnosis,cellchat,Early GMP,Cycling Progenitor,MDK,ITGA6_ITGB1,0.00207091256344459,0,850,92
PT21A,GSE239721,Diagnosis,cellchat,HSC MPP,Cycling Progenitor,MDK,ITGA6_ITGB1,0.00178412803871904,0,390,92
PT21A,GSE239721,Diagnosis,cellchat,Late GMP,Cycling Progenitor,MDK,ITGA6_ITGB1,0.000880226336548063,0.08,281,92
PT21A,GSE239721,Diagnosis,cellchat,LMPP,Cycling Progenitor,MDK,ITGA6_ITGB1,0.00198320934678444,0,675,92
PT21A,GSE239721,Diagnosis,cellchat,Cycling Progenitor,cDC,MDK,NCL,0.0359734306960331,0,92,187
PT21A,GSE239721,Diagnosis,cellchat,Early GMP,cDC,MDK,NCL,0.0167582187035575,0.04,850,187
PT21A,GSE239721,Diagnosis,cellchat,HSC MPP,cDC,MDK,NCL,0.0144669896476684,0.86,390,187
PT21A,GSE239721,Diagnosis,cellchat,LMPP,cDC,MDK,NCL,0.0160585168310166,0.15,675,187
PT21A,GSE239721,Diagnosis,cellchat,Cycling Progenitor,Cycling Progenitor,MDK,NCL,0.0466420706990274,0,92,92
PT21A,GSE239721,Diagnosis,cellchat,Early GMP,Cycling Progenitor,MDK,NCL,0.0218574092831905,0,850,92
PT21A,GSE239721,Diagnosis,cellchat,HSC MPP,Cycling Progenitor,MDK,NCL,0.0188823937851123,0.01,390,92
PT21A,GSE239721,Diagnosis,cellchat,LMPP,Cycling Progenitor,MDK,NCL,0.0209493383775986,0,675,92
PT21A,GSE239721,Diagnosis,cellchat,Cycling Progenitor,Early GMP,MDK,NCL,0.0436433623827036,0,92,850
PT21A,GSE239721,Diagnosis,cellchat,Early GMP,Early GMP,MDK,NCL,0.0204180275284077,0,850,850
PT21A,GSE239721,Diagnosis,cellchat,HSC MPP,Early GMP,MDK,NCL,0.0176353942781705,0.01,390,850
PT21A,GSE239721,Diagnosis,cellchat,LMPP,Early GMP,MDK,NCL,0.0195685597187179,0,675,850
PT21A,GSE239721,Diagnosis,cellchat,Cycling Progenitor,HSC MPP,MDK,NCL,0.0373326244635661,0,92,390
PT21A,GSE239721,Diagnosis,cellchat,Early GMP,HSC MPP,MDK,NCL,0.0174045063952521,0,850,390
PT21A,GSE239721,Diagnosis,cellchat,HSC MPP,HSC MPP,MDK,NCL,0.0150262655194546,0.67,390,390
PT21A,GSE239721,Diagnosis,cellchat,LMPP,HSC MPP,MDK,NCL,0.0166782779504252,0.01,675,390
PT21A,GSE239721,Diagnosis,cellchat,Cycling Progenitor,Late GMP,MDK,NCL,0.0410886463364213,0,92,281
PT21A,GSE239721,Diagnosis,cellchat,Early GMP,Late GMP,MDK,NCL,0.019195546333896,0,850,281
PT21A,GSE239721,Diagnosis,cellchat,HSC MPP,Late GMP,MDK,NCL,0.0165766973781705,0.07,390,281
PT21A,GSE239721,Diagnosis,cellchat,LMPP,Late GMP,MDK,NCL,0.0183959832847068,0,675,281
PT21A,GSE239721,Diagnosis,cellchat,Cycling Progenitor,LMPP,MDK,NCL,0.0397088422461136,0,92,675
PT21A,GSE239721,Diagnosis,cellchat,Early GMP,LMPP,MDK,NCL,0.0185367256964164,0,850,675
PT21A,GSE239721,Diagnosis,cellchat,HSC MPP,LMPP,MDK,NCL,0.0160062928105091,0.19,390,675
PT21A,GSE239721,Diagnosis,cellchat,LMPP,LMPP,MDK,NCL,0.0177641078518419,0,675,675
PT21A,GSE239721,Diagnosis,cellchat,Cycling Progenitor,MEP,MDK,NCL,0.0378566167517221,0,92,53
PT21A,GSE239721,Diagnosis,cellchat,Early GMP,MEP,MDK,NCL,0.0176539215296789,0,850,53
PT21A,GSE239721,Diagnosis,cellchat,HSC MPP,MEP,MDK,NCL,0.0152421279665257,0.58,390,53
PT21A,GSE239721,Diagnosis,cellchat,LMPP,MEP,MDK,NCL,0.0169174650563528,0.05,675,53
PT21A,GSE239721,Diagnosis,cellchat,Cycling Progenitor,Monocyte,MDK,NCL,0.03148272190421,0,92,30
PT21A,GSE239721,Diagnosis,cellchat,Early GMP,Monocyte,MDK,NCL,0.0146298202625745,0.79,850,30
PT21A,GSE239721,Diagnosis,cellchat,LMPP,Monocyte,MDK,NCL,0.0140177179606697,0.91,675,30
PT21A,GSE239721,Diagnosis,cellchat,Cycling Progenitor,pDC,MDK,NCL,0.0371627785667762,0,92,200
PT21A,GSE239721,Diagnosis,cellchat,Early GMP,pDC,MDK,NCL,0.0173236925330076,0,850,200
PT21A,GSE239721,Diagnosis,cellchat,HSC MPP,pDC,MDK,NCL,0.0149563263917006,0.68,390,200
PT21A,GSE239721,Diagnosis,cellchat,LMPP,pDC,MDK,NCL,0.016600779193952,0.05,675,200
PT21A,GSE239721,Diagnosis,cellchat,Cycling Progenitor,Pro-Monocyte,MDK,NCL,0.0425303252000204,0,92,55
PT21A,GSE239721,Diagnosis,cellchat,Early GMP,Pro-Monocyte,MDK,NCL,0.0198849906366404,0,850,55
PT21A,GSE239721,Diagnosis,cellchat,HSC MPP,Pro-Monocyte,MDK,NCL,0.0171737277655432,0.05,390,55
PT21A,GSE239721,Diagnosis,cellchat,LMPP,Pro-Monocyte,MDK,NCL,0.0190572677644734,0,675,55
PT21A,GSE239721,Diagnosis,cellchat,cDC,Cycling Progenitor,CTSG,F2R,0.000607454375629898,0,187,92
PT21A,GSE239721,Diagnosis,cellchat,Cycling Progenitor,Cycling Progenitor,CTSG,F2R,0.000770423068697533,0,92,92
PT21A,GSE239721,Diagnosis,cellchat,Early GMP,Cycling Progenitor,CTSG,F2R,0.000465153620836906,0,850,92
PT21A,GSE239721,Diagnosis,cellchat,Late GMP,Cycling Progenitor,CTSG,F2R,0.00295980720405964,0,281,92
PT21A,GSE239721,Diagnosis,cellchat,Monocyte,Cycling Progenitor,CTSG,F2R,0.00106812583254439,0,30,92
PT21A,GSE239721,Diagnosis,cellchat,Pro-Monocyte,Cycling Progenitor,CTSG,F2R,0.00631291481775873,0,55,92
PT21A,GSE239721,Diagnosis,cellchat,cDC,Monocyte,GRN,SORT1,0.0108462166464937,0,187,30
PT21A,GSE239721,Diagnosis,cellchat,Cycling Progenitor,Monocyte,GRN,SORT1,0.00434590489631995,0,92,30
PT21A,GSE239721,Diagnosis,cellchat,Early GMP,Monocyte,GRN,SORT1,0.00370243091136244,0,850,30
PT21A,GSE239721,Diagnosis,cellchat,HSC MPP,Monocyte,GRN,SORT1,0.00121562669820202,0,390,30
PT21A,GSE239721,Diagnosis,cellchat,Late GMP,Monocyte,GRN,SORT1,0.00410575040751182,0,281,30
PT21A,GSE239721,Diagnosis,cellchat,LMPP,Monocyte,GRN,SORT1,0.00327001171362249,0,675,30
PT21A,GSE239721,Diagnosis,cellchat,Monocyte,Monocyte,GRN,SORT1,0.0114738347793192,0,30,30
PT21A,GSE239721,Diagnosis,cellchat,pDC,Monocyte,GRN,SORT1,0.00480929524269825,0,200,30
PT21A,GSE239721,Diagnosis,cellchat,Pro-Monocyte,Monocyte,GRN,SORT1,0.00781166564101475,0,55,30
PT21A,GSE239721,Diagnosis,cellchat,cDC,cDC,LGALS9,PTPRC,0.048417357661578,0,187,187
PT21A,GSE239721,Diagnosis,cellchat,Cycling Progenitor,cDC,LGALS9,PTPRC,0.0209506904223583,0.77,92,187
PT21A,GSE239721,Diagnosis,cellchat,Early GMP,cDC,LGALS9,PTPRC,0.0275147629135675,0.05,850,187
PT21A,GSE239721,Diagnosis,cellchat,HSC MPP,cDC,LGALS9,PTPRC,0.0318428718261121,0,390,187
PT21A,GSE239721,Diagnosis,cellchat,Late GMP,cDC,LGALS9,PTPRC,0.0270378666790514,0.07,281,187
PT21A,GSE239721,Diagnosis,cellchat,LMPP,cDC,LGALS9,PTPRC,0.0294589545822124,0.01,675,187
PT21A,GSE239721,Diagnosis,cellchat,MEP,cDC,LGALS9,PTPRC,0.046950179263977,0,53,187
PT21A,GSE239721,Diagnosis,cellchat,Monocyte,cDC,LGALS9,PTPRC,0.0318894691775893,0.14,30,187
PT21A,GSE239721,Diagnosis,cellchat,pDC,cDC,LGALS9,PTPRC,0.0421184472869179,0,200,187
PT21A,GSE239721,Diagnosis,cellchat,Pro-Monocyte,cDC,LGALS9,PTPRC,0.0239606957319245,0.48,55,187
PT21A,GSE239721,Diagnosis,cellchat,cDC,Cycling Progenitor,LGALS9,PTPRC,0.0373151044336195,0,187,92
PT21A,GSE239721,Diagnosis,cellchat,Early GMP,Cycling Progenitor,LGALS9,PTPRC,0.0210992657733434,0.75,850,92
PT21A,GSE239721,Diagnosis,cellchat,HSC MPP,Cycling Progenitor,LGALS9,PTPRC,0.0244435739845046,0.36,390,92
PT21A,GSE239721,Diagnosis,cellchat,Late GMP,Cycling Progenitor,LGALS9,PTPRC,0.0207311949074375,0.81,281,92
PT21A,GSE239721,Diagnosis,cellchat,LMPP,Cycling Progenitor,LGALS9,PTPRC,0.0226006739396203,0.48,675,92
PT21A,GSE239721,Diagnosis,cellchat,MEP,Cycling Progenitor,LGALS9,PTPRC,0.0361715663542612,0.03,53,92
PT21A,GSE239721,Diagnosis,cellchat,Monocyte,Cycling Progenitor,LGALS9,PTPRC,0.0244796173315747,0.46,30,92
PT21A,GSE239721,Diagnosis,cellchat,pDC,Cycling Progenitor,LGALS9,PTPRC,0.0324113585350414,0.04,200,92
PT21A,GSE239721,Diagnosis,cellchat,Pro-Monocyte,Cycling Progenitor,LGALS9,PTPRC,0.0183582412645345,0.95,55,92
PT21A,GSE239721,Diagnosis,cellchat,cDC,Early GMP,LGALS9,PTPRC,0.0322199213522811,0,187,850
PT21A,GSE239721,Diagnosis,cellchat,HSC MPP,Early GMP,LGALS9,PTPRC,0.0210674691717351,0.88,390,850
PT21A,GSE239721,Diagnosis,cellchat,MEP,Early GMP,LGALS9,PTPRC,0.0312274624526969,0.02,53,850
PT21A,GSE239721,Diagnosis,cellchat,Monocyte,Early GMP,LGALS9,PTPRC,0.0210986419390525,0.63,30,850
PT21A,GSE239721,Diagnosis,cellchat,pDC,Early GMP,LGALS9,PTPRC,0.0279663048640331,0.01,200,850
PT21A,GSE239721,Diagnosis,cellchat,cDC,HSC MPP,LGALS9,PTPRC,0.0435115266866421,0,187,390
PT21A,GSE239721,Diagnosis,cellchat,Cycling Progenitor,HSC MPP,LGALS9,PTPRC,0.0187729826907443,0.98,92,390
PT21A,GSE239721,Diagnosis,cellchat,Early GMP,HSC MPP,LGALS9,PTPRC,0.0246719502249734,0.17,850,390
PT21A,GSE239721,Diagnosis,cellchat,HSC MPP,HSC MPP,LGALS9,PTPRC,0.0285660164305061,0.01,390,390
PT21A,GSE239721,Diagnosis,cellchat,Late GMP,HSC MPP,LGALS9,PTPRC,0.024243098370899,0.23,281,390
PT21A,GSE239721,Diagnosis,cellchat,LMPP,HSC MPP,LGALS9,PTPRC,0.0264207262703664,0.08,675,390
PT21A,GSE239721,Diagnosis,cellchat,MEP,HSC MPP,LGALS9,PTPRC,0.0421864178556766,0,53,390
PT21A,GSE239721,Diagnosis,cellchat,Monocyte,HSC MPP,LGALS9,PTPRC,0.0286079602795456,0.17,30,390
PT21A,GSE239721,Diagnosis,cellchat,pDC,HSC MPP,LGALS9,PTPRC,0.0378254762174097,0,200,390
PT21A,GSE239721,Diagnosis,cellchat,Pro-Monocyte,HSC MPP,LGALS9,PTPRC,0.0214769780569075,0.73,55,390
PT21A,GSE239721,Diagnosis,cellchat,cDC,Late GMP,LGALS9,PTPRC,0.0211651122769699,0.8,187,281
PT21A,GSE239721,Diagnosis,cellchat,MEP,Late GMP,LGALS9,PTPRC,0.0205059556665806,0.7,53,281
PT21A,GSE239721,Diagnosis,cellchat,Monocyte,Late GMP,LGALS9,PTPRC,0.0138051659861851,0.99,30,281
PT21A,GSE239721,Diagnosis,cellchat,pDC,Late GMP,LGALS9,PTPRC,0.0183432698425064,0.98,200,281
PT21A,GSE239721,Diagnosis,cellchat,cDC,LMPP,LGALS9,PTPRC,0.0489892936612128,0,187,675
PT21A,GSE239721,Diagnosis,cellchat,Cycling Progenitor,LMPP,LGALS9,PTPRC,0.0212054032666741,0.72,92,675
PT21A,GSE239721,Diagnosis,cellchat,Early GMP,LMPP,LGALS9,PTPRC,0.0278470101168437,0,850,675
PT21A,GSE239721,Diagnosis,cellchat,HSC MPP,LMPP,LGALS9,PTPRC,0.0322256500991826,0,390,675
PT21A,GSE239721,Diagnosis,cellchat,Late GMP,LMPP,LGALS9,PTPRC,0.0273645172893996,0.01,281,675
PT21A,GSE239721,Diagnosis,cellchat,LMPP,LMPP,LGALS9,PTPRC,0.0298139586222665,0,675,675
PT21A,GSE239721,Diagnosis,cellchat,MEP,LMPP,LGALS9,PTPRC,0.047505649261045,0,53,675
PT21A,GSE239721,Diagnosis,cellchat,Monocyte,LMPP,LGALS9,PTPRC,0.0322727889184353,0.06,30,675
PT21A,GSE239721,Diagnosis,cellchat,pDC,LMPP,LGALS9,PTPRC,0.0426193091437014,0,200,675
PT21A,GSE239721,Diagnosis,cellchat,Pro-Monocyte,LMPP,LGALS9,PTPRC,0.0242510969533643,0.36,55,675
PT21A,GSE239721,Diagnosis,cellchat,cDC,MEP,LGALS9,PTPRC,0.0417715995259993,0,187,53
PT21A,GSE239721,Diagnosis,cellchat,Cycling Progenitor,MEP,LGALS9,PTPRC,0.0180036736251372,0.98,92,53
PT21A,GSE239721,Diagnosis,cellchat,Early GMP,MEP,LGALS9,PTPRC,0.023666734498648,0.52,850,53
PT21A,GSE239721,Diagnosis,cellchat,HSC MPP,MEP,LGALS9,PTPRC,0.0274066019870663,0.21,390,53
PT21A,GSE239721,Diagnosis,cellchat,Late GMP,MEP,LGALS9,PTPRC,0.0232549388599537,0.59,281,53
PT21A,GSE239721,Diagnosis,cellchat,LMPP,MEP,LGALS9,PTPRC,0.0253461113185232,0.4,675,53
PT21A,GSE239721,Diagnosis,cellchat,MEP,MEP,LGALS9,PTPRC,0.0404972352996463,0.01,53,53
PT21A,GSE239721,Diagnosis,cellchat,Monocyte,MEP,LGALS9,PTPRC,0.0274468915521039,0.39,30,53
PT21A,GSE239721,Diagnosis,cellchat,pDC,MEP,LGALS9,PTPRC,0.0363042912080223,0,200,53
PT21A,GSE239721,Diagnosis,cellchat,Pro-Monocyte,MEP,LGALS9,PTPRC,0.0205991866173374,0.76,55,53
PT21A,GSE239721,Diagnosis,cellchat,cDC,Monocyte,LGALS9,PTPRC,0.0371414990791659,0,187,30
PT21A,GSE239721,Diagnosis,cellchat,Early GMP,Monocyte,LGALS9,PTPRC,0.0209994575648071,0.76,850,30
PT21A,GSE239721,Diagnosis,cellchat,HSC MPP,Monocyte,LGALS9,PTPRC,0.0243283389908655,0.5,390,30
PT21A,GSE239721,Diagnosis,cellchat,Late GMP,Monocyte,LGALS9,PTPRC,0.0206330911263923,0.8,281,30
PT21A,GSE239721,Diagnosis,cellchat,LMPP,Monocyte,LGALS9,PTPRC,0.0224939266542557,0.64,675,30
PT21A,GSE239721,Diagnosis,cellchat,MEP,Monocyte,LGALS9,PTPRC,0.0360030822449785,0.05,53,30
PT21A,GSE239721,Diagnosis,cellchat,Monocyte,Monocyte,LGALS9,PTPRC,0.0243642166615236,0.59,30,30
PT21A,GSE239721,Diagnosis,cellchat,pDC,Monocyte,LGALS9,PTPRC,0.0322598029305406,0.05,200,30
PT21A,GSE239721,Diagnosis,cellchat,Pro-Monocyte,Monocyte,LGALS9,PTPRC,0.0182711572164351,0.9,55,30
PT21A,GSE239721,Diagnosis,cellchat,cDC,pDC,LGALS9,PTPRC,0.0388331338994205,0,187,200
PT21A,GSE239721,Diagnosis,cellchat,Early GMP,pDC,LGALS9,PTPRC,0.0219726695846502,0.67,850,200
PT21A,GSE239721,Diagnosis,cellchat,HSC MPP,pDC,LGALS9,PTPRC,0.0254518159538873,0.24,390,200
PT21A,GSE239721,Diagnosis,cellchat,Late GMP,pDC,LGALS9,PTPRC,0.0215896984674081,0.73,281,200
PT21A,GSE239721,Diagnosis,cellchat,LMPP,pDC,LGALS9,PTPRC,0.0235347342919578,0.4,675,200
PT21A,GSE239721,Diagnosis,cellchat,MEP,pDC,LGALS9,PTPRC,0.0376448942758004,0,53,200
PT21A,GSE239721,Diagnosis,cellchat,Monocyte,pDC,LGALS9,PTPRC,0.0254893071626345,0.4,30,200
PT21A,GSE239721,Diagnosis,cellchat,pDC,pDC,LGALS9,PTPRC,0.0337368879946673,0,200,200
PT21A,GSE239721,Diagnosis,cellchat,Pro-Monocyte,pDC,LGALS9,PTPRC,0.0191203966554558,0.94,55,200
PT21A,GSE239721,Diagnosis,cellchat,cDC,cDC,LGALS9,HAVCR2,0.00755195217467599,0,187,187
PT21A,GSE239721,Diagnosis,cellchat,Cycling Progenitor,cDC,LGALS9,HAVCR2,0.00319009045083075,0,92,187
PT21A,GSE239721,Diagnosis,cellchat,Early GMP,cDC,LGALS9,HAVCR2,0.00421352772701585,0,850,187
PT21A,GSE239721,Diagnosis,cellchat,HSC MPP,cDC,LGALS9,HAVCR2,0.0048947697399312,0,390,187
PT21A,GSE239721,Diagnosis,cellchat,Late GMP,cDC,LGALS9,HAVCR2,0.00413877847389849,0,281,187
PT21A,GSE239721,Diagnosis,cellchat,LMPP,cDC,LGALS9,HAVCR2,0.0045189060939257,0,675,187
PT21A,GSE239721,Diagnosis,cellchat,MEP,cDC,LGALS9,HAVCR2,0.00731358988813057,0,53,187
PT21A,GSE239721,Diagnosis,cellchat,Monocyte,cDC,LGALS9,HAVCR2,0.00490213218592232,0,30,187
PT21A,GSE239721,Diagnosis,cellchat,pDC,cDC,LGALS9,HAVCR2,0.00653297319910366,0,200,187
PT21A,GSE239721,Diagnosis,cellchat,Pro-Monocyte,cDC,LGALS9,HAVCR2,0.0036579473881206,0,55,187
PT21A,GSE239721,Diagnosis,cellchat,cDC,cDC,LGALS9,CD44,0.100467821189033,0,187,187
PT21A,GSE239721,Diagnosis,cellchat,Early GMP,cDC,LGALS9,CD44,0.0584750114871732,0.98,850,187
PT21A,GSE239721,Diagnosis,cellchat,HSC MPP,cDC,LGALS9,CD44,0.0673359982709074,0.01,390,187
PT21A,GSE239721,Diagnosis,cellchat,Late GMP,cDC,LGALS9,CD44,0.0574932251670536,0.97,281,187
PT21A,GSE239721,Diagnosis,cellchat,LMPP,cDC,LGALS9,CD44,0.0624663318189176,0.38,675,187
PT21A,GSE239721,Diagnosis,cellchat,MEP,cDC,LGALS9,CD44,0.097585121065511,0,53,187
PT21A,GSE239721,Diagnosis,cellchat,Monocyte,cDC,LGALS9,CD44,0.0674309171008637,0.33,30,187
PT21A,GSE239721,Diagnosis,cellchat,pDC,cDC,LGALS9,CD44,0.0880237337195927,0,200,187
PT21A,GSE239721,Diagnosis,cellchat,Pro-Monocyte,cDC,LGALS9,CD44,0.051132094399786,0.97,55,187
PT21A,GSE239721,Diagnosis,cellchat,cDC,Cycling Progenitor,LGALS9,CD44,0.081607646480838,0,187,92
PT21A,GSE239721,Diagnosis,cellchat,MEP,Cycling Progenitor,LGALS9,CD44,0.079218439901445,0.07,53,92
PT21A,GSE239721,Diagnosis,cellchat,Monocyte,Cycling Progenitor,LGALS9,CD44,0.0543975044892515,0.84,30,92
PT21A,GSE239721,Diagnosis,cellchat,pDC,Cycling Progenitor,LGALS9,CD44,0.071314406537231,0.06,200,92
PT21A,GSE239721,Diagnosis,cellchat,cDC,Early GMP,LGALS9,CD44,0.0919423733252456,0,187,850
PT21A,GSE239721,Diagnosis,cellchat,HSC MPP,Early GMP,LGALS9,CD44,0.0614300346973413,0.62,390,850
PT21A,GSE239721,Diagnosis,cellchat,MEP,Early GMP,LGALS9,CD44,0.0892800131190945,0.01,53,850
PT21A,GSE239721,Diagnosis,cellchat,Monocyte,Early GMP,LGALS9,CD44,0.0615171774247291,0.54,30,850
PT21A,GSE239721,Diagnosis,cellchat,pDC,Early GMP,LGALS9,CD44,0.0804598070179063,0.01,200,850
PT21A,GSE239721,Diagnosis,cellchat,cDC,HSC MPP,LGALS9,CD44,0.107208146368718,0,187,390
PT21A,GSE239721,Diagnosis,cellchat,Early GMP,HSC MPP,LGALS9,CD44,0.062594104913642,0.17,850,390
PT21A,GSE239721,Diagnosis,cellchat,HSC MPP,HSC MPP,LGALS9,CD44,0.0720315234380888,0,390,390
PT21A,GSE239721,Diagnosis,cellchat,Late GMP,HSC MPP,LGALS9,CD44,0.061547680591273,0.55,281,390
PT21A,GSE239721,Diagnosis,cellchat,LMPP,HSC MPP,LGALS9,CD44,0.0668466199971727,0,675,390
PT21A,GSE239721,Diagnosis,cellchat,MEP,HSC MPP,LGALS9,CD44,0.10415444075286,0,53,390
PT21A,GSE239721,Diagnosis,cellchat,Monocyte,HSC MPP,LGALS9,CD44,0.0721325493082573,0.25,30,390
PT21A,GSE239721,Diagnosis,cellchat,pDC,HSC MPP,LGALS9,CD44,0.0940164503808747,0,200,390
PT21A,GSE239721,Diagnosis,cellchat,Pro-Monocyte,HSC MPP,LGALS9,CD44,0.0547640244103116,0.88,55,390
PT21A,GSE239721,Diagnosis,cellchat,cDC,Late GMP,LGALS9,CD44,0.0789734663168651,0,187,281
PT21A,GSE239721,Diagnosis,cellchat,MEP,Late GMP,LGALS9,CD44,0.0766549430174573,0.13,53,281
PT21A,GSE239721,Diagnosis,cellchat,Monocyte,Late GMP,LGALS9,CD44,0.0525913337188836,0.91,30,281
PT21A,GSE239721,Diagnosis,cellchat,pDC,Late GMP,LGALS9,CD44,0.0689875197413001,0.07,200,281
PT21A,GSE239721,Diagnosis,cellchat,cDC,LMPP,LGALS9,CD44,0.103828863595155,0,187,675
PT21A,GSE239721,Diagnosis,cellchat,Early GMP,LMPP,LGALS9,CD44,0.0605257545474307,0.78,850,675
PT21A,GSE239721,Diagnosis,cellchat,HSC MPP,LMPP,LGALS9,CD44,0.0696745031609401,0,390,675
PT21A,GSE239721,Diagnosis,cellchat,Late GMP,LMPP,LGALS9,CD44,0.0595117129201221,0.89,281,675
PT21A,GSE239721,Diagnosis,cellchat,LMPP,LMPP,LGALS9,CD44,0.0646474409626395,0.01,675,675
PT21A,GSE239721,Diagnosis,cellchat,MEP,LMPP,LGALS9,CD44,0.100860538974467,0,53,675
PT21A,GSE239721,Diagnosis,cellchat,Monocyte,LMPP,LGALS9,CD44,0.0697724718118719,0.29,30,675
PT21A,GSE239721,Diagnosis,cellchat,pDC,LMPP,LGALS9,CD44,0.0910105923277956,0,200,675
PT21A,GSE239721,Diagnosis,cellchat,Pro-Monocyte,LMPP,LGALS9,CD44,0.0529397980070081,0.93,55,675
PT21A,GSE239721,Diagnosis,cellchat,cDC,MEP,LGALS9,CD44,0.0879281897538187,0,187,53
PT21A,GSE239721,Diagnosis,cellchat,HSC MPP,MEP,LGALS9,CD44,0.0586619532857765,0.86,390,53
PT21A,GSE239721,Diagnosis,cellchat,MEP,MEP,LGALS9,CD44,0.0853711394684491,0.03,53,53
PT21A,GSE239721,Diagnosis,cellchat,Monocyte,MEP,LGALS9,CD44,0.0587454150737412,0.66,30,53
PT21A,GSE239721,Diagnosis,cellchat,pDC,MEP,LGALS9,CD44,0.0769044918115803,0.02,200,53
PT21A,GSE239721,Diagnosis,cellchat,cDC,Monocyte,LGALS9,CD44,0.106194748853748,0,187,30
PT21A,GSE239721,Diagnosis,cellchat,Early GMP,Monocyte,LGALS9,CD44,0.0619731531744666,0.47,850,30
PT21A,GSE239721,Diagnosis,cellchat,HSC MPP,Monocyte,LGALS9,CD44,0.0713240731398902,0,390,30
PT21A,GSE239721,Diagnosis,cellchat,Late GMP,Monocyte,LGALS9,CD44,0.0609364348758018,0.68,281,30
PT21A,GSE239721,Diagnosis,cellchat,LMPP,Monocyte,LGALS9,CD44,0.0661864606676916,0.11,675,30
PT21A,GSE239721,Diagnosis,cellchat,MEP,Monocyte,LGALS9,CD44,0.103166573192398,0,53,30
PT21A,GSE239721,Diagnosis,cellchat,Monocyte,Monocyte,LGALS9,CD44,0.0714241831638825,0.27,30,30
PT21A,GSE239721,Diagnosis,cellchat,pDC,Monocyte,LGALS9,CD44,0.0931147435955546,0,200,30
PT21A,GSE239721,Diagnosis,cellchat,Pro-Monocyte,Monocyte,LGALS9,CD44,0.0542162568031579,0.89,55,30
PT21A,GSE239721,Diagnosis,cellchat,cDC,pDC,LGALS9,CD44,0.110504667408154,0,187,200
PT21A,GSE239721,Diagnosis,cellchat,Cycling Progenitor,pDC,LGALS9,CD44,0.0496543977418327,0.99,92,200
PT21A,GSE239721,Diagnosis,cellchat,Early GMP,pDC,LGALS9,CD44,0.0646180875962479,0.08,850,200
PT21A,GSE239721,Diagnosis,cellchat,HSC MPP,pDC,LGALS9,CD44,0.074336466206818,0,390,200
PT21A,GSE239721,Diagnosis,cellchat,Late GMP,pDC,LGALS9,CD44,0.0635401206197186,0.35,281,200
PT21A,GSE239721,Diagnosis,cellchat,LMPP,pDC,LGALS9,CD44,0.0689979868055763,0,675,200
PT21A,GSE239721,Diagnosis,cellchat,MEP,pDC,LGALS9,CD44,0.107368356303853,0,53,200
PT21A,GSE239721,Diagnosis,cellchat,Monocyte,pDC,LGALS9,CD44,0.0744404654863263,0.22,30,200
PT21A,GSE239721,Diagnosis,cellchat,pDC,pDC,LGALS9,CD44,0.0969513913408094,0,200,200
PT21A,GSE239721,Diagnosis,cellchat,Pro-Monocyte,pDC,LGALS9,CD44,0.056550094886832,0.83,55,200
PT21A,GSE239721,Diagnosis,cellchat,cDC,Pro-Monocyte,LGALS9,CD44,0.106314394796905,0,187,55
PT21A,GSE239721,Diagnosis,cellchat,Cycling Progenitor,Pro-Monocyte,LGALS9,CD44,0.0476479301822804,0.99,92,55
PT21A,GSE239721,Diagnosis,cellchat,Early GMP,Pro-Monocyte,LGALS9,CD44,0.0620464348017493,0.47,850,55
PT21A,GSE239721,Diagnosis,cellchat,HSC MPP,Pro-Monocyte,LGALS9,CD44,0.0714075702506988,0,390,55
PT21A,GSE239721,Diagnosis,cellchat,Late GMP,Pro-Monocyte,LGALS9,CD44,0.0610085703420208,0.65,281,55
PT21A,GSE239721,Diagnosis,cellchat,LMPP,Pro-Monocyte,LGALS9,CD44,0.0662643724717168,0.04,675,55
PT21A,GSE239721,Diagnosis,cellchat,MEP,Pro-Monocyte,LGALS9,CD44,0.103283201636894,0,53,55
PT21A,GSE239721,Diagnosis,cellchat,Monocyte,Pro-Monocyte,LGALS9,CD44,0.0715077884466536,0.25,30,55
PT21A,GSE239721,Diagnosis,cellchat,pDC,Pro-Monocyte,LGALS9,CD44,0.0932211897526684,0,200,55
PT21A,GSE239721,Diagnosis,cellchat,Pro-Monocyte,Pro-Monocyte,LGALS9,CD44,0.0542808968800072,0.87,55,55
PT21A,GSE239721,Diagnosis,cellchat,cDC,cDC,LGALS9,P4HB,0.063512909539809,0,187,187
PT21A,GSE239721,Diagnosis,cellchat,Early GMP,cDC,LGALS9,P4HB,0.0363422020250173,0.66,850,187
PT21A,GSE239721,Diagnosis,cellchat,HSC MPP,cDC,LGALS9,P4HB,0.0419989105299565,0.01,390,187
PT21A,GSE239721,Diagnosis,cellchat,Late GMP,cDC,LGALS9,P4HB,0.035717924769849,0.77,281,187
PT21A,GSE239721,Diagnosis,cellchat,LMPP,cDC,LGALS9,P4HB,0.0388851993262169,0.17,675,187
PT21A,GSE239721,Diagnosis,cellchat,MEP,cDC,LGALS9,P4HB,0.0616179150492956,0,53,187
PT21A,GSE239721,Diagnosis,cellchat,Monocyte,cDC,LGALS9,P4HB,0.0420597241025827,0.28,30,187
PT21A,GSE239721,Diagnosis,cellchat,pDC,cDC,LGALS9,P4HB,0.0553643872529872,0,200,187
PT21A,GSE239721,Diagnosis,cellchat,Pro-Monocyte,cDC,LGALS9,P4HB,0.0316850498750516,0.94,55,187
PT21A,GSE239721,Diagnosis,cellchat,cDC,Cycling Progenitor,LGALS9,P4HB,0.0691239175052611,0,187,92
PT21A,GSE239721,Diagnosis,cellchat,Early GMP,Cycling Progenitor,LGALS9,P4HB,0.0396544722572114,0.17,850,92
PT21A,GSE239721,Diagnosis,cellchat,HSC MPP,Cycling Progenitor,LGALS9,P4HB,0.0458022354113306,0,390,92
PT21A,GSE239721,Diagnosis,cellchat,Late GMP,Cycling Progenitor,LGALS9,P4HB,0.0389755988929934,0.35,281,92
PT21A,GSE239721,Diagnosis,cellchat,LMPP,Cycling Progenitor,LGALS9,P4HB,0.0424190389596526,0.01,675,92
PT21A,GSE239721,Diagnosis,cellchat,MEP,Cycling Progenitor,LGALS9,P4HB,0.0670735013853803,0,53,92
PT21A,GSE239721,Diagnosis,cellchat,Monocyte,Cycling Progenitor,LGALS9,P4HB,0.0458682924442824,0.22,30,92
PT21A,GSE239721,Diagnosis,cellchat,pDC,Cycling Progenitor,LGALS9,P4HB,0.0603018731018389,0,200,92
PT21A,GSE239721,Diagnosis,cellchat,Pro-Monocyte,Cycling Progenitor,LGALS9,P4HB,0.0345880967566329,0.8,55,92
PT21A,GSE239721,Diagnosis,cellchat,cDC,Early GMP,LGALS9,P4HB,0.0630420576194151,0,187,850
PT21A,GSE239721,Diagnosis,cellchat,Early GMP,Early GMP,LGALS9,P4HB,0.0360650224538608,0.87,850,850
PT21A,GSE239721,Diagnosis,cellchat,HSC MPP,Early GMP,LGALS9,P4HB,0.0416804536676035,0,390,850
PT21A,GSE239721,Diagnosis,cellchat,Late GMP,Early GMP,LGALS9,P4HB,0.0354453313887592,0.93,281,850
PT21A,GSE239721,Diagnosis,cellchat,LMPP,Early GMP,LGALS9,P4HB,0.0385894011609731,0.09,675,850
PT21A,GSE239721,Diagnosis,cellchat,MEP,Early GMP,LGALS9,P4HB,0.0611601941581203,0,53,850
PT21A,GSE239721,Diagnosis,cellchat,Monocyte,Early GMP,LGALS9,P4HB,0.0417408262124417,0.31,30,850
PT21A,GSE239721,Diagnosis,cellchat,pDC,Early GMP,LGALS9,P4HB,0.0549503996451757,0,200,850
PT21A,GSE239721,Diagnosis,cellchat,Pro-Monocyte,Early GMP,LGALS9,P4HB,0.0314422311553957,0.96,55,850
PT21A,GSE239721,Diagnosis,cellchat,cDC,HSC MPP,LGALS9,P4HB,0.0402315315525486,0.06,187,390
PT21A,GSE239721,Diagnosis,cellchat,MEP,HSC MPP,LGALS9,P4HB,0.0390022392082128,0.31,53,390
PT21A,GSE239721,Diagnosis,cellchat,Monocyte,HSC MPP,LGALS9,P4HB,0.0264203963132726,0.98,30,390
PT21A,GSE239721,Diagnosis,cellchat,pDC,HSC MPP,LGALS9,P4HB,0.0349584423695698,0.84,200,390
PT21A,GSE239721,Diagnosis,cellchat,cDC,Late GMP,LGALS9,P4HB,0.0784466311745198,0,187,281
PT21A,GSE239721,Diagnosis,cellchat,Cycling Progenitor,Late GMP,LGALS9,P4HB,0.0345634237856621,0.86,92,281
PT21A,GSE239721,Diagnosis,cellchat,Early GMP,Late GMP,LGALS9,P4HB,0.0451956245505376,0,850,281
PT21A,GSE239721,Diagnosis,cellchat,HSC MPP,Late GMP,LGALS9,P4HB,0.0521557955507529,0,390,281
PT21A,GSE239721,Diagnosis,cellchat,Late GMP,Late GMP,LGALS9,P4HB,0.044426276653251,0.01,281,281
PT21A,GSE239721,Diagnosis,cellchat,LMPP,Late GMP,LGALS9,P4HB,0.0483270603232761,0,675,281
PT21A,GSE239721,Diagnosis,cellchat,MEP,Late GMP,LGALS9,P4HB,0.0761422961654409,0,53,281
PT21A,GSE239721,Diagnosis,cellchat,Monocyte,Late GMP,LGALS9,P4HB,0.0522305142591677,0.07,30,281
PT21A,GSE239721,Diagnosis,cellchat,pDC,Late GMP,LGALS9,P4HB,0.0685223451148472,0,200,281
PT21A,GSE239721,Diagnosis,cellchat,Pro-Monocyte,Late GMP,LGALS9,P4HB,0.0394503769589772,0.38,55,281
PT21A,GSE239721,Diagnosis,cellchat,cDC,LMPP,LGALS9,P4HB,0.0501064593195149,0,187,675
PT21A,GSE239721,Diagnosis,cellchat,MEP,LMPP,LGALS9,P4HB,0.0485907101521659,0.07,53,675
PT21A,GSE239721,Diagnosis,cellchat,Monocyte,LMPP,LGALS9,P4HB,0.0330219833885894,0.83,30,675
PT21A,GSE239721,Diagnosis,cellchat,pDC,LMPP,LGALS9,P4HB,0.0435978712730866,0.06,200,675
PT21A,GSE239721,Diagnosis,cellchat,cDC,MEP,LGALS9,P4HB,0.045244363937104,0.01,187,53
PT21A,GSE239721,Diagnosis,cellchat,HSC MPP,MEP,LGALS9,P4HB,0.0297221473683219,0.99,390,53
PT21A,GSE239721,Diagnosis,cellchat,MEP,MEP,LGALS9,P4HB,0.0438689033017104,0.16,53,53
PT21A,GSE239721,Diagnosis,cellchat,Monocyte,MEP,LGALS9,P4HB,0.0297657367642317,0.91,30,53
PT21A,GSE239721,Diagnosis,cellchat,pDC,MEP,LGALS9,P4HB,0.039341181628642,0.34,200,53
PT21A,GSE239721,Diagnosis,cellchat,cDC,Monocyte,LGALS9,P4HB,0.0667575198531381,0,187,30
PT21A,GSE239721,Diagnosis,cellchat,Cycling Progenitor,Monocyte,LGALS9,P4HB,0.0292059933526674,0.96,92,30
PT21A,GSE239721,Diagnosis,cellchat,Early GMP,Monocyte,LGALS9,P4HB,0.0382554752664782,0.35,850,30
PT21A,GSE239721,Diagnosis,cellchat,HSC MPP,Monocyte,LGALS9,P4HB,0.0441963289252282,0.04,390,30
PT21A,GSE239721,Diagnosis,cellchat,Late GMP,Monocyte,LGALS9,P4HB,0.0375996146240617,0.48,281,30
PT21A,GSE239721,Diagnosis,cellchat,LMPP,Monocyte,LGALS9,P4HB,0.0409266654735634,0.19,675,30
PT21A,GSE239721,Diagnosis,cellchat,MEP,Monocyte,LGALS9,P4HB,0.0647724136900477,0,53,30
PT21A,GSE239721,Diagnosis,cellchat,Monocyte,Monocyte,LGALS9,P4HB,0.0442601773135146,0.22,30,30
PT21A,GSE239721,Diagnosis,cellchat,pDC,Monocyte,LGALS9,P4HB,0.0582186019794513,0,200,30
PT21A,GSE239721,Diagnosis,cellchat,Pro-Monocyte,Monocyte,LGALS9,P4HB,0.0333616305724412,0.74,55,30
PT21A,GSE239721,Diagnosis,cellchat,cDC,pDC,LGALS9,P4HB,0.0704221580509758,0,187,200
PT21A,GSE239721,Diagnosis,cellchat,Cycling Progenitor,pDC,LGALS9,P4HB,0.030877452734816,0.99,92,200
PT21A,GSE239721,Diagnosis,cellchat,Early GMP,pDC,LGALS9,P4HB,0.040423271494386,0.02,850,200
PT21A,GSE239721,Diagnosis,cellchat,HSC MPP,pDC,LGALS9,P4HB,0.0466844300681323,0,390,200
PT21A,GSE239721,Diagnosis,cellchat,Late GMP,pDC,LGALS9,P4HB,0.0397317810321791,0.15,281,200
PT21A,GSE239721,Diagnosis,cellchat,LMPP,pDC,LGALS9,P4HB,0.0432390228892386,0,675,200
PT21A,GSE239721,Diagnosis,cellchat,MEP,pDC,LGALS9,P4HB,0.0683360593536458,0,53,200
PT21A,GSE239721,Diagnosis,cellchat,Monocyte,pDC,LGALS9,P4HB,0.0467516970840028,0.19,30,200
PT21A,GSE239721,Diagnosis,cellchat,pDC,pDC,LGALS9,P4HB,0.0614453606125864,0,200,200
PT21A,GSE239721,Diagnosis,cellchat,Pro-Monocyte,pDC,LGALS9,P4HB,0.0352622784994178,0.76,55,200
PT21A,GSE239721,Diagnosis,cellchat,cDC,Pro-Monocyte,LGALS9,P4HB,0.0866834195239233,0,187,55
PT21A,GSE239721,Diagnosis,cellchat,Cycling Progenitor,Pro-Monocyte,LGALS9,P4HB,0.0383844542362342,0.47,92,55
PT21A,GSE239721,Diagnosis,cellchat,Early GMP,Pro-Monocyte,LGALS9,P4HB,0.0501310246092959,0,850,55
PT21A,GSE239721,Diagnosis,cellchat,HSC MPP,Pro-Monocyte,LGALS9,P4HB,0.0578052371933973,0,390,55
PT21A,GSE239721,Diagnosis,cellchat,Late GMP,Pro-Monocyte,LGALS9,P4HB,0.0492819996105426,0,281,55
PT21A,GSE239721,Diagnosis,cellchat,LMPP,Pro-Monocyte,LGALS9,P4HB,0.0535852246797216,0,675,55
PT21A,GSE239721,Diagnosis,cellchat,MEP,Pro-Monocyte,LGALS9,P4HB,0.0841592283472755,0,53,55
PT21A,GSE239721,Diagnosis,cellchat,Monocyte,Pro-Monocyte,LGALS9,P4HB,0.0578875550375493,0.03,30,55
PT21A,GSE239721,Diagnosis,cellchat,pDC,Pro-Monocyte,LGALS9,P4HB,0.0758028102792926,0,200,55
PT21A,GSE239721,Diagnosis,cellchat,Pro-Monocyte,Pro-Monocyte,LGALS9,P4HB,0.0437871629744542,0.2,55,55
PT21A,GSE239721,Diagnosis,cellchat,Monocyte,cDC,PPIA,BSG,0.107182612534486,0.99,30,187
PT21A,GSE239721,Diagnosis,cellchat,Pro-Monocyte,cDC,PPIA,BSG,0.111303520276101,0.97,55,187
PT21A,GSE239721,Diagnosis,cellchat,cDC,Cycling Progenitor,PPIA,BSG,0.166132581673827,0,187,92
PT21A,GSE239721,Diagnosis,cellchat,Cycling Progenitor,Cycling Progenitor,PPIA,BSG,0.166600931834767,0,92,92
PT21A,GSE239721,Diagnosis,cellchat,Early GMP,Cycling Progenitor,PPIA,BSG,0.15295474707166,0,850,92
PT21A,GSE239721,Diagnosis,cellchat,HSC MPP,Cycling Progenitor,PPIA,BSG,0.136551711832652,0,390,92
PT21A,GSE239721,Diagnosis,cellchat,Late GMP,Cycling Progenitor,PPIA,BSG,0.158107800995168,0,281,92
PT21A,GSE239721,Diagnosis,cellchat,LMPP,Cycling Progenitor,PPIA,BSG,0.142922186707944,0,675,92
PT21A,GSE239721,Diagnosis,cellchat,MEP,Cycling Progenitor,PPIA,BSG,0.138161730719148,0,53,92
PT21A,GSE239721,Diagnosis,cellchat,Monocyte,Cycling Progenitor,PPIA,BSG,0.170888096810034,0,30,92
PT21A,GSE239721,Diagnosis,cellchat,pDC,Cycling Progenitor,PPIA,BSG,0.164443390267398,0,200,92
PT21A,GSE239721,Diagnosis,cellchat,Pro-Monocyte,Cycling Progenitor,PPIA,BSG,0.176972823591639,0,55,92
PT21A,GSE239721,Diagnosis,cellchat,cDC,Early GMP,PPIA,BSG,0.140883947463649,0,187,850
PT21A,GSE239721,Diagnosis,cellchat,Cycling Progenitor,Early GMP,PPIA,BSG,0.141293179169147,0,92,850
PT21A,GSE239721,Diagnosis,cellchat,Early GMP,Early GMP,PPIA,BSG,0.129398081148038,0,850,850
PT21A,GSE239721,Diagnosis,cellchat,Late GMP,Early GMP,PPIA,BSG,0.133882949157413,0,281,850
PT21A,GSE239721,Diagnosis,cellchat,LMPP,Early GMP,PPIA,BSG,0.12069048705199,0.4,675,850
PT21A,GSE239721,Diagnosis,cellchat,MEP,Early GMP,PPIA,BSG,0.116569811670001,0.87,53,850
PT21A,GSE239721,Diagnosis,cellchat,Monocyte,Early GMP,PPIA,BSG,0.145042437584295,0,30,850
PT21A,GSE239721,Diagnosis,cellchat,pDC,Early GMP,PPIA,BSG,0.139408557906941,0,200,850
PT21A,GSE239721,Diagnosis,cellchat,Pro-Monocyte,Early GMP,PPIA,BSG,0.150373798456134,0,55,850
PT21A,GSE239721,Diagnosis,cellchat,Pro-Monocyte,HSC MPP,PPIA,BSG,0.113111432177239,0.99,55,390
PT21A,GSE239721,Diagnosis,cellchat,cDC,Late GMP,PPIA,BSG,0.109132618523091,0.99,187,281
PT21A,GSE239721,Diagnosis,cellchat,Cycling Progenitor,Late GMP,PPIA,BSG,0.109461371873313,0.99,92,281
PT21A,GSE239721,Diagnosis,cellchat,Monocyte,Late GMP,PPIA,BSG,0.112476600990241,0.97,30,281
PT21A,GSE239721,Diagnosis,cellchat,Pro-Monocyte,Late GMP,PPIA,BSG,0.116774427809627,0.83,55,281
PT21A,GSE239721,Diagnosis,cellchat,cDC,LMPP,PPIA,BSG,0.136171962095076,0,187,675
PT21A,GSE239721,Diagnosis,cellchat,Cycling Progenitor,LMPP,PPIA,BSG,0.136569682468438,0,92,675
PT21A,GSE239721,Diagnosis,cellchat,Early GMP,LMPP,PPIA,BSG,0.125014350194438,0.01,850,675
PT21A,GSE239721,Diagnosis,cellchat,Late GMP,LMPP,PPIA,BSG,0.129369858117207,0,281,675
PT21A,GSE239721,Diagnosis,cellchat,LMPP,LMPP,PPIA,BSG,0.116562254862193,0.89,675,675
PT21A,GSE239721,Diagnosis,cellchat,MEP,LMPP,PPIA,BSG,0.112564484232623,0.99,53,675
PT21A,GSE239721,Diagnosis,cellchat,Monocyte,LMPP,PPIA,BSG,0.140214067501518,0,30,675
PT21A,GSE239721,Diagnosis,cellchat,pDC,LMPP,PPIA,BSG,0.134738179161459,0,200,675
PT21A,GSE239721,Diagnosis,cellchat,Pro-Monocyte,LMPP,PPIA,BSG,0.145398133457031,0,55,675
PT21A,GSE239721,Diagnosis,cellchat,cDC,MEP,PPIA,BSG,0.102733402429434,0.93,187,53
PT21A,GSE239721,Diagnosis,cellchat,Cycling Progenitor,MEP,PPIA,BSG,0.10304510840191,0.93,92,53
PT21A,GSE239721,Diagnosis,cellchat,Early GMP,MEP,PPIA,BSG,0.0940174646142254,0.98,850,53
PT21A,GSE239721,Diagnosis,cellchat,Late GMP,MEP,PPIA,BSG,0.0974132694408909,0.96,281,53
PT21A,GSE239721,Diagnosis,cellchat,Monocyte,MEP,PPIA,BSG,0.105904613361428,0.89,30,53
PT21A,GSE239721,Diagnosis,cellchat,pDC,MEP,PPIA,BSG,0.101610286433535,0.92,200,53
PT21A,GSE239721,Diagnosis,cellchat,Pro-Monocyte,MEP,PPIA,BSG,0.109982438028058,0.84,55,53
PT21A,GSE239721,Diagnosis,cellchat,cDC,Monocyte,PPIA,BSG,0.0893303850959778,0.92,187,30
PT21A,GSE239721,Diagnosis,cellchat,Cycling Progenitor,Monocyte,PPIA,BSG,0.0896054857909978,0.91,92,30
PT21A,GSE239721,Diagnosis,cellchat,Early GMP,Monocyte,PPIA,BSG,0.0816480903613427,0.97,850,30
PT21A,GSE239721,Diagnosis,cellchat,Late GMP,Monocyte,PPIA,BSG,0.0846388653628965,0.94,281,30
PT21A,GSE239721,Diagnosis,cellchat,LMPP,Monocyte,PPIA,BSG,0.0758737028050761,0.99,675,30
PT21A,GSE239721,Diagnosis,cellchat,Monocyte,Monocyte,PPIA,BSG,0.0921303482038307,0.89,30,30
PT21A,GSE239721,Diagnosis,cellchat,pDC,Monocyte,PPIA,BSG,0.0883393692995658,0.93,200,30
PT21A,GSE239721,Diagnosis,cellchat,Pro-Monocyte,Monocyte,PPIA,BSG,0.0957345883940372,0.88,55,30
PT21A,GSE239721,Diagnosis,cellchat,cDC,pDC,PPIA,BSG,0.137909254319661,0,187,200
PT21A,GSE239721,Diagnosis,cellchat,Cycling Progenitor,pDC,PPIA,BSG,0.13831123639619,0,92,200
PT21A,GSE239721,Diagnosis,cellchat,Early GMP,pDC,PPIA,BSG,0.126630160061324,0.14,850,200
PT21A,GSE239721,Diagnosis,cellchat,HSC MPP,pDC,PPIA,BSG,0.112674674303752,0.97,390,200
PT21A,GSE239721,Diagnosis,cellchat,Late GMP,pDC,PPIA,BSG,0.131033532453587,0.01,281,200
PT21A,GSE239721,Diagnosis,cellchat,LMPP,pDC,PPIA,BSG,0.118083564350959,0.67,675,200
PT21A,GSE239721,Diagnosis,cellchat,MEP,pDC,PPIA,BSG,0.114040352262418,0.88,53,200
PT21A,GSE239721,Diagnosis,cellchat,Monocyte,pDC,PPIA,BSG,0.141994452316777,0,30,200
PT21A,GSE239721,Diagnosis,cellchat,pDC,pDC,PPIA,BSG,0.136460068735457,0,200,200
PT21A,GSE239721,Diagnosis,cellchat,Pro-Monocyte,pDC,PPIA,BSG,0.147233071388676,0,55,200
PT21A,GSE239721,Diagnosis,cellchat,cDC,Pro-Monocyte,PPIA,BSG,0.104344938245981,0.94,187,55
PT21A,GSE239721,Diagnosis,cellchat,Cycling Progenitor,Pro-Monocyte,PPIA,BSG,0.104660963475685,0.94,92,55
PT21A,GSE239721,Diagnosis,cellchat,Early GMP,Pro-Monocyte,PPIA,BSG,0.0955068302624519,0.99,850,55
PT21A,GSE239721,Diagnosis,cellchat,Late GMP,Pro-Monocyte,PPIA,BSG,0.0989505539447917,0.97,281,55
PT21A,GSE239721,Diagnosis,cellchat,Monocyte,Pro-Monocyte,PPIA,BSG,0.107559931392418,0.91,30,55
PT21A,GSE239721,Diagnosis,cellchat,pDC,Pro-Monocyte,PPIA,BSG,0.103206230856942,0.95,200,55
PT21A,GSE239721,Diagnosis,cellchat,Pro-Monocyte,Pro-Monocyte,PPIA,BSG,0.111693531258622,0.87,55,55
PT21A,GSE239721,Diagnosis,cellchat,Pro-Monocyte,cDC,PLAU,PLAUR,0.0056854458552474,0,55,187
PT21A,GSE239721,Diagnosis,cellchat,Pro-Monocyte,Cycling Progenitor,PLAU,PLAUR,0.0019791052093778,0,55,92
PT21A,GSE239721,Diagnosis,cellchat,Pro-Monocyte,Early GMP,PLAU,PLAUR,0.00081659342822724,0,55,850
PT21A,GSE239721,Diagnosis,cellchat,Pro-Monocyte,HSC MPP,PLAU,PLAUR,0.000933524878410542,0,55,390
PT21A,GSE239721,Diagnosis,cellchat,Pro-Monocyte,Late GMP,PLAU,PLAUR,0.00107340996431037,0,55,281
PT21A,GSE239721,Diagnosis,cellchat,Pro-Monocyte,LMPP,PLAU,PLAUR,0.000881638743641358,0,55,675
PT21A,GSE239721,Diagnosis,cellchat,Pro-Monocyte,Monocyte,PLAU,PLAUR,0.00612994631320675,0,55,30
PT21A,GSE239721,Diagnosis,cellchat,Pro-Monocyte,pDC,PLAU,PLAUR,0.00188845823694727,0,55,200
PT21A,GSE239721,Diagnosis,cellchat,Pro-Monocyte,Pro-Monocyte,PLAU,PLAUR,0.00389153684478735,0,55,55
PT21A,GSE239721,Diagnosis,cellchat,cDC,cDC,COL9A2,CD44,0.0179745683588494,0,187,187
PT21A,GSE239721,Diagnosis,cellchat,cDC,Cycling Progenitor,COL9A2,CD44,0.0143532204885126,0,187,92
PT21A,GSE239721,Diagnosis,cellchat,cDC,Early GMP,COL9A2,CD44,0.0163222713477037,0,187,850
PT21A,GSE239721,Diagnosis,cellchat,cDC,HSC MPP,COL9A2,CD44,0.0192992107254287,0,187,390
PT21A,GSE239721,Diagnosis,cellchat,cDC,Late GMP,COL9A2,CD44,0.0138571633991919,0,187,281
PT21A,GSE239721,Diagnosis,cellchat,cDC,LMPP,COL9A2,CD44,0.0186330534587568,0,187,675
PT21A,GSE239721,Diagnosis,cellchat,cDC,MEP,COL9A2,CD44,0.0155530959636325,0,187,53
PT21A,GSE239721,Diagnosis,cellchat,cDC,Monocyte,COL9A2,CD44,0.0190990062098348,0,187,30
PT21A,GSE239721,Diagnosis,cellchat,cDC,pDC,COL9A2,CD44,0.0199530497242705,0,187,200
PT21A,GSE239721,Diagnosis,cellchat,cDC,Pro-Monocyte,COL9A2,CD44,0.0191226238042558,0,187,55
PT21A,GSE239721,Diagnosis,cellchat,Cycling Progenitor,cDC,APP,CD74,0.179573895994154,0,92,187
PT21A,GSE239721,Diagnosis,cellchat,Early GMP,cDC,APP,CD74,0.130547194348156,0,850,187
PT21A,GSE239721,Diagnosis,cellchat,HSC MPP,cDC,APP,CD74,0.118178612827473,0,390,187
PT21A,GSE239721,Diagnosis,cellchat,LMPP,cDC,APP,CD74,0.140257021672533,0,675,187
PT21A,GSE239721,Diagnosis,cellchat,Monocyte,cDC,APP,CD74,0.0512637054329513,0.91,30,187
PT21A,GSE239721,Diagnosis,cellchat,pDC,cDC,APP,CD74,0.16656804325294,0,200,187
PT21A,GSE239721,Diagnosis,cellchat,Pro-Monocyte,cDC,APP,CD74,0.0905790402355461,0.04,55,187
PT21A,GSE239721,Diagnosis,cellchat,Cycling Progenitor,Cycling Progenitor,APP,CD74,0.104381250527221,0,92,92
PT21A,GSE239721,Diagnosis,cellchat,Early GMP,Cycling Progenitor,APP,CD74,0.0740309912833742,0.63,850,92
PT21A,GSE239721,Diagnosis,cellchat,LMPP,Cycling Progenitor,APP,CD74,0.0799236698159878,0.16,675,92
PT21A,GSE239721,Diagnosis,cellchat,Monocyte,Cycling Progenitor,APP,CD74,0.0279666989204083,0.98,30,92
PT21A,GSE239721,Diagnosis,cellchat,pDC,Cycling Progenitor,APP,CD74,0.0961828610451928,0,200,92
PT21A,GSE239721,Diagnosis,cellchat,Pro-Monocyte,Cycling Progenitor,APP,CD74,0.0503634817318067,0.95,55,92
PT21A,GSE239721,Diagnosis,cellchat,Cycling Progenitor,Early GMP,APP,CD74,0.100202310329683,0,92,850
PT21A,GSE239721,Diagnosis,cellchat,Early GMP,Early GMP,APP,CD74,0.0709708484816625,0.96,850,850
PT21A,GSE239721,Diagnosis,cellchat,LMPP,Early GMP,APP,CD74,0.0766401078983589,0.32,675,850
PT21A,GSE239721,Diagnosis,cellchat,Monocyte,Early GMP,APP,CD74,0.0267556494464892,0.98,30,850
PT21A,GSE239721,Diagnosis,cellchat,pDC,Early GMP,APP,CD74,0.0922983208721024,0,200,850
PT21A,GSE239721,Diagnosis,cellchat,Pro-Monocyte,Early GMP,APP,CD74,0.0482307009197077,0.95,55,850
PT21A,GSE239721,Diagnosis,cellchat,Cycling Progenitor,HSC MPP,APP,CD74,0.0842284642321815,0.07,92,390
PT21A,GSE239721,Diagnosis,cellchat,pDC,HSC MPP,APP,CD74,0.0774760040477351,0.34,200,390
PT21A,GSE239721,Diagnosis,cellchat,Pro-Monocyte,HSC MPP,APP,CD74,0.0401720641771946,0.95,55,390
PT21A,GSE239721,Diagnosis,cellchat,Cycling Progenitor,LMPP,APP,CD74,0.113572530917665,0,92,675
PT21A,GSE239721,Diagnosis,cellchat,Early GMP,LMPP,APP,CD74,0.0807908592392317,0,850,675
PT21A,GSE239721,Diagnosis,cellchat,HSC MPP,LMPP,APP,CD74,0.0727419960921623,0.8,390,675
PT21A,GSE239721,Diagnosis,cellchat,LMPP,LMPP,APP,CD74,0.0871709521783259,0,675,675
PT21A,GSE239721,Diagnosis,cellchat,Monocyte,LMPP,APP,CD74,0.0306596459667092,0.96,30,675
PT21A,GSE239721,Diagnosis,cellchat,pDC,LMPP,APP,CD74,0.104736655464146,0,200,675
PT21A,GSE239721,Diagnosis,cellchat,Pro-Monocyte,LMPP,APP,CD74,0.0550908140256385,0.95,55,675
PT21A,GSE239721,Diagnosis,cellchat,Cycling Progenitor,Monocyte,APP,CD74,0.14696502543006,0,92,30
PT21A,GSE239721,Diagnosis,cellchat,Early GMP,Monocyte,APP,CD74,0.10569416567956,0,850,30
PT21A,GSE239721,Diagnosis,cellchat,HSC MPP,Monocyte,APP,CD74,0.0954218386052837,0,390,30
PT21A,GSE239721,Diagnosis,cellchat,LMPP,Monocyte,APP,CD74,0.113797417818256,0,675,30
PT21A,GSE239721,Diagnosis,cellchat,Monocyte,Monocyte,APP,CD74,0.0407961170422364,0.95,30,30
PT21A,GSE239721,Diagnosis,cellchat,pDC,Monocyte,APP,CD74,0.135929612350749,0,200,30
PT21A,GSE239721,Diagnosis,cellchat,Pro-Monocyte,Monocyte,APP,CD74,0.0726987621773171,0.56,55,30
PT21A,GSE239721,Diagnosis,cellchat,Cycling Progenitor,pDC,APP,CD74,0.169245258765855,0,92,200
PT21A,GSE239721,Diagnosis,cellchat,Early GMP,pDC,APP,CD74,0.122617001520517,0,850,200
PT21A,GSE239721,Diagnosis,cellchat,HSC MPP,pDC,APP,CD74,0.1109039214569,0,390,200
PT21A,GSE239721,Diagnosis,cellchat,LMPP,pDC,APP,CD74,0.131826427881423,0,675,200
PT21A,GSE239721,Diagnosis,cellchat,Monocyte,pDC,APP,CD74,0.0478844060960674,0.94,30,200
PT21A,GSE239721,Diagnosis,cellchat,pDC,pDC,APP,CD74,0.156844459201772,0,200,200
PT21A,GSE239721,Diagnosis,cellchat,Pro-Monocyte,pDC,APP,CD74,0.0848398342363209,0.12,55,200
PT21A,GSE239721,Diagnosis,cellchat,Cycling Progenitor,Pro-Monocyte,APP,CD74,0.119543327495301,0,92,55
PT21A,GSE239721,Diagnosis,cellchat,Early GMP,Pro-Monocyte,APP,CD74,0.0852038957003794,0.01,850,55
PT21A,GSE239721,Diagnosis,cellchat,HSC MPP,Pro-Monocyte,APP,CD74,0.0767520898767489,0.47,390,55
PT21A,GSE239721,Diagnosis,cellchat,LMPP,Pro-Monocyte,APP,CD74,0.0918976471077738,0,675,55
PT21A,GSE239721,Diagnosis,cellchat,Monocyte,Pro-Monocyte,APP,CD74,0.0324309783933122,0.96,30,55
PT21A,GSE239721,Diagnosis,cellchat,pDC,Pro-Monocyte,APP,CD74,0.110300729730103,0,200,55
PT21A,GSE239721,Diagnosis,cellchat,Pro-Monocyte,Pro-Monocyte,APP,CD74,0.058188903631773,0.92,55,55
PT21A,GSE239721,Diagnosis,cellchat,Cycling Progenitor,Cycling Progenitor,CD99,CD99,0.21816818650347,0.59,92,92
PT21A,GSE239721,Diagnosis,cellchat,Early GMP,Cycling Progenitor,CD99,CD99,0.215766391853909,0.83,850,92
PT21A,GSE239721,Diagnosis,cellchat,HSC MPP,Cycling Progenitor,CD99,CD99,0.249787929769131,0,390,92
PT21A,GSE239721,Diagnosis,cellchat,LMPP,Cycling Progenitor,CD99,CD99,0.252100075498472,0,675,92
PT21A,GSE239721,Diagnosis,cellchat,Cycling Progenitor,Early GMP,CD99,CD99,0.215766391853909,0.83,92,850
PT21A,GSE239721,Diagnosis,cellchat,Early GMP,Early GMP,CD99,CD99,0.213383821822507,0.99,850,850
PT21A,GSE239721,Diagnosis,cellchat,HSC MPP,Early GMP,CD99,CD99,0.247148075120082,0,390,850
PT21A,GSE239721,Diagnosis,cellchat,LMPP,Early GMP,CD99,CD99,0.249443910005562,0,675,850
PT21A,GSE239721,Diagnosis,cellchat,Cycling Progenitor,HSC MPP,CD99,CD99,0.249787929769131,0,92,390
PT21A,GSE239721,Diagnosis,cellchat,Early GMP,HSC MPP,CD99,CD99,0.247148075120082,0,850,390
PT21A,GSE239721,Diagnosis,cellchat,HSC MPP,HSC MPP,CD99,CD99,0.284323837185879,0,390,390
PT21A,GSE239721,Diagnosis,cellchat,LMPP,HSC MPP,CD99,CD99,0.28683343720926,0,675,390
PT21A,GSE239721,Diagnosis,cellchat,Monocyte,HSC MPP,CD99,CD99,0.212679903959335,0.75,30,390
PT21A,GSE239721,Diagnosis,cellchat,Cycling Progenitor,LMPP,CD99,CD99,0.252100075498472,0,92,675
PT21A,GSE239721,Diagnosis,cellchat,Early GMP,LMPP,CD99,CD99,0.249443910005562,0,850,675
PT21A,GSE239721,Diagnosis,cellchat,HSC MPP,LMPP,CD99,CD99,0.28683343720926,0,390,675
PT21A,GSE239721,Diagnosis,cellchat,LMPP,LMPP,CD99,CD99,0.289356232397841,0,675,675
PT21A,GSE239721,Diagnosis,cellchat,Monocyte,LMPP,CD99,CD99,0.214746884504089,0.72,30,675
PT21A,GSE239721,Diagnosis,cellchat,HSC MPP,Monocyte,CD99,CD99,0.212679903959335,0.75,390,30
PT21A,GSE239721,Diagnosis,cellchat,LMPP,Monocyte,CD99,CD99,0.214746884504089,0.72,675,30
PT21A,GSE239721,Diagnosis,cellchat,cDC,cDC,ICAM1,ITGAX_ITGB2,0.0192261966042785,0,187,187
PT21A,GSE239721,Diagnosis,cellchat,LMPP,cDC,ICAM1,ITGAX_ITGB2,0.00479294168442611,0,675,187
PT21A,GSE239721,Diagnosis,cellchat,Monocyte,cDC,ICAM1,ITGAX_ITGB2,0.00869209434846647,0,30,187
PT21A,GSE239721,Diagnosis,cellchat,pDC,cDC,ICAM1,ITGAX_ITGB2,0.00694340615685074,0,200,187
PT21A,GSE239721,Diagnosis,cellchat,Pro-Monocyte,cDC,ICAM1,ITGAX_ITGB2,0.00417925630750798,0,55,187
PT21A,GSE239721,Diagnosis,cellchat,cDC,Monocyte,ICAM1,ITGAX_ITGB2,0.0140039595158105,0,187,30
PT21A,GSE239721,Diagnosis,cellchat,LMPP,Monocyte,ICAM1,ITGAX_ITGB2,0.00347717941520022,0,675,30
PT21A,GSE239721,Diagnosis,cellchat,Monocyte,Monocyte,ICAM1,ITGAX_ITGB2,0.00631272317492941,0,30,30
PT21A,GSE239721,Diagnosis,cellchat,pDC,Monocyte,ICAM1,ITGAX_ITGB2,0.00504028647225296,0,200,30
PT21A,GSE239721,Diagnosis,cellchat,Pro-Monocyte,Monocyte,ICAM1,ITGAX_ITGB2,0.00303145028339374,0,55,30
PT21A,GSE239721,Diagnosis,cellchat,cDC,cDC,ICAM1,ITGAL_ITGB2,0.0240842052318295,0,187,187
PT21A,GSE239721,Diagnosis,cellchat,LMPP,cDC,ICAM1,ITGAL_ITGB2,0.00602641439095191,0,675,187
PT21A,GSE239721,Diagnosis,cellchat,Monocyte,cDC,ICAM1,ITGAL_ITGB2,0.0109180129570865,0,30,187
PT21A,GSE239721,Diagnosis,cellchat,pDC,cDC,ICAM1,ITGAL_ITGB2,0.00872545285721629,0,200,187
PT21A,GSE239721,Diagnosis,cellchat,Pro-Monocyte,cDC,ICAM1,ITGAL_ITGB2,0.00525562994436552,0,55,187
PT21A,GSE239721,Diagnosis,cellchat,cDC,Cycling Progenitor,ICAM1,ITGAL_ITGB2,0.00601387568556368,0,187,92
PT21A,GSE239721,Diagnosis,cellchat,LMPP,Cycling Progenitor,ICAM1,ITGAL_ITGB2,0.00148420277892684,0,675,92
PT21A,GSE239721,Diagnosis,cellchat,Monocyte,Cycling Progenitor,ICAM1,ITGAL_ITGB2,0.00269893080024751,0,30,92
PT21A,GSE239721,Diagnosis,cellchat,pDC,Cycling Progenitor,ICAM1,ITGAL_ITGB2,0.00215333690148806,0,200,92
PT21A,GSE239721,Diagnosis,cellchat,Pro-Monocyte,Cycling Progenitor,ICAM1,ITGAL_ITGB2,0.00129361566753753,0.02,55,92
PT21A,GSE239721,Diagnosis,cellchat,cDC,Monocyte,ICAM1,ITGAL_ITGB2,0.0245628476878494,0,187,30
PT21A,GSE239721,Diagnosis,cellchat,LMPP,Monocyte,ICAM1,ITGAL_ITGB2,0.00614844256706393,0,675,30
PT21A,GSE239721,Diagnosis,cellchat,Monocyte,Monocyte,ICAM1,ITGAL_ITGB2,0.0111379806541579,0,30,30
PT21A,GSE239721,Diagnosis,cellchat,pDC,Monocyte,ICAM1,ITGAL_ITGB2,0.00890164410779501,0,200,30
PT21A,GSE239721,Diagnosis,cellchat,Pro-Monocyte,Monocyte,ICAM1,ITGAL_ITGB2,0.00536213479139376,0,55,30
PT21A,GSE239721,Diagnosis,cellchat,cDC,pDC,ICAM1,ITGAL_ITGB2,0.0102098513095215,0,187,200
PT21A,GSE239721,Diagnosis,cellchat,LMPP,pDC,ICAM1,ITGAL_ITGB2,0.00252779162261521,0,675,200
PT21A,GSE239721,Diagnosis,cellchat,Monocyte,pDC,ICAM1,ITGAL_ITGB2,0.00459270393933622,0,30,200
PT21A,GSE239721,Diagnosis,cellchat,pDC,pDC,ICAM1,ITGAL_ITGB2,0.00366568739786077,0,200,200
PT21A,GSE239721,Diagnosis,cellchat,Pro-Monocyte,pDC,ICAM1,ITGAL_ITGB2,0.00220349254690061,0,55,200
PT21A,GSE239721,Diagnosis,cellchat,cDC,Pro-Monocyte,ICAM1,ITGAL_ITGB2,0.0105530782238354,0,187,55
PT21A,GSE239721,Diagnosis,cellchat,LMPP,Pro-Monocyte,ICAM1,ITGAL_ITGB2,0.00261345085812377,0,675,55
PT21A,GSE239721,Diagnosis,cellchat,Monocyte,Pro-Monocyte,ICAM1,ITGAL_ITGB2,0.00474800374938402,0,30,55
PT21A,GSE239721,Diagnosis,cellchat,pDC,Pro-Monocyte,ICAM1,ITGAL_ITGB2,0.0037897599869258,0,200,55
PT21A,GSE239721,Diagnosis,cellchat,Pro-Monocyte,Pro-Monocyte,ICAM1,ITGAL_ITGB2,0.00227818736428754,0.02,55,55
PT21A,GSE239721,Diagnosis,cellchat,cDC,cDC,ICAM1,ITGAL,0.0118387105592342,0,187,187
PT21A,GSE239721,Diagnosis,cellchat,LMPP,cDC,ICAM1,ITGAL,0.00293470425723892,0,675,187
PT21A,GSE239721,Diagnosis,cellchat,Monocyte,cDC,ICAM1,ITGAL,0.00533024069586141,0,30,187
PT21A,GSE239721,Diagnosis,cellchat,pDC,cDC,ICAM1,ITGAL,0.00425499204880807,0,200,187
PT21A,GSE239721,Diagnosis,cellchat,Pro-Monocyte,cDC,ICAM1,ITGAL,0.00255833485533452,0,55,187
PT21A,GSE239721,Diagnosis,cellchat,cDC,Cycling Progenitor,ICAM1,ITGAL,0.00206043547017055,0,187,92
PT21A,GSE239721,Diagnosis,cellchat,LMPP,Cycling Progenitor,ICAM1,ITGAL,0.000506989206729239,0.04,675,92
PT21A,GSE239721,Diagnosis,cellchat,Monocyte,Cycling Progenitor,ICAM1,ITGAL,0.000922667498088375,0.03,30,92
PT21A,GSE239721,Diagnosis,cellchat,pDC,Cycling Progenitor,ICAM1,ITGAL,0.000735883588767933,0.04,200,92
PT21A,GSE239721,Diagnosis,cellchat,Pro-Monocyte,Cycling Progenitor,ICAM1,ITGAL,0.000441830981309741,0.02,55,92
PT21A,GSE239721,Diagnosis,cellchat,cDC,Monocyte,ICAM1,ITGAL,0.0136488495382039,0,187,30
PT21A,GSE239721,Diagnosis,cellchat,LMPP,Monocyte,ICAM1,ITGAL,0.00338808845361889,0,675,30
PT21A,GSE239721,Diagnosis,cellchat,Monocyte,Monocyte,ICAM1,ITGAL,0.00615142946346944,0,30,30
PT21A,GSE239721,Diagnosis,cellchat,pDC,Monocyte,ICAM1,ITGAL,0.00491134356162261,0,200,30
PT21A,GSE239721,Diagnosis,cellchat,Pro-Monocyte,Monocyte,ICAM1,ITGAL,0.00295374577284562,0,55,30
PT21A,GSE239721,Diagnosis,cellchat,cDC,pDC,ICAM1,ITGAL,0.004359528482389,0,187,200
PT21A,GSE239721,Diagnosis,cellchat,LMPP,pDC,ICAM1,ITGAL,0.00107456879101142,0,675,200
PT21A,GSE239721,Diagnosis,cellchat,Monocyte,pDC,ICAM1,ITGAL,0.00195469307651348,0,30,200
PT21A,GSE239721,Diagnosis,cellchat,pDC,pDC,ICAM1,ITGAL,0.00155931299068348,0,200,200
PT21A,GSE239721,Diagnosis,cellchat,Pro-Monocyte,pDC,ICAM1,ITGAL,0.0009365336185037,0,55,200
PT21A,GSE239721,Diagnosis,cellchat,cDC,Pro-Monocyte,ICAM1,ITGAL,0.00315476920541481,0,187,55
PT21A,GSE239721,Diagnosis,cellchat,LMPP,Pro-Monocyte,ICAM1,ITGAL,0.000776902461784587,0,675,55
PT21A,GSE239721,Diagnosis,cellchat,Monocyte,Pro-Monocyte,ICAM1,ITGAL,0.00141356849900141,0,30,55
PT21A,GSE239721,Diagnosis,cellchat,pDC,Pro-Monocyte,ICAM1,ITGAL,0.00112751922290592,0,200,55
PT21A,GSE239721,Diagnosis,cellchat,Pro-Monocyte,Pro-Monocyte,ICAM1,ITGAL,0.000677078498678668,0.02,55,55
PT21A,GSE239721,Diagnosis,cellchat,cDC,cDC,ICAM1,SPN,0.0143559421969459,0,187,187
PT21A,GSE239721,Diagnosis,cellchat,LMPP,cDC,ICAM1,SPN,0.00356553340826958,0.25,675,187
PT21A,GSE239721,Diagnosis,cellchat,Monocyte,cDC,ICAM1,SPN,0.00647265942472878,0.19,30,187
PT21A,GSE239721,Diagnosis,cellchat,pDC,cDC,ICAM1,SPN,0.00516815251989625,0.26,200,187
PT21A,GSE239721,Diagnosis,cellchat,Pro-Monocyte,cDC,ICAM1,SPN,0.00310851377417788,0.3,55,187
PT21A,GSE239721,Diagnosis,cellchat,cDC,Cycling Progenitor,ICAM1,SPN,0.0270080456500326,0,187,92
PT21A,GSE239721,Diagnosis,cellchat,LMPP,Cycling Progenitor,ICAM1,SPN,0.00677324051323774,0,675,92
PT21A,GSE239721,Diagnosis,cellchat,Monocyte,Cycling Progenitor,ICAM1,SPN,0.012263553478935,0,30,92
PT21A,GSE239721,Diagnosis,cellchat,pDC,Cycling Progenitor,ICAM1,SPN,0.00980345960152109,0,200,92
PT21A,GSE239721,Diagnosis,cellchat,Pro-Monocyte,Cycling Progenitor,ICAM1,SPN,0.0059075039612423,0.17,55,92
PT21A,GSE239721,Diagnosis,cellchat,cDC,Early GMP,ICAM1,SPN,0.0263006316792291,0,187,850
PT21A,GSE239721,Diagnosis,cellchat,LMPP,Early GMP,ICAM1,SPN,0.00659224007318216,0,675,850
PT21A,GSE239721,Diagnosis,cellchat,Monocyte,Early GMP,ICAM1,SPN,0.0119375994994549,0,30,850
PT21A,GSE239721,Diagnosis,cellchat,pDC,Early GMP,ICAM1,SPN,0.0095422609692496,0,200,850
PT21A,GSE239721,Diagnosis,cellchat,Pro-Monocyte,Early GMP,ICAM1,SPN,0.00574950456666989,0.21,55,850
PT21A,GSE239721,Diagnosis,cellchat,cDC,HSC MPP,ICAM1,SPN,0.0263186154298999,0,187,390
PT21A,GSE239721,Diagnosis,cellchat,LMPP,HSC MPP,ICAM1,SPN,0.00659683899237808,0,675,390
PT21A,GSE239721,Diagnosis,cellchat,Monocyte,HSC MPP,ICAM1,SPN,0.0119458826387189,0,30,390
PT21A,GSE239721,Diagnosis,cellchat,pDC,HSC MPP,ICAM1,SPN,0.00954889811807202,0,200,390
PT21A,GSE239721,Diagnosis,cellchat,Pro-Monocyte,HSC MPP,ICAM1,SPN,0.0057535189765449,0.2,55,390
PT21A,GSE239721,Diagnosis,cellchat,cDC,Late GMP,ICAM1,SPN,0.019120699738196,0,187,281
PT21A,GSE239721,Diagnosis,cellchat,LMPP,Late GMP,ICAM1,SPN,0.00476625725955122,0.18,675,281
PT21A,GSE239721,Diagnosis,cellchat,Monocyte,Late GMP,ICAM1,SPN,0.00864389016516971,0.04,30,281
PT21A,GSE239721,Diagnosis,cellchat,pDC,Late GMP,ICAM1,SPN,0.00690483221256937,0.01,200,281
PT21A,GSE239721,Diagnosis,cellchat,Pro-Monocyte,Late GMP,ICAM1,SPN,0.00415597427245309,0.27,55,281
PT21A,GSE239721,Diagnosis,cellchat,cDC,LMPP,ICAM1,SPN,0.0257127001522476,0,187,675
PT21A,GSE239721,Diagnosis,cellchat,LMPP,LMPP,ICAM1,SPN,0.00644196055803614,0,675,675
PT21A,GSE239721,Diagnosis,cellchat,Monocyte,LMPP,ICAM1,SPN,0.0116668959968424,0,30,675
PT21A,GSE239721,Diagnosis,cellchat,pDC,LMPP,ICAM1,SPN,0.00932536281174866,0,200,675
PT21A,GSE239721,Diagnosis,cellchat,Pro-Monocyte,LMPP,ICAM1,SPN,0.00561832775744457,0.22,55,675
PT21A,GSE239721,Diagnosis,cellchat,cDC,MEP,ICAM1,SPN,0.0326975452253438,0,187,53
PT21A,GSE239721,Diagnosis,cellchat,LMPP,MEP,ICAM1,SPN,0.00823616996484778,0,675,53
PT21A,GSE239721,Diagnosis,cellchat,Monocyte,MEP,ICAM1,SPN,0.0148945342768433,0,30,53
PT21A,GSE239721,Diagnosis,cellchat,pDC,MEP,ICAM1,SPN,0.0119130257994587,0,200,53
PT21A,GSE239721,Diagnosis,cellchat,Pro-Monocyte,MEP,ICAM1,SPN,0.00718479851437751,0.06,55,53
PT21A,GSE239721,Diagnosis,cellchat,cDC,Monocyte,ICAM1,SPN,0.00532847155364213,0.19,187,30
PT21A,GSE239721,Diagnosis,cellchat,LMPP,Monocyte,ICAM1,SPN,0.00131436487219663,0.27,675,30
PT21A,GSE239721,Diagnosis,cellchat,Monocyte,Monocyte,ICAM1,SPN,0.00239042385622617,0.41,30,30
PT21A,GSE239721,Diagnosis,cellchat,pDC,Monocyte,ICAM1,SPN,0.00190707595487725,0.41,200,30
PT21A,GSE239721,Diagnosis,cellchat,Pro-Monocyte,Monocyte,ICAM1,SPN,0.00114556169815053,0.41,55,30
PT21A,GSE239721,Diagnosis,cellchat,cDC,pDC,ICAM1,SPN,0.0156820904550053,0,187,200
PT21A,GSE239721,Diagnosis,cellchat,LMPP,pDC,ICAM1,SPN,0.00389884693891049,0.23,675,200
PT21A,GSE239721,Diagnosis,cellchat,Monocyte,pDC,ICAM1,SPN,0.00707580735185038,0.15,30,200
PT21A,GSE239721,Diagnosis,cellchat,pDC,pDC,ICAM1,SPN,0.00565043268618852,0.21,200,200
PT21A,GSE239721,Diagnosis,cellchat,Pro-Monocyte,pDC,ICAM1,SPN,0.00339924989857968,0.28,55,200
PT21A,GSE239721,Diagnosis,cellchat,cDC,Pro-Monocyte,ICAM1,SPN,0.0206515894384987,0,187,55
PT21A,GSE239721,Diagnosis,cellchat,LMPP,Pro-Monocyte,ICAM1,SPN,0.0051539041249019,0.13,675,55
PT21A,GSE239721,Diagnosis,cellchat,Monocyte,Pro-Monocyte,ICAM1,SPN,0.00934394979302921,0.01,30,55
PT21A,GSE239721,Diagnosis,cellchat,pDC,Pro-Monocyte,ICAM1,SPN,0.00746510794180216,0.01,200,55
PT21A,GSE239721,Diagnosis,cellchat,Pro-Monocyte,Pro-Monocyte,ICAM1,SPN,0.00449421004483478,0.27,55,55
PT21A,GSE239721,Diagnosis,cellchat,Cycling Progenitor,cDC,F11R,ITGAL_ITGB2,0.01730920716915,0,92,187
PT21A,GSE239721,Diagnosis,cellchat,Early GMP,cDC,F11R,ITGAL_ITGB2,0.00740307844767379,0,850,187
PT21A,GSE239721,Diagnosis,cellchat,HSC MPP,cDC,F11R,ITGAL_ITGB2,0.0101123114496464,0,390,187
PT21A,GSE239721,Diagnosis,cellchat,LMPP,cDC,F11R,ITGAL_ITGB2,0.0209281828327335,0,675,187
PT21A,GSE239721,Diagnosis,cellchat,Cycling Progenitor,Cycling Progenitor,F11R,ITGAL_ITGB2,0.0042997485415472,0,92,92
PT21A,GSE239721,Diagnosis,cellchat,Early GMP,Cycling Progenitor,F11R,ITGAL_ITGB2,0.00182515688009544,0.16,850,92
PT21A,GSE239721,Diagnosis,cellchat,HSC MPP,Cycling Progenitor,F11R,ITGAL_ITGB2,0.00249822955241908,0,390,92
PT21A,GSE239721,Diagnosis,cellchat,LMPP,Cycling Progenitor,F11R,ITGAL_ITGB2,0.0052131612000172,0,675,92
PT21A,GSE239721,Diagnosis,cellchat,Cycling Progenitor,Monocyte,F11R,ITGAL_ITGB2,0.017655641192396,0,92,30
PT21A,GSE239721,Diagnosis,cellchat,Early GMP,Monocyte,F11R,ITGAL_ITGB2,0.00755277072002476,0,850,30
PT21A,GSE239721,Diagnosis,cellchat,HSC MPP,Monocyte,F11R,ITGAL_ITGB2,0.0103162158027433,0,390,30
PT21A,GSE239721,Diagnosis,cellchat,LMPP,Monocyte,F11R,ITGAL_ITGB2,0.0213454752903792,0,675,30
PT21A,GSE239721,Diagnosis,cellchat,Cycling Progenitor,pDC,F11R,ITGAL_ITGB2,0.00730854441476921,0,92,200
PT21A,GSE239721,Diagnosis,cellchat,Early GMP,pDC,F11R,ITGAL_ITGB2,0.00310773494822566,0,850,200
PT21A,GSE239721,Diagnosis,cellchat,HSC MPP,pDC,F11R,ITGAL_ITGB2,0.00425177596448746,0,390,200
PT21A,GSE239721,Diagnosis,cellchat,LMPP,pDC,F11R,ITGAL_ITGB2,0.00885544294978248,0,675,200
PT21A,GSE239721,Diagnosis,cellchat,Cycling Progenitor,Pro-Monocyte,F11R,ITGAL_ITGB2,0.00755498189719415,0,92,55
PT21A,GSE239721,Diagnosis,cellchat,Early GMP,Pro-Monocyte,F11R,ITGAL_ITGB2,0.00321298341094215,0,850,55
PT21A,GSE239721,Diagnosis,cellchat,HSC MPP,Pro-Monocyte,F11R,ITGAL_ITGB2,0.00439559838625379,0,390,55
PT21A,GSE239721,Diagnosis,cellchat,LMPP,Pro-Monocyte,F11R,ITGAL_ITGB2,0.00915355948147203,0,675,55
PT21A,GSE239721,Diagnosis,cellchat,Cycling Progenitor,Cycling Progenitor,F11R,F11R,0.00642217411142703,0,92,92
PT21A,GSE239721,Diagnosis,cellchat,Early GMP,Cycling Progenitor,F11R,F11R,0.00272943229286813,0,850,92
PT21A,GSE239721,Diagnosis,cellchat,HSC MPP,Cycling Progenitor,F11R,F11R,0.00373473163583971,0,390,92
PT21A,GSE239721,Diagnosis,cellchat,LMPP,Cycling Progenitor,F11R,F11R,0.00778293777469392,0,675,92
PT21A,GSE239721,Diagnosis,cellchat,Cycling Progenitor,Early GMP,F11R,F11R,0.00272943229286813,0,92,850
PT21A,GSE239721,Diagnosis,cellchat,Early GMP,Early GMP,F11R,F11R,0.00115753853667276,0.95,850,850
PT21A,GSE239721,Diagnosis,cellchat,HSC MPP,Early GMP,F11R,F11R,0.00158480098525436,0,390,850
PT21A,GSE239721,Diagnosis,cellchat,LMPP,Early GMP,F11R,F11R,0.00331036550299713,0,675,850
PT21A,GSE239721,Diagnosis,cellchat,Cycling Progenitor,HSC MPP,F11R,F11R,0.00373473163583971,0,92,390
PT21A,GSE239721,Diagnosis,cellchat,Early GMP,HSC MPP,F11R,F11R,0.00158480098525436,0,850,390
PT21A,GSE239721,Diagnosis,cellchat,HSC MPP,HSC MPP,F11R,F11R,0.00216942899794705,0,390,390
PT21A,GSE239721,Diagnosis,cellchat,LMPP,HSC MPP,F11R,F11R,0.00452866142618799,0,675,390
PT21A,GSE239721,Diagnosis,cellchat,Cycling Progenitor,LMPP,F11R,F11R,0.00778293777469392,0,92,675
PT21A,GSE239721,Diagnosis,cellchat,Early GMP,LMPP,F11R,F11R,0.00331036550299713,0,850,675
PT21A,GSE239721,Diagnosis,cellchat,HSC MPP,LMPP,F11R,F11R,0.00452866142618799,0,390,675
PT21A,GSE239721,Diagnosis,cellchat,LMPP,LMPP,F11R,F11R,0.00942929084295456,0,675,675
PT21A,GSE239721,Diagnosis,cellchat,Cycling Progenitor,Cycling Progenitor,MPZL1,MPZL1,0.000343748662147225,0,92,92
PT21A,GSE239721,Diagnosis,cellchat,Cycling Progenitor,Cycling Progenitor,NEGR1,NEGR1,0.00147148907933492,0.15,92,92
PT21A,GSE239721,Diagnosis,cellchat,Early GMP,Cycling Progenitor,NEGR1,NEGR1,0.00115528701729339,0.56,850,92
PT21A,GSE239721,Diagnosis,cellchat,HSC MPP,Cycling Progenitor,NEGR1,NEGR1,0.00149052145821738,0.05,390,92
PT21A,GSE239721,Diagnosis,cellchat,LMPP,Cycling Progenitor,NEGR1,NEGR1,0.00465123199504792,0,675,92
PT21A,GSE239721,Diagnosis,cellchat,pDC,Cycling Progenitor,NEGR1,NEGR1,0.00118656720430158,0.54,200,92
PT21A,GSE239721,Diagnosis,cellchat,Cycling Progenitor,Early GMP,NEGR1,NEGR1,0.00115528701729339,0.56,92,850
PT21A,GSE239721,Diagnosis,cellchat,HSC MPP,Early GMP,NEGR1,NEGR1,0.00117023440187108,0.75,390,850
PT21A,GSE239721,Diagnosis,cellchat,LMPP,Early GMP,NEGR1,NEGR1,0.00365424899237313,0,675,850
PT21A,GSE239721,Diagnosis,cellchat,Cycling Progenitor,HSC MPP,NEGR1,NEGR1,0.00149052145821738,0.05,92,390
PT21A,GSE239721,Diagnosis,cellchat,Early GMP,HSC MPP,NEGR1,NEGR1,0.00117023440187108,0.75,850,390
PT21A,GSE239721,Diagnosis,cellchat,HSC MPP,HSC MPP,NEGR1,NEGR1,0.0015097996314779,0.02,390,390
PT21A,GSE239721,Diagnosis,cellchat,LMPP,HSC MPP,NEGR1,NEGR1,0.00471119742604988,0,675,390
PT21A,GSE239721,Diagnosis,cellchat,pDC,HSC MPP,NEGR1,NEGR1,0.00120191881255908,0.64,200,390
PT21A,GSE239721,Diagnosis,cellchat,Cycling Progenitor,LMPP,NEGR1,NEGR1,0.00465123199504792,0,92,675
PT21A,GSE239721,Diagnosis,cellchat,Early GMP,LMPP,NEGR1,NEGR1,0.00365424899237313,0,850,675
PT21A,GSE239721,Diagnosis,cellchat,HSC MPP,LMPP,NEGR1,NEGR1,0.00471119742604988,0,390,675
PT21A,GSE239721,Diagnosis,cellchat,LMPP,LMPP,NEGR1,NEGR1,0.0146016089251101,0,675,675
PT21A,GSE239721,Diagnosis,cellchat,pDC,LMPP,NEGR1,NEGR1,0.00375293606436863,0,200,675
PT21A,GSE239721,Diagnosis,cellchat,Cycling Progenitor,pDC,NEGR1,NEGR1,0.00118656720430158,0.54,92,200
PT21A,GSE239721,Diagnosis,cellchat,HSC MPP,pDC,NEGR1,NEGR1,0.00120191881255908,0.64,390,200
PT21A,GSE239721,Diagnosis,cellchat,LMPP,pDC,NEGR1,NEGR1,0.00375293606436863,0,675,200
PT21A,GSE239721,Diagnosis,cellchat,pDC,pDC,NEGR1,NEGR1,0.000956761395848382,0.93,200,200
PT21A,GSE239721,Diagnosis,cellchat,cDC,cDC,PECAM1,PECAM1,0.0011713998908609,0.97,187,187
PT21A,GSE239721,Diagnosis,cellchat,Cycling Progenitor,cDC,PECAM1,PECAM1,0.00326323911394081,0.11,92,187
PT21A,GSE239721,Diagnosis,cellchat,HSC MPP,cDC,PECAM1,PECAM1,0.00163510948488232,0.41,390,187
PT21A,GSE239721,Diagnosis,cellchat,LMPP,cDC,PECAM1,PECAM1,0.00424418442958787,0,675,187
PT21A,GSE239721,Diagnosis,cellchat,Monocyte,cDC,PECAM1,PECAM1,0.00134006288239815,0.82,30,187
PT21A,GSE239721,Diagnosis,cellchat,cDC,Cycling Progenitor,PECAM1,PECAM1,0.00326323911394081,0.11,187,92
PT21A,GSE239721,Diagnosis,cellchat,Cycling Progenitor,Cycling Progenitor,PECAM1,PECAM1,0.00905673012170072,0.04,92,92
PT21A,GSE239721,Diagnosis,cellchat,Early GMP,Cycling Progenitor,PECAM1,PECAM1,0.00340070887519197,0.08,850,92
PT21A,GSE239721,Diagnosis,cellchat,HSC MPP,Cycling Progenitor,PECAM1,PECAM1,0.00455124962165859,0,390,92
PT21A,GSE239721,Diagnosis,cellchat,LMPP,Cycling Progenitor,PECAM1,PECAM1,0.0117586812082535,0,675,92
PT21A,GSE239721,Diagnosis,cellchat,Monocyte,Cycling Progenitor,PECAM1,PECAM1,0.0037319683954703,0.11,30,92
PT21A,GSE239721,Diagnosis,cellchat,pDC,Cycling Progenitor,PECAM1,PECAM1,0.00324371558512862,0.14,200,92
PT21A,GSE239721,Diagnosis,cellchat,Pro-Monocyte,Cycling Progenitor,PECAM1,PECAM1,0.00282617918741221,0.22,55,92
PT21A,GSE239721,Diagnosis,cellchat,Cycling Progenitor,Early GMP,PECAM1,PECAM1,0.00340070887519197,0.08,92,850
PT21A,GSE239721,Diagnosis,cellchat,HSC MPP,Early GMP,PECAM1,PECAM1,0.00170410864876599,0.16,390,850
PT21A,GSE239721,Diagnosis,cellchat,LMPP,Early GMP,PECAM1,PECAM1,0.00442279489360026,0,675,850
PT21A,GSE239721,Diagnosis,cellchat,Monocyte,Early GMP,PECAM1,PECAM1,0.00139662894013746,0.77,30,850
PT21A,GSE239721,Diagnosis,cellchat,cDC,HSC MPP,PECAM1,PECAM1,0.00163510948488232,0.41,187,390
PT21A,GSE239721,Diagnosis,cellchat,Cycling Progenitor,HSC MPP,PECAM1,PECAM1,0.00455124962165859,0,92,390
PT21A,GSE239721,Diagnosis,cellchat,Early GMP,HSC MPP,PECAM1,PECAM1,0.00170410864876599,0.16,850,390
PT21A,GSE239721,Diagnosis,cellchat,HSC MPP,HSC MPP,PECAM1,PECAM1,0.00228196347816628,0,390,390
PT21A,GSE239721,Diagnosis,cellchat,LMPP,HSC MPP,PECAM1,PECAM1,0.00591707858068214,0,675,390
PT21A,GSE239721,Diagnosis,cellchat,Monocyte,HSC MPP,PECAM1,PECAM1,0.0018704142697727,0.39,30,390
PT21A,GSE239721,Diagnosis,cellchat,pDC,HSC MPP,PECAM1,PECAM1,0.00162531095689912,0.46,200,390
PT21A,GSE239721,Diagnosis,cellchat,Pro-Monocyte,HSC MPP,PECAM1,PECAM1,0.00141580235603647,0.85,55,390
PT21A,GSE239721,Diagnosis,cellchat,cDC,LMPP,PECAM1,PECAM1,0.00424418442958787,0,187,675
PT21A,GSE239721,Diagnosis,cellchat,Cycling Progenitor,LMPP,PECAM1,PECAM1,0.0117586812082535,0,92,675
PT21A,GSE239721,Diagnosis,cellchat,Early GMP,LMPP,PECAM1,PECAM1,0.00442279489360026,0,850,675
PT21A,GSE239721,Diagnosis,cellchat,HSC MPP,LMPP,PECAM1,PECAM1,0.00591707858068214,0,390,675
PT21A,GSE239721,Diagnosis,cellchat,LMPP,LMPP,PECAM1,PECAM1,0.0152543135724596,0,675,675
PT21A,GSE239721,Diagnosis,cellchat,Monocyte,LMPP,PECAM1,PECAM1,0.00485312992359707,0.02,30,675
PT21A,GSE239721,Diagnosis,cellchat,pDC,LMPP,PECAM1,PECAM1,0.0042188168751882,0,200,675
PT21A,GSE239721,Diagnosis,cellchat,Pro-Monocyte,LMPP,PECAM1,PECAM1,0.00367622676711384,0.08,55,675
PT21A,GSE239721,Diagnosis,cellchat,cDC,Monocyte,PECAM1,PECAM1,0.00134006288239815,0.82,187,30
PT21A,GSE239721,Diagnosis,cellchat,Cycling Progenitor,Monocyte,PECAM1,PECAM1,0.0037319683954703,0.11,92,30
PT21A,GSE239721,Diagnosis,cellchat,Early GMP,Monocyte,PECAM1,PECAM1,0.00139662894013746,0.77,850,30
PT21A,GSE239721,Diagnosis,cellchat,HSC MPP,Monocyte,PECAM1,PECAM1,0.0018704142697727,0.39,390,30
PT21A,GSE239721,Diagnosis,cellchat,LMPP,Monocyte,PECAM1,PECAM1,0.00485312992359707,0.02,675,30
PT21A,GSE239721,Diagnosis,cellchat,Monocyte,Monocyte,PECAM1,PECAM1,0.00153297339605369,0.57,30,30
PT21A,GSE239721,Diagnosis,cellchat,pDC,Monocyte,PECAM1,PECAM1,0.00133203008642352,0.78,200,30
PT21A,GSE239721,Diagnosis,cellchat,Pro-Monocyte,Monocyte,PECAM1,PECAM1,0.00116028253990324,0.89,55,30
PT21A,GSE239721,Diagnosis,cellchat,Cycling Progenitor,pDC,PECAM1,PECAM1,0.00324371558512862,0.14,92,200
PT21A,GSE239721,Diagnosis,cellchat,HSC MPP,pDC,PECAM1,PECAM1,0.00162531095689912,0.46,390,200
PT21A,GSE239721,Diagnosis,cellchat,LMPP,pDC,PECAM1,PECAM1,0.0042188168751882,0,675,200
PT21A,GSE239721,Diagnosis,cellchat,Monocyte,pDC,PECAM1,PECAM1,0.00133203008642352,0.78,30,200
PT21A,GSE239721,Diagnosis,cellchat,pDC,pDC,PECAM1,PECAM1,0.00115739604507732,0.99,200,200
PT21A,GSE239721,Diagnosis,cellchat,Cycling Progenitor,Pro-Monocyte,PECAM1,PECAM1,0.00282617918741221,0.22,92,55
PT21A,GSE239721,Diagnosis,cellchat,HSC MPP,Pro-Monocyte,PECAM1,PECAM1,0.00141580235603647,0.85,390,55
PT21A,GSE239721,Diagnosis,cellchat,LMPP,Pro-Monocyte,PECAM1,PECAM1,0.00367622676711384,0.08,675,55
PT21A,GSE239721,Diagnosis,cellchat,Monocyte,Pro-Monocyte,PECAM1,PECAM1,0.00116028253990324,0.89,30,55
PT21A,GSE239721,Diagnosis,cellchat,Pro-Monocyte,Pro-Monocyte,PECAM1,PECAM1,0.000878119228412994,0.99,55,55
PT21A,GSE239721,Diagnosis,cellchat,cDC,Cycling Progenitor,SELL,CD34,0.00869867125492919,0.94,187,92
PT21A,GSE239721,Diagnosis,cellchat,Cycling Progenitor,Cycling Progenitor,SELL,CD34,0.043860143264061,0,92,92
PT21A,GSE239721,Diagnosis,cellchat,Early GMP,Cycling Progenitor,SELL,CD34,0.0288167943258018,0,850,92
PT21A,GSE239721,Diagnosis,cellchat,HSC MPP,Cycling Progenitor,SELL,CD34,0.0304620298711032,0,390,92
PT21A,GSE239721,Diagnosis,cellchat,LMPP,Cycling Progenitor,SELL,CD34,0.0463619963836484,0,675,92
PT21A,GSE239721,Diagnosis,cellchat,MEP,Cycling Progenitor,SELL,CD34,0.00963395372847079,0.86,53,92
PT21A,GSE239721,Diagnosis,cellchat,pDC,Cycling Progenitor,SELL,CD34,0.0360589478269704,0,200,92
PT21A,GSE239721,Diagnosis,cellchat,Cycling Progenitor,Early GMP,SELL,CD34,0.0293192375327295,0,92,850
PT21A,GSE239721,Diagnosis,cellchat,Early GMP,Early GMP,SELL,CD34,0.0191632367145066,0.39,850,850
PT21A,GSE239721,Diagnosis,cellchat,HSC MPP,Early GMP,SELL,CD34,0.0202688248940682,0.07,390,850
PT21A,GSE239721,Diagnosis,cellchat,LMPP,Early GMP,SELL,CD34,0.0310185621273586,0,675,850
PT21A,GSE239721,Diagnosis,cellchat,pDC,Early GMP,SELL,CD34,0.0240393384646024,0.01,200,850
PT21A,GSE239721,Diagnosis,cellchat,Cycling Progenitor,HSC MPP,SELL,CD34,0.0352146533589282,0,92,390
PT21A,GSE239721,Diagnosis,cellchat,Early GMP,HSC MPP,SELL,CD34,0.0230650419484941,0.01,850,390
PT21A,GSE239721,Diagnosis,cellchat,HSC MPP,HSC MPP,SELL,CD34,0.0243901400281964,0,390,390
PT21A,GSE239721,Diagnosis,cellchat,LMPP,HSC MPP,SELL,CD34,0.0372425625960503,0,675,390
PT21A,GSE239721,Diagnosis,cellchat,MEP,HSC MPP,SELL,CD34,0.00768076220668073,0.99,53,390
PT21A,GSE239721,Diagnosis,cellchat,pDC,HSC MPP,SELL,CD34,0.0289047035593224,0,200,390
PT21A,GSE239721,Diagnosis,cellchat,cDC,LMPP,SELL,CD34,0.0114212075232117,0.96,187,675
PT21A,GSE239721,Diagnosis,cellchat,Cycling Progenitor,LMPP,SELL,CD34,0.0569553324179617,0,92,675
PT21A,GSE239721,Diagnosis,cellchat,Early GMP,LMPP,SELL,CD34,0.0375971484969835,0,850,675
PT21A,GSE239721,Diagnosis,cellchat,HSC MPP,LMPP,SELL,CD34,0.0397231763502195,0,390,675
PT21A,GSE239721,Diagnosis,cellchat,LMPP,LMPP,SELL,CD34,0.0601571592657814,0,675,675
PT21A,GSE239721,Diagnosis,cellchat,MEP,LMPP,SELL,CD34,0.0126454833525555,0.96,53,675
PT21A,GSE239721,Diagnosis,cellchat,pDC,LMPP,SELL,CD34,0.0469393031046679,0,200,675
PT21A,GSE239721,Diagnosis,cellchat,Pro-Monocyte,cDC,SELPLG,SELL,0.0013364183336725,0.03,55,187
PT21A,GSE239721,Diagnosis,cellchat,Pro-Monocyte,Cycling Progenitor,SELPLG,SELL,0.00694699579125564,0,55,92
PT21A,GSE239721,Diagnosis,cellchat,Pro-Monocyte,Early GMP,SELPLG,SELL,0.00450463624919045,0,55,850
PT21A,GSE239721,Diagnosis,cellchat,Pro-Monocyte,HSC MPP,SELPLG,SELL,0.00476863469910416,0,55,390
PT21A,GSE239721,Diagnosis,cellchat,Pro-Monocyte,Late GMP,SELPLG,SELL,0.000939508706532916,0.03,55,281
PT21A,GSE239721,Diagnosis,cellchat,Pro-Monocyte,LMPP,SELPLG,SELL,0.00735947043176769,0,55,675
PT21A,GSE239721,Diagnosis,cellchat,Pro-Monocyte,MEP,SELPLG,SELL,0.00148129310583505,0.03,55,53
PT21A,GSE239721,Diagnosis,cellchat,Pro-Monocyte,pDC,SELPLG,SELL,0.00567241561586017,0,55,200
PT21A,GSE239721,Diagnosis,cellchat,cDC,cDC,SEMA4A,PLXNB2,0.00412834666228503,0,187,187
PT21A,GSE239721,Diagnosis,cellchat,Monocyte,cDC,SEMA4A,PLXNB2,0.00133158176227752,0,30,187
PT21A,GSE239721,Diagnosis,cellchat,pDC,cDC,SEMA4A,PLXNB2,0.000917579106589387,0,200,187
PT21A,GSE239721,Diagnosis,cellchat,Pro-Monocyte,cDC,SEMA4A,PLXNB2,0.0009007904457822,0,55,187
PT21A,GSE239721,Diagnosis,cellchat,cDC,pDC,SEMA4A,PLXNB2,0.00422723442071055,0,187,200
PT21A,GSE239721,Diagnosis,cellchat,Monocyte,pDC,SEMA4A,PLXNB2,0.00136356934142693,0,30,200
PT21A,GSE239721,Diagnosis,cellchat,pDC,pDC,SEMA4A,PLXNB2,0.000939630771156892,0,200,200
PT21A,GSE239721,Diagnosis,cellchat,Pro-Monocyte,pDC,SEMA4A,PLXNB2,0.000922439010391447,0,55,200
PT21A,GSE239721,Diagnosis,cellchat,cDC,Pro-Monocyte,SEMA4A,PLXNB2,0.0043845386522462,0,187,55
PT21A,GSE239721,Diagnosis,cellchat,Monocyte,Pro-Monocyte,SEMA4A,PLXNB2,0.00141446197684921,0,30,55
PT21A,GSE239721,Diagnosis,cellchat,pDC,Pro-Monocyte,SEMA4A,PLXNB2,0.000974716148462238,0,200,55
PT21A,GSE239721,Diagnosis,cellchat,Pro-Monocyte,Pro-Monocyte,SEMA4A,PLXNB2,0.000956883070153255,0,55,55
PT21A,GSE239721,Diagnosis,cellchat,pDC,Cycling Progenitor,SEMA7A,PLXNC1,0.000154505290227575,0,200,92
PT21A,GSE239721,Diagnosis,cellchat,Cycling Progenitor,cDC,ITGAV_ITGB1,ADGRE2,0.0014692249205454,0.05,92,187
PT21A,GSE239721,Diagnosis,cellchat,LMPP,cDC,ITGAV_ITGB1,ADGRE2,0.00101748424707265,0.04,675,187
PT21A,GSE239721,Diagnosis,cellchat,pDC,cDC,ITGAV_ITGB1,ADGRE2,0.0009643955307652,0.25,200,187
PT21A,GSE239721,Diagnosis,cellchat,Cycling Progenitor,Cycling Progenitor,ITGAV_ITGB1,ADGRE2,0.0013758710280993,0.11,92,92
PT21A,GSE239721,Diagnosis,cellchat,LMPP,Cycling Progenitor,ITGAV_ITGB1,ADGRE2,0.000952806365372855,0.04,675,92
PT21A,GSE239721,Diagnosis,cellchat,pDC,Cycling Progenitor,ITGAV_ITGB1,ADGRE2,0.000903089260623843,0.24,200,92
PT21A,GSE239721,Diagnosis,cellchat,Cycling Progenitor,Early GMP,ITGAV_ITGB1,ADGRE2,0.00197608023039093,0,92,850
PT21A,GSE239721,Diagnosis,cellchat,LMPP,Early GMP,ITGAV_ITGB1,ADGRE2,0.001368711031407,0,675,850
PT21A,GSE239721,Diagnosis,cellchat,pDC,Early GMP,ITGAV_ITGB1,ADGRE2,0.00129732034682726,0.06,200,850
PT21A,GSE239721,Diagnosis,cellchat,Cycling Progenitor,HSC MPP,ITGAV_ITGB1,ADGRE2,0.00268290026185606,0,92,390
PT21A,GSE239721,Diagnosis,cellchat,LMPP,HSC MPP,ITGAV_ITGB1,ADGRE2,0.00185868703287522,0,675,390
PT21A,GSE239721,Diagnosis,cellchat,pDC,HSC MPP,ITGAV_ITGB1,ADGRE2,0.00176178474638285,0,200,390
PT21A,GSE239721,Diagnosis,cellchat,Cycling Progenitor,LMPP,ITGAV_ITGB1,ADGRE2,0.00563869986604212,0,92,675
PT21A,GSE239721,Diagnosis,cellchat,LMPP,LMPP,ITGAV_ITGB1,ADGRE2,0.00390999608353288,0,675,675
PT21A,GSE239721,Diagnosis,cellchat,pDC,LMPP,ITGAV_ITGB1,ADGRE2,0.00370654633241634,0,200,675
PT21A,GSE239721,Diagnosis,cellchat,Cycling Progenitor,Monocyte,ITGAV_ITGB1,ADGRE2,0.00152350913655412,0.16,92,30
PT21A,GSE239721,Diagnosis,cellchat,LMPP,Monocyte,ITGAV_ITGB1,ADGRE2,0.00105509540204956,0.04,675,30
PT21A,GSE239721,Diagnosis,cellchat,pDC,Monocyte,ITGAV_ITGB1,ADGRE2,0.00100004623368769,0.22,200,30
PT21A,GSE239721,Diagnosis,cellchat,cDC,cDC,CD55,ADGRE5,0.0394568180388203,0,187,187
PT21A,GSE239721,Diagnosis,cellchat,Cycling Progenitor,cDC,CD55,ADGRE5,0.0254241288598765,0.39,92,187
PT21A,GSE239721,Diagnosis,cellchat,Early GMP,cDC,CD55,ADGRE5,0.0112478885354306,0.97,850,187
PT21A,GSE239721,Diagnosis,cellchat,HSC MPP,cDC,CD55,ADGRE5,0.036838861311864,0,390,187
PT21A,GSE239721,Diagnosis,cellchat,Late GMP,cDC,CD55,ADGRE5,0.0122902071449717,0.67,281,187
PT21A,GSE239721,Diagnosis,cellchat,LMPP,cDC,CD55,ADGRE5,0.027453799374046,0.01,675,187
PT21A,GSE239721,Diagnosis,cellchat,MEP,cDC,CD55,ADGRE5,0.0446542932993028,0,53,187
PT21A,GSE239721,Diagnosis,cellchat,Monocyte,cDC,CD55,ADGRE5,0.0380053549445421,0.02,30,187
PT21A,GSE239721,Diagnosis,cellchat,pDC,cDC,CD55,ADGRE5,0.0138509082389102,0.47,200,187
PT21A,GSE239721,Diagnosis,cellchat,Pro-Monocyte,cDC,CD55,ADGRE5,0.0277533256959808,0.25,55,187
PT21A,GSE239721,Diagnosis,cellchat,cDC,Cycling Progenitor,CD55,ADGRE5,0.0297678732568811,0.05,187,92
PT21A,GSE239721,Diagnosis,cellchat,Cycling Progenitor,Cycling Progenitor,CD55,ADGRE5,0.0191124619898679,0.54,92,92
PT21A,GSE239721,Diagnosis,cellchat,HSC MPP,Cycling Progenitor,CD55,ADGRE5,0.0277741888698167,0.06,390,92
PT21A,GSE239721,Diagnosis,cellchat,LMPP,Cycling Progenitor,CD55,ADGRE5,0.0206489325939216,0.37,675,92
PT21A,GSE239721,Diagnosis,cellchat,MEP,Cycling Progenitor,CD55,ADGRE5,0.0337338884346001,0.01,53,92
PT21A,GSE239721,Diagnosis,cellchat,Monocyte,Cycling Progenitor,CD55,ADGRE5,0.0286621934330084,0.22,30,92
PT21A,GSE239721,Diagnosis,cellchat,pDC,Cycling Progenitor,CD55,ADGRE5,0.0103817451199475,0.98,200,92
PT21A,GSE239721,Diagnosis,cellchat,Pro-Monocyte,Cycling Progenitor,CD55,ADGRE5,0.0208758101098529,0.5,55,92
PT21A,GSE239721,Diagnosis,cellchat,cDC,Early GMP,CD55,ADGRE5,0.0338170503554676,0,187,850
PT21A,GSE239721,Diagnosis,cellchat,Cycling Progenitor,Early GMP,CD55,ADGRE5,0.0217447198440492,0.51,92,850
PT21A,GSE239721,Diagnosis,cellchat,HSC MPP,Early GMP,CD55,ADGRE5,0.0315609965687092,0,390,850
PT21A,GSE239721,Diagnosis,cellchat,LMPP,Early GMP,CD55,ADGRE5,0.0234877332997393,0.25,675,850
PT21A,GSE239721,Diagnosis,cellchat,MEP,Early GMP,CD55,ADGRE5,0.0383012464170946,0,53,850
PT21A,GSE239721,Diagnosis,cellchat,Monocyte,Early GMP,CD55,ADGRE5,0.03256601856354,0.08,30,850
PT21A,GSE239721,Diagnosis,cellchat,pDC,Early GMP,CD55,ADGRE5,0.0118260648754996,0.69,200,850
PT21A,GSE239721,Diagnosis,cellchat,Pro-Monocyte,Early GMP,CD55,ADGRE5,0.0237450455302525,0.48,55,850
PT21A,GSE239721,Diagnosis,cellchat,cDC,HSC MPP,CD55,ADGRE5,0.0377040923777978,0,187,390
PT21A,GSE239721,Diagnosis,cellchat,Cycling Progenitor,HSC MPP,CD55,ADGRE5,0.0242789983622085,0.45,92,390
PT21A,GSE239721,Diagnosis,cellchat,HSC MPP,HSC MPP,CD55,ADGRE5,0.0351981674074339,0,390,390
PT21A,GSE239721,Diagnosis,cellchat,Late GMP,HSC MPP,CD55,ADGRE5,0.0117295230047315,0.79,281,390
PT21A,GSE239721,Diagnosis,cellchat,LMPP,HSC MPP,CD55,ADGRE5,0.0262197098014644,0.08,675,390
PT21A,GSE239721,Diagnosis,cellchat,MEP,HSC MPP,CD55,ADGRE5,0.0426809476159368,0,53,390
PT21A,GSE239721,Diagnosis,cellchat,Monocyte,HSC MPP,CD55,ADGRE5,0.0363146676499029,0.03,30,390
PT21A,GSE239721,Diagnosis,cellchat,pDC,HSC MPP,CD55,ADGRE5,0.0132199772657858,0.49,200,390
PT21A,GSE239721,Diagnosis,cellchat,Pro-Monocyte,HSC MPP,CD55,ADGRE5,0.0265061389219685,0.35,55,390
PT21A,GSE239721,Diagnosis,cellchat,cDC,Late GMP,CD55,ADGRE5,0.0344325908502486,0,187,281
PT21A,GSE239721,Diagnosis,cellchat,Cycling Progenitor,Late GMP,CD55,ADGRE5,0.0221455554911333,0.51,92,281
PT21A,GSE239721,Diagnosis,cellchat,HSC MPP,Late GMP,CD55,ADGRE5,0.032136838087713,0,390,281
PT21A,GSE239721,Diagnosis,cellchat,LMPP,Late GMP,CD55,ADGRE5,0.0239199134996407,0.24,675,281
PT21A,GSE239721,Diagnosis,cellchat,MEP,Late GMP,CD55,ADGRE5,0.0389951143376829,0,53,281
PT21A,GSE239721,Diagnosis,cellchat,Monocyte,Late GMP,CD55,ADGRE5,0.0331595692011219,0.08,30,281
PT21A,GSE239721,Diagnosis,cellchat,pDC,Late GMP,CD55,ADGRE5,0.0120463144861429,0.68,200,281
PT21A,GSE239721,Diagnosis,cellchat,Pro-Monocyte,Late GMP,CD55,ADGRE5,0.0241818430944902,0.48,55,281
PT21A,GSE239721,Diagnosis,cellchat,cDC,LMPP,CD55,ADGRE5,0.0398386042433254,0,187,675
PT21A,GSE239721,Diagnosis,cellchat,Cycling Progenitor,LMPP,CD55,ADGRE5,0.0256737632476044,0.41,92,675
PT21A,GSE239721,Diagnosis,cellchat,Early GMP,LMPP,CD55,ADGRE5,0.0113599517651028,0.99,850,675
PT21A,GSE239721,Diagnosis,cellchat,HSC MPP,LMPP,CD55,ADGRE5,0.0371962969744485,0,390,675
PT21A,GSE239721,Diagnosis,cellchat,Late GMP,LMPP,CD55,ADGRE5,0.0124125246764903,0.62,281,675
PT21A,GSE239721,Diagnosis,cellchat,LMPP,LMPP,CD55,ADGRE5,0.0277227957883137,0,675,675
PT21A,GSE239721,Diagnosis,cellchat,MEP,LMPP,CD55,ADGRE5,0.0450840100844083,0,53,675
PT21A,GSE239721,Diagnosis,cellchat,Monocyte,LMPP,CD55,ADGRE5,0.0383736577917822,0.01,30,675
PT21A,GSE239721,Diagnosis,cellchat,pDC,LMPP,CD55,ADGRE5,0.0139885385676066,0.47,200,675
PT21A,GSE239721,Diagnosis,cellchat,Pro-Monocyte,LMPP,CD55,ADGRE5,0.028025172343606,0.27,55,675
PT21A,GSE239721,Diagnosis,cellchat,cDC,MEP,CD55,ADGRE5,0.0198370355281195,0.46,187,53
PT21A,GSE239721,Diagnosis,cellchat,Cycling Progenitor,MEP,CD55,ADGRE5,0.0126898747135816,0.67,92,53
PT21A,GSE239721,Diagnosis,cellchat,HSC MPP,MEP,CD55,ADGRE5,0.0184957834929332,0.45,390,53
PT21A,GSE239721,Diagnosis,cellchat,LMPP,MEP,CD55,ADGRE5,0.0137172473466904,0.43,675,53
PT21A,GSE239721,Diagnosis,cellchat,MEP,MEP,CD55,ADGRE5,0.0225106490036085,0.43,53,53
PT21A,GSE239721,Diagnosis,cellchat,Monocyte,MEP,CD55,ADGRE5,0.019092961910938,0.51,30,53
PT21A,GSE239721,Diagnosis,cellchat,Pro-Monocyte,MEP,CD55,ADGRE5,0.013869042405342,0.55,55,53
PT21A,GSE239721,Diagnosis,cellchat,cDC,Monocyte,CD55,ADGRE5,0.0366338338451776,0,187,30
PT21A,GSE239721,Diagnosis,cellchat,Cycling Progenitor,Monocyte,CD55,ADGRE5,0.0235804828807095,0.45,92,30
PT21A,GSE239721,Diagnosis,cellchat,Early GMP,Monocyte,CD55,ADGRE5,0.0104212486368438,0.92,850,30
PT21A,GSE239721,Diagnosis,cellchat,HSC MPP,Monocyte,CD55,ADGRE5,0.0341965136146991,0,390,30
PT21A,GSE239721,Diagnosis,cellchat,Late GMP,Monocyte,CD55,ADGRE5,0.0113878465005564,0.81,281,30
PT21A,GSE239721,Diagnosis,cellchat,LMPP,Monocyte,CD55,ADGRE5,0.0254668166776183,0.16,675,30
PT21A,GSE239721,Diagnosis,cellchat,MEP,Monocyte,CD55,ADGRE5,0.0414755062605804,0,53,30
PT21A,GSE239721,Diagnosis,cellchat,Monocyte,Monocyte,CD55,ADGRE5,0.035282402910443,0.05,30,30
PT21A,GSE239721,Diagnosis,cellchat,pDC,Monocyte,CD55,ADGRE5,0.0128354482834414,0.58,200,30
PT21A,GSE239721,Diagnosis,cellchat,Pro-Monocyte,Monocyte,CD55,ADGRE5,0.0257452384993313,0.38,55,30
PT21A,GSE239721,Diagnosis,cellchat,cDC,pDC,CD55,ADGRE5,0.0387193442069081,0,187,200
PT21A,GSE239721,Diagnosis,cellchat,Cycling Progenitor,pDC,CD55,ADGRE5,0.0249421246536594,0.43,92,200
PT21A,GSE239721,Diagnosis,cellchat,HSC MPP,pDC,CD55,ADGRE5,0.0361484773589635,0,390,200
PT21A,GSE239721,Diagnosis,cellchat,Late GMP,pDC,CD55,ADGRE5,0.0120541230614129,0.7,281,200
PT21A,GSE239721,Diagnosis,cellchat,LMPP,pDC,CD55,ADGRE5,0.0269343790518771,0.05,675,200
PT21A,GSE239721,Diagnosis,cellchat,MEP,pDC,CD55,ADGRE5,0.0438241073796682,0,53,200
PT21A,GSE239721,Diagnosis,cellchat,Monocyte,pDC,CD55,ADGRE5,0.0372939566106352,0.03,30,200
PT21A,GSE239721,Diagnosis,cellchat,pDC,pDC,CD55,ADGRE5,0.0135852568080018,0.47,200,200
PT21A,GSE239721,Diagnosis,cellchat,Pro-Monocyte,pDC,CD55,ADGRE5,0.0272283970549704,0.29,55,200
PT21A,GSE239721,Diagnosis,cellchat,cDC,Pro-Monocyte,CD55,ADGRE5,0.0339923090730031,0,187,55
PT21A,GSE239721,Diagnosis,cellchat,Cycling Progenitor,Pro-Monocyte,CD55,ADGRE5,0.021858828522911,0.48,92,55
PT21A,GSE239721,Diagnosis,cellchat,HSC MPP,Pro-Monocyte,CD55,ADGRE5,0.0317249470786363,0,390,55
PT21A,GSE239721,Diagnosis,cellchat,Late GMP,Pro-Monocyte,CD55,ADGRE5,0.0105467833577009,0.93,281,55
PT21A,GSE239721,Diagnosis,cellchat,LMPP,Pro-Monocyte,CD55,ADGRE5,0.023610767941554,0.28,675,55
PT21A,GSE239721,Diagnosis,cellchat,MEP,Pro-Monocyte,CD55,ADGRE5,0.0384988187147462,0,53,55
PT21A,GSE239721,Diagnosis,cellchat,Monocyte,Pro-Monocyte,CD55,ADGRE5,0.0327350134075209,0.09,30,55
PT21A,GSE239721,Diagnosis,cellchat,pDC,Pro-Monocyte,CD55,ADGRE5,0.0118887564849362,0.69,200,55
PT21A,GSE239721,Diagnosis,cellchat,Pro-Monocyte,Pro-Monocyte,CD55,ADGRE5,0.0238693950915214,0.42,55,55
PT21A,GSE239721,Diagnosis,cellchat,Cycling Progenitor,cDC,ITGAV_ITGB1,ADGRE5,0.0149106156927222,0,92,187
PT21A,GSE239721,Diagnosis,cellchat,LMPP,cDC,ITGAV_ITGB1,ADGRE5,0.0103689841613077,0,675,187
PT21A,GSE239721,Diagnosis,cellchat,pDC,cDC,ITGAV_ITGB1,ADGRE5,0.00983276994496477,0.01,200,187
PT21A,GSE239721,Diagnosis,cellchat,Cycling Progenitor,Cycling Progenitor,ITGAV_ITGB1,ADGRE5,0.0111790421072486,0.04,92,92
PT21A,GSE239721,Diagnosis,cellchat,LMPP,Cycling Progenitor,ITGAV_ITGB1,ADGRE5,0.00776505298787209,0.03,675,92
PT21A,GSE239721,Diagnosis,cellchat,pDC,Cycling Progenitor,ITGAV_ITGB1,ADGRE5,0.00736249479693388,0.24,200,92
PT21A,GSE239721,Diagnosis,cellchat,Cycling Progenitor,Early GMP,ITGAV_ITGB1,ADGRE5,0.0127328555379377,0.04,92,850
PT21A,GSE239721,Diagnosis,cellchat,LMPP,Early GMP,ITGAV_ITGB1,ADGRE5,0.00884859067484472,0,675,850
PT21A,GSE239721,Diagnosis,cellchat,pDC,Early GMP,ITGAV_ITGB1,ADGRE5,0.00839033439960176,0.16,200,850
PT21A,GSE239721,Diagnosis,cellchat,Cycling Progenitor,HSC MPP,ITGAV_ITGB1,ADGRE5,0.0142321100066859,0,92,390
PT21A,GSE239721,Diagnosis,cellchat,LMPP,HSC MPP,ITGAV_ITGB1,ADGRE5,0.00989506891376781,0,675,390
PT21A,GSE239721,Diagnosis,cellchat,pDC,HSC MPP,ITGAV_ITGB1,ADGRE5,0.00938313004243322,0.02,200,390
PT21A,GSE239721,Diagnosis,cellchat,Cycling Progenitor,Late GMP,ITGAV_ITGB1,ADGRE5,0.0129697716361978,0.04,92,281
PT21A,GSE239721,Diagnosis,cellchat,LMPP,Late GMP,ITGAV_ITGB1,ADGRE5,0.00901389338654115,0,675,281
PT21A,GSE239721,Diagnosis,cellchat,pDC,Late GMP,ITGAV_ITGB1,ADGRE5,0.00854715013610812,0.14,200,281
PT21A,GSE239721,Diagnosis,cellchat,Cycling Progenitor,LMPP,ITGAV_ITGB1,ADGRE5,0.0150586150721688,0,92,675
PT21A,GSE239721,Diagnosis,cellchat,LMPP,LMPP,ITGAV_ITGB1,ADGRE5,0.0104723835716575,0,675,675
PT21A,GSE239721,Diagnosis,cellchat,pDC,LMPP,ITGAV_ITGB1,ADGRE5,0.00993087589029928,0,200,675
PT21A,GSE239721,Diagnosis,cellchat,Cycling Progenitor,MEP,ITGAV_ITGB1,ADGRE5,0.00740229724847279,0.28,92,53
PT21A,GSE239721,Diagnosis,cellchat,LMPP,MEP,ITGAV_ITGB1,ADGRE5,0.00513570506379236,0.06,675,53
PT21A,GSE239721,Diagnosis,cellchat,pDC,MEP,ITGAV_ITGB1,ADGRE5,0.0048687894459953,0.25,200,53
PT21A,GSE239721,Diagnosis,cellchat,Cycling Progenitor,Monocyte,ITGAV_ITGB1,ADGRE5,0.0138185534238402,0.01,92,30
PT21A,GSE239721,Diagnosis,cellchat,LMPP,Monocyte,ITGAV_ITGB1,ADGRE5,0.00960630992888597,0,675,30
PT21A,GSE239721,Diagnosis,cellchat,pDC,Monocyte,ITGAV_ITGB1,ADGRE5,0.00910917306763789,0.1,200,30
PT21A,GSE239721,Diagnosis,cellchat,Cycling Progenitor,pDC,ITGAV_ITGB1,ADGRE5,0.01462494118016,0,92,200
PT21A,GSE239721,Diagnosis,cellchat,LMPP,pDC,ITGAV_ITGB1,ADGRE5,0.0101694251110299,0,675,200
PT21A,GSE239721,Diagnosis,cellchat,pDC,pDC,ITGAV_ITGB1,ADGRE5,0.00964343018689637,0.01,200,200
PT21A,GSE239721,Diagnosis,cellchat,Cycling Progenitor,Pro-Monocyte,ITGAV_ITGB1,ADGRE5,0.0128002919027114,0.02,92,55
PT21A,GSE239721,Diagnosis,cellchat,LMPP,Pro-Monocyte,ITGAV_ITGB1,ADGRE5,0.00889564036993,0,675,55
PT21A,GSE239721,Diagnosis,cellchat,pDC,Pro-Monocyte,ITGAV_ITGB1,ADGRE5,0.00843496819249668,0.13,200,55
PT21A,GSE239721,Diagnosis,cellchat,Cycling Progenitor,Cycling Progenitor,NRXN2,CLSTN1,0.00167019819253825,0,92,92
PT21A,GSE239721,Diagnosis,cellchat,Early GMP,Cycling Progenitor,NRXN2,CLSTN1,0.000582987494097327,0.04,850,92
PT21A,GSE239721,Diagnosis,cellchat,HSC MPP,Cycling Progenitor,NRXN2,CLSTN1,0.000895197486465788,0,390,92
PT21A,GSE239721,Diagnosis,cellchat,Late GMP,Cycling Progenitor,NRXN2,CLSTN1,0.000611931532380865,0.05,281,92
PT21A,GSE239721,Diagnosis,cellchat,LMPP,Cycling Progenitor,NRXN2,CLSTN1,0.000720618823913613,0.03,675,92
PT21A,GSE239721,Diagnosis,cellchat,Pro-Monocyte,Cycling Progenitor,NRXN2,CLSTN1,0.000796993630529217,0.01,55,92
PT21A,GSE239721,Diagnosis,cellchat,Cycling Progenitor,Monocyte,NRXN2,CLSTN1,0.00156248944732502,0,92,30
PT21A,GSE239721,Diagnosis,cellchat,Early GMP,Monocyte,NRXN2,CLSTN1,0.000545353145919744,0.08,850,30
PT21A,GSE239721,Diagnosis,cellchat,HSC MPP,Monocyte,NRXN2,CLSTN1,0.000837425529269813,0.03,390,30
PT21A,GSE239721,Diagnosis,cellchat,Late GMP,Monocyte,NRXN2,CLSTN1,0.000572429792330104,0.06,281,30
PT21A,GSE239721,Diagnosis,cellchat,LMPP,Monocyte,NRXN2,CLSTN1,0.000674105774632252,0.05,675,30
PT21A,GSE239721,Diagnosis,cellchat,Pro-Monocyte,Monocyte,NRXN2,CLSTN1,0.000745554572393515,0.02,55,30
PT21A,GSE239721,Diagnosis,cellchat,cDC,Cycling Progenitor,APP,SORL1,0.00506528683589296,0.97,187,92
PT21A,GSE239721,Diagnosis,cellchat,Cycling Progenitor,Cycling Progenitor,APP,SORL1,0.0200428872400036,0,92,92
PT21A,GSE239721,Diagnosis,cellchat,Early GMP,Cycling Progenitor,APP,SORL1,0.0138363015915961,0.28,850,92
PT21A,GSE239721,Diagnosis,cellchat,HSC MPP,Cycling Progenitor,APP,SORL1,0.0123680960600107,0.61,390,92
PT21A,GSE239721,Diagnosis,cellchat,Late GMP,Cycling Progenitor,APP,SORL1,0.00506497421476449,0.98,281,92
PT21A,GSE239721,Diagnosis,cellchat,LMPP,Cycling Progenitor,APP,SORL1,0.0150153314864284,0.06,675,92
PT21A,GSE239721,Diagnosis,cellchat,Monocyte,Cycling Progenitor,APP,SORL1,0.00502373449967242,0.91,30,92
PT21A,GSE239721,Diagnosis,cellchat,pDC,Cycling Progenitor,APP,SORL1,0.0183330690897908,0,200,92
PT21A,GSE239721,Diagnosis,cellchat,Pro-Monocyte,Cycling Progenitor,APP,SORL1,0.00922123150710651,0.72,55,92
PT21A,GSE239721,Diagnosis,cellchat,Cycling Progenitor,Early GMP,APP,SORL1,0.0199180260918993,0,92,850
PT21A,GSE239721,Diagnosis,cellchat,Early GMP,Early GMP,APP,SORL1,0.0137495630995402,0.16,850,850
PT21A,GSE239721,Diagnosis,cellchat,HSC MPP,Early GMP,APP,SORL1,0.0122904469033635,0.87,390,850
PT21A,GSE239721,Diagnosis,cellchat,LMPP,Early GMP,APP,SORL1,0.0149213135994772,0,675,850
PT21A,GSE239721,Diagnosis,cellchat,Monocyte,Early GMP,APP,SORL1,0.00499196152271242,0.97,30,850
PT21A,GSE239721,Diagnosis,cellchat,pDC,Early GMP,APP,SORL1,0.0182186615656621,0,200,850
PT21A,GSE239721,Diagnosis,cellchat,Pro-Monocyte,Early GMP,APP,SORL1,0.00916315563873272,0.95,55,850
PT21A,GSE239721,Diagnosis,cellchat,cDC,HSC MPP,APP,SORL1,0.0064661725557288,0.96,187,390
PT21A,GSE239721,Diagnosis,cellchat,Cycling Progenitor,HSC MPP,APP,SORL1,0.0254799838916754,0,92,390
PT21A,GSE239721,Diagnosis,cellchat,Early GMP,HSC MPP,APP,SORL1,0.0176199915474583,0,850,390
PT21A,GSE239721,Diagnosis,cellchat,HSC MPP,HSC MPP,APP,SORL1,0.0157567039784787,0,390,390
PT21A,GSE239721,Diagnosis,cellchat,Late GMP,HSC MPP,APP,SORL1,0.00646577403612912,0.95,281,390
PT21A,GSE239721,Diagnosis,cellchat,LMPP,HSC MPP,APP,SORL1,0.01911519066145,0,675,390
PT21A,GSE239721,Diagnosis,cellchat,Monocyte,HSC MPP,APP,SORL1,0.00641320233484322,0.92,30,390
PT21A,GSE239721,Diagnosis,cellchat,pDC,HSC MPP,APP,SORL1,0.02331737447573,0,200,390
PT21A,GSE239721,Diagnosis,cellchat,Pro-Monocyte,HSC MPP,APP,SORL1,0.011757926615509,0.73,55,390
PT21A,GSE239721,Diagnosis,cellchat,Cycling Progenitor,Late GMP,APP,SORL1,0.00710197107027444,0.88,92,281
PT21A,GSE239721,Diagnosis,cellchat,pDC,Late GMP,APP,SORL1,0.0064888063739467,0.92,200,281
PT21A,GSE239721,Diagnosis,cellchat,cDC,LMPP,APP,SORL1,0.00597730735036362,0.98,187,675
PT21A,GSE239721,Diagnosis,cellchat,Cycling Progenitor,LMPP,APP,SORL1,0.0235877365088585,0,92,675
PT21A,GSE239721,Diagnosis,cellchat,Early GMP,LMPP,APP,SORL1,0.0163016948698041,0,850,675
PT21A,GSE239721,Diagnosis,cellchat,HSC MPP,LMPP,APP,SORL1,0.0145757467694105,0.02,390,675
PT21A,GSE239721,Diagnosis,cellchat,Late GMP,LMPP,APP,SORL1,0.00597693877898206,0.99,281,675
PT21A,GSE239721,Diagnosis,cellchat,LMPP,LMPP,APP,SORL1,0.0176870399294379,0,675,675
PT21A,GSE239721,Diagnosis,cellchat,Monocyte,LMPP,APP,SORL1,0.00592831796713914,0.94,30,675
PT21A,GSE239721,Diagnosis,cellchat,pDC,LMPP,APP,SORL1,0.0215821744612705,0,200,675
PT21A,GSE239721,Diagnosis,cellchat,Pro-Monocyte,LMPP,APP,SORL1,0.0108733648147139,0.88,55,675
PT21A,GSE239721,Diagnosis,cellchat,Cycling Progenitor,pDC,APP,SORL1,0.0202776989092693,0,92,200
PT21A,GSE239721,Diagnosis,cellchat,Early GMP,pDC,APP,SORL1,0.0139994390082333,0.2,850,200
PT21A,GSE239721,Diagnosis,cellchat,HSC MPP,pDC,APP,SORL1,0.0125141422168634,0.67,390,200
PT21A,GSE239721,Diagnosis,cellchat,Late GMP,pDC,APP,SORL1,0.00512523045845992,0.99,281,200
PT21A,GSE239721,Diagnosis,cellchat,LMPP,pDC,APP,SORL1,0.0151921561426013,0.04,675,200
PT21A,GSE239721,Diagnosis,cellchat,Monocyte,pDC,APP,SORL1,0.00508350263550029,0.97,30,200
PT21A,GSE239721,Diagnosis,cellchat,pDC,pDC,APP,SORL1,0.0185482285951683,0,200,200
PT21A,GSE239721,Diagnosis,cellchat,Pro-Monocyte,pDC,APP,SORL1,0.00933046960520186,0.84,55,200
PT21A,GSE239721,Diagnosis,cellchat,cDC,cDC,APP,TNFRSF21,0.00158446831598496,0,187,187
PT21A,GSE239721,Diagnosis,cellchat,Cycling Progenitor,cDC,APP,TNFRSF21,0.00633513564388297,0,92,187
PT21A,GSE239721,Diagnosis,cellchat,Early GMP,cDC,APP,TNFRSF21,0.0043545021892375,0,850,187
PT21A,GSE239721,Diagnosis,cellchat,HSC MPP,cDC,APP,TNFRSF21,0.00388846754045912,0,390,187
PT21A,GSE239721,Diagnosis,cellchat,Late GMP,cDC,APP,TNFRSF21,0.00158437018311661,0,281,187
PT21A,GSE239721,Diagnosis,cellchat,LMPP,cDC,APP,TNFRSF21,0.00472943633946386,0,675,187
PT21A,GSE239721,Diagnosis,cellchat,Monocyte,cDC,APP,TNFRSF21,0.00157142526346926,0,30,187
PT21A,GSE239721,Diagnosis,cellchat,pDC,cDC,APP,TNFRSF21,0.00578779148419308,0,200,187
PT21A,GSE239721,Diagnosis,cellchat,Pro-Monocyte,cDC,APP,TNFRSF21,0.00289278969460125,0,55,187
PT21A,GSE239721,Diagnosis,cellchat,cDC,pDC,APP,TNFRSF21,0.00171779234031464,0,187,200
PT21A,GSE239721,Diagnosis,cellchat,Cycling Progenitor,pDC,APP,TNFRSF21,0.00686545262284419,0,92,200
PT21A,GSE239721,Diagnosis,cellchat,Early GMP,pDC,APP,TNFRSF21,0.00471980700605,0,850,200
PT21A,GSE239721,Diagnosis,cellchat,HSC MPP,pDC,APP,TNFRSF21,0.00421484161342981,0,390,200
PT21A,GSE239721,Diagnosis,cellchat,Late GMP,pDC,APP,TNFRSF21,0.00171768596432787,0,281,200
PT21A,GSE239721,Diagnosis,cellchat,LMPP,pDC,APP,TNFRSF21,0.00512603292882352,0,675,200
PT21A,GSE239721,Diagnosis,cellchat,Monocyte,pDC,APP,TNFRSF21,0.00170365366161349,0,30,200
PT21A,GSE239721,Diagnosis,cellchat,pDC,pDC,APP,TNFRSF21,0.00627257927585105,0,200,200
PT21A,GSE239721,Diagnosis,cellchat,Pro-Monocyte,pDC,APP,TNFRSF21,0.00313585577692497,0,55,200
PT21A,GSE239721,Diagnosis,cellchat,cDC,Cycling Progenitor,CD99,PILRB,0.00888891577821089,0.14,187,92
PT21A,GSE239721,Diagnosis,cellchat,Cycling Progenitor,Cycling Progenitor,CD99,PILRB,0.0127955282337444,0.07,92,92
PT21A,GSE239721,Diagnosis,cellchat,Early GMP,Cycling Progenitor,CD99,PILRB,0.0126181736773976,0.07,850,92
PT21A,GSE239721,Diagnosis,cellchat,HSC MPP,Cycling Progenitor,CD99,PILRB,0.0152298387252715,0.04,390,92
PT21A,GSE239721,Diagnosis,cellchat,Late GMP,Cycling Progenitor,CD99,PILRB,0.00957995997390924,0.14,281,92
PT21A,GSE239721,Diagnosis,cellchat,LMPP,Cycling Progenitor,CD99,PILRB,0.0154154261719537,0.01,675,92
PT21A,GSE239721,Diagnosis,cellchat,MEP,Cycling Progenitor,CD99,PILRB,0.00960364060854312,0.14,53,92
PT21A,GSE239721,Diagnosis,cellchat,Monocyte,Cycling Progenitor,CD99,PILRB,0.0104062858401718,0.11,30,92
PT21A,GSE239721,Diagnosis,cellchat,pDC,Cycling Progenitor,CD99,PILRB,0.00976744792912358,0.14,200,92
PT21A,GSE239721,Diagnosis,cellchat,Pro-Monocyte,Cycling Progenitor,CD99,PILRB,0.00863939469956941,0.14,55,92
PT21A,GSE239721,Diagnosis,cellchat,cDC,Late GMP,CD99,PILRB,0.00873554644502078,0.02,187,281
PT21A,GSE239721,Diagnosis,cellchat,Cycling Progenitor,Late GMP,CD99,PILRB,0.0125756094751572,0.01,92,281
PT21A,GSE239721,Diagnosis,cellchat,Early GMP,Late GMP,CD99,PILRB,0.012401264847742,0.01,850,281
PT21A,GSE239721,Diagnosis,cellchat,HSC MPP,Late GMP,CD99,PILRB,0.0149687154805833,0,390,281
PT21A,GSE239721,Diagnosis,cellchat,Late GMP,Late GMP,CD99,PILRB,0.00941478062748723,0.02,281,281
PT21A,GSE239721,Diagnosis,cellchat,LMPP,Late GMP,CD99,PILRB,0.0151511698936243,0,675,281
PT21A,GSE239721,Diagnosis,cellchat,MEP,Late GMP,CD99,PILRB,0.00943805684736093,0.01,53,281
PT21A,GSE239721,Diagnosis,cellchat,Monocyte,Late GMP,CD99,PILRB,0.0102270059588124,0.01,30,281
PT21A,GSE239721,Diagnosis,cellchat,pDC,Late GMP,CD99,PILRB,0.00959906721362236,0.01,200,281
PT21A,GSE239721,Diagnosis,cellchat,Pro-Monocyte,Late GMP,CD99,PILRB,0.00849029372197122,0.02,55,281
PT21A,GSE239721,Diagnosis,cellchat,cDC,Pro-Monocyte,CD99,PILRB,0.00327506518131972,0.23,187,55
PT21A,GSE239721,Diagnosis,cellchat,Cycling Progenitor,Pro-Monocyte,CD99,PILRB,0.00472619727063029,0.22,92,55
PT21A,GSE239721,Diagnosis,cellchat,Early GMP,Pro-Monocyte,CD99,PILRB,0.00466016104636714,0.22,850,55
PT21A,GSE239721,Diagnosis,cellchat,HSC MPP,Pro-Monocyte,CD99,PILRB,0.00563410337600001,0.21,390,55
PT21A,GSE239721,Diagnosis,cellchat,Late GMP,Pro-Monocyte,CD99,PILRB,0.00353123104313247,0.23,281,55
PT21A,GSE239721,Diagnosis,cellchat,LMPP,Pro-Monocyte,CD99,PILRB,0.00570343653925356,0.2,675,55
PT21A,GSE239721,Diagnosis,cellchat,MEP,Pro-Monocyte,CD99,PILRB,0.00354001330949986,0.23,53,55
PT21A,GSE239721,Diagnosis,cellchat,Monocyte,Pro-Monocyte,CD99,PILRB,0.0038378414551855,0.23,30,55
PT21A,GSE239721,Diagnosis,cellchat,pDC,Pro-Monocyte,CD99,PILRB,0.00360077061233161,0.23,200,55
PT21A,GSE239721,Diagnosis,cellchat,Pro-Monocyte,Pro-Monocyte,CD99,PILRB,0.00318262467016422,0.23,55,55
PT21A,GSE239721,Diagnosis,cellchat,cDC,cDC,LAIR1,LILRB4,0.00747366537039605,0,187,187
PT21A,GSE239721,Diagnosis,cellchat,Cycling Progenitor,cDC,LAIR1,LILRB4,0.0285280520031383,0,92,187
PT21A,GSE239721,Diagnosis,cellchat,Early GMP,cDC,LAIR1,LILRB4,0.0312409226971219,0,850,187
PT21A,GSE239721,Diagnosis,cellchat,HSC MPP,cDC,LAIR1,LILRB4,0.0126107418065945,0,390,187
PT21A,GSE239721,Diagnosis,cellchat,Late GMP,cDC,LAIR1,LILRB4,0.0382615803697988,0,281,187
PT21A,GSE239721,Diagnosis,cellchat,LMPP,cDC,LAIR1,LILRB4,0.0280613132621115,0,675,187
PT21A,GSE239721,Diagnosis,cellchat,Monocyte,cDC,LAIR1,LILRB4,0.00948789492925754,0,30,187
PT21A,GSE239721,Diagnosis,cellchat,pDC,cDC,LAIR1,LILRB4,0.0111293712471296,0,200,187
PT21A,GSE239721,Diagnosis,cellchat,Pro-Monocyte,cDC,LAIR1,LILRB4,0.0303586670510059,0,55,187
PT21A,GSE239721,Diagnosis,cellchat,cDC,Monocyte,LAIR1,LILRB4,0.00477760467396691,0,187,30
PT21A,GSE239721,Diagnosis,cellchat,Cycling Progenitor,Monocyte,LAIR1,LILRB4,0.0183774329830216,0,92,30
PT21A,GSE239721,Diagnosis,cellchat,Early GMP,Monocyte,LAIR1,LILRB4,0.0201450486040655,0,850,30
PT21A,GSE239721,Diagnosis,cellchat,HSC MPP,Monocyte,LAIR1,LILRB4,0.00807660474871877,0,390,30
PT21A,GSE239721,Diagnosis,cellchat,Late GMP,Monocyte,LAIR1,LILRB4,0.0247358400487027,0,281,30
PT21A,GSE239721,Diagnosis,cellchat,LMPP,Monocyte,LAIR1,LILRB4,0.0180736757593625,0,675,30
PT21A,GSE239721,Diagnosis,cellchat,Monocyte,Monocyte,LAIR1,LILRB4,0.00606966171426039,0,30,30
PT21A,GSE239721,Diagnosis,cellchat,pDC,Monocyte,LAIR1,LILRB4,0.0071240116399768,0,200,30
PT21A,GSE239721,Diagnosis,cellchat,Pro-Monocyte,Monocyte,LAIR1,LILRB4,0.0195698147102587,0,55,30
PT21A,GSE239721,Diagnosis,cellchat,cDC,pDC,LAIR1,LILRB4,0.00154369595312009,0,187,200
PT21A,GSE239721,Diagnosis,cellchat,Cycling Progenitor,pDC,LAIR1,LILRB4,0.00599338559395963,0,92,200
PT21A,GSE239721,Diagnosis,cellchat,Early GMP,pDC,LAIR1,LILRB4,0.00657783545103427,0,850,200
PT21A,GSE239721,Diagnosis,cellchat,HSC MPP,pDC,LAIR1,LILRB4,0.00261550731885482,0,390,200
PT21A,GSE239721,Diagnosis,cellchat,Late GMP,pDC,LAIR1,LILRB4,0.00810240353039906,0,281,200
PT21A,GSE239721,Diagnosis,cellchat,LMPP,pDC,LAIR1,LILRB4,0.00589309315917554,0,675,200
PT21A,GSE239721,Diagnosis,cellchat,Monocyte,pDC,LAIR1,LILRB4,0.00196289856583164,0,30,200
PT21A,GSE239721,Diagnosis,cellchat,pDC,pDC,LAIR1,LILRB4,0.00230552487030153,0,200,200
PT21A,GSE239721,Diagnosis,cellchat,Pro-Monocyte,pDC,LAIR1,LILRB4,0.00638748253534139,0,55,200
PT21A,GSE239721,Diagnosis,cellchat,cDC,Pro-Monocyte,LAIR1,LILRB4,0.00243731621303921,0,187,55
PT21A,GSE239721,Diagnosis,cellchat,Cycling Progenitor,Pro-Monocyte,LAIR1,LILRB4,0.00943850838865119,0,92,55
PT21A,GSE239721,Diagnosis,cellchat,Early GMP,Pro-Monocyte,LAIR1,LILRB4,0.0103554122712385,0,850,55
PT21A,GSE239721,Diagnosis,cellchat,HSC MPP,Pro-Monocyte,LAIR1,LILRB4,0.00412701701003406,0,390,55
PT21A,GSE239721,Diagnosis,cellchat,Late GMP,Pro-Monocyte,LAIR1,LILRB4,0.0127442905811831,0,281,55
PT21A,GSE239721,Diagnosis,cellchat,LMPP,Pro-Monocyte,LAIR1,LILRB4,0.00928110405816856,0,675,55
PT21A,GSE239721,Diagnosis,cellchat,Monocyte,Pro-Monocyte,LAIR1,LILRB4,0.00309843528213408,0,30,55
PT21A,GSE239721,Diagnosis,cellchat,pDC,Pro-Monocyte,LAIR1,LILRB4,0.00363854827306346,0,200,55
PT21A,GSE239721,Diagnosis,cellchat,Pro-Monocyte,Pro-Monocyte,LAIR1,LILRB4,0.0100568484891935,0,55,55
PT21A,GSE239721,Diagnosis,cellchat,cDC,Cycling Progenitor,PECAM1,CD38,0.0065126877069719,0.03,187,92
PT21A,GSE239721,Diagnosis,cellchat,Cycling Progenitor,Cycling Progenitor,PECAM1,CD38,0.0179711710521691,0,92,92
PT21A,GSE239721,Diagnosis,cellchat,Early GMP,Cycling Progenitor,PECAM1,CD38,0.00678611429480757,0,850,92
PT21A,GSE239721,Diagnosis,cellchat,HSC MPP,Cycling Progenitor,PECAM1,CD38,0.00907159254118738,0,390,92
PT21A,GSE239721,Diagnosis,cellchat,LMPP,Cycling Progenitor,PECAM1,CD38,0.0232701705385441,0,675,92
PT21A,GSE239721,Diagnosis,cellchat,Monocyte,Cycling Progenitor,PECAM1,CD38,0.00744467924120221,0.29,30,92
PT21A,GSE239721,Diagnosis,cellchat,pDC,Cycling Progenitor,PECAM1,CD38,0.00647384942651249,0.07,200,92
PT21A,GSE239721,Diagnosis,cellchat,Pro-Monocyte,Cycling Progenitor,PECAM1,CD38,0.00564287877278195,0.25,55,92
PT21A,GSE239721,Diagnosis,cellchat,cDC,Early GMP,PECAM1,CD38,0.00623662418121927,0.03,187,850
PT21A,GSE239721,Diagnosis,cellchat,Cycling Progenitor,Early GMP,PECAM1,CD38,0.017217816456222,0,92,850
PT21A,GSE239721,Diagnosis,cellchat,Early GMP,Early GMP,PECAM1,CD38,0.00649853641954033,0,850,850
PT21A,GSE239721,Diagnosis,cellchat,HSC MPP,Early GMP,PECAM1,CD38,0.00868800924737812,0,390,850
PT21A,GSE239721,Diagnosis,cellchat,LMPP,Early GMP,PECAM1,CD38,0.0222997251674918,0,675,850
PT21A,GSE239721,Diagnosis,cellchat,Monocyte,Early GMP,PECAM1,CD38,0.00712939342471339,0.32,30,850
PT21A,GSE239721,Diagnosis,cellchat,pDC,Early GMP,PECAM1,CD38,0.00619942192696321,0.07,200,850
PT21A,GSE239721,Diagnosis,cellchat,Pro-Monocyte,Early GMP,PECAM1,CD38,0.00540348467260146,0.32,55,850
PT21A,GSE239721,Diagnosis,cellchat,Cycling Progenitor,HSC MPP,PECAM1,CD38,0.00573709654299601,0.21,92,390
PT21A,GSE239721,Diagnosis,cellchat,LMPP,HSC MPP,PECAM1,CD38,0.00745613232564497,0,675,390
PT21A,GSE239721,Diagnosis,cellchat,Monocyte,HSC MPP,PECAM1,CD38,0.00235941403946013,0.99,30,390
PT21A,GSE239721,Diagnosis,cellchat,cDC,Late GMP,PECAM1,CD38,0.00488427853635397,0.57,187,281
PT21A,GSE239721,Diagnosis,cellchat,Cycling Progenitor,Late GMP,PECAM1,CD38,0.0135167033711214,0.02,92,281
PT21A,GSE239721,Diagnosis,cellchat,Early GMP,Late GMP,PECAM1,CD38,0.00508968876265467,0.51,850,281
PT21A,GSE239721,Diagnosis,cellchat,HSC MPP,Late GMP,PECAM1,CD38,0.00680774822937164,0,390,281
PT21A,GSE239721,Diagnosis,cellchat,LMPP,Late GMP,PECAM1,CD38,0.017525693923281,0,675,281
PT21A,GSE239721,Diagnosis,cellchat,Monocyte,Late GMP,PECAM1,CD38,0.00558454814500584,0.4,30,281
PT21A,GSE239721,Diagnosis,cellchat,pDC,Late GMP,PECAM1,CD38,0.00485510378389679,0.66,200,281
PT21A,GSE239721,Diagnosis,cellchat,Pro-Monocyte,Late GMP,PECAM1,CD38,0.00423102730853655,0.85,55,281
PT21A,GSE239721,Diagnosis,cellchat,Cycling Progenitor,LMPP,PECAM1,CD38,0.0110063274607099,0.07,92,675
PT21A,GSE239721,Diagnosis,cellchat,HSC MPP,LMPP,PECAM1,CD38,0.0055363932075131,0.06,390,675
PT21A,GSE239721,Diagnosis,cellchat,LMPP,LMPP,PECAM1,CD38,0.0142815315803595,0,675,675
PT21A,GSE239721,Diagnosis,cellchat,Monocyte,LMPP,PECAM1,CD38,0.00454058285017967,0.7,30,675
PT21A,GSE239721,Diagnosis,cellchat,cDC,MEP,PECAM1,CD38,0.00778345670516895,0.02,187,53
PT21A,GSE239721,Diagnosis,cellchat,Cycling Progenitor,MEP,PECAM1,CD38,0.0214295165932184,0,92,53
PT21A,GSE239721,Diagnosis,cellchat,Early GMP,MEP,PECAM1,CD38,0.00810979934351955,0,850,53
PT21A,GSE239721,Diagnosis,cellchat,HSC MPP,MEP,PECAM1,CD38,0.0108362143285769,0,390,53
PT21A,GSE239721,Diagnosis,cellchat,LMPP,MEP,PECAM1,CD38,0.0277194640022966,0,675,53
PT21A,GSE239721,Diagnosis,cellchat,Monocyte,MEP,PECAM1,CD38,0.00889567203998536,0.16,30,53
PT21A,GSE239721,Diagnosis,cellchat,pDC,MEP,PECAM1,CD38,0.00773709923736596,0.04,200,53
PT21A,GSE239721,Diagnosis,cellchat,Pro-Monocyte,MEP,PECAM1,CD38,0.00674508113789508,0.1,55,53
PT21A,GSE239721,Diagnosis,cellchat,Cycling Progenitor,Monocyte,PECAM1,CD38,0.00194490364530357,0.95,92,30
PT21A,GSE239721,Diagnosis,cellchat,LMPP,Monocyte,PECAM1,CD38,0.00253055713929004,0.92,675,30
PT21A,GSE239721,Diagnosis,cellchat,Monocyte,Monocyte,PECAM1,CD38,0.000798060783491173,0.99,30,30
PT21A,GSE239721,Diagnosis,cellchat,Cycling Progenitor,pDC,PECAM1,CD38,0.00317108773573578,0.99,92,200
PT21A,GSE239721,Diagnosis,cellchat,LMPP,pDC,PECAM1,CD38,0.00412444653143631,0.99,675,200
PT21A,GSE239721,Diagnosis,cellchat,Monocyte,pDC,PECAM1,CD38,0.00130214958092064,0.99,30,200
PT21A,GSE239721,Diagnosis,cellchat,Cycling Progenitor,Pro-Monocyte,PECAM1,CD38,0.00387849755444728,0.81,92,55
PT21A,GSE239721,Diagnosis,cellchat,HSC MPP,Pro-Monocyte,PECAM1,CD38,0.00194399540835216,0.95,390,55
PT21A,GSE239721,Diagnosis,cellchat,LMPP,Pro-Monocyte,PECAM1,CD38,0.00504345666639325,0.49,675,55
PT21A,GSE239721,Diagnosis,cellchat,Monocyte,Pro-Monocyte,PECAM1,CD38,0.00159330097394502,0.98,30,55
