sample,dataset,timepoint,engine,sender_bin,receiver_bin,ligand,receptor,prob,pval,n_sender,n_receiver
3853_Dg,GSE227903,Diagnosis,cellchat,Cycling Progenitor,cDC,CCL5,CCR1,0.000401800854912763,0,45,27
3853_Dg,GSE227903,Diagnosis,cellchat,Pro-Monocyte,cDC,CCL5,CCR1,0.000824281424230298,0,12,27
3853_Dg,GSE227903,Diagnosis,cellchat,Cycling Progenitor,Monocyte,CCL5,CCR1,0.00111133370539081,0,45,15
3853_Dg,GSE227903,Diagnosis,cellchat,Pro-Monocyte,Monocyte,CCL5,CCR1,0.00227816474842896,0,12,15
3853_Dg,GSE227903,Diagnosis,cellchat,cDC,cDC,CCL3,CCR1,0.000850259491272758,0,27,27
3853_Dg,GSE227903,Diagnosis,cellchat,Monocyte,cDC,CCL3,CCR1,0.0063853515714456,0,15,27
3853_Dg,GSE227903,Diagnosis,cellchat,Pro-Monocyte,cDC,CCL3,CCR1,0.00144268539790276,0,12,27
3853_Dg,GSE227903,Diagnosis,cellchat,cDC,Monocyte,CCL3,CCR1,0.00234985566579219,0,27,15
3853_Dg,GSE227903,Diagnosis,cellchat,Monocyte,Monocyte,CCL3,CCR1,0.0174763941634937,0,15,15
3853_Dg,GSE227903,Diagnosis,cellchat,Pro-Monocyte,Monocyte,CCL3,CCR1,0.00398297344245174,0,12,15
3853_Dg,GSE227903,Diagnosis,cellchat,cDC,cDC,MIF,CD74_CXCR4,0.106096748038161,0.02,27,27
3853_Dg,GSE227903,Diagnosis,cellchat,Cycling Progenitor,cDC,MIF,CD74_CXCR4,0.136488837290806,0,45,27
3853_Dg,GSE227903,Diagnosis,cellchat,Early GMP,cDC,MIF,CD74_CXCR4,0.126798543412332,0,329,27
3853_Dg,GSE227903,Diagnosis,cellchat,EoBasoMast Precursor,cDC,MIF,CD74_CXCR4,0.122192989461437,0,12,27
3853_Dg,GSE227903,Diagnosis,cellchat,HSC MPP,cDC,MIF,CD74_CXCR4,0.106052573894794,0,173,27
3853_Dg,GSE227903,Diagnosis,cellchat,Late GMP,cDC,MIF,CD74_CXCR4,0.141550824324415,0,79,27
3853_Dg,GSE227903,Diagnosis,cellchat,LMPP,cDC,MIF,CD74_CXCR4,0.113460776323361,0,349,27
3853_Dg,GSE227903,Diagnosis,cellchat,Monocyte,cDC,MIF,CD74_CXCR4,0.0841179940536764,0.21,15,27
3853_Dg,GSE227903,Diagnosis,cellchat,pDC,cDC,MIF,CD74_CXCR4,0.10720115205526,0,57,27
3853_Dg,GSE227903,Diagnosis,cellchat,Pro-Monocyte,cDC,MIF,CD74_CXCR4,0.137256088405112,0,12,27
3853_Dg,GSE227903,Diagnosis,cellchat,cDC,Cycling Progenitor,MIF,CD74_CXCR4,0.0702699069073208,0.23,27,45
3853_Dg,GSE227903,Diagnosis,cellchat,Cycling Progenitor,Cycling Progenitor,MIF,CD74_CXCR4,0.0914490884903616,0.12,45,45
3853_Dg,GSE227903,Diagnosis,cellchat,Early GMP,Cycling Progenitor,MIF,CD74_CXCR4,0.0846430369575974,0.18,329,45
3853_Dg,GSE227903,Diagnosis,cellchat,EoBasoMast Precursor,Cycling Progenitor,MIF,CD74_CXCR4,0.0814258669347713,0.19,12,45
3853_Dg,GSE227903,Diagnosis,cellchat,HSC MPP,Cycling Progenitor,MIF,CD74_CXCR4,0.0702394774248708,0.23,173,45
3853_Dg,GSE227903,Diagnosis,cellchat,Late GMP,Cycling Progenitor,MIF,CD74_CXCR4,0.0950244956979785,0.06,79,45
3853_Dg,GSE227903,Diagnosis,cellchat,LMPP,Cycling Progenitor,MIF,CD74_CXCR4,0.0753568741818979,0.23,349,45
3853_Dg,GSE227903,Diagnosis,cellchat,Monocyte,Cycling Progenitor,MIF,CD74_CXCR4,0.0552541988054025,0.23,15,45
3853_Dg,GSE227903,Diagnosis,cellchat,pDC,Cycling Progenitor,MIF,CD74_CXCR4,0.0710310089360768,0.23,57,45
3853_Dg,GSE227903,Diagnosis,cellchat,Pro-Monocyte,Cycling Progenitor,MIF,CD74_CXCR4,0.091990127328974,0.11,12,45
3853_Dg,GSE227903,Diagnosis,cellchat,cDC,EoBasoMast Precursor,MIF,CD74_CXCR4,0.162668816442715,0.01,27,12
3853_Dg,GSE227903,Diagnosis,cellchat,Cycling Progenitor,EoBasoMast Precursor,MIF,CD74_CXCR4,0.205540130809126,0,45,12
3853_Dg,GSE227903,Diagnosis,cellchat,Early GMP,EoBasoMast Precursor,MIF,CD74_CXCR4,0.192037664352602,0,329,12
3853_Dg,GSE227903,Diagnosis,cellchat,EoBasoMast Precursor,EoBasoMast Precursor,MIF,CD74_CXCR4,0.185566076746832,0,12,12
3853_Dg,GSE227903,Diagnosis,cellchat,HSC MPP,EoBasoMast Precursor,MIF,CD74_CXCR4,0.162605372734013,0.01,173,12
3853_Dg,GSE227903,Diagnosis,cellchat,Late GMP,EoBasoMast Precursor,MIF,CD74_CXCR4,0.212532726987525,0,79,12
3853_Dg,GSE227903,Diagnosis,cellchat,LMPP,EoBasoMast Precursor,MIF,CD74_CXCR4,0.17319863558044,0.01,349,12
3853_Dg,GSE227903,Diagnosis,cellchat,Monocyte,EoBasoMast Precursor,MIF,CD74_CXCR4,0.13068403167542,0.04,15,12
3853_Dg,GSE227903,Diagnosis,cellchat,pDC,EoBasoMast Precursor,MIF,CD74_CXCR4,0.164253895586454,0.01,57,12
3853_Dg,GSE227903,Diagnosis,cellchat,Pro-Monocyte,EoBasoMast Precursor,MIF,CD74_CXCR4,0.20660267218956,0,12,12
3853_Dg,GSE227903,Diagnosis,cellchat,cDC,Late GMP,MIF,CD74_CXCR4,0.0764940467771889,0.25,27,79
3853_Dg,GSE227903,Diagnosis,cellchat,Cycling Progenitor,Late GMP,MIF,CD74_CXCR4,0.0993487106999573,0,45,79
3853_Dg,GSE227903,Diagnosis,cellchat,Early GMP,Late GMP,MIF,CD74_CXCR4,0.0920142764784803,0.09,329,79
3853_Dg,GSE227903,Diagnosis,cellchat,EoBasoMast Precursor,Late GMP,MIF,CD74_CXCR4,0.0885440368038098,0.15,12,79
3853_Dg,GSE227903,Diagnosis,cellchat,HSC MPP,Late GMP,MIF,CD74_CXCR4,0.0764611436713141,0.28,173,79
3853_Dg,GSE227903,Diagnosis,cellchat,Late GMP,Late GMP,MIF,CD74_CXCR4,0.103197890189747,0,79,79
3853_Dg,GSE227903,Diagnosis,cellchat,LMPP,Late GMP,MIF,CD74_CXCR4,0.0819918550670559,0.23,349,79
3853_Dg,GSE227903,Diagnosis,cellchat,Monocyte,Late GMP,MIF,CD74_CXCR4,0.0602344936235343,0.31,15,79
3853_Dg,GSE227903,Diagnosis,cellchat,pDC,Late GMP,MIF,CD74_CXCR4,0.0773169570051552,0.28,57,79
3853_Dg,GSE227903,Diagnosis,cellchat,Pro-Monocyte,Late GMP,MIF,CD74_CXCR4,0.099931345422775,0.02,12,79
3853_Dg,GSE227903,Diagnosis,cellchat,cDC,Monocyte,MIF,CD74_CXCR4,0.199665293261227,0,27,15
3853_Dg,GSE227903,Diagnosis,cellchat,Cycling Progenitor,Monocyte,MIF,CD74_CXCR4,0.249383044600443,0,45,15
3853_Dg,GSE227903,Diagnosis,cellchat,Early GMP,Monocyte,MIF,CD74_CXCR4,0.233848192761753,0,329,15
3853_Dg,GSE227903,Diagnosis,cellchat,EoBasoMast Precursor,Monocyte,MIF,CD74_CXCR4,0.226362359070962,0,12,15
3853_Dg,GSE227903,Diagnosis,cellchat,HSC MPP,Monocyte,MIF,CD74_CXCR4,0.199590859715898,0,173,15
3853_Dg,GSE227903,Diagnosis,cellchat,Late GMP,Monocyte,MIF,CD74_CXCR4,0.257383975970012,0,79,15
3853_Dg,GSE227903,Diagnosis,cellchat,LMPP,Monocyte,MIF,CD74_CXCR4,0.211983662623642,0,349,15
3853_Dg,GSE227903,Diagnosis,cellchat,Monocyte,Monocyte,MIF,CD74_CXCR4,0.161811834000452,0.01,15,15
3853_Dg,GSE227903,Diagnosis,cellchat,pDC,Monocyte,MIF,CD74_CXCR4,0.201524110412967,0,57,15
3853_Dg,GSE227903,Diagnosis,cellchat,Pro-Monocyte,Monocyte,MIF,CD74_CXCR4,0.250600740022142,0,12,15
3853_Dg,GSE227903,Diagnosis,cellchat,cDC,pDC,MIF,CD74_CXCR4,0.0954671953456277,0.05,27,57
3853_Dg,GSE227903,Diagnosis,cellchat,Cycling Progenitor,pDC,MIF,CD74_CXCR4,0.123234154082947,0,45,57
3853_Dg,GSE227903,Diagnosis,cellchat,Early GMP,pDC,MIF,CD74_CXCR4,0.114360274327908,0,329,57
3853_Dg,GSE227903,Diagnosis,cellchat,EoBasoMast Precursor,pDC,MIF,CD74_CXCR4,0.110149511346286,0,12,57
3853_Dg,GSE227903,Diagnosis,cellchat,HSC MPP,pDC,MIF,CD74_CXCR4,0.0954269744365494,0.05,173,57
3853_Dg,GSE227903,Diagnosis,cellchat,Late GMP,pDC,MIF,CD74_CXCR4,0.12787736011862,0,79,57
3853_Dg,GSE227903,Diagnosis,cellchat,LMPP,pDC,MIF,CD74_CXCR4,0.102177773471057,0.01,349,57
3853_Dg,GSE227903,Diagnosis,cellchat,Monocyte,pDC,MIF,CD74_CXCR4,0.0755044410321323,0.25,15,57
3853_Dg,GSE227903,Diagnosis,cellchat,pDC,pDC,MIF,CD74_CXCR4,0.096472893455988,0.03,57,57
3853_Dg,GSE227903,Diagnosis,cellchat,Pro-Monocyte,pDC,MIF,CD74_CXCR4,0.123937590138424,0,12,57
3853_Dg,GSE227903,Diagnosis,cellchat,cDC,Pro-Monocyte,MIF,CD74_CXCR4,0.10238291681596,0.08,27,12
3853_Dg,GSE227903,Diagnosis,cellchat,Cycling Progenitor,Pro-Monocyte,MIF,CD74_CXCR4,0.131868094090466,0.01,45,12
3853_Dg,GSE227903,Diagnosis,cellchat,Early GMP,Pro-Monocyte,MIF,CD74_CXCR4,0.122459335134376,0.03,329,12
3853_Dg,GSE227903,Diagnosis,cellchat,EoBasoMast Precursor,Pro-Monocyte,MIF,CD74_CXCR4,0.117990092581105,0.03,12,12
3853_Dg,GSE227903,Diagnosis,cellchat,HSC MPP,Pro-Monocyte,MIF,CD74_CXCR4,0.10234011192424,0.09,173,12
3853_Dg,GSE227903,Diagnosis,cellchat,Late GMP,Pro-Monocyte,MIF,CD74_CXCR4,0.136785856952017,0.01,79,12
3853_Dg,GSE227903,Diagnosis,cellchat,LMPP,Pro-Monocyte,MIF,CD74_CXCR4,0.109520755354033,0.03,349,12
3853_Dg,GSE227903,Diagnosis,cellchat,Monocyte,Pro-Monocyte,MIF,CD74_CXCR4,0.0811037085325267,0.24,15,12
3853_Dg,GSE227903,Diagnosis,cellchat,pDC,Pro-Monocyte,MIF,CD74_CXCR4,0.103453136113745,0.09,57,12
3853_Dg,GSE227903,Diagnosis,cellchat,Pro-Monocyte,Pro-Monocyte,MIF,CD74_CXCR4,0.132613359472897,0.01,12,12
3853_Dg,GSE227903,Diagnosis,cellchat,cDC,cDC,MIF,CD74_CD44,0.23270176384905,0.98,27,27
3853_Dg,GSE227903,Diagnosis,cellchat,Cycling Progenitor,cDC,MIF,CD74_CD44,0.287688760505641,0,45,27
3853_Dg,GSE227903,Diagnosis,cellchat,Early GMP,cDC,MIF,CD74_CD44,0.270628041906765,0.14,329,27
3853_Dg,GSE227903,Diagnosis,cellchat,EoBasoMast Precursor,cDC,MIF,CD74_CD44,0.262368021963794,0.49,12,27
3853_Dg,GSE227903,Diagnosis,cellchat,HSC MPP,cDC,MIF,CD74_CD44,0.232618594168685,0.98,173,27
3853_Dg,GSE227903,Diagnosis,cellchat,Late GMP,cDC,MIF,CD74_CD44,0.296433310616444,0,79,27
3853_Dg,GSE227903,Diagnosis,cellchat,LMPP,cDC,MIF,CD74_CD44,0.2464307436957,0.93,349,27
3853_Dg,GSE227903,Diagnosis,cellchat,pDC,cDC,MIF,CD74_CD44,0.234777917318378,0.98,57,27
3853_Dg,GSE227903,Diagnosis,cellchat,Pro-Monocyte,cDC,MIF,CD74_CD44,0.289021477290232,0.04,12,27
3853_Dg,GSE227903,Diagnosis,cellchat,Cycling Progenitor,Cycling Progenitor,MIF,CD74_CD44,0.255284441655745,0.73,45,45
3853_Dg,GSE227903,Diagnosis,cellchat,EoBasoMast Precursor,Cycling Progenitor,MIF,CD74_CD44,0.231887287419261,0.99,12,45
3853_Dg,GSE227903,Diagnosis,cellchat,Late GMP,Cycling Progenitor,MIF,CD74_CD44,0.263408265450168,0.43,79,45
3853_Dg,GSE227903,Diagnosis,cellchat,Pro-Monocyte,Cycling Progenitor,MIF,CD74_CD44,0.256521104984912,0.61,12,45
3853_Dg,GSE227903,Diagnosis,cellchat,Cycling Progenitor,Early GMP,MIF,CD74_CD44,0.280135734393441,0,45,329
3853_Dg,GSE227903,Diagnosis,cellchat,Early GMP,Early GMP,MIF,CD74_CD44,0.26335732651792,0.16,329,329
3853_Dg,GSE227903,Diagnosis,cellchat,EoBasoMast Precursor,Early GMP,MIF,CD74_CD44,0.255241562673005,0.72,12,329
3853_Dg,GSE227903,Diagnosis,cellchat,Late GMP,Early GMP,MIF,CD74_CD44,0.288743766991786,0,79,329
3853_Dg,GSE227903,Diagnosis,cellchat,Pro-Monocyte,Early GMP,MIF,CD74_CD44,0.281447286760405,0.1,12,329
3853_Dg,GSE227903,Diagnosis,cellchat,cDC,HSC MPP,MIF,CD74_CD44,0.252796340478135,0.76,27,173
3853_Dg,GSE227903,Diagnosis,cellchat,Cycling Progenitor,HSC MPP,MIF,CD74_CD44,0.310609487709214,0,45,173
3853_Dg,GSE227903,Diagnosis,cellchat,Early GMP,HSC MPP,MIF,CD74_CD44,0.29274814197959,0,329,173
3853_Dg,GSE227903,Diagnosis,cellchat,EoBasoMast Precursor,HSC MPP,MIF,CD74_CD44,0.284075934227293,0.06,12,173
3853_Dg,GSE227903,Diagnosis,cellchat,HSC MPP,HSC MPP,MIF,CD74_CD44,0.252708354190236,0.98,173,173
3853_Dg,GSE227903,Diagnosis,cellchat,Late GMP,HSC MPP,MIF,CD74_CD44,0.319738004781871,0,79,173
3853_Dg,GSE227903,Diagnosis,cellchat,LMPP,HSC MPP,MIF,CD74_CD44,0.267297864957716,0.05,349,173
3853_Dg,GSE227903,Diagnosis,cellchat,pDC,HSC MPP,MIF,CD74_CD44,0.254992196638704,0.79,57,173
3853_Dg,GSE227903,Diagnosis,cellchat,Pro-Monocyte,HSC MPP,MIF,CD74_CD44,0.312001876318163,0,12,173
3853_Dg,GSE227903,Diagnosis,cellchat,Cycling Progenitor,Late GMP,MIF,CD74_CD44,0.253904585597751,0.81,45,79
3853_Dg,GSE227903,Diagnosis,cellchat,Early GMP,Late GMP,MIF,CD74_CD44,0.238177446325937,0.99,329,79
3853_Dg,GSE227903,Diagnosis,cellchat,EoBasoMast Precursor,Late GMP,MIF,CD74_CD44,0.230594737994269,0.99,12,79
3853_Dg,GSE227903,Diagnosis,cellchat,Late GMP,Late GMP,MIF,CD74_CD44,0.261999947035975,0.41,79,79
3853_Dg,GSE227903,Diagnosis,cellchat,Pro-Monocyte,Late GMP,MIF,CD74_CD44,0.255136854593447,0.62,12,79
3853_Dg,GSE227903,Diagnosis,cellchat,cDC,LMPP,MIF,CD74_CD44,0.247729258570448,0.88,27,349
3853_Dg,GSE227903,Diagnosis,cellchat,Cycling Progenitor,LMPP,MIF,CD74_CD44,0.304856383679125,0,45,349
3853_Dg,GSE227903,Diagnosis,cellchat,Early GMP,LMPP,MIF,CD74_CD44,0.287188048527474,0,329,349
3853_Dg,GSE227903,Diagnosis,cellchat,EoBasoMast Precursor,LMPP,MIF,CD74_CD44,0.27861566417563,0.13,12,349
3853_Dg,GSE227903,Diagnosis,cellchat,Late GMP,LMPP,MIF,CD74_CD44,0.313892807093062,0,79,349
3853_Dg,GSE227903,Diagnosis,cellchat,LMPP,LMPP,MIF,CD74_CD44,0.262042049877663,0.43,349,349
3853_Dg,GSE227903,Diagnosis,cellchat,pDC,LMPP,MIF,CD74_CD44,0.249895820820904,0.9,57,349
3853_Dg,GSE227903,Diagnosis,cellchat,Pro-Monocyte,LMPP,MIF,CD74_CD44,0.306234438585662,0,12,349
3853_Dg,GSE227903,Diagnosis,cellchat,cDC,Monocyte,MIF,CD74_CD44,0.27204546664546,0.21,27,15
3853_Dg,GSE227903,Diagnosis,cellchat,Cycling Progenitor,Monocyte,MIF,CD74_CD44,0.332303012163433,0,45,15
3853_Dg,GSE227903,Diagnosis,cellchat,Early GMP,Monocyte,MIF,CD74_CD44,0.313761957665675,0,329,15
3853_Dg,GSE227903,Diagnosis,cellchat,EoBasoMast Precursor,Monocyte,MIF,CD74_CD44,0.304735467236476,0,12,15
3853_Dg,GSE227903,Diagnosis,cellchat,HSC MPP,Monocyte,MIF,CD74_CD44,0.271953219090339,0.25,173,15
3853_Dg,GSE227903,Diagnosis,cellchat,Late GMP,Monocyte,MIF,CD74_CD44,0.341753026239278,0,79,15
3853_Dg,GSE227903,Diagnosis,cellchat,LMPP,Monocyte,MIF,CD74_CD44,0.287226743827652,0.02,349,15
3853_Dg,GSE227903,Diagnosis,cellchat,pDC,Monocyte,MIF,CD74_CD44,0.2743471347079,0.19,57,15
3853_Dg,GSE227903,Diagnosis,cellchat,Pro-Monocyte,Monocyte,MIF,CD74_CD44,0.333745568819568,0,12,15
3853_Dg,GSE227903,Diagnosis,cellchat,cDC,pDC,MIF,CD74_CD44,0.24254512773815,0.92,27,57
3853_Dg,GSE227903,Diagnosis,cellchat,Cycling Progenitor,pDC,MIF,CD74_CD44,0.298951857897895,0,45,57
3853_Dg,GSE227903,Diagnosis,cellchat,Early GMP,pDC,MIF,CD74_CD44,0.281487156904624,0.01,329,57
3853_Dg,GSE227903,Diagnosis,cellchat,EoBasoMast Precursor,pDC,MIF,CD74_CD44,0.273019763195769,0.2,12,57
3853_Dg,GSE227903,Diagnosis,cellchat,HSC MPP,pDC,MIF,CD74_CD44,0.24245955164273,0.99,173,57
3853_Dg,GSE227903,Diagnosis,cellchat,Late GMP,pDC,MIF,CD74_CD44,0.307890780918156,0,79,57
3853_Dg,GSE227903,Diagnosis,cellchat,LMPP,pDC,MIF,CD74_CD44,0.256660590910451,0.78,349,57
3853_Dg,GSE227903,Diagnosis,cellchat,pDC,pDC,MIF,CD74_CD44,0.244681097951036,0.97,57,57
3853_Dg,GSE227903,Diagnosis,cellchat,Pro-Monocyte,pDC,MIF,CD74_CD44,0.300314753104468,0.02,12,57
3853_Dg,GSE227903,Diagnosis,cellchat,cDC,Pro-Monocyte,MIF,CD74_CD44,0.236912545090386,0.92,27,12
3853_Dg,GSE227903,Diagnosis,cellchat,Cycling Progenitor,Pro-Monocyte,MIF,CD74_CD44,0.292515220234097,0.02,45,12
3853_Dg,GSE227903,Diagnosis,cellchat,Early GMP,Pro-Monocyte,MIF,CD74_CD44,0.27527889258388,0.19,329,12
3853_Dg,GSE227903,Diagnosis,cellchat,EoBasoMast Precursor,Pro-Monocyte,MIF,CD74_CD44,0.266928871103918,0.39,12,12
3853_Dg,GSE227903,Diagnosis,cellchat,HSC MPP,Pro-Monocyte,MIF,CD74_CD44,0.236828334951949,0.92,173,12
3853_Dg,GSE227903,Diagnosis,cellchat,Late GMP,Pro-Monocyte,MIF,CD74_CD44,0.301344411237388,0,79,12
3853_Dg,GSE227903,Diagnosis,cellchat,LMPP,Pro-Monocyte,MIF,CD74_CD44,0.250808748918025,0.74,349,12
3853_Dg,GSE227903,Diagnosis,cellchat,pDC,Pro-Monocyte,MIF,CD74_CD44,0.239014564331747,0.88,57,12
3853_Dg,GSE227903,Diagnosis,cellchat,Pro-Monocyte,Pro-Monocyte,MIF,CD74_CD44,0.293861071641584,0.02,12,12
3853_Dg,GSE227903,Diagnosis,cellchat,Cycling Progenitor,HSC MPP,IL1B,IL1R1_IL1RAP,0.00157622414615475,0,45,173
3853_Dg,GSE227903,Diagnosis,cellchat,Early GMP,HSC MPP,IL1B,IL1R1_IL1RAP,0.00282165911576616,0,329,173
3853_Dg,GSE227903,Diagnosis,cellchat,EoBasoMast Precursor,HSC MPP,IL1B,IL1R1_IL1RAP,0.00468565615395816,0,12,173
3853_Dg,GSE227903,Diagnosis,cellchat,HSC MPP,HSC MPP,IL1B,IL1R1_IL1RAP,0.003021074883394,0,173,173
3853_Dg,GSE227903,Diagnosis,cellchat,LMPP,HSC MPP,IL1B,IL1R1_IL1RAP,0.00307933335372963,0,349,173
3853_Dg,GSE227903,Diagnosis,cellchat,Monocyte,HSC MPP,IL1B,IL1R1_IL1RAP,0.00432568908336283,0,15,173
3853_Dg,GSE227903,Diagnosis,cellchat,EoBasoMast Precursor,cDC,CSF1,CSF1R,0.00286551827006144,0,12,27
3853_Dg,GSE227903,Diagnosis,cellchat,EoBasoMast Precursor,Cycling Progenitor,CSF1,CSF1R,0.00431208778762774,0,12,45
3853_Dg,GSE227903,Diagnosis,cellchat,EoBasoMast Precursor,Early GMP,CSF1,CSF1R,0.00659711493283107,0,12,329
3853_Dg,GSE227903,Diagnosis,cellchat,EoBasoMast Precursor,LMPP,CSF1,CSF1R,0.00809586907009959,0,12,349
3853_Dg,GSE227903,Diagnosis,cellchat,EoBasoMast Precursor,Monocyte,CSF1,CSF1R,0.00866610344015881,0,12,15
3853_Dg,GSE227903,Diagnosis,cellchat,EoBasoMast Precursor,pDC,CSF1,CSF1R,0.00683605342396599,0,12,57
3853_Dg,GSE227903,Diagnosis,cellchat,EoBasoMast Precursor,Pro-Monocyte,CSF1,CSF1R,0.0140087645029742,0,12,12
3853_Dg,GSE227903,Diagnosis,cellchat,cDC,Monocyte,TNFSF10,TNFRSF10A,0.00104789622415137,0,27,15
3853_Dg,GSE227903,Diagnosis,cellchat,EoBasoMast Precursor,Monocyte,TNFSF10,TNFRSF10A,0.00108606335954207,0,12,15
3853_Dg,GSE227903,Diagnosis,cellchat,Monocyte,Monocyte,TNFSF10,TNFRSF10A,0.00722884797920145,0,15,15
3853_Dg,GSE227903,Diagnosis,cellchat,Pro-Monocyte,Monocyte,TNFSF10,TNFRSF10A,0.000280301493082017,0.01,12,15
3853_Dg,GSE227903,Diagnosis,cellchat,Cycling Progenitor,Cycling Progenitor,TNFSF4,TNFRSF4,0.000631826446468197,0.17,45,45
3853_Dg,GSE227903,Diagnosis,cellchat,LMPP,Cycling Progenitor,TNFSF4,TNFRSF4,0.000972585092698074,0,349,45
3853_Dg,GSE227903,Diagnosis,cellchat,Cycling Progenitor,Early GMP,TNFSF4,TNFRSF4,0.000582413557231101,0.2,45,329
3853_Dg,GSE227903,Diagnosis,cellchat,LMPP,Early GMP,TNFSF4,TNFRSF4,0.000896546594706544,0,349,329
3853_Dg,GSE227903,Diagnosis,cellchat,Cycling Progenitor,HSC MPP,TNFSF4,TNFRSF4,0.00133343773908357,0.06,45,173
3853_Dg,GSE227903,Diagnosis,cellchat,LMPP,HSC MPP,TNFSF4,TNFRSF4,0.00205181472868592,0,349,173
3853_Dg,GSE227903,Diagnosis,cellchat,Cycling Progenitor,LMPP,TNFSF4,TNFRSF4,0.00104037310435919,0.14,45,349
3853_Dg,GSE227903,Diagnosis,cellchat,LMPP,LMPP,TNFSF4,TNFRSF4,0.00160111742080846,0,349,349
3853_Dg,GSE227903,Diagnosis,cellchat,Cycling Progenitor,pDC,TNFSF4,TNFRSF4,0.00103785643736123,0.14,45,57
3853_Dg,GSE227903,Diagnosis,cellchat,LMPP,pDC,TNFSF4,TNFRSF4,0.00159724647973598,0,349,57
3853_Dg,GSE227903,Diagnosis,cellchat,Cycling Progenitor,Early GMP,RETN,TLR4,0.00268978677931127,0,45,329
3853_Dg,GSE227903,Diagnosis,cellchat,Early GMP,Early GMP,RETN,TLR4,0.00265533709254291,0,329,329
3853_Dg,GSE227903,Diagnosis,cellchat,EoBasoMast Precursor,Early GMP,RETN,TLR4,0.000234204786285976,0,12,329
3853_Dg,GSE227903,Diagnosis,cellchat,HSC MPP,Early GMP,RETN,TLR4,0.00108528944304466,0,173,329
3853_Dg,GSE227903,Diagnosis,cellchat,Late GMP,Early GMP,RETN,TLR4,0.00551097564495697,0,79,329
3853_Dg,GSE227903,Diagnosis,cellchat,LMPP,Early GMP,RETN,TLR4,0.00110923015837155,0,349,329
3853_Dg,GSE227903,Diagnosis,cellchat,Monocyte,Early GMP,RETN,TLR4,0.00990450577558622,0,15,329
3853_Dg,GSE227903,Diagnosis,cellchat,pDC,Early GMP,RETN,TLR4,0.0031554785474019,0,57,329
3853_Dg,GSE227903,Diagnosis,cellchat,Pro-Monocyte,Early GMP,RETN,TLR4,0.0125425166293762,0,12,329
3853_Dg,GSE227903,Diagnosis,cellchat,Cycling Progenitor,Late GMP,RETN,TLR4,0.0041219320745583,0.01,45,79
3853_Dg,GSE227903,Diagnosis,cellchat,Early GMP,Late GMP,RETN,TLR4,0.00406921489794242,0,329,79
3853_Dg,GSE227903,Diagnosis,cellchat,EoBasoMast Precursor,Late GMP,RETN,TLR4,0.000359375497904833,0.1,12,79
3853_Dg,GSE227903,Diagnosis,cellchat,HSC MPP,Late GMP,RETN,TLR4,0.00166456489236139,0.04,173,79
3853_Dg,GSE227903,Diagnosis,cellchat,Late GMP,Late GMP,RETN,TLR4,0.00843252899072037,0,79,79
3853_Dg,GSE227903,Diagnosis,cellchat,LMPP,Late GMP,RETN,TLR4,0.00170126225018684,0.02,349,79
3853_Dg,GSE227903,Diagnosis,cellchat,Monocyte,Late GMP,RETN,TLR4,0.0151198054891004,0,15,79
3853_Dg,GSE227903,Diagnosis,cellchat,pDC,Late GMP,RETN,TLR4,0.00483437401439785,0,57,79
3853_Dg,GSE227903,Diagnosis,cellchat,Pro-Monocyte,Late GMP,RETN,TLR4,0.0191200581328201,0,12,79
3853_Dg,GSE227903,Diagnosis,cellchat,Cycling Progenitor,Monocyte,RETN,TLR4,0.00724151395003604,0,45,15
3853_Dg,GSE227903,Diagnosis,cellchat,Early GMP,Monocyte,RETN,TLR4,0.00714918550467308,0,329,15
3853_Dg,GSE227903,Diagnosis,cellchat,EoBasoMast Precursor,Monocyte,RETN,TLR4,0.000633170391369692,0.24,12,15
3853_Dg,GSE227903,Diagnosis,cellchat,HSC MPP,Monocyte,RETN,TLR4,0.00292982089853653,0.05,173,15
3853_Dg,GSE227903,Diagnosis,cellchat,Late GMP,Monocyte,RETN,TLR4,0.0147661071757739,0,79,15
3853_Dg,GSE227903,Diagnosis,cellchat,LMPP,Monocyte,RETN,TLR4,0.00299432870068249,0.05,349,15
3853_Dg,GSE227903,Diagnosis,cellchat,Monocyte,Monocyte,RETN,TLR4,0.0263426846028847,0,15,15
3853_Dg,GSE227903,Diagnosis,cellchat,pDC,Monocyte,RETN,TLR4,0.00848855394916115,0,57,15
3853_Dg,GSE227903,Diagnosis,cellchat,Pro-Monocyte,Monocyte,RETN,TLR4,0.0332120500921514,0,12,15
3853_Dg,GSE227903,Diagnosis,cellchat,Cycling Progenitor,Pro-Monocyte,RETN,TLR4,0.00478424196539811,0.03,45,12
3853_Dg,GSE227903,Diagnosis,cellchat,Early GMP,Pro-Monocyte,RETN,TLR4,0.00472309439328745,0.02,329,12
3853_Dg,GSE227903,Diagnosis,cellchat,EoBasoMast Precursor,Pro-Monocyte,RETN,TLR4,0.000417373138872459,0.35,12,12
3853_Dg,GSE227903,Diagnosis,cellchat,HSC MPP,Pro-Monocyte,RETN,TLR4,0.00193279262798462,0.14,173,12
3853_Dg,GSE227903,Diagnosis,cellchat,Late GMP,Pro-Monocyte,RETN,TLR4,0.00978066097661788,0.01,79,12
3853_Dg,GSE227903,Diagnosis,cellchat,LMPP,Pro-Monocyte,RETN,TLR4,0.00197539169174239,0.14,349,12
3853_Dg,GSE227903,Diagnosis,cellchat,Monocyte,Pro-Monocyte,RETN,TLR4,0.0175181628843125,0,15,12
3853_Dg,GSE227903,Diagnosis,cellchat,pDC,Pro-Monocyte,RETN,TLR4,0.00561051378292039,0.05,57,12
3853_Dg,GSE227903,Diagnosis,cellchat,Pro-Monocyte,Pro-Monocyte,RETN,TLR4,0.0221386864326579,0,12,12
3853_Dg,GSE227903,Diagnosis,cellchat,Cycling Progenitor,cDC,RETN,CAP1,0.0519630793622294,0.02,45,27
3853_Dg,GSE227903,Diagnosis,cellchat,Early GMP,cDC,RETN,CAP1,0.0513300378586511,0,329,27
3853_Dg,GSE227903,Diagnosis,cellchat,EoBasoMast Precursor,cDC,RETN,CAP1,0.00473823778322378,0.87,12,27
3853_Dg,GSE227903,Diagnosis,cellchat,HSC MPP,cDC,RETN,CAP1,0.0216030125124532,0.36,173,27
3853_Dg,GSE227903,Diagnosis,cellchat,Late GMP,cDC,RETN,CAP1,0.101219498259443,0,79,27
3853_Dg,GSE227903,Diagnosis,cellchat,LMPP,cDC,RETN,CAP1,0.0220695599686175,0.33,349,27
3853_Dg,GSE227903,Diagnosis,cellchat,Monocyte,cDC,RETN,CAP1,0.168952173815636,0,15,27
3853_Dg,GSE227903,Diagnosis,cellchat,pDC,cDC,RETN,CAP1,0.0604426033997173,0,57,27
3853_Dg,GSE227903,Diagnosis,cellchat,Pro-Monocyte,cDC,RETN,CAP1,0.205173271715019,0,12,27
3853_Dg,GSE227903,Diagnosis,cellchat,Cycling Progenitor,Cycling Progenitor,RETN,CAP1,0.0356116491184683,0.28,45,45
3853_Dg,GSE227903,Diagnosis,cellchat,Early GMP,Cycling Progenitor,RETN,CAP1,0.0351704193040906,0.18,329,45
3853_Dg,GSE227903,Diagnosis,cellchat,EoBasoMast Precursor,Cycling Progenitor,RETN,CAP1,0.00319712279261371,0.9,12,45
3853_Dg,GSE227903,Diagnosis,cellchat,HSC MPP,Cycling Progenitor,RETN,CAP1,0.0146574010282592,0.9,173,45
3853_Dg,GSE227903,Diagnosis,cellchat,Late GMP,Cycling Progenitor,RETN,CAP1,0.0705213258765614,0,79,45
3853_Dg,GSE227903,Diagnosis,cellchat,LMPP,Cycling Progenitor,RETN,CAP1,0.0149762442720422,0.89,349,45
3853_Dg,GSE227903,Diagnosis,cellchat,Monocyte,Cycling Progenitor,RETN,CAP1,0.120465124091136,0,15,45
3853_Dg,GSE227903,Diagnosis,cellchat,pDC,Cycling Progenitor,RETN,CAP1,0.0415398027213239,0.16,57,45
3853_Dg,GSE227903,Diagnosis,cellchat,Pro-Monocyte,Cycling Progenitor,RETN,CAP1,0.148144273665754,0,12,45
3853_Dg,GSE227903,Diagnosis,cellchat,Cycling Progenitor,Early GMP,RETN,CAP1,0.0324040321471403,0.36,45,329
3853_Dg,GSE227903,Diagnosis,cellchat,Early GMP,Early GMP,RETN,CAP1,0.0320012260678628,0.26,329,329
3853_Dg,GSE227903,Diagnosis,cellchat,EoBasoMast Precursor,Early GMP,RETN,CAP1,0.00290037039353406,0.94,12,329
3853_Dg,GSE227903,Diagnosis,cellchat,Late GMP,Early GMP,RETN,CAP1,0.0643792285928293,0,79,329
3853_Dg,GSE227903,Diagnosis,cellchat,Monocyte,Early GMP,RETN,CAP1,0.110490227009414,0,15,329
3853_Dg,GSE227903,Diagnosis,cellchat,pDC,Early GMP,RETN,CAP1,0.0378191640176321,0.29,57,329
3853_Dg,GSE227903,Diagnosis,cellchat,Pro-Monocyte,Early GMP,RETN,CAP1,0.136232453760681,0,12,329
3853_Dg,GSE227903,Diagnosis,cellchat,Cycling Progenitor,EoBasoMast Precursor,RETN,CAP1,0.0258316226675527,0.37,45,12
3853_Dg,GSE227903,Diagnosis,cellchat,Early GMP,EoBasoMast Precursor,RETN,CAP1,0.0255083626742884,0.31,329,12
3853_Dg,GSE227903,Diagnosis,cellchat,EoBasoMast Precursor,EoBasoMast Precursor,RETN,CAP1,0.00229788588153047,0.95,12,12
3853_Dg,GSE227903,Diagnosis,cellchat,Late GMP,EoBasoMast Precursor,RETN,CAP1,0.0516676981029964,0,79,12
3853_Dg,GSE227903,Diagnosis,cellchat,Monocyte,EoBasoMast Precursor,RETN,CAP1,0.089545552337938,0,15,12
3853_Dg,GSE227903,Diagnosis,cellchat,pDC,EoBasoMast Precursor,RETN,CAP1,0.0301826809801836,0.42,57,12
3853_Dg,GSE227903,Diagnosis,cellchat,Pro-Monocyte,EoBasoMast Precursor,RETN,CAP1,0.11101707299169,0,12,12
3853_Dg,GSE227903,Diagnosis,cellchat,Cycling Progenitor,HSC MPP,RETN,CAP1,0.0343289198653811,0.34,45,173
3853_Dg,GSE227903,Diagnosis,cellchat,Early GMP,HSC MPP,RETN,CAP1,0.0339030243997814,0.22,329,173
3853_Dg,GSE227903,Diagnosis,cellchat,EoBasoMast Precursor,HSC MPP,RETN,CAP1,0.00307823587093971,0.92,12,173
3853_Dg,GSE227903,Diagnosis,cellchat,HSC MPP,HSC MPP,RETN,CAP1,0.0141183927653781,0.99,173,173
3853_Dg,GSE227903,Diagnosis,cellchat,Late GMP,HSC MPP,RETN,CAP1,0.0680699071877287,0,79,173
3853_Dg,GSE227903,Diagnosis,cellchat,Monocyte,HSC MPP,RETN,CAP1,0.116495184104861,0,15,173
3853_Dg,GSE227903,Diagnosis,cellchat,pDC,HSC MPP,RETN,CAP1,0.0400524100394628,0.23,57,173
3853_Dg,GSE227903,Diagnosis,cellchat,Pro-Monocyte,HSC MPP,RETN,CAP1,0.143410896595724,0,12,173
3853_Dg,GSE227903,Diagnosis,cellchat,Cycling Progenitor,Late GMP,RETN,CAP1,0.0284678229244318,0.38,45,79
3853_Dg,GSE227903,Diagnosis,cellchat,Early GMP,Late GMP,RETN,CAP1,0.0281125252246883,0.33,329,79
3853_Dg,GSE227903,Diagnosis,cellchat,EoBasoMast Precursor,Late GMP,RETN,CAP1,0.00253865126949341,0.95,12,79
3853_Dg,GSE227903,Diagnosis,cellchat,Late GMP,Late GMP,RETN,CAP1,0.0567868554500388,0,79,79
3853_Dg,GSE227903,Diagnosis,cellchat,Monocyte,Late GMP,RETN,CAP1,0.0980296527644663,0,15,79
3853_Dg,GSE227903,Diagnosis,cellchat,pDC,Late GMP,RETN,CAP1,0.0332477659512896,0.4,57,79
3853_Dg,GSE227903,Diagnosis,cellchat,Pro-Monocyte,Late GMP,RETN,CAP1,0.121264561386519,0,12,79
3853_Dg,GSE227903,Diagnosis,cellchat,Cycling Progenitor,LMPP,RETN,CAP1,0.0358766732597089,0.31,45,349
3853_Dg,GSE227903,Diagnosis,cellchat,Early GMP,LMPP,RETN,CAP1,0.0354322804290885,0.2,329,349
3853_Dg,GSE227903,Diagnosis,cellchat,EoBasoMast Precursor,LMPP,RETN,CAP1,0.00322172185996347,0.91,12,349
3853_Dg,GSE227903,Diagnosis,cellchat,HSC MPP,LMPP,RETN,CAP1,0.0147688704775331,0.97,173,349
3853_Dg,GSE227903,Diagnosis,cellchat,Late GMP,LMPP,RETN,CAP1,0.0710270158152121,0,79,349
3853_Dg,GSE227903,Diagnosis,cellchat,LMPP,LMPP,RETN,CAP1,0.0150901013875317,0.99,349,349
3853_Dg,GSE227903,Diagnosis,cellchat,Monocyte,LMPP,RETN,CAP1,0.121282217124074,0,15,349
3853_Dg,GSE227903,Diagnosis,cellchat,pDC,LMPP,RETN,CAP1,0.0418470301877186,0.16,57,349
3853_Dg,GSE227903,Diagnosis,cellchat,Pro-Monocyte,LMPP,RETN,CAP1,0.149117279250595,0,12,349
3853_Dg,GSE227903,Diagnosis,cellchat,Cycling Progenitor,Monocyte,RETN,CAP1,0.056207478675957,0,45,15
3853_Dg,GSE227903,Diagnosis,cellchat,Early GMP,Monocyte,RETN,CAP1,0.0555257581390176,0,329,15
3853_Dg,GSE227903,Diagnosis,cellchat,EoBasoMast Precursor,Monocyte,RETN,CAP1,0.00514620093520554,0.87,12,15
3853_Dg,GSE227903,Diagnosis,cellchat,HSC MPP,Monocyte,RETN,CAP1,0.0234288538269887,0.36,173,15
3853_Dg,GSE227903,Diagnosis,cellchat,Late GMP,Monocyte,RETN,CAP1,0.109024531395412,0,79,15
3853_Dg,GSE227903,Diagnosis,cellchat,LMPP,Monocyte,RETN,CAP1,0.0239338683067129,0.33,349,15
3853_Dg,GSE227903,Diagnosis,cellchat,Monocyte,Monocyte,RETN,CAP1,0.180928685013284,0,15,15
3853_Dg,GSE227903,Diagnosis,cellchat,pDC,Monocyte,RETN,CAP1,0.0653318890608205,0,57,15
3853_Dg,GSE227903,Diagnosis,cellchat,Pro-Monocyte,Monocyte,RETN,CAP1,0.219040639779094,0,12,15
3853_Dg,GSE227903,Diagnosis,cellchat,Cycling Progenitor,pDC,RETN,CAP1,0.0423981604458582,0.09,45,57
3853_Dg,GSE227903,Diagnosis,cellchat,Early GMP,pDC,RETN,CAP1,0.0418764966914613,0.01,329,57
3853_Dg,GSE227903,Diagnosis,cellchat,EoBasoMast Precursor,pDC,RETN,CAP1,0.00383093688017089,0.88,12,57
3853_Dg,GSE227903,Diagnosis,cellchat,HSC MPP,pDC,RETN,CAP1,0.017523220216998,0.41,173,57
3853_Dg,GSE227903,Diagnosis,cellchat,Late GMP,pDC,RETN,CAP1,0.0833853481967824,0,79,57
3853_Dg,GSE227903,Diagnosis,cellchat,LMPP,pDC,RETN,CAP1,0.0179032710837789,0.41,349,57
3853_Dg,GSE227903,Diagnosis,cellchat,Monocyte,pDC,RETN,CAP1,0.141056966922718,0,15,57
3853_Dg,GSE227903,Diagnosis,cellchat,pDC,pDC,RETN,CAP1,0.0493981749174926,0,57,57
3853_Dg,GSE227903,Diagnosis,cellchat,Pro-Monocyte,pDC,RETN,CAP1,0.172539325918389,0,12,57
3853_Dg,GSE227903,Diagnosis,cellchat,Cycling Progenitor,Pro-Monocyte,RETN,CAP1,0.0360288200333536,0.25,45,12
3853_Dg,GSE227903,Diagnosis,cellchat,Early GMP,Pro-Monocyte,RETN,CAP1,0.0355826121636272,0.11,329,12
3853_Dg,GSE227903,Diagnosis,cellchat,EoBasoMast Precursor,Pro-Monocyte,RETN,CAP1,0.00323584941428238,0.91,12,12
3853_Dg,GSE227903,Diagnosis,cellchat,HSC MPP,Pro-Monocyte,RETN,CAP1,0.0148328798725794,0.8,173,12
3853_Dg,GSE227903,Diagnosis,cellchat,Late GMP,Pro-Monocyte,RETN,CAP1,0.0713172025135703,0,79,12
3853_Dg,GSE227903,Diagnosis,cellchat,LMPP,Pro-Monocyte,RETN,CAP1,0.0151554816051471,0.8,349,12
3853_Dg,GSE227903,Diagnosis,cellchat,Monocyte,Pro-Monocyte,RETN,CAP1,0.121750816185603,0,15,12
3853_Dg,GSE227903,Diagnosis,cellchat,pDC,Pro-Monocyte,RETN,CAP1,0.0420233926195533,0.15,57,12
3853_Dg,GSE227903,Diagnosis,cellchat,Pro-Monocyte,Pro-Monocyte,RETN,CAP1,0.149675106077844,0,12,12
3853_Dg,GSE227903,Diagnosis,cellchat,cDC,Cycling Progenitor,NAMPT,ITGA5_ITGB1,0.00397163425467572,0.02,27,45
3853_Dg,GSE227903,Diagnosis,cellchat,Cycling Progenitor,Cycling Progenitor,NAMPT,ITGA5_ITGB1,0.00197507727184386,0.09,45,45
3853_Dg,GSE227903,Diagnosis,cellchat,Early GMP,Cycling Progenitor,NAMPT,ITGA5_ITGB1,0.00107171835557121,0.19,329,45
3853_Dg,GSE227903,Diagnosis,cellchat,EoBasoMast Precursor,Cycling Progenitor,NAMPT,ITGA5_ITGB1,0.00112981395726199,0.13,12,45
3853_Dg,GSE227903,Diagnosis,cellchat,HSC MPP,Cycling Progenitor,NAMPT,ITGA5_ITGB1,0.0011159768559751,0.19,173,45
3853_Dg,GSE227903,Diagnosis,cellchat,Late GMP,Cycling Progenitor,NAMPT,ITGA5_ITGB1,0.0027149668642254,0.07,79,45
3853_Dg,GSE227903,Diagnosis,cellchat,LMPP,Cycling Progenitor,NAMPT,ITGA5_ITGB1,0.00109556406356496,0.19,349,45
3853_Dg,GSE227903,Diagnosis,cellchat,Monocyte,Cycling Progenitor,NAMPT,ITGA5_ITGB1,0.0055818937184167,0.01,15,45
3853_Dg,GSE227903,Diagnosis,cellchat,pDC,Cycling Progenitor,NAMPT,ITGA5_ITGB1,0.00109755080694102,0.18,57,45
3853_Dg,GSE227903,Diagnosis,cellchat,Pro-Monocyte,Cycling Progenitor,NAMPT,ITGA5_ITGB1,0.00221493859893162,0.08,12,45
3853_Dg,GSE227903,Diagnosis,cellchat,cDC,Early GMP,NAMPT,ITGA5_ITGB1,0.00484946257172468,0,27,329
3853_Dg,GSE227903,Diagnosis,cellchat,Cycling Progenitor,Early GMP,NAMPT,ITGA5_ITGB1,0.00241268659449543,0.07,45,329
3853_Dg,GSE227903,Diagnosis,cellchat,Early GMP,Early GMP,NAMPT,ITGA5_ITGB1,0.00130943695986594,0.07,329,329
3853_Dg,GSE227903,Diagnosis,cellchat,EoBasoMast Precursor,Early GMP,NAMPT,ITGA5_ITGB1,0.00138040098069666,0.04,12,329
3853_Dg,GSE227903,Diagnosis,cellchat,HSC MPP,Early GMP,NAMPT,ITGA5_ITGB1,0.00136349906961464,0.03,173,329
3853_Dg,GSE227903,Diagnosis,cellchat,Late GMP,Early GMP,NAMPT,ITGA5_ITGB1,0.00331596564575754,0.01,79,329
3853_Dg,GSE227903,Diagnosis,cellchat,LMPP,Early GMP,NAMPT,ITGA5_ITGB1,0.00133856481358985,0.02,349,329
3853_Dg,GSE227903,Diagnosis,cellchat,Monocyte,Early GMP,NAMPT,ITGA5_ITGB1,0.00681319423340173,0,15,329
3853_Dg,GSE227903,Diagnosis,cellchat,pDC,Early GMP,NAMPT,ITGA5_ITGB1,0.00134099163348206,0.08,57,329
3853_Dg,GSE227903,Diagnosis,cellchat,Pro-Monocyte,Early GMP,NAMPT,ITGA5_ITGB1,0.00270554888662069,0.03,12,329
3853_Dg,GSE227903,Diagnosis,cellchat,cDC,Late GMP,NAMPT,ITGA5_ITGB1,0.00478347625024656,0,27,79
3853_Dg,GSE227903,Diagnosis,cellchat,Cycling Progenitor,Late GMP,NAMPT,ITGA5_ITGB1,0.00237977803414495,0.08,45,79
3853_Dg,GSE227903,Diagnosis,cellchat,Early GMP,Late GMP,NAMPT,ITGA5_ITGB1,0.00129155702035929,0.26,329,79
3853_Dg,GSE227903,Diagnosis,cellchat,EoBasoMast Precursor,Late GMP,NAMPT,ITGA5_ITGB1,0.00136155337142791,0.21,12,79
3853_Dg,GSE227903,Diagnosis,cellchat,HSC MPP,Late GMP,NAMPT,ITGA5_ITGB1,0.00134488192352419,0.24,173,79
3853_Dg,GSE227903,Diagnosis,cellchat,Late GMP,Late GMP,NAMPT,ITGA5_ITGB1,0.00327077693586481,0.07,79,79
3853_Dg,GSE227903,Diagnosis,cellchat,LMPP,Late GMP,NAMPT,ITGA5_ITGB1,0.00132028766844027,0.25,349,79
3853_Dg,GSE227903,Diagnosis,cellchat,Monocyte,Late GMP,NAMPT,ITGA5_ITGB1,0.00672066799688843,0,15,79
3853_Dg,GSE227903,Diagnosis,cellchat,pDC,Late GMP,NAMPT,ITGA5_ITGB1,0.00132268139573035,0.25,57,79
3853_Dg,GSE227903,Diagnosis,cellchat,Pro-Monocyte,Late GMP,NAMPT,ITGA5_ITGB1,0.00266865642940351,0.11,12,79
3853_Dg,GSE227903,Diagnosis,cellchat,cDC,Cycling Progenitor,MDK,ITGA4_ITGB1,0.00638561605735908,0.2,27,45
3853_Dg,GSE227903,Diagnosis,cellchat,Cycling Progenitor,Cycling Progenitor,MDK,ITGA4_ITGB1,0.0363730546738944,0,45,45
3853_Dg,GSE227903,Diagnosis,cellchat,Early GMP,Cycling Progenitor,MDK,ITGA4_ITGB1,0.0316299857944015,0.01,329,45
3853_Dg,GSE227903,Diagnosis,cellchat,EoBasoMast Precursor,Cycling Progenitor,MDK,ITGA4_ITGB1,0.0253295537009377,0.13,12,45
3853_Dg,GSE227903,Diagnosis,cellchat,HSC MPP,Cycling Progenitor,MDK,ITGA4_ITGB1,0.027190839542269,0.1,173,45
3853_Dg,GSE227903,Diagnosis,cellchat,Late GMP,Cycling Progenitor,MDK,ITGA4_ITGB1,0.0295879386768379,0.04,79,45
3853_Dg,GSE227903,Diagnosis,cellchat,LMPP,Cycling Progenitor,MDK,ITGA4_ITGB1,0.0275766107443182,0.11,349,45
3853_Dg,GSE227903,Diagnosis,cellchat,pDC,Cycling Progenitor,MDK,ITGA4_ITGB1,0.0188682518631632,0.2,57,45
3853_Dg,GSE227903,Diagnosis,cellchat,Pro-Monocyte,Cycling Progenitor,MDK,ITGA4_ITGB1,0.0043116058635665,0.2,12,45
3853_Dg,GSE227903,Diagnosis,cellchat,cDC,Early GMP,MDK,ITGA4_ITGB1,0.00599126394369044,0.11,27,329
3853_Dg,GSE227903,Diagnosis,cellchat,Cycling Progenitor,Early GMP,MDK,ITGA4_ITGB1,0.0341905136717421,0,45,329
3853_Dg,GSE227903,Diagnosis,cellchat,Early GMP,Early GMP,MDK,ITGA4_ITGB1,0.0297232708016817,0,329,329
3853_Dg,GSE227903,Diagnosis,cellchat,EoBasoMast Precursor,Early GMP,MDK,ITGA4_ITGB1,0.0237933086847622,0.05,12,329
3853_Dg,GSE227903,Diagnosis,cellchat,HSC MPP,Early GMP,MDK,ITGA4_ITGB1,0.0255446655974549,0.04,173,329
3853_Dg,GSE227903,Diagnosis,cellchat,Late GMP,Early GMP,MDK,ITGA4_ITGB1,0.0278007881079972,0,79,329
3853_Dg,GSE227903,Diagnosis,cellchat,LMPP,Early GMP,MDK,ITGA4_ITGB1,0.0259077036271811,0.03,349,329
3853_Dg,GSE227903,Diagnosis,cellchat,pDC,Early GMP,MDK,ITGA4_ITGB1,0.0177167634654466,0.11,57,329
3853_Dg,GSE227903,Diagnosis,cellchat,Pro-Monocyte,Early GMP,MDK,ITGA4_ITGB1,0.00404481557324919,0.11,12,329
3853_Dg,GSE227903,Diagnosis,cellchat,cDC,Late GMP,MDK,ITGA4_ITGB1,0.00579757782441297,0.39,27,79
3853_Dg,GSE227903,Diagnosis,cellchat,Cycling Progenitor,Late GMP,MDK,ITGA4_ITGB1,0.0331155707110791,0.01,45,79
3853_Dg,GSE227903,Diagnosis,cellchat,Early GMP,Late GMP,MDK,ITGA4_ITGB1,0.0287845911783882,0.07,329,79
3853_Dg,GSE227903,Diagnosis,cellchat,EoBasoMast Precursor,Late GMP,MDK,ITGA4_ITGB1,0.02303745457083,0.2,12,79
3853_Dg,GSE227903,Diagnosis,cellchat,HSC MPP,Late GMP,MDK,ITGA4_ITGB1,0.0247345849198899,0.22,173,79
3853_Dg,GSE227903,Diagnosis,cellchat,Late GMP,Late GMP,MDK,ITGA4_ITGB1,0.0269211371609129,0.15,79,79
3853_Dg,GSE227903,Diagnosis,cellchat,LMPP,Late GMP,MDK,ITGA4_ITGB1,0.025086406555803,0.2,349,79
3853_Dg,GSE227903,Diagnosis,cellchat,pDC,Late GMP,MDK,ITGA4_ITGB1,0.0171505546692836,0.33,57,79
3853_Dg,GSE227903,Diagnosis,cellchat,Pro-Monocyte,Late GMP,MDK,ITGA4_ITGB1,0.00391380665132441,0.39,12,79
3853_Dg,GSE227903,Diagnosis,cellchat,cDC,Cycling Progenitor,MDK,ITGA6_ITGB1,0.00220258134546084,0.13,27,45
3853_Dg,GSE227903,Diagnosis,cellchat,Cycling Progenitor,Cycling Progenitor,MDK,ITGA6_ITGB1,0.0127991465026512,0.02,45,45
3853_Dg,GSE227903,Diagnosis,cellchat,Early GMP,Cycling Progenitor,MDK,ITGA6_ITGB1,0.0110947367062021,0.07,329,45
3853_Dg,GSE227903,Diagnosis,cellchat,EoBasoMast Precursor,Cycling Progenitor,MDK,ITGA6_ITGB1,0.00884738485526007,0.1,12,45
3853_Dg,GSE227903,Diagnosis,cellchat,HSC MPP,Cycling Progenitor,MDK,ITGA6_ITGB1,0.00950933181515606,0.11,173,45
3853_Dg,GSE227903,Diagnosis,cellchat,Late GMP,Cycling Progenitor,MDK,ITGA6_ITGB1,0.0103642657634778,0.09,79,45
3853_Dg,GSE227903,Diagnosis,cellchat,LMPP,Cycling Progenitor,MDK,ITGA6_ITGB1,0.00964673345984132,0.11,349,45
3853_Dg,GSE227903,Diagnosis,cellchat,pDC,Cycling Progenitor,MDK,ITGA6_ITGB1,0.00656220303063395,0.13,57,45
3853_Dg,GSE227903,Diagnosis,cellchat,Pro-Monocyte,Cycling Progenitor,MDK,ITGA6_ITGB1,0.00148516524781633,0.13,12,45
3853_Dg,GSE227903,Diagnosis,cellchat,Cycling Progenitor,cDC,MDK,NCL,0.169085598708177,0.08,45,27
3853_Dg,GSE227903,Diagnosis,cellchat,Early GMP,cDC,MDK,NCL,0.149725658279477,0.54,329,27
3853_Dg,GSE227903,Diagnosis,cellchat,EoBasoMast Precursor,cDC,MDK,NCL,0.12288671192954,0.89,12,27
3853_Dg,GSE227903,Diagnosis,cellchat,HSC MPP,cDC,MDK,NCL,0.130953595257148,0.98,173,27
3853_Dg,GSE227903,Diagnosis,cellchat,Late GMP,cDC,MDK,NCL,0.1411707842872,0.82,79,27
3853_Dg,GSE227903,Diagnosis,cellchat,LMPP,cDC,MDK,NCL,0.13261082688923,0.99,349,27
3853_Dg,GSE227903,Diagnosis,cellchat,Cycling Progenitor,Cycling Progenitor,MDK,NCL,0.185676218566543,0,45,45
3853_Dg,GSE227903,Diagnosis,cellchat,Early GMP,Cycling Progenitor,MDK,NCL,0.164793429179932,0.04,329,45
3853_Dg,GSE227903,Diagnosis,cellchat,EoBasoMast Precursor,Cycling Progenitor,MDK,NCL,0.135684534441682,0.8,12,45
3853_Dg,GSE227903,Diagnosis,cellchat,HSC MPP,Cycling Progenitor,MDK,NCL,0.144453169990012,0.82,173,45
3853_Dg,GSE227903,Diagnosis,cellchat,Late GMP,Cycling Progenitor,MDK,NCL,0.155535111813502,0.37,79,45
3853_Dg,GSE227903,Diagnosis,cellchat,LMPP,Cycling Progenitor,MDK,NCL,0.146252489620365,0.84,349,45
3853_Dg,GSE227903,Diagnosis,cellchat,Cycling Progenitor,Early GMP,MDK,NCL,0.199418243520096,0,45,329
3853_Dg,GSE227903,Diagnosis,cellchat,Early GMP,Early GMP,MDK,NCL,0.177326462083451,0,329,329
3853_Dg,GSE227903,Diagnosis,cellchat,EoBasoMast Precursor,Early GMP,MDK,NCL,0.146391778425518,0.63,12,329
3853_Dg,GSE227903,Diagnosis,cellchat,HSC MPP,Early GMP,MDK,NCL,0.155727698237518,0.24,173,329
3853_Dg,GSE227903,Diagnosis,cellchat,Late GMP,Early GMP,MDK,NCL,0.167505237659564,0.01,79,329
3853_Dg,GSE227903,Diagnosis,cellchat,LMPP,Early GMP,MDK,NCL,0.157641577682083,0.09,349,329
3853_Dg,GSE227903,Diagnosis,cellchat,Cycling Progenitor,EoBasoMast Precursor,MDK,NCL,0.201753495921725,0,45,12
3853_Dg,GSE227903,Diagnosis,cellchat,Early GMP,EoBasoMast Precursor,MDK,NCL,0.179461004014474,0.01,329,12
3853_Dg,GSE227903,Diagnosis,cellchat,EoBasoMast Precursor,EoBasoMast Precursor,MDK,NCL,0.148221038734434,0.57,12,12
3853_Dg,GSE227903,Diagnosis,cellchat,HSC MPP,EoBasoMast Precursor,MDK,NCL,0.157652071402931,0.25,173,12
3853_Dg,GSE227903,Diagnosis,cellchat,Late GMP,EoBasoMast Precursor,MDK,NCL,0.169545922455142,0.05,79,12
3853_Dg,GSE227903,Diagnosis,cellchat,LMPP,EoBasoMast Precursor,MDK,NCL,0.159585130805629,0.24,349,12
3853_Dg,GSE227903,Diagnosis,cellchat,pDC,EoBasoMast Precursor,MDK,NCL,0.114080589433942,0.99,57,12
3853_Dg,GSE227903,Diagnosis,cellchat,Cycling Progenitor,HSC MPP,MDK,NCL,0.181324651423457,0,45,173
3853_Dg,GSE227903,Diagnosis,cellchat,Early GMP,HSC MPP,MDK,NCL,0.160834614745483,0.01,329,173
3853_Dg,GSE227903,Diagnosis,cellchat,EoBasoMast Precursor,HSC MPP,MDK,NCL,0.132314219218246,0.83,12,173
3853_Dg,GSE227903,Diagnosis,cellchat,HSC MPP,HSC MPP,MDK,NCL,0.140900554474198,0.97,173,173
3853_Dg,GSE227903,Diagnosis,cellchat,Late GMP,HSC MPP,MDK,NCL,0.151758296406354,0.49,79,173
3853_Dg,GSE227903,Diagnosis,cellchat,LMPP,HSC MPP,MDK,NCL,0.142663001448177,0.98,349,173
3853_Dg,GSE227903,Diagnosis,cellchat,Cycling Progenitor,Late GMP,MDK,NCL,0.206245171579762,0,45,79
3853_Dg,GSE227903,Diagnosis,cellchat,Early GMP,Late GMP,MDK,NCL,0.183570510929624,0,329,79
3853_Dg,GSE227903,Diagnosis,cellchat,EoBasoMast Precursor,Late GMP,MDK,NCL,0.151747474305075,0.55,12,79
3853_Dg,GSE227903,Diagnosis,cellchat,HSC MPP,Late GMP,MDK,NCL,0.16136038109639,0.07,173,79
3853_Dg,GSE227903,Diagnosis,cellchat,Late GMP,Late GMP,MDK,NCL,0.173476384041792,0,79,79
3853_Dg,GSE227903,Diagnosis,cellchat,LMPP,Late GMP,MDK,NCL,0.163330093638976,0.06,349,79
3853_Dg,GSE227903,Diagnosis,cellchat,Cycling Progenitor,LMPP,MDK,NCL,0.183453959282317,0.01,45,349
3853_Dg,GSE227903,Diagnosis,cellchat,Early GMP,LMPP,MDK,NCL,0.162771146570297,0.01,329,349
3853_Dg,GSE227903,Diagnosis,cellchat,EoBasoMast Precursor,LMPP,MDK,NCL,0.133962170277123,0.84,12,349
3853_Dg,GSE227903,Diagnosis,cellchat,HSC MPP,LMPP,MDK,NCL,0.142637866911622,0.95,173,349
3853_Dg,GSE227903,Diagnosis,cellchat,Late GMP,LMPP,MDK,NCL,0.153605548547976,0.41,79,349
3853_Dg,GSE227903,Diagnosis,cellchat,LMPP,LMPP,MDK,NCL,0.144418391874539,0.97,349,349
3853_Dg,GSE227903,Diagnosis,cellchat,Cycling Progenitor,Monocyte,MDK,NCL,0.132606655869121,0.89,45,15
3853_Dg,GSE227903,Diagnosis,cellchat,EoBasoMast Precursor,Monocyte,MDK,NCL,0.0952324889475942,0.98,12,15
3853_Dg,GSE227903,Diagnosis,cellchat,Late GMP,Monocyte,MDK,NCL,0.109917577077781,0.99,79,15
3853_Dg,GSE227903,Diagnosis,cellchat,Cycling Progenitor,pDC,MDK,NCL,0.177429811080216,0.01,45,57
3853_Dg,GSE227903,Diagnosis,cellchat,Early GMP,pDC,MDK,NCL,0.15729533603925,0.2,329,57
3853_Dg,GSE227903,Diagnosis,cellchat,EoBasoMast Precursor,pDC,MDK,NCL,0.129305844083465,0.86,12,57
3853_Dg,GSE227903,Diagnosis,cellchat,HSC MPP,pDC,MDK,NCL,0.137727943244895,0.96,173,57
3853_Dg,GSE227903,Diagnosis,cellchat,Late GMP,pDC,MDK,NCL,0.148383431543582,0.63,79,57
3853_Dg,GSE227903,Diagnosis,cellchat,LMPP,pDC,MDK,NCL,0.139457147735734,0.95,349,57
3853_Dg,GSE227903,Diagnosis,cellchat,Cycling Progenitor,Pro-Monocyte,MDK,NCL,0.164346582333876,0.26,45,12
3853_Dg,GSE227903,Diagnosis,cellchat,Early GMP,Pro-Monocyte,MDK,NCL,0.145434277060603,0.7,329,12
3853_Dg,GSE227903,Diagnosis,cellchat,EoBasoMast Precursor,Pro-Monocyte,MDK,NCL,0.119256686438829,0.91,12,12
3853_Dg,GSE227903,Diagnosis,cellchat,HSC MPP,Pro-Monocyte,MDK,NCL,0.127119812868066,0.92,173,12
3853_Dg,GSE227903,Diagnosis,cellchat,Late GMP,Pro-Monocyte,MDK,NCL,0.137085067983657,0.81,79,12
3853_Dg,GSE227903,Diagnosis,cellchat,LMPP,Pro-Monocyte,MDK,NCL,0.128735714605382,0.9,349,12
3853_Dg,GSE227903,Diagnosis,cellchat,cDC,Monocyte,ANXA1,FPR1,0.0327480019446479,0,27,15
3853_Dg,GSE227903,Diagnosis,cellchat,Cycling Progenitor,Monocyte,ANXA1,FPR1,0.0369080497052763,0,45,15
3853_Dg,GSE227903,Diagnosis,cellchat,Early GMP,Monocyte,ANXA1,FPR1,0.0354260957749548,0,329,15
3853_Dg,GSE227903,Diagnosis,cellchat,EoBasoMast Precursor,Monocyte,ANXA1,FPR1,0.0387840448169515,0,12,15
3853_Dg,GSE227903,Diagnosis,cellchat,HSC MPP,Monocyte,ANXA1,FPR1,0.038997422608799,0,173,15
3853_Dg,GSE227903,Diagnosis,cellchat,Late GMP,Monocyte,ANXA1,FPR1,0.0332574835172257,0,79,15
3853_Dg,GSE227903,Diagnosis,cellchat,LMPP,Monocyte,ANXA1,FPR1,0.0365558876019617,0,349,15
3853_Dg,GSE227903,Diagnosis,cellchat,Monocyte,Monocyte,ANXA1,FPR1,0.04232321464402,0,15,15
3853_Dg,GSE227903,Diagnosis,cellchat,pDC,Monocyte,ANXA1,FPR1,0.0288121070263315,0,57,15
3853_Dg,GSE227903,Diagnosis,cellchat,Pro-Monocyte,Monocyte,ANXA1,FPR1,0.0362351819449259,0,12,15
3853_Dg,GSE227903,Diagnosis,cellchat,cDC,cDC,GRN,SORT1,0.0149536954382232,0,27,27
3853_Dg,GSE227903,Diagnosis,cellchat,Cycling Progenitor,cDC,GRN,SORT1,0.0048103852374205,0,45,27
3853_Dg,GSE227903,Diagnosis,cellchat,Early GMP,cDC,GRN,SORT1,0.00499189428339625,0,329,27
3853_Dg,GSE227903,Diagnosis,cellchat,EoBasoMast Precursor,cDC,GRN,SORT1,0.00209903977227597,0,12,27
3853_Dg,GSE227903,Diagnosis,cellchat,HSC MPP,cDC,GRN,SORT1,0.00201177379445017,0,173,27
3853_Dg,GSE227903,Diagnosis,cellchat,Late GMP,cDC,GRN,SORT1,0.00520964621892229,0,79,27
3853_Dg,GSE227903,Diagnosis,cellchat,LMPP,cDC,GRN,SORT1,0.00529743701220347,0,349,27
3853_Dg,GSE227903,Diagnosis,cellchat,Monocyte,cDC,GRN,SORT1,0.0244833578416817,0,15,27
3853_Dg,GSE227903,Diagnosis,cellchat,pDC,cDC,GRN,SORT1,0.00608740021154653,0,57,27
3853_Dg,GSE227903,Diagnosis,cellchat,Pro-Monocyte,cDC,GRN,SORT1,0.0133604673513733,0,12,27
3853_Dg,GSE227903,Diagnosis,cellchat,cDC,Monocyte,GRN,SORT1,0.0174938064721995,0,27,15
3853_Dg,GSE227903,Diagnosis,cellchat,Cycling Progenitor,Monocyte,GRN,SORT1,0.00563736242357062,0,45,15
3853_Dg,GSE227903,Diagnosis,cellchat,Early GMP,Monocyte,GRN,SORT1,0.00584989216686769,0,329,15
3853_Dg,GSE227903,Diagnosis,cellchat,EoBasoMast Precursor,Monocyte,GRN,SORT1,0.00246104880201339,0,12,15
3853_Dg,GSE227903,Diagnosis,cellchat,HSC MPP,Monocyte,GRN,SORT1,0.00235876814956225,0,173,15
3853_Dg,GSE227903,Diagnosis,cellchat,Late GMP,Monocyte,GRN,SORT1,0.00610484128552979,0,79,15
3853_Dg,GSE227903,Diagnosis,cellchat,LMPP,Monocyte,GRN,SORT1,0.00620762339885046,0,349,15
3853_Dg,GSE227903,Diagnosis,cellchat,Monocyte,Monocyte,GRN,SORT1,0.0285952345384754,0,15,15
3853_Dg,GSE227903,Diagnosis,cellchat,pDC,Monocyte,GRN,SORT1,0.00713234198747319,0,57,15
3853_Dg,GSE227903,Diagnosis,cellchat,Pro-Monocyte,Monocyte,GRN,SORT1,0.0156342399168631,0,12,15
3853_Dg,GSE227903,Diagnosis,cellchat,cDC,Pro-Monocyte,GRN,SORT1,0.0102946868808866,0,27,12
3853_Dg,GSE227903,Diagnosis,cellchat,Cycling Progenitor,Pro-Monocyte,GRN,SORT1,0.00330105966674317,0,45,12
3853_Dg,GSE227903,Diagnosis,cellchat,Early GMP,Pro-Monocyte,GRN,SORT1,0.00342581376038681,0,329,12
3853_Dg,GSE227903,Diagnosis,cellchat,EoBasoMast Precursor,Pro-Monocyte,GRN,SORT1,0.001439206436087,0,12,12
3853_Dg,GSE227903,Diagnosis,cellchat,HSC MPP,Pro-Monocyte,GRN,SORT1,0.00137933460844002,0,173,12
3853_Dg,GSE227903,Diagnosis,cellchat,Late GMP,Pro-Monocyte,GRN,SORT1,0.00357549701835185,0,79,12
3853_Dg,GSE227903,Diagnosis,cellchat,LMPP,Pro-Monocyte,GRN,SORT1,0.00363585045675865,0,349,12
3853_Dg,GSE227903,Diagnosis,cellchat,Monocyte,Pro-Monocyte,GRN,SORT1,0.0169062232379068,0,15,12
3853_Dg,GSE227903,Diagnosis,cellchat,pDC,Pro-Monocyte,GRN,SORT1,0.00417907592382008,0,57,12
3853_Dg,GSE227903,Diagnosis,cellchat,Pro-Monocyte,Pro-Monocyte,GRN,SORT1,0.00919321599240513,0,12,12
3853_Dg,GSE227903,Diagnosis,cellchat,cDC,cDC,LGALS9,PTPRC,0.12212658361769,0,27,27
3853_Dg,GSE227903,Diagnosis,cellchat,Cycling Progenitor,cDC,LGALS9,PTPRC,0.056672887780499,0.56,45,27
3853_Dg,GSE227903,Diagnosis,cellchat,Early GMP,cDC,LGALS9,PTPRC,0.0761202426380032,0,329,27
3853_Dg,GSE227903,Diagnosis,cellchat,EoBasoMast Precursor,cDC,LGALS9,PTPRC,0.115157041977018,0,12,27
3853_Dg,GSE227903,Diagnosis,cellchat,HSC MPP,cDC,LGALS9,PTPRC,0.0765066567293223,0,173,27
3853_Dg,GSE227903,Diagnosis,cellchat,Late GMP,cDC,LGALS9,PTPRC,0.0633297808390103,0.19,79,27
3853_Dg,GSE227903,Diagnosis,cellchat,LMPP,cDC,LGALS9,PTPRC,0.0738126780160709,0,349,27
3853_Dg,GSE227903,Diagnosis,cellchat,Monocyte,cDC,LGALS9,PTPRC,0.029834802919071,0.95,15,27
3853_Dg,GSE227903,Diagnosis,cellchat,pDC,cDC,LGALS9,PTPRC,0.0654410734243691,0.14,57,27
3853_Dg,GSE227903,Diagnosis,cellchat,Pro-Monocyte,cDC,LGALS9,PTPRC,0.0568736671027789,0.64,12,27
3853_Dg,GSE227903,Diagnosis,cellchat,cDC,Cycling Progenitor,LGALS9,PTPRC,0.0859619946755501,0.02,27,45
3853_Dg,GSE227903,Diagnosis,cellchat,Early GMP,Cycling Progenitor,LGALS9,PTPRC,0.052760445893452,0.92,329,45
3853_Dg,GSE227903,Diagnosis,cellchat,EoBasoMast Precursor,Cycling Progenitor,LGALS9,PTPRC,0.0808661868946445,0.05,12,45
3853_Dg,GSE227903,Diagnosis,cellchat,HSC MPP,Cycling Progenitor,LGALS9,PTPRC,0.0530350843618035,0.89,173,45
3853_Dg,GSE227903,Diagnosis,cellchat,LMPP,Cycling Progenitor,LGALS9,PTPRC,0.0511218427529688,0.99,349,45
3853_Dg,GSE227903,Diagnosis,cellchat,Monocyte,Cycling Progenitor,LGALS9,PTPRC,0.0203659776175989,0.96,15,45
3853_Dg,GSE227903,Diagnosis,cellchat,pDC,Cycling Progenitor,LGALS9,PTPRC,0.0451981735743331,0.96,57,45
3853_Dg,GSE227903,Diagnosis,cellchat,Pro-Monocyte,Cycling Progenitor,LGALS9,PTPRC,0.0391698495554954,0.85,12,45
3853_Dg,GSE227903,Diagnosis,cellchat,cDC,Early GMP,LGALS9,PTPRC,0.0851660989698035,0.03,27,329
3853_Dg,GSE227903,Diagnosis,cellchat,EoBasoMast Precursor,Early GMP,LGALS9,PTPRC,0.0801133364436073,0.06,12,329
3853_Dg,GSE227903,Diagnosis,cellchat,HSC MPP,Early GMP,LGALS9,PTPRC,0.0525265295713193,0.96,173,329
3853_Dg,GSE227903,Diagnosis,cellchat,Monocyte,Early GMP,LGALS9,PTPRC,0.02016401728677,0.96,15,329
3853_Dg,GSE227903,Diagnosis,cellchat,pDC,Early GMP,LGALS9,PTPRC,0.044761215005471,0.98,57,329
3853_Dg,GSE227903,Diagnosis,cellchat,Pro-Monocyte,Early GMP,LGALS9,PTPRC,0.0387888029019051,0.87,12,329
3853_Dg,GSE227903,Diagnosis,cellchat,cDC,EoBasoMast Precursor,LGALS9,PTPRC,0.0680781709084969,0.24,27,12
3853_Dg,GSE227903,Diagnosis,cellchat,Early GMP,EoBasoMast Precursor,LGALS9,PTPRC,0.0414705922660775,0.99,329,12
3853_Dg,GSE227903,Diagnosis,cellchat,EoBasoMast Precursor,EoBasoMast Precursor,LGALS9,PTPRC,0.0639683183928755,0.37,12,12
3853_Dg,GSE227903,Diagnosis,cellchat,Monocyte,EoBasoMast Precursor,LGALS9,PTPRC,0.0158917037065745,0.99,15,12
3853_Dg,GSE227903,Diagnosis,cellchat,Pro-Monocyte,EoBasoMast Precursor,LGALS9,PTPRC,0.030693921687155,0.93,12,12
3853_Dg,GSE227903,Diagnosis,cellchat,cDC,HSC MPP,LGALS9,PTPRC,0.110345287111249,0,27,173
3853_Dg,GSE227903,Diagnosis,cellchat,Cycling Progenitor,HSC MPP,LGALS9,PTPRC,0.0508401007628982,0.88,45,173
3853_Dg,GSE227903,Diagnosis,cellchat,Early GMP,HSC MPP,LGALS9,PTPRC,0.0684311245968263,0,329,173
3853_Dg,GSE227903,Diagnosis,cellchat,EoBasoMast Precursor,HSC MPP,LGALS9,PTPRC,0.103968456252299,0,12,173
3853_Dg,GSE227903,Diagnosis,cellchat,HSC MPP,HSC MPP,LGALS9,PTPRC,0.0687814118516045,0,173,173
3853_Dg,GSE227903,Diagnosis,cellchat,Late GMP,HSC MPP,LGALS9,PTPRC,0.056853156689758,0.61,79,173
3853_Dg,GSE227903,Diagnosis,cellchat,LMPP,HSC MPP,LGALS9,PTPRC,0.0663399160483699,0,349,173
3853_Dg,GSE227903,Diagnosis,cellchat,Monocyte,HSC MPP,LGALS9,PTPRC,0.0266860577653889,0.95,15,173
3853_Dg,GSE227903,Diagnosis,cellchat,pDC,HSC MPP,LGALS9,PTPRC,0.0587620767750238,0.32,57,173
3853_Dg,GSE227903,Diagnosis,cellchat,Pro-Monocyte,HSC MPP,LGALS9,PTPRC,0.0510213334886463,0.71,12,173
3853_Dg,GSE227903,Diagnosis,cellchat,cDC,Late GMP,LGALS9,PTPRC,0.0644176735105424,0.33,27,79
3853_Dg,GSE227903,Diagnosis,cellchat,EoBasoMast Precursor,Late GMP,LGALS9,PTPRC,0.0605144542453412,0.47,12,79
3853_Dg,GSE227903,Diagnosis,cellchat,Pro-Monocyte,Late GMP,LGALS9,PTPRC,0.0289810283883635,0.94,12,79
3853_Dg,GSE227903,Diagnosis,cellchat,cDC,LMPP,LGALS9,PTPRC,0.102891120682883,0,27,349
3853_Dg,GSE227903,Diagnosis,cellchat,Cycling Progenitor,LMPP,LGALS9,PTPRC,0.0471924627968825,0.95,45,349
3853_Dg,GSE227903,Diagnosis,cellchat,Early GMP,LMPP,LGALS9,PTPRC,0.0636059563575688,0,329,349
3853_Dg,GSE227903,Diagnosis,cellchat,EoBasoMast Precursor,LMPP,LGALS9,PTPRC,0.0968981460226519,0.01,12,349
3853_Dg,GSE227903,Diagnosis,cellchat,HSC MPP,LMPP,LGALS9,PTPRC,0.0639332394973292,0.01,173,349
3853_Dg,GSE227903,Diagnosis,cellchat,Late GMP,LMPP,LGALS9,PTPRC,0.0527980966756197,0.93,79,349
3853_Dg,GSE227903,Diagnosis,cellchat,LMPP,LMPP,LGALS9,PTPRC,0.0616524429749646,0,349,349
3853_Dg,GSE227903,Diagnosis,cellchat,Monocyte,LMPP,LGALS9,PTPRC,0.0247262607458983,0.95,15,349
3853_Dg,GSE227903,Diagnosis,cellchat,pDC,LMPP,LGALS9,PTPRC,0.0545787418110825,0.7,57,349
3853_Dg,GSE227903,Diagnosis,cellchat,Pro-Monocyte,LMPP,LGALS9,PTPRC,0.0473613413944823,0.77,12,349
3853_Dg,GSE227903,Diagnosis,cellchat,cDC,Monocyte,LGALS9,PTPRC,0.107333666507698,0,27,15
3853_Dg,GSE227903,Diagnosis,cellchat,Cycling Progenitor,Monocyte,LGALS9,PTPRC,0.049362426555094,0.88,45,15
3853_Dg,GSE227903,Diagnosis,cellchat,Early GMP,Monocyte,LGALS9,PTPRC,0.0664779747628944,0.06,329,15
3853_Dg,GSE227903,Diagnosis,cellchat,EoBasoMast Precursor,Monocyte,LGALS9,PTPRC,0.101111096457867,0,12,15
3853_Dg,GSE227903,Diagnosis,cellchat,HSC MPP,Monocyte,LGALS9,PTPRC,0.0668189812956003,0.05,173,15
3853_Dg,GSE227903,Diagnosis,cellchat,Late GMP,Monocyte,LGALS9,PTPRC,0.0552108782847326,0.69,79,15
3853_Dg,GSE227903,Diagnosis,cellchat,LMPP,Monocyte,LGALS9,PTPRC,0.0644423242323973,0.14,349,15
3853_Dg,GSE227903,Diagnosis,cellchat,Monocyte,Monocyte,LGALS9,PTPRC,0.0258912736651012,0.95,15,15
3853_Dg,GSE227903,Diagnosis,cellchat,pDC,Monocyte,LGALS9,PTPRC,0.0570679932121368,0.48,57,15
3853_Dg,GSE227903,Diagnosis,cellchat,Pro-Monocyte,Monocyte,LGALS9,PTPRC,0.0495386666526122,0.71,12,15
3853_Dg,GSE227903,Diagnosis,cellchat,cDC,pDC,LGALS9,PTPRC,0.107872092452486,0,27,57
3853_Dg,GSE227903,Diagnosis,cellchat,Cycling Progenitor,pDC,LGALS9,PTPRC,0.049626213827911,0.9,45,57
3853_Dg,GSE227903,Diagnosis,cellchat,Early GMP,pDC,LGALS9,PTPRC,0.066826796008349,0,329,57
3853_Dg,GSE227903,Diagnosis,cellchat,EoBasoMast Precursor,pDC,LGALS9,PTPRC,0.101621861168546,0,12,57
3853_Dg,GSE227903,Diagnosis,cellchat,HSC MPP,pDC,LGALS9,PTPRC,0.0671694631139396,0,173,57
3853_Dg,GSE227903,Diagnosis,cellchat,Late GMP,pDC,LGALS9,PTPRC,0.0555040942571741,0.68,79,57
3853_Dg,GSE227903,Diagnosis,cellchat,LMPP,pDC,LGALS9,PTPRC,0.0647812053028556,0,349,57
3853_Dg,GSE227903,Diagnosis,cellchat,Monocyte,pDC,LGALS9,PTPRC,0.0260330685340149,0.95,15,57
3853_Dg,GSE227903,Diagnosis,cellchat,pDC,pDC,LGALS9,PTPRC,0.0573704731177996,0.48,57,57
3853_Dg,GSE227903,Diagnosis,cellchat,Pro-Monocyte,pDC,LGALS9,PTPRC,0.0498033463920151,0.74,12,57
3853_Dg,GSE227903,Diagnosis,cellchat,cDC,Pro-Monocyte,LGALS9,PTPRC,0.0806509730808203,0.08,27,12
3853_Dg,GSE227903,Diagnosis,cellchat,Early GMP,Pro-Monocyte,LGALS9,PTPRC,0.049389885990028,0.9,329,12
3853_Dg,GSE227903,Diagnosis,cellchat,EoBasoMast Precursor,Pro-Monocyte,LGALS9,PTPRC,0.075843877396561,0.11,12,12
3853_Dg,GSE227903,Diagnosis,cellchat,HSC MPP,Pro-Monocyte,LGALS9,PTPRC,0.04964789898795,0.85,173,12
3853_Dg,GSE227903,Diagnosis,cellchat,Late GMP,Pro-Monocyte,LGALS9,PTPRC,0.0408921187351839,0.99,79,12
3853_Dg,GSE227903,Diagnosis,cellchat,LMPP,Pro-Monocyte,LGALS9,PTPRC,0.0478506756812667,0.93,349,12
3853_Dg,GSE227903,Diagnosis,cellchat,Monocyte,Pro-Monocyte,LGALS9,PTPRC,0.0190233514918893,0.97,15,12
3853_Dg,GSE227903,Diagnosis,cellchat,pDC,Pro-Monocyte,LGALS9,PTPRC,0.0422891552762076,0.99,57,12
3853_Dg,GSE227903,Diagnosis,cellchat,Pro-Monocyte,Pro-Monocyte,LGALS9,PTPRC,0.0366339362103646,0.9,12,12
3853_Dg,GSE227903,Diagnosis,cellchat,cDC,Late GMP,BTLA,TNFRSF14,0.000556600355064174,0,27,79
3853_Dg,GSE227903,Diagnosis,cellchat,cDC,Monocyte,BTLA,TNFRSF14,0.00120059630126449,0,27,15
3853_Dg,GSE227903,Diagnosis,cellchat,cDC,Pro-Monocyte,BTLA,TNFRSF14,0.000129070729937674,0,27,12
3853_Dg,GSE227903,Diagnosis,cellchat,cDC,cDC,LGALS9,CD44,0.0696146452278104,0.2,27,27
3853_Dg,GSE227903,Diagnosis,cellchat,Early GMP,cDC,LGALS9,CD44,0.0424338967093212,0.99,329,27
3853_Dg,GSE227903,Diagnosis,cellchat,EoBasoMast Precursor,cDC,LGALS9,CD44,0.0654185476198787,0.36,12,27
3853_Dg,GSE227903,Diagnosis,cellchat,HSC MPP,cDC,LGALS9,CD44,0.0426572022049929,0.98,173,27
3853_Dg,GSE227903,Diagnosis,cellchat,Pro-Monocyte,cDC,LGALS9,CD44,0.0314151032825359,0.92,12,27
3853_Dg,GSE227903,Diagnosis,cellchat,cDC,Cycling Progenitor,LGALS9,CD44,0.0793821869064309,0.08,27,45
3853_Dg,GSE227903,Diagnosis,cellchat,EoBasoMast Precursor,Cycling Progenitor,LGALS9,CD44,0.0746445754050819,0.12,12,45
3853_Dg,GSE227903,Diagnosis,cellchat,HSC MPP,Cycling Progenitor,LGALS9,CD44,0.0488409362571811,0.98,173,45
3853_Dg,GSE227903,Diagnosis,cellchat,Monocyte,Cycling Progenitor,LGALS9,CD44,0.0187043546701372,0.96,15,45
3853_Dg,GSE227903,Diagnosis,cellchat,pDC,Cycling Progenitor,LGALS9,CD44,0.0415965643072739,0.98,57,45
3853_Dg,GSE227903,Diagnosis,cellchat,Pro-Monocyte,Cycling Progenitor,LGALS9,CD44,0.0360304791964866,0.89,12,45
3853_Dg,GSE227903,Diagnosis,cellchat,cDC,Early GMP,LGALS9,CD44,0.0896388330978341,0,27,329
3853_Dg,GSE227903,Diagnosis,cellchat,Early GMP,Early GMP,LGALS9,CD44,0.0551027720559118,0.91,329,329
3853_Dg,GSE227903,Diagnosis,cellchat,EoBasoMast Precursor,Early GMP,LGALS9,CD44,0.0843451761703571,0.03,12,329
3853_Dg,GSE227903,Diagnosis,cellchat,HSC MPP,Early GMP,LGALS9,CD44,0.0553888902786324,0.7,173,329
3853_Dg,GSE227903,Diagnosis,cellchat,LMPP,Early GMP,LGALS9,CD44,0.0533955230136527,0.98,349,329
3853_Dg,GSE227903,Diagnosis,cellchat,Monocyte,Early GMP,LGALS9,CD44,0.0213024782777552,0.95,15,329
3853_Dg,GSE227903,Diagnosis,cellchat,pDC,Early GMP,LGALS9,CD44,0.0472215056605046,0.95,57,329
3853_Dg,GSE227903,Diagnosis,cellchat,Pro-Monocyte,Early GMP,LGALS9,CD44,0.040934888666474,0.83,12,329
3853_Dg,GSE227903,Diagnosis,cellchat,EoBasoMast Precursor,EoBasoMast Precursor,LGALS9,CD44,0.00864339338357687,0.99,12,12
3853_Dg,GSE227903,Diagnosis,cellchat,cDC,HSC MPP,LGALS9,CD44,0.104015712746886,0,27,173
3853_Dg,GSE227903,Diagnosis,cellchat,Cycling Progenitor,HSC MPP,LGALS9,CD44,0.04774066982883,0.93,45,173
3853_Dg,GSE227903,Diagnosis,cellchat,Early GMP,HSC MPP,LGALS9,CD44,0.0643319558340619,0,329,173
3853_Dg,GSE227903,Diagnosis,cellchat,EoBasoMast Precursor,HSC MPP,LGALS9,CD44,0.0979643882408025,0,12,173
3853_Dg,GSE227903,Diagnosis,cellchat,HSC MPP,HSC MPP,LGALS9,CD44,0.0646627166261686,0,173,173
3853_Dg,GSE227903,Diagnosis,cellchat,Late GMP,HSC MPP,LGALS9,CD44,0.053407771027191,0.85,79,173
3853_Dg,GSE227903,Diagnosis,cellchat,LMPP,HSC MPP,LGALS9,CD44,0.0623576298774456,0,349,173
3853_Dg,GSE227903,Diagnosis,cellchat,Monocyte,HSC MPP,LGALS9,CD44,0.025020344288723,0.95,15,173
3853_Dg,GSE227903,Diagnosis,cellchat,pDC,HSC MPP,LGALS9,CD44,0.0552077793330453,0.52,57,173
3853_Dg,GSE227903,Diagnosis,cellchat,Pro-Monocyte,HSC MPP,LGALS9,CD44,0.0479114115433867,0.76,12,173
3853_Dg,GSE227903,Diagnosis,cellchat,cDC,Late GMP,LGALS9,CD44,0.0776788111455002,0.09,27,79
3853_Dg,GSE227903,Diagnosis,cellchat,EoBasoMast Precursor,Late GMP,LGALS9,CD44,0.0730347940133413,0.18,12,79
3853_Dg,GSE227903,Diagnosis,cellchat,HSC MPP,Late GMP,LGALS9,CD44,0.0477589141996061,0.98,173,79
3853_Dg,GSE227903,Diagnosis,cellchat,Monocyte,Late GMP,LGALS9,CD44,0.018277149159023,0.98,15,79
3853_Dg,GSE227903,Diagnosis,cellchat,pDC,Late GMP,LGALS9,CD44,0.0406681720014632,0.99,57,79
3853_Dg,GSE227903,Diagnosis,cellchat,Pro-Monocyte,Late GMP,LGALS9,CD44,0.0352217506747094,0.88,12,79
3853_Dg,GSE227903,Diagnosis,cellchat,cDC,LMPP,LGALS9,CD44,0.104123503252601,0,27,349
3853_Dg,GSE227903,Diagnosis,cellchat,Cycling Progenitor,LMPP,LGALS9,CD44,0.0477932537755536,0.94,45,349
3853_Dg,GSE227903,Diagnosis,cellchat,Early GMP,LMPP,LGALS9,CD44,0.0644015783402907,0,329,349
3853_Dg,GSE227903,Diagnosis,cellchat,EoBasoMast Precursor,LMPP,LGALS9,CD44,0.0980665941769586,0,12,349
3853_Dg,GSE227903,Diagnosis,cellchat,HSC MPP,LMPP,LGALS9,CD44,0.0647326723293746,0,173,349
3853_Dg,GSE227903,Diagnosis,cellchat,Late GMP,LMPP,LGALS9,CD44,0.0534662465314655,0.87,79,349
3853_Dg,GSE227903,Diagnosis,cellchat,LMPP,LMPP,LGALS9,CD44,0.0624252582468102,0,349,349
3853_Dg,GSE227903,Diagnosis,cellchat,Monocyte,LMPP,LGALS9,CD44,0.0250485612136736,0.95,15,349
3853_Dg,GSE227903,Diagnosis,cellchat,pDC,LMPP,LGALS9,CD44,0.0552681105757227,0.6,57,349
3853_Dg,GSE227903,Diagnosis,cellchat,Pro-Monocyte,LMPP,LGALS9,CD44,0.0479641740809904,0.77,12,349
3853_Dg,GSE227903,Diagnosis,cellchat,cDC,Monocyte,LGALS9,CD44,0.106907368383986,0,27,15
3853_Dg,GSE227903,Diagnosis,cellchat,Cycling Progenitor,Monocyte,LGALS9,CD44,0.0491536951611175,0.85,45,15
3853_Dg,GSE227903,Diagnosis,cellchat,Early GMP,Monocyte,LGALS9,CD44,0.0662019095327224,0.1,329,15
3853_Dg,GSE227903,Diagnosis,cellchat,EoBasoMast Precursor,Monocyte,LGALS9,CD44,0.10070672442086,0,12,15
3853_Dg,GSE227903,Diagnosis,cellchat,HSC MPP,Monocyte,LGALS9,CD44,0.0665416008970663,0.09,173,15
3853_Dg,GSE227903,Diagnosis,cellchat,Late GMP,Monocyte,LGALS9,CD44,0.0549788466843153,0.67,79,15
3853_Dg,GSE227903,Diagnosis,cellchat,LMPP,Monocyte,LGALS9,CD44,0.0641741313847994,0.19,349,15
3853_Dg,GSE227903,Diagnosis,cellchat,Monocyte,Monocyte,LGALS9,CD44,0.0257790997682287,0.95,15,15
3853_Dg,GSE227903,Diagnosis,cellchat,pDC,Monocyte,LGALS9,CD44,0.0568286262755607,0.47,57,15
3853_Dg,GSE227903,Diagnosis,cellchat,Pro-Monocyte,Monocyte,LGALS9,CD44,0.049329228689905,0.73,12,15
3853_Dg,GSE227903,Diagnosis,cellchat,cDC,pDC,LGALS9,CD44,0.0897980004395662,0.01,27,57
3853_Dg,GSE227903,Diagnosis,cellchat,Early GMP,pDC,LGALS9,CD44,0.0552043340743414,0.74,329,57
3853_Dg,GSE227903,Diagnosis,cellchat,EoBasoMast Precursor,pDC,LGALS9,CD44,0.0844958162603837,0.03,12,57
3853_Dg,GSE227903,Diagnosis,cellchat,HSC MPP,pDC,LGALS9,CD44,0.0554909486824753,0.67,173,57
3853_Dg,GSE227903,Diagnosis,cellchat,LMPP,pDC,LGALS9,CD44,0.0534941164823815,0.88,349,57
3853_Dg,GSE227903,Diagnosis,cellchat,Monocyte,pDC,LGALS9,CD44,0.0213431488755063,0.95,15,57
3853_Dg,GSE227903,Diagnosis,cellchat,pDC,pDC,LGALS9,CD44,0.0473092687198632,0.91,57,57
3853_Dg,GSE227903,Diagnosis,cellchat,Pro-Monocyte,pDC,LGALS9,CD44,0.0410114707203446,0.84,12,57
3853_Dg,GSE227903,Diagnosis,cellchat,cDC,Pro-Monocyte,LGALS9,CD44,0.0890585493228038,0.05,27,12
3853_Dg,GSE227903,Diagnosis,cellchat,Cycling Progenitor,Pro-Monocyte,LGALS9,CD44,0.0405098279609202,0.96,45,12
3853_Dg,GSE227903,Diagnosis,cellchat,Early GMP,Pro-Monocyte,LGALS9,CD44,0.0547326185318992,0.63,329,12
3853_Dg,GSE227903,Diagnosis,cellchat,EoBasoMast Precursor,Pro-Monocyte,LGALS9,CD44,0.0837960069362206,0.12,12,12
3853_Dg,GSE227903,Diagnosis,cellchat,HSC MPP,Pro-Monocyte,LGALS9,CD44,0.0550169266612488,0.57,173,12
3853_Dg,GSE227903,Diagnosis,cellchat,Late GMP,Pro-Monocyte,LGALS9,CD44,0.0453594712095317,0.94,79,12
3853_Dg,GSE227903,Diagnosis,cellchat,LMPP,Pro-Monocyte,LGALS9,CD44,0.0530361942410949,0.71,349,12
3853_Dg,GSE227903,Diagnosis,cellchat,Monocyte,Pro-Monocyte,LGALS9,CD44,0.0211542953607812,0.96,15,12
3853_Dg,GSE227903,Diagnosis,cellchat,pDC,Pro-Monocyte,LGALS9,CD44,0.0469016667410067,0.9,57,12
3853_Dg,GSE227903,Diagnosis,cellchat,Pro-Monocyte,Pro-Monocyte,LGALS9,CD44,0.0406558130897313,0.86,12,12
3853_Dg,GSE227903,Diagnosis,cellchat,cDC,Monocyte,CTSG,FPR1,0.00184219625737123,0,27,15
3853_Dg,GSE227903,Diagnosis,cellchat,Cycling Progenitor,Monocyte,CTSG,FPR1,0.00764954811225588,0,45,15
3853_Dg,GSE227903,Diagnosis,cellchat,Early GMP,Monocyte,CTSG,FPR1,0.00565884169552136,0,329,15
3853_Dg,GSE227903,Diagnosis,cellchat,EoBasoMast Precursor,Monocyte,CTSG,FPR1,0.00940228415831177,0,12,15
3853_Dg,GSE227903,Diagnosis,cellchat,Late GMP,Monocyte,CTSG,FPR1,0.0186176634985207,0,79,15
3853_Dg,GSE227903,Diagnosis,cellchat,pDC,Monocyte,CTSG,FPR1,0.00713108757749564,0,57,15
3853_Dg,GSE227903,Diagnosis,cellchat,Pro-Monocyte,Monocyte,CTSG,FPR1,0.0150479604881071,0,12,15
3853_Dg,GSE227903,Diagnosis,cellchat,cDC,cDC,LGALS9,P4HB,0.0664709462537964,0,27,27
3853_Dg,GSE227903,Diagnosis,cellchat,Cycling Progenitor,cDC,LGALS9,P4HB,0.0298322208281534,0.71,45,27
3853_Dg,GSE227903,Diagnosis,cellchat,Early GMP,cDC,LGALS9,P4HB,0.0404642579960468,0.02,329,27
3853_Dg,GSE227903,Diagnosis,cellchat,EoBasoMast Precursor,cDC,LGALS9,P4HB,0.0624516190785241,0,12,27
3853_Dg,GSE227903,Diagnosis,cellchat,HSC MPP,cDC,LGALS9,P4HB,0.0406776387134476,0.03,173,27
3853_Dg,GSE227903,Diagnosis,cellchat,Late GMP,cDC,LGALS9,P4HB,0.0334481529166482,0.49,79,27
3853_Dg,GSE227903,Diagnosis,cellchat,LMPP,cDC,LGALS9,P4HB,0.0391917421936817,0.04,349,27
3853_Dg,GSE227903,Diagnosis,cellchat,Monocyte,cDC,LGALS9,P4HB,0.0154960376488645,0.95,15,27
3853_Dg,GSE227903,Diagnosis,cellchat,pDC,cDC,LGALS9,P4HB,0.0346000486243772,0.33,57,27
3853_Dg,GSE227903,Diagnosis,cellchat,Pro-Monocyte,cDC,LGALS9,P4HB,0.0299409278347683,0.66,12,27
3853_Dg,GSE227903,Diagnosis,cellchat,cDC,Cycling Progenitor,LGALS9,P4HB,0.0736897818122232,0,27,45
3853_Dg,GSE227903,Diagnosis,cellchat,Cycling Progenitor,Cycling Progenitor,LGALS9,P4HB,0.0332136083580519,0.49,45,45
3853_Dg,GSE227903,Diagnosis,cellchat,Early GMP,Cycling Progenitor,LGALS9,P4HB,0.044994862182024,0,329,45
3853_Dg,GSE227903,Diagnosis,cellchat,EoBasoMast Precursor,Cycling Progenitor,LGALS9,P4HB,0.0692663381339948,0,12,45
3853_Dg,GSE227903,Diagnosis,cellchat,HSC MPP,Cycling Progenitor,LGALS9,P4HB,0.0452310079973983,0,173,45
3853_Dg,GSE227903,Diagnosis,cellchat,Late GMP,Cycling Progenitor,LGALS9,P4HB,0.0372236694606921,0.16,79,45
3853_Dg,GSE227903,Diagnosis,cellchat,LMPP,Cycling Progenitor,LGALS9,P4HB,0.0435863403847219,0,349,45
3853_Dg,GSE227903,Diagnosis,cellchat,Monocyte,Cycling Progenitor,LGALS9,P4HB,0.0172814094356938,0.95,15,45
3853_Dg,GSE227903,Diagnosis,cellchat,pDC,Cycling Progenitor,LGALS9,P4HB,0.0385004081956238,0.11,57,45
3853_Dg,GSE227903,Diagnosis,cellchat,Pro-Monocyte,Cycling Progenitor,LGALS9,P4HB,0.0333342135983494,0.53,12,45
3853_Dg,GSE227903,Diagnosis,cellchat,cDC,Early GMP,LGALS9,P4HB,0.0563665152419222,0,27,329
3853_Dg,GSE227903,Diagnosis,cellchat,Early GMP,Early GMP,LGALS9,P4HB,0.0341684769557996,0.24,329,329
3853_Dg,GSE227903,Diagnosis,cellchat,EoBasoMast Precursor,Early GMP,LGALS9,P4HB,0.0529235388972331,0.02,12,329
3853_Dg,GSE227903,Diagnosis,cellchat,HSC MPP,Early GMP,LGALS9,P4HB,0.0343498465397414,0.23,173,329
3853_Dg,GSE227903,Diagnosis,cellchat,Late GMP,Early GMP,LGALS9,P4HB,0.0282119029115683,0.99,79,329
3853_Dg,GSE227903,Diagnosis,cellchat,LMPP,Early GMP,LGALS9,P4HB,0.033087123080655,0.51,349,329
3853_Dg,GSE227903,Diagnosis,cellchat,Monocyte,Early GMP,LGALS9,P4HB,0.0130322670076074,0.95,15,329
3853_Dg,GSE227903,Diagnosis,cellchat,pDC,Early GMP,LGALS9,P4HB,0.0291889170615498,0.84,57,329
3853_Dg,GSE227903,Diagnosis,cellchat,Pro-Monocyte,Early GMP,LGALS9,P4HB,0.0252393905587582,0.82,12,329
3853_Dg,GSE227903,Diagnosis,cellchat,cDC,EoBasoMast Precursor,LGALS9,P4HB,0.082067317160721,0,27,12
3853_Dg,GSE227903,Diagnosis,cellchat,Cycling Progenitor,EoBasoMast Precursor,LGALS9,P4HB,0.0371742170574297,0.28,45,12
3853_Dg,GSE227903,Diagnosis,cellchat,Early GMP,EoBasoMast Precursor,LGALS9,P4HB,0.0502872705842888,0,329,12
3853_Dg,GSE227903,Diagnosis,cellchat,EoBasoMast Precursor,EoBasoMast Precursor,LGALS9,P4HB,0.0771828894695804,0,12,12
3853_Dg,GSE227903,Diagnosis,cellchat,HSC MPP,EoBasoMast Precursor,LGALS9,P4HB,0.0505497222372153,0,173,12
3853_Dg,GSE227903,Diagnosis,cellchat,Late GMP,EoBasoMast Precursor,LGALS9,P4HB,0.0416418675234636,0.06,79,12
3853_Dg,GSE227903,Diagnosis,cellchat,LMPP,EoBasoMast Precursor,LGALS9,P4HB,0.0487215271134615,0,349,12
3853_Dg,GSE227903,Diagnosis,cellchat,Monocyte,EoBasoMast Precursor,LGALS9,P4HB,0.0193802428223,0.9,15,12
3853_Dg,GSE227903,Diagnosis,cellchat,pDC,EoBasoMast Precursor,LGALS9,P4HB,0.043063368378528,0.06,57,12
3853_Dg,GSE227903,Diagnosis,cellchat,Pro-Monocyte,EoBasoMast Precursor,LGALS9,P4HB,0.0373086490607929,0.37,12,12
3853_Dg,GSE227903,Diagnosis,cellchat,cDC,HSC MPP,LGALS9,P4HB,0.048092280870791,0.04,27,173
3853_Dg,GSE227903,Diagnosis,cellchat,EoBasoMast Precursor,HSC MPP,LGALS9,P4HB,0.045130539112752,0.09,12,173
3853_Dg,GSE227903,Diagnosis,cellchat,HSC MPP,HSC MPP,LGALS9,P4HB,0.0292074802750826,0.98,173,173
3853_Dg,GSE227903,Diagnosis,cellchat,Monocyte,HSC MPP,LGALS9,P4HB,0.011044761283075,0.96,15,173
3853_Dg,GSE227903,Diagnosis,cellchat,pDC,HSC MPP,LGALS9,P4HB,0.024799329086576,0.97,57,173
3853_Dg,GSE227903,Diagnosis,cellchat,Pro-Monocyte,HSC MPP,LGALS9,P4HB,0.0214306423764537,0.88,12,173
3853_Dg,GSE227903,Diagnosis,cellchat,cDC,Late GMP,LGALS9,P4HB,0.0836880254404608,0,27,79
3853_Dg,GSE227903,Diagnosis,cellchat,Cycling Progenitor,Late GMP,LGALS9,P4HB,0.0379450015762224,0.21,45,79
3853_Dg,GSE227903,Diagnosis,cellchat,Early GMP,Late GMP,LGALS9,P4HB,0.0513154552965757,0,329,79
3853_Dg,GSE227903,Diagnosis,cellchat,EoBasoMast Precursor,Late GMP,LGALS9,P4HB,0.0787154092646003,0,12,79
3853_Dg,GSE227903,Diagnosis,cellchat,HSC MPP,Late GMP,LGALS9,P4HB,0.0515829816359383,0,173,79
3853_Dg,GSE227903,Diagnosis,cellchat,Late GMP,Late GMP,LGALS9,P4HB,0.0425011969629971,0,79,79
3853_Dg,GSE227903,Diagnosis,cellchat,LMPP,Late GMP,LGALS9,P4HB,0.0497193742599576,0,349,79
3853_Dg,GSE227903,Diagnosis,cellchat,Monocyte,Late GMP,LGALS9,P4HB,0.0197896634734053,0.95,15,79
3853_Dg,GSE227903,Diagnosis,cellchat,pDC,Late GMP,LGALS9,P4HB,0.0439506868925923,0.02,57,79
3853_Dg,GSE227903,Diagnosis,cellchat,Pro-Monocyte,Late GMP,LGALS9,P4HB,0.0380821106973774,0.43,12,79
3853_Dg,GSE227903,Diagnosis,cellchat,cDC,LMPP,LGALS9,P4HB,0.0499828796533,0.02,27,349
3853_Dg,GSE227903,Diagnosis,cellchat,Early GMP,LMPP,LGALS9,P4HB,0.0302183134845868,0.98,329,349
3853_Dg,GSE227903,Diagnosis,cellchat,EoBasoMast Precursor,LMPP,LGALS9,P4HB,0.046910444015214,0.04,12,349
3853_Dg,GSE227903,Diagnosis,cellchat,HSC MPP,LMPP,LGALS9,P4HB,0.0303793747435083,0.93,173,349
3853_Dg,GSE227903,Diagnosis,cellchat,Monocyte,LMPP,LGALS9,P4HB,0.0114965413797983,0.96,15,349
3853_Dg,GSE227903,Diagnosis,cellchat,pDC,LMPP,LGALS9,P4HB,0.0257990552209122,0.98,57,349
3853_Dg,GSE227903,Diagnosis,cellchat,Pro-Monocyte,LMPP,LGALS9,P4HB,0.0222976729363743,0.86,12,349
3853_Dg,GSE227903,Diagnosis,cellchat,cDC,Monocyte,LGALS9,P4HB,0.056831507549938,0.02,27,15
3853_Dg,GSE227903,Diagnosis,cellchat,Cycling Progenitor,Monocyte,LGALS9,P4HB,0.0253616841078433,0.9,45,15
3853_Dg,GSE227903,Diagnosis,cellchat,Early GMP,Monocyte,LGALS9,P4HB,0.0344570345597812,0.47,329,15
3853_Dg,GSE227903,Diagnosis,cellchat,EoBasoMast Precursor,Monocyte,LGALS9,P4HB,0.053361734717717,0.02,12,15
3853_Dg,GSE227903,Diagnosis,cellchat,HSC MPP,Monocyte,LGALS9,P4HB,0.0346398809007722,0.43,173,15
3853_Dg,GSE227903,Diagnosis,cellchat,Late GMP,Monocyte,LGALS9,P4HB,0.0284516382755798,0.79,79,15
3853_Dg,GSE227903,Diagnosis,cellchat,LMPP,Monocyte,LGALS9,P4HB,0.0333668639910387,0.5,349,15
3853_Dg,GSE227903,Diagnosis,cellchat,Monocyte,Monocyte,LGALS9,P4HB,0.0131447556618222,0.96,15,15
3853_Dg,GSE227903,Diagnosis,cellchat,pDC,Monocyte,LGALS9,P4HB,0.0294367032782032,0.71,57,15
3853_Dg,GSE227903,Diagnosis,cellchat,Pro-Monocyte,Monocyte,LGALS9,P4HB,0.0254545281343921,0.75,12,15
3853_Dg,GSE227903,Diagnosis,cellchat,cDC,pDC,LGALS9,P4HB,0.0535295642679436,0.02,27,57
3853_Dg,GSE227903,Diagnosis,cellchat,Cycling Progenitor,pDC,LGALS9,P4HB,0.0238419359873862,0.98,45,57
3853_Dg,GSE227903,Diagnosis,cellchat,Early GMP,pDC,LGALS9,P4HB,0.0324103897683462,0.64,329,57
3853_Dg,GSE227903,Diagnosis,cellchat,EoBasoMast Precursor,pDC,LGALS9,P4HB,0.0502506465022213,0.04,12,57
3853_Dg,GSE227903,Diagnosis,cellchat,HSC MPP,pDC,LGALS9,P4HB,0.0325827420775843,0.54,173,57
3853_Dg,GSE227903,Diagnosis,cellchat,Late GMP,pDC,LGALS9,P4HB,0.0267518130824018,0.93,79,57
3853_Dg,GSE227903,Diagnosis,cellchat,LMPP,pDC,LGALS9,P4HB,0.0313828674198804,0.74,349,57
3853_Dg,GSE227903,Diagnosis,cellchat,Monocyte,pDC,LGALS9,P4HB,0.0123478077637792,0.95,15,57
3853_Dg,GSE227903,Diagnosis,cellchat,pDC,pDC,LGALS9,P4HB,0.0276797027109534,0.87,57,57
3853_Dg,GSE227903,Diagnosis,cellchat,Pro-Monocyte,pDC,LGALS9,P4HB,0.0239293531166646,0.79,12,57
3853_Dg,GSE227903,Diagnosis,cellchat,cDC,Pro-Monocyte,LGALS9,P4HB,0.0773244375702138,0,27,12
3853_Dg,GSE227903,Diagnosis,cellchat,Cycling Progenitor,Pro-Monocyte,LGALS9,P4HB,0.0349271046719057,0.39,45,12
3853_Dg,GSE227903,Diagnosis,cellchat,Early GMP,Pro-Monocyte,LGALS9,P4HB,0.0472864276751644,0,329,12
3853_Dg,GSE227903,Diagnosis,cellchat,EoBasoMast Precursor,Pro-Monocyte,LGALS9,P4HB,0.0726999366602723,0,12,12
3853_Dg,GSE227903,Diagnosis,cellchat,HSC MPP,Pro-Monocyte,LGALS9,P4HB,0.0475340016611249,0,173,12
3853_Dg,GSE227903,Diagnosis,cellchat,Late GMP,Pro-Monocyte,LGALS9,P4HB,0.0391356710540559,0.23,79,12
3853_Dg,GSE227903,Diagnosis,cellchat,LMPP,Pro-Monocyte,LGALS9,P4HB,0.0458096115708977,0.01,349,12
3853_Dg,GSE227903,Diagnosis,cellchat,Monocyte,Pro-Monocyte,LGALS9,P4HB,0.0181884240899363,0.92,15,12
3853_Dg,GSE227903,Diagnosis,cellchat,pDC,Pro-Monocyte,LGALS9,P4HB,0.0404752327529204,0.17,57,12
3853_Dg,GSE227903,Diagnosis,cellchat,Pro-Monocyte,Pro-Monocyte,LGALS9,P4HB,0.0350537063605167,0.44,12,12
3853_Dg,GSE227903,Diagnosis,cellchat,cDC,cDC,PPIA,BSG,0.12148361763807,0.67,27,27
3853_Dg,GSE227903,Diagnosis,cellchat,Cycling Progenitor,cDC,PPIA,BSG,0.144372697774966,0.12,45,27
3853_Dg,GSE227903,Diagnosis,cellchat,Early GMP,cDC,PPIA,BSG,0.123338441287355,0.63,329,27
3853_Dg,GSE227903,Diagnosis,cellchat,EoBasoMast Precursor,cDC,PPIA,BSG,0.140035048657535,0.24,12,27
3853_Dg,GSE227903,Diagnosis,cellchat,HSC MPP,cDC,PPIA,BSG,0.112082668343711,0.83,173,27
3853_Dg,GSE227903,Diagnosis,cellchat,Late GMP,cDC,PPIA,BSG,0.133855367456827,0.29,79,27
3853_Dg,GSE227903,Diagnosis,cellchat,LMPP,cDC,PPIA,BSG,0.117571265465561,0.78,349,27
3853_Dg,GSE227903,Diagnosis,cellchat,Monocyte,cDC,PPIA,BSG,0.112572830564782,0.79,15,27
3853_Dg,GSE227903,Diagnosis,cellchat,pDC,cDC,PPIA,BSG,0.12359825614306,0.67,57,27
3853_Dg,GSE227903,Diagnosis,cellchat,Pro-Monocyte,cDC,PPIA,BSG,0.13683812622829,0.27,12,27
3853_Dg,GSE227903,Diagnosis,cellchat,cDC,Cycling Progenitor,PPIA,BSG,0.146525316332863,0.03,27,45
3853_Dg,GSE227903,Diagnosis,cellchat,Cycling Progenitor,Cycling Progenitor,PPIA,BSG,0.173202371050616,0,45,45
3853_Dg,GSE227903,Diagnosis,cellchat,Early GMP,Cycling Progenitor,PPIA,BSG,0.148697764316449,0,329,45
3853_Dg,GSE227903,Diagnosis,cellchat,EoBasoMast Precursor,Cycling Progenitor,PPIA,BSG,0.168168783324202,0,12,45
3853_Dg,GSE227903,Diagnosis,cellchat,HSC MPP,Cycling Progenitor,PPIA,BSG,0.135485382530706,0.16,173,45
3853_Dg,GSE227903,Diagnosis,cellchat,Late GMP,Cycling Progenitor,PPIA,BSG,0.160979979834996,0,79,45
3853_Dg,GSE227903,Diagnosis,cellchat,LMPP,Cycling Progenitor,PPIA,BSG,0.141936797389985,0.03,349,45
3853_Dg,GSE227903,Diagnosis,cellchat,Monocyte,Cycling Progenitor,PPIA,BSG,0.136062206856708,0.18,15,45
3853_Dg,GSE227903,Diagnosis,cellchat,pDC,Cycling Progenitor,PPIA,BSG,0.149001919561588,0,57,45
3853_Dg,GSE227903,Diagnosis,cellchat,Pro-Monocyte,Cycling Progenitor,PPIA,BSG,0.164452407062218,0,12,45
3853_Dg,GSE227903,Diagnosis,cellchat,cDC,Early GMP,PPIA,BSG,0.12814433211674,0.42,27,329
3853_Dg,GSE227903,Diagnosis,cellchat,Cycling Progenitor,Early GMP,PPIA,BSG,0.152071142460605,0,45,329
3853_Dg,GSE227903,Diagnosis,cellchat,Early GMP,Early GMP,PPIA,BSG,0.130085793560959,0.17,329,329
3853_Dg,GSE227903,Diagnosis,cellchat,EoBasoMast Precursor,Early GMP,PPIA,BSG,0.14754207954683,0.02,12,329
3853_Dg,GSE227903,Diagnosis,cellchat,Late GMP,Early GMP,PPIA,BSG,0.141085466522309,0,79,329
3853_Dg,GSE227903,Diagnosis,cellchat,LMPP,Early GMP,PPIA,BSG,0.124047761818535,0.85,349,329
3853_Dg,GSE227903,Diagnosis,cellchat,Monocyte,Early GMP,PPIA,BSG,0.118811056950616,0.87,15,329
3853_Dg,GSE227903,Diagnosis,cellchat,pDC,Early GMP,PPIA,BSG,0.130357708340252,0.29,57,329
3853_Dg,GSE227903,Diagnosis,cellchat,Pro-Monocyte,Early GMP,PPIA,BSG,0.144202513709474,0,12,329
3853_Dg,GSE227903,Diagnosis,cellchat,cDC,EoBasoMast Precursor,PPIA,BSG,0.13663894360093,0.33,27,12
3853_Dg,GSE227903,Diagnosis,cellchat,Cycling Progenitor,EoBasoMast Precursor,PPIA,BSG,0.161857394352869,0.01,45,12
3853_Dg,GSE227903,Diagnosis,cellchat,Early GMP,EoBasoMast Precursor,PPIA,BSG,0.138688630949741,0.27,329,12
3853_Dg,GSE227903,Diagnosis,cellchat,EoBasoMast Precursor,EoBasoMast Precursor,PPIA,BSG,0.157090869106246,0.05,12,12
3853_Dg,GSE227903,Diagnosis,cellchat,HSC MPP,EoBasoMast Precursor,PPIA,BSG,0.126233724371126,0.53,173,12
3853_Dg,GSE227903,Diagnosis,cellchat,Late GMP,EoBasoMast Precursor,PPIA,BSG,0.150290060591135,0.08,79,12
3853_Dg,GSE227903,Diagnosis,cellchat,LMPP,EoBasoMast Precursor,PPIA,BSG,0.132312025675495,0.43,349,12
3853_Dg,GSE227903,Diagnosis,cellchat,Monocyte,EoBasoMast Precursor,PPIA,BSG,0.126776936234795,0.48,15,12
3853_Dg,GSE227903,Diagnosis,cellchat,pDC,EoBasoMast Precursor,PPIA,BSG,0.138975655194536,0.26,57,12
3853_Dg,GSE227903,Diagnosis,cellchat,Pro-Monocyte,EoBasoMast Precursor,PPIA,BSG,0.153574107044719,0.08,12,12
3853_Dg,GSE227903,Diagnosis,cellchat,cDC,HSC MPP,PPIA,BSG,0.116286360876675,0.97,27,173
3853_Dg,GSE227903,Diagnosis,cellchat,Cycling Progenitor,HSC MPP,PPIA,BSG,0.138350421842748,0.01,45,173
3853_Dg,GSE227903,Diagnosis,cellchat,Early GMP,HSC MPP,PPIA,BSG,0.11807249723489,0.99,329,173
3853_Dg,GSE227903,Diagnosis,cellchat,EoBasoMast Precursor,HSC MPP,PPIA,BSG,0.134165339091271,0.15,12,173
3853_Dg,GSE227903,Diagnosis,cellchat,Late GMP,HSC MPP,PPIA,BSG,0.128206068851851,0.34,79,173
3853_Dg,GSE227903,Diagnosis,cellchat,LMPP,HSC MPP,PPIA,BSG,0.112519947675759,0.99,349,173
3853_Dg,GSE227903,Diagnosis,cellchat,Monocyte,HSC MPP,PPIA,BSG,0.107710052090879,0.99,15,173
3853_Dg,GSE227903,Diagnosis,cellchat,pDC,HSC MPP,PPIA,BSG,0.118322716469236,0.94,57,173
3853_Dg,GSE227903,Diagnosis,cellchat,Pro-Monocyte,HSC MPP,PPIA,BSG,0.131081993300157,0.31,12,173
3853_Dg,GSE227903,Diagnosis,cellchat,cDC,Late GMP,PPIA,BSG,0.136516695548368,0.11,27,79
3853_Dg,GSE227903,Diagnosis,cellchat,Cycling Progenitor,Late GMP,PPIA,BSG,0.16171681005671,0,45,79
3853_Dg,GSE227903,Diagnosis,cellchat,Early GMP,Late GMP,PPIA,BSG,0.138564843401286,0.04,329,79
3853_Dg,GSE227903,Diagnosis,cellchat,EoBasoMast Precursor,Late GMP,PPIA,BSG,0.156953649583659,0,12,79
3853_Dg,GSE227903,Diagnosis,cellchat,HSC MPP,Late GMP,PPIA,BSG,0.126119425750307,0.47,173,79
3853_Dg,GSE227903,Diagnosis,cellchat,Late GMP,Late GMP,PPIA,BSG,0.150157723342751,0,79,79
3853_Dg,GSE227903,Diagnosis,cellchat,LMPP,Late GMP,PPIA,BSG,0.132193056090052,0.16,349,79
3853_Dg,GSE227903,Diagnosis,cellchat,Monocyte,Late GMP,PPIA,BSG,0.12666221706105,0.45,15,79
3853_Dg,GSE227903,Diagnosis,cellchat,pDC,Late GMP,PPIA,BSG,0.138851652760071,0.08,57,79
3853_Dg,GSE227903,Diagnosis,cellchat,Pro-Monocyte,Late GMP,PPIA,BSG,0.153439400232277,0,12,79
3853_Dg,GSE227903,Diagnosis,cellchat,cDC,LMPP,PPIA,BSG,0.124399341481266,0.69,27,349
3853_Dg,GSE227903,Diagnosis,cellchat,Cycling Progenitor,LMPP,PPIA,BSG,0.147745392413646,0,45,349
3853_Dg,GSE227903,Diagnosis,cellchat,Early GMP,LMPP,PPIA,BSG,0.126292283004988,0.58,329,349
3853_Dg,GSE227903,Diagnosis,cellchat,EoBasoMast Precursor,LMPP,PPIA,BSG,0.143323385142325,0.03,12,349
3853_Dg,GSE227903,Diagnosis,cellchat,Late GMP,LMPP,PPIA,BSG,0.137021712595252,0.01,79,349
3853_Dg,GSE227903,Diagnosis,cellchat,LMPP,LMPP,PPIA,BSG,0.120405958678529,0.98,349,349
3853_Dg,GSE227903,Diagnosis,cellchat,Monocyte,LMPP,PPIA,BSG,0.115302756427524,0.93,15,349
3853_Dg,GSE227903,Diagnosis,cellchat,pDC,LMPP,PPIA,BSG,0.126557421913336,0.53,57,349
3853_Dg,GSE227903,Diagnosis,cellchat,Pro-Monocyte,LMPP,PPIA,BSG,0.140063618711769,0.03,12,349
3853_Dg,GSE227903,Diagnosis,cellchat,cDC,Monocyte,PPIA,BSG,0.14613484826282,0.06,27,15
3853_Dg,GSE227903,Diagnosis,cellchat,Cycling Progenitor,Monocyte,PPIA,BSG,0.172755202299669,0,45,15
3853_Dg,GSE227903,Diagnosis,cellchat,Early GMP,Monocyte,PPIA,BSG,0.148302512955808,0.01,329,15
3853_Dg,GSE227903,Diagnosis,cellchat,EoBasoMast Precursor,Monocyte,PPIA,BSG,0.167731973737375,0,12,15
3853_Dg,GSE227903,Diagnosis,cellchat,HSC MPP,Monocyte,PPIA,BSG,0.135119676579723,0.22,173,15
3853_Dg,GSE227903,Diagnosis,cellchat,Late GMP,Monocyte,PPIA,BSG,0.160558238655168,0,79,15
3853_Dg,GSE227903,Diagnosis,cellchat,LMPP,Monocyte,PPIA,BSG,0.141556528959202,0.11,349,15
3853_Dg,GSE227903,Diagnosis,cellchat,Monocyte,Monocyte,PPIA,BSG,0.1356951883107,0.26,15,15
3853_Dg,GSE227903,Diagnosis,cellchat,pDC,Monocyte,PPIA,BSG,0.148606000859501,0.02,57,15
3853_Dg,GSE227903,Diagnosis,cellchat,Pro-Monocyte,Monocyte,PPIA,BSG,0.164023347137634,0,12,15
3853_Dg,GSE227903,Diagnosis,cellchat,cDC,pDC,PPIA,BSG,0.134674664032312,0.21,27,57
3853_Dg,GSE227903,Diagnosis,cellchat,Cycling Progenitor,pDC,PPIA,BSG,0.159597598467973,0,45,57
3853_Dg,GSE227903,Diagnosis,cellchat,Early GMP,pDC,PPIA,BSG,0.136699551127437,0.08,329,57
3853_Dg,GSE227903,Diagnosis,cellchat,EoBasoMast Precursor,pDC,PPIA,BSG,0.15488532386778,0,12,57
3853_Dg,GSE227903,Diagnosis,cellchat,HSC MPP,pDC,PPIA,BSG,0.124397474470497,0.67,173,57
3853_Dg,GSE227903,Diagnosis,cellchat,Late GMP,pDC,PPIA,BSG,0.148163214643496,0,79,57
3853_Dg,GSE227903,Diagnosis,cellchat,LMPP,pDC,PPIA,BSG,0.130400553603313,0.41,349,57
3853_Dg,GSE227903,Diagnosis,cellchat,Monocyte,pDC,PPIA,BSG,0.124933914365158,0.5,15,57
3853_Dg,GSE227903,Diagnosis,cellchat,pDC,pDC,PPIA,BSG,0.136983113546666,0.14,57,57
3853_Dg,GSE227903,Diagnosis,cellchat,Pro-Monocyte,pDC,PPIA,BSG,0.151409067817502,0,12,57
3853_Dg,GSE227903,Diagnosis,cellchat,cDC,Pro-Monocyte,PPIA,BSG,0.157027383019009,0.02,27,12
3853_Dg,GSE227903,Diagnosis,cellchat,Cycling Progenitor,Pro-Monocyte,PPIA,BSG,0.18520158086716,0,45,12
3853_Dg,GSE227903,Diagnosis,cellchat,Early GMP,Pro-Monocyte,PPIA,BSG,0.159326471630942,0.01,329,12
3853_Dg,GSE227903,Diagnosis,cellchat,EoBasoMast Precursor,Pro-Monocyte,PPIA,BSG,0.179895148108715,0,12,12
3853_Dg,GSE227903,Diagnosis,cellchat,HSC MPP,Pro-Monocyte,PPIA,BSG,0.14533091196985,0.09,173,12
3853_Dg,GSE227903,Diagnosis,cellchat,Late GMP,Pro-Monocyte,PPIA,BSG,0.172308907060678,0,79,12
3853_Dg,GSE227903,Diagnosis,cellchat,LMPP,Pro-Monocyte,PPIA,BSG,0.152168622863007,0.04,349,12
3853_Dg,GSE227903,Diagnosis,cellchat,Monocyte,Pro-Monocyte,PPIA,BSG,0.14594257710034,0.12,15,12
3853_Dg,GSE227903,Diagnosis,cellchat,pDC,Pro-Monocyte,PPIA,BSG,0.159648290361489,0.01,57,12
3853_Dg,GSE227903,Diagnosis,cellchat,Pro-Monocyte,Pro-Monocyte,PPIA,BSG,0.175974451562717,0,12,12
3853_Dg,GSE227903,Diagnosis,cellchat,Early GMP,cDC,COL4A5,CD44,0.00889585044754115,0.15,329,27
3853_Dg,GSE227903,Diagnosis,cellchat,EoBasoMast Precursor,cDC,COL4A5,CD44,0.0277183395175793,0.02,12,27
3853_Dg,GSE227903,Diagnosis,cellchat,LMPP,cDC,COL4A5,CD44,0.00798743524326118,0.1,349,27
3853_Dg,GSE227903,Diagnosis,cellchat,Early GMP,Cycling Progenitor,COL4A5,CD44,0.0102377612186222,0.11,329,45
3853_Dg,GSE227903,Diagnosis,cellchat,EoBasoMast Precursor,Cycling Progenitor,COL4A5,CD44,0.0318084382179958,0.02,12,45
3853_Dg,GSE227903,Diagnosis,cellchat,LMPP,Cycling Progenitor,COL4A5,CD44,0.00919358558644533,0.08,349,45
3853_Dg,GSE227903,Diagnosis,cellchat,Early GMP,Early GMP,COL4A5,CD44,0.0116738255148826,0.03,329,329
3853_Dg,GSE227903,Diagnosis,cellchat,EoBasoMast Precursor,Early GMP,COL4A5,CD44,0.0361597080420451,0.02,12,329
3853_Dg,GSE227903,Diagnosis,cellchat,LMPP,Early GMP,COL4A5,CD44,0.0104847335481848,0.02,349,329
3853_Dg,GSE227903,Diagnosis,cellchat,Early GMP,EoBasoMast Precursor,COL4A5,CD44,0.00111674378979762,0.18,329,12
3853_Dg,GSE227903,Diagnosis,cellchat,EoBasoMast Precursor,EoBasoMast Precursor,COL4A5,CD44,0.00353839505512449,0.35,12,12
3853_Dg,GSE227903,Diagnosis,cellchat,LMPP,EoBasoMast Precursor,COL4A5,CD44,0.00100190252800902,0.1,349,12
3853_Dg,GSE227903,Diagnosis,cellchat,Early GMP,HSC MPP,COL4A5,CD44,0.0137348110876477,0,329,173
3853_Dg,GSE227903,Diagnosis,cellchat,EoBasoMast Precursor,HSC MPP,COL4A5,CD44,0.0423583420473179,0,12,173
3853_Dg,GSE227903,Diagnosis,cellchat,LMPP,HSC MPP,COL4A5,CD44,0.0123384086321893,0,349,173
3853_Dg,GSE227903,Diagnosis,cellchat,Early GMP,Late GMP,COL4A5,CD44,0.0100019608127666,0.11,329,79
3853_Dg,GSE227903,Diagnosis,cellchat,EoBasoMast Precursor,Late GMP,COL4A5,CD44,0.031091419710644,0.02,12,79
3853_Dg,GSE227903,Diagnosis,cellchat,LMPP,Late GMP,COL4A5,CD44,0.00898161683003995,0.09,349,79
3853_Dg,GSE227903,Diagnosis,cellchat,Early GMP,LMPP,COL4A5,CD44,0.0137504801465188,0,329,349
3853_Dg,GSE227903,Diagnosis,cellchat,EoBasoMast Precursor,LMPP,COL4A5,CD44,0.0424052616278938,0.01,12,349
3853_Dg,GSE227903,Diagnosis,cellchat,LMPP,LMPP,COL4A5,CD44,0.0123525045881185,0,349,349
3853_Dg,GSE227903,Diagnosis,cellchat,Early GMP,Monocyte,COL4A5,CD44,0.0141562958459116,0,329,15
3853_Dg,GSE227903,Diagnosis,cellchat,EoBasoMast Precursor,Monocyte,COL4A5,CD44,0.0436193587711196,0.02,12,15
3853_Dg,GSE227903,Diagnosis,cellchat,LMPP,Monocyte,COL4A5,CD44,0.0127175940816015,0,349,15
3853_Dg,GSE227903,Diagnosis,cellchat,Early GMP,pDC,COL4A5,CD44,0.0116963328246509,0.02,329,57
3853_Dg,GSE227903,Diagnosis,cellchat,EoBasoMast Precursor,pDC,COL4A5,CD44,0.036227694018813,0.02,12,57
3853_Dg,GSE227903,Diagnosis,cellchat,LMPP,pDC,COL4A5,CD44,0.0105049726389323,0.03,349,57
3853_Dg,GSE227903,Diagnosis,cellchat,Early GMP,Pro-Monocyte,COL4A5,CD44,0.0115918275083195,0.04,329,12
3853_Dg,GSE227903,Diagnosis,cellchat,EoBasoMast Precursor,Pro-Monocyte,COL4A5,CD44,0.0359119684741436,0.02,12,12
3853_Dg,GSE227903,Diagnosis,cellchat,LMPP,Pro-Monocyte,COL4A5,CD44,0.0104109998483937,0.03,349,12
3853_Dg,GSE227903,Diagnosis,cellchat,EoBasoMast Precursor,cDC,COL6A1,CD44,0.036278133744278,0,12,27
3853_Dg,GSE227903,Diagnosis,cellchat,EoBasoMast Precursor,Cycling Progenitor,COL6A1,CD44,0.0415772971924212,0,12,45
3853_Dg,GSE227903,Diagnosis,cellchat,EoBasoMast Precursor,Early GMP,COL6A1,CD44,0.0471997614411758,0,12,329
3853_Dg,GSE227903,Diagnosis,cellchat,EoBasoMast Precursor,EoBasoMast Precursor,COL6A1,CD44,0.00466694075435161,0,12,12
3853_Dg,GSE227903,Diagnosis,cellchat,EoBasoMast Precursor,HSC MPP,COL6A1,CD44,0.0551825706413331,0,12,173
3853_Dg,GSE227903,Diagnosis,cellchat,EoBasoMast Precursor,Late GMP,COL6A1,CD44,0.0406493166699183,0,12,79
3853_Dg,GSE227903,Diagnosis,cellchat,EoBasoMast Precursor,LMPP,COL6A1,CD44,0.0552428759466346,0,12,349
3853_Dg,GSE227903,Diagnosis,cellchat,EoBasoMast Precursor,Monocyte,COL6A1,CD44,0.0568027219774697,0,12,15
3853_Dg,GSE227903,Diagnosis,cellchat,EoBasoMast Precursor,pDC,COL6A1,CD44,0.0472874860937507,0,12,57
3853_Dg,GSE227903,Diagnosis,cellchat,EoBasoMast Precursor,Pro-Monocyte,COL6A1,CD44,0.0468800625522493,0,12,12
3853_Dg,GSE227903,Diagnosis,cellchat,cDC,cDC,COL9A2,CD44,0.0371132192810055,0,27,27
3853_Dg,GSE227903,Diagnosis,cellchat,Monocyte,cDC,COL9A2,CD44,0.0139682889706786,0.02,15,27
3853_Dg,GSE227903,Diagnosis,cellchat,Pro-Monocyte,cDC,COL9A2,CD44,0.00329724785065125,0.16,12,27
3853_Dg,GSE227903,Diagnosis,cellchat,cDC,Cycling Progenitor,COL9A2,CD44,0.0425289810246415,0,27,45
3853_Dg,GSE227903,Diagnosis,cellchat,Monocyte,Cycling Progenitor,COL9A2,CD44,0.0160629599016772,0,15,45
3853_Dg,GSE227903,Diagnosis,cellchat,Pro-Monocyte,Cycling Progenitor,COL9A2,CD44,0.00379786341477179,0.11,12,45
3853_Dg,GSE227903,Diagnosis,cellchat,cDC,Early GMP,COL9A2,CD44,0.0482736585997887,0,27,329
3853_Dg,GSE227903,Diagnosis,cellchat,Monocyte,Early GMP,COL9A2,CD44,0.0183010239186575,0,15,329
3853_Dg,GSE227903,Diagnosis,cellchat,Pro-Monocyte,Early GMP,COL9A2,CD44,0.00433455077886533,0.05,12,329
3853_Dg,GSE227903,Diagnosis,cellchat,cDC,EoBasoMast Precursor,COL9A2,CD44,0.00477797656451591,0.09,27,12
3853_Dg,GSE227903,Diagnosis,cellchat,Monocyte,EoBasoMast Precursor,COL9A2,CD44,0.00176139728734266,0.1,15,12
3853_Dg,GSE227903,Diagnosis,cellchat,Pro-Monocyte,EoBasoMast Precursor,COL9A2,CD44,0.000411886590761935,0.21,12,12
3853_Dg,GSE227903,Diagnosis,cellchat,cDC,HSC MPP,COL9A2,CD44,0.0564273376743197,0,27,173
3853_Dg,GSE227903,Diagnosis,cellchat,Monocyte,HSC MPP,COL9A2,CD44,0.0215065650520477,0,15,173
3853_Dg,GSE227903,Diagnosis,cellchat,Pro-Monocyte,HSC MPP,COL9A2,CD44,0.00510650000792157,0.03,12,173
3853_Dg,GSE227903,Diagnosis,cellchat,cDC,Late GMP,COL9A2,CD44,0.0415806810162289,0,27,79
3853_Dg,GSE227903,Diagnosis,cellchat,Monocyte,Late GMP,COL9A2,CD44,0.0156951186498641,0,15,79
3853_Dg,GSE227903,Diagnosis,cellchat,Pro-Monocyte,Late GMP,COL9A2,CD44,0.00370983347525407,0.09,12,79
3853_Dg,GSE227903,Diagnosis,cellchat,cDC,LMPP,COL9A2,CD44,0.0564889219702822,0,27,349
3853_Dg,GSE227903,Diagnosis,cellchat,Monocyte,LMPP,COL9A2,CD44,0.0215309067899193,0,15,349
3853_Dg,GSE227903,Diagnosis,cellchat,Pro-Monocyte,LMPP,COL9A2,CD44,0.00511237667086153,0.04,12,349
3853_Dg,GSE227903,Diagnosis,cellchat,cDC,Monocyte,COL9A2,CD44,0.0580817885272175,0,27,15
3853_Dg,GSE227903,Diagnosis,cellchat,Monocyte,Monocyte,COL9A2,CD44,0.0221611853101019,0,15,15
3853_Dg,GSE227903,Diagnosis,cellchat,Pro-Monocyte,Monocyte,COL9A2,CD44,0.00526461826523976,0.03,12,15
3853_Dg,GSE227903,Diagnosis,cellchat,cDC,pDC,COL9A2,CD44,0.0483632778674505,0,27,57
3853_Dg,GSE227903,Diagnosis,cellchat,Monocyte,pDC,COL9A2,CD44,0.0183360715123338,0,15,57
3853_Dg,GSE227903,Diagnosis,cellchat,Pro-Monocyte,pDC,COL9A2,CD44,0.00434297003734677,0.04,12,57
3853_Dg,GSE227903,Diagnosis,cellchat,cDC,Pro-Monocyte,COL9A2,CD44,0.0479470519025186,0,27,12
3853_Dg,GSE227903,Diagnosis,cellchat,Monocyte,Pro-Monocyte,COL9A2,CD44,0.0181733318326271,0,15,12
3853_Dg,GSE227903,Diagnosis,cellchat,Pro-Monocyte,Pro-Monocyte,COL9A2,CD44,0.00430388000888906,0.07,12,12
3853_Dg,GSE227903,Diagnosis,cellchat,cDC,cDC,PTPRC,MRC1,0.136680776769296,0,27,27
3853_Dg,GSE227903,Diagnosis,cellchat,Cycling Progenitor,cDC,PTPRC,MRC1,0.0966809916449045,0,45,27
3853_Dg,GSE227903,Diagnosis,cellchat,Early GMP,cDC,PTPRC,MRC1,0.0957962533498411,0,329,27
3853_Dg,GSE227903,Diagnosis,cellchat,EoBasoMast Precursor,cDC,PTPRC,MRC1,0.0767544124534856,0,12,27
3853_Dg,GSE227903,Diagnosis,cellchat,HSC MPP,cDC,PTPRC,MRC1,0.123693294506543,0,173,27
3853_Dg,GSE227903,Diagnosis,cellchat,Late GMP,cDC,PTPRC,MRC1,0.072663776884784,0,79,27
3853_Dg,GSE227903,Diagnosis,cellchat,LMPP,cDC,PTPRC,MRC1,0.115454446300413,0,349,27
3853_Dg,GSE227903,Diagnosis,cellchat,Monocyte,cDC,PTPRC,MRC1,0.120366659498041,0,15,27
3853_Dg,GSE227903,Diagnosis,cellchat,pDC,cDC,PTPRC,MRC1,0.120961604665608,0,57,27
3853_Dg,GSE227903,Diagnosis,cellchat,Pro-Monocyte,cDC,PTPRC,MRC1,0.0907734831951715,0,12,27
3853_Dg,GSE227903,Diagnosis,cellchat,cDC,Cycling Progenitor,PTPRC,MRC1,0.0122515424020708,0.43,27,45
3853_Dg,GSE227903,Diagnosis,cellchat,Cycling Progenitor,Cycling Progenitor,PTPRC,MRC1,0.00831537629140895,0.56,45,45
3853_Dg,GSE227903,Diagnosis,cellchat,Early GMP,Cycling Progenitor,PTPRC,MRC1,0.00823191223960293,0.56,329,45
3853_Dg,GSE227903,Diagnosis,cellchat,EoBasoMast Precursor,Cycling Progenitor,PTPRC,MRC1,0.00647105387821424,0.56,12,45
3853_Dg,GSE227903,Diagnosis,cellchat,HSC MPP,Cycling Progenitor,PTPRC,MRC1,0.0109376014363227,0.46,173,45
3853_Dg,GSE227903,Diagnosis,cellchat,Late GMP,Cycling Progenitor,PTPRC,MRC1,0.00610142380469484,0.56,79,45
3853_Dg,GSE227903,Diagnosis,cellchat,LMPP,Cycling Progenitor,PTPRC,MRC1,0.0101223271158092,0.47,349,45
3853_Dg,GSE227903,Diagnosis,cellchat,Monocyte,Cycling Progenitor,PTPRC,MRC1,0.0106067383193876,0.45,15,45
3853_Dg,GSE227903,Diagnosis,cellchat,pDC,Cycling Progenitor,PTPRC,MRC1,0.0106657431802012,0.46,57,45
3853_Dg,GSE227903,Diagnosis,cellchat,Pro-Monocyte,Cycling Progenitor,PTPRC,MRC1,0.00776089179268506,0.54,12,45
3853_Dg,GSE227903,Diagnosis,cellchat,cDC,LMPP,PTPRC,MRC1,0.0184916134036366,0,27,349
3853_Dg,GSE227903,Diagnosis,cellchat,Cycling Progenitor,LMPP,PTPRC,MRC1,0.0125761675786347,0.52,45,349
3853_Dg,GSE227903,Diagnosis,cellchat,Early GMP,LMPP,PTPRC,MRC1,0.012450473555224,0.62,329,349
3853_Dg,GSE227903,Diagnosis,cellchat,EoBasoMast Precursor,LMPP,PTPRC,MRC1,0.00979615130454775,0.78,12,349
3853_Dg,GSE227903,Diagnosis,cellchat,HSC MPP,LMPP,PTPRC,MRC1,0.0165196361882631,0,173,349
3853_Dg,GSE227903,Diagnosis,cellchat,Late GMP,LMPP,PTPRC,MRC1,0.00923835596176508,0.82,79,349
3853_Dg,GSE227903,Diagnosis,cellchat,LMPP,LMPP,PTPRC,MRC1,0.0152947185548122,0,349,349
3853_Dg,GSE227903,Diagnosis,cellchat,Monocyte,LMPP,PTPRC,MRC1,0.0160226516308808,0.03,15,349
3853_Dg,GSE227903,Diagnosis,cellchat,pDC,LMPP,PTPRC,MRC1,0.0161112943876312,0,57,349
3853_Dg,GSE227903,Diagnosis,cellchat,Pro-Monocyte,LMPP,PTPRC,MRC1,0.0117409294973875,0.66,12,349
3853_Dg,GSE227903,Diagnosis,cellchat,cDC,Monocyte,PTPRC,MRC1,0.132100742714267,0,27,15
3853_Dg,GSE227903,Diagnosis,cellchat,Cycling Progenitor,Monocyte,PTPRC,MRC1,0.0932964617147287,0,45,15
3853_Dg,GSE227903,Diagnosis,cellchat,Early GMP,Monocyte,PTPRC,MRC1,0.0924395261374215,0,329,15
3853_Dg,GSE227903,Diagnosis,cellchat,EoBasoMast Precursor,Monocyte,PTPRC,MRC1,0.0740103028200415,0,12,15
3853_Dg,GSE227903,Diagnosis,cellchat,HSC MPP,Monocyte,PTPRC,MRC1,0.119488224041651,0,173,15
3853_Dg,GSE227903,Diagnosis,cellchat,Late GMP,Monocyte,PTPRC,MRC1,0.0700548177974253,0,79,15
3853_Dg,GSE227903,Diagnosis,cellchat,LMPP,Monocyte,PTPRC,MRC1,0.111493827320289,0,349,15
3853_Dg,GSE227903,Diagnosis,cellchat,Monocyte,Monocyte,PTPRC,MRC1,0.116259677196982,0,15,15
3853_Dg,GSE227903,Diagnosis,cellchat,pDC,Monocyte,PTPRC,MRC1,0.116837018805842,0,57,15
3853_Dg,GSE227903,Diagnosis,cellchat,Pro-Monocyte,Monocyte,PTPRC,MRC1,0.0875757090141866,0,12,15
3853_Dg,GSE227903,Diagnosis,cellchat,cDC,pDC,PTPRC,MRC1,0.0213379501022763,0.01,27,57
3853_Dg,GSE227903,Diagnosis,cellchat,Cycling Progenitor,pDC,PTPRC,MRC1,0.0145254396153787,0.27,45,57
3853_Dg,GSE227903,Diagnosis,cellchat,Early GMP,pDC,PTPRC,MRC1,0.0143805470910056,0.31,329,57
3853_Dg,GSE227903,Diagnosis,cellchat,EoBasoMast Precursor,pDC,PTPRC,MRC1,0.0113194679448463,0.48,12,57
3853_Dg,GSE227903,Diagnosis,cellchat,HSC MPP,pDC,PTPRC,MRC1,0.0190683316955772,0.02,173,57
3853_Dg,GSE227903,Diagnosis,cellchat,Late GMP,pDC,PTPRC,MRC1,0.0106758697307488,0.51,79,57
3853_Dg,GSE227903,Diagnosis,cellchat,LMPP,pDC,PTPRC,MRC1,0.017657823449679,0.06,349,57
3853_Dg,GSE227903,Diagnosis,cellchat,Monocyte,pDC,PTPRC,MRC1,0.0184961130085315,0.03,15,57
3853_Dg,GSE227903,Diagnosis,cellchat,pDC,pDC,PTPRC,MRC1,0.0185981811524444,0.02,57,57
3853_Dg,GSE227903,Diagnosis,cellchat,Pro-Monocyte,pDC,PTPRC,MRC1,0.0135625200470422,0.36,12,57
3853_Dg,GSE227903,Diagnosis,cellchat,cDC,Pro-Monocyte,PTPRC,MRC1,0.132497113614276,0,27,12
3853_Dg,GSE227903,Diagnosis,cellchat,Cycling Progenitor,Pro-Monocyte,PTPRC,MRC1,0.0935889550247606,0,45,12
3853_Dg,GSE227903,Diagnosis,cellchat,Early GMP,Pro-Monocyte,PTPRC,MRC1,0.0927296076317252,0,329,12
3853_Dg,GSE227903,Diagnosis,cellchat,EoBasoMast Precursor,Pro-Monocyte,PTPRC,MRC1,0.0742472833963428,0,12,12
3853_Dg,GSE227903,Diagnosis,cellchat,HSC MPP,Pro-Monocyte,PTPRC,MRC1,0.119851976886918,0,173,12
3853_Dg,GSE227903,Diagnosis,cellchat,Late GMP,Pro-Monocyte,PTPRC,MRC1,0.0702800942052229,0,79,12
3853_Dg,GSE227903,Diagnosis,cellchat,LMPP,Pro-Monocyte,PTPRC,MRC1,0.111836334280546,0,349,12
3853_Dg,GSE227903,Diagnosis,cellchat,Monocyte,Pro-Monocyte,PTPRC,MRC1,0.116614903205494,0,15,12
3853_Dg,GSE227903,Diagnosis,cellchat,pDC,Pro-Monocyte,PTPRC,MRC1,0.117193774923328,0,57,12
3853_Dg,GSE227903,Diagnosis,cellchat,Pro-Monocyte,Pro-Monocyte,PTPRC,MRC1,0.0878520049806514,0,12,12
3853_Dg,GSE227903,Diagnosis,cellchat,Cycling Progenitor,Monocyte,CD96,PVR,0.00229709993044355,0.02,45,15
3853_Dg,GSE227903,Diagnosis,cellchat,Early GMP,Monocyte,CD96,PVR,0.0025443057035851,0.04,329,15
3853_Dg,GSE227903,Diagnosis,cellchat,EoBasoMast Precursor,Monocyte,CD96,PVR,0.00238321719160085,0.02,12,15
3853_Dg,GSE227903,Diagnosis,cellchat,HSC MPP,Monocyte,CD96,PVR,0.00251753832171263,0.03,173,15
3853_Dg,GSE227903,Diagnosis,cellchat,Late GMP,Monocyte,CD96,PVR,0.00172753990075102,0.06,79,15
3853_Dg,GSE227903,Diagnosis,cellchat,LMPP,Monocyte,CD96,PVR,0.00258250043017162,0.04,349,15
3853_Dg,GSE227903,Diagnosis,cellchat,pDC,Monocyte,CD96,PVR,0.000972827757998628,0.09,57,15
3853_Dg,GSE227903,Diagnosis,cellchat,cDC,cDC,CD99,PILRA,0.0216584223471145,0,27,27
3853_Dg,GSE227903,Diagnosis,cellchat,Cycling Progenitor,cDC,CD99,PILRA,0.0451695628344262,0,45,27
3853_Dg,GSE227903,Diagnosis,cellchat,Early GMP,cDC,CD99,PILRA,0.0431437367273406,0,329,27
3853_Dg,GSE227903,Diagnosis,cellchat,EoBasoMast Precursor,cDC,CD99,PILRA,0.035021299021132,0,12,27
3853_Dg,GSE227903,Diagnosis,cellchat,HSC MPP,cDC,CD99,PILRA,0.0444110479075092,0,173,27
3853_Dg,GSE227903,Diagnosis,cellchat,Late GMP,cDC,CD99,PILRA,0.0360253736847651,0,79,27
3853_Dg,GSE227903,Diagnosis,cellchat,LMPP,cDC,CD99,PILRA,0.0469400890600171,0,349,27
3853_Dg,GSE227903,Diagnosis,cellchat,Monocyte,cDC,CD99,PILRA,0.0212870141420085,0,15,27
3853_Dg,GSE227903,Diagnosis,cellchat,pDC,cDC,CD99,PILRA,0.04259386861487,0,57,27
3853_Dg,GSE227903,Diagnosis,cellchat,Pro-Monocyte,cDC,CD99,PILRA,0.025440108491465,0,12,27
3853_Dg,GSE227903,Diagnosis,cellchat,cDC,Monocyte,CD99,PILRA,0.0609347293635661,0,27,15
3853_Dg,GSE227903,Diagnosis,cellchat,Cycling Progenitor,Monocyte,CD99,PILRA,0.12177502210722,0,45,15
3853_Dg,GSE227903,Diagnosis,cellchat,Early GMP,Monocyte,CD99,PILRA,0.116733524837833,0,329,15
3853_Dg,GSE227903,Diagnosis,cellchat,EoBasoMast Precursor,Monocyte,CD99,PILRA,0.0961488787258349,0,12,15
3853_Dg,GSE227903,Diagnosis,cellchat,HSC MPP,Monocyte,CD99,PILRA,0.119891626755392,0,173,15
3853_Dg,GSE227903,Diagnosis,cellchat,Late GMP,Monocyte,CD99,PILRA,0.0987262033520875,0,79,15
3853_Dg,GSE227903,Diagnosis,cellchat,LMPP,Monocyte,CD99,PILRA,0.126151559138418,0,349,15
3853_Dg,GSE227903,Diagnosis,cellchat,Monocyte,Monocyte,CD99,PILRA,0.0599310524870358,0,15,15
3853_Dg,GSE227903,Diagnosis,cellchat,pDC,Monocyte,CD99,PILRA,0.115358826771989,0,57,15
3853_Dg,GSE227903,Diagnosis,cellchat,Pro-Monocyte,Monocyte,CD99,PILRA,0.0710760653159105,0,12,15
3853_Dg,GSE227903,Diagnosis,cellchat,Cycling Progenitor,Cycling Progenitor,CD99,CD99,0.360344904746803,0.17,45,45
3853_Dg,GSE227903,Diagnosis,cellchat,Early GMP,Cycling Progenitor,CD99,CD99,0.349355563012551,0.26,329,45
3853_Dg,GSE227903,Diagnosis,cellchat,HSC MPP,Cycling Progenitor,CD99,CD99,0.356268566382617,0.07,173,45
3853_Dg,GSE227903,Diagnosis,cellchat,LMPP,Cycling Progenitor,CD99,CD99,0.369686292764947,0,349,45
3853_Dg,GSE227903,Diagnosis,cellchat,pDC,Cycling Progenitor,CD99,CD99,0.346315515201318,0.46,57,45
3853_Dg,GSE227903,Diagnosis,cellchat,Cycling Progenitor,Early GMP,CD99,CD99,0.349355563012551,0.26,45,329
3853_Dg,GSE227903,Diagnosis,cellchat,Early GMP,Early GMP,CD99,CD99,0.338523995017854,0.94,329,329
3853_Dg,GSE227903,Diagnosis,cellchat,HSC MPP,Early GMP,CD99,CD99,0.345336424574655,0.43,173,329
3853_Dg,GSE227903,Diagnosis,cellchat,LMPP,Early GMP,CD99,CD99,0.358571765558711,0,349,329
3853_Dg,GSE227903,Diagnosis,cellchat,pDC,Early GMP,CD99,CD99,0.335529595991098,0.94,57,329
3853_Dg,GSE227903,Diagnosis,cellchat,LMPP,EoBasoMast Precursor,CD99,CD99,0.310324608939633,0.99,349,12
3853_Dg,GSE227903,Diagnosis,cellchat,Cycling Progenitor,HSC MPP,CD99,CD99,0.356268566382617,0.07,45,173
3853_Dg,GSE227903,Diagnosis,cellchat,Early GMP,HSC MPP,CD99,CD99,0.345336424574655,0.43,329,173
3853_Dg,GSE227903,Diagnosis,cellchat,HSC MPP,HSC MPP,CD99,CD99,0.352212949778895,0.15,173,173
3853_Dg,GSE227903,Diagnosis,cellchat,LMPP,HSC MPP,CD99,CD99,0.365564673897244,0,349,173
3853_Dg,GSE227903,Diagnosis,cellchat,pDC,HSC MPP,CD99,CD99,0.342312950478635,0.66,57,173
3853_Dg,GSE227903,Diagnosis,cellchat,Cycling Progenitor,LMPP,CD99,CD99,0.369686292764947,0,45,349
3853_Dg,GSE227903,Diagnosis,cellchat,Early GMP,LMPP,CD99,CD99,0.358571765558711,0,329,349
3853_Dg,GSE227903,Diagnosis,cellchat,EoBasoMast Precursor,LMPP,CD99,CD99,0.310324608939633,0.99,12,349
3853_Dg,GSE227903,Diagnosis,cellchat,HSC MPP,LMPP,CD99,CD99,0.365564673897244,0,173,349
3853_Dg,GSE227903,Diagnosis,cellchat,LMPP,LMPP,CD99,CD99,0.379126311976041,0,349,349
3853_Dg,GSE227903,Diagnosis,cellchat,pDC,LMPP,CD99,CD99,0.35549533776357,0.05,57,349
3853_Dg,GSE227903,Diagnosis,cellchat,Cycling Progenitor,pDC,CD99,CD99,0.346315515201318,0.46,45,57
3853_Dg,GSE227903,Diagnosis,cellchat,Early GMP,pDC,CD99,CD99,0.335529595991098,0.94,329,57
3853_Dg,GSE227903,Diagnosis,cellchat,HSC MPP,pDC,CD99,CD99,0.342312950478635,0.66,173,57
3853_Dg,GSE227903,Diagnosis,cellchat,LMPP,pDC,CD99,CD99,0.35549533776357,0.05,349,57
3853_Dg,GSE227903,Diagnosis,cellchat,pDC,pDC,CD99,CD99,0.332548367885767,0.9,57,57
3853_Dg,GSE227903,Diagnosis,cellchat,cDC,cDC,ICAM1,ITGAX_ITGB2,0.0107618218917094,0,27,27
3853_Dg,GSE227903,Diagnosis,cellchat,Monocyte,cDC,ICAM1,ITGAX_ITGB2,0.0064062494124392,0,15,27
3853_Dg,GSE227903,Diagnosis,cellchat,cDC,Monocyte,ICAM1,ITGAX_ITGB2,0.00612053500723122,0,27,15
3853_Dg,GSE227903,Diagnosis,cellchat,Monocyte,Monocyte,ICAM1,ITGAX_ITGB2,0.00363649955603275,0,15,15
3853_Dg,GSE227903,Diagnosis,cellchat,cDC,pDC,ICAM1,ITGAX_ITGB2,0.00380327828017177,0,27,57
3853_Dg,GSE227903,Diagnosis,cellchat,Monocyte,pDC,ICAM1,ITGAX_ITGB2,0.00225757140846792,0,15,57
3853_Dg,GSE227903,Diagnosis,cellchat,cDC,Pro-Monocyte,ICAM1,ITGAX_ITGB2,0.00250072270074256,0,27,12
3853_Dg,GSE227903,Diagnosis,cellchat,Monocyte,Pro-Monocyte,ICAM1,ITGAX_ITGB2,0.00148360472365823,0.01,15,12
3853_Dg,GSE227903,Diagnosis,cellchat,cDC,cDC,ICAM1,ITGAL_ITGB2,0.00586835457860803,0,27,27
3853_Dg,GSE227903,Diagnosis,cellchat,Monocyte,cDC,ICAM1,ITGAL_ITGB2,0.00348630821234815,0,15,27
3853_Dg,GSE227903,Diagnosis,cellchat,cDC,LMPP,ICAM1,ITGAL_ITGB2,0.00331742050384361,0,27,349
3853_Dg,GSE227903,Diagnosis,cellchat,Monocyte,LMPP,ICAM1,ITGAL_ITGB2,0.00196878296547162,0,15,349
3853_Dg,GSE227903,Diagnosis,cellchat,cDC,Monocyte,ICAM1,ITGAL_ITGB2,0.0064418130210839,0,27,15
3853_Dg,GSE227903,Diagnosis,cellchat,Monocyte,Monocyte,ICAM1,ITGAL_ITGB2,0.00382788822933049,0,15,15
3853_Dg,GSE227903,Diagnosis,cellchat,cDC,pDC,ICAM1,ITGAL_ITGB2,0.00469685671859197,0,27,57
3853_Dg,GSE227903,Diagnosis,cellchat,Monocyte,pDC,ICAM1,ITGAL_ITGB2,0.00278900347634534,0,15,57
3853_Dg,GSE227903,Diagnosis,cellchat,cDC,Pro-Monocyte,ICAM1,ITGAL_ITGB2,0.00498945367861075,0,27,12
3853_Dg,GSE227903,Diagnosis,cellchat,Monocyte,Pro-Monocyte,ICAM1,ITGAL_ITGB2,0.00296310200476808,0.01,15,12
3853_Dg,GSE227903,Diagnosis,cellchat,cDC,cDC,ICAM1,ITGAM_ITGB2,0.00903966123901328,0,27,27
3853_Dg,GSE227903,Diagnosis,cellchat,Monocyte,cDC,ICAM1,ITGAM_ITGB2,0.00537730053280105,0,15,27
3853_Dg,GSE227903,Diagnosis,cellchat,cDC,Cycling Progenitor,ICAM1,ITGAM_ITGB2,0.00261399842662585,0,27,45
3853_Dg,GSE227903,Diagnosis,cellchat,Monocyte,Cycling Progenitor,ICAM1,ITGAM_ITGB2,0.00155087948952533,0.01,15,45
3853_Dg,GSE227903,Diagnosis,cellchat,cDC,HSC MPP,ICAM1,ITGAM_ITGB2,0.003490858091431,0,27,173
3853_Dg,GSE227903,Diagnosis,cellchat,Monocyte,HSC MPP,ICAM1,ITGAM_ITGB2,0.00207185919524573,0.01,15,173
3853_Dg,GSE227903,Diagnosis,cellchat,cDC,Monocyte,ICAM1,ITGAM_ITGB2,0.0142364370983639,0,27,15
3853_Dg,GSE227903,Diagnosis,cellchat,Monocyte,Monocyte,ICAM1,ITGAM_ITGB2,0.00848666718922515,0,15,15
3853_Dg,GSE227903,Diagnosis,cellchat,cDC,pDC,ICAM1,ITGAM_ITGB2,0.00705506041954882,0,27,57
3853_Dg,GSE227903,Diagnosis,cellchat,Monocyte,pDC,ICAM1,ITGAM_ITGB2,0.00419334558305539,0,15,57
3853_Dg,GSE227903,Diagnosis,cellchat,cDC,Pro-Monocyte,ICAM1,ITGAM_ITGB2,0.00792811294122833,0,27,12
3853_Dg,GSE227903,Diagnosis,cellchat,Monocyte,Pro-Monocyte,ICAM1,ITGAM_ITGB2,0.00471394666248634,0,15,12
3853_Dg,GSE227903,Diagnosis,cellchat,cDC,cDC,ICAM1,ITGAL,0.0017654055391525,0,27,27
3853_Dg,GSE227903,Diagnosis,cellchat,Monocyte,cDC,ICAM1,ITGAL,0.00104704889538531,0.01,15,27
3853_Dg,GSE227903,Diagnosis,cellchat,cDC,LMPP,ICAM1,ITGAL,0.00115046832941993,0,27,349
3853_Dg,GSE227903,Diagnosis,cellchat,Monocyte,LMPP,ICAM1,ITGAL,0.000682163215301579,0,15,349
3853_Dg,GSE227903,Diagnosis,cellchat,cDC,Monocyte,ICAM1,ITGAL,0.00197241706406867,0,27,15
3853_Dg,GSE227903,Diagnosis,cellchat,Monocyte,Monocyte,ICAM1,ITGAL,0.00116992461353598,0.01,15,15
3853_Dg,GSE227903,Diagnosis,cellchat,cDC,pDC,ICAM1,ITGAL,0.0017608617483077,0,27,57
3853_Dg,GSE227903,Diagnosis,cellchat,Monocyte,pDC,ICAM1,ITGAL,0.00104435207250909,0,15,57
3853_Dg,GSE227903,Diagnosis,cellchat,cDC,Pro-Monocyte,ICAM1,ITGAL,0.0015501359933183,0,27,12
3853_Dg,GSE227903,Diagnosis,cellchat,Monocyte,Pro-Monocyte,ICAM1,ITGAL,0.000919293461060551,0.01,15,12
3853_Dg,GSE227903,Diagnosis,cellchat,cDC,cDC,ICAM1,SPN,0.0108268408860876,0,27,27
3853_Dg,GSE227903,Diagnosis,cellchat,Monocyte,cDC,ICAM1,SPN,0.00644512507698985,0.02,15,27
3853_Dg,GSE227903,Diagnosis,cellchat,cDC,Cycling Progenitor,ICAM1,SPN,0.0134161414605005,0,27,45
3853_Dg,GSE227903,Diagnosis,cellchat,Monocyte,Cycling Progenitor,ICAM1,SPN,0.00799498313647438,0.01,15,45
3853_Dg,GSE227903,Diagnosis,cellchat,cDC,Early GMP,ICAM1,SPN,0.0125644934625909,0,27,329
3853_Dg,GSE227903,Diagnosis,cellchat,Monocyte,Early GMP,ICAM1,SPN,0.0074848559662722,0.01,15,329
3853_Dg,GSE227903,Diagnosis,cellchat,cDC,EoBasoMast Precursor,ICAM1,SPN,0.0135931039459613,0,27,12
3853_Dg,GSE227903,Diagnosis,cellchat,Monocyte,EoBasoMast Precursor,ICAM1,SPN,0.00810102625077669,0.01,15,12
3853_Dg,GSE227903,Diagnosis,cellchat,cDC,HSC MPP,ICAM1,SPN,0.011521268063903,0,27,173
3853_Dg,GSE227903,Diagnosis,cellchat,Monocyte,HSC MPP,ICAM1,SPN,0.0068604607633924,0.01,15,173
3853_Dg,GSE227903,Diagnosis,cellchat,cDC,Late GMP,ICAM1,SPN,0.0140382925590349,0,27,79
3853_Dg,GSE227903,Diagnosis,cellchat,Monocyte,Late GMP,ICAM1,SPN,0.00836786935919878,0.01,15,79
3853_Dg,GSE227903,Diagnosis,cellchat,cDC,LMPP,ICAM1,SPN,0.0120807077172636,0,27,349
3853_Dg,GSE227903,Diagnosis,cellchat,Monocyte,LMPP,ICAM1,SPN,0.0071952323858583,0.01,15,349
3853_Dg,GSE227903,Diagnosis,cellchat,cDC,Monocyte,ICAM1,SPN,0.00974226469382926,0,27,15
3853_Dg,GSE227903,Diagnosis,cellchat,Monocyte,Monocyte,ICAM1,SPN,0.00579691388415145,0.02,15,15
3853_Dg,GSE227903,Diagnosis,cellchat,cDC,pDC,ICAM1,SPN,0.0122407344715948,0,27,57
3853_Dg,GSE227903,Diagnosis,cellchat,Monocyte,pDC,ICAM1,SPN,0.00729102143948547,0.01,15,57
3853_Dg,GSE227903,Diagnosis,cellchat,cDC,Pro-Monocyte,ICAM1,SPN,0.0118131293529977,0,27,12
3853_Dg,GSE227903,Diagnosis,cellchat,Monocyte,Pro-Monocyte,ICAM1,SPN,0.00703509296146397,0.01,15,12
3853_Dg,GSE227903,Diagnosis,cellchat,cDC,cDC,HLA-DPA1,CD4,0.04355814689263,0,27,27
3853_Dg,GSE227903,Diagnosis,cellchat,Cycling Progenitor,cDC,HLA-DPA1,CD4,0.0216558546625957,0,45,27
3853_Dg,GSE227903,Diagnosis,cellchat,Early GMP,cDC,HLA-DPA1,CD4,0.0242649904619943,0,329,27
3853_Dg,GSE227903,Diagnosis,cellchat,EoBasoMast Precursor,cDC,HLA-DPA1,CD4,0.00429340954592958,0,12,27
3853_Dg,GSE227903,Diagnosis,cellchat,HSC MPP,cDC,HLA-DPA1,CD4,0.0311794127278663,0,173,27
3853_Dg,GSE227903,Diagnosis,cellchat,Late GMP,cDC,HLA-DPA1,CD4,0.0193207819024284,0,79,27
3853_Dg,GSE227903,Diagnosis,cellchat,LMPP,cDC,HLA-DPA1,CD4,0.0278986123551571,0,349,27
3853_Dg,GSE227903,Diagnosis,cellchat,Monocyte,cDC,HLA-DPA1,CD4,0.0384875342228426,0,15,27
3853_Dg,GSE227903,Diagnosis,cellchat,pDC,cDC,HLA-DPA1,CD4,0.0281706854868118,0,57,27
3853_Dg,GSE227903,Diagnosis,cellchat,Pro-Monocyte,cDC,HLA-DPA1,CD4,0.0254543029391885,0,12,27
3853_Dg,GSE227903,Diagnosis,cellchat,cDC,Monocyte,HLA-DPA1,CD4,0.0423404143173136,0,27,15
3853_Dg,GSE227903,Diagnosis,cellchat,Cycling Progenitor,Monocyte,HLA-DPA1,CD4,0.021036965339998,0.01,45,15
3853_Dg,GSE227903,Diagnosis,cellchat,Early GMP,Monocyte,HLA-DPA1,CD4,0.0235733329063921,0,329,15
3853_Dg,GSE227903,Diagnosis,cellchat,EoBasoMast Precursor,Monocyte,HLA-DPA1,CD4,0.00416859663738125,0.07,12,15
3853_Dg,GSE227903,Diagnosis,cellchat,HSC MPP,Monocyte,HLA-DPA1,CD4,0.0302967838439684,0,173,15
3853_Dg,GSE227903,Diagnosis,cellchat,Late GMP,Monocyte,HLA-DPA1,CD4,0.0187673450691669,0.01,79,15
3853_Dg,GSE227903,Diagnosis,cellchat,LMPP,Monocyte,HLA-DPA1,CD4,0.027106258124745,0,349,15
3853_Dg,GSE227903,Diagnosis,cellchat,Monocyte,Monocyte,HLA-DPA1,CD4,0.0374060141090958,0,15,15
3853_Dg,GSE227903,Diagnosis,cellchat,pDC,Monocyte,HLA-DPA1,CD4,0.0273708216212475,0,57,15
3853_Dg,GSE227903,Diagnosis,cellchat,Pro-Monocyte,Monocyte,HLA-DPA1,CD4,0.0247296040115255,0,12,15
3853_Dg,GSE227903,Diagnosis,cellchat,cDC,Pro-Monocyte,HLA-DPA1,CD4,0.00630624613646458,0.05,27,12
3853_Dg,GSE227903,Diagnosis,cellchat,Cycling Progenitor,Pro-Monocyte,HLA-DPA1,CD4,0.00307506055843999,0.12,45,12
3853_Dg,GSE227903,Diagnosis,cellchat,Early GMP,Pro-Monocyte,HLA-DPA1,CD4,0.00345345149903039,0.11,329,12
3853_Dg,GSE227903,Diagnosis,cellchat,EoBasoMast Precursor,Pro-Monocyte,HLA-DPA1,CD4,0.000600506338136913,0.14,12,12
3853_Dg,GSE227903,Diagnosis,cellchat,HSC MPP,Pro-Monocyte,HLA-DPA1,CD4,0.00446466405939847,0.1,173,12
3853_Dg,GSE227903,Diagnosis,cellchat,Late GMP,Pro-Monocyte,HLA-DPA1,CD4,0.00273788109677828,0.14,79,12
3853_Dg,GSE227903,Diagnosis,cellchat,LMPP,Pro-Monocyte,HLA-DPA1,CD4,0.00398331989670257,0.1,349,12
3853_Dg,GSE227903,Diagnosis,cellchat,Monocyte,Pro-Monocyte,HLA-DPA1,CD4,0.00554698475747778,0.07,15,12
3853_Dg,GSE227903,Diagnosis,cellchat,pDC,Pro-Monocyte,HLA-DPA1,CD4,0.0040231313008749,0.1,57,12
3853_Dg,GSE227903,Diagnosis,cellchat,Pro-Monocyte,Pro-Monocyte,HLA-DPA1,CD4,0.00362650849775579,0.1,12,12
3853_Dg,GSE227903,Diagnosis,cellchat,cDC,cDC,HLA-DPB1,CD4,0.0410772746283912,0,27,27
3853_Dg,GSE227903,Diagnosis,cellchat,Cycling Progenitor,cDC,HLA-DPB1,CD4,0.0165300605391187,0,45,27
3853_Dg,GSE227903,Diagnosis,cellchat,Early GMP,cDC,HLA-DPB1,CD4,0.0209912374930108,0,329,27
3853_Dg,GSE227903,Diagnosis,cellchat,EoBasoMast Precursor,cDC,HLA-DPB1,CD4,0.00234750635429468,0,12,27
3853_Dg,GSE227903,Diagnosis,cellchat,HSC MPP,cDC,HLA-DPB1,CD4,0.0290041101352754,0,173,27
3853_Dg,GSE227903,Diagnosis,cellchat,Late GMP,cDC,HLA-DPB1,CD4,0.0180490427970332,0,79,27
3853_Dg,GSE227903,Diagnosis,cellchat,LMPP,cDC,HLA-DPB1,CD4,0.0247281053971829,0,349,27
3853_Dg,GSE227903,Diagnosis,cellchat,Monocyte,cDC,HLA-DPB1,CD4,0.0393636726573752,0,15,27
3853_Dg,GSE227903,Diagnosis,cellchat,pDC,cDC,HLA-DPB1,CD4,0.0276294348419546,0,57,27
3853_Dg,GSE227903,Diagnosis,cellchat,Pro-Monocyte,cDC,HLA-DPB1,CD4,0.0219534618333998,0,12,27
3853_Dg,GSE227903,Diagnosis,cellchat,cDC,Monocyte,HLA-DPB1,CD4,0.0399260032778203,0,27,15
3853_Dg,GSE227903,Diagnosis,cellchat,Cycling Progenitor,Monocyte,HLA-DPB1,CD4,0.0160552541833885,0.01,45,15
3853_Dg,GSE227903,Diagnosis,cellchat,Early GMP,Monocyte,HLA-DPB1,CD4,0.020390945982716,0.01,329,15
3853_Dg,GSE227903,Diagnosis,cellchat,EoBasoMast Precursor,Monocyte,HLA-DPB1,CD4,0.0022791329505071,0.07,12,15
3853_Dg,GSE227903,Diagnosis,cellchat,HSC MPP,Monocyte,HLA-DPB1,CD4,0.0281812686491732,0,173,15
3853_Dg,GSE227903,Diagnosis,cellchat,Late GMP,Monocyte,HLA-DPB1,CD4,0.0175313832477347,0.01,79,15
3853_Dg,GSE227903,Diagnosis,cellchat,LMPP,Monocyte,HLA-DPB1,CD4,0.0240235720722326,0,349,15
3853_Dg,GSE227903,Diagnosis,cellchat,Monocyte,Monocyte,HLA-DPB1,CD4,0.0382585122154066,0,15,15
3853_Dg,GSE227903,Diagnosis,cellchat,pDC,Monocyte,HLA-DPB1,CD4,0.0268445144622652,0,57,15
3853_Dg,GSE227903,Diagnosis,cellchat,Pro-Monocyte,Monocyte,HLA-DPB1,CD4,0.0213262527764358,0,12,15
3853_Dg,GSE227903,Diagnosis,cellchat,cDC,Pro-Monocyte,HLA-DPB1,CD4,0.00593390795334182,0.04,27,12
3853_Dg,GSE227903,Diagnosis,cellchat,Cycling Progenitor,Pro-Monocyte,HLA-DPB1,CD4,0.00233671034318542,0.14,45,12
3853_Dg,GSE227903,Diagnosis,cellchat,Early GMP,Pro-Monocyte,HLA-DPB1,CD4,0.00297895076369879,0.11,329,12
3853_Dg,GSE227903,Diagnosis,cellchat,EoBasoMast Precursor,Pro-Monocyte,HLA-DPB1,CD4,0.000327787689467293,0.14,12,12
3853_Dg,GSE227903,Diagnosis,cellchat,HSC MPP,Pro-Monocyte,HLA-DPB1,CD4,0.00414520209243492,0.1,173,12
3853_Dg,GSE227903,Diagnosis,cellchat,Late GMP,Pro-Monocyte,HLA-DPB1,CD4,0.00255482375669345,0.14,79,12
3853_Dg,GSE227903,Diagnosis,cellchat,LMPP,Pro-Monocyte,HLA-DPB1,CD4,0.00352079637442051,0.1,349,12
3853_Dg,GSE227903,Diagnosis,cellchat,Monocyte,Pro-Monocyte,HLA-DPB1,CD4,0.00567768542237928,0.05,15,12
3853_Dg,GSE227903,Diagnosis,cellchat,pDC,Pro-Monocyte,HLA-DPB1,CD4,0.00394395099191791,0.1,57,12
3853_Dg,GSE227903,Diagnosis,cellchat,Pro-Monocyte,Pro-Monocyte,HLA-DPB1,CD4,0.00311813363687939,0.11,12,12
3853_Dg,GSE227903,Diagnosis,cellchat,cDC,cDC,HLA-DQA1,CD4,0.0173804157197081,0,27,27
3853_Dg,GSE227903,Diagnosis,cellchat,HSC MPP,cDC,HLA-DQA1,CD4,0.00195179764020515,0,173,27
3853_Dg,GSE227903,Diagnosis,cellchat,Monocyte,cDC,HLA-DQA1,CD4,0.0125776514218572,0,15,27
3853_Dg,GSE227903,Diagnosis,cellchat,pDC,cDC,HLA-DQA1,CD4,0.00202039231745215,0,57,27
3853_Dg,GSE227903,Diagnosis,cellchat,Pro-Monocyte,cDC,HLA-DQA1,CD4,0.00229767413548414,0,12,27
3853_Dg,GSE227903,Diagnosis,cellchat,cDC,Monocyte,HLA-DQA1,CD4,0.0168816031926159,0,27,15
3853_Dg,GSE227903,Diagnosis,cellchat,HSC MPP,Monocyte,HLA-DQA1,CD4,0.00189492774605881,0,173,15
3853_Dg,GSE227903,Diagnosis,cellchat,Monocyte,Monocyte,HLA-DQA1,CD4,0.0122149632718875,0,15,15
3853_Dg,GSE227903,Diagnosis,cellchat,pDC,Monocyte,HLA-DQA1,CD4,0.00196152769540725,0,57,15
3853_Dg,GSE227903,Diagnosis,cellchat,Pro-Monocyte,Monocyte,HLA-DQA1,CD4,0.00223074889814074,0,12,15
3853_Dg,GSE227903,Diagnosis,cellchat,cDC,Pro-Monocyte,HLA-DQA1,CD4,0.00245874305143018,0,27,12
3853_Dg,GSE227903,Diagnosis,cellchat,HSC MPP,Pro-Monocyte,HLA-DQA1,CD4,0.000272441003150946,0.06,173,12
3853_Dg,GSE227903,Diagnosis,cellchat,Monocyte,Pro-Monocyte,HLA-DQA1,CD4,0.00177187849421427,0,15,12
3853_Dg,GSE227903,Diagnosis,cellchat,pDC,Pro-Monocyte,HLA-DQA1,CD4,0.000282032445694273,0.06,57,12
3853_Dg,GSE227903,Diagnosis,cellchat,Pro-Monocyte,Pro-Monocyte,HLA-DQA1,CD4,0.000320815715580314,0.05,12,12
3853_Dg,GSE227903,Diagnosis,cellchat,cDC,cDC,HLA-DMA,CD4,0.024322086339066,0,27,27
3853_Dg,GSE227903,Diagnosis,cellchat,Cycling Progenitor,cDC,HLA-DMA,CD4,0.0125748205802584,0,45,27
3853_Dg,GSE227903,Diagnosis,cellchat,Early GMP,cDC,HLA-DMA,CD4,0.014237431675262,0,329,27
3853_Dg,GSE227903,Diagnosis,cellchat,EoBasoMast Precursor,cDC,HLA-DMA,CD4,0.00234750635429468,0,12,27
3853_Dg,GSE227903,Diagnosis,cellchat,HSC MPP,cDC,HLA-DMA,CD4,0.0187239636033575,0,173,27
3853_Dg,GSE227903,Diagnosis,cellchat,Late GMP,cDC,HLA-DMA,CD4,0.01196891722349,0,79,27
3853_Dg,GSE227903,Diagnosis,cellchat,LMPP,cDC,HLA-DMA,CD4,0.0172781926211263,0,349,27
3853_Dg,GSE227903,Diagnosis,cellchat,Monocyte,cDC,HLA-DMA,CD4,0.0241962874356474,0,15,27
3853_Dg,GSE227903,Diagnosis,cellchat,pDC,cDC,HLA-DMA,CD4,0.018917341000833,0,57,27
3853_Dg,GSE227903,Diagnosis,cellchat,Pro-Monocyte,cDC,HLA-DMA,CD4,0.0171864891300542,0,12,27
3853_Dg,GSE227903,Diagnosis,cellchat,cDC,Monocyte,HLA-DMA,CD4,0.0236288407149309,0,27,15
3853_Dg,GSE227903,Diagnosis,cellchat,Cycling Progenitor,Monocyte,HLA-DMA,CD4,0.0122122130506304,0.01,45,15
3853_Dg,GSE227903,Diagnosis,cellchat,Early GMP,Monocyte,HLA-DMA,CD4,0.0138275524691988,0.01,329,15
3853_Dg,GSE227903,Diagnosis,cellchat,EoBasoMast Precursor,Monocyte,HLA-DMA,CD4,0.0022791329505071,0.07,12,15
3853_Dg,GSE227903,Diagnosis,cellchat,HSC MPP,Monocyte,HLA-DMA,CD4,0.0181873053657865,0,173,15
3853_Dg,GSE227903,Diagnosis,cellchat,Late GMP,Monocyte,HLA-DMA,CD4,0.0116235758518055,0.01,79,15
3853_Dg,GSE227903,Diagnosis,cellchat,LMPP,Monocyte,HLA-DMA,CD4,0.0167822637589918,0,349,15
3853_Dg,GSE227903,Diagnosis,cellchat,Monocyte,Monocyte,HLA-DMA,CD4,0.0235065410360622,0,15,15
3853_Dg,GSE227903,Diagnosis,cellchat,pDC,Monocyte,HLA-DMA,CD4,0.0183752440511126,0,57,15
3853_Dg,GSE227903,Diagnosis,cellchat,Pro-Monocyte,Monocyte,HLA-DMA,CD4,0.0166931476845167,0,12,15
3853_Dg,GSE227903,Diagnosis,cellchat,cDC,Pro-Monocyte,HLA-DMA,CD4,0.00346175125805221,0.05,27,12
3853_Dg,GSE227903,Diagnosis,cellchat,Cycling Progenitor,Pro-Monocyte,HLA-DMA,CD4,0.0017714753357988,0.13,45,12
3853_Dg,GSE227903,Diagnosis,cellchat,Early GMP,Pro-Monocyte,HLA-DMA,CD4,0.00200860094664376,0.11,329,12
3853_Dg,GSE227903,Diagnosis,cellchat,EoBasoMast Precursor,Pro-Monocyte,HLA-DMA,CD4,0.000327787689467293,0.14,12,12
3853_Dg,GSE227903,Diagnosis,cellchat,HSC MPP,Pro-Monocyte,HLA-DMA,CD4,0.00265192284438584,0.1,173,12
3853_Dg,GSE227903,Diagnosis,cellchat,Late GMP,Pro-Monocyte,HLA-DMA,CD4,0.0016852304085194,0.14,79,12
3853_Dg,GSE227903,Diagnosis,cellchat,LMPP,Pro-Monocyte,HLA-DMA,CD4,0.00244406363838975,0.1,349,12
3853_Dg,GSE227903,Diagnosis,cellchat,Monocyte,Pro-Monocyte,HLA-DMA,CD4,0.003443465567609,0.06,15,12
3853_Dg,GSE227903,Diagnosis,cellchat,pDC,Pro-Monocyte,HLA-DMA,CD4,0.0026797646783147,0.1,57,12
3853_Dg,GSE227903,Diagnosis,cellchat,Pro-Monocyte,Pro-Monocyte,HLA-DMA,CD4,0.00243089709001404,0.1,12,12
3853_Dg,GSE227903,Diagnosis,cellchat,cDC,cDC,HLA-DMB,CD4,0.0237473279334611,0,27,27
3853_Dg,GSE227903,Diagnosis,cellchat,Early GMP,cDC,HLA-DMB,CD4,0.0016877537528713,0,329,27
3853_Dg,GSE227903,Diagnosis,cellchat,HSC MPP,cDC,HLA-DMB,CD4,0.00264854618515729,0,173,27
3853_Dg,GSE227903,Diagnosis,cellchat,Late GMP,cDC,HLA-DMB,CD4,0.00149042247209681,0,79,27
3853_Dg,GSE227903,Diagnosis,cellchat,LMPP,cDC,HLA-DMB,CD4,0.00199966074167901,0,349,27
3853_Dg,GSE227903,Diagnosis,cellchat,Monocyte,cDC,HLA-DMB,CD4,0.0184288113615463,0,15,27
3853_Dg,GSE227903,Diagnosis,cellchat,pDC,cDC,HLA-DMB,CD4,0.0112703334143075,0,57,27
3853_Dg,GSE227903,Diagnosis,cellchat,Pro-Monocyte,cDC,HLA-DMB,CD4,0.00879599486895973,0,12,27
3853_Dg,GSE227903,Diagnosis,cellchat,cDC,Monocyte,HLA-DMB,CD4,0.0230700771279003,0,27,15
3853_Dg,GSE227903,Diagnosis,cellchat,Early GMP,Monocyte,HLA-DMB,CD4,0.00163856472407996,0.01,329,15
3853_Dg,GSE227903,Diagnosis,cellchat,HSC MPP,Monocyte,HLA-DMB,CD4,0.00257142730328331,0,173,15
3853_Dg,GSE227903,Diagnosis,cellchat,Late GMP,Monocyte,HLA-DMB,CD4,0.00144697626281678,0.01,79,15
3853_Dg,GSE227903,Diagnosis,cellchat,LMPP,Monocyte,HLA-DMB,CD4,0.00194139896412463,0,349,15
3853_Dg,GSE227903,Diagnosis,cellchat,Monocyte,Monocyte,HLA-DMB,CD4,0.0179004583324317,0,15,15
3853_Dg,GSE227903,Diagnosis,cellchat,pDC,Monocyte,HLA-DMB,CD4,0.0109449251274743,0,57,15
3853_Dg,GSE227903,Diagnosis,cellchat,Pro-Monocyte,Monocyte,HLA-DMB,CD4,0.0085414109805464,0,12,15
3853_Dg,GSE227903,Diagnosis,cellchat,cDC,Pro-Monocyte,HLA-DMB,CD4,0.00337823933312063,0.01,27,12
3853_Dg,GSE227903,Diagnosis,cellchat,Early GMP,Pro-Monocyte,HLA-DMB,CD4,0.000235530913535533,0.14,329,12
3853_Dg,GSE227903,Diagnosis,cellchat,HSC MPP,Pro-Monocyte,HLA-DMB,CD4,0.000369918606810657,0.1,173,12
3853_Dg,GSE227903,Diagnosis,cellchat,Late GMP,Pro-Monocyte,HLA-DMB,CD4,0.00020795739361777,0.14,79,12
3853_Dg,GSE227903,Diagnosis,cellchat,LMPP,Pro-Monocyte,HLA-DMB,CD4,0.000279133475525041,0.1,349,12
3853_Dg,GSE227903,Diagnosis,cellchat,Monocyte,Pro-Monocyte,HLA-DMB,CD4,0.0026094459622987,0,15,12
3853_Dg,GSE227903,Diagnosis,cellchat,pDC,Pro-Monocyte,HLA-DMB,CD4,0.00158590597945866,0.03,57,12
3853_Dg,GSE227903,Diagnosis,cellchat,Pro-Monocyte,Pro-Monocyte,HLA-DMB,CD4,0.00123507331011486,0.04,12,12
3853_Dg,GSE227903,Diagnosis,cellchat,cDC,cDC,HLA-DQA2,CD4,0.0166180267428359,0,27,27
3853_Dg,GSE227903,Diagnosis,cellchat,Early GMP,cDC,HLA-DQA2,CD4,0.00138988871668851,0,329,27
3853_Dg,GSE227903,Diagnosis,cellchat,HSC MPP,cDC,HLA-DQA2,CD4,0.00219417593282508,0,173,27
3853_Dg,GSE227903,Diagnosis,cellchat,LMPP,cDC,HLA-DQA2,CD4,0.00177674521091033,0,349,27
3853_Dg,GSE227903,Diagnosis,cellchat,Monocyte,cDC,HLA-DQA2,CD4,0.00979084510862686,0,15,27
3853_Dg,GSE227903,Diagnosis,cellchat,pDC,cDC,HLA-DQA2,CD4,0.00555363211919183,0,57,27
3853_Dg,GSE227903,Diagnosis,cellchat,Pro-Monocyte,cDC,HLA-DQA2,CD4,0.00400957570188459,0,12,27
3853_Dg,GSE227903,Diagnosis,cellchat,cDC,Monocyte,HLA-DQA2,CD4,0.0161407351310583,0,27,15
3853_Dg,GSE227903,Diagnosis,cellchat,Early GMP,Monocyte,HLA-DQA2,CD4,0.00134936913262565,0.01,329,15
3853_Dg,GSE227903,Diagnosis,cellchat,HSC MPP,Monocyte,HLA-DQA2,CD4,0.00213025889066006,0,173,15
3853_Dg,GSE227903,Diagnosis,cellchat,LMPP,Monocyte,HLA-DQA2,CD4,0.00172496703678774,0,349,15
3853_Dg,GSE227903,Diagnosis,cellchat,Monocyte,Monocyte,HLA-DQA2,CD4,0.00950774330680162,0,15,15
3853_Dg,GSE227903,Diagnosis,cellchat,pDC,Monocyte,HLA-DQA2,CD4,0.00539238192064032,0,57,15
3853_Dg,GSE227903,Diagnosis,cellchat,Pro-Monocyte,Monocyte,HLA-DQA2,CD4,0.00389298181351133,0,12,15
3853_Dg,GSE227903,Diagnosis,cellchat,cDC,Pro-Monocyte,HLA-DQA2,CD4,0.00234932578730662,0,27,12
3853_Dg,GSE227903,Diagnosis,cellchat,Early GMP,Pro-Monocyte,HLA-DQA2,CD4,0.000193913203541018,0.14,329,12
3853_Dg,GSE227903,Diagnosis,cellchat,HSC MPP,Pro-Monocyte,HLA-DQA2,CD4,0.000306337304222831,0.1,173,12
3853_Dg,GSE227903,Diagnosis,cellchat,LMPP,Pro-Monocyte,HLA-DQA2,CD4,0.000247968948363803,0.1,349,12
3853_Dg,GSE227903,Diagnosis,cellchat,Monocyte,Pro-Monocyte,HLA-DQA2,CD4,0.00137595046165929,0.01,15,12
3853_Dg,GSE227903,Diagnosis,cellchat,pDC,Pro-Monocyte,HLA-DQA2,CD4,0.000777616435064572,0.03,57,12
3853_Dg,GSE227903,Diagnosis,cellchat,Pro-Monocyte,Pro-Monocyte,HLA-DQA2,CD4,0.000560669878936501,0.06,12,12
3853_Dg,GSE227903,Diagnosis,cellchat,cDC,cDC,HLA-DOA,CD4,0.000925495190632099,0,27,27
3853_Dg,GSE227903,Diagnosis,cellchat,cDC,Monocyte,HLA-DOA,CD4,0.000898501942612932,0,27,15
3853_Dg,GSE227903,Diagnosis,cellchat,cDC,Pro-Monocyte,HLA-DOA,CD4,0.000129070729937674,0,27,12
3853_Dg,GSE227903,Diagnosis,cellchat,cDC,cDC,HLA-DQB1,CD4,0.0236908736287086,0,27,27
3853_Dg,GSE227903,Diagnosis,cellchat,Cycling Progenitor,cDC,HLA-DQB1,CD4,0.00105087498315236,0,45,27
3853_Dg,GSE227903,Diagnosis,cellchat,Early GMP,cDC,HLA-DQB1,CD4,0.00142637406038828,0,329,27
3853_Dg,GSE227903,Diagnosis,cellchat,HSC MPP,cDC,HLA-DQB1,CD4,0.00649537793198522,0,173,27
3853_Dg,GSE227903,Diagnosis,cellchat,LMPP,cDC,HLA-DQB1,CD4,0.00194230793856763,0,349,27
3853_Dg,GSE227903,Diagnosis,cellchat,Monocyte,cDC,HLA-DQB1,CD4,0.0156829432526092,0,15,27
3853_Dg,GSE227903,Diagnosis,cellchat,pDC,cDC,HLA-DQB1,CD4,0.00234452290391214,0,57,27
3853_Dg,GSE227903,Diagnosis,cellchat,Pro-Monocyte,cDC,HLA-DQB1,CD4,0.00405521467224729,0,12,27
3853_Dg,GSE227903,Diagnosis,cellchat,cDC,Monocyte,HLA-DQB1,CD4,0.0230151948889379,0,27,15
3853_Dg,GSE227903,Diagnosis,cellchat,Cycling Progenitor,Monocyte,HLA-DQB1,CD4,0.0010202286078106,0.01,45,15
3853_Dg,GSE227903,Diagnosis,cellchat,Early GMP,Monocyte,HLA-DQB1,CD4,0.0013847922899451,0.01,329,15
3853_Dg,GSE227903,Diagnosis,cellchat,HSC MPP,Monocyte,HLA-DQB1,CD4,0.00630695747915734,0,173,15
3853_Dg,GSE227903,Diagnosis,cellchat,LMPP,Monocyte,HLA-DQB1,CD4,0.00188571402521321,0,349,15
3853_Dg,GSE227903,Diagnosis,cellchat,Monocyte,Monocyte,HLA-DQB1,CD4,0.0152320924712659,0,15,15
3853_Dg,GSE227903,Diagnosis,cellchat,pDC,Monocyte,HLA-DQB1,CD4,0.00227623619775517,0,57,15
3853_Dg,GSE227903,Diagnosis,cellchat,Pro-Monocyte,Monocyte,HLA-DQB1,CD4,0.00393729890100842,0.01,12,15
3853_Dg,GSE227903,Diagnosis,cellchat,cDC,Pro-Monocyte,HLA-DQB1,CD4,0.00337004111787023,0,27,12
3853_Dg,GSE227903,Diagnosis,cellchat,Cycling Progenitor,Pro-Monocyte,HLA-DQB1,CD4,0.000146572183327918,0.12,45,12
3853_Dg,GSE227903,Diagnosis,cellchat,Early GMP,Pro-Monocyte,HLA-DQB1,CD4,0.000199009788460086,0.14,329,12
3853_Dg,GSE227903,Diagnosis,cellchat,HSC MPP,Pro-Monocyte,HLA-DQB1,CD4,0.000910220441280388,0.03,173,12
3853_Dg,GSE227903,Diagnosis,cellchat,LMPP,Pro-Monocyte,HLA-DQB1,CD4,0.000271114168408368,0.1,349,12
3853_Dg,GSE227903,Diagnosis,cellchat,Monocyte,Pro-Monocyte,HLA-DQB1,CD4,0.00221532233072199,0.02,15,12
3853_Dg,GSE227903,Diagnosis,cellchat,pDC,Pro-Monocyte,HLA-DQB1,CD4,0.000327370261164116,0.1,57,12
3853_Dg,GSE227903,Diagnosis,cellchat,Pro-Monocyte,Pro-Monocyte,HLA-DQB1,CD4,0.000567074051658601,0.06,12,12
3853_Dg,GSE227903,Diagnosis,cellchat,cDC,cDC,HLA-DRA,CD4,0.0529040157456601,0,27,27
3853_Dg,GSE227903,Diagnosis,cellchat,Cycling Progenitor,cDC,HLA-DRA,CD4,0.0303440560216011,0,45,27
3853_Dg,GSE227903,Diagnosis,cellchat,Early GMP,cDC,HLA-DRA,CD4,0.0336077372243592,0,329,27
3853_Dg,GSE227903,Diagnosis,cellchat,EoBasoMast Precursor,cDC,HLA-DRA,CD4,0.00826295680302402,0,12,27
3853_Dg,GSE227903,Diagnosis,cellchat,HSC MPP,cDC,HLA-DRA,CD4,0.038809001233442,0,173,27
3853_Dg,GSE227903,Diagnosis,cellchat,Late GMP,cDC,HLA-DRA,CD4,0.0310312030464072,0,79,27
3853_Dg,GSE227903,Diagnosis,cellchat,LMPP,cDC,HLA-DRA,CD4,0.0365013992446047,0,349,27
3853_Dg,GSE227903,Diagnosis,cellchat,Monocyte,cDC,HLA-DRA,CD4,0.0512016321063701,0,15,27
3853_Dg,GSE227903,Diagnosis,cellchat,pDC,cDC,HLA-DRA,CD4,0.0399689328928764,0,57,27
3853_Dg,GSE227903,Diagnosis,cellchat,Pro-Monocyte,cDC,HLA-DRA,CD4,0.0414784365390267,0,12,27
3853_Dg,GSE227903,Diagnosis,cellchat,cDC,Monocyte,HLA-DRA,CD4,0.0514390575019329,0,27,15
3853_Dg,GSE227903,Diagnosis,cellchat,Cycling Progenitor,Monocyte,HLA-DRA,CD4,0.0294843548056675,0.01,45,15
3853_Dg,GSE227903,Diagnosis,cellchat,Early GMP,Monocyte,HLA-DRA,CD4,0.0326586844161191,0,329,15
3853_Dg,GSE227903,Diagnosis,cellchat,EoBasoMast Precursor,Monocyte,HLA-DRA,CD4,0.00802367583452014,0.07,12,15
3853_Dg,GSE227903,Diagnosis,cellchat,HSC MPP,Monocyte,HLA-DRA,CD4,0.0377188020937989,0,173,15
3853_Dg,GSE227903,Diagnosis,cellchat,Late GMP,Monocyte,HLA-DRA,CD4,0.0301526391143837,0.01,79,15
3853_Dg,GSE227903,Diagnosis,cellchat,LMPP,Monocyte,HLA-DRA,CD4,0.0354736314928747,0,349,15
3853_Dg,GSE227903,Diagnosis,cellchat,Monocyte,Monocyte,HLA-DRA,CD4,0.0497813365453601,0,15,15
3853_Dg,GSE227903,Diagnosis,cellchat,pDC,Monocyte,HLA-DRA,CD4,0.0388474665682725,0,57,15
3853_Dg,GSE227903,Diagnosis,cellchat,Pro-Monocyte,Monocyte,HLA-DRA,CD4,0.0403163945464764,0,12,15
3853_Dg,GSE227903,Diagnosis,cellchat,cDC,Pro-Monocyte,HLA-DRA,CD4,0.00772386588811361,0.07,27,12
3853_Dg,GSE227903,Diagnosis,cellchat,Cycling Progenitor,Pro-Monocyte,HLA-DRA,CD4,0.00434183944411929,0.11,45,12
3853_Dg,GSE227903,Diagnosis,cellchat,Early GMP,Pro-Monocyte,HLA-DRA,CD4,0.00482273953389094,0.11,329,12
3853_Dg,GSE227903,Diagnosis,cellchat,EoBasoMast Precursor,Pro-Monocyte,HLA-DRA,CD4,0.00115969168105719,0.14,12,12
3853_Dg,GSE227903,Diagnosis,cellchat,HSC MPP,Pro-Monocyte,HLA-DRA,CD4,0.00559491691043399,0.1,173,12
3853_Dg,GSE227903,Diagnosis,cellchat,Late GMP,Pro-Monocyte,HLA-DRA,CD4,0.00444285917296733,0.11,79,12
3853_Dg,GSE227903,Diagnosis,cellchat,LMPP,Pro-Monocyte,HLA-DRA,CD4,0.00525145047257224,0.1,349,12
3853_Dg,GSE227903,Diagnosis,cellchat,Monocyte,Pro-Monocyte,HLA-DRA,CD4,0.00746386434795582,0.08,15,12
3853_Dg,GSE227903,Diagnosis,cellchat,pDC,Pro-Monocyte,HLA-DRA,CD4,0.00576809621257305,0.1,57,12
3853_Dg,GSE227903,Diagnosis,cellchat,Pro-Monocyte,Pro-Monocyte,HLA-DRA,CD4,0.0059940040121803,0.1,12,12
3853_Dg,GSE227903,Diagnosis,cellchat,cDC,cDC,HLA-DRB1,CD4,0.0374280348157014,0,27,27
3853_Dg,GSE227903,Diagnosis,cellchat,Cycling Progenitor,cDC,HLA-DRB1,CD4,0.0171888395558139,0,45,27
3853_Dg,GSE227903,Diagnosis,cellchat,Early GMP,cDC,HLA-DRB1,CD4,0.0194487633146248,0,329,27
3853_Dg,GSE227903,Diagnosis,cellchat,EoBasoMast Precursor,cDC,HLA-DRB1,CD4,0.00403319492559029,0,12,27
3853_Dg,GSE227903,Diagnosis,cellchat,HSC MPP,cDC,HLA-DRB1,CD4,0.0256872846907058,0,173,27
3853_Dg,GSE227903,Diagnosis,cellchat,Late GMP,cDC,HLA-DRB1,CD4,0.0153126457498466,0,79,27
3853_Dg,GSE227903,Diagnosis,cellchat,LMPP,cDC,HLA-DRB1,CD4,0.0221990448614323,0,349,27
3853_Dg,GSE227903,Diagnosis,cellchat,Monocyte,cDC,HLA-DRB1,CD4,0.0340129266645397,0,15,27
3853_Dg,GSE227903,Diagnosis,cellchat,pDC,cDC,HLA-DRB1,CD4,0.0245488464248465,0,57,27
3853_Dg,GSE227903,Diagnosis,cellchat,Pro-Monocyte,cDC,HLA-DRB1,CD4,0.0220648594550142,0,12,27
3853_Dg,GSE227903,Diagnosis,cellchat,cDC,Monocyte,HLA-DRB1,CD4,0.0363751608680146,0,27,15
3853_Dg,GSE227903,Diagnosis,cellchat,Cycling Progenitor,Monocyte,HLA-DRB1,CD4,0.0166954317869861,0.01,45,15
3853_Dg,GSE227903,Diagnosis,cellchat,Early GMP,Monocyte,HLA-DRB1,CD4,0.0188917311211348,0.01,329,15
3853_Dg,GSE227903,Diagnosis,cellchat,EoBasoMast Precursor,Monocyte,HLA-DRB1,CD4,0.00391591691748777,0.07,12,15
3853_Dg,GSE227903,Diagnosis,cellchat,HSC MPP,Monocyte,HLA-DRB1,CD4,0.024956122496808,0,173,15
3853_Dg,GSE227903,Diagnosis,cellchat,Late GMP,Monocyte,HLA-DRB1,CD4,0.014872279381096,0.01,79,15
3853_Dg,GSE227903,Diagnosis,cellchat,LMPP,Monocyte,HLA-DRB1,CD4,0.0215649742148428,0,349,15
3853_Dg,GSE227903,Diagnosis,cellchat,Monocyte,Monocyte,HLA-DRB1,CD4,0.0330528230135751,0,15,15
3853_Dg,GSE227903,Diagnosis,cellchat,pDC,Monocyte,HLA-DRB1,CD4,0.0238492955086474,0,57,15
3853_Dg,GSE227903,Diagnosis,cellchat,Pro-Monocyte,Monocyte,HLA-DRB1,CD4,0.021434537524134,0,12,15
3853_Dg,GSE227903,Diagnosis,cellchat,cDC,Pro-Monocyte,HLA-DRB1,CD4,0.00538920271879688,0.04,27,12
3853_Dg,GSE227903,Diagnosis,cellchat,Cycling Progenitor,Pro-Monocyte,HLA-DRB1,CD4,0.0024312345316806,0.13,45,12
3853_Dg,GSE227903,Diagnosis,cellchat,Early GMP,Pro-Monocyte,HLA-DRB1,CD4,0.00275632563478547,0.11,329,12
3853_Dg,GSE227903,Diagnosis,cellchat,EoBasoMast Precursor,Pro-Monocyte,HLA-DRB1,CD4,0.00056398412354771,0.14,12,12
3853_Dg,GSE227903,Diagnosis,cellchat,HSC MPP,Pro-Monocyte,HLA-DRB1,CD4,0.00366045213642349,0.1,173,12
3853_Dg,GSE227903,Diagnosis,cellchat,Late GMP,Pro-Monocyte,HLA-DRB1,CD4,0.00216231674011525,0.14,79,12
3853_Dg,GSE227903,Diagnosis,cellchat,LMPP,Pro-Monocyte,HLA-DRB1,CD4,0.00315369413264538,0.1,349,12
3853_Dg,GSE227903,Diagnosis,cellchat,Monocyte,Pro-Monocyte,HLA-DRB1,CD4,0.00488263799180189,0.05,15,12
3853_Dg,GSE227903,Diagnosis,cellchat,pDC,Pro-Monocyte,HLA-DRB1,CD4,0.00349472253155272,0.1,57,12
3853_Dg,GSE227903,Diagnosis,cellchat,Pro-Monocyte,Pro-Monocyte,HLA-DRB1,CD4,0.00313426214683422,0.1,12,12
3853_Dg,GSE227903,Diagnosis,cellchat,cDC,cDC,HLA-DRB5,CD4,0.0153390942836585,0,27,27
3853_Dg,GSE227903,Diagnosis,cellchat,Cycling Progenitor,cDC,HLA-DRB5,CD4,0.00388300640140047,0,45,27
3853_Dg,GSE227903,Diagnosis,cellchat,Early GMP,cDC,HLA-DRB5,CD4,0.00203683828584524,0,329,27
3853_Dg,GSE227903,Diagnosis,cellchat,HSC MPP,cDC,HLA-DRB5,CD4,0.00610643447090232,0,173,27
3853_Dg,GSE227903,Diagnosis,cellchat,Late GMP,cDC,HLA-DRB5,CD4,0.00157250149688245,0,79,27
3853_Dg,GSE227903,Diagnosis,cellchat,LMPP,cDC,HLA-DRB5,CD4,0.00216646294540685,0,349,27
3853_Dg,GSE227903,Diagnosis,cellchat,Monocyte,cDC,HLA-DRB5,CD4,0.00904891833755678,0,15,27
3853_Dg,GSE227903,Diagnosis,cellchat,pDC,cDC,HLA-DRB5,CD4,0.00648879694577268,0,57,27
3853_Dg,GSE227903,Diagnosis,cellchat,Pro-Monocyte,cDC,HLA-DRB5,CD4,0.00750360621133047,0,12,27
3853_Dg,GSE227903,Diagnosis,cellchat,cDC,Monocyte,HLA-DRB5,CD4,0.0148979788066724,0,27,15
3853_Dg,GSE227903,Diagnosis,cellchat,Cycling Progenitor,Monocyte,HLA-DRB5,CD4,0.00377007907232779,0,45,15
3853_Dg,GSE227903,Diagnosis,cellchat,Early GMP,Monocyte,HLA-DRB5,CD4,0.00197749545595697,0.02,329,15
3853_Dg,GSE227903,Diagnosis,cellchat,HSC MPP,Monocyte,HLA-DRB5,CD4,0.0059292293068515,0,173,15
3853_Dg,GSE227903,Diagnosis,cellchat,Late GMP,Monocyte,HLA-DRB5,CD4,0.00152666632051262,0.05,79,15
3853_Dg,GSE227903,Diagnosis,cellchat,LMPP,Monocyte,HLA-DRB5,CD4,0.00210335148962705,0,349,15
3853_Dg,GSE227903,Diagnosis,cellchat,Monocyte,Monocyte,HLA-DRB5,CD4,0.00878707894047416,0,15,15
3853_Dg,GSE227903,Diagnosis,cellchat,pDC,Monocyte,HLA-DRB5,CD4,0.00630056618609015,0,57,15
3853_Dg,GSE227903,Diagnosis,cellchat,Pro-Monocyte,Monocyte,HLA-DRB5,CD4,0.00728615317179778,0,12,15
3853_Dg,GSE227903,Diagnosis,cellchat,cDC,Pro-Monocyte,HLA-DRB5,CD4,0.0021661015340159,0.01,27,12
3853_Dg,GSE227903,Diagnosis,cellchat,Cycling Progenitor,Pro-Monocyte,HLA-DRB5,CD4,0.000542912004105064,0.09,45,12
3853_Dg,GSE227903,Diagnosis,cellchat,Early GMP,Pro-Monocyte,HLA-DRB5,CD4,0.000284332217813377,0.14,329,12
3853_Dg,GSE227903,Diagnosis,cellchat,HSC MPP,Pro-Monocyte,HLA-DRB5,CD4,0.000855428449546357,0.08,173,12
3853_Dg,GSE227903,Diagnosis,cellchat,Late GMP,Pro-Monocyte,HLA-DRB5,CD4,0.000219425331290547,0.14,79,12
3853_Dg,GSE227903,Diagnosis,cellchat,LMPP,Pro-Monocyte,HLA-DRB5,CD4,0.00030246096022798,0.13,349,12
3853_Dg,GSE227903,Diagnosis,cellchat,Monocyte,Pro-Monocyte,HLA-DRB5,CD4,0.00127086584042494,0.04,15,12
3853_Dg,GSE227903,Diagnosis,cellchat,pDC,Pro-Monocyte,HLA-DRB5,CD4,0.000909293045126083,0.06,57,12
3853_Dg,GSE227903,Diagnosis,cellchat,Pro-Monocyte,Pro-Monocyte,HLA-DRB5,CD4,0.0010524254171298,0.04,12,12
3853_Dg,GSE227903,Diagnosis,cellchat,cDC,cDC,MPZL1,MPZL1,0.000254320681784589,0.86,27,27
3853_Dg,GSE227903,Diagnosis,cellchat,Cycling Progenitor,cDC,MPZL1,MPZL1,0.00112976195838334,0.7,45,27
3853_Dg,GSE227903,Diagnosis,cellchat,Early GMP,cDC,MPZL1,MPZL1,0.000582925271429722,0.87,329,27
3853_Dg,GSE227903,Diagnosis,cellchat,EoBasoMast Precursor,cDC,MPZL1,MPZL1,0.00278787726156761,0.16,12,27
3853_Dg,GSE227903,Diagnosis,cellchat,HSC MPP,cDC,MPZL1,MPZL1,0.000628504868126792,0.85,173,27
3853_Dg,GSE227903,Diagnosis,cellchat,Late GMP,cDC,MPZL1,MPZL1,0.000564826101495019,0.86,79,27
3853_Dg,GSE227903,Diagnosis,cellchat,LMPP,cDC,MPZL1,MPZL1,0.000604527910415638,0.86,349,27
3853_Dg,GSE227903,Diagnosis,cellchat,Monocyte,cDC,MPZL1,MPZL1,0.000321461917136851,0.77,15,27
3853_Dg,GSE227903,Diagnosis,cellchat,pDC,cDC,MPZL1,MPZL1,0.000490443631593578,0.81,57,27
3853_Dg,GSE227903,Diagnosis,cellchat,Pro-Monocyte,cDC,MPZL1,MPZL1,0.000451185151250078,0.63,12,27
3853_Dg,GSE227903,Diagnosis,cellchat,cDC,Cycling Progenitor,MPZL1,MPZL1,0.00112976195838334,0.7,27,45
3853_Dg,GSE227903,Diagnosis,cellchat,Cycling Progenitor,Cycling Progenitor,MPZL1,MPZL1,0.00500362900009358,0.01,45,45
3853_Dg,GSE227903,Diagnosis,cellchat,Early GMP,Cycling Progenitor,MPZL1,MPZL1,0.00258658677901631,0.01,329,45
3853_Dg,GSE227903,Diagnosis,cellchat,EoBasoMast Precursor,Cycling Progenitor,MPZL1,MPZL1,0.0122774116212689,0,12,45
3853_Dg,GSE227903,Diagnosis,cellchat,HSC MPP,Cycling Progenitor,MPZL1,MPZL1,0.00278839786182407,0.01,173,45
3853_Dg,GSE227903,Diagnosis,cellchat,Late GMP,Cycling Progenitor,MPZL1,MPZL1,0.00250643220663494,0.01,79,45
3853_Dg,GSE227903,Diagnosis,cellchat,LMPP,Cycling Progenitor,MPZL1,MPZL1,0.00268224386605055,0.01,349,45
3853_Dg,GSE227903,Diagnosis,cellchat,Monocyte,Cycling Progenitor,MPZL1,MPZL1,0.00142769162145539,0.39,15,45
3853_Dg,GSE227903,Diagnosis,cellchat,pDC,Cycling Progenitor,MPZL1,MPZL1,0.00217691477322533,0.01,57,45
3853_Dg,GSE227903,Diagnosis,cellchat,Pro-Monocyte,Cycling Progenitor,MPZL1,MPZL1,0.00200293006900202,0.2,12,45
3853_Dg,GSE227903,Diagnosis,cellchat,cDC,Early GMP,MPZL1,MPZL1,0.000582925271429722,0.87,27,329
3853_Dg,GSE227903,Diagnosis,cellchat,Cycling Progenitor,Early GMP,MPZL1,MPZL1,0.00258658677901631,0.01,45,329
3853_Dg,GSE227903,Diagnosis,cellchat,Early GMP,Early GMP,MPZL1,MPZL1,0.00133554856476536,0.71,329,329
3853_Dg,GSE227903,Diagnosis,cellchat,EoBasoMast Precursor,Early GMP,MPZL1,MPZL1,0.00636920341369374,0,12,329
3853_Dg,GSE227903,Diagnosis,cellchat,HSC MPP,Early GMP,MPZL1,MPZL1,0.00143989185658835,0.36,173,329
3853_Dg,GSE227903,Diagnosis,cellchat,Late GMP,Early GMP,MPZL1,MPZL1,0.00129411155194513,0.79,79,329
3853_Dg,GSE227903,Diagnosis,cellchat,LMPP,Early GMP,MPZL1,MPZL1,0.00138500403269025,0.58,349,329
3853_Dg,GSE227903,Diagnosis,cellchat,Monocyte,Early GMP,MPZL1,MPZL1,0.000736754930380829,0.75,15,329
3853_Dg,GSE227903,Diagnosis,cellchat,pDC,Early GMP,MPZL1,MPZL1,0.00112379679964512,0.82,57,329
3853_Dg,GSE227903,Diagnosis,cellchat,Pro-Monocyte,Early GMP,MPZL1,MPZL1,0.00103389281903629,0.68,12,329
3853_Dg,GSE227903,Diagnosis,cellchat,cDC,EoBasoMast Precursor,MPZL1,MPZL1,0.00278787726156761,0.16,27,12
3853_Dg,GSE227903,Diagnosis,cellchat,Cycling Progenitor,EoBasoMast Precursor,MPZL1,MPZL1,0.0122774116212689,0,45,12
3853_Dg,GSE227903,Diagnosis,cellchat,Early GMP,EoBasoMast Precursor,MPZL1,MPZL1,0.00636920341369374,0,329,12
3853_Dg,GSE227903,Diagnosis,cellchat,EoBasoMast Precursor,EoBasoMast Precursor,MPZL1,MPZL1,0.0298083268849199,0,12,12
3853_Dg,GSE227903,Diagnosis,cellchat,HSC MPP,EoBasoMast Precursor,MPZL1,MPZL1,0.0068641113655536,0,173,12
3853_Dg,GSE227903,Diagnosis,cellchat,Late GMP,EoBasoMast Precursor,MPZL1,MPZL1,0.00617255644841106,0,79,12
3853_Dg,GSE227903,Diagnosis,cellchat,LMPP,EoBasoMast Precursor,MPZL1,MPZL1,0.0066038229382751,0,349,12
3853_Dg,GSE227903,Diagnosis,cellchat,Monocyte,EoBasoMast Precursor,MPZL1,MPZL1,0.00352152714149071,0.11,15,12
3853_Dg,GSE227903,Diagnosis,cellchat,pDC,EoBasoMast Precursor,MPZL1,MPZL1,0.00536365002582978,0,57,12
3853_Dg,GSE227903,Diagnosis,cellchat,Pro-Monocyte,EoBasoMast Precursor,MPZL1,MPZL1,0.00493623309476342,0.05,12,12
3853_Dg,GSE227903,Diagnosis,cellchat,cDC,HSC MPP,MPZL1,MPZL1,0.000628504868126792,0.85,27,173
3853_Dg,GSE227903,Diagnosis,cellchat,Cycling Progenitor,HSC MPP,MPZL1,MPZL1,0.00278839786182407,0.01,45,173
3853_Dg,GSE227903,Diagnosis,cellchat,Early GMP,HSC MPP,MPZL1,MPZL1,0.00143989185658835,0.36,329,173
3853_Dg,GSE227903,Diagnosis,cellchat,EoBasoMast Precursor,HSC MPP,MPZL1,MPZL1,0.0068641113655536,0,12,173
3853_Dg,GSE227903,Diagnosis,cellchat,HSC MPP,HSC MPP,MPZL1,MPZL1,0.00155237457420167,0.24,173,173
3853_Dg,GSE227903,Diagnosis,cellchat,Late GMP,HSC MPP,MPZL1,MPZL1,0.00139522198958225,0.52,79,173
3853_Dg,GSE227903,Diagnosis,cellchat,LMPP,HSC MPP,MPZL1,MPZL1,0.00149320538755652,0.15,349,173
3853_Dg,GSE227903,Diagnosis,cellchat,Monocyte,HSC MPP,MPZL1,MPZL1,0.000794353084701178,0.74,15,173
3853_Dg,GSE227903,Diagnosis,cellchat,pDC,HSC MPP,MPZL1,MPZL1,0.00121161649173791,0.77,57,173
3853_Dg,GSE227903,Diagnosis,cellchat,Pro-Monocyte,HSC MPP,MPZL1,MPZL1,0.00111469475747295,0.67,12,173
3853_Dg,GSE227903,Diagnosis,cellchat,cDC,Late GMP,MPZL1,MPZL1,0.000564826101495019,0.86,27,79
3853_Dg,GSE227903,Diagnosis,cellchat,Cycling Progenitor,Late GMP,MPZL1,MPZL1,0.00250643220663494,0.01,45,79
3853_Dg,GSE227903,Diagnosis,cellchat,Early GMP,Late GMP,MPZL1,MPZL1,0.00129411155194513,0.79,329,79
3853_Dg,GSE227903,Diagnosis,cellchat,EoBasoMast Precursor,Late GMP,MPZL1,MPZL1,0.00617255644841106,0,12,79
3853_Dg,GSE227903,Diagnosis,cellchat,HSC MPP,Late GMP,MPZL1,MPZL1,0.00139522198958225,0.52,173,79
3853_Dg,GSE227903,Diagnosis,cellchat,Late GMP,Late GMP,MPZL1,MPZL1,0.00125395855837949,0.69,79,79
3853_Dg,GSE227903,Diagnosis,cellchat,LMPP,Late GMP,MPZL1,MPZL1,0.00134203466603395,0.65,349,79
3853_Dg,GSE227903,Diagnosis,cellchat,Monocyte,Late GMP,MPZL1,MPZL1,0.00071388293529973,0.75,15,79
3853_Dg,GSE227903,Diagnosis,cellchat,pDC,Late GMP,MPZL1,MPZL1,0.00108892247833686,0.81,57,79
3853_Dg,GSE227903,Diagnosis,cellchat,Pro-Monocyte,Late GMP,MPZL1,MPZL1,0.00100180565264088,0.66,12,79
3853_Dg,GSE227903,Diagnosis,cellchat,cDC,LMPP,MPZL1,MPZL1,0.000604527910415638,0.86,27,349
3853_Dg,GSE227903,Diagnosis,cellchat,Cycling Progenitor,LMPP,MPZL1,MPZL1,0.00268224386605055,0.01,45,349
3853_Dg,GSE227903,Diagnosis,cellchat,Early GMP,LMPP,MPZL1,MPZL1,0.00138500403269025,0.58,329,349
3853_Dg,GSE227903,Diagnosis,cellchat,EoBasoMast Precursor,LMPP,MPZL1,MPZL1,0.0066038229382751,0,12,349
3853_Dg,GSE227903,Diagnosis,cellchat,HSC MPP,LMPP,MPZL1,MPZL1,0.00149320538755652,0.15,173,349
3853_Dg,GSE227903,Diagnosis,cellchat,Late GMP,LMPP,MPZL1,MPZL1,0.00134203466603395,0.65,79,349
3853_Dg,GSE227903,Diagnosis,cellchat,LMPP,LMPP,MPZL1,MPZL1,0.00143628820661523,0.35,349,349
3853_Dg,GSE227903,Diagnosis,cellchat,Monocyte,LMPP,MPZL1,MPZL1,0.00076405398745211,0.74,15,349
3853_Dg,GSE227903,Diagnosis,cellchat,pDC,LMPP,MPZL1,MPZL1,0.00116542023362367,0.83,57,349
3853_Dg,GSE227903,Diagnosis,cellchat,Pro-Monocyte,LMPP,MPZL1,MPZL1,0.00107218994381628,0.68,12,349
3853_Dg,GSE227903,Diagnosis,cellchat,cDC,Monocyte,MPZL1,MPZL1,0.000321461917136851,0.77,27,15
3853_Dg,GSE227903,Diagnosis,cellchat,Cycling Progenitor,Monocyte,MPZL1,MPZL1,0.00142769162145539,0.39,45,15
3853_Dg,GSE227903,Diagnosis,cellchat,Early GMP,Monocyte,MPZL1,MPZL1,0.000736754930380829,0.75,329,15
3853_Dg,GSE227903,Diagnosis,cellchat,EoBasoMast Precursor,Monocyte,MPZL1,MPZL1,0.00352152714149071,0.11,12,15
3853_Dg,GSE227903,Diagnosis,cellchat,HSC MPP,Monocyte,MPZL1,MPZL1,0.000794353084701178,0.74,173,15
3853_Dg,GSE227903,Diagnosis,cellchat,Late GMP,Monocyte,MPZL1,MPZL1,0.00071388293529973,0.75,79,15
3853_Dg,GSE227903,Diagnosis,cellchat,LMPP,Monocyte,MPZL1,MPZL1,0.00076405398745211,0.74,349,15
3853_Dg,GSE227903,Diagnosis,cellchat,Monocyte,Monocyte,MPZL1,MPZL1,0.000406321386462053,0.74,15,15
3853_Dg,GSE227903,Diagnosis,cellchat,pDC,Monocyte,MPZL1,MPZL1,0.000619883208401936,0.69,57,15
3853_Dg,GSE227903,Diagnosis,cellchat,Pro-Monocyte,Monocyte,MPZL1,MPZL1,0.000570269405956026,0.63,12,15
3853_Dg,GSE227903,Diagnosis,cellchat,cDC,pDC,MPZL1,MPZL1,0.000490443631593578,0.81,27,57
3853_Dg,GSE227903,Diagnosis,cellchat,Cycling Progenitor,pDC,MPZL1,MPZL1,0.00217691477322533,0.01,45,57
3853_Dg,GSE227903,Diagnosis,cellchat,Early GMP,pDC,MPZL1,MPZL1,0.00112379679964512,0.82,329,57
3853_Dg,GSE227903,Diagnosis,cellchat,EoBasoMast Precursor,pDC,MPZL1,MPZL1,0.00536365002582978,0,12,57
3853_Dg,GSE227903,Diagnosis,cellchat,HSC MPP,pDC,MPZL1,MPZL1,0.00121161649173791,0.77,173,57
3853_Dg,GSE227903,Diagnosis,cellchat,Late GMP,pDC,MPZL1,MPZL1,0.00108892247833686,0.81,79,57
3853_Dg,GSE227903,Diagnosis,cellchat,LMPP,pDC,MPZL1,MPZL1,0.00116542023362367,0.83,349,57
3853_Dg,GSE227903,Diagnosis,cellchat,Monocyte,pDC,MPZL1,MPZL1,0.000619883208401936,0.69,15,57
3853_Dg,GSE227903,Diagnosis,cellchat,pDC,pDC,MPZL1,MPZL1,0.000945586573586058,0.82,57,57
3853_Dg,GSE227903,Diagnosis,cellchat,Pro-Monocyte,pDC,MPZL1,MPZL1,0.000869927032209995,0.59,12,57
3853_Dg,GSE227903,Diagnosis,cellchat,cDC,Pro-Monocyte,MPZL1,MPZL1,0.000451185151250078,0.63,27,12
3853_Dg,GSE227903,Diagnosis,cellchat,Cycling Progenitor,Pro-Monocyte,MPZL1,MPZL1,0.00200293006900202,0.2,45,12
3853_Dg,GSE227903,Diagnosis,cellchat,Early GMP,Pro-Monocyte,MPZL1,MPZL1,0.00103389281903629,0.68,329,12
3853_Dg,GSE227903,Diagnosis,cellchat,EoBasoMast Precursor,Pro-Monocyte,MPZL1,MPZL1,0.00493623309476342,0.05,12,12
3853_Dg,GSE227903,Diagnosis,cellchat,HSC MPP,Pro-Monocyte,MPZL1,MPZL1,0.00111469475747295,0.67,173,12
3853_Dg,GSE227903,Diagnosis,cellchat,Late GMP,Pro-Monocyte,MPZL1,MPZL1,0.00100180565264088,0.66,79,12
3853_Dg,GSE227903,Diagnosis,cellchat,LMPP,Pro-Monocyte,MPZL1,MPZL1,0.00107218994381628,0.68,349,12
3853_Dg,GSE227903,Diagnosis,cellchat,Monocyte,Pro-Monocyte,MPZL1,MPZL1,0.000570269405956026,0.63,15,12
3853_Dg,GSE227903,Diagnosis,cellchat,pDC,Pro-Monocyte,MPZL1,MPZL1,0.000869927032209995,0.59,57,12
3853_Dg,GSE227903,Diagnosis,cellchat,Pro-Monocyte,Pro-Monocyte,MPZL1,MPZL1,0.000800316414032148,0.68,12,12
3853_Dg,GSE227903,Diagnosis,cellchat,Cycling Progenitor,Cycling Progenitor,NEGR1,NEGR1,0.000840581019927659,0.98,45,45
3853_Dg,GSE227903,Diagnosis,cellchat,Early GMP,Cycling Progenitor,NEGR1,NEGR1,0.00108934671234439,0.98,329,45
3853_Dg,GSE227903,Diagnosis,cellchat,EoBasoMast Precursor,Cycling Progenitor,NEGR1,NEGR1,0.00110664858147889,0.75,12,45
3853_Dg,GSE227903,Diagnosis,cellchat,HSC MPP,Cycling Progenitor,NEGR1,NEGR1,0.00143274963308686,0.94,173,45
3853_Dg,GSE227903,Diagnosis,cellchat,LMPP,Cycling Progenitor,NEGR1,NEGR1,0.00377185604635001,0.12,349,45
3853_Dg,GSE227903,Diagnosis,cellchat,pDC,Cycling Progenitor,NEGR1,NEGR1,0.00134668958082033,0.93,57,45
3853_Dg,GSE227903,Diagnosis,cellchat,Cycling Progenitor,Early GMP,NEGR1,NEGR1,0.00108934671234439,0.98,45,329
3853_Dg,GSE227903,Diagnosis,cellchat,EoBasoMast Precursor,Early GMP,NEGR1,NEGR1,0.00143404260674792,0.74,12,329
3853_Dg,GSE227903,Diagnosis,cellchat,HSC MPP,Early GMP,NEGR1,NEGR1,0.00185643901185835,0.84,173,329
3853_Dg,GSE227903,Diagnosis,cellchat,LMPP,Early GMP,NEGR1,NEGR1,0.00488387741747354,0,349,329
3853_Dg,GSE227903,Diagnosis,cellchat,pDC,Early GMP,NEGR1,NEGR1,0.00174497395411471,0.83,57,329
3853_Dg,GSE227903,Diagnosis,cellchat,Cycling Progenitor,EoBasoMast Precursor,NEGR1,NEGR1,0.00110664858147889,0.75,45,12
3853_Dg,GSE227903,Diagnosis,cellchat,Early GMP,EoBasoMast Precursor,NEGR1,NEGR1,0.00143404260674792,0.74,329,12
3853_Dg,GSE227903,Diagnosis,cellchat,EoBasoMast Precursor,EoBasoMast Precursor,NEGR1,NEGR1,0.00145681122532204,0.6,12,12
3853_Dg,GSE227903,Diagnosis,cellchat,HSC MPP,EoBasoMast Precursor,NEGR1,NEGR1,0.00188590144769204,0.53,173,12
3853_Dg,GSE227903,Diagnosis,cellchat,LMPP,EoBasoMast Precursor,NEGR1,NEGR1,0.00496114771183695,0.16,349,12
3853_Dg,GSE227903,Diagnosis,cellchat,pDC,EoBasoMast Precursor,NEGR1,NEGR1,0.00177267053620572,0.6,57,12
3853_Dg,GSE227903,Diagnosis,cellchat,Cycling Progenitor,HSC MPP,NEGR1,NEGR1,0.00143274963308686,0.94,45,173
3853_Dg,GSE227903,Diagnosis,cellchat,Early GMP,HSC MPP,NEGR1,NEGR1,0.00185643901185835,0.84,329,173
3853_Dg,GSE227903,Diagnosis,cellchat,EoBasoMast Precursor,HSC MPP,NEGR1,NEGR1,0.00188590144769204,0.53,12,173
3853_Dg,GSE227903,Diagnosis,cellchat,HSC MPP,HSC MPP,NEGR1,NEGR1,0.00244106724841175,0.08,173,173
3853_Dg,GSE227903,Diagnosis,cellchat,LMPP,HSC MPP,NEGR1,NEGR1,0.00641577588311424,0,349,173
3853_Dg,GSE227903,Diagnosis,cellchat,pDC,HSC MPP,NEGR1,NEGR1,0.00229458040224934,0.16,57,173
3853_Dg,GSE227903,Diagnosis,cellchat,Cycling Progenitor,LMPP,NEGR1,NEGR1,0.00377185604635001,0.12,45,349
3853_Dg,GSE227903,Diagnosis,cellchat,Early GMP,LMPP,NEGR1,NEGR1,0.00488387741747354,0,329,349
3853_Dg,GSE227903,Diagnosis,cellchat,EoBasoMast Precursor,LMPP,NEGR1,NEGR1,0.00496114771183695,0.16,12,349
3853_Dg,GSE227903,Diagnosis,cellchat,HSC MPP,LMPP,NEGR1,NEGR1,0.00641577588311424,0,173,349
3853_Dg,GSE227903,Diagnosis,cellchat,LMPP,LMPP,NEGR1,NEGR1,0.016753677213043,0,349,349
3853_Dg,GSE227903,Diagnosis,cellchat,pDC,LMPP,NEGR1,NEGR1,0.00603221169795061,0,57,349
3853_Dg,GSE227903,Diagnosis,cellchat,Cycling Progenitor,pDC,NEGR1,NEGR1,0.00134668958082033,0.93,45,57
3853_Dg,GSE227903,Diagnosis,cellchat,Early GMP,pDC,NEGR1,NEGR1,0.00174497395411471,0.83,329,57
3853_Dg,GSE227903,Diagnosis,cellchat,EoBasoMast Precursor,pDC,NEGR1,NEGR1,0.00177267053620572,0.6,12,57
3853_Dg,GSE227903,Diagnosis,cellchat,HSC MPP,pDC,NEGR1,NEGR1,0.00229458040224934,0.16,173,57
3853_Dg,GSE227903,Diagnosis,cellchat,LMPP,pDC,NEGR1,NEGR1,0.00603221169795061,0,349,57
3853_Dg,GSE227903,Diagnosis,cellchat,pDC,pDC,NEGR1,NEGR1,0.00215686512925444,0.31,57,57
3853_Dg,GSE227903,Diagnosis,cellchat,cDC,cDC,PECAM1,PECAM1,0.00181033058498028,0.83,27,27
3853_Dg,GSE227903,Diagnosis,cellchat,Cycling Progenitor,cDC,PECAM1,PECAM1,0.00444785455639205,0.73,45,27
3853_Dg,GSE227903,Diagnosis,cellchat,Early GMP,cDC,PECAM1,PECAM1,0.0017910915538429,0.99,329,27
3853_Dg,GSE227903,Diagnosis,cellchat,HSC MPP,cDC,PECAM1,PECAM1,0.00569137355466233,0.56,173,27
3853_Dg,GSE227903,Diagnosis,cellchat,LMPP,cDC,PECAM1,PECAM1,0.00551584586171002,0.54,349,27
3853_Dg,GSE227903,Diagnosis,cellchat,Monocyte,cDC,PECAM1,PECAM1,0.0112385122034271,0.28,15,27
3853_Dg,GSE227903,Diagnosis,cellchat,pDC,cDC,PECAM1,PECAM1,0.00659442812964374,0.34,57,27
3853_Dg,GSE227903,Diagnosis,cellchat,Pro-Monocyte,cDC,PECAM1,PECAM1,0.00364916093560935,0.85,12,27
3853_Dg,GSE227903,Diagnosis,cellchat,cDC,Cycling Progenitor,PECAM1,PECAM1,0.00444785455639205,0.73,27,45
3853_Dg,GSE227903,Diagnosis,cellchat,Cycling Progenitor,Cycling Progenitor,PECAM1,PECAM1,0.0108861569630597,0.43,45,45
3853_Dg,GSE227903,Diagnosis,cellchat,Early GMP,Cycling Progenitor,PECAM1,PECAM1,0.00440070918910487,0.81,329,45
3853_Dg,GSE227903,Diagnosis,cellchat,HSC MPP,Cycling Progenitor,PECAM1,PECAM1,0.0139045388892321,0.13,173,45
3853_Dg,GSE227903,Diagnosis,cellchat,LMPP,Cycling Progenitor,PECAM1,PECAM1,0.0134791427458254,0.09,349,45
3853_Dg,GSE227903,Diagnosis,cellchat,Monocyte,Cycling Progenitor,PECAM1,PECAM1,0.0272374147802194,0.01,15,45
3853_Dg,GSE227903,Diagnosis,cellchat,pDC,Cycling Progenitor,PECAM1,PECAM1,0.0160896947251882,0.02,57,45
3853_Dg,GSE227903,Diagnosis,cellchat,Pro-Monocyte,Cycling Progenitor,PECAM1,PECAM1,0.00894173226794093,0.4,12,45
3853_Dg,GSE227903,Diagnosis,cellchat,cDC,Early GMP,PECAM1,PECAM1,0.0017910915538429,0.99,27,329
3853_Dg,GSE227903,Diagnosis,cellchat,Cycling Progenitor,Early GMP,PECAM1,PECAM1,0.00440070918910487,0.81,45,329
3853_Dg,GSE227903,Diagnosis,cellchat,HSC MPP,Early GMP,PECAM1,PECAM1,0.00563112196882174,0.53,173,329
3853_Dg,GSE227903,Diagnosis,cellchat,LMPP,Early GMP,PECAM1,PECAM1,0.00545744229629049,0.62,349,329
3853_Dg,GSE227903,Diagnosis,cellchat,Monocyte,Early GMP,PECAM1,PECAM1,0.011120192738318,0.32,15,329
3853_Dg,GSE227903,Diagnosis,cellchat,pDC,Early GMP,PECAM1,PECAM1,0.00652467911285776,0.4,57,329
3853_Dg,GSE227903,Diagnosis,cellchat,Pro-Monocyte,Early GMP,PECAM1,PECAM1,0.00361045067917947,0.86,12,329
3853_Dg,GSE227903,Diagnosis,cellchat,cDC,HSC MPP,PECAM1,PECAM1,0.00569137355466233,0.56,27,173
3853_Dg,GSE227903,Diagnosis,cellchat,Cycling Progenitor,HSC MPP,PECAM1,PECAM1,0.0139045388892321,0.13,45,173
3853_Dg,GSE227903,Diagnosis,cellchat,Early GMP,HSC MPP,PECAM1,PECAM1,0.00563112196882174,0.53,329,173
3853_Dg,GSE227903,Diagnosis,cellchat,HSC MPP,HSC MPP,PECAM1,PECAM1,0.017744807163796,0.01,173,173
3853_Dg,GSE227903,Diagnosis,cellchat,LMPP,HSC MPP,PECAM1,PECAM1,0.0172039714496474,0,349,173
3853_Dg,GSE227903,Diagnosis,cellchat,Monocyte,HSC MPP,PECAM1,PECAM1,0.0346307430321137,0,15,173
3853_Dg,GSE227903,Diagnosis,cellchat,pDC,HSC MPP,PECAM1,PECAM1,0.0205209177601409,0,57,173
3853_Dg,GSE227903,Diagnosis,cellchat,Pro-Monocyte,HSC MPP,PECAM1,PECAM1,0.0114272161543692,0.32,12,173
3853_Dg,GSE227903,Diagnosis,cellchat,cDC,LMPP,PECAM1,PECAM1,0.00551584586171002,0.54,27,349
3853_Dg,GSE227903,Diagnosis,cellchat,Cycling Progenitor,LMPP,PECAM1,PECAM1,0.0134791427458254,0.09,45,349
3853_Dg,GSE227903,Diagnosis,cellchat,Early GMP,LMPP,PECAM1,PECAM1,0.00545744229629049,0.62,329,349
3853_Dg,GSE227903,Diagnosis,cellchat,HSC MPP,LMPP,PECAM1,PECAM1,0.0172039714496474,0,173,349
3853_Dg,GSE227903,Diagnosis,cellchat,LMPP,LMPP,PECAM1,PECAM1,0.0166793397082439,0,349,349
3853_Dg,GSE227903,Diagnosis,cellchat,Monocyte,LMPP,PECAM1,PECAM1,0.0335928499198784,0,15,349
3853_Dg,GSE227903,Diagnosis,cellchat,pDC,LMPP,PECAM1,PECAM1,0.0198971842138304,0,57,349
3853_Dg,GSE227903,Diagnosis,cellchat,Pro-Monocyte,LMPP,PECAM1,PECAM1,0.011076759983803,0.39,12,349
3853_Dg,GSE227903,Diagnosis,cellchat,cDC,Monocyte,PECAM1,PECAM1,0.0112385122034271,0.28,27,15
3853_Dg,GSE227903,Diagnosis,cellchat,Cycling Progenitor,Monocyte,PECAM1,PECAM1,0.0272374147802194,0.01,45,15
3853_Dg,GSE227903,Diagnosis,cellchat,Early GMP,Monocyte,PECAM1,PECAM1,0.011120192738318,0.32,329,15
3853_Dg,GSE227903,Diagnosis,cellchat,HSC MPP,Monocyte,PECAM1,PECAM1,0.0346307430321137,0,173,15
3853_Dg,GSE227903,Diagnosis,cellchat,LMPP,Monocyte,PECAM1,PECAM1,0.0335928499198784,0,349,15
3853_Dg,GSE227903,Diagnosis,cellchat,Monocyte,Monocyte,PECAM1,PECAM1,0.0664974868100493,0,15,15
3853_Dg,GSE227903,Diagnosis,cellchat,pDC,Monocyte,PECAM1,PECAM1,0.0399411764404638,0,57,15
3853_Dg,GSE227903,Diagnosis,cellchat,Pro-Monocyte,Monocyte,PECAM1,PECAM1,0.0224386745233512,0.07,12,15
3853_Dg,GSE227903,Diagnosis,cellchat,cDC,pDC,PECAM1,PECAM1,0.00659442812964374,0.34,27,57
3853_Dg,GSE227903,Diagnosis,cellchat,Cycling Progenitor,pDC,PECAM1,PECAM1,0.0160896947251882,0.02,45,57
3853_Dg,GSE227903,Diagnosis,cellchat,Early GMP,pDC,PECAM1,PECAM1,0.00652467911285776,0.4,329,57
3853_Dg,GSE227903,Diagnosis,cellchat,HSC MPP,pDC,PECAM1,PECAM1,0.0205209177601409,0,173,57
3853_Dg,GSE227903,Diagnosis,cellchat,LMPP,pDC,PECAM1,PECAM1,0.0198971842138304,0,349,57
3853_Dg,GSE227903,Diagnosis,cellchat,Monocyte,pDC,PECAM1,PECAM1,0.0399411764404638,0,15,57
3853_Dg,GSE227903,Diagnosis,cellchat,pDC,pDC,PECAM1,PECAM1,0.0237208523960627,0,57,57
3853_Dg,GSE227903,Diagnosis,cellchat,Pro-Monocyte,pDC,PECAM1,PECAM1,0.0132282731393902,0.24,12,57
3853_Dg,GSE227903,Diagnosis,cellchat,cDC,Pro-Monocyte,PECAM1,PECAM1,0.00364916093560935,0.85,27,12
3853_Dg,GSE227903,Diagnosis,cellchat,Cycling Progenitor,Pro-Monocyte,PECAM1,PECAM1,0.00894173226794093,0.4,45,12
3853_Dg,GSE227903,Diagnosis,cellchat,Early GMP,Pro-Monocyte,PECAM1,PECAM1,0.00361045067917947,0.86,329,12
3853_Dg,GSE227903,Diagnosis,cellchat,HSC MPP,Pro-Monocyte,PECAM1,PECAM1,0.0114272161543692,0.32,173,12
3853_Dg,GSE227903,Diagnosis,cellchat,LMPP,Pro-Monocyte,PECAM1,PECAM1,0.011076759983803,0.39,349,12
3853_Dg,GSE227903,Diagnosis,cellchat,Monocyte,Pro-Monocyte,PECAM1,PECAM1,0.0224386745233512,0.07,15,12
3853_Dg,GSE227903,Diagnosis,cellchat,pDC,Pro-Monocyte,PECAM1,PECAM1,0.0132282731393902,0.24,57,12
3853_Dg,GSE227903,Diagnosis,cellchat,Pro-Monocyte,Pro-Monocyte,PECAM1,PECAM1,0.0073420319080528,0.65,12,12
3853_Dg,GSE227903,Diagnosis,cellchat,Cycling Progenitor,Cycling Progenitor,SELL,CD34,0.00698062796420709,0.16,45,45
3853_Dg,GSE227903,Diagnosis,cellchat,Early GMP,Cycling Progenitor,SELL,CD34,0.00959658418552926,0,329,45
3853_Dg,GSE227903,Diagnosis,cellchat,Monocyte,Cycling Progenitor,SELL,CD34,0.0122201952945492,0.05,15,45
3853_Dg,GSE227903,Diagnosis,cellchat,Cycling Progenitor,Early GMP,SELL,CD34,0.005575809669294,0.2,45,329
3853_Dg,GSE227903,Diagnosis,cellchat,Early GMP,Early GMP,SELL,CD34,0.00766938301882443,0.01,329,329
3853_Dg,GSE227903,Diagnosis,cellchat,Monocyte,Early GMP,SELL,CD34,0.00977131458102776,0.17,15,329
3853_Dg,GSE227903,Diagnosis,cellchat,Cycling Progenitor,EoBasoMast Precursor,SELL,CD34,0.00111773761494024,0.2,45,12
3853_Dg,GSE227903,Diagnosis,cellchat,Early GMP,EoBasoMast Precursor,SELL,CD34,0.00154001165347222,0.01,329,12
3853_Dg,GSE227903,Diagnosis,cellchat,Monocyte,EoBasoMast Precursor,SELL,CD34,0.00196540651836708,0.37,15,12
3853_Dg,GSE227903,Diagnosis,cellchat,Cycling Progenitor,HSC MPP,SELL,CD34,0.0082890427643873,0.13,45,173
3853_Dg,GSE227903,Diagnosis,cellchat,Early GMP,HSC MPP,SELL,CD34,0.011389697161093,0,329,173
3853_Dg,GSE227903,Diagnosis,cellchat,Monocyte,HSC MPP,SELL,CD34,0.0144963523554937,0.02,15,173
3853_Dg,GSE227903,Diagnosis,cellchat,Cycling Progenitor,Late GMP,SELL,CD34,0.00111592181554589,0.2,45,79
3853_Dg,GSE227903,Diagnosis,cellchat,Early GMP,Late GMP,SELL,CD34,0.00153751091272443,0.01,329,79
3853_Dg,GSE227903,Diagnosis,cellchat,Monocyte,Late GMP,SELL,CD34,0.00196221635969162,0.37,15,79
3853_Dg,GSE227903,Diagnosis,cellchat,Cycling Progenitor,LMPP,SELL,CD34,0.0087836924226397,0.09,45,349
3853_Dg,GSE227903,Diagnosis,cellchat,Early GMP,LMPP,SELL,CD34,0.0120671272898023,0,329,349
3853_Dg,GSE227903,Diagnosis,cellchat,Monocyte,LMPP,SELL,CD34,0.0153556883586579,0.01,15,349
3853_Dg,GSE227903,Diagnosis,cellchat,Cycling Progenitor,pDC,SELL,CD34,0.00601702301857489,0.19,45,57
3853_Dg,GSE227903,Diagnosis,cellchat,Early GMP,pDC,SELL,CD34,0.00827488211195674,0,329,57
3853_Dg,GSE227903,Diagnosis,cellchat,Monocyte,pDC,SELL,CD34,0.0105409987528002,0.1,15,57
3853_Dg,GSE227903,Diagnosis,cellchat,cDC,Cycling Progenitor,SELPLG,SELL,0.00527144660671051,0.02,27,45
3853_Dg,GSE227903,Diagnosis,cellchat,Cycling Progenitor,Cycling Progenitor,SELPLG,SELL,0.00303150246129993,0.15,45,45
3853_Dg,GSE227903,Diagnosis,cellchat,Early GMP,Cycling Progenitor,SELPLG,SELL,0.00287752186565191,0.2,329,45
3853_Dg,GSE227903,Diagnosis,cellchat,HSC MPP,Cycling Progenitor,SELPLG,SELL,0.00323622944037478,0.18,173,45
3853_Dg,GSE227903,Diagnosis,cellchat,Late GMP,Cycling Progenitor,SELPLG,SELL,0.0028134046376514,0.18,79,45
3853_Dg,GSE227903,Diagnosis,cellchat,LMPP,Cycling Progenitor,SELPLG,SELL,0.00327977290885443,0.18,349,45
3853_Dg,GSE227903,Diagnosis,cellchat,Monocyte,Cycling Progenitor,SELPLG,SELL,0.00469150521261302,0.06,15,45
3853_Dg,GSE227903,Diagnosis,cellchat,pDC,Cycling Progenitor,SELPLG,SELL,0.00365814371264178,0.15,57,45
3853_Dg,GSE227903,Diagnosis,cellchat,Pro-Monocyte,Cycling Progenitor,SELPLG,SELL,0.00321706696957462,0.13,12,45
3853_Dg,GSE227903,Diagnosis,cellchat,cDC,Early GMP,SELPLG,SELL,0.00725157280211036,0,27,329
3853_Dg,GSE227903,Diagnosis,cellchat,Cycling Progenitor,Early GMP,SELPLG,SELL,0.00417376343466567,0.01,45,329
3853_Dg,GSE227903,Diagnosis,cellchat,Early GMP,Early GMP,SELPLG,SELL,0.00396199398712901,0,329,329
3853_Dg,GSE227903,Diagnosis,cellchat,HSC MPP,Early GMP,SELPLG,SELL,0.00445528619317164,0,173,329
3853_Dg,GSE227903,Diagnosis,cellchat,Late GMP,Early GMP,SELPLG,SELL,0.00387380632162427,0,79,329
3853_Dg,GSE227903,Diagnosis,cellchat,LMPP,Early GMP,SELPLG,SELL,0.00451515777085567,0,349,329
3853_Dg,GSE227903,Diagnosis,cellchat,Monocyte,Early GMP,SELPLG,SELL,0.00645520030810683,0,15,329
3853_Dg,GSE227903,Diagnosis,cellchat,pDC,Early GMP,SELPLG,SELL,0.00503532867775316,0,57,329
3853_Dg,GSE227903,Diagnosis,cellchat,Pro-Monocyte,Early GMP,SELPLG,SELL,0.00442893747573743,0,12,329
3853_Dg,GSE227903,Diagnosis,cellchat,cDC,Monocyte,SELPLG,SELL,0.0092400622448352,0,27,15
3853_Dg,GSE227903,Diagnosis,cellchat,Cycling Progenitor,Monocyte,SELPLG,SELL,0.00532279678861978,0.09,45,15
3853_Dg,GSE227903,Diagnosis,cellchat,Early GMP,Monocyte,SELPLG,SELL,0.0050530232265609,0.09,329,15
3853_Dg,GSE227903,Diagnosis,cellchat,HSC MPP,Monocyte,SELPLG,SELL,0.00568138034232333,0.05,173,15
3853_Dg,GSE227903,Diagnosis,cellchat,Late GMP,Monocyte,SELPLG,SELL,0.0049406714500698,0.1,79,15
3853_Dg,GSE227903,Diagnosis,cellchat,LMPP,Monocyte,SELPLG,SELL,0.00575763327891528,0.05,349,15
3853_Dg,GSE227903,Diagnosis,cellchat,Monocyte,Monocyte,SELPLG,SELL,0.0082271222720691,0.03,15,15
3853_Dg,GSE227903,Diagnosis,cellchat,pDC,Monocyte,SELPLG,SELL,0.00642002104019168,0.04,57,15
3853_Dg,GSE227903,Diagnosis,cellchat,Pro-Monocyte,Monocyte,SELPLG,SELL,0.00564782159801844,0.1,12,15
3853_Dg,GSE227903,Diagnosis,cellchat,cDC,cDC,SEMA4A,PLXNB2,0.00385194379889256,0,27,27
3853_Dg,GSE227903,Diagnosis,cellchat,Monocyte,cDC,SEMA4A,PLXNB2,0.0146949117759672,0,15,27
3853_Dg,GSE227903,Diagnosis,cellchat,cDC,Cycling Progenitor,SEMA4A,PLXNB2,0.00293893748683537,0.02,27,45
3853_Dg,GSE227903,Diagnosis,cellchat,Monocyte,Cycling Progenitor,SEMA4A,PLXNB2,0.0112408541542539,0,15,45
3853_Dg,GSE227903,Diagnosis,cellchat,cDC,Early GMP,SEMA4A,PLXNB2,0.00129570152810794,0.03,27,329
3853_Dg,GSE227903,Diagnosis,cellchat,Monocyte,Early GMP,SEMA4A,PLXNB2,0.00497898151520457,0,15,329
3853_Dg,GSE227903,Diagnosis,cellchat,cDC,EoBasoMast Precursor,SEMA4A,PLXNB2,0.00135869400867326,0.02,27,12
3853_Dg,GSE227903,Diagnosis,cellchat,Monocyte,EoBasoMast Precursor,SEMA4A,PLXNB2,0.00522010623002646,0,15,12
3853_Dg,GSE227903,Diagnosis,cellchat,cDC,HSC MPP,SEMA4A,PLXNB2,0.00133413657079205,0.01,27,173
3853_Dg,GSE227903,Diagnosis,cellchat,Monocyte,HSC MPP,SEMA4A,PLXNB2,0.00512611473425501,0,15,173
3853_Dg,GSE227903,Diagnosis,cellchat,cDC,Late GMP,SEMA4A,PLXNB2,0.00118251123091451,0.04,27,79
3853_Dg,GSE227903,Diagnosis,cellchat,Monocyte,Late GMP,SEMA4A,PLXNB2,0.00454549057684909,0,15,79
3853_Dg,GSE227903,Diagnosis,cellchat,cDC,LMPP,SEMA4A,PLXNB2,0.00127203439565011,0.04,27,349
3853_Dg,GSE227903,Diagnosis,cellchat,Monocyte,LMPP,SEMA4A,PLXNB2,0.0048883653295024,0,15,349
3853_Dg,GSE227903,Diagnosis,cellchat,cDC,Monocyte,SEMA4A,PLXNB2,0.00595962039864467,0,27,15
3853_Dg,GSE227903,Diagnosis,cellchat,Monocyte,Monocyte,SEMA4A,PLXNB2,0.0226009498408745,0,15,15
3853_Dg,GSE227903,Diagnosis,cellchat,cDC,pDC,SEMA4A,PLXNB2,0.00341639675151275,0.02,27,57
3853_Dg,GSE227903,Diagnosis,cellchat,Monocyte,pDC,SEMA4A,PLXNB2,0.0130493893797102,0,15,57
3853_Dg,GSE227903,Diagnosis,cellchat,cDC,Pro-Monocyte,SEMA4A,PLXNB2,0.00405358530623226,0,27,12
3853_Dg,GSE227903,Diagnosis,cellchat,Monocyte,Pro-Monocyte,SEMA4A,PLXNB2,0.0154553543416229,0,15,12
3853_Dg,GSE227903,Diagnosis,cellchat,cDC,cDC,SEMA4D,PLXNB2,0.00206487874877885,0.64,27,27
3853_Dg,GSE227903,Diagnosis,cellchat,Cycling Progenitor,cDC,SEMA4D,PLXNB2,0.0117434960063355,0.04,45,27
3853_Dg,GSE227903,Diagnosis,cellchat,Early GMP,cDC,SEMA4D,PLXNB2,0.00502553335453362,0.12,329,27
3853_Dg,GSE227903,Diagnosis,cellchat,EoBasoMast Precursor,cDC,SEMA4D,PLXNB2,0.0174140289637998,0.01,12,27
3853_Dg,GSE227903,Diagnosis,cellchat,HSC MPP,cDC,SEMA4D,PLXNB2,0.00604563922494539,0.08,173,27
3853_Dg,GSE227903,Diagnosis,cellchat,Late GMP,cDC,SEMA4D,PLXNB2,0.00416516951617298,0.45,79,27
3853_Dg,GSE227903,Diagnosis,cellchat,LMPP,cDC,SEMA4D,PLXNB2,0.0137752811296126,0,349,27
3853_Dg,GSE227903,Diagnosis,cellchat,Monocyte,cDC,SEMA4D,PLXNB2,0.00587091695592555,0.16,15,27
3853_Dg,GSE227903,Diagnosis,cellchat,pDC,cDC,SEMA4D,PLXNB2,0.0170924381399212,0,57,27
3853_Dg,GSE227903,Diagnosis,cellchat,Pro-Monocyte,cDC,SEMA4D,PLXNB2,0.00501636883386506,0.3,12,27
3853_Dg,GSE227903,Diagnosis,cellchat,cDC,Cycling Progenitor,SEMA4D,PLXNB2,0.00157478159740965,0.9,27,45
3853_Dg,GSE227903,Diagnosis,cellchat,Cycling Progenitor,Cycling Progenitor,SEMA4D,PLXNB2,0.00897685197312243,0.08,45,45
3853_Dg,GSE227903,Diagnosis,cellchat,Early GMP,Cycling Progenitor,SEMA4D,PLXNB2,0.00383542820729505,0.42,329,45
3853_Dg,GSE227903,Diagnosis,cellchat,EoBasoMast Precursor,Cycling Progenitor,SEMA4D,PLXNB2,0.013329485761289,0.07,12,45
3853_Dg,GSE227903,Diagnosis,cellchat,HSC MPP,Cycling Progenitor,SEMA4D,PLXNB2,0.00461508157251047,0.31,173,45
3853_Dg,GSE227903,Diagnosis,cellchat,Late GMP,Cycling Progenitor,SEMA4D,PLXNB2,0.0031781577987538,0.63,79,45
3853_Dg,GSE227903,Diagnosis,cellchat,LMPP,Cycling Progenitor,SEMA4D,PLXNB2,0.0105350726276304,0.03,349,45
3853_Dg,GSE227903,Diagnosis,cellchat,Monocyte,Cycling Progenitor,SEMA4D,PLXNB2,0.00448151678909561,0.45,15,45
3853_Dg,GSE227903,Diagnosis,cellchat,pDC,Cycling Progenitor,SEMA4D,PLXNB2,0.0130823212956455,0.03,57,45
3853_Dg,GSE227903,Diagnosis,cellchat,Pro-Monocyte,Cycling Progenitor,SEMA4D,PLXNB2,0.00382842560176939,0.51,12,45
3853_Dg,GSE227903,Diagnosis,cellchat,cDC,Early GMP,SEMA4D,PLXNB2,0.000693749770835226,0.98,27,329
3853_Dg,GSE227903,Diagnosis,cellchat,Cycling Progenitor,Early GMP,SEMA4D,PLXNB2,0.00397110766005373,0.38,45,329
3853_Dg,GSE227903,Diagnosis,cellchat,EoBasoMast Precursor,Early GMP,SEMA4D,PLXNB2,0.00591106783818904,0.12,12,329
3853_Dg,GSE227903,Diagnosis,cellchat,HSC MPP,Early GMP,SEMA4D,PLXNB2,0.00203658436820175,0.48,173,329
3853_Dg,GSE227903,Diagnosis,cellchat,LMPP,Early GMP,SEMA4D,PLXNB2,0.00466451053646292,0.12,349,329
3853_Dg,GSE227903,Diagnosis,cellchat,Monocyte,Early GMP,SEMA4D,PLXNB2,0.00197749545595697,0.63,15,329
3853_Dg,GSE227903,Diagnosis,cellchat,pDC,Early GMP,SEMA4D,PLXNB2,0.00580065206267984,0.1,57,329
3853_Dg,GSE227903,Diagnosis,cellchat,Pro-Monocyte,Early GMP,SEMA4D,PLXNB2,0.0016886961577324,0.75,12,329
3853_Dg,GSE227903,Diagnosis,cellchat,cDC,EoBasoMast Precursor,SEMA4D,PLXNB2,0.000727498778158044,0.86,27,12
3853_Dg,GSE227903,Diagnosis,cellchat,Cycling Progenitor,EoBasoMast Precursor,SEMA4D,PLXNB2,0.00416362677679799,0.48,45,12
3853_Dg,GSE227903,Diagnosis,cellchat,Early GMP,EoBasoMast Precursor,SEMA4D,PLXNB2,0.00177400640375644,0.62,329,12
3853_Dg,GSE227903,Diagnosis,cellchat,EoBasoMast Precursor,EoBasoMast Precursor,SEMA4D,PLXNB2,0.00619705098389488,0.26,12,12
3853_Dg,GSE227903,Diagnosis,cellchat,HSC MPP,EoBasoMast Precursor,SEMA4D,PLXNB2,0.00213551896415385,0.61,173,12
3853_Dg,GSE227903,Diagnosis,cellchat,Late GMP,EoBasoMast Precursor,SEMA4D,PLXNB2,0.00146947701934495,0.76,79,12
3853_Dg,GSE227903,Diagnosis,cellchat,LMPP,EoBasoMast Precursor,SEMA4D,PLXNB2,0.00489048073823638,0.24,349,12
3853_Dg,GSE227903,Diagnosis,cellchat,Monocyte,EoBasoMast Precursor,SEMA4D,PLXNB2,0.00207356555433333,0.61,15,12
3853_Dg,GSE227903,Diagnosis,cellchat,pDC,EoBasoMast Precursor,SEMA4D,PLXNB2,0.00608132586674303,0.24,57,12
3853_Dg,GSE227903,Diagnosis,cellchat,Pro-Monocyte,EoBasoMast Precursor,SEMA4D,PLXNB2,0.00177076078780571,0.6,12,12
3853_Dg,GSE227903,Diagnosis,cellchat,cDC,HSC MPP,SEMA4D,PLXNB2,0.00071434158920842,0.98,27,173
3853_Dg,GSE227903,Diagnosis,cellchat,Cycling Progenitor,HSC MPP,SEMA4D,PLXNB2,0.00408857971489983,0.43,45,173
3853_Dg,GSE227903,Diagnosis,cellchat,Early GMP,HSC MPP,SEMA4D,PLXNB2,0.00174195558039816,0.92,329,173
3853_Dg,GSE227903,Diagnosis,cellchat,EoBasoMast Precursor,HSC MPP,SEMA4D,PLXNB2,0.00608557655629495,0.22,12,173
3853_Dg,GSE227903,Diagnosis,cellchat,HSC MPP,HSC MPP,SEMA4D,PLXNB2,0.00209695044440073,0.43,173,173
3853_Dg,GSE227903,Diagnosis,cellchat,LMPP,HSC MPP,SEMA4D,PLXNB2,0.00480239571698954,0.05,349,173
3853_Dg,GSE227903,Diagnosis,cellchat,Monocyte,HSC MPP,SEMA4D,PLXNB2,0.00203611366044214,0.64,15,173
3853_Dg,GSE227903,Diagnosis,cellchat,pDC,HSC MPP,SEMA4D,PLXNB2,0.00597192062829709,0.13,57,173
3853_Dg,GSE227903,Diagnosis,cellchat,Pro-Monocyte,HSC MPP,SEMA4D,PLXNB2,0.0017387685005762,0.75,12,173
3853_Dg,GSE227903,Diagnosis,cellchat,cDC,Late GMP,SEMA4D,PLXNB2,0.000633111626847133,0.99,27,79
3853_Dg,GSE227903,Diagnosis,cellchat,Cycling Progenitor,Late GMP,SEMA4D,PLXNB2,0.00362504674300622,0.62,45,79
3853_Dg,GSE227903,Diagnosis,cellchat,EoBasoMast Precursor,Late GMP,SEMA4D,PLXNB2,0.005396865723631,0.34,12,79
3853_Dg,GSE227903,Diagnosis,cellchat,HSC MPP,Late GMP,SEMA4D,PLXNB2,0.00185879225871319,0.77,173,79
3853_Dg,GSE227903,Diagnosis,cellchat,LMPP,Late GMP,SEMA4D,PLXNB2,0.00425828158416342,0.36,349,79
3853_Dg,GSE227903,Diagnosis,cellchat,Monocyte,Late GMP,SEMA4D,PLXNB2,0.00180485242984108,0.74,15,79
3853_Dg,GSE227903,Diagnosis,cellchat,pDC,Late GMP,SEMA4D,PLXNB2,0.00529600381432716,0.21,57,79
3853_Dg,GSE227903,Diagnosis,cellchat,Pro-Monocyte,Late GMP,SEMA4D,PLXNB2,0.00154122749448485,0.8,12,79
3853_Dg,GSE227903,Diagnosis,cellchat,cDC,LMPP,SEMA4D,PLXNB2,0.000681070320514223,0.98,27,349
3853_Dg,GSE227903,Diagnosis,cellchat,Cycling Progenitor,LMPP,SEMA4D,PLXNB2,0.00389876264680555,0.41,45,349
3853_Dg,GSE227903,Diagnosis,cellchat,EoBasoMast Precursor,LMPP,SEMA4D,PLXNB2,0.0058035868637594,0.13,12,349
3853_Dg,GSE227903,Diagnosis,cellchat,HSC MPP,LMPP,SEMA4D,PLXNB2,0.00199941144940094,0.49,173,349
3853_Dg,GSE227903,Diagnosis,cellchat,LMPP,LMPP,SEMA4D,PLXNB2,0.00457959130037575,0.04,349,349
3853_Dg,GSE227903,Diagnosis,cellchat,Monocyte,LMPP,SEMA4D,PLXNB2,0.00194139896412463,0.65,15,349
3853_Dg,GSE227903,Diagnosis,cellchat,pDC,LMPP,SEMA4D,PLXNB2,0.00569516727669451,0.08,57,349
3853_Dg,GSE227903,Diagnosis,cellchat,Pro-Monocyte,LMPP,SEMA4D,PLXNB2,0.00165786254759795,0.72,12,349
3853_Dg,GSE227903,Diagnosis,cellchat,cDC,Monocyte,SEMA4D,PLXNB2,0.00319786208077112,0.56,27,15
3853_Dg,GSE227903,Diagnosis,cellchat,Cycling Progenitor,Monocyte,SEMA4D,PLXNB2,0.0180907918721282,0.02,45,15
3853_Dg,GSE227903,Diagnosis,cellchat,Early GMP,Monocyte,SEMA4D,PLXNB2,0.0077703564721134,0.04,329,15
3853_Dg,GSE227903,Diagnosis,cellchat,EoBasoMast Precursor,Monocyte,SEMA4D,PLXNB2,0.0267432778590785,0,12,15
3853_Dg,GSE227903,Diagnosis,cellchat,HSC MPP,Monocyte,SEMA4D,PLXNB2,0.00934238769519361,0.06,173,15
3853_Dg,GSE227903,Diagnosis,cellchat,Late GMP,Monocyte,SEMA4D,PLXNB2,0.00644312597659364,0.15,79,15
3853_Dg,GSE227903,Diagnosis,cellchat,LMPP,Monocyte,SEMA4D,PLXNB2,0.0211971911198476,0,349,15
3853_Dg,GSE227903,Diagnosis,cellchat,Monocyte,Monocyte,SEMA4D,PLXNB2,0.00907325733673288,0.21,15,15
3853_Dg,GSE227903,Diagnosis,cellchat,pDC,Monocyte,SEMA4D,PLXNB2,0.0262540039795115,0,57,15
3853_Dg,GSE227903,Diagnosis,cellchat,Pro-Monocyte,Monocyte,SEMA4D,PLXNB2,0.00775622553431118,0.21,12,15
3853_Dg,GSE227903,Diagnosis,cellchat,cDC,pDC,SEMA4D,PLXNB2,0.00183102732674781,0.73,27,57
3853_Dg,GSE227903,Diagnosis,cellchat,Cycling Progenitor,pDC,SEMA4D,PLXNB2,0.010424973566137,0.09,45,57
3853_Dg,GSE227903,Diagnosis,cellchat,Early GMP,pDC,SEMA4D,PLXNB2,0.00445788001995784,0.35,329,57
3853_Dg,GSE227903,Diagnosis,cellchat,EoBasoMast Precursor,pDC,SEMA4D,PLXNB2,0.0154688026340178,0,12,57
3853_Dg,GSE227903,Diagnosis,cellchat,HSC MPP,pDC,SEMA4D,PLXNB2,0.00536338212266769,0.11,173,57
3853_Dg,GSE227903,Diagnosis,cellchat,Late GMP,pDC,SEMA4D,PLXNB2,0.00369433675426493,0.53,79,57
3853_Dg,GSE227903,Diagnosis,cellchat,LMPP,pDC,SEMA4D,PLXNB2,0.0122314597343183,0.01,349,57
3853_Dg,GSE227903,Diagnosis,cellchat,Monocyte,pDC,SEMA4D,PLXNB2,0.0052082741364868,0.31,15,57
3853_Dg,GSE227903,Diagnosis,cellchat,pDC,pDC,SEMA4D,PLXNB2,0.0151825798972431,0,57,57
3853_Dg,GSE227903,Diagnosis,cellchat,Pro-Monocyte,pDC,SEMA4D,PLXNB2,0.00444974603767115,0.39,12,57
3853_Dg,GSE227903,Diagnosis,cellchat,cDC,Pro-Monocyte,SEMA4D,PLXNB2,0.00217317508155948,0.7,27,12
3853_Dg,GSE227903,Diagnosis,cellchat,Cycling Progenitor,Pro-Monocyte,SEMA4D,PLXNB2,0.0123531215005004,0.07,45,12
3853_Dg,GSE227903,Diagnosis,cellchat,Early GMP,Pro-Monocyte,SEMA4D,PLXNB2,0.00528828377145119,0.21,329,12
3853_Dg,GSE227903,Diagnosis,cellchat,EoBasoMast Precursor,Pro-Monocyte,SEMA4D,PLXNB2,0.018312567100471,0.03,12,12
3853_Dg,GSE227903,Diagnosis,cellchat,HSC MPP,Pro-Monocyte,SEMA4D,PLXNB2,0.00636138293625364,0.15,173,12
3853_Dg,GSE227903,Diagnosis,cellchat,Late GMP,Pro-Monocyte,SEMA4D,PLXNB2,0.00438313561254389,0.37,79,12
3853_Dg,GSE227903,Diagnosis,cellchat,LMPP,Pro-Monocyte,SEMA4D,PLXNB2,0.0144888338084406,0.01,349,12
3853_Dg,GSE227903,Diagnosis,cellchat,Monocyte,Pro-Monocyte,SEMA4D,PLXNB2,0.00617759221629367,0.27,15,12
3853_Dg,GSE227903,Diagnosis,cellchat,pDC,Pro-Monocyte,SEMA4D,PLXNB2,0.0179746862167532,0.01,57,12
3853_Dg,GSE227903,Diagnosis,cellchat,Pro-Monocyte,Pro-Monocyte,SEMA4D,PLXNB2,0.00527864264334985,0.36,12,12
3853_Dg,GSE227903,Diagnosis,cellchat,cDC,cDC,SEMA4D,CD72,0.000706189971369448,0,27,27
3853_Dg,GSE227903,Diagnosis,cellchat,Cycling Progenitor,cDC,SEMA4D,CD72,0.00404207915976221,0,45,27
3853_Dg,GSE227903,Diagnosis,cellchat,Early GMP,cDC,SEMA4D,CD72,0.00172209768529324,0,329,27
3853_Dg,GSE227903,Diagnosis,cellchat,EoBasoMast Precursor,cDC,SEMA4D,CD72,0.00601650081039729,0,12,27
3853_Dg,GSE227903,Diagnosis,cellchat,HSC MPP,cDC,SEMA4D,CD72,0.00207305409305882,0,173,27
3853_Dg,GSE227903,Diagnosis,cellchat,Late GMP,cDC,SEMA4D,CD72,0.00142646631882449,0,79,27
3853_Dg,GSE227903,Diagnosis,cellchat,LMPP,cDC,SEMA4D,CD72,0.0047478154368109,0,349,27
3853_Dg,GSE227903,Diagnosis,cellchat,Monocyte,cDC,SEMA4D,CD72,0.00201290919225713,0,15,27
3853_Dg,GSE227903,Diagnosis,cellchat,pDC,cDC,SEMA4D,CD72,0.00590412729690805,0,57,27
3853_Dg,GSE227903,Diagnosis,cellchat,Pro-Monocyte,cDC,SEMA4D,CD72,0.0017189468748904,0,12,27
3853_Dg,GSE227903,Diagnosis,cellchat,cDC,Pro-Monocyte,SEMA4D,CD72,0.000173921258396515,0.09,27,12
3853_Dg,GSE227903,Diagnosis,cellchat,Cycling Progenitor,Pro-Monocyte,SEMA4D,CD72,0.000997998854540793,0.04,45,12
3853_Dg,GSE227903,Diagnosis,cellchat,Early GMP,Pro-Monocyte,SEMA4D,CD72,0.000424445381137882,0.07,329,12
3853_Dg,GSE227903,Diagnosis,cellchat,EoBasoMast Precursor,Pro-Monocyte,SEMA4D,CD72,0.00148770930628588,0.01,12,12
3853_Dg,GSE227903,Diagnosis,cellchat,HSC MPP,Pro-Monocyte,SEMA4D,CD72,0.000511080991443447,0.03,173,12
3853_Dg,GSE227903,Diagnosis,cellchat,Late GMP,Pro-Monocyte,SEMA4D,CD72,0.000351502685998095,0.07,79,12
3853_Dg,GSE227903,Diagnosis,cellchat,LMPP,Pro-Monocyte,SEMA4D,CD72,0.00117287269984598,0.03,349,12
3853_Dg,GSE227903,Diagnosis,cellchat,Monocyte,Pro-Monocyte,SEMA4D,CD72,0.000496230616471113,0.07,15,12
3853_Dg,GSE227903,Diagnosis,cellchat,pDC,Pro-Monocyte,SEMA4D,CD72,0.00145979830969141,0.03,57,12
3853_Dg,GSE227903,Diagnosis,cellchat,Pro-Monocyte,Pro-Monocyte,SEMA4D,CD72,0.000423667793342482,0.07,12,12
3853_Dg,GSE227903,Diagnosis,cellchat,cDC,cDC,CD55,ADGRE5,0.0679336958400867,0,27,27
3853_Dg,GSE227903,Diagnosis,cellchat,Cycling Progenitor,cDC,CD55,ADGRE5,0.0390936200797612,0.19,45,27
3853_Dg,GSE227903,Diagnosis,cellchat,Early GMP,cDC,CD55,ADGRE5,0.0195480347898837,0.18,329,27
3853_Dg,GSE227903,Diagnosis,cellchat,EoBasoMast Precursor,cDC,CD55,ADGRE5,0.0478832284188081,0.15,12,27
3853_Dg,GSE227903,Diagnosis,cellchat,HSC MPP,cDC,CD55,ADGRE5,0.021801817450648,0.18,173,27
3853_Dg,GSE227903,Diagnosis,cellchat,Late GMP,cDC,CD55,ADGRE5,0.016582447043598,0.54,79,27
3853_Dg,GSE227903,Diagnosis,cellchat,LMPP,cDC,CD55,ADGRE5,0.019003855098306,0.15,349,27
3853_Dg,GSE227903,Diagnosis,cellchat,Monocyte,cDC,CD55,ADGRE5,0.0234719479858722,0.49,15,27
3853_Dg,GSE227903,Diagnosis,cellchat,pDC,cDC,CD55,ADGRE5,0.0200230406400723,0.3,57,27
3853_Dg,GSE227903,Diagnosis,cellchat,cDC,Cycling Progenitor,CD55,ADGRE5,0.0604329234757122,0,27,45
3853_Dg,GSE227903,Diagnosis,cellchat,Cycling Progenitor,Cycling Progenitor,CD55,ADGRE5,0.0346587622715193,0.28,45,45
3853_Dg,GSE227903,Diagnosis,cellchat,Early GMP,Cycling Progenitor,CD55,ADGRE5,0.0172905689868479,0.37,329,45
3853_Dg,GSE227903,Diagnosis,cellchat,EoBasoMast Precursor,Cycling Progenitor,CD55,ADGRE5,0.0424953564663422,0.24,12,45
3853_Dg,GSE227903,Diagnosis,cellchat,HSC MPP,Cycling Progenitor,CD55,ADGRE5,0.0192891986189759,0.2,173,45
3853_Dg,GSE227903,Diagnosis,cellchat,Late GMP,Cycling Progenitor,CD55,ADGRE5,0.0146623346256009,0.93,79,45
3853_Dg,GSE227903,Diagnosis,cellchat,LMPP,Cycling Progenitor,CD55,ADGRE5,0.0168081554580489,0.49,349,45
3853_Dg,GSE227903,Diagnosis,cellchat,Monocyte,Cycling Progenitor,CD55,ADGRE5,0.020770936806416,0.51,15,45
3853_Dg,GSE227903,Diagnosis,cellchat,pDC,Cycling Progenitor,CD55,ADGRE5,0.0177117106827921,0.42,57,45
3853_Dg,GSE227903,Diagnosis,cellchat,cDC,Early GMP,CD55,ADGRE5,0.0542023301024124,0,27,329
3853_Dg,GSE227903,Diagnosis,cellchat,Cycling Progenitor,Early GMP,CD55,ADGRE5,0.0309977989494272,0.32,45,329
3853_Dg,GSE227903,Diagnosis,cellchat,Early GMP,Early GMP,CD55,ADGRE5,0.0154348538609359,0.99,329,329
3853_Dg,GSE227903,Diagnosis,cellchat,EoBasoMast Precursor,Early GMP,CD55,ADGRE5,0.0380392413877675,0.31,12,329
3853_Dg,GSE227903,Diagnosis,cellchat,HSC MPP,Early GMP,CD55,ADGRE5,0.0172227393505245,0.23,173,329
3853_Dg,GSE227903,Diagnosis,cellchat,Monocyte,Early GMP,CD55,ADGRE5,0.0185487406802854,0.53,15,329
3853_Dg,GSE227903,Diagnosis,cellchat,pDC,Early GMP,CD55,ADGRE5,0.0158115236490708,0.7,57,329
3853_Dg,GSE227903,Diagnosis,cellchat,cDC,EoBasoMast Precursor,CD55,ADGRE5,0.0475321945975393,0.05,27,12
3853_Dg,GSE227903,Diagnosis,cellchat,Cycling Progenitor,EoBasoMast Precursor,CD55,ADGRE5,0.0271013872714657,0.29,45,12
3853_Dg,GSE227903,Diagnosis,cellchat,Early GMP,EoBasoMast Precursor,CD55,ADGRE5,0.0134675098403283,0.87,329,12
3853_Dg,GSE227903,Diagnosis,cellchat,EoBasoMast Precursor,EoBasoMast Precursor,CD55,ADGRE5,0.0332881291078775,0.35,12,12
3853_Dg,GSE227903,Diagnosis,cellchat,HSC MPP,EoBasoMast Precursor,CD55,ADGRE5,0.0150309884620191,0.72,173,12
3853_Dg,GSE227903,Diagnosis,cellchat,Late GMP,EoBasoMast Precursor,CD55,ADGRE5,0.0114136460780848,0.96,79,12
3853_Dg,GSE227903,Diagnosis,cellchat,LMPP,EoBasoMast Precursor,CD55,ADGRE5,0.0130903402869292,0.94,349,12
3853_Dg,GSE227903,Diagnosis,cellchat,Monocyte,EoBasoMast Precursor,CD55,ADGRE5,0.0161910240583764,0.67,15,12
3853_Dg,GSE227903,Diagnosis,cellchat,pDC,EoBasoMast Precursor,CD55,ADGRE5,0.0137968416501648,0.84,57,12
3853_Dg,GSE227903,Diagnosis,cellchat,cDC,HSC MPP,CD55,ADGRE5,0.061910605919302,0,27,173
3853_Dg,GSE227903,Diagnosis,cellchat,Cycling Progenitor,HSC MPP,CD55,ADGRE5,0.0355300568878091,0.26,45,173
3853_Dg,GSE227903,Diagnosis,cellchat,Early GMP,HSC MPP,CD55,ADGRE5,0.0177332613263542,0.18,329,173
3853_Dg,GSE227903,Diagnosis,cellchat,EoBasoMast Precursor,HSC MPP,CD55,ADGRE5,0.0435547684141215,0.22,12,173
3853_Dg,GSE227903,Diagnosis,cellchat,HSC MPP,HSC MPP,CD55,ADGRE5,0.0197820320130961,0.18,173,173
3853_Dg,GSE227903,Diagnosis,cellchat,Late GMP,HSC MPP,CD55,ADGRE5,0.0150387657703314,0.92,79,173
3853_Dg,GSE227903,Diagnosis,cellchat,LMPP,HSC MPP,CD55,ADGRE5,0.0172387131774943,0.19,349,173
3853_Dg,GSE227903,Diagnosis,cellchat,Monocyte,HSC MPP,CD55,ADGRE5,0.0213008059123969,0.5,15,173
3853_Dg,GSE227903,Diagnosis,cellchat,pDC,HSC MPP,CD55,ADGRE5,0.0181649862486228,0.33,57,173
3853_Dg,GSE227903,Diagnosis,cellchat,cDC,Late GMP,CD55,ADGRE5,0.0485509228663466,0.01,27,79
3853_Dg,GSE227903,Diagnosis,cellchat,Cycling Progenitor,Late GMP,CD55,ADGRE5,0.0276949669141138,0.33,45,79
3853_Dg,GSE227903,Diagnosis,cellchat,EoBasoMast Precursor,Late GMP,CD55,ADGRE5,0.0340124747424995,0.36,12,79
3853_Dg,GSE227903,Diagnosis,cellchat,HSC MPP,Late GMP,CD55,ADGRE5,0.0153643749762537,0.88,173,79
3853_Dg,GSE227903,Diagnosis,cellchat,Monocyte,Late GMP,CD55,ADGRE5,0.0165497077853723,0.62,15,79
3853_Dg,GSE227903,Diagnosis,cellchat,pDC,Late GMP,CD55,ADGRE5,0.0141032467984541,0.91,57,79
3853_Dg,GSE227903,Diagnosis,cellchat,cDC,LMPP,CD55,ADGRE5,0.0591649130321603,0,27,349
3853_Dg,GSE227903,Diagnosis,cellchat,Cycling Progenitor,LMPP,CD55,ADGRE5,0.0339120290985387,0.3,45,349
3853_Dg,GSE227903,Diagnosis,cellchat,Early GMP,LMPP,CD55,ADGRE5,0.0169114830884516,0.39,329,349
3853_Dg,GSE227903,Diagnosis,cellchat,EoBasoMast Precursor,LMPP,CD55,ADGRE5,0.0415870553068819,0.25,12,349
3853_Dg,GSE227903,Diagnosis,cellchat,HSC MPP,LMPP,CD55,ADGRE5,0.0188671351835833,0.18,173,349
3853_Dg,GSE227903,Diagnosis,cellchat,Late GMP,LMPP,CD55,ADGRE5,0.0143400304241066,0.96,79,349
3853_Dg,GSE227903,Diagnosis,cellchat,LMPP,LMPP,CD55,ADGRE5,0.016439469268432,0.5,349,349
3853_Dg,GSE227903,Diagnosis,cellchat,Monocyte,LMPP,CD55,ADGRE5,0.020317123398614,0.51,15,349
3853_Dg,GSE227903,Diagnosis,cellchat,pDC,LMPP,CD55,ADGRE5,0.0173235542598456,0.38,57,349
3853_Dg,GSE227903,Diagnosis,cellchat,cDC,Monocyte,CD55,ADGRE5,0.0677421301111866,0,27,15
3853_Dg,GSE227903,Diagnosis,cellchat,Cycling Progenitor,Monocyte,CD55,ADGRE5,0.0389799791340547,0.25,45,15
3853_Dg,GSE227903,Diagnosis,cellchat,Early GMP,Monocyte,CD55,ADGRE5,0.0194900583397158,0.21,329,15
3853_Dg,GSE227903,Diagnosis,cellchat,EoBasoMast Precursor,Monocyte,CD55,ADGRE5,0.0477453065726901,0.15,12,15
3853_Dg,GSE227903,Diagnosis,cellchat,HSC MPP,Monocyte,CD55,ADGRE5,0.0217373048265904,0.19,173,15
3853_Dg,GSE227903,Diagnosis,cellchat,Late GMP,Monocyte,CD55,ADGRE5,0.0165331177524663,0.65,79,15
3853_Dg,GSE227903,Diagnosis,cellchat,LMPP,Monocyte,CD55,ADGRE5,0.0189474614109909,0.22,349,15
3853_Dg,GSE227903,Diagnosis,cellchat,Monocyte,Monocyte,CD55,ADGRE5,0.0234026115987386,0.49,15,15
3853_Dg,GSE227903,Diagnosis,cellchat,pDC,Monocyte,CD55,ADGRE5,0.0199636840814234,0.36,57,15
3853_Dg,GSE227903,Diagnosis,cellchat,cDC,pDC,CD55,ADGRE5,0.0575530838754081,0,27,57
3853_Dg,GSE227903,Diagnosis,cellchat,Cycling Progenitor,pDC,CD55,ADGRE5,0.0329640598034154,0.29,45,57
3853_Dg,GSE227903,Diagnosis,cellchat,Early GMP,pDC,CD55,ADGRE5,0.0164306608377115,0.6,329,57
3853_Dg,GSE227903,Diagnosis,cellchat,EoBasoMast Precursor,pDC,CD55,ADGRE5,0.0404335193984069,0.26,12,57
3853_Dg,GSE227903,Diagnosis,cellchat,HSC MPP,pDC,CD55,ADGRE5,0.0183317472404528,0.2,173,57
3853_Dg,GSE227903,Diagnosis,cellchat,Late GMP,pDC,CD55,ADGRE5,0.0139312829016946,0.98,79,57
3853_Dg,GSE227903,Diagnosis,cellchat,LMPP,pDC,CD55,ADGRE5,0.0159718491420951,0.68,349,57
3853_Dg,GSE227903,Diagnosis,cellchat,Monocyte,pDC,CD55,ADGRE5,0.0197414174045792,0.52,15,57
3853_Dg,GSE227903,Diagnosis,cellchat,pDC,pDC,CD55,ADGRE5,0.0168312167090625,0.47,57,57
3853_Dg,GSE227903,Diagnosis,cellchat,cDC,Pro-Monocyte,CD55,ADGRE5,0.0598632613407921,0,27,12
3853_Dg,GSE227903,Diagnosis,cellchat,Cycling Progenitor,Pro-Monocyte,CD55,ADGRE5,0.0343231811043233,0.24,45,12
3853_Dg,GSE227903,Diagnosis,cellchat,Early GMP,Pro-Monocyte,CD55,ADGRE5,0.0171201717955759,0.46,329,12
3853_Dg,GSE227903,Diagnosis,cellchat,EoBasoMast Precursor,Pro-Monocyte,CD55,ADGRE5,0.0420872061145879,0.23,12,12
3853_Dg,GSE227903,Diagnosis,cellchat,HSC MPP,Pro-Monocyte,CD55,ADGRE5,0.0190994878995237,0.27,173,12
3853_Dg,GSE227903,Diagnosis,cellchat,Late GMP,Pro-Monocyte,CD55,ADGRE5,0.0145174558431288,0.85,79,12
3853_Dg,GSE227903,Diagnosis,cellchat,LMPP,Pro-Monocyte,CD55,ADGRE5,0.0166424319013073,0.54,349,12
3853_Dg,GSE227903,Diagnosis,cellchat,Monocyte,Pro-Monocyte,CD55,ADGRE5,0.0205669586979673,0.55,15,12
3853_Dg,GSE227903,Diagnosis,cellchat,pDC,Pro-Monocyte,CD55,ADGRE5,0.017537237239133,0.46,57,12
3853_Dg,GSE227903,Diagnosis,cellchat,cDC,cDC,LPAR3,ADGRE5,0.0201475128791784,0,27,27
3853_Dg,GSE227903,Diagnosis,cellchat,pDC,cDC,LPAR3,ADGRE5,0.0195400677733429,0,57,27
3853_Dg,GSE227903,Diagnosis,cellchat,cDC,Cycling Progenitor,LPAR3,ADGRE5,0.0178220759583228,0,27,45
3853_Dg,GSE227903,Diagnosis,cellchat,pDC,Cycling Progenitor,LPAR3,ADGRE5,0.0172835058064974,0,57,45
3853_Dg,GSE227903,Diagnosis,cellchat,cDC,Early GMP,LPAR3,ADGRE5,0.0159102402535132,0,27,329
3853_Dg,GSE227903,Diagnosis,cellchat,pDC,Early GMP,LPAR3,ADGRE5,0.0154285368368747,0,57,329
3853_Dg,GSE227903,Diagnosis,cellchat,cDC,EoBasoMast Precursor,LPAR3,ADGRE5,0.0138831573567878,0,27,12
3853_Dg,GSE227903,Diagnosis,cellchat,pDC,EoBasoMast Precursor,LPAR3,ADGRE5,0.0134619869821542,0.01,57,12
3853_Dg,GSE227903,Diagnosis,cellchat,cDC,HSC MPP,LPAR3,ADGRE5,0.0182781234199402,0,27,173
3853_Dg,GSE227903,Diagnosis,cellchat,pDC,HSC MPP,LPAR3,ADGRE5,0.0177260205685842,0,57,173
3853_Dg,GSE227903,Diagnosis,cellchat,cDC,Late GMP,LPAR3,ADGRE5,0.0141914518502785,0,27,79
3853_Dg,GSE227903,Diagnosis,cellchat,pDC,Late GMP,LPAR3,ADGRE5,0.0137610593260701,0,57,79
3853_Dg,GSE227903,Diagnosis,cellchat,cDC,LMPP,LPAR3,ADGRE5,0.0174315437752431,0,27,349
3853_Dg,GSE227903,Diagnosis,cellchat,pDC,LMPP,LPAR3,ADGRE5,0.0169045721004788,0,57,349
3853_Dg,GSE227903,Diagnosis,cellchat,cDC,Monocyte,LPAR3,ADGRE5,0.0200877948970096,0,27,15
3853_Dg,GSE227903,Diagnosis,cellchat,pDC,Monocyte,LPAR3,ADGRE5,0.019482114482595,0,57,15
3853_Dg,GSE227903,Diagnosis,cellchat,cDC,pDC,LPAR3,ADGRE5,0.0169361900438693,0,27,57
3853_Dg,GSE227903,Diagnosis,cellchat,pDC,pDC,LPAR3,ADGRE5,0.0164239430582162,0,57,57
3853_Dg,GSE227903,Diagnosis,cellchat,cDC,Pro-Monocyte,LPAR3,ADGRE5,0.0176465348659889,0,27,12
3853_Dg,GSE227903,Diagnosis,cellchat,pDC,Pro-Monocyte,LPAR3,ADGRE5,0.0171131770101524,0,57,12
3853_Dg,GSE227903,Diagnosis,cellchat,cDC,Monocyte,LAIR1,LILRB4,0.00244756736694149,0,27,15
3853_Dg,GSE227903,Diagnosis,cellchat,Cycling Progenitor,Monocyte,LAIR1,LILRB4,0.00443294628548998,0,45,15
3853_Dg,GSE227903,Diagnosis,cellchat,Early GMP,Monocyte,LAIR1,LILRB4,0.00715029260601992,0,329,15
3853_Dg,GSE227903,Diagnosis,cellchat,EoBasoMast Precursor,Monocyte,LAIR1,LILRB4,0.00726609800488797,0,12,15
3853_Dg,GSE227903,Diagnosis,cellchat,HSC MPP,Monocyte,LAIR1,LILRB4,0.00753113084986941,0,173,15
3853_Dg,GSE227903,Diagnosis,cellchat,Late GMP,Monocyte,LAIR1,LILRB4,0.00768308218974721,0,79,15
3853_Dg,GSE227903,Diagnosis,cellchat,LMPP,Monocyte,LAIR1,LILRB4,0.00706591443216581,0,349,15
3853_Dg,GSE227903,Diagnosis,cellchat,Monocyte,Monocyte,LAIR1,LILRB4,0.00211027422136998,0,15,15
3853_Dg,GSE227903,Diagnosis,cellchat,pDC,Monocyte,LAIR1,LILRB4,0.0107435982977115,0,57,15
3853_Dg,GSE227903,Diagnosis,cellchat,Pro-Monocyte,Monocyte,LAIR1,LILRB4,0.00703712590447307,0,12,15
3853_Dg,GSE227903,Diagnosis,cellchat,cDC,Cycling Progenitor,PECAM1,CD38,0.00120589282489823,0.85,27,45
3853_Dg,GSE227903,Diagnosis,cellchat,Cycling Progenitor,Cycling Progenitor,PECAM1,CD38,0.002965409758299,0.45,45,45
3853_Dg,GSE227903,Diagnosis,cellchat,Early GMP,Cycling Progenitor,PECAM1,CD38,0.00119306969252323,0.86,329,45
3853_Dg,GSE227903,Diagnosis,cellchat,HSC MPP,Cycling Progenitor,PECAM1,CD38,0.00379605123132802,0.39,173,45
3853_Dg,GSE227903,Diagnosis,cellchat,LMPP,Cycling Progenitor,PECAM1,CD38,0.00367876091999177,0.43,349,45
3853_Dg,GSE227903,Diagnosis,cellchat,Monocyte,Cycling Progenitor,PECAM1,CD38,0.00750985246690399,0.05,15,45
3853_Dg,GSE227903,Diagnosis,cellchat,pDC,Cycling Progenitor,PECAM1,CD38,0.00439970427673619,0.24,57,45
3853_Dg,GSE227903,Diagnosis,cellchat,Pro-Monocyte,Cycling Progenitor,PECAM1,CD38,0.00243226584751107,0.67,12,45
3853_Dg,GSE227903,Diagnosis,cellchat,cDC,Early GMP,PECAM1,CD38,0.00198196818315904,0.66,27,329
3853_Dg,GSE227903,Diagnosis,cellchat,Cycling Progenitor,Early GMP,PECAM1,CD38,0.00486833642577977,0.2,45,329
3853_Dg,GSE227903,Diagnosis,cellchat,Early GMP,Early GMP,PECAM1,CD38,0.0019609086811185,0.76,329,329
3853_Dg,GSE227903,Diagnosis,cellchat,HSC MPP,Early GMP,PECAM1,CD38,0.0062286770967437,0,173,329
3853_Dg,GSE227903,Diagnosis,cellchat,LMPP,Early GMP,PECAM1,CD38,0.00603667902765501,0,349,329
3853_Dg,GSE227903,Diagnosis,cellchat,Monocyte,Early GMP,PECAM1,CD38,0.0122930280068848,0,15,329
3853_Dg,GSE227903,Diagnosis,cellchat,pDC,Early GMP,PECAM1,CD38,0.00721636728549981,0,57,329
3853_Dg,GSE227903,Diagnosis,cellchat,Pro-Monocyte,Early GMP,PECAM1,CD38,0.00399444054479318,0.55,12,329
3853_Dg,GSE227903,Diagnosis,cellchat,cDC,EoBasoMast Precursor,PECAM1,CD38,0.00250042872588648,0.42,27,12
3853_Dg,GSE227903,Diagnosis,cellchat,Cycling Progenitor,EoBasoMast Precursor,PECAM1,CD38,0.00613719533651912,0.11,45,12
3853_Dg,GSE227903,Diagnosis,cellchat,Early GMP,EoBasoMast Precursor,PECAM1,CD38,0.00247387395088224,0.48,329,12
3853_Dg,GSE227903,Diagnosis,cellchat,HSC MPP,EoBasoMast Precursor,PECAM1,CD38,0.00784929181115752,0.08,173,12
3853_Dg,GSE227903,Diagnosis,cellchat,LMPP,EoBasoMast Precursor,PECAM1,CD38,0.00760772095563681,0.11,349,12
3853_Dg,GSE227903,Diagnosis,cellchat,Monocyte,EoBasoMast Precursor,PECAM1,CD38,0.0154669444347422,0.02,15,12
3853_Dg,GSE227903,Diagnosis,cellchat,pDC,EoBasoMast Precursor,PECAM1,CD38,0.00909161414505807,0.1,57,12
3853_Dg,GSE227903,Diagnosis,cellchat,Pro-Monocyte,EoBasoMast Precursor,PECAM1,CD38,0.0050366844013481,0.26,12,12
3853_Dg,GSE227903,Diagnosis,cellchat,cDC,Late GMP,PECAM1,CD38,0.00603266377214152,0.03,27,79
3853_Dg,GSE227903,Diagnosis,cellchat,Cycling Progenitor,Late GMP,PECAM1,CD38,0.0147310449176572,0,45,79
3853_Dg,GSE227903,Diagnosis,cellchat,Early GMP,Late GMP,PECAM1,CD38,0.00596882081497824,0,329,79
3853_Dg,GSE227903,Diagnosis,cellchat,HSC MPP,Late GMP,PECAM1,CD38,0.0187952334210145,0,173,79
3853_Dg,GSE227903,Diagnosis,cellchat,LMPP,Late GMP,PECAM1,CD38,0.018222976210611,0,349,79
3853_Dg,GSE227903,Diagnosis,cellchat,Monocyte,Late GMP,PECAM1,CD38,0.0366434636430184,0,15,79
3853_Dg,GSE227903,Diagnosis,cellchat,pDC,Late GMP,PECAM1,CD38,0.0217320435269809,0,57,79
3853_Dg,GSE227903,Diagnosis,cellchat,Pro-Monocyte,Late GMP,PECAM1,CD38,0.0121082746675336,0,12,79
3853_Dg,GSE227903,Diagnosis,cellchat,cDC,Monocyte,PECAM1,CD38,0.000774661899132142,0.76,27,15
3853_Dg,GSE227903,Diagnosis,cellchat,Cycling Progenitor,Monocyte,PECAM1,CD38,0.0019061710764004,0.53,45,15
3853_Dg,GSE227903,Diagnosis,cellchat,Early GMP,Monocyte,PECAM1,CD38,0.000766420838988675,0.79,329,15
3853_Dg,GSE227903,Diagnosis,cellchat,HSC MPP,Monocyte,PECAM1,CD38,0.00244083536579325,0.46,173,15
3853_Dg,GSE227903,Diagnosis,cellchat,LMPP,Monocyte,PECAM1,CD38,0.0023653190644148,0.47,349,15
3853_Dg,GSE227903,Diagnosis,cellchat,Monocyte,Monocyte,PECAM1,CD38,0.00483521975296636,0.22,15,15
3853_Dg,GSE227903,Diagnosis,cellchat,pDC,Monocyte,PECAM1,CD38,0.00282959233088583,0.37,57,15
3853_Dg,GSE227903,Diagnosis,cellchat,Pro-Monocyte,Monocyte,PECAM1,CD38,0.00156316657699781,0.7,12,15
3853_Dg,GSE227903,Diagnosis,cellchat,cDC,pDC,PECAM1,CD38,0.00182742941387564,0.71,27,57
3853_Dg,GSE227903,Diagnosis,cellchat,Cycling Progenitor,pDC,PECAM1,CD38,0.00448975312230425,0.34,45,57
3853_Dg,GSE227903,Diagnosis,cellchat,Early GMP,pDC,PECAM1,CD38,0.00180800899650192,0.85,329,57
3853_Dg,GSE227903,Diagnosis,cellchat,HSC MPP,pDC,PECAM1,CD38,0.00574491841093205,0.02,173,57
3853_Dg,GSE227903,Diagnosis,cellchat,LMPP,pDC,PECAM1,CD38,0.00556774858776259,0.02,349,57
3853_Dg,GSE227903,Diagnosis,cellchat,Monocyte,pDC,PECAM1,CD38,0.0113436495538338,0.01,15,57
3853_Dg,GSE227903,Diagnosis,cellchat,pDC,pDC,PECAM1,CD38,0.00665641211241955,0,57,57
3853_Dg,GSE227903,Diagnosis,cellchat,Pro-Monocyte,pDC,PECAM1,CD38,0.00368356368551411,0.53,12,57
