sample,dataset,timepoint,engine,sender_bin,receiver_bin,ligand,receptor,prob,pval,n_sender,n_receiver
40389_Dg,GSE227903,Diagnosis,cellchat,B,Cycling Progenitor,TGFB1,TGFbR1_R2,0.000360588750393788,0.48,17,24
40389_Dg,GSE227903,Diagnosis,cellchat,CD4 Memory T,Cycling Progenitor,TGFB1,TGFbR1_R2,0.00260415156857061,0.24,21,24
40389_Dg,GSE227903,Diagnosis,cellchat,CD8 Memory T,Cycling Progenitor,TGFB1,TGFbR1_R2,0.00220193724412345,0.31,358,24
40389_Dg,GSE227903,Diagnosis,cellchat,cDC,Cycling Progenitor,TGFB1,TGFbR1_R2,0.000847173447302405,0.49,196,24
40389_Dg,GSE227903,Diagnosis,cellchat,Cycling Progenitor,Cycling Progenitor,TGFB1,TGFbR1_R2,0.000802359593492707,0.47,24,24
40389_Dg,GSE227903,Diagnosis,cellchat,Early Erythroid,Cycling Progenitor,TGFB1,TGFbR1_R2,0.00110144120353233,0.44,48,24
40389_Dg,GSE227903,Diagnosis,cellchat,Early GMP,Cycling Progenitor,TGFB1,TGFbR1_R2,0.00080762111257835,0.48,138,24
40389_Dg,GSE227903,Diagnosis,cellchat,EoBasoMast Precursor,Cycling Progenitor,TGFB1,TGFbR1_R2,0.000944606684369649,0.47,24,24
40389_Dg,GSE227903,Diagnosis,cellchat,HSC MPP,Cycling Progenitor,TGFB1,TGFbR1_R2,0.0013900338607188,0.41,54,24
40389_Dg,GSE227903,Diagnosis,cellchat,Late GMP,Cycling Progenitor,TGFB1,TGFbR1_R2,0.000257063025318224,0.51,158,24
40389_Dg,GSE227903,Diagnosis,cellchat,LMPP,Cycling Progenitor,TGFB1,TGFbR1_R2,0.00138760730164983,0.42,33,24
40389_Dg,GSE227903,Diagnosis,cellchat,MEP,Cycling Progenitor,TGFB1,TGFbR1_R2,0.00166989837361873,0.34,27,24
40389_Dg,GSE227903,Diagnosis,cellchat,Monocyte,Cycling Progenitor,TGFB1,TGFbR1_R2,0.000335702668401363,0.51,631,24
40389_Dg,GSE227903,Diagnosis,cellchat,NK,Cycling Progenitor,TGFB1,TGFbR1_R2,0.00139125744836059,0.41,22,24
40389_Dg,GSE227903,Diagnosis,cellchat,pDC,Cycling Progenitor,TGFB1,TGFbR1_R2,0.00212033416372004,0.34,544,24
40389_Dg,GSE227903,Diagnosis,cellchat,Pre-B,Cycling Progenitor,TGFB1,TGFbR1_R2,0.000176122388830922,0.51,140,24
40389_Dg,GSE227903,Diagnosis,cellchat,Pro-B,Cycling Progenitor,TGFB1,TGFbR1_R2,0.000244467569090498,0.51,87,24
40389_Dg,GSE227903,Diagnosis,cellchat,Pro-Monocyte,Cycling Progenitor,TGFB1,TGFbR1_R2,0.000315787548909175,0.51,110,24
40389_Dg,GSE227903,Diagnosis,cellchat,B,LMPP,TGFB1,TGFbR1_R2,0.000917867484659894,0.36,17,33
40389_Dg,GSE227903,Diagnosis,cellchat,CD4 Memory T,LMPP,TGFB1,TGFbR1_R2,0.00660587389645195,0.08,21,33
40389_Dg,GSE227903,Diagnosis,cellchat,CD8 Memory T,LMPP,TGFB1,TGFbR1_R2,0.00558905222154869,0.09,358,33
40389_Dg,GSE227903,Diagnosis,cellchat,cDC,LMPP,TGFB1,TGFbR1_R2,0.00215483272277545,0.38,196,33
40389_Dg,GSE227903,Diagnosis,cellchat,Cycling Progenitor,LMPP,TGFB1,TGFbR1_R2,0.00204098749651569,0.28,24,33
40389_Dg,GSE227903,Diagnosis,cellchat,Early Erythroid,LMPP,TGFB1,TGFbR1_R2,0.00280047683202509,0.33,48,33
40389_Dg,GSE227903,Diagnosis,cellchat,Early GMP,LMPP,TGFB1,TGFbR1_R2,0.00205435468953094,0.37,138,33
40389_Dg,GSE227903,Diagnosis,cellchat,EoBasoMast Precursor,LMPP,TGFB1,TGFbR1_R2,0.00240241921654781,0.32,24,33
40389_Dg,GSE227903,Diagnosis,cellchat,HSC MPP,LMPP,TGFB1,TGFbR1_R2,0.00353266568478276,0.24,54,33
40389_Dg,GSE227903,Diagnosis,cellchat,Late GMP,LMPP,TGFB1,TGFbR1_R2,0.000654450708260962,0.38,158,33
40389_Dg,GSE227903,Diagnosis,cellchat,LMPP,LMPP,TGFB1,TGFbR1_R2,0.00352651197762945,0.2,33,33
40389_Dg,GSE227903,Diagnosis,cellchat,MEP,LMPP,TGFB1,TGFbR1_R2,0.00424259793865587,0.19,27,33
40389_Dg,GSE227903,Diagnosis,cellchat,Monocyte,LMPP,TGFB1,TGFbR1_R2,0.000854581660007009,0.38,631,33
40389_Dg,GSE227903,Diagnosis,cellchat,NK,LMPP,TGFB1,TGFbR1_R2,0.00353576866203837,0.22,22,33
40389_Dg,GSE227903,Diagnosis,cellchat,pDC,LMPP,TGFB1,TGFbR1_R2,0.0053826009022464,0.1,544,33
40389_Dg,GSE227903,Diagnosis,cellchat,Pre-B,LMPP,TGFB1,TGFbR1_R2,0.000448441971492592,0.38,140,33
40389_Dg,GSE227903,Diagnosis,cellchat,Pro-B,LMPP,TGFB1,TGFbR1_R2,0.000622396354390455,0.38,87,33
40389_Dg,GSE227903,Diagnosis,cellchat,Pro-Monocyte,LMPP,TGFB1,TGFbR1_R2,0.000803883095302208,0.38,110,33
40389_Dg,GSE227903,Diagnosis,cellchat,B,pDC,TGFB1,TGFbR1_R2,0.00260578907113663,0.46,17,544
40389_Dg,GSE227903,Diagnosis,cellchat,CD4 Memory T,pDC,TGFB1,TGFbR1_R2,0.0185595007039001,0,21,544
40389_Dg,GSE227903,Diagnosis,cellchat,CD8 Memory T,pDC,TGFB1,TGFbR1_R2,0.0157318331588235,0,358,544
40389_Dg,GSE227903,Diagnosis,cellchat,cDC,pDC,TGFB1,TGFbR1_R2,0.00610358713369332,0,196,544
40389_Dg,GSE227903,Diagnosis,cellchat,Cycling Progenitor,pDC,TGFB1,TGFbR1_R2,0.00578232822105866,0.02,24,544
40389_Dg,GSE227903,Diagnosis,cellchat,Early Erythroid,pDC,TGFB1,TGFbR1_R2,0.00792298677445303,0,48,544
40389_Dg,GSE227903,Diagnosis,cellchat,Early GMP,pDC,TGFB1,TGFbR1_R2,0.00582005595537294,0,138,544
40389_Dg,GSE227903,Diagnosis,cellchat,EoBasoMast Precursor,pDC,TGFB1,TGFbR1_R2,0.00680282353590368,0.01,24,544
40389_Dg,GSE227903,Diagnosis,cellchat,HSC MPP,pDC,TGFB1,TGFbR1_R2,0.00998105845557351,0,54,544
40389_Dg,GSE227903,Diagnosis,cellchat,Late GMP,pDC,TGFB1,TGFbR1_R2,0.00185886066387467,0.75,158,544
40389_Dg,GSE227903,Diagnosis,cellchat,LMPP,pDC,TGFB1,TGFbR1_R2,0.0099637843242358,0,33,544
40389_Dg,GSE227903,Diagnosis,cellchat,MEP,pDC,TGFB1,TGFbR1_R2,0.0119756451772647,0,27,544
40389_Dg,GSE227903,Diagnosis,cellchat,Monocyte,pDC,TGFB1,TGFbR1_R2,0.00242664718483159,0.7,631,544
40389_Dg,GSE227903,Diagnosis,cellchat,NK,pDC,TGFB1,TGFbR1_R2,0.00998976870557746,0,22,544
40389_Dg,GSE227903,Diagnosis,cellchat,pDC,pDC,TGFB1,TGFbR1_R2,0.0151564329339855,0,544,544
40389_Dg,GSE227903,Diagnosis,cellchat,Pre-B,pDC,TGFB1,TGFbR1_R2,0.00127420979606591,0.8,140,544
40389_Dg,GSE227903,Diagnosis,cellchat,Pro-B,pDC,TGFB1,TGFbR1_R2,0.00176791985088063,0.69,87,544
40389_Dg,GSE227903,Diagnosis,cellchat,Pro-Monocyte,pDC,TGFB1,TGFbR1_R2,0.0022826708659713,0.66,110,544
40389_Dg,GSE227903,Diagnosis,cellchat,B,EoBasoMast Precursor,TGFB1,ACVR1B_TGFbR2,0.00201251448635862,0,17,24
40389_Dg,GSE227903,Diagnosis,cellchat,CD4 Memory T,EoBasoMast Precursor,TGFB1,ACVR1B_TGFbR2,0.0143925190521959,0,21,24
40389_Dg,GSE227903,Diagnosis,cellchat,CD8 Memory T,EoBasoMast Precursor,TGFB1,ACVR1B_TGFbR2,0.0121908917580169,0,358,24
40389_Dg,GSE227903,Diagnosis,cellchat,cDC,EoBasoMast Precursor,TGFB1,ACVR1B_TGFbR2,0.00471815846578682,0,196,24
40389_Dg,GSE227903,Diagnosis,cellchat,Cycling Progenitor,EoBasoMast Precursor,TGFB1,ACVR1B_TGFbR2,0.0044694542748208,0,24,24
40389_Dg,GSE227903,Diagnosis,cellchat,Early Erythroid,EoBasoMast Precursor,TGFB1,ACVR1B_TGFbR2,0.00612742583795186,0,48,24
40389_Dg,GSE227903,Diagnosis,cellchat,Early GMP,EoBasoMast Precursor,TGFB1,ACVR1B_TGFbR2,0.00449865927482057,0,138,24
40389_Dg,GSE227903,Diagnosis,cellchat,EoBasoMast Precursor,EoBasoMast Precursor,TGFB1,ACVR1B_TGFbR2,0.00525930090219206,0,24,24
40389_Dg,GSE227903,Diagnosis,cellchat,HSC MPP,EoBasoMast Precursor,TGFB1,ACVR1B_TGFbR2,0.00772314288979635,0,54,24
40389_Dg,GSE227903,Diagnosis,cellchat,Late GMP,EoBasoMast Precursor,TGFB1,ACVR1B_TGFbR2,0.00143537000372245,0,158,24
40389_Dg,GSE227903,Diagnosis,cellchat,LMPP,EoBasoMast Precursor,TGFB1,ACVR1B_TGFbR2,0.00770974248160473,0,33,24
40389_Dg,GSE227903,Diagnosis,cellchat,MEP,EoBasoMast Precursor,TGFB1,ACVR1B_TGFbR2,0.00926991439109995,0,27,24
40389_Dg,GSE227903,Diagnosis,cellchat,Monocyte,EoBasoMast Precursor,TGFB1,ACVR1B_TGFbR2,0.00187399987022291,0,631,24
40389_Dg,GSE227903,Diagnosis,cellchat,NK,EoBasoMast Precursor,TGFB1,ACVR1B_TGFbR2,0.00772989991150918,0,22,24
40389_Dg,GSE227903,Diagnosis,cellchat,pDC,EoBasoMast Precursor,TGFB1,ACVR1B_TGFbR2,0.0117432741583164,0,544,24
40389_Dg,GSE227903,Diagnosis,cellchat,Pre-B,EoBasoMast Precursor,TGFB1,ACVR1B_TGFbR2,0.000983769207942092,0,140,24
40389_Dg,GSE227903,Diagnosis,cellchat,Pro-B,EoBasoMast Precursor,TGFB1,ACVR1B_TGFbR2,0.00136511591505702,0,87,24
40389_Dg,GSE227903,Diagnosis,cellchat,Pro-Monocyte,EoBasoMast Precursor,TGFB1,ACVR1B_TGFbR2,0.00176281713398229,0,110,24
40389_Dg,GSE227903,Diagnosis,cellchat,CD4 Memory T,cDC,CCL5,CCR1,0.00756386791305201,0,21,196
40389_Dg,GSE227903,Diagnosis,cellchat,CD8 Memory T,cDC,CCL5,CCR1,0.0224254583603212,0,358,196
40389_Dg,GSE227903,Diagnosis,cellchat,NK,cDC,CCL5,CCR1,0.0134361234429288,0,22,196
40389_Dg,GSE227903,Diagnosis,cellchat,CD4 Memory T,Monocyte,CCL5,CCR1,0.0160755865998943,0,21,631
40389_Dg,GSE227903,Diagnosis,cellchat,CD8 Memory T,Monocyte,CCL5,CCR1,0.046871270930296,0,358,631
40389_Dg,GSE227903,Diagnosis,cellchat,NK,Monocyte,CCL5,CCR1,0.0283670855226333,0,22,631
40389_Dg,GSE227903,Diagnosis,cellchat,cDC,cDC,CCL3,CCR1,0.00161864187883786,0,196,196
40389_Dg,GSE227903,Diagnosis,cellchat,Late GMP,cDC,CCL3,CCR1,0.00055877822852426,0,158,196
40389_Dg,GSE227903,Diagnosis,cellchat,Monocyte,cDC,CCL3,CCR1,0.0115328558222861,0,631,196
40389_Dg,GSE227903,Diagnosis,cellchat,Pre-B,cDC,CCL3,CCR1,0.000636648730392021,0,140,196
40389_Dg,GSE227903,Diagnosis,cellchat,Pro-Monocyte,cDC,CCL3,CCR1,0.010338836487465,0,110,196
40389_Dg,GSE227903,Diagnosis,cellchat,cDC,Monocyte,CCL3,CCR1,0.00346346862107524,0,196,631
40389_Dg,GSE227903,Diagnosis,cellchat,Late GMP,Monocyte,CCL3,CCR1,0.00119708707835337,0,158,631
40389_Dg,GSE227903,Diagnosis,cellchat,Monocyte,Monocyte,CCL3,CCR1,0.0244011134682606,0,631,631
40389_Dg,GSE227903,Diagnosis,cellchat,Pre-B,Monocyte,CCL3,CCR1,0.00136378996896132,0,140,631
40389_Dg,GSE227903,Diagnosis,cellchat,Pro-Monocyte,Monocyte,CCL3,CCR1,0.0219043411275773,0,110,631
40389_Dg,GSE227903,Diagnosis,cellchat,Monocyte,cDC,CCL3L1,CCR1,0.00215172642447638,0,631,196
40389_Dg,GSE227903,Diagnosis,cellchat,Pro-Monocyte,cDC,CCL3L1,CCR1,0.00189208977816614,0,110,196
40389_Dg,GSE227903,Diagnosis,cellchat,Monocyte,Monocyte,CCL3L1,CCR1,0.00460132938738179,0,631,631
40389_Dg,GSE227903,Diagnosis,cellchat,Pro-Monocyte,Monocyte,CCL3L1,CCR1,0.00404731190219922,0,110,631
40389_Dg,GSE227903,Diagnosis,cellchat,B,cDC,CCL4,CCR5,0.00154687343851201,0,17,196
40389_Dg,GSE227903,Diagnosis,cellchat,CD8 Memory T,cDC,CCL4,CCR5,0.00450064765248396,0,358,196
40389_Dg,GSE227903,Diagnosis,cellchat,Monocyte,cDC,CCL4,CCR5,0.00123120923771837,0,631,196
40389_Dg,GSE227903,Diagnosis,cellchat,NK,cDC,CCL4,CCR5,0.00161650773618596,0,22,196
40389_Dg,GSE227903,Diagnosis,cellchat,Pre-B,cDC,CCL4,CCR5,0.000440319254699461,0,140,196
40389_Dg,GSE227903,Diagnosis,cellchat,Pro-Monocyte,cDC,CCL4,CCR5,0.000921919324588043,0,110,196
40389_Dg,GSE227903,Diagnosis,cellchat,CD4 Memory T,cDC,CCL5,CCR5,0.00398205144600038,0,21,196
40389_Dg,GSE227903,Diagnosis,cellchat,CD8 Memory T,cDC,CCL5,CCR5,0.0118903575977896,0,358,196
40389_Dg,GSE227903,Diagnosis,cellchat,NK,cDC,CCL5,CCR5,0.0070934171224854,0,22,196
40389_Dg,GSE227903,Diagnosis,cellchat,cDC,cDC,CCL3,CCR5,0.000849734889746444,0,196,196
40389_Dg,GSE227903,Diagnosis,cellchat,Late GMP,cDC,CCL3,CCR5,0.000293192732597788,0,158,196
40389_Dg,GSE227903,Diagnosis,cellchat,Monocyte,cDC,CCL3,CCR5,0.00608307322771689,0,631,196
40389_Dg,GSE227903,Diagnosis,cellchat,Pre-B,cDC,CCL3,CCR5,0.000334064006384242,0,140,196
40389_Dg,GSE227903,Diagnosis,cellchat,Pro-Monocyte,cDC,CCL3,CCR5,0.00545016963511957,0,110,196
40389_Dg,GSE227903,Diagnosis,cellchat,B,B,MIF,CD74_CXCR4,0.0570483859962433,0.63,17,17
40389_Dg,GSE227903,Diagnosis,cellchat,CD4 Memory T,B,MIF,CD74_CXCR4,0.0898718945306018,0.11,21,17
40389_Dg,GSE227903,Diagnosis,cellchat,CD8 Memory T,B,MIF,CD74_CXCR4,0.0712086774408946,0.37,358,17
40389_Dg,GSE227903,Diagnosis,cellchat,cDC,B,MIF,CD74_CXCR4,0.0992801380745487,0.01,196,17
40389_Dg,GSE227903,Diagnosis,cellchat,Cycling Progenitor,B,MIF,CD74_CXCR4,0.120366811796099,0,24,17
40389_Dg,GSE227903,Diagnosis,cellchat,Early Erythroid,B,MIF,CD74_CXCR4,0.141038071478749,0,48,17
40389_Dg,GSE227903,Diagnosis,cellchat,Early GMP,B,MIF,CD74_CXCR4,0.128128040621264,0,138,17
40389_Dg,GSE227903,Diagnosis,cellchat,EoBasoMast Precursor,B,MIF,CD74_CXCR4,0.120147046766578,0.02,24,17
40389_Dg,GSE227903,Diagnosis,cellchat,HSC MPP,B,MIF,CD74_CXCR4,0.103425230404198,0.04,54,17
40389_Dg,GSE227903,Diagnosis,cellchat,Late GMP,B,MIF,CD74_CXCR4,0.130184342876297,0,158,17
40389_Dg,GSE227903,Diagnosis,cellchat,LMPP,B,MIF,CD74_CXCR4,0.114426891576283,0,33,17
40389_Dg,GSE227903,Diagnosis,cellchat,MEP,B,MIF,CD74_CXCR4,0.123582662042167,0,27,17
40389_Dg,GSE227903,Diagnosis,cellchat,Monocyte,B,MIF,CD74_CXCR4,0.0548295873221514,0.64,631,17
40389_Dg,GSE227903,Diagnosis,cellchat,NK,B,MIF,CD74_CXCR4,0.0919755685685917,0.11,22,17
40389_Dg,GSE227903,Diagnosis,cellchat,pDC,B,MIF,CD74_CXCR4,0.0697407956859584,0.38,544,17
40389_Dg,GSE227903,Diagnosis,cellchat,Plasma Cell,B,MIF,CD74_CXCR4,0.0419403438607236,0.83,30,17
40389_Dg,GSE227903,Diagnosis,cellchat,Pre-B,B,MIF,CD74_CXCR4,0.074827058539311,0.35,140,17
40389_Dg,GSE227903,Diagnosis,cellchat,Pro-B,B,MIF,CD74_CXCR4,0.0847464776550403,0.18,87,17
40389_Dg,GSE227903,Diagnosis,cellchat,Pro-Monocyte,B,MIF,CD74_CXCR4,0.0744892942785648,0.37,110,17
40389_Dg,GSE227903,Diagnosis,cellchat,B,CD4 Memory T,MIF,CD74_CXCR4,0.0480320602208745,0.84,17,21
40389_Dg,GSE227903,Diagnosis,cellchat,CD4 Memory T,CD4 Memory T,MIF,CD74_CXCR4,0.0760865025588342,0.3,21,21
40389_Dg,GSE227903,Diagnosis,cellchat,CD8 Memory T,CD4 Memory T,MIF,CD74_CXCR4,0.0600969937783668,0.58,358,21
40389_Dg,GSE227903,Diagnosis,cellchat,cDC,CD4 Memory T,MIF,CD74_CXCR4,0.0841851079363131,0.1,196,21
40389_Dg,GSE227903,Diagnosis,cellchat,Cycling Progenitor,CD4 Memory T,MIF,CD74_CXCR4,0.102430263595289,0.05,24,21
40389_Dg,GSE227903,Diagnosis,cellchat,Early Erythroid,CD4 Memory T,MIF,CD74_CXCR4,0.120442953515813,0,48,21
40389_Dg,GSE227903,Diagnosis,cellchat,Early GMP,CD4 Memory T,MIF,CD74_CXCR4,0.109178495564352,0,138,21
40389_Dg,GSE227903,Diagnosis,cellchat,EoBasoMast Precursor,CD4 Memory T,MIF,CD74_CXCR4,0.102239440672045,0.07,24,21
40389_Dg,GSE227903,Diagnosis,cellchat,HSC MPP,CD4 Memory T,MIF,CD74_CXCR4,0.0877613676970868,0.12,54,21
40389_Dg,GSE227903,Diagnosis,cellchat,Late GMP,CD4 Memory T,MIF,CD74_CXCR4,0.110969387443842,0.01,158,21
40389_Dg,GSE227903,Diagnosis,cellchat,LMPP,CD4 Memory T,MIF,CD74_CXCR4,0.0972775981564634,0.05,33,21
40389_Dg,GSE227903,Diagnosis,cellchat,MEP,CD4 Memory T,MIF,CD74_CXCR4,0.105224226308654,0.03,27,21
40389_Dg,GSE227903,Diagnosis,cellchat,Monocyte,CD4 Memory T,MIF,CD74_CXCR4,0.0461467744691806,0.86,631,21
40389_Dg,GSE227903,Diagnosis,cellchat,NK,CD4 Memory T,MIF,CD74_CXCR4,0.0778951127007946,0.25,22,21
40389_Dg,GSE227903,Diagnosis,cellchat,pDC,CD4 Memory T,MIF,CD74_CXCR4,0.0588436543573781,0.57,544,21
40389_Dg,GSE227903,Diagnosis,cellchat,Plasma Cell,CD4 Memory T,MIF,CD74_CXCR4,0.0352226065684203,0.96,30,21
40389_Dg,GSE227903,Diagnosis,cellchat,Pre-B,CD4 Memory T,MIF,CD74_CXCR4,0.0631891620405266,0.53,140,21
40389_Dg,GSE227903,Diagnosis,cellchat,Pro-B,CD4 Memory T,MIF,CD74_CXCR4,0.0716853470320555,0.4,87,21
40389_Dg,GSE227903,Diagnosis,cellchat,Pro-Monocyte,CD4 Memory T,MIF,CD74_CXCR4,0.0629003588797568,0.56,110,21
40389_Dg,GSE227903,Diagnosis,cellchat,CD4 Memory T,CD8 Memory T,MIF,CD74_CXCR4,0.0520926909080107,0.9,21,358
40389_Dg,GSE227903,Diagnosis,cellchat,cDC,CD8 Memory T,MIF,CD74_CXCR4,0.057797171545264,0.96,196,358
40389_Dg,GSE227903,Diagnosis,cellchat,Cycling Progenitor,CD8 Memory T,MIF,CD74_CXCR4,0.0707652646579463,0.58,24,358
40389_Dg,GSE227903,Diagnosis,cellchat,Early Erythroid,CD8 Memory T,MIF,CD74_CXCR4,0.0837290056128812,0.12,48,358
40389_Dg,GSE227903,Diagnosis,cellchat,Early GMP,CD8 Memory T,MIF,CD74_CXCR4,0.0756030839653219,0.27,138,358
40389_Dg,GSE227903,Diagnosis,cellchat,EoBasoMast Precursor,CD8 Memory T,MIF,CD74_CXCR4,0.0706287902929568,0.5,24,358
40389_Dg,GSE227903,Diagnosis,cellchat,HSC MPP,CD8 Memory T,MIF,CD74_CXCR4,0.0603262889216997,0.81,54,358
40389_Dg,GSE227903,Diagnosis,cellchat,Late GMP,CD8 Memory T,MIF,CD74_CXCR4,0.0768907645673799,0.28,158,358
40389_Dg,GSE227903,Diagnosis,cellchat,LMPP,CD8 Memory T,MIF,CD74_CXCR4,0.0670864239560552,0.56,33,358
40389_Dg,GSE227903,Diagnosis,cellchat,MEP,CD8 Memory T,MIF,CD74_CXCR4,0.0727655308823311,0.45,27,358
40389_Dg,GSE227903,Diagnosis,cellchat,NK,CD8 Memory T,MIF,CD74_CXCR4,0.0533638996503758,0.86,22,358
40389_Dg,GSE227903,Diagnosis,cellchat,B,cDC,MIF,CD74_CXCR4,0.0611215587046413,0.76,17,196
40389_Dg,GSE227903,Diagnosis,cellchat,CD4 Memory T,cDC,MIF,CD74_CXCR4,0.0960499022887119,0.05,21,196
40389_Dg,GSE227903,Diagnosis,cellchat,CD8 Memory T,cDC,MIF,CD74_CXCR4,0.0762111616534424,0.17,358,196
40389_Dg,GSE227903,Diagnosis,cellchat,cDC,cDC,MIF,CD74_CXCR4,0.106029545340668,0,196,196
40389_Dg,GSE227903,Diagnosis,cellchat,Cycling Progenitor,cDC,MIF,CD74_CXCR4,0.128345495204564,0,24,196
40389_Dg,GSE227903,Diagnosis,cellchat,Early Erythroid,cDC,MIF,CD74_CXCR4,0.150153081725889,0,48,196
40389_Dg,GSE227903,Diagnosis,cellchat,Early GMP,cDC,MIF,CD74_CXCR4,0.136541330171555,0,138,196
40389_Dg,GSE227903,Diagnosis,cellchat,EoBasoMast Precursor,cDC,MIF,CD74_CXCR4,0.12811328440015,0,24,196
40389_Dg,GSE227903,Diagnosis,cellchat,HSC MPP,cDC,MIF,CD74_CXCR4,0.110421888979214,0,54,196
40389_Dg,GSE227903,Diagnosis,cellchat,Late GMP,cDC,MIF,CD74_CXCR4,0.138711174055402,0,158,196
40389_Dg,GSE227903,Diagnosis,cellchat,LMPP,cDC,MIF,CD74_CXCR4,0.122066477660417,0,33,196
40389_Dg,GSE227903,Diagnosis,cellchat,MEP,cDC,MIF,CD74_CXCR4,0.131742586580489,0,27,196
40389_Dg,GSE227903,Diagnosis,cellchat,Monocyte,cDC,MIF,CD74_CXCR4,0.0587542119011571,0.84,631,196
40389_Dg,GSE227903,Diagnosis,cellchat,NK,cDC,MIF,CD74_CXCR4,0.0982825716245533,0.02,22,196
40389_Dg,GSE227903,Diagnosis,cellchat,pDC,cDC,MIF,CD74_CXCR4,0.0746484476052997,0.22,544,196
40389_Dg,GSE227903,Diagnosis,cellchat,Plasma Cell,cDC,MIF,CD74_CXCR4,0.0449862862946645,0.98,30,196
40389_Dg,GSE227903,Diagnosis,cellchat,Pre-B,cDC,MIF,CD74_CXCR4,0.0800618261974623,0.1,140,196
40389_Dg,GSE227903,Diagnosis,cellchat,Pro-B,cDC,MIF,CD74_CXCR4,0.0906072283916644,0.01,87,196
40389_Dg,GSE227903,Diagnosis,cellchat,Pro-Monocyte,cDC,MIF,CD74_CXCR4,0.0797024681924233,0.15,110,196
40389_Dg,GSE227903,Diagnosis,cellchat,B,Cycling Progenitor,MIF,CD74_CXCR4,0.0336190784411137,0.97,17,24
40389_Dg,GSE227903,Diagnosis,cellchat,CD4 Memory T,Cycling Progenitor,MIF,CD74_CXCR4,0.0537303635464229,0.69,21,24
40389_Dg,GSE227903,Diagnosis,cellchat,CD8 Memory T,Cycling Progenitor,MIF,CD74_CXCR4,0.0422242654952943,0.91,358,24
40389_Dg,GSE227903,Diagnosis,cellchat,cDC,Cycling Progenitor,MIF,CD74_CXCR4,0.0596029034082808,0.62,196,24
40389_Dg,GSE227903,Diagnosis,cellchat,Cycling Progenitor,Cycling Progenitor,MIF,CD74_CXCR4,0.0729447860315034,0.37,24,24
40389_Dg,GSE227903,Diagnosis,cellchat,Early Erythroid,Cycling Progenitor,MIF,CD74_CXCR4,0.0862707323983456,0.1,48,24
40389_Dg,GSE227903,Diagnosis,cellchat,Early GMP,Cycling Progenitor,MIF,CD74_CXCR4,0.0779191126173241,0.2,138,24
40389_Dg,GSE227903,Diagnosis,cellchat,EoBasoMast Precursor,Cycling Progenitor,MIF,CD74_CXCR4,0.0728044376749874,0.39,24,24
40389_Dg,GSE227903,Diagnosis,cellchat,HSC MPP,Cycling Progenitor,MIF,CD74_CXCR4,0.062205820120549,0.55,54,24
40389_Dg,GSE227903,Diagnosis,cellchat,Late GMP,Cycling Progenitor,MIF,CD74_CXCR4,0.0792428585537307,0.26,158,24
40389_Dg,GSE227903,Diagnosis,cellchat,LMPP,Cycling Progenitor,MIF,CD74_CXCR4,0.0691610726914891,0.43,33,24
40389_Dg,GSE227903,Diagnosis,cellchat,MEP,Cycling Progenitor,MIF,CD74_CXCR4,0.0750016865814015,0.35,27,24
40389_Dg,GSE227903,Diagnosis,cellchat,Monocyte,Cycling Progenitor,MIF,CD74_CXCR4,0.0322803274916027,0.99,631,24
40389_Dg,GSE227903,Diagnosis,cellchat,NK,Cycling Progenitor,MIF,CD74_CXCR4,0.0550392156680886,0.64,22,24
40389_Dg,GSE227903,Diagnosis,cellchat,pDC,Cycling Progenitor,MIF,CD74_CXCR4,0.041327277458213,0.94,544,24
40389_Dg,GSE227903,Diagnosis,cellchat,Plasma Cell,Cycling Progenitor,MIF,CD74_CXCR4,0.0245542160967315,0.99,30,24
40389_Dg,GSE227903,Diagnosis,cellchat,Pre-B,Cycling Progenitor,MIF,CD74_CXCR4,0.044440309543702,0.89,140,24
40389_Dg,GSE227903,Diagnosis,cellchat,Pro-B,Cycling Progenitor,MIF,CD74_CXCR4,0.0505516234215012,0.81,87,24
40389_Dg,GSE227903,Diagnosis,cellchat,Pro-Monocyte,Cycling Progenitor,MIF,CD74_CXCR4,0.0442331511130251,0.87,110,24
40389_Dg,GSE227903,Diagnosis,cellchat,CD4 Memory T,Early GMP,MIF,CD74_CXCR4,0.039560529224101,0.99,21,138
40389_Dg,GSE227903,Diagnosis,cellchat,cDC,Early GMP,MIF,CD74_CXCR4,0.0439562971191403,0.98,196,138
40389_Dg,GSE227903,Diagnosis,cellchat,Cycling Progenitor,Early GMP,MIF,CD74_CXCR4,0.0539968535215653,0.86,24,138
40389_Dg,GSE227903,Diagnosis,cellchat,Early Erythroid,Early GMP,MIF,CD74_CXCR4,0.0641006334264941,0.72,48,138
40389_Dg,GSE227903,Diagnosis,cellchat,Early GMP,Early GMP,MIF,CD74_CXCR4,0.0577595675287653,0.89,138,138
40389_Dg,GSE227903,Diagnosis,cellchat,EoBasoMast Precursor,Early GMP,MIF,CD74_CXCR4,0.0538908423993226,0.82,24,138
40389_Dg,GSE227903,Diagnosis,cellchat,HSC MPP,Early GMP,MIF,CD74_CXCR4,0.0459092694918257,0.97,54,138
40389_Dg,GSE227903,Diagnosis,cellchat,Late GMP,Early GMP,MIF,CD74_CXCR4,0.058762654591572,0.83,158,138
40389_Dg,GSE227903,Diagnosis,cellchat,LMPP,Early GMP,MIF,CD74_CXCR4,0.0511417673666117,0.9,33,138
40389_Dg,GSE227903,Diagnosis,cellchat,MEP,Early GMP,MIF,CD74_CXCR4,0.0555514756481884,0.89,27,138
40389_Dg,GSE227903,Diagnosis,cellchat,NK,Early GMP,MIF,CD74_CXCR4,0.0405389967961535,0.96,22,138
40389_Dg,GSE227903,Diagnosis,cellchat,B,EoBasoMast Precursor,MIF,CD74_CXCR4,0.0432822917245226,0.88,17,24
40389_Dg,GSE227903,Diagnosis,cellchat,CD4 Memory T,EoBasoMast Precursor,MIF,CD74_CXCR4,0.0687628908477001,0.47,21,24
40389_Dg,GSE227903,Diagnosis,cellchat,CD8 Memory T,EoBasoMast Precursor,MIF,CD74_CXCR4,0.0542221094489905,0.69,358,24
40389_Dg,GSE227903,Diagnosis,cellchat,cDC,EoBasoMast Precursor,MIF,CD74_CXCR4,0.0761462208666211,0.28,196,24
40389_Dg,GSE227903,Diagnosis,cellchat,Cycling Progenitor,EoBasoMast Precursor,MIF,CD74_CXCR4,0.0928257266635371,0.13,24,24
40389_Dg,GSE227903,Diagnosis,cellchat,Early Erythroid,EoBasoMast Precursor,MIF,CD74_CXCR4,0.109355205544111,0.01,48,24
40389_Dg,GSE227903,Diagnosis,cellchat,Early GMP,EoBasoMast Precursor,MIF,CD74_CXCR4,0.0990109995787945,0.04,138,24
40389_Dg,GSE227903,Diagnosis,cellchat,EoBasoMast Precursor,EoBasoMast Precursor,MIF,CD74_CXCR4,0.0926509495836456,0.12,24,24
40389_Dg,GSE227903,Diagnosis,cellchat,HSC MPP,EoBasoMast Precursor,MIF,CD74_CXCR4,0.0794105929142874,0.26,54,24
40389_Dg,GSE227903,Diagnosis,cellchat,Late GMP,EoBasoMast Precursor,MIF,CD74_CXCR4,0.100653955152685,0.04,158,24
40389_Dg,GSE227903,Diagnosis,cellchat,LMPP,EoBasoMast Precursor,MIF,CD74_CXCR4,0.0881087815200343,0.13,33,24
40389_Dg,GSE227903,Diagnosis,cellchat,MEP,EoBasoMast Precursor,MIF,CD74_CXCR4,0.0953855499009391,0.11,27,24
40389_Dg,GSE227903,Diagnosis,cellchat,Monocyte,EoBasoMast Precursor,MIF,CD74_CXCR4,0.0415752950884058,0.92,631,24
40389_Dg,GSE227903,Diagnosis,cellchat,NK,EoBasoMast Precursor,MIF,CD74_CXCR4,0.0704106823822976,0.38,22,24
40389_Dg,GSE227903,Diagnosis,cellchat,pDC,EoBasoMast Precursor,MIF,CD74_CXCR4,0.0530843724792894,0.72,544,24
40389_Dg,GSE227903,Diagnosis,cellchat,Plasma Cell,EoBasoMast Precursor,MIF,CD74_CXCR4,0.0316973557293833,0.98,30,24
40389_Dg,GSE227903,Diagnosis,cellchat,Pre-B,EoBasoMast Precursor,MIF,CD74_CXCR4,0.0570303389234894,0.71,140,24
40389_Dg,GSE227903,Diagnosis,cellchat,Pro-B,EoBasoMast Precursor,MIF,CD74_CXCR4,0.0647556716588295,0.54,87,24
40389_Dg,GSE227903,Diagnosis,cellchat,Pro-Monocyte,EoBasoMast Precursor,MIF,CD74_CXCR4,0.0567679786573251,0.74,110,24
40389_Dg,GSE227903,Diagnosis,cellchat,CD4 Memory T,HSC MPP,MIF,CD74_CXCR4,0.0377143254234175,0.95,21,54
40389_Dg,GSE227903,Diagnosis,cellchat,cDC,HSC MPP,MIF,CD74_CXCR4,0.0419139048170803,0.98,196,54
40389_Dg,GSE227903,Diagnosis,cellchat,Cycling Progenitor,HSC MPP,MIF,CD74_CXCR4,0.0515130723497762,0.84,24,54
40389_Dg,GSE227903,Diagnosis,cellchat,Early Erythroid,HSC MPP,MIF,CD74_CXCR4,0.0611821503001176,0.62,48,54
40389_Dg,GSE227903,Diagnosis,cellchat,Early GMP,HSC MPP,MIF,CD74_CXCR4,0.0551127900501916,0.76,138,54
40389_Dg,GSE227903,Diagnosis,cellchat,EoBasoMast Precursor,HSC MPP,MIF,CD74_CXCR4,0.0514116725817445,0.84,24,54
40389_Dg,GSE227903,Diagnosis,cellchat,HSC MPP,HSC MPP,MIF,CD74_CXCR4,0.0437802893954708,0.93,54,54
40389_Dg,GSE227903,Diagnosis,cellchat,Late GMP,HSC MPP,MIF,CD74_CXCR4,0.0560726470021759,0.78,158,54
40389_Dg,GSE227903,Diagnosis,cellchat,LMPP,HSC MPP,MIF,CD74_CXCR4,0.0487825439440089,0.87,33,54
40389_Dg,GSE227903,Diagnosis,cellchat,MEP,HSC MPP,MIF,CD74_CXCR4,0.053000190394133,0.84,27,54
40389_Dg,GSE227903,Diagnosis,cellchat,NK,HSC MPP,MIF,CD74_CXCR4,0.0386489675625716,0.95,22,54
40389_Dg,GSE227903,Diagnosis,cellchat,CD4 Memory T,Late GMP,MIF,CD74_CXCR4,0.0553513648366309,0.84,21,158
40389_Dg,GSE227903,Diagnosis,cellchat,cDC,Late GMP,MIF,CD74_CXCR4,0.0613895804910223,0.77,196,158
40389_Dg,GSE227903,Diagnosis,cellchat,Cycling Progenitor,Late GMP,MIF,CD74_CXCR4,0.0750994649643092,0.41,24,158
40389_Dg,GSE227903,Diagnosis,cellchat,Early Erythroid,Late GMP,MIF,CD74_CXCR4,0.0887813430568708,0.05,48,158
40389_Dg,GSE227903,Diagnosis,cellchat,Early GMP,Late GMP,MIF,CD74_CXCR4,0.0802080130419211,0.23,138,158
40389_Dg,GSE227903,Diagnosis,cellchat,EoBasoMast Precursor,Late GMP,MIF,CD74_CXCR4,0.0749553061201325,0.42,24,158
40389_Dg,GSE227903,Diagnosis,cellchat,HSC MPP,Late GMP,MIF,CD74_CXCR4,0.0640652075572583,0.66,54,158
40389_Dg,GSE227903,Diagnosis,cellchat,Late GMP,Late GMP,MIF,CD74_CXCR4,0.0815672046580701,0.16,158,158
40389_Dg,GSE227903,Diagnosis,cellchat,LMPP,Late GMP,MIF,CD74_CXCR4,0.0712125717825693,0.48,33,158
40389_Dg,GSE227903,Diagnosis,cellchat,MEP,Late GMP,MIF,CD74_CXCR4,0.0772120628963153,0.31,27,158
40389_Dg,GSE227903,Diagnosis,cellchat,NK,Late GMP,MIF,CD74_CXCR4,0.0566973380301963,0.82,22,158
40389_Dg,GSE227903,Diagnosis,cellchat,Pre-B,Late GMP,MIF,CD74_CXCR4,0.0457946012682917,0.99,140,158
40389_Dg,GSE227903,Diagnosis,cellchat,Pro-B,Late GMP,MIF,CD74_CXCR4,0.0520820029793745,0.96,87,158
40389_Dg,GSE227903,Diagnosis,cellchat,B,LMPP,MIF,CD74_CXCR4,0.0444066070314074,0.95,17,33
40389_Dg,GSE227903,Diagnosis,cellchat,CD4 Memory T,LMPP,MIF,CD74_CXCR4,0.070500324008977,0.54,21,33
40389_Dg,GSE227903,Diagnosis,cellchat,CD8 Memory T,LMPP,MIF,CD74_CXCR4,0.0556140819287123,0.78,358,33
40389_Dg,GSE227903,Diagnosis,cellchat,cDC,LMPP,MIF,CD74_CXCR4,0.0780545720838722,0.22,196,33
40389_Dg,GSE227903,Diagnosis,cellchat,Cycling Progenitor,LMPP,MIF,CD74_CXCR4,0.0951090600913865,0.1,24,33
40389_Dg,GSE227903,Diagnosis,cellchat,Early Erythroid,LMPP,MIF,CD74_CXCR4,0.111994936349497,0,48,33
40389_Dg,GSE227903,Diagnosis,cellchat,Early GMP,LMPP,MIF,CD74_CXCR4,0.101429467629207,0.01,138,33
40389_Dg,GSE227903,Diagnosis,cellchat,EoBasoMast Precursor,LMPP,MIF,CD74_CXCR4,0.094930433716839,0.13,24,33
40389_Dg,GSE227903,Diagnosis,cellchat,HSC MPP,LMPP,MIF,CD74_CXCR4,0.0813935470422324,0.18,54,33
40389_Dg,GSE227903,Diagnosis,cellchat,Late GMP,LMPP,MIF,CD74_CXCR4,0.103107961890618,0,158,33
40389_Dg,GSE227903,Diagnosis,cellchat,LMPP,LMPP,MIF,CD74_CXCR4,0.0902876350187008,0.12,33,33
40389_Dg,GSE227903,Diagnosis,cellchat,MEP,LMPP,MIF,CD74_CXCR4,0.0977250669633113,0.07,27,33
40389_Dg,GSE227903,Diagnosis,cellchat,Monocyte,LMPP,MIF,CD74_CXCR4,0.042657245937522,0.98,631,33
40389_Dg,GSE227903,Diagnosis,cellchat,NK,LMPP,MIF,CD74_CXCR4,0.072186522926181,0.4,22,33
40389_Dg,GSE227903,Diagnosis,cellchat,pDC,LMPP,MIF,CD74_CXCR4,0.0544488188373837,0.83,544,33
40389_Dg,GSE227903,Diagnosis,cellchat,Pre-B,LMPP,MIF,CD74_CXCR4,0.0584899449646598,0.74,140,33
40389_Dg,GSE227903,Diagnosis,cellchat,Pro-B,LMPP,MIF,CD74_CXCR4,0.0663990737051312,0.57,87,33
40389_Dg,GSE227903,Diagnosis,cellchat,Pro-Monocyte,LMPP,MIF,CD74_CXCR4,0.0582212845640591,0.76,110,33
40389_Dg,GSE227903,Diagnosis,cellchat,CD4 Memory T,Monocyte,MIF,CD74_CXCR4,0.0468363421434864,0.96,21,631
40389_Dg,GSE227903,Diagnosis,cellchat,Cycling Progenitor,Monocyte,MIF,CD74_CXCR4,0.063751500211549,0.74,24,631
40389_Dg,GSE227903,Diagnosis,cellchat,Early Erythroid,Monocyte,MIF,CD74_CXCR4,0.0755348085694738,0.34,48,631
40389_Dg,GSE227903,Diagnosis,cellchat,Early GMP,Monocyte,MIF,CD74_CXCR4,0.0681449915358263,0.51,138,631
40389_Dg,GSE227903,Diagnosis,cellchat,EoBasoMast Precursor,Monocyte,MIF,CD74_CXCR4,0.063627626048406,0.72,24,631
40389_Dg,GSE227903,Diagnosis,cellchat,HSC MPP,Monocyte,MIF,CD74_CXCR4,0.0542867191344877,0.97,54,631
40389_Dg,GSE227903,Diagnosis,cellchat,Late GMP,Monocyte,MIF,CD74_CXCR4,0.0693151700588786,0.58,158,631
40389_Dg,GSE227903,Diagnosis,cellchat,LMPP,Monocyte,MIF,CD74_CXCR4,0.0604135751906363,0.74,33,631
40389_Dg,GSE227903,Diagnosis,cellchat,MEP,Monocyte,MIF,CD74_CXCR4,0.0655675027094436,0.72,27,631
40389_Dg,GSE227903,Diagnosis,cellchat,NK,Monocyte,MIF,CD74_CXCR4,0.0479857745156967,0.95,22,631
40389_Dg,GSE227903,Diagnosis,cellchat,CD4 Memory T,NK,MIF,CD74_CXCR4,0.0379573309825557,0.9,21,22
40389_Dg,GSE227903,Diagnosis,cellchat,CD8 Memory T,NK,MIF,CD74_CXCR4,0.0297228557077524,0.97,358,22
40389_Dg,GSE227903,Diagnosis,cellchat,cDC,NK,MIF,CD74_CXCR4,0.0421827834505147,0.9,196,22
40389_Dg,GSE227903,Diagnosis,cellchat,Cycling Progenitor,NK,MIF,CD74_CXCR4,0.0518401979422985,0.76,24,22
40389_Dg,GSE227903,Diagnosis,cellchat,Early Erythroid,NK,MIF,CD74_CXCR4,0.0615666922114587,0.59,48,22
40389_Dg,GSE227903,Diagnosis,cellchat,Early GMP,NK,MIF,CD74_CXCR4,0.0554614384054547,0.71,138,22
40389_Dg,GSE227903,Diagnosis,cellchat,EoBasoMast Precursor,NK,MIF,CD74_CXCR4,0.0517381893759326,0.75,24,22
40389_Dg,GSE227903,Diagnosis,cellchat,HSC MPP,NK,MIF,CD74_CXCR4,0.0440605903163167,0.88,54,22
40389_Dg,GSE227903,Diagnosis,cellchat,Late GMP,NK,MIF,CD74_CXCR4,0.0564270048794001,0.74,158,22
40389_Dg,GSE227903,Diagnosis,cellchat,LMPP,NK,MIF,CD74_CXCR4,0.0490932272481926,0.79,33,22
40389_Dg,GSE227903,Diagnosis,cellchat,MEP,NK,MIF,CD74_CXCR4,0.0533362286462191,0.74,27,22
40389_Dg,GSE227903,Diagnosis,cellchat,NK,NK,MIF,CD74_CXCR4,0.0388977518914746,0.89,22,22
40389_Dg,GSE227903,Diagnosis,cellchat,pDC,NK,MIF,CD74_CXCR4,0.0290833761776152,0.98,544,22
40389_Dg,GSE227903,Diagnosis,cellchat,Pre-B,NK,MIF,CD74_CXCR4,0.0313042362746883,0.97,140,22
40389_Dg,GSE227903,Diagnosis,cellchat,Pro-B,NK,MIF,CD74_CXCR4,0.0356765568417159,0.94,87,22
40389_Dg,GSE227903,Diagnosis,cellchat,Pro-Monocyte,NK,MIF,CD74_CXCR4,0.0311563150819903,0.98,110,22
40389_Dg,GSE227903,Diagnosis,cellchat,B,pDC,MIF,CD74_CXCR4,0.0728138456686221,0.54,17,544
40389_Dg,GSE227903,Diagnosis,cellchat,CD4 Memory T,pDC,MIF,CD74_CXCR4,0.113615272161402,0,21,544
40389_Dg,GSE227903,Diagnosis,cellchat,CD8 Memory T,pDC,MIF,CD74_CXCR4,0.0905117459738668,0,358,544
40389_Dg,GSE227903,Diagnosis,cellchat,cDC,pDC,MIF,CD74_CXCR4,0.125167258232494,0,196,544
40389_Dg,GSE227903,Diagnosis,cellchat,Cycling Progenitor,pDC,MIF,CD74_CXCR4,0.150831515822642,0,24,544
40389_Dg,GSE227903,Diagnosis,cellchat,Early Erythroid,pDC,MIF,CD74_CXCR4,0.175689682832806,0,48,544
40389_Dg,GSE227903,Diagnosis,cellchat,Early GMP,pDC,MIF,CD74_CXCR4,0.160199352725581,0,138,544
40389_Dg,GSE227903,Diagnosis,cellchat,EoBasoMast Precursor,pDC,MIF,CD74_CXCR4,0.150565649304724,0,24,544
40389_Dg,GSE227903,Diagnosis,cellchat,HSC MPP,pDC,MIF,CD74_CXCR4,0.130236897313803,0,54,544
40389_Dg,GSE227903,Diagnosis,cellchat,Late GMP,pDC,MIF,CD74_CXCR4,0.162674327120122,0,158,544
40389_Dg,GSE227903,Diagnosis,cellchat,LMPP,pDC,MIF,CD74_CXCR4,0.143633693836395,0,33,544
40389_Dg,GSE227903,Diagnosis,cellchat,MEP,pDC,MIF,CD74_CXCR4,0.154718132832132,0,27,544
40389_Dg,GSE227903,Diagnosis,cellchat,Monocyte,pDC,MIF,CD74_CXCR4,0.0700274131269689,0.39,631,544
40389_Dg,GSE227903,Diagnosis,cellchat,NK,pDC,MIF,CD74_CXCR4,0.116203758516329,0,22,544
40389_Dg,GSE227903,Diagnosis,cellchat,pDC,pDC,MIF,CD74_CXCR4,0.0886839482194173,0,544,544
40389_Dg,GSE227903,Diagnosis,cellchat,Plasma Cell,pDC,MIF,CD74_CXCR4,0.0537687334302642,0.92,30,544
40389_Dg,GSE227903,Diagnosis,cellchat,Pre-B,pDC,MIF,CD74_CXCR4,0.0950106515079481,0,140,544
40389_Dg,GSE227903,Diagnosis,cellchat,Pro-B,pDC,MIF,CD74_CXCR4,0.107295398812335,0,87,544
40389_Dg,GSE227903,Diagnosis,cellchat,Pro-Monocyte,pDC,MIF,CD74_CXCR4,0.0945910948356878,0,110,544
40389_Dg,GSE227903,Diagnosis,cellchat,B,Plasma Cell,MIF,CD74_CXCR4,0.0355646442654172,0.99,17,30
40389_Dg,GSE227903,Diagnosis,cellchat,CD4 Memory T,Plasma Cell,MIF,CD74_CXCR4,0.0567714147619994,0.68,21,30
40389_Dg,GSE227903,Diagnosis,cellchat,CD8 Memory T,Plasma Cell,MIF,CD74_CXCR4,0.0446448150043553,0.91,358,30
40389_Dg,GSE227903,Diagnosis,cellchat,cDC,Plasma Cell,MIF,CD74_CXCR4,0.0629542182292733,0.54,196,30
40389_Dg,GSE227903,Diagnosis,cellchat,Cycling Progenitor,Plasma Cell,MIF,CD74_CXCR4,0.0769848670784611,0.29,24,30
40389_Dg,GSE227903,Diagnosis,cellchat,Early Erythroid,Plasma Cell,MIF,CD74_CXCR4,0.0909764474142668,0.12,48,30
40389_Dg,GSE227903,Diagnosis,cellchat,Early GMP,Plasma Cell,MIF,CD74_CXCR4,0.0822102675406145,0.17,138,30
40389_Dg,GSE227903,Diagnosis,cellchat,EoBasoMast Precursor,Plasma Cell,MIF,CD74_CXCR4,0.076837389735996,0.29,24,30
40389_Dg,GSE227903,Diagnosis,cellchat,HSC MPP,Plasma Cell,MIF,CD74_CXCR4,0.0656932661914024,0.45,54,30
40389_Dg,GSE227903,Diagnosis,cellchat,Late GMP,Plasma Cell,MIF,CD74_CXCR4,0.0836003051265243,0.18,158,30
40389_Dg,GSE227903,Diagnosis,cellchat,LMPP,Plasma Cell,MIF,CD74_CXCR4,0.0730080946371238,0.27,33,30
40389_Dg,GSE227903,Diagnosis,cellchat,MEP,Plasma Cell,MIF,CD74_CXCR4,0.0791459640703362,0.3,27,30
40389_Dg,GSE227903,Diagnosis,cellchat,NK,Plasma Cell,MIF,CD74_CXCR4,0.058149793517803,0.66,22,30
40389_Dg,GSE227903,Diagnosis,cellchat,pDC,Plasma Cell,MIF,CD74_CXCR4,0.0436987522890821,0.94,544,30
40389_Dg,GSE227903,Diagnosis,cellchat,Pre-B,Plasma Cell,MIF,CD74_CXCR4,0.0469816645283585,0.89,140,30
40389_Dg,GSE227903,Diagnosis,cellchat,Pro-B,Plasma Cell,MIF,CD74_CXCR4,0.05342292026046,0.76,87,30
40389_Dg,GSE227903,Diagnosis,cellchat,Pro-Monocyte,Plasma Cell,MIF,CD74_CXCR4,0.0467632393213866,0.94,110,30
40389_Dg,GSE227903,Diagnosis,cellchat,B,Pre-B,MIF,CD74_CXCR4,0.0814587276354012,0.36,17,140
40389_Dg,GSE227903,Diagnosis,cellchat,CD4 Memory T,Pre-B,MIF,CD74_CXCR4,0.126443717517459,0,21,140
40389_Dg,GSE227903,Diagnosis,cellchat,CD8 Memory T,Pre-B,MIF,CD74_CXCR4,0.101028872773529,0,358,140
40389_Dg,GSE227903,Diagnosis,cellchat,cDC,Pre-B,MIF,CD74_CXCR4,0.13909536884917,0,196,140
40389_Dg,GSE227903,Diagnosis,cellchat,Cycling Progenitor,Pre-B,MIF,CD74_CXCR4,0.167070056396601,0,24,140
40389_Dg,GSE227903,Diagnosis,cellchat,Early Erythroid,Pre-B,MIF,CD74_CXCR4,0.193993069685223,0,48,140
40389_Dg,GSE227903,Diagnosis,cellchat,Early GMP,Pre-B,MIF,CD74_CXCR4,0.177235935819595,0,138,140
40389_Dg,GSE227903,Diagnosis,cellchat,EoBasoMast Precursor,Pre-B,MIF,CD74_CXCR4,0.166781188407631,0,24,140
40389_Dg,GSE227903,Diagnosis,cellchat,HSC MPP,Pre-B,MIF,CD74_CXCR4,0.144635869720898,0,54,140
40389_Dg,GSE227903,Diagnosis,cellchat,Late GMP,Pre-B,MIF,CD74_CXCR4,0.179917725737081,0,158,140
40389_Dg,GSE227903,Diagnosis,cellchat,LMPP,Pre-B,MIF,CD74_CXCR4,0.159242634655416,0,33,140
40389_Dg,GSE227903,Diagnosis,cellchat,MEP,Pre-B,MIF,CD74_CXCR4,0.171290702409868,0,27,140
40389_Dg,GSE227903,Diagnosis,cellchat,Monocyte,Pre-B,MIF,CD74_CXCR4,0.0783694359991725,0.11,631,140
40389_Dg,GSE227903,Diagnosis,cellchat,NK,Pre-B,MIF,CD74_CXCR4,0.129281844824747,0,22,140
40389_Dg,GSE227903,Diagnosis,cellchat,pDC,Pre-B,MIF,CD74_CXCR4,0.0990118129395248,0,544,140
40389_Dg,GSE227903,Diagnosis,cellchat,Plasma Cell,Pre-B,MIF,CD74_CXCR4,0.060299522809837,0.66,30,140
40389_Dg,GSE227903,Diagnosis,cellchat,Pre-B,Pre-B,MIF,CD74_CXCR4,0.10598961357417,0,140,140
40389_Dg,GSE227903,Diagnosis,cellchat,Pro-B,Pre-B,MIF,CD74_CXCR4,0.11950646801289,0,87,140
40389_Dg,GSE227903,Diagnosis,cellchat,Pro-Monocyte,Pre-B,MIF,CD74_CXCR4,0.105527228285579,0,110,140
40389_Dg,GSE227903,Diagnosis,cellchat,B,Pro-B,MIF,CD74_CXCR4,0.0663804849317666,0.61,17,87
40389_Dg,GSE227903,Diagnosis,cellchat,CD4 Memory T,Pro-B,MIF,CD74_CXCR4,0.103981245870394,0.02,21,87
40389_Dg,GSE227903,Diagnosis,cellchat,CD8 Memory T,Pro-B,MIF,CD74_CXCR4,0.0826541068754361,0.07,358,87
40389_Dg,GSE227903,Diagnosis,cellchat,cDC,Pro-B,MIF,CD74_CXCR4,0.114680413792685,0,196,87
40389_Dg,GSE227903,Diagnosis,cellchat,Cycling Progenitor,Pro-B,MIF,CD74_CXCR4,0.138534951906357,0,24,87
40389_Dg,GSE227903,Diagnosis,cellchat,Early Erythroid,Pro-B,MIF,CD74_CXCR4,0.161752580194352,0,48,87
40389_Dg,GSE227903,Diagnosis,cellchat,Early GMP,Pro-B,MIF,CD74_CXCR4,0.14727152558402,0,138,87
40389_Dg,GSE227903,Diagnosis,cellchat,EoBasoMast Precursor,Pro-B,MIF,CD74_CXCR4,0.138287230453002,0,24,87
40389_Dg,GSE227903,Diagnosis,cellchat,HSC MPP,Pro-B,MIF,CD74_CXCR4,0.119383267910718,0,54,87
40389_Dg,GSE227903,Diagnosis,cellchat,Late GMP,Pro-B,MIF,CD74_CXCR4,0.149582348139069,0,158,87
40389_Dg,GSE227903,Diagnosis,cellchat,LMPP,Pro-B,MIF,CD74_CXCR4,0.131832832667359,0,33,87
40389_Dg,GSE227903,Diagnosis,cellchat,MEP,Pro-B,MIF,CD74_CXCR4,0.142157756300698,0,27,87
40389_Dg,GSE227903,Diagnosis,cellchat,Monocyte,Pro-B,MIF,CD74_CXCR4,0.0638232968727501,0.59,631,87
40389_Dg,GSE227903,Diagnosis,cellchat,NK,Pro-B,MIF,CD74_CXCR4,0.106376582601285,0.02,22,87
40389_Dg,GSE227903,Diagnosis,cellchat,pDC,Pro-B,MIF,CD74_CXCR4,0.0809708596917345,0.07,544,87
40389_Dg,GSE227903,Diagnosis,cellchat,Plasma Cell,Pro-B,MIF,CD74_CXCR4,0.0489292764476763,0.83,30,87
40389_Dg,GSE227903,Diagnosis,cellchat,Pre-B,Pro-B,MIF,CD74_CXCR4,0.0867997215848434,0.05,140,87
40389_Dg,GSE227903,Diagnosis,cellchat,Pro-B,Pro-B,MIF,CD74_CXCR4,0.0981379345513161,0.01,87,87
40389_Dg,GSE227903,Diagnosis,cellchat,Pro-Monocyte,Pro-B,MIF,CD74_CXCR4,0.0864129613316134,0.08,110,87
40389_Dg,GSE227903,Diagnosis,cellchat,CD4 Memory T,Pro-Monocyte,MIF,CD74_CXCR4,0.0500137538146688,0.88,21,110
40389_Dg,GSE227903,Diagnosis,cellchat,cDC,Pro-Monocyte,MIF,CD74_CXCR4,0.055503907883097,0.88,196,110
40389_Dg,GSE227903,Diagnosis,cellchat,Cycling Progenitor,Pro-Monocyte,MIF,CD74_CXCR4,0.067994588242584,0.54,24,110
40389_Dg,GSE227903,Diagnosis,cellchat,Early Erythroid,Pro-Monocyte,MIF,CD74_CXCR4,0.0804947272455869,0.2,48,110
40389_Dg,GSE227903,Diagnosis,cellchat,Early GMP,Pro-Monocyte,MIF,CD74_CXCR4,0.0726578027191275,0.3,138,110
40389_Dg,GSE227903,Diagnosis,cellchat,EoBasoMast Precursor,Pro-Monocyte,MIF,CD74_CXCR4,0.067863067032409,0.5,24,110
40389_Dg,GSE227903,Diagnosis,cellchat,HSC MPP,Pro-Monocyte,MIF,CD74_CXCR4,0.0579388462927925,0.84,54,110
40389_Dg,GSE227903,Diagnosis,cellchat,Late GMP,Pro-Monocyte,MIF,CD74_CXCR4,0.0738993292503934,0.41,158,110
40389_Dg,GSE227903,Diagnosis,cellchat,LMPP,Pro-Monocyte,MIF,CD74_CXCR4,0.0644497952317553,0.57,33,110
40389_Dg,GSE227903,Diagnosis,cellchat,MEP,Pro-Monocyte,MIF,CD74_CXCR4,0.0699224310403296,0.49,27,110
40389_Dg,GSE227903,Diagnosis,cellchat,NK,Pro-Monocyte,MIF,CD74_CXCR4,0.0512369728213724,0.84,22,110
40389_Dg,GSE227903,Diagnosis,cellchat,Pro-B,Pro-Monocyte,MIF,CD74_CXCR4,0.0470439606217732,0.99,87,110
40389_Dg,GSE227903,Diagnosis,cellchat,B,B,MIF,CD74_CD44,0.0775599205576737,0.9,17,17
40389_Dg,GSE227903,Diagnosis,cellchat,CD4 Memory T,B,MIF,CD74_CD44,0.120674687616719,0.36,21,17
40389_Dg,GSE227903,Diagnosis,cellchat,CD8 Memory T,B,MIF,CD74_CD44,0.0962915847222292,0.75,358,17
40389_Dg,GSE227903,Diagnosis,cellchat,cDC,B,MIF,CD74_CD44,0.132836880783593,0.08,196,17
40389_Dg,GSE227903,Diagnosis,cellchat,Cycling Progenitor,B,MIF,CD74_CD44,0.159786487376879,0,24,17
40389_Dg,GSE227903,Diagnosis,cellchat,Early Erythroid,B,MIF,CD74_CD44,0.185797586574406,0,48,17
40389_Dg,GSE227903,Diagnosis,cellchat,Early GMP,B,MIF,CD74_CD44,0.169599417696041,0,138,17
40389_Dg,GSE227903,Diagnosis,cellchat,EoBasoMast Precursor,B,MIF,CD74_CD44,0.159507801173694,0.03,24,17
40389_Dg,GSE227903,Diagnosis,cellchat,HSC MPP,B,MIF,CD74_CD44,0.138168100199265,0.04,54,17
40389_Dg,GSE227903,Diagnosis,cellchat,Late GMP,B,MIF,CD74_CD44,0.172189840502053,0,158,17
40389_Dg,GSE227903,Diagnosis,cellchat,LMPP,B,MIF,CD74_CD44,0.152237938674756,0.02,33,17
40389_Dg,GSE227903,Diagnosis,cellchat,MEP,B,MIF,CD74_CD44,0.163859328762634,0.01,27,17
40389_Dg,GSE227903,Diagnosis,cellchat,Monocyte,B,MIF,CD74_CD44,0.0746064800494381,0.99,631,17
40389_Dg,GSE227903,Diagnosis,cellchat,NK,B,MIF,CD74_CD44,0.123401616833488,0.25,22,17
40389_Dg,GSE227903,Diagnosis,cellchat,pDC,B,MIF,CD74_CD44,0.0943591781703867,0.79,544,17
40389_Dg,GSE227903,Diagnosis,cellchat,Pre-B,B,MIF,CD74_CD44,0.101045860116485,0.7,140,17
40389_Dg,GSE227903,Diagnosis,cellchat,Pro-B,B,MIF,CD74_CD44,0.114012642078576,0.41,87,17
40389_Dg,GSE227903,Diagnosis,cellchat,Pro-Monocyte,B,MIF,CD74_CD44,0.100602615244635,0.71,110,17
40389_Dg,GSE227903,Diagnosis,cellchat,CD4 Memory T,CD4 Memory T,MIF,CD74_CD44,0.10314655984191,0.62,21,21
40389_Dg,GSE227903,Diagnosis,cellchat,CD8 Memory T,CD4 Memory T,MIF,CD74_CD44,0.0819749570161969,0.95,358,21
40389_Dg,GSE227903,Diagnosis,cellchat,cDC,CD4 Memory T,MIF,CD74_CD44,0.113770747753797,0.31,196,21
40389_Dg,GSE227903,Diagnosis,cellchat,Cycling Progenitor,CD4 Memory T,MIF,CD74_CD44,0.137465447670912,0.08,24,21
40389_Dg,GSE227903,Diagnosis,cellchat,Early Erythroid,CD4 Memory T,MIF,CD74_CD44,0.160537235965685,0,48,21
40389_Dg,GSE227903,Diagnosis,cellchat,Early GMP,CD4 Memory T,MIF,CD74_CD44,0.146146016398733,0.01,138,21
40389_Dg,GSE227903,Diagnosis,cellchat,EoBasoMast Precursor,CD4 Memory T,MIF,CD74_CD44,0.137219334028729,0.17,24,21
40389_Dg,GSE227903,Diagnosis,cellchat,HSC MPP,CD4 Memory T,MIF,CD74_CD44,0.118441288623939,0.28,54,21
40389_Dg,GSE227903,Diagnosis,cellchat,Late GMP,CD4 Memory T,MIF,CD74_CD44,0.148442252984904,0,158,21
40389_Dg,GSE227903,Diagnosis,cellchat,LMPP,CD4 Memory T,MIF,CD74_CD44,0.130807212985494,0.14,33,21
40389_Dg,GSE227903,Diagnosis,cellchat,MEP,CD4 Memory T,MIF,CD74_CD44,0.14106486346721,0.08,27,21
40389_Dg,GSE227903,Diagnosis,cellchat,NK,CD4 Memory T,MIF,CD74_CD44,0.105524933048654,0.44,22,21
40389_Dg,GSE227903,Diagnosis,cellchat,pDC,CD4 Memory T,MIF,CD74_CD44,0.0803043299377323,0.99,544,21
40389_Dg,GSE227903,Diagnosis,cellchat,Pre-B,CD4 Memory T,MIF,CD74_CD44,0.0860897049059453,0.95,140,21
40389_Dg,GSE227903,Diagnosis,cellchat,Pro-B,CD4 Memory T,MIF,CD74_CD44,0.0973450584522102,0.75,87,21
40389_Dg,GSE227903,Diagnosis,cellchat,Pro-Monocyte,CD4 Memory T,MIF,CD74_CD44,0.0857058114112749,0.96,110,21
40389_Dg,GSE227903,Diagnosis,cellchat,CD4 Memory T,CD8 Memory T,MIF,CD74_CD44,0.0832560530319042,0.89,21,358
40389_Dg,GSE227903,Diagnosis,cellchat,cDC,CD8 Memory T,MIF,CD74_CD44,0.0920417578601886,0.98,196,358
40389_Dg,GSE227903,Diagnosis,cellchat,Cycling Progenitor,CD8 Memory T,MIF,CD74_CD44,0.111781826490166,0.56,24,358
40389_Dg,GSE227903,Diagnosis,cellchat,Early Erythroid,CD8 Memory T,MIF,CD74_CD44,0.131198640200698,0.07,48,358
40389_Dg,GSE227903,Diagnosis,cellchat,Early GMP,CD8 Memory T,MIF,CD74_CD44,0.119064425041336,0.24,138,358
40389_Dg,GSE227903,Diagnosis,cellchat,EoBasoMast Precursor,CD8 Memory T,MIF,CD74_CD44,0.111575747679438,0.5,24,358
40389_Dg,GSE227903,Diagnosis,cellchat,HSC MPP,CD8 Memory T,MIF,CD74_CD44,0.0959168195174061,0.87,54,358
40389_Dg,GSE227903,Diagnosis,cellchat,Late GMP,CD8 Memory T,MIF,CD74_CD44,0.120995453554505,0.15,158,358
40389_Dg,GSE227903,Diagnosis,cellchat,LMPP,CD8 Memory T,MIF,CD74_CD44,0.106214406477222,0.54,33,358
40389_Dg,GSE227903,Diagnosis,cellchat,MEP,CD8 Memory T,MIF,CD74_CD44,0.114798244788771,0.42,27,358
40389_Dg,GSE227903,Diagnosis,cellchat,NK,CD8 Memory T,MIF,CD74_CD44,0.0852193671794769,0.88,22,358
40389_Dg,GSE227903,Diagnosis,cellchat,B,cDC,MIF,CD74_CD44,0.116551212663373,0.52,17,196
40389_Dg,GSE227903,Diagnosis,cellchat,CD4 Memory T,cDC,MIF,CD74_CD44,0.177177642421361,0,21,196
40389_Dg,GSE227903,Diagnosis,cellchat,CD8 Memory T,cDC,MIF,CD74_CD44,0.143237486229409,0,358,196
40389_Dg,GSE227903,Diagnosis,cellchat,cDC,cDC,MIF,CD74_CD44,0.19377953694081,0,196,196
40389_Dg,GSE227903,Diagnosis,cellchat,Cycling Progenitor,cDC,MIF,CD74_CD44,0.229816344506577,0,24,196
40389_Dg,GSE227903,Diagnosis,cellchat,Early Erythroid,cDC,MIF,CD74_CD44,0.263650190008356,0,48,196
40389_Dg,GSE227903,Diagnosis,cellchat,Early GMP,cDC,MIF,CD74_CD44,0.242687777459263,0,138,196
40389_Dg,GSE227903,Diagnosis,cellchat,EoBasoMast Precursor,cDC,MIF,CD74_CD44,0.229448872631929,0,24,196
40389_Dg,GSE227903,Diagnosis,cellchat,HSC MPP,cDC,MIF,CD74_CD44,0.200989708687671,0,54,196
40389_Dg,GSE227903,Diagnosis,cellchat,Late GMP,cDC,MIF,CD74_CD44,0.246063743577169,0,158,196
40389_Dg,GSE227903,Diagnosis,cellchat,LMPP,cDC,MIF,CD74_CD44,0.219825036295441,0,33,196
40389_Dg,GSE227903,Diagnosis,cellchat,MEP,cDC,MIF,CD74_CD44,0.235174574218636,0,27,196
40389_Dg,GSE227903,Diagnosis,cellchat,Monocyte,cDC,MIF,CD74_CD44,0.112293753509904,0.22,631,196
40389_Dg,GSE227903,Diagnosis,cellchat,NK,cDC,MIF,CD74_CD44,0.180918687596081,0,22,196
40389_Dg,GSE227903,Diagnosis,cellchat,pDC,cDC,MIF,CD74_CD44,0.140509438404776,0,544,196
40389_Dg,GSE227903,Diagnosis,cellchat,Plasma Cell,cDC,MIF,CD74_CD44,0.0871413774123809,0.91,30,196
40389_Dg,GSE227903,Diagnosis,cellchat,Pre-B,cDC,MIF,CD74_CD44,0.149925117788559,0,140,196
40389_Dg,GSE227903,Diagnosis,cellchat,Pro-B,cDC,MIF,CD74_CD44,0.167992197308495,0,87,196
40389_Dg,GSE227903,Diagnosis,cellchat,Pro-Monocyte,cDC,MIF,CD74_CD44,0.149303071307154,0,110,196
40389_Dg,GSE227903,Diagnosis,cellchat,B,Cycling Progenitor,MIF,CD74_CD44,0.0784192306789298,0.97,17,24
40389_Dg,GSE227903,Diagnosis,cellchat,CD4 Memory T,Cycling Progenitor,MIF,CD74_CD44,0.121948528918471,0.36,21,24
40389_Dg,GSE227903,Diagnosis,cellchat,CD8 Memory T,Cycling Progenitor,MIF,CD74_CD44,0.0973365295712301,0.69,358,24
40389_Dg,GSE227903,Diagnosis,cellchat,cDC,Cycling Progenitor,MIF,CD74_CD44,0.134219509688936,0.02,196,24
40389_Dg,GSE227903,Diagnosis,cellchat,Cycling Progenitor,Cycling Progenitor,MIF,CD74_CD44,0.161397412725643,0,24,24
40389_Dg,GSE227903,Diagnosis,cellchat,Early Erythroid,Cycling Progenitor,MIF,CD74_CD44,0.187612193785151,0,48,24
40389_Dg,GSE227903,Diagnosis,cellchat,Early GMP,Cycling Progenitor,MIF,CD74_CD44,0.171289105901808,0,138,24
40389_Dg,GSE227903,Diagnosis,cellchat,EoBasoMast Precursor,Cycling Progenitor,MIF,CD74_CD44,0.161116455648547,0.02,24,24
40389_Dg,GSE227903,Diagnosis,cellchat,HSC MPP,Cycling Progenitor,MIF,CD74_CD44,0.139597286107757,0.07,54,24
40389_Dg,GSE227903,Diagnosis,cellchat,Late GMP,Cycling Progenitor,MIF,CD74_CD44,0.173899932006462,0,158,24
40389_Dg,GSE227903,Diagnosis,cellchat,LMPP,Cycling Progenitor,MIF,CD74_CD44,0.153786690796355,0.02,33,24
40389_Dg,GSE227903,Diagnosis,cellchat,MEP,Cycling Progenitor,MIF,CD74_CD44,0.165503227268496,0,27,24
40389_Dg,GSE227903,Diagnosis,cellchat,NK,Cycling Progenitor,MIF,CD74_CD44,0.124700161420218,0.19,22,24
40389_Dg,GSE227903,Diagnosis,cellchat,pDC,Cycling Progenitor,MIF,CD74_CD44,0.0953853661578299,0.72,544,24
40389_Dg,GSE227903,Diagnosis,cellchat,Plasma Cell,Cycling Progenitor,MIF,CD74_CD44,0.0579996934904007,0.99,30,24
40389_Dg,GSE227903,Diagnosis,cellchat,Pre-B,Cycling Progenitor,MIF,CD74_CD44,0.102136566807765,0.65,140,24
40389_Dg,GSE227903,Diagnosis,cellchat,Pro-B,Cycling Progenitor,MIF,CD74_CD44,0.115225374077476,0.36,87,24
40389_Dg,GSE227903,Diagnosis,cellchat,Pro-Monocyte,Cycling Progenitor,MIF,CD74_CD44,0.10168907868838,0.71,110,24
40389_Dg,GSE227903,Diagnosis,cellchat,CD4 Memory T,Early Erythroid,MIF,CD74_CD44,0.0453801410422785,0.99,21,48
40389_Dg,GSE227903,Diagnosis,cellchat,Cycling Progenitor,Early Erythroid,MIF,CD74_CD44,0.0618034858937797,0.98,24,48
40389_Dg,GSE227903,Diagnosis,cellchat,NK,Early Erythroid,MIF,CD74_CD44,0.0464955793839795,0.99,22,48
40389_Dg,GSE227903,Diagnosis,cellchat,B,Early GMP,MIF,CD74_CD44,0.0802493779334233,0.95,17,138
40389_Dg,GSE227903,Diagnosis,cellchat,CD4 Memory T,Early GMP,MIF,CD74_CD44,0.124657149173901,0.21,21,138
40389_Dg,GSE227903,Diagnosis,cellchat,CD8 Memory T,Early GMP,MIF,CD74_CD44,0.0995604732060571,0.79,358,138
40389_Dg,GSE227903,Diagnosis,cellchat,cDC,Early GMP,MIF,CD74_CD44,0.137158108086461,0,196,138
40389_Dg,GSE227903,Diagnosis,cellchat,Cycling Progenitor,Early GMP,MIF,CD74_CD44,0.164817767710685,0,24,138
40389_Dg,GSE227903,Diagnosis,cellchat,Early Erythroid,Early GMP,MIF,CD74_CD44,0.191461258940653,0,48,138
40389_Dg,GSE227903,Diagnosis,cellchat,Early GMP,Early GMP,MIF,CD74_CD44,0.174875373222547,0,138,138
40389_Dg,GSE227903,Diagnosis,cellchat,EoBasoMast Precursor,Early GMP,MIF,CD74_CD44,0.16453202473212,0,24,138
40389_Dg,GSE227903,Diagnosis,cellchat,HSC MPP,Early GMP,MIF,CD74_CD44,0.142634228010279,0,54,138
40389_Dg,GSE227903,Diagnosis,cellchat,Late GMP,Early GMP,MIF,CD74_CD44,0.177529151983809,0,158,138
40389_Dg,GSE227903,Diagnosis,cellchat,LMPP,Early GMP,MIF,CD74_CD44,0.157075968600276,0,33,138
40389_Dg,GSE227903,Diagnosis,cellchat,MEP,Early GMP,MIF,CD74_CD44,0.168993058983451,0,27,138
40389_Dg,GSE227903,Diagnosis,cellchat,NK,Early GMP,MIF,CD74_CD44,0.127461026712888,0.22,22,138
40389_Dg,GSE227903,Diagnosis,cellchat,pDC,Early GMP,MIF,CD74_CD44,0.0975695483400166,0.85,544,138
40389_Dg,GSE227903,Diagnosis,cellchat,Pre-B,Early GMP,MIF,CD74_CD44,0.104457490320766,0.63,140,138
40389_Dg,GSE227903,Diagnosis,cellchat,Pro-B,Early GMP,MIF,CD74_CD44,0.117804700062704,0.29,87,138
40389_Dg,GSE227903,Diagnosis,cellchat,Pro-Monocyte,Early GMP,MIF,CD74_CD44,0.104001011448883,0.64,110,138
40389_Dg,GSE227903,Diagnosis,cellchat,CD4 Memory T,EoBasoMast Precursor,MIF,CD74_CD44,0.0508134320015231,0.99,21,24
40389_Dg,GSE227903,Diagnosis,cellchat,Cycling Progenitor,EoBasoMast Precursor,MIF,CD74_CD44,0.069060864772061,0.99,24,24
40389_Dg,GSE227903,Diagnosis,cellchat,Early Erythroid,EoBasoMast Precursor,MIF,CD74_CD44,0.081739836299083,0.95,48,24
40389_Dg,GSE227903,Diagnosis,cellchat,Early GMP,EoBasoMast Precursor,MIF,CD74_CD44,0.0737914169132297,0.99,138,24
40389_Dg,GSE227903,Diagnosis,cellchat,EoBasoMast Precursor,EoBasoMast Precursor,MIF,CD74_CD44,0.0689274336079227,0.96,24,24
40389_Dg,GSE227903,Diagnosis,cellchat,MEP,EoBasoMast Precursor,MIF,CD74_CD44,0.071016635977438,0.99,27,24
40389_Dg,GSE227903,Diagnosis,cellchat,B,HSC MPP,MIF,CD74_CD44,0.0805886886627569,0.97,17,54
40389_Dg,GSE227903,Diagnosis,cellchat,CD4 Memory T,HSC MPP,MIF,CD74_CD44,0.125158674138981,0.22,21,54
40389_Dg,GSE227903,Diagnosis,cellchat,CD8 Memory T,HSC MPP,MIF,CD74_CD44,0.0999725600769309,0.68,358,54
40389_Dg,GSE227903,Diagnosis,cellchat,cDC,HSC MPP,MIF,CD74_CD44,0.137702015442701,0,196,54
40389_Dg,GSE227903,Diagnosis,cellchat,Cycling Progenitor,HSC MPP,MIF,CD74_CD44,0.165450328538116,0,24,54
40389_Dg,GSE227903,Diagnosis,cellchat,Early Erythroid,HSC MPP,MIF,CD74_CD44,0.19217254712404,0,48,54
40389_Dg,GSE227903,Diagnosis,cellchat,Early GMP,HSC MPP,MIF,CD74_CD44,0.175538421500525,0,138,54
40389_Dg,GSE227903,Diagnosis,cellchat,EoBasoMast Precursor,HSC MPP,MIF,CD74_CD44,0.165163705768788,0,24,54
40389_Dg,GSE227903,Diagnosis,cellchat,HSC MPP,HSC MPP,MIF,CD74_CD44,0.143196247260858,0,54,54
40389_Dg,GSE227903,Diagnosis,cellchat,Late GMP,HSC MPP,MIF,CD74_CD44,0.178200089140624,0,158,54
40389_Dg,GSE227903,Diagnosis,cellchat,LMPP,HSC MPP,MIF,CD74_CD44,0.157684426665829,0.01,33,54
40389_Dg,GSE227903,Diagnosis,cellchat,MEP,HSC MPP,MIF,CD74_CD44,0.169638389504202,0,27,54
40389_Dg,GSE227903,Diagnosis,cellchat,NK,HSC MPP,MIF,CD74_CD44,0.127972183141115,0.17,22,54
40389_Dg,GSE227903,Diagnosis,cellchat,pDC,HSC MPP,MIF,CD74_CD44,0.0979742912835283,0.73,544,54
40389_Dg,GSE227903,Diagnosis,cellchat,Pre-B,HSC MPP,MIF,CD74_CD44,0.104887485208365,0.57,140,54
40389_Dg,GSE227903,Diagnosis,cellchat,Pro-B,HSC MPP,MIF,CD74_CD44,0.118282381332372,0.27,87,54
40389_Dg,GSE227903,Diagnosis,cellchat,Pro-Monocyte,HSC MPP,MIF,CD74_CD44,0.104429346379663,0.64,110,54
40389_Dg,GSE227903,Diagnosis,cellchat,B,Late GMP,MIF,CD74_CD44,0.0763766680133159,0.99,17,158
40389_Dg,GSE227903,Diagnosis,cellchat,CD4 Memory T,Late GMP,MIF,CD74_CD44,0.118918473454471,0.39,21,158
40389_Dg,GSE227903,Diagnosis,cellchat,CD8 Memory T,Late GMP,MIF,CD74_CD44,0.0948519472185778,0.98,358,158
40389_Dg,GSE227903,Diagnosis,cellchat,cDC,Late GMP,MIF,CD74_CD44,0.130930021642886,0,196,158
40389_Dg,GSE227903,Diagnosis,cellchat,Cycling Progenitor,Late GMP,MIF,CD74_CD44,0.157563061545007,0.01,24,158
40389_Dg,GSE227903,Diagnosis,cellchat,Early Erythroid,Late GMP,MIF,CD74_CD44,0.183291174272993,0,48,158
40389_Dg,GSE227903,Diagnosis,cellchat,Early GMP,Late GMP,MIF,CD74_CD44,0.167266628354954,0,138,158
40389_Dg,GSE227903,Diagnosis,cellchat,EoBasoMast Precursor,Late GMP,MIF,CD74_CD44,0.157287527311583,0.01,24,158
40389_Dg,GSE227903,Diagnosis,cellchat,HSC MPP,Late GMP,MIF,CD74_CD44,0.136196731642741,0.04,54,158
40389_Dg,GSE227903,Diagnosis,cellchat,Late GMP,Late GMP,MIF,CD74_CD44,0.169828707610325,0,158,158
40389_Dg,GSE227903,Diagnosis,cellchat,LMPP,Late GMP,MIF,CD74_CD44,0.150100786147458,0.02,33,158
40389_Dg,GSE227903,Diagnosis,cellchat,MEP,Late GMP,MIF,CD74_CD44,0.161590128889896,0,27,158
40389_Dg,GSE227903,Diagnosis,cellchat,NK,Late GMP,MIF,CD74_CD44,0.121611205439239,0.27,22,158
40389_Dg,GSE227903,Diagnosis,cellchat,pDC,Late GMP,MIF,CD74_CD44,0.0929454603022062,0.98,544,158
40389_Dg,GSE227903,Diagnosis,cellchat,Pre-B,Late GMP,MIF,CD74_CD44,0.0995429717822542,0.76,140,158
40389_Dg,GSE227903,Diagnosis,cellchat,Pro-B,Late GMP,MIF,CD74_CD44,0.112340995865191,0.46,87,158
40389_Dg,GSE227903,Diagnosis,cellchat,Pro-Monocyte,Late GMP,MIF,CD74_CD44,0.0991055926412565,0.82,110,158
40389_Dg,GSE227903,Diagnosis,cellchat,B,LMPP,MIF,CD74_CD44,0.0835898909718565,0.92,17,33
40389_Dg,GSE227903,Diagnosis,cellchat,CD4 Memory T,LMPP,MIF,CD74_CD44,0.129585763123329,0.18,21,33
40389_Dg,GSE227903,Diagnosis,cellchat,CD8 Memory T,LMPP,MIF,CD74_CD44,0.103614284279681,0.55,358,33
40389_Dg,GSE227903,Diagnosis,cellchat,cDC,LMPP,MIF,CD74_CD44,0.142500515188836,0,196,33
40389_Dg,GSE227903,Diagnosis,cellchat,Cycling Progenitor,LMPP,MIF,CD74_CD44,0.171023994097861,0,24,33
40389_Dg,GSE227903,Diagnosis,cellchat,Early Erythroid,LMPP,MIF,CD74_CD44,0.198432381210593,0,48,33
40389_Dg,GSE227903,Diagnosis,cellchat,Early GMP,LMPP,MIF,CD74_CD44,0.181378072246618,0,138,33
40389_Dg,GSE227903,Diagnosis,cellchat,EoBasoMast Precursor,LMPP,MIF,CD74_CD44,0.17072969095947,0,24,33
40389_Dg,GSE227903,Diagnosis,cellchat,HSC MPP,LMPP,MIF,CD74_CD44,0.148153309691601,0,54,33
40389_Dg,GSE227903,Diagnosis,cellchat,Late GMP,LMPP,MIF,CD74_CD44,0.184108512825252,0,158,33
40389_Dg,GSE227903,Diagnosis,cellchat,LMPP,LMPP,MIF,CD74_CD44,0.163047588229568,0,33,33
40389_Dg,GSE227903,Diagnosis,cellchat,MEP,LMPP,MIF,CD74_CD44,0.175323502098215,0,27,33
40389_Dg,GSE227903,Diagnosis,cellchat,NK,LMPP,MIF,CD74_CD44,0.132483720146921,0.14,22,33
40389_Dg,GSE227903,Diagnosis,cellchat,pDC,LMPP,MIF,CD74_CD44,0.101551437237595,0.65,544,33
40389_Dg,GSE227903,Diagnosis,cellchat,Pre-B,LMPP,MIF,CD74_CD44,0.108686626167868,0.49,140,33
40389_Dg,GSE227903,Diagnosis,cellchat,Pro-B,LMPP,MIF,CD74_CD44,0.122500301416415,0.14,87,33
40389_Dg,GSE227903,Diagnosis,cellchat,Pro-Monocyte,LMPP,MIF,CD74_CD44,0.10821389919697,0.54,110,33
40389_Dg,GSE227903,Diagnosis,cellchat,CD4 Memory T,MEP,MIF,CD74_CD44,0.0608439496079603,0.99,21,27
40389_Dg,GSE227903,Diagnosis,cellchat,Cycling Progenitor,MEP,MIF,CD74_CD44,0.0823807832658634,0.9,24,27
40389_Dg,GSE227903,Diagnosis,cellchat,Early Erythroid,MEP,MIF,CD74_CD44,0.097249716813565,0.8,48,27
40389_Dg,GSE227903,Diagnosis,cellchat,Early GMP,MEP,MIF,CD74_CD44,0.0879375416964297,0.95,138,27
40389_Dg,GSE227903,Diagnosis,cellchat,EoBasoMast Precursor,MEP,MIF,CD74_CD44,0.0822238899658357,0.91,24,27
40389_Dg,GSE227903,Diagnosis,cellchat,Late GMP,MEP,MIF,CD74_CD44,0.0894149834440312,0.97,158,27
40389_Dg,GSE227903,Diagnosis,cellchat,LMPP,MEP,MIF,CD74_CD44,0.0781488760153446,0.98,33,27
40389_Dg,GSE227903,Diagnosis,cellchat,MEP,MEP,MIF,CD74_CD44,0.0846794564284171,0.94,27,27
40389_Dg,GSE227903,Diagnosis,cellchat,NK,MEP,MIF,CD74_CD44,0.0623146748078041,0.98,22,27
40389_Dg,GSE227903,Diagnosis,cellchat,B,Monocyte,MIF,CD74_CD44,0.0779099959626311,0.98,17,631
40389_Dg,GSE227903,Diagnosis,cellchat,CD4 Memory T,Monocyte,MIF,CD74_CD44,0.121193798610374,0.36,21,631
40389_Dg,GSE227903,Diagnosis,cellchat,CD8 Memory T,Monocyte,MIF,CD74_CD44,0.0967173428391387,0.99,358,631
40389_Dg,GSE227903,Diagnosis,cellchat,cDC,Monocyte,MIF,CD74_CD44,0.133400373227803,0,196,631
40389_Dg,GSE227903,Diagnosis,cellchat,Cycling Progenitor,Monocyte,MIF,CD74_CD44,0.160443148175095,0.01,24,631
40389_Dg,GSE227903,Diagnosis,cellchat,Early Erythroid,Monocyte,MIF,CD74_CD44,0.186537410859809,0,48,631
40389_Dg,GSE227903,Diagnosis,cellchat,Early GMP,Monocyte,MIF,CD74_CD44,0.170288232601822,0,138,631
40389_Dg,GSE227903,Diagnosis,cellchat,EoBasoMast Precursor,Monocyte,MIF,CD74_CD44,0.160163534997643,0,24,631
40389_Dg,GSE227903,Diagnosis,cellchat,HSC MPP,Monocyte,MIF,CD74_CD44,0.138750589099821,0.01,54,631
40389_Dg,GSE227903,Diagnosis,cellchat,Late GMP,Monocyte,MIF,CD74_CD44,0.172886985809218,0,158,631
40389_Dg,GSE227903,Diagnosis,cellchat,LMPP,Monocyte,MIF,CD74_CD44,0.152869221953489,0,33,631
40389_Dg,GSE227903,Diagnosis,cellchat,MEP,Monocyte,MIF,CD74_CD44,0.164529449793035,0,27,631
40389_Dg,GSE227903,Diagnosis,cellchat,NK,Monocyte,MIF,CD74_CD44,0.123930805079997,0.27,22,631
40389_Dg,GSE227903,Diagnosis,cellchat,Pre-B,Monocyte,MIF,CD74_CD44,0.101490278725258,0.77,140,631
40389_Dg,GSE227903,Diagnosis,cellchat,Pro-B,Monocyte,MIF,CD74_CD44,0.114506826621638,0.4,87,631
40389_Dg,GSE227903,Diagnosis,cellchat,Pro-Monocyte,Monocyte,MIF,CD74_CD44,0.101045303506552,0.8,110,631
40389_Dg,GSE227903,Diagnosis,cellchat,CD4 Memory T,NK,MIF,CD74_CD44,0.0890541617139469,0.79,21,22
40389_Dg,GSE227903,Diagnosis,cellchat,CD8 Memory T,NK,MIF,CD74_CD44,0.0705475958725488,0.99,358,22
40389_Dg,GSE227903,Diagnosis,cellchat,cDC,NK,MIF,CD74_CD44,0.0983860548081673,0.63,196,22
40389_Dg,GSE227903,Diagnosis,cellchat,Cycling Progenitor,NK,MIF,CD74_CD44,0.119307982885113,0.32,24,22
40389_Dg,GSE227903,Diagnosis,cellchat,Early Erythroid,NK,MIF,CD74_CD44,0.139826309029967,0.03,48,22
40389_Dg,GSE227903,Diagnosis,cellchat,Early GMP,NK,MIF,CD74_CD44,0.127010796620299,0.09,138,22
40389_Dg,GSE227903,Diagnosis,cellchat,EoBasoMast Precursor,NK,MIF,CD74_CD44,0.119089889330867,0.3,24,22
40389_Dg,GSE227903,Diagnosis,cellchat,HSC MPP,NK,MIF,CD74_CD44,0.102498065755701,0.53,54,22
40389_Dg,GSE227903,Diagnosis,cellchat,Late GMP,NK,MIF,CD74_CD44,0.129051822449481,0.07,158,22
40389_Dg,GSE227903,Diagnosis,cellchat,LMPP,NK,MIF,CD74_CD44,0.113413577325225,0.34,33,22
40389_Dg,GSE227903,Diagnosis,cellchat,MEP,NK,MIF,CD74_CD44,0.122499483868042,0.26,27,22
40389_Dg,GSE227903,Diagnosis,cellchat,NK,NK,MIF,CD74_CD44,0.0911406114860317,0.72,22,22
40389_Dg,GSE227903,Diagnosis,cellchat,pDC,NK,MIF,CD74_CD44,0.0690923277877988,0.99,544,22
40389_Dg,GSE227903,Diagnosis,cellchat,Pre-B,NK,MIF,CD74_CD44,0.0741350662053511,0.98,140,22
40389_Dg,GSE227903,Diagnosis,cellchat,Pro-B,NK,MIF,CD74_CD44,0.0839710776194191,0.89,87,22
40389_Dg,GSE227903,Diagnosis,cellchat,Pro-Monocyte,NK,MIF,CD74_CD44,0.073800176383859,0.99,110,22
40389_Dg,GSE227903,Diagnosis,cellchat,B,pDC,MIF,CD74_CD44,0.0764427622812898,0.98,17,544
40389_Dg,GSE227903,Diagnosis,cellchat,CD4 Memory T,pDC,MIF,CD74_CD44,0.119016638371684,0.41,21,544
40389_Dg,GSE227903,Diagnosis,cellchat,CD8 Memory T,pDC,MIF,CD74_CD44,0.0949323861973778,0.99,358,544
40389_Dg,GSE227903,Diagnosis,cellchat,cDC,pDC,MIF,CD74_CD44,0.131036627234224,0.01,196,544
40389_Dg,GSE227903,Diagnosis,cellchat,Cycling Progenitor,pDC,MIF,CD74_CD44,0.157687417610167,0.01,24,544
40389_Dg,GSE227903,Diagnosis,cellchat,Early Erythroid,pDC,MIF,CD74_CD44,0.183431414786783,0,48,544
40389_Dg,GSE227903,Diagnosis,cellchat,Early GMP,pDC,MIF,CD74_CD44,0.167397121135061,0,138,544
40389_Dg,GSE227903,Diagnosis,cellchat,EoBasoMast Precursor,pDC,MIF,CD74_CD44,0.157411706546195,0,24,544
40389_Dg,GSE227903,Diagnosis,cellchat,HSC MPP,pDC,MIF,CD74_CD44,0.136306952905437,0.01,54,544
40389_Dg,GSE227903,Diagnosis,cellchat,Late GMP,pDC,MIF,CD74_CD44,0.169960791237034,0,158,544
40389_Dg,GSE227903,Diagnosis,cellchat,LMPP,pDC,MIF,CD74_CD44,0.150220302846664,0,33,544
40389_Dg,GSE227903,Diagnosis,cellchat,MEP,pDC,MIF,CD74_CD44,0.161717053176628,0.01,27,544
40389_Dg,GSE227903,Diagnosis,cellchat,NK,pDC,MIF,CD74_CD44,0.121711286100946,0.3,22,544
40389_Dg,GSE227903,Diagnosis,cellchat,Pre-B,pDC,MIF,CD74_CD44,0.0996269511037685,0.82,140,544
40389_Dg,GSE227903,Diagnosis,cellchat,Pro-B,pDC,MIF,CD74_CD44,0.112434424067402,0.44,87,544
40389_Dg,GSE227903,Diagnosis,cellchat,Pro-Monocyte,pDC,MIF,CD74_CD44,0.099189243614664,0.88,110,544
40389_Dg,GSE227903,Diagnosis,cellchat,CD4 Memory T,Plasma Cell,MIF,CD74_CD44,0.0604598548376541,0.98,21,30
40389_Dg,GSE227903,Diagnosis,cellchat,Cycling Progenitor,Plasma Cell,MIF,CD74_CD44,0.081872583421712,0.94,24,30
40389_Dg,GSE227903,Diagnosis,cellchat,Early Erythroid,Plasma Cell,MIF,CD74_CD44,0.0966594538912743,0.8,48,30
40389_Dg,GSE227903,Diagnosis,cellchat,Early GMP,Plasma Cell,MIF,CD74_CD44,0.0873983276022147,0.93,138,30
40389_Dg,GSE227903,Diagnosis,cellchat,EoBasoMast Precursor,Plasma Cell,MIF,CD74_CD44,0.0817165717919775,0.92,24,30
40389_Dg,GSE227903,Diagnosis,cellchat,Late GMP,Plasma Cell,MIF,CD74_CD44,0.0888675927008307,0.92,158,30
40389_Dg,GSE227903,Diagnosis,cellchat,LMPP,Plasma Cell,MIF,CD74_CD44,0.0776645728797548,0.96,33,30
40389_Dg,GSE227903,Diagnosis,cellchat,MEP,Plasma Cell,MIF,CD74_CD44,0.0841583768015796,0.92,27,30
40389_Dg,GSE227903,Diagnosis,cellchat,NK,Plasma Cell,MIF,CD74_CD44,0.0619219078173217,0.97,22,30
40389_Dg,GSE227903,Diagnosis,cellchat,CD4 Memory T,Pre-B,MIF,CD74_CD44,0.0485897857689965,0.99,21,140
40389_Dg,GSE227903,Diagnosis,cellchat,Cycling Progenitor,Pre-B,MIF,CD74_CD44,0.0660942961637724,0.99,24,140
40389_Dg,GSE227903,Diagnosis,cellchat,EoBasoMast Precursor,Pre-B,MIF,CD74_CD44,0.0659661905058434,0.98,24,140
40389_Dg,GSE227903,Diagnosis,cellchat,NK,Pre-B,MIF,CD74_CD44,0.049780002817088,0.99,22,140
40389_Dg,GSE227903,Diagnosis,cellchat,CD4 Memory T,Pro-B,MIF,CD74_CD44,0.0485261595130181,0.99,21,87
40389_Dg,GSE227903,Diagnosis,cellchat,Cycling Progenitor,Pro-B,MIF,CD74_CD44,0.0660093387961151,0.98,24,87
40389_Dg,GSE227903,Diagnosis,cellchat,EoBasoMast Precursor,Pro-B,MIF,CD74_CD44,0.0658813861885058,0.97,24,87
40389_Dg,GSE227903,Diagnosis,cellchat,NK,Pro-B,MIF,CD74_CD44,0.0497148994622796,0.99,22,87
40389_Dg,GSE227903,Diagnosis,cellchat,B,Pro-Monocyte,MIF,CD74_CD44,0.0755701024263124,0.98,17,110
40389_Dg,GSE227903,Diagnosis,cellchat,CD4 Memory T,Pro-Monocyte,MIF,CD74_CD44,0.117719910634244,0.43,21,110
40389_Dg,GSE227903,Diagnosis,cellchat,CD8 Memory T,Pro-Monocyte,MIF,CD74_CD44,0.093870104989064,0.94,358,110
40389_Dg,GSE227903,Diagnosis,cellchat,cDC,Pro-Monocyte,MIF,CD74_CD44,0.12962820732126,0.02,196,110
40389_Dg,GSE227903,Diagnosis,cellchat,Cycling Progenitor,Pro-Monocyte,MIF,CD74_CD44,0.156043986531193,0.02,24,110
40389_Dg,GSE227903,Diagnosis,cellchat,Early Erythroid,Pro-Monocyte,MIF,CD74_CD44,0.181577516469917,0,48,110
40389_Dg,GSE227903,Diagnosis,cellchat,Early GMP,Pro-Monocyte,MIF,CD74_CD44,0.165672398596439,0,138,110
40389_Dg,GSE227903,Diagnosis,cellchat,EoBasoMast Precursor,Pro-Monocyte,MIF,CD74_CD44,0.155770617551125,0,24,110
40389_Dg,GSE227903,Diagnosis,cellchat,HSC MPP,Pro-Monocyte,MIF,CD74_CD44,0.134850676797295,0.03,54,110
40389_Dg,GSE227903,Diagnosis,cellchat,Late GMP,Pro-Monocyte,MIF,CD74_CD44,0.168214991290983,0,158,110
40389_Dg,GSE227903,Diagnosis,cellchat,LMPP,Pro-Monocyte,MIF,CD74_CD44,0.148640961420656,0.01,33,110
40389_Dg,GSE227903,Diagnosis,cellchat,MEP,Pro-Monocyte,MIF,CD74_CD44,0.160039604384982,0,27,110
40389_Dg,GSE227903,Diagnosis,cellchat,NK,Pro-Monocyte,MIF,CD74_CD44,0.120389211256756,0.31,22,110
40389_Dg,GSE227903,Diagnosis,cellchat,pDC,Pro-Monocyte,MIF,CD74_CD44,0.0919813472773207,0.98,544,110
40389_Dg,GSE227903,Diagnosis,cellchat,Pre-B,Pro-Monocyte,MIF,CD74_CD44,0.0985178564517888,0.86,140,110
40389_Dg,GSE227903,Diagnosis,cellchat,Pro-B,Pro-Monocyte,MIF,CD74_CD44,0.111200359700322,0.46,87,110
40389_Dg,GSE227903,Diagnosis,cellchat,Pro-Monocyte,Pro-Monocyte,MIF,CD74_CD44,0.0980844909031121,0.85,110,110
40389_Dg,GSE227903,Diagnosis,cellchat,NK,pDC,CSF2,CSF2RA_CSF2RB,0.0019145028570167,0,22,544
40389_Dg,GSE227903,Diagnosis,cellchat,CD8 Memory T,cDC,IFNG,IFNGR1_IFNGR2,0.00884810029101438,0,358,196
40389_Dg,GSE227903,Diagnosis,cellchat,CD8 Memory T,Cycling Progenitor,IFNG,IFNGR1_IFNGR2,0.00567971821447275,0,358,24
40389_Dg,GSE227903,Diagnosis,cellchat,CD8 Memory T,Early Erythroid,IFNG,IFNGR1_IFNGR2,0.00105273096494006,0,358,48
40389_Dg,GSE227903,Diagnosis,cellchat,CD8 Memory T,Early GMP,IFNG,IFNGR1_IFNGR2,0.00370391828726813,0,358,138
40389_Dg,GSE227903,Diagnosis,cellchat,CD8 Memory T,EoBasoMast Precursor,IFNG,IFNGR1_IFNGR2,0.00159235787879579,0,358,24
40389_Dg,GSE227903,Diagnosis,cellchat,CD8 Memory T,HSC MPP,IFNG,IFNGR1_IFNGR2,0.00356709960426124,0,358,54
40389_Dg,GSE227903,Diagnosis,cellchat,CD8 Memory T,Late GMP,IFNG,IFNGR1_IFNGR2,0.00276099917654593,0,358,158
40389_Dg,GSE227903,Diagnosis,cellchat,CD8 Memory T,LMPP,IFNG,IFNGR1_IFNGR2,0.00162810173703912,0,358,33
40389_Dg,GSE227903,Diagnosis,cellchat,CD8 Memory T,MEP,IFNG,IFNGR1_IFNGR2,0.00231823033482034,0,358,27
40389_Dg,GSE227903,Diagnosis,cellchat,CD8 Memory T,Monocyte,IFNG,IFNGR1_IFNGR2,0.00523662492768967,0,358,631
40389_Dg,GSE227903,Diagnosis,cellchat,CD8 Memory T,pDC,IFNG,IFNGR1_IFNGR2,0.0020813663514946,0,358,544
40389_Dg,GSE227903,Diagnosis,cellchat,CD8 Memory T,Pre-B,IFNG,IFNGR1_IFNGR2,0.00235224900143389,0,358,140
40389_Dg,GSE227903,Diagnosis,cellchat,CD8 Memory T,Pro-B,IFNG,IFNGR1_IFNGR2,0.000938679221852735,0,358,87
40389_Dg,GSE227903,Diagnosis,cellchat,CD8 Memory T,Pro-Monocyte,IFNG,IFNGR1_IFNGR2,0.00377845431417558,0,358,110
40389_Dg,GSE227903,Diagnosis,cellchat,Monocyte,cDC,TNF,TNFRSF1A,0.00185615023130665,0,631,196
40389_Dg,GSE227903,Diagnosis,cellchat,Pro-B,cDC,TNF,TNFRSF1A,0.00126096056569615,0.01,87,196
40389_Dg,GSE227903,Diagnosis,cellchat,Monocyte,Cycling Progenitor,TNF,TNFRSF1A,0.00462137535679759,0,631,24
40389_Dg,GSE227903,Diagnosis,cellchat,Pro-B,Cycling Progenitor,TNF,TNFRSF1A,0.0031422851884837,0,87,24
40389_Dg,GSE227903,Diagnosis,cellchat,Monocyte,Early Erythroid,TNF,TNFRSF1A,0.000918940908052185,0,631,48
40389_Dg,GSE227903,Diagnosis,cellchat,Pro-B,Early Erythroid,TNF,TNFRSF1A,0.000624087131387819,0.01,87,48
40389_Dg,GSE227903,Diagnosis,cellchat,Monocyte,Early GMP,TNF,TNFRSF1A,0.00504724001567163,0,631,138
40389_Dg,GSE227903,Diagnosis,cellchat,Pro-B,Early GMP,TNF,TNFRSF1A,0.00343232011010912,0,87,138
40389_Dg,GSE227903,Diagnosis,cellchat,Monocyte,EoBasoMast Precursor,TNF,TNFRSF1A,0.000118964577644092,0,631,24
40389_Dg,GSE227903,Diagnosis,cellchat,Pro-B,EoBasoMast Precursor,TNF,TNFRSF1A,8.0772540994669e-05,0.01,87,24
40389_Dg,GSE227903,Diagnosis,cellchat,Monocyte,HSC MPP,TNF,TNFRSF1A,0.0046251583326751,0,631,54
40389_Dg,GSE227903,Diagnosis,cellchat,Pro-B,HSC MPP,TNF,TNFRSF1A,0.00314486123273152,0,87,54
40389_Dg,GSE227903,Diagnosis,cellchat,Monocyte,Late GMP,TNF,TNFRSF1A,0.00476166757361384,0,631,158
40389_Dg,GSE227903,Diagnosis,cellchat,Pro-B,Late GMP,TNF,TNFRSF1A,0.00323782236173427,0,87,158
40389_Dg,GSE227903,Diagnosis,cellchat,Monocyte,LMPP,TNF,TNFRSF1A,0.00146400550580729,0,631,33
40389_Dg,GSE227903,Diagnosis,cellchat,Pro-B,LMPP,TNF,TNFRSF1A,0.000994434958136184,0.01,87,33
40389_Dg,GSE227903,Diagnosis,cellchat,Monocyte,MEP,TNF,TNFRSF1A,0.00239624521026367,0,631,27
40389_Dg,GSE227903,Diagnosis,cellchat,Pro-B,MEP,TNF,TNFRSF1A,0.00162815219495155,0,87,27
40389_Dg,GSE227903,Diagnosis,cellchat,Monocyte,Monocyte,TNF,TNFRSF1A,0.00191946529072817,0,631,631
40389_Dg,GSE227903,Diagnosis,cellchat,Pro-B,Monocyte,TNF,TNFRSF1A,0.00130399966011561,0,87,631
40389_Dg,GSE227903,Diagnosis,cellchat,Monocyte,pDC,TNF,TNFRSF1A,0.00129556767324642,0,631,544
40389_Dg,GSE227903,Diagnosis,cellchat,Pro-B,pDC,TNF,TNFRSF1A,0.000879974889101742,0.01,87,544
40389_Dg,GSE227903,Diagnosis,cellchat,Monocyte,Pro-B,TNF,TNFRSF1A,0.00146850884249921,0,631,87
40389_Dg,GSE227903,Diagnosis,cellchat,Pro-B,Pro-B,TNF,TNFRSF1A,0.00099749532085158,0,87,87
40389_Dg,GSE227903,Diagnosis,cellchat,Monocyte,Pro-Monocyte,TNF,TNFRSF1A,0.00174670009866667,0,631,110
40389_Dg,GSE227903,Diagnosis,cellchat,Pro-B,Pro-Monocyte,TNF,TNFRSF1A,0.00118656478691198,0,87,110
40389_Dg,GSE227903,Diagnosis,cellchat,Monocyte,CD4 Memory T,TNF,TNFRSF1B,0.00635660699383483,0,631,21
40389_Dg,GSE227903,Diagnosis,cellchat,Pro-B,CD4 Memory T,TNF,TNFRSF1B,0.00432456168550143,0,87,21
40389_Dg,GSE227903,Diagnosis,cellchat,Monocyte,CD8 Memory T,TNF,TNFRSF1B,0.00350978179374275,0,631,358
40389_Dg,GSE227903,Diagnosis,cellchat,Pro-B,CD8 Memory T,TNF,TNFRSF1B,0.00238560904305565,0,87,358
40389_Dg,GSE227903,Diagnosis,cellchat,Monocyte,cDC,TNF,TNFRSF1B,0.00710726075551277,0,631,196
40389_Dg,GSE227903,Diagnosis,cellchat,Pro-B,cDC,TNF,TNFRSF1B,0.00483641855911481,0,87,196
40389_Dg,GSE227903,Diagnosis,cellchat,Monocyte,Monocyte,TNF,TNFRSF1B,0.00782965427206464,0,631,631
40389_Dg,GSE227903,Diagnosis,cellchat,Pro-B,Monocyte,TNF,TNFRSF1B,0.00532923884741691,0,87,631
40389_Dg,GSE227903,Diagnosis,cellchat,Monocyte,NK,TNF,TNFRSF1B,0.00252965221591883,0,631,22
40389_Dg,GSE227903,Diagnosis,cellchat,Pro-B,NK,TNF,TNFRSF1B,0.00171887056640389,0.01,87,22
40389_Dg,GSE227903,Diagnosis,cellchat,Monocyte,pDC,TNF,TNFRSF1B,0.00154400654644333,0,631,544
40389_Dg,GSE227903,Diagnosis,cellchat,Pro-B,pDC,TNF,TNFRSF1B,0.00104880312029308,0.01,87,544
40389_Dg,GSE227903,Diagnosis,cellchat,cDC,cDC,TNFSF14,LTBR,0.00125810184855466,0,196,196
40389_Dg,GSE227903,Diagnosis,cellchat,Monocyte,cDC,TNFSF14,LTBR,0.0069047387114257,0,631,196
40389_Dg,GSE227903,Diagnosis,cellchat,NK,cDC,TNFSF14,LTBR,0.00159845996714236,0,22,196
40389_Dg,GSE227903,Diagnosis,cellchat,Pro-Monocyte,cDC,TNFSF14,LTBR,0.002171715775438,0,110,196
40389_Dg,GSE227903,Diagnosis,cellchat,cDC,Cycling Progenitor,TNFSF14,LTBR,0.000643718626373443,0.03,196,24
40389_Dg,GSE227903,Diagnosis,cellchat,Monocyte,Cycling Progenitor,TNFSF14,LTBR,0.00354265003539957,0,631,24
40389_Dg,GSE227903,Diagnosis,cellchat,NK,Cycling Progenitor,TNFSF14,LTBR,0.000818001915868146,0.04,22,24
40389_Dg,GSE227903,Diagnosis,cellchat,Pro-Monocyte,Cycling Progenitor,TNFSF14,LTBR,0.0011116736502542,0.01,110,24
40389_Dg,GSE227903,Diagnosis,cellchat,cDC,Early GMP,TNFSF14,LTBR,0.000985960804480239,0,196,138
40389_Dg,GSE227903,Diagnosis,cellchat,Monocyte,Early GMP,TNFSF14,LTBR,0.00541779479599009,0,631,138
40389_Dg,GSE227903,Diagnosis,cellchat,NK,Early GMP,TNFSF14,LTBR,0.00125278812930505,0,22,138
40389_Dg,GSE227903,Diagnosis,cellchat,Pro-Monocyte,Early GMP,TNFSF14,LTBR,0.00170228699006125,0,110,138
40389_Dg,GSE227903,Diagnosis,cellchat,cDC,Late GMP,TNFSF14,LTBR,0.00092379761483173,0,196,158
40389_Dg,GSE227903,Diagnosis,cellchat,Monocyte,Late GMP,TNFSF14,LTBR,0.00507763203171983,0,631,158
40389_Dg,GSE227903,Diagnosis,cellchat,NK,Late GMP,TNFSF14,LTBR,0.00117382168711758,0,22,158
40389_Dg,GSE227903,Diagnosis,cellchat,Pro-Monocyte,Late GMP,TNFSF14,LTBR,0.00159503273307999,0,110,158
40389_Dg,GSE227903,Diagnosis,cellchat,cDC,LMPP,TNFSF14,LTBR,0.000862935408433972,0,196,33
40389_Dg,GSE227903,Diagnosis,cellchat,Monocyte,LMPP,TNFSF14,LTBR,0.00474440391474016,0,631,33
40389_Dg,GSE227903,Diagnosis,cellchat,NK,LMPP,TNFSF14,LTBR,0.00109650531859624,0,22,33
40389_Dg,GSE227903,Diagnosis,cellchat,Pro-Monocyte,LMPP,TNFSF14,LTBR,0.00149001375244967,0,110,33
40389_Dg,GSE227903,Diagnosis,cellchat,cDC,MEP,TNFSF14,LTBR,0.000901505769286152,0,196,27
40389_Dg,GSE227903,Diagnosis,cellchat,Monocyte,MEP,TNFSF14,LTBR,0.00495560260584275,0,631,27
40389_Dg,GSE227903,Diagnosis,cellchat,NK,MEP,TNFSF14,LTBR,0.00114550351335059,0.01,22,27
40389_Dg,GSE227903,Diagnosis,cellchat,Pro-Monocyte,MEP,TNFSF14,LTBR,0.00155656877715236,0,110,27
40389_Dg,GSE227903,Diagnosis,cellchat,cDC,CD4 Memory T,TNFSF14,TNFRSF14,0.00212454277273864,0,196,21
40389_Dg,GSE227903,Diagnosis,cellchat,Monocyte,CD4 Memory T,TNFSF14,TNFRSF14,0.0116147324225406,0,631,21
40389_Dg,GSE227903,Diagnosis,cellchat,NK,CD4 Memory T,TNFSF14,TNFRSF14,0.00269866842198308,0.01,22,21
40389_Dg,GSE227903,Diagnosis,cellchat,Pro-Monocyte,CD4 Memory T,TNFSF14,TNFRSF14,0.00366504364076457,0,110,21
40389_Dg,GSE227903,Diagnosis,cellchat,cDC,CD8 Memory T,TNFSF14,TNFRSF14,0.00302617123225582,0,196,358
40389_Dg,GSE227903,Diagnosis,cellchat,Monocyte,CD8 Memory T,TNFSF14,TNFRSF14,0.0164773704333709,0,631,358
40389_Dg,GSE227903,Diagnosis,cellchat,NK,CD8 Memory T,TNFSF14,TNFRSF14,0.00384301002870368,0,22,358
40389_Dg,GSE227903,Diagnosis,cellchat,Pro-Monocyte,CD8 Memory T,TNFSF14,TNFRSF14,0.00521702274590446,0,110,358
40389_Dg,GSE227903,Diagnosis,cellchat,cDC,Early Erythroid,TNFSF14,TNFRSF14,0.000106033481513911,0.02,196,48
40389_Dg,GSE227903,Diagnosis,cellchat,Monocyte,Early Erythroid,TNFSF14,TNFRSF14,0.000584963489860454,0.01,631,48
40389_Dg,GSE227903,Diagnosis,cellchat,NK,Early Erythroid,TNFSF14,TNFRSF14,0.000134761095926924,0.03,22,48
40389_Dg,GSE227903,Diagnosis,cellchat,Pro-Monocyte,Early Erythroid,TNFSF14,TNFRSF14,0.000183186790597333,0.02,110,48
40389_Dg,GSE227903,Diagnosis,cellchat,cDC,HSC MPP,TNFSF14,TNFRSF14,0.00069305378349446,0.01,196,54
40389_Dg,GSE227903,Diagnosis,cellchat,Monocyte,HSC MPP,TNFSF14,TNFRSF14,0.00381331404980448,0,631,54
40389_Dg,GSE227903,Diagnosis,cellchat,NK,HSC MPP,TNFSF14,TNFRSF14,0.000880682525294568,0.01,22,54
40389_Dg,GSE227903,Diagnosis,cellchat,Pro-Monocyte,HSC MPP,TNFSF14,TNFRSF14,0.00119683033731294,0,110,54
40389_Dg,GSE227903,Diagnosis,cellchat,cDC,LMPP,TNFSF14,TNFRSF14,0.000828539274710342,0,196,33
40389_Dg,GSE227903,Diagnosis,cellchat,Monocyte,LMPP,TNFSF14,TNFRSF14,0.0045560000500506,0,631,33
40389_Dg,GSE227903,Diagnosis,cellchat,NK,LMPP,TNFSF14,TNFRSF14,0.00105280902600119,0,22,33
40389_Dg,GSE227903,Diagnosis,cellchat,Pro-Monocyte,LMPP,TNFSF14,TNFRSF14,0.00143065840886882,0,110,33
40389_Dg,GSE227903,Diagnosis,cellchat,cDC,MEP,TNFSF14,TNFRSF14,0.000503377923917471,0.01,196,27
40389_Dg,GSE227903,Diagnosis,cellchat,Monocyte,MEP,TNFSF14,TNFRSF14,0.00277205016113126,0,631,27
40389_Dg,GSE227903,Diagnosis,cellchat,NK,MEP,TNFSF14,TNFRSF14,0.000639689059097348,0.06,22,27
40389_Dg,GSE227903,Diagnosis,cellchat,Pro-Monocyte,MEP,TNFSF14,TNFRSF14,0.000869400207211569,0.01,110,27
40389_Dg,GSE227903,Diagnosis,cellchat,cDC,Pre-B,TNFSF14,TNFRSF14,0.000814721196731591,0,196,140
40389_Dg,GSE227903,Diagnosis,cellchat,Monocyte,Pre-B,TNFSF14,TNFRSF14,0.00448029548071594,0,631,140
40389_Dg,GSE227903,Diagnosis,cellchat,NK,Pre-B,TNFSF14,TNFRSF14,0.00103525453368958,0,22,140
40389_Dg,GSE227903,Diagnosis,cellchat,Pro-Monocyte,Pre-B,TNFSF14,TNFRSF14,0.00140681254484074,0,110,140
40389_Dg,GSE227903,Diagnosis,cellchat,cDC,Pro-B,TNFSF14,TNFRSF14,0.00104071345457181,0,196,87
40389_Dg,GSE227903,Diagnosis,cellchat,Monocyte,Pro-B,TNFSF14,TNFRSF14,0.00571724882616544,0,631,87
40389_Dg,GSE227903,Diagnosis,cellchat,NK,Pro-B,TNFSF14,TNFRSF14,0.00132233869560898,0,22,87
40389_Dg,GSE227903,Diagnosis,cellchat,Pro-Monocyte,Pro-B,TNFSF14,TNFRSF14,0.00179674732170927,0,110,87
40389_Dg,GSE227903,Diagnosis,cellchat,cDC,B,TNFSF13B,TNFRSF13C,0.00186493383786829,0,196,17
40389_Dg,GSE227903,Diagnosis,cellchat,Cycling Progenitor,B,TNFSF13B,TNFRSF13C,0.00150602007301014,0,24,17
40389_Dg,GSE227903,Diagnosis,cellchat,Early Erythroid,B,TNFSF13B,TNFRSF13C,0.0010305239759301,0,48,17
40389_Dg,GSE227903,Diagnosis,cellchat,Early GMP,B,TNFSF13B,TNFRSF13C,0.00265062555128015,0,138,17
40389_Dg,GSE227903,Diagnosis,cellchat,Late GMP,B,TNFSF13B,TNFRSF13C,0.00221771473491501,0,158,17
40389_Dg,GSE227903,Diagnosis,cellchat,LMPP,B,TNFSF13B,TNFRSF13C,0.00188313308133176,0,33,17
40389_Dg,GSE227903,Diagnosis,cellchat,Early Erythroid,cDC,CD40LG,ITGA5_ITGB1,0.000620003777183864,0,48,196
40389_Dg,GSE227903,Diagnosis,cellchat,Early Erythroid,Cycling Progenitor,CD40LG,ITGA5_ITGB1,0.00029399184317217,0,48,24
40389_Dg,GSE227903,Diagnosis,cellchat,Early Erythroid,Early Erythroid,CD40LG,ITGA5_ITGB1,0.000147906670450304,0,48,48
40389_Dg,GSE227903,Diagnosis,cellchat,Early Erythroid,Early GMP,CD40LG,ITGA5_ITGB1,0.000281281893245311,0,48,138
40389_Dg,GSE227903,Diagnosis,cellchat,Early Erythroid,EoBasoMast Precursor,CD40LG,ITGA5_ITGB1,4.89372087897229e-05,0,48,24
40389_Dg,GSE227903,Diagnosis,cellchat,Early Erythroid,HSC MPP,CD40LG,ITGA5_ITGB1,0.000163095540726476,0,48,54
40389_Dg,GSE227903,Diagnosis,cellchat,Early Erythroid,Late GMP,CD40LG,ITGA5_ITGB1,0.000225494974546625,0,48,158
40389_Dg,GSE227903,Diagnosis,cellchat,Early Erythroid,LMPP,CD40LG,ITGA5_ITGB1,0.000288245389323869,0,48,33
40389_Dg,GSE227903,Diagnosis,cellchat,Early Erythroid,MEP,CD40LG,ITGA5_ITGB1,0.000267983540540825,0,48,27
40389_Dg,GSE227903,Diagnosis,cellchat,Early Erythroid,Monocyte,CD40LG,ITGA5_ITGB1,0.000735694561102612,0,48,631
40389_Dg,GSE227903,Diagnosis,cellchat,Early Erythroid,Pro-B,CD40LG,ITGA5_ITGB1,9.35356831809702e-05,0,48,87
40389_Dg,GSE227903,Diagnosis,cellchat,Early Erythroid,Pro-Monocyte,CD40LG,ITGA5_ITGB1,0.000320926309252754,0,48,110
40389_Dg,GSE227903,Diagnosis,cellchat,Early Erythroid,NK,CD40LG,ITGAM_ITGB2,0.000284921300067874,0,48,22
40389_Dg,GSE227903,Diagnosis,cellchat,Monocyte,Monocyte,RETN,TLR4,0.00333800523985489,0,631,631
40389_Dg,GSE227903,Diagnosis,cellchat,Pro-Monocyte,Monocyte,RETN,TLR4,0.0042881265342957,0,110,631
40389_Dg,GSE227903,Diagnosis,cellchat,Monocyte,CD4 Memory T,RETN,CAP1,0.0156028267252258,0,631,21
40389_Dg,GSE227903,Diagnosis,cellchat,Pro-Monocyte,CD4 Memory T,RETN,CAP1,0.0199740121495185,0,110,21
40389_Dg,GSE227903,Diagnosis,cellchat,Monocyte,CD8 Memory T,RETN,CAP1,0.0050879785468923,0,631,358
40389_Dg,GSE227903,Diagnosis,cellchat,Pro-Monocyte,CD8 Memory T,RETN,CAP1,0.00653294276906983,0,110,358
40389_Dg,GSE227903,Diagnosis,cellchat,Monocyte,cDC,RETN,CAP1,0.0154175322051602,0,631,196
40389_Dg,GSE227903,Diagnosis,cellchat,Pro-Monocyte,cDC,RETN,CAP1,0.0197378475836373,0,110,196
40389_Dg,GSE227903,Diagnosis,cellchat,Monocyte,Cycling Progenitor,RETN,CAP1,0.00882446801102598,0,631,24
40389_Dg,GSE227903,Diagnosis,cellchat,Pro-Monocyte,Cycling Progenitor,RETN,CAP1,0.0113185072927806,0,110,24
40389_Dg,GSE227903,Diagnosis,cellchat,Monocyte,Early Erythroid,RETN,CAP1,0.00684721586437911,0,631,48
40389_Dg,GSE227903,Diagnosis,cellchat,Pro-Monocyte,Early Erythroid,RETN,CAP1,0.00878738321834428,0,110,48
40389_Dg,GSE227903,Diagnosis,cellchat,Monocyte,Early GMP,RETN,CAP1,0.00933540518515521,0,631,138
40389_Dg,GSE227903,Diagnosis,cellchat,Pro-Monocyte,Early GMP,RETN,CAP1,0.0119721052521222,0,110,138
40389_Dg,GSE227903,Diagnosis,cellchat,Monocyte,EoBasoMast Precursor,RETN,CAP1,0.0115521344385225,0,631,24
40389_Dg,GSE227903,Diagnosis,cellchat,Pro-Monocyte,EoBasoMast Precursor,RETN,CAP1,0.0148055724230727,0,110,24
40389_Dg,GSE227903,Diagnosis,cellchat,Monocyte,HSC MPP,RETN,CAP1,0.00736372715027069,0,631,54
40389_Dg,GSE227903,Diagnosis,cellchat,Pro-Monocyte,HSC MPP,RETN,CAP1,0.0094488562229874,0,110,54
40389_Dg,GSE227903,Diagnosis,cellchat,Monocyte,Late GMP,RETN,CAP1,0.0106386324633419,0,631,158
40389_Dg,GSE227903,Diagnosis,cellchat,Pro-Monocyte,Late GMP,RETN,CAP1,0.0136383498178285,0,110,158
40389_Dg,GSE227903,Diagnosis,cellchat,Monocyte,LMPP,RETN,CAP1,0.00615904994568778,0,631,33
40389_Dg,GSE227903,Diagnosis,cellchat,Pro-Monocyte,LMPP,RETN,CAP1,0.00790577680524034,0,110,33
40389_Dg,GSE227903,Diagnosis,cellchat,Monocyte,MEP,RETN,CAP1,0.010049022740402,0,631,27
40389_Dg,GSE227903,Diagnosis,cellchat,Pro-Monocyte,MEP,RETN,CAP1,0.0128846561424331,0,110,27
40389_Dg,GSE227903,Diagnosis,cellchat,Monocyte,Monocyte,RETN,CAP1,0.0141142143382249,0,631,631
40389_Dg,GSE227903,Diagnosis,cellchat,Pro-Monocyte,Monocyte,RETN,CAP1,0.0180760178014129,0,110,631
40389_Dg,GSE227903,Diagnosis,cellchat,Monocyte,pDC,RETN,CAP1,0.0092425486403972,0,631,544
40389_Dg,GSE227903,Diagnosis,cellchat,Pro-Monocyte,pDC,RETN,CAP1,0.0118533360238254,0,110,544
40389_Dg,GSE227903,Diagnosis,cellchat,Monocyte,Pre-B,RETN,CAP1,0.00648159240574855,0,631,140
40389_Dg,GSE227903,Diagnosis,cellchat,Pro-Monocyte,Pre-B,RETN,CAP1,0.00831902767825855,0,110,140
40389_Dg,GSE227903,Diagnosis,cellchat,Monocyte,Pro-B,RETN,CAP1,0.00825212997905324,0,631,87
40389_Dg,GSE227903,Diagnosis,cellchat,Pro-Monocyte,Pro-B,RETN,CAP1,0.0105861383116571,0,110,87
40389_Dg,GSE227903,Diagnosis,cellchat,Monocyte,Pro-Monocyte,RETN,CAP1,0.0134940646521094,0,631,110
40389_Dg,GSE227903,Diagnosis,cellchat,Pro-Monocyte,Pro-Monocyte,RETN,CAP1,0.0172848464905927,0,110,110
40389_Dg,GSE227903,Diagnosis,cellchat,CD4 Memory T,cDC,NAMPT,ITGA5_ITGB1,0.0336933889404422,0,21,196
40389_Dg,GSE227903,Diagnosis,cellchat,cDC,cDC,NAMPT,ITGA5_ITGB1,0.0472088824367502,0,196,196
40389_Dg,GSE227903,Diagnosis,cellchat,Cycling Progenitor,cDC,NAMPT,ITGA5_ITGB1,0.0176581326443215,0.13,24,196
40389_Dg,GSE227903,Diagnosis,cellchat,Early Erythroid,cDC,NAMPT,ITGA5_ITGB1,0.003333599697234,0.99,48,196
40389_Dg,GSE227903,Diagnosis,cellchat,Early GMP,cDC,NAMPT,ITGA5_ITGB1,0.0265131653456751,0,138,196
40389_Dg,GSE227903,Diagnosis,cellchat,EoBasoMast Precursor,cDC,NAMPT,ITGA5_ITGB1,0.0539760870276281,0,24,196
40389_Dg,GSE227903,Diagnosis,cellchat,HSC MPP,cDC,NAMPT,ITGA5_ITGB1,0.0078994352512549,0.68,54,196
40389_Dg,GSE227903,Diagnosis,cellchat,Late GMP,cDC,NAMPT,ITGA5_ITGB1,0.0350605672568944,0,158,196
40389_Dg,GSE227903,Diagnosis,cellchat,LMPP,cDC,NAMPT,ITGA5_ITGB1,0.00655955883812885,0.79,33,196
40389_Dg,GSE227903,Diagnosis,cellchat,MEP,cDC,NAMPT,ITGA5_ITGB1,0.0168360414098117,0.1,27,196
40389_Dg,GSE227903,Diagnosis,cellchat,Monocyte,cDC,NAMPT,ITGA5_ITGB1,0.0874681576563782,0,631,196
40389_Dg,GSE227903,Diagnosis,cellchat,pDC,cDC,NAMPT,ITGA5_ITGB1,0.00637546332348133,0.98,544,196
40389_Dg,GSE227903,Diagnosis,cellchat,Pre-B,cDC,NAMPT,ITGA5_ITGB1,0.00512218868133632,0.96,140,196
40389_Dg,GSE227903,Diagnosis,cellchat,Pro-B,cDC,NAMPT,ITGA5_ITGB1,0.00521141542547175,0.97,87,196
40389_Dg,GSE227903,Diagnosis,cellchat,Pro-Monocyte,cDC,NAMPT,ITGA5_ITGB1,0.0507914200487963,0,110,196
40389_Dg,GSE227903,Diagnosis,cellchat,CD4 Memory T,Cycling Progenitor,NAMPT,ITGA5_ITGB1,0.0162595885885083,0.23,21,24
40389_Dg,GSE227903,Diagnosis,cellchat,cDC,Cycling Progenitor,NAMPT,ITGA5_ITGB1,0.0229479046197005,0.02,196,24
40389_Dg,GSE227903,Diagnosis,cellchat,Cycling Progenitor,Cycling Progenitor,NAMPT,ITGA5_ITGB1,0.0084488295411423,0.58,24,24
40389_Dg,GSE227903,Diagnosis,cellchat,Early GMP,Cycling Progenitor,NAMPT,ITGA5_ITGB1,0.0127455880271279,0.33,138,24
40389_Dg,GSE227903,Diagnosis,cellchat,EoBasoMast Precursor,Cycling Progenitor,NAMPT,ITGA5_ITGB1,0.026333513076348,0.05,24,24
40389_Dg,GSE227903,Diagnosis,cellchat,HSC MPP,Cycling Progenitor,NAMPT,ITGA5_ITGB1,0.00376013604558678,0.9,54,24
40389_Dg,GSE227903,Diagnosis,cellchat,Late GMP,Cycling Progenitor,NAMPT,ITGA5_ITGB1,0.0169317500904658,0.16,158,24
40389_Dg,GSE227903,Diagnosis,cellchat,LMPP,Cycling Progenitor,NAMPT,ITGA5_ITGB1,0.00312014596794493,0.97,33,24
40389_Dg,GSE227903,Diagnosis,cellchat,MEP,Cycling Progenitor,NAMPT,ITGA5_ITGB1,0.00805197188803674,0.6,27,24
40389_Dg,GSE227903,Diagnosis,cellchat,Monocyte,Cycling Progenitor,NAMPT,ITGA5_ITGB1,0.0434614033737169,0,631,24
40389_Dg,GSE227903,Diagnosis,cellchat,pDC,Cycling Progenitor,NAMPT,ITGA5_ITGB1,0.00303228372716951,0.99,544,24
40389_Dg,GSE227903,Diagnosis,cellchat,Pre-B,Cycling Progenitor,NAMPT,ITGA5_ITGB1,0.00243459375233996,0.99,140,24
40389_Dg,GSE227903,Diagnosis,cellchat,Pro-B,Cycling Progenitor,NAMPT,ITGA5_ITGB1,0.00247712009652348,0.99,87,24
40389_Dg,GSE227903,Diagnosis,cellchat,Pro-Monocyte,Cycling Progenitor,NAMPT,ITGA5_ITGB1,0.024737150808661,0.02,110,24
40389_Dg,GSE227903,Diagnosis,cellchat,CD4 Memory T,Early Erythroid,NAMPT,ITGA5_ITGB1,0.00824559877305856,0.62,21,48
40389_Dg,GSE227903,Diagnosis,cellchat,cDC,Early Erythroid,NAMPT,ITGA5_ITGB1,0.011676520610644,0.4,196,48
40389_Dg,GSE227903,Diagnosis,cellchat,Cycling Progenitor,Early Erythroid,NAMPT,ITGA5_ITGB1,0.00426788738851394,0.93,24,48
40389_Dg,GSE227903,Diagnosis,cellchat,Early GMP,Early Erythroid,NAMPT,ITGA5_ITGB1,0.00645221122396889,0.88,138,48
40389_Dg,GSE227903,Diagnosis,cellchat,EoBasoMast Precursor,Early Erythroid,NAMPT,ITGA5_ITGB1,0.0134220546629956,0.27,24,48
40389_Dg,GSE227903,Diagnosis,cellchat,Late GMP,Early Erythroid,NAMPT,ITGA5_ITGB1,0.00858935944239617,0.68,158,48
40389_Dg,GSE227903,Diagnosis,cellchat,MEP,Early Erythroid,NAMPT,ITGA5_ITGB1,0.00406661113624094,0.92,27,48
40389_Dg,GSE227903,Diagnosis,cellchat,Monocyte,Early Erythroid,NAMPT,ITGA5_ITGB1,0.0223447754234992,0.02,631,48
40389_Dg,GSE227903,Diagnosis,cellchat,Pro-Monocyte,Early Erythroid,NAMPT,ITGA5_ITGB1,0.0125982697016992,0.31,110,48
40389_Dg,GSE227903,Diagnosis,cellchat,CD4 Memory T,Early GMP,NAMPT,ITGA5_ITGB1,0.0155673970662076,0.16,21,138
40389_Dg,GSE227903,Diagnosis,cellchat,cDC,Early GMP,NAMPT,ITGA5_ITGB1,0.021977343954217,0,196,138
40389_Dg,GSE227903,Diagnosis,cellchat,Cycling Progenitor,Early GMP,NAMPT,ITGA5_ITGB1,0.00808641875091075,0.61,24,138
40389_Dg,GSE227903,Diagnosis,cellchat,Early GMP,Early GMP,NAMPT,ITGA5_ITGB1,0.0122011366084816,0.23,138,138
40389_Dg,GSE227903,Diagnosis,cellchat,EoBasoMast Precursor,Early GMP,NAMPT,ITGA5_ITGB1,0.0252234578005863,0,24,138
40389_Dg,GSE227903,Diagnosis,cellchat,HSC MPP,Early GMP,NAMPT,ITGA5_ITGB1,0.00359811596891018,0.99,54,138
40389_Dg,GSE227903,Diagnosis,cellchat,Late GMP,Early GMP,NAMPT,ITGA5_ITGB1,0.0162114153449647,0.03,158,138
40389_Dg,GSE227903,Diagnosis,cellchat,LMPP,Early GMP,NAMPT,ITGA5_ITGB1,0.00298561970774679,0.97,33,138
40389_Dg,GSE227903,Diagnosis,cellchat,MEP,Early GMP,NAMPT,ITGA5_ITGB1,0.00770645191876045,0.66,27,138
40389_Dg,GSE227903,Diagnosis,cellchat,Monocyte,Early GMP,NAMPT,ITGA5_ITGB1,0.0416602363428882,0,631,138
40389_Dg,GSE227903,Diagnosis,cellchat,Pro-Monocyte,Early GMP,NAMPT,ITGA5_ITGB1,0.0236927506582595,0,110,138
40389_Dg,GSE227903,Diagnosis,cellchat,CD4 Memory T,EoBasoMast Precursor,NAMPT,ITGA5_ITGB1,0.00274304910473443,0.93,21,24
40389_Dg,GSE227903,Diagnosis,cellchat,cDC,EoBasoMast Precursor,NAMPT,ITGA5_ITGB1,0.00389339623745886,0.93,196,24
40389_Dg,GSE227903,Diagnosis,cellchat,Cycling Progenitor,EoBasoMast Precursor,NAMPT,ITGA5_ITGB1,0.00141600076946536,0.98,24,24
40389_Dg,GSE227903,Diagnosis,cellchat,Early Erythroid,EoBasoMast Precursor,NAMPT,ITGA5_ITGB1,0.000263782403937954,0.98,48,24
40389_Dg,GSE227903,Diagnosis,cellchat,Early GMP,EoBasoMast Precursor,NAMPT,ITGA5_ITGB1,0.00214385889689382,0.97,138,24
40389_Dg,GSE227903,Diagnosis,cellchat,EoBasoMast Precursor,EoBasoMast Precursor,NAMPT,ITGA5_ITGB1,0.00448069861924106,0.81,24,24
40389_Dg,GSE227903,Diagnosis,cellchat,HSC MPP,EoBasoMast Precursor,NAMPT,ITGA5_ITGB1,0.000627717754615706,0.98,54,24
40389_Dg,GSE227903,Diagnosis,cellchat,Late GMP,EoBasoMast Precursor,NAMPT,ITGA5_ITGB1,0.00285806847189854,0.95,158,24
40389_Dg,GSE227903,Diagnosis,cellchat,LMPP,EoBasoMast Precursor,NAMPT,ITGA5_ITGB1,0.000520599096570958,0.98,33,24
40389_Dg,GSE227903,Diagnosis,cellchat,MEP,EoBasoMast Precursor,NAMPT,ITGA5_ITGB1,0.0013490390639192,0.96,27,24
40389_Dg,GSE227903,Diagnosis,cellchat,Monocyte,EoBasoMast Precursor,NAMPT,ITGA5_ITGB1,0.00750459434797262,0.81,631,24
40389_Dg,GSE227903,Diagnosis,cellchat,pDC,EoBasoMast Precursor,NAMPT,ITGA5_ITGB1,0.00050590205535952,0.98,544,24
40389_Dg,GSE227903,Diagnosis,cellchat,Pre-B,EoBasoMast Precursor,NAMPT,ITGA5_ITGB1,0.000405981497869927,0.98,140,24
40389_Dg,GSE227903,Diagnosis,cellchat,Pro-B,EoBasoMast Precursor,NAMPT,ITGA5_ITGB1,0.000413087666083014,0.98,87,24
40389_Dg,GSE227903,Diagnosis,cellchat,Pro-Monocyte,EoBasoMast Precursor,NAMPT,ITGA5_ITGB1,0.00420335552015788,0.93,110,24
40389_Dg,GSE227903,Diagnosis,cellchat,CD4 Memory T,HSC MPP,NAMPT,ITGA5_ITGB1,0.00908480217789573,0.52,21,54
40389_Dg,GSE227903,Diagnosis,cellchat,cDC,HSC MPP,NAMPT,ITGA5_ITGB1,0.0128603812523548,0.2,196,54
40389_Dg,GSE227903,Diagnosis,cellchat,Cycling Progenitor,HSC MPP,NAMPT,ITGA5_ITGB1,0.00470417580561986,0.82,24,54
40389_Dg,GSE227903,Diagnosis,cellchat,Early GMP,HSC MPP,NAMPT,ITGA5_ITGB1,0.00711019952990602,0.76,138,54
40389_Dg,GSE227903,Diagnosis,cellchat,EoBasoMast Precursor,HSC MPP,NAMPT,ITGA5_ITGB1,0.0147802450869694,0.11,24,54
40389_Dg,GSE227903,Diagnosis,cellchat,HSC MPP,HSC MPP,NAMPT,ITGA5_ITGB1,0.00208920621044916,0.98,54,54
40389_Dg,GSE227903,Diagnosis,cellchat,Late GMP,HSC MPP,NAMPT,ITGA5_ITGB1,0.00946321556773172,0.46,158,54
40389_Dg,GSE227903,Diagnosis,cellchat,LMPP,HSC MPP,NAMPT,ITGA5_ITGB1,0.00173312026425697,0.98,33,54
40389_Dg,GSE227903,Diagnosis,cellchat,MEP,HSC MPP,NAMPT,ITGA5_ITGB1,0.00448241654120061,0.91,27,54
40389_Dg,GSE227903,Diagnosis,cellchat,Monocyte,HSC MPP,NAMPT,ITGA5_ITGB1,0.0245833661534543,0,631,54
40389_Dg,GSE227903,Diagnosis,cellchat,Pro-Monocyte,HSC MPP,NAMPT,ITGA5_ITGB1,0.0138742728332736,0.13,110,54
40389_Dg,GSE227903,Diagnosis,cellchat,CD4 Memory T,Late GMP,NAMPT,ITGA5_ITGB1,0.0125178608725418,0.34,21,158
40389_Dg,GSE227903,Diagnosis,cellchat,cDC,Late GMP,NAMPT,ITGA5_ITGB1,0.0176947172074498,0.01,196,158
40389_Dg,GSE227903,Diagnosis,cellchat,Cycling Progenitor,Late GMP,NAMPT,ITGA5_ITGB1,0.0064926847548202,0.79,24,158
40389_Dg,GSE227903,Diagnosis,cellchat,Early GMP,Late GMP,NAMPT,ITGA5_ITGB1,0.00980445801633114,0.52,138,158
40389_Dg,GSE227903,Diagnosis,cellchat,EoBasoMast Precursor,Late GMP,NAMPT,ITGA5_ITGB1,0.0203214186467311,0.01,24,158
40389_Dg,GSE227903,Diagnosis,cellchat,HSC MPP,Late GMP,NAMPT,ITGA5_ITGB1,0.00288639733261973,0.99,54,158
40389_Dg,GSE227903,Diagnosis,cellchat,Late GMP,Late GMP,NAMPT,ITGA5_ITGB1,0.0130373915917876,0.13,158,158
40389_Dg,GSE227903,Diagnosis,cellchat,MEP,Late GMP,NAMPT,ITGA5_ITGB1,0.00618713761465475,0.76,27,158
40389_Dg,GSE227903,Diagnosis,cellchat,Monocyte,Late GMP,NAMPT,ITGA5_ITGB1,0.0336741524893178,0,631,158
40389_Dg,GSE227903,Diagnosis,cellchat,Pro-Monocyte,Late GMP,NAMPT,ITGA5_ITGB1,0.0190823723491202,0,110,158
40389_Dg,GSE227903,Diagnosis,cellchat,CD4 Memory T,LMPP,NAMPT,ITGA5_ITGB1,0.0159467516729172,0.17,21,33
40389_Dg,GSE227903,Diagnosis,cellchat,cDC,LMPP,NAMPT,ITGA5_ITGB1,0.0225093279743831,0.01,196,33
40389_Dg,GSE227903,Diagnosis,cellchat,Cycling Progenitor,LMPP,NAMPT,ITGA5_ITGB1,0.00828500714622678,0.58,24,33
40389_Dg,GSE227903,Diagnosis,cellchat,Early Erythroid,LMPP,NAMPT,ITGA5_ITGB1,0.00155207583219328,0.96,48,33
40389_Dg,GSE227903,Diagnosis,cellchat,Early GMP,LMPP,NAMPT,ITGA5_ITGB1,0.0124995019497956,0.31,138,33
40389_Dg,GSE227903,Diagnosis,cellchat,EoBasoMast Precursor,LMPP,NAMPT,ITGA5_ITGB1,0.0258319419476516,0.01,24,33
40389_Dg,GSE227903,Diagnosis,cellchat,HSC MPP,LMPP,NAMPT,ITGA5_ITGB1,0.00368688914586276,0.88,54,33
40389_Dg,GSE227903,Diagnosis,cellchat,Late GMP,LMPP,NAMPT,ITGA5_ITGB1,0.0166061989961566,0.09,158,33
40389_Dg,GSE227903,Diagnosis,cellchat,LMPP,LMPP,NAMPT,ITGA5_ITGB1,0.00305932769691902,0.89,33,33
40389_Dg,GSE227903,Diagnosis,cellchat,MEP,LMPP,NAMPT,ITGA5_ITGB1,0.0078957832675978,0.61,27,33
40389_Dg,GSE227903,Diagnosis,cellchat,Monocyte,LMPP,NAMPT,ITGA5_ITGB1,0.0426478888919845,0,631,33
40389_Dg,GSE227903,Diagnosis,cellchat,pDC,LMPP,NAMPT,ITGA5_ITGB1,0.00297317296994763,0.96,544,33
40389_Dg,GSE227903,Diagnosis,cellchat,Pre-B,LMPP,NAMPT,ITGA5_ITGB1,0.00238710635144377,0.96,140,33
40389_Dg,GSE227903,Diagnosis,cellchat,Pro-B,LMPP,NAMPT,ITGA5_ITGB1,0.00242880522751525,0.96,87,33
40389_Dg,GSE227903,Diagnosis,cellchat,Pro-Monocyte,LMPP,NAMPT,ITGA5_ITGB1,0.0242652276364319,0,110,33
40389_Dg,GSE227903,Diagnosis,cellchat,CD4 Memory T,MEP,NAMPT,ITGA5_ITGB1,0.0148421361048406,0.22,21,27
40389_Dg,GSE227903,Diagnosis,cellchat,cDC,MEP,NAMPT,ITGA5_ITGB1,0.0209598116764381,0.07,196,27
40389_Dg,GSE227903,Diagnosis,cellchat,Cycling Progenitor,MEP,NAMPT,ITGA5_ITGB1,0.00770695644265728,0.61,24,27
40389_Dg,GSE227903,Diagnosis,cellchat,Early Erythroid,MEP,NAMPT,ITGA5_ITGB1,0.00144310284596562,0.98,48,27
40389_Dg,GSE227903,Diagnosis,cellchat,Early GMP,MEP,NAMPT,ITGA5_ITGB1,0.0116308516193177,0.33,138,27
40389_Dg,GSE227903,Diagnosis,cellchat,EoBasoMast Precursor,MEP,NAMPT,ITGA5_ITGB1,0.0240593304072403,0.03,24,27
40389_Dg,GSE227903,Diagnosis,cellchat,HSC MPP,MEP,NAMPT,ITGA5_ITGB1,0.00342854321586185,0.92,54,27
40389_Dg,GSE227903,Diagnosis,cellchat,Late GMP,MEP,NAMPT,ITGA5_ITGB1,0.0154566216589701,0.16,158,27
40389_Dg,GSE227903,Diagnosis,cellchat,LMPP,MEP,NAMPT,ITGA5_ITGB1,0.00284483039009938,0.93,33,27
40389_Dg,GSE227903,Diagnosis,cellchat,MEP,MEP,NAMPT,ITGA5_ITGB1,0.007344687862679,0.59,27,27
40389_Dg,GSE227903,Diagnosis,cellchat,Monocyte,MEP,NAMPT,ITGA5_ITGB1,0.0397684583582498,0,631,27
40389_Dg,GSE227903,Diagnosis,cellchat,pDC,MEP,NAMPT,ITGA5_ITGB1,0.00276469944038199,0.99,544,27
40389_Dg,GSE227903,Diagnosis,cellchat,Pre-B,MEP,NAMPT,ITGA5_ITGB1,0.00221963527124408,0.98,140,27
40389_Dg,GSE227903,Diagnosis,cellchat,Pro-B,MEP,NAMPT,ITGA5_ITGB1,0.00225841532186862,0.99,87,27
40389_Dg,GSE227903,Diagnosis,cellchat,Pro-Monocyte,MEP,NAMPT,ITGA5_ITGB1,0.0225976315895681,0.06,110,27
40389_Dg,GSE227903,Diagnosis,cellchat,CD4 Memory T,Monocyte,NAMPT,ITGA5_ITGB1,0.039735097961256,0,21,631
40389_Dg,GSE227903,Diagnosis,cellchat,cDC,Monocyte,NAMPT,ITGA5_ITGB1,0.0555348309329506,0,196,631
40389_Dg,GSE227903,Diagnosis,cellchat,Cycling Progenitor,Monocyte,NAMPT,ITGA5_ITGB1,0.0208866401880725,0.03,24,631
40389_Dg,GSE227903,Diagnosis,cellchat,Early Erythroid,Monocyte,NAMPT,ITGA5_ITGB1,0.00395363591259404,0.98,48,631
40389_Dg,GSE227903,Diagnosis,cellchat,Early GMP,Monocyte,NAMPT,ITGA5_ITGB1,0.0313090735976177,0,138,631
40389_Dg,GSE227903,Diagnosis,cellchat,EoBasoMast Precursor,Monocyte,NAMPT,ITGA5_ITGB1,0.0634160902823176,0,24,631
40389_Dg,GSE227903,Diagnosis,cellchat,HSC MPP,Monocyte,NAMPT,ITGA5_ITGB1,0.00936072265605414,0.61,54,631
40389_Dg,GSE227903,Diagnosis,cellchat,Late GMP,Monocyte,NAMPT,ITGA5_ITGB1,0.0413369437048923,0,158,631
40389_Dg,GSE227903,Diagnosis,cellchat,LMPP,Monocyte,NAMPT,ITGA5_ITGB1,0.00777492987376282,0.64,33,631
40389_Dg,GSE227903,Diagnosis,cellchat,MEP,Monocyte,NAMPT,ITGA5_ITGB1,0.0199172902071249,0.02,27,631
40389_Dg,GSE227903,Diagnosis,cellchat,Monocyte,Monocyte,NAMPT,ITGA5_ITGB1,0.10213328722031,0,631,631
40389_Dg,GSE227903,Diagnosis,cellchat,pDC,Monocyte,NAMPT,ITGA5_ITGB1,0.00755698416204163,0.93,544,631
40389_Dg,GSE227903,Diagnosis,cellchat,Pre-B,Monocyte,NAMPT,ITGA5_ITGB1,0.00607286827584794,0.95,140,631
40389_Dg,GSE227903,Diagnosis,cellchat,Pro-B,Monocyte,NAMPT,ITGA5_ITGB1,0.00617855268088177,0.84,87,631
40389_Dg,GSE227903,Diagnosis,cellchat,Pro-Monocyte,Monocyte,NAMPT,ITGA5_ITGB1,0.0597096036668638,0,110,631
40389_Dg,GSE227903,Diagnosis,cellchat,CD4 Memory T,Pro-B,NAMPT,ITGA5_ITGB1,0.00523005988152125,0.83,21,87
40389_Dg,GSE227903,Diagnosis,cellchat,cDC,Pro-B,NAMPT,ITGA5_ITGB1,0.00741562428601874,0.85,196,87
40389_Dg,GSE227903,Diagnosis,cellchat,Cycling Progenitor,Pro-B,NAMPT,ITGA5_ITGB1,0.0027030921843044,0.99,24,87
40389_Dg,GSE227903,Diagnosis,cellchat,Early GMP,Pro-B,NAMPT,ITGA5_ITGB1,0.00408983630523408,0.99,138,87
40389_Dg,GSE227903,Diagnosis,cellchat,EoBasoMast Precursor,Pro-B,NAMPT,ITGA5_ITGB1,0.00852969024476935,0.57,24,87
40389_Dg,GSE227903,Diagnosis,cellchat,Late GMP,Pro-B,NAMPT,ITGA5_ITGB1,0.00544879283761516,0.91,158,87
40389_Dg,GSE227903,Diagnosis,cellchat,MEP,Pro-B,NAMPT,ITGA5_ITGB1,0.00257542178526276,0.99,27,87
40389_Dg,GSE227903,Diagnosis,cellchat,Monocyte,Pro-B,NAMPT,ITGA5_ITGB1,0.0142470290358596,0.14,631,87
40389_Dg,GSE227903,Diagnosis,cellchat,Pro-Monocyte,Pro-B,NAMPT,ITGA5_ITGB1,0.0080037404779507,0.7,110,87
40389_Dg,GSE227903,Diagnosis,cellchat,CD4 Memory T,Pro-Monocyte,NAMPT,ITGA5_ITGB1,0.0177233014309939,0.11,21,110
40389_Dg,GSE227903,Diagnosis,cellchat,cDC,Pro-Monocyte,NAMPT,ITGA5_ITGB1,0.0249984096971678,0,196,110
40389_Dg,GSE227903,Diagnosis,cellchat,Cycling Progenitor,Pro-Monocyte,NAMPT,ITGA5_ITGB1,0.00921599320490854,0.56,24,110
40389_Dg,GSE227903,Diagnosis,cellchat,Early GMP,Pro-Monocyte,NAMPT,ITGA5_ITGB1,0.0138974341225537,0.08,138,110
40389_Dg,GSE227903,Diagnosis,cellchat,EoBasoMast Precursor,Pro-Monocyte,NAMPT,ITGA5_ITGB1,0.028677659132024,0,24,110
40389_Dg,GSE227903,Diagnosis,cellchat,HSC MPP,Pro-Monocyte,NAMPT,ITGA5_ITGB1,0.00410332265235442,0.97,54,110
40389_Dg,GSE227903,Diagnosis,cellchat,Late GMP,Pro-Monocyte,NAMPT,ITGA5_ITGB1,0.0184548367909084,0.02,158,110
40389_Dg,GSE227903,Diagnosis,cellchat,LMPP,Pro-Monocyte,NAMPT,ITGA5_ITGB1,0.00340512050191504,0.93,33,110
40389_Dg,GSE227903,Diagnosis,cellchat,MEP,Pro-Monocyte,NAMPT,ITGA5_ITGB1,0.00878341961864508,0.55,27,110
40389_Dg,GSE227903,Diagnosis,cellchat,Monocyte,Pro-Monocyte,NAMPT,ITGA5_ITGB1,0.047256233593871,0,631,110
40389_Dg,GSE227903,Diagnosis,cellchat,Pro-Monocyte,Pro-Monocyte,NAMPT,ITGA5_ITGB1,0.0269431248169418,0,110,110
40389_Dg,GSE227903,Diagnosis,cellchat,EoBasoMast Precursor,cDC,ANGPT2,ITGA5_ITGB1,0.00616400676308298,0,24,196
40389_Dg,GSE227903,Diagnosis,cellchat,EoBasoMast Precursor,Cycling Progenitor,ANGPT2,ITGA5_ITGB1,0.00293138409748436,0,24,24
40389_Dg,GSE227903,Diagnosis,cellchat,EoBasoMast Precursor,Early Erythroid,ANGPT2,ITGA5_ITGB1,0.00147670893342984,0,24,48
40389_Dg,GSE227903,Diagnosis,cellchat,EoBasoMast Precursor,Early GMP,ANGPT2,ITGA5_ITGB1,0.00280497347608351,0,24,138
40389_Dg,GSE227903,Diagnosis,cellchat,EoBasoMast Precursor,EoBasoMast Precursor,ANGPT2,ITGA5_ITGB1,0.00048902686421295,0,24,24
40389_Dg,GSE227903,Diagnosis,cellchat,EoBasoMast Precursor,HSC MPP,ANGPT2,ITGA5_ITGB1,0.00162813330714688,0,24,54
40389_Dg,GSE227903,Diagnosis,cellchat,EoBasoMast Precursor,Late GMP,ANGPT2,ITGA5_ITGB1,0.00224978668046298,0,24,158
40389_Dg,GSE227903,Diagnosis,cellchat,EoBasoMast Precursor,LMPP,ANGPT2,ITGA5_ITGB1,0.00287423458770695,0,24,33
40389_Dg,GSE227903,Diagnosis,cellchat,EoBasoMast Precursor,MEP,ANGPT2,ITGA5_ITGB1,0.00267267984247989,0,24,27
40389_Dg,GSE227903,Diagnosis,cellchat,EoBasoMast Precursor,Monocyte,ANGPT2,ITGA5_ITGB1,0.00730662797716249,0,24,631
40389_Dg,GSE227903,Diagnosis,cellchat,EoBasoMast Precursor,Pro-B,ANGPT2,ITGA5_ITGB1,0.000934322243195416,0,24,87
40389_Dg,GSE227903,Diagnosis,cellchat,EoBasoMast Precursor,Pro-Monocyte,ANGPT2,ITGA5_ITGB1,0.00319917363530502,0,24,110
40389_Dg,GSE227903,Diagnosis,cellchat,Cycling Progenitor,Cycling Progenitor,MDK,SDC4,0.000932340224071321,0,24,24
40389_Dg,GSE227903,Diagnosis,cellchat,Early GMP,Cycling Progenitor,MDK,SDC4,0.000255245891860961,0,138,24
40389_Dg,GSE227903,Diagnosis,cellchat,HSC MPP,Cycling Progenitor,MDK,SDC4,0.00172614822275,0,54,24
40389_Dg,GSE227903,Diagnosis,cellchat,LMPP,Cycling Progenitor,MDK,SDC4,0.000364606525333567,0,33,24
40389_Dg,GSE227903,Diagnosis,cellchat,MEP,Cycling Progenitor,MDK,SDC4,9.63086215601689e-05,0,27,24
40389_Dg,GSE227903,Diagnosis,cellchat,Pro-B,Cycling Progenitor,MDK,SDC4,0.000382392765973687,0,87,24
40389_Dg,GSE227903,Diagnosis,cellchat,Cycling Progenitor,CD4 Memory T,MDK,ITGA4_ITGB1,0.0039262252093886,0,24,21
40389_Dg,GSE227903,Diagnosis,cellchat,Early GMP,CD4 Memory T,MDK,ITGA4_ITGB1,0.00107722326275498,0,138,21
40389_Dg,GSE227903,Diagnosis,cellchat,HSC MPP,CD4 Memory T,MDK,ITGA4_ITGB1,0.00725057111499947,0,54,21
40389_Dg,GSE227903,Diagnosis,cellchat,LMPP,CD4 Memory T,MDK,ITGA4_ITGB1,0.00153821994572057,0,33,21
40389_Dg,GSE227903,Diagnosis,cellchat,MEP,CD4 Memory T,MDK,ITGA4_ITGB1,0.000406662876917428,0,27,21
40389_Dg,GSE227903,Diagnosis,cellchat,Pro-B,CD4 Memory T,MDK,ITGA4_ITGB1,0.00161316502335702,0,87,21
40389_Dg,GSE227903,Diagnosis,cellchat,Cycling Progenitor,CD8 Memory T,MDK,ITGA4_ITGB1,0.00870027556112924,0,24,358
40389_Dg,GSE227903,Diagnosis,cellchat,Early GMP,CD8 Memory T,MDK,ITGA4_ITGB1,0.00239539189432411,0,138,358
40389_Dg,GSE227903,Diagnosis,cellchat,HSC MPP,CD8 Memory T,MDK,ITGA4_ITGB1,0.0160018854888717,0,54,358
40389_Dg,GSE227903,Diagnosis,cellchat,LMPP,CD8 Memory T,MDK,ITGA4_ITGB1,0.00341856708025339,0,33,358
40389_Dg,GSE227903,Diagnosis,cellchat,MEP,CD8 Memory T,MDK,ITGA4_ITGB1,0.00090502853098852,0,27,358
40389_Dg,GSE227903,Diagnosis,cellchat,Pro-B,CD8 Memory T,MDK,ITGA4_ITGB1,0.00358479741559588,0,87,358
40389_Dg,GSE227903,Diagnosis,cellchat,Cycling Progenitor,cDC,MDK,ITGA4_ITGB1,0.00390508319144693,0,24,196
40389_Dg,GSE227903,Diagnosis,cellchat,Early GMP,cDC,MDK,ITGA4_ITGB1,0.00107140610724107,0,138,196
40389_Dg,GSE227903,Diagnosis,cellchat,HSC MPP,cDC,MDK,ITGA4_ITGB1,0.00721165769590625,0,54,196
40389_Dg,GSE227903,Diagnosis,cellchat,LMPP,cDC,MDK,ITGA4_ITGB1,0.00152991715672491,0,33,196
40389_Dg,GSE227903,Diagnosis,cellchat,MEP,cDC,MDK,ITGA4_ITGB1,0.000404465374598325,0,27,196
40389_Dg,GSE227903,Diagnosis,cellchat,Pro-B,cDC,MDK,ITGA4_ITGB1,0.00160445835632674,0,87,196
40389_Dg,GSE227903,Diagnosis,cellchat,Cycling Progenitor,Cycling Progenitor,MDK,ITGA4_ITGB1,0.00444250318041355,0,24,24
40389_Dg,GSE227903,Diagnosis,cellchat,Early GMP,Cycling Progenitor,MDK,ITGA4_ITGB1,0.0012193310548459,0,138,24
40389_Dg,GSE227903,Diagnosis,cellchat,HSC MPP,Cycling Progenitor,MDK,ITGA4_ITGB1,0.00820038429673706,0,54,24
40389_Dg,GSE227903,Diagnosis,cellchat,LMPP,Cycling Progenitor,MDK,ITGA4_ITGB1,0.00174103663874702,0,33,24
40389_Dg,GSE227903,Diagnosis,cellchat,MEP,Cycling Progenitor,MDK,ITGA4_ITGB1,0.000460350798959153,0,27,24
40389_Dg,GSE227903,Diagnosis,cellchat,Pro-B,Cycling Progenitor,MDK,ITGA4_ITGB1,0.00182584527135615,0,87,24
40389_Dg,GSE227903,Diagnosis,cellchat,Cycling Progenitor,Early Erythroid,MDK,ITGA4_ITGB1,0.00579926741108974,0,24,48
40389_Dg,GSE227903,Diagnosis,cellchat,Early GMP,Early Erythroid,MDK,ITGA4_ITGB1,0.00159329667876372,0,138,48
40389_Dg,GSE227903,Diagnosis,cellchat,HSC MPP,Early Erythroid,MDK,ITGA4_ITGB1,0.0106924992232861,0,54,48
40389_Dg,GSE227903,Diagnosis,cellchat,LMPP,Early Erythroid,MDK,ITGA4_ITGB1,0.00227464359122128,0,33,48
40389_Dg,GSE227903,Diagnosis,cellchat,MEP,Early Erythroid,MDK,ITGA4_ITGB1,0.000601679405116304,0,27,48
40389_Dg,GSE227903,Diagnosis,cellchat,Pro-B,Early Erythroid,MDK,ITGA4_ITGB1,0.00238538294663005,0,87,48
40389_Dg,GSE227903,Diagnosis,cellchat,Cycling Progenitor,Early GMP,MDK,ITGA4_ITGB1,0.00437425502781043,0,24,138
40389_Dg,GSE227903,Diagnosis,cellchat,Early GMP,Early GMP,MDK,ITGA4_ITGB1,0.00120053931598711,0,138,138
40389_Dg,GSE227903,Diagnosis,cellchat,HSC MPP,Early GMP,MDK,ITGA4_ITGB1,0.00807487377605209,0,54,138
40389_Dg,GSE227903,Diagnosis,cellchat,LMPP,Early GMP,MDK,ITGA4_ITGB1,0.00171421842606023,0,33,138
40389_Dg,GSE227903,Diagnosis,cellchat,MEP,Early GMP,MDK,ITGA4_ITGB1,0.00045325078754628,0.01,27,138
40389_Dg,GSE227903,Diagnosis,cellchat,Pro-B,Early GMP,MDK,ITGA4_ITGB1,0.0017977230539199,0,87,138
40389_Dg,GSE227903,Diagnosis,cellchat,Cycling Progenitor,EoBasoMast Precursor,MDK,ITGA4_ITGB1,0.00214497211597612,0,24,24
40389_Dg,GSE227903,Diagnosis,cellchat,Early GMP,EoBasoMast Precursor,MDK,ITGA4_ITGB1,0.000587745046860417,0,138,24
40389_Dg,GSE227903,Diagnosis,cellchat,HSC MPP,EoBasoMast Precursor,MDK,ITGA4_ITGB1,0.00396713280938058,0,54,24
40389_Dg,GSE227903,Diagnosis,cellchat,LMPP,EoBasoMast Precursor,MDK,ITGA4_ITGB1,0.000839446017168948,0,33,24
40389_Dg,GSE227903,Diagnosis,cellchat,MEP,EoBasoMast Precursor,MDK,ITGA4_ITGB1,0.000221812150900995,0.01,27,24
40389_Dg,GSE227903,Diagnosis,cellchat,Pro-B,EoBasoMast Precursor,MDK,ITGA4_ITGB1,0.000880375484442271,0,87,24
40389_Dg,GSE227903,Diagnosis,cellchat,Cycling Progenitor,HSC MPP,MDK,ITGA4_ITGB1,0.00302010605806948,0,24,54
40389_Dg,GSE227903,Diagnosis,cellchat,Early GMP,HSC MPP,MDK,ITGA4_ITGB1,0.000828068237276989,0,138,54
40389_Dg,GSE227903,Diagnosis,cellchat,HSC MPP,HSC MPP,MDK,ITGA4_ITGB1,0.00558153744567928,0,54,54
40389_Dg,GSE227903,Diagnosis,cellchat,LMPP,HSC MPP,MDK,ITGA4_ITGB1,0.0011825654890351,0,33,54
40389_Dg,GSE227903,Diagnosis,cellchat,MEP,HSC MPP,MDK,ITGA4_ITGB1,0.000312555759981686,0.01,27,54
40389_Dg,GSE227903,Diagnosis,cellchat,Pro-B,HSC MPP,MDK,ITGA4_ITGB1,0.00124020391105544,0,87,54
40389_Dg,GSE227903,Diagnosis,cellchat,Cycling Progenitor,Late GMP,MDK,ITGA4_ITGB1,0.00230520141212139,0,24,158
40389_Dg,GSE227903,Diagnosis,cellchat,Early GMP,Late GMP,MDK,ITGA4_ITGB1,0.000631723211750283,0,138,158
40389_Dg,GSE227903,Diagnosis,cellchat,HSC MPP,Late GMP,MDK,ITGA4_ITGB1,0.00426289591395653,0,54,158
40389_Dg,GSE227903,Diagnosis,cellchat,LMPP,Late GMP,MDK,ITGA4_ITGB1,0.000902240765448071,0,33,158
40389_Dg,GSE227903,Diagnosis,cellchat,MEP,Late GMP,MDK,ITGA4_ITGB1,0.000238415830498202,0.01,27,158
40389_Dg,GSE227903,Diagnosis,cellchat,Pro-B,Late GMP,MDK,ITGA4_ITGB1,0.000946229061452465,0,87,158
40389_Dg,GSE227903,Diagnosis,cellchat,Cycling Progenitor,LMPP,MDK,ITGA4_ITGB1,0.00521390686965312,0,24,33
40389_Dg,GSE227903,Diagnosis,cellchat,Early GMP,LMPP,MDK,ITGA4_ITGB1,0.00143186269708242,0,138,33
40389_Dg,GSE227903,Diagnosis,cellchat,HSC MPP,LMPP,MDK,ITGA4_ITGB1,0.00961800875946378,0,54,33
40389_Dg,GSE227903,Diagnosis,cellchat,LMPP,LMPP,MDK,ITGA4_ITGB1,0.00204431639709291,0,33,33
40389_Dg,GSE227903,Diagnosis,cellchat,MEP,LMPP,MDK,ITGA4_ITGB1,0.000540662401122213,0,27,33
40389_Dg,GSE227903,Diagnosis,cellchat,Pro-B,LMPP,MDK,ITGA4_ITGB1,0.00214386653658565,0,87,33
40389_Dg,GSE227903,Diagnosis,cellchat,Cycling Progenitor,MEP,MDK,ITGA4_ITGB1,0.00588234494242317,0,24,27
40389_Dg,GSE227903,Diagnosis,cellchat,Early GMP,MEP,MDK,ITGA4_ITGB1,0.0016162194346242,0,138,27
40389_Dg,GSE227903,Diagnosis,cellchat,HSC MPP,MEP,MDK,ITGA4_ITGB1,0.0108449102113408,0,54,27
40389_Dg,GSE227903,Diagnosis,cellchat,LMPP,MEP,MDK,ITGA4_ITGB1,0.0023073462296928,0,33,27
40389_Dg,GSE227903,Diagnosis,cellchat,MEP,MEP,MDK,ITGA4_ITGB1,0.000610344486723797,0,27,27
40389_Dg,GSE227903,Diagnosis,cellchat,Pro-B,MEP,MDK,ITGA4_ITGB1,0.00241967382792204,0,87,27
40389_Dg,GSE227903,Diagnosis,cellchat,Cycling Progenitor,NK,MDK,ITGA4_ITGB1,0.00464399137385595,0,24,22
40389_Dg,GSE227903,Diagnosis,cellchat,Early GMP,NK,MDK,ITGA4_ITGB1,0.00127482058496137,0,138,22
40389_Dg,GSE227903,Diagnosis,cellchat,HSC MPP,NK,MDK,ITGA4_ITGB1,0.00857084257633995,0,54,22
40389_Dg,GSE227903,Diagnosis,cellchat,LMPP,NK,MDK,ITGA4_ITGB1,0.00182022476918747,0,33,22
40389_Dg,GSE227903,Diagnosis,cellchat,MEP,NK,MDK,ITGA4_ITGB1,0.000481317168232613,0,27,22
40389_Dg,GSE227903,Diagnosis,cellchat,Pro-B,NK,MDK,ITGA4_ITGB1,0.00190888340403312,0,87,22
40389_Dg,GSE227903,Diagnosis,cellchat,Cycling Progenitor,pDC,MDK,ITGA4_ITGB1,0.00224365373983039,0,24,544
40389_Dg,GSE227903,Diagnosis,cellchat,Early GMP,pDC,MDK,ITGA4_ITGB1,0.000614828997687909,0,138,544
40389_Dg,GSE227903,Diagnosis,cellchat,HSC MPP,pDC,MDK,ITGA4_ITGB1,0.00414929620457855,0,54,544
40389_Dg,GSE227903,Diagnosis,cellchat,LMPP,pDC,MDK,ITGA4_ITGB1,0.000878118439963726,0,33,544
40389_Dg,GSE227903,Diagnosis,cellchat,MEP,pDC,MDK,ITGA4_ITGB1,0.000232037418598472,0.01,27,544
40389_Dg,GSE227903,Diagnosis,cellchat,Pro-B,pDC,MDK,ITGA4_ITGB1,0.000920931748147597,0,87,544
40389_Dg,GSE227903,Diagnosis,cellchat,Cycling Progenitor,Pre-B,MDK,ITGA4_ITGB1,0.00174925185799634,0,24,140
40389_Dg,GSE227903,Diagnosis,cellchat,Early GMP,Pre-B,MDK,ITGA4_ITGB1,0.000479175553046291,0,138,140
40389_Dg,GSE227903,Diagnosis,cellchat,HSC MPP,Pre-B,MDK,ITGA4_ITGB1,0.00323633720677118,0,54,140
40389_Dg,GSE227903,Diagnosis,cellchat,LMPP,Pre-B,MDK,ITGA4_ITGB1,0.000684413634246314,0,33,140
40389_Dg,GSE227903,Diagnosis,cellchat,MEP,Pre-B,MDK,ITGA4_ITGB1,0.000180826316355171,0.01,27,140
40389_Dg,GSE227903,Diagnosis,cellchat,Pro-B,Pre-B,MDK,ITGA4_ITGB1,0.000717789507565475,0,87,140
40389_Dg,GSE227903,Diagnosis,cellchat,Cycling Progenitor,Pro-B,MDK,ITGA4_ITGB1,0.00349517927504343,0,24,87
40389_Dg,GSE227903,Diagnosis,cellchat,Early GMP,Pro-B,MDK,ITGA4_ITGB1,0.000958657820410954,0,138,87
40389_Dg,GSE227903,Diagnosis,cellchat,HSC MPP,Pro-B,MDK,ITGA4_ITGB1,0.00645692323608439,0,54,87
40389_Dg,GSE227903,Diagnosis,cellchat,LMPP,Pro-B,MDK,ITGA4_ITGB1,0.00136898407086555,0,33,87
40389_Dg,GSE227903,Diagnosis,cellchat,MEP,Pro-B,MDK,ITGA4_ITGB1,0.000361876463855487,0.01,27,87
40389_Dg,GSE227903,Diagnosis,cellchat,Pro-B,Pro-B,MDK,ITGA4_ITGB1,0.00143569550267816,0,87,87
40389_Dg,GSE227903,Diagnosis,cellchat,Cycling Progenitor,B,MDK,NCL,0.0189128299429716,0,24,17
40389_Dg,GSE227903,Diagnosis,cellchat,Early GMP,B,MDK,NCL,0.00524631765862606,0,138,17
40389_Dg,GSE227903,Diagnosis,cellchat,HSC MPP,B,MDK,NCL,0.0344870382679483,0,54,17
40389_Dg,GSE227903,Diagnosis,cellchat,LMPP,B,MDK,NCL,0.00747811782346605,0,33,17
40389_Dg,GSE227903,Diagnosis,cellchat,MEP,B,MDK,NCL,0.00198569782901127,0.01,27,17
40389_Dg,GSE227903,Diagnosis,cellchat,Pro-B,B,MDK,NCL,0.00784019384314002,0,87,17
40389_Dg,GSE227903,Diagnosis,cellchat,Cycling Progenitor,CD4 Memory T,MDK,NCL,0.0174499590951662,0,24,21
40389_Dg,GSE227903,Diagnosis,cellchat,Early GMP,CD4 Memory T,MDK,NCL,0.00483531528627974,0,138,21
40389_Dg,GSE227903,Diagnosis,cellchat,HSC MPP,CD4 Memory T,MDK,NCL,0.0318586503750677,0,54,21
40389_Dg,GSE227903,Diagnosis,cellchat,LMPP,CD4 Memory T,MDK,NCL,0.00689348536424262,0,33,21
40389_Dg,GSE227903,Diagnosis,cellchat,MEP,CD4 Memory T,MDK,NCL,0.001829666212118,0.01,27,21
40389_Dg,GSE227903,Diagnosis,cellchat,Pro-B,CD4 Memory T,MDK,NCL,0.00722746073711072,0,87,21
40389_Dg,GSE227903,Diagnosis,cellchat,Cycling Progenitor,CD8 Memory T,MDK,NCL,0.01662194873772,0,24,358
40389_Dg,GSE227903,Diagnosis,cellchat,Early GMP,CD8 Memory T,MDK,NCL,0.0046030726575257,0,138,358
40389_Dg,GSE227903,Diagnosis,cellchat,HSC MPP,CD8 Memory T,MDK,NCL,0.0303680709329479,0,54,358
40389_Dg,GSE227903,Diagnosis,cellchat,LMPP,CD8 Memory T,MDK,NCL,0.0065630397312182,0,33,358
40389_Dg,GSE227903,Diagnosis,cellchat,MEP,CD8 Memory T,MDK,NCL,0.00174153378801649,0.01,27,358
40389_Dg,GSE227903,Diagnosis,cellchat,Pro-B,CD8 Memory T,MDK,NCL,0.00688111661129824,0,87,358
40389_Dg,GSE227903,Diagnosis,cellchat,Cycling Progenitor,cDC,MDK,NCL,0.020087312355344,0,24,196
40389_Dg,GSE227903,Diagnosis,cellchat,Early GMP,cDC,MDK,NCL,0.00557693710201895,0,138,196
40389_Dg,GSE227903,Diagnosis,cellchat,HSC MPP,cDC,MDK,NCL,0.0365926025022657,0,54,196
40389_Dg,GSE227903,Diagnosis,cellchat,LMPP,cDC,MDK,NCL,0.00794826003507725,0,33,196
40389_Dg,GSE227903,Diagnosis,cellchat,MEP,cDC,MDK,NCL,0.00211127129963152,0.01,27,196
40389_Dg,GSE227903,Diagnosis,cellchat,Pro-B,cDC,MDK,NCL,0.00833290831815771,0,87,196
40389_Dg,GSE227903,Diagnosis,cellchat,Cycling Progenitor,Cycling Progenitor,MDK,NCL,0.0223201699007268,0,24,24
40389_Dg,GSE227903,Diagnosis,cellchat,Early GMP,Cycling Progenitor,MDK,NCL,0.00620707293367688,0,138,24
40389_Dg,GSE227903,Diagnosis,cellchat,HSC MPP,Cycling Progenitor,MDK,NCL,0.0405841629351824,0,54,24
40389_Dg,GSE227903,Diagnosis,cellchat,LMPP,Cycling Progenitor,MDK,NCL,0.00884394777994718,0,33,24
40389_Dg,GSE227903,Diagnosis,cellchat,MEP,Cycling Progenitor,MDK,NCL,0.00235074865465549,0.01,27,24
40389_Dg,GSE227903,Diagnosis,cellchat,Pro-B,Cycling Progenitor,MDK,NCL,0.00927153689352882,0,87,24
40389_Dg,GSE227903,Diagnosis,cellchat,Cycling Progenitor,Early Erythroid,MDK,NCL,0.0227771820201916,0,24,48
40389_Dg,GSE227903,Diagnosis,cellchat,Early GMP,Early Erythroid,MDK,NCL,0.00633630279964271,0,138,48
40389_Dg,GSE227903,Diagnosis,cellchat,HSC MPP,Early Erythroid,MDK,NCL,0.0413993005915658,0,54,48
40389_Dg,GSE227903,Diagnosis,cellchat,LMPP,Early Erythroid,MDK,NCL,0.00902757808687172,0,33,48
40389_Dg,GSE227903,Diagnosis,cellchat,MEP,Early Erythroid,MDK,NCL,0.00239988459919928,0.01,27,48
40389_Dg,GSE227903,Diagnosis,cellchat,Pro-B,Early Erythroid,MDK,NCL,0.00946396062588756,0,87,48
40389_Dg,GSE227903,Diagnosis,cellchat,Cycling Progenitor,Early GMP,MDK,NCL,0.0217423428901195,0,24,138
40389_Dg,GSE227903,Diagnosis,cellchat,Early GMP,Early GMP,MDK,NCL,0.00604380489320526,0,138,138
40389_Dg,GSE227903,Diagnosis,cellchat,HSC MPP,Early GMP,MDK,NCL,0.0395526439031162,0,54,138
40389_Dg,GSE227903,Diagnosis,cellchat,LMPP,Early GMP,MDK,NCL,0.00861192162197012,0,33,138
40389_Dg,GSE227903,Diagnosis,cellchat,MEP,Early GMP,MDK,NCL,0.00228868202225266,0.01,27,138
40389_Dg,GSE227903,Diagnosis,cellchat,Pro-B,Early GMP,MDK,NCL,0.00902839486904021,0,87,138
40389_Dg,GSE227903,Diagnosis,cellchat,Cycling Progenitor,EoBasoMast Precursor,MDK,NCL,0.022069955895819,0,24,24
40389_Dg,GSE227903,Diagnosis,cellchat,Early GMP,EoBasoMast Precursor,MDK,NCL,0.00613635656005353,0,138,24
40389_Dg,GSE227903,Diagnosis,cellchat,HSC MPP,EoBasoMast Precursor,MDK,NCL,0.0401376110810741,0,54,24
40389_Dg,GSE227903,Diagnosis,cellchat,LMPP,EoBasoMast Precursor,MDK,NCL,0.00874345414226665,0,33,24
40389_Dg,GSE227903,Diagnosis,cellchat,MEP,EoBasoMast Precursor,MDK,NCL,0.00232386414562634,0,27,24
40389_Dg,GSE227903,Diagnosis,cellchat,Pro-B,EoBasoMast Precursor,MDK,NCL,0.00916622950080409,0,87,24
40389_Dg,GSE227903,Diagnosis,cellchat,Cycling Progenitor,HSC MPP,MDK,NCL,0.022603464281188,0,24,54
40389_Dg,GSE227903,Diagnosis,cellchat,Early GMP,HSC MPP,MDK,NCL,0.00628717014829063,0,138,54
40389_Dg,GSE227903,Diagnosis,cellchat,HSC MPP,HSC MPP,MDK,NCL,0.0410895269604571,0,54,54
40389_Dg,GSE227903,Diagnosis,cellchat,LMPP,HSC MPP,MDK,NCL,0.00895776500708456,0,33,54
40389_Dg,GSE227903,Diagnosis,cellchat,MEP,HSC MPP,MDK,NCL,0.00238120238432108,0.01,27,54
40389_Dg,GSE227903,Diagnosis,cellchat,Pro-B,HSC MPP,MDK,NCL,0.00939080484336909,0,87,54
40389_Dg,GSE227903,Diagnosis,cellchat,Cycling Progenitor,Late GMP,MDK,NCL,0.0217406972768954,0,24,158
40389_Dg,GSE227903,Diagnosis,cellchat,Early GMP,Late GMP,MDK,NCL,0.00604334011545912,0,138,158
40389_Dg,GSE227903,Diagnosis,cellchat,HSC MPP,Late GMP,MDK,NCL,0.0395497047794804,0,54,158
40389_Dg,GSE227903,Diagnosis,cellchat,LMPP,Late GMP,MDK,NCL,0.00861126106315628,0,33,158
40389_Dg,GSE227903,Diagnosis,cellchat,MEP,Late GMP,MDK,NCL,0.00228850535425956,0.01,27,158
40389_Dg,GSE227903,Diagnosis,cellchat,Pro-B,Late GMP,MDK,NCL,0.0090277026564393,0,87,158
40389_Dg,GSE227903,Diagnosis,cellchat,Cycling Progenitor,LMPP,MDK,NCL,0.0223680371244767,0,24,33
40389_Dg,GSE227903,Diagnosis,cellchat,Early GMP,LMPP,MDK,NCL,0.00622060431671588,0,138,33
40389_Dg,GSE227903,Diagnosis,cellchat,HSC MPP,LMPP,MDK,NCL,0.0406695692858298,0,54,33
40389_Dg,GSE227903,Diagnosis,cellchat,LMPP,LMPP,MDK,NCL,0.00886317626782448,0,33,33
40389_Dg,GSE227903,Diagnosis,cellchat,MEP,LMPP,MDK,NCL,0.00235589320224638,0.01,27,33
40389_Dg,GSE227903,Diagnosis,cellchat,Pro-B,LMPP,MDK,NCL,0.00929168632931119,0,87,33
40389_Dg,GSE227903,Diagnosis,cellchat,Cycling Progenitor,MEP,MDK,NCL,0.0231054367769382,0,24,27
40389_Dg,GSE227903,Diagnosis,cellchat,Early GMP,MEP,MDK,NCL,0.00642917764329685,0,138,27
40389_Dg,GSE227903,Diagnosis,cellchat,HSC MPP,MEP,MDK,NCL,0.0419843990161941,0,54,27
40389_Dg,GSE227903,Diagnosis,cellchat,LMPP,MEP,MDK,NCL,0.00915953687865587,0,33,27
40389_Dg,GSE227903,Diagnosis,cellchat,MEP,MEP,MDK,NCL,0.00243520249468824,0.01,27,27
40389_Dg,GSE227903,Diagnosis,cellchat,Pro-B,MEP,MDK,NCL,0.00960223634285057,0,87,27
40389_Dg,GSE227903,Diagnosis,cellchat,Cycling Progenitor,Monocyte,MDK,NCL,0.0125060589969745,0,24,631
40389_Dg,GSE227903,Diagnosis,cellchat,Early GMP,Monocyte,MDK,NCL,0.00345282052190275,0,138,631
40389_Dg,GSE227903,Diagnosis,cellchat,HSC MPP,Monocyte,MDK,NCL,0.0229277574390647,0,54,631
40389_Dg,GSE227903,Diagnosis,cellchat,LMPP,Monocyte,MDK,NCL,0.00492543904772928,0.01,33,631
40389_Dg,GSE227903,Diagnosis,cellchat,MEP,Monocyte,MDK,NCL,0.0013054078095105,0.01,27,631
40389_Dg,GSE227903,Diagnosis,cellchat,Pro-B,Monocyte,MDK,NCL,0.00516456241952291,0,87,631
40389_Dg,GSE227903,Diagnosis,cellchat,Cycling Progenitor,NK,MDK,NCL,0.0171553145550268,0,24,22
40389_Dg,GSE227903,Diagnosis,cellchat,Early GMP,NK,MDK,NCL,0.00475264014939513,0,138,22
40389_Dg,GSE227903,Diagnosis,cellchat,HSC MPP,NK,MDK,NCL,0.0313284707908749,0,54,22
40389_Dg,GSE227903,Diagnosis,cellchat,LMPP,NK,MDK,NCL,0.00677585885312052,0,33,22
40389_Dg,GSE227903,Diagnosis,cellchat,MEP,NK,MDK,NCL,0.00179828936736236,0.01,27,22
40389_Dg,GSE227903,Diagnosis,cellchat,Pro-B,NK,MDK,NCL,0.00710417622634982,0,87,22
40389_Dg,GSE227903,Diagnosis,cellchat,Cycling Progenitor,pDC,MDK,NCL,0.0241389258347764,0,24,544
40389_Dg,GSE227903,Diagnosis,cellchat,Early GMP,pDC,MDK,NCL,0.00672188254743024,0,138,544
40389_Dg,GSE227903,Diagnosis,cellchat,HSC MPP,pDC,MDK,NCL,0.0438244475640026,0,54,544
40389_Dg,GSE227903,Diagnosis,cellchat,LMPP,pDC,MDK,NCL,0.00957535045149848,0,33,544
40389_Dg,GSE227903,Diagnosis,cellchat,MEP,pDC,MDK,NCL,0.00254653742139404,0.01,27,544
40389_Dg,GSE227903,Diagnosis,cellchat,Pro-B,pDC,MDK,NCL,0.010037943451563,0,87,544
40389_Dg,GSE227903,Diagnosis,cellchat,Cycling Progenitor,Pre-B,MDK,NCL,0.0234192620420082,0,24,140
40389_Dg,GSE227903,Diagnosis,cellchat,Early GMP,Pre-B,MDK,NCL,0.00651801200601196,0,138,140
40389_Dg,GSE227903,Diagnosis,cellchat,HSC MPP,Pre-B,MDK,NCL,0.0425434772321738,0,54,140
40389_Dg,GSE227903,Diagnosis,cellchat,LMPP,Pre-B,MDK,NCL,0.00928574505607252,0,33,140
40389_Dg,GSE227903,Diagnosis,cellchat,MEP,Pre-B,MDK,NCL,0.00246898773823571,0.01,27,140
40389_Dg,GSE227903,Diagnosis,cellchat,Pro-B,Pre-B,MDK,NCL,0.00973448449559267,0,87,140
40389_Dg,GSE227903,Diagnosis,cellchat,Cycling Progenitor,Pro-B,MDK,NCL,0.0250390087718427,0,24,87
40389_Dg,GSE227903,Diagnosis,cellchat,Early GMP,Pro-B,MDK,NCL,0.00697716884348177,0,138,87
40389_Dg,GSE227903,Diagnosis,cellchat,HSC MPP,Pro-B,MDK,NCL,0.0454243891729963,0,54,87
40389_Dg,GSE227903,Diagnosis,cellchat,LMPP,Pro-B,MDK,NCL,0.00993792261038537,0,33,87
40389_Dg,GSE227903,Diagnosis,cellchat,MEP,Pro-B,MDK,NCL,0.00264367287183119,0,27,87
40389_Dg,GSE227903,Diagnosis,cellchat,Pro-B,Pro-B,MDK,NCL,0.0104178475226789,0,87,87
40389_Dg,GSE227903,Diagnosis,cellchat,Cycling Progenitor,Pro-Monocyte,MDK,NCL,0.0170963938733793,0,24,110
40389_Dg,GSE227903,Diagnosis,cellchat,Early GMP,Pro-Monocyte,MDK,NCL,0.0047361117298686,0,138,110
40389_Dg,GSE227903,Diagnosis,cellchat,HSC MPP,Pro-Monocyte,MDK,NCL,0.0312224181651727,0,54,110
40389_Dg,GSE227903,Diagnosis,cellchat,LMPP,Pro-Monocyte,MDK,NCL,0.00675234195439391,0,33,110
40389_Dg,GSE227903,Diagnosis,cellchat,MEP,Pro-Monocyte,MDK,NCL,0.0017920168948939,0.01,27,110
40389_Dg,GSE227903,Diagnosis,cellchat,Pro-B,Pro-Monocyte,MDK,NCL,0.00707952796219791,0,87,110
40389_Dg,GSE227903,Diagnosis,cellchat,Early GMP,Cycling Progenitor,CTSG,F2R,0.000449464788924224,0,138,24
40389_Dg,GSE227903,Diagnosis,cellchat,Late GMP,Cycling Progenitor,CTSG,F2R,0.00357720601774376,0,158,24
40389_Dg,GSE227903,Diagnosis,cellchat,Early GMP,Early Erythroid,CTSG,F2R,0.00150335594072174,0,138,48
40389_Dg,GSE227903,Diagnosis,cellchat,Late GMP,Early Erythroid,CTSG,F2R,0.011877779380823,0,158,48
40389_Dg,GSE227903,Diagnosis,cellchat,Early GMP,Early GMP,CTSG,F2R,0.000584510865530919,0,138,138
40389_Dg,GSE227903,Diagnosis,cellchat,Late GMP,Early GMP,CTSG,F2R,0.0046476427971784,0,158,138
40389_Dg,GSE227903,Diagnosis,cellchat,Early GMP,HSC MPP,CTSG,F2R,0.00121260587748068,0,138,54
40389_Dg,GSE227903,Diagnosis,cellchat,Late GMP,HSC MPP,CTSG,F2R,0.00959989919121504,0,158,54
40389_Dg,GSE227903,Diagnosis,cellchat,Early GMP,LMPP,CTSG,F2R,0.000576352735247178,0,138,33
40389_Dg,GSE227903,Diagnosis,cellchat,Late GMP,LMPP,CTSG,F2R,0.00458303481055211,0,158,33
40389_Dg,GSE227903,Diagnosis,cellchat,Early GMP,MEP,CTSG,F2R,0.00322029314969461,0,138,27
40389_Dg,GSE227903,Diagnosis,cellchat,Late GMP,MEP,CTSG,F2R,0.0251446604510767,0,158,27
40389_Dg,GSE227903,Diagnosis,cellchat,CD4 Memory T,Cycling Progenitor,GZMA,F2R,0.00105190626328126,0,21,24
40389_Dg,GSE227903,Diagnosis,cellchat,CD8 Memory T,Cycling Progenitor,GZMA,F2R,0.00495780666210492,0,358,24
40389_Dg,GSE227903,Diagnosis,cellchat,NK,Cycling Progenitor,GZMA,F2R,0.00174218404881248,0,22,24
40389_Dg,GSE227903,Diagnosis,cellchat,CD4 Memory T,Early Erythroid,GZMA,F2R,0.00351341833517851,0,21,48
40389_Dg,GSE227903,Diagnosis,cellchat,CD8 Memory T,Early Erythroid,GZMA,F2R,0.016409178792869,0,358,48
40389_Dg,GSE227903,Diagnosis,cellchat,NK,Early Erythroid,GZMA,F2R,0.00580958586742725,0,22,48
40389_Dg,GSE227903,Diagnosis,cellchat,CD4 Memory T,Early GMP,GZMA,F2R,0.00136771407219795,0,21,138
40389_Dg,GSE227903,Diagnosis,cellchat,CD8 Memory T,Early GMP,GZMA,F2R,0.00643870236694687,0,358,138
40389_Dg,GSE227903,Diagnosis,cellchat,NK,Early GMP,GZMA,F2R,0.00226476017544899,0,22,138
40389_Dg,GSE227903,Diagnosis,cellchat,CD4 Memory T,HSC MPP,GZMA,F2R,0.00283502460320496,0,21,54
40389_Dg,GSE227903,Diagnosis,cellchat,CD8 Memory T,HSC MPP,GZMA,F2R,0.0132739561598475,0,358,54
40389_Dg,GSE227903,Diagnosis,cellchat,NK,HSC MPP,GZMA,F2R,0.00468991977870145,0,22,54
40389_Dg,GSE227903,Diagnosis,cellchat,CD4 Memory T,LMPP,GZMA,F2R,0.00134863937553498,0,21,33
40389_Dg,GSE227903,Diagnosis,cellchat,CD8 Memory T,LMPP,GZMA,F2R,0.00634935525980652,0,358,33
40389_Dg,GSE227903,Diagnosis,cellchat,NK,LMPP,GZMA,F2R,0.00223320288593074,0,22,33
40389_Dg,GSE227903,Diagnosis,cellchat,CD4 Memory T,MEP,GZMA,F2R,0.00750872360724766,0,21,27
40389_Dg,GSE227903,Diagnosis,cellchat,CD8 Memory T,MEP,GZMA,F2R,0.0345603800179429,0,358,27
40389_Dg,GSE227903,Diagnosis,cellchat,NK,MEP,GZMA,F2R,0.012383543484281,0,22,27
40389_Dg,GSE227903,Diagnosis,cellchat,B,B,LGALS9,PTPRC,0.0137004231855679,0.04,17,17
40389_Dg,GSE227903,Diagnosis,cellchat,cDC,B,LGALS9,PTPRC,0.0249092940636982,0,196,17
40389_Dg,GSE227903,Diagnosis,cellchat,Cycling Progenitor,B,LGALS9,PTPRC,0.0156142397521243,0,24,17
40389_Dg,GSE227903,Diagnosis,cellchat,Early Erythroid,B,LGALS9,PTPRC,0.0197007172964186,0,48,17
40389_Dg,GSE227903,Diagnosis,cellchat,Early GMP,B,LGALS9,PTPRC,0.0180441468734108,0,138,17
40389_Dg,GSE227903,Diagnosis,cellchat,EoBasoMast Precursor,B,LGALS9,PTPRC,0.00632104373920031,0.35,24,17
40389_Dg,GSE227903,Diagnosis,cellchat,HSC MPP,B,LGALS9,PTPRC,0.00948359608005509,0.05,54,17
40389_Dg,GSE227903,Diagnosis,cellchat,Late GMP,B,LGALS9,PTPRC,0.00758421670702383,0.08,158,17
40389_Dg,GSE227903,Diagnosis,cellchat,LMPP,B,LGALS9,PTPRC,0.0209433104924438,0,33,17
40389_Dg,GSE227903,Diagnosis,cellchat,MEP,B,LGALS9,PTPRC,0.0285949659384127,0,27,17
40389_Dg,GSE227903,Diagnosis,cellchat,Pre-B,B,LGALS9,PTPRC,0.00966613956628422,0.03,140,17
40389_Dg,GSE227903,Diagnosis,cellchat,Pro-B,B,LGALS9,PTPRC,0.00872823558976319,0.1,87,17
40389_Dg,GSE227903,Diagnosis,cellchat,B,CD4 Memory T,LGALS9,PTPRC,0.0232702477549247,0,17,21
40389_Dg,GSE227903,Diagnosis,cellchat,cDC,CD4 Memory T,LGALS9,PTPRC,0.0419753699220667,0,196,21
40389_Dg,GSE227903,Diagnosis,cellchat,Cycling Progenitor,CD4 Memory T,LGALS9,PTPRC,0.0264849789825705,0,24,21
40389_Dg,GSE227903,Diagnosis,cellchat,Early Erythroid,CD4 Memory T,LGALS9,PTPRC,0.0333201890987593,0,48,21
40389_Dg,GSE227903,Diagnosis,cellchat,Early GMP,CD4 Memory T,LGALS9,PTPRC,0.0305540950720163,0,138,21
40389_Dg,GSE227903,Diagnosis,cellchat,EoBasoMast Precursor,CD4 Memory T,LGALS9,PTPRC,0.0107927335579381,0.07,24,21
40389_Dg,GSE227903,Diagnosis,cellchat,HSC MPP,CD4 Memory T,LGALS9,PTPRC,0.0161561913437894,0,54,21
40389_Dg,GSE227903,Diagnosis,cellchat,Late GMP,CD4 Memory T,LGALS9,PTPRC,0.0129378768496287,0,158,21
40389_Dg,GSE227903,Diagnosis,cellchat,LMPP,CD4 Memory T,LGALS9,PTPRC,0.035390797403273,0,33,21
40389_Dg,GSE227903,Diagnosis,cellchat,MEP,CD4 Memory T,LGALS9,PTPRC,0.0480617380179333,0,27,21
40389_Dg,GSE227903,Diagnosis,cellchat,Pre-B,CD4 Memory T,LGALS9,PTPRC,0.0164650362586622,0,140,21
40389_Dg,GSE227903,Diagnosis,cellchat,Pro-B,CD4 Memory T,LGALS9,PTPRC,0.0148773467417689,0,87,21
40389_Dg,GSE227903,Diagnosis,cellchat,B,CD8 Memory T,LGALS9,PTPRC,0.0293763260729612,0,17,358
40389_Dg,GSE227903,Diagnosis,cellchat,cDC,CD8 Memory T,LGALS9,PTPRC,0.0527246958408792,0,196,358
40389_Dg,GSE227903,Diagnosis,cellchat,Cycling Progenitor,CD8 Memory T,LGALS9,PTPRC,0.0334057475175232,0,24,358
40389_Dg,GSE227903,Diagnosis,cellchat,Early Erythroid,CD8 Memory T,LGALS9,PTPRC,0.0419500952513758,0,48,358
40389_Dg,GSE227903,Diagnosis,cellchat,Early GMP,CD8 Memory T,LGALS9,PTPRC,0.0384961146372421,0,138,358
40389_Dg,GSE227903,Diagnosis,cellchat,EoBasoMast Precursor,CD8 Memory T,LGALS9,PTPRC,0.013670555617031,0.02,24,358
40389_Dg,GSE227903,Diagnosis,cellchat,HSC MPP,CD8 Memory T,LGALS9,PTPRC,0.0204346063156538,0,54,358
40389_Dg,GSE227903,Diagnosis,cellchat,Late GMP,CD8 Memory T,LGALS9,PTPRC,0.0163782189770129,0,158,358
40389_Dg,GSE227903,Diagnosis,cellchat,LMPP,CD8 Memory T,LGALS9,PTPRC,0.0445322844588902,0,33,358
40389_Dg,GSE227903,Diagnosis,cellchat,MEP,CD8 Memory T,LGALS9,PTPRC,0.0602716430884986,0,27,358
40389_Dg,GSE227903,Diagnosis,cellchat,Pre-B,CD8 Memory T,LGALS9,PTPRC,0.0208235071883636,0,140,358
40389_Dg,GSE227903,Diagnosis,cellchat,Pro-B,CD8 Memory T,LGALS9,PTPRC,0.018823582883844,0,87,358
40389_Dg,GSE227903,Diagnosis,cellchat,B,cDC,LGALS9,PTPRC,0.0173765670241748,0.02,17,196
40389_Dg,GSE227903,Diagnosis,cellchat,cDC,cDC,LGALS9,PTPRC,0.0314969937080665,0,196,196
40389_Dg,GSE227903,Diagnosis,cellchat,Cycling Progenitor,cDC,LGALS9,PTPRC,0.0197935996829979,0,24,196
40389_Dg,GSE227903,Diagnosis,cellchat,Early Erythroid,cDC,LGALS9,PTPRC,0.0249461586253899,0,48,196
40389_Dg,GSE227903,Diagnosis,cellchat,Early GMP,cDC,LGALS9,PTPRC,0.022858800795599,0,138,196
40389_Dg,GSE227903,Diagnosis,cellchat,EoBasoMast Precursor,cDC,LGALS9,PTPRC,0.00803325482942455,0.19,24,196
40389_Dg,GSE227903,Diagnosis,cellchat,HSC MPP,cDC,LGALS9,PTPRC,0.0120420811809545,0,54,196
40389_Dg,GSE227903,Diagnosis,cellchat,Late GMP,cDC,LGALS9,PTPRC,0.00963527165627615,0,158,196
40389_Dg,GSE227903,Diagnosis,cellchat,LMPP,cDC,LGALS9,PTPRC,0.0265106528927173,0,33,196
40389_Dg,GSE227903,Diagnosis,cellchat,MEP,cDC,LGALS9,PTPRC,0.0361212978178494,0,27,196
40389_Dg,GSE227903,Diagnosis,cellchat,Pre-B,cDC,LGALS9,PTPRC,0.012273261056289,0,140,196
40389_Dg,GSE227903,Diagnosis,cellchat,Pro-B,cDC,LGALS9,PTPRC,0.0110852200813387,0,87,196
40389_Dg,GSE227903,Diagnosis,cellchat,B,Cycling Progenitor,LGALS9,PTPRC,0.0108189436212956,0.07,17,24
40389_Dg,GSE227903,Diagnosis,cellchat,cDC,Cycling Progenitor,LGALS9,PTPRC,0.0197174881865084,0,196,24
40389_Dg,GSE227903,Diagnosis,cellchat,Cycling Progenitor,Cycling Progenitor,LGALS9,PTPRC,0.0123352794733057,0.01,24,24
40389_Dg,GSE227903,Diagnosis,cellchat,Early Erythroid,Cycling Progenitor,LGALS9,PTPRC,0.0155771842367617,0.01,48,24
40389_Dg,GSE227903,Diagnosis,cellchat,Early GMP,Cycling Progenitor,LGALS9,PTPRC,0.0142623039256633,0,138,24
40389_Dg,GSE227903,Diagnosis,cellchat,EoBasoMast Precursor,Cycling Progenitor,LGALS9,PTPRC,0.00498375638666692,0.48,24,24
40389_Dg,GSE227903,Diagnosis,cellchat,HSC MPP,Cycling Progenitor,LGALS9,PTPRC,0.00748227351705928,0.19,54,24
40389_Dg,GSE227903,Diagnosis,cellchat,Late GMP,Cycling Progenitor,LGALS9,PTPRC,0.00598129961541986,0.32,158,24
40389_Dg,GSE227903,Diagnosis,cellchat,LMPP,Cycling Progenitor,LGALS9,PTPRC,0.0165640864289344,0,33,24
40389_Dg,GSE227903,Diagnosis,cellchat,MEP,Cycling Progenitor,LGALS9,PTPRC,0.0226528075407934,0,27,24
40389_Dg,GSE227903,Diagnosis,cellchat,Pre-B,Cycling Progenitor,LGALS9,PTPRC,0.00762659147070198,0.1,140,24
40389_Dg,GSE227903,Diagnosis,cellchat,Pro-B,Cycling Progenitor,LGALS9,PTPRC,0.00688520865819167,0.26,87,24
40389_Dg,GSE227903,Diagnosis,cellchat,B,Early Erythroid,LGALS9,PTPRC,0.00949835610439119,0.1,17,48
40389_Dg,GSE227903,Diagnosis,cellchat,cDC,Early Erythroid,LGALS9,PTPRC,0.0173297509821262,0,196,48
40389_Dg,GSE227903,Diagnosis,cellchat,Cycling Progenitor,Early Erythroid,LGALS9,PTPRC,0.0108316309114067,0,24,48
40389_Dg,GSE227903,Diagnosis,cellchat,Early Erythroid,Early Erythroid,LGALS9,PTPRC,0.0136838284133961,0.01,48,48
40389_Dg,GSE227903,Diagnosis,cellchat,Early GMP,Early Erythroid,LGALS9,PTPRC,0.0125267338115114,0,138,48
40389_Dg,GSE227903,Diagnosis,cellchat,EoBasoMast Precursor,Early Erythroid,LGALS9,PTPRC,0.00437227827605434,0.47,24,48
40389_Dg,GSE227903,Diagnosis,cellchat,HSC MPP,Early Erythroid,LGALS9,PTPRC,0.00656626478624055,0.25,54,48
40389_Dg,GSE227903,Diagnosis,cellchat,Late GMP,Early Erythroid,LGALS9,PTPRC,0.00524807425850479,0.48,158,48
40389_Dg,GSE227903,Diagnosis,cellchat,LMPP,Early Erythroid,LGALS9,PTPRC,0.0145525491399474,0.01,33,48
40389_Dg,GSE227903,Diagnosis,cellchat,MEP,Early Erythroid,LGALS9,PTPRC,0.0199168327280717,0.01,27,48
40389_Dg,GSE227903,Diagnosis,cellchat,Pre-B,Early Erythroid,LGALS9,PTPRC,0.00669303392409038,0.22,140,48
40389_Dg,GSE227903,Diagnosis,cellchat,Pro-B,Early Erythroid,LGALS9,PTPRC,0.00604184994791144,0.37,87,48
40389_Dg,GSE227903,Diagnosis,cellchat,B,Early GMP,LGALS9,PTPRC,0.0125320037998344,0.03,17,138
40389_Dg,GSE227903,Diagnosis,cellchat,cDC,Early GMP,LGALS9,PTPRC,0.0228070482887566,0,196,138
40389_Dg,GSE227903,Diagnosis,cellchat,Cycling Progenitor,Early GMP,LGALS9,PTPRC,0.0142849674175076,0,24,138
40389_Dg,GSE227903,Diagnosis,cellchat,Early Erythroid,Early GMP,LGALS9,PTPRC,0.0180299266544752,0.01,48,138
40389_Dg,GSE227903,Diagnosis,cellchat,Early GMP,Early GMP,LGALS9,PTPRC,0.0165114813419769,0,138,138
40389_Dg,GSE227903,Diagnosis,cellchat,EoBasoMast Precursor,Early GMP,LGALS9,PTPRC,0.00577827629974273,0.37,24,138
40389_Dg,GSE227903,Diagnosis,cellchat,HSC MPP,Early GMP,LGALS9,PTPRC,0.00867164040466701,0.04,54,138
40389_Dg,GSE227903,Diagnosis,cellchat,Late GMP,Early GMP,LGALS9,PTPRC,0.00693374156795939,0.11,158,138
40389_Dg,GSE227903,Diagnosis,cellchat,LMPP,Early GMP,LGALS9,PTPRC,0.0191691979340388,0,33,138
40389_Dg,GSE227903,Diagnosis,cellchat,MEP,Early GMP,LGALS9,PTPRC,0.0261900187273841,0,27,138
40389_Dg,GSE227903,Diagnosis,cellchat,Pre-B,Early GMP,LGALS9,PTPRC,0.00883869455238245,0,140,138
40389_Dg,GSE227903,Diagnosis,cellchat,Pro-B,Early GMP,LGALS9,PTPRC,0.00798043045579726,0.1,87,138
40389_Dg,GSE227903,Diagnosis,cellchat,B,EoBasoMast Precursor,LGALS9,PTPRC,0.0113196961580337,0.07,17,24
40389_Dg,GSE227903,Diagnosis,cellchat,cDC,EoBasoMast Precursor,LGALS9,PTPRC,0.0206215217686621,0,196,24
40389_Dg,GSE227903,Diagnosis,cellchat,Cycling Progenitor,EoBasoMast Precursor,LGALS9,PTPRC,0.0129052996543382,0.01,24,24
40389_Dg,GSE227903,Diagnosis,cellchat,Early Erythroid,EoBasoMast Precursor,LGALS9,PTPRC,0.0162945430777456,0.02,48,24
40389_Dg,GSE227903,Diagnosis,cellchat,Early GMP,EoBasoMast Precursor,LGALS9,PTPRC,0.0149200277818969,0,138,24
40389_Dg,GSE227903,Diagnosis,cellchat,EoBasoMast Precursor,EoBasoMast Precursor,LGALS9,PTPRC,0.00521585261289563,0.44,24,24
40389_Dg,GSE227903,Diagnosis,cellchat,HSC MPP,EoBasoMast Precursor,LGALS9,PTPRC,0.00782981141641163,0.15,54,24
40389_Dg,GSE227903,Diagnosis,cellchat,Late GMP,EoBasoMast Precursor,LGALS9,PTPRC,0.00625955971708952,0.32,158,24
40389_Dg,GSE227903,Diagnosis,cellchat,LMPP,EoBasoMast Precursor,LGALS9,PTPRC,0.0173260940762458,0,33,24
40389_Dg,GSE227903,Diagnosis,cellchat,MEP,EoBasoMast Precursor,LGALS9,PTPRC,0.0236881714072837,0,27,24
40389_Dg,GSE227903,Diagnosis,cellchat,Pre-B,EoBasoMast Precursor,LGALS9,PTPRC,0.00798077877375707,0.16,140,24
40389_Dg,GSE227903,Diagnosis,cellchat,Pro-B,EoBasoMast Precursor,LGALS9,PTPRC,0.00720521531401561,0.22,87,24
40389_Dg,GSE227903,Diagnosis,cellchat,B,HSC MPP,LGALS9,PTPRC,0.0170546521261497,0.02,17,54
40389_Dg,GSE227903,Diagnosis,cellchat,cDC,HSC MPP,LGALS9,PTPRC,0.0309217184594033,0,196,54
40389_Dg,GSE227903,Diagnosis,cellchat,Cycling Progenitor,HSC MPP,LGALS9,PTPRC,0.019427792619652,0,24,54
40389_Dg,GSE227903,Diagnosis,cellchat,Early Erythroid,HSC MPP,LGALS9,PTPRC,0.0244875056233992,0,48,54
40389_Dg,GSE227903,Diagnosis,cellchat,Early GMP,HSC MPP,LGALS9,PTPRC,0.0224376422300992,0,138,54
40389_Dg,GSE227903,Diagnosis,cellchat,EoBasoMast Precursor,HSC MPP,LGALS9,PTPRC,0.00788304368993325,0.15,24,54
40389_Dg,GSE227903,Diagnosis,cellchat,HSC MPP,HSC MPP,LGALS9,PTPRC,0.0118178033741435,0,54,54
40389_Dg,GSE227903,Diagnosis,cellchat,Late GMP,HSC MPP,LGALS9,PTPRC,0.00945539047654316,0,158,54
40389_Dg,GSE227903,Diagnosis,cellchat,LMPP,HSC MPP,LGALS9,PTPRC,0.0260240032575841,0,33,54
40389_Dg,GSE227903,Diagnosis,cellchat,MEP,HSC MPP,LGALS9,PTPRC,0.0354646549714531,0,27,54
40389_Dg,GSE227903,Diagnosis,cellchat,Pre-B,HSC MPP,LGALS9,PTPRC,0.0120447301306596,0,140,54
40389_Dg,GSE227903,Diagnosis,cellchat,Pro-B,HSC MPP,LGALS9,PTPRC,0.0108785671086355,0.02,87,54
40389_Dg,GSE227903,Diagnosis,cellchat,B,Late GMP,LGALS9,PTPRC,0.0133392529757608,0.03,17,158
40389_Dg,GSE227903,Diagnosis,cellchat,cDC,Late GMP,LGALS9,PTPRC,0.0242599039686964,0,196,158
40389_Dg,GSE227903,Diagnosis,cellchat,Cycling Progenitor,Late GMP,LGALS9,PTPRC,0.0152033952545728,0,24,158
40389_Dg,GSE227903,Diagnosis,cellchat,Early Erythroid,Late GMP,LGALS9,PTPRC,0.0191844442252813,0.01,48,158
40389_Dg,GSE227903,Diagnosis,cellchat,Early GMP,Late GMP,LGALS9,PTPRC,0.0175705074610309,0,138,158
40389_Dg,GSE227903,Diagnosis,cellchat,EoBasoMast Precursor,Late GMP,LGALS9,PTPRC,0.0061531949046498,0.35,24,158
40389_Dg,GSE227903,Diagnosis,cellchat,HSC MPP,Late GMP,LGALS9,PTPRC,0.00923254917734586,0.02,54,158
40389_Dg,GSE227903,Diagnosis,cellchat,Late GMP,Late GMP,LGALS9,PTPRC,0.00738307483000874,0.1,158,158
40389_Dg,GSE227903,Diagnosis,cellchat,LMPP,Late GMP,LGALS9,PTPRC,0.0203951517488236,0,33,158
40389_Dg,GSE227903,Diagnosis,cellchat,MEP,Late GMP,LGALS9,PTPRC,0.0278522342478274,0,27,158
40389_Dg,GSE227903,Diagnosis,cellchat,Pre-B,Late GMP,LGALS9,PTPRC,0.00941030633551598,0,140,158
40389_Dg,GSE227903,Diagnosis,cellchat,Pro-B,Late GMP,LGALS9,PTPRC,0.00849701283249972,0.05,87,158
40389_Dg,GSE227903,Diagnosis,cellchat,B,LMPP,LGALS9,PTPRC,0.0164718740482854,0.02,17,33
40389_Dg,GSE227903,Diagnosis,cellchat,cDC,LMPP,LGALS9,PTPRC,0.029879490150015,0,196,33
40389_Dg,GSE227903,Diagnosis,cellchat,Cycling Progenitor,LMPP,LGALS9,PTPRC,0.0187654696155276,0,24,33
40389_Dg,GSE227903,Diagnosis,cellchat,Early Erythroid,LMPP,LGALS9,PTPRC,0.0236568508033799,0.01,48,33
40389_Dg,GSE227903,Diagnosis,cellchat,Early GMP,LMPP,LGALS9,PTPRC,0.0216749770161564,0,138,33
40389_Dg,GSE227903,Diagnosis,cellchat,EoBasoMast Precursor,LMPP,LGALS9,PTPRC,0.00761124376896794,0.22,24,33
40389_Dg,GSE227903,Diagnosis,cellchat,HSC MPP,LMPP,LGALS9,PTPRC,0.0114118971629108,0.01,54,33
40389_Dg,GSE227903,Diagnosis,cellchat,Late GMP,LMPP,LGALS9,PTPRC,0.0091298764105537,0.01,158,33
40389_Dg,GSE227903,Diagnosis,cellchat,LMPP,LMPP,LGALS9,PTPRC,0.0251425713504008,0,33,33
40389_Dg,GSE227903,Diagnosis,cellchat,MEP,LMPP,LGALS9,PTPRC,0.034274720909808,0,27,33
40389_Dg,GSE227903,Diagnosis,cellchat,Pre-B,LMPP,LGALS9,PTPRC,0.0116311214039403,0,140,33
40389_Dg,GSE227903,Diagnosis,cellchat,Pro-B,LMPP,LGALS9,PTPRC,0.0105045779249362,0.02,87,33
40389_Dg,GSE227903,Diagnosis,cellchat,B,MEP,LGALS9,PTPRC,0.0134963772501649,0.02,17,27
40389_Dg,GSE227903,Diagnosis,cellchat,cDC,MEP,LGALS9,PTPRC,0.02454246387474,0,196,27
40389_Dg,GSE227903,Diagnosis,cellchat,Cycling Progenitor,MEP,LGALS9,PTPRC,0.0153821351047007,0,24,27
40389_Dg,GSE227903,Diagnosis,cellchat,Early Erythroid,MEP,LGALS9,PTPRC,0.0194090651381993,0.01,48,27
40389_Dg,GSE227903,Diagnosis,cellchat,Early GMP,MEP,LGALS9,PTPRC,0.017776574098399,0,138,27
40389_Dg,GSE227903,Diagnosis,cellchat,EoBasoMast Precursor,MEP,LGALS9,PTPRC,0.006226208091156,0.38,24,27
40389_Dg,GSE227903,Diagnosis,cellchat,HSC MPP,MEP,LGALS9,PTPRC,0.0093417582145559,0.04,54,27
40389_Dg,GSE227903,Diagnosis,cellchat,Late GMP,MEP,LGALS9,PTPRC,0.00747057194918201,0.16,158,27
40389_Dg,GSE227903,Diagnosis,cellchat,LMPP,MEP,LGALS9,PTPRC,0.0206336500065564,0,33,27
40389_Dg,GSE227903,Diagnosis,cellchat,MEP,MEP,LGALS9,PTPRC,0.0281754265493253,0,27,27
40389_Dg,GSE227903,Diagnosis,cellchat,Pre-B,MEP,LGALS9,PTPRC,0.00952159780147653,0.03,140,27
40389_Dg,GSE227903,Diagnosis,cellchat,Pro-B,MEP,LGALS9,PTPRC,0.0085975969322317,0.07,87,27
40389_Dg,GSE227903,Diagnosis,cellchat,B,Monocyte,LGALS9,PTPRC,0.0146114103834304,0.02,17,631
40389_Dg,GSE227903,Diagnosis,cellchat,cDC,Monocyte,LGALS9,PTPRC,0.0265455371441292,0,196,631
40389_Dg,GSE227903,Diagnosis,cellchat,Cycling Progenitor,Monocyte,LGALS9,PTPRC,0.0166503347585727,0,24,631
40389_Dg,GSE227903,Diagnosis,cellchat,Early Erythroid,Monocyte,LGALS9,PTPRC,0.021002188378382,0.01,48,631
40389_Dg,GSE227903,Diagnosis,cellchat,Early GMP,Monocyte,LGALS9,PTPRC,0.0192383290943447,0,138,631
40389_Dg,GSE227903,Diagnosis,cellchat,EoBasoMast Precursor,Monocyte,LGALS9,PTPRC,0.00674470665072221,0.25,24,631
40389_Dg,GSE227903,Diagnosis,cellchat,HSC MPP,Monocyte,LGALS9,PTPRC,0.01011706840624,0,54,631
40389_Dg,GSE227903,Diagnosis,cellchat,Late GMP,Monocyte,LGALS9,PTPRC,0.00809185333866802,0.01,158,631
40389_Dg,GSE227903,Diagnosis,cellchat,LMPP,Monocyte,LGALS9,PTPRC,0.0223250004592453,0,33,631
40389_Dg,GSE227903,Diagnosis,cellchat,MEP,Monocyte,LGALS9,PTPRC,0.0304657493154968,0,27,631
40389_Dg,GSE227903,Diagnosis,cellchat,Pre-B,Monocyte,LGALS9,PTPRC,0.0103116782463679,0,140,631
40389_Dg,GSE227903,Diagnosis,cellchat,Pro-B,Monocyte,LGALS9,PTPRC,0.00931172670189042,0,87,631
40389_Dg,GSE227903,Diagnosis,cellchat,B,NK,LGALS9,PTPRC,0.0235056890696996,0,17,22
40389_Dg,GSE227903,Diagnosis,cellchat,cDC,NK,LGALS9,PTPRC,0.0423918500800264,0,196,22
40389_Dg,GSE227903,Diagnosis,cellchat,Cycling Progenitor,NK,LGALS9,PTPRC,0.0267520551144873,0,24,22
40389_Dg,GSE227903,Diagnosis,cellchat,Early Erythroid,NK,LGALS9,PTPRC,0.0336538091511767,0,48,22
40389_Dg,GSE227903,Diagnosis,cellchat,Early GMP,NK,LGALS9,PTPRC,0.0308609036440139,0,138,22
40389_Dg,GSE227903,Diagnosis,cellchat,EoBasoMast Precursor,NK,LGALS9,PTPRC,0.010903340437591,0.06,24,22
40389_Dg,GSE227903,Diagnosis,cellchat,HSC MPP,NK,LGALS9,PTPRC,0.0163208575199944,0,54,22
40389_Dg,GSE227903,Diagnosis,cellchat,Late GMP,NK,LGALS9,PTPRC,0.0130701772733812,0,158,22
40389_Dg,GSE227903,Diagnosis,cellchat,LMPP,NK,LGALS9,PTPRC,0.035744382926237,0,33,22
40389_Dg,GSE227903,Diagnosis,cellchat,MEP,NK,LGALS9,PTPRC,0.0485355477628951,0,27,22
40389_Dg,GSE227903,Diagnosis,cellchat,Pre-B,NK,LGALS9,PTPRC,0.0166327970093707,0,140,22
40389_Dg,GSE227903,Diagnosis,cellchat,Pro-B,NK,LGALS9,PTPRC,0.0150291778634141,0,87,22
40389_Dg,GSE227903,Diagnosis,cellchat,B,pDC,LGALS9,PTPRC,0.00977861255106061,0.07,17,544
40389_Dg,GSE227903,Diagnosis,cellchat,cDC,pDC,LGALS9,PTPRC,0.0178369177507553,0,196,544
40389_Dg,GSE227903,Diagnosis,cellchat,Cycling Progenitor,pDC,LGALS9,PTPRC,0.0111507838061949,0,24,544
40389_Dg,GSE227903,Diagnosis,cellchat,Early Erythroid,pDC,LGALS9,PTPRC,0.0140858242841929,0.01,48,544
40389_Dg,GSE227903,Diagnosis,cellchat,Early GMP,pDC,LGALS9,PTPRC,0.0128951816237222,0,138,544
40389_Dg,GSE227903,Diagnosis,cellchat,EoBasoMast Precursor,pDC,LGALS9,PTPRC,0.00450197322421964,0.47,24,544
40389_Dg,GSE227903,Diagnosis,cellchat,HSC MPP,pDC,LGALS9,PTPRC,0.00676059807160519,0.21,54,544
40389_Dg,GSE227903,Diagnosis,cellchat,Late GMP,pDC,LGALS9,PTPRC,0.00540360695903426,0.36,158,544
40389_Dg,GSE227903,Diagnosis,cellchat,LMPP,pDC,LGALS9,PTPRC,0.0149796782061304,0,33,544
40389_Dg,GSE227903,Diagnosis,cellchat,MEP,pDC,LGALS9,PTPRC,0.020498132838518,0,27,544
40389_Dg,GSE227903,Diagnosis,cellchat,Pre-B,pDC,LGALS9,PTPRC,0.00689109300737499,0.15,140,544
40389_Dg,GSE227903,Diagnosis,cellchat,Pro-B,pDC,LGALS9,PTPRC,0.00622075998947697,0.25,87,544
40389_Dg,GSE227903,Diagnosis,cellchat,B,Pre-B,LGALS9,PTPRC,0.00823871718892447,0.15,17,140
40389_Dg,GSE227903,Diagnosis,cellchat,cDC,Pre-B,LGALS9,PTPRC,0.0150473173335452,0,196,140
40389_Dg,GSE227903,Diagnosis,cellchat,Cycling Progenitor,Pre-B,LGALS9,PTPRC,0.00939685516404431,0.06,24,140
40389_Dg,GSE227903,Diagnosis,cellchat,Early Erythroid,Pre-B,LGALS9,PTPRC,0.0118757817491268,0.02,48,140
40389_Dg,GSE227903,Diagnosis,cellchat,Early GMP,Pre-B,LGALS9,PTPRC,0.0108698893390877,0,138,140
40389_Dg,GSE227903,Diagnosis,cellchat,EoBasoMast Precursor,Pre-B,LGALS9,PTPRC,0.00378984090498392,0.51,24,140
40389_Dg,GSE227903,Diagnosis,cellchat,HSC MPP,Pre-B,LGALS9,PTPRC,0.00569323460497346,0.36,54,140
40389_Dg,GSE227903,Diagnosis,cellchat,Late GMP,Pre-B,LGALS9,PTPRC,0.00454950396973618,0.57,158,140
40389_Dg,GSE227903,Diagnosis,cellchat,LMPP,Pre-B,LGALS9,PTPRC,0.012631188228724,0,33,140
40389_Dg,GSE227903,Diagnosis,cellchat,MEP,Pre-B,LGALS9,PTPRC,0.017299663216008,0.01,27,140
40389_Dg,GSE227903,Diagnosis,cellchat,Pre-B,Pre-B,LGALS9,PTPRC,0.00580324737106799,0.36,140,140
40389_Dg,GSE227903,Diagnosis,cellchat,Pro-B,Pre-B,LGALS9,PTPRC,0.00523817669186614,0.5,87,140
40389_Dg,GSE227903,Diagnosis,cellchat,B,Pro-B,LGALS9,PTPRC,0.005987982371908,0.34,17,87
40389_Dg,GSE227903,Diagnosis,cellchat,cDC,Pro-B,LGALS9,PTPRC,0.0109570912636167,0,196,87
40389_Dg,GSE227903,Diagnosis,cellchat,Cycling Progenitor,Pro-B,LGALS9,PTPRC,0.0068319081954813,0.29,24,87
40389_Dg,GSE227903,Diagnosis,cellchat,Early Erythroid,Pro-B,LGALS9,PTPRC,0.00864009360660817,0.13,48,87
40389_Dg,GSE227903,Diagnosis,cellchat,Early GMP,Pro-B,LGALS9,PTPRC,0.00790607488183423,0.02,138,87
40389_Dg,GSE227903,Diagnosis,cellchat,EoBasoMast Precursor,Pro-B,LGALS9,PTPRC,0.00275112296154359,0.53,24,87
40389_Dg,GSE227903,Diagnosis,cellchat,HSC MPP,Pro-B,LGALS9,PTPRC,0.00413500070480601,0.45,54,87
40389_Dg,GSE227903,Diagnosis,cellchat,Late GMP,Pro-B,LGALS9,PTPRC,0.00330326828833704,0.73,158,87
40389_Dg,GSE227903,Diagnosis,cellchat,LMPP,Pro-B,LGALS9,PTPRC,0.00919159577267285,0.06,33,87
40389_Dg,GSE227903,Diagnosis,cellchat,MEP,Pro-B,LGALS9,PTPRC,0.0126050300993181,0.02,27,87
40389_Dg,GSE227903,Diagnosis,cellchat,Pre-B,Pro-B,LGALS9,PTPRC,0.00421503070505955,0.58,140,87
40389_Dg,GSE227903,Diagnosis,cellchat,Pro-B,Pro-B,LGALS9,PTPRC,0.00380401529081467,0.63,87,87
40389_Dg,GSE227903,Diagnosis,cellchat,B,Pro-Monocyte,LGALS9,PTPRC,0.0123335312542614,0.03,17,110
40389_Dg,GSE227903,Diagnosis,cellchat,cDC,Pro-Monocyte,LGALS9,PTPRC,0.0224495467826451,0,196,110
40389_Dg,GSE227903,Diagnosis,cellchat,Cycling Progenitor,Pro-Monocyte,LGALS9,PTPRC,0.0140591280041503,0,24,110
40389_Dg,GSE227903,Diagnosis,cellchat,Early Erythroid,Pro-Monocyte,LGALS9,PTPRC,0.0177459468853028,0.01,48,110
40389_Dg,GSE227903,Diagnosis,cellchat,Early GMP,Pro-Monocyte,LGALS9,PTPRC,0.0162510219966589,0,138,110
40389_Dg,GSE227903,Diagnosis,cellchat,EoBasoMast Precursor,Pro-Monocyte,LGALS9,PTPRC,0.00568614834995435,0.4,24,110
40389_Dg,GSE227903,Diagnosis,cellchat,HSC MPP,Pro-Monocyte,LGALS9,PTPRC,0.00853377706466896,0.05,54,110
40389_Dg,GSE227903,Diagnosis,cellchat,Late GMP,Pro-Monocyte,LGALS9,PTPRC,0.00682331749096137,0.12,158,110
40389_Dg,GSE227903,Diagnosis,cellchat,LMPP,Pro-Monocyte,LGALS9,PTPRC,0.0188676188878072,0,33,110
40389_Dg,GSE227903,Diagnosis,cellchat,MEP,Pro-Monocyte,LGALS9,PTPRC,0.0257808880297278,0,27,110
40389_Dg,GSE227903,Diagnosis,cellchat,Pre-B,Pro-Monocyte,LGALS9,PTPRC,0.00869819865795983,0.01,140,110
40389_Dg,GSE227903,Diagnosis,cellchat,Pro-B,Pro-Monocyte,LGALS9,PTPRC,0.00785346904260455,0.11,87,110
40389_Dg,GSE227903,Diagnosis,cellchat,B,cDC,LGALS9,HAVCR2,0.0118956862130347,0,17,196
40389_Dg,GSE227903,Diagnosis,cellchat,cDC,cDC,LGALS9,HAVCR2,0.0216604552422519,0,196,196
40389_Dg,GSE227903,Diagnosis,cellchat,Cycling Progenitor,cDC,LGALS9,HAVCR2,0.0135608647266742,0,24,196
40389_Dg,GSE227903,Diagnosis,cellchat,Early Erythroid,cDC,LGALS9,HAVCR2,0.017119289458932,0,48,196
40389_Dg,GSE227903,Diagnosis,cellchat,Early GMP,cDC,LGALS9,HAVCR2,0.0156763119141156,0,138,196
40389_Dg,GSE227903,Diagnosis,cellchat,EoBasoMast Precursor,cDC,LGALS9,HAVCR2,0.00548297786907257,0,24,196
40389_Dg,GSE227903,Diagnosis,cellchat,HSC MPP,cDC,LGALS9,HAVCR2,0.0082297007500805,0,54,196
40389_Dg,GSE227903,Diagnosis,cellchat,Late GMP,cDC,LGALS9,HAVCR2,0.00657978395487576,0,158,196
40389_Dg,GSE227903,Diagnosis,cellchat,LMPP,cDC,LGALS9,HAVCR2,0.0182020861833434,0,33,196
40389_Dg,GSE227903,Diagnosis,cellchat,MEP,cDC,LGALS9,HAVCR2,0.0248776812873459,0,27,196
40389_Dg,GSE227903,Diagnosis,cellchat,Pre-B,cDC,LGALS9,HAVCR2,0.00838831322580244,0,140,196
40389_Dg,GSE227903,Diagnosis,cellchat,Pro-B,cDC,LGALS9,HAVCR2,0.00757344835826633,0,87,196
40389_Dg,GSE227903,Diagnosis,cellchat,B,Cycling Progenitor,LGALS9,HAVCR2,0.000360611895207429,0.19,17,24
40389_Dg,GSE227903,Diagnosis,cellchat,cDC,Cycling Progenitor,LGALS9,HAVCR2,0.000662979243918209,0.16,196,24
40389_Dg,GSE227903,Diagnosis,cellchat,Cycling Progenitor,Cycling Progenitor,LGALS9,HAVCR2,0.000411763844638086,0.26,24,24
40389_Dg,GSE227903,Diagnosis,cellchat,Early Erythroid,Cycling Progenitor,LGALS9,HAVCR2,0.000521636898455481,0.2,48,24
40389_Dg,GSE227903,Diagnosis,cellchat,Early GMP,Cycling Progenitor,LGALS9,HAVCR2,0.00047698941329027,0.19,138,24
40389_Dg,GSE227903,Diagnosis,cellchat,EoBasoMast Precursor,Cycling Progenitor,LGALS9,HAVCR2,0.000165174315499864,0.26,24,24
40389_Dg,GSE227903,Diagnosis,cellchat,HSC MPP,Cycling Progenitor,LGALS9,HAVCR2,0.000248585021536978,0.17,54,24
40389_Dg,GSE227903,Diagnosis,cellchat,Late GMP,Cycling Progenitor,LGALS9,HAVCR2,0.000198427764476037,0.27,158,24
40389_Dg,GSE227903,Diagnosis,cellchat,LMPP,Cycling Progenitor,LGALS9,HAVCR2,0.000555223510646921,0.16,33,24
40389_Dg,GSE227903,Diagnosis,cellchat,MEP,Cycling Progenitor,LGALS9,HAVCR2,0.000763886629144858,0.15,27,24
40389_Dg,GSE227903,Diagnosis,cellchat,Pre-B,Cycling Progenitor,LGALS9,HAVCR2,0.000253415348729857,0.24,140,24
40389_Dg,GSE227903,Diagnosis,cellchat,Pro-B,Cycling Progenitor,LGALS9,HAVCR2,0.000228615661849936,0.3,87,24
40389_Dg,GSE227903,Diagnosis,cellchat,B,Monocyte,LGALS9,HAVCR2,0.00386800942360776,0,17,631
40389_Dg,GSE227903,Diagnosis,cellchat,cDC,Monocyte,LGALS9,HAVCR2,0.00709041421193282,0,196,631
40389_Dg,GSE227903,Diagnosis,cellchat,Cycling Progenitor,Monocyte,LGALS9,HAVCR2,0.00441448039819324,0,24,631
40389_Dg,GSE227903,Diagnosis,cellchat,Early Erythroid,Monocyte,LGALS9,HAVCR2,0.00558644964229765,0,48,631
40389_Dg,GSE227903,Diagnosis,cellchat,Early GMP,Monocyte,LGALS9,HAVCR2,0.00511051575359222,0,138,631
40389_Dg,GSE227903,Diagnosis,cellchat,EoBasoMast Precursor,Monocyte,LGALS9,HAVCR2,0.00177507461530267,0,24,631
40389_Dg,GSE227903,Diagnosis,cellchat,HSC MPP,Monocyte,LGALS9,HAVCR2,0.00266929189694871,0,54,631
40389_Dg,GSE227903,Diagnosis,cellchat,Late GMP,Monocyte,LGALS9,HAVCR2,0.00213174757362934,0,158,631
40389_Dg,GSE227903,Diagnosis,cellchat,LMPP,Monocyte,LGALS9,HAVCR2,0.00594420466769432,0,33,631
40389_Dg,GSE227903,Diagnosis,cellchat,MEP,Monocyte,LGALS9,HAVCR2,0.00816160646084913,0,27,631
40389_Dg,GSE227903,Diagnosis,cellchat,Pre-B,Monocyte,LGALS9,HAVCR2,0.00272103165483533,0,140,631
40389_Dg,GSE227903,Diagnosis,cellchat,Pro-B,Monocyte,LGALS9,HAVCR2,0.0024553396277249,0,87,631
40389_Dg,GSE227903,Diagnosis,cellchat,B,Pro-Monocyte,LGALS9,HAVCR2,0.002422434469039,0.01,17,110
40389_Dg,GSE227903,Diagnosis,cellchat,cDC,Pro-Monocyte,LGALS9,HAVCR2,0.00444591840955737,0,196,110
40389_Dg,GSE227903,Diagnosis,cellchat,Cycling Progenitor,Pro-Monocyte,LGALS9,HAVCR2,0.00276524207522199,0,24,110
40389_Dg,GSE227903,Diagnosis,cellchat,Early Erythroid,Pro-Monocyte,LGALS9,HAVCR2,0.00350090632689645,0,48,110
40389_Dg,GSE227903,Diagnosis,cellchat,Early GMP,Pro-Monocyte,LGALS9,HAVCR2,0.00320207679399624,0,138,110
40389_Dg,GSE227903,Diagnosis,cellchat,EoBasoMast Precursor,Pro-Monocyte,LGALS9,HAVCR2,0.00111081118478422,0.03,24,110
40389_Dg,GSE227903,Diagnosis,cellchat,HSC MPP,Pro-Monocyte,LGALS9,HAVCR2,0.00167095713924972,0.01,54,110
40389_Dg,GSE227903,Diagnosis,cellchat,Late GMP,Pro-Monocyte,LGALS9,HAVCR2,0.00133418938683947,0,158,110
40389_Dg,GSE227903,Diagnosis,cellchat,LMPP,Pro-Monocyte,LGALS9,HAVCR2,0.00372560398857802,0,33,110
40389_Dg,GSE227903,Diagnosis,cellchat,MEP,Pro-Monocyte,LGALS9,HAVCR2,0.00511965051043982,0,27,110
40389_Dg,GSE227903,Diagnosis,cellchat,Pre-B,Pro-Monocyte,LGALS9,HAVCR2,0.00170337889839137,0,140,110
40389_Dg,GSE227903,Diagnosis,cellchat,Pro-B,Pro-Monocyte,LGALS9,HAVCR2,0.00153690127721311,0,87,110
40389_Dg,GSE227903,Diagnosis,cellchat,B,B,LGALS9,CD44,0.0132329744406546,0.16,17,17
40389_Dg,GSE227903,Diagnosis,cellchat,cDC,B,LGALS9,CD44,0.0240687392556794,0,196,17
40389_Dg,GSE227903,Diagnosis,cellchat,Cycling Progenitor,B,LGALS9,CD44,0.0150824914780753,0.12,24,17
40389_Dg,GSE227903,Diagnosis,cellchat,Early Erythroid,B,LGALS9,CD44,0.0190324933288007,0.02,48,17
40389_Dg,GSE227903,Diagnosis,cellchat,Early GMP,B,LGALS9,CD44,0.0174311126089558,0,138,17
40389_Dg,GSE227903,Diagnosis,cellchat,EoBasoMast Precursor,B,LGALS9,CD44,0.00610381603805649,0.51,24,17
40389_Dg,GSE227903,Diagnosis,cellchat,HSC MPP,B,LGALS9,CD44,0.00915868648085182,0.3,54,17
40389_Dg,GSE227903,Diagnosis,cellchat,Late GMP,B,LGALS9,CD44,0.00732389901354197,0.51,158,17
40389_Dg,GSE227903,Diagnosis,cellchat,LMPP,B,LGALS9,CD44,0.0202338092375712,0.01,33,17
40389_Dg,GSE227903,Diagnosis,cellchat,MEP,B,LGALS9,CD44,0.0276335641390925,0.01,27,17
40389_Dg,GSE227903,Diagnosis,cellchat,Pre-B,B,LGALS9,CD44,0.00933503493649056,0.25,140,17
40389_Dg,GSE227903,Diagnosis,cellchat,Pro-B,B,LGALS9,CD44,0.00842898454789974,0.43,87,17
40389_Dg,GSE227903,Diagnosis,cellchat,B,CD4 Memory T,LGALS9,CD44,0.0292502764815856,0.02,17,21
40389_Dg,GSE227903,Diagnosis,cellchat,cDC,CD4 Memory T,LGALS9,CD44,0.0525038810251987,0,196,21
40389_Dg,GSE227903,Diagnosis,cellchat,Cycling Progenitor,CD4 Memory T,LGALS9,CD44,0.0332630007701592,0,24,21
40389_Dg,GSE227903,Diagnosis,cellchat,Early Erythroid,CD4 Memory T,LGALS9,CD44,0.0417724153491617,0,48,21
40389_Dg,GSE227903,Diagnosis,cellchat,Early GMP,CD4 Memory T,LGALS9,CD44,0.0383324787580953,0,138,21
40389_Dg,GSE227903,Diagnosis,cellchat,EoBasoMast Precursor,CD4 Memory T,LGALS9,CD44,0.0136109522088198,0.16,24,21
40389_Dg,GSE227903,Diagnosis,cellchat,HSC MPP,CD4 Memory T,LGALS9,CD44,0.0203461200994435,0.01,54,21
40389_Dg,GSE227903,Diagnosis,cellchat,Late GMP,CD4 Memory T,LGALS9,CD44,0.0163070053774199,0,158,21
40389_Dg,GSE227903,Diagnosis,cellchat,LMPP,CD4 Memory T,LGALS9,CD44,0.0443441739004128,0,33,21
40389_Dg,GSE227903,Diagnosis,cellchat,MEP,CD4 Memory T,LGALS9,CD44,0.0600212238068993,0,27,21
40389_Dg,GSE227903,Diagnosis,cellchat,Pre-B,CD4 Memory T,LGALS9,CD44,0.0207333725920551,0,140,21
40389_Dg,GSE227903,Diagnosis,cellchat,Pro-B,CD4 Memory T,LGALS9,CD44,0.0187419392710287,0,87,21
40389_Dg,GSE227903,Diagnosis,cellchat,B,CD8 Memory T,LGALS9,CD44,0.0145483292265421,0.09,17,358
40389_Dg,GSE227903,Diagnosis,cellchat,cDC,CD8 Memory T,LGALS9,CD44,0.0264323153980151,0,196,358
40389_Dg,GSE227903,Diagnosis,cellchat,Cycling Progenitor,CD8 Memory T,LGALS9,CD44,0.0165785991469995,0,24,358
40389_Dg,GSE227903,Diagnosis,cellchat,Early Erythroid,CD8 Memory T,LGALS9,CD44,0.0209121021483712,0.01,48,358
40389_Dg,GSE227903,Diagnosis,cellchat,Early GMP,CD8 Memory T,LGALS9,CD44,0.0191556606775814,0,138,358
40389_Dg,GSE227903,Diagnosis,cellchat,EoBasoMast Precursor,CD8 Memory T,LGALS9,CD44,0.0067153565924837,0.49,24,358
40389_Dg,GSE227903,Diagnosis,cellchat,HSC MPP,CD8 Memory T,LGALS9,CD44,0.0100731921107599,0.22,54,358
40389_Dg,GSE227903,Diagnosis,cellchat,Late GMP,CD8 Memory T,LGALS9,CD44,0.00805668862894417,0.45,158,358
40389_Dg,GSE227903,Diagnosis,cellchat,LMPP,CD8 Memory T,LGALS9,CD44,0.0222293690302244,0,33,358
40389_Dg,GSE227903,Diagnosis,cellchat,MEP,CD8 Memory T,LGALS9,CD44,0.0303363281906677,0.01,27,358
40389_Dg,GSE227903,Diagnosis,cellchat,Pre-B,CD8 Memory T,LGALS9,CD44,0.0102669667093576,0.19,140,358
40389_Dg,GSE227903,Diagnosis,cellchat,Pro-B,CD8 Memory T,LGALS9,CD44,0.00927131034711018,0.32,87,358
40389_Dg,GSE227903,Diagnosis,cellchat,B,cDC,LGALS9,CD44,0.0298780922373467,0.01,17,196
40389_Dg,GSE227903,Diagnosis,cellchat,cDC,cDC,LGALS9,CD44,0.0536032426515981,0,196,196
40389_Dg,GSE227903,Diagnosis,cellchat,Cycling Progenitor,cDC,LGALS9,CD44,0.0339739297137977,0,24,196
40389_Dg,GSE227903,Diagnosis,cellchat,Early Erythroid,cDC,LGALS9,CD44,0.0426571906494443,0,48,196
40389_Dg,GSE227903,Diagnosis,cellchat,Early GMP,cDC,LGALS9,CD44,0.0391473699243357,0,138,196
40389_Dg,GSE227903,Diagnosis,cellchat,EoBasoMast Precursor,cDC,LGALS9,CD44,0.0139079012388437,0.13,24,196
40389_Dg,GSE227903,Diagnosis,cellchat,HSC MPP,cDC,LGALS9,CD44,0.020786913146784,0,54,196
40389_Dg,GSE227903,Diagnosis,cellchat,Late GMP,cDC,LGALS9,CD44,0.0166617804165931,0,158,196
40389_Dg,GSE227903,Diagnosis,cellchat,LMPP,cDC,LGALS9,CD44,0.0452808471702953,0,33,196
40389_Dg,GSE227903,Diagnosis,cellchat,MEP,cDC,LGALS9,CD44,0.0612678104794958,0,27,196
40389_Dg,GSE227903,Diagnosis,cellchat,Pre-B,cDC,LGALS9,CD44,0.0211823739521841,0,140,196
40389_Dg,GSE227903,Diagnosis,cellchat,Pro-B,cDC,LGALS9,CD44,0.0191486575022044,0,87,196
40389_Dg,GSE227903,Diagnosis,cellchat,B,Cycling Progenitor,LGALS9,CD44,0.0218132861090787,0.03,17,24
40389_Dg,GSE227903,Diagnosis,cellchat,cDC,Cycling Progenitor,LGALS9,CD44,0.0393945069296227,0,196,24
40389_Dg,GSE227903,Diagnosis,cellchat,Cycling Progenitor,Cycling Progenitor,LGALS9,CD44,0.024831858566639,0,24,24
40389_Dg,GSE227903,Diagnosis,cellchat,Early Erythroid,Cycling Progenitor,LGALS9,CD44,0.0312541303167219,0,48,24
40389_Dg,GSE227903,Diagnosis,cellchat,Early GMP,Cycling Progenitor,LGALS9,CD44,0.0286544672348818,0,138,24
40389_Dg,GSE227903,Diagnosis,cellchat,EoBasoMast Precursor,Cycling Progenitor,LGALS9,CD44,0.0101089097402476,0.32,24,24
40389_Dg,GSE227903,Diagnosis,cellchat,HSC MPP,Cycling Progenitor,LGALS9,CD44,0.0151377410555729,0.01,54,24
40389_Dg,GSE227903,Diagnosis,cellchat,Late GMP,Cycling Progenitor,LGALS9,CD44,0.0121198027462858,0.07,158,24
40389_Dg,GSE227903,Diagnosis,cellchat,LMPP,Cycling Progenitor,LGALS9,CD44,0.033200757632278,0,33,24
40389_Dg,GSE227903,Diagnosis,cellchat,MEP,Cycling Progenitor,LGALS9,CD44,0.0451242799581185,0,27,24
40389_Dg,GSE227903,Diagnosis,cellchat,Pre-B,Cycling Progenitor,LGALS9,CD44,0.0154274223626078,0,140,24
40389_Dg,GSE227903,Diagnosis,cellchat,Pro-B,Cycling Progenitor,LGALS9,CD44,0.0139383698657281,0.02,87,24
40389_Dg,GSE227903,Diagnosis,cellchat,B,Early Erythroid,LGALS9,CD44,0.0054984630646536,0.52,17,48
40389_Dg,GSE227903,Diagnosis,cellchat,cDC,Early Erythroid,LGALS9,CD44,0.0100654593373889,0.18,196,48
40389_Dg,GSE227903,Diagnosis,cellchat,Cycling Progenitor,Early Erythroid,LGALS9,CD44,0.00627383315235771,0.58,24,48
40389_Dg,GSE227903,Diagnosis,cellchat,Early Erythroid,Early Erythroid,LGALS9,CD44,0.00793549429736138,0.46,48,48
40389_Dg,GSE227903,Diagnosis,cellchat,Early GMP,Early Erythroid,LGALS9,CD44,0.0072608963526079,0.39,138,48
40389_Dg,GSE227903,Diagnosis,cellchat,EoBasoMast Precursor,Early Erythroid,LGALS9,CD44,0.00252554553511102,0.55,24,48
40389_Dg,GSE227903,Diagnosis,cellchat,HSC MPP,Early Erythroid,LGALS9,CD44,0.00379638464238248,0.51,54,48
40389_Dg,GSE227903,Diagnosis,cellchat,Late GMP,Early Erythroid,LGALS9,CD44,0.00303255555818702,0.77,158,48
40389_Dg,GSE227903,Diagnosis,cellchat,LMPP,Early Erythroid,LGALS9,CD44,0.00844240448867863,0.4,33,48
40389_Dg,GSE227903,Diagnosis,cellchat,MEP,Early Erythroid,LGALS9,CD44,0.0115808675658963,0.22,27,48
40389_Dg,GSE227903,Diagnosis,cellchat,Pre-B,Early Erythroid,LGALS9,CD44,0.0038698864366515,0.65,140,48
40389_Dg,GSE227903,Diagnosis,cellchat,Pro-B,Early Erythroid,LGALS9,CD44,0.0034924086394498,0.71,87,48
40389_Dg,GSE227903,Diagnosis,cellchat,B,Early GMP,LGALS9,CD44,0.0229509362362926,0.02,17,138
40389_Dg,GSE227903,Diagnosis,cellchat,cDC,Early GMP,LGALS9,CD44,0.0414102709611523,0,196,138
40389_Dg,GSE227903,Diagnosis,cellchat,Cycling Progenitor,Early GMP,LGALS9,CD44,0.026122735095686,0,24,138
40389_Dg,GSE227903,Diagnosis,cellchat,Early Erythroid,Early GMP,LGALS9,CD44,0.0328676140684377,0,48,138
40389_Dg,GSE227903,Diagnosis,cellchat,Early GMP,Early GMP,LGALS9,CD44,0.030137919475665,0,138,138
40389_Dg,GSE227903,Diagnosis,cellchat,EoBasoMast Precursor,Early GMP,LGALS9,CD44,0.010642771361716,0.27,24,138
40389_Dg,GSE227903,Diagnosis,cellchat,HSC MPP,Early GMP,LGALS9,CD44,0.0159329056474271,0,54,138
40389_Dg,GSE227903,Diagnosis,cellchat,Late GMP,Early GMP,LGALS9,CD44,0.0127584928824426,0.03,158,138
40389_Dg,GSE227903,Diagnosis,cellchat,LMPP,Early GMP,LGALS9,CD44,0.0349111138065619,0,33,138
40389_Dg,GSE227903,Diagnosis,cellchat,MEP,Early GMP,LGALS9,CD44,0.0474187561840123,0,27,138
40389_Dg,GSE227903,Diagnosis,cellchat,Pre-B,Early GMP,LGALS9,CD44,0.0162375526353122,0,140,138
40389_Dg,GSE227903,Diagnosis,cellchat,Pro-B,Early GMP,LGALS9,CD44,0.0146714716776586,0,87,138
40389_Dg,GSE227903,Diagnosis,cellchat,B,EoBasoMast Precursor,LGALS9,CD44,0.0090263554638217,0.32,17,24
40389_Dg,GSE227903,Diagnosis,cellchat,cDC,EoBasoMast Precursor,LGALS9,CD44,0.0164750587914865,0,196,24
40389_Dg,GSE227903,Diagnosis,cellchat,Cycling Progenitor,EoBasoMast Precursor,LGALS9,CD44,0.0102940645758729,0.33,24,24
40389_Dg,GSE227903,Diagnosis,cellchat,Early Erythroid,EoBasoMast Precursor,LGALS9,CD44,0.0130065707668407,0.12,48,24
40389_Dg,GSE227903,Diagnosis,cellchat,Early GMP,EoBasoMast Precursor,LGALS9,CD44,0.0119060532797031,0.05,138,24
40389_Dg,GSE227903,Diagnosis,cellchat,EoBasoMast Precursor,EoBasoMast Precursor,LGALS9,CD44,0.00415393891205375,0.53,24,24
40389_Dg,GSE227903,Diagnosis,cellchat,HSC MPP,EoBasoMast Precursor,LGALS9,CD44,0.0062390504263181,0.48,54,24
40389_Dg,GSE227903,Diagnosis,cellchat,Late GMP,EoBasoMast Precursor,LGALS9,CD44,0.00498621911848213,0.75,158,24
40389_Dg,GSE227903,Diagnosis,cellchat,LMPP,EoBasoMast Precursor,LGALS9,CD44,0.0138328986577956,0.08,33,24
40389_Dg,GSE227903,Diagnosis,cellchat,MEP,EoBasoMast Precursor,LGALS9,CD44,0.0189370061715205,0.03,27,24
40389_Dg,GSE227903,Diagnosis,cellchat,Pre-B,EoBasoMast Precursor,LGALS9,CD44,0.00635954276269091,0.56,140,24
40389_Dg,GSE227903,Diagnosis,cellchat,Pro-B,EoBasoMast Precursor,LGALS9,CD44,0.00574061755686451,0.63,87,24
40389_Dg,GSE227903,Diagnosis,cellchat,B,HSC MPP,LGALS9,CD44,0.0216740904321649,0.04,17,54
40389_Dg,GSE227903,Diagnosis,cellchat,cDC,HSC MPP,LGALS9,CD44,0.0391476112788993,0,196,54
40389_Dg,GSE227903,Diagnosis,cellchat,Cycling Progenitor,HSC MPP,LGALS9,CD44,0.0246738865455764,0,24,54
40389_Dg,GSE227903,Diagnosis,cellchat,Early Erythroid,HSC MPP,LGALS9,CD44,0.0310566031099811,0.01,48,54
40389_Dg,GSE227903,Diagnosis,cellchat,Early GMP,HSC MPP,LGALS9,CD44,0.0284728870894555,0,138,54
40389_Dg,GSE227903,Diagnosis,cellchat,EoBasoMast Precursor,HSC MPP,LGALS9,CD44,0.0100436355538685,0.29,24,54
40389_Dg,GSE227903,Diagnosis,cellchat,HSC MPP,HSC MPP,LGALS9,CD44,0.0150404886065467,0.01,54,54
40389_Dg,GSE227903,Diagnosis,cellchat,Late GMP,HSC MPP,LGALS9,CD44,0.012041701986084,0.03,158,54
40389_Dg,GSE227903,Diagnosis,cellchat,LMPP,HSC MPP,LGALS9,CD44,0.0329913466514269,0,33,54
40389_Dg,GSE227903,Diagnosis,cellchat,MEP,HSC MPP,LGALS9,CD44,0.0448431506812089,0,27,54
40389_Dg,GSE227903,Diagnosis,cellchat,Pre-B,HSC MPP,LGALS9,CD44,0.0153283378208185,0,140,54
40389_Dg,GSE227903,Diagnosis,cellchat,Pro-B,HSC MPP,LGALS9,CD44,0.0138487144298809,0.05,87,54
40389_Dg,GSE227903,Diagnosis,cellchat,B,Late GMP,LGALS9,CD44,0.0254263121615986,0.02,17,158
40389_Dg,GSE227903,Diagnosis,cellchat,cDC,Late GMP,LGALS9,CD44,0.0457832879576356,0,196,158
40389_Dg,GSE227903,Diagnosis,cellchat,Cycling Progenitor,Late GMP,LGALS9,CD44,0.0289300764558123,0,24,158
40389_Dg,GSE227903,Diagnosis,cellchat,Early Erythroid,Late GMP,LGALS9,CD44,0.0363727376263495,0.01,48,158
40389_Dg,GSE227903,Diagnosis,cellchat,Early GMP,Late GMP,LGALS9,CD44,0.0333619802187535,0,138,158
40389_Dg,GSE227903,Diagnosis,cellchat,EoBasoMast Precursor,Late GMP,LGALS9,CD44,0.0118066902504394,0.2,24,158
40389_Dg,GSE227903,Diagnosis,cellchat,HSC MPP,Late GMP,LGALS9,CD44,0.0176650363540957,0,54,158
40389_Dg,GSE227903,Diagnosis,cellchat,Late GMP,Late GMP,LGALS9,CD44,0.0141504827639825,0,158,158
40389_Dg,GSE227903,Diagnosis,cellchat,LMPP,Late GMP,LGALS9,CD44,0.038625460140551,0,33,158
40389_Dg,GSE227903,Diagnosis,cellchat,MEP,Late GMP,LGALS9,CD44,0.052391603588957,0,27,158
40389_Dg,GSE227903,Diagnosis,cellchat,Pre-B,Late GMP,LGALS9,CD44,0.0180021968744993,0,140,158
40389_Dg,GSE227903,Diagnosis,cellchat,Pro-B,Late GMP,LGALS9,CD44,0.0162687339329617,0,87,158
40389_Dg,GSE227903,Diagnosis,cellchat,B,LMPP,LGALS9,CD44,0.0220180064172827,0.02,17,33
40389_Dg,GSE227903,Diagnosis,cellchat,cDC,LMPP,LGALS9,CD44,0.0397575227522561,0,196,33
40389_Dg,GSE227903,Diagnosis,cellchat,Cycling Progenitor,LMPP,LGALS9,CD44,0.0250641826456246,0,24,33
40389_Dg,GSE227903,Diagnosis,cellchat,Early Erythroid,LMPP,LGALS9,CD44,0.0315445967938067,0.01,48,33
40389_Dg,GSE227903,Diagnosis,cellchat,Early GMP,LMPP,LGALS9,CD44,0.0289214945269956,0,138,33
40389_Dg,GSE227903,Diagnosis,cellchat,EoBasoMast Precursor,LMPP,LGALS9,CD44,0.0102049290496055,0.28,24,33
40389_Dg,GSE227903,Diagnosis,cellchat,HSC MPP,LMPP,LGALS9,CD44,0.0152807892744944,0.02,54,33
40389_Dg,GSE227903,Diagnosis,cellchat,Late GMP,LMPP,LGALS9,CD44,0.0122346864148156,0.06,158,33
40389_Dg,GSE227903,Diagnosis,cellchat,LMPP,LMPP,LGALS9,CD44,0.0335086897014064,0,33,33
40389_Dg,GSE227903,Diagnosis,cellchat,MEP,LMPP,LGALS9,CD44,0.0455375920254318,0,27,33
40389_Dg,GSE227903,Diagnosis,cellchat,Pre-B,LMPP,LGALS9,CD44,0.015573164718586,0,140,33
40389_Dg,GSE227903,Diagnosis,cellchat,Pro-B,LMPP,LGALS9,CD44,0.0140702462192493,0.04,87,33
40389_Dg,GSE227903,Diagnosis,cellchat,B,MEP,LGALS9,CD44,0.00711942605020691,0.42,17,27
40389_Dg,GSE227903,Diagnosis,cellchat,cDC,MEP,LGALS9,CD44,0.0130151661428843,0.01,196,27
40389_Dg,GSE227903,Diagnosis,cellchat,Cycling Progenitor,MEP,LGALS9,CD44,0.00812151081648399,0.49,24,27
40389_Dg,GSE227903,Diagnosis,cellchat,Early Erythroid,MEP,LGALS9,CD44,0.0102674838189631,0.33,48,27
40389_Dg,GSE227903,Diagnosis,cellchat,Early GMP,MEP,LGALS9,CD44,0.00939652067613441,0.21,138,27
40389_Dg,GSE227903,Diagnosis,cellchat,EoBasoMast Precursor,MEP,LGALS9,CD44,0.00327296811194421,0.54,24,27
40389_Dg,GSE227903,Diagnosis,cellchat,HSC MPP,MEP,LGALS9,CD44,0.00491805134565055,0.51,54,27
40389_Dg,GSE227903,Diagnosis,cellchat,Late GMP,MEP,LGALS9,CD44,0.0039294341240347,0.76,158,27
40389_Dg,GSE227903,Diagnosis,cellchat,LMPP,MEP,LGALS9,CD44,0.0109217188364098,0.21,33,27
40389_Dg,GSE227903,Diagnosis,cellchat,MEP,MEP,LGALS9,CD44,0.0149679535926733,0.08,27,27
40389_Dg,GSE227903,Diagnosis,cellchat,Pre-B,MEP,LGALS9,CD44,0.00501316044274909,0.64,140,27
40389_Dg,GSE227903,Diagnosis,cellchat,Pro-B,MEP,LGALS9,CD44,0.00452467155911814,0.68,87,27
40389_Dg,GSE227903,Diagnosis,cellchat,B,Monocyte,LGALS9,CD44,0.0336555263514363,0.01,17,631
40389_Dg,GSE227903,Diagnosis,cellchat,cDC,Monocyte,LGALS9,CD44,0.0601940907296126,0,196,631
40389_Dg,GSE227903,Diagnosis,cellchat,Cycling Progenitor,Monocyte,LGALS9,CD44,0.0382487769378055,0,24,631
40389_Dg,GSE227903,Diagnosis,cellchat,Early Erythroid,Monocyte,LGALS9,CD44,0.047970373724101,0,48,631
40389_Dg,GSE227903,Diagnosis,cellchat,Early GMP,Monocyte,LGALS9,CD44,0.0440434982074932,0,138,631
40389_Dg,GSE227903,Diagnosis,cellchat,EoBasoMast Precursor,Monocyte,LGALS9,CD44,0.0156989261403646,0.04,24,631
40389_Dg,GSE227903,Diagnosis,cellchat,HSC MPP,Monocyte,LGALS9,CD44,0.0234427401454997,0,54,631
40389_Dg,GSE227903,Diagnosis,cellchat,Late GMP,Monocyte,LGALS9,CD44,0.0188006815551728,0,158,631
40389_Dg,GSE227903,Diagnosis,cellchat,LMPP,Monocyte,LGALS9,CD44,0.0509034448338452,0,33,631
40389_Dg,GSE227903,Diagnosis,cellchat,MEP,Monocyte,LGALS9,CD44,0.0687326215014226,0,27,631
40389_Dg,GSE227903,Diagnosis,cellchat,Pre-B,Monocyte,LGALS9,CD44,0.0238874941982901,0,140,631
40389_Dg,GSE227903,Diagnosis,cellchat,Pro-B,Monocyte,LGALS9,CD44,0.0215997908314726,0,87,631
40389_Dg,GSE227903,Diagnosis,cellchat,B,NK,LGALS9,CD44,0.0221831532420659,0.02,17,22
40389_Dg,GSE227903,Diagnosis,cellchat,cDC,NK,LGALS9,CD44,0.0400502765399051,0,196,22
40389_Dg,GSE227903,Diagnosis,cellchat,Cycling Progenitor,NK,LGALS9,CD44,0.0252515874851586,0,24,22
40389_Dg,GSE227903,Diagnosis,cellchat,Early Erythroid,NK,LGALS9,CD44,0.0317788762745064,0.01,48,22
40389_Dg,GSE227903,Diagnosis,cellchat,Early GMP,NK,LGALS9,CD44,0.029136878535225,0,138,22
40389_Dg,GSE227903,Diagnosis,cellchat,EoBasoMast Precursor,NK,LGALS9,CD44,0.0102824030533548,0.25,24,22
40389_Dg,GSE227903,Diagnosis,cellchat,HSC MPP,NK,LGALS9,CD44,0.0153961988951401,0.03,54,22
40389_Dg,GSE227903,Diagnosis,cellchat,Late GMP,NK,LGALS9,CD44,0.0123273780570261,0.07,158,22
40389_Dg,GSE227903,Diagnosis,cellchat,LMPP,NK,LGALS9,CD44,0.0337570479014518,0,33,22
40389_Dg,GSE227903,Diagnosis,cellchat,MEP,NK,LGALS9,CD44,0.0458708740831553,0,27,22
40389_Dg,GSE227903,Diagnosis,cellchat,Pre-B,NK,LGALS9,CD44,0.0156907473468277,0.01,140,22
40389_Dg,GSE227903,Diagnosis,cellchat,Pro-B,NK,LGALS9,CD44,0.0141766447225727,0.03,87,22
40389_Dg,GSE227903,Diagnosis,cellchat,B,pDC,LGALS9,CD44,0.012513261807898,0.16,17,544
40389_Dg,GSE227903,Diagnosis,cellchat,cDC,pDC,LGALS9,CD44,0.0227732940462648,0,196,544
40389_Dg,GSE227903,Diagnosis,cellchat,Cycling Progenitor,pDC,LGALS9,CD44,0.0142636416835665,0.07,24,544
40389_Dg,GSE227903,Diagnosis,cellchat,Early Erythroid,pDC,LGALS9,CD44,0.0180031122578864,0.03,48,544
40389_Dg,GSE227903,Diagnosis,cellchat,Early GMP,pDC,LGALS9,CD44,0.0164868872864269,0,138,544
40389_Dg,GSE227903,Diagnosis,cellchat,EoBasoMast Precursor,pDC,LGALS9,CD44,0.00576957569758924,0.52,24,544
40389_Dg,GSE227903,Diagnosis,cellchat,HSC MPP,pDC,LGALS9,CD44,0.00865862108017652,0.36,54,544
40389_Dg,GSE227903,Diagnosis,cellchat,Late GMP,pDC,LGALS9,CD44,0.00692331324687852,0.59,158,544
40389_Dg,GSE227903,Diagnosis,cellchat,LMPP,pDC,LGALS9,CD44,0.0191407222213033,0,33,544
40389_Dg,GSE227903,Diagnosis,cellchat,MEP,pDC,LGALS9,CD44,0.0261513917065442,0.01,27,544
40389_Dg,GSE227903,Diagnosis,cellchat,Pre-B,pDC,LGALS9,CD44,0.00882542665098539,0.32,140,544
40389_Dg,GSE227903,Diagnosis,cellchat,Pro-B,pDC,LGALS9,CD44,0.00796844055022185,0.48,87,544
40389_Dg,GSE227903,Diagnosis,cellchat,B,Plasma Cell,LGALS9,CD44,0.0136126185423368,0.14,17,30
40389_Dg,GSE227903,Diagnosis,cellchat,cDC,Plasma Cell,LGALS9,CD44,0.0247514556443244,0,196,30
40389_Dg,GSE227903,Diagnosis,cellchat,Cycling Progenitor,Plasma Cell,LGALS9,CD44,0.015514362583808,0.06,24,30
40389_Dg,GSE227903,Diagnosis,cellchat,Early Erythroid,Plasma Cell,LGALS9,CD44,0.0195752205950195,0.01,48,30
40389_Dg,GSE227903,Diagnosis,cellchat,Early GMP,Plasma Cell,LGALS9,CD44,0.017929009788769,0,138,30
40389_Dg,GSE227903,Diagnosis,cellchat,EoBasoMast Precursor,Plasma Cell,LGALS9,CD44,0.00628023166029477,0.48,24,30
40389_Dg,GSE227903,Diagnosis,cellchat,HSC MPP,Plasma Cell,LGALS9,CD44,0.00942255847641285,0.31,54,30
40389_Dg,GSE227903,Diagnosis,cellchat,Late GMP,Plasma Cell,LGALS9,CD44,0.00753531074677686,0.5,158,30
40389_Dg,GSE227903,Diagnosis,cellchat,LMPP,Plasma Cell,LGALS9,CD44,0.0208100663076096,0,33,30
40389_Dg,GSE227903,Diagnosis,cellchat,MEP,Plasma Cell,LGALS9,CD44,0.0284144537124442,0.01,27,30
40389_Dg,GSE227903,Diagnosis,cellchat,Pre-B,Plasma Cell,LGALS9,CD44,0.00960393848150132,0.24,140,30
40389_Dg,GSE227903,Diagnosis,cellchat,Pro-B,Plasma Cell,LGALS9,CD44,0.00867201701668329,0.37,87,30
40389_Dg,GSE227903,Diagnosis,cellchat,B,Pre-B,LGALS9,CD44,0.00238828522879075,0.53,17,140
40389_Dg,GSE227903,Diagnosis,cellchat,cDC,Pre-B,LGALS9,CD44,0.0043833693046941,0.77,196,140
40389_Dg,GSE227903,Diagnosis,cellchat,Cycling Progenitor,Pre-B,LGALS9,CD44,0.00272627345739907,0.62,24,140
40389_Dg,GSE227903,Diagnosis,cellchat,Early Erythroid,Pre-B,LGALS9,CD44,0.00345160639127736,0.63,48,140
40389_Dg,GSE227903,Diagnosis,cellchat,Early GMP,Pre-B,LGALS9,CD44,0.00315697165897581,0.67,138,140
40389_Dg,GSE227903,Diagnosis,cellchat,EoBasoMast Precursor,Pre-B,LGALS9,CD44,0.00109513169805484,0.64,24,140
40389_Dg,GSE227903,Diagnosis,cellchat,HSC MPP,Pre-B,LGALS9,CD44,0.00164738403707642,0.53,54,140
40389_Dg,GSE227903,Diagnosis,cellchat,Late GMP,Pre-B,LGALS9,CD44,0.00131536099101908,0.77,158,140
40389_Dg,GSE227903,Diagnosis,cellchat,LMPP,Pre-B,LGALS9,CD44,0.00367315151283292,0.56,33,140
40389_Dg,GSE227903,Diagnosis,cellchat,MEP,Pre-B,LGALS9,CD44,0.0050476708064483,0.49,27,140
40389_Dg,GSE227903,Diagnosis,cellchat,Pre-B,Pre-B,LGALS9,CD44,0.00167934917421426,0.65,140,140
40389_Dg,GSE227903,Diagnosis,cellchat,Pro-B,Pre-B,LGALS9,CD44,0.00151521650370461,0.73,87,140
40389_Dg,GSE227903,Diagnosis,cellchat,B,Pro-B,LGALS9,CD44,0.00219954701045956,0.53,17,87
40389_Dg,GSE227903,Diagnosis,cellchat,cDC,Pro-B,LGALS9,CD44,0.00403760435633517,0.78,196,87
40389_Dg,GSE227903,Diagnosis,cellchat,Cycling Progenitor,Pro-B,LGALS9,CD44,0.00251089238302073,0.65,24,87
40389_Dg,GSE227903,Diagnosis,cellchat,Early Erythroid,Pro-B,LGALS9,CD44,0.00317910522898516,0.63,48,87
40389_Dg,GSE227903,Diagnosis,cellchat,Early GMP,Pro-B,LGALS9,CD44,0.00290766376901952,0.67,138,87
40389_Dg,GSE227903,Diagnosis,cellchat,EoBasoMast Precursor,Pro-B,LGALS9,CD44,0.0010084837841462,0.64,24,87
40389_Dg,GSE227903,Diagnosis,cellchat,HSC MPP,Pro-B,LGALS9,CD44,0.00151710772877227,0.53,54,87
40389_Dg,GSE227903,Diagnosis,cellchat,Late GMP,Pro-B,LGALS9,CD44,0.00121130944537615,0.77,158,87
40389_Dg,GSE227903,Diagnosis,cellchat,LMPP,Pro-B,LGALS9,CD44,0.00338321894627936,0.56,33,87
40389_Dg,GSE227903,Diagnosis,cellchat,MEP,Pro-B,LGALS9,CD44,0.00464974975502641,0.51,27,87
40389_Dg,GSE227903,Diagnosis,cellchat,Pre-B,Pro-B,LGALS9,CD44,0.00154654895585263,0.66,140,87
40389_Dg,GSE227903,Diagnosis,cellchat,Pro-B,Pro-B,LGALS9,CD44,0.00139537749008528,0.73,87,87
40389_Dg,GSE227903,Diagnosis,cellchat,B,Pro-Monocyte,LGALS9,CD44,0.0311031909017372,0.01,17,110
40389_Dg,GSE227903,Diagnosis,cellchat,cDC,Pro-Monocyte,LGALS9,CD44,0.0557452498101412,0,196,110
40389_Dg,GSE227903,Diagnosis,cellchat,Cycling Progenitor,Pro-Monocyte,LGALS9,CD44,0.0353608495037433,0,24,110
40389_Dg,GSE227903,Diagnosis,cellchat,Early Erythroid,Pro-Monocyte,LGALS9,CD44,0.0443823019153974,0,48,110
40389_Dg,GSE227903,Diagnosis,cellchat,Early GMP,Pro-Monocyte,LGALS9,CD44,0.0407365794179315,0,138,110
40389_Dg,GSE227903,Diagnosis,cellchat,EoBasoMast Precursor,Pro-Monocyte,LGALS9,CD44,0.0144879496134638,0.09,24,110
40389_Dg,GSE227903,Diagnosis,cellchat,HSC MPP,Pro-Monocyte,LGALS9,CD44,0.0216475620311809,0,54,110
40389_Dg,GSE227903,Diagnosis,cellchat,Late GMP,Pro-Monocyte,LGALS9,CD44,0.0173546617827988,0,158,110
40389_Dg,GSE227903,Diagnosis,cellchat,LMPP,Pro-Monocyte,LGALS9,CD44,0.0471068415208179,0,33,110
40389_Dg,GSE227903,Diagnosis,cellchat,MEP,Pro-Monocyte,LGALS9,CD44,0.0636954832982497,0,27,110
40389_Dg,GSE227903,Diagnosis,cellchat,Pre-B,Pro-Monocyte,LGALS9,CD44,0.0220590274095823,0,140,110
40389_Dg,GSE227903,Diagnosis,cellchat,Pro-B,Pro-Monocyte,LGALS9,CD44,0.0199428584592904,0,87,110
40389_Dg,GSE227903,Diagnosis,cellchat,B,Pre-B,LGALS9,BCR_CD45_CD22,0.00320435869740959,0,17,140
40389_Dg,GSE227903,Diagnosis,cellchat,cDC,Pre-B,LGALS9,BCR_CD45_CD22,0.00587714385780456,0,196,140
40389_Dg,GSE227903,Diagnosis,cellchat,Cycling Progenitor,Pre-B,LGALS9,BCR_CD45_CD22,0.00365741358894225,0,24,140
40389_Dg,GSE227903,Diagnosis,cellchat,Early Erythroid,Pre-B,LGALS9,BCR_CD45_CD22,0.0046293290758531,0,48,140
40389_Dg,GSE227903,Diagnosis,cellchat,Early GMP,Pre-B,LGALS9,BCR_CD45_CD22,0.00423458920832731,0,138,140
40389_Dg,GSE227903,Diagnosis,cellchat,EoBasoMast Precursor,Pre-B,LGALS9,BCR_CD45_CD22,0.00146998764765977,0,24,140
40389_Dg,GSE227903,Diagnosis,cellchat,HSC MPP,Pre-B,LGALS9,BCR_CD45_CD22,0.00221085373378728,0,54,140
40389_Dg,GSE227903,Diagnosis,cellchat,Late GMP,Pre-B,LGALS9,BCR_CD45_CD22,0.00176546666109991,0,158,140
40389_Dg,GSE227903,Diagnosis,cellchat,LMPP,Pre-B,LGALS9,BCR_CD45_CD22,0.00492609394266,0,33,140
40389_Dg,GSE227903,Diagnosis,cellchat,MEP,Pre-B,LGALS9,BCR_CD45_CD22,0.00676628902389851,0,27,140
40389_Dg,GSE227903,Diagnosis,cellchat,Pre-B,Pre-B,LGALS9,BCR_CD45_CD22,0.00225372751516666,0,140,140
40389_Dg,GSE227903,Diagnosis,cellchat,Pro-B,Pre-B,LGALS9,BCR_CD45_CD22,0.0020335718230769,0,87,140
40389_Dg,GSE227903,Diagnosis,cellchat,B,Pro-B,LGALS9,BCR_CD45_CD22,0.00379795249119772,0,17,87
40389_Dg,GSE227903,Diagnosis,cellchat,cDC,Pro-B,LGALS9,BCR_CD45_CD22,0.00696240139264445,0,196,87
40389_Dg,GSE227903,Diagnosis,cellchat,Cycling Progenitor,Pro-B,LGALS9,BCR_CD45_CD22,0.00433456891616783,0,24,87
40389_Dg,GSE227903,Diagnosis,cellchat,Early Erythroid,Pro-B,LGALS9,BCR_CD45_CD22,0.00548543991527438,0,48,87
40389_Dg,GSE227903,Diagnosis,cellchat,Early GMP,Pro-B,LGALS9,BCR_CD45_CD22,0.00501806805820641,0,138,87
40389_Dg,GSE227903,Diagnosis,cellchat,EoBasoMast Precursor,Pro-B,LGALS9,BCR_CD45_CD22,0.00174285834928903,0,24,87
40389_Dg,GSE227903,Diagnosis,cellchat,HSC MPP,Pro-B,LGALS9,BCR_CD45_CD22,0.00262088887244801,0,54,87
40389_Dg,GSE227903,Diagnosis,cellchat,Late GMP,Pro-B,LGALS9,BCR_CD45_CD22,0.00209307153559124,0,158,87
40389_Dg,GSE227903,Diagnosis,cellchat,LMPP,Pro-B,LGALS9,BCR_CD45_CD22,0.00583676426766469,0,33,87
40389_Dg,GSE227903,Diagnosis,cellchat,MEP,Pro-B,LGALS9,BCR_CD45_CD22,0.0080144100648212,0,27,87
40389_Dg,GSE227903,Diagnosis,cellchat,Pre-B,Pro-B,LGALS9,BCR_CD45_CD22,0.00267169293200175,0,140,87
40389_Dg,GSE227903,Diagnosis,cellchat,Pro-B,Pro-B,LGALS9,BCR_CD45_CD22,0.00241080688206358,0,87,87
40389_Dg,GSE227903,Diagnosis,cellchat,B,CD4 Memory T,LGALS9,P4HB,0.00217734921172724,0.37,17,21
40389_Dg,GSE227903,Diagnosis,cellchat,cDC,CD4 Memory T,LGALS9,P4HB,0.00399693121279719,0.12,196,21
40389_Dg,GSE227903,Diagnosis,cellchat,Cycling Progenitor,CD4 Memory T,LGALS9,P4HB,0.0024855603180706,0.42,24,21
40389_Dg,GSE227903,Diagnosis,cellchat,Early Erythroid,CD4 Memory T,LGALS9,P4HB,0.00314705292130179,0.29,48,21
40389_Dg,GSE227903,Diagnosis,cellchat,Early GMP,CD4 Memory T,LGALS9,P4HB,0.00287834028036065,0.31,138,21
40389_Dg,GSE227903,Diagnosis,cellchat,EoBasoMast Precursor,CD4 Memory T,LGALS9,P4HB,0.000998294153271211,0.53,24,21
40389_Dg,GSE227903,Diagnosis,cellchat,HSC MPP,CD4 Memory T,LGALS9,P4HB,0.00150178673219903,0.46,54,21
40389_Dg,GSE227903,Diagnosis,cellchat,Late GMP,CD4 Memory T,LGALS9,P4HB,0.00119907294175587,0.68,158,21
40389_Dg,GSE227903,Diagnosis,cellchat,LMPP,CD4 Memory T,LGALS9,P4HB,0.00334911564174364,0.25,33,21
40389_Dg,GSE227903,Diagnosis,cellchat,MEP,CD4 Memory T,LGALS9,P4HB,0.00460293861294317,0.13,27,21
40389_Dg,GSE227903,Diagnosis,cellchat,Pre-B,CD4 Memory T,LGALS9,P4HB,0.00153093109352228,0.56,140,21
40389_Dg,GSE227903,Diagnosis,cellchat,Pro-B,CD4 Memory T,LGALS9,P4HB,0.00138128412454041,0.56,87,21
40389_Dg,GSE227903,Diagnosis,cellchat,B,cDC,LGALS9,P4HB,0.00685544852457883,0.04,17,196
40389_Dg,GSE227903,Diagnosis,cellchat,cDC,cDC,LGALS9,P4HB,0.0125353434512106,0,196,196
40389_Dg,GSE227903,Diagnosis,cellchat,Cycling Progenitor,cDC,LGALS9,P4HB,0.00782067017353082,0,24,196
40389_Dg,GSE227903,Diagnosis,cellchat,Early Erythroid,cDC,LGALS9,P4HB,0.00988794353164842,0.01,48,196
40389_Dg,GSE227903,Diagnosis,cellchat,Early GMP,cDC,LGALS9,P4HB,0.00904888141998799,0,138,196
40389_Dg,GSE227903,Diagnosis,cellchat,EoBasoMast Precursor,cDC,LGALS9,P4HB,0.00315115877239492,0.32,24,196
40389_Dg,GSE227903,Diagnosis,cellchat,HSC MPP,cDC,LGALS9,P4HB,0.00473530817245312,0.05,54,196
40389_Dg,GSE227903,Diagnosis,cellchat,Late GMP,cDC,LGALS9,P4HB,0.0037832859673245,0.08,158,196
40389_Dg,GSE227903,Diagnosis,cellchat,LMPP,cDC,LGALS9,P4HB,0.0105182515885521,0,33,196
40389_Dg,GSE227903,Diagnosis,cellchat,MEP,cDC,LGALS9,P4HB,0.0144171902157506,0,27,196
40389_Dg,GSE227903,Diagnosis,cellchat,Pre-B,cDC,LGALS9,P4HB,0.00482690038283641,0,140,196
40389_Dg,GSE227903,Diagnosis,cellchat,Pro-B,cDC,LGALS9,P4HB,0.0043564814560638,0.08,87,196
40389_Dg,GSE227903,Diagnosis,cellchat,B,Cycling Progenitor,LGALS9,P4HB,0.00873314588205865,0.03,17,24
40389_Dg,GSE227903,Diagnosis,cellchat,cDC,Cycling Progenitor,LGALS9,P4HB,0.015943780555558,0,196,24
40389_Dg,GSE227903,Diagnosis,cellchat,Cycling Progenitor,Cycling Progenitor,LGALS9,P4HB,0.0099600889807736,0,24,24
40389_Dg,GSE227903,Diagnosis,cellchat,Early Erythroid,Cycling Progenitor,LGALS9,P4HB,0.012585711051146,0.01,48,24
40389_Dg,GSE227903,Diagnosis,cellchat,Early GMP,Cycling Progenitor,LGALS9,P4HB,0.0115203878782314,0,138,24
40389_Dg,GSE227903,Diagnosis,cellchat,EoBasoMast Precursor,Cycling Progenitor,LGALS9,P4HB,0.00401836173746224,0.21,24,24
40389_Dg,GSE227903,Diagnosis,cellchat,HSC MPP,Cycling Progenitor,LGALS9,P4HB,0.00603583140000522,0.05,54,24
40389_Dg,GSE227903,Diagnosis,cellchat,Late GMP,Cycling Progenitor,LGALS9,P4HB,0.00482360937469016,0.07,158,24
40389_Dg,GSE227903,Diagnosis,cellchat,LMPP,Cycling Progenitor,LGALS9,P4HB,0.0133856636833621,0,33,24
40389_Dg,GSE227903,Diagnosis,cellchat,MEP,Cycling Progenitor,LGALS9,P4HB,0.0183278159162571,0,27,24
40389_Dg,GSE227903,Diagnosis,cellchat,Pre-B,Cycling Progenitor,LGALS9,P4HB,0.00615242334489271,0.01,140,24
40389_Dg,GSE227903,Diagnosis,cellchat,Pro-B,Cycling Progenitor,LGALS9,P4HB,0.00555354281209111,0.06,87,24
40389_Dg,GSE227903,Diagnosis,cellchat,B,Early Erythroid,LGALS9,P4HB,0.00941772803474139,0.01,17,48
40389_Dg,GSE227903,Diagnosis,cellchat,cDC,Early Erythroid,LGALS9,P4HB,0.0171837983630765,0,196,48
40389_Dg,GSE227903,Diagnosis,cellchat,Cycling Progenitor,Early Erythroid,LGALS9,P4HB,0.0107398078750717,0,24,48
40389_Dg,GSE227903,Diagnosis,cellchat,Early Erythroid,Early Erythroid,LGALS9,P4HB,0.0135681580857463,0.01,48,48
40389_Dg,GSE227903,Diagnosis,cellchat,Early GMP,Early Erythroid,LGALS9,P4HB,0.0124207213103049,0,138,48
40389_Dg,GSE227903,Diagnosis,cellchat,EoBasoMast Precursor,Early Erythroid,LGALS9,P4HB,0.00433497316725846,0.18,24,48
40389_Dg,GSE227903,Diagnosis,cellchat,HSC MPP,Early Erythroid,LGALS9,P4HB,0.00651036257376499,0,54,48
40389_Dg,GSE227903,Diagnosis,cellchat,Late GMP,Early Erythroid,LGALS9,P4HB,0.0052033357444775,0,158,48
40389_Dg,GSE227903,Diagnosis,cellchat,LMPP,Early Erythroid,LGALS9,P4HB,0.0144296428892779,0,33,48
40389_Dg,GSE227903,Diagnosis,cellchat,MEP,Early Erythroid,LGALS9,P4HB,0.0197495293929078,0,27,48
40389_Dg,GSE227903,Diagnosis,cellchat,Pre-B,Early Erythroid,LGALS9,P4HB,0.00663605966577569,0,140,48
40389_Dg,GSE227903,Diagnosis,cellchat,Pro-B,Early Erythroid,LGALS9,P4HB,0.0059903854448611,0.01,87,48
40389_Dg,GSE227903,Diagnosis,cellchat,B,Early GMP,LGALS9,P4HB,0.0120252847569274,0.01,17,138
40389_Dg,GSE227903,Diagnosis,cellchat,cDC,Early GMP,LGALS9,P4HB,0.0218940796750094,0,196,138
40389_Dg,GSE227903,Diagnosis,cellchat,Cycling Progenitor,Early GMP,LGALS9,P4HB,0.0137083530135146,0,24,138
40389_Dg,GSE227903,Diagnosis,cellchat,Early Erythroid,Early GMP,LGALS9,P4HB,0.0173048003288762,0,48,138
40389_Dg,GSE227903,Diagnosis,cellchat,Early GMP,Early GMP,LGALS9,P4HB,0.015846438253327,0,138,138
40389_Dg,GSE227903,Diagnosis,cellchat,EoBasoMast Precursor,Early GMP,LGALS9,P4HB,0.00554310455245969,0.06,24,138
40389_Dg,GSE227903,Diagnosis,cellchat,HSC MPP,Early GMP,LGALS9,P4HB,0.00831969619398132,0,54,138
40389_Dg,GSE227903,Diagnosis,cellchat,Late GMP,Early GMP,LGALS9,P4HB,0.00665185783615177,0,158,138
40389_Dg,GSE227903,Diagnosis,cellchat,LMPP,Early GMP,LGALS9,P4HB,0.0183991109862032,0,33,138
40389_Dg,GSE227903,Diagnosis,cellchat,MEP,Early GMP,LGALS9,P4HB,0.025145114083182,0,27,138
40389_Dg,GSE227903,Diagnosis,cellchat,Pre-B,Early GMP,LGALS9,P4HB,0.00848002833713993,0,140,138
40389_Dg,GSE227903,Diagnosis,cellchat,Pro-B,Early GMP,LGALS9,P4HB,0.00765632279077404,0,87,138
40389_Dg,GSE227903,Diagnosis,cellchat,B,EoBasoMast Precursor,LGALS9,P4HB,0.0175725123637622,0,17,24
40389_Dg,GSE227903,Diagnosis,cellchat,cDC,EoBasoMast Precursor,LGALS9,P4HB,0.0318470062043225,0,196,24
40389_Dg,GSE227903,Diagnosis,cellchat,Cycling Progenitor,EoBasoMast Precursor,LGALS9,P4HB,0.0200162452807657,0,24,24
40389_Dg,GSE227903,Diagnosis,cellchat,Early Erythroid,EoBasoMast Precursor,LGALS9,P4HB,0.0252252705522132,0,48,24
40389_Dg,GSE227903,Diagnosis,cellchat,Early GMP,EoBasoMast Precursor,LGALS9,P4HB,0.0231151118208712,0,138,24
40389_Dg,GSE227903,Diagnosis,cellchat,EoBasoMast Precursor,EoBasoMast Precursor,LGALS9,P4HB,0.00812471227501991,0.01,24,24
40389_Dg,GSE227903,Diagnosis,cellchat,HSC MPP,EoBasoMast Precursor,LGALS9,P4HB,0.0121786182030536,0,54,24
40389_Dg,GSE227903,Diagnosis,cellchat,Late GMP,EoBasoMast Precursor,LGALS9,P4HB,0.00974478866008326,0,158,24
40389_Dg,GSE227903,Diagnosis,cellchat,LMPP,EoBasoMast Precursor,LGALS9,P4HB,0.0268067880349871,0,33,24
40389_Dg,GSE227903,Diagnosis,cellchat,MEP,EoBasoMast Precursor,LGALS9,P4HB,0.036520760451126,0,27,24
40389_Dg,GSE227903,Diagnosis,cellchat,Pre-B,EoBasoMast Precursor,LGALS9,P4HB,0.0124123863389739,0,140,24
40389_Dg,GSE227903,Diagnosis,cellchat,Pro-B,EoBasoMast Precursor,LGALS9,P4HB,0.0112110310152212,0,87,24
40389_Dg,GSE227903,Diagnosis,cellchat,B,HSC MPP,LGALS9,P4HB,0.00222395740662142,0.42,17,54
40389_Dg,GSE227903,Diagnosis,cellchat,cDC,HSC MPP,LGALS9,P4HB,0.00408232990794253,0.1,196,54
40389_Dg,GSE227903,Diagnosis,cellchat,Cycling Progenitor,HSC MPP,LGALS9,P4HB,0.00253874927369332,0.45,24,54
40389_Dg,GSE227903,Diagnosis,cellchat,Early Erythroid,HSC MPP,LGALS9,P4HB,0.00321435166319193,0.38,48,54
40389_Dg,GSE227903,Diagnosis,cellchat,Early GMP,HSC MPP,LGALS9,P4HB,0.00293990963355564,0.26,138,54
40389_Dg,GSE227903,Diagnosis,cellchat,EoBasoMast Precursor,HSC MPP,LGALS9,P4HB,0.00101968936452709,0.52,24,54
40389_Dg,GSE227903,Diagnosis,cellchat,HSC MPP,HSC MPP,LGALS9,P4HB,0.00153395611183255,0.47,54,54
40389_Dg,GSE227903,Diagnosis,cellchat,Late GMP,HSC MPP,LGALS9,P4HB,0.0012247659224529,0.71,158,54
40389_Dg,GSE227903,Diagnosis,cellchat,LMPP,HSC MPP,LGALS9,P4HB,0.00342072060391554,0.24,33,54
40389_Dg,GSE227903,Diagnosis,cellchat,MEP,HSC MPP,LGALS9,P4HB,0.00470122418635565,0.17,27,54
40389_Dg,GSE227903,Diagnosis,cellchat,Pre-B,HSC MPP,LGALS9,P4HB,0.00156372378918318,0.55,140,54
40389_Dg,GSE227903,Diagnosis,cellchat,Pro-B,HSC MPP,LGALS9,P4HB,0.00141087589673376,0.63,87,54
40389_Dg,GSE227903,Diagnosis,cellchat,B,Late GMP,LGALS9,P4HB,0.0165677636469009,0,17,158
40389_Dg,GSE227903,Diagnosis,cellchat,cDC,Late GMP,LGALS9,P4HB,0.0300510462280939,0,196,158
40389_Dg,GSE227903,Diagnosis,cellchat,Cycling Progenitor,Late GMP,LGALS9,P4HB,0.0188744549517854,0,24,158
40389_Dg,GSE227903,Diagnosis,cellchat,Early Erythroid,Late GMP,LGALS9,P4HB,0.0237935552525129,0,48,158
40389_Dg,GSE227903,Diagnosis,cellchat,Early GMP,Late GMP,LGALS9,P4HB,0.0218004846484707,0,138,158
40389_Dg,GSE227903,Diagnosis,cellchat,EoBasoMast Precursor,Late GMP,LGALS9,P4HB,0.00765595348874034,0.03,24,158
40389_Dg,GSE227903,Diagnosis,cellchat,HSC MPP,Late GMP,LGALS9,P4HB,0.0114786743221952,0,54,158
40389_Dg,GSE227903,Diagnosis,cellchat,Late GMP,Late GMP,LGALS9,P4HB,0.00918342428172299,0,158,158
40389_Dg,GSE227903,Diagnosis,cellchat,LMPP,Late GMP,LGALS9,P4HB,0.0252876388791397,0,33,158
40389_Dg,GSE227903,Diagnosis,cellchat,MEP,Late GMP,LGALS9,P4HB,0.0344706159634432,0,27,158
40389_Dg,GSE227903,Diagnosis,cellchat,Pre-B,Late GMP,LGALS9,P4HB,0.0116991661814582,0,140,158
40389_Dg,GSE227903,Diagnosis,cellchat,Pro-B,Late GMP,LGALS9,P4HB,0.0105661026157438,0,87,158
40389_Dg,GSE227903,Diagnosis,cellchat,B,LMPP,LGALS9,P4HB,0.00548687221676766,0.1,17,33
40389_Dg,GSE227903,Diagnosis,cellchat,cDC,LMPP,LGALS9,P4HB,0.0100443384229889,0,196,33
40389_Dg,GSE227903,Diagnosis,cellchat,Cycling Progenitor,LMPP,LGALS9,P4HB,0.0062606181014633,0.06,24,33
40389_Dg,GSE227903,Diagnosis,cellchat,Early Erythroid,LMPP,LGALS9,P4HB,0.00791880705496079,0.01,48,33
40389_Dg,GSE227903,Diagnosis,cellchat,Early GMP,LMPP,LGALS9,P4HB,0.00724561733524739,0.01,138,33
40389_Dg,GSE227903,Diagnosis,cellchat,EoBasoMast Precursor,LMPP,LGALS9,P4HB,0.00252020576347416,0.31,24,33
40389_Dg,GSE227903,Diagnosis,cellchat,HSC MPP,LMPP,LGALS9,P4HB,0.00378836813512367,0.18,54,33
40389_Dg,GSE227903,Diagnosis,cellchat,Late GMP,LMPP,LGALS9,P4HB,0.00302614706527069,0.32,158,33
40389_Dg,GSE227903,Diagnosis,cellchat,LMPP,LMPP,LGALS9,P4HB,0.0084246603367462,0,33,33
40389_Dg,GSE227903,Diagnosis,cellchat,MEP,LMPP,LGALS9,P4HB,0.0115566039080357,0,27,33
40389_Dg,GSE227903,Diagnosis,cellchat,Pre-B,LMPP,LGALS9,P4HB,0.0038617153234658,0.15,140,33
40389_Dg,GSE227903,Diagnosis,cellchat,Pro-B,LMPP,LGALS9,P4HB,0.00348503176733969,0.26,87,33
40389_Dg,GSE227903,Diagnosis,cellchat,B,MEP,LGALS9,P4HB,0.00934262386017264,0,17,27
40389_Dg,GSE227903,Diagnosis,cellchat,cDC,MEP,LGALS9,P4HB,0.0170478274512299,0,196,27
40389_Dg,GSE227903,Diagnosis,cellchat,Cycling Progenitor,MEP,LGALS9,P4HB,0.0106542738224505,0,24,27
40389_Dg,GSE227903,Diagnosis,cellchat,Early Erythroid,MEP,LGALS9,P4HB,0.0134604049616366,0,48,27
40389_Dg,GSE227903,Diagnosis,cellchat,Early GMP,MEP,LGALS9,P4HB,0.0123219668619588,0,138,27
40389_Dg,GSE227903,Diagnosis,cellchat,EoBasoMast Precursor,MEP,LGALS9,P4HB,0.00430022681030109,0.19,24,27
40389_Dg,GSE227903,Diagnosis,cellchat,HSC MPP,MEP,LGALS9,P4HB,0.00645829279483786,0.01,54,27
40389_Dg,GSE227903,Diagnosis,cellchat,Late GMP,MEP,LGALS9,P4HB,0.00516166523439717,0.02,158,27
40389_Dg,GSE227903,Diagnosis,cellchat,LMPP,MEP,LGALS9,P4HB,0.0143151474676118,0,33,27
40389_Dg,GSE227903,Diagnosis,cellchat,MEP,MEP,LGALS9,P4HB,0.0195936612658033,0,27,27
40389_Dg,GSE227903,Diagnosis,cellchat,Pre-B,MEP,LGALS9,P4HB,0.00658299122485871,0,140,27
40389_Dg,GSE227903,Diagnosis,cellchat,Pro-B,MEP,LGALS9,P4HB,0.0059424495597273,0.02,87,27
40389_Dg,GSE227903,Diagnosis,cellchat,B,Monocyte,LGALS9,P4HB,0.00342372030928239,0.28,17,631
40389_Dg,GSE227903,Diagnosis,cellchat,cDC,Monocyte,LGALS9,P4HB,0.00627832456688194,0,196,631
40389_Dg,GSE227903,Diagnosis,cellchat,Cycling Progenitor,Monocyte,LGALS9,P4HB,0.00390766851113175,0.28,24,631
40389_Dg,GSE227903,Diagnosis,cellchat,Early Erythroid,Monocyte,LGALS9,P4HB,0.0049457562460591,0.07,48,631
40389_Dg,GSE227903,Diagnosis,cellchat,Early GMP,Monocyte,LGALS9,P4HB,0.00452415747679672,0,138,631
40389_Dg,GSE227903,Diagnosis,cellchat,EoBasoMast Precursor,Monocyte,LGALS9,P4HB,0.0015708060739359,0.52,24,631
40389_Dg,GSE227903,Diagnosis,cellchat,HSC MPP,Monocyte,LGALS9,P4HB,0.00236236390655759,0.44,54,631
40389_Dg,GSE227903,Diagnosis,cellchat,Late GMP,Monocyte,LGALS9,P4HB,0.00188651209252317,0.74,158,631
40389_Dg,GSE227903,Diagnosis,cellchat,LMPP,Monocyte,LGALS9,P4HB,0.00526269854596165,0.04,33,631
40389_Dg,GSE227903,Diagnosis,cellchat,MEP,Monocyte,LGALS9,P4HB,0.00722772254780914,0.03,27,631
40389_Dg,GSE227903,Diagnosis,cellchat,Pre-B,Monocyte,LGALS9,P4HB,0.00240816874404788,0.58,140,631
40389_Dg,GSE227903,Diagnosis,cellchat,Pro-B,Monocyte,LGALS9,P4HB,0.00217295929524859,0.62,87,631
40389_Dg,GSE227903,Diagnosis,cellchat,B,NK,LGALS9,P4HB,0.00159463814652413,0.44,17,22
40389_Dg,GSE227903,Diagnosis,cellchat,cDC,NK,LGALS9,P4HB,0.00292868547690003,0.34,196,22
40389_Dg,GSE227903,Diagnosis,cellchat,Cycling Progenitor,NK,LGALS9,P4HB,0.00182051503346046,0.53,24,22
40389_Dg,GSE227903,Diagnosis,cellchat,Early Erythroid,NK,LGALS9,P4HB,0.00230542539982351,0.41,48,22
40389_Dg,GSE227903,Diagnosis,cellchat,Early GMP,NK,LGALS9,P4HB,0.00210842353774038,0.43,138,22
40389_Dg,GSE227903,Diagnosis,cellchat,EoBasoMast Precursor,NK,LGALS9,P4HB,0.000730895472961146,0.58,24,22
40389_Dg,GSE227903,Diagnosis,cellchat,HSC MPP,NK,LGALS9,P4HB,0.00109967319837118,0.5,54,22
40389_Dg,GSE227903,Diagnosis,cellchat,Late GMP,NK,LGALS9,P4HB,0.00087794180105506,0.74,158,22
40389_Dg,GSE227903,Diagnosis,cellchat,LMPP,NK,LGALS9,P4HB,0.00245358277661081,0.35,33,22
40389_Dg,GSE227903,Diagnosis,cellchat,MEP,NK,LGALS9,P4HB,0.00337327595908932,0.25,27,22
40389_Dg,GSE227903,Diagnosis,cellchat,Pre-B,NK,LGALS9,P4HB,0.00112102272141052,0.61,140,22
40389_Dg,GSE227903,Diagnosis,cellchat,Pro-B,NK,LGALS9,P4HB,0.00101140329484302,0.67,87,22
40389_Dg,GSE227903,Diagnosis,cellchat,B,pDC,LGALS9,P4HB,0.0107001150492436,0.02,17,544
40389_Dg,GSE227903,Diagnosis,cellchat,cDC,pDC,LGALS9,P4HB,0.0195028504959503,0,196,544
40389_Dg,GSE227903,Diagnosis,cellchat,Cycling Progenitor,pDC,LGALS9,P4HB,0.0122000018150913,0,24,544
40389_Dg,GSE227903,Diagnosis,cellchat,Early Erythroid,pDC,LGALS9,P4HB,0.015406908094273,0,48,544
40389_Dg,GSE227903,Diagnosis,cellchat,Early GMP,pDC,LGALS9,P4HB,0.0141061949454557,0,138,544
40389_Dg,GSE227903,Diagnosis,cellchat,EoBasoMast Precursor,pDC,LGALS9,P4HB,0.00492869855947435,0.12,24,544
40389_Dg,GSE227903,Diagnosis,cellchat,HSC MPP,pDC,LGALS9,P4HB,0.00739981870764502,0,54,544
40389_Dg,GSE227903,Diagnosis,cellchat,Late GMP,pDC,LGALS9,P4HB,0.00591528698857353,0,158,544
40389_Dg,GSE227903,Diagnosis,cellchat,LMPP,pDC,LGALS9,P4HB,0.0163832018734435,0,33,544
40389_Dg,GSE227903,Diagnosis,cellchat,MEP,pDC,LGALS9,P4HB,0.0224069473559192,0,27,544
40389_Dg,GSE227903,Diagnosis,cellchat,Pre-B,pDC,LGALS9,P4HB,0.00754255836046046,0,140,544
40389_Dg,GSE227903,Diagnosis,cellchat,Pro-B,pDC,LGALS9,P4HB,0.00680928837530587,0,87,544
40389_Dg,GSE227903,Diagnosis,cellchat,B,Plasma Cell,LGALS9,P4HB,0.000975515150787829,0.52,17,30
40389_Dg,GSE227903,Diagnosis,cellchat,cDC,Plasma Cell,LGALS9,P4HB,0.00179254457111503,0.51,196,30
40389_Dg,GSE227903,Diagnosis,cellchat,Cycling Progenitor,Plasma Cell,LGALS9,P4HB,0.00111379249830265,0.58,24,30
40389_Dg,GSE227903,Diagnosis,cellchat,Early Erythroid,Plasma Cell,LGALS9,P4HB,0.00141072707574921,0.52,48,30
40389_Dg,GSE227903,Diagnosis,cellchat,Early GMP,Plasma Cell,LGALS9,P4HB,0.00129007959258603,0.48,138,30
40389_Dg,GSE227903,Diagnosis,cellchat,EoBasoMast Precursor,Plasma Cell,LGALS9,P4HB,0.000446973003060616,0.59,24,30
40389_Dg,GSE227903,Diagnosis,cellchat,HSC MPP,Plasma Cell,LGALS9,P4HB,0.000672592353978124,0.52,54,30
40389_Dg,GSE227903,Diagnosis,cellchat,Late GMP,Plasma Cell,LGALS9,P4HB,0.000536928645592242,0.76,158,30
40389_Dg,GSE227903,Diagnosis,cellchat,LMPP,Plasma Cell,LGALS9,P4HB,0.00150147350041624,0.47,33,30
40389_Dg,GSE227903,Diagnosis,cellchat,MEP,Plasma Cell,LGALS9,P4HB,0.00206501985152931,0.37,27,30
40389_Dg,GSE227903,Diagnosis,cellchat,Pre-B,Plasma Cell,LGALS9,P4HB,0.000685656039311099,0.65,140,30
40389_Dg,GSE227903,Diagnosis,cellchat,Pro-B,Plasma Cell,LGALS9,P4HB,0.000618582664984202,0.71,87,30
40389_Dg,GSE227903,Diagnosis,cellchat,B,Pre-B,LGALS9,P4HB,0.00442804317480252,0.14,17,140
40389_Dg,GSE227903,Diagnosis,cellchat,cDC,Pre-B,LGALS9,P4HB,0.00811320718845682,0,196,140
40389_Dg,GSE227903,Diagnosis,cellchat,Cycling Progenitor,Pre-B,LGALS9,P4HB,0.00505323414422545,0.09,24,140
40389_Dg,GSE227903,Diagnosis,cellchat,Early Erythroid,Pre-B,LGALS9,P4HB,0.00639369257355595,0.03,48,140
40389_Dg,GSE227903,Diagnosis,cellchat,Early GMP,Pre-B,LGALS9,P4HB,0.00584939069363669,0,138,140
40389_Dg,GSE227903,Diagnosis,cellchat,EoBasoMast Precursor,Pre-B,LGALS9,P4HB,0.002032698988221,0.48,24,140
40389_Dg,GSE227903,Diagnosis,cellchat,HSC MPP,Pre-B,LGALS9,P4HB,0.00305630059311705,0.3,54,140
40389_Dg,GSE227903,Diagnosis,cellchat,Late GMP,Pre-B,LGALS9,P4HB,0.00244101087419304,0.51,158,140
40389_Dg,GSE227903,Diagnosis,cellchat,LMPP,Pre-B,LGALS9,P4HB,0.00680278961110325,0,33,140
40389_Dg,GSE227903,Diagnosis,cellchat,MEP,Pre-B,LGALS9,P4HB,0.00933746590435447,0.01,27,140
40389_Dg,GSE227903,Diagnosis,cellchat,Pre-B,Pre-B,LGALS9,P4HB,0.00311551843347774,0.31,140,140
40389_Dg,GSE227903,Diagnosis,cellchat,Pro-B,Pre-B,LGALS9,P4HB,0.00281141578456609,0.46,87,140
40389_Dg,GSE227903,Diagnosis,cellchat,B,Pro-B,LGALS9,P4HB,0.00655799743067555,0.04,17,87
40389_Dg,GSE227903,Diagnosis,cellchat,cDC,Pro-B,LGALS9,P4HB,0.0119944237349763,0,196,87
40389_Dg,GSE227903,Diagnosis,cellchat,Cycling Progenitor,Pro-B,LGALS9,P4HB,0.00748165456677525,0,24,87
40389_Dg,GSE227903,Diagnosis,cellchat,Early Erythroid,Pro-B,LGALS9,P4HB,0.00946016882737714,0.01,48,87
40389_Dg,GSE227903,Diagnosis,cellchat,Early GMP,Pro-B,LGALS9,P4HB,0.00865708904399347,0,138,87
40389_Dg,GSE227903,Diagnosis,cellchat,EoBasoMast Precursor,Pro-B,LGALS9,P4HB,0.00301394536546725,0.36,24,87
40389_Dg,GSE227903,Diagnosis,cellchat,HSC MPP,Pro-B,LGALS9,P4HB,0.00452942831820242,0.08,54,87
40389_Dg,GSE227903,Diagnosis,cellchat,Late GMP,Pro-B,LGALS9,P4HB,0.00361864726325178,0.21,158,87
40389_Dg,GSE227903,Diagnosis,cellchat,LMPP,Pro-B,LGALS9,P4HB,0.0100634854954518,0,33,87
40389_Dg,GSE227903,Diagnosis,cellchat,MEP,Pro-B,LGALS9,P4HB,0.0137962003995206,0,27,87
40389_Dg,GSE227903,Diagnosis,cellchat,Pre-B,Pro-B,LGALS9,P4HB,0.00461705679228658,0.05,140,87
40389_Dg,GSE227903,Diagnosis,cellchat,Pro-B,Pro-B,LGALS9,P4HB,0.00416700312075399,0.09,87,87
40389_Dg,GSE227903,Diagnosis,cellchat,B,Pro-Monocyte,LGALS9,P4HB,0.00390306922155862,0.22,17,110
40389_Dg,GSE227903,Diagnosis,cellchat,cDC,Pro-Monocyte,LGALS9,P4HB,0.0071544722412951,0,196,110
40389_Dg,GSE227903,Diagnosis,cellchat,Cycling Progenitor,Pro-Monocyte,LGALS9,P4HB,0.00445447128201708,0.13,24,110
40389_Dg,GSE227903,Diagnosis,cellchat,Early Erythroid,Pro-Monocyte,LGALS9,P4HB,0.00563699731082821,0.04,48,110
40389_Dg,GSE227903,Diagnosis,cellchat,Early GMP,Pro-Monocyte,LGALS9,P4HB,0.00515677937865991,0.01,138,110
40389_Dg,GSE227903,Diagnosis,cellchat,EoBasoMast Precursor,Pro-Monocyte,LGALS9,P4HB,0.00179119807706187,0.48,24,110
40389_Dg,GSE227903,Diagnosis,cellchat,HSC MPP,Pro-Monocyte,LGALS9,P4HB,0.0026935158487834,0.36,54,110
40389_Dg,GSE227903,Diagnosis,cellchat,Late GMP,Pro-Monocyte,LGALS9,P4HB,0.00215110380666649,0.51,158,110
40389_Dg,GSE227903,Diagnosis,cellchat,LMPP,Pro-Monocyte,LGALS9,P4HB,0.00599796987309837,0.02,33,110
40389_Dg,GSE227903,Diagnosis,cellchat,MEP,Pro-Monocyte,LGALS9,P4HB,0.00823526186155447,0.01,27,110
40389_Dg,GSE227903,Diagnosis,cellchat,Pre-B,Pro-Monocyte,LGALS9,P4HB,0.00274572385477152,0.42,140,110
40389_Dg,GSE227903,Diagnosis,cellchat,Pro-B,Pro-Monocyte,LGALS9,P4HB,0.00247762677596982,0.47,87,110
40389_Dg,GSE227903,Diagnosis,cellchat,B,cDC,PPIA,BSG,0.0389332505870396,0,17,196
40389_Dg,GSE227903,Diagnosis,cellchat,CD4 Memory T,cDC,PPIA,BSG,0.0286913126197811,0,21,196
40389_Dg,GSE227903,Diagnosis,cellchat,CD8 Memory T,cDC,PPIA,BSG,0.029598107883571,0,358,196
40389_Dg,GSE227903,Diagnosis,cellchat,cDC,cDC,PPIA,BSG,0.0463977722819054,0,196,196
40389_Dg,GSE227903,Diagnosis,cellchat,Cycling Progenitor,cDC,PPIA,BSG,0.0465806284762801,0,24,196
40389_Dg,GSE227903,Diagnosis,cellchat,Early Erythroid,cDC,PPIA,BSG,0.050289971526178,0,48,196
40389_Dg,GSE227903,Diagnosis,cellchat,Early GMP,cDC,PPIA,BSG,0.0475327049447882,0,138,196
40389_Dg,GSE227903,Diagnosis,cellchat,EoBasoMast Precursor,cDC,PPIA,BSG,0.0387419749414396,0,24,196
40389_Dg,GSE227903,Diagnosis,cellchat,HSC MPP,cDC,PPIA,BSG,0.0389629712827742,0,54,196
40389_Dg,GSE227903,Diagnosis,cellchat,Late GMP,cDC,PPIA,BSG,0.0437077162983315,0,158,196
40389_Dg,GSE227903,Diagnosis,cellchat,LMPP,cDC,PPIA,BSG,0.0428354075260566,0,33,196
40389_Dg,GSE227903,Diagnosis,cellchat,MEP,cDC,PPIA,BSG,0.0482412305411961,0,27,196
40389_Dg,GSE227903,Diagnosis,cellchat,Monocyte,cDC,PPIA,BSG,0.0256883495418425,0,631,196
40389_Dg,GSE227903,Diagnosis,cellchat,NK,cDC,PPIA,BSG,0.0415952295078038,0,22,196
40389_Dg,GSE227903,Diagnosis,cellchat,pDC,cDC,PPIA,BSG,0.0414405903931961,0,544,196
40389_Dg,GSE227903,Diagnosis,cellchat,Pre-B,cDC,PPIA,BSG,0.0507839601066436,0,140,196
40389_Dg,GSE227903,Diagnosis,cellchat,Pro-B,cDC,PPIA,BSG,0.0528366277756857,0,87,196
40389_Dg,GSE227903,Diagnosis,cellchat,Pro-Monocyte,cDC,PPIA,BSG,0.0355173349360387,0,110,196
40389_Dg,GSE227903,Diagnosis,cellchat,B,Cycling Progenitor,PPIA,BSG,0.0540260652349523,0.01,17,24
40389_Dg,GSE227903,Diagnosis,cellchat,CD4 Memory T,Cycling Progenitor,PPIA,BSG,0.0399789121782614,0.09,21,24
40389_Dg,GSE227903,Diagnosis,cellchat,CD8 Memory T,Cycling Progenitor,PPIA,BSG,0.0412273123439795,0.09,358,24
40389_Dg,GSE227903,Diagnosis,cellchat,cDC,Cycling Progenitor,PPIA,BSG,0.0641910005340977,0,196,24
40389_Dg,GSE227903,Diagnosis,cellchat,Cycling Progenitor,Cycling Progenitor,PPIA,BSG,0.0644392422235207,0,24,24
40389_Dg,GSE227903,Diagnosis,cellchat,Early Erythroid,Cycling Progenitor,PPIA,BSG,0.0694670977568554,0,48,24
40389_Dg,GSE227903,Diagnosis,cellchat,Early GMP,Cycling Progenitor,PPIA,BSG,0.0657311713782859,0,138,24
40389_Dg,GSE227903,Diagnosis,cellchat,EoBasoMast Precursor,Cycling Progenitor,PPIA,BSG,0.0537647880568652,0.01,24,24
40389_Dg,GSE227903,Diagnosis,cellchat,HSC MPP,Cycling Progenitor,PPIA,BSG,0.0540666592545431,0.02,54,24
40389_Dg,GSE227903,Diagnosis,cellchat,Late GMP,Cycling Progenitor,PPIA,BSG,0.0605348137551234,0,158,24
40389_Dg,GSE227903,Diagnosis,cellchat,LMPP,Cycling Progenitor,PPIA,BSG,0.0593475152601292,0,33,24
40389_Dg,GSE227903,Diagnosis,cellchat,MEP,Cycling Progenitor,PPIA,BSG,0.0666919702888088,0,27,24
40389_Dg,GSE227903,Diagnosis,cellchat,Monocyte,Cycling Progenitor,PPIA,BSG,0.0358381279039092,0.1,631,24
40389_Dg,GSE227903,Diagnosis,cellchat,NK,Cycling Progenitor,PPIA,BSG,0.0576580735411555,0,22,24
40389_Dg,GSE227903,Diagnosis,cellchat,pDC,Cycling Progenitor,PPIA,BSG,0.0574472968581205,0,544,24
40389_Dg,GSE227903,Diagnosis,cellchat,Plasma Cell,Cycling Progenitor,PPIA,BSG,0.00715897026108169,0.94,30,24
40389_Dg,GSE227903,Diagnosis,cellchat,Pre-B,Cycling Progenitor,PPIA,BSG,0.070135548255455,0,140,24
40389_Dg,GSE227903,Diagnosis,cellchat,Pro-B,Cycling Progenitor,PPIA,BSG,0.0729103191237621,0,87,24
40389_Dg,GSE227903,Diagnosis,cellchat,Pro-Monocyte,Cycling Progenitor,PPIA,BSG,0.049353942566595,0.04,110,24
40389_Dg,GSE227903,Diagnosis,cellchat,B,Early Erythroid,PPIA,BSG,0.0818879290080146,0,17,48
40389_Dg,GSE227903,Diagnosis,cellchat,CD4 Memory T,Early Erythroid,PPIA,BSG,0.0610641271541434,0,21,48
40389_Dg,GSE227903,Diagnosis,cellchat,CD8 Memory T,Early Erythroid,PPIA,BSG,0.0629277859571372,0,358,48
40389_Dg,GSE227903,Diagnosis,cellchat,cDC,Early Erythroid,PPIA,BSG,0.0967588432316174,0,196,48
40389_Dg,GSE227903,Diagnosis,cellchat,Cycling Progenitor,Early Erythroid,PPIA,BSG,0.0971199613637584,0,24,48
40389_Dg,GSE227903,Diagnosis,cellchat,Early Erythroid,Early Erythroid,PPIA,BSG,0.104413139915542,0,48,48
40389_Dg,GSE227903,Diagnosis,cellchat,Early GMP,Early Erythroid,PPIA,BSG,0.0989977676267579,0,138,48
40389_Dg,GSE227903,Diagnosis,cellchat,EoBasoMast Precursor,Early Erythroid,PPIA,BSG,0.0815035174667589,0,24,48
40389_Dg,GSE227903,Diagnosis,cellchat,HSC MPP,Early Erythroid,PPIA,BSG,0.0819476442947921,0,54,48
40389_Dg,GSE227903,Diagnosis,cellchat,Late GMP,Early Erythroid,PPIA,BSG,0.0914288933266555,0,158,48
40389_Dg,GSE227903,Diagnosis,cellchat,LMPP,Early Erythroid,PPIA,BSG,0.0896935052708495,0,33,48
40389_Dg,GSE227903,Diagnosis,cellchat,MEP,Early Erythroid,PPIA,BSG,0.100392576045752,0,27,48
40389_Dg,GSE227903,Diagnosis,cellchat,Monocyte,Early Erythroid,PPIA,BSG,0.0548642652417232,0,631,48
40389_Dg,GSE227903,Diagnosis,cellchat,NK,Early Erythroid,PPIA,BSG,0.087220305905012,0,22,48
40389_Dg,GSE227903,Diagnosis,cellchat,pDC,Early Erythroid,PPIA,BSG,0.0869114276694552,0,544,48
40389_Dg,GSE227903,Diagnosis,cellchat,Plasma Cell,Early Erythroid,PPIA,BSG,0.0111354474545257,0.95,30,48
40389_Dg,GSE227903,Diagnosis,cellchat,Pre-B,Early Erythroid,PPIA,BSG,0.105379778925713,0,140,48
40389_Dg,GSE227903,Diagnosis,cellchat,Pro-B,Early Erythroid,PPIA,BSG,0.109384889634012,0,87,48
40389_Dg,GSE227903,Diagnosis,cellchat,Pro-Monocyte,Early Erythroid,PPIA,BSG,0.0749973628736931,0,110,48
40389_Dg,GSE227903,Diagnosis,cellchat,B,Early GMP,PPIA,BSG,0.0405461335063771,0,17,138
40389_Dg,GSE227903,Diagnosis,cellchat,CD4 Memory T,Early GMP,PPIA,BSG,0.0298931012497517,0,21,138
40389_Dg,GSE227903,Diagnosis,cellchat,CD8 Memory T,Early GMP,PPIA,BSG,0.0308366734475043,0,358,138
40389_Dg,GSE227903,Diagnosis,cellchat,cDC,Early GMP,PPIA,BSG,0.0483043446568039,0,196,138
40389_Dg,GSE227903,Diagnosis,cellchat,Cycling Progenitor,Early GMP,PPIA,BSG,0.0484943326476409,0,24,138
40389_Dg,GSE227903,Diagnosis,cellchat,Early Erythroid,Early GMP,PPIA,BSG,0.0523477020039434,0,48,138
40389_Dg,GSE227903,Diagnosis,cellchat,Early GMP,Early GMP,PPIA,BSG,0.0494834938309491,0,138,138
40389_Dg,GSE227903,Diagnosis,cellchat,EoBasoMast Precursor,Early GMP,PPIA,BSG,0.0403472665698547,0,24,138
40389_Dg,GSE227903,Diagnosis,cellchat,HSC MPP,Early GMP,PPIA,BSG,0.0405770334538853,0,54,138
40389_Dg,GSE227903,Diagnosis,cellchat,Late GMP,Early GMP,PPIA,BSG,0.0455090244830934,0,158,138
40389_Dg,GSE227903,Diagnosis,cellchat,LMPP,Early GMP,PPIA,BSG,0.0446024423564793,0,33,138
40389_Dg,GSE227903,Diagnosis,cellchat,MEP,Early GMP,PPIA,BSG,0.0502195648229333,0,27,138
40389_Dg,GSE227903,Diagnosis,cellchat,Monocyte,Early GMP,PPIA,BSG,0.0267678199536467,0,631,138
40389_Dg,GSE227903,Diagnosis,cellchat,NK,Early GMP,PPIA,BSG,0.0433134199038232,0,22,138
40389_Dg,GSE227903,Diagnosis,cellchat,pDC,Early GMP,PPIA,BSG,0.0431526806621824,0,544,138
40389_Dg,GSE227903,Diagnosis,cellchat,Pre-B,Early GMP,PPIA,BSG,0.052860778233192,0,140,138
40389_Dg,GSE227903,Diagnosis,cellchat,Pro-B,Early GMP,PPIA,BSG,0.0549925267944578,0,87,138
40389_Dg,GSE227903,Diagnosis,cellchat,Pro-Monocyte,Early GMP,PPIA,BSG,0.0369941542876072,0,110,138
40389_Dg,GSE227903,Diagnosis,cellchat,B,EoBasoMast Precursor,PPIA,BSG,0.0402576400331371,0.02,17,24
40389_Dg,GSE227903,Diagnosis,cellchat,CD4 Memory T,EoBasoMast Precursor,PPIA,BSG,0.0296780615195783,0.1,21,24
40389_Dg,GSE227903,Diagnosis,cellchat,CD8 Memory T,EoBasoMast Precursor,PPIA,BSG,0.0306150602230722,0.11,358,24
40389_Dg,GSE227903,Diagnosis,cellchat,cDC,EoBasoMast Precursor,PPIA,BSG,0.0479634095549801,0.01,196,24
40389_Dg,GSE227903,Diagnosis,cellchat,Cycling Progenitor,EoBasoMast Precursor,PPIA,BSG,0.0481521244453803,0.01,24,24
40389_Dg,GSE227903,Diagnosis,cellchat,Early Erythroid,EoBasoMast Precursor,PPIA,BSG,0.0519797873372012,0,48,24
40389_Dg,GSE227903,Diagnosis,cellchat,Early GMP,EoBasoMast Precursor,PPIA,BSG,0.0491346658991782,0.01,138,24
40389_Dg,GSE227903,Diagnosis,cellchat,EoBasoMast Precursor,EoBasoMast Precursor,PPIA,BSG,0.040060128993221,0.06,24,24
40389_Dg,GSE227903,Diagnosis,cellchat,HSC MPP,EoBasoMast Precursor,PPIA,BSG,0.0402883293537029,0.03,54,24
40389_Dg,GSE227903,Diagnosis,cellchat,Late GMP,EoBasoMast Precursor,PPIA,BSG,0.0451868821602735,0.01,158,24
40389_Dg,GSE227903,Diagnosis,cellchat,LMPP,EoBasoMast Precursor,PPIA,BSG,0.0442864196555663,0,33,24
40389_Dg,GSE227903,Diagnosis,cellchat,MEP,EoBasoMast Precursor,PPIA,BSG,0.0498658202634907,0.01,27,24
40389_Dg,GSE227903,Diagnosis,cellchat,Monocyte,EoBasoMast Precursor,PPIA,BSG,0.0265746464580677,0.12,631,24
40389_Dg,GSE227903,Diagnosis,cellchat,NK,EoBasoMast Precursor,PPIA,BSG,0.0430061192252883,0.01,22,24
40389_Dg,GSE227903,Diagnosis,cellchat,pDC,EoBasoMast Precursor,PPIA,BSG,0.0428464693237528,0.01,544,24
40389_Dg,GSE227903,Diagnosis,cellchat,Plasma Cell,EoBasoMast Precursor,PPIA,BSG,0.00526800778248061,0.91,30,24
40389_Dg,GSE227903,Diagnosis,cellchat,Pre-B,EoBasoMast Precursor,PPIA,BSG,0.0524894572546443,0,140,24
40389_Dg,GSE227903,Diagnosis,cellchat,Pro-B,EoBasoMast Precursor,PPIA,BSG,0.0546070946808561,0,87,24
40389_Dg,GSE227903,Diagnosis,cellchat,Pro-Monocyte,EoBasoMast Precursor,PPIA,BSG,0.0367299663185812,0.06,110,24
40389_Dg,GSE227903,Diagnosis,cellchat,B,HSC MPP,PPIA,BSG,0.0352484797640573,0.04,17,54
40389_Dg,GSE227903,Diagnosis,cellchat,CD4 Memory T,HSC MPP,PPIA,BSG,0.0259496996414756,0.06,21,54
40389_Dg,GSE227903,Diagnosis,cellchat,CD8 Memory T,HSC MPP,PPIA,BSG,0.0267722339412447,0.05,358,54
40389_Dg,GSE227903,Diagnosis,cellchat,cDC,HSC MPP,PPIA,BSG,0.0420374357246261,0.02,196,54
40389_Dg,GSE227903,Diagnosis,cellchat,Cycling Progenitor,HSC MPP,PPIA,BSG,0.0422038681228681,0.01,24,54
40389_Dg,GSE227903,Diagnosis,cellchat,Early Erythroid,HSC MPP,PPIA,BSG,0.0455813405392751,0.02,48,54
40389_Dg,GSE227903,Diagnosis,cellchat,Early GMP,HSC MPP,PPIA,BSG,0.0430705278245754,0.03,138,54
40389_Dg,GSE227903,Diagnosis,cellchat,EoBasoMast Precursor,HSC MPP,PPIA,BSG,0.0350746463972648,0.04,24,54
40389_Dg,GSE227903,Diagnosis,cellchat,HSC MPP,HSC MPP,PPIA,BSG,0.0352754908402723,0.03,54,54
40389_Dg,GSE227903,Diagnosis,cellchat,Late GMP,HSC MPP,PPIA,BSG,0.0395896884915847,0.03,158,54
40389_Dg,GSE227903,Diagnosis,cellchat,LMPP,HSC MPP,PPIA,BSG,0.0387962321257491,0.03,33,54
40389_Dg,GSE227903,Diagnosis,cellchat,MEP,HSC MPP,PPIA,BSG,0.0437155927024369,0.03,27,54
40389_Dg,GSE227903,Diagnosis,cellchat,Monocyte,HSC MPP,PPIA,BSG,0.0232268244250045,0.08,631,54
40389_Dg,GSE227903,Diagnosis,cellchat,NK,HSC MPP,PPIA,BSG,0.0376683948142929,0.03,22,54
40389_Dg,GSE227903,Diagnosis,cellchat,pDC,HSC MPP,PPIA,BSG,0.0375277829033385,0.03,544,54
40389_Dg,GSE227903,Diagnosis,cellchat,Plasma Cell,HSC MPP,PPIA,BSG,0.0045916931060616,0.99,30,54
40389_Dg,GSE227903,Diagnosis,cellchat,Pre-B,HSC MPP,PPIA,BSG,0.0460313189338832,0.02,140,54
40389_Dg,GSE227903,Diagnosis,cellchat,Pro-B,HSC MPP,PPIA,BSG,0.0479015809162173,0.01,87,54
40389_Dg,GSE227903,Diagnosis,cellchat,Pro-Monocyte,HSC MPP,PPIA,BSG,0.0321450443200187,0.04,110,54
40389_Dg,GSE227903,Diagnosis,cellchat,B,Late GMP,PPIA,BSG,0.0435040701893939,0,17,158
40389_Dg,GSE227903,Diagnosis,cellchat,CD4 Memory T,Late GMP,PPIA,BSG,0.032099875054227,0.01,21,158
40389_Dg,GSE227903,Diagnosis,cellchat,CD8 Memory T,Late GMP,PPIA,BSG,0.0331107263571617,0,358,158
40389_Dg,GSE227903,Diagnosis,cellchat,cDC,Late GMP,PPIA,BSG,0.0517977058955674,0,196,158
40389_Dg,GSE227903,Diagnosis,cellchat,Cycling Progenitor,Late GMP,PPIA,BSG,0.0520006830342358,0,24,158
40389_Dg,GSE227903,Diagnosis,cellchat,Early Erythroid,Late GMP,PPIA,BSG,0.0561162360067925,0,48,158
40389_Dg,GSE227903,Diagnosis,cellchat,Early GMP,Late GMP,PPIA,BSG,0.0530573767596745,0,138,158
40389_Dg,GSE227903,Diagnosis,cellchat,EoBasoMast Precursor,Late GMP,PPIA,BSG,0.0432913500423901,0,24,158
40389_Dg,GSE227903,Diagnosis,cellchat,HSC MPP,Late GMP,PPIA,BSG,0.0435371220715113,0,54,158
40389_Dg,GSE227903,Diagnosis,cellchat,Late GMP,Late GMP,PPIA,BSG,0.0488105969222643,0,158,158
40389_Dg,GSE227903,Diagnosis,cellchat,LMPP,Late GMP,PPIA,BSG,0.0478415409809186,0,33,158
40389_Dg,GSE227903,Diagnosis,cellchat,MEP,Late GMP,PPIA,BSG,0.0538435981115868,0,27,158
40389_Dg,GSE227903,Diagnosis,cellchat,Monocyte,Late GMP,PPIA,BSG,0.0287507163110235,0.01,631,158
40389_Dg,GSE227903,Diagnosis,cellchat,NK,Late GMP,PPIA,BSG,0.0464634602526,0,22,158
40389_Dg,GSE227903,Diagnosis,cellchat,pDC,Late GMP,PPIA,BSG,0.0462915966331519,0,544,158
40389_Dg,GSE227903,Diagnosis,cellchat,Pre-B,Late GMP,PPIA,BSG,0.0566640402279396,0,140,158
40389_Dg,GSE227903,Diagnosis,cellchat,Pro-B,Late GMP,PPIA,BSG,0.0589396207568781,0,87,158
40389_Dg,GSE227903,Diagnosis,cellchat,Pro-Monocyte,Late GMP,PPIA,BSG,0.0397036886626665,0,110,158
40389_Dg,GSE227903,Diagnosis,cellchat,B,LMPP,PPIA,BSG,0.0518762431273664,0.02,17,33
40389_Dg,GSE227903,Diagnosis,cellchat,CD4 Memory T,LMPP,PPIA,BSG,0.038365388971447,0.07,21,33
40389_Dg,GSE227903,Diagnosis,cellchat,CD8 Memory T,LMPP,PPIA,BSG,0.0395654810172631,0.06,358,33
40389_Dg,GSE227903,Diagnosis,cellchat,cDC,LMPP,PPIA,BSG,0.0616630584684439,0,196,33
40389_Dg,GSE227903,Diagnosis,cellchat,Cycling Progenitor,LMPP,PPIA,BSG,0.0619021706870329,0,24,33
40389_Dg,GSE227903,Diagnosis,cellchat,Early Erythroid,LMPP,PPIA,BSG,0.0667461946175454,0,48,33
40389_Dg,GSE227903,Diagnosis,cellchat,Early GMP,LMPP,PPIA,BSG,0.0631466678173292,0,138,33
40389_Dg,GSE227903,Diagnosis,cellchat,EoBasoMast Precursor,LMPP,PPIA,BSG,0.0516247953849813,0.01,24,33
40389_Dg,GSE227903,Diagnosis,cellchat,HSC MPP,LMPP,PPIA,BSG,0.0519153104667692,0.01,54,33
40389_Dg,GSE227903,Diagnosis,cellchat,Late GMP,LMPP,PPIA,BSG,0.0581419121594485,0,158,33
40389_Dg,GSE227903,Diagnosis,cellchat,LMPP,LMPP,PPIA,BSG,0.0569986992969811,0.01,33,33
40389_Dg,GSE227903,Diagnosis,cellchat,MEP,LMPP,PPIA,BSG,0.0640722796045717,0,27,33
40389_Dg,GSE227903,Diagnosis,cellchat,Monocyte,LMPP,PPIA,BSG,0.0343857382590284,0.1,631,33
40389_Dg,GSE227903,Diagnosis,cellchat,NK,LMPP,PPIA,BSG,0.0553721851907252,0,22,33
40389_Dg,GSE227903,Diagnosis,cellchat,pDC,LMPP,PPIA,BSG,0.0551692756513996,0.01,544,33
40389_Dg,GSE227903,Diagnosis,cellchat,Plasma Cell,LMPP,PPIA,BSG,0.00686057292680073,0.96,30,33
40389_Dg,GSE227903,Diagnosis,cellchat,Pre-B,LMPP,PPIA,BSG,0.067390359229287,0,140,33
40389_Dg,GSE227903,Diagnosis,cellchat,Pro-B,LMPP,PPIA,BSG,0.0700647057887443,0,87,33
40389_Dg,GSE227903,Diagnosis,cellchat,Pro-Monocyte,LMPP,PPIA,BSG,0.047380723178155,0.02,110,33
40389_Dg,GSE227903,Diagnosis,cellchat,B,MEP,PPIA,BSG,0.0661416658807855,0,17,27
40389_Dg,GSE227903,Diagnosis,cellchat,CD4 Memory T,MEP,PPIA,BSG,0.0491079040913778,0.05,21,27
40389_Dg,GSE227903,Diagnosis,cellchat,CD8 Memory T,MEP,PPIA,BSG,0.0506263375653359,0.03,358,27
40389_Dg,GSE227903,Diagnosis,cellchat,cDC,MEP,PPIA,BSG,0.0783972204382299,0,196,27
40389_Dg,GSE227903,Diagnosis,cellchat,Cycling Progenitor,MEP,PPIA,BSG,0.0786957809052004,0,24,27
40389_Dg,GSE227903,Diagnosis,cellchat,Early Erythroid,MEP,PPIA,BSG,0.0847352507548372,0,48,27
40389_Dg,GSE227903,Diagnosis,cellchat,Early GMP,MEP,PPIA,BSG,0.0802490193238543,0,138,27
40389_Dg,GSE227903,Diagnosis,cellchat,EoBasoMast Precursor,MEP,PPIA,BSG,0.0658258732460118,0.02,24,27
40389_Dg,GSE227903,Diagnosis,cellchat,HSC MPP,MEP,PPIA,BSG,0.0661907263273489,0.01,54,27
40389_Dg,GSE227903,Diagnosis,cellchat,Late GMP,MEP,PPIA,BSG,0.0739958580064854,0,158,27
40389_Dg,GSE227903,Diagnosis,cellchat,LMPP,MEP,PPIA,BSG,0.0725649344865144,0,33,27
40389_Dg,GSE227903,Diagnosis,cellchat,MEP,MEP,PPIA,BSG,0.0814035371168765,0,27,27
40389_Dg,GSE227903,Diagnosis,cellchat,Monocyte,MEP,PPIA,BSG,0.0440649914493709,0.07,631,27
40389_Dg,GSE227903,Diagnosis,cellchat,NK,MEP,PPIA,BSG,0.0705274442417086,0,22,27
40389_Dg,GSE227903,Diagnosis,cellchat,pDC,MEP,PPIA,BSG,0.0702731302095967,0,544,27
40389_Dg,GSE227903,Diagnosis,cellchat,Plasma Cell,MEP,PPIA,BSG,0.00886287344679387,0.91,30,27
40389_Dg,GSE227903,Diagnosis,cellchat,Pre-B,MEP,PPIA,BSG,0.0855371146404867,0,140,27
40389_Dg,GSE227903,Diagnosis,cellchat,Pro-B,MEP,PPIA,BSG,0.0888629861668614,0,87,27
40389_Dg,GSE227903,Diagnosis,cellchat,Pro-Monocyte,MEP,PPIA,BSG,0.0604887940283188,0.02,110,27
40389_Dg,GSE227903,Diagnosis,cellchat,B,pDC,PPIA,BSG,0.0181289941777485,0.51,17,544
40389_Dg,GSE227903,Diagnosis,cellchat,CD4 Memory T,pDC,PPIA,BSG,0.0132842598261298,0.95,21,544
40389_Dg,GSE227903,Diagnosis,cellchat,cDC,pDC,PPIA,BSG,0.0216948363578472,0,196,544
40389_Dg,GSE227903,Diagnosis,cellchat,Cycling Progenitor,pDC,PPIA,BSG,0.0217825607476116,0.02,24,544
40389_Dg,GSE227903,Diagnosis,cellchat,Early Erythroid,pDC,PPIA,BSG,0.0235659759732646,0,48,544
40389_Dg,GSE227903,Diagnosis,cellchat,Early GMP,pDC,PPIA,BSG,0.0222396045152376,0,138,544
40389_Dg,GSE227903,Diagnosis,cellchat,EoBasoMast Precursor,pDC,PPIA,BSG,0.018038009676258,0.56,24,544
40389_Dg,GSE227903,Diagnosis,cellchat,HSC MPP,pDC,PPIA,BSG,0.0181431332227434,0.54,54,544
40389_Dg,GSE227903,Diagnosis,cellchat,Late GMP,pDC,PPIA,BSG,0.0204063617256916,0.03,158,544
40389_Dg,GSE227903,Diagnosis,cellchat,LMPP,pDC,PPIA,BSG,0.0199893753508484,0.14,33,544
40389_Dg,GSE227903,Diagnosis,cellchat,MEP,pDC,PPIA,BSG,0.0225800474988894,0.01,27,544
40389_Dg,GSE227903,Diagnosis,cellchat,NK,pDC,PPIA,BSG,0.0193972352191035,0.22,22,544
40389_Dg,GSE227903,Diagnosis,cellchat,pDC,pDC,PPIA,BSG,0.0193234579774418,0.09,544,544
40389_Dg,GSE227903,Diagnosis,cellchat,Pre-B,pDC,PPIA,BSG,0.0238040395137579,0,140,544
40389_Dg,GSE227903,Diagnosis,cellchat,Pro-B,pDC,PPIA,BSG,0.024794675064642,0,87,544
40389_Dg,GSE227903,Diagnosis,cellchat,Pro-Monocyte,pDC,PPIA,BSG,0.0165070458690629,0.93,110,544
40389_Dg,GSE227903,Diagnosis,cellchat,B,Pre-B,PPIA,BSG,0.0170346421305865,0.57,17,140
40389_Dg,GSE227903,Diagnosis,cellchat,CD4 Memory T,Pre-B,PPIA,BSG,0.0124786421412686,0.96,21,140
40389_Dg,GSE227903,Diagnosis,cellchat,CD8 Memory T,Pre-B,PPIA,BSG,0.0128798270136591,0.99,358,140
40389_Dg,GSE227903,Diagnosis,cellchat,cDC,Pre-B,PPIA,BSG,0.0203897031116886,0.11,196,140
40389_Dg,GSE227903,Diagnosis,cellchat,Cycling Progenitor,Pre-B,PPIA,BSG,0.0204722605517282,0.17,24,140
40389_Dg,GSE227903,Diagnosis,cellchat,Early Erythroid,Pre-B,PPIA,BSG,0.0221508261011858,0.03,48,140
40389_Dg,GSE227903,Diagnosis,cellchat,Early GMP,Pre-B,PPIA,BSG,0.0209023989384757,0.06,138,140
40389_Dg,GSE227903,Diagnosis,cellchat,EoBasoMast Precursor,Pre-B,PPIA,BSG,0.0169490550776997,0.67,24,140
40389_Dg,GSE227903,Diagnosis,cellchat,HSC MPP,Pre-B,PPIA,BSG,0.0170479424948556,0.69,54,140
40389_Dg,GSE227903,Diagnosis,cellchat,Late GMP,Pre-B,PPIA,BSG,0.0191772219964871,0.29,158,140
40389_Dg,GSE227903,Diagnosis,cellchat,LMPP,Pre-B,PPIA,BSG,0.0187848703933404,0.41,33,140
40389_Dg,GSE227903,Diagnosis,cellchat,MEP,Pre-B,PPIA,BSG,0.0212228163421996,0.13,27,140
40389_Dg,GSE227903,Diagnosis,cellchat,NK,Pre-B,PPIA,BSG,0.0182277473571857,0.39,22,140
40389_Dg,GSE227903,Diagnosis,cellchat,pDC,Pre-B,PPIA,BSG,0.0181583358855014,0.53,544,140
40389_Dg,GSE227903,Diagnosis,cellchat,Pre-B,Pre-B,PPIA,BSG,0.0223749213829909,0.03,140,140
40389_Dg,GSE227903,Diagnosis,cellchat,Pro-B,Pre-B,PPIA,BSG,0.0233075023607138,0.01,87,140
40389_Dg,GSE227903,Diagnosis,cellchat,Pro-Monocyte,Pre-B,PPIA,BSG,0.0155090558074601,0.85,110,140
40389_Dg,GSE227903,Diagnosis,cellchat,B,Pro-B,PPIA,BSG,0.0407259960918486,0.02,17,87
40389_Dg,GSE227903,Diagnosis,cellchat,CD4 Memory T,Pro-B,PPIA,BSG,0.0300271859563182,0.03,21,87
40389_Dg,GSE227903,Diagnosis,cellchat,CD8 Memory T,Pro-B,PPIA,BSG,0.0309748553853049,0.03,358,87
40389_Dg,GSE227903,Diagnosis,cellchat,cDC,Pro-B,PPIA,BSG,0.0485168823643479,0,196,87
40389_Dg,GSE227903,Diagnosis,cellchat,Cycling Progenitor,Pro-B,PPIA,BSG,0.0487076635134164,0,24,87
40389_Dg,GSE227903,Diagnosis,cellchat,Early Erythroid,Pro-B,PPIA,BSG,0.0525770475095666,0,48,87
40389_Dg,GSE227903,Diagnosis,cellchat,Early GMP,Pro-B,PPIA,BSG,0.0497009488129699,0.01,138,87
40389_Dg,GSE227903,Diagnosis,cellchat,EoBasoMast Precursor,Pro-B,PPIA,BSG,0.0405262842439462,0.02,24,87
40389_Dg,GSE227903,Diagnosis,cellchat,HSC MPP,Pro-B,PPIA,BSG,0.0407570272887343,0.02,54,87
40389_Dg,GSE227903,Diagnosis,cellchat,Late GMP,Pro-B,PPIA,BSG,0.0457098535989474,0.02,158,87
40389_Dg,GSE227903,Diagnosis,cellchat,LMPP,Pro-B,PPIA,BSG,0.0447994585441888,0,33,87
40389_Dg,GSE227903,Diagnosis,cellchat,MEP,Pro-B,PPIA,BSG,0.0504400828150762,0,27,87
40389_Dg,GSE227903,Diagnosis,cellchat,Monocyte,Pro-B,PPIA,BSG,0.0268882748389724,0.03,631,87
40389_Dg,GSE227903,Diagnosis,cellchat,NK,Pro-B,PPIA,BSG,0.0435050015451909,0.01,22,87
40389_Dg,GSE227903,Diagnosis,cellchat,pDC,Pro-B,PPIA,BSG,0.0433435835415041,0.02,544,87
40389_Dg,GSE227903,Diagnosis,cellchat,Plasma Cell,Pro-B,PPIA,BSG,0.00533155695539547,0.99,30,87
40389_Dg,GSE227903,Diagnosis,cellchat,Pre-B,Pro-B,PPIA,BSG,0.0530922456880367,0,140,87
40389_Dg,GSE227903,Diagnosis,cellchat,Pro-B,Pro-B,PPIA,BSG,0.0552327844307351,0,87,87
40389_Dg,GSE227903,Diagnosis,cellchat,Pro-Monocyte,Pro-B,PPIA,BSG,0.0371588705381138,0.02,110,87
40389_Dg,GSE227903,Diagnosis,cellchat,B,Pro-Monocyte,PPIA,BSG,0.0155429792771895,0.74,17,110
40389_Dg,GSE227903,Diagnosis,cellchat,CD4 Memory T,Pro-Monocyte,PPIA,BSG,0.0113813126638431,0.97,21,110
40389_Dg,GSE227903,Diagnosis,cellchat,CD8 Memory T,Pro-Monocyte,PPIA,BSG,0.0117476383789508,0.99,358,110
40389_Dg,GSE227903,Diagnosis,cellchat,cDC,Pro-Monocyte,PPIA,BSG,0.0186098116738599,0.35,196,110
40389_Dg,GSE227903,Diagnosis,cellchat,Cycling Progenitor,Pro-Monocyte,PPIA,BSG,0.0186852998372271,0.36,24,110
40389_Dg,GSE227903,Diagnosis,cellchat,Early Erythroid,Pro-Monocyte,PPIA,BSG,0.0202203731021246,0.17,48,110
40389_Dg,GSE227903,Diagnosis,cellchat,Early GMP,Pro-Monocyte,PPIA,BSG,0.0190786240527361,0.28,138,110
40389_Dg,GSE227903,Diagnosis,cellchat,EoBasoMast Precursor,Pro-Monocyte,PPIA,BSG,0.0154647688671727,0.78,24,110
40389_Dg,GSE227903,Diagnosis,cellchat,HSC MPP,Pro-Monocyte,PPIA,BSG,0.0155551334064816,0.81,54,110
40389_Dg,GSE227903,Diagnosis,cellchat,Late GMP,Pro-Monocyte,PPIA,BSG,0.017501281526567,0.63,158,110
40389_Dg,GSE227903,Diagnosis,cellchat,LMPP,Pro-Monocyte,PPIA,BSG,0.01714261912344,0.6,33,110
40389_Dg,GSE227903,Diagnosis,cellchat,MEP,Pro-Monocyte,PPIA,BSG,0.0193716375514656,0.28,27,110
40389_Dg,GSE227903,Diagnosis,cellchat,NK,Pro-Monocyte,PPIA,BSG,0.0166333764383122,0.57,22,110
40389_Dg,GSE227903,Diagnosis,cellchat,pDC,Pro-Monocyte,PPIA,BSG,0.0165699338792207,0.7,544,110
40389_Dg,GSE227903,Diagnosis,cellchat,Pre-B,Pro-Monocyte,PPIA,BSG,0.0204253463371665,0.07,140,110
40389_Dg,GSE227903,Diagnosis,cellchat,Pro-B,Pro-Monocyte,PPIA,BSG,0.0212784381389388,0.03,87,110
40389_Dg,GSE227903,Diagnosis,cellchat,Pro-Monocyte,Pro-Monocyte,PPIA,BSG,0.0141490601754598,0.93,110,110
40389_Dg,GSE227903,Diagnosis,cellchat,Late GMP,cDC,PLAU,PLAUR,0.00309294613706342,0,158,196
40389_Dg,GSE227903,Diagnosis,cellchat,Pro-Monocyte,cDC,PLAU,PLAUR,0.00324214375295493,0,110,196
40389_Dg,GSE227903,Diagnosis,cellchat,Late GMP,Cycling Progenitor,PLAU,PLAUR,0.000301083264765234,0,158,24
40389_Dg,GSE227903,Diagnosis,cellchat,Pro-Monocyte,Cycling Progenitor,PLAU,PLAUR,0.000315649568755159,0,110,24
40389_Dg,GSE227903,Diagnosis,cellchat,Late GMP,Early GMP,PLAU,PLAUR,0.000451563198313294,0,158,138
40389_Dg,GSE227903,Diagnosis,cellchat,Pro-Monocyte,Early GMP,PLAU,PLAUR,0.000473406221815597,0,110,138
40389_Dg,GSE227903,Diagnosis,cellchat,Late GMP,EoBasoMast Precursor,PLAU,PLAUR,0.00105942761025326,0,158,24
40389_Dg,GSE227903,Diagnosis,cellchat,Pro-Monocyte,EoBasoMast Precursor,PLAU,PLAUR,0.00111064159085006,0,110,24
40389_Dg,GSE227903,Diagnosis,cellchat,Late GMP,Late GMP,PLAU,PLAUR,0.000543886677395402,0,158,158
40389_Dg,GSE227903,Diagnosis,cellchat,Pro-Monocyte,Late GMP,PLAU,PLAUR,0.000570193026400234,0,110,158
40389_Dg,GSE227903,Diagnosis,cellchat,Late GMP,Monocyte,PLAU,PLAUR,0.00523985525008905,0,158,631
40389_Dg,GSE227903,Diagnosis,cellchat,Pro-Monocyte,Monocyte,PLAU,PLAUR,0.00549204498798778,0,110,631
40389_Dg,GSE227903,Diagnosis,cellchat,Late GMP,pDC,PLAU,PLAUR,0.00080624416006387,0,158,544
40389_Dg,GSE227903,Diagnosis,cellchat,Pro-Monocyte,pDC,PLAU,PLAUR,0.000845229309862249,0,110,544
40389_Dg,GSE227903,Diagnosis,cellchat,Late GMP,Pro-Monocyte,PLAU,PLAUR,0.00156231829387299,0,158,110
40389_Dg,GSE227903,Diagnosis,cellchat,Pro-Monocyte,Pro-Monocyte,PLAU,PLAUR,0.0016378027456786,0,110,110
40389_Dg,GSE227903,Diagnosis,cellchat,EoBasoMast Precursor,Cycling Progenitor,THBS1,SDC4,0.000402368045438738,0,24,24
40389_Dg,GSE227903,Diagnosis,cellchat,MEP,Cycling Progenitor,THBS1,SDC4,0.000557552316116994,0,27,24
40389_Dg,GSE227903,Diagnosis,cellchat,Monocyte,Cycling Progenitor,THBS1,SDC4,0.000783555799192038,0,631,24
40389_Dg,GSE227903,Diagnosis,cellchat,EoBasoMast Precursor,Early Erythroid,THBS1,CD36,0.00251456005720917,0,24,48
40389_Dg,GSE227903,Diagnosis,cellchat,MEP,Early Erythroid,THBS1,CD36,0.00348153181521176,0,27,48
40389_Dg,GSE227903,Diagnosis,cellchat,Monocyte,Early Erythroid,THBS1,CD36,0.00488697312747774,0,631,48
40389_Dg,GSE227903,Diagnosis,cellchat,EoBasoMast Precursor,B,THBS1,CD47,0.00253183952264601,0,24,17
40389_Dg,GSE227903,Diagnosis,cellchat,MEP,B,THBS1,CD47,0.00350543273156742,0,27,17
40389_Dg,GSE227903,Diagnosis,cellchat,Monocyte,B,THBS1,CD47,0.00492047483861138,0,631,17
40389_Dg,GSE227903,Diagnosis,cellchat,EoBasoMast Precursor,CD4 Memory T,THBS1,CD47,0.00162352214660423,0,24,21
40389_Dg,GSE227903,Diagnosis,cellchat,MEP,CD4 Memory T,THBS1,CD47,0.00224861852186643,0,27,21
40389_Dg,GSE227903,Diagnosis,cellchat,Monocyte,CD4 Memory T,THBS1,CD47,0.00315792875383307,0,631,21
40389_Dg,GSE227903,Diagnosis,cellchat,EoBasoMast Precursor,CD8 Memory T,THBS1,CD47,0.00181356018571046,0,24,358
40389_Dg,GSE227903,Diagnosis,cellchat,MEP,CD8 Memory T,THBS1,CD47,0.00251164185488094,0,27,358
40389_Dg,GSE227903,Diagnosis,cellchat,Monocyte,CD8 Memory T,THBS1,CD47,0.00352693910386352,0,631,358
40389_Dg,GSE227903,Diagnosis,cellchat,EoBasoMast Precursor,cDC,THBS1,CD47,0.003713844541134,0,24,196
40389_Dg,GSE227903,Diagnosis,cellchat,MEP,cDC,THBS1,CD47,0.00513962375850443,0,27,196
40389_Dg,GSE227903,Diagnosis,cellchat,Monocyte,cDC,THBS1,CD47,0.00720956894919458,0,631,196
40389_Dg,GSE227903,Diagnosis,cellchat,EoBasoMast Precursor,Cycling Progenitor,THBS1,CD47,0.00443827077387569,0,24,24
40389_Dg,GSE227903,Diagnosis,cellchat,MEP,Cycling Progenitor,THBS1,CD47,0.00614044980169279,0,27,24
40389_Dg,GSE227903,Diagnosis,cellchat,Monocyte,Cycling Progenitor,THBS1,CD47,0.00860998182797829,0,631,24
40389_Dg,GSE227903,Diagnosis,cellchat,EoBasoMast Precursor,Early Erythroid,THBS1,CD47,0.00286372272772877,0,24,48
40389_Dg,GSE227903,Diagnosis,cellchat,MEP,Early Erythroid,THBS1,CD47,0.00396443102287474,0,27,48
40389_Dg,GSE227903,Diagnosis,cellchat,Monocyte,Early Erythroid,THBS1,CD47,0.00556372300662179,0,631,48
40389_Dg,GSE227903,Diagnosis,cellchat,EoBasoMast Precursor,Early GMP,THBS1,CD47,0.00259198781033396,0,24,138
40389_Dg,GSE227903,Diagnosis,cellchat,MEP,Early GMP,THBS1,CD47,0.0035886272196961,0,27,138
40389_Dg,GSE227903,Diagnosis,cellchat,Monocyte,Early GMP,THBS1,CD47,0.00503708278599761,0,631,138
40389_Dg,GSE227903,Diagnosis,cellchat,EoBasoMast Precursor,EoBasoMast Precursor,THBS1,CD47,0.00318198904965165,0,24,24
40389_Dg,GSE227903,Diagnosis,cellchat,MEP,EoBasoMast Precursor,THBS1,CD47,0.00440448671121952,0,27,24
40389_Dg,GSE227903,Diagnosis,cellchat,Monocyte,EoBasoMast Precursor,THBS1,CD47,0.00618020016196474,0,631,24
40389_Dg,GSE227903,Diagnosis,cellchat,EoBasoMast Precursor,HSC MPP,THBS1,CD47,0.00337904655516316,0,24,54
40389_Dg,GSE227903,Diagnosis,cellchat,MEP,HSC MPP,THBS1,CD47,0.00467689710574874,0,27,54
40389_Dg,GSE227903,Diagnosis,cellchat,Monocyte,HSC MPP,THBS1,CD47,0.00656171173937895,0,631,54
40389_Dg,GSE227903,Diagnosis,cellchat,EoBasoMast Precursor,Late GMP,THBS1,CD47,0.00230667519228756,0,24,158
40389_Dg,GSE227903,Diagnosis,cellchat,MEP,Late GMP,THBS1,CD47,0.00319396099170549,0,27,158
40389_Dg,GSE227903,Diagnosis,cellchat,Monocyte,Late GMP,THBS1,CD47,0.00448383668497674,0,631,158
40389_Dg,GSE227903,Diagnosis,cellchat,EoBasoMast Precursor,LMPP,THBS1,CD47,0.00432525684374348,0,24,33
40389_Dg,GSE227903,Diagnosis,cellchat,MEP,LMPP,THBS1,CD47,0.00598435296615102,0,27,33
40389_Dg,GSE227903,Diagnosis,cellchat,Monocyte,LMPP,THBS1,CD47,0.00839163689970268,0,631,33
40389_Dg,GSE227903,Diagnosis,cellchat,EoBasoMast Precursor,MEP,THBS1,CD47,0.00338860096659146,0,24,27
40389_Dg,GSE227903,Diagnosis,cellchat,MEP,MEP,THBS1,CD47,0.00469010398023932,0,27,27
40389_Dg,GSE227903,Diagnosis,cellchat,Monocyte,MEP,THBS1,CD47,0.00658020586784104,0,631,27
40389_Dg,GSE227903,Diagnosis,cellchat,EoBasoMast Precursor,Monocyte,THBS1,CD47,0.0012023392895942,0.01,24,631
40389_Dg,GSE227903,Diagnosis,cellchat,MEP,Monocyte,THBS1,CD47,0.00166554033040831,0,27,631
40389_Dg,GSE227903,Diagnosis,cellchat,Monocyte,Monocyte,THBS1,CD47,0.0023396147037891,0,631,631
40389_Dg,GSE227903,Diagnosis,cellchat,EoBasoMast Precursor,NK,THBS1,CD47,0.00157197031186667,0,24,22
40389_Dg,GSE227903,Diagnosis,cellchat,MEP,NK,THBS1,CD47,0.0021772612357184,0,27,22
40389_Dg,GSE227903,Diagnosis,cellchat,Monocyte,NK,THBS1,CD47,0.00305780400257529,0,631,22
40389_Dg,GSE227903,Diagnosis,cellchat,EoBasoMast Precursor,pDC,THBS1,CD47,0.00437304069829767,0,24,544
40389_Dg,GSE227903,Diagnosis,cellchat,MEP,pDC,THBS1,CD47,0.00605035452821537,0,27,544
40389_Dg,GSE227903,Diagnosis,cellchat,Monocyte,pDC,THBS1,CD47,0.00848396184468067,0,631,544
40389_Dg,GSE227903,Diagnosis,cellchat,EoBasoMast Precursor,Pre-B,THBS1,CD47,0.0037118541959598,0,24,140
40389_Dg,GSE227903,Diagnosis,cellchat,MEP,Pre-B,THBS1,CD47,0.00513687324121432,0,27,140
40389_Dg,GSE227903,Diagnosis,cellchat,Monocyte,Pre-B,THBS1,CD47,0.0072057187049253,0,631,140
40389_Dg,GSE227903,Diagnosis,cellchat,EoBasoMast Precursor,Pro-B,THBS1,CD47,0.00395191636906586,0,24,87
40389_Dg,GSE227903,Diagnosis,cellchat,MEP,Pro-B,THBS1,CD47,0.00546859187843434,0,27,87
40389_Dg,GSE227903,Diagnosis,cellchat,Monocyte,Pro-B,THBS1,CD47,0.00767000508471616,0,631,87
40389_Dg,GSE227903,Diagnosis,cellchat,EoBasoMast Precursor,Pro-Monocyte,THBS1,CD47,0.000969944962254331,0.01,24,110
40389_Dg,GSE227903,Diagnosis,cellchat,MEP,Pro-Monocyte,THBS1,CD47,0.00134373657081347,0,27,110
40389_Dg,GSE227903,Diagnosis,cellchat,Monocyte,Pro-Monocyte,THBS1,CD47,0.00188781740651837,0,631,110
40389_Dg,GSE227903,Diagnosis,cellchat,cDC,B,APP,CD74,0.0781181382519606,0,196,17
40389_Dg,GSE227903,Diagnosis,cellchat,Cycling Progenitor,B,APP,CD74,0.0199891799118739,0.47,24,17
40389_Dg,GSE227903,Diagnosis,cellchat,Early GMP,B,APP,CD74,0.0199718917234737,0.52,138,17
40389_Dg,GSE227903,Diagnosis,cellchat,HSC MPP,B,APP,CD74,0.0232847311541754,0.24,54,17
40389_Dg,GSE227903,Diagnosis,cellchat,Late GMP,B,APP,CD74,0.0200182749471937,0.46,158,17
40389_Dg,GSE227903,Diagnosis,cellchat,LMPP,B,APP,CD74,0.0255922490782545,0.22,33,17
40389_Dg,GSE227903,Diagnosis,cellchat,MEP,B,APP,CD74,0.0123063400523085,0.75,27,17
40389_Dg,GSE227903,Diagnosis,cellchat,pDC,B,APP,CD74,0.134198311003339,0,544,17
40389_Dg,GSE227903,Diagnosis,cellchat,Pre-B,B,APP,CD74,0.00842445338272338,0.99,140,17
40389_Dg,GSE227903,Diagnosis,cellchat,Pro-B,B,APP,CD74,0.0179808520877781,0.58,87,17
40389_Dg,GSE227903,Diagnosis,cellchat,Pro-Monocyte,B,APP,CD74,0.0198482879456422,0.56,110,17
40389_Dg,GSE227903,Diagnosis,cellchat,cDC,CD4 Memory T,APP,CD74,0.0258033859243656,0.09,196,21
40389_Dg,GSE227903,Diagnosis,cellchat,Cycling Progenitor,CD4 Memory T,APP,CD74,0.0063351586832521,0.83,24,21
40389_Dg,GSE227903,Diagnosis,cellchat,HSC MPP,CD4 Memory T,APP,CD74,0.00739660581653466,0.91,54,21
40389_Dg,GSE227903,Diagnosis,cellchat,LMPP,CD4 Memory T,APP,CD74,0.00814273629066857,0.86,33,21
40389_Dg,GSE227903,Diagnosis,cellchat,MEP,CD4 Memory T,APP,CD74,0.00387946649846253,0.92,27,21
40389_Dg,GSE227903,Diagnosis,cellchat,pDC,CD4 Memory T,APP,CD74,0.0462098868778041,0,544,21
40389_Dg,GSE227903,Diagnosis,cellchat,Pro-B,CD4 Memory T,APP,CD74,0.00569069466658489,0.99,87,21
40389_Dg,GSE227903,Diagnosis,cellchat,cDC,CD8 Memory T,APP,CD74,0.0326096209520408,0,196,358
40389_Dg,GSE227903,Diagnosis,cellchat,Cycling Progenitor,CD8 Memory T,APP,CD74,0.00804862811062699,0.83,24,358
40389_Dg,GSE227903,Diagnosis,cellchat,HSC MPP,CD8 Memory T,APP,CD74,0.00939445044951481,0.87,54,358
40389_Dg,GSE227903,Diagnosis,cellchat,LMPP,CD8 Memory T,APP,CD74,0.0103400135517894,0.82,33,358
40389_Dg,GSE227903,Diagnosis,cellchat,MEP,CD8 Memory T,APP,CD74,0.00493204192714985,0.91,27,358
40389_Dg,GSE227903,Diagnosis,cellchat,pDC,CD8 Memory T,APP,CD74,0.0580779095587838,0,544,358
40389_Dg,GSE227903,Diagnosis,cellchat,Pro-B,CD8 Memory T,APP,CD74,0.00723112448666111,0.98,87,358
40389_Dg,GSE227903,Diagnosis,cellchat,cDC,cDC,APP,CD74,0.0832732061504019,0,196,196
40389_Dg,GSE227903,Diagnosis,cellchat,Cycling Progenitor,cDC,APP,CD74,0.0213973138339336,0.41,24,196
40389_Dg,GSE227903,Diagnosis,cellchat,Early GMP,cDC,APP,CD74,0.0213788343499943,0.35,138,196
40389_Dg,GSE227903,Diagnosis,cellchat,HSC MPP,cDC,APP,CD74,0.0249191164655551,0.13,54,196
40389_Dg,GSE227903,Diagnosis,cellchat,Late GMP,cDC,APP,CD74,0.0214284136480289,0.32,158,196
40389_Dg,GSE227903,Diagnosis,cellchat,LMPP,cDC,APP,CD74,0.0273840609790174,0.15,33,196
40389_Dg,GSE227903,Diagnosis,cellchat,MEP,cDC,APP,CD74,0.0131805368241804,0.74,27,196
40389_Dg,GSE227903,Diagnosis,cellchat,pDC,cDC,APP,CD74,0.142482171724576,0,544,196
40389_Dg,GSE227903,Diagnosis,cellchat,Pro-B,cDC,APP,CD74,0.0192502887528543,0.55,87,196
40389_Dg,GSE227903,Diagnosis,cellchat,Pro-Monocyte,cDC,APP,CD74,0.0212467119374367,0.44,110,196
40389_Dg,GSE227903,Diagnosis,cellchat,cDC,Cycling Progenitor,APP,CD74,0.0496026962809072,0,196,24
40389_Dg,GSE227903,Diagnosis,cellchat,Cycling Progenitor,Cycling Progenitor,APP,CD74,0.0124069661866401,0.74,24,24
40389_Dg,GSE227903,Diagnosis,cellchat,Early GMP,Cycling Progenitor,APP,CD74,0.0123961527348187,0.93,138,24
40389_Dg,GSE227903,Diagnosis,cellchat,HSC MPP,Cycling Progenitor,APP,CD74,0.0144709208658636,0.72,54,24
40389_Dg,GSE227903,Diagnosis,cellchat,Late GMP,Cycling Progenitor,APP,CD74,0.0124251649361974,0.93,158,24
40389_Dg,GSE227903,Diagnosis,cellchat,LMPP,Cycling Progenitor,APP,CD74,0.0159192259027358,0.66,33,24
40389_Dg,GSE227903,Diagnosis,cellchat,MEP,Cycling Progenitor,APP,CD74,0.00761570308109314,0.85,27,24
40389_Dg,GSE227903,Diagnosis,cellchat,pDC,Cycling Progenitor,APP,CD74,0.0871470918882968,0,544,24
40389_Dg,GSE227903,Diagnosis,cellchat,Pro-B,Cycling Progenitor,APP,CD74,0.0111517604492971,0.96,87,24
40389_Dg,GSE227903,Diagnosis,cellchat,Pro-Monocyte,Cycling Progenitor,APP,CD74,0.0123188450041206,0.93,110,24
40389_Dg,GSE227903,Diagnosis,cellchat,cDC,Early Erythroid,APP,CD74,0.0240680377667237,0.12,196,48
40389_Dg,GSE227903,Diagnosis,cellchat,Cycling Progenitor,Early Erythroid,APP,CD74,0.00590117096486717,0.84,24,48
40389_Dg,GSE227903,Diagnosis,cellchat,HSC MPP,Early Erythroid,APP,CD74,0.00689040827600702,0.91,54,48
40389_Dg,GSE227903,Diagnosis,cellchat,LMPP,Early Erythroid,APP,CD74,0.00758586645952027,0.88,33,48
40389_Dg,GSE227903,Diagnosis,cellchat,MEP,Early Erythroid,APP,CD74,0.00361309337863463,0.92,27,48
40389_Dg,GSE227903,Diagnosis,cellchat,pDC,Early Erythroid,APP,CD74,0.0431629513290897,0,544,48
40389_Dg,GSE227903,Diagnosis,cellchat,Pro-B,Early Erythroid,APP,CD74,0.00530062021107289,0.99,87,48
40389_Dg,GSE227903,Diagnosis,cellchat,cDC,Early GMP,APP,CD74,0.049513775107298,0,196,138
40389_Dg,GSE227903,Diagnosis,cellchat,Cycling Progenitor,Early GMP,APP,CD74,0.0123838557658148,0.75,24,138
40389_Dg,GSE227903,Diagnosis,cellchat,Early GMP,Early GMP,APP,CD74,0.012373062203828,0.95,138,138
40389_Dg,GSE227903,Diagnosis,cellchat,HSC MPP,Early GMP,APP,CD74,0.0144440221504822,0.73,54,138
40389_Dg,GSE227903,Diagnosis,cellchat,Late GMP,Early GMP,APP,CD74,0.0124020210423074,0.99,158,138
40389_Dg,GSE227903,Diagnosis,cellchat,LMPP,Early GMP,APP,CD74,0.0158896784663019,0.69,33,138
40389_Dg,GSE227903,Diagnosis,cellchat,MEP,Early GMP,APP,CD74,0.00760144863979771,0.85,27,138
40389_Dg,GSE227903,Diagnosis,cellchat,pDC,Early GMP,APP,CD74,0.0869970269736658,0,544,138
40389_Dg,GSE227903,Diagnosis,cellchat,Pro-B,Early GMP,APP,CD74,0.0111309617447542,0.96,87,138
40389_Dg,GSE227903,Diagnosis,cellchat,Pro-Monocyte,Early GMP,APP,CD74,0.012295896682731,0.93,110,138
40389_Dg,GSE227903,Diagnosis,cellchat,cDC,EoBasoMast Precursor,APP,CD74,0.0186304095093606,0.54,196,24
40389_Dg,GSE227903,Diagnosis,cellchat,Cycling Progenitor,EoBasoMast Precursor,APP,CD74,0.00454880447009115,0.86,24,24
40389_Dg,GSE227903,Diagnosis,cellchat,HSC MPP,EoBasoMast Precursor,APP,CD74,0.00531255059949005,0.94,54,24
40389_Dg,GSE227903,Diagnosis,cellchat,LMPP,EoBasoMast Precursor,APP,CD74,0.0058496915415015,0.89,33,24
40389_Dg,GSE227903,Diagnosis,cellchat,MEP,EoBasoMast Precursor,APP,CD74,0.00278361546937118,0.92,27,24
40389_Dg,GSE227903,Diagnosis,cellchat,pDC,EoBasoMast Precursor,APP,CD74,0.0335596083842232,0,544,24
40389_Dg,GSE227903,Diagnosis,cellchat,Pro-B,EoBasoMast Precursor,APP,CD74,0.00408531584807546,0.99,87,24
40389_Dg,GSE227903,Diagnosis,cellchat,cDC,HSC MPP,APP,CD74,0.0528000013279484,0,196,54
40389_Dg,GSE227903,Diagnosis,cellchat,Cycling Progenitor,HSC MPP,APP,CD74,0.0132400989075726,0.7,24,54
40389_Dg,GSE227903,Diagnosis,cellchat,Early GMP,HSC MPP,APP,CD74,0.0132285690544575,0.95,138,54
40389_Dg,GSE227903,Diagnosis,cellchat,HSC MPP,HSC MPP,APP,CD74,0.0154404821018773,0.62,54,54
40389_Dg,GSE227903,Diagnosis,cellchat,Late GMP,HSC MPP,APP,CD74,0.0132595033030255,0.96,158,54
40389_Dg,GSE227903,Diagnosis,cellchat,LMPP,HSC MPP,APP,CD74,0.0169841522332952,0.63,33,54
40389_Dg,GSE227903,Diagnosis,cellchat,MEP,HSC MPP,APP,CD74,0.00812974906253424,0.84,27,54
40389_Dg,GSE227903,Diagnosis,cellchat,pDC,HSC MPP,APP,CD74,0.0925288333973546,0,544,54
40389_Dg,GSE227903,Diagnosis,cellchat,Pro-B,HSC MPP,APP,CD74,0.01190162136624,0.94,87,54
40389_Dg,GSE227903,Diagnosis,cellchat,Pro-Monocyte,HSC MPP,APP,CD74,0.0131461391204222,0.91,110,54
40389_Dg,GSE227903,Diagnosis,cellchat,cDC,Late GMP,APP,CD74,0.040426152799066,0,196,158
40389_Dg,GSE227903,Diagnosis,cellchat,Cycling Progenitor,Late GMP,APP,CD74,0.0100389801750141,0.81,24,158
40389_Dg,GSE227903,Diagnosis,cellchat,HSC MPP,Late GMP,APP,CD74,0.0117136820035256,0.79,54,158
40389_Dg,GSE227903,Diagnosis,cellchat,LMPP,Late GMP,APP,CD74,0.0128896412320471,0.78,33,158
40389_Dg,GSE227903,Diagnosis,cellchat,MEP,Late GMP,APP,CD74,0.00615647406741865,0.87,27,158
40389_Dg,GSE227903,Diagnosis,cellchat,pDC,Late GMP,APP,CD74,0.0715476902601048,0,544,158
40389_Dg,GSE227903,Diagnosis,cellchat,Pro-B,Late GMP,APP,CD74,0.00902115391185113,0.98,87,158
40389_Dg,GSE227903,Diagnosis,cellchat,Pro-Monocyte,Late GMP,APP,CD74,0.00996750800060793,0.98,110,158
40389_Dg,GSE227903,Diagnosis,cellchat,cDC,LMPP,APP,CD74,0.0560713344637496,0,196,33
40389_Dg,GSE227903,Diagnosis,cellchat,Cycling Progenitor,LMPP,APP,CD74,0.0140968943117131,0.68,24,33
40389_Dg,GSE227903,Diagnosis,cellchat,Early GMP,LMPP,APP,CD74,0.0140846289867463,0.9,138,33
40389_Dg,GSE227903,Diagnosis,cellchat,HSC MPP,LMPP,APP,CD74,0.0164372971193191,0.62,54,33
40389_Dg,GSE227903,Diagnosis,cellchat,Late GMP,LMPP,APP,CD74,0.0141175364422597,0.9,158,33
40389_Dg,GSE227903,Diagnosis,cellchat,LMPP,LMPP,APP,CD74,0.01807879440908,0.63,33,33
40389_Dg,GSE227903,Diagnosis,cellchat,MEP,LMPP,APP,CD74,0.00865874457128891,0.83,27,33
40389_Dg,GSE227903,Diagnosis,cellchat,pDC,LMPP,APP,CD74,0.0980069583999627,0,544,33
40389_Dg,GSE227903,Diagnosis,cellchat,Pro-B,LMPP,APP,CD74,0.0126729133995558,0.9,87,33
40389_Dg,GSE227903,Diagnosis,cellchat,Pro-Monocyte,LMPP,APP,CD74,0.0139969404318476,0.89,110,33
40389_Dg,GSE227903,Diagnosis,cellchat,cDC,MEP,APP,CD74,0.0341133000145336,0,196,27
40389_Dg,GSE227903,Diagnosis,cellchat,Cycling Progenitor,MEP,APP,CD74,0.00842963130531849,0.81,24,27
40389_Dg,GSE227903,Diagnosis,cellchat,Early GMP,MEP,APP,CD74,0.00842225478863855,0.99,138,27
40389_Dg,GSE227903,Diagnosis,cellchat,HSC MPP,MEP,APP,CD74,0.00983852984054183,0.87,54,27
40389_Dg,GSE227903,Diagnosis,cellchat,LMPP,MEP,APP,CD74,0.0108283015008002,0.82,33,27
40389_Dg,GSE227903,Diagnosis,cellchat,MEP,MEP,APP,CD74,0.00516628161054599,0.9,27,27
40389_Dg,GSE227903,Diagnosis,cellchat,pDC,MEP,APP,CD74,0.0606823036199608,0,544,27
40389_Dg,GSE227903,Diagnosis,cellchat,Pro-B,MEP,APP,CD74,0.00757372444689659,0.98,87,27
40389_Dg,GSE227903,Diagnosis,cellchat,Pro-Monocyte,MEP,APP,CD74,0.0083695199669537,0.99,110,27
40389_Dg,GSE227903,Diagnosis,cellchat,cDC,Monocyte,APP,CD74,0.0318975774171337,0,196,631
40389_Dg,GSE227903,Diagnosis,cellchat,Cycling Progenitor,Monocyte,APP,CD74,0.00786852111553921,0.82,24,631
40389_Dg,GSE227903,Diagnosis,cellchat,HSC MPP,Monocyte,APP,CD74,0.0091845063568,0.89,54,631
40389_Dg,GSE227903,Diagnosis,cellchat,LMPP,Monocyte,APP,CD74,0.0101091539692053,0.83,33,631
40389_Dg,GSE227903,Diagnosis,cellchat,MEP,Monocyte,APP,CD74,0.0048213369094024,0.91,27,631
40389_Dg,GSE227903,Diagnosis,cellchat,pDC,Monocyte,APP,CD74,0.0568424324024941,0,544,631
40389_Dg,GSE227903,Diagnosis,cellchat,Pro-B,Monocyte,APP,CD74,0.00706918068918686,0.98,87,631
40389_Dg,GSE227903,Diagnosis,cellchat,cDC,NK,APP,CD74,0.0247880754690876,0.12,196,22
40389_Dg,GSE227903,Diagnosis,cellchat,Cycling Progenitor,NK,APP,CD74,0.00608110142701229,0.84,24,22
40389_Dg,GSE227903,Diagnosis,cellchat,HSC MPP,NK,APP,CD74,0.00710028578046856,0.91,54,22
40389_Dg,GSE227903,Diagnosis,cellchat,LMPP,NK,APP,CD74,0.00781676045004728,0.87,33,22
40389_Dg,GSE227903,Diagnosis,cellchat,MEP,NK,APP,CD74,0.00372352021075287,0.91,27,22
40389_Dg,GSE227903,Diagnosis,cellchat,pDC,NK,APP,CD74,0.0444282410756312,0,544,22
40389_Dg,GSE227903,Diagnosis,cellchat,Pro-B,NK,APP,CD74,0.00546234011376136,0.99,87,22
40389_Dg,GSE227903,Diagnosis,cellchat,cDC,pDC,APP,CD74,0.0799533691436915,0,196,544
40389_Dg,GSE227903,Diagnosis,cellchat,Cycling Progenitor,pDC,APP,CD74,0.0204891375647981,0.46,24,544
40389_Dg,GSE227903,Diagnosis,cellchat,Early GMP,pDC,APP,CD74,0.020471426006799,0.46,138,544
40389_Dg,GSE227903,Diagnosis,cellchat,HSC MPP,pDC,APP,CD74,0.0238651079654679,0.21,54,544
40389_Dg,GSE227903,Diagnosis,cellchat,Late GMP,pDC,APP,CD74,0.0205189450717273,0.46,158,544
40389_Dg,GSE227903,Diagnosis,cellchat,LMPP,pDC,APP,CD74,0.0262285967472025,0.2,33,544
40389_Dg,GSE227903,Diagnosis,cellchat,MEP,pDC,APP,CD74,0.0126166128591792,0.76,27,544
40389_Dg,GSE227903,Diagnosis,cellchat,pDC,pDC,APP,CD74,0.137155021567721,0,544,544
40389_Dg,GSE227903,Diagnosis,cellchat,Pro-B,pDC,APP,CD74,0.0184315233423998,0.62,87,544
40389_Dg,GSE227903,Diagnosis,cellchat,Pro-Monocyte,pDC,APP,CD74,0.0203447948467685,0.6,110,544
40389_Dg,GSE227903,Diagnosis,cellchat,cDC,Plasma Cell,APP,CD74,0.0177829200113863,0.66,196,30
40389_Dg,GSE227903,Diagnosis,cellchat,Cycling Progenitor,Plasma Cell,APP,CD74,0.00433904905279114,0.86,24,30
40389_Dg,GSE227903,Diagnosis,cellchat,HSC MPP,Plasma Cell,APP,CD74,0.00506775645382218,0.94,54,30
40389_Dg,GSE227903,Diagnosis,cellchat,LMPP,Plasma Cell,APP,CD74,0.00558028562212328,0.88,33,30
40389_Dg,GSE227903,Diagnosis,cellchat,MEP,Plasma Cell,APP,CD74,0.00265503971503024,0.92,27,30
40389_Dg,GSE227903,Diagnosis,cellchat,pDC,Plasma Cell,APP,CD74,0.0320551785852649,0,544,30
40389_Dg,GSE227903,Diagnosis,cellchat,Pro-B,Plasma Cell,APP,CD74,0.00389684924853384,0.98,87,30
40389_Dg,GSE227903,Diagnosis,cellchat,cDC,Pre-B,APP,CD74,0.0616830049200124,0,196,140
40389_Dg,GSE227903,Diagnosis,cellchat,Cycling Progenitor,Pre-B,APP,CD74,0.0155770481616399,0.65,24,140
40389_Dg,GSE227903,Diagnosis,cellchat,Early GMP,Pre-B,APP,CD74,0.0155635153249315,0.85,138,140
40389_Dg,GSE227903,Diagnosis,cellchat,HSC MPP,Pre-B,APP,CD74,0.0181586638396731,0.51,54,140
40389_Dg,GSE227903,Diagnosis,cellchat,Late GMP,Pre-B,APP,CD74,0.0155998233921167,0.87,158,140
40389_Dg,GSE227903,Diagnosis,cellchat,LMPP,Pre-B,APP,CD74,0.0199685739930066,0.51,33,140
40389_Dg,GSE227903,Diagnosis,cellchat,MEP,Pre-B,APP,CD74,0.00957344501340581,0.82,27,140
40389_Dg,GSE227903,Diagnosis,cellchat,pDC,Pre-B,APP,CD74,0.107338329965933,0,544,140
40389_Dg,GSE227903,Diagnosis,cellchat,Pro-B,Pre-B,APP,CD74,0.014005675293448,0.88,87,140
40389_Dg,GSE227903,Diagnosis,cellchat,Pro-Monocyte,Pre-B,APP,CD74,0.0154667639114768,0.87,110,140
40389_Dg,GSE227903,Diagnosis,cellchat,cDC,Pro-B,APP,CD74,0.0664639178218203,0,196,87
40389_Dg,GSE227903,Diagnosis,cellchat,Cycling Progenitor,Pro-B,APP,CD74,0.016848558172935,0.61,24,87
40389_Dg,GSE227903,Diagnosis,cellchat,Early GMP,Pro-B,APP,CD74,0.0168339395791716,0.77,138,87
40389_Dg,GSE227903,Diagnosis,cellchat,HSC MPP,Pro-B,APP,CD74,0.0196367002564963,0.45,54,87
40389_Dg,GSE227903,Diagnosis,cellchat,Late GMP,Pro-B,APP,CD74,0.0168731606156472,0.76,158,87
40389_Dg,GSE227903,Diagnosis,cellchat,LMPP,Pro-B,APP,CD74,0.0215906896993051,0.44,33,87
40389_Dg,GSE227903,Diagnosis,cellchat,MEP,Pro-B,APP,CD74,0.0103600553777026,0.81,27,87
40389_Dg,GSE227903,Diagnosis,cellchat,pDC,Pro-B,APP,CD74,0.115223347956165,0,544,87
40389_Dg,GSE227903,Diagnosis,cellchat,Pro-B,Pro-B,APP,CD74,0.0151508927250367,0.81,87,87
40389_Dg,GSE227903,Diagnosis,cellchat,Pro-Monocyte,Pro-B,APP,CD74,0.0167294247184792,0.8,110,87
40389_Dg,GSE227903,Diagnosis,cellchat,cDC,Pro-Monocyte,APP,CD74,0.0323781030426503,0,196,110
40389_Dg,GSE227903,Diagnosis,cellchat,Cycling Progenitor,Pro-Monocyte,APP,CD74,0.00799004518653378,0.83,24,110
40389_Dg,GSE227903,Diagnosis,cellchat,HSC MPP,Pro-Monocyte,APP,CD74,0.00932616389079494,0.88,54,110
40389_Dg,GSE227903,Diagnosis,cellchat,LMPP,Pro-Monocyte,APP,CD74,0.0102649250873642,0.82,33,110
40389_Dg,GSE227903,Diagnosis,cellchat,MEP,Pro-Monocyte,APP,CD74,0.00489603149180403,0.91,27,110
40389_Dg,GSE227903,Diagnosis,cellchat,pDC,Pro-Monocyte,APP,CD74,0.0576763553166246,0,544,110
40389_Dg,GSE227903,Diagnosis,cellchat,Pro-B,Pro-Monocyte,APP,CD74,0.00717844880217729,0.98,87,110
40389_Dg,GSE227903,Diagnosis,cellchat,Pro-Monocyte,Pro-Monocyte,APP,CD74,0.0079330434390032,0.99,110,110
40389_Dg,GSE227903,Diagnosis,cellchat,Early Erythroid,B,CD40LG,CD40,0.000319661246006037,0,48,17
40389_Dg,GSE227903,Diagnosis,cellchat,Early Erythroid,Pre-B,CD40LG,CD40,0.000114546683666106,0,48,140
40389_Dg,GSE227903,Diagnosis,cellchat,Early Erythroid,Pro-B,CD40LG,CD40,7.16961711235568e-05,0,48,87
40389_Dg,GSE227903,Diagnosis,cellchat,B,B,PTPRC,CD22,0.0188729070062835,0,17,17
40389_Dg,GSE227903,Diagnosis,cellchat,CD4 Memory T,B,PTPRC,CD22,0.0319387434276954,0,21,17
40389_Dg,GSE227903,Diagnosis,cellchat,CD8 Memory T,B,PTPRC,CD22,0.0402257446980403,0,358,17
40389_Dg,GSE227903,Diagnosis,cellchat,cDC,B,PTPRC,CD22,0.0239033129814333,0,196,17
40389_Dg,GSE227903,Diagnosis,cellchat,Cycling Progenitor,B,PTPRC,CD22,0.0149200047949392,0,24,17
40389_Dg,GSE227903,Diagnosis,cellchat,Early Erythroid,B,PTPRC,CD22,0.0131054635812417,0,48,17
40389_Dg,GSE227903,Diagnosis,cellchat,Early GMP,B,PTPRC,CD22,0.0172710849205449,0,138,17
40389_Dg,GSE227903,Diagnosis,cellchat,EoBasoMast Precursor,B,PTPRC,CD22,0.0156075791055023,0,24,17
40389_Dg,GSE227903,Diagnosis,cellchat,HSC MPP,B,PTPRC,CD22,0.023463372059993,0,54,17
40389_Dg,GSE227903,Diagnosis,cellchat,Late GMP,B,PTPRC,CD22,0.018377920674335,0,158,17
40389_Dg,GSE227903,Diagnosis,cellchat,LMPP,B,PTPRC,CD22,0.0226666502548839,0,33,17
40389_Dg,GSE227903,Diagnosis,cellchat,MEP,B,PTPRC,CD22,0.0185932774265053,0,27,17
40389_Dg,GSE227903,Diagnosis,cellchat,Monocyte,B,PTPRC,CD22,0.0201208136465385,0,631,17
40389_Dg,GSE227903,Diagnosis,cellchat,NK,B,PTPRC,CD22,0.0322589932662038,0,22,17
40389_Dg,GSE227903,Diagnosis,cellchat,pDC,B,PTPRC,CD22,0.013490700971905,0,544,17
40389_Dg,GSE227903,Diagnosis,cellchat,Pre-B,B,PTPRC,CD22,0.0113729551915927,0,140,17
40389_Dg,GSE227903,Diagnosis,cellchat,Pro-B,B,PTPRC,CD22,0.00827312066338421,0,87,17
40389_Dg,GSE227903,Diagnosis,cellchat,Pro-Monocyte,B,PTPRC,CD22,0.0169988503606457,0,110,17
40389_Dg,GSE227903,Diagnosis,cellchat,B,Pre-B,PTPRC,CD22,0.018878461858376,0,17,140
40389_Dg,GSE227903,Diagnosis,cellchat,CD4 Memory T,Pre-B,PTPRC,CD22,0.0319480187154865,0,21,140
40389_Dg,GSE227903,Diagnosis,cellchat,CD8 Memory T,Pre-B,PTPRC,CD22,0.0402373265721072,0,358,140
40389_Dg,GSE227903,Diagnosis,cellchat,cDC,Pre-B,PTPRC,CD22,0.023910312347576,0,196,140
40389_Dg,GSE227903,Diagnosis,cellchat,Cycling Progenitor,Pre-B,PTPRC,CD22,0.0149244138894516,0,24,140
40389_Dg,GSE227903,Diagnosis,cellchat,Early Erythroid,Pre-B,PTPRC,CD22,0.0131093435865078,0,48,140
40389_Dg,GSE227903,Diagnosis,cellchat,Early GMP,Pre-B,PTPRC,CD22,0.0172761766110081,0,138,140
40389_Dg,GSE227903,Diagnosis,cellchat,EoBasoMast Precursor,Pre-B,PTPRC,CD22,0.0156121881686948,0,24,140
40389_Dg,GSE227903,Diagnosis,cellchat,HSC MPP,Pre-B,PTPRC,CD22,0.0234702457002316,0,54,140
40389_Dg,GSE227903,Diagnosis,cellchat,Late GMP,Pre-B,PTPRC,CD22,0.018383332567148,0,158,140
40389_Dg,GSE227903,Diagnosis,cellchat,LMPP,Pre-B,PTPRC,CD22,0.0226732959130536,0,33,140
40389_Dg,GSE227903,Diagnosis,cellchat,MEP,Pre-B,PTPRC,CD22,0.0185987515355633,0,27,140
40389_Dg,GSE227903,Diagnosis,cellchat,Monocyte,Pre-B,PTPRC,CD22,0.0201267282596289,0,631,140
40389_Dg,GSE227903,Diagnosis,cellchat,NK,Pre-B,PTPRC,CD22,0.0322683584572452,0,22,140
40389_Dg,GSE227903,Diagnosis,cellchat,pDC,Pre-B,PTPRC,CD22,0.0134946934710488,0,544,140
40389_Dg,GSE227903,Diagnosis,cellchat,Pre-B,Pre-B,PTPRC,CD22,0.0113763281829087,0,140,140
40389_Dg,GSE227903,Diagnosis,cellchat,Pro-B,Pre-B,PTPRC,CD22,0.00827558200137405,0,87,140
40389_Dg,GSE227903,Diagnosis,cellchat,Pro-Monocyte,Pre-B,PTPRC,CD22,0.0170038631822795,0,110,140
40389_Dg,GSE227903,Diagnosis,cellchat,B,Pro-B,PTPRC,CD22,0.0221272378399838,0,17,87
40389_Dg,GSE227903,Diagnosis,cellchat,CD4 Memory T,Pro-B,PTPRC,CD22,0.0373602770562943,0,21,87
40389_Dg,GSE227903,Diagnosis,cellchat,CD8 Memory T,Pro-B,PTPRC,CD22,0.0469857036713902,0,358,87
40389_Dg,GSE227903,Diagnosis,cellchat,cDC,Pro-B,PTPRC,CD22,0.0280003018099182,0,196,87
40389_Dg,GSE227903,Diagnosis,cellchat,Cycling Progenitor,Pro-B,PTPRC,CD22,0.0175048819923202,0,24,87
40389_Dg,GSE227903,Diagnosis,cellchat,Early Erythroid,Pro-B,PTPRC,CD22,0.0153808816570014,0,48,87
40389_Dg,GSE227903,Diagnosis,cellchat,Early GMP,Pro-B,PTPRC,CD22,0.0202549093627748,0,138,87
40389_Dg,GSE227903,Diagnosis,cellchat,EoBasoMast Precursor,Pro-B,PTPRC,CD22,0.0183093638487958,0,24,87
40389_Dg,GSE227903,Diagnosis,cellchat,HSC MPP,Pro-B,PTPRC,CD22,0.0274870791570076,0,54,87
40389_Dg,GSE227903,Diagnosis,cellchat,Late GMP,Pro-B,PTPRC,CD22,0.0215487736558728,0,158,87
40389_Dg,GSE227903,Diagnosis,cellchat,LMPP,Pro-B,PTPRC,CD22,0.0265574441297114,0,33,87
40389_Dg,GSE227903,Diagnosis,cellchat,MEP,Pro-B,PTPRC,CD22,0.0218004620006056,0,27,87
40389_Dg,GSE227903,Diagnosis,cellchat,Monocyte,Pro-B,PTPRC,CD22,0.0235851532994042,0,631,87
40389_Dg,GSE227903,Diagnosis,cellchat,NK,Pro-B,PTPRC,CD22,0.0377327697290299,0,22,87
40389_Dg,GSE227903,Diagnosis,cellchat,pDC,Pro-B,PTPRC,CD22,0.0158319323576249,0,544,87
40389_Dg,GSE227903,Diagnosis,cellchat,Pre-B,Pro-B,PTPRC,CD22,0.0133516384477674,0,140,87
40389_Dg,GSE227903,Diagnosis,cellchat,Pro-B,Pro-B,PTPRC,CD22,0.00971779143662197,0,87,87
40389_Dg,GSE227903,Diagnosis,cellchat,Pro-Monocyte,Pro-B,PTPRC,CD22,0.0199365965729731,0,110,87
40389_Dg,GSE227903,Diagnosis,cellchat,CD4 Memory T,cDC,CD48,CD244,0.0037421508952583,0,21,196
40389_Dg,GSE227903,Diagnosis,cellchat,CD8 Memory T,cDC,CD48,CD244,0.00512440292279193,0,358,196
40389_Dg,GSE227903,Diagnosis,cellchat,cDC,cDC,CD48,CD244,0.00504865682760615,0,196,196
40389_Dg,GSE227903,Diagnosis,cellchat,Cycling Progenitor,cDC,CD48,CD244,0.00155579433240161,0,24,196
40389_Dg,GSE227903,Diagnosis,cellchat,Early GMP,cDC,CD48,CD244,0.00195702171610868,0,138,196
40389_Dg,GSE227903,Diagnosis,cellchat,HSC MPP,cDC,CD48,CD244,0.0006454401857261,0,54,196
40389_Dg,GSE227903,Diagnosis,cellchat,Late GMP,cDC,CD48,CD244,0.000702768154015345,0,158,196
40389_Dg,GSE227903,Diagnosis,cellchat,LMPP,cDC,CD48,CD244,0.0025497664668984,0,33,196
40389_Dg,GSE227903,Diagnosis,cellchat,MEP,cDC,CD48,CD244,0.000356193707454386,0,27,196
40389_Dg,GSE227903,Diagnosis,cellchat,Monocyte,cDC,CD48,CD244,0.00380128544373235,0,631,196
40389_Dg,GSE227903,Diagnosis,cellchat,NK,cDC,CD48,CD244,0.00082158629031955,0,22,196
40389_Dg,GSE227903,Diagnosis,cellchat,Pre-B,cDC,CD48,CD244,0.000866539962256345,0,140,196
40389_Dg,GSE227903,Diagnosis,cellchat,Pro-B,cDC,CD48,CD244,0.000498214357828369,0,87,196
40389_Dg,GSE227903,Diagnosis,cellchat,Pro-Monocyte,cDC,CD48,CD244,0.000780985639512193,0,110,196
40389_Dg,GSE227903,Diagnosis,cellchat,CD4 Memory T,cDC,CD6,ALCAM,0.0325119712484334,0,21,196
40389_Dg,GSE227903,Diagnosis,cellchat,CD8 Memory T,cDC,CD6,ALCAM,0.0140678694604728,0,358,196
40389_Dg,GSE227903,Diagnosis,cellchat,CD4 Memory T,Cycling Progenitor,CD6,ALCAM,0.00675539010119651,0,21,24
40389_Dg,GSE227903,Diagnosis,cellchat,CD8 Memory T,Cycling Progenitor,CD6,ALCAM,0.00287955544119433,0,358,24
40389_Dg,GSE227903,Diagnosis,cellchat,CD4 Memory T,Early GMP,CD6,ALCAM,0.00408282947210645,0,21,138
40389_Dg,GSE227903,Diagnosis,cellchat,CD8 Memory T,Early GMP,CD6,ALCAM,0.00173766603859212,0,358,138
40389_Dg,GSE227903,Diagnosis,cellchat,CD4 Memory T,Late GMP,CD6,ALCAM,0.00668743047147236,0,21,158
40389_Dg,GSE227903,Diagnosis,cellchat,CD8 Memory T,Late GMP,CD6,ALCAM,0.00285047504152677,0,358,158
40389_Dg,GSE227903,Diagnosis,cellchat,CD4 Memory T,MEP,CD6,ALCAM,0.00110483179643762,0,21,27
40389_Dg,GSE227903,Diagnosis,cellchat,CD8 Memory T,MEP,CD6,ALCAM,0.000469413902469931,0,358,27
40389_Dg,GSE227903,Diagnosis,cellchat,CD4 Memory T,Monocyte,CD6,ALCAM,0.00973285193989557,0,21,631
40389_Dg,GSE227903,Diagnosis,cellchat,CD8 Memory T,Monocyte,CD6,ALCAM,0.00415587730333967,0,358,631
40389_Dg,GSE227903,Diagnosis,cellchat,CD4 Memory T,pDC,CD6,ALCAM,0.00889311221485055,0,21,544
40389_Dg,GSE227903,Diagnosis,cellchat,CD8 Memory T,pDC,CD6,ALCAM,0.00379546856059574,0,358,544
40389_Dg,GSE227903,Diagnosis,cellchat,CD4 Memory T,Pro-Monocyte,CD6,ALCAM,0.0108803281126864,0,21,110
40389_Dg,GSE227903,Diagnosis,cellchat,CD8 Memory T,Pro-Monocyte,CD6,ALCAM,0.00464893043855364,0,358,110
40389_Dg,GSE227903,Diagnosis,cellchat,cDC,CD4 Memory T,CD86,CD28,0.00187502413664354,0,196,21
40389_Dg,GSE227903,Diagnosis,cellchat,CD4 Memory T,Early Erythroid,CD96,NECTIN1,0.000629252285895577,0,21,48
40389_Dg,GSE227903,Diagnosis,cellchat,CD8 Memory T,Early Erythroid,CD96,NECTIN1,0.000701886631435985,0,358,48
40389_Dg,GSE227903,Diagnosis,cellchat,NK,Early Erythroid,CD96,NECTIN1,0.000462859173166034,0,22,48
40389_Dg,GSE227903,Diagnosis,cellchat,CD4 Memory T,MEP,CD96,NECTIN1,0.000861134096479151,0,21,27
40389_Dg,GSE227903,Diagnosis,cellchat,CD8 Memory T,MEP,CD96,NECTIN1,0.000960508743639025,0,358,27
40389_Dg,GSE227903,Diagnosis,cellchat,NK,MEP,CD96,NECTIN1,0.000633463368290092,0,22,27
40389_Dg,GSE227903,Diagnosis,cellchat,CD4 Memory T,pDC,CD96,NECTIN1,0.00326818240013496,0,21,544
40389_Dg,GSE227903,Diagnosis,cellchat,CD8 Memory T,pDC,CD96,NECTIN1,0.00364431662114396,0,358,544
40389_Dg,GSE227903,Diagnosis,cellchat,NK,pDC,CD96,NECTIN1,0.0024056570409692,0,22,544
40389_Dg,GSE227903,Diagnosis,cellchat,CD4 Memory T,CD4 Memory T,CD99,CD99,0.0264188415962556,0.8,21,21
40389_Dg,GSE227903,Diagnosis,cellchat,CD8 Memory T,CD4 Memory T,CD99,CD99,0.0435671337234884,0.31,358,21
40389_Dg,GSE227903,Diagnosis,cellchat,cDC,CD4 Memory T,CD99,CD99,0.0364919649957428,0.57,196,21
40389_Dg,GSE227903,Diagnosis,cellchat,Cycling Progenitor,CD4 Memory T,CD99,CD99,0.0469156307364766,0.32,24,21
40389_Dg,GSE227903,Diagnosis,cellchat,Early Erythroid,CD4 Memory T,CD99,CD99,0.0176837658159681,0.92,48,21
40389_Dg,GSE227903,Diagnosis,cellchat,Early GMP,CD4 Memory T,CD99,CD99,0.046756019630131,0.23,138,21
40389_Dg,GSE227903,Diagnosis,cellchat,EoBasoMast Precursor,CD4 Memory T,CD99,CD99,0.0095849927660661,0.99,24,21
40389_Dg,GSE227903,Diagnosis,cellchat,HSC MPP,CD4 Memory T,CD99,CD99,0.0498727784512623,0.14,54,21
40389_Dg,GSE227903,Diagnosis,cellchat,Late GMP,CD4 Memory T,CD99,CD99,0.0366781687495159,0.61,158,21
40389_Dg,GSE227903,Diagnosis,cellchat,LMPP,CD4 Memory T,CD99,CD99,0.0599289183541483,0.07,33,21
40389_Dg,GSE227903,Diagnosis,cellchat,MEP,CD4 Memory T,CD99,CD99,0.021009245452421,0.9,27,21
40389_Dg,GSE227903,Diagnosis,cellchat,NK,CD4 Memory T,CD99,CD99,0.0317662868060689,0.69,22,21
40389_Dg,GSE227903,Diagnosis,cellchat,pDC,CD4 Memory T,CD99,CD99,0.047439814007261,0.19,544,21
40389_Dg,GSE227903,Diagnosis,cellchat,Pre-B,CD4 Memory T,CD99,CD99,0.0185575015659537,0.92,140,21
40389_Dg,GSE227903,Diagnosis,cellchat,Pro-B,CD4 Memory T,CD99,CD99,0.0621682412988552,0.01,87,21
40389_Dg,GSE227903,Diagnosis,cellchat,Pro-Monocyte,CD4 Memory T,CD99,CD99,0.0191455695077605,0.92,110,21
40389_Dg,GSE227903,Diagnosis,cellchat,CD4 Memory T,CD8 Memory T,CD99,CD99,0.0435671337234884,0.31,21,358
40389_Dg,GSE227903,Diagnosis,cellchat,CD8 Memory T,CD8 Memory T,CD99,CD99,0.071034141627424,0,358,358
40389_Dg,GSE227903,Diagnosis,cellchat,cDC,CD8 Memory T,CD99,CD99,0.0597772007056907,0,196,358
40389_Dg,GSE227903,Diagnosis,cellchat,Cycling Progenitor,CD8 Memory T,CD99,CD99,0.0763252394823044,0,24,358
40389_Dg,GSE227903,Diagnosis,cellchat,Early Erythroid,CD8 Memory T,CD99,CD99,0.0293330067558515,0.94,48,358
40389_Dg,GSE227903,Diagnosis,cellchat,Early GMP,CD8 Memory T,CD99,CD99,0.0760735604427028,0,138,358
40389_Dg,GSE227903,Diagnosis,cellchat,EoBasoMast Precursor,CD8 Memory T,CD99,CD99,0.0159859613356916,0.96,24,358
40389_Dg,GSE227903,Diagnosis,cellchat,HSC MPP,CD8 Memory T,CD99,CD99,0.080978608504901,0,54,358
40389_Dg,GSE227903,Diagnosis,cellchat,Late GMP,CD8 Memory T,CD99,CD99,0.0600748114743681,0,158,358
40389_Dg,GSE227903,Diagnosis,cellchat,LMPP,CD8 Memory T,CD99,CD99,0.0966686624298582,0,33,358
40389_Dg,GSE227903,Diagnosis,cellchat,MEP,CD8 Memory T,CD99,CD99,0.0347716129821099,0.79,27,358
40389_Dg,GSE227903,Diagnosis,cellchat,NK,CD8 Memory T,CD99,CD99,0.0521994691714925,0.13,22,358
40389_Dg,GSE227903,Diagnosis,cellchat,pDC,CD8 Memory T,CD99,CD99,0.0771514140052857,0,544,358
40389_Dg,GSE227903,Diagnosis,cellchat,Pro-B,CD8 Memory T,CD99,CD99,0.100134583164257,0,87,358
40389_Dg,GSE227903,Diagnosis,cellchat,Pro-Monocyte,CD8 Memory T,CD99,CD99,0.031726676830568,0.99,110,358
40389_Dg,GSE227903,Diagnosis,cellchat,CD4 Memory T,cDC,CD99,CD99,0.0364919649957428,0.57,21,196
40389_Dg,GSE227903,Diagnosis,cellchat,CD8 Memory T,cDC,CD99,CD99,0.0597772007056907,0,358,196
40389_Dg,GSE227903,Diagnosis,cellchat,cDC,cDC,CD99,CD99,0.0502077576232969,0,196,196
40389_Dg,GSE227903,Diagnosis,cellchat,Cycling Progenitor,cDC,CD99,CD99,0.0642878330559454,0,24,196
40389_Dg,GSE227903,Diagnosis,cellchat,Early Erythroid,cDC,CD99,CD99,0.024510178503336,0.97,48,196
40389_Dg,GSE227903,Diagnosis,cellchat,Early GMP,cDC,CD99,CD99,0.0640730934275667,0,138,196
40389_Dg,GSE227903,Diagnosis,cellchat,EoBasoMast Precursor,cDC,CD99,CD99,0.0133274760271624,0.97,24,196
40389_Dg,GSE227903,Diagnosis,cellchat,HSC MPP,cDC,CD99,CD99,0.0682615461317665,0,54,196
40389_Dg,GSE227903,Diagnosis,cellchat,Late GMP,cDC,CD99,CD99,0.0504602822515094,0.01,158,196
40389_Dg,GSE227903,Diagnosis,cellchat,LMPP,cDC,CD99,CD99,0.0817066636777453,0,33,196
40389_Dg,GSE227903,Diagnosis,cellchat,MEP,cDC,CD99,CD99,0.0290813788086202,0.92,27,196
40389_Dg,GSE227903,Diagnosis,cellchat,NK,cDC,CD99,CD99,0.0437866146836118,0.34,22,196
40389_Dg,GSE227903,Diagnosis,cellchat,pDC,cDC,CD99,CD99,0.0649928781220649,0,544,196
40389_Dg,GSE227903,Diagnosis,cellchat,Pro-B,cDC,CD99,CD99,0.0846864335984832,0,87,196
40389_Dg,GSE227903,Diagnosis,cellchat,CD4 Memory T,Cycling Progenitor,CD99,CD99,0.0469156307364766,0.32,21,24
40389_Dg,GSE227903,Diagnosis,cellchat,CD8 Memory T,Cycling Progenitor,CD99,CD99,0.0763252394823044,0,358,24
40389_Dg,GSE227903,Diagnosis,cellchat,cDC,Cycling Progenitor,CD99,CD99,0.0642878330559454,0,196,24
40389_Dg,GSE227903,Diagnosis,cellchat,Cycling Progenitor,Cycling Progenitor,CD99,CD99,0.0819756752774153,0.04,24,24
40389_Dg,GSE227903,Diagnosis,cellchat,Early Erythroid,Cycling Progenitor,CD99,CD99,0.0316236651618968,0.78,48,24
40389_Dg,GSE227903,Diagnosis,cellchat,Early GMP,Cycling Progenitor,CD99,CD99,0.0817070123467231,0,138,24
40389_Dg,GSE227903,Diagnosis,cellchat,EoBasoMast Precursor,Cycling Progenitor,CD99,CD99,0.017252854897601,0.94,24,24
40389_Dg,GSE227903,Diagnosis,cellchat,HSC MPP,Cycling Progenitor,CD99,CD99,0.0869411124314119,0,54,24
40389_Dg,GSE227903,Diagnosis,cellchat,Late GMP,Cycling Progenitor,CD99,CD99,0.0646063576572438,0.01,158,24
40389_Dg,GSE227903,Diagnosis,cellchat,LMPP,Cycling Progenitor,CD99,CD99,0.103656132186818,0,33,24
40389_Dg,GSE227903,Diagnosis,cellchat,MEP,Cycling Progenitor,CD99,CD99,0.0374705852834712,0.64,27,24
40389_Dg,GSE227903,Diagnosis,cellchat,Monocyte,Cycling Progenitor,CD99,CD99,0.0190799259618891,0.97,631,24
40389_Dg,GSE227903,Diagnosis,cellchat,NK,Cycling Progenitor,CD99,CD99,0.056172466829052,0.14,22,24
40389_Dg,GSE227903,Diagnosis,cellchat,pDC,Cycling Progenitor,CD99,CD99,0.0828575258093029,0,544,24
40389_Dg,GSE227903,Diagnosis,cellchat,Pre-B,Cycling Progenitor,CD99,CD99,0.0331629039510901,0.76,140,24
40389_Dg,GSE227903,Diagnosis,cellchat,Pro-B,Cycling Progenitor,CD99,CD99,0.107342808958816,0,87,24
40389_Dg,GSE227903,Diagnosis,cellchat,Pro-Monocyte,Cycling Progenitor,CD99,CD99,0.0341976749308823,0.73,110,24
40389_Dg,GSE227903,Diagnosis,cellchat,CD4 Memory T,Early Erythroid,CD99,CD99,0.0176837658159681,0.92,21,48
40389_Dg,GSE227903,Diagnosis,cellchat,CD8 Memory T,Early Erythroid,CD99,CD99,0.0293330067558515,0.94,358,48
40389_Dg,GSE227903,Diagnosis,cellchat,cDC,Early Erythroid,CD99,CD99,0.024510178503336,0.97,196,48
40389_Dg,GSE227903,Diagnosis,cellchat,Cycling Progenitor,Early Erythroid,CD99,CD99,0.0316236651618968,0.78,24,48
40389_Dg,GSE227903,Diagnosis,cellchat,Early Erythroid,Early Erythroid,CD99,CD99,0.0118018285860988,0.98,48,48
40389_Dg,GSE227903,Diagnosis,cellchat,Early GMP,Early Erythroid,CD99,CD99,0.0315143584408969,0.92,138,48
40389_Dg,GSE227903,Diagnosis,cellchat,HSC MPP,Early Erythroid,CD99,CD99,0.0336509740046178,0.78,54,48
40389_Dg,GSE227903,Diagnosis,cellchat,Late GMP,Early Erythroid,CD99,CD99,0.0246368073398211,0.97,158,48
40389_Dg,GSE227903,Diagnosis,cellchat,LMPP,Early Erythroid,CD99,CD99,0.0405759027812475,0.51,33,48
40389_Dg,GSE227903,Diagnosis,cellchat,MEP,Early Erythroid,CD99,CD99,0.0140370001693469,0.97,27,48
40389_Dg,GSE227903,Diagnosis,cellchat,NK,Early Erythroid,CD99,CD99,0.0213018269825931,0.95,22,48
40389_Dg,GSE227903,Diagnosis,cellchat,pDC,Early Erythroid,CD99,CD99,0.0319827263649164,0.92,544,48
40389_Dg,GSE227903,Diagnosis,cellchat,Pro-B,Early Erythroid,CD99,CD99,0.0421244791270008,0.41,87,48
40389_Dg,GSE227903,Diagnosis,cellchat,CD4 Memory T,Early GMP,CD99,CD99,0.046756019630131,0.23,21,138
40389_Dg,GSE227903,Diagnosis,cellchat,CD8 Memory T,Early GMP,CD99,CD99,0.0760735604427028,0,358,138
40389_Dg,GSE227903,Diagnosis,cellchat,cDC,Early GMP,CD99,CD99,0.0640730934275667,0,196,138
40389_Dg,GSE227903,Diagnosis,cellchat,Cycling Progenitor,Early GMP,CD99,CD99,0.0817070123467231,0,24,138
40389_Dg,GSE227903,Diagnosis,cellchat,Early Erythroid,Early GMP,CD99,CD99,0.0315143584408969,0.92,48,138
40389_Dg,GSE227903,Diagnosis,cellchat,Early GMP,Early GMP,CD99,CD99,0.0814391518078042,0,138,138
40389_Dg,GSE227903,Diagnosis,cellchat,EoBasoMast Precursor,Early GMP,CD99,CD99,0.0171923387908759,0.97,24,138
40389_Dg,GSE227903,Diagnosis,cellchat,HSC MPP,Early GMP,CD99,CD99,0.0866577121769374,0,54,138
40389_Dg,GSE227903,Diagnosis,cellchat,Late GMP,Early GMP,CD99,CD99,0.064390627282325,0,158,138
40389_Dg,GSE227903,Diagnosis,cellchat,LMPP,Early GMP,CD99,CD99,0.103324412059866,0,33,138
40389_Dg,GSE227903,Diagnosis,cellchat,MEP,Early GMP,CD99,CD99,0.0373418480871506,0.7,27,138
40389_Dg,GSE227903,Diagnosis,cellchat,NK,Early GMP,CD99,CD99,0.0559832129931499,0.05,22,138
40389_Dg,GSE227903,Diagnosis,cellchat,pDC,Early GMP,CD99,CD99,0.0825862327450036,0,544,138
40389_Dg,GSE227903,Diagnosis,cellchat,Pre-B,Early GMP,CD99,CD99,0.0330484584459719,0.94,140,138
40389_Dg,GSE227903,Diagnosis,cellchat,Pro-B,Early GMP,CD99,CD99,0.107000699129914,0,87,138
40389_Dg,GSE227903,Diagnosis,cellchat,Pro-Monocyte,Early GMP,CD99,CD99,0.0340797842944151,0.93,110,138
40389_Dg,GSE227903,Diagnosis,cellchat,CD4 Memory T,EoBasoMast Precursor,CD99,CD99,0.0095849927660661,0.99,21,24
40389_Dg,GSE227903,Diagnosis,cellchat,CD8 Memory T,EoBasoMast Precursor,CD99,CD99,0.0159859613356916,0.96,358,24
40389_Dg,GSE227903,Diagnosis,cellchat,cDC,EoBasoMast Precursor,CD99,CD99,0.0133274760271624,0.97,196,24
40389_Dg,GSE227903,Diagnosis,cellchat,Cycling Progenitor,EoBasoMast Precursor,CD99,CD99,0.017252854897601,0.94,24,24
40389_Dg,GSE227903,Diagnosis,cellchat,Early GMP,EoBasoMast Precursor,CD99,CD99,0.0171923387908759,0.97,138,24
40389_Dg,GSE227903,Diagnosis,cellchat,EoBasoMast Precursor,EoBasoMast Precursor,CD99,CD99,0.00343962548728471,0.99,24,24
40389_Dg,GSE227903,Diagnosis,cellchat,HSC MPP,EoBasoMast Precursor,CD99,CD99,0.0183763719585963,0.95,54,24
40389_Dg,GSE227903,Diagnosis,cellchat,Late GMP,EoBasoMast Precursor,CD99,CD99,0.0133971242543929,0.97,158,24
40389_Dg,GSE227903,Diagnosis,cellchat,LMPP,EoBasoMast Precursor,CD99,CD99,0.0222302981968834,0.91,33,24
40389_Dg,GSE227903,Diagnosis,cellchat,NK,EoBasoMast Precursor,CD99,CD99,0.0115655711089428,0.98,22,24
40389_Dg,GSE227903,Diagnosis,cellchat,pDC,EoBasoMast Precursor,CD99,CD99,0.0174516877099639,0.96,544,24
40389_Dg,GSE227903,Diagnosis,cellchat,Pro-B,EoBasoMast Precursor,CD99,CD99,0.0230955703405655,0.94,87,24
40389_Dg,GSE227903,Diagnosis,cellchat,CD4 Memory T,HSC MPP,CD99,CD99,0.0498727784512623,0.14,21,54
40389_Dg,GSE227903,Diagnosis,cellchat,CD8 Memory T,HSC MPP,CD99,CD99,0.080978608504901,0,358,54
40389_Dg,GSE227903,Diagnosis,cellchat,cDC,HSC MPP,CD99,CD99,0.0682615461317665,0,196,54
40389_Dg,GSE227903,Diagnosis,cellchat,Cycling Progenitor,HSC MPP,CD99,CD99,0.0869411124314119,0,24,54
40389_Dg,GSE227903,Diagnosis,cellchat,Early Erythroid,HSC MPP,CD99,CD99,0.0336509740046178,0.78,48,54
40389_Dg,GSE227903,Diagnosis,cellchat,Early GMP,HSC MPP,CD99,CD99,0.0866577121769374,0,138,54
40389_Dg,GSE227903,Diagnosis,cellchat,EoBasoMast Precursor,HSC MPP,CD99,CD99,0.0183763719585963,0.95,24,54
40389_Dg,GSE227903,Diagnosis,cellchat,HSC MPP,HSC MPP,CD99,CD99,0.092177117000237,0,54,54
40389_Dg,GSE227903,Diagnosis,cellchat,Late GMP,HSC MPP,CD99,CD99,0.0685983157615598,0,158,54
40389_Dg,GSE227903,Diagnosis,cellchat,LMPP,HSC MPP,CD99,CD99,0.109777763029235,0,33,54
40389_Dg,GSE227903,Diagnosis,cellchat,MEP,HSC MPP,CD99,CD99,0.0398572969769111,0.47,27,54
40389_Dg,GSE227903,Diagnosis,cellchat,Monocyte,HSC MPP,CD99,CD99,0.0203199629572076,0.99,631,54
40389_Dg,GSE227903,Diagnosis,cellchat,NK,HSC MPP,CD99,CD99,0.0596765504495227,0.02,22,54
40389_Dg,GSE227903,Diagnosis,cellchat,pDC,HSC MPP,CD99,CD99,0.0878712656682215,0,544,54
40389_Dg,GSE227903,Diagnosis,cellchat,Pre-B,HSC MPP,CD99,CD99,0.0352852937548865,0.83,140,54
40389_Dg,GSE227903,Diagnosis,cellchat,Pro-B,HSC MPP,CD99,CD99,0.113654557238032,0,87,54
40389_Dg,GSE227903,Diagnosis,cellchat,Pro-Monocyte,HSC MPP,CD99,CD99,0.0363837968176396,0.64,110,54
40389_Dg,GSE227903,Diagnosis,cellchat,CD4 Memory T,Late GMP,CD99,CD99,0.0366781687495159,0.61,21,158
40389_Dg,GSE227903,Diagnosis,cellchat,CD8 Memory T,Late GMP,CD99,CD99,0.0600748114743681,0,358,158
40389_Dg,GSE227903,Diagnosis,cellchat,cDC,Late GMP,CD99,CD99,0.0504602822515094,0.01,196,158
40389_Dg,GSE227903,Diagnosis,cellchat,Cycling Progenitor,Late GMP,CD99,CD99,0.0646063576572438,0.01,24,158
40389_Dg,GSE227903,Diagnosis,cellchat,Early Erythroid,Late GMP,CD99,CD99,0.0246368073398211,0.97,48,158
40389_Dg,GSE227903,Diagnosis,cellchat,Early GMP,Late GMP,CD99,CD99,0.064390627282325,0,138,158
40389_Dg,GSE227903,Diagnosis,cellchat,EoBasoMast Precursor,Late GMP,CD99,CD99,0.0133971242543929,0.97,24,158
40389_Dg,GSE227903,Diagnosis,cellchat,HSC MPP,Late GMP,CD99,CD99,0.0685983157615598,0,54,158
40389_Dg,GSE227903,Diagnosis,cellchat,Late GMP,Late GMP,CD99,CD99,0.05071400915944,0.01,158,158
40389_Dg,GSE227903,Diagnosis,cellchat,LMPP,Late GMP,CD99,CD99,0.0821039199584474,0,33,158
40389_Dg,GSE227903,Diagnosis,cellchat,MEP,Late GMP,CD99,CD99,0.0292309165132003,0.94,27,158
40389_Dg,GSE227903,Diagnosis,cellchat,NK,Late GMP,CD99,CD99,0.0440083399843956,0.3,22,158
40389_Dg,GSE227903,Diagnosis,cellchat,pDC,Late GMP,CD99,CD99,0.0653146521477612,0,544,158
40389_Dg,GSE227903,Diagnosis,cellchat,Pro-B,Late GMP,CD99,CD99,0.0850968349228047,0,87,158
40389_Dg,GSE227903,Diagnosis,cellchat,CD4 Memory T,LMPP,CD99,CD99,0.0599289183541483,0.07,21,33
40389_Dg,GSE227903,Diagnosis,cellchat,CD8 Memory T,LMPP,CD99,CD99,0.0966686624298582,0,358,33
40389_Dg,GSE227903,Diagnosis,cellchat,cDC,LMPP,CD99,CD99,0.0817066636777453,0,196,33
40389_Dg,GSE227903,Diagnosis,cellchat,Cycling Progenitor,LMPP,CD99,CD99,0.103656132186818,0,24,33
40389_Dg,GSE227903,Diagnosis,cellchat,Early Erythroid,LMPP,CD99,CD99,0.0405759027812475,0.51,48,33
40389_Dg,GSE227903,Diagnosis,cellchat,Early GMP,LMPP,CD99,CD99,0.103324412059866,0,138,33
40389_Dg,GSE227903,Diagnosis,cellchat,EoBasoMast Precursor,LMPP,CD99,CD99,0.0222302981968834,0.91,24,33
40389_Dg,GSE227903,Diagnosis,cellchat,HSC MPP,LMPP,CD99,CD99,0.109777763029235,0,54,33
40389_Dg,GSE227903,Diagnosis,cellchat,Late GMP,LMPP,CD99,CD99,0.0821039199584474,0,158,33
40389_Dg,GSE227903,Diagnosis,cellchat,LMPP,LMPP,CD99,CD99,0.130256935375632,0,33,33
40389_Dg,GSE227903,Diagnosis,cellchat,MEP,LMPP,CD99,CD99,0.0479959714573484,0.25,27,33
40389_Dg,GSE227903,Diagnosis,cellchat,Monocyte,LMPP,CD99,CD99,0.024571299556168,0.95,631,33
40389_Dg,GSE227903,Diagnosis,cellchat,NK,LMPP,CD99,CD99,0.0715605964675515,0.02,22,33
40389_Dg,GSE227903,Diagnosis,cellchat,pDC,LMPP,CD99,CD99,0.104744598821751,0,544,33
40389_Dg,GSE227903,Diagnosis,cellchat,Pre-B,LMPP,CD99,CD99,0.0425317416268721,0.42,140,33
40389_Dg,GSE227903,Diagnosis,cellchat,Pro-B,LMPP,CD99,CD99,0.134747480695028,0,87,33
40389_Dg,GSE227903,Diagnosis,cellchat,Pro-Monocyte,LMPP,CD99,CD99,0.0438455881646547,0.35,110,33
40389_Dg,GSE227903,Diagnosis,cellchat,CD4 Memory T,MEP,CD99,CD99,0.021009245452421,0.9,21,27
40389_Dg,GSE227903,Diagnosis,cellchat,CD8 Memory T,MEP,CD99,CD99,0.0347716129821099,0.79,358,27
40389_Dg,GSE227903,Diagnosis,cellchat,cDC,MEP,CD99,CD99,0.0290813788086202,0.92,196,27
40389_Dg,GSE227903,Diagnosis,cellchat,Cycling Progenitor,MEP,CD99,CD99,0.0374705852834712,0.64,24,27
40389_Dg,GSE227903,Diagnosis,cellchat,Early Erythroid,MEP,CD99,CD99,0.0140370001693469,0.97,48,27
40389_Dg,GSE227903,Diagnosis,cellchat,Early GMP,MEP,CD99,CD99,0.0373418480871506,0.7,138,27
40389_Dg,GSE227903,Diagnosis,cellchat,HSC MPP,MEP,CD99,CD99,0.0398572969769111,0.47,54,27
40389_Dg,GSE227903,Diagnosis,cellchat,Late GMP,MEP,CD99,CD99,0.0292309165132003,0.94,158,27
40389_Dg,GSE227903,Diagnosis,cellchat,LMPP,MEP,CD99,CD99,0.0479959714573484,0.25,33,27
40389_Dg,GSE227903,Diagnosis,cellchat,MEP,MEP,CD99,CD99,0.0166883463647459,0.96,27,27
40389_Dg,GSE227903,Diagnosis,cellchat,NK,MEP,CD99,CD99,0.0252901758862863,0.91,22,27
40389_Dg,GSE227903,Diagnosis,cellchat,pDC,MEP,CD99,CD99,0.0378934357617003,0.64,544,27
40389_Dg,GSE227903,Diagnosis,cellchat,Pre-B,MEP,CD99,CD99,0.0147332556397731,0.99,140,27
40389_Dg,GSE227903,Diagnosis,cellchat,Pro-B,MEP,CD99,CD99,0.0498130312209313,0.13,87,27
40389_Dg,GSE227903,Diagnosis,cellchat,Pro-Monocyte,MEP,CD99,CD99,0.0152020143134748,0.98,110,27
40389_Dg,GSE227903,Diagnosis,cellchat,Cycling Progenitor,Monocyte,CD99,CD99,0.0190799259618891,0.97,24,631
40389_Dg,GSE227903,Diagnosis,cellchat,HSC MPP,Monocyte,CD99,CD99,0.0203199629572076,0.99,54,631
40389_Dg,GSE227903,Diagnosis,cellchat,LMPP,Monocyte,CD99,CD99,0.024571299556168,0.95,33,631
40389_Dg,GSE227903,Diagnosis,cellchat,NK,Monocyte,CD99,CD99,0.0127982043273781,0.99,22,631
40389_Dg,GSE227903,Diagnosis,cellchat,CD4 Memory T,NK,CD99,CD99,0.0317662868060689,0.69,21,22
40389_Dg,GSE227903,Diagnosis,cellchat,CD8 Memory T,NK,CD99,CD99,0.0521994691714925,0.13,358,22
40389_Dg,GSE227903,Diagnosis,cellchat,cDC,NK,CD99,CD99,0.0437866146836118,0.34,196,22
40389_Dg,GSE227903,Diagnosis,cellchat,Cycling Progenitor,NK,CD99,CD99,0.056172466829052,0.14,24,22
40389_Dg,GSE227903,Diagnosis,cellchat,Early Erythroid,NK,CD99,CD99,0.0213018269825931,0.95,48,22
40389_Dg,GSE227903,Diagnosis,cellchat,Early GMP,NK,CD99,CD99,0.0559832129931499,0.05,138,22
40389_Dg,GSE227903,Diagnosis,cellchat,EoBasoMast Precursor,NK,CD99,CD99,0.0115655711089428,0.98,24,22
40389_Dg,GSE227903,Diagnosis,cellchat,HSC MPP,NK,CD99,CD99,0.0596765504495227,0.02,54,22
40389_Dg,GSE227903,Diagnosis,cellchat,Late GMP,NK,CD99,CD99,0.0440083399843956,0.3,158,22
40389_Dg,GSE227903,Diagnosis,cellchat,LMPP,NK,CD99,CD99,0.0715605964675515,0.02,33,22
40389_Dg,GSE227903,Diagnosis,cellchat,MEP,NK,CD99,CD99,0.0252901758862863,0.91,27,22
40389_Dg,GSE227903,Diagnosis,cellchat,Monocyte,NK,CD99,CD99,0.0127982043273781,0.99,631,22
40389_Dg,GSE227903,Diagnosis,cellchat,NK,NK,CD99,CD99,0.0381536925849312,0.56,22,22
40389_Dg,GSE227903,Diagnosis,cellchat,pDC,NK,CD99,CD99,0.0567939126374008,0.03,544,22
40389_Dg,GSE227903,Diagnosis,cellchat,Pre-B,NK,CD99,CD99,0.0223502598640755,0.98,140,22
40389_Dg,GSE227903,Diagnosis,cellchat,Pro-B,NK,CD99,CD99,0.0742002465989401,0,87,22
40389_Dg,GSE227903,Diagnosis,cellchat,Pro-Monocyte,NK,CD99,CD99,0.0230556929488569,0.97,110,22
40389_Dg,GSE227903,Diagnosis,cellchat,CD4 Memory T,pDC,CD99,CD99,0.047439814007261,0.19,21,544
40389_Dg,GSE227903,Diagnosis,cellchat,CD8 Memory T,pDC,CD99,CD99,0.0771514140052857,0,358,544
40389_Dg,GSE227903,Diagnosis,cellchat,cDC,pDC,CD99,CD99,0.0649928781220649,0,196,544
40389_Dg,GSE227903,Diagnosis,cellchat,Cycling Progenitor,pDC,CD99,CD99,0.0828575258093029,0,24,544
40389_Dg,GSE227903,Diagnosis,cellchat,Early Erythroid,pDC,CD99,CD99,0.0319827263649164,0.92,48,544
40389_Dg,GSE227903,Diagnosis,cellchat,Early GMP,pDC,CD99,CD99,0.0825862327450036,0,138,544
40389_Dg,GSE227903,Diagnosis,cellchat,EoBasoMast Precursor,pDC,CD99,CD99,0.0174516877099639,0.96,24,544
40389_Dg,GSE227903,Diagnosis,cellchat,HSC MPP,pDC,CD99,CD99,0.0878712656682215,0,54,544
40389_Dg,GSE227903,Diagnosis,cellchat,Late GMP,pDC,CD99,CD99,0.0653146521477612,0,158,544
40389_Dg,GSE227903,Diagnosis,cellchat,LMPP,pDC,CD99,CD99,0.104744598821751,0,33,544
40389_Dg,GSE227903,Diagnosis,cellchat,MEP,pDC,CD99,CD99,0.0378934357617003,0.64,27,544
40389_Dg,GSE227903,Diagnosis,cellchat,NK,pDC,CD99,CD99,0.0567939126374008,0.03,22,544
40389_Dg,GSE227903,Diagnosis,cellchat,pDC,pDC,CD99,CD99,0.0837479974016603,0,544,544
40389_Dg,GSE227903,Diagnosis,cellchat,Pre-B,pDC,CD99,CD99,0.0335388366750265,0.97,140,544
40389_Dg,GSE227903,Diagnosis,cellchat,Pro-B,pDC,CD99,CD99,0.108465303859597,0,87,544
40389_Dg,GSE227903,Diagnosis,cellchat,Pro-Monocyte,pDC,CD99,CD99,0.0345849181578429,0.89,110,544
40389_Dg,GSE227903,Diagnosis,cellchat,CD4 Memory T,Pre-B,CD99,CD99,0.0185575015659537,0.92,21,140
40389_Dg,GSE227903,Diagnosis,cellchat,Cycling Progenitor,Pre-B,CD99,CD99,0.0331629039510901,0.76,24,140
40389_Dg,GSE227903,Diagnosis,cellchat,Early GMP,Pre-B,CD99,CD99,0.0330484584459719,0.94,138,140
40389_Dg,GSE227903,Diagnosis,cellchat,HSC MPP,Pre-B,CD99,CD99,0.0352852937548865,0.83,54,140
40389_Dg,GSE227903,Diagnosis,cellchat,LMPP,Pre-B,CD99,CD99,0.0425317416268721,0.42,33,140
40389_Dg,GSE227903,Diagnosis,cellchat,MEP,Pre-B,CD99,CD99,0.0147332556397731,0.99,27,140
40389_Dg,GSE227903,Diagnosis,cellchat,NK,Pre-B,CD99,CD99,0.0223502598640755,0.98,22,140
40389_Dg,GSE227903,Diagnosis,cellchat,pDC,Pre-B,CD99,CD99,0.0335388366750265,0.97,544,140
40389_Dg,GSE227903,Diagnosis,cellchat,Pro-B,Pre-B,CD99,CD99,0.0441515273719424,0.17,87,140
40389_Dg,GSE227903,Diagnosis,cellchat,CD4 Memory T,Pro-B,CD99,CD99,0.0621682412988552,0.01,21,87
40389_Dg,GSE227903,Diagnosis,cellchat,CD8 Memory T,Pro-B,CD99,CD99,0.100134583164257,0,358,87
40389_Dg,GSE227903,Diagnosis,cellchat,cDC,Pro-B,CD99,CD99,0.0846864335984832,0,196,87
40389_Dg,GSE227903,Diagnosis,cellchat,Cycling Progenitor,Pro-B,CD99,CD99,0.107342808958816,0,24,87
40389_Dg,GSE227903,Diagnosis,cellchat,Early Erythroid,Pro-B,CD99,CD99,0.0421244791270008,0.41,48,87
40389_Dg,GSE227903,Diagnosis,cellchat,Early GMP,Pro-B,CD99,CD99,0.107000699129914,0,138,87
40389_Dg,GSE227903,Diagnosis,cellchat,EoBasoMast Precursor,Pro-B,CD99,CD99,0.0230955703405655,0.94,24,87
40389_Dg,GSE227903,Diagnosis,cellchat,HSC MPP,Pro-B,CD99,CD99,0.113654557238032,0,54,87
40389_Dg,GSE227903,Diagnosis,cellchat,Late GMP,Pro-B,CD99,CD99,0.0850968349228047,0,158,87
40389_Dg,GSE227903,Diagnosis,cellchat,LMPP,Pro-B,CD99,CD99,0.134747480695028,0,33,87
40389_Dg,GSE227903,Diagnosis,cellchat,MEP,Pro-B,CD99,CD99,0.0498130312209313,0.13,27,87
40389_Dg,GSE227903,Diagnosis,cellchat,NK,Pro-B,CD99,CD99,0.0742002465989401,0,22,87
40389_Dg,GSE227903,Diagnosis,cellchat,pDC,Pro-B,CD99,CD99,0.108465303859597,0,544,87
40389_Dg,GSE227903,Diagnosis,cellchat,Pre-B,Pro-B,CD99,CD99,0.0441515273719424,0.17,140,87
40389_Dg,GSE227903,Diagnosis,cellchat,Pro-B,Pro-B,CD99,CD99,0.139368028680162,0,87,87
40389_Dg,GSE227903,Diagnosis,cellchat,Pro-Monocyte,Pro-B,CD99,CD99,0.045513032169244,0.1,110,87
40389_Dg,GSE227903,Diagnosis,cellchat,CD4 Memory T,Pro-Monocyte,CD99,CD99,0.0191455695077605,0.92,21,110
40389_Dg,GSE227903,Diagnosis,cellchat,CD8 Memory T,Pro-Monocyte,CD99,CD99,0.031726676830568,0.99,358,110
40389_Dg,GSE227903,Diagnosis,cellchat,Cycling Progenitor,Pro-Monocyte,CD99,CD99,0.0341976749308823,0.73,24,110
40389_Dg,GSE227903,Diagnosis,cellchat,Early GMP,Pro-Monocyte,CD99,CD99,0.0340797842944151,0.93,138,110
40389_Dg,GSE227903,Diagnosis,cellchat,HSC MPP,Pro-Monocyte,CD99,CD99,0.0363837968176396,0.64,54,110
40389_Dg,GSE227903,Diagnosis,cellchat,LMPP,Pro-Monocyte,CD99,CD99,0.0438455881646547,0.35,33,110
40389_Dg,GSE227903,Diagnosis,cellchat,MEP,Pro-Monocyte,CD99,CD99,0.0152020143134748,0.98,27,110
40389_Dg,GSE227903,Diagnosis,cellchat,NK,Pro-Monocyte,CD99,CD99,0.0230556929488569,0.97,22,110
40389_Dg,GSE227903,Diagnosis,cellchat,pDC,Pro-Monocyte,CD99,CD99,0.0345849181578429,0.89,544,110
40389_Dg,GSE227903,Diagnosis,cellchat,Pro-B,Pro-Monocyte,CD99,CD99,0.045513032169244,0.1,87,110
40389_Dg,GSE227903,Diagnosis,cellchat,B,CD4 Memory T,CLEC2D,KLRB1,0.00929357641955913,0,17,21
40389_Dg,GSE227903,Diagnosis,cellchat,CD4 Memory T,CD4 Memory T,CLEC2D,KLRB1,0.0170341069361394,0,21,21
40389_Dg,GSE227903,Diagnosis,cellchat,CD8 Memory T,CD4 Memory T,CLEC2D,KLRB1,0.00950880874220304,0,358,21
40389_Dg,GSE227903,Diagnosis,cellchat,NK,CD4 Memory T,CLEC2D,KLRB1,0.00417990635212125,0,22,21
40389_Dg,GSE227903,Diagnosis,cellchat,Pre-B,CD4 Memory T,CLEC2D,KLRB1,0.0126445098406886,0,140,21
40389_Dg,GSE227903,Diagnosis,cellchat,Pro-B,CD4 Memory T,CLEC2D,KLRB1,0.00381606319301997,0,87,21
40389_Dg,GSE227903,Diagnosis,cellchat,B,NK,CLEC2D,KLRB1,0.0104908993460724,0,17,22
40389_Dg,GSE227903,Diagnosis,cellchat,CD4 Memory T,NK,CLEC2D,KLRB1,0.0192093326338531,0,21,22
40389_Dg,GSE227903,Diagnosis,cellchat,CD8 Memory T,NK,CLEC2D,KLRB1,0.010733560353732,0,358,22
40389_Dg,GSE227903,Diagnosis,cellchat,NK,NK,CLEC2D,KLRB1,0.00472155764047125,0,22,22
40389_Dg,GSE227903,Diagnosis,cellchat,Pre-B,NK,CLEC2D,KLRB1,0.0142673277114458,0,140,22
40389_Dg,GSE227903,Diagnosis,cellchat,Pro-B,NK,CLEC2D,KLRB1,0.0043107701281771,0,87,22
40389_Dg,GSE227903,Diagnosis,cellchat,B,CD4 Memory T,CLEC2B,KLRB1,0.00977763829383179,0,17,21
40389_Dg,GSE227903,Diagnosis,cellchat,CD4 Memory T,CD4 Memory T,CLEC2B,KLRB1,0.00814306740316083,0,21,21
40389_Dg,GSE227903,Diagnosis,cellchat,CD8 Memory T,CD4 Memory T,CLEC2B,KLRB1,0.02586922608485,0,358,21
40389_Dg,GSE227903,Diagnosis,cellchat,cDC,CD4 Memory T,CLEC2B,KLRB1,0.0179141821278808,0,196,21
40389_Dg,GSE227903,Diagnosis,cellchat,Cycling Progenitor,CD4 Memory T,CLEC2B,KLRB1,0.0115634360101826,0,24,21
40389_Dg,GSE227903,Diagnosis,cellchat,Early Erythroid,CD4 Memory T,CLEC2B,KLRB1,0.00953171082914192,0,48,21
40389_Dg,GSE227903,Diagnosis,cellchat,Early GMP,CD4 Memory T,CLEC2B,KLRB1,0.0138213824219921,0,138,21
40389_Dg,GSE227903,Diagnosis,cellchat,EoBasoMast Precursor,CD4 Memory T,CLEC2B,KLRB1,0.00349079653333259,0,24,21
40389_Dg,GSE227903,Diagnosis,cellchat,HSC MPP,CD4 Memory T,CLEC2B,KLRB1,0.0145987005062156,0,54,21
40389_Dg,GSE227903,Diagnosis,cellchat,Late GMP,CD4 Memory T,CLEC2B,KLRB1,0.0134483817477431,0,158,21
40389_Dg,GSE227903,Diagnosis,cellchat,LMPP,CD4 Memory T,CLEC2B,KLRB1,0.0153208492051763,0,33,21
40389_Dg,GSE227903,Diagnosis,cellchat,MEP,CD4 Memory T,CLEC2B,KLRB1,0.0101852984516595,0,27,21
40389_Dg,GSE227903,Diagnosis,cellchat,Monocyte,CD4 Memory T,CLEC2B,KLRB1,0.00678359011034922,0,631,21
40389_Dg,GSE227903,Diagnosis,cellchat,NK,CD4 Memory T,CLEC2B,KLRB1,0.021377602471545,0,22,21
40389_Dg,GSE227903,Diagnosis,cellchat,pDC,CD4 Memory T,CLEC2B,KLRB1,0.00532834856365959,0,544,21
40389_Dg,GSE227903,Diagnosis,cellchat,Pre-B,CD4 Memory T,CLEC2B,KLRB1,0.0124688276427271,0,140,21
40389_Dg,GSE227903,Diagnosis,cellchat,Pro-B,CD4 Memory T,CLEC2B,KLRB1,0.0262245842417232,0,87,21
40389_Dg,GSE227903,Diagnosis,cellchat,Pro-Monocyte,CD4 Memory T,CLEC2B,KLRB1,0.0052303707103087,0,110,21
40389_Dg,GSE227903,Diagnosis,cellchat,B,NK,CLEC2B,KLRB1,0.011036629813483,0,17,22
40389_Dg,GSE227903,Diagnosis,cellchat,CD4 Memory T,NK,CLEC2B,KLRB1,0.00919354184292544,0,21,22
40389_Dg,GSE227903,Diagnosis,cellchat,CD8 Memory T,NK,CLEC2B,KLRB1,0.0291392356109467,0,358,22
40389_Dg,GSE227903,Diagnosis,cellchat,cDC,NK,CLEC2B,KLRB1,0.0201994824509442,0,196,22
40389_Dg,GSE227903,Diagnosis,cellchat,Cycling Progenitor,NK,CLEC2B,KLRB1,0.0130493407709484,0,24,22
40389_Dg,GSE227903,Diagnosis,cellchat,Early Erythroid,NK,CLEC2B,KLRB1,0.0107593802274909,0,48,22
40389_Dg,GSE227903,Diagnosis,cellchat,Early GMP,NK,CLEC2B,KLRB1,0.0155928567839005,0,138,22
40389_Dg,GSE227903,Diagnosis,cellchat,EoBasoMast Precursor,NK,CLEC2B,KLRB1,0.00394350346018311,0,24,22
40389_Dg,GSE227903,Diagnosis,cellchat,HSC MPP,NK,CLEC2B,KLRB1,0.0164681393545099,0,54,22
40389_Dg,GSE227903,Diagnosis,cellchat,Late GMP,NK,CLEC2B,KLRB1,0.0151727844770313,0,158,22
40389_Dg,GSE227903,Diagnosis,cellchat,LMPP,NK,CLEC2B,KLRB1,0.017281141170104,0,33,22
40389_Dg,GSE227903,Diagnosis,cellchat,MEP,NK,CLEC2B,KLRB1,0.0114961718371161,0,27,22
40389_Dg,GSE227903,Diagnosis,cellchat,Monocyte,NK,CLEC2B,KLRB1,0.00766004326446185,0,631,22
40389_Dg,GSE227903,Diagnosis,cellchat,NK,NK,CLEC2B,KLRB1,0.0240938895357794,0,22,22
40389_Dg,GSE227903,Diagnosis,cellchat,pDC,NK,CLEC2B,KLRB1,0.00601792087208177,0,544,22
40389_Dg,GSE227903,Diagnosis,cellchat,Pre-B,NK,CLEC2B,KLRB1,0.0140694194524986,0,140,22
40389_Dg,GSE227903,Diagnosis,cellchat,Pro-B,NK,CLEC2B,KLRB1,0.0295381508878009,0,87,22
40389_Dg,GSE227903,Diagnosis,cellchat,Pro-Monocyte,NK,CLEC2B,KLRB1,0.00590733844542418,0,110,22
40389_Dg,GSE227903,Diagnosis,cellchat,B,CD4 Memory T,CD69,KLRB1,0.0459049691518198,0,17,21
40389_Dg,GSE227903,Diagnosis,cellchat,CD4 Memory T,CD4 Memory T,CD69,KLRB1,0.00683800079670984,0,21,21
40389_Dg,GSE227903,Diagnosis,cellchat,CD8 Memory T,CD4 Memory T,CD69,KLRB1,0.0108527875604204,0,358,21
40389_Dg,GSE227903,Diagnosis,cellchat,Cycling Progenitor,CD4 Memory T,CD69,KLRB1,0.0031524434944601,0,24,21
40389_Dg,GSE227903,Diagnosis,cellchat,Early Erythroid,CD4 Memory T,CD69,KLRB1,0.000262405214830656,0,48,21
40389_Dg,GSE227903,Diagnosis,cellchat,NK,CD4 Memory T,CD69,KLRB1,0.0232688233943848,0,22,21
40389_Dg,GSE227903,Diagnosis,cellchat,Pre-B,CD4 Memory T,CD69,KLRB1,0.028486798845526,0,140,21
40389_Dg,GSE227903,Diagnosis,cellchat,Pro-B,CD4 Memory T,CD69,KLRB1,0.0234273327980358,0,87,21
40389_Dg,GSE227903,Diagnosis,cellchat,B,NK,CD69,KLRB1,0.0515735194211363,0,17,22
40389_Dg,GSE227903,Diagnosis,cellchat,CD4 Memory T,NK,CD69,KLRB1,0.00772142926613959,0,21,22
40389_Dg,GSE227903,Diagnosis,cellchat,CD8 Memory T,NK,CD69,KLRB1,0.0122485053973067,0,358,22
40389_Dg,GSE227903,Diagnosis,cellchat,Cycling Progenitor,NK,CD69,KLRB1,0.00356142764023524,0,24,22
40389_Dg,GSE227903,Diagnosis,cellchat,Early Erythroid,NK,CD69,KLRB1,0.000296560056732016,0,48,22
40389_Dg,GSE227903,Diagnosis,cellchat,NK,NK,CD69,KLRB1,0.0262189751882936,0,22,22
40389_Dg,GSE227903,Diagnosis,cellchat,Pre-B,NK,CD69,KLRB1,0.0320767883995061,0,140,22
40389_Dg,GSE227903,Diagnosis,cellchat,Pro-B,NK,CD69,KLRB1,0.0263970381705288,0,87,22
40389_Dg,GSE227903,Diagnosis,cellchat,cDC,cDC,ICAM1,ITGAX_ITGB2,0.00288347815371427,0,196,196
40389_Dg,GSE227903,Diagnosis,cellchat,Cycling Progenitor,cDC,ICAM1,ITGAX_ITGB2,0.00153206605564008,0,24,196
40389_Dg,GSE227903,Diagnosis,cellchat,Monocyte,cDC,ICAM1,ITGAX_ITGB2,0.00510346349212346,0,631,196
40389_Dg,GSE227903,Diagnosis,cellchat,Pro-Monocyte,cDC,ICAM1,ITGAX_ITGB2,0.00483736424401701,0,110,196
40389_Dg,GSE227903,Diagnosis,cellchat,cDC,Monocyte,ICAM1,ITGAX_ITGB2,0.00225588822237582,0,196,631
40389_Dg,GSE227903,Diagnosis,cellchat,Cycling Progenitor,Monocyte,ICAM1,ITGAX_ITGB2,0.00119825792535614,0,24,631
40389_Dg,GSE227903,Diagnosis,cellchat,Monocyte,Monocyte,ICAM1,ITGAX_ITGB2,0.00399462875869751,0,631,631
40389_Dg,GSE227903,Diagnosis,cellchat,Pro-Monocyte,Monocyte,ICAM1,ITGAX_ITGB2,0.00378612514625505,0,110,631
40389_Dg,GSE227903,Diagnosis,cellchat,cDC,NK,ICAM1,ITGAX_ITGB2,0.00240599249442616,0,196,22
40389_Dg,GSE227903,Diagnosis,cellchat,Cycling Progenitor,NK,ICAM1,ITGAX_ITGB2,0.00127807880999228,0.03,24,22
40389_Dg,GSE227903,Diagnosis,cellchat,Monocyte,NK,ICAM1,ITGAX_ITGB2,0.00425993291347295,0,631,22
40389_Dg,GSE227903,Diagnosis,cellchat,Pro-Monocyte,NK,ICAM1,ITGAX_ITGB2,0.00403763762407535,0,110,22
40389_Dg,GSE227903,Diagnosis,cellchat,cDC,CD4 Memory T,ICAM1,ITGAL_ITGB2,0.00112284908767692,0,196,21
40389_Dg,GSE227903,Diagnosis,cellchat,Cycling Progenitor,CD4 Memory T,ICAM1,ITGAL_ITGB2,0.000596105274688829,0.01,24,21
40389_Dg,GSE227903,Diagnosis,cellchat,Monocyte,CD4 Memory T,ICAM1,ITGAL_ITGB2,0.00199003415407925,0,631,21
40389_Dg,GSE227903,Diagnosis,cellchat,Pro-Monocyte,CD4 Memory T,ICAM1,ITGAL_ITGB2,0.00188596422317169,0,110,21
40389_Dg,GSE227903,Diagnosis,cellchat,cDC,CD8 Memory T,ICAM1,ITGAL_ITGB2,0.00475938055285644,0,196,358
40389_Dg,GSE227903,Diagnosis,cellchat,Cycling Progenitor,CD8 Memory T,ICAM1,ITGAL_ITGB2,0.0025310128848689,0,24,358
40389_Dg,GSE227903,Diagnosis,cellchat,Monocyte,CD8 Memory T,ICAM1,ITGAL_ITGB2,0.00841143684127759,0,631,358
40389_Dg,GSE227903,Diagnosis,cellchat,Pro-Monocyte,CD8 Memory T,ICAM1,ITGAL_ITGB2,0.00797423929927884,0,110,358
40389_Dg,GSE227903,Diagnosis,cellchat,cDC,NK,ICAM1,ITGAL_ITGB2,0.00240599249442616,0,196,22
40389_Dg,GSE227903,Diagnosis,cellchat,Cycling Progenitor,NK,ICAM1,ITGAL_ITGB2,0.00127807880999228,0,24,22
40389_Dg,GSE227903,Diagnosis,cellchat,Monocyte,NK,ICAM1,ITGAL_ITGB2,0.00425993291347295,0,631,22
40389_Dg,GSE227903,Diagnosis,cellchat,Pro-Monocyte,NK,ICAM1,ITGAL_ITGB2,0.00403763762407535,0,110,22
40389_Dg,GSE227903,Diagnosis,cellchat,Early Erythroid,CD4 Memory T,ICAM2,ITGAL_ITGB2,0.0021796932847111,0,48,21
40389_Dg,GSE227903,Diagnosis,cellchat,EoBasoMast Precursor,CD4 Memory T,ICAM2,ITGAL_ITGB2,0.000851072095355115,0,24,21
40389_Dg,GSE227903,Diagnosis,cellchat,MEP,CD4 Memory T,ICAM2,ITGAL_ITGB2,0.000988147702356639,0,27,21
40389_Dg,GSE227903,Diagnosis,cellchat,Early Erythroid,CD8 Memory T,ICAM2,ITGAL_ITGB2,0.00920743820758915,0,48,358
40389_Dg,GSE227903,Diagnosis,cellchat,EoBasoMast Precursor,CD8 Memory T,ICAM2,ITGAL_ITGB2,0.0036105906614278,0,24,358
40389_Dg,GSE227903,Diagnosis,cellchat,MEP,CD8 Memory T,ICAM2,ITGAL_ITGB2,0.00419025663968223,0,27,358
40389_Dg,GSE227903,Diagnosis,cellchat,Early Erythroid,NK,ICAM2,ITGAL_ITGB2,0.00466491234019399,0,48,22
40389_Dg,GSE227903,Diagnosis,cellchat,EoBasoMast Precursor,NK,ICAM2,ITGAL_ITGB2,0.0018242076919229,0,24,22
40389_Dg,GSE227903,Diagnosis,cellchat,MEP,NK,ICAM2,ITGAL_ITGB2,0.00211768653176254,0,27,22
40389_Dg,GSE227903,Diagnosis,cellchat,cDC,NK,ICAM1,ITGAM_ITGB2,0.00277949120703311,0,196,22
40389_Dg,GSE227903,Diagnosis,cellchat,Cycling Progenitor,NK,ICAM1,ITGAM_ITGB2,0.00147674293946169,0,24,22
40389_Dg,GSE227903,Diagnosis,cellchat,Monocyte,NK,ICAM1,ITGAM_ITGB2,0.00491981217336587,0,631,22
40389_Dg,GSE227903,Diagnosis,cellchat,Pro-Monocyte,NK,ICAM1,ITGAM_ITGB2,0.0046632437896666,0,110,22
40389_Dg,GSE227903,Diagnosis,cellchat,Early Erythroid,NK,ICAM2,ITGAM_ITGB2,0.00538718500221511,0,48,22
40389_Dg,GSE227903,Diagnosis,cellchat,EoBasoMast Precursor,NK,ICAM2,ITGAM_ITGB2,0.00210758276462507,0,24,22
40389_Dg,GSE227903,Diagnosis,cellchat,MEP,NK,ICAM2,ITGAM_ITGB2,0.00244653929358454,0,27,22
40389_Dg,GSE227903,Diagnosis,cellchat,cDC,CD4 Memory T,ICAM1,ITGAL,0.00116218434780053,0,196,21
40389_Dg,GSE227903,Diagnosis,cellchat,Cycling Progenitor,CD4 Memory T,ICAM1,ITGAL,0.000616999226199524,0,24,21
40389_Dg,GSE227903,Diagnosis,cellchat,Monocyte,CD4 Memory T,ICAM1,ITGAL,0.00205968569955408,0,631,21
40389_Dg,GSE227903,Diagnosis,cellchat,Pro-Monocyte,CD4 Memory T,ICAM1,ITGAL,0.00195198042695654,0,110,21
40389_Dg,GSE227903,Diagnosis,cellchat,cDC,CD8 Memory T,ICAM1,ITGAL,0.00247180774342907,0,196,358
40389_Dg,GSE227903,Diagnosis,cellchat,Cycling Progenitor,CD8 Memory T,ICAM1,ITGAL,0.00131308090810907,0,24,358
40389_Dg,GSE227903,Diagnosis,cellchat,Monocyte,CD8 Memory T,ICAM1,ITGAL,0.00437623971001927,0,631,358
40389_Dg,GSE227903,Diagnosis,cellchat,Pro-Monocyte,CD8 Memory T,ICAM1,ITGAL,0.00414790048682621,0,110,358
40389_Dg,GSE227903,Diagnosis,cellchat,cDC,NK,ICAM1,ITGAL,0.000850924152919493,0,196,22
40389_Dg,GSE227903,Diagnosis,cellchat,Cycling Progenitor,NK,ICAM1,ITGAL,0.000451686349983403,0.01,24,22
40389_Dg,GSE227903,Diagnosis,cellchat,Monocyte,NK,ICAM1,ITGAL,0.00150841661969939,0,631,22
40389_Dg,GSE227903,Diagnosis,cellchat,Pro-Monocyte,NK,ICAM1,ITGAL,0.00142949706696077,0,110,22
40389_Dg,GSE227903,Diagnosis,cellchat,cDC,CD8 Memory T,ICAM1,SPN,0.00215159444800631,0,196,358
40389_Dg,GSE227903,Diagnosis,cellchat,Cycling Progenitor,CD8 Memory T,ICAM1,SPN,0.00114280429886357,0.09,24,358
40389_Dg,GSE227903,Diagnosis,cellchat,Monocyte,CD8 Memory T,ICAM1,SPN,0.00381025685905104,0,631,358
40389_Dg,GSE227903,Diagnosis,cellchat,Pro-Monocyte,CD8 Memory T,ICAM1,SPN,0.00361134182784657,0,110,358
40389_Dg,GSE227903,Diagnosis,cellchat,cDC,cDC,ICAM1,SPN,0.000942246257473461,0.02,196,196
40389_Dg,GSE227903,Diagnosis,cellchat,Cycling Progenitor,cDC,ICAM1,SPN,0.000500183269207247,0.14,24,196
40389_Dg,GSE227903,Diagnosis,cellchat,Monocyte,cDC,ICAM1,SPN,0.0016701835768937,0,631,196
40389_Dg,GSE227903,Diagnosis,cellchat,Pro-Monocyte,cDC,ICAM1,SPN,0.00158281387974347,0,110,196
40389_Dg,GSE227903,Diagnosis,cellchat,cDC,Cycling Progenitor,ICAM1,SPN,0.00279625607421948,0,196,24
40389_Dg,GSE227903,Diagnosis,cellchat,Cycling Progenitor,Cycling Progenitor,ICAM1,SPN,0.00148566181536075,0.03,24,24
40389_Dg,GSE227903,Diagnosis,cellchat,Monocyte,Cycling Progenitor,ICAM1,SPN,0.00494942259497902,0,631,24
40389_Dg,GSE227903,Diagnosis,cellchat,Pro-Monocyte,Cycling Progenitor,ICAM1,SPN,0.00469131730679252,0,110,24
40389_Dg,GSE227903,Diagnosis,cellchat,cDC,Early Erythroid,ICAM1,SPN,0.00670886104245759,0,196,48
40389_Dg,GSE227903,Diagnosis,cellchat,Cycling Progenitor,Early Erythroid,ICAM1,SPN,0.00357101113879632,0,24,48
40389_Dg,GSE227903,Diagnosis,cellchat,Monocyte,Early Erythroid,ICAM1,SPN,0.0118390340699997,0,631,48
40389_Dg,GSE227903,Diagnosis,cellchat,Pro-Monocyte,Early Erythroid,ICAM1,SPN,0.0112256986948356,0,110,48
40389_Dg,GSE227903,Diagnosis,cellchat,cDC,Early GMP,ICAM1,SPN,0.00455424317698028,0,196,138
40389_Dg,GSE227903,Diagnosis,cellchat,Cycling Progenitor,Early GMP,ICAM1,SPN,0.00242168822899505,0,24,138
40389_Dg,GSE227903,Diagnosis,cellchat,Monocyte,Early GMP,ICAM1,SPN,0.00805016287835173,0,631,138
40389_Dg,GSE227903,Diagnosis,cellchat,Pro-Monocyte,Early GMP,ICAM1,SPN,0.00763159859366708,0,110,138
40389_Dg,GSE227903,Diagnosis,cellchat,cDC,EoBasoMast Precursor,ICAM1,SPN,0.00555438818851742,0,196,24
40389_Dg,GSE227903,Diagnosis,cellchat,Cycling Progenitor,EoBasoMast Precursor,ICAM1,SPN,0.00295489880629347,0.01,24,24
40389_Dg,GSE227903,Diagnosis,cellchat,Monocyte,EoBasoMast Precursor,ICAM1,SPN,0.00981047110261411,0,631,24
40389_Dg,GSE227903,Diagnosis,cellchat,Pro-Monocyte,EoBasoMast Precursor,ICAM1,SPN,0.00930123866944766,0,110,24
40389_Dg,GSE227903,Diagnosis,cellchat,cDC,HSC MPP,ICAM1,SPN,0.00385712142789141,0,196,54
40389_Dg,GSE227903,Diagnosis,cellchat,Cycling Progenitor,HSC MPP,ICAM1,SPN,0.00205032606589976,0.03,24,54
40389_Dg,GSE227903,Diagnosis,cellchat,Monocyte,HSC MPP,ICAM1,SPN,0.00682158491496366,0,631,54
40389_Dg,GSE227903,Diagnosis,cellchat,Pro-Monocyte,HSC MPP,ICAM1,SPN,0.00646648351425626,0,110,54
40389_Dg,GSE227903,Diagnosis,cellchat,cDC,Late GMP,ICAM1,SPN,0.00379207011716366,0,196,158
40389_Dg,GSE227903,Diagnosis,cellchat,Cycling Progenitor,Late GMP,ICAM1,SPN,0.00201568514774369,0.01,24,158
40389_Dg,GSE227903,Diagnosis,cellchat,Monocyte,Late GMP,ICAM1,SPN,0.00670687380936419,0,631,158
40389_Dg,GSE227903,Diagnosis,cellchat,Pro-Monocyte,Late GMP,ICAM1,SPN,0.00635770553428296,0,110,158
40389_Dg,GSE227903,Diagnosis,cellchat,cDC,LMPP,ICAM1,SPN,0.00448064421051146,0,196,33
40389_Dg,GSE227903,Diagnosis,cellchat,Cycling Progenitor,LMPP,ICAM1,SPN,0.00238246998955728,0.01,24,33
40389_Dg,GSE227903,Diagnosis,cellchat,Monocyte,LMPP,ICAM1,SPN,0.00792051753376148,0,631,33
40389_Dg,GSE227903,Diagnosis,cellchat,Pro-Monocyte,LMPP,ICAM1,SPN,0.00750864307003849,0,110,33
40389_Dg,GSE227903,Diagnosis,cellchat,cDC,MEP,ICAM1,SPN,0.00641900803487351,0,196,27
40389_Dg,GSE227903,Diagnosis,cellchat,Cycling Progenitor,MEP,ICAM1,SPN,0.00341626110897534,0,24,27
40389_Dg,GSE227903,Diagnosis,cellchat,Monocyte,MEP,ICAM1,SPN,0.0113300627172001,0,631,27
40389_Dg,GSE227903,Diagnosis,cellchat,Pro-Monocyte,MEP,ICAM1,SPN,0.010742808555327,0,110,27
40389_Dg,GSE227903,Diagnosis,cellchat,cDC,NK,ICAM1,SPN,0.00194297070483165,0,196,22
40389_Dg,GSE227903,Diagnosis,cellchat,Cycling Progenitor,NK,ICAM1,SPN,0.00103189410899523,0.06,24,22
40389_Dg,GSE227903,Diagnosis,cellchat,Monocyte,NK,ICAM1,SPN,0.003441359901843,0,631,22
40389_Dg,GSE227903,Diagnosis,cellchat,Pro-Monocyte,NK,ICAM1,SPN,0.00326164013769234,0,110,22
40389_Dg,GSE227903,Diagnosis,cellchat,cDC,Pre-B,ICAM1,SPN,0.000517401421366694,0.03,196,140
40389_Dg,GSE227903,Diagnosis,cellchat,Cycling Progenitor,Pre-B,ICAM1,SPN,0.000274603280191042,0.21,24,140
40389_Dg,GSE227903,Diagnosis,cellchat,Monocyte,Pre-B,ICAM1,SPN,0.000917424017648984,0,631,140
40389_Dg,GSE227903,Diagnosis,cellchat,Pro-Monocyte,Pre-B,ICAM1,SPN,0.000869397959771365,0.03,110,140
40389_Dg,GSE227903,Diagnosis,cellchat,cDC,Pro-B,ICAM1,SPN,0.00431831718715397,0,196,87
40389_Dg,GSE227903,Diagnosis,cellchat,Cycling Progenitor,Pro-B,ICAM1,SPN,0.00229598136154389,0.01,24,87
40389_Dg,GSE227903,Diagnosis,cellchat,Monocyte,Pro-B,ICAM1,SPN,0.00763452476396352,0,631,87
40389_Dg,GSE227903,Diagnosis,cellchat,Pro-Monocyte,Pro-B,ICAM1,SPN,0.00723741370356234,0,110,87
40389_Dg,GSE227903,Diagnosis,cellchat,cDC,Pro-Monocyte,ICAM1,SPN,0.000944870191262855,0.01,196,110
40389_Dg,GSE227903,Diagnosis,cellchat,Cycling Progenitor,Pro-Monocyte,ICAM1,SPN,0.000501576779789271,0.15,24,110
40389_Dg,GSE227903,Diagnosis,cellchat,Monocyte,Pro-Monocyte,ICAM1,SPN,0.00167483124627207,0,631,110
40389_Dg,GSE227903,Diagnosis,cellchat,Pro-Monocyte,Pro-Monocyte,ICAM1,SPN,0.00158721880941427,0,110,110
40389_Dg,GSE227903,Diagnosis,cellchat,B,CD4 Memory T,ICOSLG,ICOS,0.00686772862144962,0,17,21
40389_Dg,GSE227903,Diagnosis,cellchat,Cycling Progenitor,CD4 Memory T,ICOSLG,ICOS,0.00114801179331672,0,24,21
40389_Dg,GSE227903,Diagnosis,cellchat,EoBasoMast Precursor,CD4 Memory T,ICOSLG,ICOS,0.00141986696860035,0,24,21
40389_Dg,GSE227903,Diagnosis,cellchat,pDC,CD4 Memory T,ICOSLG,ICOS,0.00411268755365391,0,544,21
40389_Dg,GSE227903,Diagnosis,cellchat,Pre-B,CD4 Memory T,ICOSLG,ICOS,0.00388666425059556,0,140,21
40389_Dg,GSE227903,Diagnosis,cellchat,Pro-B,CD4 Memory T,ICOSLG,ICOS,0.00411965867399714,0,87,21
40389_Dg,GSE227903,Diagnosis,cellchat,B,CD4 Memory T,ICOSLG,CD28,0.00561733101655504,0,17,21
40389_Dg,GSE227903,Diagnosis,cellchat,Cycling Progenitor,CD4 Memory T,ICOSLG,CD28,0.000938011333223144,0,24,21
40389_Dg,GSE227903,Diagnosis,cellchat,EoBasoMast Precursor,CD4 Memory T,ICOSLG,CD28,0.00116019506707033,0,24,21
40389_Dg,GSE227903,Diagnosis,cellchat,pDC,CD4 Memory T,ICOSLG,CD28,0.00336219820388954,0,544,21
40389_Dg,GSE227903,Diagnosis,cellchat,Pre-B,CD4 Memory T,ICOSLG,CD28,0.0031772883811255,0,140,21
40389_Dg,GSE227903,Diagnosis,cellchat,Pro-B,CD4 Memory T,ICOSLG,CD28,0.00336790152581228,0,87,21
40389_Dg,GSE227903,Diagnosis,cellchat,Cycling Progenitor,NK,JAM3,ITGAM_ITGB2,0.00028493487602844,0,24,22
40389_Dg,GSE227903,Diagnosis,cellchat,Cycling Progenitor,CD4 Memory T,F11R,ITGAL_ITGB2,0.000589285426477939,0,24,21
40389_Dg,GSE227903,Diagnosis,cellchat,Early Erythroid,CD4 Memory T,F11R,ITGAL_ITGB2,0.000436147224334636,0,48,21
40389_Dg,GSE227903,Diagnosis,cellchat,Early GMP,CD4 Memory T,F11R,ITGAL_ITGB2,0.000641197844389253,0,138,21
40389_Dg,GSE227903,Diagnosis,cellchat,LMPP,CD4 Memory T,F11R,ITGAL_ITGB2,0.000716364388913792,0,33,21
40389_Dg,GSE227903,Diagnosis,cellchat,MEP,CD4 Memory T,F11R,ITGAL_ITGB2,0.000492843646822827,0,27,21
40389_Dg,GSE227903,Diagnosis,cellchat,Cycling Progenitor,CD8 Memory T,F11R,ITGAL_ITGB2,0.00250211180409475,0,24,358
40389_Dg,GSE227903,Diagnosis,cellchat,Early Erythroid,CD8 Memory T,F11R,ITGAL_ITGB2,0.00185280702034256,0,48,358
40389_Dg,GSE227903,Diagnosis,cellchat,Early GMP,CD8 Memory T,F11R,ITGAL_ITGB2,0.00272207348658975,0,138,358
40389_Dg,GSE227903,Diagnosis,cellchat,LMPP,CD8 Memory T,F11R,ITGAL_ITGB2,0.00304043542947517,0,33,358
40389_Dg,GSE227903,Diagnosis,cellchat,MEP,CD8 Memory T,F11R,ITGAL_ITGB2,0.00209327473292316,0,27,358
40389_Dg,GSE227903,Diagnosis,cellchat,Cycling Progenitor,NK,F11R,ITGAL_ITGB2,0.00126346658624077,0,24,22
40389_Dg,GSE227903,Diagnosis,cellchat,Early Erythroid,NK,F11R,ITGAL_ITGB2,0.000935292201487947,0,48,22
40389_Dg,GSE227903,Diagnosis,cellchat,Early GMP,NK,F11R,ITGAL_ITGB2,0.00137468852091878,0,138,22
40389_Dg,GSE227903,Diagnosis,cellchat,LMPP,NK,F11R,ITGAL_ITGB2,0.00153570880940874,0,33,22
40389_Dg,GSE227903,Diagnosis,cellchat,MEP,NK,F11R,ITGAL_ITGB2,0.00105680576038813,0,27,22
40389_Dg,GSE227903,Diagnosis,cellchat,Cycling Progenitor,Cycling Progenitor,F11R,F11R,0.00025744342723624,0.03,24,24
40389_Dg,GSE227903,Diagnosis,cellchat,Early Erythroid,Cycling Progenitor,F11R,F11R,0.000190524902574939,0,48,24
40389_Dg,GSE227903,Diagnosis,cellchat,Early GMP,Cycling Progenitor,F11R,F11R,0.000280130802085421,0,138,24
40389_Dg,GSE227903,Diagnosis,cellchat,LMPP,Cycling Progenitor,F11R,F11R,0.000312983320945362,0,33,24
40389_Dg,GSE227903,Diagnosis,cellchat,MEP,Cycling Progenitor,F11R,F11R,0.000215298830523489,0,27,24
40389_Dg,GSE227903,Diagnosis,cellchat,Cycling Progenitor,Early Erythroid,F11R,F11R,0.000190524902574939,0,24,48
40389_Dg,GSE227903,Diagnosis,cellchat,Early Erythroid,Early Erythroid,F11R,F11R,0.000140998382926236,0.02,48,48
40389_Dg,GSE227903,Diagnosis,cellchat,Early GMP,Early Erythroid,F11R,F11R,0.000207316260423916,0,138,48
40389_Dg,GSE227903,Diagnosis,cellchat,LMPP,Early Erythroid,F11R,F11R,0.00023163138591195,0,33,48
40389_Dg,GSE227903,Diagnosis,cellchat,MEP,Early Erythroid,F11R,F11R,0.000159333410349238,0,27,48
40389_Dg,GSE227903,Diagnosis,cellchat,Cycling Progenitor,Early GMP,F11R,F11R,0.000280130802085421,0,24,138
40389_Dg,GSE227903,Diagnosis,cellchat,Early Erythroid,Early GMP,F11R,F11R,0.000207316260423916,0,48,138
40389_Dg,GSE227903,Diagnosis,cellchat,Early GMP,Early GMP,F11R,F11R,0.000304816907483802,0,138,138
40389_Dg,GSE227903,Diagnosis,cellchat,LMPP,Early GMP,F11R,F11R,0.000340563518897949,0,33,138
40389_Dg,GSE227903,Diagnosis,cellchat,MEP,Early GMP,F11R,F11R,0.000234273054814402,0,27,138
40389_Dg,GSE227903,Diagnosis,cellchat,Cycling Progenitor,LMPP,F11R,F11R,0.000312983320945362,0,24,33
40389_Dg,GSE227903,Diagnosis,cellchat,Early Erythroid,LMPP,F11R,F11R,0.00023163138591195,0,48,33
40389_Dg,GSE227903,Diagnosis,cellchat,Early GMP,LMPP,F11R,F11R,0.000340563518897949,0,138,33
40389_Dg,GSE227903,Diagnosis,cellchat,LMPP,LMPP,F11R,F11R,0.000380500625775392,0.06,33,33
40389_Dg,GSE227903,Diagnosis,cellchat,MEP,LMPP,F11R,F11R,0.000261748985132797,0,27,33
40389_Dg,GSE227903,Diagnosis,cellchat,Cycling Progenitor,MEP,F11R,F11R,0.000215298830523489,0,24,27
40389_Dg,GSE227903,Diagnosis,cellchat,Early Erythroid,MEP,F11R,F11R,0.000159333410349238,0,48,27
40389_Dg,GSE227903,Diagnosis,cellchat,Early GMP,MEP,F11R,F11R,0.000234273054814402,0,138,27
40389_Dg,GSE227903,Diagnosis,cellchat,LMPP,MEP,F11R,F11R,0.000261748985132797,0,33,27
40389_Dg,GSE227903,Diagnosis,cellchat,MEP,MEP,F11R,F11R,0.000180052243077994,0.03,27,27
40389_Dg,GSE227903,Diagnosis,cellchat,Cycling Progenitor,Cycling Progenitor,JAM3,F11R,5.01989588642574e-05,0,24,24
40389_Dg,GSE227903,Diagnosis,cellchat,Cycling Progenitor,Early Erythroid,JAM3,F11R,3.71484971407735e-05,0,24,48
40389_Dg,GSE227903,Diagnosis,cellchat,Cycling Progenitor,Early GMP,JAM3,F11R,5.46237736945145e-05,0,24,138
40389_Dg,GSE227903,Diagnosis,cellchat,Cycling Progenitor,LMPP,JAM3,F11R,6.10314261860017e-05,0,24,33
40389_Dg,GSE227903,Diagnosis,cellchat,Cycling Progenitor,MEP,JAM3,F11R,4.19797487067483e-05,0,24,27
40389_Dg,GSE227903,Diagnosis,cellchat,Cycling Progenitor,Cycling Progenitor,JAM3,JAM3,9.78667449215188e-06,0,24,24
40389_Dg,GSE227903,Diagnosis,cellchat,B,CD8 Memory T,HLA-A,CD8A,0.0356388906053423,0,17,358
40389_Dg,GSE227903,Diagnosis,cellchat,CD4 Memory T,CD8 Memory T,HLA-A,CD8A,0.0509150668930383,0,21,358
40389_Dg,GSE227903,Diagnosis,cellchat,CD8 Memory T,CD8 Memory T,HLA-A,CD8A,0.0540886485592224,0,358,358
40389_Dg,GSE227903,Diagnosis,cellchat,cDC,CD8 Memory T,HLA-A,CD8A,0.0339529566812203,0,196,358
40389_Dg,GSE227903,Diagnosis,cellchat,Cycling Progenitor,CD8 Memory T,HLA-A,CD8A,0.0384398943913988,0,24,358
40389_Dg,GSE227903,Diagnosis,cellchat,Early Erythroid,CD8 Memory T,HLA-A,CD8A,0.0274235947803045,0,48,358
40389_Dg,GSE227903,Diagnosis,cellchat,Early GMP,CD8 Memory T,HLA-A,CD8A,0.0337153774223042,0,138,358
40389_Dg,GSE227903,Diagnosis,cellchat,EoBasoMast Precursor,CD8 Memory T,HLA-A,CD8A,0.0270622394723107,0,24,358
40389_Dg,GSE227903,Diagnosis,cellchat,HSC MPP,CD8 Memory T,HLA-A,CD8A,0.034776847368918,0,54,358
40389_Dg,GSE227903,Diagnosis,cellchat,Late GMP,CD8 Memory T,HLA-A,CD8A,0.0295656389230848,0,158,358
40389_Dg,GSE227903,Diagnosis,cellchat,LMPP,CD8 Memory T,HLA-A,CD8A,0.0352816008460515,0,33,358
40389_Dg,GSE227903,Diagnosis,cellchat,MEP,CD8 Memory T,HLA-A,CD8A,0.0318926910534736,0,27,358
40389_Dg,GSE227903,Diagnosis,cellchat,Monocyte,CD8 Memory T,HLA-A,CD8A,0.0339109287117663,0,631,358
40389_Dg,GSE227903,Diagnosis,cellchat,NK,CD8 Memory T,HLA-A,CD8A,0.0520931592265695,0,22,358
40389_Dg,GSE227903,Diagnosis,cellchat,pDC,CD8 Memory T,HLA-A,CD8A,0.0328515391254178,0,544,358
40389_Dg,GSE227903,Diagnosis,cellchat,Plasma Cell,CD8 Memory T,HLA-A,CD8A,0.00578756204445679,0,30,358
40389_Dg,GSE227903,Diagnosis,cellchat,Pre-B,CD8 Memory T,HLA-A,CD8A,0.0354902695362663,0,140,358
40389_Dg,GSE227903,Diagnosis,cellchat,Pro-B,CD8 Memory T,HLA-A,CD8A,0.0371311884748068,0,87,358
40389_Dg,GSE227903,Diagnosis,cellchat,Pro-Monocyte,CD8 Memory T,HLA-A,CD8A,0.0308440227654096,0,110,358
40389_Dg,GSE227903,Diagnosis,cellchat,B,CD8 Memory T,HLA-B,CD8A,0.0548811433545818,0,17,358
40389_Dg,GSE227903,Diagnosis,cellchat,CD4 Memory T,CD8 Memory T,HLA-B,CD8A,0.052743395022472,0,21,358
40389_Dg,GSE227903,Diagnosis,cellchat,CD8 Memory T,CD8 Memory T,HLA-B,CD8A,0.0578382743723983,0,358,358
40389_Dg,GSE227903,Diagnosis,cellchat,cDC,CD8 Memory T,HLA-B,CD8A,0.0445022508071302,0,196,358
40389_Dg,GSE227903,Diagnosis,cellchat,Cycling Progenitor,CD8 Memory T,HLA-B,CD8A,0.0368834071395158,0,24,358
40389_Dg,GSE227903,Diagnosis,cellchat,Early Erythroid,CD8 Memory T,HLA-B,CD8A,0.0284969846297691,0,48,358
40389_Dg,GSE227903,Diagnosis,cellchat,Early GMP,CD8 Memory T,HLA-B,CD8A,0.0345825550507,0,138,358
40389_Dg,GSE227903,Diagnosis,cellchat,EoBasoMast Precursor,CD8 Memory T,HLA-B,CD8A,0.0276563585124685,0,24,358
40389_Dg,GSE227903,Diagnosis,cellchat,HSC MPP,CD8 Memory T,HLA-B,CD8A,0.034615062054642,0,54,358
40389_Dg,GSE227903,Diagnosis,cellchat,Late GMP,CD8 Memory T,HLA-B,CD8A,0.0321559719033904,0,158,358
40389_Dg,GSE227903,Diagnosis,cellchat,LMPP,CD8 Memory T,HLA-B,CD8A,0.035420722514454,0,33,358
40389_Dg,GSE227903,Diagnosis,cellchat,MEP,CD8 Memory T,HLA-B,CD8A,0.0311723566039579,0,27,358
40389_Dg,GSE227903,Diagnosis,cellchat,Monocyte,CD8 Memory T,HLA-B,CD8A,0.0428580589107037,0,631,358
40389_Dg,GSE227903,Diagnosis,cellchat,NK,CD8 Memory T,HLA-B,CD8A,0.0517562819318433,0,22,358
40389_Dg,GSE227903,Diagnosis,cellchat,pDC,CD8 Memory T,HLA-B,CD8A,0.0488503379927331,0,544,358
40389_Dg,GSE227903,Diagnosis,cellchat,Plasma Cell,CD8 Memory T,HLA-B,CD8A,0.0215074104698126,0,30,358
40389_Dg,GSE227903,Diagnosis,cellchat,Pre-B,CD8 Memory T,HLA-B,CD8A,0.0481290341629465,0,140,358
40389_Dg,GSE227903,Diagnosis,cellchat,Pro-B,CD8 Memory T,HLA-B,CD8A,0.0445065153521738,0,87,358
40389_Dg,GSE227903,Diagnosis,cellchat,Pro-Monocyte,CD8 Memory T,HLA-B,CD8A,0.039685716844674,0,110,358
40389_Dg,GSE227903,Diagnosis,cellchat,B,CD8 Memory T,HLA-C,CD8A,0.0385145749089817,0,17,358
40389_Dg,GSE227903,Diagnosis,cellchat,CD4 Memory T,CD8 Memory T,HLA-C,CD8A,0.0428357504421228,0,21,358
40389_Dg,GSE227903,Diagnosis,cellchat,CD8 Memory T,CD8 Memory T,HLA-C,CD8A,0.0535487420189344,0,358,358
40389_Dg,GSE227903,Diagnosis,cellchat,cDC,CD8 Memory T,HLA-C,CD8A,0.0347726613241658,0,196,358
40389_Dg,GSE227903,Diagnosis,cellchat,Cycling Progenitor,CD8 Memory T,HLA-C,CD8A,0.0256196851710409,0,24,358
40389_Dg,GSE227903,Diagnosis,cellchat,Early Erythroid,CD8 Memory T,HLA-C,CD8A,0.0200455820346005,0,48,358
40389_Dg,GSE227903,Diagnosis,cellchat,Early GMP,CD8 Memory T,HLA-C,CD8A,0.0235554035674976,0,138,358
40389_Dg,GSE227903,Diagnosis,cellchat,EoBasoMast Precursor,CD8 Memory T,HLA-C,CD8A,0.0170733612787165,0,24,358
40389_Dg,GSE227903,Diagnosis,cellchat,HSC MPP,CD8 Memory T,HLA-C,CD8A,0.0263593284648084,0,54,358
40389_Dg,GSE227903,Diagnosis,cellchat,Late GMP,CD8 Memory T,HLA-C,CD8A,0.0201278736325533,0,158,358
40389_Dg,GSE227903,Diagnosis,cellchat,LMPP,CD8 Memory T,HLA-C,CD8A,0.0258649897647163,0,33,358
40389_Dg,GSE227903,Diagnosis,cellchat,MEP,CD8 Memory T,HLA-C,CD8A,0.0216670153012734,0,27,358
40389_Dg,GSE227903,Diagnosis,cellchat,Monocyte,CD8 Memory T,HLA-C,CD8A,0.0223742096450068,0,631,358
40389_Dg,GSE227903,Diagnosis,cellchat,NK,CD8 Memory T,HLA-C,CD8A,0.046212608953216,0,22,358
40389_Dg,GSE227903,Diagnosis,cellchat,pDC,CD8 Memory T,HLA-C,CD8A,0.035682370427398,0,544,358
40389_Dg,GSE227903,Diagnosis,cellchat,Plasma Cell,CD8 Memory T,HLA-C,CD8A,0.0211496994825522,0,30,358
40389_Dg,GSE227903,Diagnosis,cellchat,Pre-B,CD8 Memory T,HLA-C,CD8A,0.0336996386096058,0,140,358
40389_Dg,GSE227903,Diagnosis,cellchat,Pro-B,CD8 Memory T,HLA-C,CD8A,0.0326616672891023,0,87,358
40389_Dg,GSE227903,Diagnosis,cellchat,Pro-Monocyte,CD8 Memory T,HLA-C,CD8A,0.0174667614329612,0,110,358
40389_Dg,GSE227903,Diagnosis,cellchat,B,CD8 Memory T,HLA-E,CD8A,0.0230610156751762,0,17,358
40389_Dg,GSE227903,Diagnosis,cellchat,CD4 Memory T,CD8 Memory T,HLA-E,CD8A,0.0284505324726707,0,21,358
40389_Dg,GSE227903,Diagnosis,cellchat,CD8 Memory T,CD8 Memory T,HLA-E,CD8A,0.0395302629703211,0,358,358
40389_Dg,GSE227903,Diagnosis,cellchat,cDC,CD8 Memory T,HLA-E,CD8A,0.0211585886646041,0,196,358
40389_Dg,GSE227903,Diagnosis,cellchat,Cycling Progenitor,CD8 Memory T,HLA-E,CD8A,0.0164473525140392,0,24,358
40389_Dg,GSE227903,Diagnosis,cellchat,Early Erythroid,CD8 Memory T,HLA-E,CD8A,0.0135604876899768,0,48,358
40389_Dg,GSE227903,Diagnosis,cellchat,Early GMP,CD8 Memory T,HLA-E,CD8A,0.0168289947760583,0,138,358
40389_Dg,GSE227903,Diagnosis,cellchat,EoBasoMast Precursor,CD8 Memory T,HLA-E,CD8A,0.0126707048721692,0,24,358
40389_Dg,GSE227903,Diagnosis,cellchat,HSC MPP,CD8 Memory T,HLA-E,CD8A,0.0224500956765992,0,54,358
40389_Dg,GSE227903,Diagnosis,cellchat,Late GMP,CD8 Memory T,HLA-E,CD8A,0.0146621325407493,0,158,358
40389_Dg,GSE227903,Diagnosis,cellchat,LMPP,CD8 Memory T,HLA-E,CD8A,0.0187954432192922,0,33,358
40389_Dg,GSE227903,Diagnosis,cellchat,MEP,CD8 Memory T,HLA-E,CD8A,0.0206088842565629,0,27,358
40389_Dg,GSE227903,Diagnosis,cellchat,Monocyte,CD8 Memory T,HLA-E,CD8A,0.0206896645105939,0,631,358
40389_Dg,GSE227903,Diagnosis,cellchat,NK,CD8 Memory T,HLA-E,CD8A,0.0305789604975623,0,22,358
40389_Dg,GSE227903,Diagnosis,cellchat,pDC,CD8 Memory T,HLA-E,CD8A,0.01496950722709,0,544,358
40389_Dg,GSE227903,Diagnosis,cellchat,Plasma Cell,CD8 Memory T,HLA-E,CD8A,0.0046088107021691,0,30,358
40389_Dg,GSE227903,Diagnosis,cellchat,Pre-B,CD8 Memory T,HLA-E,CD8A,0.0223330785374698,0,140,358
40389_Dg,GSE227903,Diagnosis,cellchat,Pro-B,CD8 Memory T,HLA-E,CD8A,0.0196570393050071,0,87,358
40389_Dg,GSE227903,Diagnosis,cellchat,Pro-Monocyte,CD8 Memory T,HLA-E,CD8A,0.017782615879186,0,110,358
40389_Dg,GSE227903,Diagnosis,cellchat,CD4 Memory T,CD8 Memory T,HLA-F,CD8A,0.00294197580756476,0,21,358
40389_Dg,GSE227903,Diagnosis,cellchat,CD8 Memory T,CD8 Memory T,HLA-F,CD8A,0.00757834680936297,0,358,358
40389_Dg,GSE227903,Diagnosis,cellchat,cDC,CD8 Memory T,HLA-F,CD8A,0.00209879076714335,0,196,358
40389_Dg,GSE227903,Diagnosis,cellchat,Cycling Progenitor,CD8 Memory T,HLA-F,CD8A,0.00327212562586181,0,24,358
40389_Dg,GSE227903,Diagnosis,cellchat,LMPP,CD8 Memory T,HLA-F,CD8A,0.00163579894942145,0,33,358
40389_Dg,GSE227903,Diagnosis,cellchat,NK,CD8 Memory T,HLA-F,CD8A,0.0147508633645611,0,22,358
40389_Dg,GSE227903,Diagnosis,cellchat,Pro-B,CD8 Memory T,HLA-F,CD8A,0.00270469873967423,0,87,358
40389_Dg,GSE227903,Diagnosis,cellchat,B,NK,HLA-E,KLRC1,0.0287095543758305,0,17,22
40389_Dg,GSE227903,Diagnosis,cellchat,CD4 Memory T,NK,HLA-E,KLRC1,0.0353713771761506,0,21,22
40389_Dg,GSE227903,Diagnosis,cellchat,CD8 Memory T,NK,HLA-E,KLRC1,0.0490103874012685,0,358,22
40389_Dg,GSE227903,Diagnosis,cellchat,cDC,NK,HLA-E,KLRC1,0.0263537192188451,0,196,22
40389_Dg,GSE227903,Diagnosis,cellchat,Cycling Progenitor,NK,HLA-E,KLRC1,0.0205099574049076,0,24,22
40389_Dg,GSE227903,Diagnosis,cellchat,Early Erythroid,NK,HLA-E,KLRC1,0.0169222865103075,0,48,22
40389_Dg,GSE227903,Diagnosis,cellchat,Early GMP,NK,HLA-E,KLRC1,0.0209838566423303,0,138,22
40389_Dg,GSE227903,Diagnosis,cellchat,EoBasoMast Precursor,NK,HLA-E,KLRC1,0.0158154530783549,0,24,22
40389_Dg,GSE227903,Diagnosis,cellchat,HSC MPP,NK,HLA-E,KLRC1,0.0279532779463962,0,54,22
40389_Dg,GSE227903,Diagnosis,cellchat,Late GMP,NK,HLA-E,KLRC1,0.0182919772216268,0,158,22
40389_Dg,GSE227903,Diagnosis,cellchat,LMPP,NK,HLA-E,KLRC1,0.0234242289501723,0,33,22
40389_Dg,GSE227903,Diagnosis,cellchat,MEP,NK,HLA-E,KLRC1,0.0256725842122475,0,27,22
40389_Dg,GSE227903,Diagnosis,cellchat,Monocyte,NK,HLA-E,KLRC1,0.0257726902525447,0,631,22
40389_Dg,GSE227903,Diagnosis,cellchat,NK,NK,HLA-E,KLRC1,0.0379973146581662,0,22,22
40389_Dg,GSE227903,Diagnosis,cellchat,pDC,NK,HLA-E,KLRC1,0.0186740052594132,0,544,22
40389_Dg,GSE227903,Diagnosis,cellchat,Plasma Cell,NK,HLA-E,KLRC1,0.00576435543078738,0,30,22
40389_Dg,GSE227903,Diagnosis,cellchat,Pre-B,NK,HLA-E,KLRC1,0.0278083924313271,0,140,22
40389_Dg,GSE227903,Diagnosis,cellchat,Pro-B,NK,HLA-E,KLRC1,0.024492715186807,0,87,22
40389_Dg,GSE227903,Diagnosis,cellchat,Pro-Monocyte,NK,HLA-E,KLRC1,0.0221676060982095,0,110,22
40389_Dg,GSE227903,Diagnosis,cellchat,B,CD8 Memory T,HLA-E,KLRK1,0.0206573765739906,0,17,358
40389_Dg,GSE227903,Diagnosis,cellchat,CD4 Memory T,CD8 Memory T,HLA-E,KLRK1,0.0254998090759013,0,21,358
40389_Dg,GSE227903,Diagnosis,cellchat,CD8 Memory T,CD8 Memory T,HLA-E,KLRK1,0.035472370363809,0,358,358
40389_Dg,GSE227903,Diagnosis,cellchat,cDC,CD8 Memory T,HLA-E,KLRK1,0.0189493925052325,0,196,358
40389_Dg,GSE227903,Diagnosis,cellchat,Cycling Progenitor,CD8 Memory T,HLA-E,KLRK1,0.0147226640183632,0,24,358
40389_Dg,GSE227903,Diagnosis,cellchat,Early Erythroid,CD8 Memory T,HLA-E,KLRK1,0.0121347843235111,0,48,358
40389_Dg,GSE227903,Diagnosis,cellchat,Early GMP,CD8 Memory T,HLA-E,KLRK1,0.0150648998001029,0,138,358
40389_Dg,GSE227903,Diagnosis,cellchat,EoBasoMast Precursor,CD8 Memory T,HLA-E,KLRK1,0.0113374750461386,0,24,358
40389_Dg,GSE227903,Diagnosis,cellchat,HSC MPP,CD8 Memory T,HLA-E,KLRK1,0.0201088218140338,0,54,358
40389_Dg,GSE227903,Diagnosis,cellchat,Late GMP,CD8 Memory T,HLA-E,KLRK1,0.013122146738749,0,158,358
40389_Dg,GSE227903,Diagnosis,cellchat,LMPP,CD8 Memory T,HLA-E,KLRK1,0.0168287441279507,0,33,358
40389_Dg,GSE227903,Diagnosis,cellchat,MEP,CD8 Memory T,HLA-E,KLRK1,0.0184560012733003,0,27,358
40389_Dg,GSE227903,Diagnosis,cellchat,Monocyte,CD8 Memory T,HLA-E,KLRK1,0.0185285025575998,0,631,358
40389_Dg,GSE227903,Diagnosis,cellchat,NK,CD8 Memory T,HLA-E,KLRK1,0.0274137176904956,0,22,358
40389_Dg,GSE227903,Diagnosis,cellchat,pDC,CD8 Memory T,HLA-E,KLRK1,0.0133976763672455,0,544,358
40389_Dg,GSE227903,Diagnosis,cellchat,Plasma Cell,CD8 Memory T,HLA-E,KLRK1,0.00412032493717008,0,30,358
40389_Dg,GSE227903,Diagnosis,cellchat,Pre-B,CD8 Memory T,HLA-E,KLRK1,0.0200037584277393,0,140,358
40389_Dg,GSE227903,Diagnosis,cellchat,Pro-B,CD8 Memory T,HLA-E,KLRK1,0.0176018026556848,0,87,358
40389_Dg,GSE227903,Diagnosis,cellchat,Pro-Monocyte,CD8 Memory T,HLA-E,KLRK1,0.0159201764910219,0,110,358
40389_Dg,GSE227903,Diagnosis,cellchat,B,NK,HLA-E,KLRK1,0.0419786896259359,0,17,22
40389_Dg,GSE227903,Diagnosis,cellchat,CD4 Memory T,NK,HLA-E,KLRK1,0.0515560761975664,0,21,22
40389_Dg,GSE227903,Diagnosis,cellchat,CD8 Memory T,NK,HLA-E,KLRK1,0.0709766299149836,0,358,22
40389_Dg,GSE227903,Diagnosis,cellchat,cDC,NK,HLA-E,KLRK1,0.0385772677360664,0,196,22
40389_Dg,GSE227903,Diagnosis,cellchat,Cycling Progenitor,NK,HLA-E,KLRK1,0.0301068284630616,0,24,22
40389_Dg,GSE227903,Diagnosis,cellchat,Early Erythroid,NK,HLA-E,KLRK1,0.0248830868654444,0,48,22
40389_Dg,GSE227903,Diagnosis,cellchat,Early GMP,NK,HLA-E,KLRK1,0.0307954995159894,0,138,22
40389_Dg,GSE227903,Diagnosis,cellchat,EoBasoMast Precursor,NK,HLA-E,KLRK1,0.0232678864947338,0,24,22
40389_Dg,GSE227903,Diagnosis,cellchat,HSC MPP,NK,HLA-E,KLRK1,0.0408875875982284,0,54,22
40389_Dg,GSE227903,Diagnosis,cellchat,Late GMP,NK,HLA-E,KLRK1,0.0268795072730409,0,158,22
40389_Dg,GSE227903,Diagnosis,cellchat,LMPP,NK,HLA-E,KLRK1,0.0343369217695636,0,33,22
40389_Dg,GSE227903,Diagnosis,cellchat,MEP,NK,HLA-E,KLRK1,0.03759240235529,0,27,22
40389_Dg,GSE227903,Diagnosis,cellchat,Monocyte,NK,HLA-E,KLRK1,0.0377371875582079,0,631,22
40389_Dg,GSE227903,Diagnosis,cellchat,NK,NK,HLA-E,KLRK1,0.0553146507205794,0,22,22
40389_Dg,GSE227903,Diagnosis,cellchat,pDC,NK,HLA-E,KLRK1,0.0274358735938614,0,544,22
40389_Dg,GSE227903,Diagnosis,cellchat,Plasma Cell,NK,HLA-E,KLRK1,0.00852159821758901,0,30,22
40389_Dg,GSE227903,Diagnosis,cellchat,Pre-B,NK,HLA-E,KLRK1,0.0406784673726605,0,140,22
40389_Dg,GSE227903,Diagnosis,cellchat,Pro-B,NK,HLA-E,KLRK1,0.0358848946841307,0,87,22
40389_Dg,GSE227903,Diagnosis,cellchat,Pro-Monocyte,NK,HLA-E,KLRK1,0.0325143647978383,0,110,22
40389_Dg,GSE227903,Diagnosis,cellchat,B,NK,HLA-E,CD94:NKG2A,0.055086950691,0,17,22
40389_Dg,GSE227903,Diagnosis,cellchat,CD4 Memory T,NK,HLA-E,CD94:NKG2A,0.0674444311817873,0,21,22
40389_Dg,GSE227903,Diagnosis,cellchat,CD8 Memory T,NK,HLA-E,CD94:NKG2A,0.0922677015311454,0,358,22
40389_Dg,GSE227903,Diagnosis,cellchat,cDC,NK,HLA-E,CD94:NKG2A,0.050679588011736,0,196,22
40389_Dg,GSE227903,Diagnosis,cellchat,Cycling Progenitor,NK,HLA-E,CD94:NKG2A,0.0396614552155937,0,24,22
40389_Dg,GSE227903,Diagnosis,cellchat,Early Erythroid,NK,HLA-E,CD94:NKG2A,0.0328360453566375,0,48,22
40389_Dg,GSE227903,Diagnosis,cellchat,Early GMP,NK,HLA-E,CD94:NKG2A,0.0405595415154568,0,138,22
40389_Dg,GSE227903,Diagnosis,cellchat,EoBasoMast Precursor,NK,HLA-E,CD94:NKG2A,0.0307208699327065,0,24,22
40389_Dg,GSE227903,Diagnosis,cellchat,HSC MPP,NK,HLA-E,CD94:NKG2A,0.0536742297808781,0,54,22
40389_Dg,GSE227903,Diagnosis,cellchat,Late GMP,NK,HLA-E,CD94:NKG2A,0.0354473522248686,0,158,22
40389_Dg,GSE227903,Diagnosis,cellchat,LMPP,NK,HLA-E,CD94:NKG2A,0.0451714773175505,0,33,22
40389_Dg,GSE227903,Diagnosis,cellchat,MEP,NK,HLA-E,CD94:NKG2A,0.0494016302365094,0,27,22
40389_Dg,GSE227903,Diagnosis,cellchat,Monocyte,NK,HLA-E,CD94:NKG2A,0.0495895545091123,0,631,22
40389_Dg,GSE227903,Diagnosis,cellchat,NK,NK,HLA-E,CD94:NKG2A,0.0722730441939824,0,22,22
40389_Dg,GSE227903,Diagnosis,cellchat,pDC,NK,HLA-E,CD94:NKG2A,0.0361744679048102,0,544,22
40389_Dg,GSE227903,Diagnosis,cellchat,Plasma Cell,NK,HLA-E,CD94:NKG2A,0.0113058427744301,0,30,22
40389_Dg,GSE227903,Diagnosis,cellchat,Pre-B,NK,HLA-E,CD94:NKG2A,0.0534033533981919,0,140,22
40389_Dg,GSE227903,Diagnosis,cellchat,Pro-B,NK,HLA-E,CD94:NKG2A,0.0471840261867567,0,87,22
40389_Dg,GSE227903,Diagnosis,cellchat,Pro-Monocyte,NK,HLA-E,CD94:NKG2A,0.0427993252908845,0,110,22
40389_Dg,GSE227903,Diagnosis,cellchat,B,NK,HLA-E,CD94:NKG2E,0.0302631518376865,0,17,22
40389_Dg,GSE227903,Diagnosis,cellchat,CD4 Memory T,NK,HLA-E,CD94:NKG2E,0.0372716409429607,0,21,22
40389_Dg,GSE227903,Diagnosis,cellchat,CD8 Memory T,NK,HLA-E,CD94:NKG2E,0.0516041840093308,0,358,22
40389_Dg,GSE227903,Diagnosis,cellchat,cDC,NK,HLA-E,CD94:NKG2E,0.0277834789615023,0,196,22
40389_Dg,GSE227903,Diagnosis,cellchat,Cycling Progenitor,NK,HLA-E,CD94:NKG2E,0.0216297205336892,0,24,22
40389_Dg,GSE227903,Diagnosis,cellchat,Early Erythroid,NK,HLA-E,CD94:NKG2E,0.0178497463863634,0,48,22
40389_Dg,GSE227903,Diagnosis,cellchat,Early GMP,NK,HLA-E,CD94:NKG2E,0.022128908277635,0,138,22
40389_Dg,GSE227903,Diagnosis,cellchat,EoBasoMast Precursor,NK,HLA-E,CD94:NKG2E,0.0166832801925619,0,24,22
40389_Dg,GSE227903,Diagnosis,cellchat,HSC MPP,NK,HLA-E,CD94:NKG2E,0.029467191639602,0,54,22
40389_Dg,GSE227903,Diagnosis,cellchat,Late GMP,NK,HLA-E,CD94:NKG2E,0.0192930325138176,0,158,22
40389_Dg,GSE227903,Diagnosis,cellchat,LMPP,NK,HLA-E,CD94:NKG2E,0.0246990877553989,0,33,22
40389_Dg,GSE227903,Diagnosis,cellchat,MEP,NK,HLA-E,CD94:NKG2E,0.0270664178276957,0,27,22
40389_Dg,GSE227903,Diagnosis,cellchat,Monocyte,NK,HLA-E,CD94:NKG2E,0.0271718073233551,0,631,22
40389_Dg,GSE227903,Diagnosis,cellchat,NK,NK,HLA-E,CD94:NKG2E,0.0400327975384746,0,22,22
40389_Dg,GSE227903,Diagnosis,cellchat,pDC,NK,HLA-E,CD94:NKG2E,0.0196955481482518,0,544,22
40389_Dg,GSE227903,Diagnosis,cellchat,Plasma Cell,NK,HLA-E,CD94:NKG2E,0.0060840671511396,0,30,22
40389_Dg,GSE227903,Diagnosis,cellchat,Pre-B,NK,HLA-E,CD94:NKG2E,0.029314695952677,0,140,22
40389_Dg,GSE227903,Diagnosis,cellchat,Pro-B,NK,HLA-E,CD94:NKG2E,0.02582418838145,0,87,22
40389_Dg,GSE227903,Diagnosis,cellchat,Pro-Monocyte,NK,HLA-E,CD94:NKG2E,0.0233757105101696,0,110,22
40389_Dg,GSE227903,Diagnosis,cellchat,Pre-B,Pre-B,MPZL1,MPZL1,0.000108270400486547,0,140,140
40389_Dg,GSE227903,Diagnosis,cellchat,NK,Cycling Progenitor,NCAM1,FGFR1,0.000191217896952194,0,22,24
40389_Dg,GSE227903,Diagnosis,cellchat,NK,NK,NCAM1,NCAM1,0.00242681125574407,0,22,22
40389_Dg,GSE227903,Diagnosis,cellchat,Cycling Progenitor,Cycling Progenitor,NEGR1,NEGR1,0.000440980977267643,0,24,24
40389_Dg,GSE227903,Diagnosis,cellchat,LMPP,Cycling Progenitor,NEGR1,NEGR1,0.000729994648804454,0,33,24
40389_Dg,GSE227903,Diagnosis,cellchat,Cycling Progenitor,LMPP,NEGR1,NEGR1,0.000729994648804454,0,24,33
40389_Dg,GSE227903,Diagnosis,cellchat,LMPP,LMPP,NEGR1,NEGR1,0.00120819548003863,0,33,33
40389_Dg,GSE227903,Diagnosis,cellchat,Cycling Progenitor,Cycling Progenitor,OCLN,OCLN,9.78667449215188e-06,0,24,24
40389_Dg,GSE227903,Diagnosis,cellchat,Cycling Progenitor,Cycling Progenitor,PECAM1,PECAM1,0.000126810586672218,0.04,24,24
40389_Dg,GSE227903,Diagnosis,cellchat,Early GMP,Cycling Progenitor,PECAM1,PECAM1,0.0001682347052334,0,138,24
40389_Dg,GSE227903,Diagnosis,cellchat,LMPP,Cycling Progenitor,PECAM1,PECAM1,0.000234820971107733,0.01,33,24
40389_Dg,GSE227903,Diagnosis,cellchat,Cycling Progenitor,Early GMP,PECAM1,PECAM1,0.0001682347052334,0,24,138
40389_Dg,GSE227903,Diagnosis,cellchat,Early GMP,Early GMP,PECAM1,PECAM1,0.000223187462174054,0,138,138
40389_Dg,GSE227903,Diagnosis,cellchat,LMPP,Early GMP,PECAM1,PECAM1,0.000311516916031539,0,33,138
40389_Dg,GSE227903,Diagnosis,cellchat,Cycling Progenitor,LMPP,PECAM1,PECAM1,0.000234820971107733,0.01,24,33
40389_Dg,GSE227903,Diagnosis,cellchat,Early GMP,LMPP,PECAM1,PECAM1,0.000311516916031539,0,138,33
40389_Dg,GSE227903,Diagnosis,cellchat,LMPP,LMPP,PECAM1,PECAM1,0.000434788742204952,0.03,33,33
40389_Dg,GSE227903,Diagnosis,cellchat,cDC,Cycling Progenitor,SELL,CD34,0.00592228024798259,0,196,24
40389_Dg,GSE227903,Diagnosis,cellchat,Cycling Progenitor,Cycling Progenitor,SELL,CD34,0.00413826999705658,0,24,24
40389_Dg,GSE227903,Diagnosis,cellchat,Early GMP,Cycling Progenitor,SELL,CD34,0.00439641483724779,0,138,24
40389_Dg,GSE227903,Diagnosis,cellchat,HSC MPP,Cycling Progenitor,SELL,CD34,0.00100829876618586,0,54,24
40389_Dg,GSE227903,Diagnosis,cellchat,LMPP,Cycling Progenitor,SELL,CD34,0.00646256716773212,0,33,24
40389_Dg,GSE227903,Diagnosis,cellchat,NK,Cycling Progenitor,SELL,CD34,0.00517211501982002,0,22,24
40389_Dg,GSE227903,Diagnosis,cellchat,pDC,Cycling Progenitor,SELL,CD34,0.00257969571882352,0,544,24
40389_Dg,GSE227903,Diagnosis,cellchat,cDC,Early Erythroid,SELL,CD34,0.00097347746516559,0,196,48
40389_Dg,GSE227903,Diagnosis,cellchat,Cycling Progenitor,Early Erythroid,SELL,CD34,0.000679211406705769,0,24,48
40389_Dg,GSE227903,Diagnosis,cellchat,Early GMP,Early Erythroid,SELL,CD34,0.000721736922111787,0,138,48
40389_Dg,GSE227903,Diagnosis,cellchat,HSC MPP,Early Erythroid,SELL,CD34,0.000165057755576261,0,54,48
40389_Dg,GSE227903,Diagnosis,cellchat,LMPP,Early Erythroid,SELL,CD34,0.0010627700440864,0,33,48
40389_Dg,GSE227903,Diagnosis,cellchat,NK,Early Erythroid,SELL,CD34,0.000849632949282857,0,22,48
40389_Dg,GSE227903,Diagnosis,cellchat,pDC,Early Erythroid,SELL,CD34,0.000422850518355173,0,544,48
40389_Dg,GSE227903,Diagnosis,cellchat,cDC,Early GMP,SELL,CD34,0.00264691011085718,0,196,138
40389_Dg,GSE227903,Diagnosis,cellchat,Cycling Progenitor,Early GMP,SELL,CD34,0.00184772876215108,0,24,138
40389_Dg,GSE227903,Diagnosis,cellchat,Early GMP,Early GMP,SELL,CD34,0.00196327157011132,0,138,138
40389_Dg,GSE227903,Diagnosis,cellchat,HSC MPP,Early GMP,SELL,CD34,0.00044942142336209,0,54,138
40389_Dg,GSE227903,Diagnosis,cellchat,LMPP,Early GMP,SELL,CD34,0.00288925499346764,0,33,138
40389_Dg,GSE227903,Diagnosis,cellchat,NK,Early GMP,SELL,CD34,0.00231066610799338,0,22,138
40389_Dg,GSE227903,Diagnosis,cellchat,pDC,Early GMP,SELL,CD34,0.00115083173969042,0,544,138
40389_Dg,GSE227903,Diagnosis,cellchat,cDC,EoBasoMast Precursor,SELL,CD34,0.00246567533125035,0,196,24
40389_Dg,GSE227903,Diagnosis,cellchat,Cycling Progenitor,EoBasoMast Precursor,SELL,CD34,0.0017211197544465,0,24,24
40389_Dg,GSE227903,Diagnosis,cellchat,Early GMP,EoBasoMast Precursor,SELL,CD34,0.00182875990994541,0,138,24
40389_Dg,GSE227903,Diagnosis,cellchat,HSC MPP,EoBasoMast Precursor,SELL,CD34,0.000418586246359698,0,54,24
40389_Dg,GSE227903,Diagnosis,cellchat,LMPP,EoBasoMast Precursor,SELL,CD34,0.00269147156172032,0,33,24
40389_Dg,GSE227903,Diagnosis,cellchat,NK,EoBasoMast Precursor,SELL,CD34,0.00215240437677097,0,22,24
40389_Dg,GSE227903,Diagnosis,cellchat,pDC,EoBasoMast Precursor,SELL,CD34,0.00107192382734324,0,544,24
40389_Dg,GSE227903,Diagnosis,cellchat,cDC,HSC MPP,SELL,CD34,0.00407451300653096,0,196,54
40389_Dg,GSE227903,Diagnosis,cellchat,Cycling Progenitor,HSC MPP,SELL,CD34,0.00284552541383737,0,24,54
40389_Dg,GSE227903,Diagnosis,cellchat,Early GMP,HSC MPP,SELL,CD34,0.00302327379881396,0,138,54
40389_Dg,GSE227903,Diagnosis,cellchat,HSC MPP,HSC MPP,SELL,CD34,0.000692638597442729,0,54,54
40389_Dg,GSE227903,Diagnosis,cellchat,LMPP,HSC MPP,SELL,CD34,0.00444698306370789,0,33,54
40389_Dg,GSE227903,Diagnosis,cellchat,NK,HSC MPP,SELL,CD34,0.00355756371037806,0,22,54
40389_Dg,GSE227903,Diagnosis,cellchat,pDC,HSC MPP,SELL,CD34,0.00177296373926086,0,544,54
40389_Dg,GSE227903,Diagnosis,cellchat,cDC,LMPP,SELL,CD34,0.01237780769637,0,196,33
40389_Dg,GSE227903,Diagnosis,cellchat,Cycling Progenitor,LMPP,SELL,CD34,0.00866610627108365,0,24,33
40389_Dg,GSE227903,Diagnosis,cellchat,Early GMP,LMPP,SELL,CD34,0.00920408659448956,0,138,33
40389_Dg,GSE227903,Diagnosis,cellchat,HSC MPP,LMPP,SELL,CD34,0.00211880247272953,0,54,33
40389_Dg,GSE227903,Diagnosis,cellchat,LMPP,LMPP,SELL,CD34,0.0134990320213087,0,33,33
40389_Dg,GSE227903,Diagnosis,cellchat,NK,LMPP,SELL,CD34,0.0108188310976594,0,22,33
40389_Dg,GSE227903,Diagnosis,cellchat,pDC,LMPP,SELL,CD34,0.00541150402744418,0,544,33
40389_Dg,GSE227903,Diagnosis,cellchat,cDC,MEP,SELL,CD34,0.0022749520168656,0,196,27
40389_Dg,GSE227903,Diagnosis,cellchat,Cycling Progenitor,MEP,SELL,CD34,0.00158789714191179,0,24,27
40389_Dg,GSE227903,Diagnosis,cellchat,Early GMP,MEP,SELL,CD34,0.00168721953446791,0,138,27
40389_Dg,GSE227903,Diagnosis,cellchat,HSC MPP,MEP,SELL,CD34,0.000386146739727026,0,54,27
40389_Dg,GSE227903,Diagnosis,cellchat,LMPP,MEP,SELL,CD34,0.00248332608428404,0,33,27
40389_Dg,GSE227903,Diagnosis,cellchat,NK,MEP,SELL,CD34,0.00198586475320223,0,22,27
40389_Dg,GSE227903,Diagnosis,cellchat,pDC,MEP,SELL,CD34,0.000988902197058432,0,544,27
40389_Dg,GSE227903,Diagnosis,cellchat,cDC,cDC,SEMA4A,PLXNB2,0.0012021113111574,0,196,196
40389_Dg,GSE227903,Diagnosis,cellchat,Cycling Progenitor,cDC,SEMA4A,PLXNB2,0.000546687838300798,0,24,196
40389_Dg,GSE227903,Diagnosis,cellchat,cDC,Cycling Progenitor,SEMA4A,PLXNB2,0.000372419402938635,0,196,24
40389_Dg,GSE227903,Diagnosis,cellchat,Cycling Progenitor,Cycling Progenitor,SEMA4A,PLXNB2,0.000169289637338012,0,24,24
40389_Dg,GSE227903,Diagnosis,cellchat,cDC,Monocyte,SEMA4A,PLXNB2,0.00133111056401006,0,196,631
40389_Dg,GSE227903,Diagnosis,cellchat,Cycling Progenitor,Monocyte,SEMA4A,PLXNB2,0.000605395854215943,0,24,631
40389_Dg,GSE227903,Diagnosis,cellchat,cDC,Pro-B,SEMA4A,PLXNB2,0.000833700375473913,0,196,87
40389_Dg,GSE227903,Diagnosis,cellchat,Cycling Progenitor,Pro-B,SEMA4A,PLXNB2,0.000379068235933956,0,24,87
40389_Dg,GSE227903,Diagnosis,cellchat,Early Erythroid,cDC,SEMA4D,PLXNB2,0.000393899006365127,0.01,48,196
40389_Dg,GSE227903,Diagnosis,cellchat,EoBasoMast Precursor,cDC,SEMA4D,PLXNB2,0.00139089983745281,0,24,196
40389_Dg,GSE227903,Diagnosis,cellchat,MEP,cDC,SEMA4D,PLXNB2,0.00051061755549757,0.03,27,196
40389_Dg,GSE227903,Diagnosis,cellchat,pDC,cDC,SEMA4D,PLXNB2,0.00170531575143277,0,544,196
40389_Dg,GSE227903,Diagnosis,cellchat,Early Erythroid,Cycling Progenitor,SEMA4D,PLXNB2,0.000121963538838074,0.13,48,24
40389_Dg,GSE227903,Diagnosis,cellchat,EoBasoMast Precursor,Cycling Progenitor,SEMA4D,PLXNB2,0.000430963146196906,0.11,24,24
40389_Dg,GSE227903,Diagnosis,cellchat,MEP,Cycling Progenitor,SEMA4D,PLXNB2,0.000158116023704985,0.14,27,24
40389_Dg,GSE227903,Diagnosis,cellchat,pDC,Cycling Progenitor,SEMA4D,PLXNB2,0.000528498138292893,0.01,544,24
40389_Dg,GSE227903,Diagnosis,cellchat,Early Erythroid,Monocyte,SEMA4D,PLXNB2,0.000436206411789346,0,48,631
40389_Dg,GSE227903,Diagnosis,cellchat,EoBasoMast Precursor,Monocyte,SEMA4D,PLXNB2,0.00154012685612897,0,24,631
40389_Dg,GSE227903,Diagnosis,cellchat,MEP,Monocyte,SEMA4D,PLXNB2,0.000565454227440113,0,27,631
40389_Dg,GSE227903,Diagnosis,cellchat,pDC,Monocyte,SEMA4D,PLXNB2,0.00188821207621402,0,544,631
40389_Dg,GSE227903,Diagnosis,cellchat,Early Erythroid,Pro-B,SEMA4D,PLXNB2,0.000273113086950737,0.03,48,87
40389_Dg,GSE227903,Diagnosis,cellchat,EoBasoMast Precursor,Pro-B,SEMA4D,PLXNB2,0.000964686782648516,0.03,24,87
40389_Dg,GSE227903,Diagnosis,cellchat,MEP,Pro-B,SEMA4D,PLXNB2,0.000354053521278028,0.03,27,87
40389_Dg,GSE227903,Diagnosis,cellchat,pDC,Pro-B,SEMA4D,PLXNB2,0.00118287043856917,0,544,87
40389_Dg,GSE227903,Diagnosis,cellchat,Early Erythroid,B,SEMA4D,CD72,0.00350958033508021,0,48,17
40389_Dg,GSE227903,Diagnosis,cellchat,EoBasoMast Precursor,B,SEMA4D,CD72,0.0122957026900956,0,24,17
40389_Dg,GSE227903,Diagnosis,cellchat,MEP,B,SEMA4D,CD72,0.00454532686717132,0,27,17
40389_Dg,GSE227903,Diagnosis,cellchat,pDC,B,SEMA4D,CD72,0.0150380516091448,0,544,17
40389_Dg,GSE227903,Diagnosis,cellchat,Early Erythroid,Pre-B,SEMA4D,CD72,0.00110869320938671,0,48,140
40389_Dg,GSE227903,Diagnosis,cellchat,EoBasoMast Precursor,Pre-B,SEMA4D,CD72,0.00390784225659783,0,24,140
40389_Dg,GSE227903,Diagnosis,cellchat,MEP,Pre-B,SEMA4D,CD72,0.00143691220026805,0,27,140
40389_Dg,GSE227903,Diagnosis,cellchat,pDC,Pre-B,SEMA4D,CD72,0.00478849018810414,0,544,140
40389_Dg,GSE227903,Diagnosis,cellchat,Early Erythroid,Pro-B,SEMA4D,CD72,0.000229630567267234,0,48,87
40389_Dg,GSE227903,Diagnosis,cellchat,EoBasoMast Precursor,Pro-B,SEMA4D,CD72,0.000811187687103639,0,24,87
40389_Dg,GSE227903,Diagnosis,cellchat,MEP,Pro-B,SEMA4D,CD72,0.000297688257417583,0,27,87
40389_Dg,GSE227903,Diagnosis,cellchat,pDC,Pro-B,SEMA4D,CD72,0.000994688947495398,0,544,87
40389_Dg,GSE227903,Diagnosis,cellchat,pDC,Early Erythroid,SEMA7A,PLXNC1,0.000321856630615849,0,544,48
40389_Dg,GSE227903,Diagnosis,cellchat,pDC,MEP,SEMA7A,PLXNC1,0.00256401438208268,0,544,27
40389_Dg,GSE227903,Diagnosis,cellchat,cDC,Cycling Progenitor,ITGAV_ITGB1,ADGRE2,0.0013145029252821,0,196,24
40389_Dg,GSE227903,Diagnosis,cellchat,Cycling Progenitor,Cycling Progenitor,ITGAV_ITGB1,ADGRE2,0.000564257940390041,0.01,24,24
40389_Dg,GSE227903,Diagnosis,cellchat,EoBasoMast Precursor,Cycling Progenitor,ITGAV_ITGB1,ADGRE2,0.000451834606065486,0.02,24,24
40389_Dg,GSE227903,Diagnosis,cellchat,MEP,Cycling Progenitor,ITGAV_ITGB1,ADGRE2,0.000931559195292378,0.01,27,24
40389_Dg,GSE227903,Diagnosis,cellchat,Monocyte,Cycling Progenitor,ITGAV_ITGB1,ADGRE2,0.00154620219249321,0,631,24
40389_Dg,GSE227903,Diagnosis,cellchat,cDC,Early GMP,ITGAV_ITGB1,ADGRE2,0.00137781948275387,0,196,138
40389_Dg,GSE227903,Diagnosis,cellchat,Cycling Progenitor,Early GMP,ITGAV_ITGB1,ADGRE2,0.000591458338813435,0,24,138
40389_Dg,GSE227903,Diagnosis,cellchat,EoBasoMast Precursor,Early GMP,ITGAV_ITGB1,ADGRE2,0.000473618137229825,0,24,138
40389_Dg,GSE227903,Diagnosis,cellchat,MEP,Early GMP,ITGAV_ITGB1,ADGRE2,0.000976448276162755,0,27,138
40389_Dg,GSE227903,Diagnosis,cellchat,Monocyte,Early GMP,ITGAV_ITGB1,ADGRE2,0.0016206610552779,0,631,138
40389_Dg,GSE227903,Diagnosis,cellchat,cDC,EoBasoMast Precursor,ITGAV_ITGB1,ADGRE2,0.00418361030190385,0,196,24
40389_Dg,GSE227903,Diagnosis,cellchat,Cycling Progenitor,EoBasoMast Precursor,ITGAV_ITGB1,ADGRE2,0.00179878822254871,0,24,24
40389_Dg,GSE227903,Diagnosis,cellchat,EoBasoMast Precursor,EoBasoMast Precursor,ITGAV_ITGB1,ADGRE2,0.00144075038097471,0,24,24
40389_Dg,GSE227903,Diagnosis,cellchat,MEP,EoBasoMast Precursor,ITGAV_ITGB1,ADGRE2,0.00296731568412645,0,27,24
40389_Dg,GSE227903,Diagnosis,cellchat,Monocyte,EoBasoMast Precursor,ITGAV_ITGB1,ADGRE2,0.00491853863236215,0,631,24
40389_Dg,GSE227903,Diagnosis,cellchat,cDC,LMPP,ITGAV_ITGB1,ADGRE2,0.00183105798646613,0,196,33
40389_Dg,GSE227903,Diagnosis,cellchat,Cycling Progenitor,LMPP,ITGAV_ITGB1,ADGRE2,0.000786224271503243,0,24,33
40389_Dg,GSE227903,Diagnosis,cellchat,EoBasoMast Precursor,LMPP,ITGAV_ITGB1,ADGRE2,0.000629603996142887,0,24,33
40389_Dg,GSE227903,Diagnosis,cellchat,MEP,LMPP,ITGAV_ITGB1,ADGRE2,0.00129782591915495,0,27,33
40389_Dg,GSE227903,Diagnosis,cellchat,Monocyte,LMPP,ITGAV_ITGB1,ADGRE2,0.00215361086209951,0,631,33
40389_Dg,GSE227903,Diagnosis,cellchat,cDC,Pro-B,ITGAV_ITGB1,ADGRE2,0.00429428807948006,0,196,87
40389_Dg,GSE227903,Diagnosis,cellchat,Cycling Progenitor,Pro-B,ITGAV_ITGB1,ADGRE2,0.00184649230866251,0,24,87
40389_Dg,GSE227903,Diagnosis,cellchat,EoBasoMast Precursor,Pro-B,ITGAV_ITGB1,ADGRE2,0.0014789733277176,0,24,87
40389_Dg,GSE227903,Diagnosis,cellchat,MEP,Pro-B,ITGAV_ITGB1,ADGRE2,0.00304591470158256,0,27,87
40389_Dg,GSE227903,Diagnosis,cellchat,Monocyte,Pro-B,ITGAV_ITGB1,ADGRE2,0.00504856043391349,0,631,87
40389_Dg,GSE227903,Diagnosis,cellchat,B,CD4 Memory T,CD55,ADGRE5,0.0930735638927214,0,17,21
40389_Dg,GSE227903,Diagnosis,cellchat,CD4 Memory T,CD4 Memory T,CD55,ADGRE5,0.0189012712098403,0.65,21,21
40389_Dg,GSE227903,Diagnosis,cellchat,cDC,CD4 Memory T,CD55,ADGRE5,0.0698681271385879,0,196,21
40389_Dg,GSE227903,Diagnosis,cellchat,Cycling Progenitor,CD4 Memory T,CD55,ADGRE5,0.032884676649752,0.23,24,21
40389_Dg,GSE227903,Diagnosis,cellchat,Early Erythroid,CD4 Memory T,CD55,ADGRE5,0.0543402187355379,0.01,48,21
40389_Dg,GSE227903,Diagnosis,cellchat,Early GMP,CD4 Memory T,CD55,ADGRE5,0.0358092414515236,0.11,138,21
40389_Dg,GSE227903,Diagnosis,cellchat,EoBasoMast Precursor,CD4 Memory T,CD55,ADGRE5,0.0788438528579203,0,24,21
40389_Dg,GSE227903,Diagnosis,cellchat,HSC MPP,CD4 Memory T,CD55,ADGRE5,0.0269396283851771,0.39,54,21
40389_Dg,GSE227903,Diagnosis,cellchat,Late GMP,CD4 Memory T,CD55,ADGRE5,0.0354672114322719,0.1,158,21
40389_Dg,GSE227903,Diagnosis,cellchat,LMPP,CD4 Memory T,CD55,ADGRE5,0.0359187248277298,0.17,33,21
40389_Dg,GSE227903,Diagnosis,cellchat,MEP,CD4 Memory T,CD55,ADGRE5,0.0531545480625994,0.01,27,21
40389_Dg,GSE227903,Diagnosis,cellchat,Monocyte,CD4 Memory T,CD55,ADGRE5,0.120921673547639,0,631,21
40389_Dg,GSE227903,Diagnosis,cellchat,NK,CD4 Memory T,CD55,ADGRE5,0.025004580352874,0.45,22,21
40389_Dg,GSE227903,Diagnosis,cellchat,pDC,CD4 Memory T,CD55,ADGRE5,0.0169376246182721,0.83,544,21
40389_Dg,GSE227903,Diagnosis,cellchat,Plasma Cell,CD4 Memory T,CD55,ADGRE5,0.0181959750345098,0.67,30,21
40389_Dg,GSE227903,Diagnosis,cellchat,Pre-B,CD4 Memory T,CD55,ADGRE5,0.041505676651986,0.03,140,21
40389_Dg,GSE227903,Diagnosis,cellchat,Pro-B,CD4 Memory T,CD55,ADGRE5,0.0299996313489465,0.29,87,21
40389_Dg,GSE227903,Diagnosis,cellchat,Pro-Monocyte,CD4 Memory T,CD55,ADGRE5,0.101660357647479,0,110,21
40389_Dg,GSE227903,Diagnosis,cellchat,B,CD8 Memory T,CD55,ADGRE5,0.049498154035835,0,17,358
40389_Dg,GSE227903,Diagnosis,cellchat,CD4 Memory T,CD8 Memory T,CD55,ADGRE5,0.00968132998436921,0.93,21,358
40389_Dg,GSE227903,Diagnosis,cellchat,cDC,CD8 Memory T,CD55,ADGRE5,0.0367172473649354,0,196,358
40389_Dg,GSE227903,Diagnosis,cellchat,Cycling Progenitor,CD8 Memory T,CD55,ADGRE5,0.0169616281326658,0.83,24,358
40389_Dg,GSE227903,Diagnosis,cellchat,Early Erythroid,CD8 Memory T,CD55,ADGRE5,0.0283325632881204,0.43,48,358
40389_Dg,GSE227903,Diagnosis,cellchat,Early GMP,CD8 Memory T,CD55,ADGRE5,0.0184971775538444,0.99,138,358
40389_Dg,GSE227903,Diagnosis,cellchat,EoBasoMast Precursor,CD8 Memory T,CD55,ADGRE5,0.0416247767557743,0.02,24,358
40389_Dg,GSE227903,Diagnosis,cellchat,HSC MPP,CD8 Memory T,CD55,ADGRE5,0.0138539875568774,0.91,54,358
40389_Dg,GSE227903,Diagnosis,cellchat,LMPP,CD8 Memory T,CD55,ADGRE5,0.0185547495059301,0.81,33,358
40389_Dg,GSE227903,Diagnosis,cellchat,MEP,CD8 Memory T,CD55,ADGRE5,0.0276977430558689,0.48,27,358
40389_Dg,GSE227903,Diagnosis,cellchat,Monocyte,CD8 Memory T,CD55,ADGRE5,0.0652462489350866,0,631,358
40389_Dg,GSE227903,Diagnosis,cellchat,NK,CD8 Memory T,CD55,ADGRE5,0.0128464596731883,0.81,22,358
40389_Dg,GSE227903,Diagnosis,cellchat,Plasma Cell,CD8 Memory T,CD55,ADGRE5,0.00931680648949981,0.99,30,358
40389_Dg,GSE227903,Diagnosis,cellchat,Pre-B,CD8 Memory T,CD55,ADGRE5,0.0215010695625613,0.91,140,358
40389_Dg,GSE227903,Diagnosis,cellchat,Pro-B,CD8 Memory T,CD55,ADGRE5,0.0154512282826578,0.97,87,358
40389_Dg,GSE227903,Diagnosis,cellchat,Pro-Monocyte,CD8 Memory T,CD55,ADGRE5,0.054305484708634,0,110,358
40389_Dg,GSE227903,Diagnosis,cellchat,B,cDC,CD55,ADGRE5,0.0733643206628899,0,17,196
40389_Dg,GSE227903,Diagnosis,cellchat,CD4 Memory T,cDC,CD55,ADGRE5,0.0146451079570136,0.86,21,196
40389_Dg,GSE227903,Diagnosis,cellchat,cDC,cDC,CD55,ADGRE5,0.0547760715527201,0,196,196
40389_Dg,GSE227903,Diagnosis,cellchat,Cycling Progenitor,cDC,CD55,ADGRE5,0.0255617873442538,0.54,24,196
40389_Dg,GSE227903,Diagnosis,cellchat,Early Erythroid,cDC,CD55,ADGRE5,0.0424492352312138,0.01,48,196
40389_Dg,GSE227903,Diagnosis,cellchat,Early GMP,cDC,CD55,ADGRE5,0.0278538552710369,0.42,138,196
40389_Dg,GSE227903,Diagnosis,cellchat,EoBasoMast Precursor,cDC,CD55,ADGRE5,0.0619420871621507,0,24,196
40389_Dg,GSE227903,Diagnosis,cellchat,HSC MPP,cDC,CD55,ADGRE5,0.0209119798077081,0.74,54,196
40389_Dg,GSE227903,Diagnosis,cellchat,Late GMP,cDC,CD55,ADGRE5,0.0275856367352311,0.42,158,196
40389_Dg,GSE227903,Diagnosis,cellchat,LMPP,cDC,CD55,ADGRE5,0.0279397206170069,0.43,33,196
40389_Dg,GSE227903,Diagnosis,cellchat,MEP,cDC,CD55,ADGRE5,0.0415116293635955,0.02,27,196
40389_Dg,GSE227903,Diagnosis,cellchat,Monocyte,cDC,CD55,ADGRE5,0.095939144478194,0,631,196
40389_Dg,GSE227903,Diagnosis,cellchat,NK,cDC,CD55,ADGRE5,0.0194012595405557,0.73,22,196
40389_Dg,GSE227903,Diagnosis,cellchat,Plasma Cell,cDC,CD55,ADGRE5,0.0140963475622879,0.9,30,196
40389_Dg,GSE227903,Diagnosis,cellchat,Pre-B,cDC,CD55,ADGRE5,0.0323271997526165,0.07,140,196
40389_Dg,GSE227903,Diagnosis,cellchat,Pro-B,cDC,CD55,ADGRE5,0.0233037146706686,0.79,87,196
40389_Dg,GSE227903,Diagnosis,cellchat,Pro-Monocyte,cDC,CD55,ADGRE5,0.0802937609407533,0,110,196
40389_Dg,GSE227903,Diagnosis,cellchat,B,Cycling Progenitor,CD55,ADGRE5,0.0682418079157743,0,17,24
40389_Dg,GSE227903,Diagnosis,cellchat,CD4 Memory T,Cycling Progenitor,CD55,ADGRE5,0.0135625352760228,0.76,21,24
40389_Dg,GSE227903,Diagnosis,cellchat,cDC,Cycling Progenitor,CD55,ADGRE5,0.0508801800614353,0,196,24
40389_Dg,GSE227903,Diagnosis,cellchat,Cycling Progenitor,Cycling Progenitor,CD55,ADGRE5,0.0236916515266217,0.48,24,24
40389_Dg,GSE227903,Diagnosis,cellchat,Early Erythroid,Cycling Progenitor,CD55,ADGRE5,0.0393935381335275,0.05,48,24
40389_Dg,GSE227903,Diagnosis,cellchat,Early GMP,Cycling Progenitor,CD55,ADGRE5,0.0258204720243084,0.47,138,24
40389_Dg,GSE227903,Diagnosis,cellchat,EoBasoMast Precursor,Cycling Progenitor,CD55,ADGRE5,0.0575675612965507,0,24,24
40389_Dg,GSE227903,Diagnosis,cellchat,HSC MPP,Cycling Progenitor,CD55,ADGRE5,0.0193752662549109,0.65,54,24
40389_Dg,GSE227903,Diagnosis,cellchat,Late GMP,Cycling Progenitor,CD55,ADGRE5,0.0255713188965967,0.49,158,24
40389_Dg,GSE227903,Diagnosis,cellchat,LMPP,Cycling Progenitor,CD55,ADGRE5,0.0259002360432021,0.37,33,24
40389_Dg,GSE227903,Diagnosis,cellchat,MEP,Cycling Progenitor,CD55,ADGRE5,0.0385207104328507,0.12,27,24
40389_Dg,GSE227903,Diagnosis,cellchat,Monocyte,Cycling Progenitor,CD55,ADGRE5,0.0893924508795217,0,631,24
40389_Dg,GSE227903,Diagnosis,cellchat,NK,Cycling Progenitor,CD55,ADGRE5,0.0179735230804326,0.67,22,24
40389_Dg,GSE227903,Diagnosis,cellchat,pDC,Cycling Progenitor,CD55,ADGRE5,0.0121466613229512,0.91,544,24
40389_Dg,GSE227903,Diagnosis,cellchat,Plasma Cell,Cycling Progenitor,CD55,ADGRE5,0.0130538020932803,0.8,30,24
40389_Dg,GSE227903,Diagnosis,cellchat,Pre-B,Cycling Progenitor,CD55,ADGRE5,0.0299773239937164,0.25,140,24
40389_Dg,GSE227903,Diagnosis,cellchat,Pro-B,Cycling Progenitor,CD55,ADGRE5,0.0215951214009916,0.65,87,24
40389_Dg,GSE227903,Diagnosis,cellchat,Pro-Monocyte,Cycling Progenitor,CD55,ADGRE5,0.074726431971155,0,110,24
40389_Dg,GSE227903,Diagnosis,cellchat,B,Early GMP,CD55,ADGRE5,0.0507648785882218,0,17,138
40389_Dg,GSE227903,Diagnosis,cellchat,CD4 Memory T,Early GMP,CD55,ADGRE5,0.00993974398346486,0.94,21,138
40389_Dg,GSE227903,Diagnosis,cellchat,cDC,Early GMP,CD55,ADGRE5,0.0376698539801047,0,196,138
40389_Dg,GSE227903,Diagnosis,cellchat,Cycling Progenitor,Early GMP,CD55,ADGRE5,0.0174109513333726,0.8,24,138
40389_Dg,GSE227903,Diagnosis,cellchat,Early Erythroid,Early GMP,CD55,ADGRE5,0.029074200130199,0.33,48,138
40389_Dg,GSE227903,Diagnosis,cellchat,Early GMP,Early GMP,CD55,ADGRE5,0.0189863926879407,0.97,138,138
40389_Dg,GSE227903,Diagnosis,cellchat,EoBasoMast Precursor,Early GMP,CD55,ADGRE5,0.0426990624401328,0.03,24,138
40389_Dg,GSE227903,Diagnosis,cellchat,HSC MPP,Early GMP,CD55,ADGRE5,0.0142221786031798,0.89,54,138
40389_Dg,GSE227903,Diagnosis,cellchat,Late GMP,Early GMP,CD55,ADGRE5,0.0188019118511226,0.97,158,138
40389_Dg,GSE227903,Diagnosis,cellchat,LMPP,Early GMP,CD55,ADGRE5,0.0190454577621169,0.78,33,138
40389_Dg,GSE227903,Diagnosis,cellchat,MEP,Early GMP,CD55,ADGRE5,0.0284232488464618,0.47,27,138
40389_Dg,GSE227903,Diagnosis,cellchat,Monocyte,Early GMP,CD55,ADGRE5,0.0668876279755522,0,631,138
40389_Dg,GSE227903,Diagnosis,cellchat,NK,Early GMP,CD55,ADGRE5,0.0131882322121339,0.8,22,138
40389_Dg,GSE227903,Diagnosis,cellchat,Plasma Cell,Early GMP,CD55,ADGRE5,0.00956558461141679,0.98,30,138
40389_Dg,GSE227903,Diagnosis,cellchat,Pre-B,Early GMP,CD55,ADGRE5,0.022067945643768,0.87,140,138
40389_Dg,GSE227903,Diagnosis,cellchat,Pro-B,Early GMP,CD55,ADGRE5,0.0158611857076628,0.97,87,138
40389_Dg,GSE227903,Diagnosis,cellchat,Pro-Monocyte,Early GMP,CD55,ADGRE5,0.0556880274845574,0,110,138
40389_Dg,GSE227903,Diagnosis,cellchat,B,EoBasoMast Precursor,CD55,ADGRE5,0.00533155451691474,0.97,17,24
40389_Dg,GSE227903,Diagnosis,cellchat,EoBasoMast Precursor,EoBasoMast Precursor,CD55,ADGRE5,0.00445060068000703,0.98,24,24
40389_Dg,GSE227903,Diagnosis,cellchat,Monocyte,EoBasoMast Precursor,CD55,ADGRE5,0.00713327167971811,0.99,631,24
40389_Dg,GSE227903,Diagnosis,cellchat,Pro-Monocyte,EoBasoMast Precursor,CD55,ADGRE5,0.00587587990198278,0.99,110,24
40389_Dg,GSE227903,Diagnosis,cellchat,B,HSC MPP,CD55,ADGRE5,0.0240380658616474,0.53,17,54
40389_Dg,GSE227903,Diagnosis,cellchat,CD4 Memory T,HSC MPP,CD55,ADGRE5,0.00460243046742187,0.99,21,54
40389_Dg,GSE227903,Diagnosis,cellchat,cDC,HSC MPP,CD55,ADGRE5,0.0177087220853771,0.91,196,54
40389_Dg,GSE227903,Diagnosis,cellchat,Cycling Progenitor,HSC MPP,CD55,ADGRE5,0.00809464682139532,0.92,24,54
40389_Dg,GSE227903,Diagnosis,cellchat,Early Erythroid,HSC MPP,CD55,ADGRE5,0.0136034902423059,0.87,48,54
40389_Dg,GSE227903,Diagnosis,cellchat,EoBasoMast Precursor,HSC MPP,CD55,ADGRE5,0.0201287115273036,0.65,24,54
40389_Dg,GSE227903,Diagnosis,cellchat,HSC MPP,HSC MPP,CD55,ADGRE5,0.00660067023853107,0.98,54,54
40389_Dg,GSE227903,Diagnosis,cellchat,Late GMP,HSC MPP,CD55,ADGRE5,0.00874795426916759,0.99,158,54
40389_Dg,GSE227903,Diagnosis,cellchat,LMPP,HSC MPP,CD55,ADGRE5,0.0088624450148388,0.97,33,54
40389_Dg,GSE227903,Diagnosis,cellchat,MEP,HSC MPP,CD55,ADGRE5,0.0132941747732893,0.81,27,54
40389_Dg,GSE227903,Diagnosis,cellchat,Monocyte,HSC MPP,CD55,ADGRE5,0.0319582524222554,0.09,631,54
40389_Dg,GSE227903,Diagnosis,cellchat,NK,HSC MPP,CD55,ADGRE5,0.00611736587923286,0.98,22,54
40389_Dg,GSE227903,Diagnosis,cellchat,Pre-B,HSC MPP,CD55,ADGRE5,0.0102858477806853,0.98,140,54
40389_Dg,GSE227903,Diagnosis,cellchat,Pro-Monocyte,HSC MPP,CD55,ADGRE5,0.0264414639575562,0.43,110,54
40389_Dg,GSE227903,Diagnosis,cellchat,B,Late GMP,CD55,ADGRE5,0.0682883635951938,0,17,158
40389_Dg,GSE227903,Diagnosis,cellchat,CD4 Memory T,Late GMP,CD55,ADGRE5,0.0135723312303532,0.86,21,158
40389_Dg,GSE227903,Diagnosis,cellchat,cDC,Late GMP,CD55,ADGRE5,0.0509155385854795,0,196,158
40389_Dg,GSE227903,Diagnosis,cellchat,Cycling Progenitor,Late GMP,CD55,ADGRE5,0.0237085877054502,0.53,24,158
40389_Dg,GSE227903,Diagnosis,cellchat,Early Erythroid,Late GMP,CD55,ADGRE5,0.0394212457132225,0.03,48,158
40389_Dg,GSE227903,Diagnosis,cellchat,Early GMP,Late GMP,CD55,ADGRE5,0.025838889732629,0.59,138,158
40389_Dg,GSE227903,Diagnosis,cellchat,EoBasoMast Precursor,Late GMP,CD55,ADGRE5,0.0576072850591464,0,24,158
40389_Dg,GSE227903,Diagnosis,cellchat,HSC MPP,Late GMP,CD55,ADGRE5,0.0193891781081183,0.8,54,158
40389_Dg,GSE227903,Diagnosis,cellchat,Late GMP,Late GMP,CD55,ADGRE5,0.0255895635526539,0.57,158,158
40389_Dg,GSE227903,Diagnosis,cellchat,LMPP,Late GMP,CD55,ADGRE5,0.0259187091333458,0.54,33,158
40389_Dg,GSE227903,Diagnosis,cellchat,MEP,Late GMP,CD55,ADGRE5,0.0385478287414245,0.08,27,158
40389_Dg,GSE227903,Diagnosis,cellchat,Monocyte,Late GMP,CD55,ADGRE5,0.0894520506092943,0,631,158
40389_Dg,GSE227903,Diagnosis,cellchat,NK,Late GMP,CD55,ADGRE5,0.0179864469129367,0.72,22,158
40389_Dg,GSE227903,Diagnosis,cellchat,Plasma Cell,Late GMP,CD55,ADGRE5,0.0130632354656256,0.92,30,158
40389_Dg,GSE227903,Diagnosis,cellchat,Pre-B,Late GMP,CD55,ADGRE5,0.0299986154732509,0.24,140,158
40389_Dg,GSE227903,Diagnosis,cellchat,Pro-B,Late GMP,CD55,ADGRE5,0.0216105920316387,0.88,87,158
40389_Dg,GSE227903,Diagnosis,cellchat,Pro-Monocyte,Late GMP,CD55,ADGRE5,0.0747770565315913,0,110,158
40389_Dg,GSE227903,Diagnosis,cellchat,B,LMPP,CD55,ADGRE5,0.0579923361434745,0,17,33
40389_Dg,GSE227903,Diagnosis,cellchat,CD4 Memory T,LMPP,CD55,ADGRE5,0.0114248335841417,0.88,21,33
40389_Dg,GSE227903,Diagnosis,cellchat,cDC,LMPP,CD55,ADGRE5,0.0431176425734459,0,196,33
40389_Dg,GSE227903,Diagnosis,cellchat,Cycling Progenitor,LMPP,CD55,ADGRE5,0.0199897703999991,0.6,24,33
40389_Dg,GSE227903,Diagnosis,cellchat,Early Erythroid,LMPP,CD55,ADGRE5,0.0333219349994383,0.22,48,33
40389_Dg,GSE227903,Diagnosis,cellchat,Early GMP,LMPP,CD55,ADGRE5,0.0217933823776104,0.75,138,33
40389_Dg,GSE227903,Diagnosis,cellchat,EoBasoMast Precursor,LMPP,CD55,ADGRE5,0.0488372609570629,0.01,24,33
40389_Dg,GSE227903,Diagnosis,cellchat,HSC MPP,LMPP,CD55,ADGRE5,0.0163365458694262,0.75,54,33
40389_Dg,GSE227903,Diagnosis,cellchat,Late GMP,LMPP,CD55,ADGRE5,0.02158222751875,0.72,158,33
40389_Dg,GSE227903,Diagnosis,cellchat,LMPP,LMPP,CD55,ADGRE5,0.021860985169653,0.62,33,33
40389_Dg,GSE227903,Diagnosis,cellchat,MEP,LMPP,CD55,ADGRE5,0.0325790710384158,0.28,27,33
40389_Dg,GSE227903,Diagnosis,cellchat,Monocyte,LMPP,CD55,ADGRE5,0.0762261728551851,0,631,33
40389_Dg,GSE227903,Diagnosis,cellchat,NK,LMPP,CD55,ADGRE5,0.015151248422886,0.7,22,33
40389_Dg,GSE227903,Diagnosis,cellchat,pDC,LMPP,CD55,ADGRE5,0.0102298127118406,0.96,544,33
40389_Dg,GSE227903,Diagnosis,cellchat,Plasma Cell,LMPP,CD55,ADGRE5,0.0109953921894341,0.93,30,33
40389_Dg,GSE227903,Diagnosis,cellchat,Pre-B,LMPP,CD55,ADGRE5,0.0253187607880648,0.56,140,33
40389_Dg,GSE227903,Diagnosis,cellchat,Pro-B,LMPP,CD55,ADGRE5,0.018214716744028,0.81,87,33
40389_Dg,GSE227903,Diagnosis,cellchat,Pro-Monocyte,LMPP,CD55,ADGRE5,0.0635694600856215,0,110,33
40389_Dg,GSE227903,Diagnosis,cellchat,B,Monocyte,CD55,ADGRE5,0.0572833132792009,0,17,631
40389_Dg,GSE227903,Diagnosis,cellchat,CD4 Memory T,Monocyte,CD55,ADGRE5,0.0112783353549882,0.91,21,631
40389_Dg,GSE227903,Diagnosis,cellchat,cDC,Monocyte,CD55,ADGRE5,0.0425822591498231,0,196,631
40389_Dg,GSE227903,Diagnosis,cellchat,Cycling Progenitor,Monocyte,CD55,ADGRE5,0.0197356383372884,0.74,24,631
40389_Dg,GSE227903,Diagnosis,cellchat,Early Erythroid,Monocyte,CD55,ADGRE5,0.0329040004817487,0.2,48,631
40389_Dg,GSE227903,Diagnosis,cellchat,Early GMP,Monocyte,CD55,ADGRE5,0.0215168242390571,0.94,138,631
40389_Dg,GSE227903,Diagnosis,cellchat,EoBasoMast Precursor,Monocyte,CD55,ADGRE5,0.0482344380779693,0,24,631
40389_Dg,GSE227903,Diagnosis,cellchat,HSC MPP,Monocyte,CD55,ADGRE5,0.0161280933069021,0.89,54,631
40389_Dg,GSE227903,Diagnosis,cellchat,Late GMP,Monocyte,CD55,ADGRE5,0.0213082905676635,0.95,158,631
40389_Dg,GSE227903,Diagnosis,cellchat,LMPP,Monocyte,CD55,ADGRE5,0.0215835880799515,0.72,33,631
40389_Dg,GSE227903,Diagnosis,cellchat,MEP,Monocyte,CD55,ADGRE5,0.0321701436924187,0.29,27,631
40389_Dg,GSE227903,Diagnosis,cellchat,Monocyte,Monocyte,CD55,ADGRE5,0.0753120432832051,0,631,631
40389_Dg,GSE227903,Diagnosis,cellchat,NK,Monocyte,CD55,ADGRE5,0.0149576901466763,0.79,22,631
40389_Dg,GSE227903,Diagnosis,cellchat,Plasma Cell,Monocyte,CD55,ADGRE5,0.0108543401349572,0.97,30,631
40389_Dg,GSE227903,Diagnosis,cellchat,Pre-B,Monocyte,CD55,ADGRE5,0.0249986088591727,0.72,140,631
40389_Dg,GSE227903,Diagnosis,cellchat,Pro-B,Monocyte,CD55,ADGRE5,0.0179827370420716,0.96,87,631
40389_Dg,GSE227903,Diagnosis,cellchat,Pro-Monocyte,Monocyte,CD55,ADGRE5,0.0627967959943829,0,110,631
40389_Dg,GSE227903,Diagnosis,cellchat,B,NK,CD55,ADGRE5,0.0607130324515587,0,17,22
40389_Dg,GSE227903,Diagnosis,cellchat,CD4 Memory T,NK,CD55,ADGRE5,0.0119886308838093,0.83,21,22
40389_Dg,GSE227903,Diagnosis,cellchat,cDC,NK,CD55,ADGRE5,0.0451739612909446,0.03,196,22
40389_Dg,GSE227903,Diagnosis,cellchat,Cycling Progenitor,NK,CD55,ADGRE5,0.0209672690895114,0.56,24,22
40389_Dg,GSE227903,Diagnosis,cellchat,Early Erythroid,NK,CD55,ADGRE5,0.0349281402152005,0.22,48,22
40389_Dg,GSE227903,Diagnosis,cellchat,Early GMP,NK,CD55,ADGRE5,0.0228570205657087,0.63,138,22
40389_Dg,GSE227903,Diagnosis,cellchat,EoBasoMast Precursor,NK,CD55,ADGRE5,0.0511517717807813,0.02,24,22
40389_Dg,GSE227903,Diagnosis,cellchat,HSC MPP,NK,CD55,ADGRE5,0.0171385261966036,0.71,54,22
40389_Dg,GSE227903,Diagnosis,cellchat,Late GMP,NK,CD55,ADGRE5,0.0226357986471409,0.65,158,22
40389_Dg,GSE227903,Diagnosis,cellchat,LMPP,NK,CD55,ADGRE5,0.0229278454164369,0.55,33,22
40389_Dg,GSE227903,Diagnosis,cellchat,MEP,NK,CD55,ADGRE5,0.0341507332731473,0.25,27,22
40389_Dg,GSE227903,Diagnosis,cellchat,Monocyte,NK,CD55,ADGRE5,0.0797299025394808,0,631,22
40389_Dg,GSE227903,Diagnosis,cellchat,NK,NK,CD55,ADGRE5,0.015895981410056,0.67,22,22
40389_Dg,GSE227903,Diagnosis,cellchat,pDC,NK,CD55,ADGRE5,0.0107352780403906,0.92,544,22
40389_Dg,GSE227903,Diagnosis,cellchat,Plasma Cell,NK,CD55,ADGRE5,0.0115382445890332,0.86,30,22
40389_Dg,GSE227903,Diagnosis,cellchat,Pre-B,NK,CD55,ADGRE5,0.0265497871594108,0.47,140,22
40389_Dg,GSE227903,Diagnosis,cellchat,Pro-B,NK,CD55,ADGRE5,0.0191071077326368,0.72,87,22
40389_Dg,GSE227903,Diagnosis,cellchat,Pro-Monocyte,NK,CD55,ADGRE5,0.0665333256932537,0,110,22
40389_Dg,GSE227903,Diagnosis,cellchat,B,pDC,CD55,ADGRE5,0.0530015365215652,0,17,544
40389_Dg,GSE227903,Diagnosis,cellchat,CD4 Memory T,pDC,CD55,ADGRE5,0.0103973829299145,0.93,21,544
40389_Dg,GSE227903,Diagnosis,cellchat,cDC,pDC,CD55,ADGRE5,0.0393534756079414,0,196,544
40389_Dg,GSE227903,Diagnosis,cellchat,Cycling Progenitor,pDC,CD55,ADGRE5,0.0182062490006915,0.8,24,544
40389_Dg,GSE227903,Diagnosis,cellchat,Early Erythroid,pDC,CD55,ADGRE5,0.0303857768412311,0.32,48,544
40389_Dg,GSE227903,Diagnosis,cellchat,Early GMP,pDC,CD55,ADGRE5,0.0198521994475665,0.97,138,544
40389_Dg,GSE227903,Diagnosis,cellchat,EoBasoMast Precursor,pDC,CD55,ADGRE5,0.0445970434532644,0,24,544
40389_Dg,GSE227903,Diagnosis,cellchat,HSC MPP,pDC,CD55,ADGRE5,0.0148740243592913,0.89,54,544
40389_Dg,GSE227903,Diagnosis,cellchat,Late GMP,pDC,CD55,ADGRE5,0.0196594746077822,0.99,158,544
40389_Dg,GSE227903,Diagnosis,cellchat,LMPP,pDC,CD55,ADGRE5,0.0199139032986758,0.77,33,544
40389_Dg,GSE227903,Diagnosis,cellchat,MEP,pDC,CD55,ADGRE5,0.0297063587177576,0.38,27,544
40389_Dg,GSE227903,Diagnosis,cellchat,Monocyte,pDC,CD55,ADGRE5,0.0697824194278711,0,631,544
40389_Dg,GSE227903,Diagnosis,cellchat,NK,pDC,CD55,ADGRE5,0.0137933521388964,0.81,22,544
40389_Dg,GSE227903,Diagnosis,cellchat,Plasma Cell,pDC,CD55,ADGRE5,0.010006170870778,0.98,30,544
40389_Dg,GSE227903,Diagnosis,cellchat,Pre-B,pDC,CD55,ADGRE5,0.0230709708885688,0.85,140,544
40389_Dg,GSE227903,Diagnosis,cellchat,Pro-B,pDC,CD55,ADGRE5,0.0165868881554362,0.97,87,544
40389_Dg,GSE227903,Diagnosis,cellchat,Pro-Monocyte,pDC,CD55,ADGRE5,0.0581283123191305,0,110,544
40389_Dg,GSE227903,Diagnosis,cellchat,B,Pre-B,CD55,ADGRE5,0.0157143363408367,0.83,17,140
40389_Dg,GSE227903,Diagnosis,cellchat,EoBasoMast Precursor,Pre-B,CD55,ADGRE5,0.0131404588551883,0.88,24,140
40389_Dg,GSE227903,Diagnosis,cellchat,MEP,Pre-B,CD55,ADGRE5,0.00865776007022321,0.96,27,140
40389_Dg,GSE227903,Diagnosis,cellchat,Monocyte,Pre-B,CD55,ADGRE5,0.0209508512242898,0.98,631,140
40389_Dg,GSE227903,Diagnosis,cellchat,Pro-Monocyte,Pre-B,CD55,ADGRE5,0.0173002553713451,0.97,110,140
40389_Dg,GSE227903,Diagnosis,cellchat,B,Pro-B,CD55,ADGRE5,0.058297466632425,0,17,87
40389_Dg,GSE227903,Diagnosis,cellchat,CD4 Memory T,Pro-B,CD55,ADGRE5,0.0114879341305034,0.91,21,87
40389_Dg,GSE227903,Diagnosis,cellchat,cDC,Pro-B,CD55,ADGRE5,0.043348110345723,0,196,87
40389_Dg,GSE227903,Diagnosis,cellchat,Cycling Progenitor,Pro-B,CD55,ADGRE5,0.0200992142025631,0.74,24,87
40389_Dg,GSE227903,Diagnosis,cellchat,Early Erythroid,Pro-B,CD55,ADGRE5,0.033501876977369,0.19,48,87
40389_Dg,GSE227903,Diagnosis,cellchat,Early GMP,Pro-B,CD55,ADGRE5,0.0219124801445047,0.82,138,87
40389_Dg,GSE227903,Diagnosis,cellchat,EoBasoMast Precursor,Pro-B,CD55,ADGRE5,0.0490967320018638,0.01,24,87
40389_Dg,GSE227903,Diagnosis,cellchat,HSC MPP,Pro-B,CD55,ADGRE5,0.016426323553026,0.85,54,87
40389_Dg,GSE227903,Diagnosis,cellchat,Late GMP,Pro-B,CD55,ADGRE5,0.0217001969524831,0.84,158,87
40389_Dg,GSE227903,Diagnosis,cellchat,LMPP,Pro-B,CD55,ADGRE5,0.0219804440749251,0.66,33,87
40389_Dg,GSE227903,Diagnosis,cellchat,MEP,Pro-B,CD55,ADGRE5,0.0327551374003475,0.22,27,87
40389_Dg,GSE227903,Diagnosis,cellchat,Monocyte,Pro-B,CD55,ADGRE5,0.0766194385874581,0,631,87
40389_Dg,GSE227903,Diagnosis,cellchat,NK,Pro-B,CD55,ADGRE5,0.0152346131737249,0.75,22,87
40389_Dg,GSE227903,Diagnosis,cellchat,pDC,Pro-B,CD55,ADGRE5,0.010286381710458,0.99,544,87
40389_Dg,GSE227903,Diagnosis,cellchat,Plasma Cell,Pro-B,CD55,ADGRE5,0.0110561474128049,0.94,30,87
40389_Dg,GSE227903,Diagnosis,cellchat,Pre-B,Pro-B,CD55,ADGRE5,0.0254566228856749,0.58,140,87
40389_Dg,GSE227903,Diagnosis,cellchat,Pro-B,Pro-B,CD55,ADGRE5,0.0183146237641345,0.9,87,87
40389_Dg,GSE227903,Diagnosis,cellchat,Pro-Monocyte,Pro-B,CD55,ADGRE5,0.0639019443745448,0,110,87
40389_Dg,GSE227903,Diagnosis,cellchat,B,Pro-Monocyte,CD55,ADGRE5,0.0597584009420602,0,17,110
40389_Dg,GSE227903,Diagnosis,cellchat,CD4 Memory T,Pro-Monocyte,CD55,ADGRE5,0.0117905087541133,0.9,21,110
40389_Dg,GSE227903,Diagnosis,cellchat,cDC,Pro-Monocyte,CD55,ADGRE5,0.0444520979008858,0,196,110
40389_Dg,GSE227903,Diagnosis,cellchat,Cycling Progenitor,Pro-Monocyte,CD55,ADGRE5,0.0206238647617094,0.67,24,110
40389_Dg,GSE227903,Diagnosis,cellchat,Early Erythroid,Pro-Monocyte,CD55,ADGRE5,0.034364108870895,0.19,48,110
40389_Dg,GSE227903,Diagnosis,cellchat,Early GMP,Pro-Monocyte,CD55,ADGRE5,0.0224833764486551,0.81,138,110
40389_Dg,GSE227903,Diagnosis,cellchat,EoBasoMast Precursor,Pro-Monocyte,CD55,ADGRE5,0.0503394212478253,0,24,110
40389_Dg,GSE227903,Diagnosis,cellchat,HSC MPP,Pro-Monocyte,CD55,ADGRE5,0.0168567497730248,0.87,54,110
40389_Dg,GSE227903,Diagnosis,cellchat,Late GMP,Pro-Monocyte,CD55,ADGRE5,0.0222656884453622,0.79,158,110
40389_Dg,GSE227903,Diagnosis,cellchat,LMPP,Pro-Monocyte,CD55,ADGRE5,0.0225530702464752,0.66,33,110
40389_Dg,GSE227903,Diagnosis,cellchat,MEP,Pro-Monocyte,CD55,ADGRE5,0.0335988186978734,0.21,27,110
40389_Dg,GSE227903,Diagnosis,cellchat,Monocyte,Pro-Monocyte,CD55,ADGRE5,0.078501246376613,0,631,110
40389_Dg,GSE227903,Diagnosis,cellchat,NK,Pro-Monocyte,CD55,ADGRE5,0.0156343088443298,0.76,22,110
40389_Dg,GSE227903,Diagnosis,cellchat,pDC,Pro-Monocyte,CD55,ADGRE5,0.0105576472814851,0.99,544,110
40389_Dg,GSE227903,Diagnosis,cellchat,Plasma Cell,Pro-Monocyte,CD55,ADGRE5,0.0113474799844606,0.95,30,110
40389_Dg,GSE227903,Diagnosis,cellchat,Pre-B,Pro-Monocyte,CD55,ADGRE5,0.0261173907962519,0.5,140,110
40389_Dg,GSE227903,Diagnosis,cellchat,Pro-B,Pro-Monocyte,CD55,ADGRE5,0.0187935845136469,0.89,87,110
40389_Dg,GSE227903,Diagnosis,cellchat,Pro-Monocyte,Pro-Monocyte,CD55,ADGRE5,0.0654935589812191,0,110,110
40389_Dg,GSE227903,Diagnosis,cellchat,cDC,CD4 Memory T,ITGAV_ITGB1,ADGRE5,0.0248166740641923,0,196,21
40389_Dg,GSE227903,Diagnosis,cellchat,Cycling Progenitor,CD4 Memory T,ITGAV_ITGB1,ADGRE5,0.0107977285073729,0.02,24,21
40389_Dg,GSE227903,Diagnosis,cellchat,EoBasoMast Precursor,CD4 Memory T,ITGAV_ITGB1,ADGRE5,0.00866405328461104,0.09,24,21
40389_Dg,GSE227903,Diagnosis,cellchat,MEP,CD4 Memory T,ITGAV_ITGB1,ADGRE5,0.0177084328270587,0,27,21
40389_Dg,GSE227903,Diagnosis,cellchat,Monocyte,CD4 Memory T,ITGAV_ITGB1,ADGRE5,0.029070370188793,0,631,21
40389_Dg,GSE227903,Diagnosis,cellchat,cDC,CD8 Memory T,ITGAV_ITGB1,ADGRE5,0.0127487254560129,0,196,358
40389_Dg,GSE227903,Diagnosis,cellchat,Cycling Progenitor,CD8 Memory T,ITGAV_ITGB1,ADGRE5,0.0055084593342037,0.14,24,358
40389_Dg,GSE227903,Diagnosis,cellchat,EoBasoMast Precursor,CD8 Memory T,ITGAV_ITGB1,ADGRE5,0.00441530012588415,0.22,24,358
40389_Dg,GSE227903,Diagnosis,cellchat,MEP,CD8 Memory T,ITGAV_ITGB1,ADGRE5,0.00906497575898711,0.07,27,358
40389_Dg,GSE227903,Diagnosis,cellchat,Monocyte,CD8 Memory T,ITGAV_ITGB1,ADGRE5,0.0149656620334412,0,631,358
40389_Dg,GSE227903,Diagnosis,cellchat,cDC,cDC,ITGAV_ITGB1,ADGRE5,0.0192546299338192,0,196,196
40389_Dg,GSE227903,Diagnosis,cellchat,Cycling Progenitor,cDC,ITGAV_ITGB1,ADGRE5,0.00835077867378489,0.1,24,196
40389_Dg,GSE227903,Diagnosis,cellchat,EoBasoMast Precursor,cDC,ITGAV_ITGB1,ADGRE5,0.0066973570217443,0.15,24,196
40389_Dg,GSE227903,Diagnosis,cellchat,MEP,cDC,ITGAV_ITGB1,ADGRE5,0.0137171159197646,0,27,196
40389_Dg,GSE227903,Diagnosis,cellchat,Monocyte,cDC,ITGAV_ITGB1,ADGRE5,0.0225770370173537,0,631,196
40389_Dg,GSE227903,Diagnosis,cellchat,cDC,Cycling Progenitor,ITGAV_ITGB1,ADGRE5,0.0178374876468495,0,196,24
40389_Dg,GSE227903,Diagnosis,cellchat,Cycling Progenitor,Cycling Progenitor,ITGAV_ITGB1,ADGRE5,0.00772983553272648,0.09,24,24
40389_Dg,GSE227903,Diagnosis,cellchat,EoBasoMast Precursor,Cycling Progenitor,ITGAV_ITGB1,ADGRE5,0.0061985897051275,0.15,24,24
40389_Dg,GSE227903,Diagnosis,cellchat,MEP,Cycling Progenitor,ITGAV_ITGB1,ADGRE5,0.0127022565148926,0.01,27,24
40389_Dg,GSE227903,Diagnosis,cellchat,Monocyte,Cycling Progenitor,ITGAV_ITGB1,ADGRE5,0.0209205814385301,0,631,24
40389_Dg,GSE227903,Diagnosis,cellchat,cDC,Early GMP,ITGAV_ITGB1,ADGRE5,0.01308793230693,0,196,138
40389_Dg,GSE227903,Diagnosis,cellchat,Cycling Progenitor,Early GMP,ITGAV_ITGB1,ADGRE5,0.00565612724702481,0.12,24,138
40389_Dg,GSE227903,Diagnosis,cellchat,EoBasoMast Precursor,Early GMP,ITGAV_ITGB1,ADGRE5,0.00453379679333804,0.23,24,138
40389_Dg,GSE227903,Diagnosis,cellchat,MEP,Early GMP,ITGAV_ITGB1,ADGRE5,0.00930709264955871,0.07,27,138
40389_Dg,GSE227903,Diagnosis,cellchat,Monocyte,Early GMP,ITGAV_ITGB1,ADGRE5,0.0153629372740655,0,631,138
40389_Dg,GSE227903,Diagnosis,cellchat,cDC,EoBasoMast Precursor,ITGAV_ITGB1,ADGRE5,0.00132739957961722,0.01,196,24
40389_Dg,GSE227903,Diagnosis,cellchat,Cycling Progenitor,EoBasoMast Precursor,ITGAV_ITGB1,ADGRE5,0.000569798103060471,0.27,24,24
40389_Dg,GSE227903,Diagnosis,cellchat,EoBasoMast Precursor,EoBasoMast Precursor,ITGAV_ITGB1,ADGRE5,0.000456271444937753,0.37,24,24
40389_Dg,GSE227903,Diagnosis,cellchat,MEP,EoBasoMast Precursor,ITGAV_ITGB1,ADGRE5,0.0009407023083719,0.21,27,24
40389_Dg,GSE227903,Diagnosis,cellchat,Monocyte,EoBasoMast Precursor,ITGAV_ITGB1,ADGRE5,0.00156136850600098,0,631,24
40389_Dg,GSE227903,Diagnosis,cellchat,cDC,HSC MPP,ITGAV_ITGB1,ADGRE5,0.00607051092585494,0.01,196,54
40389_Dg,GSE227903,Diagnosis,cellchat,Cycling Progenitor,HSC MPP,ITGAV_ITGB1,ADGRE5,0.00261290369559786,0.23,24,54
40389_Dg,GSE227903,Diagnosis,cellchat,EoBasoMast Precursor,HSC MPP,ITGAV_ITGB1,ADGRE5,0.00209316092376569,0.35,24,54
40389_Dg,GSE227903,Diagnosis,cellchat,MEP,HSC MPP,ITGAV_ITGB1,ADGRE5,0.00430801377895256,0.18,27,54
40389_Dg,GSE227903,Diagnosis,cellchat,Monocyte,HSC MPP,ITGAV_ITGB1,ADGRE5,0.00713453334997215,0,631,54
40389_Dg,GSE227903,Diagnosis,cellchat,cDC,Late GMP,ITGAV_ITGB1,ADGRE5,0.017850315441301,0,196,158
40389_Dg,GSE227903,Diagnosis,cellchat,Cycling Progenitor,Late GMP,ITGAV_ITGB1,ADGRE5,0.00773545167827081,0.1,24,158
40389_Dg,GSE227903,Diagnosis,cellchat,EoBasoMast Precursor,Late GMP,ITGAV_ITGB1,ADGRE5,0.00620310027228802,0.15,24,158
40389_Dg,GSE227903,Diagnosis,cellchat,MEP,Late GMP,ITGAV_ITGB1,ADGRE5,0.012711439113684,0.01,27,158
40389_Dg,GSE227903,Diagnosis,cellchat,Monocyte,Late GMP,ITGAV_ITGB1,ADGRE5,0.0209355791724593,0,631,158
40389_Dg,GSE227903,Diagnosis,cellchat,cDC,LMPP,ITGAV_ITGB1,ADGRE5,0.0150362467532948,0,196,33
40389_Dg,GSE227903,Diagnosis,cellchat,Cycling Progenitor,LMPP,ITGAV_ITGB1,ADGRE5,0.0065054102640807,0.09,24,33
40389_Dg,GSE227903,Diagnosis,cellchat,EoBasoMast Precursor,LMPP,ITGAV_ITGB1,ADGRE5,0.00521544272609621,0.18,24,33
40389_Dg,GSE227903,Diagnosis,cellchat,MEP,LMPP,ITGAV_ITGB1,ADGRE5,0.0106986797291709,0.05,27,33
40389_Dg,GSE227903,Diagnosis,cellchat,Monocyte,LMPP,ITGAV_ITGB1,ADGRE5,0.0176438621532892,0,631,33
40389_Dg,GSE227903,Diagnosis,cellchat,cDC,Monocyte,ITGAV_ITGB1,ADGRE5,0.014844135487758,0,196,631
40389_Dg,GSE227903,Diagnosis,cellchat,Cycling Progenitor,Monocyte,ITGAV_ITGB1,ADGRE5,0.0064215830020641,0.1,24,631
40389_Dg,GSE227903,Diagnosis,cellchat,EoBasoMast Precursor,Monocyte,ITGAV_ITGB1,ADGRE5,0.00514815156321624,0.17,24,631
40389_Dg,GSE227903,Diagnosis,cellchat,MEP,Monocyte,ITGAV_ITGB1,ADGRE5,0.0105613933406057,0.06,27,631
40389_Dg,GSE227903,Diagnosis,cellchat,Monocyte,Monocyte,ITGAV_ITGB1,ADGRE5,0.0174190237722766,0,631,631
40389_Dg,GSE227903,Diagnosis,cellchat,cDC,NK,ITGAV_ITGB1,ADGRE5,0.0157754175811779,0,196,22
40389_Dg,GSE227903,Diagnosis,cellchat,Cycling Progenitor,NK,ITGAV_ITGB1,ADGRE5,0.00682811866585658,0.08,24,22
40389_Dg,GSE227903,Diagnosis,cellchat,EoBasoMast Precursor,NK,ITGAV_ITGB1,ADGRE5,0.00547451340568443,0.15,24,22
40389_Dg,GSE227903,Diagnosis,cellchat,MEP,NK,ITGAV_ITGB1,ADGRE5,0.0112270494608658,0.01,27,22
40389_Dg,GSE227903,Diagnosis,cellchat,Monocyte,NK,ITGAV_ITGB1,ADGRE5,0.0185088125998192,0,631,22
40389_Dg,GSE227903,Diagnosis,cellchat,cDC,pDC,ITGAV_ITGB1,ADGRE5,0.0136885139784026,0,196,544
40389_Dg,GSE227903,Diagnosis,cellchat,Cycling Progenitor,pDC,ITGAV_ITGB1,ADGRE5,0.00591772164926156,0.11,24,544
40389_Dg,GSE227903,Diagnosis,cellchat,EoBasoMast Precursor,pDC,ITGAV_ITGB1,ADGRE5,0.00474373134219067,0.2,24,544
40389_Dg,GSE227903,Diagnosis,cellchat,MEP,pDC,ITGAV_ITGB1,ADGRE5,0.00973588992776832,0.07,27,544
40389_Dg,GSE227903,Diagnosis,cellchat,Monocyte,pDC,ITGAV_ITGB1,ADGRE5,0.0160662153416986,0,631,544
40389_Dg,GSE227903,Diagnosis,cellchat,cDC,Pre-B,ITGAV_ITGB1,ADGRE5,0.00394331948534997,0.01,196,140
40389_Dg,GSE227903,Diagnosis,cellchat,Cycling Progenitor,Pre-B,ITGAV_ITGB1,ADGRE5,0.00169523942158439,0.27,24,140
40389_Dg,GSE227903,Diagnosis,cellchat,EoBasoMast Precursor,Pre-B,ITGAV_ITGB1,ADGRE5,0.00135778430286493,0.37,24,140
40389_Dg,GSE227903,Diagnosis,cellchat,MEP,Pre-B,ITGAV_ITGB1,ADGRE5,0.0027966880530701,0.21,27,140
40389_Dg,GSE227903,Diagnosis,cellchat,Monocyte,Pre-B,ITGAV_ITGB1,ADGRE5,0.00463623282549212,0,631,140
40389_Dg,GSE227903,Diagnosis,cellchat,cDC,Pro-B,ITGAV_ITGB1,ADGRE5,0.0151189884591991,0,196,87
40389_Dg,GSE227903,Diagnosis,cellchat,Cycling Progenitor,Pro-B,ITGAV_ITGB1,ADGRE5,0.00654152011320411,0.11,24,87
40389_Dg,GSE227903,Diagnosis,cellchat,EoBasoMast Precursor,Pro-B,ITGAV_ITGB1,ADGRE5,0.00524443009664599,0.2,24,87
40389_Dg,GSE227903,Diagnosis,cellchat,MEP,Pro-B,ITGAV_ITGB1,ADGRE5,0.0107578132962909,0.03,27,87
40389_Dg,GSE227903,Diagnosis,cellchat,Monocyte,Pro-B,ITGAV_ITGB1,ADGRE5,0.0177406946366709,0,631,87
40389_Dg,GSE227903,Diagnosis,cellchat,cDC,Pro-Monocyte,ITGAV_ITGB1,ADGRE5,0.0155156983925916,0,196,110
40389_Dg,GSE227903,Diagnosis,cellchat,Cycling Progenitor,Pro-Monocyte,ITGAV_ITGB1,ADGRE5,0.00671469871704989,0.1,24,110
40389_Dg,GSE227903,Diagnosis,cellchat,EoBasoMast Precursor,Pro-Monocyte,ITGAV_ITGB1,ADGRE5,0.00538345593546933,0.18,24,110
40389_Dg,GSE227903,Diagnosis,cellchat,MEP,Pro-Monocyte,ITGAV_ITGB1,ADGRE5,0.0110413724493494,0.03,27,110
40389_Dg,GSE227903,Diagnosis,cellchat,Monocyte,Pro-Monocyte,ITGAV_ITGB1,ADGRE5,0.0182049244354993,0,631,110
40389_Dg,GSE227903,Diagnosis,cellchat,Early Erythroid,Cycling Progenitor,TGM2,ADGRG1,0.000556791082460732,0,48,24
40389_Dg,GSE227903,Diagnosis,cellchat,Early Erythroid,Early Erythroid,TGM2,ADGRG1,0.000222263905872177,0,48,48
40389_Dg,GSE227903,Diagnosis,cellchat,Early Erythroid,HSC MPP,TGM2,ADGRG1,0.000505607086504328,0,48,54
40389_Dg,GSE227903,Diagnosis,cellchat,Early Erythroid,LMPP,TGM2,ADGRG1,0.000354862820041086,0,48,33
40389_Dg,GSE227903,Diagnosis,cellchat,Early Erythroid,MEP,TGM2,ADGRG1,0.000244574042255377,0,48,27
40389_Dg,GSE227903,Diagnosis,cellchat,cDC,Cycling Progenitor,APP,SORL1,0.00160487442236191,0,196,24
40389_Dg,GSE227903,Diagnosis,cellchat,Cycling Progenitor,Cycling Progenitor,APP,SORL1,0.000386774727562692,0.1,24,24
40389_Dg,GSE227903,Diagnosis,cellchat,Early GMP,Cycling Progenitor,APP,SORL1,0.000386433529773543,0.09,138,24
40389_Dg,GSE227903,Diagnosis,cellchat,HSC MPP,Cycling Progenitor,APP,SORL1,0.000452031688510329,0.08,54,24
40389_Dg,GSE227903,Diagnosis,cellchat,Late GMP,Cycling Progenitor,APP,SORL1,0.000387348970639199,0.11,158,24
40389_Dg,GSE227903,Diagnosis,cellchat,LMPP,Cycling Progenitor,APP,SORL1,0.000497981706076192,0.09,33,24
40389_Dg,GSE227903,Diagnosis,cellchat,MEP,Cycling Progenitor,APP,SORL1,0.000236301238751337,0.11,27,24
40389_Dg,GSE227903,Diagnosis,cellchat,pDC,Cycling Progenitor,APP,SORL1,0.00293167302609129,0,544,24
40389_Dg,GSE227903,Diagnosis,cellchat,Pre-B,Cycling Progenitor,APP,SORL1,0.000161141693737988,0.15,140,24
40389_Dg,GSE227903,Diagnosis,cellchat,Pro-B,Cycling Progenitor,APP,SORL1,0.000347217400285894,0.1,87,24
40389_Dg,GSE227903,Diagnosis,cellchat,Pro-Monocyte,Cycling Progenitor,APP,SORL1,0.000383994443050051,0.09,110,24
40389_Dg,GSE227903,Diagnosis,cellchat,cDC,Early GMP,APP,SORL1,0.00238127129790749,0,196,138
40389_Dg,GSE227903,Diagnosis,cellchat,Cycling Progenitor,Early GMP,APP,SORL1,0.000574225297011406,0,24,138
40389_Dg,GSE227903,Diagnosis,cellchat,Early GMP,Early GMP,APP,SORL1,0.000573718832447132,0,138,138
40389_Dg,GSE227903,Diagnosis,cellchat,HSC MPP,Early GMP,APP,SORL1,0.000671087844858053,0,54,138
40389_Dg,GSE227903,Diagnosis,cellchat,Late GMP,Early GMP,APP,SORL1,0.000575077687178331,0,158,138
40389_Dg,GSE227903,Diagnosis,cellchat,LMPP,Early GMP,APP,SORL1,0.000739288933998033,0,33,138
40389_Dg,GSE227903,Diagnosis,cellchat,MEP,Early GMP,APP,SORL1,0.000350850351301569,0,27,138
40389_Dg,GSE227903,Diagnosis,cellchat,pDC,Early GMP,APP,SORL1,0.00434714607216231,0,544,138
40389_Dg,GSE227903,Diagnosis,cellchat,Pre-B,Early GMP,APP,SORL1,0.000239265272529016,0,140,138
40389_Dg,GSE227903,Diagnosis,cellchat,Pro-B,Early GMP,APP,SORL1,0.000515506377690162,0,87,138
40389_Dg,GSE227903,Diagnosis,cellchat,Pro-Monocyte,Early GMP,APP,SORL1,0.00057009831467382,0,110,138
40389_Dg,GSE227903,Diagnosis,cellchat,cDC,HSC MPP,APP,SORL1,0.00292970822192357,0,196,54
40389_Dg,GSE227903,Diagnosis,cellchat,Cycling Progenitor,HSC MPP,APP,SORL1,0.000706771502151618,0,24,54
40389_Dg,GSE227903,Diagnosis,cellchat,Early GMP,HSC MPP,APP,SORL1,0.000706148214930022,0.01,138,54
40389_Dg,GSE227903,Diagnosis,cellchat,HSC MPP,HSC MPP,APP,SORL1,0.00082597397933769,0.01,54,54
40389_Dg,GSE227903,Diagnosis,cellchat,Late GMP,HSC MPP,APP,SORL1,0.000707820506898636,0.01,158,54
40389_Dg,GSE227903,Diagnosis,cellchat,LMPP,HSC MPP,APP,SORL1,0.000909901452191325,0,33,54
40389_Dg,GSE227903,Diagnosis,cellchat,MEP,HSC MPP,APP,SORL1,0.000431858061104274,0.01,27,54
40389_Dg,GSE227903,Diagnosis,cellchat,pDC,HSC MPP,APP,SORL1,0.00534592261367882,0,544,54
40389_Dg,GSE227903,Diagnosis,cellchat,Pre-B,HSC MPP,APP,SORL1,0.000294516734687273,0.02,140,54
40389_Dg,GSE227903,Diagnosis,cellchat,Pro-B,HSC MPP,APP,SORL1,0.000634507326678042,0.02,87,54
40389_Dg,GSE227903,Diagnosis,cellchat,Pro-Monocyte,HSC MPP,APP,SORL1,0.00070169257326469,0.01,110,54
40389_Dg,GSE227903,Diagnosis,cellchat,cDC,Late GMP,APP,SORL1,0.00192013711800519,0,196,158
40389_Dg,GSE227903,Diagnosis,cellchat,Cycling Progenitor,Late GMP,APP,SORL1,0.000462863969753636,0,24,158
40389_Dg,GSE227903,Diagnosis,cellchat,Early GMP,Late GMP,APP,SORL1,0.000462455680014873,0,138,158
40389_Dg,GSE227903,Diagnosis,cellchat,HSC MPP,Late GMP,APP,SORL1,0.000540951825009101,0,54,158
40389_Dg,GSE227903,Diagnosis,cellchat,Late GMP,Late GMP,APP,SORL1,0.000463551129872809,0,158,158
40389_Dg,GSE227903,Diagnosis,cellchat,LMPP,Late GMP,APP,SORL1,0.00059593538140678,0,33,158
40389_Dg,GSE227903,Diagnosis,cellchat,MEP,Late GMP,APP,SORL1,0.000282796575730816,0,27,158
40389_Dg,GSE227903,Diagnosis,cellchat,pDC,Late GMP,APP,SORL1,0.00350665756701154,0,544,158
40389_Dg,GSE227903,Diagnosis,cellchat,Pre-B,Late GMP,APP,SORL1,0.000192851267003931,0,140,158
40389_Dg,GSE227903,Diagnosis,cellchat,Pro-B,Late GMP,APP,SORL1,0.000415527861534517,0,87,158
40389_Dg,GSE227903,Diagnosis,cellchat,Pro-Monocyte,Late GMP,APP,SORL1,0.000459536978142445,0,110,158
40389_Dg,GSE227903,Diagnosis,cellchat,cDC,LMPP,APP,SORL1,0.00291897915151045,0,196,33
40389_Dg,GSE227903,Diagnosis,cellchat,Cycling Progenitor,LMPP,APP,SORL1,0.000704177439996526,0.01,24,33
40389_Dg,GSE227903,Diagnosis,cellchat,Early GMP,LMPP,APP,SORL1,0.000703556438814254,0.02,138,33
40389_Dg,GSE227903,Diagnosis,cellchat,HSC MPP,LMPP,APP,SORL1,0.000822942768847241,0.03,54,33
40389_Dg,GSE227903,Diagnosis,cellchat,Late GMP,LMPP,APP,SORL1,0.000705222597300475,0.03,158,33
40389_Dg,GSE227903,Diagnosis,cellchat,LMPP,LMPP,APP,SORL1,0.000906562518914581,0.02,33,33
40389_Dg,GSE227903,Diagnosis,cellchat,MEP,LMPP,APP,SORL1,0.000430272578792127,0.03,27,33
40389_Dg,GSE227903,Diagnosis,cellchat,pDC,LMPP,APP,SORL1,0.00532639224064817,0,544,33
40389_Dg,GSE227903,Diagnosis,cellchat,Pre-B,LMPP,APP,SORL1,0.000293435326142784,0.04,140,33
40389_Dg,GSE227903,Diagnosis,cellchat,Pro-B,LMPP,APP,SORL1,0.000632178327802444,0.03,87,33
40389_Dg,GSE227903,Diagnosis,cellchat,Pro-Monocyte,LMPP,APP,SORL1,0.000699117139251439,0.01,110,33
40389_Dg,GSE227903,Diagnosis,cellchat,CD4 Memory T,Cycling Progenitor,CD99,PILRB,0.00291033296542327,0.07,21,24
40389_Dg,GSE227903,Diagnosis,cellchat,CD8 Memory T,Cycling Progenitor,CD99,PILRB,0.00487583077326481,0.03,358,24
40389_Dg,GSE227903,Diagnosis,cellchat,cDC,Cycling Progenitor,CD99,PILRB,0.00405735576249483,0.06,196,24
40389_Dg,GSE227903,Diagnosis,cellchat,Cycling Progenitor,Cycling Progenitor,CD99,PILRB,0.00526695502879578,0.03,24,24
40389_Dg,GSE227903,Diagnosis,cellchat,Early Erythroid,Cycling Progenitor,CD99,PILRB,0.00193263633626816,0.08,48,24
40389_Dg,GSE227903,Diagnosis,cellchat,Early GMP,Cycling Progenitor,CD99,PILRB,0.00524825614010106,0.03,138,24
40389_Dg,GSE227903,Diagnosis,cellchat,EoBasoMast Precursor,Cycling Progenitor,CD99,PILRB,0.00103989520071223,0.11,24,24
40389_Dg,GSE227903,Diagnosis,cellchat,HSC MPP,Cycling Progenitor,CD99,PILRB,0.00561440168344246,0.02,54,24
40389_Dg,GSE227903,Diagnosis,cellchat,Late GMP,Cycling Progenitor,CD99,PILRB,0.0040787594136659,0.04,158,24
40389_Dg,GSE227903,Diagnosis,cellchat,LMPP,Cycling Progenitor,CD99,PILRB,0.00681043335329686,0.01,33,24
40389_Dg,GSE227903,Diagnosis,cellchat,MEP,Cycling Progenitor,CD99,PILRB,0.0023030182287747,0.07,27,24
40389_Dg,GSE227903,Diagnosis,cellchat,Monocyte,Cycling Progenitor,CD99,PILRB,0.0011520324275521,0.09,631,24
40389_Dg,GSE227903,Diagnosis,cellchat,NK,Cycling Progenitor,CD99,PILRB,0.00351660162501146,0.06,22,24
40389_Dg,GSE227903,Diagnosis,cellchat,pDC,Cycling Progenitor,CD99,PILRB,0.005328403700332,0.03,544,24
40389_Dg,GSE227903,Diagnosis,cellchat,Pre-B,Cycling Progenitor,CD99,PILRB,0.00202973387771535,0.07,140,24
40389_Dg,GSE227903,Diagnosis,cellchat,Pro-B,Cycling Progenitor,CD99,PILRB,0.00707986240419911,0,87,24
40389_Dg,GSE227903,Diagnosis,cellchat,Pro-Monocyte,Cycling Progenitor,CD99,PILRB,0.00209517212596361,0.07,110,24
40389_Dg,GSE227903,Diagnosis,cellchat,CD4 Memory T,Early Erythroid,CD99,PILRB,0.00219674113860715,0.02,21,48
40389_Dg,GSE227903,Diagnosis,cellchat,CD8 Memory T,Early Erythroid,CD99,PILRB,0.00368209329110362,0.01,358,48
40389_Dg,GSE227903,Diagnosis,cellchat,cDC,Early Erythroid,CD99,PILRB,0.00306338660992932,0.02,196,48
40389_Dg,GSE227903,Diagnosis,cellchat,Cycling Progenitor,Early Erythroid,CD99,PILRB,0.00397784234756055,0.02,24,48
40389_Dg,GSE227903,Diagnosis,cellchat,Early Erythroid,Early Erythroid,CD99,PILRB,0.00145841775591272,0.02,48,48
40389_Dg,GSE227903,Diagnosis,cellchat,Early GMP,Early Erythroid,CD99,PILRB,0.00396370186568384,0.01,138,48
40389_Dg,GSE227903,Diagnosis,cellchat,EoBasoMast Precursor,Early Erythroid,CD99,PILRB,0.000784559829755783,0.04,24,48
40389_Dg,GSE227903,Diagnosis,cellchat,HSC MPP,Early Erythroid,CD99,PILRB,0.00424061228330376,0.02,54,48
40389_Dg,GSE227903,Diagnosis,cellchat,Late GMP,Early Erythroid,CD99,PILRB,0.00307956301779818,0.02,158,48
40389_Dg,GSE227903,Diagnosis,cellchat,LMPP,Early Erythroid,CD99,PILRB,0.00514550102521257,0.02,33,48
40389_Dg,GSE227903,Diagnosis,cellchat,MEP,Early Erythroid,CD99,PILRB,0.00173807585224938,0.02,27,48
40389_Dg,GSE227903,Diagnosis,cellchat,Monocyte,Early Erythroid,CD99,PILRB,0.000869186892681337,0.04,631,48
40389_Dg,GSE227903,Diagnosis,cellchat,NK,Early Erythroid,CD99,PILRB,0.00265475305518157,0.02,22,48
40389_Dg,GSE227903,Diagnosis,cellchat,pDC,Early Erythroid,CD99,PILRB,0.00402431200551468,0.01,544,48
40389_Dg,GSE227903,Diagnosis,cellchat,Pre-B,Early Erythroid,CD99,PILRB,0.00153172665602499,0.02,140,48
40389_Dg,GSE227903,Diagnosis,cellchat,Pro-B,Early Erythroid,CD99,PILRB,0.00534941808721887,0.01,87,48
40389_Dg,GSE227903,Diagnosis,cellchat,Pro-Monocyte,Early Erythroid,CD99,PILRB,0.00158113468050608,0.02,110,48
40389_Dg,GSE227903,Diagnosis,cellchat,CD4 Memory T,Early GMP,CD99,PILRB,0.00325743586176032,0,21,138
40389_Dg,GSE227903,Diagnosis,cellchat,CD8 Memory T,Early GMP,CD99,PILRB,0.00545606741491628,0,358,138
40389_Dg,GSE227903,Diagnosis,cellchat,cDC,Early GMP,CD99,PILRB,0.00454063616059488,0,196,138
40389_Dg,GSE227903,Diagnosis,cellchat,Cycling Progenitor,Early GMP,CD99,PILRB,0.00589346082793238,0,24,138
40389_Dg,GSE227903,Diagnosis,cellchat,Early Erythroid,Early GMP,CD99,PILRB,0.00216338655987573,0,48,138
40389_Dg,GSE227903,Diagnosis,cellchat,Early GMP,Early GMP,CD99,PILRB,0.00587255083222,0,138,138
40389_Dg,GSE227903,Diagnosis,cellchat,EoBasoMast Precursor,Early GMP,CD99,PILRB,0.00116417949113838,0,24,138
40389_Dg,GSE227903,Diagnosis,cellchat,HSC MPP,Early GMP,CD99,PILRB,0.00628197535931872,0,54,138
40389_Dg,GSE227903,Diagnosis,cellchat,Late GMP,Early GMP,CD99,PILRB,0.00456457756233031,0,158,138
40389_Dg,GSE227903,Diagnosis,cellchat,LMPP,Early GMP,CD99,PILRB,0.00761913008071971,0,33,138
40389_Dg,GSE227903,Diagnosis,cellchat,MEP,Early GMP,CD99,PILRB,0.00257787657363396,0,27,138
40389_Dg,GSE227903,Diagnosis,cellchat,Monocyte,Early GMP,CD99,PILRB,0.00128970162687158,0,631,138
40389_Dg,GSE227903,Diagnosis,cellchat,NK,Early GMP,CD99,PILRB,0.003935726165589,0,22,138
40389_Dg,GSE227903,Diagnosis,cellchat,pDC,Early GMP,CD99,PILRB,0.00596217502613699,0,544,138
40389_Dg,GSE227903,Diagnosis,cellchat,Pre-B,Early GMP,CD99,PILRB,0.00227205082728912,0,140,138
40389_Dg,GSE227903,Diagnosis,cellchat,Pro-B,Early GMP,CD99,PILRB,0.00792029702876552,0,87,138
40389_Dg,GSE227903,Diagnosis,cellchat,Pro-Monocyte,Early GMP,CD99,PILRB,0.00234528297037391,0,110,138
40389_Dg,GSE227903,Diagnosis,cellchat,CD4 Memory T,EoBasoMast Precursor,CD99,PILRB,0.00457789819594988,0.05,21,24
40389_Dg,GSE227903,Diagnosis,cellchat,CD8 Memory T,EoBasoMast Precursor,CD99,PILRB,0.00766093585311331,0.01,358,24
40389_Dg,GSE227903,Diagnosis,cellchat,cDC,EoBasoMast Precursor,CD99,PILRB,0.00637793920098579,0.01,196,24
40389_Dg,GSE227903,Diagnosis,cellchat,Cycling Progenitor,EoBasoMast Precursor,CD99,PILRB,0.00827361524651215,0,24,24
40389_Dg,GSE227903,Diagnosis,cellchat,Early Erythroid,EoBasoMast Precursor,CD99,PILRB,0.00304170900620868,0.08,48,24
40389_Dg,GSE227903,Diagnosis,cellchat,Early GMP,EoBasoMast Precursor,CD99,PILRB,0.00824433049861345,0.01,138,24
40389_Dg,GSE227903,Diagnosis,cellchat,EoBasoMast Precursor,EoBasoMast Precursor,CD99,PILRB,0.00163749536629634,0.09,24,24
40389_Dg,GSE227903,Diagnosis,cellchat,HSC MPP,EoBasoMast Precursor,CD99,PILRB,0.00881764491116405,0,54,24
40389_Dg,GSE227903,Diagnosis,cellchat,Late GMP,EoBasoMast Precursor,CD99,PILRB,0.00641150575114004,0.01,158,24
40389_Dg,GSE227903,Diagnosis,cellchat,LMPP,EoBasoMast Precursor,CD99,PILRB,0.0106887260186844,0,33,24
40389_Dg,GSE227903,Diagnosis,cellchat,MEP,EoBasoMast Precursor,CD99,PILRB,0.00362386842249108,0.09,27,24
40389_Dg,GSE227903,Diagnosis,cellchat,Monocyte,EoBasoMast Precursor,CD99,PILRB,0.00181395786319654,0.09,631,24
40389_Dg,GSE227903,Diagnosis,cellchat,NK,EoBasoMast Precursor,CD99,PILRB,0.00552962073531938,0.05,22,24
40389_Dg,GSE227903,Diagnosis,cellchat,pDC,EoBasoMast Precursor,CD99,PILRB,0.00836984695947321,0,544,24
40389_Dg,GSE227903,Diagnosis,cellchat,Pre-B,EoBasoMast Precursor,CD99,PILRB,0.00319434910764032,0.09,140,24
40389_Dg,GSE227903,Diagnosis,cellchat,Pro-B,EoBasoMast Precursor,CD99,PILRB,0.0111098687825941,0,87,24
40389_Dg,GSE227903,Diagnosis,cellchat,Pro-Monocyte,EoBasoMast Precursor,CD99,PILRB,0.00329721028538724,0.09,110,24
40389_Dg,GSE227903,Diagnosis,cellchat,CD4 Memory T,Late GMP,CD99,PILRB,0.00265252929268833,0,21,158
40389_Dg,GSE227903,Diagnosis,cellchat,CD8 Memory T,Late GMP,CD99,PILRB,0.00444469511306903,0,358,158
40389_Dg,GSE227903,Diagnosis,cellchat,cDC,Late GMP,CD99,PILRB,0.00369832316430358,0,196,158
40389_Dg,GSE227903,Diagnosis,cellchat,Cycling Progenitor,Late GMP,CD99,PILRB,0.00480140184962973,0,24,158
40389_Dg,GSE227903,Diagnosis,cellchat,Early Erythroid,Late GMP,CD99,PILRB,0.00176128618970361,0,48,158
40389_Dg,GSE227903,Diagnosis,cellchat,Early GMP,Late GMP,CD99,PILRB,0.00478434783110991,0,138,158
40389_Dg,GSE227903,Diagnosis,cellchat,EoBasoMast Precursor,Late GMP,CD99,PILRB,0.000947621537362221,0,24,158
40389_Dg,GSE227903,Diagnosis,cellchat,HSC MPP,Late GMP,CD99,PILRB,0.00511829525276344,0,54,158
40389_Dg,GSE227903,Diagnosis,cellchat,Late GMP,Late GMP,CD99,PILRB,0.003717839891477,0,158,158
40389_Dg,GSE227903,Diagnosis,cellchat,LMPP,Late GMP,CD99,PILRB,0.00620930168774595,0,33,158
40389_Dg,GSE227903,Diagnosis,cellchat,MEP,Late GMP,CD99,PILRB,0.00209889858188658,0,27,158
40389_Dg,GSE227903,Diagnosis,cellchat,Monocyte,Late GMP,CD99,PILRB,0.00104981887929911,0,631,158
40389_Dg,GSE227903,Diagnosis,cellchat,NK,Late GMP,CD99,PILRB,0.00320526598562309,0,22,158
40389_Dg,GSE227903,Diagnosis,cellchat,pDC,Late GMP,CD99,PILRB,0.00485744551419597,0,544,158
40389_Dg,GSE227903,Diagnosis,cellchat,Pre-B,Late GMP,CD99,PILRB,0.00184979088736178,0,140,158
40389_Dg,GSE227903,Diagnosis,cellchat,Pro-B,Late GMP,CD99,PILRB,0.00645510380140798,0,87,158
40389_Dg,GSE227903,Diagnosis,cellchat,Pro-Monocyte,Late GMP,CD99,PILRB,0.00190943890639045,0,110,158
40389_Dg,GSE227903,Diagnosis,cellchat,CD4 Memory T,MEP,CD99,PILRB,0.00301514225484907,0.04,21,27
40389_Dg,GSE227903,Diagnosis,cellchat,CD8 Memory T,MEP,CD99,PILRB,0.00505106460254062,0.01,358,27
40389_Dg,GSE227903,Diagnosis,cellchat,cDC,MEP,CD99,PILRB,0.00420329843973965,0.02,196,27
40389_Dg,GSE227903,Diagnosis,cellchat,Cycling Progenitor,MEP,CD99,PILRB,0.00545616850911673,0.01,24,27
40389_Dg,GSE227903,Diagnosis,cellchat,Early Erythroid,MEP,CD99,PILRB,0.00200230672181088,0.07,48,27
40389_Dg,GSE227903,Diagnosis,cellchat,Early GMP,MEP,CD99,PILRB,0.00543680154103089,0,138,27
40389_Dg,GSE227903,Diagnosis,cellchat,EoBasoMast Precursor,MEP,CD99,PILRB,0.00107741754299924,0.1,24,27
40389_Dg,GSE227903,Diagnosis,cellchat,HSC MPP,MEP,CD99,PILRB,0.00581602408147989,0,54,27
40389_Dg,GSE227903,Diagnosis,cellchat,Late GMP,MEP,CD99,PILRB,0.00422546871169589,0.02,158,27
40389_Dg,GSE227903,Diagnosis,cellchat,LMPP,MEP,CD99,PILRB,0.00705470249499599,0,33,27
40389_Dg,GSE227903,Diagnosis,cellchat,MEP,MEP,CD99,PILRB,0.00238600874052231,0.06,27,27
40389_Dg,GSE227903,Diagnosis,cellchat,Monocyte,MEP,CD99,PILRB,0.00119359616164582,0.1,631,27
40389_Dg,GSE227903,Diagnosis,cellchat,NK,MEP,CD99,PILRB,0.00364316458192603,0.04,22,27
40389_Dg,GSE227903,Diagnosis,cellchat,pDC,MEP,CD99,PILRB,0.00551981245263144,0,544,27
40389_Dg,GSE227903,Diagnosis,cellchat,Pre-B,MEP,CD99,PILRB,0.00210289719658814,0.06,140,27
40389_Dg,GSE227903,Diagnosis,cellchat,Pro-B,MEP,CD99,PILRB,0.00733372377507611,0,87,27
40389_Dg,GSE227903,Diagnosis,cellchat,Pro-Monocyte,MEP,CD99,PILRB,0.00217068908625461,0.06,110,27
40389_Dg,GSE227903,Diagnosis,cellchat,CD4 Memory T,Pre-B,CD99,PILRB,0.00194538771146628,0,21,140
40389_Dg,GSE227903,Diagnosis,cellchat,CD8 Memory T,Pre-B,CD99,PILRB,0.00326133981451054,0,358,140
40389_Dg,GSE227903,Diagnosis,cellchat,cDC,Pre-B,CD99,PILRB,0.00271314033223852,0,196,140
40389_Dg,GSE227903,Diagnosis,cellchat,Cycling Progenitor,Pre-B,CD99,PILRB,0.00352341308683527,0,24,140
40389_Dg,GSE227903,Diagnosis,cellchat,Early Erythroid,Pre-B,CD99,PILRB,0.00129143472502808,0,48,140
40389_Dg,GSE227903,Diagnosis,cellchat,Early GMP,Pre-B,CD99,PILRB,0.0035108823213996,0,138,140
40389_Dg,GSE227903,Diagnosis,cellchat,EoBasoMast Precursor,Pre-B,CD99,PILRB,0.00069467717510071,0,24,140
40389_Dg,GSE227903,Diagnosis,cellchat,HSC MPP,Pre-B,CD99,PILRB,0.00375627735827086,0,54,140
40389_Dg,GSE227903,Diagnosis,cellchat,Late GMP,Pre-B,CD99,PILRB,0.00272747230231186,0,158,140
40389_Dg,GSE227903,Diagnosis,cellchat,LMPP,Pre-B,CD99,PILRB,0.00455828874984046,0,33,140
40389_Dg,GSE227903,Diagnosis,cellchat,MEP,Pre-B,CD99,PILRB,0.00153912243620414,0,27,140
40389_Dg,GSE227903,Diagnosis,cellchat,Monocyte,Pre-B,CD99,PILRB,0.000769616453748771,0,631,140
40389_Dg,GSE227903,Diagnosis,cellchat,NK,Pre-B,CD99,PILRB,0.00235111690811771,0,22,140
40389_Dg,GSE227903,Diagnosis,cellchat,pDC,Pre-B,CD99,PILRB,0.00356459304355899,0,544,140
40389_Dg,GSE227903,Diagnosis,cellchat,Pre-B,Pre-B,CD99,PILRB,0.00135636144908228,0,140,140
40389_Dg,GSE227903,Diagnosis,cellchat,Pro-B,Pre-B,CD99,PILRB,0.00473904534588505,0,87,140
40389_Dg,GSE227903,Diagnosis,cellchat,Pro-Monocyte,Pre-B,CD99,PILRB,0.00140012075124118,0,110,140
40389_Dg,GSE227903,Diagnosis,cellchat,CD4 Memory T,Pro-B,CD99,PILRB,0.0031400139616733,0,21,87
40389_Dg,GSE227903,Diagnosis,cellchat,CD8 Memory T,Pro-B,CD99,PILRB,0.00525980892187579,0,358,87
40389_Dg,GSE227903,Diagnosis,cellchat,cDC,Pro-B,CD99,PILRB,0.00437716143372452,0,196,87
40389_Dg,GSE227903,Diagnosis,cellchat,Cycling Progenitor,Pro-B,CD99,PILRB,0.00568155887365105,0,24,87
40389_Dg,GSE227903,Diagnosis,cellchat,Early Erythroid,Pro-B,CD99,PILRB,0.00208531971893429,0,48,87
40389_Dg,GSE227903,Diagnosis,cellchat,Early GMP,Pro-B,CD99,PILRB,0.00566139642432357,0,138,87
40389_Dg,GSE227903,Diagnosis,cellchat,EoBasoMast Precursor,Pro-B,CD99,PILRB,0.00112212896802498,0,24,87
40389_Dg,GSE227903,Diagnosis,cellchat,HSC MPP,Pro-B,CD99,PILRB,0.00605618929734547,0,54,87
40389_Dg,GSE227903,Diagnosis,cellchat,Late GMP,Pro-B,CD99,PILRB,0.00440024469275093,0,158,87
40389_Dg,GSE227903,Diagnosis,cellchat,LMPP,Pro-B,CD99,PILRB,0.00734563941418073,0,33,87
40389_Dg,GSE227903,Diagnosis,cellchat,MEP,Pro-B,CD99,PILRB,0.00248488990913225,0,27,87
40389_Dg,GSE227903,Diagnosis,cellchat,Monocyte,Pro-B,CD99,PILRB,0.0012431228481735,0,631,87
40389_Dg,GSE227903,Diagnosis,cellchat,NK,Pro-B,CD99,PILRB,0.00379394677116437,0,22,87
40389_Dg,GSE227903,Diagnosis,cellchat,pDC,Pro-B,CD99,PILRB,0.00574781670791772,0,544,87
40389_Dg,GSE227903,Diagnosis,cellchat,Pre-B,Pro-B,CD99,PILRB,0.00219007139050593,0,140,87
40389_Dg,GSE227903,Diagnosis,cellchat,Pro-B,Pro-B,CD99,PILRB,0.00763607907923645,0,87,87
40389_Dg,GSE227903,Diagnosis,cellchat,Pro-Monocyte,Pro-B,CD99,PILRB,0.00226066718105705,0,110,87
40389_Dg,GSE227903,Diagnosis,cellchat,Cycling Progenitor,cDC,LAIR1,LILRB4,0.00217414481477017,0,24,196
40389_Dg,GSE227903,Diagnosis,cellchat,Early GMP,cDC,LAIR1,LILRB4,0.00203330694671716,0,138,196
40389_Dg,GSE227903,Diagnosis,cellchat,EoBasoMast Precursor,cDC,LAIR1,LILRB4,0.0046632810000873,0,24,196
40389_Dg,GSE227903,Diagnosis,cellchat,Late GMP,cDC,LAIR1,LILRB4,0.00256004016910995,0,158,196
40389_Dg,GSE227903,Diagnosis,cellchat,LMPP,cDC,LAIR1,LILRB4,0.00341163569059778,0,33,196
40389_Dg,GSE227903,Diagnosis,cellchat,Pro-B,cDC,LAIR1,LILRB4,0.00291487380066747,0,87,196
40389_Dg,GSE227903,Diagnosis,cellchat,Cycling Progenitor,pDC,LAIR1,LILRB4,0.00335187541401706,0,24,544
40389_Dg,GSE227903,Diagnosis,cellchat,Early GMP,pDC,LAIR1,LILRB4,0.00313498560339485,0,138,544
40389_Dg,GSE227903,Diagnosis,cellchat,EoBasoMast Precursor,pDC,LAIR1,LILRB4,0.00717967061524042,0,24,544
40389_Dg,GSE227903,Diagnosis,cellchat,Late GMP,pDC,LAIR1,LILRB4,0.00394598297341369,0,158,544
40389_Dg,GSE227903,Diagnosis,cellchat,LMPP,pDC,LAIR1,LILRB4,0.00525618187995387,0,33,544
40389_Dg,GSE227903,Diagnosis,cellchat,Pro-B,pDC,LAIR1,LILRB4,0.00449204967942371,0,87,544
40389_Dg,GSE227903,Diagnosis,cellchat,Cycling Progenitor,CD8 Memory T,MICB,NKG2D_HCST,0.00259773236804028,0,24,358
40389_Dg,GSE227903,Diagnosis,cellchat,Early Erythroid,CD8 Memory T,MICB,NKG2D_HCST,0.000419104587578262,0,48,358
40389_Dg,GSE227903,Diagnosis,cellchat,Pre-B,CD8 Memory T,MICB,NKG2D_HCST,0.00213569989677188,0,140,358
40389_Dg,GSE227903,Diagnosis,cellchat,Cycling Progenitor,NK,MICB,NKG2D_HCST,0.00395821696702568,0,24,22
40389_Dg,GSE227903,Diagnosis,cellchat,Early Erythroid,NK,MICB,NKG2D_HCST,0.000639329444081527,0,48,22
40389_Dg,GSE227903,Diagnosis,cellchat,Pre-B,NK,MICB,NKG2D_HCST,0.0032549984956273,0,140,22
40389_Dg,GSE227903,Diagnosis,cellchat,Cycling Progenitor,Cycling Progenitor,PECAM1,CD38,0.000344336008647709,0.02,24,24
40389_Dg,GSE227903,Diagnosis,cellchat,Early GMP,Cycling Progenitor,PECAM1,CD38,0.0004567848151961,0,138,24
40389_Dg,GSE227903,Diagnosis,cellchat,LMPP,Cycling Progenitor,PECAM1,CD38,0.000637504627853167,0,33,24
40389_Dg,GSE227903,Diagnosis,cellchat,Cycling Progenitor,Early Erythroid,PECAM1,CD38,0.000271221431490657,0,24,48
40389_Dg,GSE227903,Diagnosis,cellchat,Early GMP,Early Erythroid,PECAM1,CD38,0.000359802017602951,0,138,48
40389_Dg,GSE227903,Diagnosis,cellchat,LMPP,Early Erythroid,PECAM1,CD38,0.000502171370714237,0,33,48
40389_Dg,GSE227903,Diagnosis,cellchat,Cycling Progenitor,Early GMP,PECAM1,CD38,0.000299938493408108,0,24,138
40389_Dg,GSE227903,Diagnosis,cellchat,Early GMP,Early GMP,PECAM1,CD38,0.000397894303794711,0,138,138
40389_Dg,GSE227903,Diagnosis,cellchat,LMPP,Early GMP,PECAM1,CD38,0.000555327945471196,0,33,138
40389_Dg,GSE227903,Diagnosis,cellchat,Cycling Progenitor,EoBasoMast Precursor,PECAM1,CD38,0.000406755378686035,0.02,24,24
40389_Dg,GSE227903,Diagnosis,cellchat,Early GMP,EoBasoMast Precursor,PECAM1,CD38,0.000539577294352752,0,138,24
40389_Dg,GSE227903,Diagnosis,cellchat,LMPP,EoBasoMast Precursor,PECAM1,CD38,0.00075302798748091,0,33,24
40389_Dg,GSE227903,Diagnosis,cellchat,Cycling Progenitor,Late GMP,PECAM1,CD38,0.000392496996323229,0,24,158
40389_Dg,GSE227903,Diagnosis,cellchat,Early GMP,Late GMP,PECAM1,CD38,0.000520665404481076,0,138,158
40389_Dg,GSE227903,Diagnosis,cellchat,LMPP,Late GMP,PECAM1,CD38,0.000726640206405328,0,33,158
40389_Dg,GSE227903,Diagnosis,cellchat,Cycling Progenitor,MEP,PECAM1,CD38,0.000316258202827752,0,24,27
40389_Dg,GSE227903,Diagnosis,cellchat,Early GMP,MEP,PECAM1,CD38,0.000419541570403139,0,138,27
40389_Dg,GSE227903,Diagnosis,cellchat,LMPP,MEP,PECAM1,CD38,0.000585535303738885,0.01,33,27
40389_Dg,GSE227903,Diagnosis,cellchat,Cycling Progenitor,NK,PECAM1,CD38,0.000707811558537465,0,24,22
40389_Dg,GSE227903,Diagnosis,cellchat,Early GMP,NK,PECAM1,CD38,0.000938848036971932,0,138,22
40389_Dg,GSE227903,Diagnosis,cellchat,LMPP,NK,PECAM1,CD38,0.00131003870512697,0,33,22
40389_Dg,GSE227903,Diagnosis,cellchat,Cycling Progenitor,Plasma Cell,PECAM1,CD38,0.000537588085189305,0.01,24,30
40389_Dg,GSE227903,Diagnosis,cellchat,Early GMP,Plasma Cell,PECAM1,CD38,0.000713101639832269,0,138,30
40389_Dg,GSE227903,Diagnosis,cellchat,LMPP,Plasma Cell,PECAM1,CD38,0.000995128260557404,0,33,30
40389_Dg,GSE227903,Diagnosis,cellchat,Cycling Progenitor,Pre-B,PECAM1,CD38,0.00142131196622871,0,24,140
40389_Dg,GSE227903,Diagnosis,cellchat,Early GMP,Pre-B,PECAM1,CD38,0.00188480254905658,0,138,140
40389_Dg,GSE227903,Diagnosis,cellchat,LMPP,Pre-B,PECAM1,CD38,0.002629009385313,0,33,140
40389_Dg,GSE227903,Diagnosis,cellchat,Cycling Progenitor,Pro-B,PECAM1,CD38,0.00101801356149402,0,24,87
40389_Dg,GSE227903,Diagnosis,cellchat,Early GMP,Pro-B,PECAM1,CD38,0.00135016614249318,0,138,87
40389_Dg,GSE227903,Diagnosis,cellchat,LMPP,Pro-B,PECAM1,CD38,0.00188367229929124,0,33,87
