sample,dataset,timepoint,engine,sender_bin,receiver_bin,ligand,receptor,prob,pval,n_sender,n_receiver
5143_Dg,GSE227903,Diagnosis,cellchat,CD4 Memory T,Cycling Progenitor,TGFB1,TGFbR1_R2,0.00993738389247842,0.19,27,30
5143_Dg,GSE227903,Diagnosis,cellchat,CD8 Memory T,Cycling Progenitor,TGFB1,TGFbR1_R2,0.0121779003843598,0.05,19,30
5143_Dg,GSE227903,Diagnosis,cellchat,cDC,Cycling Progenitor,TGFB1,TGFbR1_R2,0.0109259529681038,0.12,70,30
5143_Dg,GSE227903,Diagnosis,cellchat,Cycling Progenitor,Cycling Progenitor,TGFB1,TGFbR1_R2,0.00816978104280752,0.38,30,30
5143_Dg,GSE227903,Diagnosis,cellchat,Early GMP,Cycling Progenitor,TGFB1,TGFbR1_R2,0.0102965207791927,0.15,142,30
5143_Dg,GSE227903,Diagnosis,cellchat,Late GMP,Cycling Progenitor,TGFB1,TGFbR1_R2,0.0067987727898886,0.48,30,30
5143_Dg,GSE227903,Diagnosis,cellchat,LMPP,Cycling Progenitor,TGFB1,TGFbR1_R2,0.0111664479668914,0.1,78,30
5143_Dg,GSE227903,Diagnosis,cellchat,Monocyte,Cycling Progenitor,TGFB1,TGFbR1_R2,0.0107219893145827,0.16,91,30
5143_Dg,GSE227903,Diagnosis,cellchat,Naive T,Cycling Progenitor,TGFB1,TGFbR1_R2,0.00306563671488671,0.58,44,30
5143_Dg,GSE227903,Diagnosis,cellchat,pDC,Cycling Progenitor,TGFB1,TGFbR1_R2,0.00983908733152819,0.24,225,30
5143_Dg,GSE227903,Diagnosis,cellchat,Pro-Monocyte,Cycling Progenitor,TGFB1,TGFbR1_R2,0.00714706070060089,0.46,45,30
5143_Dg,GSE227903,Diagnosis,cellchat,CD4 Memory T,Early GMP,TGFB1,TGFbR1_R2,0.0075721011290076,0.64,27,142
5143_Dg,GSE227903,Diagnosis,cellchat,CD8 Memory T,Early GMP,TGFB1,TGFbR1_R2,0.00928494443750763,0.24,19,142
5143_Dg,GSE227903,Diagnosis,cellchat,cDC,Early GMP,TGFB1,TGFbR1_R2,0.00832759297727974,0.44,70,142
5143_Dg,GSE227903,Diagnosis,cellchat,Cycling Progenitor,Early GMP,TGFB1,TGFbR1_R2,0.00622265101184359,0.82,30,142
5143_Dg,GSE227903,Diagnosis,cellchat,Early GMP,Early GMP,TGFB1,TGFbR1_R2,0.0078465168731099,0.65,142,142
5143_Dg,GSE227903,Diagnosis,cellchat,Late GMP,Early GMP,TGFB1,TGFbR1_R2,0.00517683024969975,0.9,30,142
5143_Dg,GSE227903,Diagnosis,cellchat,LMPP,Early GMP,TGFB1,TGFbR1_R2,0.00851144686553104,0.53,78,142
5143_Dg,GSE227903,Diagnosis,cellchat,Monocyte,Early GMP,TGFB1,TGFbR1_R2,0.00817168531121608,0.57,91,142
5143_Dg,GSE227903,Diagnosis,cellchat,Naive T,Early GMP,TGFB1,TGFbR1_R2,0.00233163600329322,0.92,44,142
5143_Dg,GSE227903,Diagnosis,cellchat,pDC,Early GMP,TGFB1,TGFbR1_R2,0.00749700219975831,0.72,225,142
5143_Dg,GSE227903,Diagnosis,cellchat,Pro-Monocyte,Early GMP,TGFB1,TGFbR1_R2,0.00544183096765581,0.9,45,142
5143_Dg,GSE227903,Diagnosis,cellchat,CD4 Memory T,Late GMP,TGFB1,TGFbR1_R2,0.011305744208216,0.02,27,30
5143_Dg,GSE227903,Diagnosis,cellchat,CD8 Memory T,Late GMP,TGFB1,TGFbR1_R2,0.0138488313061181,0,19,30
5143_Dg,GSE227903,Diagnosis,cellchat,cDC,Late GMP,TGFB1,TGFbR1_R2,0.0124280837011092,0.01,70,30
5143_Dg,GSE227903,Diagnosis,cellchat,Cycling Progenitor,Late GMP,TGFB1,TGFbR1_R2,0.00929747252357642,0.14,30,30
5143_Dg,GSE227903,Diagnosis,cellchat,Early GMP,Late GMP,TGFB1,TGFbR1_R2,0.0117135276644082,0.05,142,30
5143_Dg,GSE227903,Diagnosis,cellchat,Late GMP,Late GMP,TGFB1,TGFbR1_R2,0.00773888857550553,0.27,30,30
5143_Dg,GSE227903,Diagnosis,cellchat,LMPP,Late GMP,TGFB1,TGFbR1_R2,0.0127010575371192,0.02,78,30
5143_Dg,GSE227903,Diagnosis,cellchat,Monocyte,Late GMP,TGFB1,TGFbR1_R2,0.0121965550563378,0.04,91,30
5143_Dg,GSE227903,Diagnosis,cellchat,Naive T,Late GMP,TGFB1,TGFbR1_R2,0.0034923672768531,0.55,44,30
5143_Dg,GSE227903,Diagnosis,cellchat,pDC,Late GMP,TGFB1,TGFbR1_R2,0.0111941231920385,0.04,225,30
5143_Dg,GSE227903,Diagnosis,cellchat,Pro-Monocyte,Late GMP,TGFB1,TGFbR1_R2,0.00813554753070163,0.34,45,30
5143_Dg,GSE227903,Diagnosis,cellchat,CD4 Memory T,LMPP,TGFB1,TGFbR1_R2,0.00757364271656185,0.63,27,78
5143_Dg,GSE227903,Diagnosis,cellchat,CD8 Memory T,LMPP,TGFB1,TGFbR1_R2,0.00928683147593796,0.25,19,78
5143_Dg,GSE227903,Diagnosis,cellchat,cDC,LMPP,TGFB1,TGFbR1_R2,0.0083292870828781,0.49,70,78
5143_Dg,GSE227903,Diagnosis,cellchat,Cycling Progenitor,LMPP,TGFB1,TGFbR1_R2,0.00622391936058782,0.75,30,78
5143_Dg,GSE227903,Diagnosis,cellchat,Early GMP,LMPP,TGFB1,TGFbR1_R2,0.00784811388656554,0.6,142,78
5143_Dg,GSE227903,Diagnosis,cellchat,Late GMP,LMPP,TGFB1,TGFbR1_R2,0.00517788634253732,0.79,30,78
5143_Dg,GSE227903,Diagnosis,cellchat,LMPP,LMPP,TGFB1,TGFbR1_R2,0.00851317805195861,0.47,78,78
5143_Dg,GSE227903,Diagnosis,cellchat,Monocyte,LMPP,TGFB1,TGFbR1_R2,0.00817334796148941,0.54,91,78
5143_Dg,GSE227903,Diagnosis,cellchat,Naive T,LMPP,TGFB1,TGFbR1_R2,0.00233211320308552,0.81,44,78
5143_Dg,GSE227903,Diagnosis,cellchat,pDC,LMPP,TGFB1,TGFbR1_R2,0.0074985286136068,0.64,225,78
5143_Dg,GSE227903,Diagnosis,cellchat,Pro-Monocyte,LMPP,TGFB1,TGFbR1_R2,0.00544294123675257,0.77,45,78
5143_Dg,GSE227903,Diagnosis,cellchat,CD4 Memory T,Monocyte,TGFB1,TGFbR1_R2,0.0102163129777958,0.07,27,91
5143_Dg,GSE227903,Diagnosis,cellchat,CD8 Memory T,Monocyte,TGFB1,TGFbR1_R2,0.0125197432882798,0,19,91
5143_Dg,GSE227903,Diagnosis,cellchat,cDC,Monocyte,TGFB1,TGFbR1_R2,0.0112326399666623,0,70,91
5143_Dg,GSE227903,Diagnosis,cellchat,Cycling Progenitor,Monocyte,TGFB1,TGFbR1_R2,0.00839908418234834,0.38,30,91
5143_Dg,GSE227903,Diagnosis,cellchat,Early GMP,Monocyte,TGFB1,TGFbR1_R2,0.0105855338149535,0.01,142,91
5143_Dg,GSE227903,Diagnosis,cellchat,Late GMP,Monocyte,TGFB1,TGFbR1_R2,0.00698958837509514,0.63,30,91
5143_Dg,GSE227903,Diagnosis,cellchat,LMPP,Monocyte,TGFB1,TGFbR1_R2,0.0114798880722681,0.01,78,91
5143_Dg,GSE227903,Diagnosis,cellchat,Monocyte,Monocyte,TGFB1,TGFbR1_R2,0.0110229490923738,0,91,91
5143_Dg,GSE227903,Diagnosis,cellchat,Naive T,Monocyte,TGFB1,TGFbR1_R2,0.00315166534083954,0.84,44,91
5143_Dg,GSE227903,Diagnosis,cellchat,pDC,Monocyte,TGFB1,TGFbR1_R2,0.0101152564593333,0.04,225,91
5143_Dg,GSE227903,Diagnosis,cellchat,Pro-Monocyte,Monocyte,TGFB1,TGFbR1_R2,0.00734765049403151,0.59,45,91
5143_Dg,GSE227903,Diagnosis,cellchat,CD4 Memory T,pDC,TGFB1,TGFbR1_R2,0.0118355487874669,0,27,225
5143_Dg,GSE227903,Diagnosis,cellchat,CD8 Memory T,pDC,TGFB1,TGFbR1_R2,0.0144987137128275,0,19,225
5143_Dg,GSE227903,Diagnosis,cellchat,cDC,pDC,TGFB1,TGFbR1_R2,0.0130108411939056,0,70,225
5143_Dg,GSE227903,Diagnosis,cellchat,Cycling Progenitor,pDC,TGFB1,TGFbR1_R2,0.00973275105878212,0.16,30,225
5143_Dg,GSE227903,Diagnosis,cellchat,Early GMP,pDC,TGFB1,TGFbR1_R2,0.0122625643190872,0,142,225
5143_Dg,GSE227903,Diagnosis,cellchat,Late GMP,pDC,TGFB1,TGFbR1_R2,0.00810094510429063,0.5,30,225
5143_Dg,GSE227903,Diagnosis,cellchat,LMPP,pDC,TGFB1,TGFbR1_R2,0.0132967039517052,0,78,225
5143_Dg,GSE227903,Diagnosis,cellchat,Monocyte,pDC,TGFB1,TGFbR1_R2,0.0127683835341411,0,91,225
5143_Dg,GSE227903,Diagnosis,cellchat,Naive T,pDC,TGFB1,TGFbR1_R2,0.00365532409231634,0.92,44,225
5143_Dg,GSE227903,Diagnosis,cellchat,pDC,pDC,TGFB1,TGFbR1_R2,0.011718664938229,0,225,225
5143_Dg,GSE227903,Diagnosis,cellchat,Pro-Monocyte,pDC,TGFB1,TGFbR1_R2,0.00851612926896221,0.42,45,225
5143_Dg,GSE227903,Diagnosis,cellchat,CD8 Memory T,cDC,CCL5,CCR1,0.0303143737529301,0,19,70
5143_Dg,GSE227903,Diagnosis,cellchat,CD8 Memory T,Monocyte,CCL5,CCR1,0.0395441890721613,0,19,91
5143_Dg,GSE227903,Diagnosis,cellchat,cDC,cDC,CCL3,CCR1,0.000883845091188411,0,70,70
5143_Dg,GSE227903,Diagnosis,cellchat,Monocyte,cDC,CCL3,CCR1,0.00643727189975526,0,91,70
5143_Dg,GSE227903,Diagnosis,cellchat,Pro-Monocyte,cDC,CCL3,CCR1,0.00175402770160136,0,45,70
5143_Dg,GSE227903,Diagnosis,cellchat,cDC,Monocyte,CCL3,CCR1,0.00116370294040946,0,70,91
5143_Dg,GSE227903,Diagnosis,cellchat,Monocyte,Monocyte,CCL3,CCR1,0.00846065829666602,0,91,91
5143_Dg,GSE227903,Diagnosis,cellchat,Pro-Monocyte,Monocyte,CCL3,CCR1,0.00230878065109744,0,45,91
5143_Dg,GSE227903,Diagnosis,cellchat,CD4 Memory T,CD4 Memory T,MIF,CD74_CXCR4,0.147527723567595,0.96,27,27
5143_Dg,GSE227903,Diagnosis,cellchat,Cycling Progenitor,CD4 Memory T,MIF,CD74_CXCR4,0.15041643282021,0.97,30,27
5143_Dg,GSE227903,Diagnosis,cellchat,Early GMP,CD4 Memory T,MIF,CD74_CXCR4,0.155393940086188,0.97,142,27
5143_Dg,GSE227903,Diagnosis,cellchat,Late GMP,CD4 Memory T,MIF,CD74_CXCR4,0.150265846436461,0.96,30,27
5143_Dg,GSE227903,Diagnosis,cellchat,Pro-Monocyte,CD4 Memory T,MIF,CD74_CXCR4,0.142933793801842,0.99,45,27
5143_Dg,GSE227903,Diagnosis,cellchat,CD4 Memory T,CD8 Memory T,MIF,CD74_CXCR4,0.170665723018902,0.75,27,19
5143_Dg,GSE227903,Diagnosis,cellchat,cDC,CD8 Memory T,MIF,CD74_CXCR4,0.144269960005081,0.98,70,19
5143_Dg,GSE227903,Diagnosis,cellchat,Cycling Progenitor,CD8 Memory T,MIF,CD74_CXCR4,0.173915062565358,0.71,30,19
5143_Dg,GSE227903,Diagnosis,cellchat,Early GMP,CD8 Memory T,MIF,CD74_CXCR4,0.179505877239929,0.68,142,19
5143_Dg,GSE227903,Diagnosis,cellchat,Late GMP,CD8 Memory T,MIF,CD74_CXCR4,0.173745762064815,0.62,30,19
5143_Dg,GSE227903,Diagnosis,cellchat,LMPP,CD8 Memory T,MIF,CD74_CXCR4,0.149134421303442,0.95,78,19
5143_Dg,GSE227903,Diagnosis,cellchat,Pro-Monocyte,CD8 Memory T,MIF,CD74_CXCR4,0.165491161140703,0.8,45,19
5143_Dg,GSE227903,Diagnosis,cellchat,CD4 Memory T,cDC,MIF,CD74_CXCR4,0.249438742129612,0,27,70
5143_Dg,GSE227903,Diagnosis,cellchat,CD8 Memory T,cDC,MIF,CD74_CXCR4,0.169151854676232,0.82,19,70
5143_Dg,GSE227903,Diagnosis,cellchat,cDC,cDC,MIF,CD74_CXCR4,0.214003478390107,0.01,70,70
5143_Dg,GSE227903,Diagnosis,cellchat,Cycling Progenitor,cDC,MIF,CD74_CXCR4,0.253729011435339,0,30,70
5143_Dg,GSE227903,Diagnosis,cellchat,Early GMP,cDC,MIF,CD74_CXCR4,0.261074709662238,0,142,70
5143_Dg,GSE227903,Diagnosis,cellchat,Late GMP,cDC,MIF,CD74_CXCR4,0.253505857846228,0,30,70
5143_Dg,GSE227903,Diagnosis,cellchat,LMPP,cDC,MIF,CD74_CXCR4,0.220613027908577,0.01,78,70
5143_Dg,GSE227903,Diagnosis,cellchat,Monocyte,cDC,MIF,CD74_CXCR4,0.159930216991215,0.98,91,70
5143_Dg,GSE227903,Diagnosis,cellchat,Naive T,cDC,MIF,CD74_CXCR4,0.161775170386545,0.91,44,70
5143_Dg,GSE227903,Diagnosis,cellchat,pDC,cDC,MIF,CD74_CXCR4,0.197776907732965,0.12,225,70
5143_Dg,GSE227903,Diagnosis,cellchat,Pro-Monocyte,cDC,MIF,CD74_CXCR4,0.242574379186826,0,45,70
5143_Dg,GSE227903,Diagnosis,cellchat,CD4 Memory T,Cycling Progenitor,MIF,CD74_CXCR4,0.210740777871385,0.08,27,30
5143_Dg,GSE227903,Diagnosis,cellchat,CD8 Memory T,Cycling Progenitor,MIF,CD74_CXCR4,0.140576710609901,0.97,19,30
5143_Dg,GSE227903,Diagnosis,cellchat,cDC,Cycling Progenitor,MIF,CD74_CXCR4,0.179488297139314,0.64,70,30
5143_Dg,GSE227903,Diagnosis,cellchat,Cycling Progenitor,Cycling Progenitor,MIF,CD74_CXCR4,0.214555720818432,0.06,30,30
5143_Dg,GSE227903,Diagnosis,cellchat,Early GMP,Cycling Progenitor,MIF,CD74_CXCR4,0.22110332434115,0.01,142,30
5143_Dg,GSE227903,Diagnosis,cellchat,Late GMP,Cycling Progenitor,MIF,CD74_CXCR4,0.214357123847372,0.06,30,30
5143_Dg,GSE227903,Diagnosis,cellchat,LMPP,Cycling Progenitor,MIF,CD74_CXCR4,0.185283127595121,0.5,78,30
5143_Dg,GSE227903,Diagnosis,cellchat,Naive T,Cycling Progenitor,MIF,CD74_CXCR4,0.134244834924853,0.99,44,30
5143_Dg,GSE227903,Diagnosis,cellchat,pDC,Cycling Progenitor,MIF,CD74_CXCR4,0.16532831943191,0.83,225,30
5143_Dg,GSE227903,Diagnosis,cellchat,Pro-Monocyte,Cycling Progenitor,MIF,CD74_CXCR4,0.204650982970829,0.13,45,30
5143_Dg,GSE227903,Diagnosis,cellchat,CD4 Memory T,Late GMP,MIF,CD74_CXCR4,0.195422747866425,0.33,27,30
5143_Dg,GSE227903,Diagnosis,cellchat,CD8 Memory T,Late GMP,MIF,CD74_CXCR4,0.129521732230569,0.99,19,30
5143_Dg,GSE227903,Diagnosis,cellchat,cDC,Late GMP,MIF,CD74_CXCR4,0.165964227349878,0.87,70,30
5143_Dg,GSE227903,Diagnosis,cellchat,Cycling Progenitor,Late GMP,MIF,CD74_CXCR4,0.199030322120705,0.29,30,30
5143_Dg,GSE227903,Diagnosis,cellchat,Early GMP,Late GMP,MIF,CD74_CXCR4,0.205227932435754,0.16,142,30
5143_Dg,GSE227903,Diagnosis,cellchat,Late GMP,Late GMP,MIF,CD74_CXCR4,0.198842457709267,0.23,30,30
5143_Dg,GSE227903,Diagnosis,cellchat,LMPP,Late GMP,MIF,CD74_CXCR4,0.17141364571977,0.8,78,30
5143_Dg,GSE227903,Diagnosis,cellchat,pDC,Late GMP,MIF,CD74_CXCR4,0.152672651744781,0.97,225,30
5143_Dg,GSE227903,Diagnosis,cellchat,Pro-Monocyte,Late GMP,MIF,CD74_CXCR4,0.189669225747698,0.43,45,30
5143_Dg,GSE227903,Diagnosis,cellchat,CD4 Memory T,Monocyte,MIF,CD74_CXCR4,0.183574100075489,0.57,27,91
5143_Dg,GSE227903,Diagnosis,cellchat,CD8 Memory T,Monocyte,MIF,CD74_CXCR4,0.12106748240974,0.98,19,91
5143_Dg,GSE227903,Diagnosis,cellchat,Cycling Progenitor,Monocyte,MIF,CD74_CXCR4,0.187013785114064,0.46,30,91
5143_Dg,GSE227903,Diagnosis,cellchat,Early GMP,Monocyte,MIF,CD74_CXCR4,0.192927340655273,0.24,142,91
5143_Dg,GSE227903,Diagnosis,cellchat,Late GMP,Monocyte,MIF,CD74_CXCR4,0.186834617361092,0.34,30,91
5143_Dg,GSE227903,Diagnosis,cellchat,LMPP,Monocyte,MIF,CD74_CXCR4,0.160729887524773,0.97,78,91
5143_Dg,GSE227903,Diagnosis,cellchat,Pro-Monocyte,Monocyte,MIF,CD74_CXCR4,0.178092203384137,0.61,45,91
5143_Dg,GSE227903,Diagnosis,cellchat,CD4 Memory T,pDC,MIF,CD74_CXCR4,0.28251646126583,0,27,225
5143_Dg,GSE227903,Diagnosis,cellchat,CD8 Memory T,pDC,MIF,CD74_CXCR4,0.194339554682062,0.3,19,225
5143_Dg,GSE227903,Diagnosis,cellchat,cDC,pDC,MIF,CD74_CXCR4,0.243909213637192,0,70,225
5143_Dg,GSE227903,Diagnosis,cellchat,Cycling Progenitor,pDC,MIF,CD74_CXCR4,0.287157990937541,0,30,225
5143_Dg,GSE227903,Diagnosis,cellchat,Early GMP,pDC,MIF,CD74_CXCR4,0.295088804469164,0,142,225
5143_Dg,GSE227903,Diagnosis,cellchat,Late GMP,pDC,MIF,CD74_CXCR4,0.286916740287592,0,30,225
5143_Dg,GSE227903,Diagnosis,cellchat,LMPP,pDC,MIF,CD74_CXCR4,0.251147279062432,0,78,225
5143_Dg,GSE227903,Diagnosis,cellchat,Monocyte,pDC,MIF,CD74_CXCR4,0.184048941809577,0.68,91,225
5143_Dg,GSE227903,Diagnosis,cellchat,Naive T,pDC,MIF,CD74_CXCR4,0.186110488281007,0.47,44,225
5143_Dg,GSE227903,Diagnosis,cellchat,pDC,pDC,MIF,CD74_CXCR4,0.226067269570951,0,225,225
5143_Dg,GSE227903,Diagnosis,cellchat,Pro-Monocyte,pDC,MIF,CD74_CXCR4,0.275075433691342,0,45,225
5143_Dg,GSE227903,Diagnosis,cellchat,CD4 Memory T,Pro-Monocyte,MIF,CD74_CXCR4,0.20178039324255,0.17,27,45
5143_Dg,GSE227903,Diagnosis,cellchat,CD8 Memory T,Pro-Monocyte,MIF,CD74_CXCR4,0.13409274898644,0.99,19,45
5143_Dg,GSE227903,Diagnosis,cellchat,cDC,Pro-Monocyte,MIF,CD74_CXCR4,0.171567867223965,0.84,70,45
5143_Dg,GSE227903,Diagnosis,cellchat,Cycling Progenitor,Pro-Monocyte,MIF,CD74_CXCR4,0.2054753590394,0.15,30,45
5143_Dg,GSE227903,Diagnosis,cellchat,Early GMP,Pro-Monocyte,MIF,CD74_CXCR4,0.211820587438898,0.08,142,45
5143_Dg,GSE227903,Diagnosis,cellchat,Late GMP,Pro-Monocyte,MIF,CD74_CXCR4,0.205282970316306,0.12,30,45
5143_Dg,GSE227903,Diagnosis,cellchat,LMPP,Pro-Monocyte,MIF,CD74_CXCR4,0.17716219714098,0.7,78,45
5143_Dg,GSE227903,Diagnosis,cellchat,pDC,Pro-Monocyte,MIF,CD74_CXCR4,0.157912482640924,0.99,225,45
5143_Dg,GSE227903,Diagnosis,cellchat,Pro-Monocyte,Pro-Monocyte,MIF,CD74_CXCR4,0.195885264096224,0.25,45,45
5143_Dg,GSE227903,Diagnosis,cellchat,CD4 Memory T,cDC,MIF,CD74_CD44,0.288465675284539,0,27,70
5143_Dg,GSE227903,Diagnosis,cellchat,CD8 Memory T,cDC,MIF,CD74_CD44,0.198946812709656,0.94,19,70
5143_Dg,GSE227903,Diagnosis,cellchat,cDC,cDC,MIF,CD74_CD44,0.249327955073552,0.01,70,70
5143_Dg,GSE227903,Diagnosis,cellchat,Cycling Progenitor,cDC,MIF,CD74_CD44,0.293165008840438,0,30,70
5143_Dg,GSE227903,Diagnosis,cellchat,Early GMP,cDC,MIF,CD74_CD44,0.301191627994162,0,142,70
5143_Dg,GSE227903,Diagnosis,cellchat,Late GMP,cDC,MIF,CD74_CD44,0.292920785285348,0,30,70
5143_Dg,GSE227903,Diagnosis,cellchat,LMPP,cDC,MIF,CD74_CD44,0.256672234911394,0,78,70
5143_Dg,GSE227903,Diagnosis,cellchat,Naive T,cDC,MIF,CD74_CD44,0.190568803450797,0.99,44,70
5143_Dg,GSE227903,Diagnosis,cellchat,pDC,cDC,MIF,CD74_CD44,0.231210842689867,0.1,225,70
5143_Dg,GSE227903,Diagnosis,cellchat,Pro-Monocyte,cDC,MIF,CD74_CD44,0.280929307740474,0,45,70
5143_Dg,GSE227903,Diagnosis,cellchat,CD4 Memory T,Cycling Progenitor,MIF,CD74_CD44,0.24049506330941,0.19,27,30
5143_Dg,GSE227903,Diagnosis,cellchat,CD8 Memory T,Cycling Progenitor,MIF,CD74_CD44,0.162463765503673,0.99,19,30
5143_Dg,GSE227903,Diagnosis,cellchat,cDC,Cycling Progenitor,MIF,CD74_CD44,0.205981655774886,0.92,70,30
5143_Dg,GSE227903,Diagnosis,cellchat,Cycling Progenitor,Cycling Progenitor,MIF,CD74_CD44,0.244681651927393,0.09,30,30
5143_Dg,GSE227903,Diagnosis,cellchat,Early GMP,Cycling Progenitor,MIF,CD74_CD44,0.251853817268007,0,142,30
5143_Dg,GSE227903,Diagnosis,cellchat,Late GMP,Cycling Progenitor,MIF,CD74_CD44,0.244463848856834,0.08,30,30
5143_Dg,GSE227903,Diagnosis,cellchat,LMPP,Cycling Progenitor,MIF,CD74_CD44,0.212410403767938,0.79,78,30
5143_Dg,GSE227903,Diagnosis,cellchat,pDC,Cycling Progenitor,MIF,CD74_CD44,0.190216131424635,0.99,225,30
5143_Dg,GSE227903,Diagnosis,cellchat,Pro-Monocyte,Cycling Progenitor,MIF,CD74_CD44,0.23380015607259,0.21,45,30
5143_Dg,GSE227903,Diagnosis,cellchat,CD4 Memory T,Early GMP,MIF,CD74_CD44,0.256168471847801,0.02,27,142
5143_Dg,GSE227903,Diagnosis,cellchat,CD8 Memory T,Early GMP,MIF,CD74_CD44,0.174218274377401,0.98,19,142
5143_Dg,GSE227903,Diagnosis,cellchat,cDC,Early GMP,MIF,CD74_CD44,0.220057480409933,0.65,70,142
5143_Dg,GSE227903,Diagnosis,cellchat,Cycling Progenitor,Early GMP,MIF,CD74_CD44,0.260534311617317,0.01,30,142
5143_Dg,GSE227903,Diagnosis,cellchat,Early GMP,Early GMP,MIF,CD74_CD44,0.268006274565277,0,142,142
5143_Dg,GSE227903,Diagnosis,cellchat,Late GMP,Early GMP,MIF,CD74_CD44,0.260307260508389,0,30,142
5143_Dg,GSE227903,Diagnosis,cellchat,LMPP,Early GMP,MIF,CD74_CD44,0.226800056189066,0.34,78,142
5143_Dg,GSE227903,Diagnosis,cellchat,Pro-Monocyte,Early GMP,MIF,CD74_CD44,0.249180395841397,0.01,45,142
5143_Dg,GSE227903,Diagnosis,cellchat,CD4 Memory T,Late GMP,MIF,CD74_CD44,0.248122162474707,0.03,27,30
5143_Dg,GSE227903,Diagnosis,cellchat,CD8 Memory T,Late GMP,MIF,CD74_CD44,0.168164097091435,0.98,19,30
5143_Dg,GSE227903,Diagnosis,cellchat,cDC,Late GMP,MIF,CD74_CD44,0.212820898917957,0.77,70,30
5143_Dg,GSE227903,Diagnosis,cellchat,Cycling Progenitor,Late GMP,MIF,CD74_CD44,0.252397401957751,0.03,30,30
5143_Dg,GSE227903,Diagnosis,cellchat,Early GMP,Late GMP,MIF,CD74_CD44,0.259717965499487,0,142,30
5143_Dg,GSE227903,Diagnosis,cellchat,Late GMP,Late GMP,MIF,CD74_CD44,0.252175023767886,0.03,30,30
5143_Dg,GSE227903,Diagnosis,cellchat,LMPP,Late GMP,MIF,CD74_CD44,0.219404119610904,0.64,78,30
5143_Dg,GSE227903,Diagnosis,cellchat,pDC,Late GMP,MIF,CD74_CD44,0.196661560539391,0.99,225,30
5143_Dg,GSE227903,Diagnosis,cellchat,Pro-Monocyte,Late GMP,MIF,CD74_CD44,0.241282383556863,0.05,45,30
5143_Dg,GSE227903,Diagnosis,cellchat,CD4 Memory T,LMPP,MIF,CD74_CD44,0.270548998317873,0,27,78
5143_Dg,GSE227903,Diagnosis,cellchat,CD8 Memory T,LMPP,MIF,CD74_CD44,0.185143435724434,0.97,19,78
5143_Dg,GSE227903,Diagnosis,cellchat,cDC,LMPP,MIF,CD74_CD44,0.233045964194584,0.2,70,78
5143_Dg,GSE227903,Diagnosis,cellchat,Cycling Progenitor,LMPP,MIF,CD74_CD44,0.275069290585543,0,30,78
5143_Dg,GSE227903,Diagnosis,cellchat,Early GMP,LMPP,MIF,CD74_CD44,0.282798687467602,0,142,78
5143_Dg,GSE227903,Diagnosis,cellchat,Late GMP,LMPP,MIF,CD74_CD44,0.274834280382417,0,30,78
5143_Dg,GSE227903,Diagnosis,cellchat,LMPP,LMPP,MIF,CD74_CD44,0.240064014595842,0.03,78,78
5143_Dg,GSE227903,Diagnosis,cellchat,pDC,LMPP,MIF,CD74_CD44,0.215771891439483,0.87,225,78
5143_Dg,GSE227903,Diagnosis,cellchat,Pro-Monocyte,LMPP,MIF,CD74_CD44,0.263307498594697,0,45,78
5143_Dg,GSE227903,Diagnosis,cellchat,CD4 Memory T,Monocyte,MIF,CD74_CD44,0.288259971864804,0,27,91
5143_Dg,GSE227903,Diagnosis,cellchat,CD8 Memory T,Monocyte,MIF,CD74_CD44,0.198787110512866,0.92,19,91
5143_Dg,GSE227903,Diagnosis,cellchat,cDC,Monocyte,MIF,CD74_CD44,0.24914038839131,0,70,91
5143_Dg,GSE227903,Diagnosis,cellchat,Cycling Progenitor,Monocyte,MIF,CD74_CD44,0.292957334073432,0,30,91
5143_Dg,GSE227903,Diagnosis,cellchat,Early GMP,Monocyte,MIF,CD74_CD44,0.30098068842875,0,142,91
5143_Dg,GSE227903,Diagnosis,cellchat,Late GMP,Monocyte,MIF,CD74_CD44,0.292713211878943,0,30,91
5143_Dg,GSE227903,Diagnosis,cellchat,LMPP,Monocyte,MIF,CD74_CD44,0.256481030934039,0,78,91
5143_Dg,GSE227903,Diagnosis,cellchat,pDC,Monocyte,MIF,CD74_CD44,0.231032710650691,0.08,225,91
5143_Dg,GSE227903,Diagnosis,cellchat,Pro-Monocyte,Monocyte,MIF,CD74_CD44,0.280726858165318,0,45,91
5143_Dg,GSE227903,Diagnosis,cellchat,CD4 Memory T,pDC,MIF,CD74_CD44,0.22517321328874,0.56,27,225
5143_Dg,GSE227903,Diagnosis,cellchat,CD8 Memory T,pDC,MIF,CD74_CD44,0.151124076463558,0.99,19,225
5143_Dg,GSE227903,Diagnosis,cellchat,Cycling Progenitor,pDC,MIF,CD74_CD44,0.229173558008782,0.43,30,225
5143_Dg,GSE227903,Diagnosis,cellchat,Early GMP,pDC,MIF,CD74_CD44,0.236033199489991,0.03,142,225
5143_Dg,GSE227903,Diagnosis,cellchat,Late GMP,pDC,MIF,CD74_CD44,0.228965374782957,0.33,30,225
5143_Dg,GSE227903,Diagnosis,cellchat,Pro-Monocyte,pDC,MIF,CD74_CD44,0.218781970409358,0.62,45,225
5143_Dg,GSE227903,Diagnosis,cellchat,CD4 Memory T,Pro-Monocyte,MIF,CD74_CD44,0.257567307617495,0.01,27,45
5143_Dg,GSE227903,Diagnosis,cellchat,CD8 Memory T,Pro-Monocyte,MIF,CD74_CD44,0.175275059766238,0.97,19,45
5143_Dg,GSE227903,Diagnosis,cellchat,cDC,Pro-Monocyte,MIF,CD74_CD44,0.221317799016819,0.55,70,45
5143_Dg,GSE227903,Diagnosis,cellchat,Cycling Progenitor,Pro-Monocyte,MIF,CD74_CD44,0.261948591956595,0.01,30,45
5143_Dg,GSE227903,Diagnosis,cellchat,Early GMP,Pro-Monocyte,MIF,CD74_CD44,0.269446336096919,0,142,45
5143_Dg,GSE227903,Diagnosis,cellchat,Late GMP,Pro-Monocyte,MIF,CD74_CD44,0.261720744555806,0,30,45
5143_Dg,GSE227903,Diagnosis,cellchat,LMPP,Pro-Monocyte,MIF,CD74_CD44,0.228087698041957,0.4,78,45
5143_Dg,GSE227903,Diagnosis,cellchat,pDC,Pro-Monocyte,MIF,CD74_CD44,0.20468105149289,0.98,225,45
5143_Dg,GSE227903,Diagnosis,cellchat,Pro-Monocyte,Pro-Monocyte,MIF,CD74_CD44,0.250553926078314,0,45,45
5143_Dg,GSE227903,Diagnosis,cellchat,CD4 Memory T,cDC,IL16,CD4,0.0010708532041418,0.05,27,70
5143_Dg,GSE227903,Diagnosis,cellchat,cDC,cDC,IL16,CD4,0.000523981302632466,0.11,70,70
5143_Dg,GSE227903,Diagnosis,cellchat,Cycling Progenitor,cDC,IL16,CD4,0.00092656101658732,0.04,30,70
5143_Dg,GSE227903,Diagnosis,cellchat,Early GMP,cDC,IL16,CD4,0.000493015788875944,0.13,142,70
5143_Dg,GSE227903,Diagnosis,cellchat,LMPP,cDC,IL16,CD4,0.000483348519957654,0.14,78,70
5143_Dg,GSE227903,Diagnosis,cellchat,Monocyte,cDC,IL16,CD4,0.000514520179275018,0.12,91,70
5143_Dg,GSE227903,Diagnosis,cellchat,pDC,cDC,IL16,CD4,0.001871668186952,0,225,70
5143_Dg,GSE227903,Diagnosis,cellchat,Pro-Monocyte,cDC,IL16,CD4,0.000370860543303781,0.13,45,70
5143_Dg,GSE227903,Diagnosis,cellchat,CD4 Memory T,Monocyte,IL16,CD4,0.00841830396700387,0,27,91
5143_Dg,GSE227903,Diagnosis,cellchat,cDC,Monocyte,IL16,CD4,0.00413470810138788,0,70,91
5143_Dg,GSE227903,Diagnosis,cellchat,Cycling Progenitor,Monocyte,IL16,CD4,0.007291205298849,0,30,91
5143_Dg,GSE227903,Diagnosis,cellchat,Early GMP,Monocyte,IL16,CD4,0.0038911916524823,0,142,91
5143_Dg,GSE227903,Diagnosis,cellchat,LMPP,Monocyte,IL16,CD4,0.00381514580672568,0,78,91
5143_Dg,GSE227903,Diagnosis,cellchat,Monocyte,Monocyte,IL16,CD4,0.004060315744493,0,91,91
5143_Dg,GSE227903,Diagnosis,cellchat,pDC,Monocyte,IL16,CD4,0.0146332643778581,0,225,91
5143_Dg,GSE227903,Diagnosis,cellchat,Pro-Monocyte,Monocyte,IL16,CD4,0.00292953318464622,0,45,91
5143_Dg,GSE227903,Diagnosis,cellchat,CD4 Memory T,Naive T,IL16,CD4,0.00578670446601377,0,27,44
5143_Dg,GSE227903,Diagnosis,cellchat,cDC,Naive T,IL16,CD4,0.00283834682555612,0,70,44
5143_Dg,GSE227903,Diagnosis,cellchat,Cycling Progenitor,Naive T,IL16,CD4,0.00501016163907563,0,30,44
5143_Dg,GSE227903,Diagnosis,cellchat,Early GMP,Naive T,IL16,CD4,0.00267097568077236,0,142,44
5143_Dg,GSE227903,Diagnosis,cellchat,LMPP,Naive T,IL16,CD4,0.00261871391402469,0,78,44
5143_Dg,GSE227903,Diagnosis,cellchat,Monocyte,Naive T,IL16,CD4,0.00278721353682439,0,91,44
5143_Dg,GSE227903,Diagnosis,cellchat,pDC,Naive T,IL16,CD4,0.0100785875978117,0,225,44
5143_Dg,GSE227903,Diagnosis,cellchat,Pro-Monocyte,Naive T,IL16,CD4,0.0020102694658652,0,45,44
5143_Dg,GSE227903,Diagnosis,cellchat,CD4 Memory T,Pro-Monocyte,IL16,CD4,0.00207653467400872,0.02,27,45
5143_Dg,GSE227903,Diagnosis,cellchat,cDC,Pro-Monocyte,IL16,CD4,0.00101659596756218,0.19,70,45
5143_Dg,GSE227903,Diagnosis,cellchat,Cycling Progenitor,Pro-Monocyte,IL16,CD4,0.00179697563897198,0.05,30,45
5143_Dg,GSE227903,Diagnosis,cellchat,Early GMP,Pro-Monocyte,IL16,CD4,0.000956546463147231,0.22,142,45
5143_Dg,GSE227903,Diagnosis,cellchat,LMPP,Pro-Monocyte,IL16,CD4,0.000937798610276704,0.22,78,45
5143_Dg,GSE227903,Diagnosis,cellchat,Monocyte,Pro-Monocyte,IL16,CD4,0.000998248967699246,0.18,91,45
5143_Dg,GSE227903,Diagnosis,cellchat,pDC,Pro-Monocyte,IL16,CD4,0.00362669685103769,0,225,45
5143_Dg,GSE227903,Diagnosis,cellchat,Pro-Monocyte,Pro-Monocyte,IL16,CD4,0.0007196242314982,0.27,45,45
5143_Dg,GSE227903,Diagnosis,cellchat,CD8 Memory T,cDC,IFNG,IFNGR1_IFNGR2,0.0168590139967236,0,19,70
5143_Dg,GSE227903,Diagnosis,cellchat,CD8 Memory T,Cycling Progenitor,IFNG,IFNGR1_IFNGR2,0.00995888537658844,0,19,30
5143_Dg,GSE227903,Diagnosis,cellchat,CD8 Memory T,Early GMP,IFNG,IFNGR1_IFNGR2,0.00775246881617689,0,19,142
5143_Dg,GSE227903,Diagnosis,cellchat,CD8 Memory T,Late GMP,IFNG,IFNGR1_IFNGR2,0.0145705647384003,0,19,30
5143_Dg,GSE227903,Diagnosis,cellchat,CD8 Memory T,LMPP,IFNG,IFNGR1_IFNGR2,0.00570264817509899,0,19,78
5143_Dg,GSE227903,Diagnosis,cellchat,CD8 Memory T,Monocyte,IFNG,IFNGR1_IFNGR2,0.0448447489935341,0,19,91
5143_Dg,GSE227903,Diagnosis,cellchat,CD8 Memory T,Pro-Monocyte,IFNG,IFNGR1_IFNGR2,0.0130155801289557,0,19,45
5143_Dg,GSE227903,Diagnosis,cellchat,CD8 Memory T,cDC,TNF,TNFRSF1A,0.00131567449712742,0,19,70
5143_Dg,GSE227903,Diagnosis,cellchat,CD8 Memory T,Cycling Progenitor,TNF,TNFRSF1A,0.00823393074940353,0,19,30
5143_Dg,GSE227903,Diagnosis,cellchat,CD8 Memory T,Early GMP,TNF,TNFRSF1A,0.00724709725004133,0,19,142
5143_Dg,GSE227903,Diagnosis,cellchat,CD8 Memory T,Late GMP,TNF,TNFRSF1A,0.00564995306281907,0,19,30
5143_Dg,GSE227903,Diagnosis,cellchat,CD8 Memory T,LMPP,TNF,TNFRSF1A,0.00637611287691311,0,19,78
5143_Dg,GSE227903,Diagnosis,cellchat,CD8 Memory T,Monocyte,TNF,TNFRSF1A,0.00171244582544094,0,19,91
5143_Dg,GSE227903,Diagnosis,cellchat,CD8 Memory T,pDC,TNF,TNFRSF1A,0.00148391862058178,0,19,225
5143_Dg,GSE227903,Diagnosis,cellchat,CD8 Memory T,Pro-Monocyte,TNF,TNFRSF1A,0.00140982082664958,0,19,45
5143_Dg,GSE227903,Diagnosis,cellchat,CD8 Memory T,CD4 Memory T,TNF,TNFRSF1B,0.00270136109751277,0,19,27
5143_Dg,GSE227903,Diagnosis,cellchat,CD8 Memory T,CD8 Memory T,TNF,TNFRSF1B,0.00319431514987515,0,19,19
5143_Dg,GSE227903,Diagnosis,cellchat,CD8 Memory T,cDC,TNF,TNFRSF1B,0.00720512962696986,0,19,70
5143_Dg,GSE227903,Diagnosis,cellchat,CD8 Memory T,Cycling Progenitor,TNF,TNFRSF1B,0.00235848920966717,0,19,30
5143_Dg,GSE227903,Diagnosis,cellchat,CD8 Memory T,Early GMP,TNF,TNFRSF1B,0.00120495860988866,0,19,142
5143_Dg,GSE227903,Diagnosis,cellchat,CD8 Memory T,Late GMP,TNF,TNFRSF1B,0.00389650984369001,0,19,30
5143_Dg,GSE227903,Diagnosis,cellchat,CD8 Memory T,LMPP,TNF,TNFRSF1B,0.00122563830869415,0,19,78
5143_Dg,GSE227903,Diagnosis,cellchat,CD8 Memory T,Monocyte,TNF,TNFRSF1B,0.0110394758109252,0,19,91
5143_Dg,GSE227903,Diagnosis,cellchat,CD8 Memory T,pDC,TNF,TNFRSF1B,0.00146449086197612,0,19,225
5143_Dg,GSE227903,Diagnosis,cellchat,CD8 Memory T,Pro-Monocyte,TNF,TNFRSF1B,0.00511622893465723,0,19,45
5143_Dg,GSE227903,Diagnosis,cellchat,Cycling Progenitor,CD4 Memory T,TNFSF4,TNFRSF4,0.000396589235367324,0,30,27
5143_Dg,GSE227903,Diagnosis,cellchat,CD4 Memory T,cDC,CD40LG,ITGAM_ITGB2,0.0106140626700479,0,27,70
5143_Dg,GSE227903,Diagnosis,cellchat,CD4 Memory T,Monocyte,CD40LG,ITGAM_ITGB2,0.0190453951967068,0,27,91
5143_Dg,GSE227903,Diagnosis,cellchat,Pro-Monocyte,Monocyte,RETN,TLR4,0.00236660099966527,0,45,91
5143_Dg,GSE227903,Diagnosis,cellchat,Pro-Monocyte,CD4 Memory T,RETN,CAP1,0.0106920300727161,0,45,27
5143_Dg,GSE227903,Diagnosis,cellchat,Pro-Monocyte,CD8 Memory T,RETN,CAP1,0.0119098427847839,0,45,19
5143_Dg,GSE227903,Diagnosis,cellchat,Pro-Monocyte,cDC,RETN,CAP1,0.0185155082902698,0,45,70
5143_Dg,GSE227903,Diagnosis,cellchat,Pro-Monocyte,Cycling Progenitor,RETN,CAP1,0.0160828402208422,0,45,30
5143_Dg,GSE227903,Diagnosis,cellchat,Pro-Monocyte,Early GMP,RETN,CAP1,0.014802774025561,0,45,142
5143_Dg,GSE227903,Diagnosis,cellchat,Pro-Monocyte,Late GMP,RETN,CAP1,0.0133530583512264,0,45,30
5143_Dg,GSE227903,Diagnosis,cellchat,Pro-Monocyte,LMPP,RETN,CAP1,0.0137511083394685,0,45,78
5143_Dg,GSE227903,Diagnosis,cellchat,Pro-Monocyte,Monocyte,RETN,CAP1,0.0173989118167147,0,45,91
5143_Dg,GSE227903,Diagnosis,cellchat,Pro-Monocyte,Naive T,RETN,CAP1,0.00379462829723431,0,45,44
5143_Dg,GSE227903,Diagnosis,cellchat,Pro-Monocyte,pDC,RETN,CAP1,0.0142903128007889,0,45,225
5143_Dg,GSE227903,Diagnosis,cellchat,Pro-Monocyte,Pro-Monocyte,RETN,CAP1,0.0171678945594732,0,45,45
5143_Dg,GSE227903,Diagnosis,cellchat,Cycling Progenitor,CD4 Memory T,MDK,ITGA4_ITGB1,0.00302737999434178,0,30,27
5143_Dg,GSE227903,Diagnosis,cellchat,Cycling Progenitor,CD8 Memory T,MDK,ITGA4_ITGB1,0.00378686652521869,0,30,19
5143_Dg,GSE227903,Diagnosis,cellchat,Cycling Progenitor,cDC,MDK,ITGA4_ITGB1,0.00319301994081383,0,30,70
5143_Dg,GSE227903,Diagnosis,cellchat,Cycling Progenitor,Cycling Progenitor,MDK,ITGA4_ITGB1,0.00369799727562513,0,30,30
5143_Dg,GSE227903,Diagnosis,cellchat,Cycling Progenitor,Early GMP,MDK,ITGA4_ITGB1,0.00299848683609316,0,30,142
5143_Dg,GSE227903,Diagnosis,cellchat,Cycling Progenitor,Late GMP,MDK,ITGA4_ITGB1,0.003398274278847,0,30,30
5143_Dg,GSE227903,Diagnosis,cellchat,Cycling Progenitor,LMPP,MDK,ITGA4_ITGB1,0.00339343291885313,0,30,78
5143_Dg,GSE227903,Diagnosis,cellchat,Cycling Progenitor,Monocyte,MDK,ITGA4_ITGB1,0.00328028420932741,0,30,91
5143_Dg,GSE227903,Diagnosis,cellchat,Cycling Progenitor,pDC,MDK,ITGA4_ITGB1,0.00255502883375959,0,30,225
5143_Dg,GSE227903,Diagnosis,cellchat,Cycling Progenitor,Pro-Monocyte,MDK,ITGA4_ITGB1,0.00214539709820723,0,30,45
5143_Dg,GSE227903,Diagnosis,cellchat,Cycling Progenitor,Cycling Progenitor,MDK,ITGA6_ITGB1,0.00198479360219763,0,30,30
5143_Dg,GSE227903,Diagnosis,cellchat,Cycling Progenitor,Early GMP,MDK,ITGA6_ITGB1,0.00122351113409336,0,30,142
5143_Dg,GSE227903,Diagnosis,cellchat,Cycling Progenitor,Late GMP,MDK,ITGA6_ITGB1,0.00181527386475652,0,30,30
5143_Dg,GSE227903,Diagnosis,cellchat,Cycling Progenitor,LMPP,MDK,ITGA6_ITGB1,0.00154907492554269,0,30,78
5143_Dg,GSE227903,Diagnosis,cellchat,Cycling Progenitor,Monocyte,MDK,LRP1,0.00292572689674462,0,30,91
5143_Dg,GSE227903,Diagnosis,cellchat,Cycling Progenitor,CD4 Memory T,MDK,NCL,0.00600612864950195,0,30,27
5143_Dg,GSE227903,Diagnosis,cellchat,Cycling Progenitor,CD8 Memory T,MDK,NCL,0.0056803419359614,0,30,19
5143_Dg,GSE227903,Diagnosis,cellchat,Cycling Progenitor,cDC,MDK,NCL,0.00745189063357974,0,30,70
5143_Dg,GSE227903,Diagnosis,cellchat,Cycling Progenitor,Cycling Progenitor,MDK,NCL,0.00981821126008843,0,30,30
5143_Dg,GSE227903,Diagnosis,cellchat,Cycling Progenitor,Early GMP,MDK,NCL,0.00985305135652301,0,30,142
5143_Dg,GSE227903,Diagnosis,cellchat,Cycling Progenitor,Late GMP,MDK,NCL,0.0087976266350474,0,30,30
5143_Dg,GSE227903,Diagnosis,cellchat,Cycling Progenitor,LMPP,MDK,NCL,0.00828683433883197,0,30,78
5143_Dg,GSE227903,Diagnosis,cellchat,Cycling Progenitor,Monocyte,MDK,NCL,0.00582112055766531,0,30,91
5143_Dg,GSE227903,Diagnosis,cellchat,Cycling Progenitor,Naive T,MDK,NCL,0.0054436067459408,0,30,44
5143_Dg,GSE227903,Diagnosis,cellchat,Cycling Progenitor,pDC,MDK,NCL,0.00883230601954889,0,30,225
5143_Dg,GSE227903,Diagnosis,cellchat,Cycling Progenitor,Pro-Monocyte,MDK,NCL,0.00871744816286775,0,30,45
5143_Dg,GSE227903,Diagnosis,cellchat,CD8 Memory T,Cycling Progenitor,GZMA,F2R,0.0530214664820525,0,19,30
5143_Dg,GSE227903,Diagnosis,cellchat,CD8 Memory T,Early GMP,GZMA,F2R,0.0256378067503611,0,19,142
5143_Dg,GSE227903,Diagnosis,cellchat,CD8 Memory T,Late GMP,GZMA,F2R,0.0210091422625334,0,19,30
5143_Dg,GSE227903,Diagnosis,cellchat,CD8 Memory T,LMPP,GZMA,F2R,0.0736996404459653,0,19,78
5143_Dg,GSE227903,Diagnosis,cellchat,CD4 Memory T,cDC,FLT3LG,FLT3,0.0534635204810404,0,27,70
5143_Dg,GSE227903,Diagnosis,cellchat,Naive T,cDC,FLT3LG,FLT3,0.0593335783213924,0,44,70
5143_Dg,GSE227903,Diagnosis,cellchat,CD4 Memory T,Cycling Progenitor,FLT3LG,FLT3,0.0644059243755246,0,27,30
5143_Dg,GSE227903,Diagnosis,cellchat,Naive T,Cycling Progenitor,FLT3LG,FLT3,0.0713867993006006,0,44,30
5143_Dg,GSE227903,Diagnosis,cellchat,CD4 Memory T,Early GMP,FLT3LG,FLT3,0.0673401904800917,0,27,142
5143_Dg,GSE227903,Diagnosis,cellchat,Naive T,Early GMP,FLT3LG,FLT3,0.0746137428830936,0,44,142
5143_Dg,GSE227903,Diagnosis,cellchat,CD4 Memory T,Late GMP,FLT3LG,FLT3,0.050691605153589,0,27,30
5143_Dg,GSE227903,Diagnosis,cellchat,Naive T,Late GMP,FLT3LG,FLT3,0.0562754134443581,0,44,30
5143_Dg,GSE227903,Diagnosis,cellchat,CD4 Memory T,LMPP,FLT3LG,FLT3,0.0721298519676923,0,27,78
5143_Dg,GSE227903,Diagnosis,cellchat,Naive T,LMPP,FLT3LG,FLT3,0.079876438539947,0,44,78
5143_Dg,GSE227903,Diagnosis,cellchat,CD4 Memory T,Monocyte,FLT3LG,FLT3,0.0279978913136182,0,27,91
5143_Dg,GSE227903,Diagnosis,cellchat,Naive T,Monocyte,FLT3LG,FLT3,0.0311639924286178,0,44,91
5143_Dg,GSE227903,Diagnosis,cellchat,CD4 Memory T,pDC,FLT3LG,FLT3,0.0610982647093208,0,27,225
5143_Dg,GSE227903,Diagnosis,cellchat,Naive T,pDC,FLT3LG,FLT3,0.067746586684381,0,44,225
5143_Dg,GSE227903,Diagnosis,cellchat,CD4 Memory T,Pro-Monocyte,FLT3LG,FLT3,0.0281528983791313,0,27,45
5143_Dg,GSE227903,Diagnosis,cellchat,Naive T,Pro-Monocyte,FLT3LG,FLT3,0.0313359631423979,0,44,45
5143_Dg,GSE227903,Diagnosis,cellchat,CD4 Memory T,Monocyte,ANXA1,FPR1,0.0263285678066379,0,27,91
5143_Dg,GSE227903,Diagnosis,cellchat,CD8 Memory T,Monocyte,ANXA1,FPR1,0.0261618578728776,0,19,91
5143_Dg,GSE227903,Diagnosis,cellchat,cDC,Monocyte,ANXA1,FPR1,0.0339379212991945,0,70,91
5143_Dg,GSE227903,Diagnosis,cellchat,Cycling Progenitor,Monocyte,ANXA1,FPR1,0.00757537153212185,0,30,91
5143_Dg,GSE227903,Diagnosis,cellchat,Early GMP,Monocyte,ANXA1,FPR1,0.014936817253736,0,142,91
5143_Dg,GSE227903,Diagnosis,cellchat,Late GMP,Monocyte,ANXA1,FPR1,0.0216858504816301,0,30,91
5143_Dg,GSE227903,Diagnosis,cellchat,LMPP,Monocyte,ANXA1,FPR1,0.0164064195344228,0,78,91
5143_Dg,GSE227903,Diagnosis,cellchat,Monocyte,Monocyte,ANXA1,FPR1,0.037314016024267,0,91,91
5143_Dg,GSE227903,Diagnosis,cellchat,Naive T,Monocyte,ANXA1,FPR1,0.0118006553638587,0,44,91
5143_Dg,GSE227903,Diagnosis,cellchat,pDC,Monocyte,ANXA1,FPR1,0.002920286011499,0,225,91
5143_Dg,GSE227903,Diagnosis,cellchat,Pro-Monocyte,Monocyte,ANXA1,FPR1,0.0318685709156428,0,45,91
5143_Dg,GSE227903,Diagnosis,cellchat,cDC,Monocyte,GRN,SORT1,0.0163529573709402,0,70,91
5143_Dg,GSE227903,Diagnosis,cellchat,Cycling Progenitor,Monocyte,GRN,SORT1,0.00657001871754225,0,30,91
5143_Dg,GSE227903,Diagnosis,cellchat,Early GMP,Monocyte,GRN,SORT1,0.00746770790173317,0,142,91
5143_Dg,GSE227903,Diagnosis,cellchat,Late GMP,Monocyte,GRN,SORT1,0.0133990762917728,0,30,91
5143_Dg,GSE227903,Diagnosis,cellchat,LMPP,Monocyte,GRN,SORT1,0.00514171010725487,0,78,91
5143_Dg,GSE227903,Diagnosis,cellchat,Monocyte,Monocyte,GRN,SORT1,0.0204806175903334,0,91,91
5143_Dg,GSE227903,Diagnosis,cellchat,pDC,Monocyte,GRN,SORT1,0.00824815297807139,0,225,91
5143_Dg,GSE227903,Diagnosis,cellchat,Pro-Monocyte,Monocyte,GRN,SORT1,0.0188074612750735,0,45,91
5143_Dg,GSE227903,Diagnosis,cellchat,cDC,CD4 Memory T,LGALS9,PTPRC,0.0687178786717701,0,70,27
5143_Dg,GSE227903,Diagnosis,cellchat,Cycling Progenitor,CD4 Memory T,LGALS9,PTPRC,0.0550490646468454,0,30,27
5143_Dg,GSE227903,Diagnosis,cellchat,Early GMP,CD4 Memory T,LGALS9,PTPRC,0.0607040068918809,0,142,27
5143_Dg,GSE227903,Diagnosis,cellchat,Late GMP,CD4 Memory T,LGALS9,PTPRC,0.0596745347583531,0,30,27
5143_Dg,GSE227903,Diagnosis,cellchat,LMPP,CD4 Memory T,LGALS9,PTPRC,0.0561247706666446,0,78,27
5143_Dg,GSE227903,Diagnosis,cellchat,Monocyte,CD4 Memory T,LGALS9,PTPRC,0.0923464811022187,0,91,27
5143_Dg,GSE227903,Diagnosis,cellchat,pDC,CD4 Memory T,LGALS9,PTPRC,0.0554426231408231,0,225,27
5143_Dg,GSE227903,Diagnosis,cellchat,Pro-Monocyte,CD4 Memory T,LGALS9,PTPRC,0.049877035837859,0.01,45,27
5143_Dg,GSE227903,Diagnosis,cellchat,cDC,CD8 Memory T,LGALS9,PTPRC,0.090020275796695,0,70,19
5143_Dg,GSE227903,Diagnosis,cellchat,Cycling Progenitor,CD8 Memory T,LGALS9,PTPRC,0.0724437751464309,0,30,19
5143_Dg,GSE227903,Diagnosis,cellchat,Early GMP,CD8 Memory T,LGALS9,PTPRC,0.0797348208964092,0,142,19
5143_Dg,GSE227903,Diagnosis,cellchat,Late GMP,CD8 Memory T,LGALS9,PTPRC,0.0784095488776215,0,30,19
5143_Dg,GSE227903,Diagnosis,cellchat,LMPP,CD8 Memory T,LGALS9,PTPRC,0.0738328304027013,0,78,19
5143_Dg,GSE227903,Diagnosis,cellchat,Monocyte,CD8 Memory T,LGALS9,PTPRC,0.120029625562216,0,91,19
5143_Dg,GSE227903,Diagnosis,cellchat,pDC,CD8 Memory T,LGALS9,PTPRC,0.0729520917011907,0,225,19
5143_Dg,GSE227903,Diagnosis,cellchat,Pro-Monocyte,CD8 Memory T,LGALS9,PTPRC,0.065751176058238,0,45,19
5143_Dg,GSE227903,Diagnosis,cellchat,cDC,cDC,LGALS9,PTPRC,0.0504701852400781,0,70,70
5143_Dg,GSE227903,Diagnosis,cellchat,Cycling Progenitor,cDC,LGALS9,PTPRC,0.0402740884328559,0.09,30,70
5143_Dg,GSE227903,Diagnosis,cellchat,Early GMP,cDC,LGALS9,PTPRC,0.0444827114743577,0,142,70
5143_Dg,GSE227903,Diagnosis,cellchat,Late GMP,cDC,LGALS9,PTPRC,0.043715531260155,0.02,30,70
5143_Dg,GSE227903,Diagnosis,cellchat,LMPP,cDC,LGALS9,PTPRC,0.0410736281604932,0.03,78,70
5143_Dg,GSE227903,Diagnosis,cellchat,Monocyte,cDC,LGALS9,PTPRC,0.0682843910293814,0,91,70
5143_Dg,GSE227903,Diagnosis,cellchat,pDC,cDC,LGALS9,PTPRC,0.0405665518674938,0,225,70
5143_Dg,GSE227903,Diagnosis,cellchat,Pro-Monocyte,cDC,LGALS9,PTPRC,0.0364366877246518,0.16,45,70
5143_Dg,GSE227903,Diagnosis,cellchat,cDC,Cycling Progenitor,LGALS9,PTPRC,0.0160473401493935,0.97,70,30
5143_Dg,GSE227903,Diagnosis,cellchat,Cycling Progenitor,Cycling Progenitor,LGALS9,PTPRC,0.0127123188839421,0.96,30,30
5143_Dg,GSE227903,Diagnosis,cellchat,Late GMP,Cycling Progenitor,LGALS9,PTPRC,0.0138325385294218,0.93,30,30
5143_Dg,GSE227903,Diagnosis,cellchat,LMPP,Cycling Progenitor,LGALS9,PTPRC,0.0129720854658448,0.99,78,30
5143_Dg,GSE227903,Diagnosis,cellchat,Monocyte,Cycling Progenitor,LGALS9,PTPRC,0.0219929068804616,0.9,91,30
5143_Dg,GSE227903,Diagnosis,cellchat,Pro-Monocyte,Cycling Progenitor,LGALS9,PTPRC,0.011469677106787,0.97,45,30
5143_Dg,GSE227903,Diagnosis,cellchat,cDC,Early GMP,LGALS9,PTPRC,0.0190420364372152,0.97,70,142
5143_Dg,GSE227903,Diagnosis,cellchat,Cycling Progenitor,Early GMP,LGALS9,PTPRC,0.01509419300179,0.91,30,142
5143_Dg,GSE227903,Diagnosis,cellchat,Late GMP,Early GMP,LGALS9,PTPRC,0.0164208143013509,0.93,30,142
5143_Dg,GSE227903,Diagnosis,cellchat,LMPP,Early GMP,LGALS9,PTPRC,0.0154018720833674,0.98,78,142
5143_Dg,GSE227903,Diagnosis,cellchat,Monocyte,Early GMP,LGALS9,PTPRC,0.0260677482988615,0.94,91,142
5143_Dg,GSE227903,Diagnosis,cellchat,Pro-Monocyte,Early GMP,LGALS9,PTPRC,0.0136219331074476,0.95,45,142
5143_Dg,GSE227903,Diagnosis,cellchat,cDC,Late GMP,LGALS9,PTPRC,0.0167611517499183,0.97,70,30
5143_Dg,GSE227903,Diagnosis,cellchat,Cycling Progenitor,Late GMP,LGALS9,PTPRC,0.0132797855009337,0.94,30,30
5143_Dg,GSE227903,Diagnosis,cellchat,Late GMP,Late GMP,LGALS9,PTPRC,0.0144492789073117,0.93,30,30
5143_Dg,GSE227903,Diagnosis,cellchat,LMPP,Late GMP,LGALS9,PTPRC,0.0135509886750625,0.99,78,30
5143_Dg,GSE227903,Diagnosis,cellchat,Monocyte,Late GMP,LGALS9,PTPRC,0.0229650143149587,0.88,91,30
5143_Dg,GSE227903,Diagnosis,cellchat,Pro-Monocyte,Late GMP,LGALS9,PTPRC,0.0119823465233238,0.93,45,30
5143_Dg,GSE227903,Diagnosis,cellchat,cDC,LMPP,LGALS9,PTPRC,0.023998746878449,0.88,70,78
5143_Dg,GSE227903,Diagnosis,cellchat,Cycling Progenitor,LMPP,LGALS9,PTPRC,0.0190432150301578,0.86,30,78
5143_Dg,GSE227903,Diagnosis,cellchat,Early GMP,LMPP,LGALS9,PTPRC,0.0210819574736091,0.99,142,78
5143_Dg,GSE227903,Diagnosis,cellchat,Late GMP,LMPP,LGALS9,PTPRC,0.0207096159579387,0.89,30,78
5143_Dg,GSE227903,Diagnosis,cellchat,LMPP,LMPP,LGALS9,PTPRC,0.0194298027255818,0.98,78,78
5143_Dg,GSE227903,Diagnosis,cellchat,Monocyte,LMPP,LGALS9,PTPRC,0.0327921417638968,0.42,91,78
5143_Dg,GSE227903,Diagnosis,cellchat,Pro-Monocyte,LMPP,LGALS9,PTPRC,0.0171924984735172,0.92,45,78
5143_Dg,GSE227903,Diagnosis,cellchat,cDC,Monocyte,LGALS9,PTPRC,0.0660708331860744,0,70,91
5143_Dg,GSE227903,Diagnosis,cellchat,Cycling Progenitor,Monocyte,LGALS9,PTPRC,0.0528986405139577,0.01,30,91
5143_Dg,GSE227903,Diagnosis,cellchat,Early GMP,Monocyte,LGALS9,PTPRC,0.0583463191367884,0,142,91
5143_Dg,GSE227903,Diagnosis,cellchat,Late GMP,Monocyte,LGALS9,PTPRC,0.0573543893040625,0,30,91
5143_Dg,GSE227903,Diagnosis,cellchat,LMPP,Monocyte,LGALS9,PTPRC,0.053934723828243,0,78,91
5143_Dg,GSE227903,Diagnosis,cellchat,Monocyte,Monocyte,LGALS9,PTPRC,0.0888761133046215,0,91,91
5143_Dg,GSE227903,Diagnosis,cellchat,pDC,Monocyte,LGALS9,PTPRC,0.0532776919299157,0,225,91
5143_Dg,GSE227903,Diagnosis,cellchat,Pro-Monocyte,Monocyte,LGALS9,PTPRC,0.0479184052779156,0.03,45,91
5143_Dg,GSE227903,Diagnosis,cellchat,cDC,Naive T,LGALS9,PTPRC,0.0787804254271659,0,70,44
5143_Dg,GSE227903,Diagnosis,cellchat,Cycling Progenitor,Naive T,LGALS9,PTPRC,0.0632459812884809,0,30,44
5143_Dg,GSE227903,Diagnosis,cellchat,Early GMP,Naive T,LGALS9,PTPRC,0.0696808642039196,0,142,44
5143_Dg,GSE227903,Diagnosis,cellchat,Late GMP,Naive T,LGALS9,PTPRC,0.0685102584783925,0,30,44
5143_Dg,GSE227903,Diagnosis,cellchat,LMPP,Naive T,LGALS9,PTPRC,0.064470933895956,0,78,44
5143_Dg,GSE227903,Diagnosis,cellchat,Monocyte,Naive T,LGALS9,PTPRC,0.105477148483775,0,91,44
5143_Dg,GSE227903,Diagnosis,cellchat,pDC,Naive T,LGALS9,PTPRC,0.0636941914048126,0,225,44
5143_Dg,GSE227903,Diagnosis,cellchat,Pro-Monocyte,Naive T,LGALS9,PTPRC,0.0573505671044757,0,45,44
5143_Dg,GSE227903,Diagnosis,cellchat,cDC,pDC,LGALS9,PTPRC,0.0356569972377111,0.19,70,225
5143_Dg,GSE227903,Diagnosis,cellchat,Cycling Progenitor,pDC,LGALS9,PTPRC,0.0283640990334887,0.71,30,225
5143_Dg,GSE227903,Diagnosis,cellchat,Early GMP,pDC,LGALS9,PTPRC,0.0313688134494457,0.58,142,225
5143_Dg,GSE227903,Diagnosis,cellchat,Late GMP,pDC,LGALS9,PTPRC,0.0308205095356591,0.6,30,225
5143_Dg,GSE227903,Diagnosis,cellchat,LMPP,pDC,LGALS9,PTPRC,0.0289343245698005,0.79,78,225
5143_Dg,GSE227903,Diagnosis,cellchat,Monocyte,pDC,LGALS9,PTPRC,0.0485097836184436,0,91,225
5143_Dg,GSE227903,Diagnosis,cellchat,pDC,pDC,LGALS9,PTPRC,0.0285726490947574,0.91,225,225
5143_Dg,GSE227903,Diagnosis,cellchat,Pro-Monocyte,pDC,LGALS9,PTPRC,0.0256312003076229,0.87,45,225
5143_Dg,GSE227903,Diagnosis,cellchat,cDC,Pro-Monocyte,LGALS9,PTPRC,0.0294356197446352,0.69,70,45
5143_Dg,GSE227903,Diagnosis,cellchat,Cycling Progenitor,Pro-Monocyte,LGALS9,PTPRC,0.0233843194100357,0.81,30,45
5143_Dg,GSE227903,Diagnosis,cellchat,Early GMP,Pro-Monocyte,LGALS9,PTPRC,0.0258755557813273,0.89,142,45
5143_Dg,GSE227903,Diagnosis,cellchat,Late GMP,Pro-Monocyte,LGALS9,PTPRC,0.0254207500944073,0.79,30,45
5143_Dg,GSE227903,Diagnosis,cellchat,LMPP,Pro-Monocyte,LGALS9,PTPRC,0.0238568906564341,0.9,78,45
5143_Dg,GSE227903,Diagnosis,cellchat,Monocyte,Pro-Monocyte,LGALS9,PTPRC,0.0401392137713924,0.09,91,45
5143_Dg,GSE227903,Diagnosis,cellchat,pDC,Pro-Monocyte,LGALS9,PTPRC,0.023557142819642,0.95,225,45
5143_Dg,GSE227903,Diagnosis,cellchat,Pro-Monocyte,Pro-Monocyte,LGALS9,PTPRC,0.0211207958832778,0.89,45,45
5143_Dg,GSE227903,Diagnosis,cellchat,cDC,cDC,LGALS9,HAVCR2,0.00688302046777872,0,70,70
5143_Dg,GSE227903,Diagnosis,cellchat,Cycling Progenitor,cDC,LGALS9,HAVCR2,0.00544203037834238,0,30,70
5143_Dg,GSE227903,Diagnosis,cellchat,Early GMP,cDC,LGALS9,HAVCR2,0.0060336034869923,0,142,70
5143_Dg,GSE227903,Diagnosis,cellchat,Late GMP,cDC,LGALS9,HAVCR2,0.00592543150961074,0,30,70
5143_Dg,GSE227903,Diagnosis,cellchat,LMPP,cDC,LGALS9,HAVCR2,0.00555406988878486,0,78,70
5143_Dg,GSE227903,Diagnosis,cellchat,Monocyte,cDC,LGALS9,HAVCR2,0.00946585572708329,0,91,70
5143_Dg,GSE227903,Diagnosis,cellchat,pDC,cDC,LGALS9,HAVCR2,0.0054829945499722,0,225,70
5143_Dg,GSE227903,Diagnosis,cellchat,Pro-Monocyte,cDC,LGALS9,HAVCR2,0.00490653464826085,0,45,70
5143_Dg,GSE227903,Diagnosis,cellchat,cDC,Monocyte,LGALS9,HAVCR2,0.00535527130858118,0,70,91
5143_Dg,GSE227903,Diagnosis,cellchat,Cycling Progenitor,Monocyte,LGALS9,HAVCR2,0.00423275891764412,0,30,91
5143_Dg,GSE227903,Diagnosis,cellchat,Early GMP,Monocyte,LGALS9,HAVCR2,0.00469349914675234,0,142,91
5143_Dg,GSE227903,Diagnosis,cellchat,Late GMP,Monocyte,LGALS9,HAVCR2,0.00460924148809203,0,30,91
5143_Dg,GSE227903,Diagnosis,cellchat,LMPP,Monocyte,LGALS9,HAVCR2,0.00432001031249256,0,78,91
5143_Dg,GSE227903,Diagnosis,cellchat,Monocyte,Monocyte,LGALS9,HAVCR2,0.00736907658102653,0,91,91
5143_Dg,GSE227903,Diagnosis,cellchat,pDC,Monocyte,LGALS9,HAVCR2,0.00426465948861884,0,225,91
5143_Dg,GSE227903,Diagnosis,cellchat,Pro-Monocyte,Monocyte,LGALS9,HAVCR2,0.00381579895098581,0,45,91
5143_Dg,GSE227903,Diagnosis,cellchat,cDC,CD4 Memory T,LGALS9,CD44,0.069667158040228,0.11,70,27
5143_Dg,GSE227903,Diagnosis,cellchat,Cycling Progenitor,CD4 Memory T,LGALS9,CD44,0.0558208389253703,0.63,30,27
5143_Dg,GSE227903,Diagnosis,cellchat,Early GMP,CD4 Memory T,LGALS9,CD44,0.0615498980583499,0.27,142,27
5143_Dg,GSE227903,Diagnosis,cellchat,Late GMP,CD4 Memory T,LGALS9,CD44,0.0605070046470983,0.45,30,27
5143_Dg,GSE227903,Diagnosis,cellchat,LMPP,CD4 Memory T,LGALS9,CD44,0.0569107177997331,0.62,78,27
5143_Dg,GSE227903,Diagnosis,cellchat,Monocyte,CD4 Memory T,LGALS9,CD44,0.0935893670790313,0,91,27
5143_Dg,GSE227903,Diagnosis,cellchat,pDC,CD4 Memory T,LGALS9,CD44,0.0562195867445361,0.74,225,27
5143_Dg,GSE227903,Diagnosis,cellchat,Pro-Monocyte,CD4 Memory T,LGALS9,CD44,0.0505801808080595,0.79,45,27
5143_Dg,GSE227903,Diagnosis,cellchat,cDC,CD8 Memory T,LGALS9,CD44,0.0409392958692168,0.94,70,19
5143_Dg,GSE227903,Diagnosis,cellchat,Cycling Progenitor,CD8 Memory T,LGALS9,CD44,0.0326025388636357,0.89,30,19
5143_Dg,GSE227903,Diagnosis,cellchat,Late GMP,CD8 Memory T,LGALS9,CD44,0.0354126320943497,0.9,30,19
5143_Dg,GSE227903,Diagnosis,cellchat,LMPP,CD8 Memory T,LGALS9,CD44,0.0332550567134649,0.99,78,19
5143_Dg,GSE227903,Diagnosis,cellchat,Monocyte,CD8 Memory T,LGALS9,CD44,0.0555863676913982,0.64,91,19
5143_Dg,GSE227903,Diagnosis,cellchat,Pro-Monocyte,CD8 Memory T,LGALS9,CD44,0.0294736515106395,0.92,45,19
5143_Dg,GSE227903,Diagnosis,cellchat,cDC,cDC,LGALS9,CD44,0.0794883306579835,0,70,70
5143_Dg,GSE227903,Diagnosis,cellchat,Cycling Progenitor,cDC,LGALS9,CD44,0.0638239681341998,0.39,30,70
5143_Dg,GSE227903,Diagnosis,cellchat,Early GMP,cDC,LGALS9,CD44,0.0703132435453041,0.03,142,70
5143_Dg,GSE227903,Diagnosis,cellchat,Late GMP,cDC,LGALS9,CD44,0.0691328035987701,0.23,30,70
5143_Dg,GSE227903,Diagnosis,cellchat,LMPP,cDC,LGALS9,CD44,0.0650593377530119,0.21,78,70
5143_Dg,GSE227903,Diagnosis,cellchat,Monocyte,cDC,LGALS9,CD44,0.106397238638745,0,91,70
5143_Dg,GSE227903,Diagnosis,cellchat,pDC,cDC,LGALS9,CD44,0.0642759932598791,0.19,225,70
5143_Dg,GSE227903,Diagnosis,cellchat,Pro-Monocyte,cDC,LGALS9,CD44,0.0578780062515542,0.64,45,70
5143_Dg,GSE227903,Diagnosis,cellchat,cDC,Cycling Progenitor,LGALS9,CD44,0.0692458297225542,0.12,70,30
5143_Dg,GSE227903,Diagnosis,cellchat,Cycling Progenitor,Cycling Progenitor,LGALS9,CD44,0.0554782558659461,0.6,30,30
5143_Dg,GSE227903,Diagnosis,cellchat,Early GMP,Cycling Progenitor,LGALS9,CD44,0.0611744327549422,0.32,142,30
5143_Dg,GSE227903,Diagnosis,cellchat,Late GMP,Cycling Progenitor,LGALS9,CD44,0.0601374935013124,0.49,30,30
5143_Dg,GSE227903,Diagnosis,cellchat,LMPP,Cycling Progenitor,LGALS9,CD44,0.056561846645036,0.66,78,30
5143_Dg,GSE227903,Diagnosis,cellchat,Monocyte,Cycling Progenitor,LGALS9,CD44,0.0930378318652139,0,91,30
5143_Dg,GSE227903,Diagnosis,cellchat,pDC,Cycling Progenitor,LGALS9,CD44,0.055874701314269,0.76,225,30
5143_Dg,GSE227903,Diagnosis,cellchat,Pro-Monocyte,Cycling Progenitor,LGALS9,CD44,0.0502680483082516,0.83,45,30
5143_Dg,GSE227903,Diagnosis,cellchat,cDC,Early GMP,LGALS9,CD44,0.0801415880152858,0,70,142
5143_Dg,GSE227903,Diagnosis,cellchat,Cycling Progenitor,Early GMP,LGALS9,CD44,0.0643574918088044,0.33,30,142
5143_Dg,GSE227903,Diagnosis,cellchat,Early GMP,Early GMP,LGALS9,CD44,0.0708969049662951,0.01,142,142
5143_Dg,GSE227903,Diagnosis,cellchat,Late GMP,Early GMP,LGALS9,CD44,0.0697074010356642,0.21,30,142
5143_Dg,GSE227903,Diagnosis,cellchat,LMPP,Early GMP,LGALS9,CD44,0.0656024646009727,0.13,78,142
5143_Dg,GSE227903,Diagnosis,cellchat,Monocyte,Early GMP,LGALS9,CD44,0.107245876045064,0,91,142
5143_Dg,GSE227903,Diagnosis,cellchat,pDC,Early GMP,LGALS9,CD44,0.0648130339482227,0.1,225,142
5143_Dg,GSE227903,Diagnosis,cellchat,Pro-Monocyte,Early GMP,LGALS9,CD44,0.0583649245982441,0.65,45,142
5143_Dg,GSE227903,Diagnosis,cellchat,cDC,Late GMP,LGALS9,CD44,0.0711716456362976,0.09,70,30
5143_Dg,GSE227903,Diagnosis,cellchat,Cycling Progenitor,Late GMP,LGALS9,CD44,0.0570446448257261,0.54,30,30
5143_Dg,GSE227903,Diagnosis,cellchat,Early GMP,Late GMP,LGALS9,CD44,0.062890940512263,0.24,142,30
5143_Dg,GSE227903,Diagnosis,cellchat,Late GMP,Late GMP,LGALS9,CD44,0.0618268216500307,0.49,30,30
5143_Dg,GSE227903,Diagnosis,cellchat,LMPP,Late GMP,LGALS9,CD44,0.0581569462303129,0.58,78,30
5143_Dg,GSE227903,Diagnosis,cellchat,Monocyte,Late GMP,LGALS9,CD44,0.0955574009648295,0,91,30
5143_Dg,GSE227903,Diagnosis,cellchat,pDC,Late GMP,LGALS9,CD44,0.0574516027799131,0.69,225,30
5143_Dg,GSE227903,Diagnosis,cellchat,Pro-Monocyte,Late GMP,LGALS9,CD44,0.0516953821803237,0.72,45,30
5143_Dg,GSE227903,Diagnosis,cellchat,cDC,LMPP,LGALS9,CD44,0.091945129460183,0,70,78
5143_Dg,GSE227903,Diagnosis,cellchat,Cycling Progenitor,LMPP,LGALS9,CD44,0.0740233724561309,0.09,30,78
5143_Dg,GSE227903,Diagnosis,cellchat,Early GMP,LMPP,LGALS9,CD44,0.0814594338777576,0,142,78
5143_Dg,GSE227903,Diagnosis,cellchat,Late GMP,LMPP,LGALS9,CD44,0.080107992311458,0.05,30,78
5143_Dg,GSE227903,Diagnosis,cellchat,LMPP,LMPP,LGALS9,CD44,0.0754402519514315,0.02,78,78
5143_Dg,GSE227903,Diagnosis,cellchat,Monocyte,LMPP,LGALS9,CD44,0.122509764611646,0,91,78
5143_Dg,GSE227903,Diagnosis,cellchat,pDC,LMPP,LGALS9,CD44,0.0745418818613992,0,225,78
5143_Dg,GSE227903,Diagnosis,cellchat,Pro-Monocyte,LMPP,LGALS9,CD44,0.067195416437829,0.21,45,78
5143_Dg,GSE227903,Diagnosis,cellchat,cDC,Monocyte,LGALS9,CD44,0.0919283248328695,0,70,91
5143_Dg,GSE227903,Diagnosis,cellchat,Cycling Progenitor,Monocyte,LGALS9,CD44,0.0740095763861037,0.04,30,91
5143_Dg,GSE227903,Diagnosis,cellchat,Early GMP,Monocyte,LGALS9,CD44,0.0814443738117096,0,142,91
5143_Dg,GSE227903,Diagnosis,cellchat,Late GMP,Monocyte,LGALS9,CD44,0.0800931603112525,0.04,30,91
5143_Dg,GSE227903,Diagnosis,cellchat,LMPP,Monocyte,LGALS9,CD44,0.0754262133212424,0,78,91
5143_Dg,GSE227903,Diagnosis,cellchat,Monocyte,Monocyte,LGALS9,CD44,0.122488127278394,0,91,91
5143_Dg,GSE227903,Diagnosis,cellchat,pDC,Monocyte,LGALS9,CD44,0.074527996932338,0,225,91
5143_Dg,GSE227903,Diagnosis,cellchat,Pro-Monocyte,Monocyte,LGALS9,CD44,0.0671828005963812,0.14,45,91
5143_Dg,GSE227903,Diagnosis,cellchat,cDC,Naive T,LGALS9,CD44,0.0446897857370645,0.93,70,44
5143_Dg,GSE227903,Diagnosis,cellchat,Cycling Progenitor,Naive T,LGALS9,CD44,0.0356176538503466,0.89,30,44
5143_Dg,GSE227903,Diagnosis,cellchat,Late GMP,Naive T,LGALS9,CD44,0.0386772370830877,0.9,30,44
5143_Dg,GSE227903,Diagnosis,cellchat,LMPP,Naive T,LGALS9,CD44,0.0363282510674256,0.98,78,44
5143_Dg,GSE227903,Diagnosis,cellchat,Monocyte,Naive T,LGALS9,CD44,0.0605939128247745,0.42,91,44
5143_Dg,GSE227903,Diagnosis,cellchat,Pro-Monocyte,Naive T,LGALS9,CD44,0.0322090380951946,0.92,45,44
5143_Dg,GSE227903,Diagnosis,cellchat,cDC,pDC,LGALS9,CD44,0.0451271866825472,0.94,70,225
5143_Dg,GSE227903,Diagnosis,cellchat,Cycling Progenitor,pDC,LGALS9,CD44,0.035969604647027,0.89,30,225
5143_Dg,GSE227903,Diagnosis,cellchat,Late GMP,pDC,LGALS9,CD44,0.0390581962654639,0.9,30,225
5143_Dg,GSE227903,Diagnosis,cellchat,LMPP,pDC,LGALS9,CD44,0.036686956412113,0.98,78,225
5143_Dg,GSE227903,Diagnosis,cellchat,Monocyte,pDC,LGALS9,CD44,0.0611770069043225,0.35,91,225
5143_Dg,GSE227903,Diagnosis,cellchat,Pro-Monocyte,pDC,LGALS9,CD44,0.0325284432180472,0.92,45,225
5143_Dg,GSE227903,Diagnosis,cellchat,cDC,Pro-Monocyte,LGALS9,CD44,0.0763392078070975,0,70,45
5143_Dg,GSE227903,Diagnosis,cellchat,Cycling Progenitor,Pro-Monocyte,LGALS9,CD44,0.0612541312460421,0.41,30,45
5143_Dg,GSE227903,Diagnosis,cellchat,Early GMP,Pro-Monocyte,LGALS9,CD44,0.0675009591046066,0.07,142,45
5143_Dg,GSE227903,Diagnosis,cellchat,Late GMP,Pro-Monocyte,LGALS9,CD44,0.066364362370876,0.26,30,45
5143_Dg,GSE227903,Diagnosis,cellchat,LMPP,Pro-Monocyte,LGALS9,CD44,0.0624430771519681,0.35,78,45
5143_Dg,GSE227903,Diagnosis,cellchat,Monocyte,Pro-Monocyte,LGALS9,CD44,0.102300530324703,0,91,45
5143_Dg,GSE227903,Diagnosis,cellchat,pDC,Pro-Monocyte,LGALS9,CD44,0.0616891551508041,0.43,225,45
5143_Dg,GSE227903,Diagnosis,cellchat,Pro-Monocyte,Pro-Monocyte,LGALS9,CD44,0.0555333785363928,0.66,45,45
5143_Dg,GSE227903,Diagnosis,cellchat,cDC,CD4 Memory T,LGALS9,P4HB,0.0120871920545872,0.99,70,27
5143_Dg,GSE227903,Diagnosis,cellchat,Cycling Progenitor,CD4 Memory T,LGALS9,P4HB,0.00956718198560652,0.99,30,27
5143_Dg,GSE227903,Diagnosis,cellchat,Late GMP,CD4 Memory T,LGALS9,P4HB,0.0104131728592883,0.98,30,27
5143_Dg,GSE227903,Diagnosis,cellchat,Monocyte,CD4 Memory T,LGALS9,P4HB,0.0165902561100235,0.99,91,27
5143_Dg,GSE227903,Diagnosis,cellchat,cDC,CD8 Memory T,LGALS9,P4HB,0.0430482211716545,0.07,70,19
5143_Dg,GSE227903,Diagnosis,cellchat,Cycling Progenitor,CD8 Memory T,LGALS9,P4HB,0.0342973667900942,0.4,30,19
5143_Dg,GSE227903,Diagnosis,cellchat,Early GMP,CD8 Memory T,LGALS9,P4HB,0.0379060935650593,0.17,142,19
5143_Dg,GSE227903,Diagnosis,cellchat,Late GMP,CD8 Memory T,LGALS9,P4HB,0.0372479168154927,0.34,30,19
5143_Dg,GSE227903,Diagnosis,cellchat,LMPP,CD8 Memory T,LGALS9,P4HB,0.0349825788493346,0.42,78,19
5143_Dg,GSE227903,Diagnosis,cellchat,Monocyte,CD8 Memory T,LGALS9,P4HB,0.0584038664730545,0,91,19
5143_Dg,GSE227903,Diagnosis,cellchat,pDC,CD8 Memory T,LGALS9,P4HB,0.0345479906823568,0.47,225,19
5143_Dg,GSE227903,Diagnosis,cellchat,Pro-Monocyte,CD8 Memory T,LGALS9,P4HB,0.031011039726751,0.59,45,19
5143_Dg,GSE227903,Diagnosis,cellchat,cDC,cDC,LGALS9,P4HB,0.0387214203734833,0.15,70,70
5143_Dg,GSE227903,Diagnosis,cellchat,Cycling Progenitor,cDC,LGALS9,P4HB,0.0308217903465289,0.66,30,70
5143_Dg,GSE227903,Diagnosis,cellchat,Early GMP,cDC,LGALS9,P4HB,0.0340777259208896,0.39,142,70
5143_Dg,GSE227903,Diagnosis,cellchat,Late GMP,cDC,LGALS9,P4HB,0.0334837089900008,0.56,30,70
5143_Dg,GSE227903,Diagnosis,cellchat,LMPP,cDC,LGALS9,P4HB,0.0314398260084117,0.68,78,70
5143_Dg,GSE227903,Diagnosis,cellchat,Monocyte,cDC,LGALS9,P4HB,0.0526185261286555,0,91,70
5143_Dg,GSE227903,Diagnosis,cellchat,pDC,cDC,LGALS9,P4HB,0.0310478334190253,0.81,225,70
5143_Dg,GSE227903,Diagnosis,cellchat,Pro-Monocyte,cDC,LGALS9,P4HB,0.0278588810874179,0.82,45,70
5143_Dg,GSE227903,Diagnosis,cellchat,cDC,Cycling Progenitor,LGALS9,P4HB,0.0476261132370237,0.01,70,30
5143_Dg,GSE227903,Diagnosis,cellchat,Cycling Progenitor,Cycling Progenitor,LGALS9,P4HB,0.037981599182696,0.27,30,30
5143_Dg,GSE227903,Diagnosis,cellchat,Early GMP,Cycling Progenitor,LGALS9,P4HB,0.0419611324081576,0.01,142,30
5143_Dg,GSE227903,Diagnosis,cellchat,Late GMP,Cycling Progenitor,LGALS9,P4HB,0.0412355643502774,0.13,30,30
5143_Dg,GSE227903,Diagnosis,cellchat,LMPP,Cycling Progenitor,LGALS9,P4HB,0.0387374643442893,0.16,78,30
5143_Dg,GSE227903,Diagnosis,cellchat,Monocyte,Cycling Progenitor,LGALS9,P4HB,0.0645046566558176,0,91,30
5143_Dg,GSE227903,Diagnosis,cellchat,pDC,Cycling Progenitor,LGALS9,P4HB,0.0382580785933215,0.14,225,30
5143_Dg,GSE227903,Diagnosis,cellchat,Pro-Monocyte,Cycling Progenitor,LGALS9,P4HB,0.0343548125785909,0.46,45,30
5143_Dg,GSE227903,Diagnosis,cellchat,cDC,Early GMP,LGALS9,P4HB,0.0414839110614633,0.05,70,142
5143_Dg,GSE227903,Diagnosis,cellchat,Cycling Progenitor,Early GMP,LGALS9,P4HB,0.033040070916994,0.54,30,142
5143_Dg,GSE227903,Diagnosis,cellchat,Early GMP,Early GMP,LGALS9,P4HB,0.036521509629221,0.13,142,142
5143_Dg,GSE227903,Diagnosis,cellchat,Late GMP,Early GMP,LGALS9,P4HB,0.0358864771551945,0.42,30,142
5143_Dg,GSE227903,Diagnosis,cellchat,LMPP,Early GMP,LGALS9,P4HB,0.0337010406133139,0.51,78,142
5143_Dg,GSE227903,Diagnosis,cellchat,Monocyte,Early GMP,LGALS9,P4HB,0.0563143915363458,0,91,142
5143_Dg,GSE227903,Diagnosis,cellchat,pDC,Early GMP,LGALS9,P4HB,0.0332818239084265,0.64,225,142
5143_Dg,GSE227903,Diagnosis,cellchat,Pro-Monocyte,Early GMP,LGALS9,P4HB,0.0298704898612334,0.78,45,142
5143_Dg,GSE227903,Diagnosis,cellchat,cDC,Late GMP,LGALS9,P4HB,0.0547395529662536,0,70,30
5143_Dg,GSE227903,Diagnosis,cellchat,Cycling Progenitor,Late GMP,LGALS9,P4HB,0.0437206629233596,0.09,30,30
5143_Dg,GSE227903,Diagnosis,cellchat,Early GMP,Late GMP,LGALS9,P4HB,0.0482713361166358,0,142,30
5143_Dg,GSE227903,Diagnosis,cellchat,Late GMP,Late GMP,LGALS9,P4HB,0.0474420588478144,0.04,30,30
5143_Dg,GSE227903,Diagnosis,cellchat,LMPP,Late GMP,LGALS9,P4HB,0.0445854469450376,0,78,30
5143_Dg,GSE227903,Diagnosis,cellchat,Monocyte,Late GMP,LGALS9,P4HB,0.0739433451872636,0,91,30
5143_Dg,GSE227903,Diagnosis,cellchat,pDC,Late GMP,LGALS9,P4HB,0.0440370063544334,0.01,225,30
5143_Dg,GSE227903,Diagnosis,cellchat,Pro-Monocyte,Late GMP,LGALS9,P4HB,0.039568404706718,0.16,45,30
5143_Dg,GSE227903,Diagnosis,cellchat,cDC,LMPP,LGALS9,P4HB,0.0330659170142088,0.56,70,78
5143_Dg,GSE227903,Diagnosis,cellchat,Cycling Progenitor,LMPP,LGALS9,P4HB,0.0262885236791045,0.81,30,78
5143_Dg,GSE227903,Diagnosis,cellchat,Early GMP,LMPP,LGALS9,P4HB,0.0290799452429602,0.84,142,78
5143_Dg,GSE227903,Diagnosis,cellchat,Late GMP,LMPP,LGALS9,P4HB,0.0285704690142477,0.74,30,78
5143_Dg,GSE227903,Diagnosis,cellchat,LMPP,LMPP,LGALS9,P4HB,0.0268181740168022,0.86,78,78
5143_Dg,GSE227903,Diagnosis,cellchat,Monocyte,LMPP,LGALS9,P4HB,0.0450283425892464,0,91,78
5143_Dg,GSE227903,Diagnosis,cellchat,pDC,LMPP,LGALS9,P4HB,0.0264822287914807,0.97,225,78
5143_Dg,GSE227903,Diagnosis,cellchat,Pro-Monocyte,LMPP,LGALS9,P4HB,0.0237507195452524,0.88,45,78
5143_Dg,GSE227903,Diagnosis,cellchat,cDC,Monocyte,LGALS9,P4HB,0.0497764582067931,0,70,91
5143_Dg,GSE227903,Diagnosis,cellchat,Cycling Progenitor,Monocyte,LGALS9,P4HB,0.0397146478630274,0.2,30,91
5143_Dg,GSE227903,Diagnosis,cellchat,Early GMP,Monocyte,LGALS9,P4HB,0.0438674817996333,0,142,91
5143_Dg,GSE227903,Diagnosis,cellchat,Late GMP,Monocyte,LGALS9,P4HB,0.0431104335440338,0.11,30,91
5143_Dg,GSE227903,Diagnosis,cellchat,LMPP,Monocyte,LGALS9,P4HB,0.0405035500398814,0.03,78,91
5143_Dg,GSE227903,Diagnosis,cellchat,Monocyte,Monocyte,LGALS9,P4HB,0.0673631740490269,0,91,91
5143_Dg,GSE227903,Diagnosis,cellchat,pDC,Monocyte,LGALS9,P4HB,0.04000321807273,0.01,225,91
5143_Dg,GSE227903,Diagnosis,cellchat,Pro-Monocyte,Monocyte,LGALS9,P4HB,0.0359285563123433,0.38,45,91
5143_Dg,GSE227903,Diagnosis,cellchat,Cycling Progenitor,Naive T,LGALS9,P4HB,0.00974805671086566,0.99,30,44
5143_Dg,GSE227903,Diagnosis,cellchat,Late GMP,Naive T,LGALS9,P4HB,0.0106098703398416,0.98,30,44
5143_Dg,GSE227903,Diagnosis,cellchat,Monocyte,Naive T,LGALS9,P4HB,0.0169016414824468,0.99,91,44
5143_Dg,GSE227903,Diagnosis,cellchat,cDC,pDC,LGALS9,P4HB,0.0411620942606145,0.05,70,225
5143_Dg,GSE227903,Diagnosis,cellchat,Cycling Progenitor,pDC,LGALS9,P4HB,0.0327815180359336,0.56,30,225
5143_Dg,GSE227903,Diagnosis,cellchat,Early GMP,pDC,LGALS9,P4HB,0.0362367339383569,0.17,142,225
5143_Dg,GSE227903,Diagnosis,cellchat,Late GMP,pDC,LGALS9,P4HB,0.0356064701224018,0.47,30,225
5143_Dg,GSE227903,Diagnosis,cellchat,LMPP,pDC,LGALS9,P4HB,0.0334374942185997,0.55,78,225
5143_Dg,GSE227903,Diagnosis,cellchat,Monocyte,pDC,LGALS9,P4HB,0.0558842330744214,0,91,225
5143_Dg,GSE227903,Diagnosis,cellchat,pDC,pDC,LGALS9,P4HB,0.0330214438106399,0.75,225,225
5143_Dg,GSE227903,Diagnosis,cellchat,Pro-Monocyte,pDC,LGALS9,P4HB,0.0296359801381188,0.81,45,225
5143_Dg,GSE227903,Diagnosis,cellchat,cDC,Pro-Monocyte,LGALS9,P4HB,0.0610460220708665,0,70,45
5143_Dg,GSE227903,Diagnosis,cellchat,Cycling Progenitor,Pro-Monocyte,LGALS9,P4HB,0.0488232296610658,0.03,30,45
5143_Dg,GSE227903,Diagnosis,cellchat,Early GMP,Pro-Monocyte,LGALS9,P4HB,0.0538750831236192,0,142,45
5143_Dg,GSE227903,Diagnosis,cellchat,Late GMP,Pro-Monocyte,LGALS9,P4HB,0.0529548928103182,0,30,45
5143_Dg,GSE227903,Diagnosis,cellchat,LMPP,Pro-Monocyte,LGALS9,P4HB,0.0497836869410075,0,78,45
5143_Dg,GSE227903,Diagnosis,cellchat,Monocyte,Pro-Monocyte,LGALS9,P4HB,0.0822696994501673,0,91,45
5143_Dg,GSE227903,Diagnosis,cellchat,pDC,Pro-Monocyte,LGALS9,P4HB,0.0491745944871759,0,225,45
5143_Dg,GSE227903,Diagnosis,cellchat,Pro-Monocyte,Pro-Monocyte,LGALS9,P4HB,0.0442087714062297,0.09,45,45
5143_Dg,GSE227903,Diagnosis,cellchat,CD4 Memory T,CD8 Memory T,PPIA,BSG,0.0352556891269263,0.92,27,19
5143_Dg,GSE227903,Diagnosis,cellchat,CD8 Memory T,CD8 Memory T,PPIA,BSG,0.0454816185461344,0.92,19,19
5143_Dg,GSE227903,Diagnosis,cellchat,cDC,CD8 Memory T,PPIA,BSG,0.049977154460488,0.92,70,19
5143_Dg,GSE227903,Diagnosis,cellchat,Cycling Progenitor,CD8 Memory T,PPIA,BSG,0.0636104998891782,0.83,30,19
5143_Dg,GSE227903,Diagnosis,cellchat,Early GMP,CD8 Memory T,PPIA,BSG,0.0562068481124075,0.91,142,19
5143_Dg,GSE227903,Diagnosis,cellchat,Late GMP,CD8 Memory T,PPIA,BSG,0.0538957114836186,0.92,30,19
5143_Dg,GSE227903,Diagnosis,cellchat,LMPP,CD8 Memory T,PPIA,BSG,0.0500154385374317,0.92,78,19
5143_Dg,GSE227903,Diagnosis,cellchat,Monocyte,CD8 Memory T,PPIA,BSG,0.0423547008798236,0.92,91,19
5143_Dg,GSE227903,Diagnosis,cellchat,Naive T,CD8 Memory T,PPIA,BSG,0.0325308871209442,0.95,44,19
5143_Dg,GSE227903,Diagnosis,cellchat,pDC,CD8 Memory T,PPIA,BSG,0.0487478071006472,0.92,225,19
5143_Dg,GSE227903,Diagnosis,cellchat,Pro-Monocyte,CD8 Memory T,PPIA,BSG,0.0539988841361474,0.91,45,19
5143_Dg,GSE227903,Diagnosis,cellchat,CD4 Memory T,cDC,PPIA,BSG,0.0624341384824756,0.98,27,70
5143_Dg,GSE227903,Diagnosis,cellchat,CD8 Memory T,cDC,PPIA,BSG,0.0798903894419213,0.44,19,70
5143_Dg,GSE227903,Diagnosis,cellchat,cDC,cDC,PPIA,BSG,0.087475303707028,0.18,70,70
5143_Dg,GSE227903,Diagnosis,cellchat,Cycling Progenitor,cDC,PPIA,BSG,0.110151790334462,0.01,30,70
5143_Dg,GSE227903,Diagnosis,cellchat,Early GMP,cDC,PPIA,BSG,0.0978975104505491,0.06,142,70
5143_Dg,GSE227903,Diagnosis,cellchat,Late GMP,cDC,PPIA,BSG,0.0940429341961029,0.06,30,70
5143_Dg,GSE227903,Diagnosis,cellchat,LMPP,cDC,PPIA,BSG,0.087539665711477,0.18,78,70
5143_Dg,GSE227903,Diagnosis,cellchat,Monocyte,cDC,PPIA,BSG,0.0745826692469258,0.73,91,70
5143_Dg,GSE227903,Diagnosis,cellchat,Naive T,cDC,PPIA,BSG,0.0577345043963695,0.98,44,70
5143_Dg,GSE227903,Diagnosis,cellchat,pDC,cDC,PPIA,BSG,0.0854064918808681,0.2,225,70
5143_Dg,GSE227903,Diagnosis,cellchat,Pro-Monocyte,cDC,PPIA,BSG,0.0942153074524106,0.11,45,70
5143_Dg,GSE227903,Diagnosis,cellchat,CD4 Memory T,Cycling Progenitor,PPIA,BSG,0.0904122981032105,0.21,27,30
5143_Dg,GSE227903,Diagnosis,cellchat,CD8 Memory T,Cycling Progenitor,PPIA,BSG,0.114733815694234,0.02,19,30
5143_Dg,GSE227903,Diagnosis,cellchat,cDC,Cycling Progenitor,PPIA,BSG,0.125176767082302,0,70,30
5143_Dg,GSE227903,Diagnosis,cellchat,Cycling Progenitor,Cycling Progenitor,PPIA,BSG,0.155956369517378,0,30,30
5143_Dg,GSE227903,Diagnosis,cellchat,Early GMP,Cycling Progenitor,PPIA,BSG,0.139404675363009,0,142,30
5143_Dg,GSE227903,Diagnosis,cellchat,Late GMP,Cycling Progenitor,PPIA,BSG,0.134158860809679,0,30,30
5143_Dg,GSE227903,Diagnosis,cellchat,LMPP,Cycling Progenitor,PPIA,BSG,0.125265060903432,0,78,30
5143_Dg,GSE227903,Diagnosis,cellchat,Monocyte,Cycling Progenitor,PPIA,BSG,0.107381345895796,0.03,91,30
5143_Dg,GSE227903,Diagnosis,cellchat,Naive T,Cycling Progenitor,PPIA,BSG,0.0837948756868116,0.35,44,30
5143_Dg,GSE227903,Diagnosis,cellchat,pDC,Cycling Progenitor,PPIA,BSG,0.122335843774809,0,225,30
5143_Dg,GSE227903,Diagnosis,cellchat,Pro-Monocyte,Cycling Progenitor,PPIA,BSG,0.134393855706106,0,45,30
5143_Dg,GSE227903,Diagnosis,cellchat,CD4 Memory T,Early GMP,PPIA,BSG,0.0734398994127449,0.7,27,142
5143_Dg,GSE227903,Diagnosis,cellchat,CD8 Memory T,Early GMP,PPIA,BSG,0.0936658847260631,0.03,19,142
5143_Dg,GSE227903,Diagnosis,cellchat,cDC,Early GMP,PPIA,BSG,0.102413092846097,0,70,142
5143_Dg,GSE227903,Diagnosis,cellchat,Cycling Progenitor,Early GMP,PPIA,BSG,0.128417000245654,0,30,142
5143_Dg,GSE227903,Diagnosis,cellchat,Early GMP,Early GMP,PPIA,BSG,0.114391949863768,0,142,142
5143_Dg,GSE227903,Diagnosis,cellchat,Late GMP,Early GMP,PPIA,BSG,0.109967096301218,0,30,142
5143_Dg,GSE227903,Diagnosis,cellchat,LMPP,Early GMP,PPIA,BSG,0.102487211280175,0,78,142
5143_Dg,GSE227903,Diagnosis,cellchat,Monocyte,Early GMP,PPIA,BSG,0.0875300185494448,0.06,91,142
5143_Dg,GSE227903,Diagnosis,cellchat,Naive T,Early GMP,PPIA,BSG,0.0679718841199708,0.96,44,142
5143_Dg,GSE227903,Diagnosis,cellchat,pDC,Early GMP,PPIA,BSG,0.10002972506553,0,225,142
5143_Dg,GSE227903,Diagnosis,cellchat,Pro-Monocyte,Early GMP,PPIA,BSG,0.110165108035182,0,45,142
5143_Dg,GSE227903,Diagnosis,cellchat,CD4 Memory T,Late GMP,PPIA,BSG,0.0740719379819316,0.68,27,30
5143_Dg,GSE227903,Diagnosis,cellchat,CD8 Memory T,Late GMP,PPIA,BSG,0.0944542474818457,0.16,19,30
5143_Dg,GSE227903,Diagnosis,cellchat,cDC,Late GMP,PPIA,BSG,0.103266690171483,0.06,70,30
5143_Dg,GSE227903,Diagnosis,cellchat,Cycling Progenitor,Late GMP,PPIA,BSG,0.129456076620816,0,30,30
5143_Dg,GSE227903,Diagnosis,cellchat,Early GMP,Late GMP,PPIA,BSG,0.115332560244974,0,142,30
5143_Dg,GSE227903,Diagnosis,cellchat,Late GMP,Late GMP,PPIA,BSG,0.110875877664179,0.01,30,30
5143_Dg,GSE227903,Diagnosis,cellchat,LMPP,Late GMP,PPIA,BSG,0.103341355246409,0.04,78,30
5143_Dg,GSE227903,Diagnosis,cellchat,Monocyte,Late GMP,PPIA,BSG,0.0882717670644297,0.25,91,30
5143_Dg,GSE227903,Diagnosis,cellchat,Naive T,Late GMP,PPIA,BSG,0.068560345943136,0.84,44,30
5143_Dg,GSE227903,Diagnosis,cellchat,pDC,Late GMP,PPIA,BSG,0.100865689703779,0.07,225,30
5143_Dg,GSE227903,Diagnosis,cellchat,Pro-Monocyte,Late GMP,PPIA,BSG,0.111075321570635,0.01,45,30
5143_Dg,GSE227903,Diagnosis,cellchat,CD8 Memory T,LMPP,PPIA,BSG,0.0726031482495518,0.69,19,78
5143_Dg,GSE227903,Diagnosis,cellchat,cDC,LMPP,PPIA,BSG,0.0795560217034927,0.36,70,78
5143_Dg,GSE227903,Diagnosis,cellchat,Cycling Progenitor,LMPP,PPIA,BSG,0.100405454719813,0.01,30,78
5143_Dg,GSE227903,Diagnosis,cellchat,Early GMP,LMPP,PPIA,BSG,0.0891268451303579,0.05,142,78
5143_Dg,GSE227903,Diagnosis,cellchat,Late GMP,LMPP,PPIA,BSG,0.0855848388300159,0.12,30,78
5143_Dg,GSE227903,Diagnosis,cellchat,LMPP,LMPP,PPIA,BSG,0.0796150652813723,0.34,78,78
5143_Dg,GSE227903,Diagnosis,cellchat,Monocyte,LMPP,PPIA,BSG,0.0677439286406023,0.92,91,78
5143_Dg,GSE227903,Diagnosis,cellchat,pDC,LMPP,PPIA,BSG,0.0776585636049005,0.45,225,78
5143_Dg,GSE227903,Diagnosis,cellchat,Pro-Monocyte,LMPP,PPIA,BSG,0.0857431763307863,0.14,45,78
5143_Dg,GSE227903,Diagnosis,cellchat,CD8 Memory T,Monocyte,PPIA,BSG,0.0612953445438015,0.99,19,91
5143_Dg,GSE227903,Diagnosis,cellchat,cDC,Monocyte,PPIA,BSG,0.0672438399085398,0.91,70,91
5143_Dg,GSE227903,Diagnosis,cellchat,Cycling Progenitor,Monocyte,PPIA,BSG,0.0851651431057908,0.16,30,91
5143_Dg,GSE227903,Diagnosis,cellchat,Early GMP,Monocyte,PPIA,BSG,0.0754548947506232,0.55,142,91
5143_Dg,GSE227903,Diagnosis,cellchat,Late GMP,Monocyte,PPIA,BSG,0.0724130332734974,0.73,30,91
5143_Dg,GSE227903,Diagnosis,cellchat,LMPP,Monocyte,PPIA,BSG,0.067294413895371,0.92,78,91
5143_Dg,GSE227903,Diagnosis,cellchat,pDC,Monocyte,PPIA,BSG,0.0656190999010467,0.97,225,91
5143_Dg,GSE227903,Diagnosis,cellchat,Pro-Monocyte,Monocyte,PPIA,BSG,0.0725489354718473,0.72,45,91
5143_Dg,GSE227903,Diagnosis,cellchat,CD4 Memory T,Naive T,PPIA,BSG,0.0285045231376852,0.99,27,44
5143_Dg,GSE227903,Diagnosis,cellchat,CD8 Memory T,Naive T,PPIA,BSG,0.0368470635596309,0.98,19,44
5143_Dg,GSE227903,Diagnosis,cellchat,cDC,Naive T,PPIA,BSG,0.040525369854737,0.98,70,44
5143_Dg,GSE227903,Diagnosis,cellchat,Cycling Progenitor,Naive T,PPIA,BSG,0.0517207186116591,0.94,30,44
5143_Dg,GSE227903,Diagnosis,cellchat,Early GMP,Naive T,PPIA,BSG,0.0456334831929747,0.98,142,44
5143_Dg,GSE227903,Diagnosis,cellchat,Late GMP,Naive T,PPIA,BSG,0.0437369590842436,0.97,30,44
5143_Dg,GSE227903,Diagnosis,cellchat,LMPP,Naive T,PPIA,BSG,0.0405567226595727,0.98,78,44
5143_Dg,GSE227903,Diagnosis,cellchat,Monocyte,Naive T,PPIA,BSG,0.0342924550084987,0.98,91,44
5143_Dg,GSE227903,Diagnosis,cellchat,Naive T,Naive T,PPIA,BSG,0.0262872803201734,0.99,44,44
5143_Dg,GSE227903,Diagnosis,cellchat,pDC,Naive T,PPIA,BSG,0.0395188479035374,0.98,225,44
5143_Dg,GSE227903,Diagnosis,cellchat,Pro-Monocyte,Naive T,PPIA,BSG,0.0438215855605133,0.98,45,44
5143_Dg,GSE227903,Diagnosis,cellchat,CD8 Memory T,pDC,PPIA,BSG,0.0730414997025639,0.79,19,225
5143_Dg,GSE227903,Diagnosis,cellchat,cDC,pDC,PPIA,BSG,0.0800327293743895,0.28,70,225
5143_Dg,GSE227903,Diagnosis,cellchat,Cycling Progenitor,pDC,PPIA,BSG,0.100993386450804,0,30,225
5143_Dg,GSE227903,Diagnosis,cellchat,Early GMP,pDC,PPIA,BSG,0.0896553160573299,0,142,225
5143_Dg,GSE227903,Diagnosis,cellchat,Late GMP,pDC,PPIA,BSG,0.0860942927785081,0.05,30,225
5143_Dg,GSE227903,Diagnosis,cellchat,LMPP,pDC,PPIA,BSG,0.0800920959619703,0.26,78,225
5143_Dg,GSE227903,Diagnosis,cellchat,Monocyte,pDC,PPIA,BSG,0.0681550979764549,0.99,91,225
5143_Dg,GSE227903,Diagnosis,cellchat,pDC,pDC,PPIA,BSG,0.0781248665516429,0.46,225,225
5143_Dg,GSE227903,Diagnosis,cellchat,Pro-Monocyte,pDC,PPIA,BSG,0.0862534838973345,0.01,45,225
5143_Dg,GSE227903,Diagnosis,cellchat,CD4 Memory T,Pro-Monocyte,PPIA,BSG,0.049458983991606,0.99,27,45
5143_Dg,GSE227903,Diagnosis,cellchat,CD8 Memory T,Pro-Monocyte,PPIA,BSG,0.0635332846160676,0.91,19,45
5143_Dg,GSE227903,Diagnosis,cellchat,cDC,Pro-Monocyte,PPIA,BSG,0.0696828418871331,0.81,70,45
5143_Dg,GSE227903,Diagnosis,cellchat,Cycling Progenitor,Pro-Monocyte,PPIA,BSG,0.0881927086742499,0.2,30,45
5143_Dg,GSE227903,Diagnosis,cellchat,Early GMP,Pro-Monocyte,PPIA,BSG,0.0781667618183884,0.5,142,45
5143_Dg,GSE227903,Diagnosis,cellchat,Late GMP,Pro-Monocyte,PPIA,BSG,0.0750244465682781,0.59,30,45
5143_Dg,GSE227903,Diagnosis,cellchat,LMPP,Pro-Monocyte,PPIA,BSG,0.0697351131016191,0.82,78,45
5143_Dg,GSE227903,Diagnosis,cellchat,Monocyte,Pro-Monocyte,PPIA,BSG,0.0592423199875323,0.96,91,45
5143_Dg,GSE227903,Diagnosis,cellchat,Naive T,Pro-Monocyte,PPIA,BSG,0.0456884400288199,0.99,44,45
5143_Dg,GSE227903,Diagnosis,cellchat,pDC,Pro-Monocyte,PPIA,BSG,0.0680034673361123,0.85,225,45
5143_Dg,GSE227903,Diagnosis,cellchat,Pro-Monocyte,Pro-Monocyte,PPIA,BSG,0.0751648526322358,0.58,45,45
5143_Dg,GSE227903,Diagnosis,cellchat,Cycling Progenitor,CD4 Memory T,APP,CD74,0.0376639319473301,0.95,30,27
5143_Dg,GSE227903,Diagnosis,cellchat,Late GMP,CD4 Memory T,APP,CD74,0.0412136039444257,0.9,30,27
5143_Dg,GSE227903,Diagnosis,cellchat,LMPP,CD4 Memory T,APP,CD74,0.035840512503701,0.99,78,27
5143_Dg,GSE227903,Diagnosis,cellchat,Cycling Progenitor,CD8 Memory T,APP,CD74,0.0469739760487515,0.86,30,19
5143_Dg,GSE227903,Diagnosis,cellchat,Early GMP,CD8 Memory T,APP,CD74,0.0478988822112302,0.97,142,19
5143_Dg,GSE227903,Diagnosis,cellchat,Late GMP,CD8 Memory T,APP,CD74,0.0513542582231737,0.78,30,19
5143_Dg,GSE227903,Diagnosis,cellchat,LMPP,CD8 Memory T,APP,CD74,0.04472077626793,0.95,78,19
5143_Dg,GSE227903,Diagnosis,cellchat,cDC,cDC,APP,CD74,0.0407239647765205,0.96,70,70
5143_Dg,GSE227903,Diagnosis,cellchat,Cycling Progenitor,cDC,APP,CD74,0.165142197595746,0,30,70
5143_Dg,GSE227903,Diagnosis,cellchat,Early GMP,cDC,APP,CD74,0.167983694407989,0,142,70
5143_Dg,GSE227903,Diagnosis,cellchat,Late GMP,cDC,APP,CD74,0.178477964056685,0,30,70
5143_Dg,GSE227903,Diagnosis,cellchat,LMPP,cDC,APP,CD74,0.158161498958194,0,78,70
5143_Dg,GSE227903,Diagnosis,cellchat,Monocyte,cDC,APP,CD74,0.0420179409421317,0.97,91,70
5143_Dg,GSE227903,Diagnosis,cellchat,pDC,cDC,APP,CD74,0.137609348409033,0,225,70
5143_Dg,GSE227903,Diagnosis,cellchat,Pro-Monocyte,cDC,APP,CD74,0.104462481074424,0.19,45,70
5143_Dg,GSE227903,Diagnosis,cellchat,Cycling Progenitor,Cycling Progenitor,APP,CD74,0.122853537006848,0.05,30,30
5143_Dg,GSE227903,Diagnosis,cellchat,Early GMP,Cycling Progenitor,APP,CD74,0.125076412131238,0,142,30
5143_Dg,GSE227903,Diagnosis,cellchat,Late GMP,Cycling Progenitor,APP,CD74,0.133319695245441,0.01,30,30
5143_Dg,GSE227903,Diagnosis,cellchat,LMPP,Cycling Progenitor,APP,CD74,0.117409022064239,0.02,78,30
5143_Dg,GSE227903,Diagnosis,cellchat,pDC,Cycling Progenitor,APP,CD74,0.101513846857625,0.24,225,30
5143_Dg,GSE227903,Diagnosis,cellchat,Pro-Monocyte,Cycling Progenitor,APP,CD74,0.0762923658545162,0.63,45,30
5143_Dg,GSE227903,Diagnosis,cellchat,Cycling Progenitor,Early GMP,APP,CD74,0.123942660435755,0.06,30,142
5143_Dg,GSE227903,Diagnosis,cellchat,Early GMP,Early GMP,APP,CD74,0.126182406976219,0,142,142
5143_Dg,GSE227903,Diagnosis,cellchat,Late GMP,Early GMP,APP,CD74,0.134487377342989,0.01,30,142
5143_Dg,GSE227903,Diagnosis,cellchat,LMPP,Early GMP,APP,CD74,0.118456396989771,0.01,78,142
5143_Dg,GSE227903,Diagnosis,cellchat,pDC,Early GMP,APP,CD74,0.102435882419079,0.09,225,142
5143_Dg,GSE227903,Diagnosis,cellchat,Pro-Monocyte,Early GMP,APP,CD74,0.0770049519721162,0.67,45,142
5143_Dg,GSE227903,Diagnosis,cellchat,Cycling Progenitor,Late GMP,APP,CD74,0.128694118957026,0.04,30,30
5143_Dg,GSE227903,Diagnosis,cellchat,Early GMP,Late GMP,APP,CD74,0.131006888242137,0,142,30
5143_Dg,GSE227903,Diagnosis,cellchat,Late GMP,Late GMP,APP,CD74,0.139578671323979,0.01,30,30
5143_Dg,GSE227903,Diagnosis,cellchat,LMPP,Late GMP,APP,CD74,0.123027070388591,0.01,78,30
5143_Dg,GSE227903,Diagnosis,cellchat,pDC,Late GMP,APP,CD74,0.106463053786051,0.03,225,30
5143_Dg,GSE227903,Diagnosis,cellchat,Pro-Monocyte,Late GMP,APP,CD74,0.0801215771095275,0.66,45,30
5143_Dg,GSE227903,Diagnosis,cellchat,Cycling Progenitor,LMPP,APP,CD74,0.123722250062015,0.05,30,78
5143_Dg,GSE227903,Diagnosis,cellchat,Early GMP,LMPP,APP,CD74,0.125958586275643,0,142,78
5143_Dg,GSE227903,Diagnosis,cellchat,Late GMP,LMPP,APP,CD74,0.134251088665785,0.01,30,78
5143_Dg,GSE227903,Diagnosis,cellchat,LMPP,LMPP,APP,CD74,0.118244426128209,0.03,78,78
5143_Dg,GSE227903,Diagnosis,cellchat,pDC,LMPP,APP,CD74,0.10224925419645,0.17,225,78
5143_Dg,GSE227903,Diagnosis,cellchat,Pro-Monocyte,LMPP,APP,CD74,0.0768606888482095,0.65,45,78
5143_Dg,GSE227903,Diagnosis,cellchat,Cycling Progenitor,Monocyte,APP,CD74,0.14412237332401,0.01,30,91
5143_Dg,GSE227903,Diagnosis,cellchat,Early GMP,Monocyte,APP,CD74,0.146665733499822,0,142,91
5143_Dg,GSE227903,Diagnosis,cellchat,Late GMP,Monocyte,APP,CD74,0.15607805627238,0,30,91
5143_Dg,GSE227903,Diagnosis,cellchat,LMPP,Monocyte,APP,CD74,0.137883453108326,0,78,91
5143_Dg,GSE227903,Diagnosis,cellchat,pDC,Monocyte,APP,CD74,0.119591983502248,0,225,91
5143_Dg,GSE227903,Diagnosis,cellchat,Pro-Monocyte,Monocyte,APP,CD74,0.0903304910546814,0.5,45,91
5143_Dg,GSE227903,Diagnosis,cellchat,cDC,pDC,APP,CD74,0.0383302270947063,0.99,70,225
5143_Dg,GSE227903,Diagnosis,cellchat,Cycling Progenitor,pDC,APP,CD74,0.156629305999218,0.01,30,225
5143_Dg,GSE227903,Diagnosis,cellchat,Early GMP,pDC,APP,CD74,0.159352285277391,0,142,225
5143_Dg,GSE227903,Diagnosis,cellchat,Late GMP,pDC,APP,CD74,0.169417131387526,0,30,225
5143_Dg,GSE227903,Diagnosis,cellchat,LMPP,pDC,APP,CD74,0.149943824422622,0,78,225
5143_Dg,GSE227903,Diagnosis,cellchat,Monocyte,pDC,APP,CD74,0.0395512798347519,0.99,91,225
5143_Dg,GSE227903,Diagnosis,cellchat,pDC,pDC,APP,CD74,0.130294239051214,0,225,225
5143_Dg,GSE227903,Diagnosis,cellchat,Pro-Monocyte,pDC,APP,CD74,0.0987077302950791,0.29,45,225
5143_Dg,GSE227903,Diagnosis,cellchat,Cycling Progenitor,Pro-Monocyte,APP,CD74,0.131447225762444,0.04,30,45
5143_Dg,GSE227903,Diagnosis,cellchat,Early GMP,Pro-Monocyte,APP,CD74,0.133801873479224,0,142,45
5143_Dg,GSE227903,Diagnosis,cellchat,Late GMP,Pro-Monocyte,APP,CD74,0.142526538387171,0,30,45
5143_Dg,GSE227903,Diagnosis,cellchat,LMPP,Pro-Monocyte,APP,CD74,0.125676430634965,0,78,45
5143_Dg,GSE227903,Diagnosis,cellchat,pDC,Pro-Monocyte,APP,CD74,0.108799965261503,0.03,225,45
5143_Dg,GSE227903,Diagnosis,cellchat,Pro-Monocyte,Pro-Monocyte,APP,CD74,0.0819333004160963,0.63,45,45
5143_Dg,GSE227903,Diagnosis,cellchat,CD4 Memory T,cDC,PTPRC,MRC1,0.0215289300088704,0,27,70
5143_Dg,GSE227903,Diagnosis,cellchat,CD8 Memory T,cDC,PTPRC,MRC1,0.0286529297848737,0,19,70
5143_Dg,GSE227903,Diagnosis,cellchat,cDC,cDC,PTPRC,MRC1,0.0156020961686461,0,70,70
5143_Dg,GSE227903,Diagnosis,cellchat,Cycling Progenitor,cDC,PTPRC,MRC1,0.00483958280661697,0,30,70
5143_Dg,GSE227903,Diagnosis,cellchat,Early GMP,cDC,PTPRC,MRC1,0.00575496126185803,0,142,70
5143_Dg,GSE227903,Diagnosis,cellchat,Late GMP,cDC,PTPRC,MRC1,0.00505741770509219,0,30,70
5143_Dg,GSE227903,Diagnosis,cellchat,LMPP,cDC,PTPRC,MRC1,0.00727866152954762,0,78,70
5143_Dg,GSE227903,Diagnosis,cellchat,Monocyte,cDC,PTPRC,MRC1,0.0206593010970002,0,91,70
5143_Dg,GSE227903,Diagnosis,cellchat,Naive T,cDC,PTPRC,MRC1,0.0248659727313425,0,44,70
5143_Dg,GSE227903,Diagnosis,cellchat,pDC,cDC,PTPRC,MRC1,0.0109052868023581,0,225,70
5143_Dg,GSE227903,Diagnosis,cellchat,Pro-Monocyte,cDC,PTPRC,MRC1,0.00896241271590862,0,45,70
5143_Dg,GSE227903,Diagnosis,cellchat,CD4 Memory T,cDC,CD6,ALCAM,0.00221316191389711,0,27,70
5143_Dg,GSE227903,Diagnosis,cellchat,CD8 Memory T,cDC,CD6,ALCAM,0.00263104771142695,0,19,70
5143_Dg,GSE227903,Diagnosis,cellchat,Naive T,cDC,CD6,ALCAM,0.00228968519217584,0,44,70
5143_Dg,GSE227903,Diagnosis,cellchat,CD4 Memory T,Cycling Progenitor,CD6,ALCAM,0.00170340076988013,0,27,30
5143_Dg,GSE227903,Diagnosis,cellchat,CD8 Memory T,Cycling Progenitor,CD6,ALCAM,0.0020252296247987,0,19,30
5143_Dg,GSE227903,Diagnosis,cellchat,Naive T,Cycling Progenitor,CD6,ALCAM,0.00176232944960848,0,44,30
5143_Dg,GSE227903,Diagnosis,cellchat,CD4 Memory T,Early GMP,CD6,ALCAM,0.0023809230566599,0,27,142
5143_Dg,GSE227903,Diagnosis,cellchat,CD8 Memory T,Early GMP,CD6,ALCAM,0.0028303953971861,0,19,142
5143_Dg,GSE227903,Diagnosis,cellchat,Naive T,Early GMP,CD6,ALCAM,0.00246323259952073,0,44,142
5143_Dg,GSE227903,Diagnosis,cellchat,CD4 Memory T,Late GMP,CD6,ALCAM,0.00587642771552151,0,27,30
5143_Dg,GSE227903,Diagnosis,cellchat,CD8 Memory T,Late GMP,CD6,ALCAM,0.00698116614738088,0,19,30
5143_Dg,GSE227903,Diagnosis,cellchat,Naive T,Late GMP,CD6,ALCAM,0.00607884204353973,0,44,30
5143_Dg,GSE227903,Diagnosis,cellchat,CD4 Memory T,LMPP,CD6,ALCAM,0.00249444836907428,0,27,78
5143_Dg,GSE227903,Diagnosis,cellchat,CD8 Memory T,LMPP,CD6,ALCAM,0.00296528839654527,0,19,78
5143_Dg,GSE227903,Diagnosis,cellchat,Naive T,LMPP,CD6,ALCAM,0.00258067237890153,0,44,78
5143_Dg,GSE227903,Diagnosis,cellchat,CD4 Memory T,Pro-Monocyte,CD6,ALCAM,0.00198067071566342,0,27,45
5143_Dg,GSE227903,Diagnosis,cellchat,CD8 Memory T,Pro-Monocyte,CD6,ALCAM,0.00235476148607312,0,19,45
5143_Dg,GSE227903,Diagnosis,cellchat,Naive T,Pro-Monocyte,CD6,ALCAM,0.00204917178332457,0,44,45
5143_Dg,GSE227903,Diagnosis,cellchat,cDC,CD4 Memory T,CD86,CD28,0.00982289983117083,0,70,27
5143_Dg,GSE227903,Diagnosis,cellchat,Monocyte,CD4 Memory T,CD86,CD28,0.0106836332687795,0,91,27
5143_Dg,GSE227903,Diagnosis,cellchat,Pro-Monocyte,CD4 Memory T,CD86,CD28,0.00305480514226549,0,45,27
5143_Dg,GSE227903,Diagnosis,cellchat,CD4 Memory T,Monocyte,CD99,PILRA,0.045869475011369,0,27,91
5143_Dg,GSE227903,Diagnosis,cellchat,CD8 Memory T,Monocyte,CD99,PILRA,0.0790913757179881,0,19,91
5143_Dg,GSE227903,Diagnosis,cellchat,cDC,Monocyte,CD99,PILRA,0.049192481109756,0,70,91
5143_Dg,GSE227903,Diagnosis,cellchat,Cycling Progenitor,Monocyte,CD99,PILRA,0.0805539791867339,0,30,91
5143_Dg,GSE227903,Diagnosis,cellchat,Early GMP,Monocyte,CD99,PILRA,0.0910470248230243,0,142,91
5143_Dg,GSE227903,Diagnosis,cellchat,Late GMP,Monocyte,CD99,PILRA,0.0729919848922777,0,30,91
5143_Dg,GSE227903,Diagnosis,cellchat,LMPP,Monocyte,CD99,PILRA,0.101049776003731,0,78,91
5143_Dg,GSE227903,Diagnosis,cellchat,Monocyte,Monocyte,CD99,PILRA,0.051902447438887,0,91,91
5143_Dg,GSE227903,Diagnosis,cellchat,Naive T,Monocyte,CD99,PILRA,0.0370583192640479,0,44,91
5143_Dg,GSE227903,Diagnosis,cellchat,pDC,Monocyte,CD99,PILRA,0.0693510071068056,0,225,91
5143_Dg,GSE227903,Diagnosis,cellchat,Pro-Monocyte,Monocyte,CD99,PILRA,0.0602005934054871,0,45,91
5143_Dg,GSE227903,Diagnosis,cellchat,CD8 Memory T,CD4 Memory T,CD99,CD99,0.146547119727303,0.99,19,27
5143_Dg,GSE227903,Diagnosis,cellchat,Cycling Progenitor,CD4 Memory T,CD99,CD99,0.14905524880226,0.99,30,27
5143_Dg,GSE227903,Diagnosis,cellchat,Early GMP,CD4 Memory T,CD99,CD99,0.166852074172102,0.95,142,27
5143_Dg,GSE227903,Diagnosis,cellchat,LMPP,CD4 Memory T,CD99,CD99,0.183501717990887,0.74,78,27
5143_Dg,GSE227903,Diagnosis,cellchat,CD4 Memory T,CD8 Memory T,CD99,CD99,0.146547119727303,0.99,27,19
5143_Dg,GSE227903,Diagnosis,cellchat,CD8 Memory T,CD8 Memory T,CD99,CD99,0.234746726587286,0.09,19,19
5143_Dg,GSE227903,Diagnosis,cellchat,Cycling Progenitor,CD8 Memory T,CD99,CD99,0.238342814665033,0,30,19
5143_Dg,GSE227903,Diagnosis,cellchat,Early GMP,CD8 Memory T,CD99,CD99,0.263499210975551,0,142,19
5143_Dg,GSE227903,Diagnosis,cellchat,Late GMP,CD8 Memory T,CD99,CD99,0.219504665436848,0.06,30,19
5143_Dg,GSE227903,Diagnosis,cellchat,LMPP,CD8 Memory T,CD99,CD99,0.286476852406461,0,78,19
5143_Dg,GSE227903,Diagnosis,cellchat,Monocyte,CD8 Memory T,CD99,CD99,0.163551892593631,0.97,91,19
5143_Dg,GSE227903,Diagnosis,cellchat,pDC,CD8 Memory T,CD99,CD99,0.210212629434797,0.15,225,19
5143_Dg,GSE227903,Diagnosis,cellchat,Pro-Monocyte,CD8 Memory T,CD99,CD99,0.18619489689458,0.65,45,19
5143_Dg,GSE227903,Diagnosis,cellchat,Cycling Progenitor,cDC,CD99,CD99,0.158610870151253,0.99,30,70
5143_Dg,GSE227903,Diagnosis,cellchat,Early GMP,cDC,CD99,CD99,0.177310880589168,0.97,142,70
5143_Dg,GSE227903,Diagnosis,cellchat,LMPP,cDC,CD99,CD99,0.194760207415632,0.48,78,70
5143_Dg,GSE227903,Diagnosis,cellchat,CD4 Memory T,Cycling Progenitor,CD99,CD99,0.14905524880226,0.99,27,30
5143_Dg,GSE227903,Diagnosis,cellchat,CD8 Memory T,Cycling Progenitor,CD99,CD99,0.238342814665033,0,19,30
5143_Dg,GSE227903,Diagnosis,cellchat,cDC,Cycling Progenitor,CD99,CD99,0.158610870151253,0.99,70,30
5143_Dg,GSE227903,Diagnosis,cellchat,Cycling Progenitor,Cycling Progenitor,CD99,CD99,0.241976572020924,0,30,30
5143_Dg,GSE227903,Diagnosis,cellchat,Early GMP,Cycling Progenitor,CD99,CD99,0.267381860753833,0,142,30
5143_Dg,GSE227903,Diagnosis,cellchat,Late GMP,Cycling Progenitor,CD99,CD99,0.222935281981248,0.02,30,30
5143_Dg,GSE227903,Diagnosis,cellchat,LMPP,Cycling Progenitor,CD99,CD99,0.29056450222383,0,78,30
5143_Dg,GSE227903,Diagnosis,cellchat,Monocyte,Cycling Progenitor,CD99,CD99,0.166294347855786,0.95,91,30
5143_Dg,GSE227903,Diagnosis,cellchat,pDC,Cycling Progenitor,CD99,CD99,0.21353775397066,0.02,225,30
5143_Dg,GSE227903,Diagnosis,cellchat,Pro-Monocyte,Cycling Progenitor,CD99,CD99,0.189231136684745,0.6,45,30
5143_Dg,GSE227903,Diagnosis,cellchat,CD4 Memory T,Early GMP,CD99,CD99,0.166852074172102,0.95,27,142
5143_Dg,GSE227903,Diagnosis,cellchat,CD8 Memory T,Early GMP,CD99,CD99,0.263499210975551,0,19,142
5143_Dg,GSE227903,Diagnosis,cellchat,cDC,Early GMP,CD99,CD99,0.177310880589168,0.97,70,142
5143_Dg,GSE227903,Diagnosis,cellchat,Cycling Progenitor,Early GMP,CD99,CD99,0.267381860753833,0,30,142
5143_Dg,GSE227903,Diagnosis,cellchat,Early GMP,Early GMP,CD99,CD99,0.294418474103328,0,142,142
5143_Dg,GSE227903,Diagnosis,cellchat,Late GMP,Early GMP,CD99,CD99,0.246992814096937,0,30,142
5143_Dg,GSE227903,Diagnosis,cellchat,LMPP,Early GMP,CD99,CD99,0.318924798995687,0,78,142
5143_Dg,GSE227903,Diagnosis,cellchat,Monocyte,Early GMP,CD99,CD99,0.185700298026481,0.84,91,142
5143_Dg,GSE227903,Diagnosis,cellchat,pDC,Early GMP,CD99,CD99,0.23689032897479,0,225,142
5143_Dg,GSE227903,Diagnosis,cellchat,Pro-Monocyte,Early GMP,CD99,CD99,0.210637468537334,0.02,45,142
5143_Dg,GSE227903,Diagnosis,cellchat,CD8 Memory T,Late GMP,CD99,CD99,0.219504665436848,0.06,19,30
5143_Dg,GSE227903,Diagnosis,cellchat,Cycling Progenitor,Late GMP,CD99,CD99,0.222935281981248,0.02,30,30
5143_Dg,GSE227903,Diagnosis,cellchat,Early GMP,Late GMP,CD99,CD99,0.246992814096937,0,142,30
5143_Dg,GSE227903,Diagnosis,cellchat,Late GMP,Late GMP,CD99,CD99,0.204987168712054,0.24,30,30
5143_Dg,GSE227903,Diagnosis,cellchat,LMPP,Late GMP,CD99,CD99,0.269056900564535,0,78,30
5143_Dg,GSE227903,Diagnosis,cellchat,pDC,Late GMP,CD99,CD99,0.196155234840361,0.34,225,30
5143_Dg,GSE227903,Diagnosis,cellchat,Pro-Monocyte,Late GMP,CD99,CD99,0.173391012622684,0.81,45,30
5143_Dg,GSE227903,Diagnosis,cellchat,CD4 Memory T,LMPP,CD99,CD99,0.183501717990887,0.74,27,78
5143_Dg,GSE227903,Diagnosis,cellchat,CD8 Memory T,LMPP,CD99,CD99,0.286476852406461,0,19,78
5143_Dg,GSE227903,Diagnosis,cellchat,cDC,LMPP,CD99,CD99,0.194760207415632,0.48,70,78
5143_Dg,GSE227903,Diagnosis,cellchat,Cycling Progenitor,LMPP,CD99,CD99,0.29056450222383,0,30,78
5143_Dg,GSE227903,Diagnosis,cellchat,Early GMP,LMPP,CD99,CD99,0.318924798995687,0,142,78
5143_Dg,GSE227903,Diagnosis,cellchat,Late GMP,LMPP,CD99,CD99,0.269056900564535,0,30,78
5143_Dg,GSE227903,Diagnosis,cellchat,LMPP,LMPP,CD99,CD99,0.344475073083988,0,78,78
5143_Dg,GSE227903,Diagnosis,cellchat,Monocyte,LMPP,CD99,CD99,0.203770740857968,0.11,91,78
5143_Dg,GSE227903,Diagnosis,cellchat,pDC,LMPP,CD99,CD99,0.258361592673174,0,225,78
5143_Dg,GSE227903,Diagnosis,cellchat,Pro-Monocyte,LMPP,CD99,CD99,0.230447801368769,0,45,78
5143_Dg,GSE227903,Diagnosis,cellchat,CD8 Memory T,Monocyte,CD99,CD99,0.163551892593631,0.97,19,91
5143_Dg,GSE227903,Diagnosis,cellchat,Cycling Progenitor,Monocyte,CD99,CD99,0.166294347855786,0.95,30,91
5143_Dg,GSE227903,Diagnosis,cellchat,Early GMP,Monocyte,CD99,CD99,0.185700298026481,0.84,142,91
5143_Dg,GSE227903,Diagnosis,cellchat,LMPP,Monocyte,CD99,CD99,0.203770740857968,0.11,78,91
5143_Dg,GSE227903,Diagnosis,cellchat,CD8 Memory T,pDC,CD99,CD99,0.210212629434797,0.15,19,225
5143_Dg,GSE227903,Diagnosis,cellchat,Cycling Progenitor,pDC,CD99,CD99,0.21353775397066,0.02,30,225
5143_Dg,GSE227903,Diagnosis,cellchat,Early GMP,pDC,CD99,CD99,0.23689032897479,0,142,225
5143_Dg,GSE227903,Diagnosis,cellchat,Late GMP,pDC,CD99,CD99,0.196155234840361,0.34,30,225
5143_Dg,GSE227903,Diagnosis,cellchat,LMPP,pDC,CD99,CD99,0.258361592673174,0,78,225
5143_Dg,GSE227903,Diagnosis,cellchat,pDC,pDC,CD99,CD99,0.187614027545334,0.81,225,225
5143_Dg,GSE227903,Diagnosis,cellchat,Pro-Monocyte,pDC,CD99,CD99,0.165636782653961,0.99,45,225
5143_Dg,GSE227903,Diagnosis,cellchat,CD8 Memory T,Pro-Monocyte,CD99,CD99,0.18619489689458,0.65,19,45
5143_Dg,GSE227903,Diagnosis,cellchat,Cycling Progenitor,Pro-Monocyte,CD99,CD99,0.189231136684745,0.6,30,45
5143_Dg,GSE227903,Diagnosis,cellchat,Early GMP,Pro-Monocyte,CD99,CD99,0.210637468537334,0.02,142,45
5143_Dg,GSE227903,Diagnosis,cellchat,Late GMP,Pro-Monocyte,CD99,CD99,0.173391012622684,0.81,30,45
5143_Dg,GSE227903,Diagnosis,cellchat,LMPP,Pro-Monocyte,CD99,CD99,0.230447801368769,0,78,45
5143_Dg,GSE227903,Diagnosis,cellchat,pDC,Pro-Monocyte,CD99,CD99,0.165636782653961,0.99,225,45
5143_Dg,GSE227903,Diagnosis,cellchat,Pro-Monocyte,Pro-Monocyte,CD99,CD99,0.145772020514288,0.99,45,45
5143_Dg,GSE227903,Diagnosis,cellchat,CD4 Memory T,CD4 Memory T,CLEC2D,KLRB1,0.0288959499227285,0,27,27
5143_Dg,GSE227903,Diagnosis,cellchat,CD8 Memory T,CD4 Memory T,CLEC2D,KLRB1,0.0301540975956796,0,19,27
5143_Dg,GSE227903,Diagnosis,cellchat,Cycling Progenitor,CD4 Memory T,CLEC2D,KLRB1,0.00356977619976756,0,30,27
5143_Dg,GSE227903,Diagnosis,cellchat,Early GMP,CD4 Memory T,CLEC2D,KLRB1,0.00282473867696488,0,142,27
5143_Dg,GSE227903,Diagnosis,cellchat,Naive T,CD4 Memory T,CLEC2D,KLRB1,0.0191625350320054,0,44,27
5143_Dg,GSE227903,Diagnosis,cellchat,pDC,CD4 Memory T,CLEC2D,KLRB1,0.00469549171529052,0,225,27
5143_Dg,GSE227903,Diagnosis,cellchat,Pro-Monocyte,CD4 Memory T,CLEC2D,KLRB1,0.00283958079169247,0,45,27
5143_Dg,GSE227903,Diagnosis,cellchat,CD4 Memory T,CD8 Memory T,CLEC2D,KLRB1,0.0303761996502969,0,27,19
5143_Dg,GSE227903,Diagnosis,cellchat,CD8 Memory T,CD8 Memory T,CLEC2D,KLRB1,0.0316966946480404,0,19,19
5143_Dg,GSE227903,Diagnosis,cellchat,Cycling Progenitor,CD8 Memory T,CLEC2D,KLRB1,0.00375766492913702,0,30,19
5143_Dg,GSE227903,Diagnosis,cellchat,Early GMP,CD8 Memory T,CLEC2D,KLRB1,0.00297353072148125,0,142,19
5143_Dg,GSE227903,Diagnosis,cellchat,Naive T,CD8 Memory T,CLEC2D,KLRB1,0.0201545204813674,0,44,19
5143_Dg,GSE227903,Diagnosis,cellchat,pDC,CD8 Memory T,CLEC2D,KLRB1,0.00494233656714272,0,225,19
5143_Dg,GSE227903,Diagnosis,cellchat,Pro-Monocyte,CD8 Memory T,CLEC2D,KLRB1,0.00298915229545717,0,45,19
5143_Dg,GSE227903,Diagnosis,cellchat,CD4 Memory T,CD4 Memory T,CLEC2B,KLRB1,0.0100077074725655,0,27,27
5143_Dg,GSE227903,Diagnosis,cellchat,CD8 Memory T,CD4 Memory T,CLEC2B,KLRB1,0.0324587144251207,0,19,27
5143_Dg,GSE227903,Diagnosis,cellchat,cDC,CD4 Memory T,CLEC2B,KLRB1,0.0379447680934574,0,70,27
5143_Dg,GSE227903,Diagnosis,cellchat,Cycling Progenitor,CD4 Memory T,CLEC2B,KLRB1,0.0263725463470184,0,30,27
5143_Dg,GSE227903,Diagnosis,cellchat,Early GMP,CD4 Memory T,CLEC2B,KLRB1,0.0297032546943214,0,142,27
5143_Dg,GSE227903,Diagnosis,cellchat,Late GMP,CD4 Memory T,CLEC2B,KLRB1,0.0205162581554485,0,30,27
5143_Dg,GSE227903,Diagnosis,cellchat,LMPP,CD4 Memory T,CLEC2B,KLRB1,0.0382236736849106,0,78,27
5143_Dg,GSE227903,Diagnosis,cellchat,Monocyte,CD4 Memory T,CLEC2B,KLRB1,0.0308960267618991,0,91,27
5143_Dg,GSE227903,Diagnosis,cellchat,Naive T,CD4 Memory T,CLEC2B,KLRB1,0.00984680790950723,0,44,27
5143_Dg,GSE227903,Diagnosis,cellchat,pDC,CD4 Memory T,CLEC2B,KLRB1,0.0268053736348925,0,225,27
5143_Dg,GSE227903,Diagnosis,cellchat,Pro-Monocyte,CD4 Memory T,CLEC2B,KLRB1,0.0170249370097027,0,45,27
5143_Dg,GSE227903,Diagnosis,cellchat,CD4 Memory T,CD8 Memory T,CLEC2B,KLRB1,0.010530863943043,0,27,19
5143_Dg,GSE227903,Diagnosis,cellchat,CD8 Memory T,CD8 Memory T,CLEC2B,KLRB1,0.0341150619209016,0,19,19
5143_Dg,GSE227903,Diagnosis,cellchat,cDC,CD8 Memory T,CLEC2B,KLRB1,0.0398695295007141,0,70,19
5143_Dg,GSE227903,Diagnosis,cellchat,Cycling Progenitor,CD8 Memory T,CLEC2B,KLRB1,0.0277272207909706,0,30,19
5143_Dg,GSE227903,Diagnosis,cellchat,Early GMP,CD8 Memory T,CLEC2B,KLRB1,0.031223530442638,0,142,19
5143_Dg,GSE227903,Diagnosis,cellchat,Late GMP,CD8 Memory T,CLEC2B,KLRB1,0.0215767800833945,0,30,19
5143_Dg,GSE227903,Diagnosis,cellchat,LMPP,CD8 Memory T,CLEC2B,KLRB1,0.0401619920687197,0,78,19
5143_Dg,GSE227903,Diagnosis,cellchat,Monocyte,CD8 Memory T,CLEC2B,KLRB1,0.0324753078573937,0,91,19
5143_Dg,GSE227903,Diagnosis,cellchat,Naive T,CD8 Memory T,CLEC2B,KLRB1,0.010361641331681,0,44,19
5143_Dg,GSE227903,Diagnosis,cellchat,pDC,CD8 Memory T,CLEC2B,KLRB1,0.02818163751698,0,225,19
5143_Dg,GSE227903,Diagnosis,cellchat,Pro-Monocyte,CD8 Memory T,CLEC2B,KLRB1,0.0179082859804217,0,45,19
5143_Dg,GSE227903,Diagnosis,cellchat,CD4 Memory T,CD4 Memory T,CD69,KLRB1,0.0696370475696947,0,27,27
5143_Dg,GSE227903,Diagnosis,cellchat,CD8 Memory T,CD4 Memory T,CD69,KLRB1,0.0436600431601152,0,19,27
5143_Dg,GSE227903,Diagnosis,cellchat,cDC,CD4 Memory T,CD69,KLRB1,0.0182522574974807,0,70,27
5143_Dg,GSE227903,Diagnosis,cellchat,Cycling Progenitor,CD4 Memory T,CD69,KLRB1,0.0472880156284149,0,30,27
5143_Dg,GSE227903,Diagnosis,cellchat,Early GMP,CD4 Memory T,CD69,KLRB1,0.0434058837603092,0,142,27
5143_Dg,GSE227903,Diagnosis,cellchat,Late GMP,CD4 Memory T,CD69,KLRB1,0.0179514992286622,0,30,27
5143_Dg,GSE227903,Diagnosis,cellchat,LMPP,CD4 Memory T,CD69,KLRB1,0.0663810590340218,0,78,27
5143_Dg,GSE227903,Diagnosis,cellchat,Naive T,CD4 Memory T,CD69,KLRB1,0.0595101721389472,0,44,27
5143_Dg,GSE227903,Diagnosis,cellchat,pDC,CD4 Memory T,CD69,KLRB1,0.0128858068328655,0,225,27
5143_Dg,GSE227903,Diagnosis,cellchat,CD4 Memory T,CD8 Memory T,CD69,KLRB1,0.0730473480628878,0,27,19
5143_Dg,GSE227903,Diagnosis,cellchat,CD8 Memory T,CD8 Memory T,CD69,KLRB1,0.0458608939681578,0,19,19
5143_Dg,GSE227903,Diagnosis,cellchat,cDC,CD8 Memory T,CD69,KLRB1,0.0191980430105014,0,70,19
5143_Dg,GSE227903,Diagnosis,cellchat,Cycling Progenitor,CD8 Memory T,CD69,KLRB1,0.0496622512520765,0,30,19
5143_Dg,GSE227903,Diagnosis,cellchat,Early GMP,CD8 Memory T,CD69,KLRB1,0.0455945335153113,0,142,19
5143_Dg,GSE227903,Diagnosis,cellchat,Late GMP,CD8 Memory T,CD69,KLRB1,0.0188819999518739,0,30,19
5143_Dg,GSE227903,Diagnosis,cellchat,LMPP,CD8 Memory T,CD69,KLRB1,0.0696438418034207,0,78,19
5143_Dg,GSE227903,Diagnosis,cellchat,Naive T,CD8 Memory T,CD69,KLRB1,0.0624578279119911,0,44,19
5143_Dg,GSE227903,Diagnosis,cellchat,pDC,CD8 Memory T,CD69,KLRB1,0.0135573565982397,0,225,19
5143_Dg,GSE227903,Diagnosis,cellchat,cDC,cDC,ICAM1,ITGAX_ITGB2,0.0335610372355714,0,70,70
5143_Dg,GSE227903,Diagnosis,cellchat,Monocyte,cDC,ICAM1,ITGAX_ITGB2,0.0414352340441277,0,91,70
5143_Dg,GSE227903,Diagnosis,cellchat,cDC,Monocyte,ICAM1,ITGAX_ITGB2,0.0175357341746947,0,70,91
5143_Dg,GSE227903,Diagnosis,cellchat,Monocyte,Monocyte,ICAM1,ITGAX_ITGB2,0.0217345815059844,0,91,91
5143_Dg,GSE227903,Diagnosis,cellchat,cDC,CD8 Memory T,ICAM1,ITGAL_ITGB2,0.0217344939238805,0,70,19
5143_Dg,GSE227903,Diagnosis,cellchat,Monocyte,CD8 Memory T,ICAM1,ITGAL_ITGB2,0.0269111754359746,0,91,19
5143_Dg,GSE227903,Diagnosis,cellchat,cDC,cDC,ICAM1,ITGAL_ITGB2,0.0263273281949933,0,70,70
5143_Dg,GSE227903,Diagnosis,cellchat,Monocyte,cDC,ICAM1,ITGAL_ITGB2,0.0325615116442473,0,91,70
5143_Dg,GSE227903,Diagnosis,cellchat,cDC,Cycling Progenitor,ICAM1,ITGAL_ITGB2,0.01196757868994,0,70,30
5143_Dg,GSE227903,Diagnosis,cellchat,Monocyte,Cycling Progenitor,ICAM1,ITGAL_ITGB2,0.0148533148489885,0,91,30
5143_Dg,GSE227903,Diagnosis,cellchat,cDC,Early GMP,ICAM1,ITGAL_ITGB2,0.00903536996226104,0,70,142
5143_Dg,GSE227903,Diagnosis,cellchat,Monocyte,Early GMP,ICAM1,ITGAL_ITGB2,0.0112220947221473,0,91,142
5143_Dg,GSE227903,Diagnosis,cellchat,cDC,Late GMP,ICAM1,ITGAL_ITGB2,0.0137390210766812,0,70,30
5143_Dg,GSE227903,Diagnosis,cellchat,Monocyte,Late GMP,ICAM1,ITGAL_ITGB2,0.0170445355291055,0,91,30
5143_Dg,GSE227903,Diagnosis,cellchat,cDC,LMPP,ICAM1,ITGAL_ITGB2,0.00906593049379773,0,70,78
5143_Dg,GSE227903,Diagnosis,cellchat,Monocyte,LMPP,ICAM1,ITGAL_ITGB2,0.0112599674207823,0,91,78
5143_Dg,GSE227903,Diagnosis,cellchat,cDC,Monocyte,ICAM1,ITGAL_ITGB2,0.0263363712866546,0,70,91
5143_Dg,GSE227903,Diagnosis,cellchat,Monocyte,Monocyte,ICAM1,ITGAL_ITGB2,0.0325726244603956,0,91,91
5143_Dg,GSE227903,Diagnosis,cellchat,cDC,pDC,ICAM1,ITGAL_ITGB2,0.0134890017777585,0,70,225
5143_Dg,GSE227903,Diagnosis,cellchat,Monocyte,pDC,ICAM1,ITGAL_ITGB2,0.0167353840037124,0,91,225
5143_Dg,GSE227903,Diagnosis,cellchat,cDC,Pro-Monocyte,ICAM1,ITGAL_ITGB2,0.0196989362772382,0,70,45
5143_Dg,GSE227903,Diagnosis,cellchat,Monocyte,Pro-Monocyte,ICAM1,ITGAL_ITGB2,0.0244028864335865,0,91,45
5143_Dg,GSE227903,Diagnosis,cellchat,CD4 Memory T,CD8 Memory T,ICAM2,ITGAL_ITGB2,0.0136510785656531,0.04,27,19
5143_Dg,GSE227903,Diagnosis,cellchat,CD8 Memory T,CD8 Memory T,ICAM2,ITGAL_ITGB2,0.0175293739174893,0.03,19,19
5143_Dg,GSE227903,Diagnosis,cellchat,cDC,CD8 Memory T,ICAM2,ITGAL_ITGB2,0.00821983186943943,0.03,70,19
5143_Dg,GSE227903,Diagnosis,cellchat,Cycling Progenitor,CD8 Memory T,ICAM2,ITGAL_ITGB2,0.0134401374929212,0.02,30,19
5143_Dg,GSE227903,Diagnosis,cellchat,Early GMP,CD8 Memory T,ICAM2,ITGAL_ITGB2,0.00708671996236909,0.1,142,19
5143_Dg,GSE227903,Diagnosis,cellchat,Late GMP,CD8 Memory T,ICAM2,ITGAL_ITGB2,0.00589750867982365,0.27,30,19
5143_Dg,GSE227903,Diagnosis,cellchat,LMPP,CD8 Memory T,ICAM2,ITGAL_ITGB2,0.00756993431159643,0.06,78,19
5143_Dg,GSE227903,Diagnosis,cellchat,Monocyte,CD8 Memory T,ICAM2,ITGAL_ITGB2,0.0228032290283525,0,91,19
5143_Dg,GSE227903,Diagnosis,cellchat,Naive T,CD8 Memory T,ICAM2,ITGAL_ITGB2,0.0154072287105498,0.02,44,19
5143_Dg,GSE227903,Diagnosis,cellchat,pDC,CD8 Memory T,ICAM2,ITGAL_ITGB2,0.00608299733023922,0.14,225,19
5143_Dg,GSE227903,Diagnosis,cellchat,Pro-Monocyte,CD8 Memory T,ICAM2,ITGAL_ITGB2,0.00719052590132466,0.1,45,19
5143_Dg,GSE227903,Diagnosis,cellchat,CD4 Memory T,cDC,ICAM2,ITGAL_ITGB2,0.0165646859344308,0,27,70
5143_Dg,GSE227903,Diagnosis,cellchat,CD8 Memory T,cDC,ICAM2,ITGAL_ITGB2,0.021252906443271,0,19,70
5143_Dg,GSE227903,Diagnosis,cellchat,cDC,cDC,ICAM2,ITGAL_ITGB2,0.00998596138654099,0,70,70
5143_Dg,GSE227903,Diagnosis,cellchat,Cycling Progenitor,cDC,ICAM2,ITGAL_ITGB2,0.0163094672654783,0,30,70
5143_Dg,GSE227903,Diagnosis,cellchat,Early GMP,cDC,ICAM2,ITGAL_ITGB2,0.00861150074412434,0,142,70
5143_Dg,GSE227903,Diagnosis,cellchat,Late GMP,cDC,ICAM2,ITGAL_ITGB2,0.00716826564975098,0.1,30,70
5143_Dg,GSE227903,Diagnosis,cellchat,LMPP,cDC,ICAM2,ITGAL_ITGB2,0.00919772053810073,0,78,70
5143_Dg,GSE227903,Diagnosis,cellchat,Monocyte,cDC,ICAM2,ITGAL_ITGB2,0.0276155282739742,0,91,70
5143_Dg,GSE227903,Diagnosis,cellchat,Naive T,cDC,ICAM2,ITGAL_ITGB2,0.0186885567836211,0,44,70
5143_Dg,GSE227903,Diagnosis,cellchat,pDC,cDC,ICAM2,ITGAL_ITGB2,0.0073934249404113,0.01,225,70
5143_Dg,GSE227903,Diagnosis,cellchat,Pro-Monocyte,cDC,ICAM2,ITGAL_ITGB2,0.00873744505692764,0.05,45,70
5143_Dg,GSE227903,Diagnosis,cellchat,CD4 Memory T,Cycling Progenitor,ICAM2,ITGAL_ITGB2,0.00748883217991285,0.1,27,30
5143_Dg,GSE227903,Diagnosis,cellchat,CD8 Memory T,Cycling Progenitor,ICAM2,ITGAL_ITGB2,0.00963352140283859,0.17,19,30
5143_Dg,GSE227903,Diagnosis,cellchat,cDC,Cycling Progenitor,ICAM2,ITGAL_ITGB2,0.00449812892942148,0.42,70,30
5143_Dg,GSE227903,Diagnosis,cellchat,Cycling Progenitor,Cycling Progenitor,ICAM2,ITGAL_ITGB2,0.00737240049390104,0.18,30,30
5143_Dg,GSE227903,Diagnosis,cellchat,Early GMP,Cycling Progenitor,ICAM2,ITGAL_ITGB2,0.0038760523800751,0.69,142,30
5143_Dg,GSE227903,Diagnosis,cellchat,Late GMP,Cycling Progenitor,ICAM2,ITGAL_ITGB2,0.00322386880922041,0.78,30,30
5143_Dg,GSE227903,Diagnosis,cellchat,LMPP,Cycling Progenitor,ICAM2,ITGAL_ITGB2,0.00414125756812477,0.57,78,30
5143_Dg,GSE227903,Diagnosis,cellchat,Monocyte,Cycling Progenitor,ICAM2,ITGAL_ITGB2,0.0125622192802017,0,91,30
5143_Dg,GSE227903,Diagnosis,cellchat,Naive T,Cycling Progenitor,ICAM2,ITGAL_ITGB2,0.00845903558499763,0.05,44,30
5143_Dg,GSE227903,Diagnosis,cellchat,pDC,Cycling Progenitor,ICAM2,ITGAL_ITGB2,0.00332554735339848,0.9,225,30
5143_Dg,GSE227903,Diagnosis,cellchat,Pro-Monocyte,Cycling Progenitor,ICAM2,ITGAL_ITGB2,0.00393301490079662,0.59,45,30
5143_Dg,GSE227903,Diagnosis,cellchat,CD4 Memory T,Early GMP,ICAM2,ITGAL_ITGB2,0.00564770064202374,0.14,27,142
5143_Dg,GSE227903,Diagnosis,cellchat,CD8 Memory T,Early GMP,ICAM2,ITGAL_ITGB2,0.00726897905651175,0.2,19,142
5143_Dg,GSE227903,Diagnosis,cellchat,cDC,Early GMP,ICAM2,ITGAL_ITGB2,0.00338975147065011,0.96,70,142
5143_Dg,GSE227903,Diagnosis,cellchat,Cycling Progenitor,Early GMP,ICAM2,ITGAL_ITGB2,0.00555973337252673,0.21,30,142
5143_Dg,GSE227903,Diagnosis,cellchat,Late GMP,Early GMP,ICAM2,ITGAL_ITGB2,0.00242871391373498,0.91,30,142
5143_Dg,GSE227903,Diagnosis,cellchat,LMPP,Early GMP,ICAM2,ITGAL_ITGB2,0.00312054061827925,0.97,78,142
5143_Dg,GSE227903,Diagnosis,cellchat,Monocyte,Early GMP,ICAM2,ITGAL_ITGB2,0.00948571481409089,0,91,142
5143_Dg,GSE227903,Diagnosis,cellchat,Naive T,Early GMP,ICAM2,ITGAL_ITGB2,0.00638091275177972,0.05,44,142
5143_Dg,GSE227903,Diagnosis,cellchat,Pro-Monocyte,Early GMP,ICAM2,ITGAL_ITGB2,0.00296347184949087,0.94,45,142
5143_Dg,GSE227903,Diagnosis,cellchat,CD4 Memory T,Late GMP,ICAM2,ITGAL_ITGB2,0.00860310245092492,0.11,27,30
5143_Dg,GSE227903,Diagnosis,cellchat,CD8 Memory T,Late GMP,ICAM2,ITGAL_ITGB2,0.0110633449027379,0.14,19,30
5143_Dg,GSE227903,Diagnosis,cellchat,cDC,Late GMP,ICAM2,ITGAL_ITGB2,0.00516972752822661,0.27,70,30
5143_Dg,GSE227903,Diagnosis,cellchat,Cycling Progenitor,Late GMP,ICAM2,ITGAL_ITGB2,0.00846949461902658,0.09,30,30
5143_Dg,GSE227903,Diagnosis,cellchat,Early GMP,Late GMP,ICAM2,ITGAL_ITGB2,0.0044551867517162,0.4,142,30
5143_Dg,GSE227903,Diagnosis,cellchat,Late GMP,Late GMP,ICAM2,ITGAL_ITGB2,0.00370592070991551,0.69,30,30
5143_Dg,GSE227903,Diagnosis,cellchat,LMPP,Late GMP,ICAM2,ITGAL_ITGB2,0.00475982781962749,0.33,78,30
5143_Dg,GSE227903,Diagnosis,cellchat,Monocyte,Late GMP,ICAM2,ITGAL_ITGB2,0.0144203957966185,0,91,30
5143_Dg,GSE227903,Diagnosis,cellchat,Naive T,Late GMP,ICAM2,ITGAL_ITGB2,0.00971625012217777,0.02,44,30
5143_Dg,GSE227903,Diagnosis,cellchat,pDC,Late GMP,ICAM2,ITGAL_ITGB2,0.00382274452304843,0.76,225,30
5143_Dg,GSE227903,Diagnosis,cellchat,Pro-Monocyte,Late GMP,ICAM2,ITGAL_ITGB2,0.00452062161480077,0.47,45,30
5143_Dg,GSE227903,Diagnosis,cellchat,CD4 Memory T,LMPP,ICAM2,ITGAL_ITGB2,0.00566686850882296,0.15,27,78
5143_Dg,GSE227903,Diagnosis,cellchat,CD8 Memory T,LMPP,ICAM2,ITGAL_ITGB2,0.00729360905804606,0.21,19,78
5143_Dg,GSE227903,Diagnosis,cellchat,cDC,LMPP,ICAM2,ITGAL_ITGB2,0.00340128224266458,0.9,70,78
5143_Dg,GSE227903,Diagnosis,cellchat,Cycling Progenitor,LMPP,ICAM2,ITGAL_ITGB2,0.00557860436007377,0.2,30,78
5143_Dg,GSE227903,Diagnosis,cellchat,Late GMP,LMPP,ICAM2,ITGAL_ITGB2,0.00243698355945057,0.91,30,78
5143_Dg,GSE227903,Diagnosis,cellchat,LMPP,LMPP,ICAM2,ITGAL_ITGB2,0.00313115850444963,0.96,78,78
5143_Dg,GSE227903,Diagnosis,cellchat,Monocyte,LMPP,ICAM2,ITGAL_ITGB2,0.00951778392719216,0,91,78
5143_Dg,GSE227903,Diagnosis,cellchat,Naive T,LMPP,ICAM2,ITGAL_ITGB2,0.00640255306173118,0.06,44,78
5143_Dg,GSE227903,Diagnosis,cellchat,Pro-Monocyte,LMPP,ICAM2,ITGAL_ITGB2,0.00297355689091638,0.93,45,78
5143_Dg,GSE227903,Diagnosis,cellchat,CD4 Memory T,Monocyte,ICAM2,ITGAL_ITGB2,0.0165704327553745,0,27,91
5143_Dg,GSE227903,Diagnosis,cellchat,CD8 Memory T,Monocyte,ICAM2,ITGAL_ITGB2,0.0212602445961952,0,19,91
5143_Dg,GSE227903,Diagnosis,cellchat,cDC,Monocyte,ICAM2,ITGAL_ITGB2,0.009989449020549,0,70,91
5143_Dg,GSE227903,Diagnosis,cellchat,Cycling Progenitor,Monocyte,ICAM2,ITGAL_ITGB2,0.01631512701181,0,30,91
5143_Dg,GSE227903,Diagnosis,cellchat,Early GMP,Monocyte,ICAM2,ITGAL_ITGB2,0.00861451251964396,0,142,91
5143_Dg,GSE227903,Diagnosis,cellchat,Late GMP,Monocyte,ICAM2,ITGAL_ITGB2,0.00717077632095732,0.13,30,91
5143_Dg,GSE227903,Diagnosis,cellchat,LMPP,Monocyte,ICAM2,ITGAL_ITGB2,0.00920093543460277,0,78,91
5143_Dg,GSE227903,Diagnosis,cellchat,Monocyte,Monocyte,ICAM2,ITGAL_ITGB2,0.0276250012914343,0,91,91
5143_Dg,GSE227903,Diagnosis,cellchat,Naive T,Monocyte,ICAM2,ITGAL_ITGB2,0.018695026436247,0,44,91
5143_Dg,GSE227903,Diagnosis,cellchat,pDC,Monocyte,ICAM2,ITGAL_ITGB2,0.00739601388575185,0,225,91
5143_Dg,GSE227903,Diagnosis,cellchat,Pro-Monocyte,Monocyte,ICAM2,ITGAL_ITGB2,0.00874050049171166,0.04,45,91
5143_Dg,GSE227903,Diagnosis,cellchat,CD4 Memory T,pDC,ICAM2,ITGAL_ITGB2,0.00844574497192697,0.09,27,225
5143_Dg,GSE227903,Diagnosis,cellchat,CD8 Memory T,pDC,ICAM2,ITGAL_ITGB2,0.0108614806686341,0.16,19,225
5143_Dg,GSE227903,Diagnosis,cellchat,cDC,pDC,ICAM2,ITGAL_ITGB2,0.00507484770296279,0.04,70,225
5143_Dg,GSE227903,Diagnosis,cellchat,Cycling Progenitor,pDC,ICAM2,ITGAL_ITGB2,0.00831456043649371,0.08,30,225
5143_Dg,GSE227903,Diagnosis,cellchat,Early GMP,pDC,ICAM2,ITGAL_ITGB2,0.00437336321781912,0.3,142,225
5143_Dg,GSE227903,Diagnosis,cellchat,Late GMP,pDC,ICAM2,ITGAL_ITGB2,0.00363780784079109,0.69,30,225
5143_Dg,GSE227903,Diagnosis,cellchat,LMPP,pDC,ICAM2,ITGAL_ITGB2,0.00467243553631328,0.16,78,225
5143_Dg,GSE227903,Diagnosis,cellchat,Monocyte,pDC,ICAM2,ITGAL_ITGB2,0.0141581550089051,0,91,225
5143_Dg,GSE227903,Diagnosis,cellchat,Naive T,pDC,ICAM2,ITGAL_ITGB2,0.00953872819790956,0.03,44,225
5143_Dg,GSE227903,Diagnosis,cellchat,pDC,pDC,ICAM2,ITGAL_ITGB2,0.00375249258099342,0.94,225,225
5143_Dg,GSE227903,Diagnosis,cellchat,Pro-Monocyte,pDC,ICAM2,ITGAL_ITGB2,0.00443760166730911,0.3,45,225
5143_Dg,GSE227903,Diagnosis,cellchat,CD4 Memory T,Pro-Monocyte,ICAM2,ITGAL_ITGB2,0.0123630107975505,0.01,27,45
5143_Dg,GSE227903,Diagnosis,cellchat,CD8 Memory T,Pro-Monocyte,ICAM2,ITGAL_ITGB2,0.0158812558948008,0.01,19,45
5143_Dg,GSE227903,Diagnosis,cellchat,cDC,Pro-Monocyte,ICAM2,ITGAL_ITGB2,0.00744037167611962,0.02,70,45
5143_Dg,GSE227903,Diagnosis,cellchat,Cycling Progenitor,Pro-Monocyte,ICAM2,ITGAL_ITGB2,0.0121717277678349,0.03,30,45
5143_Dg,GSE227903,Diagnosis,cellchat,Early GMP,Pro-Monocyte,ICAM2,ITGAL_ITGB2,0.00641401422967018,0.02,142,45
5143_Dg,GSE227903,Diagnosis,cellchat,Late GMP,Pro-Monocyte,ICAM2,ITGAL_ITGB2,0.00533708185327821,0.22,30,45
5143_Dg,GSE227903,Diagnosis,cellchat,LMPP,Pro-Monocyte,ICAM2,ITGAL_ITGB2,0.00685167605880758,0.03,78,45
5143_Dg,GSE227903,Diagnosis,cellchat,Monocyte,Pro-Monocyte,ICAM2,ITGAL_ITGB2,0.0206696931839879,0,91,45
5143_Dg,GSE227903,Diagnosis,cellchat,Naive T,Pro-Monocyte,ICAM2,ITGAL_ITGB2,0.0139558013301692,0,44,45
5143_Dg,GSE227903,Diagnosis,cellchat,pDC,Pro-Monocyte,ICAM2,ITGAL_ITGB2,0.005505041550063,0.07,225,45
5143_Dg,GSE227903,Diagnosis,cellchat,Pro-Monocyte,Pro-Monocyte,ICAM2,ITGAL_ITGB2,0.00650803099314999,0.11,45,45
5143_Dg,GSE227903,Diagnosis,cellchat,cDC,cDC,ICAM1,ITGAM_ITGB2,0.0145827444492549,0,70,70
5143_Dg,GSE227903,Diagnosis,cellchat,Monocyte,cDC,ICAM1,ITGAM_ITGB2,0.0180875301622566,0,91,70
5143_Dg,GSE227903,Diagnosis,cellchat,cDC,Monocyte,ICAM1,ITGAM_ITGB2,0.0260835072360245,0,70,91
5143_Dg,GSE227903,Diagnosis,cellchat,Monocyte,Monocyte,ICAM1,ITGAM_ITGB2,0.0322618680901154,0,91,91
5143_Dg,GSE227903,Diagnosis,cellchat,CD4 Memory T,cDC,ICAM2,ITGAM_ITGB2,0.00913434640043837,0,27,70
5143_Dg,GSE227903,Diagnosis,cellchat,CD8 Memory T,cDC,ICAM2,ITGAM_ITGB2,0.011744709754958,0,19,70
5143_Dg,GSE227903,Diagnosis,cellchat,cDC,cDC,ICAM2,ITGAM_ITGB2,0.00549013370324065,0,70,70
5143_Dg,GSE227903,Diagnosis,cellchat,Cycling Progenitor,cDC,ICAM2,ITGAM_ITGB2,0.008992563083408,0,30,70
5143_Dg,GSE227903,Diagnosis,cellchat,Early GMP,cDC,ICAM2,ITGAM_ITGB2,0.00473151818635662,0,142,70
5143_Dg,GSE227903,Diagnosis,cellchat,Late GMP,cDC,ICAM2,ITGAM_ITGB2,0.00393596290901317,0,30,70
5143_Dg,GSE227903,Diagnosis,cellchat,LMPP,cDC,ICAM2,ITGAM_ITGB2,0.00505495857013355,0,78,70
5143_Dg,GSE227903,Diagnosis,cellchat,Monocyte,cDC,ICAM2,ITGAM_ITGB2,0.0153053135383078,0,91,70
5143_Dg,GSE227903,Diagnosis,cellchat,Naive T,cDC,ICAM2,ITGAM_ITGB2,0.0103155160349682,0,44,70
5143_Dg,GSE227903,Diagnosis,cellchat,pDC,cDC,ICAM2,ITGAM_ITGB2,0.0040600089194852,0,225,70
5143_Dg,GSE227903,Diagnosis,cellchat,Pro-Monocyte,cDC,ICAM2,ITGAM_ITGB2,0.00480099205206089,0,45,70
5143_Dg,GSE227903,Diagnosis,cellchat,CD4 Memory T,Monocyte,ICAM2,ITGAM_ITGB2,0.016409754355631,0,27,91
5143_Dg,GSE227903,Diagnosis,cellchat,CD8 Memory T,Monocyte,ICAM2,ITGAM_ITGB2,0.0210550641571521,0,19,91
5143_Dg,GSE227903,Diagnosis,cellchat,cDC,Monocyte,ICAM2,ITGAM_ITGB2,0.00989194252145551,0,70,91
5143_Dg,GSE227903,Diagnosis,cellchat,Cycling Progenitor,Monocyte,ICAM2,ITGAM_ITGB2,0.0161568835612052,0,30,91
5143_Dg,GSE227903,Diagnosis,cellchat,Early GMP,Monocyte,ICAM2,ITGAM_ITGB2,0.00853031106738309,0,142,91
5143_Dg,GSE227903,Diagnosis,cellchat,Late GMP,Monocyte,ICAM2,ITGAM_ITGB2,0.00710058541234798,0,30,91
5143_Dg,GSE227903,Diagnosis,cellchat,LMPP,Monocyte,ICAM2,ITGAM_ITGB2,0.00911105474405662,0,78,91
5143_Dg,GSE227903,Diagnosis,cellchat,Monocyte,Monocyte,ICAM2,ITGAM_ITGB2,0.0273601123566692,0,91,91
5143_Dg,GSE227903,Diagnosis,cellchat,Naive T,Monocyte,ICAM2,ITGAM_ITGB2,0.0185141343501004,0,44,91
5143_Dg,GSE227903,Diagnosis,cellchat,pDC,Monocyte,ICAM2,ITGAM_ITGB2,0.00732363450989445,0,225,91
5143_Dg,GSE227903,Diagnosis,cellchat,Pro-Monocyte,Monocyte,ICAM2,ITGAM_ITGB2,0.00865507833704993,0,45,91
5143_Dg,GSE227903,Diagnosis,cellchat,cDC,CD8 Memory T,ICAM1,ITGAL,0.0108532496268344,0,70,19
5143_Dg,GSE227903,Diagnosis,cellchat,Monocyte,CD8 Memory T,ICAM1,ITGAL,0.0134739524571323,0,91,19
5143_Dg,GSE227903,Diagnosis,cellchat,cDC,cDC,ICAM1,ITGAL,0.012912051428449,0,70,70
5143_Dg,GSE227903,Diagnosis,cellchat,Monocyte,cDC,ICAM1,ITGAL,0.0160218348055026,0,91,70
5143_Dg,GSE227903,Diagnosis,cellchat,cDC,Cycling Progenitor,ICAM1,ITGAL,0.00593909538895054,0,70,30
5143_Dg,GSE227903,Diagnosis,cellchat,Monocyte,Cycling Progenitor,ICAM1,ITGAL,0.0073820472926948,0,91,30
5143_Dg,GSE227903,Diagnosis,cellchat,cDC,Early GMP,ICAM1,ITGAL,0.00301362900601425,0,70,142
5143_Dg,GSE227903,Diagnosis,cellchat,Monocyte,Early GMP,ICAM1,ITGAL,0.00374849509491934,0,91,142
5143_Dg,GSE227903,Diagnosis,cellchat,cDC,Late GMP,ICAM1,ITGAL,0.00556169016539016,0,70,30
5143_Dg,GSE227903,Diagnosis,cellchat,Monocyte,Late GMP,ICAM1,ITGAL,0.00691358609643437,0,91,30
5143_Dg,GSE227903,Diagnosis,cellchat,cDC,LMPP,ICAM1,ITGAL,0.00333527288190045,0,70,78
5143_Dg,GSE227903,Diagnosis,cellchat,Monocyte,LMPP,ICAM1,ITGAL,0.00414824470718894,0,91,78
5143_Dg,GSE227903,Diagnosis,cellchat,cDC,Monocyte,ICAM1,ITGAL,0.0122903485451433,0,70,91
5143_Dg,GSE227903,Diagnosis,cellchat,Monocyte,Monocyte,ICAM1,ITGAL,0.015252712547809,0,91,91
5143_Dg,GSE227903,Diagnosis,cellchat,cDC,pDC,ICAM1,ITGAL,0.00590417748151363,0,70,225
5143_Dg,GSE227903,Diagnosis,cellchat,Monocyte,pDC,ICAM1,ITGAL,0.0073387084240218,0,91,225
5143_Dg,GSE227903,Diagnosis,cellchat,cDC,Pro-Monocyte,ICAM1,ITGAL,0.00879974096446283,0,70,45
5143_Dg,GSE227903,Diagnosis,cellchat,Monocyte,Pro-Monocyte,ICAM1,ITGAL,0.0109300681849067,0,91,45
5143_Dg,GSE227903,Diagnosis,cellchat,cDC,CD4 Memory T,ICAM1,SPN,0.00362654397219365,0.1,70,27
5143_Dg,GSE227903,Diagnosis,cellchat,Monocyte,CD4 Memory T,ICAM1,SPN,0.00451019176091831,0.02,91,27
5143_Dg,GSE227903,Diagnosis,cellchat,cDC,CD8 Memory T,ICAM1,SPN,0.0243768834758282,0,70,19
5143_Dg,GSE227903,Diagnosis,cellchat,Monocyte,CD8 Memory T,ICAM1,SPN,0.0301635189742503,0,91,19
5143_Dg,GSE227903,Diagnosis,cellchat,cDC,cDC,ICAM1,SPN,0.0121995837068077,0,70,70
5143_Dg,GSE227903,Diagnosis,cellchat,Monocyte,cDC,ICAM1,SPN,0.0151404058546073,0,91,70
5143_Dg,GSE227903,Diagnosis,cellchat,cDC,Cycling Progenitor,ICAM1,SPN,0.0269250540168197,0,70,30
5143_Dg,GSE227903,Diagnosis,cellchat,Monocyte,Cycling Progenitor,ICAM1,SPN,0.0332959359518913,0,91,30
5143_Dg,GSE227903,Diagnosis,cellchat,cDC,Early GMP,ICAM1,SPN,0.0202670909999455,0,70,142
5143_Dg,GSE227903,Diagnosis,cellchat,Monocyte,Early GMP,ICAM1,SPN,0.0251032377936831,0,91,142
5143_Dg,GSE227903,Diagnosis,cellchat,cDC,Late GMP,ICAM1,SPN,0.0245737652297235,0,70,30
5143_Dg,GSE227903,Diagnosis,cellchat,Monocyte,Late GMP,ICAM1,SPN,0.0304056803777557,0,91,30
5143_Dg,GSE227903,Diagnosis,cellchat,cDC,LMPP,ICAM1,SPN,0.0222742272630197,0,70,78
5143_Dg,GSE227903,Diagnosis,cellchat,Monocyte,LMPP,ICAM1,SPN,0.0275758377547904,0,91,78
5143_Dg,GSE227903,Diagnosis,cellchat,cDC,Monocyte,ICAM1,SPN,0.00489760839347997,0.03,70,91
5143_Dg,GSE227903,Diagnosis,cellchat,Monocyte,Monocyte,ICAM1,SPN,0.00608907246620426,0,91,91
5143_Dg,GSE227903,Diagnosis,cellchat,cDC,pDC,ICAM1,SPN,0.0138287585359295,0,70,225
5143_Dg,GSE227903,Diagnosis,cellchat,Monocyte,pDC,ICAM1,SPN,0.0171554876565352,0,91,225
5143_Dg,GSE227903,Diagnosis,cellchat,cDC,Pro-Monocyte,ICAM1,SPN,0.0243835219817558,0,70,45
5143_Dg,GSE227903,Diagnosis,cellchat,Monocyte,Pro-Monocyte,ICAM1,SPN,0.0301716846081597,0,91,45
5143_Dg,GSE227903,Diagnosis,cellchat,Late GMP,CD4 Memory T,ICOSLG,CD28,0.00106170030808432,0,30,27
5143_Dg,GSE227903,Diagnosis,cellchat,LMPP,CD4 Memory T,ICOSLG,CD28,0.00191417773692566,0,78,27
5143_Dg,GSE227903,Diagnosis,cellchat,pDC,CD4 Memory T,ICOSLG,CD28,0.00253890499605764,0,225,27
5143_Dg,GSE227903,Diagnosis,cellchat,cDC,CD8 Memory T,F11R,ITGAL_ITGB2,0.0075845759852301,0.02,70,19
5143_Dg,GSE227903,Diagnosis,cellchat,Cycling Progenitor,CD8 Memory T,F11R,ITGAL_ITGB2,0.0128325462273529,0,30,19
5143_Dg,GSE227903,Diagnosis,cellchat,Early GMP,CD8 Memory T,F11R,ITGAL_ITGB2,0.00772270913466967,0.02,142,19
5143_Dg,GSE227903,Diagnosis,cellchat,Late GMP,CD8 Memory T,F11R,ITGAL_ITGB2,0.0103324282613883,0,30,19
5143_Dg,GSE227903,Diagnosis,cellchat,LMPP,CD8 Memory T,F11R,ITGAL_ITGB2,0.0091769435527516,0,78,19
5143_Dg,GSE227903,Diagnosis,cellchat,Monocyte,CD8 Memory T,F11R,ITGAL_ITGB2,0.00856552257545628,0,91,19
5143_Dg,GSE227903,Diagnosis,cellchat,Pro-Monocyte,CD8 Memory T,F11R,ITGAL_ITGB2,0.00660388430195959,0.04,45,19
5143_Dg,GSE227903,Diagnosis,cellchat,cDC,cDC,F11R,ITGAL_ITGB2,0.00921548142004827,0,70,70
5143_Dg,GSE227903,Diagnosis,cellchat,Cycling Progenitor,cDC,F11R,ITGAL_ITGB2,0.015574209296094,0,30,70
5143_Dg,GSE227903,Diagnosis,cellchat,Early GMP,cDC,F11R,ITGAL_ITGB2,0.00938303640129037,0,142,70
5143_Dg,GSE227903,Diagnosis,cellchat,Late GMP,cDC,F11R,ITGAL_ITGB2,0.01254673209257,0,30,70
5143_Dg,GSE227903,Diagnosis,cellchat,LMPP,cDC,F11R,ITGAL_ITGB2,0.0111464087779672,0,78,70
5143_Dg,GSE227903,Diagnosis,cellchat,Monocyte,cDC,F11R,ITGAL_ITGB2,0.0104051486330601,0,91,70
5143_Dg,GSE227903,Diagnosis,cellchat,Pro-Monocyte,cDC,F11R,ITGAL_ITGB2,0.00802561772759343,0,45,70
5143_Dg,GSE227903,Diagnosis,cellchat,cDC,Cycling Progenitor,F11R,ITGAL_ITGB2,0.00414929526425446,0.27,70,30
5143_Dg,GSE227903,Diagnosis,cellchat,Cycling Progenitor,Cycling Progenitor,F11R,ITGAL_ITGB2,0.00703715812693173,0.05,30,30
5143_Dg,GSE227903,Diagnosis,cellchat,Early GMP,Cycling Progenitor,F11R,ITGAL_ITGB2,0.00422513015356767,0.26,142,30
5143_Dg,GSE227903,Diagnosis,cellchat,Late GMP,Cycling Progenitor,F11R,ITGAL_ITGB2,0.0056596610312842,0.08,30,30
5143_Dg,GSE227903,Diagnosis,cellchat,LMPP,Cycling Progenitor,F11R,ITGAL_ITGB2,0.00502408327455016,0.1,78,30
5143_Dg,GSE227903,Diagnosis,cellchat,Monocyte,Cycling Progenitor,F11R,ITGAL_ITGB2,0.00468804069589835,0.13,91,30
5143_Dg,GSE227903,Diagnosis,cellchat,Pro-Monocyte,Cycling Progenitor,F11R,ITGAL_ITGB2,0.00361117181412709,0.45,45,30
5143_Dg,GSE227903,Diagnosis,cellchat,cDC,Early GMP,F11R,ITGAL_ITGB2,0.00312660344215029,0.66,70,142
5143_Dg,GSE227903,Diagnosis,cellchat,Cycling Progenitor,Early GMP,F11R,ITGAL_ITGB2,0.00530647708483251,0.06,30,142
5143_Dg,GSE227903,Diagnosis,cellchat,Early GMP,Early GMP,F11R,ITGAL_ITGB2,0.00318380678924901,0.78,142,142
5143_Dg,GSE227903,Diagnosis,cellchat,Late GMP,Early GMP,F11R,ITGAL_ITGB2,0.00426629870421835,0.21,30,142
5143_Dg,GSE227903,Diagnosis,cellchat,LMPP,Early GMP,F11R,ITGAL_ITGB2,0.00378659912385967,0.37,78,142
5143_Dg,GSE227903,Diagnosis,cellchat,Monocyte,Early GMP,F11R,ITGAL_ITGB2,0.00353303343125519,0.52,91,142
5143_Dg,GSE227903,Diagnosis,cellchat,Pro-Monocyte,Early GMP,F11R,ITGAL_ITGB2,0.00272075086095848,0.77,45,142
5143_Dg,GSE227903,Diagnosis,cellchat,cDC,Late GMP,F11R,ITGAL_ITGB2,0.00476906033878815,0.24,70,30
5143_Dg,GSE227903,Diagnosis,cellchat,Cycling Progenitor,Late GMP,F11R,ITGAL_ITGB2,0.00808477083426187,0.01,30,30
5143_Dg,GSE227903,Diagnosis,cellchat,Early GMP,Late GMP,F11R,ITGAL_ITGB2,0.00485616717259057,0.17,142,30
5143_Dg,GSE227903,Diagnosis,cellchat,Late GMP,Late GMP,F11R,ITGAL_ITGB2,0.00650355062247225,0.04,30,30
5143_Dg,GSE227903,Diagnosis,cellchat,LMPP,Late GMP,F11R,ITGAL_ITGB2,0.00577375467362031,0.06,78,30
5143_Dg,GSE227903,Diagnosis,cellchat,Monocyte,Late GMP,F11R,ITGAL_ITGB2,0.00538784083891927,0.11,91,30
5143_Dg,GSE227903,Diagnosis,cellchat,Pro-Monocyte,Late GMP,F11R,ITGAL_ITGB2,0.00415089438368911,0.33,45,30
5143_Dg,GSE227903,Diagnosis,cellchat,cDC,LMPP,F11R,ITGAL_ITGB2,0.00313724189263674,0.64,70,78
5143_Dg,GSE227903,Diagnosis,cellchat,Cycling Progenitor,LMPP,F11R,ITGAL_ITGB2,0.00532449306605693,0.03,30,78
5143_Dg,GSE227903,Diagnosis,cellchat,Early GMP,LMPP,F11R,ITGAL_ITGB2,0.00319463925371127,0.7,142,78
5143_Dg,GSE227903,Diagnosis,cellchat,Late GMP,LMPP,F11R,ITGAL_ITGB2,0.00428079838178955,0.27,30,78
5143_Dg,GSE227903,Diagnosis,cellchat,LMPP,LMPP,F11R,ITGAL_ITGB2,0.00379947468898777,0.34,78,78
5143_Dg,GSE227903,Diagnosis,cellchat,Monocyte,LMPP,F11R,ITGAL_ITGB2,0.00354504986564188,0.51,91,78
5143_Dg,GSE227903,Diagnosis,cellchat,Pro-Monocyte,LMPP,F11R,ITGAL_ITGB2,0.00273001215617622,0.76,45,78
5143_Dg,GSE227903,Diagnosis,cellchat,cDC,Monocyte,F11R,ITGAL_ITGB2,0.00921870246678375,0,70,91
5143_Dg,GSE227903,Diagnosis,cellchat,Cycling Progenitor,Monocyte,F11R,ITGAL_ITGB2,0.0155796179326866,0,30,91
5143_Dg,GSE227903,Diagnosis,cellchat,Early GMP,Monocyte,F11R,ITGAL_ITGB2,0.00938631545796213,0,142,91
5143_Dg,GSE227903,Diagnosis,cellchat,Late GMP,Monocyte,F11R,ITGAL_ITGB2,0.0125511027468214,0,30,91
5143_Dg,GSE227903,Diagnosis,cellchat,LMPP,Monocyte,F11R,ITGAL_ITGB2,0.0111502971378327,0,78,91
5143_Dg,GSE227903,Diagnosis,cellchat,Monocyte,Monocyte,F11R,ITGAL_ITGB2,0.0104087811305224,0,91,91
5143_Dg,GSE227903,Diagnosis,cellchat,Pro-Monocyte,Monocyte,F11R,ITGAL_ITGB2,0.00802842625648053,0,45,91
5143_Dg,GSE227903,Diagnosis,cellchat,cDC,pDC,F11R,ITGAL_ITGB2,0.00468149934021293,0.06,70,225
5143_Dg,GSE227903,Diagnosis,cellchat,Cycling Progenitor,pDC,F11R,ITGAL_ITGB2,0.00793681814683061,0.01,30,225
5143_Dg,GSE227903,Diagnosis,cellchat,Early GMP,pDC,F11R,ITGAL_ITGB2,0.00476701453377721,0,142,225
5143_Dg,GSE227903,Diagnosis,cellchat,Late GMP,pDC,F11R,ITGAL_ITGB2,0.00638434828794718,0,30,225
5143_Dg,GSE227903,Diagnosis,cellchat,LMPP,pDC,F11R,ITGAL_ITGB2,0.00566785231822162,0,78,225
5143_Dg,GSE227903,Diagnosis,cellchat,Monocyte,pDC,F11R,ITGAL_ITGB2,0.00528897926977241,0,91,225
5143_Dg,GSE227903,Diagnosis,cellchat,Pro-Monocyte,pDC,F11R,ITGAL_ITGB2,0.00407463658089023,0.26,45,225
5143_Dg,GSE227903,Diagnosis,cellchat,cDC,Pro-Monocyte,F11R,ITGAL_ITGB2,0.00686493809601781,0.01,70,45
5143_Dg,GSE227903,Diagnosis,cellchat,Cycling Progenitor,Pro-Monocyte,F11R,ITGAL_ITGB2,0.0116208023514622,0,30,45
5143_Dg,GSE227903,Diagnosis,cellchat,Early GMP,Pro-Monocyte,F11R,ITGAL_ITGB2,0.00699005724371527,0.01,142,45
5143_Dg,GSE227903,Diagnosis,cellchat,Late GMP,Pro-Monocyte,F11R,ITGAL_ITGB2,0.00935452688417518,0,30,45
5143_Dg,GSE227903,Diagnosis,cellchat,LMPP,Pro-Monocyte,F11R,ITGAL_ITGB2,0.00830748377455125,0,78,45
5143_Dg,GSE227903,Diagnosis,cellchat,Monocyte,Pro-Monocyte,F11R,ITGAL_ITGB2,0.00775353791860669,0,91,45
5143_Dg,GSE227903,Diagnosis,cellchat,Pro-Monocyte,Pro-Monocyte,F11R,ITGAL_ITGB2,0.00597673577786785,0.04,45,45
5143_Dg,GSE227903,Diagnosis,cellchat,cDC,cDC,F11R,F11R,0.0012384330822118,0.25,70,70
5143_Dg,GSE227903,Diagnosis,cellchat,Cycling Progenitor,cDC,F11R,F11R,0.00210465022072533,0.01,30,70
5143_Dg,GSE227903,Diagnosis,cellchat,Early GMP,cDC,F11R,F11R,0.00126113476496168,0.05,142,70
5143_Dg,GSE227903,Diagnosis,cellchat,Late GMP,cDC,F11R,F11R,0.00169102860505987,0,30,70
5143_Dg,GSE227903,Diagnosis,cellchat,LMPP,cDC,F11R,F11R,0.00150045422066582,0.01,78,70
5143_Dg,GSE227903,Diagnosis,cellchat,Monocyte,cDC,F11R,F11R,0.00139976275294302,0.02,91,70
5143_Dg,GSE227903,Diagnosis,cellchat,Pro-Monocyte,cDC,F11R,F11R,0.00107741186449265,0.19,45,70
5143_Dg,GSE227903,Diagnosis,cellchat,cDC,Cycling Progenitor,F11R,F11R,0.00210465022072533,0.01,70,30
5143_Dg,GSE227903,Diagnosis,cellchat,Cycling Progenitor,Cycling Progenitor,F11R,F11R,0.00357457110431779,0.02,30,30
5143_Dg,GSE227903,Diagnosis,cellchat,Early GMP,Cycling Progenitor,F11R,F11R,0.00214319643284244,0.01,142,30
5143_Dg,GSE227903,Diagnosis,cellchat,Late GMP,Cycling Progenitor,F11R,F11R,0.00287290130726091,0,30,30
5143_Dg,GSE227903,Diagnosis,cellchat,LMPP,Cycling Progenitor,F11R,F11R,0.00254947319137826,0,78,30
5143_Dg,GSE227903,Diagnosis,cellchat,Monocyte,Cycling Progenitor,F11R,F11R,0.00237855256181321,0.01,91,30
5143_Dg,GSE227903,Diagnosis,cellchat,Pro-Monocyte,Cycling Progenitor,F11R,F11R,0.00183120984382266,0.02,45,30
5143_Dg,GSE227903,Diagnosis,cellchat,cDC,Early GMP,F11R,F11R,0.00126113476496168,0.05,70,142
5143_Dg,GSE227903,Diagnosis,cellchat,Cycling Progenitor,Early GMP,F11R,F11R,0.00214319643284244,0.01,30,142
5143_Dg,GSE227903,Diagnosis,cellchat,Early GMP,Early GMP,F11R,F11R,0.00128425205653695,0.08,142,142
5143_Dg,GSE227903,Diagnosis,cellchat,Late GMP,Early GMP,F11R,F11R,0.00172201249946476,0,30,142
5143_Dg,GSE227903,Diagnosis,cellchat,LMPP,Early GMP,F11R,F11R,0.00152795165768609,0,78,142
5143_Dg,GSE227903,Diagnosis,cellchat,Monocyte,Early GMP,F11R,F11R,0.00142541754479076,0,91,142
5143_Dg,GSE227903,Diagnosis,cellchat,Pro-Monocyte,Early GMP,F11R,F11R,0.00109716511422263,0.18,45,142
5143_Dg,GSE227903,Diagnosis,cellchat,cDC,Late GMP,F11R,F11R,0.00169102860505987,0,70,30
5143_Dg,GSE227903,Diagnosis,cellchat,Cycling Progenitor,Late GMP,F11R,F11R,0.00287290130726091,0,30,30
5143_Dg,GSE227903,Diagnosis,cellchat,Early GMP,Late GMP,F11R,F11R,0.00172201249946476,0,142,30
5143_Dg,GSE227903,Diagnosis,cellchat,Late GMP,Late GMP,F11R,F11R,0.00230864653762692,0,30,30
5143_Dg,GSE227903,Diagnosis,cellchat,LMPP,Late GMP,F11R,F11R,0.00204861110298782,0,78,30
5143_Dg,GSE227903,Diagnosis,cellchat,Monocyte,Late GMP,F11R,F11R,0.00191120470365579,0,91,30
5143_Dg,GSE227903,Diagnosis,cellchat,Pro-Monocyte,Late GMP,F11R,F11R,0.00147124754839507,0.02,45,30
5143_Dg,GSE227903,Diagnosis,cellchat,cDC,LMPP,F11R,F11R,0.00150045422066582,0.01,70,78
5143_Dg,GSE227903,Diagnosis,cellchat,Cycling Progenitor,LMPP,F11R,F11R,0.00254947319137826,0,30,78
5143_Dg,GSE227903,Diagnosis,cellchat,Early GMP,LMPP,F11R,F11R,0.00152795165768609,0,142,78
5143_Dg,GSE227903,Diagnosis,cellchat,Late GMP,LMPP,F11R,F11R,0.00204861110298782,0,30,78
5143_Dg,GSE227903,Diagnosis,cellchat,LMPP,LMPP,F11R,F11R,0.00181781151029449,0,78,78
5143_Dg,GSE227903,Diagnosis,cellchat,Monocyte,LMPP,F11R,F11R,0.00169585921505683,0,91,78
5143_Dg,GSE227903,Diagnosis,cellchat,Pro-Monocyte,LMPP,F11R,F11R,0.0013054095109954,0.01,45,78
5143_Dg,GSE227903,Diagnosis,cellchat,cDC,Monocyte,F11R,F11R,0.00139976275294302,0.02,70,91
5143_Dg,GSE227903,Diagnosis,cellchat,Cycling Progenitor,Monocyte,F11R,F11R,0.00237855256181321,0.01,30,91
5143_Dg,GSE227903,Diagnosis,cellchat,Early GMP,Monocyte,F11R,F11R,0.00142541754479076,0,142,91
5143_Dg,GSE227903,Diagnosis,cellchat,Late GMP,Monocyte,F11R,F11R,0.00191120470365579,0,30,91
5143_Dg,GSE227903,Diagnosis,cellchat,LMPP,Monocyte,F11R,F11R,0.00169585921505683,0,78,91
5143_Dg,GSE227903,Diagnosis,cellchat,Monocyte,Monocyte,F11R,F11R,0.00158207541813776,0.02,91,91
5143_Dg,GSE227903,Diagnosis,cellchat,Pro-Monocyte,Monocyte,F11R,F11R,0.00121779100829152,0.04,45,91
5143_Dg,GSE227903,Diagnosis,cellchat,cDC,Pro-Monocyte,F11R,F11R,0.00107741186449265,0.19,70,45
5143_Dg,GSE227903,Diagnosis,cellchat,Cycling Progenitor,Pro-Monocyte,F11R,F11R,0.00183120984382266,0.02,30,45
5143_Dg,GSE227903,Diagnosis,cellchat,Early GMP,Pro-Monocyte,F11R,F11R,0.00109716511422263,0.18,142,45
5143_Dg,GSE227903,Diagnosis,cellchat,Late GMP,Pro-Monocyte,F11R,F11R,0.00147124754839507,0.02,30,45
5143_Dg,GSE227903,Diagnosis,cellchat,LMPP,Pro-Monocyte,F11R,F11R,0.0013054095109954,0.01,78,45
5143_Dg,GSE227903,Diagnosis,cellchat,Monocyte,Pro-Monocyte,F11R,F11R,0.00121779100829152,0.04,91,45
5143_Dg,GSE227903,Diagnosis,cellchat,Pro-Monocyte,Pro-Monocyte,F11R,F11R,0.000937306997002511,0.41,45,45
5143_Dg,GSE227903,Diagnosis,cellchat,CD4 Memory T,CD8 Memory T,LCK,CD8 receptor,0.0658229974484685,0,27,19
5143_Dg,GSE227903,Diagnosis,cellchat,CD8 Memory T,CD8 Memory T,LCK,CD8 receptor,0.0395625766490245,0,19,19
5143_Dg,GSE227903,Diagnosis,cellchat,Naive T,CD8 Memory T,LCK,CD8 receptor,0.0463044061269919,0,44,19
5143_Dg,GSE227903,Diagnosis,cellchat,CD4 Memory T,CD8 Memory T,HLA-A,CD8A,0.213366824475901,0,27,19
5143_Dg,GSE227903,Diagnosis,cellchat,CD8 Memory T,CD8 Memory T,HLA-A,CD8A,0.244479043432193,0,19,19
5143_Dg,GSE227903,Diagnosis,cellchat,cDC,CD8 Memory T,HLA-A,CD8A,0.203475783967431,0,70,19
5143_Dg,GSE227903,Diagnosis,cellchat,Cycling Progenitor,CD8 Memory T,HLA-A,CD8A,0.184773665535794,0,30,19
5143_Dg,GSE227903,Diagnosis,cellchat,Early GMP,CD8 Memory T,HLA-A,CD8A,0.185956168513022,0,142,19
5143_Dg,GSE227903,Diagnosis,cellchat,Late GMP,CD8 Memory T,HLA-A,CD8A,0.185225482164785,0,30,19
5143_Dg,GSE227903,Diagnosis,cellchat,LMPP,CD8 Memory T,HLA-A,CD8A,0.19004349250432,0,78,19
5143_Dg,GSE227903,Diagnosis,cellchat,Monocyte,CD8 Memory T,HLA-A,CD8A,0.223895613628804,0,91,19
5143_Dg,GSE227903,Diagnosis,cellchat,Naive T,CD8 Memory T,HLA-A,CD8A,0.200468472938283,0,44,19
5143_Dg,GSE227903,Diagnosis,cellchat,pDC,CD8 Memory T,HLA-A,CD8A,0.1834580219975,0,225,19
5143_Dg,GSE227903,Diagnosis,cellchat,Pro-Monocyte,CD8 Memory T,HLA-A,CD8A,0.193984097127264,0,45,19
5143_Dg,GSE227903,Diagnosis,cellchat,CD4 Memory T,CD8 Memory T,HLA-B,CD8A,0.226913513208815,0,27,19
5143_Dg,GSE227903,Diagnosis,cellchat,CD8 Memory T,CD8 Memory T,HLA-B,CD8A,0.249806484784931,0,19,19
5143_Dg,GSE227903,Diagnosis,cellchat,cDC,CD8 Memory T,HLA-B,CD8A,0.216014166816696,0,70,19
5143_Dg,GSE227903,Diagnosis,cellchat,Cycling Progenitor,CD8 Memory T,HLA-B,CD8A,0.177803226900074,0,30,19
5143_Dg,GSE227903,Diagnosis,cellchat,Early GMP,CD8 Memory T,HLA-B,CD8A,0.181170518318824,0,142,19
5143_Dg,GSE227903,Diagnosis,cellchat,Late GMP,CD8 Memory T,HLA-B,CD8A,0.191901466705531,0,30,19
5143_Dg,GSE227903,Diagnosis,cellchat,LMPP,CD8 Memory T,HLA-B,CD8A,0.182844862354045,0,78,19
5143_Dg,GSE227903,Diagnosis,cellchat,Monocyte,CD8 Memory T,HLA-B,CD8A,0.238203713534717,0,91,19
5143_Dg,GSE227903,Diagnosis,cellchat,Naive T,CD8 Memory T,HLA-B,CD8A,0.211856370669369,0,44,19
5143_Dg,GSE227903,Diagnosis,cellchat,pDC,CD8 Memory T,HLA-B,CD8A,0.203499071151346,0,225,19
5143_Dg,GSE227903,Diagnosis,cellchat,Pro-Monocyte,CD8 Memory T,HLA-B,CD8A,0.204374098512165,0,45,19
5143_Dg,GSE227903,Diagnosis,cellchat,CD4 Memory T,CD8 Memory T,HLA-C,CD8A,0.220409458534548,0,27,19
5143_Dg,GSE227903,Diagnosis,cellchat,CD8 Memory T,CD8 Memory T,HLA-C,CD8A,0.242765121649001,0,19,19
5143_Dg,GSE227903,Diagnosis,cellchat,cDC,CD8 Memory T,HLA-C,CD8A,0.194806456022427,0,70,19
5143_Dg,GSE227903,Diagnosis,cellchat,Cycling Progenitor,CD8 Memory T,HLA-C,CD8A,0.153683095105844,0,30,19
5143_Dg,GSE227903,Diagnosis,cellchat,Early GMP,CD8 Memory T,HLA-C,CD8A,0.154946815149606,0,142,19
5143_Dg,GSE227903,Diagnosis,cellchat,Late GMP,CD8 Memory T,HLA-C,CD8A,0.163243668192314,0,30,19
5143_Dg,GSE227903,Diagnosis,cellchat,LMPP,CD8 Memory T,HLA-C,CD8A,0.154895319509971,0,78,19
5143_Dg,GSE227903,Diagnosis,cellchat,Monocyte,CD8 Memory T,HLA-C,CD8A,0.213643961877297,0,91,19
5143_Dg,GSE227903,Diagnosis,cellchat,Naive T,CD8 Memory T,HLA-C,CD8A,0.20034823779216,0,44,19
5143_Dg,GSE227903,Diagnosis,cellchat,pDC,CD8 Memory T,HLA-C,CD8A,0.17076276865014,0,225,19
5143_Dg,GSE227903,Diagnosis,cellchat,Pro-Monocyte,CD8 Memory T,HLA-C,CD8A,0.170707730787461,0,45,19
5143_Dg,GSE227903,Diagnosis,cellchat,CD4 Memory T,CD8 Memory T,HLA-E,CD8A,0.188491695471927,0,27,19
5143_Dg,GSE227903,Diagnosis,cellchat,CD8 Memory T,CD8 Memory T,HLA-E,CD8A,0.204458709591607,0,19,19
5143_Dg,GSE227903,Diagnosis,cellchat,cDC,CD8 Memory T,HLA-E,CD8A,0.149683820122853,0,70,19
5143_Dg,GSE227903,Diagnosis,cellchat,Cycling Progenitor,CD8 Memory T,HLA-E,CD8A,0.128282436440009,0,30,19
5143_Dg,GSE227903,Diagnosis,cellchat,Early GMP,CD8 Memory T,HLA-E,CD8A,0.117950513651076,0,142,19
5143_Dg,GSE227903,Diagnosis,cellchat,Late GMP,CD8 Memory T,HLA-E,CD8A,0.111185831785028,0,30,19
5143_Dg,GSE227903,Diagnosis,cellchat,LMPP,CD8 Memory T,HLA-E,CD8A,0.137392490589887,0,78,19
5143_Dg,GSE227903,Diagnosis,cellchat,Monocyte,CD8 Memory T,HLA-E,CD8A,0.173108334269844,0,91,19
5143_Dg,GSE227903,Diagnosis,cellchat,Naive T,CD8 Memory T,HLA-E,CD8A,0.175268507618577,0,44,19
5143_Dg,GSE227903,Diagnosis,cellchat,pDC,CD8 Memory T,HLA-E,CD8A,0.125578559871934,0,225,19
5143_Dg,GSE227903,Diagnosis,cellchat,Pro-Monocyte,CD8 Memory T,HLA-E,CD8A,0.126678577326047,0,45,19
5143_Dg,GSE227903,Diagnosis,cellchat,CD4 Memory T,CD8 Memory T,HLA-F,CD8A,0.030968592281222,0,27,19
5143_Dg,GSE227903,Diagnosis,cellchat,CD8 Memory T,CD8 Memory T,HLA-F,CD8A,0.0801785335846542,0,19,19
5143_Dg,GSE227903,Diagnosis,cellchat,cDC,CD8 Memory T,HLA-F,CD8A,0.0425453369494483,0,70,19
5143_Dg,GSE227903,Diagnosis,cellchat,Cycling Progenitor,CD8 Memory T,HLA-F,CD8A,0.00555270990056986,0,30,19
5143_Dg,GSE227903,Diagnosis,cellchat,Early GMP,CD8 Memory T,HLA-F,CD8A,0.00820272665347898,0,142,19
5143_Dg,GSE227903,Diagnosis,cellchat,Late GMP,CD8 Memory T,HLA-F,CD8A,0.00869965880982497,0,30,19
5143_Dg,GSE227903,Diagnosis,cellchat,LMPP,CD8 Memory T,HLA-F,CD8A,0.00977845419757645,0,78,19
5143_Dg,GSE227903,Diagnosis,cellchat,Monocyte,CD8 Memory T,HLA-F,CD8A,0.0732736036189613,0,91,19
5143_Dg,GSE227903,Diagnosis,cellchat,Naive T,CD8 Memory T,HLA-F,CD8A,0.068862953819764,0,44,19
5143_Dg,GSE227903,Diagnosis,cellchat,pDC,CD8 Memory T,HLA-F,CD8A,0.00970534323326786,0,225,19
5143_Dg,GSE227903,Diagnosis,cellchat,Pro-Monocyte,CD8 Memory T,HLA-F,CD8A,0.00971299843494987,0,45,19
5143_Dg,GSE227903,Diagnosis,cellchat,CD4 Memory T,CD8 Memory T,HLA-A,CD8B,0.206466791848958,0,27,19
5143_Dg,GSE227903,Diagnosis,cellchat,CD8 Memory T,CD8 Memory T,HLA-A,CD8B,0.236875851055394,0,19,19
5143_Dg,GSE227903,Diagnosis,cellchat,cDC,CD8 Memory T,HLA-A,CD8B,0.196815585860682,0,70,19
5143_Dg,GSE227903,Diagnosis,cellchat,Cycling Progenitor,CD8 Memory T,HLA-A,CD8B,0.178588375577377,0,30,19
5143_Dg,GSE227903,Diagnosis,cellchat,Early GMP,CD8 Memory T,HLA-A,CD8B,0.179740021800996,0,142,19
5143_Dg,GSE227903,Diagnosis,cellchat,Late GMP,CD8 Memory T,HLA-A,CD8B,0.179028389101602,0,30,19
5143_Dg,GSE227903,Diagnosis,cellchat,LMPP,CD8 Memory T,HLA-A,CD8B,0.183721550924486,0,78,19
5143_Dg,GSE227903,Diagnosis,cellchat,Monocyte,CD8 Memory T,HLA-A,CD8B,0.216748910574214,0,91,19
5143_Dg,GSE227903,Diagnosis,cellchat,Naive T,CD8 Memory T,HLA-A,CD8B,0.19388275022236,0,44,19
5143_Dg,GSE227903,Diagnosis,cellchat,pDC,CD8 Memory T,HLA-A,CD8B,0.177307194450178,0,225,19
5143_Dg,GSE227903,Diagnosis,cellchat,Pro-Monocyte,CD8 Memory T,HLA-A,CD8B,0.187561424165529,0,45,19
5143_Dg,GSE227903,Diagnosis,cellchat,CD4 Memory T,CD8 Memory T,HLA-B,CD8B,0.219697748480192,0,27,19
5143_Dg,GSE227903,Diagnosis,cellchat,CD8 Memory T,CD8 Memory T,HLA-B,CD8B,0.242090700297175,0,19,19
5143_Dg,GSE227903,Diagnosis,cellchat,cDC,CD8 Memory T,HLA-B,CD8B,0.209051274001969,0,70,19
5143_Dg,GSE227903,Diagnosis,cellchat,Cycling Progenitor,CD8 Memory T,HLA-B,CD8B,0.171802098640475,0,30,19
5143_Dg,GSE227903,Diagnosis,cellchat,Early GMP,CD8 Memory T,HLA-B,CD8B,0.175079939944283,0,142,19
5143_Dg,GSE227903,Diagnosis,cellchat,Late GMP,CD8 Memory T,HLA-B,CD8B,0.18553187594015,0,30,19
5143_Dg,GSE227903,Diagnosis,cellchat,LMPP,CD8 Memory T,HLA-B,CD8B,0.176710143404404,0,78,19
5143_Dg,GSE227903,Diagnosis,cellchat,Monocyte,CD8 Memory T,HLA-B,CD8B,0.23073607932862,0,91,19
5143_Dg,GSE227903,Diagnosis,cellchat,Naive T,CD8 Memory T,HLA-B,CD8B,0.204992455256537,0,44,19
5143_Dg,GSE227903,Diagnosis,cellchat,pDC,CD8 Memory T,HLA-B,CD8B,0.196838299170984,0,225,19
5143_Dg,GSE227903,Diagnosis,cellchat,Pro-Monocyte,CD8 Memory T,HLA-B,CD8B,0.197691794456088,0,45,19
5143_Dg,GSE227903,Diagnosis,cellchat,CD4 Memory T,CD8 Memory T,HLA-C,CD8B,0.213343443798804,0,27,19
5143_Dg,GSE227903,Diagnosis,cellchat,CD8 Memory T,CD8 Memory T,HLA-C,CD8B,0.235198638164478,0,19,19
5143_Dg,GSE227903,Diagnosis,cellchat,cDC,CD8 Memory T,HLA-C,CD8B,0.188362918367216,0,70,19
5143_Dg,GSE227903,Diagnosis,cellchat,Cycling Progenitor,CD8 Memory T,HLA-C,CD8B,0.148349171191346,0,30,19
5143_Dg,GSE227903,Diagnosis,cellchat,Early GMP,CD8 Memory T,HLA-C,CD8B,0.149576782739367,0,142,19
5143_Dg,GSE227903,Diagnosis,cellchat,Late GMP,CD8 Memory T,HLA-C,CD8B,0.157639729634391,0,30,19
5143_Dg,GSE227903,Diagnosis,cellchat,LMPP,CD8 Memory T,HLA-C,CD8B,0.149526756006745,0,78,19
5143_Dg,GSE227903,Diagnosis,cellchat,Monocyte,CD8 Memory T,HLA-C,CD8B,0.206737322359449,0,91,19
5143_Dg,GSE227903,Diagnosis,cellchat,Naive T,CD8 Memory T,HLA-C,CD8B,0.193765507741268,0,44,19
5143_Dg,GSE227903,Diagnosis,cellchat,pDC,CD8 Memory T,HLA-C,CD8B,0.164951593251703,0,225,19
5143_Dg,GSE227903,Diagnosis,cellchat,Pro-Monocyte,CD8 Memory T,HLA-C,CD8B,0.164898055914685,0,45,19
5143_Dg,GSE227903,Diagnosis,cellchat,CD4 Memory T,CD8 Memory T,HLA-E,CD8B,0.182209762658649,0,27,19
5143_Dg,GSE227903,Diagnosis,cellchat,CD8 Memory T,CD8 Memory T,HLA-E,CD8B,0.197774326738544,0,19,19
5143_Dg,GSE227903,Diagnosis,cellchat,cDC,CD8 Memory T,HLA-E,CD8B,0.144465006577729,0,70,19
5143_Dg,GSE227903,Diagnosis,cellchat,Cycling Progenitor,CD8 Memory T,HLA-E,CD8B,0.123701243955569,0,30,19
5143_Dg,GSE227903,Diagnosis,cellchat,Early GMP,CD8 Memory T,HLA-E,CD8B,0.113690170835495,0,142,19
5143_Dg,GSE227903,Diagnosis,cellchat,Late GMP,CD8 Memory T,HLA-E,CD8B,0.107140148428353,0,30,19
5143_Dg,GSE227903,Diagnosis,cellchat,LMPP,CD8 Memory T,HLA-E,CD8B,0.132535425888161,0,78,19
5143_Dg,GSE227903,Diagnosis,cellchat,Monocyte,CD8 Memory T,HLA-E,CD8B,0.167233435305505,0,91,19
5143_Dg,GSE227903,Diagnosis,cellchat,Naive T,CD8 Memory T,HLA-E,CD8B,0.169335310421025,0,44,19
5143_Dg,GSE227903,Diagnosis,cellchat,pDC,CD8 Memory T,HLA-E,CD8B,0.121080515501156,0,225,19
5143_Dg,GSE227903,Diagnosis,cellchat,Pro-Monocyte,CD8 Memory T,HLA-E,CD8B,0.122146635778207,0,45,19
5143_Dg,GSE227903,Diagnosis,cellchat,CD4 Memory T,CD8 Memory T,HLA-F,CD8B,0.0297440693709761,0,27,19
5143_Dg,GSE227903,Diagnosis,cellchat,CD8 Memory T,CD8 Memory T,HLA-F,CD8B,0.077163152678762,0,19,19
5143_Dg,GSE227903,Diagnosis,cellchat,cDC,CD8 Memory T,HLA-F,CD8B,0.0408823724233919,0,70,19
5143_Dg,GSE227903,Diagnosis,cellchat,Cycling Progenitor,CD8 Memory T,HLA-F,CD8B,0.00532762612829742,0,30,19
5143_Dg,GSE227903,Diagnosis,cellchat,Early GMP,CD8 Memory T,HLA-F,CD8B,0.00787107245722644,0,142,19
5143_Dg,GSE227903,Diagnosis,cellchat,Late GMP,CD8 Memory T,HLA-F,CD8B,0.00834808167593207,0,30,19
5143_Dg,GSE227903,Diagnosis,cellchat,LMPP,CD8 Memory T,HLA-F,CD8B,0.00938369266766272,0,78,19
5143_Dg,GSE227903,Diagnosis,cellchat,Monocyte,CD8 Memory T,HLA-F,CD8B,0.0704980026993208,0,91,19
5143_Dg,GSE227903,Diagnosis,cellchat,Naive T,CD8 Memory T,HLA-F,CD8B,0.0662424855709367,0,44,19
5143_Dg,GSE227903,Diagnosis,cellchat,pDC,CD8 Memory T,HLA-F,CD8B,0.00931350547232246,0,225,19
5143_Dg,GSE227903,Diagnosis,cellchat,Pro-Monocyte,CD8 Memory T,HLA-F,CD8B,0.00932085451643766,0,45,19
5143_Dg,GSE227903,Diagnosis,cellchat,CD4 Memory T,CD8 Memory T,HLA-E,KLRC2,0.0297450300150573,0,27,19
5143_Dg,GSE227903,Diagnosis,cellchat,CD8 Memory T,CD8 Memory T,HLA-E,KLRC2,0.0328083735461158,0,19,19
5143_Dg,GSE227903,Diagnosis,cellchat,cDC,CD8 Memory T,HLA-E,KLRC2,0.0227064239664788,0,70,19
5143_Dg,GSE227903,Diagnosis,cellchat,Cycling Progenitor,CD8 Memory T,HLA-E,KLRC2,0.0190531231851469,0,30,19
5143_Dg,GSE227903,Diagnosis,cellchat,Early GMP,CD8 Memory T,HLA-E,KLRC2,0.0173435453152151,0,142,19
5143_Dg,GSE227903,Diagnosis,cellchat,Late GMP,CD8 Memory T,HLA-E,KLRC2,0.0162426083353965,0,30,19
5143_Dg,GSE227903,Diagnosis,cellchat,LMPP,CD8 Memory T,HLA-E,KLRC2,0.0205894071452126,0,78,19
5143_Dg,GSE227903,Diagnosis,cellchat,Monocyte,CD8 Memory T,HLA-E,KLRC2,0.0268881792040495,0,91,19
5143_Dg,GSE227903,Diagnosis,cellchat,Naive T,CD8 Memory T,HLA-E,KLRC2,0.0272839151853388,0,44,19
5143_Dg,GSE227903,Diagnosis,cellchat,pDC,CD8 Memory T,HLA-E,KLRC2,0.0186023998619321,0,225,19
5143_Dg,GSE227903,Diagnosis,cellchat,Pro-Monocyte,CD8 Memory T,HLA-E,KLRC2,0.0187854807058601,0,45,19
5143_Dg,GSE227903,Diagnosis,cellchat,CD4 Memory T,cDC,HLA-F,LILRB1,0.00389661644947106,0,27,70
5143_Dg,GSE227903,Diagnosis,cellchat,CD8 Memory T,cDC,HLA-F,LILRB1,0.0105571072797321,0,19,70
5143_Dg,GSE227903,Diagnosis,cellchat,cDC,cDC,HLA-F,LILRB1,0.00540975475880525,0,70,70
5143_Dg,GSE227903,Diagnosis,cellchat,Cycling Progenitor,cDC,HLA-F,LILRB1,0.000683008519634017,0.02,30,70
5143_Dg,GSE227903,Diagnosis,cellchat,Early GMP,cDC,HLA-F,LILRB1,0.00101133613015003,0.02,142,70
5143_Dg,GSE227903,Diagnosis,cellchat,Late GMP,cDC,HLA-F,LILRB1,0.0010730755930996,0.02,30,70
5143_Dg,GSE227903,Diagnosis,cellchat,LMPP,cDC,HLA-F,LILRB1,0.0012072934092802,0.02,78,70
5143_Dg,GSE227903,Diagnosis,cellchat,Monocyte,cDC,HLA-F,LILRB1,0.0095854534186078,0,91,70
5143_Dg,GSE227903,Diagnosis,cellchat,Naive T,cDC,HLA-F,LILRB1,0.00897135173202901,0,44,70
5143_Dg,GSE227903,Diagnosis,cellchat,pDC,cDC,HLA-F,LILRB1,0.00119818924635088,0.01,225,70
5143_Dg,GSE227903,Diagnosis,cellchat,Pro-Monocyte,cDC,HLA-F,LILRB1,0.00119914245721495,0,45,70
5143_Dg,GSE227903,Diagnosis,cellchat,CD4 Memory T,Monocyte,HLA-F,LILRB1,0.00417820937293824,0.01,27,91
5143_Dg,GSE227903,Diagnosis,cellchat,CD8 Memory T,Monocyte,HLA-F,LILRB1,0.0113145599921024,0,19,91
5143_Dg,GSE227903,Diagnosis,cellchat,cDC,Monocyte,HLA-F,LILRB1,0.00580005944190457,0,70,91
5143_Dg,GSE227903,Diagnosis,cellchat,Cycling Progenitor,Monocyte,HLA-F,LILRB1,0.000732537606255267,0.02,30,91
5143_Dg,GSE227903,Diagnosis,cellchat,Early GMP,Monocyte,HLA-F,LILRB1,0.00108464839932306,0.02,142,91
5143_Dg,GSE227903,Diagnosis,cellchat,Late GMP,Monocyte,HLA-F,LILRB1,0.00115085823135604,0.01,30,91
5143_Dg,GSE227903,Diagnosis,cellchat,LMPP,Monocyte,HLA-F,LILRB1,0.00129479230983592,0.02,78,91
5143_Dg,GSE227903,Diagnosis,cellchat,Monocyte,Monocyte,HLA-F,LILRB1,0.0102739156642332,0,91,91
5143_Dg,GSE227903,Diagnosis,cellchat,Naive T,Monocyte,HLA-F,LILRB1,0.00961613519744631,0,44,91
5143_Dg,GSE227903,Diagnosis,cellchat,pDC,Monocyte,HLA-F,LILRB1,0.00128502916927644,0.01,225,91
5143_Dg,GSE227903,Diagnosis,cellchat,Pro-Monocyte,Monocyte,HLA-F,LILRB1,0.00128605137606528,0.01,45,91
5143_Dg,GSE227903,Diagnosis,cellchat,CD4 Memory T,CD8 Memory T,HLA-E,KLRK1,0.0612233531142816,0,27,19
5143_Dg,GSE227903,Diagnosis,cellchat,CD8 Memory T,CD8 Memory T,HLA-E,KLRK1,0.0673036690073924,0,19,19
5143_Dg,GSE227903,Diagnosis,cellchat,cDC,CD8 Memory T,HLA-E,KLRK1,0.0470975629017953,0,70,19
5143_Dg,GSE227903,Diagnosis,cellchat,Cycling Progenitor,CD8 Memory T,HLA-E,KLRK1,0.039679236257032,0,30,19
5143_Dg,GSE227903,Diagnosis,cellchat,Early GMP,CD8 Memory T,HLA-E,KLRK1,0.0361872141178676,0,142,19
5143_Dg,GSE227903,Diagnosis,cellchat,Late GMP,CD8 Memory T,HLA-E,KLRK1,0.0339314188571096,0,30,19
5143_Dg,GSE227903,Diagnosis,cellchat,LMPP,CD8 Memory T,HLA-E,KLRK1,0.0428060626390472,0,78,19
5143_Dg,GSE227903,Diagnosis,cellchat,Monocyte,CD8 Memory T,HLA-E,KLRK1,0.0555161669146974,0,91,19
5143_Dg,GSE227903,Diagnosis,cellchat,Naive T,CD8 Memory T,HLA-E,KLRK1,0.0563088642464075,0,44,19
5143_Dg,GSE227903,Diagnosis,cellchat,pDC,CD8 Memory T,HLA-E,KLRK1,0.0387598583404076,0,225,19
5143_Dg,GSE227903,Diagnosis,cellchat,Pro-Monocyte,CD8 Memory T,HLA-E,KLRK1,0.0391334139277507,0,45,19
5143_Dg,GSE227903,Diagnosis,cellchat,CD4 Memory T,CD8 Memory T,HLA-E,CD94:NKG2C,0.0874988944512473,0,27,19
5143_Dg,GSE227903,Diagnosis,cellchat,CD8 Memory T,CD8 Memory T,HLA-E,CD94:NKG2C,0.0959220958320213,0,19,19
5143_Dg,GSE227903,Diagnosis,cellchat,cDC,CD8 Memory T,HLA-E,CD94:NKG2C,0.0677481707874028,0,70,19
5143_Dg,GSE227903,Diagnosis,cellchat,Cycling Progenitor,CD8 Memory T,HLA-E,CD94:NKG2C,0.0572726681505227,0,30,19
5143_Dg,GSE227903,Diagnosis,cellchat,Early GMP,CD8 Memory T,HLA-E,CD94:NKG2C,0.0523166640061528,0,142,19
5143_Dg,GSE227903,Diagnosis,cellchat,Late GMP,CD8 Memory T,HLA-E,CD94:NKG2C,0.0491066388916003,0,30,19
5143_Dg,GSE227903,Diagnosis,cellchat,LMPP,CD8 Memory T,HLA-E,CD94:NKG2C,0.061696831188073,0,78,19
5143_Dg,GSE227903,Diagnosis,cellchat,Monocyte,CD8 Memory T,HLA-E,CD94:NKG2C,0.0795498811128671,0,91,19
5143_Dg,GSE227903,Diagnosis,cellchat,Naive T,CD8 Memory T,HLA-E,CD94:NKG2C,0.0806564422660716,0,44,19
5143_Dg,GSE227903,Diagnosis,cellchat,pDC,CD8 Memory T,HLA-E,CD94:NKG2C,0.0559694042955637,0,225,19
5143_Dg,GSE227903,Diagnosis,cellchat,Pro-Monocyte,CD8 Memory T,HLA-E,CD94:NKG2C,0.0564990713749122,0,45,19
5143_Dg,GSE227903,Diagnosis,cellchat,CD4 Memory T,CD8 Memory T,HLA-E,CD94:NKG2E,0.126881921150368,0,27,19
5143_Dg,GSE227903,Diagnosis,cellchat,CD8 Memory T,CD8 Memory T,HLA-E,CD94:NKG2E,0.138520857042958,0,19,19
5143_Dg,GSE227903,Diagnosis,cellchat,cDC,CD8 Memory T,HLA-E,CD94:NKG2E,0.0992079493839502,0,70,19
5143_Dg,GSE227903,Diagnosis,cellchat,Cycling Progenitor,CD8 Memory T,HLA-E,CD94:NKG2E,0.084307919849658,0,30,19
5143_Dg,GSE227903,Diagnosis,cellchat,Early GMP,CD8 Memory T,HLA-E,CD94:NKG2E,0.0772040490359222,0,142,19
5143_Dg,GSE227903,Diagnosis,cellchat,Late GMP,CD8 Memory T,HLA-E,CD94:NKG2E,0.0725839502984781,0,30,19
5143_Dg,GSE227903,Diagnosis,cellchat,LMPP,CD8 Memory T,HLA-E,CD94:NKG2E,0.0906197371881858,0,78,19
5143_Dg,GSE227903,Diagnosis,cellchat,Monocyte,CD8 Memory T,HLA-E,CD94:NKG2E,0.115809154135531,0,91,19
5143_Dg,GSE227903,Diagnosis,cellchat,Naive T,CD8 Memory T,HLA-E,CD94:NKG2E,0.117355784800224,0,44,19
5143_Dg,GSE227903,Diagnosis,cellchat,pDC,CD8 Memory T,HLA-E,CD94:NKG2E,0.0824432576385994,0,225,19
5143_Dg,GSE227903,Diagnosis,cellchat,Pro-Monocyte,CD8 Memory T,HLA-E,CD94:NKG2E,0.0832013795685024,0,45,19
5143_Dg,GSE227903,Diagnosis,cellchat,CD8 Memory T,cDC,HLA-DPA1,CD4,0.00434941003611569,0.15,19,70
5143_Dg,GSE227903,Diagnosis,cellchat,cDC,cDC,HLA-DPA1,CD4,0.0140633413952778,0.06,70,70
5143_Dg,GSE227903,Diagnosis,cellchat,Cycling Progenitor,cDC,HLA-DPA1,CD4,0.00770415989591955,0.14,30,70
5143_Dg,GSE227903,Diagnosis,cellchat,Early GMP,cDC,HLA-DPA1,CD4,0.00810044206401512,0.13,142,70
5143_Dg,GSE227903,Diagnosis,cellchat,Late GMP,cDC,HLA-DPA1,CD4,0.00868980238725854,0.1,30,70
5143_Dg,GSE227903,Diagnosis,cellchat,LMPP,cDC,HLA-DPA1,CD4,0.00771129405681164,0.14,78,70
5143_Dg,GSE227903,Diagnosis,cellchat,Monocyte,cDC,HLA-DPA1,CD4,0.010506936968596,0.08,91,70
5143_Dg,GSE227903,Diagnosis,cellchat,pDC,cDC,HLA-DPA1,CD4,0.0115375465036055,0.08,225,70
5143_Dg,GSE227903,Diagnosis,cellchat,Pro-Monocyte,cDC,HLA-DPA1,CD4,0.00831064787967107,0.12,45,70
5143_Dg,GSE227903,Diagnosis,cellchat,CD8 Memory T,Monocyte,HLA-DPA1,CD4,0.0334390170953323,0,19,91
5143_Dg,GSE227903,Diagnosis,cellchat,cDC,Monocyte,HLA-DPA1,CD4,0.101498402119268,0,70,91
5143_Dg,GSE227903,Diagnosis,cellchat,Cycling Progenitor,Monocyte,HLA-DPA1,CD4,0.0579255528762406,0,30,91
5143_Dg,GSE227903,Diagnosis,cellchat,Early GMP,Monocyte,HLA-DPA1,CD4,0.0607469508309787,0,142,91
5143_Dg,GSE227903,Diagnosis,cellchat,Late GMP,Monocyte,HLA-DPA1,CD4,0.0649160066271026,0,30,91
5143_Dg,GSE227903,Diagnosis,cellchat,LMPP,Monocyte,HLA-DPA1,CD4,0.0579764755852342,0,78,91
5143_Dg,GSE227903,Diagnosis,cellchat,Monocyte,Monocyte,HLA-DPA1,CD4,0.0775706338293362,0,91,91
5143_Dg,GSE227903,Diagnosis,cellchat,pDC,Monocyte,HLA-DPA1,CD4,0.0846168845037859,0,225,91
5143_Dg,GSE227903,Diagnosis,cellchat,Pro-Monocyte,Monocyte,HLA-DPA1,CD4,0.0622376075859614,0,45,91
5143_Dg,GSE227903,Diagnosis,cellchat,CD8 Memory T,Naive T,HLA-DPA1,CD4,0.0231685842465699,0,19,44
5143_Dg,GSE227903,Diagnosis,cellchat,cDC,Naive T,HLA-DPA1,CD4,0.0718787786268688,0,70,44
5143_Dg,GSE227903,Diagnosis,cellchat,Cycling Progenitor,Naive T,HLA-DPA1,CD4,0.0404490778630324,0,30,44
5143_Dg,GSE227903,Diagnosis,cellchat,Early GMP,Naive T,HLA-DPA1,CD4,0.0424576072093328,0,142,44
5143_Dg,GSE227903,Diagnosis,cellchat,Late GMP,Naive T,HLA-DPA1,CD4,0.0454321820789866,0,30,44
5143_Dg,GSE227903,Diagnosis,cellchat,LMPP,Naive T,HLA-DPA1,CD4,0.0404852971438479,0,78,44
5143_Dg,GSE227903,Diagnosis,cellchat,Monocyte,Naive T,HLA-DPA1,CD4,0.0545100726209245,0,91,44
5143_Dg,GSE227903,Diagnosis,cellchat,pDC,Naive T,HLA-DPA1,CD4,0.0595969193900308,0,225,44
5143_Dg,GSE227903,Diagnosis,cellchat,Pro-Monocyte,Naive T,HLA-DPA1,CD4,0.0435202606354988,0,45,44
5143_Dg,GSE227903,Diagnosis,cellchat,CD8 Memory T,Pro-Monocyte,HLA-DPA1,CD4,0.00840819975760832,0.29,19,45
5143_Dg,GSE227903,Diagnosis,cellchat,cDC,Pro-Monocyte,HLA-DPA1,CD4,0.0269417040920934,0,70,45
5143_Dg,GSE227903,Diagnosis,cellchat,Cycling Progenitor,Pro-Monocyte,HLA-DPA1,CD4,0.0148468582112851,0.22,30,45
5143_Dg,GSE227903,Diagnosis,cellchat,Early GMP,Pro-Monocyte,HLA-DPA1,CD4,0.0156047646731972,0.22,142,45
5143_Dg,GSE227903,Diagnosis,cellchat,Late GMP,Pro-Monocyte,HLA-DPA1,CD4,0.0167309042311191,0.19,30,45
5143_Dg,GSE227903,Diagnosis,cellchat,LMPP,Pro-Monocyte,HLA-DPA1,CD4,0.0148605075576294,0.22,78,45
5143_Dg,GSE227903,Diagnosis,cellchat,Monocyte,Pro-Monocyte,HLA-DPA1,CD4,0.0201952671811945,0.07,91,45
5143_Dg,GSE227903,Diagnosis,cellchat,pDC,Pro-Monocyte,HLA-DPA1,CD4,0.0221549126753613,0.03,225,45
5143_Dg,GSE227903,Diagnosis,cellchat,Pro-Monocyte,Pro-Monocyte,HLA-DPA1,CD4,0.0160065645337504,0.2,45,45
5143_Dg,GSE227903,Diagnosis,cellchat,CD4 Memory T,cDC,HLA-DPB1,CD4,0.000461192855415036,0.15,27,70
5143_Dg,GSE227903,Diagnosis,cellchat,CD8 Memory T,cDC,HLA-DPB1,CD4,0.00577562365714484,0.15,19,70
5143_Dg,GSE227903,Diagnosis,cellchat,cDC,cDC,HLA-DPB1,CD4,0.0129517274816438,0.06,70,70
5143_Dg,GSE227903,Diagnosis,cellchat,Cycling Progenitor,cDC,HLA-DPB1,CD4,0.00692162259506717,0.14,30,70
5143_Dg,GSE227903,Diagnosis,cellchat,Early GMP,cDC,HLA-DPB1,CD4,0.00699826968051371,0.15,142,70
5143_Dg,GSE227903,Diagnosis,cellchat,Late GMP,cDC,HLA-DPB1,CD4,0.00780012688656222,0.12,30,70
5143_Dg,GSE227903,Diagnosis,cellchat,LMPP,cDC,HLA-DPB1,CD4,0.00697664320041,0.14,78,70
5143_Dg,GSE227903,Diagnosis,cellchat,Monocyte,cDC,HLA-DPB1,CD4,0.00996490140741637,0.08,91,70
5143_Dg,GSE227903,Diagnosis,cellchat,pDC,cDC,HLA-DPB1,CD4,0.0108552190621678,0.08,225,70
5143_Dg,GSE227903,Diagnosis,cellchat,Pro-Monocyte,cDC,HLA-DPB1,CD4,0.00780994987565017,0.1,45,70
5143_Dg,GSE227903,Diagnosis,cellchat,CD4 Memory T,Monocyte,HLA-DPB1,CD4,0.00364082397016529,0.18,27,91
5143_Dg,GSE227903,Diagnosis,cellchat,CD8 Memory T,Monocyte,HLA-DPB1,CD4,0.0439826216941169,0,19,91
5143_Dg,GSE227903,Diagnosis,cellchat,cDC,Monocyte,HLA-DPB1,CD4,0.0941354917926805,0,70,91
5143_Dg,GSE227903,Diagnosis,cellchat,Cycling Progenitor,Monocyte,HLA-DPB1,CD4,0.0523107777992613,0,30,91
5143_Dg,GSE227903,Diagnosis,cellchat,Early GMP,Monocyte,HLA-DPB1,CD4,0.052863289617297,0,142,91
5143_Dg,GSE227903,Diagnosis,cellchat,Late GMP,Monocyte,HLA-DPB1,CD4,0.0586101532296402,0,30,91
5143_Dg,GSE227903,Diagnosis,cellchat,LMPP,Monocyte,HLA-DPB1,CD4,0.0527074513866518,0,78,91
5143_Dg,GSE227903,Diagnosis,cellchat,Monocyte,Monocyte,HLA-DPB1,CD4,0.0738270246241446,0,91,91
5143_Dg,GSE227903,Diagnosis,cellchat,pDC,Monocyte,HLA-DPB1,CD4,0.0799622865906091,0,225,91
5143_Dg,GSE227903,Diagnosis,cellchat,Pro-Monocyte,Monocyte,HLA-DPB1,CD4,0.0586801788857962,0,45,91
5143_Dg,GSE227903,Diagnosis,cellchat,CD4 Memory T,Naive T,HLA-DPB1,CD4,0.00249892237161876,0.2,27,44
5143_Dg,GSE227903,Diagnosis,cellchat,CD8 Memory T,Naive T,HLA-DPB1,CD4,0.0305762769879038,0,19,44
5143_Dg,GSE227903,Diagnosis,cellchat,cDC,Naive T,HLA-DPB1,CD4,0.0665054980970102,0,70,44
5143_Dg,GSE227903,Diagnosis,cellchat,Cycling Progenitor,Naive T,HLA-DPB1,CD4,0.0364627467434864,0,30,44
5143_Dg,GSE227903,Diagnosis,cellchat,Early GMP,Naive T,HLA-DPB1,CD4,0.0368543795452792,0,142,44
5143_Dg,GSE227903,Diagnosis,cellchat,Late GMP,Naive T,HLA-DPB1,CD4,0.0409361054795124,0,30,44
5143_Dg,GSE227903,Diagnosis,cellchat,LMPP,Naive T,HLA-DPB1,CD4,0.0367439038934758,0,78,44
5143_Dg,GSE227903,Diagnosis,cellchat,Monocyte,Naive T,HLA-DPB1,CD4,0.0518168636686202,0,91,44
5143_Dg,GSE227903,Diagnosis,cellchat,pDC,Naive T,HLA-DPB1,CD4,0.0562340684555701,0,225,44
5143_Dg,GSE227903,Diagnosis,cellchat,Pro-Monocyte,Naive T,HLA-DPB1,CD4,0.0409859340727812,0,45,44
5143_Dg,GSE227903,Diagnosis,cellchat,CD4 Memory T,Pro-Monocyte,HLA-DPB1,CD4,0.000894830572777713,0.29,27,45
5143_Dg,GSE227903,Diagnosis,cellchat,CD8 Memory T,Pro-Monocyte,HLA-DPB1,CD4,0.0111504246758339,0.26,19,45
5143_Dg,GSE227903,Diagnosis,cellchat,cDC,Pro-Monocyte,HLA-DPB1,CD4,0.0248377852233711,0,70,45
5143_Dg,GSE227903,Diagnosis,cellchat,Cycling Progenitor,Pro-Monocyte,HLA-DPB1,CD4,0.0133485728245764,0.21,30,45
5143_Dg,GSE227903,Diagnosis,cellchat,Early GMP,Pro-Monocyte,HLA-DPB1,CD4,0.0134954220515105,0.22,142,45
5143_Dg,GSE227903,Diagnosis,cellchat,Late GMP,Pro-Monocyte,HLA-DPB1,CD4,0.0150304506483008,0.19,30,45
5143_Dg,GSE227903,Diagnosis,cellchat,LMPP,Pro-Monocyte,HLA-DPB1,CD4,0.0134539897061658,0.22,78,45
5143_Dg,GSE227903,Diagnosis,cellchat,Monocyte,Pro-Monocyte,HLA-DPB1,CD4,0.0191631061503118,0.03,91,45
5143_Dg,GSE227903,Diagnosis,cellchat,pDC,Pro-Monocyte,HLA-DPB1,CD4,0.0208579267464367,0.02,225,45
5143_Dg,GSE227903,Diagnosis,cellchat,Pro-Monocyte,Pro-Monocyte,HLA-DPB1,CD4,0.0150492409454349,0.18,45,45
5143_Dg,GSE227903,Diagnosis,cellchat,cDC,cDC,HLA-DQA1,CD4,0.0110550615450905,0,70,70
5143_Dg,GSE227903,Diagnosis,cellchat,Cycling Progenitor,cDC,HLA-DQA1,CD4,0.00362808089609651,0.14,30,70
5143_Dg,GSE227903,Diagnosis,cellchat,Early GMP,cDC,HLA-DQA1,CD4,0.00312049637019895,0.15,142,70
5143_Dg,GSE227903,Diagnosis,cellchat,Late GMP,cDC,HLA-DQA1,CD4,0.00428807485483766,0.11,30,70
5143_Dg,GSE227903,Diagnosis,cellchat,LMPP,cDC,HLA-DQA1,CD4,0.00299935558866048,0.15,78,70
5143_Dg,GSE227903,Diagnosis,cellchat,Monocyte,cDC,HLA-DQA1,CD4,0.0073600717908059,0.06,91,70
5143_Dg,GSE227903,Diagnosis,cellchat,pDC,cDC,HLA-DQA1,CD4,0.00680258473910992,0.07,225,70
5143_Dg,GSE227903,Diagnosis,cellchat,Pro-Monocyte,cDC,HLA-DQA1,CD4,0.00384152448758852,0.15,45,70
5143_Dg,GSE227903,Diagnosis,cellchat,cDC,Monocyte,HLA-DQA1,CD4,0.0813297696680216,0,70,91
5143_Dg,GSE227903,Diagnosis,cellchat,Cycling Progenitor,Monocyte,HLA-DQA1,CD4,0.0280291275360444,0,30,91
5143_Dg,GSE227903,Diagnosis,cellchat,Early GMP,Monocyte,HLA-DQA1,CD4,0.0241906118759032,0,142,91
5143_Dg,GSE227903,Diagnosis,cellchat,Late GMP,Monocyte,HLA-DQA1,CD4,0.0329810502055388,0,30,91
5143_Dg,GSE227903,Diagnosis,cellchat,LMPP,Monocyte,HLA-DQA1,CD4,0.0232706022669574,0,78,91
5143_Dg,GSE227903,Diagnosis,cellchat,Monocyte,Monocyte,HLA-DQA1,CD4,0.055463817206901,0,91,91
5143_Dg,GSE227903,Diagnosis,cellchat,pDC,Monocyte,HLA-DQA1,CD4,0.0514515817298839,0,225,91
5143_Dg,GSE227903,Diagnosis,cellchat,Pro-Monocyte,Monocyte,HLA-DQA1,CD4,0.0296354112006319,0,45,91
5143_Dg,GSE227903,Diagnosis,cellchat,cDC,Naive T,HLA-DQA1,CD4,0.0572209988379058,0,70,44
5143_Dg,GSE227903,Diagnosis,cellchat,Cycling Progenitor,Naive T,HLA-DQA1,CD4,0.0193869562227971,0,30,44
5143_Dg,GSE227903,Diagnosis,cellchat,Early GMP,Naive T,HLA-DQA1,CD4,0.0167116143676192,0,142,44
5143_Dg,GSE227903,Diagnosis,cellchat,Late GMP,Naive T,HLA-DQA1,CD4,0.0228479519724006,0,30,44
5143_Dg,GSE227903,Diagnosis,cellchat,LMPP,Naive T,HLA-DQA1,CD4,0.0160713589552685,0,78,44
5143_Dg,GSE227903,Diagnosis,cellchat,Monocyte,Naive T,HLA-DQA1,CD4,0.0386995518610712,0,91,44
5143_Dg,GSE227903,Diagnosis,cellchat,pDC,Naive T,HLA-DQA1,CD4,0.0358540040201399,0,225,44
5143_Dg,GSE227903,Diagnosis,cellchat,Pro-Monocyte,Naive T,HLA-DQA1,CD4,0.0205084272466828,0,45,44
5143_Dg,GSE227903,Diagnosis,cellchat,cDC,Pro-Monocyte,HLA-DQA1,CD4,0.0212379632962435,0,70,45
5143_Dg,GSE227903,Diagnosis,cellchat,Cycling Progenitor,Pro-Monocyte,HLA-DQA1,CD4,0.00701848448435389,0.22,30,45
5143_Dg,GSE227903,Diagnosis,cellchat,Early GMP,Pro-Monocyte,HLA-DQA1,CD4,0.00603944267134202,0.27,142,45
5143_Dg,GSE227903,Diagnosis,cellchat,Late GMP,Pro-Monocyte,HLA-DQA1,CD4,0.00829010428183297,0.18,30,45
5143_Dg,GSE227903,Diagnosis,cellchat,LMPP,Pro-Monocyte,HLA-DQA1,CD4,0.00580564541717628,0.26,78,45
5143_Dg,GSE227903,Diagnosis,cellchat,Monocyte,Pro-Monocyte,HLA-DQA1,CD4,0.0141883197387485,0,91,45
5143_Dg,GSE227903,Diagnosis,cellchat,pDC,Pro-Monocyte,HLA-DQA1,CD4,0.0131204647922916,0.01,225,45
5143_Dg,GSE227903,Diagnosis,cellchat,Pro-Monocyte,Pro-Monocyte,HLA-DQA1,CD4,0.00742990150558022,0.22,45,45
5143_Dg,GSE227903,Diagnosis,cellchat,cDC,cDC,HLA-DMA,CD4,0.00787841966865832,0.06,70,70
5143_Dg,GSE227903,Diagnosis,cellchat,Cycling Progenitor,cDC,HLA-DMA,CD4,0.00417642174445767,0.13,30,70
5143_Dg,GSE227903,Diagnosis,cellchat,Early GMP,cDC,HLA-DMA,CD4,0.00412372296855626,0.15,142,70
5143_Dg,GSE227903,Diagnosis,cellchat,Late GMP,cDC,HLA-DMA,CD4,0.00521003643265562,0.09,30,70
5143_Dg,GSE227903,Diagnosis,cellchat,LMPP,cDC,HLA-DMA,CD4,0.0041285955411323,0.14,78,70
5143_Dg,GSE227903,Diagnosis,cellchat,Monocyte,cDC,HLA-DMA,CD4,0.00627229131450304,0.07,91,70
5143_Dg,GSE227903,Diagnosis,cellchat,pDC,cDC,HLA-DMA,CD4,0.00654136411964757,0.08,225,70
5143_Dg,GSE227903,Diagnosis,cellchat,Pro-Monocyte,cDC,HLA-DMA,CD4,0.00498866506911224,0.11,45,70
5143_Dg,GSE227903,Diagnosis,cellchat,cDC,Monocyte,HLA-DMA,CD4,0.0591680323200791,0,70,91
5143_Dg,GSE227903,Diagnosis,cellchat,Cycling Progenitor,Monocyte,HLA-DMA,CD4,0.0321464082541848,0,30,91
5143_Dg,GSE227903,Diagnosis,cellchat,Early GMP,Monocyte,HLA-DMA,CD4,0.031752032831681,0,142,91
5143_Dg,GSE227903,Diagnosis,cellchat,Late GMP,Monocyte,HLA-DMA,CD4,0.0398254245096294,0,30,91
5143_Dg,GSE227903,Diagnosis,cellchat,LMPP,Monocyte,HLA-DMA,CD4,0.0317885088428795,0,78,91
5143_Dg,GSE227903,Diagnosis,cellchat,Monocyte,Monocyte,HLA-DMA,CD4,0.0476075269600917,0,91,91
5143_Dg,GSE227903,Diagnosis,cellchat,pDC,Monocyte,HLA-DMA,CD4,0.0495613871763263,0,225,91
5143_Dg,GSE227903,Diagnosis,cellchat,Pro-Monocyte,Monocyte,HLA-DMA,CD4,0.0381897289450548,0,45,91
5143_Dg,GSE227903,Diagnosis,cellchat,cDC,Naive T,HLA-DMA,CD4,0.0413331410335152,0,70,44
5143_Dg,GSE227903,Diagnosis,cellchat,Cycling Progenitor,Naive T,HLA-DMA,CD4,0.0222638414676834,0,30,44
5143_Dg,GSE227903,Diagnosis,cellchat,Early GMP,Naive T,HLA-DMA,CD4,0.021987952014857,0,142,44
5143_Dg,GSE227903,Diagnosis,cellchat,Late GMP,Naive T,HLA-DMA,CD4,0.0276495870371676,0,30,44
5143_Dg,GSE227903,Diagnosis,cellchat,LMPP,Naive T,HLA-DMA,CD4,0.0220134662896151,0,78,44
5143_Dg,GSE227903,Diagnosis,cellchat,Monocyte,Naive T,HLA-DMA,CD4,0.0331345696798719,0,91,44
5143_Dg,GSE227903,Diagnosis,cellchat,pDC,Naive T,HLA-DMA,CD4,0.0345159721383382,0,225,44
5143_Dg,GSE227903,Diagnosis,cellchat,Pro-Monocyte,Naive T,HLA-DMA,CD4,0.026500171190154,0,45,44
5143_Dg,GSE227903,Diagnosis,cellchat,cDC,Pro-Monocyte,HLA-DMA,CD4,0.0151802065452131,0,70,45
5143_Dg,GSE227903,Diagnosis,cellchat,Cycling Progenitor,Pro-Monocyte,HLA-DMA,CD4,0.00807509121546813,0.21,30,45
5143_Dg,GSE227903,Diagnosis,cellchat,Early GMP,Pro-Monocyte,HLA-DMA,CD4,0.00797359228589587,0.22,142,45
5143_Dg,GSE227903,Diagnosis,cellchat,Late GMP,Pro-Monocyte,HLA-DMA,CD4,0.0100638291543664,0.12,30,45
5143_Dg,GSE227903,Diagnosis,cellchat,LMPP,Pro-Monocyte,HLA-DMA,CD4,0.00798297738195931,0.22,78,45
5143_Dg,GSE227903,Diagnosis,cellchat,Monocyte,Pro-Monocyte,HLA-DMA,CD4,0.0121036649353557,0.02,91,45
5143_Dg,GSE227903,Diagnosis,cellchat,pDC,Pro-Monocyte,HLA-DMA,CD4,0.0126197189233656,0.02,225,45
5143_Dg,GSE227903,Diagnosis,cellchat,Pro-Monocyte,Pro-Monocyte,HLA-DMA,CD4,0.0096382211584819,0.15,45,45
5143_Dg,GSE227903,Diagnosis,cellchat,cDC,cDC,HLA-DMB,CD4,0.00611068443291945,0.01,70,70
5143_Dg,GSE227903,Diagnosis,cellchat,Cycling Progenitor,cDC,HLA-DMB,CD4,0.00094075805718653,0.15,30,70
5143_Dg,GSE227903,Diagnosis,cellchat,Early GMP,cDC,HLA-DMB,CD4,0.000822301151158361,0.15,142,70
5143_Dg,GSE227903,Diagnosis,cellchat,Late GMP,cDC,HLA-DMB,CD4,0.00266236291554929,0.09,30,70
5143_Dg,GSE227903,Diagnosis,cellchat,LMPP,cDC,HLA-DMB,CD4,0.000623893582473229,0.15,78,70
5143_Dg,GSE227903,Diagnosis,cellchat,Monocyte,cDC,HLA-DMB,CD4,0.00482904913926633,0.04,91,70
5143_Dg,GSE227903,Diagnosis,cellchat,pDC,cDC,HLA-DMB,CD4,0.0048530338834225,0.02,225,70
5143_Dg,GSE227903,Diagnosis,cellchat,Pro-Monocyte,cDC,HLA-DMB,CD4,0.00228046511742677,0.12,45,70
5143_Dg,GSE227903,Diagnosis,cellchat,cDC,Monocyte,HLA-DMB,CD4,0.0464306704789806,0,70,91
5143_Dg,GSE227903,Diagnosis,cellchat,Cycling Progenitor,Monocyte,HLA-DMB,CD4,0.00740220075321903,0.01,30,91
5143_Dg,GSE227903,Diagnosis,cellchat,Early GMP,Monocyte,HLA-DMB,CD4,0.00647541535273217,0,142,91
5143_Dg,GSE227903,Diagnosis,cellchat,Late GMP,Monocyte,HLA-DMB,CD4,0.0207033284282714,0,30,91
5143_Dg,GSE227903,Diagnosis,cellchat,LMPP,Monocyte,HLA-DMB,CD4,0.00491972153900529,0.03,78,91
5143_Dg,GSE227903,Diagnosis,cellchat,Monocyte,Monocyte,HLA-DMB,CD4,0.0370073307672995,0,91,91
5143_Dg,GSE227903,Diagnosis,cellchat,pDC,Monocyte,HLA-DMB,CD4,0.0371851655780139,0,225,91
5143_Dg,GSE227903,Diagnosis,cellchat,Pro-Monocyte,Monocyte,HLA-DMB,CD4,0.0177797113119157,0,45,91
5143_Dg,GSE227903,Diagnosis,cellchat,cDC,Naive T,HLA-DMB,CD4,0.032303349305157,0,70,44
5143_Dg,GSE227903,Diagnosis,cellchat,Cycling Progenitor,Naive T,HLA-DMB,CD4,0.00508661024525009,0.05,30,44
5143_Dg,GSE227903,Diagnosis,cellchat,Early GMP,Naive T,HLA-DMB,CD4,0.00444844680206519,0.06,142,44
5143_Dg,GSE227903,Diagnosis,cellchat,Late GMP,Naive T,HLA-DMB,CD4,0.0142867070995986,0,30,44
5143_Dg,GSE227903,Diagnosis,cellchat,LMPP,Naive T,HLA-DMB,CD4,0.00337806869849651,0.12,78,44
5143_Dg,GSE227903,Diagnosis,cellchat,Monocyte,Naive T,HLA-DMB,CD4,0.0256700357921833,0,91,44
5143_Dg,GSE227903,Diagnosis,cellchat,pDC,Naive T,HLA-DMB,CD4,0.0257948497450725,0,225,44
5143_Dg,GSE227903,Diagnosis,cellchat,Pro-Monocyte,Naive T,HLA-DMB,CD4,0.0122578701646974,0,45,44
5143_Dg,GSE227903,Diagnosis,cellchat,cDC,Pro-Monocyte,HLA-DMB,CD4,0.0117935946388386,0,70,45
5143_Dg,GSE227903,Diagnosis,cellchat,Cycling Progenitor,Pro-Monocyte,HLA-DMB,CD4,0.00182448507332741,0.28,30,45
5143_Dg,GSE227903,Diagnosis,cellchat,Early GMP,Pro-Monocyte,HLA-DMB,CD4,0.00159493005113765,0.29,142,45
5143_Dg,GSE227903,Diagnosis,cellchat,Late GMP,Pro-Monocyte,HLA-DMB,CD4,0.00515498223889391,0.15,30,45
5143_Dg,GSE227903,Diagnosis,cellchat,LMPP,Pro-Monocyte,HLA-DMB,CD4,0.00121032581809737,0.29,78,45
5143_Dg,GSE227903,Diagnosis,cellchat,Monocyte,Pro-Monocyte,HLA-DMB,CD4,0.00933123446396489,0,91,45
5143_Dg,GSE227903,Diagnosis,cellchat,pDC,Pro-Monocyte,HLA-DMB,CD4,0.00937736978947823,0,225,45
5143_Dg,GSE227903,Diagnosis,cellchat,Pro-Monocyte,Pro-Monocyte,HLA-DMB,CD4,0.00441711875643192,0.23,45,45
5143_Dg,GSE227903,Diagnosis,cellchat,cDC,cDC,HLA-DQA2,CD4,0.000689054880072837,0,70,70
5143_Dg,GSE227903,Diagnosis,cellchat,Late GMP,cDC,HLA-DQA2,CD4,0.000211825104151775,0.01,30,70
5143_Dg,GSE227903,Diagnosis,cellchat,Monocyte,cDC,HLA-DQA2,CD4,0.000588373151284857,0,91,70
5143_Dg,GSE227903,Diagnosis,cellchat,cDC,Monocyte,HLA-DQA2,CD4,0.00543111356564587,0,70,91
5143_Dg,GSE227903,Diagnosis,cellchat,Late GMP,Monocyte,HLA-DQA2,CD4,0.00167510556025808,0,30,91
5143_Dg,GSE227903,Diagnosis,cellchat,Monocyte,Monocyte,HLA-DQA2,CD4,0.0046407604130266,0,91,91
5143_Dg,GSE227903,Diagnosis,cellchat,cDC,Naive T,HLA-DQA2,CD4,0.0037298106545985,0,70,44
5143_Dg,GSE227903,Diagnosis,cellchat,Late GMP,Naive T,HLA-DQA2,CD4,0.00114901742547491,0,30,44
5143_Dg,GSE227903,Diagnosis,cellchat,Monocyte,Naive T,HLA-DQA2,CD4,0.00318624343059864,0,91,44
5143_Dg,GSE227903,Diagnosis,cellchat,cDC,Pro-Monocyte,HLA-DQA2,CD4,0.00133665391958344,0,70,45
5143_Dg,GSE227903,Diagnosis,cellchat,Late GMP,Pro-Monocyte,HLA-DQA2,CD4,0.000411090611992407,0.07,30,45
5143_Dg,GSE227903,Diagnosis,cellchat,Monocyte,Pro-Monocyte,HLA-DQA2,CD4,0.00114145589476023,0,91,45
5143_Dg,GSE227903,Diagnosis,cellchat,cDC,cDC,HLA-DOA,CD4,0.0019677702241006,0,70,70
5143_Dg,GSE227903,Diagnosis,cellchat,Cycling Progenitor,cDC,HLA-DOA,CD4,0.000198066385102703,0.07,30,70
5143_Dg,GSE227903,Diagnosis,cellchat,Late GMP,cDC,HLA-DOA,CD4,0.000366379127217919,0.03,30,70
5143_Dg,GSE227903,Diagnosis,cellchat,Monocyte,cDC,HLA-DOA,CD4,0.000479860698049969,0.01,91,70
5143_Dg,GSE227903,Diagnosis,cellchat,pDC,cDC,HLA-DOA,CD4,0.000485083425115939,0.04,225,70
5143_Dg,GSE227903,Diagnosis,cellchat,cDC,Monocyte,HLA-DOA,CD4,0.0153745258972902,0,70,91
5143_Dg,GSE227903,Diagnosis,cellchat,Cycling Progenitor,Monocyte,HLA-DOA,CD4,0.0015664510027851,0,30,91
5143_Dg,GSE227903,Diagnosis,cellchat,Late GMP,Monocyte,HLA-DOA,CD4,0.00289422271950085,0,30,91
5143_Dg,GSE227903,Diagnosis,cellchat,Monocyte,Monocyte,HLA-DOA,CD4,0.00378770698892191,0,91,91
5143_Dg,GSE227903,Diagnosis,cellchat,pDC,Monocyte,HLA-DOA,CD4,0.00382879387512209,0,225,91
5143_Dg,GSE227903,Diagnosis,cellchat,cDC,Naive T,HLA-DOA,CD4,0.0105916077597888,0,70,44
5143_Dg,GSE227903,Diagnosis,cellchat,Cycling Progenitor,Naive T,HLA-DOA,CD4,0.0010744504826426,0.01,30,44
5143_Dg,GSE227903,Diagnosis,cellchat,Late GMP,Naive T,HLA-DOA,CD4,0.00198601706788379,0,30,44
5143_Dg,GSE227903,Diagnosis,cellchat,Monocyte,Naive T,HLA-DOA,CD4,0.00259985746806922,0,91,44
5143_Dg,GSE227903,Diagnosis,cellchat,pDC,Naive T,HLA-DOA,CD4,0.00262809323184522,0,225,44
5143_Dg,GSE227903,Diagnosis,cellchat,cDC,Pro-Monocyte,HLA-DOA,CD4,0.00381256778556912,0,70,45
5143_Dg,GSE227903,Diagnosis,cellchat,Cycling Progenitor,Pro-Monocyte,HLA-DOA,CD4,0.000384393936145602,0.13,30,45
5143_Dg,GSE227903,Diagnosis,cellchat,Late GMP,Pro-Monocyte,HLA-DOA,CD4,0.000710931411248549,0.07,30,45
5143_Dg,GSE227903,Diagnosis,cellchat,Monocyte,Pro-Monocyte,HLA-DOA,CD4,0.000931034550884007,0.01,91,45
5143_Dg,GSE227903,Diagnosis,cellchat,pDC,Pro-Monocyte,HLA-DOA,CD4,0.000941163158177882,0.02,225,45
5143_Dg,GSE227903,Diagnosis,cellchat,CD8 Memory T,cDC,HLA-DQB1,CD4,0.000563087831248423,0.15,19,70
5143_Dg,GSE227903,Diagnosis,cellchat,cDC,cDC,HLA-DQB1,CD4,0.00994137801033858,0.04,70,70
5143_Dg,GSE227903,Diagnosis,cellchat,Cycling Progenitor,cDC,HLA-DQB1,CD4,0.00411467516977641,0.13,30,70
5143_Dg,GSE227903,Diagnosis,cellchat,Early GMP,cDC,HLA-DQB1,CD4,0.00357602747849909,0.15,142,70
5143_Dg,GSE227903,Diagnosis,cellchat,Late GMP,cDC,HLA-DQB1,CD4,0.00494217171215445,0.11,30,70
5143_Dg,GSE227903,Diagnosis,cellchat,LMPP,cDC,HLA-DQB1,CD4,0.00355961128919733,0.15,78,70
5143_Dg,GSE227903,Diagnosis,cellchat,Monocyte,cDC,HLA-DQB1,CD4,0.0074801782944966,0.07,91,70
5143_Dg,GSE227903,Diagnosis,cellchat,pDC,cDC,HLA-DQB1,CD4,0.00630023172729368,0.08,225,70
5143_Dg,GSE227903,Diagnosis,cellchat,Pro-Monocyte,cDC,HLA-DQB1,CD4,0.00587335399231792,0.08,45,70
5143_Dg,GSE227903,Diagnosis,cellchat,CD8 Memory T,Monocyte,HLA-DQB1,CD4,0.00444209791383369,0.13,19,91
5143_Dg,GSE227903,Diagnosis,cellchat,cDC,Monocyte,HLA-DQB1,CD4,0.0736639636440441,0,70,91
5143_Dg,GSE227903,Diagnosis,cellchat,Cycling Progenitor,Monocyte,HLA-DQB1,CD4,0.0316842947911267,0,30,91
5143_Dg,GSE227903,Diagnosis,cellchat,Early GMP,Monocyte,HLA-DQB1,CD4,0.0276366938674101,0,142,91
5143_Dg,GSE227903,Diagnosis,cellchat,Late GMP,Monocyte,HLA-DQB1,CD4,0.0378455775033663,0,30,91
5143_Dg,GSE227903,Diagnosis,cellchat,LMPP,Monocyte,HLA-DQB1,CD4,0.0275128740582502,0,78,91
5143_Dg,GSE227903,Diagnosis,cellchat,Monocyte,Monocyte,HLA-DQB1,CD4,0.0563243705197262,0,91,91
5143_Dg,GSE227903,Diagnosis,cellchat,pDC,Monocyte,HLA-DQB1,CD4,0.0478107394090503,0,225,91
5143_Dg,GSE227903,Diagnosis,cellchat,Pro-Monocyte,Monocyte,HLA-DQB1,CD4,0.0446977939869565,0,45,91
5143_Dg,GSE227903,Diagnosis,cellchat,CD8 Memory T,Naive T,HLA-DQB1,CD4,0.00304965538092386,0.14,19,44
5143_Dg,GSE227903,Diagnosis,cellchat,cDC,Naive T,HLA-DQB1,CD4,0.0516997026516473,0,70,44
5143_Dg,GSE227903,Diagnosis,cellchat,Cycling Progenitor,Naive T,HLA-DQB1,CD4,0.0219405721144737,0,30,44
5143_Dg,GSE227903,Diagnosis,cellchat,Early GMP,Naive T,HLA-DQB1,CD4,0.0191131415827891,0,142,44
5143_Dg,GSE227903,Diagnosis,cellchat,Late GMP,Naive T,HLA-DQB1,CD4,0.0262584856863695,0,30,44
5143_Dg,GSE227903,Diagnosis,cellchat,LMPP,Naive T,HLA-DQB1,CD4,0.0190267623349593,0,78,44
5143_Dg,GSE227903,Diagnosis,cellchat,Monocyte,Naive T,HLA-DQB1,CD4,0.0393108233211026,0,91,44
5143_Dg,GSE227903,Diagnosis,cellchat,pDC,Naive T,HLA-DQB1,CD4,0.0332781630115951,0,225,44
5143_Dg,GSE227903,Diagnosis,cellchat,Pro-Monocyte,Naive T,HLA-DQB1,CD4,0.0310805445908035,0,45,44
5143_Dg,GSE227903,Diagnosis,cellchat,CD8 Memory T,Pro-Monocyte,HLA-DQB1,CD4,0.00109242783988814,0.29,19,45
5143_Dg,GSE227903,Diagnosis,cellchat,cDC,Pro-Monocyte,HLA-DQB1,CD4,0.0191182885431375,0,70,45
5143_Dg,GSE227903,Diagnosis,cellchat,Cycling Progenitor,Pro-Monocyte,HLA-DQB1,CD4,0.0079561650300659,0.2,30,45
5143_Dg,GSE227903,Diagnosis,cellchat,Early GMP,Pro-Monocyte,HLA-DQB1,CD4,0.00691812543967303,0.25,142,45
5143_Dg,GSE227903,Diagnosis,cellchat,Late GMP,Pro-Monocyte,HLA-DQB1,CD4,0.00954881072466982,0.15,30,45
5143_Dg,GSE227903,Diagnosis,cellchat,LMPP,Pro-Monocyte,HLA-DQB1,CD4,0.00688647297654949,0.23,78,45
5143_Dg,GSE227903,Diagnosis,cellchat,Monocyte,Pro-Monocyte,HLA-DQB1,CD4,0.0144182355887202,0,91,45
5143_Dg,GSE227903,Diagnosis,cellchat,pDC,Pro-Monocyte,HLA-DQB1,CD4,0.0121572638643887,0.03,225,45
5143_Dg,GSE227903,Diagnosis,cellchat,Pro-Monocyte,Pro-Monocyte,HLA-DQB1,CD4,0.0113380657923532,0.08,45,45
5143_Dg,GSE227903,Diagnosis,cellchat,cDC,cDC,HLA-DRA,CD4,0.0164229014968787,0.08,70,70
5143_Dg,GSE227903,Diagnosis,cellchat,Cycling Progenitor,cDC,HLA-DRA,CD4,0.010615898020465,0.14,30,70
5143_Dg,GSE227903,Diagnosis,cellchat,Early GMP,cDC,HLA-DRA,CD4,0.0109311994998065,0.13,142,70
5143_Dg,GSE227903,Diagnosis,cellchat,Late GMP,cDC,HLA-DRA,CD4,0.0118592683912458,0.11,30,70
5143_Dg,GSE227903,Diagnosis,cellchat,LMPP,cDC,HLA-DRA,CD4,0.0107116152967754,0.13,78,70
5143_Dg,GSE227903,Diagnosis,cellchat,Monocyte,cDC,HLA-DRA,CD4,0.0146320142050345,0.08,91,70
5143_Dg,GSE227903,Diagnosis,cellchat,pDC,cDC,HLA-DRA,CD4,0.0147295730438077,0.08,225,70
5143_Dg,GSE227903,Diagnosis,cellchat,Pro-Monocyte,cDC,HLA-DRA,CD4,0.0119093554873228,0.11,45,70
5143_Dg,GSE227903,Diagnosis,cellchat,cDC,Monocyte,HLA-DRA,CD4,0.116790153331964,0,70,91
5143_Dg,GSE227903,Diagnosis,cellchat,Cycling Progenitor,Monocyte,HLA-DRA,CD4,0.0783200235389593,0,30,91
5143_Dg,GSE227903,Diagnosis,cellchat,Early GMP,Monocyte,HLA-DRA,CD4,0.0804826201571437,0,142,91
5143_Dg,GSE227903,Diagnosis,cellchat,Late GMP,Monocyte,HLA-DRA,CD4,0.0867974667949286,0,30,91
5143_Dg,GSE227903,Diagnosis,cellchat,LMPP,Monocyte,HLA-DRA,CD4,0.0789774599485667,0,78,91
5143_Dg,GSE227903,Diagnosis,cellchat,Monocyte,Monocyte,HLA-DRA,CD4,0.105225307724844,0,91,91
5143_Dg,GSE227903,Diagnosis,cellchat,pDC,Monocyte,HLA-DRA,CD4,0.105862003276961,0,225,91
5143_Dg,GSE227903,Diagnosis,cellchat,Pro-Monocyte,Monocyte,HLA-DRA,CD4,0.0871361426460677,0,45,91
5143_Dg,GSE227903,Diagnosis,cellchat,cDC,Naive T,HLA-DRA,CD4,0.0831208644187461,0,70,44
5143_Dg,GSE227903,Diagnosis,cellchat,Cycling Progenitor,Naive T,HLA-DRA,CD4,0.0550499757366281,0,30,44
5143_Dg,GSE227903,Diagnosis,cellchat,Early GMP,Naive T,HLA-DRA,CD4,0.0566094973556689,0,142,44
5143_Dg,GSE227903,Diagnosis,cellchat,Late GMP,Naive T,HLA-DRA,CD4,0.0611758259071803,0,30,44
5143_Dg,GSE227903,Diagnosis,cellchat,LMPP,Naive T,HLA-DRA,CD4,0.0555238452987033,0,78,44
5143_Dg,GSE227903,Diagnosis,cellchat,Monocyte,Naive T,HLA-DRA,CD4,0.0746083957869352,0,91,44
5143_Dg,GSE227903,Diagnosis,cellchat,pDC,Naive T,HLA-DRA,CD4,0.0750753788215505,0,225,44
5143_Dg,GSE227903,Diagnosis,cellchat,Pro-Monocyte,Naive T,HLA-DRA,CD4,0.0614212525605301,0,45,44
5143_Dg,GSE227903,Diagnosis,cellchat,cDC,Pro-Monocyte,HLA-DRA,CD4,0.0313932072771152,0.01,70,45
5143_Dg,GSE227903,Diagnosis,cellchat,Cycling Progenitor,Pro-Monocyte,HLA-DRA,CD4,0.020402628357109,0.22,30,45
5143_Dg,GSE227903,Diagnosis,cellchat,Early GMP,Pro-Monocyte,HLA-DRA,CD4,0.0210024339330861,0.22,142,45
5143_Dg,GSE227903,Diagnosis,cellchat,Late GMP,Pro-Monocyte,HLA-DRA,CD4,0.022765878625642,0.18,30,45
5143_Dg,GSE227903,Diagnosis,cellchat,LMPP,Pro-Monocyte,HLA-DRA,CD4,0.0205847508827466,0.22,78,45
5143_Dg,GSE227903,Diagnosis,cellchat,Monocyte,Pro-Monocyte,HLA-DRA,CD4,0.0280163354861447,0.04,91,45
5143_Dg,GSE227903,Diagnosis,cellchat,pDC,Pro-Monocyte,HLA-DRA,CD4,0.0282005801953341,0.04,225,45
5143_Dg,GSE227903,Diagnosis,cellchat,Pro-Monocyte,Pro-Monocyte,HLA-DRA,CD4,0.0228609636118087,0.17,45,45
5143_Dg,GSE227903,Diagnosis,cellchat,CD8 Memory T,cDC,HLA-DRB1,CD4,0.00134417173449911,0.15,19,70
5143_Dg,GSE227903,Diagnosis,cellchat,cDC,cDC,HLA-DRB1,CD4,0.0125510448845646,0.07,70,70
5143_Dg,GSE227903,Diagnosis,cellchat,Cycling Progenitor,cDC,HLA-DRB1,CD4,0.00775343351681508,0.13,30,70
5143_Dg,GSE227903,Diagnosis,cellchat,Early GMP,cDC,HLA-DRB1,CD4,0.00813311069186601,0.12,142,70
5143_Dg,GSE227903,Diagnosis,cellchat,Late GMP,cDC,HLA-DRB1,CD4,0.00875733302205652,0.11,30,70
5143_Dg,GSE227903,Diagnosis,cellchat,LMPP,cDC,HLA-DRB1,CD4,0.00759355869745747,0.14,78,70
5143_Dg,GSE227903,Diagnosis,cellchat,Monocyte,cDC,HLA-DRB1,CD4,0.0107809185164005,0.08,91,70
5143_Dg,GSE227903,Diagnosis,cellchat,pDC,cDC,HLA-DRB1,CD4,0.010180635629557,0.08,225,70
5143_Dg,GSE227903,Diagnosis,cellchat,Pro-Monocyte,cDC,HLA-DRB1,CD4,0.00878071717074357,0.1,45,70
5143_Dg,GSE227903,Diagnosis,cellchat,CD8 Memory T,Monocyte,HLA-DRB1,CD4,0.0105471438845952,0.11,19,91
5143_Dg,GSE227903,Diagnosis,cellchat,cDC,Monocyte,HLA-DRB1,CD4,0.0914559687070303,0,70,91
5143_Dg,GSE227903,Diagnosis,cellchat,Cycling Progenitor,Monocyte,HLA-DRB1,CD4,0.0582771642173213,0,30,91
5143_Dg,GSE227903,Diagnosis,cellchat,Early GMP,Monocyte,HLA-DRB1,CD4,0.0609788870756975,0,142,91
5143_Dg,GSE227903,Diagnosis,cellchat,Late GMP,Monocyte,HLA-DRB1,CD4,0.0653916619831584,0,30,91
5143_Dg,GSE227903,Diagnosis,cellchat,LMPP,Monocyte,HLA-DRB1,CD4,0.0571354849168361,0,78,91
5143_Dg,GSE227903,Diagnosis,cellchat,Monocyte,Monocyte,HLA-DRB1,CD4,0.0794529649669855,0,91,91
5143_Dg,GSE227903,Diagnosis,cellchat,pDC,Monocyte,HLA-DRB1,CD4,0.0753201519716416,0,225,91
5143_Dg,GSE227903,Diagnosis,cellchat,Pro-Monocyte,Monocyte,HLA-DRB1,CD4,0.065556271706663,0,45,91
5143_Dg,GSE227903,Diagnosis,cellchat,CD8 Memory T,Naive T,HLA-DRB1,CD4,0.00725492853083772,0.14,19,44
5143_Dg,GSE227903,Diagnosis,cellchat,cDC,Naive T,HLA-DRB1,CD4,0.0645564018497774,0,70,44
5143_Dg,GSE227903,Diagnosis,cellchat,Cycling Progenitor,Naive T,HLA-DRB1,CD4,0.0406991889951929,0,30,44
5143_Dg,GSE227903,Diagnosis,cellchat,Early GMP,Naive T,HLA-DRB1,CD4,0.042622882275121,0,142,44
5143_Dg,GSE227903,Diagnosis,cellchat,Late GMP,Naive T,HLA-DRB1,CD4,0.0457720629071647,0,30,44
5143_Dg,GSE227903,Diagnosis,cellchat,LMPP,Naive T,HLA-DRB1,CD4,0.0398872855183436,0,78,44
5143_Dg,GSE227903,Diagnosis,cellchat,Monocyte,Naive T,HLA-DRB1,CD4,0.0558667068669773,0,91,44
5143_Dg,GSE227903,Diagnosis,cellchat,pDC,Naive T,HLA-DRB1,CD4,0.052890263481358,0,225,44
5143_Dg,GSE227903,Diagnosis,cellchat,Pro-Monocyte,Naive T,HLA-DRB1,CD4,0.0458897094101959,0,45,44
5143_Dg,GSE227903,Diagnosis,cellchat,CD8 Memory T,Pro-Monocyte,HLA-DRB1,CD4,0.00260586806605281,0.29,19,45
5143_Dg,GSE227903,Diagnosis,cellchat,cDC,Pro-Monocyte,HLA-DRB1,CD4,0.0240783583803647,0,70,45
5143_Dg,GSE227903,Diagnosis,cellchat,Cycling Progenitor,Pro-Monocyte,HLA-DRB1,CD4,0.0149411266542103,0.22,30,45
5143_Dg,GSE227903,Diagnosis,cellchat,Early GMP,Pro-Monocyte,HLA-DRB1,CD4,0.0156672197795878,0.19,142,45
5143_Dg,GSE227903,Diagnosis,cellchat,Late GMP,Pro-Monocyte,HLA-DRB1,CD4,0.0168598614875441,0.15,30,45
5143_Dg,GSE227903,Diagnosis,cellchat,LMPP,Pro-Monocyte,HLA-DRB1,CD4,0.014635228537172,0.22,78,45
5143_Dg,GSE227903,Diagnosis,cellchat,Monocyte,Pro-Monocyte,HLA-DRB1,CD4,0.0207165947611125,0.03,91,45
5143_Dg,GSE227903,Diagnosis,cellchat,pDC,Pro-Monocyte,HLA-DRB1,CD4,0.0195740389423908,0.09,225,45
5143_Dg,GSE227903,Diagnosis,cellchat,Pro-Monocyte,Pro-Monocyte,HLA-DRB1,CD4,0.0169045123304239,0.18,45,45
5143_Dg,GSE227903,Diagnosis,cellchat,CD8 Memory T,cDC,HLA-DRB5,CD4,0.000666304975210093,0.15,19,70
5143_Dg,GSE227903,Diagnosis,cellchat,cDC,cDC,HLA-DRB5,CD4,0.00795706379537567,0.06,70,70
5143_Dg,GSE227903,Diagnosis,cellchat,Cycling Progenitor,cDC,HLA-DRB5,CD4,0.00414567927477191,0.13,30,70
5143_Dg,GSE227903,Diagnosis,cellchat,Early GMP,cDC,HLA-DRB5,CD4,0.00471945524459132,0.13,142,70
5143_Dg,GSE227903,Diagnosis,cellchat,Late GMP,cDC,HLA-DRB5,CD4,0.00460191177356581,0.12,30,70
5143_Dg,GSE227903,Diagnosis,cellchat,LMPP,cDC,HLA-DRB5,CD4,0.00477420299979908,0.11,78,70
5143_Dg,GSE227903,Diagnosis,cellchat,Monocyte,cDC,HLA-DRB5,CD4,0.00634315256829601,0.07,91,70
5143_Dg,GSE227903,Diagnosis,cellchat,pDC,cDC,HLA-DRB5,CD4,0.00586757986872822,0.08,225,70
5143_Dg,GSE227903,Diagnosis,cellchat,Pro-Monocyte,cDC,HLA-DRB5,CD4,0.00476728935230628,0.11,45,70
5143_Dg,GSE227903,Diagnosis,cellchat,CD8 Memory T,Monocyte,HLA-DRB5,CD4,0.0052526223168645,0.12,19,91
5143_Dg,GSE227903,Diagnosis,cellchat,cDC,Monocyte,HLA-DRB5,CD4,0.0597278381527878,0,70,91
5143_Dg,GSE227903,Diagnosis,cellchat,Cycling Progenitor,Monocyte,HLA-DRB5,CD4,0.0319163785496077,0,30,91
5143_Dg,GSE227903,Diagnosis,cellchat,Early GMP,Monocyte,HLA-DRB5,CD4,0.0361940198540192,0,142,91
5143_Dg,GSE227903,Diagnosis,cellchat,Late GMP,Monocyte,HLA-DRB5,CD4,0.0353203853895675,0,30,91
5143_Dg,GSE227903,Diagnosis,cellchat,LMPP,Monocyte,HLA-DRB5,CD4,0.0366004595100699,0,78,91
5143_Dg,GSE227903,Diagnosis,cellchat,Monocyte,Monocyte,HLA-DRB5,CD4,0.0481227588636741,0,91,91
5143_Dg,GSE227903,Diagnosis,cellchat,pDC,Monocyte,HLA-DRB5,CD4,0.0446555658687489,0,225,91
5143_Dg,GSE227903,Diagnosis,cellchat,Pro-Monocyte,Monocyte,HLA-DRB5,CD4,0.0365491500066597,0,45,91
5143_Dg,GSE227903,Diagnosis,cellchat,CD8 Memory T,Naive T,HLA-DRB5,CD4,0.00360702922626156,0.14,19,44
5143_Dg,GSE227903,Diagnosis,cellchat,cDC,Naive T,HLA-DRB5,CD4,0.0417316905164129,0,70,44
5143_Dg,GSE227903,Diagnosis,cellchat,Cycling Progenitor,Naive T,HLA-DRB5,CD4,0.0221029133815476,0,30,44
5143_Dg,GSE227903,Diagnosis,cellchat,Early GMP,Naive T,HLA-DRB5,CD4,0.0250993907644931,0,142,44
5143_Dg,GSE227903,Diagnosis,cellchat,Late GMP,Naive T,HLA-DRB5,CD4,0.0244867495785232,0,30,44
5143_Dg,GSE227903,Diagnosis,cellchat,LMPP,Naive T,HLA-DRB5,CD4,0.0253845249590385,0,78,44
5143_Dg,GSE227903,Diagnosis,cellchat,Monocyte,Naive T,HLA-DRB5,CD4,0.0334986774686752,0,91,44
5143_Dg,GSE227903,Diagnosis,cellchat,pDC,Naive T,HLA-DRB5,CD4,0.0310507631773307,0,225,44
5143_Dg,GSE227903,Diagnosis,cellchat,Pro-Monocyte,Naive T,HLA-DRB5,CD4,0.0253485251585309,0,45,44
5143_Dg,GSE227903,Diagnosis,cellchat,CD8 Memory T,Pro-Monocyte,HLA-DRB5,CD4,0.00129255047536714,0.29,19,45
5143_Dg,GSE227903,Diagnosis,cellchat,cDC,Pro-Monocyte,HLA-DRB5,CD4,0.0153306124307916,0,70,45
5143_Dg,GSE227903,Diagnosis,cellchat,Cycling Progenitor,Pro-Monocyte,HLA-DRB5,CD4,0.00801588180334231,0.21,30,45
5143_Dg,GSE227903,Diagnosis,cellchat,Early GMP,Pro-Monocyte,HLA-DRB5,CD4,0.00912040116214088,0.17,142,45
5143_Dg,GSE227903,Diagnosis,cellchat,Late GMP,Pro-Monocyte,HLA-DRB5,CD4,0.00889422658648852,0.18,30,45
5143_Dg,GSE227903,Diagnosis,cellchat,LMPP,Pro-Monocyte,HLA-DRB5,CD4,0.00922572859069737,0.17,78,45
5143_Dg,GSE227903,Diagnosis,cellchat,Monocyte,Pro-Monocyte,HLA-DRB5,CD4,0.0122395947384536,0.02,91,45
5143_Dg,GSE227903,Diagnosis,cellchat,pDC,Pro-Monocyte,HLA-DRB5,CD4,0.0113269804957772,0.05,225,45
5143_Dg,GSE227903,Diagnosis,cellchat,Pro-Monocyte,Pro-Monocyte,HLA-DRB5,CD4,0.00921242824486211,0.18,45,45
5143_Dg,GSE227903,Diagnosis,cellchat,Cycling Progenitor,CD8 Memory T,NECTIN2,CD226,0.00181042947555161,0,30,19
5143_Dg,GSE227903,Diagnosis,cellchat,Early GMP,CD8 Memory T,NECTIN2,CD226,0.00159793088920288,0,142,19
5143_Dg,GSE227903,Diagnosis,cellchat,LMPP,CD8 Memory T,NECTIN2,CD226,0.00255492050935146,0,78,19
5143_Dg,GSE227903,Diagnosis,cellchat,Cycling Progenitor,CD8 Memory T,NECTIN2,TIGIT,0.00184202249931265,0,30,19
5143_Dg,GSE227903,Diagnosis,cellchat,Early GMP,CD8 Memory T,NECTIN2,TIGIT,0.0016258217316464,0,142,19
5143_Dg,GSE227903,Diagnosis,cellchat,LMPP,CD8 Memory T,NECTIN2,TIGIT,0.00259947149192601,0,78,19
5143_Dg,GSE227903,Diagnosis,cellchat,Late GMP,Late GMP,OCLN,OCLN,0.000554576442079289,0,30,30
5143_Dg,GSE227903,Diagnosis,cellchat,cDC,cDC,PECAM1,PECAM1,0.00140754595630211,0.78,70,70
5143_Dg,GSE227903,Diagnosis,cellchat,Cycling Progenitor,cDC,PECAM1,PECAM1,0.00341043579931303,0.29,30,70
5143_Dg,GSE227903,Diagnosis,cellchat,Early GMP,cDC,PECAM1,PECAM1,0.00138958304401465,0.9,142,70
5143_Dg,GSE227903,Diagnosis,cellchat,LMPP,cDC,PECAM1,PECAM1,0.00390922656969537,0.13,78,70
5143_Dg,GSE227903,Diagnosis,cellchat,Monocyte,cDC,PECAM1,PECAM1,0.00616929396498511,0,91,70
5143_Dg,GSE227903,Diagnosis,cellchat,pDC,cDC,PECAM1,PECAM1,0.00173565805146936,0.54,225,70
5143_Dg,GSE227903,Diagnosis,cellchat,Pro-Monocyte,cDC,PECAM1,PECAM1,0.0044186457875319,0.09,45,70
5143_Dg,GSE227903,Diagnosis,cellchat,cDC,Cycling Progenitor,PECAM1,PECAM1,0.00341043579931303,0.29,70,30
5143_Dg,GSE227903,Diagnosis,cellchat,Cycling Progenitor,Cycling Progenitor,PECAM1,PECAM1,0.00823985246909496,0.17,30,30
5143_Dg,GSE227903,Diagnosis,cellchat,Early GMP,Cycling Progenitor,PECAM1,PECAM1,0.00336699845992938,0.2,142,30
5143_Dg,GSE227903,Diagnosis,cellchat,Late GMP,Cycling Progenitor,PECAM1,PECAM1,0.00258858809247865,0.41,30,30
5143_Dg,GSE227903,Diagnosis,cellchat,LMPP,Cycling Progenitor,PECAM1,PECAM1,0.00943827672650194,0.01,78,30
5143_Dg,GSE227903,Diagnosis,cellchat,Monocyte,Cycling Progenitor,PECAM1,PECAM1,0.0148472448258987,0,91,30
5143_Dg,GSE227903,Diagnosis,cellchat,pDC,Cycling Progenitor,PECAM1,PECAM1,0.00420347486795377,0.12,225,30
5143_Dg,GSE227903,Diagnosis,cellchat,Pro-Monocyte,Cycling Progenitor,PECAM1,PECAM1,0.0106604866057319,0.02,45,30
5143_Dg,GSE227903,Diagnosis,cellchat,cDC,Early GMP,PECAM1,PECAM1,0.00138958304401465,0.9,70,142
5143_Dg,GSE227903,Diagnosis,cellchat,Cycling Progenitor,Early GMP,PECAM1,PECAM1,0.00336699845992938,0.2,30,142
5143_Dg,GSE227903,Diagnosis,cellchat,Early GMP,Early GMP,PECAM1,PECAM1,0.00137184905707285,0.88,142,142
5143_Dg,GSE227903,Diagnosis,cellchat,Late GMP,Early GMP,PECAM1,PECAM1,0.00105420582035644,0.97,30,142
5143_Dg,GSE227903,Diagnosis,cellchat,LMPP,Early GMP,PECAM1,PECAM1,0.00385946093696362,0.05,78,142
5143_Dg,GSE227903,Diagnosis,cellchat,Monocyte,Early GMP,PECAM1,PECAM1,0.00609093292503344,0,91,142
5143_Dg,GSE227903,Diagnosis,cellchat,pDC,Early GMP,PECAM1,PECAM1,0.00171351500188254,0.57,225,142
5143_Dg,GSE227903,Diagnosis,cellchat,Pro-Monocyte,Early GMP,PECAM1,PECAM1,0.00436242349619182,0.07,45,142
5143_Dg,GSE227903,Diagnosis,cellchat,Cycling Progenitor,Late GMP,PECAM1,PECAM1,0.00258858809247865,0.41,30,30
5143_Dg,GSE227903,Diagnosis,cellchat,Early GMP,Late GMP,PECAM1,PECAM1,0.00105420582035644,0.97,142,30
5143_Dg,GSE227903,Diagnosis,cellchat,Late GMP,Late GMP,PECAM1,PECAM1,0.000810051267477608,0.96,30,30
5143_Dg,GSE227903,Diagnosis,cellchat,LMPP,Late GMP,PECAM1,PECAM1,0.00296753804810246,0.34,78,30
5143_Dg,GSE227903,Diagnosis,cellchat,Monocyte,Late GMP,PECAM1,PECAM1,0.0046857417831299,0.1,91,30
5143_Dg,GSE227903,Diagnosis,cellchat,pDC,Late GMP,PECAM1,PECAM1,0.00131686543200732,0.91,225,30
5143_Dg,GSE227903,Diagnosis,cellchat,Pro-Monocyte,Late GMP,PECAM1,PECAM1,0.00335465720758348,0.31,45,30
5143_Dg,GSE227903,Diagnosis,cellchat,cDC,LMPP,PECAM1,PECAM1,0.00390922656969537,0.13,70,78
5143_Dg,GSE227903,Diagnosis,cellchat,Cycling Progenitor,LMPP,PECAM1,PECAM1,0.00943827672650194,0.01,30,78
5143_Dg,GSE227903,Diagnosis,cellchat,Early GMP,LMPP,PECAM1,PECAM1,0.00385946093696362,0.05,142,78
5143_Dg,GSE227903,Diagnosis,cellchat,Late GMP,LMPP,PECAM1,PECAM1,0.00296753804810246,0.34,30,78
5143_Dg,GSE227903,Diagnosis,cellchat,LMPP,LMPP,PECAM1,PECAM1,0.0108091030345723,0.01,78,78
5143_Dg,GSE227903,Diagnosis,cellchat,Monocyte,LMPP,PECAM1,PECAM1,0.0169902011999459,0,91,78
5143_Dg,GSE227903,Diagnosis,cellchat,pDC,LMPP,PECAM1,PECAM1,0.00481769028825751,0.01,225,78
5143_Dg,GSE227903,Diagnosis,cellchat,Pro-Monocyte,LMPP,PECAM1,PECAM1,0.012206640590216,0,45,78
5143_Dg,GSE227903,Diagnosis,cellchat,cDC,Monocyte,PECAM1,PECAM1,0.00616929396498511,0,70,91
5143_Dg,GSE227903,Diagnosis,cellchat,Cycling Progenitor,Monocyte,PECAM1,PECAM1,0.0148472448258987,0,30,91
5143_Dg,GSE227903,Diagnosis,cellchat,Early GMP,Monocyte,PECAM1,PECAM1,0.00609093292503344,0,142,91
5143_Dg,GSE227903,Diagnosis,cellchat,Late GMP,Monocyte,PECAM1,PECAM1,0.0046857417831299,0.1,30,91
5143_Dg,GSE227903,Diagnosis,cellchat,LMPP,Monocyte,PECAM1,PECAM1,0.0169902011999459,0,78,91
5143_Dg,GSE227903,Diagnosis,cellchat,Monocyte,Monocyte,PECAM1,PECAM1,0.0266108236571813,0,91,91
5143_Dg,GSE227903,Diagnosis,cellchat,pDC,Monocyte,PECAM1,PECAM1,0.00759896714652269,0.01,225,91
5143_Dg,GSE227903,Diagnosis,cellchat,Pro-Monocyte,Monocyte,PECAM1,PECAM1,0.0191714206527241,0,45,91
5143_Dg,GSE227903,Diagnosis,cellchat,cDC,pDC,PECAM1,PECAM1,0.00173565805146936,0.54,70,225
5143_Dg,GSE227903,Diagnosis,cellchat,Cycling Progenitor,pDC,PECAM1,PECAM1,0.00420347486795377,0.12,30,225
5143_Dg,GSE227903,Diagnosis,cellchat,Early GMP,pDC,PECAM1,PECAM1,0.00171351500188254,0.57,142,225
5143_Dg,GSE227903,Diagnosis,cellchat,Late GMP,pDC,PECAM1,PECAM1,0.00131686543200732,0.91,30,225
5143_Dg,GSE227903,Diagnosis,cellchat,LMPP,pDC,PECAM1,PECAM1,0.00481769028825751,0.01,78,225
5143_Dg,GSE227903,Diagnosis,cellchat,Monocyte,pDC,PECAM1,PECAM1,0.00759896714652269,0.01,91,225
5143_Dg,GSE227903,Diagnosis,cellchat,pDC,pDC,PECAM1,PECAM1,0.00214009221959187,0.09,225,225
5143_Dg,GSE227903,Diagnosis,cellchat,Pro-Monocyte,pDC,PECAM1,PECAM1,0.00544484613898638,0.01,45,225
5143_Dg,GSE227903,Diagnosis,cellchat,cDC,Pro-Monocyte,PECAM1,PECAM1,0.0044186457875319,0.09,70,45
5143_Dg,GSE227903,Diagnosis,cellchat,Cycling Progenitor,Pro-Monocyte,PECAM1,PECAM1,0.0106604866057319,0.02,30,45
5143_Dg,GSE227903,Diagnosis,cellchat,Early GMP,Pro-Monocyte,PECAM1,PECAM1,0.00436242349619182,0.07,142,45
5143_Dg,GSE227903,Diagnosis,cellchat,Late GMP,Pro-Monocyte,PECAM1,PECAM1,0.00335465720758348,0.31,30,45
5143_Dg,GSE227903,Diagnosis,cellchat,LMPP,Pro-Monocyte,PECAM1,PECAM1,0.012206640590216,0,78,45
5143_Dg,GSE227903,Diagnosis,cellchat,Monocyte,Pro-Monocyte,PECAM1,PECAM1,0.0191714206527241,0,91,45
5143_Dg,GSE227903,Diagnosis,cellchat,pDC,Pro-Monocyte,PECAM1,PECAM1,0.00544484613898638,0.01,225,45
5143_Dg,GSE227903,Diagnosis,cellchat,Pro-Monocyte,Pro-Monocyte,PECAM1,PECAM1,0.0137823519132127,0.01,45,45
5143_Dg,GSE227903,Diagnosis,cellchat,CD4 Memory T,Cycling Progenitor,SELL,CD34,0.0798470002373765,0.01,27,30
5143_Dg,GSE227903,Diagnosis,cellchat,cDC,Cycling Progenitor,SELL,CD34,0.0732931971026886,0.06,70,30
5143_Dg,GSE227903,Diagnosis,cellchat,Cycling Progenitor,Cycling Progenitor,SELL,CD34,0.122802159203798,0,30,30
5143_Dg,GSE227903,Diagnosis,cellchat,Early GMP,Cycling Progenitor,SELL,CD34,0.108413740255939,0,142,30
5143_Dg,GSE227903,Diagnosis,cellchat,Late GMP,Cycling Progenitor,SELL,CD34,0.062450498503924,0.17,30,30
5143_Dg,GSE227903,Diagnosis,cellchat,LMPP,Cycling Progenitor,SELL,CD34,0.147161905240904,0,78,30
5143_Dg,GSE227903,Diagnosis,cellchat,Monocyte,Cycling Progenitor,SELL,CD34,0.100256401913728,0,91,30
5143_Dg,GSE227903,Diagnosis,cellchat,Naive T,Cycling Progenitor,SELL,CD34,0.0858269429108462,0.04,44,30
5143_Dg,GSE227903,Diagnosis,cellchat,pDC,Cycling Progenitor,SELL,CD34,0.151177450564677,0,225,30
5143_Dg,GSE227903,Diagnosis,cellchat,Pro-Monocyte,Cycling Progenitor,SELL,CD34,0.0500321197226901,0.27,45,30
5143_Dg,GSE227903,Diagnosis,cellchat,CD4 Memory T,Early GMP,SELL,CD34,0.0813892664030304,0,27,142
5143_Dg,GSE227903,Diagnosis,cellchat,cDC,Early GMP,SELL,CD34,0.0747191541665437,0,70,142
5143_Dg,GSE227903,Diagnosis,cellchat,Cycling Progenitor,Early GMP,SELL,CD34,0.125061349508203,0,30,142
5143_Dg,GSE227903,Diagnosis,cellchat,Early GMP,Early GMP,SELL,CD34,0.110441553830392,0,142,142
5143_Dg,GSE227903,Diagnosis,cellchat,Late GMP,Early GMP,SELL,CD34,0.0636800010139483,0.02,30,142
5143_Dg,GSE227903,Diagnosis,cellchat,LMPP,Early GMP,SELL,CD34,0.149792714940271,0,78,142
5143_Dg,GSE227903,Diagnosis,cellchat,Monocyte,Early GMP,SELL,CD34,0.102149118283698,0,91,142
5143_Dg,GSE227903,Diagnosis,cellchat,Naive T,Early GMP,SELL,CD34,0.0874737329394419,0,44,142
5143_Dg,GSE227903,Diagnosis,cellchat,pDC,Early GMP,SELL,CD34,0.153867094637239,0,225,142
5143_Dg,GSE227903,Diagnosis,cellchat,Pro-Monocyte,Early GMP,SELL,CD34,0.0510304411555806,0.1,45,142
5143_Dg,GSE227903,Diagnosis,cellchat,CD4 Memory T,Late GMP,SELL,CD34,0.0375252913592194,0.39,27,30
5143_Dg,GSE227903,Diagnosis,cellchat,cDC,Late GMP,SELL,CD34,0.0343156856347606,0.5,70,30
5143_Dg,GSE227903,Diagnosis,cellchat,Cycling Progenitor,Late GMP,SELL,CD34,0.059176951087062,0.14,30,30
5143_Dg,GSE227903,Diagnosis,cellchat,Early GMP,Late GMP,SELL,CD34,0.0518030921508885,0.25,142,30
5143_Dg,GSE227903,Diagnosis,cellchat,Late GMP,Late GMP,SELL,CD34,0.0290583546248956,0.63,30,30
5143_Dg,GSE227903,Diagnosis,cellchat,LMPP,Late GMP,SELL,CD34,0.0719508572524757,0.02,78,30
5143_Dg,GSE227903,Diagnosis,cellchat,Monocyte,Late GMP,SELL,CD34,0.0476775112595488,0.29,91,30
5143_Dg,GSE227903,Diagnosis,cellchat,Naive T,Late GMP,SELL,CD34,0.0404750761459647,0.4,44,30
5143_Dg,GSE227903,Diagnosis,cellchat,pDC,Late GMP,SELL,CD34,0.0740924447490415,0.01,225,30
5143_Dg,GSE227903,Diagnosis,cellchat,Pro-Monocyte,Late GMP,SELL,CD34,0.0231163369705466,0.8,45,30
5143_Dg,GSE227903,Diagnosis,cellchat,CD4 Memory T,LMPP,SELL,CD34,0.0892484488321797,0,27,78
5143_Dg,GSE227903,Diagnosis,cellchat,cDC,LMPP,SELL,CD34,0.0819917399408832,0,70,78
5143_Dg,GSE227903,Diagnosis,cellchat,Cycling Progenitor,LMPP,SELL,CD34,0.136510948136157,0,30,78
5143_Dg,GSE227903,Diagnosis,cellchat,Early GMP,LMPP,SELL,CD34,0.120737385468205,0,142,78
5143_Dg,GSE227903,Diagnosis,cellchat,Late GMP,LMPP,SELL,CD34,0.069959359887523,0.03,30,78
5143_Dg,GSE227903,Diagnosis,cellchat,LMPP,LMPP,SELL,CD34,0.16308447921291,0,78,78
5143_Dg,GSE227903,Diagnosis,cellchat,Monocyte,LMPP,SELL,CD34,0.111769024822898,0,91,78
5143_Dg,GSE227903,Diagnosis,cellchat,Naive T,LMPP,SELL,CD34,0.0958591385307155,0,44,78
5143_Dg,GSE227903,Diagnosis,cellchat,pDC,LMPP,SELL,CD34,0.167449191288751,0,225,78
5143_Dg,GSE227903,Diagnosis,cellchat,Pro-Monocyte,LMPP,SELL,CD34,0.0561372369472224,0.09,45,78
5143_Dg,GSE227903,Diagnosis,cellchat,Cycling Progenitor,pDC,SELL,CD34,0.0278747324900841,0.75,30,225
5143_Dg,GSE227903,Diagnosis,cellchat,Early GMP,pDC,SELL,CD34,0.0243006016229893,0.97,142,225
5143_Dg,GSE227903,Diagnosis,cellchat,LMPP,pDC,SELL,CD34,0.0341369252733521,0.42,78,225
5143_Dg,GSE227903,Diagnosis,cellchat,pDC,pDC,SELL,CD34,0.0351956812193619,0.4,225,225
5143_Dg,GSE227903,Diagnosis,cellchat,CD8 Memory T,CD4 Memory T,SELPLG,SELL,0.0195259129968227,0.27,19,27
5143_Dg,GSE227903,Diagnosis,cellchat,cDC,CD4 Memory T,SELPLG,SELL,0.0223275363343465,0.01,70,27
5143_Dg,GSE227903,Diagnosis,cellchat,Cycling Progenitor,CD4 Memory T,SELPLG,SELL,0.00882398250720766,0.8,30,27
5143_Dg,GSE227903,Diagnosis,cellchat,Early GMP,CD4 Memory T,SELPLG,SELL,0.00688839309332437,0.99,142,27
5143_Dg,GSE227903,Diagnosis,cellchat,Late GMP,CD4 Memory T,SELPLG,SELL,0.0215679284814904,0.12,30,27
5143_Dg,GSE227903,Diagnosis,cellchat,Monocyte,CD4 Memory T,SELPLG,SELL,0.0111588982145564,0.72,91,27
5143_Dg,GSE227903,Diagnosis,cellchat,pDC,CD4 Memory T,SELPLG,SELL,0.0130577752880731,0.42,225,27
5143_Dg,GSE227903,Diagnosis,cellchat,Pro-Monocyte,CD4 Memory T,SELPLG,SELL,0.00704976140557742,0.91,45,27
5143_Dg,GSE227903,Diagnosis,cellchat,CD8 Memory T,cDC,SELPLG,SELL,0.0178273109647305,0.27,19,70
5143_Dg,GSE227903,Diagnosis,cellchat,cDC,cDC,SELPLG,SELL,0.0203902834118733,0.02,70,70
5143_Dg,GSE227903,Diagnosis,cellchat,Cycling Progenitor,cDC,SELPLG,SELL,0.0080487224384959,0.9,30,70
5143_Dg,GSE227903,Diagnosis,cellchat,Late GMP,cDC,SELPLG,SELL,0.0196952553684464,0.16,30,70
5143_Dg,GSE227903,Diagnosis,cellchat,Monocyte,cDC,SELPLG,SELL,0.0101806034891654,0.89,91,70
5143_Dg,GSE227903,Diagnosis,cellchat,pDC,cDC,SELPLG,SELL,0.0119150129287794,0.78,225,70
5143_Dg,GSE227903,Diagnosis,cellchat,Pro-Monocyte,cDC,SELPLG,SELL,0.00642937024719441,0.96,45,70
5143_Dg,GSE227903,Diagnosis,cellchat,CD8 Memory T,Cycling Progenitor,SELPLG,SELL,0.0311280213538548,0.17,19,30
5143_Dg,GSE227903,Diagnosis,cellchat,cDC,Cycling Progenitor,SELPLG,SELL,0.0355340107367595,0,70,30
5143_Dg,GSE227903,Diagnosis,cellchat,Cycling Progenitor,Cycling Progenitor,SELPLG,SELL,0.0141589369360733,0.36,30,30
5143_Dg,GSE227903,Diagnosis,cellchat,Early GMP,Cycling Progenitor,SELPLG,SELL,0.0110661612176591,0.76,142,30
5143_Dg,GSE227903,Diagnosis,cellchat,Late GMP,Cycling Progenitor,SELPLG,SELL,0.0343408854928637,0.03,30,30
5143_Dg,GSE227903,Diagnosis,cellchat,LMPP,Cycling Progenitor,SELPLG,SELL,0.0113996934326391,0.72,78,30
5143_Dg,GSE227903,Diagnosis,cellchat,Monocyte,Cycling Progenitor,SELPLG,SELL,0.0178800702544855,0.05,91,30
5143_Dg,GSE227903,Diagnosis,cellchat,pDC,Cycling Progenitor,SELPLG,SELL,0.0208984977108157,0,225,30
5143_Dg,GSE227903,Diagnosis,cellchat,Pro-Monocyte,Cycling Progenitor,SELPLG,SELL,0.0113242824383931,0.61,45,30
5143_Dg,GSE227903,Diagnosis,cellchat,CD8 Memory T,Early GMP,SELPLG,SELL,0.0271483993977269,0.23,19,142
5143_Dg,GSE227903,Diagnosis,cellchat,cDC,Early GMP,SELPLG,SELL,0.0310091249526376,0,70,142
5143_Dg,GSE227903,Diagnosis,cellchat,Cycling Progenitor,Early GMP,SELPLG,SELL,0.0123211714260181,0.53,30,142
5143_Dg,GSE227903,Diagnosis,cellchat,Early GMP,Early GMP,SELPLG,SELL,0.00962590429912551,0.99,142,142
5143_Dg,GSE227903,Diagnosis,cellchat,Late GMP,Early GMP,SELPLG,SELL,0.0299632116724059,0.04,30,142
5143_Dg,GSE227903,Diagnosis,cellchat,LMPP,Early GMP,SELPLG,SELL,0.00991646269739896,0.95,78,142
5143_Dg,GSE227903,Diagnosis,cellchat,Monocyte,Early GMP,SELPLG,SELL,0.0155669451957283,0.1,91,142
5143_Dg,GSE227903,Diagnosis,cellchat,pDC,Early GMP,SELPLG,SELL,0.0182021191640569,0,225,142
5143_Dg,GSE227903,Diagnosis,cellchat,Pro-Monocyte,Early GMP,SELPLG,SELL,0.00985076576896169,0.84,45,142
5143_Dg,GSE227903,Diagnosis,cellchat,CD8 Memory T,Late GMP,SELPLG,SELL,0.0150566933868438,0.39,19,30
5143_Dg,GSE227903,Diagnosis,cellchat,cDC,Late GMP,SELPLG,SELL,0.0172283304658823,0.05,70,30
5143_Dg,GSE227903,Diagnosis,cellchat,Cycling Progenitor,Late GMP,SELPLG,SELL,0.00678733438923912,0.89,30,30
5143_Dg,GSE227903,Diagnosis,cellchat,Late GMP,Late GMP,SELPLG,SELL,0.0166392508101444,0.23,30,30
5143_Dg,GSE227903,Diagnosis,cellchat,Monocyte,Late GMP,SELPLG,SELL,0.00858800167698572,0.97,91,30
5143_Dg,GSE227903,Diagnosis,cellchat,pDC,Late GMP,SELPLG,SELL,0.0100538448161063,0.91,225,30
5143_Dg,GSE227903,Diagnosis,cellchat,Pro-Monocyte,Late GMP,SELPLG,SELL,0.00542037875447954,0.96,45,30
5143_Dg,GSE227903,Diagnosis,cellchat,CD8 Memory T,LMPP,SELPLG,SELL,0.0380924423266774,0.07,19,78
5143_Dg,GSE227903,Diagnosis,cellchat,cDC,LMPP,SELPLG,SELL,0.043440006991666,0,70,78
5143_Dg,GSE227903,Diagnosis,cellchat,Cycling Progenitor,LMPP,SELPLG,SELL,0.0173949465466134,0.18,30,78
5143_Dg,GSE227903,Diagnosis,cellchat,Early GMP,LMPP,SELPLG,SELL,0.0136050751804537,0.22,142,78
5143_Dg,GSE227903,Diagnosis,cellchat,Late GMP,LMPP,SELPLG,SELL,0.0419929803101022,0,30,78
5143_Dg,GSE227903,Diagnosis,cellchat,LMPP,LMPP,SELPLG,SELL,0.0140140454411003,0.2,78,78
5143_Dg,GSE227903,Diagnosis,cellchat,Monocyte,LMPP,SELPLG,SELL,0.0219476071670263,0.04,91,78
5143_Dg,GSE227903,Diagnosis,cellchat,pDC,LMPP,SELPLG,SELL,0.0256347737519427,0,225,78
5143_Dg,GSE227903,Diagnosis,cellchat,Pro-Monocyte,LMPP,SELPLG,SELL,0.0139215835863277,0.23,45,78
5143_Dg,GSE227903,Diagnosis,cellchat,CD8 Memory T,Monocyte,SELPLG,SELL,0.0249346761563919,0.24,19,91
5143_Dg,GSE227903,Diagnosis,cellchat,cDC,Monocyte,SELPLG,SELL,0.0284898112220211,0.01,70,91
5143_Dg,GSE227903,Diagnosis,cellchat,Cycling Progenitor,Monocyte,SELPLG,SELL,0.0113024373189949,0.64,30,91
5143_Dg,GSE227903,Diagnosis,cellchat,Late GMP,Monocyte,SELPLG,SELL,0.0275264585042048,0.07,30,91
5143_Dg,GSE227903,Diagnosis,cellchat,LMPP,Monocyte,SELPLG,SELL,0.00909472292631513,0.98,78,91
5143_Dg,GSE227903,Diagnosis,cellchat,Monocyte,Monocyte,SELPLG,SELL,0.0142837264185595,0.19,91,91
5143_Dg,GSE227903,Diagnosis,cellchat,pDC,Monocyte,SELPLG,SELL,0.0167053631680996,0.02,225,91
5143_Dg,GSE227903,Diagnosis,cellchat,Pro-Monocyte,Monocyte,SELPLG,SELL,0.00903442037744097,0.88,45,91
5143_Dg,GSE227903,Diagnosis,cellchat,CD8 Memory T,Naive T,SELPLG,SELL,0.0210918104224284,0.26,19,44
5143_Dg,GSE227903,Diagnosis,cellchat,cDC,Naive T,SELPLG,SELL,0.0241125868865956,0.01,70,44
5143_Dg,GSE227903,Diagnosis,cellchat,Cycling Progenitor,Naive T,SELPLG,SELL,0.00953998014044098,0.77,30,44
5143_Dg,GSE227903,Diagnosis,cellchat,Late GMP,Naive T,SELPLG,SELL,0.0232936965288083,0.1,30,44
5143_Dg,GSE227903,Diagnosis,cellchat,Monocyte,Naive T,SELPLG,SELL,0.0120620504949992,0.51,91,44
5143_Dg,GSE227903,Diagnosis,cellchat,pDC,Naive T,SELPLG,SELL,0.0141124209825508,0.2,225,44
5143_Dg,GSE227903,Diagnosis,cellchat,Pro-Monocyte,Naive T,SELPLG,SELL,0.00762290197438362,0.94,45,44
5143_Dg,GSE227903,Diagnosis,cellchat,CD8 Memory T,pDC,SELPLG,SELL,0.0392688907566216,0.03,19,225
5143_Dg,GSE227903,Diagnosis,cellchat,cDC,pDC,SELPLG,SELL,0.0447739223677333,0,70,225
5143_Dg,GSE227903,Diagnosis,cellchat,Cycling Progenitor,pDC,SELPLG,SELL,0.0179440972332327,0.19,30,225
5143_Dg,GSE227903,Diagnosis,cellchat,Early GMP,pDC,SELPLG,SELL,0.0140362904173833,0.13,142,225
5143_Dg,GSE227903,Diagnosis,cellchat,Late GMP,pDC,SELPLG,SELL,0.0432844723776599,0,30,225
5143_Dg,GSE227903,Diagnosis,cellchat,LMPP,pDC,SELPLG,SELL,0.0144580330664784,0.16,78,225
5143_Dg,GSE227903,Diagnosis,cellchat,Monocyte,pDC,SELPLG,SELL,0.0226371721792938,0.04,91,225
5143_Dg,GSE227903,Diagnosis,cellchat,pDC,pDC,SELPLG,SELL,0.0264370533483036,0,225,225
5143_Dg,GSE227903,Diagnosis,cellchat,Pro-Monocyte,pDC,SELPLG,SELL,0.0143626845418005,0.16,45,225
5143_Dg,GSE227903,Diagnosis,cellchat,CD8 Memory T,Pro-Monocyte,SELPLG,SELL,0.011942598410397,0.54,19,45
5143_Dg,GSE227903,Diagnosis,cellchat,cDC,Pro-Monocyte,SELPLG,SELL,0.0136713217784259,0.29,70,45
5143_Dg,GSE227903,Diagnosis,cellchat,Cycling Progenitor,Pro-Monocyte,SELPLG,SELL,0.00537421442652738,0.93,30,45
5143_Dg,GSE227903,Diagnosis,cellchat,Late GMP,Pro-Monocyte,SELPLG,SELL,0.0132022312917337,0.45,30,45
5143_Dg,GSE227903,Diagnosis,cellchat,Pro-Monocyte,Pro-Monocyte,SELPLG,SELL,0.00429062888345934,0.96,45,45
5143_Dg,GSE227903,Diagnosis,cellchat,cDC,cDC,SEMA4A,PLXNB2,0.00772863452433977,0,70,70
5143_Dg,GSE227903,Diagnosis,cellchat,Cycling Progenitor,cDC,SEMA4A,PLXNB2,0.000438830190730412,0.8,30,70
5143_Dg,GSE227903,Diagnosis,cellchat,Late GMP,cDC,SEMA4A,PLXNB2,0.00127498473432397,0.21,30,70
5143_Dg,GSE227903,Diagnosis,cellchat,Monocyte,cDC,SEMA4A,PLXNB2,0.0050283885201774,0,91,70
5143_Dg,GSE227903,Diagnosis,cellchat,pDC,cDC,SEMA4A,PLXNB2,0.00119353869744958,0.09,225,70
5143_Dg,GSE227903,Diagnosis,cellchat,Pro-Monocyte,cDC,SEMA4A,PLXNB2,0.00359372864603019,0,45,70
5143_Dg,GSE227903,Diagnosis,cellchat,cDC,Cycling Progenitor,SEMA4A,PLXNB2,0.0125878810928441,0,70,30
5143_Dg,GSE227903,Diagnosis,cellchat,Cycling Progenitor,Cycling Progenitor,SEMA4A,PLXNB2,0.000718053874617488,0.63,30,30
5143_Dg,GSE227903,Diagnosis,cellchat,Late GMP,Cycling Progenitor,SEMA4A,PLXNB2,0.00208513613869022,0.06,30,30
5143_Dg,GSE227903,Diagnosis,cellchat,Monocyte,Cycling Progenitor,SEMA4A,PLXNB2,0.00820393825156678,0,91,30
5143_Dg,GSE227903,Diagnosis,cellchat,pDC,Cycling Progenitor,SEMA4A,PLXNB2,0.00195203877426419,0.02,225,30
5143_Dg,GSE227903,Diagnosis,cellchat,Pro-Monocyte,Cycling Progenitor,SEMA4A,PLXNB2,0.00586859970575884,0,45,30
5143_Dg,GSE227903,Diagnosis,cellchat,cDC,Early GMP,SEMA4A,PLXNB2,0.00544202719895615,0,70,142
5143_Dg,GSE227903,Diagnosis,cellchat,Cycling Progenitor,Early GMP,SEMA4A,PLXNB2,0.000308326951980613,0.81,30,142
5143_Dg,GSE227903,Diagnosis,cellchat,Late GMP,Early GMP,SEMA4A,PLXNB2,0.000896041304815059,0.6,30,142
5143_Dg,GSE227903,Diagnosis,cellchat,Monocyte,Early GMP,SEMA4A,PLXNB2,0.0035378323128661,0,91,142
5143_Dg,GSE227903,Diagnosis,cellchat,pDC,Early GMP,SEMA4A,PLXNB2,0.00083878184756056,0.86,225,142
5143_Dg,GSE227903,Diagnosis,cellchat,Pro-Monocyte,Early GMP,SEMA4A,PLXNB2,0.00252736584285703,0,45,142
5143_Dg,GSE227903,Diagnosis,cellchat,cDC,Late GMP,SEMA4A,PLXNB2,0.0139384604464455,0,70,30
5143_Dg,GSE227903,Diagnosis,cellchat,Cycling Progenitor,Late GMP,SEMA4A,PLXNB2,0.00079612215180887,0.54,30,30
5143_Dg,GSE227903,Diagnosis,cellchat,Late GMP,Late GMP,SEMA4A,PLXNB2,0.00231149257062333,0.02,30,30
5143_Dg,GSE227903,Diagnosis,cellchat,Monocyte,Late GMP,SEMA4A,PLXNB2,0.00908848484203671,0,91,30
5143_Dg,GSE227903,Diagnosis,cellchat,pDC,Late GMP,SEMA4A,PLXNB2,0.00216397786787322,0.01,225,30
5143_Dg,GSE227903,Diagnosis,cellchat,Pro-Monocyte,Late GMP,SEMA4A,PLXNB2,0.00650300164442273,0,45,30
5143_Dg,GSE227903,Diagnosis,cellchat,cDC,LMPP,SEMA4A,PLXNB2,0.00741797932886233,0,70,78
5143_Dg,GSE227903,Diagnosis,cellchat,Cycling Progenitor,LMPP,SEMA4A,PLXNB2,0.000421066915726367,0.8,30,78
5143_Dg,GSE227903,Diagnosis,cellchat,Late GMP,LMPP,SEMA4A,PLXNB2,0.00122341643809051,0.26,30,78
5143_Dg,GSE227903,Diagnosis,cellchat,Monocyte,LMPP,SEMA4A,PLXNB2,0.00482574281403852,0,91,78
5143_Dg,GSE227903,Diagnosis,cellchat,pDC,LMPP,SEMA4A,PLXNB2,0.00114526080695148,0.2,225,78
5143_Dg,GSE227903,Diagnosis,cellchat,Pro-Monocyte,LMPP,SEMA4A,PLXNB2,0.0034486998011509,0,45,78
5143_Dg,GSE227903,Diagnosis,cellchat,cDC,Monocyte,SEMA4A,PLXNB2,0.0241728241486854,0,70,91
5143_Dg,GSE227903,Diagnosis,cellchat,Cycling Progenitor,Monocyte,SEMA4A,PLXNB2,0.00139432278703966,0.15,30,91
5143_Dg,GSE227903,Diagnosis,cellchat,Late GMP,Monocyte,SEMA4A,PLXNB2,0.00404372396573181,0,30,91
5143_Dg,GSE227903,Diagnosis,cellchat,Monocyte,Monocyte,SEMA4A,PLXNB2,0.0158188659042897,0,91,91
5143_Dg,GSE227903,Diagnosis,cellchat,pDC,Monocyte,SEMA4A,PLXNB2,0.0037860813286392,0,225,91
5143_Dg,GSE227903,Diagnosis,cellchat,Pro-Monocyte,Monocyte,SEMA4A,PLXNB2,0.0113406430834788,0,45,91
5143_Dg,GSE227903,Diagnosis,cellchat,cDC,pDC,SEMA4A,PLXNB2,0.00805621482497111,0,70,225
5143_Dg,GSE227903,Diagnosis,cellchat,Cycling Progenitor,pDC,SEMA4A,PLXNB2,0.000457572611239947,0.81,30,225
5143_Dg,GSE227903,Diagnosis,cellchat,Late GMP,pDC,SEMA4A,PLXNB2,0.00132939178686635,0.18,30,225
5143_Dg,GSE227903,Diagnosis,cellchat,Monocyte,pDC,SEMA4A,PLXNB2,0.00524212278851169,0,91,225
5143_Dg,GSE227903,Diagnosis,cellchat,pDC,pDC,SEMA4A,PLXNB2,0.00124447455768312,0.04,225,225
5143_Dg,GSE227903,Diagnosis,cellchat,Pro-Monocyte,pDC,SEMA4A,PLXNB2,0.0037467115832934,0,45,225
5143_Dg,GSE227903,Diagnosis,cellchat,cDC,Pro-Monocyte,SEMA4A,PLXNB2,0.0205319950717774,0,70,45
5143_Dg,GSE227903,Diagnosis,cellchat,Cycling Progenitor,Pro-Monocyte,SEMA4A,PLXNB2,0.00118016536650262,0.32,30,45
5143_Dg,GSE227903,Diagnosis,cellchat,Late GMP,Pro-Monocyte,SEMA4A,PLXNB2,0.00342403386929665,0,30,45
5143_Dg,GSE227903,Diagnosis,cellchat,Monocyte,Pro-Monocyte,SEMA4A,PLXNB2,0.0134189791685011,0,91,45
5143_Dg,GSE227903,Diagnosis,cellchat,pDC,Pro-Monocyte,SEMA4A,PLXNB2,0.00320574720427615,0,225,45
5143_Dg,GSE227903,Diagnosis,cellchat,Pro-Monocyte,Pro-Monocyte,SEMA4A,PLXNB2,0.00961351306404435,0,45,45
5143_Dg,GSE227903,Diagnosis,cellchat,CD8 Memory T,cDC,SEMA4D,PLXNB2,0.001474441805858,0.64,19,70
5143_Dg,GSE227903,Diagnosis,cellchat,cDC,cDC,SEMA4D,PLXNB2,0.00135963571227718,0.75,70,70
5143_Dg,GSE227903,Diagnosis,cellchat,Cycling Progenitor,cDC,SEMA4D,PLXNB2,0.00317951376402446,0.2,30,70
5143_Dg,GSE227903,Diagnosis,cellchat,Early GMP,cDC,SEMA4D,PLXNB2,0.00321765990878189,0.14,142,70
5143_Dg,GSE227903,Diagnosis,cellchat,Late GMP,cDC,SEMA4D,PLXNB2,0.00376092045260537,0.17,30,70
5143_Dg,GSE227903,Diagnosis,cellchat,LMPP,cDC,SEMA4D,PLXNB2,0.00140223741192472,0.8,78,70
5143_Dg,GSE227903,Diagnosis,cellchat,Monocyte,cDC,SEMA4D,PLXNB2,0.00533660230886636,0,91,70
5143_Dg,GSE227903,Diagnosis,cellchat,Naive T,cDC,SEMA4D,PLXNB2,0.00290172645520856,0.33,44,70
5143_Dg,GSE227903,Diagnosis,cellchat,pDC,cDC,SEMA4D,PLXNB2,0.00455578322825718,0.02,225,70
5143_Dg,GSE227903,Diagnosis,cellchat,Pro-Monocyte,cDC,SEMA4D,PLXNB2,0.00112891365027522,0.88,45,70
5143_Dg,GSE227903,Diagnosis,cellchat,CD8 Memory T,Cycling Progenitor,SEMA4D,PLXNB2,0.00241102635575952,0.39,19,30
5143_Dg,GSE227903,Diagnosis,cellchat,cDC,Cycling Progenitor,SEMA4D,PLXNB2,0.00222345633109497,0.41,70,30
5143_Dg,GSE227903,Diagnosis,cellchat,Cycling Progenitor,Cycling Progenitor,SEMA4D,PLXNB2,0.00519354877182955,0.03,30,30
5143_Dg,GSE227903,Diagnosis,cellchat,Early GMP,Cycling Progenitor,SEMA4D,PLXNB2,0.0052557308551388,0.02,142,30
5143_Dg,GSE227903,Diagnosis,cellchat,Late GMP,Cycling Progenitor,SEMA4D,PLXNB2,0.00614097355549188,0.02,30,30
5143_Dg,GSE227903,Diagnosis,cellchat,LMPP,Cycling Progenitor,SEMA4D,PLXNB2,0.00229306212171024,0.42,78,30
5143_Dg,GSE227903,Diagnosis,cellchat,Monocyte,Cycling Progenitor,SEMA4D,PLXNB2,0.00870509358729906,0,91,30
5143_Dg,GSE227903,Diagnosis,cellchat,Naive T,Cycling Progenitor,SEMA4D,PLXNB2,0.00474063636954668,0.05,44,30
5143_Dg,GSE227903,Diagnosis,cellchat,pDC,Cycling Progenitor,SEMA4D,PLXNB2,0.00743510152375817,0.01,225,30
5143_Dg,GSE227903,Diagnosis,cellchat,Pro-Monocyte,Cycling Progenitor,SEMA4D,PLXNB2,0.0018464200943021,0.54,45,30
5143_Dg,GSE227903,Diagnosis,cellchat,CD8 Memory T,Early GMP,SEMA4D,PLXNB2,0.00103627843455222,0.86,19,142
5143_Dg,GSE227903,Diagnosis,cellchat,cDC,Early GMP,SEMA4D,PLXNB2,0.000955556891250116,0.99,70,142
5143_Dg,GSE227903,Diagnosis,cellchat,Cycling Progenitor,Early GMP,SEMA4D,PLXNB2,0.00223578465714394,0.42,30,142
5143_Dg,GSE227903,Diagnosis,cellchat,Early GMP,Early GMP,SEMA4D,PLXNB2,0.0022626341332931,0.37,142,142
5143_Dg,GSE227903,Diagnosis,cellchat,Late GMP,Early GMP,SEMA4D,PLXNB2,0.00264507872191462,0.44,30,142
5143_Dg,GSE227903,Diagnosis,cellchat,LMPP,Early GMP,SEMA4D,PLXNB2,0.000985510014292255,0.99,78,142
5143_Dg,GSE227903,Diagnosis,cellchat,Monocyte,Early GMP,SEMA4D,PLXNB2,0.00375502764532103,0.08,91,142
5143_Dg,GSE227903,Diagnosis,cellchat,Naive T,Early GMP,SEMA4D,PLXNB2,0.00204028017852952,0.56,44,142
5143_Dg,GSE227903,Diagnosis,cellchat,pDC,Early GMP,SEMA4D,PLXNB2,0.00320486931102869,0.14,225,142
5143_Dg,GSE227903,Diagnosis,cellchat,Pro-Monocyte,Early GMP,SEMA4D,PLXNB2,0.000793350118531383,0.99,45,142
5143_Dg,GSE227903,Diagnosis,cellchat,CD8 Memory T,Late GMP,SEMA4D,PLXNB2,0.00267266574977678,0.28,19,30
5143_Dg,GSE227903,Diagnosis,cellchat,cDC,Late GMP,SEMA4D,PLXNB2,0.00246479132082894,0.33,70,30
5143_Dg,GSE227903,Diagnosis,cellchat,Cycling Progenitor,Late GMP,SEMA4D,PLXNB2,0.00575539945095426,0.02,30,30
5143_Dg,GSE227903,Diagnosis,cellchat,Early GMP,Late GMP,SEMA4D,PLXNB2,0.00582426915811953,0,142,30
5143_Dg,GSE227903,Diagnosis,cellchat,Late GMP,Late GMP,SEMA4D,PLXNB2,0.00680461786292339,0.01,30,30
5143_Dg,GSE227903,Diagnosis,cellchat,LMPP,Late GMP,SEMA4D,PLXNB2,0.00254193290928816,0.35,78,30
5143_Dg,GSE227903,Diagnosis,cellchat,Monocyte,Late GMP,SEMA4D,PLXNB2,0.00964314924961785,0,91,30
5143_Dg,GSE227903,Diagnosis,cellchat,Naive T,Late GMP,SEMA4D,PLXNB2,0.00525374865120368,0.05,44,30
5143_Dg,GSE227903,Diagnosis,cellchat,pDC,Late GMP,SEMA4D,PLXNB2,0.00823744082616796,0.01,225,30
5143_Dg,GSE227903,Diagnosis,cellchat,Pro-Monocyte,Late GMP,SEMA4D,PLXNB2,0.00204691534861074,0.43,45,30
5143_Dg,GSE227903,Diagnosis,cellchat,CD8 Memory T,LMPP,SEMA4D,PLXNB2,0.00141481765596508,0.72,19,78
5143_Dg,GSE227903,Diagnosis,cellchat,cDC,LMPP,SEMA4D,PLXNB2,0.0013046480776543,0.83,70,78
5143_Dg,GSE227903,Diagnosis,cellchat,Cycling Progenitor,LMPP,SEMA4D,PLXNB2,0.00305114982588796,0.28,30,78
5143_Dg,GSE227903,Diagnosis,cellchat,Early GMP,LMPP,SEMA4D,PLXNB2,0.00308776069764269,0.16,142,78
5143_Dg,GSE227903,Diagnosis,cellchat,Late GMP,LMPP,SEMA4D,PLXNB2,0.00360916883939319,0.26,30,78
5143_Dg,GSE227903,Diagnosis,cellchat,LMPP,LMPP,SEMA4D,PLXNB2,0.00134552916170591,0.87,78,78
5143_Dg,GSE227903,Diagnosis,cellchat,Monocyte,LMPP,SEMA4D,PLXNB2,0.00512159942346891,0,91,78
5143_Dg,GSE227903,Diagnosis,cellchat,Naive T,LMPP,SEMA4D,PLXNB2,0.00278454607149861,0.42,44,78
5143_Dg,GSE227903,Diagnosis,cellchat,pDC,LMPP,SEMA4D,PLXNB2,0.0043720999778442,0,225,78
5143_Dg,GSE227903,Diagnosis,cellchat,Pro-Monocyte,LMPP,SEMA4D,PLXNB2,0.00108324696729869,0.92,45,78
5143_Dg,GSE227903,Diagnosis,cellchat,CD8 Memory T,Monocyte,SEMA4D,PLXNB2,0.00467429205853307,0.05,19,91
5143_Dg,GSE227903,Diagnosis,cellchat,cDC,Monocyte,SEMA4D,PLXNB2,0.00431140827313247,0,70,91
5143_Dg,GSE227903,Diagnosis,cellchat,Cycling Progenitor,Monocyte,SEMA4D,PLXNB2,0.010042514573354,0,30,91
5143_Dg,GSE227903,Diagnosis,cellchat,Early GMP,Monocyte,SEMA4D,PLXNB2,0.0101621600077862,0,142,91
5143_Dg,GSE227903,Diagnosis,cellchat,Late GMP,Monocyte,SEMA4D,PLXNB2,0.0118639549216982,0,30,91
5143_Dg,GSE227903,Diagnosis,cellchat,LMPP,Monocyte,SEMA4D,PLXNB2,0.00444608659888886,0,78,91
5143_Dg,GSE227903,Diagnosis,cellchat,Monocyte,Monocyte,SEMA4D,PLXNB2,0.0167773266494142,0,91,91
5143_Dg,GSE227903,Diagnosis,cellchat,Naive T,Monocyte,SEMA4D,PLXNB2,0.00917063788632332,0,44,91
5143_Dg,GSE227903,Diagnosis,cellchat,pDC,Monocyte,SEMA4D,PLXNB2,0.0143467149511299,0,225,91
5143_Dg,GSE227903,Diagnosis,cellchat,Pro-Monocyte,Monocyte,SEMA4D,PLXNB2,0.00358158448422272,0.18,45,91
5143_Dg,GSE227903,Diagnosis,cellchat,CD8 Memory T,pDC,SEMA4D,PLXNB2,0.00153734713033105,0.66,19,225
5143_Dg,GSE227903,Diagnosis,cellchat,cDC,pDC,SEMA4D,PLXNB2,0.00141764992387277,0.78,70,225
5143_Dg,GSE227903,Diagnosis,cellchat,Cycling Progenitor,pDC,SEMA4D,PLXNB2,0.00331492247726198,0.24,30,225
5143_Dg,GSE227903,Diagnosis,cellchat,Early GMP,pDC,SEMA4D,PLXNB2,0.00335468771772125,0.11,142,225
5143_Dg,GSE227903,Diagnosis,cellchat,Late GMP,pDC,SEMA4D,PLXNB2,0.00392099264041843,0.15,30,225
5143_Dg,GSE227903,Diagnosis,cellchat,LMPP,pDC,SEMA4D,PLXNB2,0.00146206673147303,0.77,78,225
5143_Dg,GSE227903,Diagnosis,cellchat,Monocyte,pDC,SEMA4D,PLXNB2,0.00556336411173718,0,91,225
5143_Dg,GSE227903,Diagnosis,cellchat,Naive T,pDC,SEMA4D,PLXNB2,0.00302534070419896,0.41,44,225
5143_Dg,GSE227903,Diagnosis,cellchat,pDC,pDC,SEMA4D,PLXNB2,0.00474952505517589,0,225,225
5143_Dg,GSE227903,Diagnosis,cellchat,Pro-Monocyte,pDC,SEMA4D,PLXNB2,0.00117709480044672,0.91,45,225
5143_Dg,GSE227903,Diagnosis,cellchat,CD8 Memory T,Pro-Monocyte,SEMA4D,PLXNB2,0.00395835311522033,0.19,19,45
5143_Dg,GSE227903,Diagnosis,cellchat,cDC,Pro-Monocyte,SEMA4D,PLXNB2,0.00365084663116673,0.13,70,45
5143_Dg,GSE227903,Diagnosis,cellchat,Cycling Progenitor,Pro-Monocyte,SEMA4D,PLXNB2,0.00851138181598221,0,30,45
5143_Dg,GSE227903,Diagnosis,cellchat,Early GMP,Pro-Monocyte,SEMA4D,PLXNB2,0.00861294420906077,0,142,45
5143_Dg,GSE227903,Diagnosis,cellchat,Late GMP,Pro-Monocyte,SEMA4D,PLXNB2,0.0100579376062799,0,30,45
5143_Dg,GSE227903,Diagnosis,cellchat,LMPP,Pro-Monocyte,SEMA4D,PLXNB2,0.00376496857815183,0.1,78,45
5143_Dg,GSE227903,Diagnosis,cellchat,Monocyte,Pro-Monocyte,SEMA4D,PLXNB2,0.0142341344661428,0,91,45
5143_Dg,GSE227903,Diagnosis,cellchat,Naive T,Pro-Monocyte,SEMA4D,PLXNB2,0.00777139233843048,0.01,44,45
5143_Dg,GSE227903,Diagnosis,cellchat,pDC,Pro-Monocyte,SEMA4D,PLXNB2,0.0121674076947872,0,225,45
5143_Dg,GSE227903,Diagnosis,cellchat,Pro-Monocyte,Pro-Monocyte,SEMA4D,PLXNB2,0.00303250041304259,0.29,45,45
5143_Dg,GSE227903,Diagnosis,cellchat,cDC,CD4 Memory T,CD55,ADGRE5,0.0171983728594056,0.93,70,27
5143_Dg,GSE227903,Diagnosis,cellchat,Cycling Progenitor,CD4 Memory T,CD55,ADGRE5,0.01001116513906,0.96,30,27
5143_Dg,GSE227903,Diagnosis,cellchat,Early GMP,CD4 Memory T,CD55,ADGRE5,0.00855190001540507,0.99,142,27
5143_Dg,GSE227903,Diagnosis,cellchat,Late GMP,CD4 Memory T,CD55,ADGRE5,0.012949112465592,0.9,30,27
5143_Dg,GSE227903,Diagnosis,cellchat,LMPP,CD4 Memory T,CD55,ADGRE5,0.00922908291896571,0.97,78,27
5143_Dg,GSE227903,Diagnosis,cellchat,Monocyte,CD4 Memory T,CD55,ADGRE5,0.0256651425415248,0.52,91,27
5143_Dg,GSE227903,Diagnosis,cellchat,pDC,CD4 Memory T,CD55,ADGRE5,0.00917802246829126,0.97,225,27
5143_Dg,GSE227903,Diagnosis,cellchat,Pro-Monocyte,CD4 Memory T,CD55,ADGRE5,0.0173172833455584,0.9,45,27
5143_Dg,GSE227903,Diagnosis,cellchat,CD4 Memory T,CD8 Memory T,CD55,ADGRE5,0.0202744324455791,0.78,27,19
5143_Dg,GSE227903,Diagnosis,cellchat,cDC,CD8 Memory T,CD55,ADGRE5,0.0669682340788345,0,70,19
5143_Dg,GSE227903,Diagnosis,cellchat,Cycling Progenitor,CD8 Memory T,CD55,ADGRE5,0.0398249878454524,0.11,30,19
5143_Dg,GSE227903,Diagnosis,cellchat,Early GMP,CD8 Memory T,CD55,ADGRE5,0.0341699442032509,0.13,142,19
5143_Dg,GSE227903,Diagnosis,cellchat,Late GMP,CD8 Memory T,CD55,ADGRE5,0.0510610405011609,0.01,30,19
5143_Dg,GSE227903,Diagnosis,cellchat,LMPP,CD8 Memory T,CD55,ADGRE5,0.0368003980410285,0.09,78,19
5143_Dg,GSE227903,Diagnosis,cellchat,Monocyte,CD8 Memory T,CD55,ADGRE5,0.0975058676614822,0,91,19
5143_Dg,GSE227903,Diagnosis,cellchat,Naive T,CD8 Memory T,CD55,ADGRE5,0.0224839667448845,0.77,44,19
5143_Dg,GSE227903,Diagnosis,cellchat,pDC,CD8 Memory T,CD55,ADGRE5,0.0366024329901221,0.06,225,19
5143_Dg,GSE227903,Diagnosis,cellchat,Pro-Monocyte,CD8 Memory T,CD55,ADGRE5,0.0674076544334556,0,45,19
5143_Dg,GSE227903,Diagnosis,cellchat,CD4 Memory T,cDC,CD55,ADGRE5,0.0108167156809062,0.96,27,70
5143_Dg,GSE227903,Diagnosis,cellchat,cDC,cDC,CD55,ADGRE5,0.0365409682573433,0.03,70,70
5143_Dg,GSE227903,Diagnosis,cellchat,Cycling Progenitor,cDC,CD55,ADGRE5,0.0214468760496849,0.77,30,70
5143_Dg,GSE227903,Diagnosis,cellchat,Late GMP,cDC,CD55,ADGRE5,0.0276471058981769,0.48,30,70
5143_Dg,GSE227903,Diagnosis,cellchat,LMPP,cDC,CD55,ADGRE5,0.0197892825841966,0.96,78,70
5143_Dg,GSE227903,Diagnosis,cellchat,Monocyte,cDC,CD55,ADGRE5,0.0540068370954458,0,91,70
5143_Dg,GSE227903,Diagnosis,cellchat,Naive T,cDC,CD55,ADGRE5,0.0120081686965623,0.99,44,70
5143_Dg,GSE227903,Diagnosis,cellchat,pDC,cDC,CD55,ADGRE5,0.0196809577698438,0.96,225,70
5143_Dg,GSE227903,Diagnosis,cellchat,Pro-Monocyte,cDC,CD55,ADGRE5,0.0367886084526978,0.04,45,70
5143_Dg,GSE227903,Diagnosis,cellchat,CD4 Memory T,Cycling Progenitor,CD55,ADGRE5,0.0143712375905759,0.9,27,30
5143_Dg,GSE227903,Diagnosis,cellchat,cDC,Cycling Progenitor,CD55,ADGRE5,0.0481374620146021,0,70,30
5143_Dg,GSE227903,Diagnosis,cellchat,Cycling Progenitor,Cycling Progenitor,CD55,ADGRE5,0.028394342996056,0.35,30,30
5143_Dg,GSE227903,Diagnosis,cellchat,Early GMP,Cycling Progenitor,CD55,ADGRE5,0.0243213070971417,0.54,142,30
5143_Dg,GSE227903,Diagnosis,cellchat,Late GMP,Cycling Progenitor,CD55,ADGRE5,0.0365280910821625,0.11,30,30
5143_Dg,GSE227903,Diagnosis,cellchat,LMPP,Cycling Progenitor,CD55,ADGRE5,0.0262141757546959,0.43,78,30
5143_Dg,GSE227903,Diagnosis,cellchat,Monocyte,Cycling Progenitor,CD55,ADGRE5,0.0707392567004981,0,91,30
5143_Dg,GSE227903,Diagnosis,cellchat,Naive T,Cycling Progenitor,CD55,ADGRE5,0.0159479061658074,0.93,44,30
5143_Dg,GSE227903,Diagnosis,cellchat,pDC,Cycling Progenitor,CD55,ADGRE5,0.026071617065314,0.31,225,30
5143_Dg,GSE227903,Diagnosis,cellchat,Pro-Monocyte,Cycling Progenitor,CD55,ADGRE5,0.0484597394018368,0,45,30
5143_Dg,GSE227903,Diagnosis,cellchat,CD4 Memory T,Early GMP,CD55,ADGRE5,0.0109107292910664,0.94,27,142
5143_Dg,GSE227903,Diagnosis,cellchat,cDC,Early GMP,CD55,ADGRE5,0.0368502353408421,0,70,142
5143_Dg,GSE227903,Diagnosis,cellchat,Cycling Progenitor,Early GMP,CD55,ADGRE5,0.0216312614090852,0.81,30,142
5143_Dg,GSE227903,Diagnosis,cellchat,Late GMP,Early GMP,CD55,ADGRE5,0.0278832776303453,0.35,30,142
5143_Dg,GSE227903,Diagnosis,cellchat,LMPP,Early GMP,CD55,ADGRE5,0.0199597077817776,0.97,78,142
5143_Dg,GSE227903,Diagnosis,cellchat,Monocyte,Early GMP,CD55,ADGRE5,0.0544555726775798,0,91,142
5143_Dg,GSE227903,Diagnosis,cellchat,Naive T,Early GMP,CD55,ADGRE5,0.0121124110324775,0.99,44,142
5143_Dg,GSE227903,Diagnosis,cellchat,pDC,Early GMP,CD55,ADGRE5,0.0198504689669148,0.99,225,142
5143_Dg,GSE227903,Diagnosis,cellchat,Pro-Monocyte,Early GMP,CD55,ADGRE5,0.0370998907490512,0.03,45,142
5143_Dg,GSE227903,Diagnosis,cellchat,CD4 Memory T,Late GMP,CD55,ADGRE5,0.0131213152446825,0.92,27,30
5143_Dg,GSE227903,Diagnosis,cellchat,cDC,Late GMP,CD55,ADGRE5,0.0440821070505721,0,70,30
5143_Dg,GSE227903,Diagnosis,cellchat,Cycling Progenitor,Late GMP,CD55,ADGRE5,0.0259568964847449,0.52,30,30
5143_Dg,GSE227903,Diagnosis,cellchat,Early GMP,Late GMP,CD55,ADGRE5,0.0222255028740641,0.73,142,30
5143_Dg,GSE227903,Diagnosis,cellchat,Late GMP,Late GMP,CD55,ADGRE5,0.0334164358097169,0.23,30,30
5143_Dg,GSE227903,Diagnosis,cellchat,LMPP,Late GMP,CD55,ADGRE5,0.0239592655916829,0.63,78,30
5143_Dg,GSE227903,Diagnosis,cellchat,Monocyte,Late GMP,CD55,ADGRE5,0.0649096512738588,0,91,30
5143_Dg,GSE227903,Diagnosis,cellchat,Naive T,Late GMP,CD55,ADGRE5,0.0145628809415849,0.97,44,30
5143_Dg,GSE227903,Diagnosis,cellchat,pDC,Late GMP,CD55,ADGRE5,0.0238286695496749,0.63,225,30
5143_Dg,GSE227903,Diagnosis,cellchat,Pro-Monocyte,Late GMP,CD55,ADGRE5,0.0443784999080797,0.05,45,30
5143_Dg,GSE227903,Diagnosis,cellchat,CD4 Memory T,LMPP,CD55,ADGRE5,0.0156390084554285,0.94,27,78
5143_Dg,GSE227903,Diagnosis,cellchat,cDC,LMPP,CD55,ADGRE5,0.0522261138460998,0,70,78
5143_Dg,GSE227903,Diagnosis,cellchat,Cycling Progenitor,LMPP,CD55,ADGRE5,0.0308604410917942,0.24,30,78
5143_Dg,GSE227903,Diagnosis,cellchat,Early GMP,LMPP,CD55,ADGRE5,0.0264432826278239,0.39,142,78
5143_Dg,GSE227903,Diagnosis,cellchat,Late GMP,LMPP,CD55,ADGRE5,0.039671774996568,0.04,30,78
5143_Dg,GSE227903,Diagnosis,cellchat,LMPP,LMPP,CD55,ADGRE5,0.028496476066273,0.29,78,78
5143_Dg,GSE227903,Diagnosis,cellchat,Monocyte,LMPP,CD55,ADGRE5,0.0765931631836488,0,91,78
5143_Dg,GSE227903,Diagnosis,cellchat,Naive T,LMPP,CD55,ADGRE5,0.0173523155063915,0.97,44,78
5143_Dg,GSE227903,Diagnosis,cellchat,pDC,LMPP,CD55,ADGRE5,0.0283418669448158,0.23,225,78
5143_Dg,GSE227903,Diagnosis,cellchat,Pro-Monocyte,LMPP,CD55,ADGRE5,0.0525742526002657,0,45,78
5143_Dg,GSE227903,Diagnosis,cellchat,CD4 Memory T,Monocyte,CD55,ADGRE5,0.0160621293022511,0.93,27,91
5143_Dg,GSE227903,Diagnosis,cellchat,cDC,Monocyte,CD55,ADGRE5,0.0535852305577519,0,70,91
5143_Dg,GSE227903,Diagnosis,cellchat,Cycling Progenitor,Monocyte,CD55,ADGRE5,0.0316821303471661,0.25,30,91
5143_Dg,GSE227903,Diagnosis,cellchat,Early GMP,Monocyte,CD55,ADGRE5,0.0271506556451477,0.29,142,91
5143_Dg,GSE227903,Diagnosis,cellchat,Late GMP,Monocyte,CD55,ADGRE5,0.0407182174766922,0.01,30,91
5143_Dg,GSE227903,Diagnosis,cellchat,LMPP,Monocyte,CD55,ADGRE5,0.0292571226211178,0.09,78,91
5143_Dg,GSE227903,Diagnosis,cellchat,Monocyte,Monocyte,CD55,ADGRE5,0.0785338565480232,0,91,91
5143_Dg,GSE227903,Diagnosis,cellchat,Naive T,Monocyte,CD55,ADGRE5,0.0178209514914166,0.97,44,91
5143_Dg,GSE227903,Diagnosis,cellchat,pDC,Monocyte,CD55,ADGRE5,0.0290985101818836,0.14,225,91
5143_Dg,GSE227903,Diagnosis,cellchat,Pro-Monocyte,Monocyte,CD55,ADGRE5,0.0539419135346137,0,45,91
5143_Dg,GSE227903,Diagnosis,cellchat,CD4 Memory T,Naive T,CD55,ADGRE5,0.0175545593979234,0.92,27,44
5143_Dg,GSE227903,Diagnosis,cellchat,cDC,Naive T,CD55,ADGRE5,0.0583573757840172,0,70,44
5143_Dg,GSE227903,Diagnosis,cellchat,Cycling Progenitor,Naive T,CD55,ADGRE5,0.0345749102835799,0.19,30,44
5143_Dg,GSE227903,Diagnosis,cellchat,Early GMP,Naive T,CD55,ADGRE5,0.0296423490065673,0.22,142,44
5143_Dg,GSE227903,Diagnosis,cellchat,Late GMP,Naive T,CD55,ADGRE5,0.0443982202552378,0.05,30,44
5143_Dg,GSE227903,Diagnosis,cellchat,LMPP,Naive T,CD55,ADGRE5,0.0319357864717295,0.17,78,44
5143_Dg,GSE227903,Diagnosis,cellchat,Monocyte,Naive T,CD55,ADGRE5,0.0853275347144224,0,91,44
5143_Dg,GSE227903,Diagnosis,cellchat,Naive T,Naive T,CD55,ADGRE5,0.0194735700732317,0.92,44,44
5143_Dg,GSE227903,Diagnosis,cellchat,pDC,Naive T,CD55,ADGRE5,0.0317631272821849,0.14,225,44
5143_Dg,GSE227903,Diagnosis,cellchat,Pro-Monocyte,Naive T,CD55,ADGRE5,0.0587438522531743,0,45,44
5143_Dg,GSE227903,Diagnosis,cellchat,CD4 Memory T,pDC,CD55,ADGRE5,0.00874210276768813,0.98,27,225
5143_Dg,GSE227903,Diagnosis,cellchat,cDC,pDC,CD55,ADGRE5,0.0296805627908653,0.18,70,225
5143_Dg,GSE227903,Diagnosis,cellchat,Cycling Progenitor,pDC,CD55,ADGRE5,0.0173692311480957,0.91,30,225
5143_Dg,GSE227903,Diagnosis,cellchat,Late GMP,pDC,CD55,ADGRE5,0.0224176315352317,0.76,30,225
5143_Dg,GSE227903,Diagnosis,cellchat,LMPP,pDC,CD55,ADGRE5,0.0160216321385977,0.99,78,225
5143_Dg,GSE227903,Diagnosis,cellchat,Monocyte,pDC,CD55,ADGRE5,0.0440171043965999,0,91,225
5143_Dg,GSE227903,Diagnosis,cellchat,Pro-Monocyte,pDC,CD55,ADGRE5,0.0298831516951267,0.21,45,225
5143_Dg,GSE227903,Diagnosis,cellchat,CD4 Memory T,Pro-Monocyte,CD55,ADGRE5,0.0128236689746736,0.96,27,45
5143_Dg,GSE227903,Diagnosis,cellchat,cDC,Pro-Monocyte,CD55,ADGRE5,0.0431128222093164,0,70,45
5143_Dg,GSE227903,Diagnosis,cellchat,Cycling Progenitor,Pro-Monocyte,CD55,ADGRE5,0.0253755722906615,0.56,30,45
5143_Dg,GSE227903,Diagnosis,cellchat,Early GMP,Pro-Monocyte,CD55,ADGRE5,0.0217258820854842,0.89,142,45
5143_Dg,GSE227903,Diagnosis,cellchat,Late GMP,Pro-Monocyte,CD55,ADGRE5,0.0326736536168803,0.22,30,45
5143_Dg,GSE227903,Diagnosis,cellchat,LMPP,Pro-Monocyte,CD55,ADGRE5,0.0234216040721783,0.75,78,45
5143_Dg,GSE227903,Diagnosis,cellchat,Monocyte,Pro-Monocyte,CD55,ADGRE5,0.0635128344845,0,91,45
5143_Dg,GSE227903,Diagnosis,cellchat,Naive T,Pro-Monocyte,CD55,ADGRE5,0.0142330055545681,0.99,44,45
5143_Dg,GSE227903,Diagnosis,cellchat,pDC,Pro-Monocyte,CD55,ADGRE5,0.0232938687482051,0.75,225,45
5143_Dg,GSE227903,Diagnosis,cellchat,Pro-Monocyte,Pro-Monocyte,CD55,ADGRE5,0.0434029938378924,0.02,45,45
5143_Dg,GSE227903,Diagnosis,cellchat,cDC,CD8 Memory T,NRXN2,CLSTN1,0.000592323507075292,0.37,70,19
5143_Dg,GSE227903,Diagnosis,cellchat,Cycling Progenitor,CD8 Memory T,NRXN2,CLSTN1,0.00600454968794689,0,30,19
5143_Dg,GSE227903,Diagnosis,cellchat,Early GMP,CD8 Memory T,NRXN2,CLSTN1,0.00176612251054457,0.04,142,19
5143_Dg,GSE227903,Diagnosis,cellchat,Late GMP,CD8 Memory T,NRXN2,CLSTN1,0.00379433123726122,0,30,19
5143_Dg,GSE227903,Diagnosis,cellchat,LMPP,CD8 Memory T,NRXN2,CLSTN1,0.00155715579374105,0.05,78,19
5143_Dg,GSE227903,Diagnosis,cellchat,Pro-Monocyte,CD8 Memory T,NRXN2,CLSTN1,0.00119242036494972,0.12,45,19
5143_Dg,GSE227903,Diagnosis,cellchat,cDC,Cycling Progenitor,NRXN2,CLSTN1,0.000730303512419048,0.31,70,30
5143_Dg,GSE227903,Diagnosis,cellchat,Cycling Progenitor,Cycling Progenitor,NRXN2,CLSTN1,0.00739396418609211,0,30,30
5143_Dg,GSE227903,Diagnosis,cellchat,Early GMP,Cycling Progenitor,NRXN2,CLSTN1,0.00217693991464397,0,142,30
5143_Dg,GSE227903,Diagnosis,cellchat,Late GMP,Cycling Progenitor,NRXN2,CLSTN1,0.00467472052044971,0,30,30
5143_Dg,GSE227903,Diagnosis,cellchat,LMPP,Cycling Progenitor,NRXN2,CLSTN1,0.00191945895718957,0,78,30
5143_Dg,GSE227903,Diagnosis,cellchat,Pro-Monocyte,Cycling Progenitor,NRXN2,CLSTN1,0.00146998554244497,0.02,45,30
5143_Dg,GSE227903,Diagnosis,cellchat,cDC,Early GMP,NRXN2,CLSTN1,0.000477945461412603,0.65,70,142
5143_Dg,GSE227903,Diagnosis,cellchat,Cycling Progenitor,Early GMP,NRXN2,CLSTN1,0.00485013923271148,0,30,142
5143_Dg,GSE227903,Diagnosis,cellchat,Early GMP,Early GMP,NRXN2,CLSTN1,0.00142540640731456,0,142,142
5143_Dg,GSE227903,Diagnosis,cellchat,Late GMP,Early GMP,NRXN2,CLSTN1,0.0030635388023856,0,30,142
5143_Dg,GSE227903,Diagnosis,cellchat,LMPP,Early GMP,NRXN2,CLSTN1,0.00125670229496059,0.01,78,142
5143_Dg,GSE227903,Diagnosis,cellchat,Pro-Monocyte,Early GMP,NRXN2,CLSTN1,0.000962274808256369,0.21,45,142
5143_Dg,GSE227903,Diagnosis,cellchat,cDC,Late GMP,NRXN2,CLSTN1,0.0011348636319826,0.11,70,30
5143_Dg,GSE227903,Diagnosis,cellchat,Cycling Progenitor,Late GMP,NRXN2,CLSTN1,0.0114476477213387,0,30,30
5143_Dg,GSE227903,Diagnosis,cellchat,Early GMP,Late GMP,NRXN2,CLSTN1,0.00338017030042632,0,142,30
5143_Dg,GSE227903,Diagnosis,cellchat,Late GMP,Late GMP,NRXN2,CLSTN1,0.00724848636914275,0,30,30
5143_Dg,GSE227903,Diagnosis,cellchat,LMPP,Late GMP,NRXN2,CLSTN1,0.00298080053089234,0,78,30
5143_Dg,GSE227903,Diagnosis,cellchat,Pro-Monocyte,Late GMP,NRXN2,CLSTN1,0.00228336481543039,0,45,30
5143_Dg,GSE227903,Diagnosis,cellchat,cDC,LMPP,NRXN2,CLSTN1,0.000476415683260296,0.58,70,78
5143_Dg,GSE227903,Diagnosis,cellchat,Cycling Progenitor,LMPP,NRXN2,CLSTN1,0.00483468289834626,0,30,78
5143_Dg,GSE227903,Diagnosis,cellchat,Early GMP,LMPP,NRXN2,CLSTN1,0.00142084836589268,0,142,78
5143_Dg,GSE227903,Diagnosis,cellchat,Late GMP,LMPP,NRXN2,CLSTN1,0.00305375850203309,0,30,78
5143_Dg,GSE227903,Diagnosis,cellchat,LMPP,LMPP,NRXN2,CLSTN1,0.00125268304422299,0,78,78
5143_Dg,GSE227903,Diagnosis,cellchat,Pro-Monocyte,LMPP,NRXN2,CLSTN1,0.000959196306475682,0.26,45,78
5143_Dg,GSE227903,Diagnosis,cellchat,cDC,pDC,NRXN2,CLSTN1,0.000429776298376764,0.69,70,225
5143_Dg,GSE227903,Diagnosis,cellchat,Cycling Progenitor,pDC,NRXN2,CLSTN1,0.00436324730569378,0,30,225
5143_Dg,GSE227903,Diagnosis,cellchat,Early GMP,pDC,NRXN2,CLSTN1,0.00128187098612381,0,142,225
5143_Dg,GSE227903,Diagnosis,cellchat,Late GMP,pDC,NRXN2,CLSTN1,0.00275550208810508,0,30,225
5143_Dg,GSE227903,Diagnosis,cellchat,LMPP,pDC,NRXN2,CLSTN1,0.00113013579602199,0.02,78,225
5143_Dg,GSE227903,Diagnosis,cellchat,Pro-Monocyte,pDC,NRXN2,CLSTN1,0.000865335349336175,0.29,45,225
5143_Dg,GSE227903,Diagnosis,cellchat,cDC,Pro-Monocyte,NRXN2,CLSTN1,0.000256310901353925,0.54,70,45
5143_Dg,GSE227903,Diagnosis,cellchat,Cycling Progenitor,Pro-Monocyte,NRXN2,CLSTN1,0.00260630228718398,0,30,45
5143_Dg,GSE227903,Diagnosis,cellchat,Early GMP,Pro-Monocyte,NRXN2,CLSTN1,0.000764748066189573,0.33,142,45
5143_Dg,GSE227903,Diagnosis,cellchat,Late GMP,Pro-Monocyte,NRXN2,CLSTN1,0.00164487690320122,0.02,30,45
5143_Dg,GSE227903,Diagnosis,cellchat,LMPP,Pro-Monocyte,NRXN2,CLSTN1,0.000674183444114274,0.34,78,45
5143_Dg,GSE227903,Diagnosis,cellchat,Pro-Monocyte,Pro-Monocyte,NRXN2,CLSTN1,0.000516161312845516,0.52,45,45
5143_Dg,GSE227903,Diagnosis,cellchat,Cycling Progenitor,CD4 Memory T,APP,SORL1,0.0123441269899685,0.87,30,27
5143_Dg,GSE227903,Diagnosis,cellchat,Early GMP,CD4 Memory T,APP,SORL1,0.0125961919365612,0.98,142,27
5143_Dg,GSE227903,Diagnosis,cellchat,Late GMP,CD4 Memory T,APP,SORL1,0.0135410882268891,0.82,30,27
5143_Dg,GSE227903,Diagnosis,cellchat,LMPP,CD4 Memory T,APP,SORL1,0.011731568801924,0.96,78,27
5143_Dg,GSE227903,Diagnosis,cellchat,pDC,CD4 Memory T,APP,SORL1,0.00998151316210046,0.99,225,27
5143_Dg,GSE227903,Diagnosis,cellchat,Pro-Monocyte,CD4 Memory T,APP,SORL1,0.00731638558420714,0.99,45,27
5143_Dg,GSE227903,Diagnosis,cellchat,Cycling Progenitor,CD8 Memory T,APP,SORL1,0.0140729899033227,0.85,30,19
5143_Dg,GSE227903,Diagnosis,cellchat,Early GMP,CD8 Memory T,APP,SORL1,0.0143598446499585,0.95,142,19
5143_Dg,GSE227903,Diagnosis,cellchat,Late GMP,CD8 Memory T,APP,SORL1,0.0154349722738515,0.75,30,19
5143_Dg,GSE227903,Diagnosis,cellchat,LMPP,CD8 Memory T,APP,SORL1,0.0133758014513071,0.88,78,19
5143_Dg,GSE227903,Diagnosis,cellchat,pDC,CD8 Memory T,APP,SORL1,0.0113832927835894,0.99,225,19
5143_Dg,GSE227903,Diagnosis,cellchat,Pro-Monocyte,CD8 Memory T,APP,SORL1,0.00834703678134268,0.98,45,19
5143_Dg,GSE227903,Diagnosis,cellchat,Cycling Progenitor,cDC,APP,SORL1,0.0358980494207602,0.17,30,70
5143_Dg,GSE227903,Diagnosis,cellchat,Early GMP,cDC,APP,SORL1,0.0366132515444864,0.03,142,70
5143_Dg,GSE227903,Diagnosis,cellchat,Late GMP,cDC,APP,SORL1,0.0392880887066239,0.03,30,70
5143_Dg,GSE227903,Diagnosis,cellchat,LMPP,cDC,APP,SORL1,0.0341570870094808,0.18,78,70
5143_Dg,GSE227903,Diagnosis,cellchat,pDC,cDC,APP,SORL1,0.0291604159291937,0.54,225,70
5143_Dg,GSE227903,Diagnosis,cellchat,Pro-Monocyte,cDC,APP,SORL1,0.0214855335032744,0.64,45,70
5143_Dg,GSE227903,Diagnosis,cellchat,cDC,Cycling Progenitor,APP,SORL1,0.0122617376287093,0.93,70,30
5143_Dg,GSE227903,Diagnosis,cellchat,Cycling Progenitor,Cycling Progenitor,APP,SORL1,0.0546799491814178,0.02,30,30
5143_Dg,GSE227903,Diagnosis,cellchat,Early GMP,Cycling Progenitor,APP,SORL1,0.0557477086361753,0,142,30
5143_Dg,GSE227903,Diagnosis,cellchat,Late GMP,Cycling Progenitor,APP,SORL1,0.0597337677476759,0,30,30
5143_Dg,GSE227903,Diagnosis,cellchat,LMPP,Cycling Progenitor,APP,SORL1,0.0520773153874709,0,78,30
5143_Dg,GSE227903,Diagnosis,cellchat,Monocyte,Cycling Progenitor,APP,SORL1,0.0126632844148337,0.91,91,30
5143_Dg,GSE227903,Diagnosis,cellchat,pDC,Cycling Progenitor,APP,SORL1,0.0445801810268738,0,225,30
5143_Dg,GSE227903,Diagnosis,cellchat,Pro-Monocyte,Cycling Progenitor,APP,SORL1,0.0329847764845509,0.23,45,30
5143_Dg,GSE227903,Diagnosis,cellchat,cDC,Early GMP,APP,SORL1,0.0107550096213457,0.96,70,142
5143_Dg,GSE227903,Diagnosis,cellchat,Cycling Progenitor,Early GMP,APP,SORL1,0.0482152873809032,0.01,30,142
5143_Dg,GSE227903,Diagnosis,cellchat,Early GMP,Early GMP,APP,SORL1,0.0491633738273489,0,142,142
5143_Dg,GSE227903,Diagnosis,cellchat,Late GMP,Early GMP,APP,SORL1,0.0527049193966473,0,30,142
5143_Dg,GSE227903,Diagnosis,cellchat,LMPP,Early GMP,APP,SORL1,0.0459054136643944,0,78,142
5143_Dg,GSE227903,Diagnosis,cellchat,pDC,Early GMP,APP,SORL1,0.0392599966395646,0,225,142
5143_Dg,GSE227903,Diagnosis,cellchat,Pro-Monocyte,Early GMP,APP,SORL1,0.0290063722568805,0.35,45,142
5143_Dg,GSE227903,Diagnosis,cellchat,cDC,Late GMP,APP,SORL1,0.0106450085682621,0.96,70,30
5143_Dg,GSE227903,Diagnosis,cellchat,Cycling Progenitor,Late GMP,APP,SORL1,0.0477406369257873,0.01,30,30
5143_Dg,GSE227903,Diagnosis,cellchat,Early GMP,Late GMP,APP,SORL1,0.0486798673942658,0,142,30
5143_Dg,GSE227903,Diagnosis,cellchat,Late GMP,Late GMP,APP,SORL1,0.0521884946797208,0.01,30,30
5143_Dg,GSE227903,Diagnosis,cellchat,LMPP,Late GMP,APP,SORL1,0.0454524166098439,0,78,30
5143_Dg,GSE227903,Diagnosis,cellchat,Monocyte,Late GMP,APP,SORL1,0.0109942000990172,0.98,91,30
5143_Dg,GSE227903,Diagnosis,cellchat,pDC,Late GMP,APP,SORL1,0.0388699052857251,0,225,30
5143_Dg,GSE227903,Diagnosis,cellchat,Pro-Monocyte,Late GMP,APP,SORL1,0.0287151168903691,0.34,45,30
5143_Dg,GSE227903,Diagnosis,cellchat,cDC,LMPP,APP,SORL1,0.0112111146959828,0.96,70,78
5143_Dg,GSE227903,Diagnosis,cellchat,Cycling Progenitor,LMPP,APP,SORL1,0.0501794473134252,0.01,30,78
5143_Dg,GSE227903,Diagnosis,cellchat,Early GMP,LMPP,APP,SORL1,0.0511640800412017,0,142,78
5143_Dg,GSE227903,Diagnosis,cellchat,Late GMP,LMPP,APP,SORL1,0.0548414363932784,0,30,78
5143_Dg,GSE227903,Diagnosis,cellchat,LMPP,LMPP,APP,SORL1,0.0477801993904723,0,78,78
5143_Dg,GSE227903,Diagnosis,cellchat,Monocyte,LMPP,APP,SORL1,0.0115786590513319,0.95,91,78
5143_Dg,GSE227903,Diagnosis,cellchat,pDC,LMPP,APP,SORL1,0.0408750095186191,0,225,78
5143_Dg,GSE227903,Diagnosis,cellchat,Pro-Monocyte,LMPP,APP,SORL1,0.0302128529188225,0.25,45,78
5143_Dg,GSE227903,Diagnosis,cellchat,Cycling Progenitor,Monocyte,APP,SORL1,0.0277121444109964,0.55,30,91
5143_Dg,GSE227903,Diagnosis,cellchat,Early GMP,Monocyte,APP,SORL1,0.0282690395788935,0.51,142,91
5143_Dg,GSE227903,Diagnosis,cellchat,Late GMP,Monocyte,APP,SORL1,0.0303534842354765,0.36,30,91
5143_Dg,GSE227903,Diagnosis,cellchat,LMPP,Monocyte,APP,SORL1,0.0263573238443176,0.6,78,91
5143_Dg,GSE227903,Diagnosis,cellchat,pDC,Monocyte,APP,SORL1,0.0224750907652835,0.89,225,91
5143_Dg,GSE227903,Diagnosis,cellchat,Pro-Monocyte,Monocyte,APP,SORL1,0.0165297955106204,0.7,45,91
5143_Dg,GSE227903,Diagnosis,cellchat,Cycling Progenitor,Naive T,APP,SORL1,0.0143263397188364,0.84,30,44
5143_Dg,GSE227903,Diagnosis,cellchat,Early GMP,Naive T,APP,SORL1,0.0146182820165638,0.97,142,44
5143_Dg,GSE227903,Diagnosis,cellchat,Late GMP,Naive T,APP,SORL1,0.0157124505005601,0.79,30,44
5143_Dg,GSE227903,Diagnosis,cellchat,LMPP,Naive T,APP,SORL1,0.0136167734373579,0.94,78,44
5143_Dg,GSE227903,Diagnosis,cellchat,pDC,Naive T,APP,SORL1,0.011588790326478,0.99,225,44
5143_Dg,GSE227903,Diagnosis,cellchat,Pro-Monocyte,Naive T,APP,SORL1,0.00849819330738544,0.99,45,44
5143_Dg,GSE227903,Diagnosis,cellchat,cDC,pDC,APP,SORL1,0.0113484555850605,0.98,70,225
5143_Dg,GSE227903,Diagnosis,cellchat,Cycling Progenitor,pDC,APP,SORL1,0.0507696555912578,0,30,225
5143_Dg,GSE227903,Diagnosis,cellchat,Early GMP,pDC,APP,SORL1,0.0517652383466403,0,142,225
5143_Dg,GSE227903,Diagnosis,cellchat,Late GMP,pDC,APP,SORL1,0.0554832756601953,0,30,225
5143_Dg,GSE227903,Diagnosis,cellchat,LMPP,pDC,APP,SORL1,0.0483436241513566,0,78,225
5143_Dg,GSE227903,Diagnosis,cellchat,Monocyte,pDC,APP,SORL1,0.011720449143436,0.98,91,225
5143_Dg,GSE227903,Diagnosis,cellchat,pDC,pDC,APP,SORL1,0.0413605450040637,0,225,225
5143_Dg,GSE227903,Diagnosis,cellchat,Pro-Monocyte,pDC,APP,SORL1,0.030575775018057,0.28,45,225
5143_Dg,GSE227903,Diagnosis,cellchat,Cycling Progenitor,Pro-Monocyte,APP,SORL1,0.035394168019324,0.12,30,45
5143_Dg,GSE227903,Diagnosis,cellchat,Early GMP,Pro-Monocyte,APP,SORL1,0.0360997071350869,0.04,142,45
5143_Dg,GSE227903,Diagnosis,cellchat,Late GMP,Pro-Monocyte,APP,SORL1,0.0387385351429662,0.06,30,45
5143_Dg,GSE227903,Diagnosis,cellchat,LMPP,Pro-Monocyte,APP,SORL1,0.0336767889504733,0.19,78,45
5143_Dg,GSE227903,Diagnosis,cellchat,pDC,Pro-Monocyte,APP,SORL1,0.0287482869948079,0.43,225,45
5143_Dg,GSE227903,Diagnosis,cellchat,Pro-Monocyte,Pro-Monocyte,APP,SORL1,0.0211795085862725,0.62,45,45
5143_Dg,GSE227903,Diagnosis,cellchat,cDC,Cycling Progenitor,APP,TNFRSF21,0.00309878603589697,0.37,70,30
5143_Dg,GSE227903,Diagnosis,cellchat,Cycling Progenitor,Cycling Progenitor,APP,TNFRSF21,0.0142768861652355,0.02,30,30
5143_Dg,GSE227903,Diagnosis,cellchat,Early GMP,Cycling Progenitor,APP,TNFRSF21,0.0145678355922769,0.02,142,30
5143_Dg,GSE227903,Diagnosis,cellchat,Late GMP,Cycling Progenitor,APP,TNFRSF21,0.0156582881966029,0,30,30
5143_Dg,GSE227903,Diagnosis,cellchat,LMPP,Cycling Progenitor,APP,TNFRSF21,0.0135697355380051,0.01,78,30
5143_Dg,GSE227903,Diagnosis,cellchat,Monocyte,Cycling Progenitor,APP,TNFRSF21,0.00320123744321379,0.38,91,30
5143_Dg,GSE227903,Diagnosis,cellchat,pDC,Cycling Progenitor,APP,TNFRSF21,0.0115486758885323,0.03,225,30
5143_Dg,GSE227903,Diagnosis,cellchat,Pro-Monocyte,Cycling Progenitor,APP,TNFRSF21,0.00846868526768123,0.02,45,30
5143_Dg,GSE227903,Diagnosis,cellchat,cDC,Early GMP,APP,TNFRSF21,0.00150007197256682,0.9,70,142
5143_Dg,GSE227903,Diagnosis,cellchat,Cycling Progenitor,Early GMP,APP,TNFRSF21,0.00695142183735858,0,30,142
5143_Dg,GSE227903,Diagnosis,cellchat,Early GMP,Early GMP,APP,TNFRSF21,0.00709415963289743,0,142,142
5143_Dg,GSE227903,Diagnosis,cellchat,Late GMP,Early GMP,APP,TNFRSF21,0.00762951316241357,0,30,142
5143_Dg,GSE227903,Diagnosis,cellchat,LMPP,Early GMP,APP,TNFRSF21,0.0066046787594427,0,78,142
5143_Dg,GSE227903,Diagnosis,cellchat,Monocyte,Early GMP,APP,TNFRSF21,0.00154974920297617,0.93,91,142
5143_Dg,GSE227903,Diagnosis,cellchat,pDC,Early GMP,APP,TNFRSF21,0.00561508103402877,0,225,142
5143_Dg,GSE227903,Diagnosis,cellchat,Pro-Monocyte,Early GMP,APP,TNFRSF21,0.00411097747266763,0.17,45,142
5143_Dg,GSE227903,Diagnosis,cellchat,cDC,LMPP,APP,TNFRSF21,0.00412098716633596,0.26,70,78
5143_Dg,GSE227903,Diagnosis,cellchat,Cycling Progenitor,LMPP,APP,TNFRSF21,0.0189164555576289,0,30,78
5143_Dg,GSE227903,Diagnosis,cellchat,Early GMP,LMPP,APP,TNFRSF21,0.0193001037619455,0,142,78
5143_Dg,GSE227903,Diagnosis,cellchat,Late GMP,LMPP,APP,TNFRSF21,0.0207373286112862,0,30,78
5143_Dg,GSE227903,Diagnosis,cellchat,LMPP,LMPP,APP,TNFRSF21,0.0179836942785049,0,78,78
5143_Dg,GSE227903,Diagnosis,cellchat,Monocyte,LMPP,APP,TNFRSF21,0.00425709005186751,0.2,91,78
5143_Dg,GSE227903,Diagnosis,cellchat,pDC,LMPP,APP,TNFRSF21,0.0153154320844589,0,225,78
5143_Dg,GSE227903,Diagnosis,cellchat,Pro-Monocyte,LMPP,APP,TNFRSF21,0.0112422867700199,0,45,78
5143_Dg,GSE227903,Diagnosis,cellchat,cDC,pDC,APP,TNFRSF21,0.00228357786247567,0.75,70,225
5143_Dg,GSE227903,Diagnosis,cellchat,Cycling Progenitor,pDC,APP,TNFRSF21,0.0105521439339611,0,30,225
5143_Dg,GSE227903,Diagnosis,cellchat,Early GMP,pDC,APP,TNFRSF21,0.0107680158429969,0,142,225
5143_Dg,GSE227903,Diagnosis,cellchat,Late GMP,pDC,APP,TNFRSF21,0.0115773804982925,0,30,225
5143_Dg,GSE227903,Diagnosis,cellchat,LMPP,pDC,APP,TNFRSF21,0.0100276072867159,0,78,225
5143_Dg,GSE227903,Diagnosis,cellchat,Monocyte,pDC,APP,TNFRSF21,0.00235914081167253,0.75,91,225
5143_Dg,GSE227903,Diagnosis,cellchat,pDC,pDC,APP,TNFRSF21,0.0085295460928454,0,225,225
5143_Dg,GSE227903,Diagnosis,cellchat,Pro-Monocyte,pDC,APP,TNFRSF21,0.00624965564644822,0,45,225
5143_Dg,GSE227903,Diagnosis,cellchat,CD8 Memory T,CD4 Memory T,CD160,TNFRSF14,0.00957055218269444,0,19,27
5143_Dg,GSE227903,Diagnosis,cellchat,CD8 Memory T,CD8 Memory T,CD160,TNFRSF14,0.010930540365996,0,19,19
5143_Dg,GSE227903,Diagnosis,cellchat,CD8 Memory T,cDC,CD160,TNFRSF14,0.00604446423954161,0,19,70
5143_Dg,GSE227903,Diagnosis,cellchat,CD8 Memory T,Cycling Progenitor,CD160,TNFRSF14,0.00348045091671161,0,19,30
5143_Dg,GSE227903,Diagnosis,cellchat,CD8 Memory T,Early GMP,CD160,TNFRSF14,0.00558036609217064,0,19,142
5143_Dg,GSE227903,Diagnosis,cellchat,CD8 Memory T,Late GMP,CD160,TNFRSF14,0.00575023946263936,0,19,30
5143_Dg,GSE227903,Diagnosis,cellchat,CD8 Memory T,LMPP,CD160,TNFRSF14,0.00645233372177991,0,19,78
5143_Dg,GSE227903,Diagnosis,cellchat,CD8 Memory T,Monocyte,CD160,TNFRSF14,0.0101836293597669,0,19,91
5143_Dg,GSE227903,Diagnosis,cellchat,CD8 Memory T,Naive T,CD160,TNFRSF14,0.0032253590546994,0,19,44
5143_Dg,GSE227903,Diagnosis,cellchat,CD8 Memory T,pDC,CD160,TNFRSF14,0.00585623136857006,0,19,225
5143_Dg,GSE227903,Diagnosis,cellchat,CD8 Memory T,Pro-Monocyte,CD160,TNFRSF14,0.00363510741621638,0,19,45
5143_Dg,GSE227903,Diagnosis,cellchat,CD4 Memory T,cDC,CD99,PILRB,0.0109953295543665,0.87,27,70
5143_Dg,GSE227903,Diagnosis,cellchat,CD8 Memory T,cDC,CD99,PILRB,0.0194744602041123,0.04,19,70
5143_Dg,GSE227903,Diagnosis,cellchat,cDC,cDC,CD99,PILRB,0.0118231910226908,0.85,70,70
5143_Dg,GSE227903,Diagnosis,cellchat,Cycling Progenitor,cDC,CD99,PILRB,0.0198583667325086,0.03,30,70
5143_Dg,GSE227903,Diagnosis,cellchat,Early GMP,cDC,CD99,PILRB,0.0226398171117769,0,142,70
5143_Dg,GSE227903,Diagnosis,cellchat,Late GMP,cDC,CD99,PILRB,0.017883342349696,0.06,30,70
5143_Dg,GSE227903,Diagnosis,cellchat,LMPP,cDC,CD99,PILRB,0.0253365978357769,0,78,70
5143_Dg,GSE227903,Diagnosis,cellchat,Monocyte,cDC,CD99,PILRB,0.0125015869852816,0.75,91,70
5143_Dg,GSE227903,Diagnosis,cellchat,Naive T,cDC,CD99,PILRB,0.00882128048130268,0.92,44,70
5143_Dg,GSE227903,Diagnosis,cellchat,pDC,cDC,CD99,PILRB,0.0169410510193882,0.15,225,70
5143_Dg,GSE227903,Diagnosis,cellchat,Pro-Monocyte,cDC,CD99,PILRB,0.014597324802049,0.43,45,70
5143_Dg,GSE227903,Diagnosis,cellchat,CD4 Memory T,Cycling Progenitor,CD99,PILRB,0.0202125188627516,0.07,27,30
5143_Dg,GSE227903,Diagnosis,cellchat,CD8 Memory T,Cycling Progenitor,CD99,PILRB,0.0355441011432811,0.03,19,30
5143_Dg,GSE227903,Diagnosis,cellchat,cDC,Cycling Progenitor,CD99,PILRB,0.0217191216423692,0.06,70,30
5143_Dg,GSE227903,Diagnosis,cellchat,Cycling Progenitor,Cycling Progenitor,CD99,PILRB,0.036233087750394,0.03,30,30
5143_Dg,GSE227903,Diagnosis,cellchat,Early GMP,Cycling Progenitor,CD99,PILRB,0.0412116192105028,0.02,142,30
5143_Dg,GSE227903,Diagnosis,cellchat,Late GMP,Cycling Progenitor,CD99,PILRB,0.0326838126777377,0.03,30,30
5143_Dg,GSE227903,Diagnosis,cellchat,LMPP,Cycling Progenitor,CD99,PILRB,0.0460164558192382,0.01,78,30
5143_Dg,GSE227903,Diagnosis,cellchat,Monocyte,Cycling Progenitor,CD99,PILRB,0.0229521419701866,0.06,91,30
5143_Dg,GSE227903,Diagnosis,cellchat,Naive T,Cycling Progenitor,CD99,PILRB,0.0162459399483929,0.3,44,30
5143_Dg,GSE227903,Diagnosis,cellchat,pDC,Cycling Progenitor,CD99,PILRB,0.0309862743638477,0.03,225,30
5143_Dg,GSE227903,Diagnosis,cellchat,Pro-Monocyte,Cycling Progenitor,CD99,PILRB,0.0267523262933174,0.05,45,30
5143_Dg,GSE227903,Diagnosis,cellchat,CD4 Memory T,Early GMP,CD99,PILRB,0.00957308327745376,0.98,27,142
5143_Dg,GSE227903,Diagnosis,cellchat,CD8 Memory T,Early GMP,CD99,PILRB,0.0169742620060651,0.16,19,142
5143_Dg,GSE227903,Diagnosis,cellchat,cDC,Early GMP,CD99,PILRB,0.0102949755173483,0.99,70,142
5143_Dg,GSE227903,Diagnosis,cellchat,Cycling Progenitor,Early GMP,CD99,PILRB,0.0173097513881174,0.05,30,142
5143_Dg,GSE227903,Diagnosis,cellchat,Early GMP,Early GMP,CD99,PILRB,0.0197414213484466,0,142,142
5143_Dg,GSE227903,Diagnosis,cellchat,Late GMP,Early GMP,CD99,PILRB,0.0155841706806257,0.26,30,142
5143_Dg,GSE227903,Diagnosis,cellchat,LMPP,Early GMP,CD99,PILRB,0.0221007616588324,0,78,142
5143_Dg,GSE227903,Diagnosis,cellchat,Monocyte,Early GMP,CD99,PILRB,0.0108866509311167,0.98,91,142
5143_Dg,GSE227903,Diagnosis,cellchat,Naive T,Early GMP,CD99,PILRB,0.00767806435210605,0.99,44,142
5143_Dg,GSE227903,Diagnosis,cellchat,pDC,Early GMP,CD99,PILRB,0.0147612042042232,0.52,225,142
5143_Dg,GSE227903,Diagnosis,cellchat,Pro-Monocyte,Early GMP,CD99,PILRB,0.0127151503922458,0.81,45,142
5143_Dg,GSE227903,Diagnosis,cellchat,CD4 Memory T,Late GMP,CD99,PILRB,0.0242934518469093,0.07,27,30
5143_Dg,GSE227903,Diagnosis,cellchat,CD8 Memory T,Late GMP,CD99,PILRB,0.0425859570550819,0.01,19,30
5143_Dg,GSE227903,Diagnosis,cellchat,cDC,Late GMP,CD99,PILRB,0.0260961378113142,0.07,70,30
5143_Dg,GSE227903,Diagnosis,cellchat,Cycling Progenitor,Late GMP,CD99,PILRB,0.0434052998027897,0.01,30,30
5143_Dg,GSE227903,Diagnosis,cellchat,Early GMP,Late GMP,CD99,PILRB,0.049318883873626,0.01,142,30
5143_Dg,GSE227903,Diagnosis,cellchat,Late GMP,Late GMP,CD99,PILRB,0.0391820211326254,0.01,30,30
5143_Dg,GSE227903,Diagnosis,cellchat,LMPP,Late GMP,CD99,PILRB,0.0550147051311422,0,78,30
5143_Dg,GSE227903,Diagnosis,cellchat,Monocyte,Late GMP,CD99,PILRB,0.0275706434587768,0.07,91,30
5143_Dg,GSE227903,Diagnosis,cellchat,Naive T,Late GMP,CD99,PILRB,0.0195419888626523,0.15,44,30
5143_Dg,GSE227903,Diagnosis,cellchat,pDC,Late GMP,CD99,PILRB,0.0371599430204997,0.02,225,30
5143_Dg,GSE227903,Diagnosis,cellchat,Pro-Monocyte,Late GMP,CD99,PILRB,0.0321103815684079,0.05,45,30
5143_Dg,GSE227903,Diagnosis,cellchat,CD4 Memory T,LMPP,CD99,PILRB,0.00893680181874296,0.87,27,78
5143_Dg,GSE227903,Diagnosis,cellchat,CD8 Memory T,LMPP,CD99,PILRB,0.0158539305103311,0.32,19,78
5143_Dg,GSE227903,Diagnosis,cellchat,cDC,LMPP,CD99,PILRB,0.00961117861420834,0.9,70,78
5143_Dg,GSE227903,Diagnosis,cellchat,Cycling Progenitor,LMPP,CD99,PILRB,0.0161676411762995,0.27,30,78
5143_Dg,GSE227903,Diagnosis,cellchat,Early GMP,LMPP,CD99,PILRB,0.0184418787494146,0.03,142,78
5143_Dg,GSE227903,Diagnosis,cellchat,Late GMP,LMPP,CD99,PILRB,0.0145542292995183,0.49,30,78
5143_Dg,GSE227903,Diagnosis,cellchat,LMPP,LMPP,CD99,PILRB,0.0206491795251593,0,78,78
5143_Dg,GSE227903,Diagnosis,cellchat,Monocyte,LMPP,CD99,PILRB,0.0101639582728314,0.87,91,78
5143_Dg,GSE227903,Diagnosis,cellchat,Naive T,LMPP,CD99,PILRB,0.00716682519544452,0.92,44,78
5143_Dg,GSE227903,Diagnosis,cellchat,pDC,LMPP,CD99,PILRB,0.0137848901930349,0.6,225,78
5143_Dg,GSE227903,Diagnosis,cellchat,Pro-Monocyte,LMPP,CD99,PILRB,0.0118725327369731,0.79,45,78
5143_Dg,GSE227903,Diagnosis,cellchat,CD4 Memory T,pDC,CD99,PILRB,0.00950982573129,0.99,27,225
5143_Dg,GSE227903,Diagnosis,cellchat,CD8 Memory T,pDC,CD99,PILRB,0.0168629312123595,0.1,19,225
5143_Dg,GSE227903,Diagnosis,cellchat,Cycling Progenitor,pDC,CD99,PILRB,0.017196258678731,0.05,30,225
5143_Dg,GSE227903,Diagnosis,cellchat,Early GMP,pDC,CD99,PILRB,0.0196123034041828,0,142,225
5143_Dg,GSE227903,Diagnosis,cellchat,Late GMP,pDC,CD99,PILRB,0.0154818136280767,0.25,30,225
5143_Dg,GSE227903,Diagnosis,cellchat,LMPP,pDC,CD99,PILRB,0.0219565581862321,0,78,225
5143_Dg,GSE227903,Diagnosis,cellchat,Monocyte,pDC,CD99,PILRB,0.0108148082987629,0.99,91,225
5143_Dg,GSE227903,Diagnosis,cellchat,pDC,pDC,CD99,PILRB,0.0146641718886764,0.54,225,225
5143_Dg,GSE227903,Diagnosis,cellchat,Pro-Monocyte,pDC,CD99,PILRB,0.0126313953141957,0.88,45,225
5143_Dg,GSE227903,Diagnosis,cellchat,CD4 Memory T,Pro-Monocyte,CD99,PILRB,0.00908340046578574,0.84,27,45
5143_Dg,GSE227903,Diagnosis,cellchat,CD8 Memory T,Pro-Monocyte,CD99,PILRB,0.016112152532662,0.33,19,45
5143_Dg,GSE227903,Diagnosis,cellchat,cDC,Pro-Monocyte,CD99,PILRB,0.00976873064880462,0.83,70,45
5143_Dg,GSE227903,Diagnosis,cellchat,Cycling Progenitor,Pro-Monocyte,CD99,PILRB,0.0164308874759735,0.27,30,45
5143_Dg,GSE227903,Diagnosis,cellchat,Early GMP,Pro-Monocyte,CD99,PILRB,0.0187414494588224,0.14,142,45
5143_Dg,GSE227903,Diagnosis,cellchat,Late GMP,Pro-Monocyte,CD99,PILRB,0.0147916005130493,0.48,30,45
5143_Dg,GSE227903,Diagnosis,cellchat,LMPP,Pro-Monocyte,CD99,PILRB,0.0209838392058193,0.03,78,45
5143_Dg,GSE227903,Diagnosis,cellchat,Monocyte,Pro-Monocyte,CD99,PILRB,0.0103304772754667,0.82,91,45
5143_Dg,GSE227903,Diagnosis,cellchat,Naive T,Pro-Monocyte,CD99,PILRB,0.00728460268720868,0.86,44,45
5143_Dg,GSE227903,Diagnosis,cellchat,pDC,Pro-Monocyte,CD99,PILRB,0.0140098923078557,0.61,225,45
5143_Dg,GSE227903,Diagnosis,cellchat,Pro-Monocyte,Pro-Monocyte,CD99,PILRB,0.0120667025580234,0.74,45,45
5143_Dg,GSE227903,Diagnosis,cellchat,cDC,cDC,LAIR1,LILRB4,0.0273315944535661,0,70,70
5143_Dg,GSE227903,Diagnosis,cellchat,Cycling Progenitor,cDC,LAIR1,LILRB4,0.0755267004362721,0,30,70
5143_Dg,GSE227903,Diagnosis,cellchat,Early GMP,cDC,LAIR1,LILRB4,0.0646494829421065,0,142,70
5143_Dg,GSE227903,Diagnosis,cellchat,Late GMP,cDC,LAIR1,LILRB4,0.0634497371206167,0,30,70
5143_Dg,GSE227903,Diagnosis,cellchat,LMPP,cDC,LAIR1,LILRB4,0.0724450350935949,0,78,70
5143_Dg,GSE227903,Diagnosis,cellchat,Monocyte,cDC,LAIR1,LILRB4,0.03063046825088,0,91,70
5143_Dg,GSE227903,Diagnosis,cellchat,pDC,cDC,LAIR1,LILRB4,0.0619278805245528,0,225,70
5143_Dg,GSE227903,Diagnosis,cellchat,Pro-Monocyte,cDC,LAIR1,LILRB4,0.0672117503181559,0,45,70
5143_Dg,GSE227903,Diagnosis,cellchat,cDC,Cycling Progenitor,LAIR1,LILRB4,0.00269457181297306,0.92,70,30
5143_Dg,GSE227903,Diagnosis,cellchat,Cycling Progenitor,Cycling Progenitor,LAIR1,LILRB4,0.0077941603979984,0.68,30,30
5143_Dg,GSE227903,Diagnosis,cellchat,Early GMP,Cycling Progenitor,LAIR1,LILRB4,0.00660199769361444,0.82,142,30
5143_Dg,GSE227903,Diagnosis,cellchat,Late GMP,Cycling Progenitor,LAIR1,LILRB4,0.00647202606285194,0.8,30,30
5143_Dg,GSE227903,Diagnosis,cellchat,LMPP,Cycling Progenitor,LAIR1,LILRB4,0.00745385773110932,0.75,78,30
5143_Dg,GSE227903,Diagnosis,cellchat,Monocyte,Cycling Progenitor,LAIR1,LILRB4,0.0030290621908146,0.92,91,30
5143_Dg,GSE227903,Diagnosis,cellchat,pDC,Cycling Progenitor,LAIR1,LILRB4,0.00630758892611804,0.82,225,30
5143_Dg,GSE227903,Diagnosis,cellchat,Pro-Monocyte,Cycling Progenitor,LAIR1,LILRB4,0.00688057976761606,0.82,45,30
5143_Dg,GSE227903,Diagnosis,cellchat,cDC,Late GMP,LAIR1,LILRB4,0.00677928287454102,0.84,70,30
5143_Dg,GSE227903,Diagnosis,cellchat,Cycling Progenitor,Late GMP,LAIR1,LILRB4,0.0194585258021607,0.04,30,30
5143_Dg,GSE227903,Diagnosis,cellchat,Early GMP,Late GMP,LAIR1,LILRB4,0.0165119206437138,0.07,142,30
5143_Dg,GSE227903,Diagnosis,cellchat,Late GMP,Late GMP,LAIR1,LILRB4,0.0161900347755425,0.13,30,30
5143_Dg,GSE227903,Diagnosis,cellchat,LMPP,Late GMP,LAIR1,LILRB4,0.0186184990644378,0.04,78,30
5143_Dg,GSE227903,Diagnosis,cellchat,Monocyte,Late GMP,LAIR1,LILRB4,0.00761695576221499,0.83,91,30
5143_Dg,GSE227903,Diagnosis,cellchat,pDC,Late GMP,LAIR1,LILRB4,0.0157826108856686,0.08,225,30
5143_Dg,GSE227903,Diagnosis,cellchat,Pro-Monocyte,Late GMP,LAIR1,LILRB4,0.0172014272544386,0.06,45,30
5143_Dg,GSE227903,Diagnosis,cellchat,cDC,Monocyte,LAIR1,LILRB4,0.0162900978026669,0.03,70,91
5143_Dg,GSE227903,Diagnosis,cellchat,Cycling Progenitor,Monocyte,LAIR1,LILRB4,0.0459346844106848,0,30,91
5143_Dg,GSE227903,Diagnosis,cellchat,Early GMP,Monocyte,LAIR1,LILRB4,0.0391388264737535,0,142,91
5143_Dg,GSE227903,Diagnosis,cellchat,Late GMP,Monocyte,LAIR1,LILRB4,0.0383930675041715,0,30,91
5143_Dg,GSE227903,Diagnosis,cellchat,LMPP,Monocyte,LAIR1,LILRB4,0.044002971478901,0,78,91
5143_Dg,GSE227903,Diagnosis,cellchat,Monocyte,Monocyte,LAIR1,LILRB4,0.0182813309339693,0,91,91
5143_Dg,GSE227903,Diagnosis,cellchat,pDC,Monocyte,LAIR1,LILRB4,0.0374481701958652,0,225,91
5143_Dg,GSE227903,Diagnosis,cellchat,Pro-Monocyte,Monocyte,LAIR1,LILRB4,0.0407340558944803,0,45,91
5143_Dg,GSE227903,Diagnosis,cellchat,cDC,pDC,LAIR1,LILRB4,0.0169963038148969,0,70,225
5143_Dg,GSE227903,Diagnosis,cellchat,Cycling Progenitor,pDC,LAIR1,LILRB4,0.0478635080293391,0,30,225
5143_Dg,GSE227903,Diagnosis,cellchat,Early GMP,pDC,LAIR1,LILRB4,0.0407944898138864,0,142,225
5143_Dg,GSE227903,Diagnosis,cellchat,Late GMP,pDC,LAIR1,LILRB4,0.0400184974079653,0,30,225
5143_Dg,GSE227903,Diagnosis,cellchat,LMPP,pDC,LAIR1,LILRB4,0.0458545798818077,0,78,225
5143_Dg,GSE227903,Diagnosis,cellchat,Monocyte,pDC,LAIR1,LILRB4,0.0190721869580678,0,91,225
5143_Dg,GSE227903,Diagnosis,cellchat,pDC,pDC,LAIR1,LILRB4,0.0390352203097288,0,225,225
5143_Dg,GSE227903,Diagnosis,cellchat,Pro-Monocyte,pDC,LAIR1,LILRB4,0.0424542195595213,0,45,225
5143_Dg,GSE227903,Diagnosis,cellchat,cDC,Pro-Monocyte,LAIR1,LILRB4,0.0145367808831419,0.24,70,45
5143_Dg,GSE227903,Diagnosis,cellchat,Cycling Progenitor,Pro-Monocyte,LAIR1,LILRB4,0.0411240820401925,0,30,45
5143_Dg,GSE227903,Diagnosis,cellchat,Early GMP,Pro-Monocyte,LAIR1,LILRB4,0.0350138145489749,0,142,45
5143_Dg,GSE227903,Diagnosis,cellchat,Late GMP,Pro-Monocyte,LAIR1,LILRB4,0.0343438450364067,0.01,30,45
5143_Dg,GSE227903,Diagnosis,cellchat,LMPP,Pro-Monocyte,LAIR1,LILRB4,0.0393863200577517,0,78,45
5143_Dg,GSE227903,Diagnosis,cellchat,Monocyte,Pro-Monocyte,LAIR1,LILRB4,0.0163172509120761,0.13,91,45
5143_Dg,GSE227903,Diagnosis,cellchat,pDC,Pro-Monocyte,LAIR1,LILRB4,0.0334951324615968,0,225,45
5143_Dg,GSE227903,Diagnosis,cellchat,Pro-Monocyte,Pro-Monocyte,LAIR1,LILRB4,0.0364472931938604,0,45,45
5143_Dg,GSE227903,Diagnosis,cellchat,Cycling Progenitor,CD8 Memory T,MICB,NKG2D_HCST,0.00423584022516149,0,30,19
5143_Dg,GSE227903,Diagnosis,cellchat,cDC,Cycling Progenitor,PECAM1,CD38,0.00488952598686182,0.05,70,30
5143_Dg,GSE227903,Diagnosis,cellchat,Cycling Progenitor,Cycling Progenitor,PECAM1,CD38,0.0117886624680118,0.02,30,30
5143_Dg,GSE227903,Diagnosis,cellchat,Early GMP,Cycling Progenitor,PECAM1,CD38,0.00482734132628999,0,142,30
5143_Dg,GSE227903,Diagnosis,cellchat,Late GMP,Cycling Progenitor,PECAM1,CD38,0.00371257454860572,0.14,30,30
5143_Dg,GSE227903,Diagnosis,cellchat,LMPP,Cycling Progenitor,PECAM1,CD38,0.013496210402195,0,78,30
5143_Dg,GSE227903,Diagnosis,cellchat,Monocyte,Cycling Progenitor,PECAM1,CD38,0.0211810067936376,0,91,30
5143_Dg,GSE227903,Diagnosis,cellchat,pDC,Cycling Progenitor,PECAM1,CD38,0.00602442330625147,0,225,30
5143_Dg,GSE227903,Diagnosis,cellchat,Pro-Monocyte,Cycling Progenitor,PECAM1,CD38,0.0152358200667334,0,45,30
5143_Dg,GSE227903,Diagnosis,cellchat,cDC,Early GMP,PECAM1,CD38,0.0034823829779286,0.02,70,142
5143_Dg,GSE227903,Diagnosis,cellchat,Cycling Progenitor,Early GMP,PECAM1,CD38,0.00841282185636767,0,30,142
5143_Dg,GSE227903,Diagnosis,cellchat,Early GMP,Early GMP,PECAM1,CD38,0.00343803243773684,0,142,142
5143_Dg,GSE227903,Diagnosis,cellchat,Late GMP,Early GMP,PECAM1,CD38,0.0026432434062459,0.23,30,142
5143_Dg,GSE227903,Diagnosis,cellchat,LMPP,Early GMP,PECAM1,CD38,0.00963615877190049,0,78,142
5143_Dg,GSE227903,Diagnosis,cellchat,Monocyte,Early GMP,PECAM1,CD38,0.015156795583417,0,91,142
5143_Dg,GSE227903,Diagnosis,cellchat,pDC,Early GMP,PECAM1,CD38,0.00429208009144355,0,225,142
5143_Dg,GSE227903,Diagnosis,cellchat,Pro-Monocyte,Early GMP,PECAM1,CD38,0.0108837118418828,0,45,142
5143_Dg,GSE227903,Diagnosis,cellchat,cDC,Late GMP,PECAM1,CD38,0.00588304064483136,0.01,70,30
5143_Dg,GSE227903,Diagnosis,cellchat,Cycling Progenitor,Late GMP,PECAM1,CD38,0.0141640759145047,0,30,30
5143_Dg,GSE227903,Diagnosis,cellchat,Early GMP,Late GMP,PECAM1,CD38,0.005808294283114,0,142,30
5143_Dg,GSE227903,Diagnosis,cellchat,Late GMP,Late GMP,PECAM1,CD38,0.00446801535141821,0.1,30,30
5143_Dg,GSE227903,Diagnosis,cellchat,LMPP,Late GMP,PECAM1,CD38,0.0162100505253358,0,78,30
5143_Dg,GSE227903,Diagnosis,cellchat,Monocyte,Late GMP,PECAM1,CD38,0.0254003309936467,0,91,30
5143_Dg,GSE227903,Diagnosis,cellchat,pDC,Late GMP,PECAM1,CD38,0.0072468611504369,0,225,30
5143_Dg,GSE227903,Diagnosis,cellchat,Pro-Monocyte,Late GMP,PECAM1,CD38,0.0182929772626872,0,45,30
5143_Dg,GSE227903,Diagnosis,cellchat,cDC,LMPP,PECAM1,CD38,0.00149301748282871,0.53,70,78
5143_Dg,GSE227903,Diagnosis,cellchat,Cycling Progenitor,LMPP,PECAM1,CD38,0.00361708984850456,0.15,30,78
5143_Dg,GSE227903,Diagnosis,cellchat,Early GMP,LMPP,PECAM1,CD38,0.00147396540444156,0.41,142,78
5143_Dg,GSE227903,Diagnosis,cellchat,Late GMP,LMPP,PECAM1,CD38,0.0011327045726169,0.81,30,78
5143_Dg,GSE227903,Diagnosis,cellchat,LMPP,LMPP,PECAM1,CD38,0.00414597891727599,0.02,78,78
5143_Dg,GSE227903,Diagnosis,cellchat,Monocyte,LMPP,PECAM1,CD38,0.00654202258131992,0,91,78
5143_Dg,GSE227903,Diagnosis,cellchat,pDC,LMPP,PECAM1,CD38,0.00184101705578618,0.1,225,78
5143_Dg,GSE227903,Diagnosis,cellchat,Pro-Monocyte,LMPP,PECAM1,CD38,0.00468610467060416,0,45,78
5143_Dg,GSE227903,Diagnosis,cellchat,cDC,Monocyte,PECAM1,CD38,0.00517085404301035,0,70,91
5143_Dg,GSE227903,Diagnosis,cellchat,Cycling Progenitor,Monocyte,PECAM1,CD38,0.0124619741458771,0,30,91
5143_Dg,GSE227903,Diagnosis,cellchat,Early GMP,Monocyte,PECAM1,CD38,0.00510510982663966,0,142,91
5143_Dg,GSE227903,Diagnosis,cellchat,Late GMP,Monocyte,PECAM1,CD38,0.00392645169277306,0.07,30,91
5143_Dg,GSE227903,Diagnosis,cellchat,LMPP,Monocyte,PECAM1,CD38,0.0142656411209227,0,78,91
5143_Dg,GSE227903,Diagnosis,cellchat,Monocyte,Monocyte,PECAM1,CD38,0.0223786158690001,0,91,91
5143_Dg,GSE227903,Diagnosis,cellchat,pDC,Monocyte,PECAM1,CD38,0.00637063177370643,0,225,91
5143_Dg,GSE227903,Diagnosis,cellchat,Pro-Monocyte,Monocyte,PECAM1,CD38,0.0161028085772784,0,45,91
5143_Dg,GSE227903,Diagnosis,cellchat,cDC,Pro-Monocyte,PECAM1,CD38,0.0041087139875237,0.02,70,45
5143_Dg,GSE227903,Diagnosis,cellchat,Cycling Progenitor,Pro-Monocyte,PECAM1,CD38,0.00991710192799173,0,30,45
5143_Dg,GSE227903,Diagnosis,cellchat,Early GMP,Pro-Monocyte,PECAM1,CD38,0.00405641916167122,0,142,45
5143_Dg,GSE227903,Diagnosis,cellchat,Late GMP,Pro-Monocyte,PECAM1,CD38,0.00311912167575084,0.15,30,45
5143_Dg,GSE227903,Diagnosis,cellchat,LMPP,Pro-Monocyte,PECAM1,CD38,0.0113566760392894,0,78,45
5143_Dg,GSE227903,Diagnosis,cellchat,Monocyte,Pro-Monocyte,PECAM1,CD38,0.0178452505429781,0,91,45
5143_Dg,GSE227903,Diagnosis,cellchat,pDC,Pro-Monocyte,PECAM1,CD38,0.00506330086363165,0,225,45
5143_Dg,GSE227903,Diagnosis,cellchat,Pro-Monocyte,Pro-Monocyte,PECAM1,CD38,0.0128240929284466,0,45,45
