sample,dataset,timepoint,engine,sender_bin,receiver_bin,ligand,receptor,prob,pval,n_sender,n_receiver
5750_MRD,GSE227903,Post_treatment_unspecified,cellchat,CD4 Memory T,CD8 Memory T,TGFB1,TGFbR1_R2,0.0187146687679423,0.15,33,43
5750_MRD,GSE227903,Post_treatment_unspecified,cellchat,CD8 Memory T,CD8 Memory T,TGFB1,TGFbR1_R2,0.0271268812723575,0.01,43,43
5750_MRD,GSE227903,Post_treatment_unspecified,cellchat,cDC,CD8 Memory T,TGFB1,TGFbR1_R2,0.0109626674471467,0.6,213,43
5750_MRD,GSE227903,Post_treatment_unspecified,cellchat,Cycling Progenitor,CD8 Memory T,TGFB1,TGFbR1_R2,0.00828015676766562,0.9,28,43
5750_MRD,GSE227903,Post_treatment_unspecified,cellchat,Early GMP,CD8 Memory T,TGFB1,TGFbR1_R2,0.0051787790436823,0.99,59,43
5750_MRD,GSE227903,Post_treatment_unspecified,cellchat,LMPP,CD8 Memory T,TGFB1,TGFbR1_R2,0.0109287274668085,0.6,18,43
5750_MRD,GSE227903,Post_treatment_unspecified,cellchat,Monocyte,CD8 Memory T,TGFB1,TGFbR1_R2,0.0106645181741603,0.62,766,43
5750_MRD,GSE227903,Post_treatment_unspecified,cellchat,Naive T,CD8 Memory T,TGFB1,TGFbR1_R2,0.00914017692498797,0.79,35,43
5750_MRD,GSE227903,Post_treatment_unspecified,cellchat,pDC,CD8 Memory T,TGFB1,TGFbR1_R2,0.0175433459876863,0.13,192,43
5750_MRD,GSE227903,Post_treatment_unspecified,cellchat,Pro-Monocyte,CD8 Memory T,TGFB1,TGFbR1_R2,0.0058215176471478,0.99,393,43
5750_MRD,GSE227903,Post_treatment_unspecified,cellchat,CD4 Memory T,cDC,TGFB1,TGFbR1_R2,0.0272102519596237,0,33,213
5750_MRD,GSE227903,Post_treatment_unspecified,cellchat,CD8 Memory T,cDC,TGFB1,TGFbR1_R2,0.0392883213359572,0,43,213
5750_MRD,GSE227903,Post_treatment_unspecified,cellchat,cDC,cDC,TGFB1,TGFbR1_R2,0.015996571327939,0.07,213,213
5750_MRD,GSE227903,Post_treatment_unspecified,cellchat,Cycling Progenitor,cDC,TGFB1,TGFbR1_R2,0.0120966481601841,0.5,28,213
5750_MRD,GSE227903,Post_treatment_unspecified,cellchat,Early GMP,cDC,TGFB1,TGFbR1_R2,0.00757714916123081,0.98,59,213
5750_MRD,GSE227903,Post_treatment_unspecified,cellchat,LMPP,cDC,TGFB1,TGFbR1_R2,0.0159472978720445,0.14,18,213
5750_MRD,GSE227903,Post_treatment_unspecified,cellchat,Monocyte,cDC,TGFB1,TGFbR1_R2,0.0155636704475537,0.08,766,213
5750_MRD,GSE227903,Post_treatment_unspecified,cellchat,Naive T,cDC,TGFB1,TGFbR1_R2,0.0133485132815543,0.37,35,213
5750_MRD,GSE227903,Post_treatment_unspecified,cellchat,pDC,cDC,TGFB1,TGFbR1_R2,0.025521032485081,0,192,213
5750_MRD,GSE227903,Post_treatment_unspecified,cellchat,CD4 Memory T,Cycling Progenitor,TGFB1,TGFbR1_R2,0.0213874393544533,0.02,33,28
5750_MRD,GSE227903,Post_treatment_unspecified,cellchat,CD8 Memory T,Cycling Progenitor,TGFB1,TGFbR1_R2,0.0309585468230249,0,43,28
5750_MRD,GSE227903,Post_treatment_unspecified,cellchat,cDC,Cycling Progenitor,TGFB1,TGFbR1_R2,0.0125441946849034,0.46,213,28
5750_MRD,GSE227903,Post_treatment_unspecified,cellchat,Cycling Progenitor,Cycling Progenitor,TGFB1,TGFbR1_R2,0.00947865294391628,0.73,28,28
5750_MRD,GSE227903,Post_treatment_unspecified,cellchat,Early GMP,Cycling Progenitor,TGFB1,TGFbR1_R2,0.00593150184904826,0.96,59,28
5750_MRD,GSE227903,Post_treatment_unspecified,cellchat,Late GMP,Cycling Progenitor,TGFB1,TGFbR1_R2,0.0054447730919869,0.98,141,28
5750_MRD,GSE227903,Post_treatment_unspecified,cellchat,LMPP,Cycling Progenitor,TGFB1,TGFbR1_R2,0.0125054277292086,0.43,18,28
5750_MRD,GSE227903,Post_treatment_unspecified,cellchat,Monocyte,Cycling Progenitor,TGFB1,TGFbR1_R2,0.0122036276402575,0.47,766,28
5750_MRD,GSE227903,Post_treatment_unspecified,cellchat,Naive T,Cycling Progenitor,TGFB1,TGFbR1_R2,0.0104618991731627,0.66,35,28
5750_MRD,GSE227903,Post_treatment_unspecified,cellchat,pDC,Cycling Progenitor,TGFB1,TGFbR1_R2,0.0200526659706438,0.04,192,28
5750_MRD,GSE227903,Post_treatment_unspecified,cellchat,Pro-Monocyte,Cycling Progenitor,TGFB1,TGFbR1_R2,0.00666695990442782,0.95,393,28
5750_MRD,GSE227903,Post_treatment_unspecified,cellchat,CD4 Memory T,Early GMP,TGFB1,TGFbR1_R2,0.0125007404524533,0.43,33,59
5750_MRD,GSE227903,Post_treatment_unspecified,cellchat,CD8 Memory T,Early GMP,TGFB1,TGFbR1_R2,0.0181715263082684,0.13,43,59
5750_MRD,GSE227903,Post_treatment_unspecified,cellchat,cDC,Early GMP,TGFB1,TGFbR1_R2,0.00730351892383484,0.96,213,59
5750_MRD,GSE227903,Post_treatment_unspecified,cellchat,Cycling Progenitor,Early GMP,TGFB1,TGFbR1_R2,0.00551162816015906,0.97,28,59
5750_MRD,GSE227903,Post_treatment_unspecified,cellchat,LMPP,Early GMP,TGFB1,TGFbR1_R2,0.00728082412548233,0.88,18,59
5750_MRD,GSE227903,Post_treatment_unspecified,cellchat,Monocyte,Early GMP,TGFB1,TGFbR1_R2,0.00710417189161516,0.93,766,59
5750_MRD,GSE227903,Post_treatment_unspecified,cellchat,Naive T,Early GMP,TGFB1,TGFbR1_R2,0.00608560117247165,0.98,35,59
5750_MRD,GSE227903,Post_treatment_unspecified,cellchat,pDC,Early GMP,TGFB1,TGFbR1_R2,0.0117136954572437,0.51,192,59
5750_MRD,GSE227903,Post_treatment_unspecified,cellchat,CD4 Memory T,Late GMP,TGFB1,TGFbR1_R2,0.0148103316338145,0.16,33,141
5750_MRD,GSE227903,Post_treatment_unspecified,cellchat,CD8 Memory T,Late GMP,TGFB1,TGFbR1_R2,0.0215060138079856,0,43,141
5750_MRD,GSE227903,Post_treatment_unspecified,cellchat,cDC,Late GMP,TGFB1,TGFbR1_R2,0.00866131246863958,0.96,213,141
5750_MRD,GSE227903,Post_treatment_unspecified,cellchat,Cycling Progenitor,Late GMP,TGFB1,TGFbR1_R2,0.00653838381189598,0.98,28,141
5750_MRD,GSE227903,Post_treatment_unspecified,cellchat,LMPP,Late GMP,TGFB1,TGFbR1_R2,0.00863443518994364,0.81,18,141
5750_MRD,GSE227903,Post_treatment_unspecified,cellchat,Monocyte,Late GMP,TGFB1,TGFbR1_R2,0.00842521946966699,0.95,766,141
5750_MRD,GSE227903,Post_treatment_unspecified,cellchat,Naive T,Late GMP,TGFB1,TGFbR1_R2,0.00721861872083801,0.96,35,141
5750_MRD,GSE227903,Post_treatment_unspecified,cellchat,pDC,Late GMP,TGFB1,TGFbR1_R2,0.0138799189281283,0.18,192,141
5750_MRD,GSE227903,Post_treatment_unspecified,cellchat,CD4 Memory T,LMPP,TGFB1,TGFbR1_R2,0.0189642469644481,0.23,33,18
5750_MRD,GSE227903,Post_treatment_unspecified,cellchat,CD8 Memory T,LMPP,TGFB1,TGFbR1_R2,0.0274855021862288,0.01,43,18
5750_MRD,GSE227903,Post_treatment_unspecified,cellchat,cDC,LMPP,TGFB1,TGFbR1_R2,0.0111100356785522,0.58,213,18
5750_MRD,GSE227903,Post_treatment_unspecified,cellchat,Cycling Progenitor,LMPP,TGFB1,TGFbR1_R2,0.00839175633458516,0.78,28,18
5750_MRD,GSE227903,Post_treatment_unspecified,cellchat,Early GMP,LMPP,TGFB1,TGFbR1_R2,0.00524880862210461,0.96,59,18
5750_MRD,GSE227903,Post_treatment_unspecified,cellchat,Late GMP,LMPP,TGFB1,TGFbR1_R2,0.00481779311537739,0.98,141,18
5750_MRD,GSE227903,Post_treatment_unspecified,cellchat,LMPP,LMPP,TGFB1,TGFbR1_R2,0.0110756445612896,0.55,18,18
5750_MRD,GSE227903,Post_treatment_unspecified,cellchat,Monocyte,LMPP,TGFB1,TGFbR1_R2,0.010807922261613,0.58,766,18
5750_MRD,GSE227903,Post_treatment_unspecified,cellchat,Naive T,LMPP,TGFB1,TGFbR1_R2,0.00926327535843597,0.72,35,18
5750_MRD,GSE227903,Post_treatment_unspecified,cellchat,pDC,LMPP,TGFB1,TGFbR1_R2,0.0177775864576673,0.23,192,18
5750_MRD,GSE227903,Post_treatment_unspecified,cellchat,Pro-Monocyte,LMPP,TGFB1,TGFbR1_R2,0.00590018705340093,0.93,393,18
5750_MRD,GSE227903,Post_treatment_unspecified,cellchat,CD4 Memory T,Monocyte,TGFB1,TGFbR1_R2,0.0229452796770686,0,33,766
5750_MRD,GSE227903,Post_treatment_unspecified,cellchat,CD8 Memory T,Monocyte,TGFB1,TGFbR1_R2,0.0331948158521766,0,43,766
5750_MRD,GSE227903,Post_treatment_unspecified,cellchat,cDC,Monocyte,TGFB1,TGFbR1_R2,0.0134649181875106,0.05,213,766
5750_MRD,GSE227903,Post_treatment_unspecified,cellchat,Cycling Progenitor,Monocyte,TGFB1,TGFbR1_R2,0.0101761234467816,0.68,28,766
5750_MRD,GSE227903,Post_treatment_unspecified,cellchat,LMPP,Monocyte,TGFB1,TGFbR1_R2,0.013423336480323,0.32,18,766
5750_MRD,GSE227903,Post_treatment_unspecified,cellchat,Monocyte,Monocyte,TGFB1,TGFbR1_R2,0.0130996170991255,0.04,766,766
5750_MRD,GSE227903,Post_treatment_unspecified,cellchat,Naive T,Monocyte,TGFB1,TGFbR1_R2,0.0112311643686573,0.56,35,766
5750_MRD,GSE227903,Post_treatment_unspecified,cellchat,pDC,Monocyte,TGFB1,TGFbR1_R2,0.0215149749119927,0,192,766
5750_MRD,GSE227903,Post_treatment_unspecified,cellchat,CD4 Memory T,pDC,TGFB1,TGFbR1_R2,0.0526218409986247,0,33,192
5750_MRD,GSE227903,Post_treatment_unspecified,cellchat,CD8 Memory T,pDC,TGFB1,TGFbR1_R2,0.0751086910020793,0,43,192
5750_MRD,GSE227903,Post_treatment_unspecified,cellchat,cDC,pDC,TGFB1,TGFbR1_R2,0.0312723893745927,0,213,192
5750_MRD,GSE227903,Post_treatment_unspecified,cellchat,Cycling Progenitor,pDC,TGFB1,TGFbR1_R2,0.0237338545925204,0,28,192
5750_MRD,GSE227903,Post_treatment_unspecified,cellchat,Early GMP,pDC,TGFB1,TGFbR1_R2,0.0149349266411129,0.22,59,192
5750_MRD,GSE227903,Post_treatment_unspecified,cellchat,Late GMP,pDC,TGFB1,TGFbR1_R2,0.0137194878295579,0.22,141,192
5750_MRD,GSE227903,Post_treatment_unspecified,cellchat,LMPP,pDC,TGFB1,TGFbR1_R2,0.0311775534209526,0,18,192
5750_MRD,GSE227903,Post_treatment_unspecified,cellchat,Monocyte,pDC,TGFB1,TGFbR1_R2,0.0304388805810374,0,766,192
5750_MRD,GSE227903,Post_treatment_unspecified,cellchat,Naive T,pDC,TGFB1,TGFbR1_R2,0.0261628207633665,0,35,192
5750_MRD,GSE227903,Post_treatment_unspecified,cellchat,pDC,pDC,TGFB1,TGFbR1_R2,0.0494352318557329,0,192,192
5750_MRD,GSE227903,Post_treatment_unspecified,cellchat,Pro-Monocyte,pDC,TGFB1,TGFbR1_R2,0.0167680922506672,0.03,393,192
5750_MRD,GSE227903,Post_treatment_unspecified,cellchat,CD4 Memory T,Pro-Monocyte,TGFB1,TGFbR1_R2,0.0215694576773265,0,33,393
5750_MRD,GSE227903,Post_treatment_unspecified,cellchat,CD8 Memory T,Pro-Monocyte,TGFB1,TGFbR1_R2,0.0312240614721485,0,43,393
5750_MRD,GSE227903,Post_treatment_unspecified,cellchat,cDC,Pro-Monocyte,TGFB1,TGFbR1_R2,0.012650188278512,0.25,213,393
5750_MRD,GSE227903,Post_treatment_unspecified,cellchat,Cycling Progenitor,Pro-Monocyte,TGFB1,TGFbR1_R2,0.00955855317026583,0.78,28,393
5750_MRD,GSE227903,Post_treatment_unspecified,cellchat,LMPP,Pro-Monocyte,TGFB1,TGFbR1_R2,0.0126110904180185,0.43,18,393
5750_MRD,GSE227903,Post_treatment_unspecified,cellchat,Monocyte,Pro-Monocyte,TGFB1,TGFbR1_R2,0.0123067149488253,0.24,766,393
5750_MRD,GSE227903,Post_treatment_unspecified,cellchat,Naive T,Pro-Monocyte,TGFB1,TGFbR1_R2,0.0105501481356971,0.73,35,393
5750_MRD,GSE227903,Post_treatment_unspecified,cellchat,pDC,Pro-Monocyte,TGFB1,TGFbR1_R2,0.0202231403037355,0,192,393
5750_MRD,GSE227903,Post_treatment_unspecified,cellchat,CD4 Memory T,Cycling Progenitor,TGFB1,ACVR1B_TGFbR2,0.00831972657510244,0.06,33,28
5750_MRD,GSE227903,Post_treatment_unspecified,cellchat,CD8 Memory T,Cycling Progenitor,TGFB1,ACVR1B_TGFbR2,0.0121164221337353,0,43,28
5750_MRD,GSE227903,Post_treatment_unspecified,cellchat,cDC,Cycling Progenitor,TGFB1,ACVR1B_TGFbR2,0.00485249101510591,0.26,213,28
5750_MRD,GSE227903,Post_treatment_unspecified,cellchat,Cycling Progenitor,Cycling Progenitor,TGFB1,ACVR1B_TGFbR2,0.00365990078115736,0.33,28,28
5750_MRD,GSE227903,Post_treatment_unspecified,cellchat,Early GMP,Cycling Progenitor,TGFB1,ACVR1B_TGFbR2,0.00228496549042877,0.49,59,28
5750_MRD,GSE227903,Post_treatment_unspecified,cellchat,Late GMP,Cycling Progenitor,TGFB1,ACVR1B_TGFbR2,0.00209682436377471,0.49,141,28
5750_MRD,GSE227903,Post_treatment_unspecified,cellchat,LMPP,Cycling Progenitor,TGFB1,ACVR1B_TGFbR2,0.00483737649086383,0.23,18,28
5750_MRD,GSE227903,Post_treatment_unspecified,cellchat,Monocyte,Cycling Progenitor,TGFB1,ACVR1B_TGFbR2,0.00471973543870789,0.25,766,28
5750_MRD,GSE227903,Post_treatment_unspecified,cellchat,Naive T,Cycling Progenitor,TGFB1,ACVR1B_TGFbR2,0.00404168690004889,0.32,35,28
5750_MRD,GSE227903,Post_treatment_unspecified,cellchat,pDC,Cycling Progenitor,TGFB1,ACVR1B_TGFbR2,0.00779390287066451,0.09,192,28
5750_MRD,GSE227903,Post_treatment_unspecified,cellchat,Pro-Monocyte,Cycling Progenitor,TGFB1,ACVR1B_TGFbR2,0.00256946921044991,0.43,393,28
5750_MRD,GSE227903,Post_treatment_unspecified,cellchat,CD4 Memory T,Early GMP,TGFB1,ACVR1B_TGFbR2,0.00578397089247042,0.13,33,59
5750_MRD,GSE227903,Post_treatment_unspecified,cellchat,CD8 Memory T,Early GMP,TGFB1,ACVR1B_TGFbR2,0.00843381115528577,0.04,43,59
5750_MRD,GSE227903,Post_treatment_unspecified,cellchat,cDC,Early GMP,TGFB1,ACVR1B_TGFbR2,0.00336973791988884,0.36,213,59
5750_MRD,GSE227903,Post_treatment_unspecified,cellchat,Cycling Progenitor,Early GMP,TGFB1,ACVR1B_TGFbR2,0.00254063078432056,0.38,28,59
5750_MRD,GSE227903,Post_treatment_unspecified,cellchat,Early GMP,Early GMP,TGFB1,ACVR1B_TGFbR2,0.00158544705541135,0.43,59,59
5750_MRD,GSE227903,Post_treatment_unspecified,cellchat,Late GMP,Early GMP,TGFB1,ACVR1B_TGFbR2,0.00145481522269102,0.43,141,59
5750_MRD,GSE227903,Post_treatment_unspecified,cellchat,LMPP,Early GMP,TGFB1,ACVR1B_TGFbR2,0.0033592255039867,0.29,18,59
5750_MRD,GSE227903,Post_treatment_unspecified,cellchat,Monocyte,Early GMP,TGFB1,ACVR1B_TGFbR2,0.00327740759639593,0.34,766,59
5750_MRD,GSE227903,Post_treatment_unspecified,cellchat,Naive T,Early GMP,TGFB1,ACVR1B_TGFbR2,0.00280595408276162,0.36,35,59
5750_MRD,GSE227903,Post_treatment_unspecified,cellchat,pDC,Early GMP,TGFB1,ACVR1B_TGFbR2,0.00541749284779744,0.14,192,59
5750_MRD,GSE227903,Post_treatment_unspecified,cellchat,Pro-Monocyte,Early GMP,TGFB1,ACVR1B_TGFbR2,0.00178301630127695,0.43,393,59
5750_MRD,GSE227903,Post_treatment_unspecified,cellchat,CD4 Memory T,Late GMP,TGFB1,ACVR1B_TGFbR2,0.00571161529432184,0.05,33,141
5750_MRD,GSE227903,Post_treatment_unspecified,cellchat,CD8 Memory T,Late GMP,TGFB1,ACVR1B_TGFbR2,0.00832858460309768,0,43,141
5750_MRD,GSE227903,Post_treatment_unspecified,cellchat,cDC,Late GMP,TGFB1,ACVR1B_TGFbR2,0.00332748251363007,0.23,213,141
5750_MRD,GSE227903,Post_treatment_unspecified,cellchat,Cycling Progenitor,Late GMP,TGFB1,ACVR1B_TGFbR2,0.00250874715651004,0.23,28,141
5750_MRD,GSE227903,Post_treatment_unspecified,cellchat,Early GMP,Late GMP,TGFB1,ACVR1B_TGFbR2,0.00156553092401397,0.23,59,141
5750_MRD,GSE227903,Post_treatment_unspecified,cellchat,Late GMP,Late GMP,TGFB1,ACVR1B_TGFbR2,0.00143653770633845,0.23,141,141
5750_MRD,GSE227903,Post_treatment_unspecified,cellchat,LMPP,Late GMP,TGFB1,ACVR1B_TGFbR2,0.00331710148122288,0.19,18,141
5750_MRD,GSE227903,Post_treatment_unspecified,cellchat,Monocyte,Late GMP,TGFB1,ACVR1B_TGFbR2,0.00323630622241691,0.23,766,141
5750_MRD,GSE227903,Post_treatment_unspecified,cellchat,Naive T,Late GMP,TGFB1,ACVR1B_TGFbR2,0.00277074868607472,0.23,35,141
5750_MRD,GSE227903,Post_treatment_unspecified,cellchat,pDC,Late GMP,TGFB1,ACVR1B_TGFbR2,0.00534969710253134,0.04,192,141
5750_MRD,GSE227903,Post_treatment_unspecified,cellchat,Pro-Monocyte,Late GMP,TGFB1,ACVR1B_TGFbR2,0.00176062271323944,0.23,393,141
5750_MRD,GSE227903,Post_treatment_unspecified,cellchat,CD4 Memory T,Monocyte,TGFB1,ACVR1B_TGFbR2,0.0121718654760054,0,33,766
5750_MRD,GSE227903,Post_treatment_unspecified,cellchat,CD8 Memory T,Monocyte,TGFB1,ACVR1B_TGFbR2,0.0176961353028423,0,43,766
5750_MRD,GSE227903,Post_treatment_unspecified,cellchat,cDC,Monocyte,TGFB1,ACVR1B_TGFbR2,0.00711039022014955,0,213,766
5750_MRD,GSE227903,Post_treatment_unspecified,cellchat,Cycling Progenitor,Monocyte,TGFB1,ACVR1B_TGFbR2,0.00536563870936253,0.02,28,766
5750_MRD,GSE227903,Post_treatment_unspecified,cellchat,Early GMP,Monocyte,TGFB1,ACVR1B_TGFbR2,0.00335206958071647,0.09,59,766
5750_MRD,GSE227903,Post_treatment_unspecified,cellchat,Late GMP,Monocyte,TGFB1,ACVR1B_TGFbR2,0.00307632658568654,0.1,141,766
5750_MRD,GSE227903,Post_treatment_unspecified,cellchat,LMPP,Monocyte,TGFB1,ACVR1B_TGFbR2,0.00708829126064606,0,18,766
5750_MRD,GSE227903,Post_treatment_unspecified,cellchat,Monocyte,Monocyte,TGFB1,ACVR1B_TGFbR2,0.00691627784277275,0,766,766
5750_MRD,GSE227903,Post_treatment_unspecified,cellchat,Naive T,Monocyte,TGFB1,ACVR1B_TGFbR2,0.0059244859542295,0.01,35,766
5750_MRD,GSE227903,Post_treatment_unspecified,cellchat,pDC,Monocyte,TGFB1,ACVR1B_TGFbR2,0.011405287260056,0,192,766
5750_MRD,GSE227903,Post_treatment_unspecified,cellchat,Pro-Monocyte,Monocyte,TGFB1,ACVR1B_TGFbR2,0.0037689540732419,0.09,393,766
5750_MRD,GSE227903,Post_treatment_unspecified,cellchat,CD4 Memory T,Pro-Monocyte,TGFB1,ACVR1B_TGFbR2,0.010824033964166,0,33,393
5750_MRD,GSE227903,Post_treatment_unspecified,cellchat,CD8 Memory T,Pro-Monocyte,TGFB1,ACVR1B_TGFbR2,0.0157463339047313,0,43,393
5750_MRD,GSE227903,Post_treatment_unspecified,cellchat,cDC,Pro-Monocyte,TGFB1,ACVR1B_TGFbR2,0.00631944731985576,0,213,393
5750_MRD,GSE227903,Post_treatment_unspecified,cellchat,Cycling Progenitor,Pro-Monocyte,TGFB1,ACVR1B_TGFbR2,0.00476788937351068,0.04,28,393
5750_MRD,GSE227903,Post_treatment_unspecified,cellchat,Early GMP,Pro-Monocyte,TGFB1,ACVR1B_TGFbR2,0.00297793943860784,0.16,59,393
5750_MRD,GSE227903,Post_treatment_unspecified,cellchat,Late GMP,Pro-Monocyte,TGFB1,ACVR1B_TGFbR2,0.0027328881939,0.17,141,393
5750_MRD,GSE227903,Post_treatment_unspecified,cellchat,LMPP,Pro-Monocyte,TGFB1,ACVR1B_TGFbR2,0.00629979099878444,0.01,18,393
5750_MRD,GSE227903,Post_treatment_unspecified,cellchat,Monocyte,Pro-Monocyte,TGFB1,ACVR1B_TGFbR2,0.00614679386601506,0.01,766,393
5750_MRD,GSE227903,Post_treatment_unspecified,cellchat,Naive T,Pro-Monocyte,TGFB1,ACVR1B_TGFbR2,0.00526476073855658,0.06,35,393
5750_MRD,GSE227903,Post_treatment_unspecified,cellchat,pDC,Pro-Monocyte,TGFB1,ACVR1B_TGFbR2,0.0101414700525913,0,192,393
5750_MRD,GSE227903,Post_treatment_unspecified,cellchat,Pro-Monocyte,Pro-Monocyte,TGFB1,ACVR1B_TGFbR2,0.00334845107418079,0.16,393,393
5750_MRD,GSE227903,Post_treatment_unspecified,cellchat,CD4 Memory T,Cycling Progenitor,TGFB1,ACVR1_TGFbR,0.00699221977544066,0,33,28
5750_MRD,GSE227903,Post_treatment_unspecified,cellchat,CD8 Memory T,Cycling Progenitor,TGFB1,ACVR1_TGFbR,0.0101899279384939,0.01,43,28
5750_MRD,GSE227903,Post_treatment_unspecified,cellchat,cDC,Cycling Progenitor,TGFB1,ACVR1_TGFbR,0.0040757304293466,0.02,213,28
5750_MRD,GSE227903,Post_treatment_unspecified,cellchat,Cycling Progenitor,Cycling Progenitor,TGFB1,ACVR1_TGFbR,0.00312012079610337,0.02,28,28
5750_MRD,GSE227903,Post_treatment_unspecified,cellchat,Early GMP,Cycling Progenitor,TGFB1,ACVR1_TGFbR,0.00191833301238586,0.02,59,28
5750_MRD,GSE227903,Post_treatment_unspecified,cellchat,Late GMP,Cycling Progenitor,TGFB1,ACVR1_TGFbR,0.00176032162607444,0.02,141,28
5750_MRD,GSE227903,Post_treatment_unspecified,cellchat,LMPP,Cycling Progenitor,TGFB1,ACVR1_TGFbR,0.00406302454006264,0.02,18,28
5750_MRD,GSE227903,Post_treatment_unspecified,cellchat,Monocyte,Cycling Progenitor,TGFB1,ACVR1_TGFbR,0.00396413295673128,0.02,766,28
5750_MRD,GSE227903,Post_treatment_unspecified,cellchat,Naive T,Cycling Progenitor,TGFB1,ACVR1_TGFbR,0.00339423073078982,0.02,35,28
5750_MRD,GSE227903,Post_treatment_unspecified,cellchat,pDC,Cycling Progenitor,TGFB1,ACVR1_TGFbR,0.00654969023552484,0.01,192,28
5750_MRD,GSE227903,Post_treatment_unspecified,cellchat,Pro-Monocyte,Cycling Progenitor,TGFB1,ACVR1_TGFbR,0.00215729494993364,0.02,393,28
5750_MRD,GSE227903,Post_treatment_unspecified,cellchat,Cycling Progenitor,Monocyte,GDF11,TGFBR1_ACVR2A,0.000753187702361688,0,28,766
5750_MRD,GSE227903,Post_treatment_unspecified,cellchat,Cycling Progenitor,Pro-Monocyte,GDF11,TGFBR1_ACVR2A,0.00038924494986817,0,28,393
5750_MRD,GSE227903,Post_treatment_unspecified,cellchat,pDC,Cycling Progenitor,WNT10A,FZD6_LRP5,0.000488110201176588,0,192,28
5750_MRD,GSE227903,Post_treatment_unspecified,cellchat,cDC,Monocyte,VEGFA,FLT1,0.00319556621401663,0,213,766
5750_MRD,GSE227903,Post_treatment_unspecified,cellchat,Monocyte,Monocyte,VEGFA,FLT1,0.00529542164925738,0,766,766
5750_MRD,GSE227903,Post_treatment_unspecified,cellchat,Pro-Monocyte,Monocyte,VEGFA,FLT1,0.000924895008709584,0,393,766
5750_MRD,GSE227903,Post_treatment_unspecified,cellchat,cDC,Monocyte,VEGFB,FLT1,0.000690147013619388,0,213,766
5750_MRD,GSE227903,Post_treatment_unspecified,cellchat,Cycling Progenitor,Monocyte,VEGFB,FLT1,0.00147776051960878,0,28,766
5750_MRD,GSE227903,Post_treatment_unspecified,cellchat,Early GMP,Monocyte,VEGFB,FLT1,0.000734957270409039,0,59,766
5750_MRD,GSE227903,Post_treatment_unspecified,cellchat,Late GMP,Monocyte,VEGFB,FLT1,0.000699148653141626,0,141,766
5750_MRD,GSE227903,Post_treatment_unspecified,cellchat,LMPP,Monocyte,VEGFB,FLT1,0.000778475034285934,0,18,766
5750_MRD,GSE227903,Post_treatment_unspecified,cellchat,pDC,Monocyte,VEGFB,FLT1,0.00563410022896342,0,192,766
5750_MRD,GSE227903,Post_treatment_unspecified,cellchat,CD4 Memory T,cDC,CCL5,CCR1,0.00246010683607509,0,33,213
5750_MRD,GSE227903,Post_treatment_unspecified,cellchat,CD8 Memory T,cDC,CCL5,CCR1,0.012221259158687,0,43,213
5750_MRD,GSE227903,Post_treatment_unspecified,cellchat,CD4 Memory T,Monocyte,CCL5,CCR1,0.0166481203643113,0,33,766
5750_MRD,GSE227903,Post_treatment_unspecified,cellchat,CD8 Memory T,Monocyte,CCL5,CCR1,0.0782861527195039,0,43,766
5750_MRD,GSE227903,Post_treatment_unspecified,cellchat,CD4 Memory T,Pro-Monocyte,CCL5,CCR1,0.00543562517754971,0,33,393
5750_MRD,GSE227903,Post_treatment_unspecified,cellchat,CD8 Memory T,Pro-Monocyte,CCL5,CCR1,0.0266871169233243,0,43,393
5750_MRD,GSE227903,Post_treatment_unspecified,cellchat,Monocyte,cDC,CCL3,CCR1,0.0092441033315643,0.49,766,213
5750_MRD,GSE227903,Post_treatment_unspecified,cellchat,Pro-Monocyte,cDC,CCL3,CCR1,0.00850732719653631,0.69,393,213
5750_MRD,GSE227903,Post_treatment_unspecified,cellchat,Late GMP,Monocyte,CCL3,CCR1,0.0129221598002443,0,141,766
5750_MRD,GSE227903,Post_treatment_unspecified,cellchat,Monocyte,Monocyte,CCL3,CCR1,0.0601960444356118,0,766,766
5750_MRD,GSE227903,Post_treatment_unspecified,cellchat,Pro-Monocyte,Monocyte,CCL3,CCR1,0.0556262875772964,0,393,766
5750_MRD,GSE227903,Post_treatment_unspecified,cellchat,Monocyte,Pro-Monocyte,CCL3,CCR1,0.0202582830097503,0,766,393
5750_MRD,GSE227903,Post_treatment_unspecified,cellchat,Pro-Monocyte,Pro-Monocyte,CCL3,CCR1,0.0186601853965923,0,393,393
5750_MRD,GSE227903,Post_treatment_unspecified,cellchat,Monocyte,cDC,CCL3L1,CCR1,0.00436995785327634,0.09,766,213
5750_MRD,GSE227903,Post_treatment_unspecified,cellchat,Pro-Monocyte,cDC,CCL3L1,CCR1,0.00456240104278346,0.05,393,213
5750_MRD,GSE227903,Post_treatment_unspecified,cellchat,Late GMP,Monocyte,CCL3L1,CCR1,0.00489489953310992,0.18,141,766
5750_MRD,GSE227903,Post_treatment_unspecified,cellchat,Monocyte,Monocyte,CCL3L1,CCR1,0.0292495648634749,0,766,766
5750_MRD,GSE227903,Post_treatment_unspecified,cellchat,Pro-Monocyte,Monocyte,CCL3L1,CCR1,0.0305040821546165,0,393,766
5750_MRD,GSE227903,Post_treatment_unspecified,cellchat,Monocyte,Pro-Monocyte,CCL3L1,CCR1,0.00963314859052027,0,766,393
5750_MRD,GSE227903,Post_treatment_unspecified,cellchat,Pro-Monocyte,Pro-Monocyte,CCL3L1,CCR1,0.0100550301762663,0,393,393
5750_MRD,GSE227903,Post_treatment_unspecified,cellchat,CD4 Memory T,CD4 Memory T,MIF,CD74_CXCR4,0.0764312885268917,0.49,33,33
5750_MRD,GSE227903,Post_treatment_unspecified,cellchat,CD8 Memory T,CD4 Memory T,MIF,CD74_CXCR4,0.0778747466793378,0.49,43,33
5750_MRD,GSE227903,Post_treatment_unspecified,cellchat,cDC,CD4 Memory T,MIF,CD74_CXCR4,0.103595722962599,0,213,33
5750_MRD,GSE227903,Post_treatment_unspecified,cellchat,Cycling Progenitor,CD4 Memory T,MIF,CD74_CXCR4,0.128577226365157,0,28,33
5750_MRD,GSE227903,Post_treatment_unspecified,cellchat,Early GMP,CD4 Memory T,MIF,CD74_CXCR4,0.127085948225513,0,59,33
5750_MRD,GSE227903,Post_treatment_unspecified,cellchat,Late GMP,CD4 Memory T,MIF,CD74_CXCR4,0.127158554604065,0,141,33
5750_MRD,GSE227903,Post_treatment_unspecified,cellchat,LMPP,CD4 Memory T,MIF,CD74_CXCR4,0.121977465718228,0,18,33
5750_MRD,GSE227903,Post_treatment_unspecified,cellchat,Monocyte,CD4 Memory T,MIF,CD74_CXCR4,0.0510636854937099,0.93,766,33
5750_MRD,GSE227903,Post_treatment_unspecified,cellchat,Naive T,CD4 Memory T,MIF,CD74_CXCR4,0.0593592599982837,0.87,35,33
5750_MRD,GSE227903,Post_treatment_unspecified,cellchat,pDC,CD4 Memory T,MIF,CD74_CXCR4,0.0731623922576762,0.68,192,33
5750_MRD,GSE227903,Post_treatment_unspecified,cellchat,Pro-Monocyte,CD4 Memory T,MIF,CD74_CXCR4,0.105420148998159,0,393,33
5750_MRD,GSE227903,Post_treatment_unspecified,cellchat,CD4 Memory T,CD8 Memory T,MIF,CD74_CXCR4,0.0907367490148934,0.1,33,43
5750_MRD,GSE227903,Post_treatment_unspecified,cellchat,CD8 Memory T,CD8 Memory T,MIF,CD74_CXCR4,0.0924233394559056,0.08,43,43
5750_MRD,GSE227903,Post_treatment_unspecified,cellchat,cDC,CD8 Memory T,MIF,CD74_CXCR4,0.122312149509798,0,213,43
5750_MRD,GSE227903,Post_treatment_unspecified,cellchat,Cycling Progenitor,CD8 Memory T,MIF,CD74_CXCR4,0.151046497228385,0,28,43
5750_MRD,GSE227903,Post_treatment_unspecified,cellchat,Early GMP,CD8 Memory T,MIF,CD74_CXCR4,0.149339274615538,0,59,43
5750_MRD,GSE227903,Post_treatment_unspecified,cellchat,Late GMP,CD8 Memory T,MIF,CD74_CXCR4,0.149422418412096,0,141,43
5750_MRD,GSE227903,Post_treatment_unspecified,cellchat,LMPP,CD8 Memory T,MIF,CD74_CXCR4,0.143483308120502,0,18,43
5750_MRD,GSE227903,Post_treatment_unspecified,cellchat,Monocyte,CD8 Memory T,MIF,CD74_CXCR4,0.0609344116827265,0.91,766,43
5750_MRD,GSE227903,Post_treatment_unspecified,cellchat,Naive T,CD8 Memory T,MIF,CD74_CXCR4,0.0707140439185367,0.65,35,43
5750_MRD,GSE227903,Post_treatment_unspecified,cellchat,pDC,CD8 Memory T,MIF,CD74_CXCR4,0.0869135984620074,0.13,192,43
5750_MRD,GSE227903,Post_treatment_unspecified,cellchat,Pro-Monocyte,CD8 Memory T,MIF,CD74_CXCR4,0.124420440420569,0,393,43
5750_MRD,GSE227903,Post_treatment_unspecified,cellchat,CD4 Memory T,cDC,MIF,CD74_CXCR4,0.0977507770326464,0,33,213
5750_MRD,GSE227903,Post_treatment_unspecified,cellchat,CD8 Memory T,cDC,MIF,CD74_CXCR4,0.099553467859655,0,43,213
5750_MRD,GSE227903,Post_treatment_unspecified,cellchat,cDC,cDC,MIF,CD74_CXCR4,0.131414217587837,0,213,213
5750_MRD,GSE227903,Post_treatment_unspecified,cellchat,Cycling Progenitor,cDC,MIF,CD74_CXCR4,0.161892461515697,0,28,213
5750_MRD,GSE227903,Post_treatment_unspecified,cellchat,Early GMP,cDC,MIF,CD74_CXCR4,0.160085767187817,0,59,213
5750_MRD,GSE227903,Post_treatment_unspecified,cellchat,Late GMP,cDC,MIF,CD74_CXCR4,0.160173767464937,0,141,213
5750_MRD,GSE227903,Post_treatment_unspecified,cellchat,LMPP,cDC,MIF,CD74_CXCR4,0.15388463458417,0,18,213
5750_MRD,GSE227903,Post_treatment_unspecified,cellchat,Naive T,cDC,MIF,CD74_CXCR4,0.0763101970239237,0.54,35,213
5750_MRD,GSE227903,Post_treatment_unspecified,cellchat,pDC,cDC,MIF,CD74_CXCR4,0.093662536299343,0,192,213
5750_MRD,GSE227903,Post_treatment_unspecified,cellchat,Pro-Monocyte,cDC,MIF,CD74_CXCR4,0.133655508836605,0,393,213
5750_MRD,GSE227903,Post_treatment_unspecified,cellchat,CD4 Memory T,Cycling Progenitor,MIF,CD74_CXCR4,0.0600187132444863,0.8,33,28
5750_MRD,GSE227903,Post_treatment_unspecified,cellchat,CD8 Memory T,Cycling Progenitor,MIF,CD74_CXCR4,0.0611727389236993,0.83,43,28
5750_MRD,GSE227903,Post_treatment_unspecified,cellchat,cDC,Cycling Progenitor,MIF,CD74_CXCR4,0.0818670224308579,0.25,213,28
5750_MRD,GSE227903,Post_treatment_unspecified,cellchat,Cycling Progenitor,Cycling Progenitor,MIF,CD74_CXCR4,0.102206202239308,0.03,28,28
5750_MRD,GSE227903,Post_treatment_unspecified,cellchat,Early GMP,Cycling Progenitor,MIF,CD74_CXCR4,0.100985338655993,0,59,28
5750_MRD,GSE227903,Post_treatment_unspecified,cellchat,Late GMP,Cycling Progenitor,MIF,CD74_CXCR4,0.101044759426217,0,141,28
5750_MRD,GSE227903,Post_treatment_unspecified,cellchat,LMPP,Cycling Progenitor,MIF,CD74_CXCR4,0.096809667193211,0.07,18,28
5750_MRD,GSE227903,Post_treatment_unspecified,cellchat,Monocyte,Cycling Progenitor,MIF,CD74_CXCR4,0.0398633365660238,0.97,766,28
5750_MRD,GSE227903,Post_treatment_unspecified,cellchat,Naive T,Cycling Progenitor,MIF,CD74_CXCR4,0.0464283783034775,0.94,35,28
5750_MRD,GSE227903,Post_treatment_unspecified,cellchat,pDC,Cycling Progenitor,MIF,CD74_CXCR4,0.0574081352187786,0.88,192,28
5750_MRD,GSE227903,Post_treatment_unspecified,cellchat,Pro-Monocyte,Cycling Progenitor,MIF,CD74_CXCR4,0.0833443626873092,0.21,393,28
5750_MRD,GSE227903,Post_treatment_unspecified,cellchat,cDC,Early GMP,MIF,CD74_CXCR4,0.0577173456087181,0.96,213,59
5750_MRD,GSE227903,Post_treatment_unspecified,cellchat,Cycling Progenitor,Early GMP,MIF,CD74_CXCR4,0.0725307107378016,0.67,28,59
5750_MRD,GSE227903,Post_treatment_unspecified,cellchat,Early GMP,Early GMP,MIF,CD74_CXCR4,0.0716360398215087,0.71,59,59
5750_MRD,GSE227903,Post_treatment_unspecified,cellchat,Late GMP,Early GMP,MIF,CD74_CXCR4,0.0716795680868745,0.74,141,59
5750_MRD,GSE227903,Post_treatment_unspecified,cellchat,LMPP,Early GMP,MIF,CD74_CXCR4,0.0685813634373252,0.76,18,59
5750_MRD,GSE227903,Post_treatment_unspecified,cellchat,Pro-Monocyte,Early GMP,MIF,CD74_CXCR4,0.0587867936407712,0.96,393,59
5750_MRD,GSE227903,Post_treatment_unspecified,cellchat,CD4 Memory T,Late GMP,MIF,CD74_CXCR4,0.0584142613368639,0.96,33,141
5750_MRD,GSE227903,Post_treatment_unspecified,cellchat,CD8 Memory T,Late GMP,MIF,CD74_CXCR4,0.0595393910652901,0.95,43,141
5750_MRD,GSE227903,Post_treatment_unspecified,cellchat,cDC,Late GMP,MIF,CD74_CXCR4,0.0797280492862276,0.26,213,141
5750_MRD,GSE227903,Post_treatment_unspecified,cellchat,Cycling Progenitor,Late GMP,MIF,CD74_CXCR4,0.0995934631544329,0,28,141
5750_MRD,GSE227903,Post_treatment_unspecified,cellchat,Early GMP,Late GMP,MIF,CD74_CXCR4,0.0984003883775101,0,59,141
5750_MRD,GSE227903,Post_treatment_unspecified,cellchat,Late GMP,Late GMP,MIF,CD74_CXCR4,0.0984584547157552,0,141,141
5750_MRD,GSE227903,Post_treatment_unspecified,cellchat,LMPP,Late GMP,MIF,CD74_CXCR4,0.0943203887984429,0.09,18,141
5750_MRD,GSE227903,Post_treatment_unspecified,cellchat,Naive T,Late GMP,MIF,CD74_CXCR4,0.045169772223221,0.99,35,141
5750_MRD,GSE227903,Post_treatment_unspecified,cellchat,Pro-Monocyte,Late GMP,MIF,CD74_CXCR4,0.0811702029328895,0.18,393,141
5750_MRD,GSE227903,Post_treatment_unspecified,cellchat,CD4 Memory T,LMPP,MIF,CD74_CXCR4,0.0396790394830792,0.95,33,18
5750_MRD,GSE227903,Post_treatment_unspecified,cellchat,CD8 Memory T,LMPP,MIF,CD74_CXCR4,0.0404588119071444,0.93,43,18
5750_MRD,GSE227903,Post_treatment_unspecified,cellchat,cDC,LMPP,MIF,CD74_CXCR4,0.0545529083051246,0.86,213,18
5750_MRD,GSE227903,Post_treatment_unspecified,cellchat,Cycling Progenitor,LMPP,MIF,CD74_CXCR4,0.0686132477230322,0.63,28,18
5750_MRD,GSE227903,Post_treatment_unspecified,cellchat,Early GMP,LMPP,MIF,CD74_CXCR4,0.067763368416539,0.66,59,18
5750_MRD,GSE227903,Post_treatment_unspecified,cellchat,Late GMP,LMPP,MIF,CD74_CXCR4,0.0678047153942464,0.67,141,18
5750_MRD,GSE227903,Post_treatment_unspecified,cellchat,LMPP,LMPP,MIF,CD74_CXCR4,0.0648622913179506,0.68,18,18
5750_MRD,GSE227903,Post_treatment_unspecified,cellchat,pDC,LMPP,MIF,CD74_CXCR4,0.0379174699525393,0.98,192,18
5750_MRD,GSE227903,Post_treatment_unspecified,cellchat,Pro-Monocyte,LMPP,MIF,CD74_CXCR4,0.0555671799929848,0.86,393,18
5750_MRD,GSE227903,Post_treatment_unspecified,cellchat,Cycling Progenitor,Monocyte,MIF,CD74_CXCR4,0.0729600084267416,0.65,28,766
5750_MRD,GSE227903,Post_treatment_unspecified,cellchat,Early GMP,Monocyte,MIF,CD74_CXCR4,0.0720604535275917,0.76,59,766
5750_MRD,GSE227903,Post_treatment_unspecified,cellchat,Late GMP,Monocyte,MIF,CD74_CXCR4,0.0721042196502355,0.87,141,766
5750_MRD,GSE227903,Post_treatment_unspecified,cellchat,LMPP,Monocyte,MIF,CD74_CXCR4,0.0689890243416476,0.75,18,766
5750_MRD,GSE227903,Post_treatment_unspecified,cellchat,Cycling Progenitor,Naive T,MIF,CD74_CXCR4,0.0573559502276427,0.92,28,35
5750_MRD,GSE227903,Post_treatment_unspecified,cellchat,Early GMP,Naive T,MIF,CD74_CXCR4,0.0566370304723809,0.94,59,35
5750_MRD,GSE227903,Post_treatment_unspecified,cellchat,Late GMP,Naive T,MIF,CD74_CXCR4,0.05667200123328,0.97,141,35
5750_MRD,GSE227903,Post_treatment_unspecified,cellchat,LMPP,Naive T,MIF,CD74_CXCR4,0.0541846064152003,0.91,18,35
5750_MRD,GSE227903,Post_treatment_unspecified,cellchat,Pro-Monocyte,Naive T,MIF,CD74_CXCR4,0.046343831557157,0.98,393,35
5750_MRD,GSE227903,Post_treatment_unspecified,cellchat,CD4 Memory T,pDC,MIF,CD74_CXCR4,0.11533550254175,0,33,192
5750_MRD,GSE227903,Post_treatment_unspecified,cellchat,CD8 Memory T,pDC,MIF,CD74_CXCR4,0.117420281696956,0,43,192
5750_MRD,GSE227903,Post_treatment_unspecified,cellchat,cDC,pDC,MIF,CD74_CXCR4,0.154020997882457,0,213,192
5750_MRD,GSE227903,Post_treatment_unspecified,cellchat,Cycling Progenitor,pDC,MIF,CD74_CXCR4,0.188603842956133,0,28,192
5750_MRD,GSE227903,Post_treatment_unspecified,cellchat,Early GMP,pDC,MIF,CD74_CXCR4,0.186565410679392,0,59,192
5750_MRD,GSE227903,Post_treatment_unspecified,cellchat,Late GMP,pDC,MIF,CD74_CXCR4,0.18666473202969,0,141,192
5750_MRD,GSE227903,Post_treatment_unspecified,cellchat,LMPP,pDC,MIF,CD74_CXCR4,0.179557834698516,0,18,192
5750_MRD,GSE227903,Post_treatment_unspecified,cellchat,Monocyte,pDC,MIF,CD74_CXCR4,0.0781481439513253,0.4,766,192
5750_MRD,GSE227903,Post_treatment_unspecified,cellchat,Naive T,pDC,MIF,CD74_CXCR4,0.0904244574124383,0.04,35,192
5750_MRD,GSE227903,Post_treatment_unspecified,cellchat,pDC,pDC,MIF,CD74_CXCR4,0.110601968696545,0,192,192
5750_MRD,GSE227903,Post_treatment_unspecified,cellchat,Pro-Monocyte,pDC,MIF,CD74_CXCR4,0.156578346898696,0,393,192
5750_MRD,GSE227903,Post_treatment_unspecified,cellchat,CD4 Memory T,Pro-Monocyte,MIF,CD74_CXCR4,0.0695798302322054,0.81,33,393
5750_MRD,GSE227903,Post_treatment_unspecified,cellchat,CD8 Memory T,Pro-Monocyte,MIF,CD74_CXCR4,0.0709038276446261,0.76,43,393
5750_MRD,GSE227903,Post_treatment_unspecified,cellchat,cDC,Pro-Monocyte,MIF,CD74_CXCR4,0.0945585011517878,0,213,393
5750_MRD,GSE227903,Post_treatment_unspecified,cellchat,Cycling Progenitor,Pro-Monocyte,MIF,CD74_CXCR4,0.117646745567684,0,28,393
5750_MRD,GSE227903,Post_treatment_unspecified,cellchat,Early GMP,Pro-Monocyte,MIF,CD74_CXCR4,0.116265328154729,0,59,393
5750_MRD,GSE227903,Post_treatment_unspecified,cellchat,Late GMP,Pro-Monocyte,MIF,CD74_CXCR4,0.116332576398801,0,141,393
5750_MRD,GSE227903,Post_treatment_unspecified,cellchat,LMPP,Pro-Monocyte,MIF,CD74_CXCR4,0.111536226374909,0,18,393
5750_MRD,GSE227903,Post_treatment_unspecified,cellchat,Naive T,Pro-Monocyte,MIF,CD74_CXCR4,0.0539487793341601,0.99,35,393
5750_MRD,GSE227903,Post_treatment_unspecified,cellchat,Pro-Monocyte,Pro-Monocyte,MIF,CD74_CXCR4,0.0962408598799571,0,393,393
5750_MRD,GSE227903,Post_treatment_unspecified,cellchat,Cycling Progenitor,CD4 Memory T,MIF,CD74_CD44,0.132545255996017,0.73,28,33
5750_MRD,GSE227903,Post_treatment_unspecified,cellchat,Early GMP,CD4 Memory T,MIF,CD74_CD44,0.131014874715464,0.81,59,33
5750_MRD,GSE227903,Post_treatment_unspecified,cellchat,Late GMP,CD4 Memory T,MIF,CD74_CD44,0.13108938866597,0.95,141,33
5750_MRD,GSE227903,Post_treatment_unspecified,cellchat,LMPP,CD4 Memory T,MIF,CD74_CD44,0.125771215946432,0.8,18,33
5750_MRD,GSE227903,Post_treatment_unspecified,cellchat,Cycling Progenitor,CD8 Memory T,MIF,CD74_CD44,0.140513784825882,0.51,28,43
5750_MRD,GSE227903,Post_treatment_unspecified,cellchat,Early GMP,CD8 Memory T,MIF,CD74_CD44,0.138906130982905,0.6,59,43
5750_MRD,GSE227903,Post_treatment_unspecified,cellchat,Late GMP,CD8 Memory T,MIF,CD74_CD44,0.138984415217457,0.63,141,43
5750_MRD,GSE227903,Post_treatment_unspecified,cellchat,LMPP,CD8 Memory T,MIF,CD74_CD44,0.133395120211822,0.67,18,43
5750_MRD,GSE227903,Post_treatment_unspecified,cellchat,CD4 Memory T,cDC,MIF,CD74_CD44,0.156788674400724,0.07,33,213
5750_MRD,GSE227903,Post_treatment_unspecified,cellchat,CD8 Memory T,cDC,MIF,CD74_CD44,0.159487668149529,0.06,43,213
5750_MRD,GSE227903,Post_treatment_unspecified,cellchat,cDC,cDC,MIF,CD74_CD44,0.206138432885603,0,213,213
5750_MRD,GSE227903,Post_treatment_unspecified,cellchat,Cycling Progenitor,cDC,MIF,CD74_CD44,0.248979343378872,0,28,213
5750_MRD,GSE227903,Post_treatment_unspecified,cellchat,Early GMP,cDC,MIF,CD74_CD44,0.246486600922402,0,59,213
5750_MRD,GSE227903,Post_treatment_unspecified,cellchat,Late GMP,cDC,MIF,CD74_CD44,0.24660815124481,0,141,213
5750_MRD,GSE227903,Post_treatment_unspecified,cellchat,LMPP,cDC,MIF,CD74_CD44,0.237886537299314,0,18,213
5750_MRD,GSE227903,Post_treatment_unspecified,cellchat,Naive T,cDC,MIF,CD74_CD44,0.124181047794633,0.88,35,213
5750_MRD,GSE227903,Post_treatment_unspecified,cellchat,pDC,cDC,MIF,CD74_CD44,0.150643545595687,0.08,192,213
5750_MRD,GSE227903,Post_treatment_unspecified,cellchat,Pro-Monocyte,cDC,MIF,CD74_CD44,0.209346993295233,0,393,213
5750_MRD,GSE227903,Post_treatment_unspecified,cellchat,CD4 Memory T,Cycling Progenitor,MIF,CD74_CD44,0.110139101513579,0.96,33,28
5750_MRD,GSE227903,Post_treatment_unspecified,cellchat,CD8 Memory T,Cycling Progenitor,MIF,CD74_CD44,0.112141858297552,0.95,43,28
5750_MRD,GSE227903,Post_treatment_unspecified,cellchat,cDC,Cycling Progenitor,MIF,CD74_CD44,0.147371986841921,0.24,213,28
5750_MRD,GSE227903,Post_treatment_unspecified,cellchat,Cycling Progenitor,Cycling Progenitor,MIF,CD74_CD44,0.180780936966268,0,28,28
5750_MRD,GSE227903,Post_treatment_unspecified,cellchat,Early GMP,Cycling Progenitor,MIF,CD74_CD44,0.178808422334293,0,59,28
5750_MRD,GSE227903,Post_treatment_unspecified,cellchat,Late GMP,Cycling Progenitor,MIF,CD74_CD44,0.178904522362168,0,141,28
5750_MRD,GSE227903,Post_treatment_unspecified,cellchat,LMPP,Cycling Progenitor,MIF,CD74_CD44,0.172030587537594,0.05,18,28
5750_MRD,GSE227903,Post_treatment_unspecified,cellchat,Naive T,Cycling Progenitor,MIF,CD74_CD44,0.0862410024120301,0.99,35,28
5750_MRD,GSE227903,Post_treatment_unspecified,cellchat,Pro-Monocyte,Cycling Progenitor,MIF,CD74_CD44,0.14983849014288,0.12,393,28
5750_MRD,GSE227903,Post_treatment_unspecified,cellchat,CD4 Memory T,Early GMP,MIF,CD74_CD44,0.110119073676405,0.96,33,59
5750_MRD,GSE227903,Post_treatment_unspecified,cellchat,CD8 Memory T,Early GMP,MIF,CD74_CD44,0.112121512163262,0.95,43,59
5750_MRD,GSE227903,Post_treatment_unspecified,cellchat,cDC,Early GMP,MIF,CD74_CD44,0.147346309607906,0.2,213,59
5750_MRD,GSE227903,Post_treatment_unspecified,cellchat,Cycling Progenitor,Early GMP,MIF,CD74_CD44,0.180750672755642,0,28,59
5750_MRD,GSE227903,Post_treatment_unspecified,cellchat,Early GMP,Early GMP,MIF,CD74_CD44,0.178778416275842,0,59,59
5750_MRD,GSE227903,Post_treatment_unspecified,cellchat,Late GMP,Early GMP,MIF,CD74_CD44,0.178874503689814,0,141,59
5750_MRD,GSE227903,Post_treatment_unspecified,cellchat,LMPP,Early GMP,MIF,CD74_CD44,0.17200148064407,0.08,18,59
5750_MRD,GSE227903,Post_treatment_unspecified,cellchat,Naive T,Early GMP,MIF,CD74_CD44,0.0862248991544333,0.99,35,59
5750_MRD,GSE227903,Post_treatment_unspecified,cellchat,Pro-Monocyte,Early GMP,MIF,CD74_CD44,0.149812458669542,0.06,393,59
5750_MRD,GSE227903,Post_treatment_unspecified,cellchat,CD4 Memory T,Late GMP,MIF,CD74_CD44,0.114796329799327,0.94,33,141
5750_MRD,GSE227903,Post_treatment_unspecified,cellchat,CD8 Memory T,Late GMP,MIF,CD74_CD44,0.116872650522391,0.95,43,141
5750_MRD,GSE227903,Post_treatment_unspecified,cellchat,cDC,Late GMP,MIF,CD74_CD44,0.153332322397314,0.03,213,141
5750_MRD,GSE227903,Post_treatment_unspecified,cellchat,Cycling Progenitor,Late GMP,MIF,CD74_CD44,0.187794862592432,0,28,141
5750_MRD,GSE227903,Post_treatment_unspecified,cellchat,Early GMP,Late GMP,MIF,CD74_CD44,0.185763172031189,0,59,141
5750_MRD,GSE227903,Post_treatment_unspecified,cellchat,Late GMP,Late GMP,MIF,CD74_CD44,0.185862163880831,0,141,141
5750_MRD,GSE227903,Post_treatment_unspecified,cellchat,LMPP,Late GMP,MIF,CD74_CD44,0.178779106214826,0.04,18,141
5750_MRD,GSE227903,Post_treatment_unspecified,cellchat,Naive T,Late GMP,MIF,CD74_CD44,0.0899898933206585,0.99,35,141
5750_MRD,GSE227903,Post_treatment_unspecified,cellchat,Pro-Monocyte,Late GMP,MIF,CD74_CD44,0.155880343676541,0,393,141
5750_MRD,GSE227903,Post_treatment_unspecified,cellchat,CD4 Memory T,LMPP,MIF,CD74_CD44,0.117370880584225,0.9,33,18
5750_MRD,GSE227903,Post_treatment_unspecified,cellchat,CD8 Memory T,LMPP,MIF,CD74_CD44,0.119487481591046,0.9,43,18
5750_MRD,GSE227903,Post_treatment_unspecified,cellchat,cDC,LMPP,MIF,CD74_CD44,0.156618213298975,0.04,213,18
5750_MRD,GSE227903,Post_treatment_unspecified,cellchat,Cycling Progenitor,LMPP,MIF,CD74_CD44,0.191652107602938,0,28,18
5750_MRD,GSE227903,Post_treatment_unspecified,cellchat,Early GMP,LMPP,MIF,CD74_CD44,0.189588427639703,0,59,18
5750_MRD,GSE227903,Post_treatment_unspecified,cellchat,Late GMP,LMPP,MIF,CD74_CD44,0.189688983051873,0,141,18
5750_MRD,GSE227903,Post_treatment_unspecified,cellchat,LMPP,LMPP,MIF,CD74_CD44,0.182492778425001,0.02,18,18
5750_MRD,GSE227903,Post_treatment_unspecified,cellchat,Naive T,LMPP,MIF,CD74_CD44,0.092065969281309,0.99,35,18
5750_MRD,GSE227903,Post_treatment_unspecified,cellchat,Pro-Monocyte,LMPP,MIF,CD74_CD44,0.159210570434682,0,393,18
5750_MRD,GSE227903,Post_treatment_unspecified,cellchat,CD4 Memory T,Monocyte,MIF,CD74_CD44,0.129836514333894,0.77,33,766
5750_MRD,GSE227903,Post_treatment_unspecified,cellchat,CD8 Memory T,Monocyte,MIF,CD74_CD44,0.132144257586017,0.75,43,766
5750_MRD,GSE227903,Post_treatment_unspecified,cellchat,cDC,Monocyte,MIF,CD74_CD44,0.172437832967665,0,213,766
5750_MRD,GSE227903,Post_treatment_unspecified,cellchat,Cycling Progenitor,Monocyte,MIF,CD74_CD44,0.210128749890135,0,28,766
5750_MRD,GSE227903,Post_treatment_unspecified,cellchat,Early GMP,Monocyte,MIF,CD74_CD44,0.207917289707264,0,59,766
5750_MRD,GSE227903,Post_treatment_unspecified,cellchat,Late GMP,Monocyte,MIF,CD74_CD44,0.208025071132226,0,141,766
5750_MRD,GSE227903,Post_treatment_unspecified,cellchat,LMPP,Monocyte,MIF,CD74_CD44,0.200305205408069,0,18,766
5750_MRD,GSE227903,Post_treatment_unspecified,cellchat,Naive T,Monocyte,MIF,CD74_CD44,0.102155096453892,0.99,35,766
5750_MRD,GSE227903,Post_treatment_unspecified,cellchat,Pro-Monocyte,Monocyte,MIF,CD74_CD44,0.175237631085845,0,393,766
5750_MRD,GSE227903,Post_treatment_unspecified,cellchat,CD4 Memory T,pDC,MIF,CD74_CD44,0.120309308486669,0.9,33,192
5750_MRD,GSE227903,Post_treatment_unspecified,cellchat,CD8 Memory T,pDC,MIF,CD74_CD44,0.122471546699639,0.9,43,192
5750_MRD,GSE227903,Post_treatment_unspecified,cellchat,cDC,pDC,MIF,CD74_CD44,0.160360695172083,0,213,192
5750_MRD,GSE227903,Post_treatment_unspecified,cellchat,Cycling Progenitor,pDC,MIF,CD74_CD44,0.196037154657412,0,28,192
5750_MRD,GSE227903,Post_treatment_unspecified,cellchat,Early GMP,pDC,MIF,CD74_CD44,0.193937585542897,0,59,192
5750_MRD,GSE227903,Post_treatment_unspecified,cellchat,Late GMP,pDC,MIF,CD74_CD44,0.194039895384246,0,141,192
5750_MRD,GSE227903,Post_treatment_unspecified,cellchat,LMPP,pDC,MIF,CD74_CD44,0.186716664893209,0,18,192
5750_MRD,GSE227903,Post_treatment_unspecified,cellchat,Naive T,pDC,MIF,CD74_CD44,0.0944386630063656,0.99,35,192
5750_MRD,GSE227903,Post_treatment_unspecified,cellchat,Pro-Monocyte,pDC,MIF,CD74_CD44,0.163003025696743,0,393,192
5750_MRD,GSE227903,Post_treatment_unspecified,cellchat,CD4 Memory T,Pro-Monocyte,MIF,CD74_CD44,0.126482648027587,0.84,33,393
5750_MRD,GSE227903,Post_treatment_unspecified,cellchat,CD8 Memory T,Pro-Monocyte,MIF,CD74_CD44,0.128739598485201,0.8,43,393
5750_MRD,GSE227903,Post_treatment_unspecified,cellchat,cDC,Pro-Monocyte,MIF,CD74_CD44,0.168196222254596,0,213,393
5750_MRD,GSE227903,Post_treatment_unspecified,cellchat,Cycling Progenitor,Pro-Monocyte,MIF,CD74_CD44,0.205189895538063,0,28,393
5750_MRD,GSE227903,Post_treatment_unspecified,cellchat,Early GMP,Pro-Monocyte,MIF,CD74_CD44,0.203017053710531,0,59,393
5750_MRD,GSE227903,Post_treatment_unspecified,cellchat,Late GMP,Pro-Monocyte,MIF,CD74_CD44,0.20312294633797,0,141,393
5750_MRD,GSE227903,Post_treatment_unspecified,cellchat,LMPP,Pro-Monocyte,MIF,CD74_CD44,0.195540083590996,0,18,393
5750_MRD,GSE227903,Post_treatment_unspecified,cellchat,Naive T,Pro-Monocyte,MIF,CD74_CD44,0.0994345717652965,0.99,35,393
5750_MRD,GSE227903,Post_treatment_unspecified,cellchat,Pro-Monocyte,Pro-Monocyte,MIF,CD74_CD44,0.170941376814817,0,393,393
5750_MRD,GSE227903,Post_treatment_unspecified,cellchat,cDC,cDC,IL16,CD4,0.00021732618865097,0.01,213,213
5750_MRD,GSE227903,Post_treatment_unspecified,cellchat,Cycling Progenitor,cDC,IL16,CD4,4.5406599039827e-05,0.1,28,213
5750_MRD,GSE227903,Post_treatment_unspecified,cellchat,LMPP,cDC,IL16,CD4,0.000314057524616281,0.02,18,213
5750_MRD,GSE227903,Post_treatment_unspecified,cellchat,pDC,cDC,IL16,CD4,0.000525850769719197,0,192,213
5750_MRD,GSE227903,Post_treatment_unspecified,cellchat,cDC,Monocyte,IL16,CD4,0.000433858598494209,0,213,766
5750_MRD,GSE227903,Post_treatment_unspecified,cellchat,Cycling Progenitor,Monocyte,IL16,CD4,9.06628847129964e-05,0.07,28,766
5750_MRD,GSE227903,Post_treatment_unspecified,cellchat,LMPP,Monocyte,IL16,CD4,0.000626907528244147,0,18,766
5750_MRD,GSE227903,Post_treatment_unspecified,cellchat,pDC,Monocyte,IL16,CD4,0.00104945821066576,0,192,766
5750_MRD,GSE227903,Post_treatment_unspecified,cellchat,cDC,pDC,IL16,CD4,0.00181668241366103,0,213,192
5750_MRD,GSE227903,Post_treatment_unspecified,cellchat,Cycling Progenitor,pDC,IL16,CD4,0.000380045731233884,0.02,28,192
5750_MRD,GSE227903,Post_treatment_unspecified,cellchat,LMPP,pDC,IL16,CD4,0.0026234152183769,0,18,192
5750_MRD,GSE227903,Post_treatment_unspecified,cellchat,pDC,pDC,IL16,CD4,0.00438575429562859,0,192,192
5750_MRD,GSE227903,Post_treatment_unspecified,cellchat,CD8 Memory T,cDC,IFNG,IFNGR1_IFNGR2,0.0118046897075605,0,43,213
5750_MRD,GSE227903,Post_treatment_unspecified,cellchat,CD8 Memory T,Cycling Progenitor,IFNG,IFNGR1_IFNGR2,0.00537761187479681,0,43,28
5750_MRD,GSE227903,Post_treatment_unspecified,cellchat,CD8 Memory T,Early GMP,IFNG,IFNGR1_IFNGR2,0.00585612834813084,0,43,59
5750_MRD,GSE227903,Post_treatment_unspecified,cellchat,CD8 Memory T,Late GMP,IFNG,IFNGR1_IFNGR2,0.00656756176554382,0,43,141
5750_MRD,GSE227903,Post_treatment_unspecified,cellchat,CD8 Memory T,LMPP,IFNG,IFNGR1_IFNGR2,0.00344823331477634,0,43,18
5750_MRD,GSE227903,Post_treatment_unspecified,cellchat,CD8 Memory T,Monocyte,IFNG,IFNGR1_IFNGR2,0.0173302359151705,0,43,766
5750_MRD,GSE227903,Post_treatment_unspecified,cellchat,CD8 Memory T,pDC,IFNG,IFNGR1_IFNGR2,0.00485119262031204,0,43,192
5750_MRD,GSE227903,Post_treatment_unspecified,cellchat,CD8 Memory T,Pro-Monocyte,IFNG,IFNGR1_IFNGR2,0.0123387624641196,0,43,393
5750_MRD,GSE227903,Post_treatment_unspecified,cellchat,Monocyte,cDC,TNF,TNFRSF1A,0.00873226985088735,0,766,213
5750_MRD,GSE227903,Post_treatment_unspecified,cellchat,Pro-Monocyte,cDC,TNF,TNFRSF1A,0.00413025369199773,0.24,393,213
5750_MRD,GSE227903,Post_treatment_unspecified,cellchat,Monocyte,Cycling Progenitor,TNF,TNFRSF1A,0.00840451326191426,0,766,28
5750_MRD,GSE227903,Post_treatment_unspecified,cellchat,Pro-Monocyte,Cycling Progenitor,TNF,TNFRSF1A,0.00397453637539147,0.39,393,28
5750_MRD,GSE227903,Post_treatment_unspecified,cellchat,Monocyte,Early GMP,TNF,TNFRSF1A,0.00807724079650043,0,766,59
5750_MRD,GSE227903,Post_treatment_unspecified,cellchat,Pro-Monocyte,Early GMP,TNF,TNFRSF1A,0.00381910319566403,0.36,393,59
5750_MRD,GSE227903,Post_treatment_unspecified,cellchat,Monocyte,Late GMP,TNF,TNFRSF1A,0.00834396680027171,0,766,141
5750_MRD,GSE227903,Post_treatment_unspecified,cellchat,Pro-Monocyte,Late GMP,TNF,TNFRSF1A,0.00394577665894058,0.35,393,141
5750_MRD,GSE227903,Post_treatment_unspecified,cellchat,Monocyte,LMPP,TNF,TNFRSF1A,0.00576607133225034,0.05,766,18
5750_MRD,GSE227903,Post_treatment_unspecified,cellchat,Pro-Monocyte,LMPP,TNF,TNFRSF1A,0.00272298500695421,0.75,393,18
5750_MRD,GSE227903,Post_treatment_unspecified,cellchat,Monocyte,Monocyte,TNF,TNFRSF1A,0.00926074942649343,0,766,766
5750_MRD,GSE227903,Post_treatment_unspecified,cellchat,Pro-Monocyte,Monocyte,TNF,TNFRSF1A,0.00438144892803233,0.07,393,766
5750_MRD,GSE227903,Post_treatment_unspecified,cellchat,Monocyte,pDC,TNF,TNFRSF1A,0.00489571413443835,0,766,192
5750_MRD,GSE227903,Post_treatment_unspecified,cellchat,Pro-Monocyte,pDC,TNF,TNFRSF1A,0.00231089754938847,0.97,393,192
5750_MRD,GSE227903,Post_treatment_unspecified,cellchat,Monocyte,Pro-Monocyte,TNF,TNFRSF1A,0.00692329574111295,0,766,393
5750_MRD,GSE227903,Post_treatment_unspecified,cellchat,Pro-Monocyte,Pro-Monocyte,TNF,TNFRSF1A,0.00327148536241154,0.82,393,393
5750_MRD,GSE227903,Post_treatment_unspecified,cellchat,Monocyte,CD4 Memory T,TNF,TNFRSF1B,0.010934206011837,0,766,33
5750_MRD,GSE227903,Post_treatment_unspecified,cellchat,Pro-Monocyte,CD4 Memory T,TNF,TNFRSF1B,0.005177803274235,0.55,393,33
5750_MRD,GSE227903,Post_treatment_unspecified,cellchat,Monocyte,CD8 Memory T,TNF,TNFRSF1B,0.0133139458796789,0,766,43
5750_MRD,GSE227903,Post_treatment_unspecified,cellchat,Pro-Monocyte,CD8 Memory T,TNF,TNFRSF1B,0.00631270570683908,0.23,393,43
5750_MRD,GSE227903,Post_treatment_unspecified,cellchat,Monocyte,cDC,TNF,TNFRSF1B,0.0143080269304063,0,766,213
5750_MRD,GSE227903,Post_treatment_unspecified,cellchat,Pro-Monocyte,cDC,TNF,TNFRSF1B,0.00678763772377635,0.01,393,213
5750_MRD,GSE227903,Post_treatment_unspecified,cellchat,Pro-Monocyte,Cycling Progenitor,TNF,TNFRSF1B,0.000750851353791736,0.99,393,28
5750_MRD,GSE227903,Post_treatment_unspecified,cellchat,Monocyte,Monocyte,TNF,TNFRSF1B,0.0206702738823927,0,766,766
5750_MRD,GSE227903,Post_treatment_unspecified,cellchat,Pro-Monocyte,Monocyte,TNF,TNFRSF1B,0.00983922789645531,0,393,766
5750_MRD,GSE227903,Post_treatment_unspecified,cellchat,Monocyte,pDC,TNF,TNFRSF1B,0.00869969516305084,0,766,192
5750_MRD,GSE227903,Post_treatment_unspecified,cellchat,Pro-Monocyte,pDC,TNF,TNFRSF1B,0.00411477501306401,0.9,393,192
5750_MRD,GSE227903,Post_treatment_unspecified,cellchat,Monocyte,Pro-Monocyte,TNF,TNFRSF1B,0.00573190162006884,0.18,766,393
5750_MRD,GSE227903,Post_treatment_unspecified,cellchat,Pro-Monocyte,Pro-Monocyte,TNF,TNFRSF1B,0.00270679951467433,0.99,393,393
5750_MRD,GSE227903,Post_treatment_unspecified,cellchat,CD4 Memory T,cDC,TNFSF14,LTBR,0.00101789292456788,0.91,33,213
5750_MRD,GSE227903,Post_treatment_unspecified,cellchat,cDC,cDC,TNFSF14,LTBR,0.00141520892401308,0.7,213,213
5750_MRD,GSE227903,Post_treatment_unspecified,cellchat,Cycling Progenitor,cDC,TNFSF14,LTBR,0.000257426549459248,0.98,28,213
5750_MRD,GSE227903,Post_treatment_unspecified,cellchat,Monocyte,cDC,TNFSF14,LTBR,0.00478808434008687,0,766,213
5750_MRD,GSE227903,Post_treatment_unspecified,cellchat,Pro-Monocyte,cDC,TNFSF14,LTBR,0.00244886009366845,0.01,393,213
5750_MRD,GSE227903,Post_treatment_unspecified,cellchat,CD4 Memory T,Cycling Progenitor,TNFSF14,LTBR,0.0020994068751588,0.26,33,28
5750_MRD,GSE227903,Post_treatment_unspecified,cellchat,cDC,Cycling Progenitor,TNFSF14,LTBR,0.00291763925063623,0.1,213,28
5750_MRD,GSE227903,Post_treatment_unspecified,cellchat,Cycling Progenitor,Cycling Progenitor,TNFSF14,LTBR,0.000531372731048384,0.7,28,28
5750_MRD,GSE227903,Post_treatment_unspecified,cellchat,Monocyte,Cycling Progenitor,TNFSF14,LTBR,0.00983599518284556,0,766,28
5750_MRD,GSE227903,Post_treatment_unspecified,cellchat,Pro-Monocyte,Cycling Progenitor,TNFSF14,LTBR,0.00504310510058041,0.02,393,28
5750_MRD,GSE227903,Post_treatment_unspecified,cellchat,CD4 Memory T,Early GMP,TNFSF14,LTBR,0.00194780334717803,0.36,33,59
5750_MRD,GSE227903,Post_treatment_unspecified,cellchat,cDC,Early GMP,TNFSF14,LTBR,0.00270710936528883,0.09,213,59
5750_MRD,GSE227903,Post_treatment_unspecified,cellchat,Cycling Progenitor,Early GMP,TNFSF14,LTBR,0.000492945015662367,0.9,28,59
5750_MRD,GSE227903,Post_treatment_unspecified,cellchat,Monocyte,Early GMP,TNFSF14,LTBR,0.00913082480011144,0,766,59
5750_MRD,GSE227903,Post_treatment_unspecified,cellchat,Pro-Monocyte,Early GMP,TNFSF14,LTBR,0.0046799265257365,0,393,59
5750_MRD,GSE227903,Post_treatment_unspecified,cellchat,CD4 Memory T,Late GMP,TNFSF14,LTBR,0.00224796894514297,0.27,33,141
5750_MRD,GSE227903,Post_treatment_unspecified,cellchat,cDC,Late GMP,TNFSF14,LTBR,0.00312392131735353,0.04,213,141
5750_MRD,GSE227903,Post_treatment_unspecified,cellchat,Cycling Progenitor,Late GMP,TNFSF14,LTBR,0.000569037973690864,0.94,28,141
5750_MRD,GSE227903,Post_treatment_unspecified,cellchat,Monocyte,Late GMP,TNFSF14,LTBR,0.0105262529299681,0,766,141
5750_MRD,GSE227903,Post_treatment_unspecified,cellchat,Pro-Monocyte,Late GMP,TNFSF14,LTBR,0.00539884754395903,0,393,141
5750_MRD,GSE227903,Post_treatment_unspecified,cellchat,CD4 Memory T,LMPP,TNFSF14,LTBR,0.00242323892743086,0.22,33,18
5750_MRD,GSE227903,Post_treatment_unspecified,cellchat,cDC,LMPP,TNFSF14,LTBR,0.0033672571968835,0.07,213,18
5750_MRD,GSE227903,Post_treatment_unspecified,cellchat,Cycling Progenitor,LMPP,TNFSF14,LTBR,0.000613485300470259,0.73,28,18
5750_MRD,GSE227903,Post_treatment_unspecified,cellchat,Monocyte,LMPP,TNFSF14,LTBR,0.0113396298393618,0,766,18
5750_MRD,GSE227903,Post_treatment_unspecified,cellchat,Pro-Monocyte,LMPP,TNFSF14,LTBR,0.00581835310014475,0,393,18
5750_MRD,GSE227903,Post_treatment_unspecified,cellchat,CD4 Memory T,Monocyte,TNFSF14,LTBR,0.00157398119563695,0.49,33,766
5750_MRD,GSE227903,Post_treatment_unspecified,cellchat,cDC,Monocyte,TNFSF14,LTBR,0.00218788075991693,0.18,213,766
5750_MRD,GSE227903,Post_treatment_unspecified,cellchat,Cycling Progenitor,Monocyte,TNFSF14,LTBR,0.000398227667167285,0.98,28,766
5750_MRD,GSE227903,Post_treatment_unspecified,cellchat,Monocyte,Monocyte,TNFSF14,LTBR,0.0073886437558355,0,766,766
5750_MRD,GSE227903,Post_treatment_unspecified,cellchat,Pro-Monocyte,Monocyte,TNFSF14,LTBR,0.00378374354108353,0,393,766
5750_MRD,GSE227903,Post_treatment_unspecified,cellchat,CD4 Memory T,Pro-Monocyte,TNFSF14,LTBR,0.00127781990500757,0.65,33,393
5750_MRD,GSE227903,Post_treatment_unspecified,cellchat,cDC,Pro-Monocyte,TNFSF14,LTBR,0.00177641326163807,0.23,213,393
5750_MRD,GSE227903,Post_treatment_unspecified,cellchat,Cycling Progenitor,Pro-Monocyte,TNFSF14,LTBR,0.000323225279099399,0.98,28,393
5750_MRD,GSE227903,Post_treatment_unspecified,cellchat,Monocyte,Pro-Monocyte,TNFSF14,LTBR,0.0060049722455823,0,766,393
5750_MRD,GSE227903,Post_treatment_unspecified,cellchat,Pro-Monocyte,Pro-Monocyte,TNFSF14,LTBR,0.00307307174691055,0,393,393
5750_MRD,GSE227903,Post_treatment_unspecified,cellchat,CD4 Memory T,CD8 Memory T,TNFSF14,TNFRSF14,0.00119051212028438,0.34,33,43
5750_MRD,GSE227903,Post_treatment_unspecified,cellchat,cDC,CD8 Memory T,TNFSF14,TNFRSF14,0.00165509525293396,0.23,213,43
5750_MRD,GSE227903,Post_treatment_unspecified,cellchat,Cycling Progenitor,CD8 Memory T,TNFSF14,TNFRSF14,0.000301121059577107,0.56,28,43
5750_MRD,GSE227903,Post_treatment_unspecified,cellchat,Monocyte,CD8 Memory T,TNFSF14,TNFRSF14,0.00559648893775494,0,766,43
5750_MRD,GSE227903,Post_treatment_unspecified,cellchat,Pro-Monocyte,CD8 Memory T,TNFSF14,TNFRSF14,0.00286345402614505,0,393,43
5750_MRD,GSE227903,Post_treatment_unspecified,cellchat,CD4 Memory T,cDC,TNFSF14,TNFRSF14,0.000724772349180659,0.63,33,213
5750_MRD,GSE227903,Post_treatment_unspecified,cellchat,cDC,cDC,TNFSF14,TNFRSF14,0.00100778948348974,0.41,213,213
5750_MRD,GSE227903,Post_treatment_unspecified,cellchat,Cycling Progenitor,cDC,TNFSF14,TNFRSF14,0.000183255772417744,0.66,28,213
5750_MRD,GSE227903,Post_treatment_unspecified,cellchat,Monocyte,cDC,TNFSF14,TNFRSF14,0.00341297856358361,0,766,213
5750_MRD,GSE227903,Post_treatment_unspecified,cellchat,Pro-Monocyte,cDC,TNFSF14,TNFRSF14,0.00174438633111876,0.03,393,213
5750_MRD,GSE227903,Post_treatment_unspecified,cellchat,CD4 Memory T,Cycling Progenitor,TNFSF14,TNFRSF14,0.00131677062629873,0.28,33,28
5750_MRD,GSE227903,Post_treatment_unspecified,cellchat,cDC,Cycling Progenitor,TNFSF14,TNFRSF14,0.0018305343330618,0.17,213,28
5750_MRD,GSE227903,Post_treatment_unspecified,cellchat,Cycling Progenitor,Cycling Progenitor,TNFSF14,TNFRSF14,0.000333087591049244,0.55,28,28
5750_MRD,GSE227903,Post_treatment_unspecified,cellchat,Monocyte,Cycling Progenitor,TNFSF14,TNFRSF14,0.00618712415246533,0,766,28
5750_MRD,GSE227903,Post_treatment_unspecified,cellchat,Pro-Monocyte,Cycling Progenitor,TNFSF14,TNFRSF14,0.00316657213026158,0.02,393,28
5750_MRD,GSE227903,Post_treatment_unspecified,cellchat,CD4 Memory T,Early GMP,TNFSF14,TNFRSF14,0.000701380852985405,0.53,33,59
5750_MRD,GSE227903,Post_treatment_unspecified,cellchat,cDC,Early GMP,TNFSF14,TNFRSF14,0.000975272731550283,0.44,213,59
5750_MRD,GSE227903,Post_treatment_unspecified,cellchat,Cycling Progenitor,Early GMP,TNFSF14,TNFRSF14,0.000177338225121812,0.63,28,59
5750_MRD,GSE227903,Post_treatment_unspecified,cellchat,Monocyte,Early GMP,TNFSF14,TNFRSF14,0.00330311396834675,0,766,59
5750_MRD,GSE227903,Post_treatment_unspecified,cellchat,Pro-Monocyte,Early GMP,TNFSF14,TNFRSF14,0.00168814313371115,0.1,393,59
5750_MRD,GSE227903,Post_treatment_unspecified,cellchat,CD4 Memory T,LMPP,TNFSF14,TNFRSF14,0.000431048781025858,0.47,33,18
5750_MRD,GSE227903,Post_treatment_unspecified,cellchat,cDC,LMPP,TNFSF14,TNFRSF14,0.000599438286531014,0.47,213,18
5750_MRD,GSE227903,Post_treatment_unspecified,cellchat,Cycling Progenitor,LMPP,TNFSF14,TNFRSF14,0.000108965019534022,0.48,28,18
5750_MRD,GSE227903,Post_treatment_unspecified,cellchat,Monocyte,LMPP,TNFSF14,TNFRSF14,0.00203203929043297,0.07,766,18
5750_MRD,GSE227903,Post_treatment_unspecified,cellchat,Pro-Monocyte,LMPP,TNFSF14,TNFRSF14,0.00103787990403884,0.34,393,18
5750_MRD,GSE227903,Post_treatment_unspecified,cellchat,CD4 Memory T,Monocyte,TNFSF14,TNFRSF14,0.00149241191683832,0.26,33,766
5750_MRD,GSE227903,Post_treatment_unspecified,cellchat,cDC,Monocyte,TNFSF14,TNFRSF14,0.00207456313709903,0.02,213,766
5750_MRD,GSE227903,Post_treatment_unspecified,cellchat,Cycling Progenitor,Monocyte,TNFSF14,TNFRSF14,0.000377567057313241,0.91,28,766
5750_MRD,GSE227903,Post_treatment_unspecified,cellchat,Monocyte,Monocyte,TNFSF14,TNFRSF14,0.00700785312458567,0,766,766
5750_MRD,GSE227903,Post_treatment_unspecified,cellchat,Pro-Monocyte,Monocyte,TNFSF14,TNFRSF14,0.00358806809819692,0,393,766
5750_MRD,GSE227903,Post_treatment_unspecified,cellchat,CD4 Memory T,Naive T,TNFSF14,TNFRSF14,0.00104352618725492,0.39,33,35
5750_MRD,GSE227903,Post_treatment_unspecified,cellchat,cDC,Naive T,TNFSF14,TNFRSF14,0.00145083313374819,0.24,213,35
5750_MRD,GSE227903,Post_treatment_unspecified,cellchat,Cycling Progenitor,Naive T,TNFSF14,TNFRSF14,0.000263914296834917,0.63,28,35
5750_MRD,GSE227903,Post_treatment_unspecified,cellchat,Monocyte,Naive T,TNFSF14,TNFRSF14,0.00490819461704934,0,766,35
5750_MRD,GSE227903,Post_treatment_unspecified,cellchat,Pro-Monocyte,Naive T,TNFSF14,TNFRSF14,0.00251043837459407,0.04,393,35
5750_MRD,GSE227903,Post_treatment_unspecified,cellchat,Monocyte,cDC,RETN,TLR4,0.00507204513432555,0.77,766,213
5750_MRD,GSE227903,Post_treatment_unspecified,cellchat,Pro-Monocyte,cDC,RETN,TLR4,0.00935490431204705,0.11,393,213
5750_MRD,GSE227903,Post_treatment_unspecified,cellchat,Monocyte,Cycling Progenitor,RETN,TLR4,0.000456152848672759,0.98,766,28
5750_MRD,GSE227903,Post_treatment_unspecified,cellchat,Pro-Monocyte,Cycling Progenitor,RETN,TLR4,0.000844639414904678,0.98,393,28
5750_MRD,GSE227903,Post_treatment_unspecified,cellchat,Late GMP,Late GMP,RETN,TLR4,0.00354842775023486,0.86,141,141
5750_MRD,GSE227903,Post_treatment_unspecified,cellchat,Monocyte,Late GMP,RETN,TLR4,0.0141590580612733,0,766,141
5750_MRD,GSE227903,Post_treatment_unspecified,cellchat,Pro-Monocyte,Late GMP,RETN,TLR4,0.0259151705703861,0,393,141
5750_MRD,GSE227903,Post_treatment_unspecified,cellchat,cDC,Monocyte,RETN,TLR4,0.00697015529283602,0.44,213,766
5750_MRD,GSE227903,Post_treatment_unspecified,cellchat,Late GMP,Monocyte,RETN,TLR4,0.00830488641858289,0.33,141,766
5750_MRD,GSE227903,Post_treatment_unspecified,cellchat,Monocyte,Monocyte,RETN,TLR4,0.0326720949256153,0,766,766
5750_MRD,GSE227903,Post_treatment_unspecified,cellchat,Pro-Monocyte,Monocyte,RETN,TLR4,0.0588813074924831,0,393,766
5750_MRD,GSE227903,Post_treatment_unspecified,cellchat,cDC,Pro-Monocyte,RETN,TLR4,0.00517935603679804,0.79,213,393
5750_MRD,GSE227903,Post_treatment_unspecified,cellchat,Late GMP,Pro-Monocyte,RETN,TLR4,0.00617329471129206,0.71,141,393
5750_MRD,GSE227903,Post_treatment_unspecified,cellchat,Monocyte,Pro-Monocyte,RETN,TLR4,0.0244403773540868,0,766,393
5750_MRD,GSE227903,Post_treatment_unspecified,cellchat,Pro-Monocyte,Pro-Monocyte,RETN,TLR4,0.0443489372290847,0,393,393
5750_MRD,GSE227903,Post_treatment_unspecified,cellchat,Pro-Monocyte,CD4 Memory T,RETN,CAP1,0.0188026650469535,0.56,393,33
5750_MRD,GSE227903,Post_treatment_unspecified,cellchat,Pro-Monocyte,CD8 Memory T,RETN,CAP1,0.0192440161578785,0.51,393,43
5750_MRD,GSE227903,Post_treatment_unspecified,cellchat,Late GMP,cDC,RETN,CAP1,0.0124477928322589,0.99,141,213
5750_MRD,GSE227903,Post_treatment_unspecified,cellchat,Monocyte,cDC,RETN,CAP1,0.0483776388733479,0,766,213
5750_MRD,GSE227903,Post_treatment_unspecified,cellchat,Pro-Monocyte,cDC,RETN,CAP1,0.0860647366380551,0,393,213
5750_MRD,GSE227903,Post_treatment_unspecified,cellchat,Monocyte,Cycling Progenitor,RETN,CAP1,0.0318313292589093,0,766,28
5750_MRD,GSE227903,Post_treatment_unspecified,cellchat,Pro-Monocyte,Cycling Progenitor,RETN,CAP1,0.0574061138738258,0,393,28
5750_MRD,GSE227903,Post_treatment_unspecified,cellchat,Monocyte,Early GMP,RETN,CAP1,0.028871653158493,0.01,766,59
5750_MRD,GSE227903,Post_treatment_unspecified,cellchat,Pro-Monocyte,Early GMP,RETN,CAP1,0.0521966966015954,0,393,59
5750_MRD,GSE227903,Post_treatment_unspecified,cellchat,Monocyte,Late GMP,RETN,CAP1,0.031950807177062,0,766,141
5750_MRD,GSE227903,Post_treatment_unspecified,cellchat,Pro-Monocyte,Late GMP,RETN,CAP1,0.0576158733332082,0,393,141
5750_MRD,GSE227903,Post_treatment_unspecified,cellchat,Monocyte,LMPP,RETN,CAP1,0.0297244527408299,0,766,18
5750_MRD,GSE227903,Post_treatment_unspecified,cellchat,Pro-Monocyte,LMPP,RETN,CAP1,0.0537003645131991,0,393,18
5750_MRD,GSE227903,Post_treatment_unspecified,cellchat,Late GMP,Monocyte,RETN,CAP1,0.0136246523847295,0.99,141,766
5750_MRD,GSE227903,Post_treatment_unspecified,cellchat,Monocyte,Monocyte,RETN,CAP1,0.0527699209626762,0,766,766
5750_MRD,GSE227903,Post_treatment_unspecified,cellchat,Pro-Monocyte,Monocyte,RETN,CAP1,0.093542347140063,0,393,766
5750_MRD,GSE227903,Post_treatment_unspecified,cellchat,Pro-Monocyte,Naive T,RETN,CAP1,0.0172959332682705,0.84,393,35
5750_MRD,GSE227903,Post_treatment_unspecified,cellchat,Monocyte,pDC,RETN,CAP1,0.0375722388336642,0,766,192
5750_MRD,GSE227903,Post_treatment_unspecified,cellchat,Pro-Monocyte,pDC,RETN,CAP1,0.067438252738928,0,393,192
5750_MRD,GSE227903,Post_treatment_unspecified,cellchat,Monocyte,Pro-Monocyte,RETN,CAP1,0.0450682470088452,0,766,393
5750_MRD,GSE227903,Post_treatment_unspecified,cellchat,Pro-Monocyte,Pro-Monocyte,RETN,CAP1,0.0803950673356471,0,393,393
5750_MRD,GSE227903,Post_treatment_unspecified,cellchat,cDC,CD4 Memory T,NAMPT,ITGA5_ITGB1,0.041630236448574,0.99,213,33
5750_MRD,GSE227903,Post_treatment_unspecified,cellchat,Monocyte,CD4 Memory T,NAMPT,ITGA5_ITGB1,0.0578636967900546,0.83,766,33
5750_MRD,GSE227903,Post_treatment_unspecified,cellchat,Pro-Monocyte,CD4 Memory T,NAMPT,ITGA5_ITGB1,0.0377033388752488,0.99,393,33
5750_MRD,GSE227903,Post_treatment_unspecified,cellchat,cDC,cDC,NAMPT,ITGA5_ITGB1,0.0700784658867641,0.33,213,213
5750_MRD,GSE227903,Post_treatment_unspecified,cellchat,Monocyte,cDC,NAMPT,ITGA5_ITGB1,0.0962905702237193,0,766,213
5750_MRD,GSE227903,Post_treatment_unspecified,cellchat,Pro-Monocyte,cDC,NAMPT,ITGA5_ITGB1,0.0636463149496048,0.72,393,213
5750_MRD,GSE227903,Post_treatment_unspecified,cellchat,cDC,Cycling Progenitor,NAMPT,ITGA5_ITGB1,0.0565063934227835,0.87,213,28
5750_MRD,GSE227903,Post_treatment_unspecified,cellchat,Monocyte,Cycling Progenitor,NAMPT,ITGA5_ITGB1,0.078068186726783,0.16,766,28
5750_MRD,GSE227903,Post_treatment_unspecified,cellchat,Pro-Monocyte,Cycling Progenitor,NAMPT,ITGA5_ITGB1,0.0512512992863218,0.97,393,28
5750_MRD,GSE227903,Post_treatment_unspecified,cellchat,cDC,Early GMP,NAMPT,ITGA5_ITGB1,0.0552931446588905,0.95,213,59
5750_MRD,GSE227903,Post_treatment_unspecified,cellchat,Monocyte,Early GMP,NAMPT,ITGA5_ITGB1,0.0764294871083634,0.11,766,59
5750_MRD,GSE227903,Post_treatment_unspecified,cellchat,Pro-Monocyte,Early GMP,NAMPT,ITGA5_ITGB1,0.0501448858354914,0.99,393,59
5750_MRD,GSE227903,Post_treatment_unspecified,cellchat,cDC,Late GMP,NAMPT,ITGA5_ITGB1,0.0547842976695922,0.99,213,141
5750_MRD,GSE227903,Post_treatment_unspecified,cellchat,Monocyte,Late GMP,NAMPT,ITGA5_ITGB1,0.0757417233530969,0.06,766,141
5750_MRD,GSE227903,Post_treatment_unspecified,cellchat,cDC,LMPP,NAMPT,ITGA5_ITGB1,0.05853261826791,0.75,213,18
5750_MRD,GSE227903,Post_treatment_unspecified,cellchat,Late GMP,LMPP,NAMPT,ITGA5_ITGB1,0.0346437204463179,0.98,141,18
5750_MRD,GSE227903,Post_treatment_unspecified,cellchat,LMPP,LMPP,NAMPT,ITGA5_ITGB1,0.0219886442831785,0.99,18,18
5750_MRD,GSE227903,Post_treatment_unspecified,cellchat,Monocyte,LMPP,NAMPT,ITGA5_ITGB1,0.0808013667108033,0.05,766,18
5750_MRD,GSE227903,Post_treatment_unspecified,cellchat,Pro-Monocyte,LMPP,NAMPT,ITGA5_ITGB1,0.0530996905521414,0.93,393,18
5750_MRD,GSE227903,Post_treatment_unspecified,cellchat,CD4 Memory T,Monocyte,NAMPT,ITGA5_ITGB1,0.0494724708204316,0.98,33,766
5750_MRD,GSE227903,Post_treatment_unspecified,cellchat,cDC,Monocyte,NAMPT,ITGA5_ITGB1,0.0990687650328452,0,213,766
5750_MRD,GSE227903,Post_treatment_unspecified,cellchat,Late GMP,Monocyte,NAMPT,ITGA5_ITGB1,0.0596846765704209,0.98,141,766
5750_MRD,GSE227903,Post_treatment_unspecified,cellchat,Monocyte,Monocyte,NAMPT,ITGA5_ITGB1,0.134555375712312,0,766,766
5750_MRD,GSE227903,Post_treatment_unspecified,cellchat,Pro-Monocyte,Monocyte,NAMPT,ITGA5_ITGB1,0.0902339349853951,0,393,766
5750_MRD,GSE227903,Post_treatment_unspecified,cellchat,cDC,Pro-Monocyte,NAMPT,ITGA5_ITGB1,0.0689943344312623,0.27,213,393
5750_MRD,GSE227903,Post_treatment_unspecified,cellchat,Monocyte,Pro-Monocyte,NAMPT,ITGA5_ITGB1,0.094842288501051,0,766,393
5750_MRD,GSE227903,Post_treatment_unspecified,cellchat,Pro-Monocyte,Pro-Monocyte,NAMPT,ITGA5_ITGB1,0.0626549860370951,0.77,393,393
5750_MRD,GSE227903,Post_treatment_unspecified,cellchat,Cycling Progenitor,CD4 Memory T,ANGPT2,ITGA5_ITGB1,0.00126569565410665,0,28,33
5750_MRD,GSE227903,Post_treatment_unspecified,cellchat,Cycling Progenitor,CD8 Memory T,ANGPT2,ITGA5_ITGB1,0.000849554436789826,0,28,43
5750_MRD,GSE227903,Post_treatment_unspecified,cellchat,Cycling Progenitor,cDC,ANGPT2,ITGA5_ITGB1,0.00219375461074304,0,28,213
5750_MRD,GSE227903,Post_treatment_unspecified,cellchat,Cycling Progenitor,Cycling Progenitor,ANGPT2,ITGA5_ITGB1,0.00174423101037512,0,28,28
5750_MRD,GSE227903,Post_treatment_unspecified,cellchat,Cycling Progenitor,Early GMP,ANGPT2,ITGA5_ITGB1,0.00170465625393628,0,28,59
5750_MRD,GSE227903,Post_treatment_unspecified,cellchat,Cycling Progenitor,Late GMP,ANGPT2,ITGA5_ITGB1,0.00168808756818396,0,28,141
5750_MRD,GSE227903,Post_treatment_unspecified,cellchat,Cycling Progenitor,LMPP,ANGPT2,ITGA5_ITGB1,0.00181054447988471,0,28,18
5750_MRD,GSE227903,Post_treatment_unspecified,cellchat,Cycling Progenitor,Monocyte,ANGPT2,ITGA5_ITGB1,0.0031978465507601,0,28,766
5750_MRD,GSE227903,Post_treatment_unspecified,cellchat,Cycling Progenitor,pDC,ANGPT2,ITGA5_ITGB1,0.000617089812836617,0,28,192
5750_MRD,GSE227903,Post_treatment_unspecified,cellchat,Cycling Progenitor,Pro-Monocyte,ANGPT2,ITGA5_ITGB1,0.00215738026992304,0,28,393
5750_MRD,GSE227903,Post_treatment_unspecified,cellchat,Cycling Progenitor,cDC,MDK,SDC4,0.00132344969363126,0,28,213
5750_MRD,GSE227903,Post_treatment_unspecified,cellchat,LMPP,cDC,MDK,SDC4,0.00148954703286477,0,18,213
5750_MRD,GSE227903,Post_treatment_unspecified,cellchat,Cycling Progenitor,Cycling Progenitor,MDK,SDC4,0.00126602147261056,0,28,28
5750_MRD,GSE227903,Post_treatment_unspecified,cellchat,LMPP,Cycling Progenitor,MDK,SDC4,0.0014249216626981,0,18,28
5750_MRD,GSE227903,Post_treatment_unspecified,cellchat,Cycling Progenitor,Early GMP,MDK,SDC4,0.000789328529232693,0,28,59
5750_MRD,GSE227903,Post_treatment_unspecified,cellchat,LMPP,Early GMP,MDK,SDC4,0.000888451520856897,0,18,59
5750_MRD,GSE227903,Post_treatment_unspecified,cellchat,Cycling Progenitor,Late GMP,MDK,SDC4,0.000901309370733999,0,28,141
5750_MRD,GSE227903,Post_treatment_unspecified,cellchat,LMPP,Late GMP,MDK,SDC4,0.00101448051354023,0,18,141
5750_MRD,GSE227903,Post_treatment_unspecified,cellchat,Cycling Progenitor,Monocyte,MDK,SDC4,0.00228170317484535,0,28,766
5750_MRD,GSE227903,Post_treatment_unspecified,cellchat,LMPP,Monocyte,MDK,SDC4,0.00256775529600981,0,18,766
5750_MRD,GSE227903,Post_treatment_unspecified,cellchat,Cycling Progenitor,Pro-Monocyte,MDK,SDC4,0.00184220055268861,0,28,393
5750_MRD,GSE227903,Post_treatment_unspecified,cellchat,LMPP,Pro-Monocyte,MDK,SDC4,0.00207326769156461,0,18,393
5750_MRD,GSE227903,Post_treatment_unspecified,cellchat,Cycling Progenitor,CD4 Memory T,MDK,ITGA4_ITGB1,0.0119934370370202,0,28,33
5750_MRD,GSE227903,Post_treatment_unspecified,cellchat,LMPP,CD4 Memory T,MDK,ITGA4_ITGB1,0.0134805772647994,0,18,33
5750_MRD,GSE227903,Post_treatment_unspecified,cellchat,Cycling Progenitor,CD8 Memory T,MDK,ITGA4_ITGB1,0.0123739893998512,0,28,43
5750_MRD,GSE227903,Post_treatment_unspecified,cellchat,LMPP,CD8 Memory T,MDK,ITGA4_ITGB1,0.0139076524349124,0,18,43
5750_MRD,GSE227903,Post_treatment_unspecified,cellchat,Cycling Progenitor,cDC,MDK,ITGA4_ITGB1,0.00667929742164032,0,28,213
5750_MRD,GSE227903,Post_treatment_unspecified,cellchat,LMPP,cDC,MDK,ITGA4_ITGB1,0.00751251503833661,0,18,213
5750_MRD,GSE227903,Post_treatment_unspecified,cellchat,Cycling Progenitor,Cycling Progenitor,MDK,ITGA4_ITGB1,0.00936410321695771,0,28,28
5750_MRD,GSE227903,Post_treatment_unspecified,cellchat,LMPP,Cycling Progenitor,MDK,ITGA4_ITGB1,0.0105286904375691,0,18,28
5750_MRD,GSE227903,Post_treatment_unspecified,cellchat,Cycling Progenitor,Early GMP,MDK,ITGA4_ITGB1,0.008218748984541,0,28,59
5750_MRD,GSE227903,Post_treatment_unspecified,cellchat,LMPP,Early GMP,MDK,ITGA4_ITGB1,0.00924222066348426,0,18,59
5750_MRD,GSE227903,Post_treatment_unspecified,cellchat,Cycling Progenitor,Late GMP,MDK,ITGA4_ITGB1,0.00638073207698099,0,28,141
5750_MRD,GSE227903,Post_treatment_unspecified,cellchat,LMPP,Late GMP,MDK,ITGA4_ITGB1,0.00717697387590796,0,18,141
5750_MRD,GSE227903,Post_treatment_unspecified,cellchat,Cycling Progenitor,LMPP,MDK,ITGA4_ITGB1,0.00835990916891219,0,28,18
5750_MRD,GSE227903,Post_treatment_unspecified,cellchat,LMPP,LMPP,MDK,ITGA4_ITGB1,0.00940079274731604,0,18,18
5750_MRD,GSE227903,Post_treatment_unspecified,cellchat,Cycling Progenitor,Naive T,MDK,ITGA4_ITGB1,0.00306619598550916,0,28,35
5750_MRD,GSE227903,Post_treatment_unspecified,cellchat,LMPP,Naive T,MDK,ITGA4_ITGB1,0.00345025813982629,0,18,35
5750_MRD,GSE227903,Post_treatment_unspecified,cellchat,Cycling Progenitor,pDC,MDK,ITGA4_ITGB1,0.00349257485732461,0,28,192
5750_MRD,GSE227903,Post_treatment_unspecified,cellchat,LMPP,pDC,MDK,ITGA4_ITGB1,0.00392983337476366,0,18,192
5750_MRD,GSE227903,Post_treatment_unspecified,cellchat,Cycling Progenitor,Pro-Monocyte,MDK,ITGA4_ITGB1,0.00405165832477683,0,28,393
5750_MRD,GSE227903,Post_treatment_unspecified,cellchat,LMPP,Pro-Monocyte,MDK,ITGA4_ITGB1,0.00455859199609678,0,18,393
5750_MRD,GSE227903,Post_treatment_unspecified,cellchat,Cycling Progenitor,Cycling Progenitor,MDK,ITGA6_ITGB1,0.00232021571836947,0,28,28
5750_MRD,GSE227903,Post_treatment_unspecified,cellchat,LMPP,Cycling Progenitor,MDK,ITGA6_ITGB1,0.00261108343687177,0,18,28
5750_MRD,GSE227903,Post_treatment_unspecified,cellchat,Cycling Progenitor,Monocyte,MDK,LRP1,0.0024192184244021,0,28,766
5750_MRD,GSE227903,Post_treatment_unspecified,cellchat,LMPP,Monocyte,MDK,LRP1,0.00272246348813928,0,18,766
5750_MRD,GSE227903,Post_treatment_unspecified,cellchat,Cycling Progenitor,CD4 Memory T,MDK,NCL,0.0271843987059766,0,28,33
5750_MRD,GSE227903,Post_treatment_unspecified,cellchat,LMPP,CD4 Memory T,MDK,NCL,0.0304970178131644,0,18,33
5750_MRD,GSE227903,Post_treatment_unspecified,cellchat,Cycling Progenitor,CD8 Memory T,MDK,NCL,0.0297159101536612,0,28,43
5750_MRD,GSE227903,Post_treatment_unspecified,cellchat,LMPP,CD8 Memory T,MDK,NCL,0.033326444632336,0,18,43
5750_MRD,GSE227903,Post_treatment_unspecified,cellchat,Cycling Progenitor,cDC,MDK,NCL,0.0267331371273427,0,28,213
5750_MRD,GSE227903,Post_treatment_unspecified,cellchat,LMPP,cDC,MDK,NCL,0.0299924620482714,0,18,213
5750_MRD,GSE227903,Post_treatment_unspecified,cellchat,Cycling Progenitor,Cycling Progenitor,MDK,NCL,0.0305516073333381,0,28,28
5750_MRD,GSE227903,Post_treatment_unspecified,cellchat,LMPP,Cycling Progenitor,MDK,NCL,0.0342600952014499,0,18,28
5750_MRD,GSE227903,Post_treatment_unspecified,cellchat,Cycling Progenitor,Early GMP,MDK,NCL,0.0282950591463977,0,28,59
5750_MRD,GSE227903,Post_treatment_unspecified,cellchat,LMPP,Early GMP,MDK,NCL,0.0317386047980027,0,18,59
5750_MRD,GSE227903,Post_treatment_unspecified,cellchat,Cycling Progenitor,Late GMP,MDK,NCL,0.0263642274724021,0,28,141
5750_MRD,GSE227903,Post_treatment_unspecified,cellchat,LMPP,Late GMP,MDK,NCL,0.0295799416236277,0,18,141
5750_MRD,GSE227903,Post_treatment_unspecified,cellchat,Cycling Progenitor,LMPP,MDK,NCL,0.0259937189331134,0,28,18
5750_MRD,GSE227903,Post_treatment_unspecified,cellchat,LMPP,LMPP,MDK,NCL,0.0291655949224807,0,18,18
5750_MRD,GSE227903,Post_treatment_unspecified,cellchat,Cycling Progenitor,Monocyte,MDK,NCL,0.0161964156774071,0,28,766
5750_MRD,GSE227903,Post_treatment_unspecified,cellchat,LMPP,Monocyte,MDK,NCL,0.0181951115996652,0,18,766
5750_MRD,GSE227903,Post_treatment_unspecified,cellchat,Cycling Progenitor,Naive T,MDK,NCL,0.0259870919370327,0,28,35
5750_MRD,GSE227903,Post_treatment_unspecified,cellchat,LMPP,Naive T,MDK,NCL,0.0291581834773706,0,18,35
5750_MRD,GSE227903,Post_treatment_unspecified,cellchat,Cycling Progenitor,pDC,MDK,NCL,0.0314472288653061,0,28,192
5750_MRD,GSE227903,Post_treatment_unspecified,cellchat,LMPP,pDC,MDK,NCL,0.0352604770676192,0,18,192
5750_MRD,GSE227903,Post_treatment_unspecified,cellchat,Cycling Progenitor,Pro-Monocyte,MDK,NCL,0.0244510241660307,0,28,393
5750_MRD,GSE227903,Post_treatment_unspecified,cellchat,LMPP,Pro-Monocyte,MDK,NCL,0.0274399566150707,0,18,393
5750_MRD,GSE227903,Post_treatment_unspecified,cellchat,Cycling Progenitor,Monocyte,C5,C5AR1,0.000755654798004193,0,28,766
5750_MRD,GSE227903,Post_treatment_unspecified,cellchat,cDC,Cycling Progenitor,CTSG,F2R,0.000798949747747721,0,213,28
5750_MRD,GSE227903,Post_treatment_unspecified,cellchat,Cycling Progenitor,Cycling Progenitor,CTSG,F2R,0.000648477141204492,0,28,28
5750_MRD,GSE227903,Post_treatment_unspecified,cellchat,Early GMP,Cycling Progenitor,CTSG,F2R,0.00272173106206821,0,59,28
5750_MRD,GSE227903,Post_treatment_unspecified,cellchat,Late GMP,Cycling Progenitor,CTSG,F2R,0.0115411702712676,0,141,28
5750_MRD,GSE227903,Post_treatment_unspecified,cellchat,Pro-Monocyte,Cycling Progenitor,CTSG,F2R,0.00466149881335747,0,393,28
5750_MRD,GSE227903,Post_treatment_unspecified,cellchat,cDC,Early GMP,CTSG,F2R,0.000335035414734672,0,213,59
5750_MRD,GSE227903,Post_treatment_unspecified,cellchat,Cycling Progenitor,Early GMP,CTSG,F2R,0.000271911734380908,0,28,59
5750_MRD,GSE227903,Post_treatment_unspecified,cellchat,Early GMP,Early GMP,CTSG,F2R,0.0011426204674404,0,59,59
5750_MRD,GSE227903,Post_treatment_unspecified,cellchat,Late GMP,Early GMP,CTSG,F2R,0.00487013149450391,0,141,59
5750_MRD,GSE227903,Post_treatment_unspecified,cellchat,Pro-Monocyte,Early GMP,CTSG,F2R,0.00195917280845458,0,393,59
5750_MRD,GSE227903,Post_treatment_unspecified,cellchat,cDC,LMPP,CTSG,F2R,0.000857118612770489,0,213,18
5750_MRD,GSE227903,Post_treatment_unspecified,cellchat,Cycling Progenitor,LMPP,CTSG,F2R,0.000695698225627186,0,28,18
5750_MRD,GSE227903,Post_treatment_unspecified,cellchat,Early GMP,LMPP,CTSG,F2R,0.0029194821893536,0,59,18
5750_MRD,GSE227903,Post_treatment_unspecified,cellchat,Late GMP,LMPP,CTSG,F2R,0.0123717606101073,0,141,18
5750_MRD,GSE227903,Post_treatment_unspecified,cellchat,Pro-Monocyte,LMPP,CTSG,F2R,0.0049994799119831,0,393,18
5750_MRD,GSE227903,Post_treatment_unspecified,cellchat,CD8 Memory T,Cycling Progenitor,GZMA,F2R,0.00973911773254368,0,43,28
5750_MRD,GSE227903,Post_treatment_unspecified,cellchat,CD8 Memory T,Early GMP,GZMA,F2R,0.00410537697621036,0,43,59
5750_MRD,GSE227903,Post_treatment_unspecified,cellchat,CD8 Memory T,LMPP,GZMA,F2R,0.0104413886212464,0,43,18
5750_MRD,GSE227903,Post_treatment_unspecified,cellchat,CD4 Memory T,cDC,FLT3LG,FLT3,0.00393880548434764,0,33,213
5750_MRD,GSE227903,Post_treatment_unspecified,cellchat,Naive T,cDC,FLT3LG,FLT3,0.0038537005405523,0,35,213
5750_MRD,GSE227903,Post_treatment_unspecified,cellchat,CD4 Memory T,Cycling Progenitor,FLT3LG,FLT3,0.0050540608746215,0,33,28
5750_MRD,GSE227903,Post_treatment_unspecified,cellchat,Naive T,Cycling Progenitor,FLT3LG,FLT3,0.00494497847236312,0,35,28
5750_MRD,GSE227903,Post_treatment_unspecified,cellchat,CD4 Memory T,Early GMP,FLT3LG,FLT3,0.00377686116105486,0,33,59
5750_MRD,GSE227903,Post_treatment_unspecified,cellchat,Naive T,Early GMP,FLT3LG,FLT3,0.00369524233313767,0,35,59
5750_MRD,GSE227903,Post_treatment_unspecified,cellchat,CD4 Memory T,Late GMP,FLT3LG,FLT3,0.00351122139261666,0,33,141
5750_MRD,GSE227903,Post_treatment_unspecified,cellchat,Naive T,Late GMP,FLT3LG,FLT3,0.00343532330509689,0,35,141
5750_MRD,GSE227903,Post_treatment_unspecified,cellchat,CD4 Memory T,LMPP,FLT3LG,FLT3,0.00529774736359204,0,33,18
5750_MRD,GSE227903,Post_treatment_unspecified,cellchat,Naive T,LMPP,FLT3LG,FLT3,0.00518343284743082,0,35,18
5750_MRD,GSE227903,Post_treatment_unspecified,cellchat,CD4 Memory T,pDC,FLT3LG,FLT3,0.00203785736323489,0,33,192
5750_MRD,GSE227903,Post_treatment_unspecified,cellchat,Naive T,pDC,FLT3LG,FLT3,0.00199374359307457,0,35,192
5750_MRD,GSE227903,Post_treatment_unspecified,cellchat,pDC,cDC,SEMA3C,PLXND1,0.00020888991743043,0,192,213
5750_MRD,GSE227903,Post_treatment_unspecified,cellchat,pDC,Cycling Progenitor,SEMA3C,PLXND1,0.000741958412180763,0,192,28
5750_MRD,GSE227903,Post_treatment_unspecified,cellchat,pDC,Early GMP,SEMA3C,PLXND1,0.000928660044161061,0,192,59
5750_MRD,GSE227903,Post_treatment_unspecified,cellchat,pDC,Late GMP,SEMA3C,PLXND1,0.000355646783449733,0,192,141
5750_MRD,GSE227903,Post_treatment_unspecified,cellchat,pDC,LMPP,SEMA3C,PLXND1,0.00127947945323198,0,192,18
5750_MRD,GSE227903,Post_treatment_unspecified,cellchat,Monocyte,cDC,ADM,CALCRL,0.00303707584890771,0,766,213
5750_MRD,GSE227903,Post_treatment_unspecified,cellchat,Monocyte,Cycling Progenitor,ADM,CALCRL,0.000383369202451762,0,766,28
5750_MRD,GSE227903,Post_treatment_unspecified,cellchat,Monocyte,Early GMP,ADM,CALCRL,0.000590427223215162,0,766,59
5750_MRD,GSE227903,Post_treatment_unspecified,cellchat,Monocyte,Late GMP,ADM,CALCRL,0.000681834818577038,0,766,141
5750_MRD,GSE227903,Post_treatment_unspecified,cellchat,Monocyte,LMPP,ADM,CALCRL,0.000803681839098996,0,766,18
5750_MRD,GSE227903,Post_treatment_unspecified,cellchat,Monocyte,pDC,ADM,CALCRL,0.000893955482866566,0,766,192
5750_MRD,GSE227903,Post_treatment_unspecified,cellchat,Monocyte,Pro-Monocyte,ADM,CALCRL,0.00102984420023222,0,766,393
5750_MRD,GSE227903,Post_treatment_unspecified,cellchat,CD4 Memory T,Monocyte,ANXA1,FPR1,0.0310561130082993,0,33,766
5750_MRD,GSE227903,Post_treatment_unspecified,cellchat,CD8 Memory T,Monocyte,ANXA1,FPR1,0.0244092328416985,0,43,766
5750_MRD,GSE227903,Post_treatment_unspecified,cellchat,cDC,Monocyte,ANXA1,FPR1,0.0262329337184149,0,213,766
5750_MRD,GSE227903,Post_treatment_unspecified,cellchat,Cycling Progenitor,Monocyte,ANXA1,FPR1,0.0199583401604027,0,28,766
5750_MRD,GSE227903,Post_treatment_unspecified,cellchat,Early GMP,Monocyte,ANXA1,FPR1,0.0213334884195552,0,59,766
5750_MRD,GSE227903,Post_treatment_unspecified,cellchat,Late GMP,Monocyte,ANXA1,FPR1,0.0243713480073432,0,141,766
5750_MRD,GSE227903,Post_treatment_unspecified,cellchat,LMPP,Monocyte,ANXA1,FPR1,0.0207020858073725,0,18,766
5750_MRD,GSE227903,Post_treatment_unspecified,cellchat,Monocyte,Monocyte,ANXA1,FPR1,0.0289130302859556,0,766,766
5750_MRD,GSE227903,Post_treatment_unspecified,cellchat,Naive T,Monocyte,ANXA1,FPR1,0.0236715517862619,0,35,766
5750_MRD,GSE227903,Post_treatment_unspecified,cellchat,pDC,Monocyte,ANXA1,FPR1,0.00254022114802082,0,192,766
5750_MRD,GSE227903,Post_treatment_unspecified,cellchat,Pro-Monocyte,Monocyte,ANXA1,FPR1,0.0283911914503803,0,393,766
5750_MRD,GSE227903,Post_treatment_unspecified,cellchat,pDC,cDC,GAS6,AXL,0.000836276810333201,0,192,213
5750_MRD,GSE227903,Post_treatment_unspecified,cellchat,pDC,Cycling Progenitor,GAS6,TYRO3,0.000422735107995259,0,192,28
5750_MRD,GSE227903,Post_treatment_unspecified,cellchat,cDC,cDC,GRN,SORT1,0.00406900581297948,0.02,213,213
5750_MRD,GSE227903,Post_treatment_unspecified,cellchat,Cycling Progenitor,cDC,GRN,SORT1,0.00159659318353561,0.09,28,213
5750_MRD,GSE227903,Post_treatment_unspecified,cellchat,Early GMP,cDC,GRN,SORT1,0.00117091208622896,0.09,59,213
5750_MRD,GSE227903,Post_treatment_unspecified,cellchat,Late GMP,cDC,GRN,SORT1,0.0025888252769525,0.07,141,213
5750_MRD,GSE227903,Post_treatment_unspecified,cellchat,LMPP,cDC,GRN,SORT1,0.00120046129027569,0.09,18,213
5750_MRD,GSE227903,Post_treatment_unspecified,cellchat,Monocyte,cDC,GRN,SORT1,0.0050373728728355,0,766,213
5750_MRD,GSE227903,Post_treatment_unspecified,cellchat,pDC,cDC,GRN,SORT1,0.00379439138830033,0.02,192,213
5750_MRD,GSE227903,Post_treatment_unspecified,cellchat,Pro-Monocyte,cDC,GRN,SORT1,0.00457725938982946,0,393,213
5750_MRD,GSE227903,Post_treatment_unspecified,cellchat,cDC,Cycling Progenitor,GRN,SORT1,0.00229477640941015,0.27,213,28
5750_MRD,GSE227903,Post_treatment_unspecified,cellchat,Cycling Progenitor,Cycling Progenitor,GRN,SORT1,0.000899448876280847,0.3,28,28
5750_MRD,GSE227903,Post_treatment_unspecified,cellchat,Early GMP,Cycling Progenitor,GRN,SORT1,0.000659516487470954,0.37,59,28
5750_MRD,GSE227903,Post_treatment_unspecified,cellchat,Late GMP,Cycling Progenitor,GRN,SORT1,0.00145906101754443,0.27,141,28
5750_MRD,GSE227903,Post_treatment_unspecified,cellchat,LMPP,Cycling Progenitor,GRN,SORT1,0.000676168819682823,0.35,18,28
5750_MRD,GSE227903,Post_treatment_unspecified,cellchat,Monocyte,Cycling Progenitor,GRN,SORT1,0.00284210639008379,0.27,766,28
5750_MRD,GSE227903,Post_treatment_unspecified,cellchat,pDC,Cycling Progenitor,GRN,SORT1,0.00213964626475271,0.27,192,28
5750_MRD,GSE227903,Post_treatment_unspecified,cellchat,Pro-Monocyte,Cycling Progenitor,GRN,SORT1,0.00258198812995111,0.27,393,28
5750_MRD,GSE227903,Post_treatment_unspecified,cellchat,cDC,LMPP,GRN,SORT1,0.00296112327518973,0.27,213,18
5750_MRD,GSE227903,Post_treatment_unspecified,cellchat,Cycling Progenitor,LMPP,GRN,SORT1,0.00116109832372852,0.34,28,18
5750_MRD,GSE227903,Post_treatment_unspecified,cellchat,Early GMP,LMPP,GRN,SORT1,0.000851429144622232,0.34,59,18
5750_MRD,GSE227903,Post_treatment_unspecified,cellchat,Late GMP,LMPP,GRN,SORT1,0.00188319465019041,0.32,141,18
5750_MRD,GSE227903,Post_treatment_unspecified,cellchat,LMPP,LMPP,GRN,SORT1,0.000872922905154631,0.34,18,18
5750_MRD,GSE227903,Post_treatment_unspecified,cellchat,Monocyte,LMPP,GRN,SORT1,0.00366680036762005,0.21,766,18
5750_MRD,GSE227903,Post_treatment_unspecified,cellchat,pDC,LMPP,GRN,SORT1,0.00276107179725607,0.28,192,18
5750_MRD,GSE227903,Post_treatment_unspecified,cellchat,Pro-Monocyte,LMPP,GRN,SORT1,0.00333145576504614,0.24,393,18
5750_MRD,GSE227903,Post_treatment_unspecified,cellchat,cDC,Pro-Monocyte,GRN,SORT1,0.00465721981940012,0,213,393
5750_MRD,GSE227903,Post_treatment_unspecified,cellchat,Cycling Progenitor,Pro-Monocyte,GRN,SORT1,0.00182805215131362,0,28,393
5750_MRD,GSE227903,Post_treatment_unspecified,cellchat,Early GMP,Pro-Monocyte,GRN,SORT1,0.0013407427088237,0,59,393
5750_MRD,GSE227903,Post_treatment_unspecified,cellchat,Late GMP,Pro-Monocyte,GRN,SORT1,0.00296370166834807,0,141,393
5750_MRD,GSE227903,Post_treatment_unspecified,cellchat,LMPP,Pro-Monocyte,GRN,SORT1,0.00137457187000533,0,18,393
5750_MRD,GSE227903,Post_treatment_unspecified,cellchat,Monocyte,Pro-Monocyte,GRN,SORT1,0.00576476338286532,0,766,393
5750_MRD,GSE227903,Post_treatment_unspecified,cellchat,pDC,Pro-Monocyte,GRN,SORT1,0.00434308034968128,0,192,393
5750_MRD,GSE227903,Post_treatment_unspecified,cellchat,Pro-Monocyte,Pro-Monocyte,GRN,SORT1,0.00523855988422408,0,393,393
5750_MRD,GSE227903,Post_treatment_unspecified,cellchat,cDC,CD4 Memory T,LGALS9,PTPRC,0.0698381689098372,0,213,33
5750_MRD,GSE227903,Post_treatment_unspecified,cellchat,Cycling Progenitor,CD4 Memory T,LGALS9,PTPRC,0.0496596277971665,0.01,28,33
5750_MRD,GSE227903,Post_treatment_unspecified,cellchat,Early GMP,CD4 Memory T,LGALS9,PTPRC,0.0380392933678426,0.08,59,33
5750_MRD,GSE227903,Post_treatment_unspecified,cellchat,Late GMP,CD4 Memory T,LGALS9,PTPRC,0.040792871893032,0,141,33
5750_MRD,GSE227903,Post_treatment_unspecified,cellchat,LMPP,CD4 Memory T,LGALS9,PTPRC,0.0450685501266613,0.07,18,33
5750_MRD,GSE227903,Post_treatment_unspecified,cellchat,Monocyte,CD4 Memory T,LGALS9,PTPRC,0.0216228595235072,0.1,766,33
5750_MRD,GSE227903,Post_treatment_unspecified,cellchat,pDC,CD4 Memory T,LGALS9,PTPRC,0.0148951858260623,0.85,192,33
5750_MRD,GSE227903,Post_treatment_unspecified,cellchat,Pro-Monocyte,CD4 Memory T,LGALS9,PTPRC,0.0386406071515638,0,393,33
5750_MRD,GSE227903,Post_treatment_unspecified,cellchat,cDC,CD8 Memory T,LGALS9,PTPRC,0.0793338147614544,0,213,43
5750_MRD,GSE227903,Post_treatment_unspecified,cellchat,Cycling Progenitor,CD8 Memory T,LGALS9,PTPRC,0.0565785536608046,0,28,43
5750_MRD,GSE227903,Post_treatment_unspecified,cellchat,Early GMP,CD8 Memory T,LGALS9,PTPRC,0.0434131529987034,0,59,43
5750_MRD,GSE227903,Post_treatment_unspecified,cellchat,Late GMP,CD8 Memory T,LGALS9,PTPRC,0.0465369142987166,0,141,43
5750_MRD,GSE227903,Post_treatment_unspecified,cellchat,LMPP,CD8 Memory T,LGALS9,PTPRC,0.0513823997967891,0.01,18,43
5750_MRD,GSE227903,Post_treatment_unspecified,cellchat,Monocyte,CD8 Memory T,LGALS9,PTPRC,0.0247371869043798,0.09,766,43
5750_MRD,GSE227903,Post_treatment_unspecified,cellchat,pDC,CD8 Memory T,LGALS9,PTPRC,0.01705742407169,0.45,192,43
5750_MRD,GSE227903,Post_treatment_unspecified,cellchat,Pro-Monocyte,CD8 Memory T,LGALS9,PTPRC,0.0440955211835447,0,393,43
5750_MRD,GSE227903,Post_treatment_unspecified,cellchat,cDC,cDC,LGALS9,PTPRC,0.0567892207730372,0,213,213
5750_MRD,GSE227903,Post_treatment_unspecified,cellchat,Cycling Progenitor,cDC,LGALS9,PTPRC,0.0402179321402031,0.05,28,213
5750_MRD,GSE227903,Post_treatment_unspecified,cellchat,Early GMP,cDC,LGALS9,PTPRC,0.0307354970346087,0.31,59,213
5750_MRD,GSE227903,Post_treatment_unspecified,cellchat,Late GMP,cDC,LGALS9,PTPRC,0.032978495623576,0.06,141,213
5750_MRD,GSE227903,Post_treatment_unspecified,cellchat,LMPP,cDC,LGALS9,PTPRC,0.0364662533317795,0.14,18,213
5750_MRD,GSE227903,Post_treatment_unspecified,cellchat,Monocyte,cDC,LGALS9,PTPRC,0.0174140664400505,0.11,766,213
5750_MRD,GSE227903,Post_treatment_unspecified,cellchat,pDC,cDC,LGALS9,PTPRC,0.0119798699052027,0.99,192,213
5750_MRD,GSE227903,Post_treatment_unspecified,cellchat,Pro-Monocyte,cDC,LGALS9,PTPRC,0.0312251022803659,0.02,393,213
5750_MRD,GSE227903,Post_treatment_unspecified,cellchat,cDC,Cycling Progenitor,LGALS9,PTPRC,0.034339308513194,0.05,213,28
5750_MRD,GSE227903,Post_treatment_unspecified,cellchat,Cycling Progenitor,Cycling Progenitor,LGALS9,PTPRC,0.024151241328199,0.35,28,28
5750_MRD,GSE227903,Post_treatment_unspecified,cellchat,Early GMP,Cycling Progenitor,LGALS9,PTPRC,0.0183843900986519,0.47,59,28
5750_MRD,GSE227903,Post_treatment_unspecified,cellchat,Late GMP,Cycling Progenitor,LGALS9,PTPRC,0.0197443972367245,0.33,141,28
5750_MRD,GSE227903,Post_treatment_unspecified,cellchat,LMPP,Cycling Progenitor,LGALS9,PTPRC,0.0218641810890928,0.46,18,28
5750_MRD,GSE227903,Post_treatment_unspecified,cellchat,Pro-Monocyte,Cycling Progenitor,LGALS9,PTPRC,0.0186810387387292,0.19,393,28
5750_MRD,GSE227903,Post_treatment_unspecified,cellchat,cDC,Early GMP,LGALS9,PTPRC,0.0350745724544407,0.03,213,59
5750_MRD,GSE227903,Post_treatment_unspecified,cellchat,Cycling Progenitor,Early GMP,LGALS9,PTPRC,0.0246739350208304,0.32,28,59
5750_MRD,GSE227903,Post_treatment_unspecified,cellchat,Early GMP,Early GMP,LGALS9,PTPRC,0.0187846771297727,0.46,59,59
5750_MRD,GSE227903,Post_treatment_unspecified,cellchat,Late GMP,Early GMP,LGALS9,PTPRC,0.0201736874119044,0.33,141,59
5750_MRD,GSE227903,Post_treatment_unspecified,cellchat,LMPP,Early GMP,LGALS9,PTPRC,0.0223385101086036,0.42,18,59
5750_MRD,GSE227903,Post_treatment_unspecified,cellchat,Pro-Monocyte,Early GMP,LGALS9,PTPRC,0.019087659164464,0.19,393,59
5750_MRD,GSE227903,Post_treatment_unspecified,cellchat,cDC,Late GMP,LGALS9,PTPRC,0.0388627843306843,0,213,141
5750_MRD,GSE227903,Post_treatment_unspecified,cellchat,Cycling Progenitor,Late GMP,LGALS9,PTPRC,0.0273706947185381,0.31,28,141
5750_MRD,GSE227903,Post_treatment_unspecified,cellchat,Early GMP,Late GMP,LGALS9,PTPRC,0.0208515262194319,0.45,59,141
5750_MRD,GSE227903,Post_treatment_unspecified,cellchat,Late GMP,Late GMP,LGALS9,PTPRC,0.0223898797940965,0.33,141,141
5750_MRD,GSE227903,Post_treatment_unspecified,cellchat,LMPP,Late GMP,LGALS9,PTPRC,0.0247865043310422,0.39,18,141
5750_MRD,GSE227903,Post_treatment_unspecified,cellchat,Pro-Monocyte,Late GMP,LGALS9,PTPRC,0.0211871250712381,0.19,393,141
5750_MRD,GSE227903,Post_treatment_unspecified,cellchat,cDC,LMPP,LGALS9,PTPRC,0.0390899947453069,0.01,213,18
5750_MRD,GSE227903,Post_treatment_unspecified,cellchat,Cycling Progenitor,LMPP,LGALS9,PTPRC,0.0275326415517114,0.3,28,18
5750_MRD,GSE227903,Post_treatment_unspecified,cellchat,Early GMP,LMPP,LGALS9,PTPRC,0.0209757323155675,0.44,59,18
5750_MRD,GSE227903,Post_treatment_unspecified,cellchat,Late GMP,LMPP,LGALS9,PTPRC,0.0225230386019671,0.31,141,18
5750_MRD,GSE227903,Post_treatment_unspecified,cellchat,LMPP,LMPP,LGALS9,PTPRC,0.0249335530009528,0.36,18,18
5750_MRD,GSE227903,Post_treatment_unspecified,cellchat,Pro-Monocyte,LMPP,LGALS9,PTPRC,0.0213132867121553,0.19,393,18
5750_MRD,GSE227903,Post_treatment_unspecified,cellchat,cDC,Monocyte,LGALS9,PTPRC,0.0632934762428833,0,213,766
5750_MRD,GSE227903,Post_treatment_unspecified,cellchat,Cycling Progenitor,Monocyte,LGALS9,PTPRC,0.0449146024842612,0.01,28,766
5750_MRD,GSE227903,Post_treatment_unspecified,cellchat,Early GMP,Monocyte,LGALS9,PTPRC,0.0343644523608538,0.15,59,766
5750_MRD,GSE227903,Post_treatment_unspecified,cellchat,Late GMP,Monocyte,LGALS9,PTPRC,0.036862211047078,0.02,141,766
5750_MRD,GSE227903,Post_treatment_unspecified,cellchat,LMPP,Monocyte,LGALS9,PTPRC,0.0407433993532826,0.1,18,766
5750_MRD,GSE227903,Post_treatment_unspecified,cellchat,Monocyte,Monocyte,LGALS9,PTPRC,0.0195018002958748,0.1,766,766
5750_MRD,GSE227903,Post_treatment_unspecified,cellchat,pDC,Monocyte,LGALS9,PTPRC,0.0134250112940485,0.99,192,766
5750_MRD,GSE227903,Post_treatment_unspecified,cellchat,Pro-Monocyte,Monocyte,LGALS9,PTPRC,0.0349097834845243,0,393,766
5750_MRD,GSE227903,Post_treatment_unspecified,cellchat,cDC,Naive T,LGALS9,PTPRC,0.0682057352464405,0,213,35
5750_MRD,GSE227903,Post_treatment_unspecified,cellchat,Cycling Progenitor,Naive T,LGALS9,PTPRC,0.0484742776496659,0.01,28,35
5750_MRD,GSE227903,Post_treatment_unspecified,cellchat,Early GMP,Naive T,LGALS9,PTPRC,0.0371204805291587,0.08,59,35
5750_MRD,GSE227903,Post_treatment_unspecified,cellchat,Late GMP,Naive T,LGALS9,PTPRC,0.039810300786581,0,141,35
5750_MRD,GSE227903,Post_treatment_unspecified,cellchat,LMPP,Naive T,LGALS9,PTPRC,0.0439877143165195,0.05,18,35
5750_MRD,GSE227903,Post_treatment_unspecified,cellchat,Monocyte,Naive T,LGALS9,PTPRC,0.0210918800619395,0.1,766,35
5750_MRD,GSE227903,Post_treatment_unspecified,cellchat,pDC,Naive T,LGALS9,PTPRC,0.0145269607692142,0.87,192,35
5750_MRD,GSE227903,Post_treatment_unspecified,cellchat,Pro-Monocyte,Naive T,LGALS9,PTPRC,0.0377078393319514,0,393,35
5750_MRD,GSE227903,Post_treatment_unspecified,cellchat,cDC,pDC,LGALS9,PTPRC,0.04369609090083,0,213,192
5750_MRD,GSE227903,Post_treatment_unspecified,cellchat,Cycling Progenitor,pDC,LGALS9,PTPRC,0.030820578810403,0.23,28,192
5750_MRD,GSE227903,Post_treatment_unspecified,cellchat,Early GMP,pDC,LGALS9,PTPRC,0.0234995677224685,0.43,59,192
5750_MRD,GSE227903,Post_treatment_unspecified,cellchat,Late GMP,pDC,LGALS9,PTPRC,0.0252282510170782,0.28,141,192
5750_MRD,GSE227903,Post_treatment_unspecified,cellchat,LMPP,pDC,LGALS9,PTPRC,0.0279200193487934,0.33,18,192
5750_MRD,GSE227903,Post_treatment_unspecified,cellchat,Pro-Monocyte,pDC,LGALS9,PTPRC,0.0238767466980981,0.19,393,192
5750_MRD,GSE227903,Post_treatment_unspecified,cellchat,cDC,Pro-Monocyte,LGALS9,PTPRC,0.0546231313492088,0,213,393
5750_MRD,GSE227903,Post_treatment_unspecified,cellchat,Cycling Progenitor,Pro-Monocyte,LGALS9,PTPRC,0.0386580091819954,0.06,28,393
5750_MRD,GSE227903,Post_treatment_unspecified,cellchat,Early GMP,Pro-Monocyte,LGALS9,PTPRC,0.0295320501187363,0.34,59,393
5750_MRD,GSE227903,Post_treatment_unspecified,cellchat,Late GMP,Pro-Monocyte,LGALS9,PTPRC,0.0316900956267132,0.11,141,393
5750_MRD,GSE227903,Post_treatment_unspecified,cellchat,LMPP,Pro-Monocyte,LGALS9,PTPRC,0.0350465322991607,0.18,18,393
5750_MRD,GSE227903,Post_treatment_unspecified,cellchat,Monocyte,Pro-Monocyte,LGALS9,PTPRC,0.0167232200684866,0.15,766,393
5750_MRD,GSE227903,Post_treatment_unspecified,cellchat,Pro-Monocyte,Pro-Monocyte,LGALS9,PTPRC,0.0300030783064429,0.05,393,393
5750_MRD,GSE227903,Post_treatment_unspecified,cellchat,cDC,cDC,LGALS9,HAVCR2,0.0202671424305063,0,213,213
5750_MRD,GSE227903,Post_treatment_unspecified,cellchat,Cycling Progenitor,cDC,LGALS9,HAVCR2,0.014192758129547,0,28,213
5750_MRD,GSE227903,Post_treatment_unspecified,cellchat,Early GMP,cDC,LGALS9,HAVCR2,0.0107775387612939,0,59,213
5750_MRD,GSE227903,Post_treatment_unspecified,cellchat,Late GMP,cDC,LGALS9,HAVCR2,0.0115814592635945,0,141,213
5750_MRD,GSE227903,Post_treatment_unspecified,cellchat,LMPP,cDC,LGALS9,HAVCR2,0.0128363357509507,0,18,213
5750_MRD,GSE227903,Post_treatment_unspecified,cellchat,Monocyte,cDC,LGALS9,HAVCR2,0.00605230599199038,0,766,213
5750_MRD,GSE227903,Post_treatment_unspecified,cellchat,pDC,cDC,LGALS9,HAVCR2,0.00414866636242915,0.01,192,213
5750_MRD,GSE227903,Post_treatment_unspecified,cellchat,Pro-Monocyte,cDC,LGALS9,HAVCR2,0.0109528135893879,0,393,213
5750_MRD,GSE227903,Post_treatment_unspecified,cellchat,cDC,Cycling Progenitor,LGALS9,HAVCR2,0.00146102667180762,0.8,213,28
5750_MRD,GSE227903,Post_treatment_unspecified,cellchat,Cycling Progenitor,Cycling Progenitor,LGALS9,HAVCR2,0.0010172812755204,0.92,28,28
5750_MRD,GSE227903,Post_treatment_unspecified,cellchat,Early GMP,Cycling Progenitor,LGALS9,HAVCR2,0.000770015310005946,0.99,59,28
5750_MRD,GSE227903,Post_treatment_unspecified,cellchat,Late GMP,Cycling Progenitor,LGALS9,HAVCR2,0.00082807733917701,0.99,141,28
5750_MRD,GSE227903,Post_treatment_unspecified,cellchat,LMPP,Cycling Progenitor,LGALS9,HAVCR2,0.000918884518734089,0.95,18,28
5750_MRD,GSE227903,Post_treatment_unspecified,cellchat,Monocyte,Cycling Progenitor,LGALS9,HAVCR2,0.000430505414440718,0.99,766,28
5750_MRD,GSE227903,Post_treatment_unspecified,cellchat,pDC,Cycling Progenitor,LGALS9,HAVCR2,0.000294573942949674,0.99,192,28
5750_MRD,GSE227903,Post_treatment_unspecified,cellchat,Pro-Monocyte,Cycling Progenitor,LGALS9,HAVCR2,0.000782666817113006,0.99,393,28
5750_MRD,GSE227903,Post_treatment_unspecified,cellchat,cDC,Monocyte,LGALS9,HAVCR2,0.0196301974856768,0,213,766
5750_MRD,GSE227903,Post_treatment_unspecified,cellchat,Cycling Progenitor,Monocyte,LGALS9,HAVCR2,0.0137440376476891,0,28,766
5750_MRD,GSE227903,Post_treatment_unspecified,cellchat,Early GMP,Monocyte,LGALS9,HAVCR2,0.0104356513704475,0,59,766
5750_MRD,GSE227903,Post_treatment_unspecified,cellchat,Late GMP,Monocyte,LGALS9,HAVCR2,0.011214358840525,0,141,766
5750_MRD,GSE227903,Post_treatment_unspecified,cellchat,LMPP,Monocyte,LGALS9,HAVCR2,0.012429959401582,0,18,766
5750_MRD,GSE227903,Post_treatment_unspecified,cellchat,Monocyte,Monocyte,LGALS9,HAVCR2,0.00585942557948631,0,766,766
5750_MRD,GSE227903,Post_treatment_unspecified,cellchat,pDC,Monocyte,LGALS9,HAVCR2,0.00401620774086729,0.01,192,766
5750_MRD,GSE227903,Post_treatment_unspecified,cellchat,Pro-Monocyte,Monocyte,LGALS9,HAVCR2,0.0106054257026712,0,393,766
5750_MRD,GSE227903,Post_treatment_unspecified,cellchat,cDC,Pro-Monocyte,LGALS9,HAVCR2,0.00494607238515988,0,213,393
5750_MRD,GSE227903,Post_treatment_unspecified,cellchat,Cycling Progenitor,Pro-Monocyte,LGALS9,HAVCR2,0.00344749769793202,0.24,28,393
5750_MRD,GSE227903,Post_treatment_unspecified,cellchat,Early GMP,Pro-Monocyte,LGALS9,HAVCR2,0.0026110739381922,0.45,59,393
5750_MRD,GSE227903,Post_treatment_unspecified,cellchat,Late GMP,Pro-Monocyte,LGALS9,HAVCR2,0.00280756860680243,0.29,141,393
5750_MRD,GSE227903,Post_treatment_unspecified,cellchat,LMPP,Pro-Monocyte,LGALS9,HAVCR2,0.00311477063279468,0.33,18,393
5750_MRD,GSE227903,Post_treatment_unspecified,cellchat,Pro-Monocyte,Pro-Monocyte,LGALS9,HAVCR2,0.00265389407109139,0.19,393,393
5750_MRD,GSE227903,Post_treatment_unspecified,cellchat,cDC,CD4 Memory T,LGALS9,CD44,0.0750114776168472,0,213,33
5750_MRD,GSE227903,Post_treatment_unspecified,cellchat,Cycling Progenitor,CD4 Memory T,LGALS9,CD44,0.0534240483321069,0.07,28,33
5750_MRD,GSE227903,Post_treatment_unspecified,cellchat,Early GMP,CD4 Memory T,LGALS9,CD44,0.0409608075789977,0.28,59,33
5750_MRD,GSE227903,Post_treatment_unspecified,cellchat,Late GMP,CD4 Memory T,LGALS9,CD44,0.0439162131789827,0.1,141,33
5750_MRD,GSE227903,Post_treatment_unspecified,cellchat,LMPP,CD4 Memory T,LGALS9,CD44,0.0485027087401494,0.15,18,33
5750_MRD,GSE227903,Post_treatment_unspecified,cellchat,Monocyte,CD4 Memory T,LGALS9,CD44,0.0233141073386079,0.19,766,33
5750_MRD,GSE227903,Post_treatment_unspecified,cellchat,Pro-Monocyte,CD4 Memory T,LGALS9,CD44,0.0416063063243279,0.06,393,33
5750_MRD,GSE227903,Post_treatment_unspecified,cellchat,cDC,CD8 Memory T,LGALS9,CD44,0.0632105593417908,0,213,43
5750_MRD,GSE227903,Post_treatment_unspecified,cellchat,Cycling Progenitor,CD8 Memory T,LGALS9,CD44,0.0448546096788325,0.18,28,43
5750_MRD,GSE227903,Post_treatment_unspecified,cellchat,Early GMP,CD8 Memory T,LGALS9,CD44,0.0343180451283306,0.42,59,43
5750_MRD,GSE227903,Post_treatment_unspecified,cellchat,Late GMP,CD8 Memory T,LGALS9,CD44,0.0368125593246173,0.21,141,43
5750_MRD,GSE227903,Post_treatment_unspecified,cellchat,LMPP,CD8 Memory T,LGALS9,CD44,0.040688740699708,0.27,18,43
5750_MRD,GSE227903,Post_treatment_unspecified,cellchat,Monocyte,CD8 Memory T,LGALS9,CD44,0.019475059429335,0.98,766,43
5750_MRD,GSE227903,Post_treatment_unspecified,cellchat,Pro-Monocyte,CD8 Memory T,LGALS9,CD44,0.0348626664013187,0.15,393,43
5750_MRD,GSE227903,Post_treatment_unspecified,cellchat,cDC,cDC,LGALS9,CD44,0.0764478152315618,0,213,213
5750_MRD,GSE227903,Post_treatment_unspecified,cellchat,Cycling Progenitor,cDC,LGALS9,CD44,0.0544713670198034,0.03,28,213
5750_MRD,GSE227903,Post_treatment_unspecified,cellchat,Early GMP,cDC,LGALS9,CD44,0.0417745811312786,0.26,59,213
5750_MRD,GSE227903,Post_treatment_unspecified,cellchat,Late GMP,cDC,LGALS9,CD44,0.0447859602102948,0.04,141,213
5750_MRD,GSE227903,Post_treatment_unspecified,cellchat,LMPP,cDC,LGALS9,CD44,0.0494585910135657,0.12,18,213
5750_MRD,GSE227903,Post_treatment_unspecified,cellchat,Monocyte,cDC,LGALS9,CD44,0.0237859869384353,0.1,766,213
5750_MRD,GSE227903,Post_treatment_unspecified,cellchat,pDC,cDC,LGALS9,CD44,0.0163965633163404,0.99,192,213
5750_MRD,GSE227903,Post_treatment_unspecified,cellchat,Pro-Monocyte,cDC,LGALS9,CD44,0.0424323366796885,0.01,393,213
5750_MRD,GSE227903,Post_treatment_unspecified,cellchat,cDC,Cycling Progenitor,LGALS9,CD44,0.0504276011290154,0.01,213,28
5750_MRD,GSE227903,Post_treatment_unspecified,cellchat,Cycling Progenitor,Cycling Progenitor,LGALS9,CD44,0.0356425064766939,0.32,28,28
5750_MRD,GSE227903,Post_treatment_unspecified,cellchat,Early GMP,Cycling Progenitor,LGALS9,CD44,0.0272082667124253,0.45,59,28
5750_MRD,GSE227903,Post_treatment_unspecified,cellchat,Late GMP,Cycling Progenitor,LGALS9,CD44,0.0292016120766299,0.33,141,28
5750_MRD,GSE227903,Post_treatment_unspecified,cellchat,LMPP,Cycling Progenitor,LGALS9,CD44,0.0323032752612511,0.38,18,28
5750_MRD,GSE227903,Post_treatment_unspecified,cellchat,Pro-Monocyte,Cycling Progenitor,LGALS9,CD44,0.0276432869263207,0.19,393,28
5750_MRD,GSE227903,Post_treatment_unspecified,cellchat,cDC,Early GMP,LGALS9,CD44,0.0551303921326239,0,213,59
5750_MRD,GSE227903,Post_treatment_unspecified,cellchat,Cycling Progenitor,Early GMP,LGALS9,CD44,0.0390231288561192,0.3,28,59
5750_MRD,GSE227903,Post_treatment_unspecified,cellchat,Early GMP,Early GMP,LGALS9,CD44,0.0298136494195573,0.45,59,59
5750_MRD,GSE227903,Post_treatment_unspecified,cellchat,Late GMP,Early GMP,LGALS9,CD44,0.0319915943609912,0.3,141,59
5750_MRD,GSE227903,Post_treatment_unspecified,cellchat,LMPP,Early GMP,LGALS9,CD44,0.0353787973568652,0.36,18,59
5750_MRD,GSE227903,Post_treatment_unspecified,cellchat,Pro-Monocyte,Early GMP,LGALS9,CD44,0.0302890288587592,0.19,393,59
5750_MRD,GSE227903,Post_treatment_unspecified,cellchat,cDC,Late GMP,LGALS9,CD44,0.0596960985796332,0,213,141
5750_MRD,GSE227903,Post_treatment_unspecified,cellchat,Cycling Progenitor,Late GMP,LGALS9,CD44,0.0423146269488951,0.2,28,141
5750_MRD,GSE227903,Post_treatment_unspecified,cellchat,Early GMP,Late GMP,LGALS9,CD44,0.0323545056057068,0.43,59,141
5750_MRD,GSE227903,Post_treatment_unspecified,cellchat,Late GMP,Late GMP,LGALS9,CD44,0.034711424088691,0.28,141,141
5750_MRD,GSE227903,Post_treatment_unspecified,cellchat,LMPP,Late GMP,LGALS9,CD44,0.0383751808429714,0.31,18,141
5750_MRD,GSE227903,Post_treatment_unspecified,cellchat,Pro-Monocyte,Late GMP,LGALS9,CD44,0.0328690264869546,0.18,393,141
5750_MRD,GSE227903,Post_treatment_unspecified,cellchat,cDC,LMPP,LGALS9,CD44,0.0564204505939445,0,213,18
5750_MRD,GSE227903,Post_treatment_unspecified,cellchat,Cycling Progenitor,LMPP,LGALS9,CD44,0.039952212318039,0.26,28,18
5750_MRD,GSE227903,Post_treatment_unspecified,cellchat,Early GMP,LMPP,LGALS9,CD44,0.0305304347529444,0.43,59,18
5750_MRD,GSE227903,Post_treatment_unspecified,cellchat,Late GMP,LMPP,LGALS9,CD44,0.0327589741979203,0.28,141,18
5750_MRD,GSE227903,Post_treatment_unspecified,cellchat,LMPP,LMPP,LGALS9,CD44,0.0362243853151619,0.35,18,18
5750_MRD,GSE227903,Post_treatment_unspecified,cellchat,Monocyte,LMPP,LGALS9,CD44,0.0172962965811363,0.99,766,18
5750_MRD,GSE227903,Post_treatment_unspecified,cellchat,Pro-Monocyte,LMPP,LGALS9,CD44,0.0310168779629738,0.19,393,18
5750_MRD,GSE227903,Post_treatment_unspecified,cellchat,cDC,Monocyte,LGALS9,CD44,0.0853857483689176,0,213,766
5750_MRD,GSE227903,Post_treatment_unspecified,cellchat,Cycling Progenitor,Monocyte,LGALS9,CD44,0.0610096462497538,0.01,28,766
5750_MRD,GSE227903,Post_treatment_unspecified,cellchat,Early GMP,Monocyte,LGALS9,CD44,0.0468643828197566,0.11,59,766
5750_MRD,GSE227903,Post_treatment_unspecified,cellchat,Late GMP,Monocyte,LGALS9,CD44,0.0502234367646023,0.01,141,766
5750_MRD,GSE227903,Post_treatment_unspecified,cellchat,LMPP,Monocyte,LGALS9,CD44,0.05543045267342,0.1,18,766
5750_MRD,GSE227903,Post_treatment_unspecified,cellchat,Monocyte,Monocyte,LGALS9,CD44,0.0267452377286797,0.1,766,766
5750_MRD,GSE227903,Post_treatment_unspecified,cellchat,pDC,Monocyte,LGALS9,CD44,0.0184538632269902,0.99,192,766
5750_MRD,GSE227903,Post_treatment_unspecified,cellchat,Pro-Monocyte,Monocyte,LGALS9,CD44,0.0475982982341156,0,393,766
5750_MRD,GSE227903,Post_treatment_unspecified,cellchat,cDC,Naive T,LGALS9,CD44,0.0635335621789447,0,213,35
5750_MRD,GSE227903,Post_treatment_unspecified,cellchat,Cycling Progenitor,Naive T,LGALS9,CD44,0.0450883290825334,0.15,28,35
5750_MRD,GSE227903,Post_treatment_unspecified,cellchat,Early GMP,Naive T,LGALS9,CD44,0.0344988457105993,0.41,59,35
5750_MRD,GSE227903,Post_treatment_unspecified,cellchat,Late GMP,Naive T,LGALS9,CD44,0.0370059983433458,0.21,141,35
5750_MRD,GSE227903,Post_treatment_unspecified,cellchat,LMPP,Naive T,LGALS9,CD44,0.0409016829622505,0.27,18,35
5750_MRD,GSE227903,Post_treatment_unspecified,cellchat,Monocyte,Naive T,LGALS9,CD44,0.0195792469668802,0.94,766,35
5750_MRD,GSE227903,Post_treatment_unspecified,cellchat,Pro-Monocyte,Naive T,LGALS9,CD44,0.0350462321258988,0.13,393,35
5750_MRD,GSE227903,Post_treatment_unspecified,cellchat,cDC,pDC,LGALS9,CD44,0.0424957147483299,0.06,213,192
5750_MRD,GSE227903,Post_treatment_unspecified,cellchat,Cycling Progenitor,pDC,LGALS9,CD44,0.0299628238950416,0.35,28,192
5750_MRD,GSE227903,Post_treatment_unspecified,cellchat,Early GMP,pDC,LGALS9,CD44,0.022840759117275,0.51,59,192
5750_MRD,GSE227903,Post_treatment_unspecified,cellchat,Late GMP,pDC,LGALS9,CD44,0.0245221959376475,0.33,141,192
5750_MRD,GSE227903,Post_treatment_unspecified,cellchat,LMPP,pDC,LGALS9,CD44,0.0271407281282646,0.49,18,192
5750_MRD,GSE227903,Post_treatment_unspecified,cellchat,Pro-Monocyte,pDC,LGALS9,CD44,0.0232076152160329,0.19,393,192
5750_MRD,GSE227903,Post_treatment_unspecified,cellchat,cDC,Pro-Monocyte,LGALS9,CD44,0.0730717330471302,0,213,393
5750_MRD,GSE227903,Post_treatment_unspecified,cellchat,Cycling Progenitor,Pro-Monocyte,LGALS9,CD44,0.0520111506210353,0.05,28,393
5750_MRD,GSE227903,Post_treatment_unspecified,cellchat,Early GMP,Pro-Monocyte,LGALS9,CD44,0.0398636421265213,0.33,59,393
5750_MRD,GSE227903,Post_treatment_unspecified,cellchat,Late GMP,Pro-Monocyte,LGALS9,CD44,0.0427434132098408,0.09,141,393
5750_MRD,GSE227903,Post_treatment_unspecified,cellchat,LMPP,Pro-Monocyte,LGALS9,CD44,0.0472134731125102,0.17,18,393
5750_MRD,GSE227903,Post_treatment_unspecified,cellchat,Monocyte,Pro-Monocyte,LGALS9,CD44,0.0226784442888616,0.1,766,393
5750_MRD,GSE227903,Post_treatment_unspecified,cellchat,Pro-Monocyte,Pro-Monocyte,LGALS9,CD44,0.0404925807373455,0.05,393,393
5750_MRD,GSE227903,Post_treatment_unspecified,cellchat,cDC,Monocyte,CTSG,FPR1,0.000781986670467957,0,213,766
5750_MRD,GSE227903,Post_treatment_unspecified,cellchat,Cycling Progenitor,Monocyte,CTSG,FPR1,0.000634706826785695,0,28,766
5750_MRD,GSE227903,Post_treatment_unspecified,cellchat,Early GMP,Monocyte,CTSG,FPR1,0.00266405287457624,0,59,766
5750_MRD,GSE227903,Post_treatment_unspecified,cellchat,Late GMP,Monocyte,CTSG,FPR1,0.011298710399562,0,141,766
5750_MRD,GSE227903,Post_treatment_unspecified,cellchat,Pro-Monocyte,Monocyte,CTSG,FPR1,0.00456290167231222,0,393,766
5750_MRD,GSE227903,Post_treatment_unspecified,cellchat,Cycling Progenitor,CD8 Memory T,LGALS9,P4HB,0.0028189154616084,0.99,28,43
5750_MRD,GSE227903,Post_treatment_unspecified,cellchat,LMPP,CD8 Memory T,LGALS9,P4HB,0.00254669948756734,0.99,18,43
5750_MRD,GSE227903,Post_treatment_unspecified,cellchat,cDC,cDC,LGALS9,P4HB,0.0255172315105522,0,213,213
5750_MRD,GSE227903,Post_treatment_unspecified,cellchat,Cycling Progenitor,cDC,LGALS9,P4HB,0.0178980579908481,0.13,28,213
5750_MRD,GSE227903,Post_treatment_unspecified,cellchat,Early GMP,cDC,LGALS9,P4HB,0.013603531819773,0.39,59,213
5750_MRD,GSE227903,Post_treatment_unspecified,cellchat,Late GMP,cDC,LGALS9,P4HB,0.0146151350141518,0.14,141,213
5750_MRD,GSE227903,Post_treatment_unspecified,cellchat,LMPP,cDC,LGALS9,P4HB,0.0161933317118307,0.24,18,213
5750_MRD,GSE227903,Post_treatment_unspecified,cellchat,Monocyte,cDC,LGALS9,P4HB,0.00764886963160035,0.76,766,213
5750_MRD,GSE227903,Post_treatment_unspecified,cellchat,Pro-Monocyte,cDC,LGALS9,P4HB,0.0138241234326755,0.13,393,213
5750_MRD,GSE227903,Post_treatment_unspecified,cellchat,cDC,Cycling Progenitor,LGALS9,P4HB,0.0268431720651009,0,213,28
5750_MRD,GSE227903,Post_treatment_unspecified,cellchat,Cycling Progenitor,Cycling Progenitor,LGALS9,P4HB,0.0188357393820036,0.13,28,28
5750_MRD,GSE227903,Post_treatment_unspecified,cellchat,Early GMP,Cycling Progenitor,LGALS9,P4HB,0.0143195029425904,0.35,59,28
5750_MRD,GSE227903,Post_treatment_unspecified,cellchat,Late GMP,Cycling Progenitor,LGALS9,P4HB,0.01538351775112,0.17,141,28
5750_MRD,GSE227903,Post_treatment_unspecified,cellchat,LMPP,Cycling Progenitor,LGALS9,P4HB,0.0170432521767345,0.24,18,28
5750_MRD,GSE227903,Post_treatment_unspecified,cellchat,Monocyte,Cycling Progenitor,LGALS9,P4HB,0.00805399828080861,0.63,766,28
5750_MRD,GSE227903,Post_treatment_unspecified,cellchat,pDC,Cycling Progenitor,LGALS9,P4HB,0.0055242630133748,0.97,192,28
5750_MRD,GSE227903,Post_treatment_unspecified,cellchat,Pro-Monocyte,Cycling Progenitor,LGALS9,P4HB,0.0145515332982294,0.12,393,28
5750_MRD,GSE227903,Post_treatment_unspecified,cellchat,cDC,Early GMP,LGALS9,P4HB,0.0314164592324717,0,213,59
5750_MRD,GSE227903,Post_treatment_unspecified,cellchat,Cycling Progenitor,Early GMP,LGALS9,P4HB,0.0220757426204131,0.03,28,59
5750_MRD,GSE227903,Post_treatment_unspecified,cellchat,Early GMP,Early GMP,LGALS9,P4HB,0.0167959506062748,0.21,59,59
5750_MRD,GSE227903,Post_treatment_unspecified,cellchat,Late GMP,Early GMP,LGALS9,P4HB,0.0180406106378915,0.04,141,59
5750_MRD,GSE227903,Post_treatment_unspecified,cellchat,LMPP,Early GMP,LGALS9,P4HB,0.0199812023669459,0.12,18,59
5750_MRD,GSE227903,Post_treatment_unspecified,cellchat,Monocyte,Early GMP,LGALS9,P4HB,0.00945727170131423,0.15,766,59
5750_MRD,GSE227903,Post_treatment_unspecified,cellchat,pDC,Early GMP,LGALS9,P4HB,0.00648965634140843,0.92,192,59
5750_MRD,GSE227903,Post_treatment_unspecified,cellchat,Pro-Monocyte,Early GMP,LGALS9,P4HB,0.0170674139950802,0.03,393,59
5750_MRD,GSE227903,Post_treatment_unspecified,cellchat,cDC,Late GMP,LGALS9,P4HB,0.0425654134810251,0,213,141
5750_MRD,GSE227903,Post_treatment_unspecified,cellchat,Cycling Progenitor,Late GMP,LGALS9,P4HB,0.0300126112966338,0,28,141
5750_MRD,GSE227903,Post_treatment_unspecified,cellchat,Early GMP,Late GMP,LGALS9,P4HB,0.0228789913372312,0.02,59,141
5750_MRD,GSE227903,Post_treatment_unspecified,cellchat,Late GMP,Late GMP,LGALS9,P4HB,0.0245631718977469,0,141,141
5750_MRD,GSE227903,Post_treatment_unspecified,cellchat,LMPP,Late GMP,LGALS9,P4HB,0.0271859576459982,0.02,18,141
5750_MRD,GSE227903,Post_treatment_unspecified,cellchat,Monocyte,Late GMP,LGALS9,P4HB,0.0129173598655844,0.05,766,141
5750_MRD,GSE227903,Post_treatment_unspecified,cellchat,pDC,Late GMP,LGALS9,P4HB,0.00887372344024349,0.39,192,141
5750_MRD,GSE227903,Post_treatment_unspecified,cellchat,Pro-Monocyte,Late GMP,LGALS9,P4HB,0.0232464468930167,0,393,141
5750_MRD,GSE227903,Post_treatment_unspecified,cellchat,cDC,LMPP,LGALS9,P4HB,0.0170705037205349,0.07,213,18
5750_MRD,GSE227903,Post_treatment_unspecified,cellchat,Cycling Progenitor,LMPP,LGALS9,P4HB,0.0119425241573415,0.32,28,18
5750_MRD,GSE227903,Post_treatment_unspecified,cellchat,Early GMP,LMPP,LGALS9,P4HB,0.00906380263017291,0.57,59,18
5750_MRD,GSE227903,Post_treatment_unspecified,cellchat,Late GMP,LMPP,LGALS9,P4HB,0.00974115054767817,0.39,141,18
5750_MRD,GSE227903,Post_treatment_unspecified,cellchat,LMPP,LMPP,LGALS9,P4HB,0.010798804081431,0.46,18,18
5750_MRD,GSE227903,Post_treatment_unspecified,cellchat,Monocyte,LMPP,LGALS9,P4HB,0.00508606589207267,0.99,766,18
5750_MRD,GSE227903,Post_treatment_unspecified,cellchat,Pro-Monocyte,LMPP,LGALS9,P4HB,0.00921146653756252,0.42,393,18
5750_MRD,GSE227903,Post_treatment_unspecified,cellchat,cDC,Monocyte,LGALS9,P4HB,0.022588411361545,0,213,766
5750_MRD,GSE227903,Post_treatment_unspecified,cellchat,Cycling Progenitor,Monocyte,LGALS9,P4HB,0.0158295466834411,0.25,28,766
5750_MRD,GSE227903,Post_treatment_unspecified,cellchat,Early GMP,Monocyte,LGALS9,P4HB,0.0120252695315495,0.44,59,766
5750_MRD,GSE227903,Post_treatment_unspecified,cellchat,Late GMP,Monocyte,LGALS9,P4HB,0.0129210453606703,0.3,141,766
5750_MRD,GSE227903,Post_treatment_unspecified,cellchat,LMPP,Monocyte,LGALS9,P4HB,0.0143189662281153,0.31,18,766
5750_MRD,GSE227903,Post_treatment_unspecified,cellchat,Pro-Monocyte,Monocyte,LGALS9,P4HB,0.0122205854926523,0.18,393,766
5750_MRD,GSE227903,Post_treatment_unspecified,cellchat,cDC,pDC,LGALS9,P4HB,0.0355105575651165,0,213,192
5750_MRD,GSE227903,Post_treatment_unspecified,cellchat,Cycling Progenitor,pDC,LGALS9,P4HB,0.0249839851808228,0,28,192
5750_MRD,GSE227903,Post_treatment_unspecified,cellchat,Early GMP,pDC,LGALS9,P4HB,0.0190221667990529,0.04,59,192
5750_MRD,GSE227903,Post_treatment_unspecified,cellchat,Late GMP,pDC,LGALS9,P4HB,0.0204283723600211,0.02,141,192
5750_MRD,GSE227903,Post_treatment_unspecified,cellchat,LMPP,pDC,LGALS9,P4HB,0.0226198941694068,0.06,18,192
5750_MRD,GSE227903,Post_treatment_unspecified,cellchat,Monocyte,pDC,LGALS9,P4HB,0.0107213909355816,0.09,766,192
5750_MRD,GSE227903,Post_treatment_unspecified,cellchat,pDC,pDC,LGALS9,P4HB,0.00736005257462329,0.73,192,192
5750_MRD,GSE227903,Post_treatment_unspecified,cellchat,Pro-Monocyte,pDC,LGALS9,P4HB,0.0193289038976888,0,393,192
5750_MRD,GSE227903,Post_treatment_unspecified,cellchat,cDC,Pro-Monocyte,LGALS9,P4HB,0.0351328435208051,0,213,393
5750_MRD,GSE227903,Post_treatment_unspecified,cellchat,Cycling Progenitor,Pro-Monocyte,LGALS9,P4HB,0.0247153695924616,0.01,28,393
5750_MRD,GSE227903,Post_treatment_unspecified,cellchat,Early GMP,Pro-Monocyte,LGALS9,P4HB,0.018816412755537,0.05,59,393
5750_MRD,GSE227903,Post_treatment_unspecified,cellchat,Late GMP,Pro-Monocyte,LGALS9,P4HB,0.0202077213618862,0.02,141,393
5750_MRD,GSE227903,Post_treatment_unspecified,cellchat,LMPP,Pro-Monocyte,LGALS9,P4HB,0.0223761128116434,0.07,18,393
5750_MRD,GSE227903,Post_treatment_unspecified,cellchat,Monocyte,Pro-Monocyte,LGALS9,P4HB,0.0106044519822851,0.1,766,393
5750_MRD,GSE227903,Post_treatment_unspecified,cellchat,pDC,Pro-Monocyte,LGALS9,P4HB,0.00727950619539126,0.9,192,393
5750_MRD,GSE227903,Post_treatment_unspecified,cellchat,Pro-Monocyte,Pro-Monocyte,LGALS9,P4HB,0.0191198966865786,0,393,393
5750_MRD,GSE227903,Post_treatment_unspecified,cellchat,CD4 Memory T,CD8 Memory T,PPIA,BSG,0.0218387647466673,0.78,33,43
5750_MRD,GSE227903,Post_treatment_unspecified,cellchat,CD8 Memory T,CD8 Memory T,PPIA,BSG,0.0238841073946973,0.76,43,43
5750_MRD,GSE227903,Post_treatment_unspecified,cellchat,cDC,CD8 Memory T,PPIA,BSG,0.029667855422787,0.76,213,43
5750_MRD,GSE227903,Post_treatment_unspecified,cellchat,Cycling Progenitor,CD8 Memory T,PPIA,BSG,0.0296506172726469,0.75,28,43
5750_MRD,GSE227903,Post_treatment_unspecified,cellchat,Early GMP,CD8 Memory T,PPIA,BSG,0.0276345240240283,0.76,59,43
5750_MRD,GSE227903,Post_treatment_unspecified,cellchat,Late GMP,CD8 Memory T,PPIA,BSG,0.0271358560006169,0.76,141,43
5750_MRD,GSE227903,Post_treatment_unspecified,cellchat,LMPP,CD8 Memory T,PPIA,BSG,0.0271282605107353,0.76,18,43
5750_MRD,GSE227903,Post_treatment_unspecified,cellchat,Monocyte,CD8 Memory T,PPIA,BSG,0.0212822643405102,0.78,766,43
5750_MRD,GSE227903,Post_treatment_unspecified,cellchat,Naive T,CD8 Memory T,PPIA,BSG,0.0173189495925511,0.94,35,43
5750_MRD,GSE227903,Post_treatment_unspecified,cellchat,pDC,CD8 Memory T,PPIA,BSG,0.026784278908205,0.76,192,43
5750_MRD,GSE227903,Post_treatment_unspecified,cellchat,Pro-Monocyte,CD8 Memory T,PPIA,BSG,0.027112288186508,0.76,393,43
5750_MRD,GSE227903,Post_treatment_unspecified,cellchat,CD4 Memory T,cDC,PPIA,BSG,0.0360752365854978,0.93,33,213
5750_MRD,GSE227903,Post_treatment_unspecified,cellchat,CD8 Memory T,cDC,PPIA,BSG,0.0394002109033843,0.72,43,213
5750_MRD,GSE227903,Post_treatment_unspecified,cellchat,cDC,cDC,PPIA,BSG,0.0487536533615323,0.11,213,213
5750_MRD,GSE227903,Post_treatment_unspecified,cellchat,Cycling Progenitor,cDC,PPIA,BSG,0.0487258825087109,0.07,28,213
5750_MRD,GSE227903,Post_treatment_unspecified,cellchat,Early GMP,cDC,PPIA,BSG,0.0454735493517299,0.24,59,213
5750_MRD,GSE227903,Post_treatment_unspecified,cellchat,Late GMP,cDC,PPIA,BSG,0.0446677616744586,0.34,141,213
5750_MRD,GSE227903,Post_treatment_unspecified,cellchat,LMPP,cDC,PPIA,BSG,0.0446554841479416,0.44,18,213
5750_MRD,GSE227903,Post_treatment_unspecified,cellchat,Monocyte,cDC,PPIA,BSG,0.0351690024999383,0.95,766,213
5750_MRD,GSE227903,Post_treatment_unspecified,cellchat,Naive T,cDC,PPIA,BSG,0.0286954357725315,0.96,35,213
5750_MRD,GSE227903,Post_treatment_unspecified,cellchat,pDC,cDC,PPIA,BSG,0.0440993344334266,0.38,192,213
5750_MRD,GSE227903,Post_treatment_unspecified,cellchat,Pro-Monocyte,cDC,PPIA,BSG,0.0446296657074475,0.32,393,213
5750_MRD,GSE227903,Post_treatment_unspecified,cellchat,CD4 Memory T,Cycling Progenitor,PPIA,BSG,0.0550494338420844,0.12,33,28
5750_MRD,GSE227903,Post_treatment_unspecified,cellchat,CD8 Memory T,Cycling Progenitor,PPIA,BSG,0.0600143361456436,0.03,43,28
5750_MRD,GSE227903,Post_treatment_unspecified,cellchat,cDC,Cycling Progenitor,PPIA,BSG,0.0738850820752815,0,213,28
5750_MRD,GSE227903,Post_treatment_unspecified,cellchat,Cycling Progenitor,Cycling Progenitor,PPIA,BSG,0.0738441072391373,0,28,28
5750_MRD,GSE227903,Post_treatment_unspecified,cellchat,Early GMP,Cycling Progenitor,PPIA,BSG,0.0690368687088908,0,59,28
5750_MRD,GSE227903,Post_treatment_unspecified,cellchat,Late GMP,Cycling Progenitor,PPIA,BSG,0.0678432176621976,0,141,28
5750_MRD,GSE227903,Post_treatment_unspecified,cellchat,LMPP,Cycling Progenitor,PPIA,BSG,0.0678250223063277,0,18,28
5750_MRD,GSE227903,Post_treatment_unspecified,cellchat,Monocyte,Cycling Progenitor,PPIA,BSG,0.0536931055582316,0.14,766,28
5750_MRD,GSE227903,Post_treatment_unspecified,cellchat,Naive T,Cycling Progenitor,PPIA,BSG,0.0439651767353831,0.47,35,28
5750_MRD,GSE227903,Post_treatment_unspecified,cellchat,pDC,Cycling Progenitor,PPIA,BSG,0.0670005511155763,0,192,28
5750_MRD,GSE227903,Post_treatment_unspecified,cellchat,Pro-Monocyte,Cycling Progenitor,PPIA,BSG,0.0677867584563607,0,393,28
5750_MRD,GSE227903,Post_treatment_unspecified,cellchat,CD4 Memory T,Early GMP,PPIA,BSG,0.0538753211490635,0.09,33,59
5750_MRD,GSE227903,Post_treatment_unspecified,cellchat,CD8 Memory T,Early GMP,PPIA,BSG,0.0587409129865202,0.02,43,59
5750_MRD,GSE227903,Post_treatment_unspecified,cellchat,cDC,Early GMP,PPIA,BSG,0.0723399907635073,0,213,59
5750_MRD,GSE227903,Post_treatment_unspecified,cellchat,Cycling Progenitor,Early GMP,PPIA,BSG,0.0722998059027737,0,28,59
5750_MRD,GSE227903,Post_treatment_unspecified,cellchat,Early GMP,Early GMP,PPIA,BSG,0.0675857647205944,0,59,59
5750_MRD,GSE227903,Post_treatment_unspecified,cellchat,Late GMP,Early GMP,PPIA,BSG,0.0664154134270925,0,141,59
5750_MRD,GSE227903,Post_treatment_unspecified,cellchat,LMPP,Early GMP,PPIA,BSG,0.0663975737278766,0.01,18,59
5750_MRD,GSE227903,Post_treatment_unspecified,cellchat,Monocyte,Early GMP,PPIA,BSG,0.0525463124620918,0.1,766,59
5750_MRD,GSE227903,Post_treatment_unspecified,cellchat,Naive T,Early GMP,PPIA,BSG,0.0430167108100613,0.49,35,59
5750_MRD,GSE227903,Post_treatment_unspecified,cellchat,pDC,Early GMP,PPIA,BSG,0.0655892334933025,0,192,59
5750_MRD,GSE227903,Post_treatment_unspecified,cellchat,Pro-Monocyte,Early GMP,PPIA,BSG,0.0663600578524515,0,393,59
5750_MRD,GSE227903,Post_treatment_unspecified,cellchat,CD4 Memory T,Late GMP,PPIA,BSG,0.0495511026361046,0.1,33,141
5750_MRD,GSE227903,Post_treatment_unspecified,cellchat,CD8 Memory T,Late GMP,PPIA,BSG,0.0540484747751302,0,43,141
5750_MRD,GSE227903,Post_treatment_unspecified,cellchat,cDC,Late GMP,PPIA,BSG,0.0666381183137047,0,213,141
5750_MRD,GSE227903,Post_treatment_unspecified,cellchat,Cycling Progenitor,Late GMP,PPIA,BSG,0.0666008734416672,0,28,141
5750_MRD,GSE227903,Post_treatment_unspecified,cellchat,Early GMP,Late GMP,PPIA,BSG,0.0622334832706908,0,59,141
5750_MRD,GSE227903,Post_treatment_unspecified,cellchat,Late GMP,Late GMP,PPIA,BSG,0.0611497365996927,0,141,141
5750_MRD,GSE227903,Post_treatment_unspecified,cellchat,LMPP,Late GMP,PPIA,BSG,0.0611332186842128,0,18,141
5750_MRD,GSE227903,Post_treatment_unspecified,cellchat,Monocyte,Late GMP,PPIA,BSG,0.0483233165445398,0.13,766,141
5750_MRD,GSE227903,Post_treatment_unspecified,cellchat,Naive T,Late GMP,PPIA,BSG,0.0395276297080593,0.75,35,141
5750_MRD,GSE227903,Post_treatment_unspecified,cellchat,pDC,Late GMP,PPIA,BSG,0.0603848227186314,0,192,141
5750_MRD,GSE227903,Post_treatment_unspecified,cellchat,Pro-Monocyte,Late GMP,PPIA,BSG,0.0610984826082965,0,393,141
5750_MRD,GSE227903,Post_treatment_unspecified,cellchat,CD4 Memory T,LMPP,PPIA,BSG,0.054317172489443,0.18,33,18
5750_MRD,GSE227903,Post_treatment_unspecified,cellchat,CD8 Memory T,LMPP,PPIA,BSG,0.0592201711193854,0.1,43,18
5750_MRD,GSE227903,Post_treatment_unspecified,cellchat,cDC,LMPP,PPIA,BSG,0.0729216059137329,0.01,213,18
5750_MRD,GSE227903,Post_treatment_unspecified,cellchat,Cycling Progenitor,LMPP,PPIA,BSG,0.072881123348992,0.01,28,18
5750_MRD,GSE227903,Post_treatment_unspecified,cellchat,Early GMP,LMPP,PPIA,BSG,0.0681319631534523,0.03,59,18
5750_MRD,GSE227903,Post_treatment_unspecified,cellchat,Late GMP,LMPP,PPIA,BSG,0.0669528327544934,0.03,141,18
5750_MRD,GSE227903,Post_treatment_unspecified,cellchat,LMPP,LMPP,PPIA,BSG,0.066934859050013,0.03,18,18
5750_MRD,GSE227903,Post_treatment_unspecified,cellchat,Monocyte,LMPP,PPIA,BSG,0.0529778744367864,0.25,766,18
5750_MRD,GSE227903,Post_treatment_unspecified,cellchat,Naive T,LMPP,PPIA,BSG,0.0433735892966849,0.43,35,18
5750_MRD,GSE227903,Post_treatment_unspecified,cellchat,pDC,LMPP,PPIA,BSG,0.0661204410287225,0.02,192,18
5750_MRD,GSE227903,Post_treatment_unspecified,cellchat,Pro-Monocyte,LMPP,PPIA,BSG,0.0668970613509836,0.03,393,18
5750_MRD,GSE227903,Post_treatment_unspecified,cellchat,CD4 Memory T,pDC,PPIA,BSG,0.0380820771682461,0.86,33,192
5750_MRD,GSE227903,Post_treatment_unspecified,cellchat,CD8 Memory T,pDC,PPIA,BSG,0.041584038022269,0.51,43,192
5750_MRD,GSE227903,Post_treatment_unspecified,cellchat,cDC,pDC,PPIA,BSG,0.0514281562100455,0.02,213,192
5750_MRD,GSE227903,Post_treatment_unspecified,cellchat,Cycling Progenitor,pDC,PPIA,BSG,0.0513989442344483,0.01,28,192
5750_MRD,GSE227903,Post_treatment_unspecified,cellchat,Early GMP,pDC,PPIA,BSG,0.0479771893313674,0.12,59,192
5750_MRD,GSE227903,Post_treatment_unspecified,cellchat,Late GMP,pDC,PPIA,BSG,0.0471292278162196,0.19,141,192
5750_MRD,GSE227903,Post_treatment_unspecified,cellchat,LMPP,pDC,PPIA,BSG,0.0471163070908827,0.19,18,192
5750_MRD,GSE227903,Post_treatment_unspecified,cellchat,Monocyte,pDC,PPIA,BSG,0.0371273716624157,0.92,766,192
5750_MRD,GSE227903,Post_treatment_unspecified,cellchat,Naive T,pDC,PPIA,BSG,0.0303046497926608,0.97,35,192
5750_MRD,GSE227903,Post_treatment_unspecified,cellchat,pDC,pDC,PPIA,BSG,0.0465310024435698,0.2,192,192
5750_MRD,GSE227903,Post_treatment_unspecified,cellchat,Pro-Monocyte,pDC,PPIA,BSG,0.0470891360063117,0.15,393,192
5750_MRD,GSE227903,Post_treatment_unspecified,cellchat,CD4 Memory T,Pro-Monocyte,PPIA,BSG,0.0443767026135453,0.2,33,393
5750_MRD,GSE227903,Post_treatment_unspecified,cellchat,CD8 Memory T,Pro-Monocyte,PPIA,BSG,0.0484283639553843,0.03,43,393
5750_MRD,GSE227903,Post_treatment_unspecified,cellchat,cDC,Pro-Monocyte,PPIA,BSG,0.0597916472271235,0,213,393
5750_MRD,GSE227903,Post_treatment_unspecified,cellchat,Cycling Progenitor,Pro-Monocyte,PPIA,BSG,0.0597579839382702,0,28,393
5750_MRD,GSE227903,Post_treatment_unspecified,cellchat,Early GMP,Pro-Monocyte,PPIA,BSG,0.0558124886004655,0,59,393
5750_MRD,GSE227903,Post_treatment_unspecified,cellchat,Late GMP,Pro-Monocyte,PPIA,BSG,0.0548340202033343,0,141,393
5750_MRD,GSE227903,Post_treatment_unspecified,cellchat,LMPP,Pro-Monocyte,PPIA,BSG,0.0548191086908561,0,18,393
5750_MRD,GSE227903,Post_treatment_unspecified,cellchat,Monocyte,Pro-Monocyte,PPIA,BSG,0.0432712915871485,0.32,766,393
5750_MRD,GSE227903,Post_treatment_unspecified,cellchat,Naive T,Pro-Monocyte,PPIA,BSG,0.0353609939219772,0.99,35,393
5750_MRD,GSE227903,Post_treatment_unspecified,cellchat,pDC,Pro-Monocyte,PPIA,BSG,0.0541435526981374,0,192,393
5750_MRD,GSE227903,Post_treatment_unspecified,cellchat,Pro-Monocyte,Pro-Monocyte,PPIA,BSG,0.0547877509502512,0,393,393
5750_MRD,GSE227903,Post_treatment_unspecified,cellchat,cDC,cDC,PLAU,PLAUR,0.00340062151325427,0.43,213,213
5750_MRD,GSE227903,Post_treatment_unspecified,cellchat,Cycling Progenitor,cDC,PLAU,PLAUR,0.00178027540891037,0.67,28,213
5750_MRD,GSE227903,Post_treatment_unspecified,cellchat,Early GMP,cDC,PLAU,PLAUR,0.000674318615868658,0.86,59,213
5750_MRD,GSE227903,Post_treatment_unspecified,cellchat,Late GMP,cDC,PLAU,PLAUR,0.00291019605970482,0.7,141,213
5750_MRD,GSE227903,Post_treatment_unspecified,cellchat,LMPP,cDC,PLAU,PLAUR,0.00277169614762705,0.52,18,213
5750_MRD,GSE227903,Post_treatment_unspecified,cellchat,Monocyte,cDC,PLAU,PLAUR,0.00468264822000149,0.01,766,213
5750_MRD,GSE227903,Post_treatment_unspecified,cellchat,Pro-Monocyte,cDC,PLAU,PLAUR,0.00621349167508957,0,393,213
5750_MRD,GSE227903,Post_treatment_unspecified,cellchat,cDC,Early GMP,PLAU,PLAUR,0.00033926549715567,0.99,213,59
5750_MRD,GSE227903,Post_treatment_unspecified,cellchat,Cycling Progenitor,Early GMP,PLAU,PLAUR,0.000177350897791571,0.87,28,59
5750_MRD,GSE227903,Post_treatment_unspecified,cellchat,Early GMP,Early GMP,PLAU,PLAUR,6.71086233708928e-05,0.88,59,59
5750_MRD,GSE227903,Post_treatment_unspecified,cellchat,Late GMP,Early GMP,PLAU,PLAUR,0.000290209278456474,0.91,141,59
5750_MRD,GSE227903,Post_treatment_unspecified,cellchat,LMPP,Early GMP,PLAU,PLAUR,0.000276363291863857,0.74,18,59
5750_MRD,GSE227903,Post_treatment_unspecified,cellchat,cDC,Late GMP,PLAU,PLAUR,0.000670589863010105,0.99,213,141
5750_MRD,GSE227903,Post_treatment_unspecified,cellchat,Cycling Progenitor,Late GMP,PLAU,PLAUR,0.000350606030777608,0.85,28,141
5750_MRD,GSE227903,Post_treatment_unspecified,cellchat,Early GMP,Late GMP,PLAU,PLAUR,0.000132681723294183,0.88,59,141
5750_MRD,GSE227903,Post_treatment_unspecified,cellchat,Late GMP,Late GMP,PLAU,PLAUR,0.000573653168282519,0.91,141,141
5750_MRD,GSE227903,Post_treatment_unspecified,cellchat,LMPP,Late GMP,PLAU,PLAUR,0.000546291363920811,0.73,18,141
5750_MRD,GSE227903,Post_treatment_unspecified,cellchat,cDC,Monocyte,PLAU,PLAUR,0.00605866507376408,0,213,766
5750_MRD,GSE227903,Post_treatment_unspecified,cellchat,Cycling Progenitor,Monocyte,PLAU,PLAUR,0.0031758363118125,0.48,28,766
5750_MRD,GSE227903,Post_treatment_unspecified,cellchat,Early GMP,Monocyte,PLAU,PLAUR,0.00120396377056187,0.81,59,766
5750_MRD,GSE227903,Post_treatment_unspecified,cellchat,Late GMP,Monocyte,PLAU,PLAUR,0.00518690119675296,0,141,766
5750_MRD,GSE227903,Post_treatment_unspecified,cellchat,LMPP,Monocyte,PLAU,PLAUR,0.00494058688834754,0.23,18,766
5750_MRD,GSE227903,Post_treatment_unspecified,cellchat,Monocyte,Monocyte,PLAU,PLAUR,0.00833438806735902,0,766,766
5750_MRD,GSE227903,Post_treatment_unspecified,cellchat,Pro-Monocyte,Monocyte,PLAU,PLAUR,0.0110458034045993,0,393,766
5750_MRD,GSE227903,Post_treatment_unspecified,cellchat,cDC,pDC,PLAU,PLAUR,0.000751175550838077,0.99,213,192
5750_MRD,GSE227903,Post_treatment_unspecified,cellchat,Cycling Progenitor,pDC,PLAU,PLAUR,0.000392753942789291,0.85,28,192
5750_MRD,GSE227903,Post_treatment_unspecified,cellchat,Early GMP,pDC,PLAU,PLAUR,0.000148635879285278,0.88,59,192
5750_MRD,GSE227903,Post_treatment_unspecified,cellchat,Late GMP,pDC,PLAU,PLAUR,0.00064259733347739,0.91,141,192
5750_MRD,GSE227903,Post_treatment_unspecified,cellchat,LMPP,pDC,PLAU,PLAUR,0.00061194908044193,0.74,18,192
5750_MRD,GSE227903,Post_treatment_unspecified,cellchat,cDC,Pro-Monocyte,PLAU,PLAUR,0.00305517772046728,0.6,213,393
5750_MRD,GSE227903,Post_treatment_unspecified,cellchat,Cycling Progenitor,Pro-Monocyte,PLAU,PLAUR,0.00159916638034305,0.67,28,393
5750_MRD,GSE227903,Post_treatment_unspecified,cellchat,Early GMP,Pro-Monocyte,PLAU,PLAUR,0.000605651309444024,0.86,59,393
5750_MRD,GSE227903,Post_treatment_unspecified,cellchat,Late GMP,Pro-Monocyte,PLAU,PLAUR,0.00261444024096574,0.83,141,393
5750_MRD,GSE227903,Post_treatment_unspecified,cellchat,LMPP,Pro-Monocyte,PLAU,PLAUR,0.00248998057270385,0.59,18,393
5750_MRD,GSE227903,Post_treatment_unspecified,cellchat,Monocyte,Pro-Monocyte,PLAU,PLAUR,0.00420752271162987,0.03,766,393
5750_MRD,GSE227903,Post_treatment_unspecified,cellchat,Pro-Monocyte,Pro-Monocyte,PLAU,PLAUR,0.00558391035104579,0,393,393
5750_MRD,GSE227903,Post_treatment_unspecified,cellchat,Cycling Progenitor,LMPP,LAMB2,ITGA3_ITGB1,9.67731226781653e-05,0,28,18
5750_MRD,GSE227903,Post_treatment_unspecified,cellchat,Cycling Progenitor,LMPP,THBS3,ITGA3_ITGB1,0.00010723426232303,0,28,18
5750_MRD,GSE227903,Post_treatment_unspecified,cellchat,Cycling Progenitor,Cycling Progenitor,LAMB2,ITGA6_ITGB1,8.0975262727853e-05,0,28,28
5750_MRD,GSE227903,Post_treatment_unspecified,cellchat,Cycling Progenitor,Cycling Progenitor,LAMB2,ITGA9_ITGB1,4.40991825289406e-05,0,28,28
5750_MRD,GSE227903,Post_treatment_unspecified,cellchat,Cycling Progenitor,Early GMP,LAMB2,ITGA9_ITGB1,7.48336475956224e-05,0,28,59
5750_MRD,GSE227903,Post_treatment_unspecified,cellchat,Cycling Progenitor,LMPP,LAMB2,ITGA9_ITGB1,8.70274601625708e-05,0,28,18
5750_MRD,GSE227903,Post_treatment_unspecified,cellchat,Cycling Progenitor,CD4 Memory T,LAMB2,CD44,0.00115937135692729,0,28,33
5750_MRD,GSE227903,Post_treatment_unspecified,cellchat,Cycling Progenitor,CD8 Memory T,LAMB2,CD44,0.000964858000775225,0,28,43
5750_MRD,GSE227903,Post_treatment_unspecified,cellchat,Cycling Progenitor,cDC,LAMB2,CD44,0.00118338044695217,0,28,213
5750_MRD,GSE227903,Post_treatment_unspecified,cellchat,Cycling Progenitor,Cycling Progenitor,LAMB2,CD44,0.000759530523861994,0,28,28
5750_MRD,GSE227903,Post_treatment_unspecified,cellchat,Cycling Progenitor,Early GMP,LAMB2,CD44,0.000834433345918128,0,28,59
5750_MRD,GSE227903,Post_treatment_unspecified,cellchat,Cycling Progenitor,Late GMP,LAMB2,CD44,0.00090785866787609,0,28,141
5750_MRD,GSE227903,Post_treatment_unspecified,cellchat,Cycling Progenitor,LMPP,LAMB2,CD44,0.000855109031232631,0,28,18
5750_MRD,GSE227903,Post_treatment_unspecified,cellchat,Cycling Progenitor,Monocyte,LAMB2,CD44,0.00133445054682722,0,28,766
5750_MRD,GSE227903,Post_treatment_unspecified,cellchat,Cycling Progenitor,Naive T,LAMB2,CD44,0.000970117766099599,0,28,35
5750_MRD,GSE227903,Post_treatment_unspecified,cellchat,Cycling Progenitor,pDC,LAMB2,CD44,0.00063483901320028,0,28,192
5750_MRD,GSE227903,Post_treatment_unspecified,cellchat,Cycling Progenitor,Pro-Monocyte,LAMB2,CD44,0.00112706384518115,0,28,393
5750_MRD,GSE227903,Post_treatment_unspecified,cellchat,Cycling Progenitor,cDC,THBS3,SDC4,5.1132152732845e-05,0,28,213
5750_MRD,GSE227903,Post_treatment_unspecified,cellchat,Cycling Progenitor,Cycling Progenitor,THBS3,SDC4,4.89106802644163e-05,0,28,28
5750_MRD,GSE227903,Post_treatment_unspecified,cellchat,Cycling Progenitor,Early GMP,THBS3,SDC4,3.04804376122762e-05,0,28,59
5750_MRD,GSE227903,Post_treatment_unspecified,cellchat,Cycling Progenitor,Late GMP,THBS3,SDC4,3.48084013910244e-05,0,28,141
5750_MRD,GSE227903,Post_treatment_unspecified,cellchat,Cycling Progenitor,Monocyte,THBS3,SDC4,8.82361574558738e-05,0,28,766
5750_MRD,GSE227903,Post_treatment_unspecified,cellchat,Cycling Progenitor,Pro-Monocyte,THBS3,SDC4,7.12099163522394e-05,0,28,393
5750_MRD,GSE227903,Post_treatment_unspecified,cellchat,Cycling Progenitor,Cycling Progenitor,LAMB2,SV2A,5.51107576144237e-05,0,28,28
5750_MRD,GSE227903,Post_treatment_unspecified,cellchat,Cycling Progenitor,Early GMP,LAMB2,SV2A,4.62062113255096e-05,0,28,59
5750_MRD,GSE227903,Post_treatment_unspecified,cellchat,Cycling Progenitor,Late GMP,LAMB2,SV2A,3.85171908728903e-05,0,28,141
5750_MRD,GSE227903,Post_treatment_unspecified,cellchat,Cycling Progenitor,LMPP,LAMB2,SV2A,3.61344598043739e-05,0,28,18
5750_MRD,GSE227903,Post_treatment_unspecified,cellchat,Cycling Progenitor,cDC,THBS3,CD36,6.04470805317716e-05,0,28,213
5750_MRD,GSE227903,Post_treatment_unspecified,cellchat,Cycling Progenitor,Monocyte,THBS3,CD36,0.000287948150482823,0,28,766
5750_MRD,GSE227903,Post_treatment_unspecified,cellchat,Cycling Progenitor,pDC,THBS3,CD36,9.02461299974121e-05,0,28,192
5750_MRD,GSE227903,Post_treatment_unspecified,cellchat,Cycling Progenitor,Pro-Monocyte,THBS3,CD36,7.00619591585168e-05,0,28,393
5750_MRD,GSE227903,Post_treatment_unspecified,cellchat,Cycling Progenitor,CD4 Memory T,THBS3,CD47,0.000381797561793564,0,28,33
5750_MRD,GSE227903,Post_treatment_unspecified,cellchat,Cycling Progenitor,CD8 Memory T,THBS3,CD47,0.000147769633731937,0,28,43
5750_MRD,GSE227903,Post_treatment_unspecified,cellchat,Cycling Progenitor,cDC,THBS3,CD47,0.000414239937793247,0,28,213
5750_MRD,GSE227903,Post_treatment_unspecified,cellchat,Cycling Progenitor,Cycling Progenitor,THBS3,CD47,0.000419111097793691,0,28,28
5750_MRD,GSE227903,Post_treatment_unspecified,cellchat,Cycling Progenitor,Early GMP,THBS3,CD47,0.000355349219154678,0,28,59
5750_MRD,GSE227903,Post_treatment_unspecified,cellchat,Cycling Progenitor,Late GMP,THBS3,CD47,0.000223898405295192,0,28,141
5750_MRD,GSE227903,Post_treatment_unspecified,cellchat,Cycling Progenitor,LMPP,THBS3,CD47,0.00045635085551219,0,28,18
5750_MRD,GSE227903,Post_treatment_unspecified,cellchat,Cycling Progenitor,Monocyte,THBS3,CD47,0.000307604732593184,0,28,766
5750_MRD,GSE227903,Post_treatment_unspecified,cellchat,Cycling Progenitor,Naive T,THBS3,CD47,0.000150798282496594,0,28,35
5750_MRD,GSE227903,Post_treatment_unspecified,cellchat,Cycling Progenitor,pDC,THBS3,CD47,0.000531769554785085,0,28,192
5750_MRD,GSE227903,Post_treatment_unspecified,cellchat,Cycling Progenitor,Pro-Monocyte,THBS3,CD47,0.000276819041817855,0,28,393
5750_MRD,GSE227903,Post_treatment_unspecified,cellchat,Cycling Progenitor,Cycling Progenitor,HSPG2,DAG1,0.000114166154396077,0,28,28
5750_MRD,GSE227903,Post_treatment_unspecified,cellchat,Early GMP,Cycling Progenitor,HSPG2,DAG1,4.82036037646397e-05,0,59,28
5750_MRD,GSE227903,Post_treatment_unspecified,cellchat,LMPP,Cycling Progenitor,HSPG2,DAG1,5.28545687780747e-05,0,18,28
5750_MRD,GSE227903,Post_treatment_unspecified,cellchat,Cycling Progenitor,LMPP,HSPG2,DAG1,0.000553103901626672,0,28,18
5750_MRD,GSE227903,Post_treatment_unspecified,cellchat,Early GMP,LMPP,HSPG2,DAG1,0.000233592569878267,0,59,18
5750_MRD,GSE227903,Post_treatment_unspecified,cellchat,LMPP,LMPP,HSPG2,DAG1,0.000256126362637431,0,18,18
5750_MRD,GSE227903,Post_treatment_unspecified,cellchat,Cycling Progenitor,Cycling Progenitor,LAMB2,DAG1,5.20835780399629e-06,0,28,28
5750_MRD,GSE227903,Post_treatment_unspecified,cellchat,Cycling Progenitor,LMPP,LAMB2,DAG1,2.5243650103921e-05,0,28,18
5750_MRD,GSE227903,Post_treatment_unspecified,cellchat,Cycling Progenitor,CD4 Memory T,APP,CD74,0.0248994422903909,0.68,28,33
5750_MRD,GSE227903,Post_treatment_unspecified,cellchat,Early GMP,CD4 Memory T,APP,CD74,0.0185327115615084,0.97,59,33
5750_MRD,GSE227903,Post_treatment_unspecified,cellchat,LMPP,CD4 Memory T,APP,CD74,0.0187210134659877,0.94,18,33
5750_MRD,GSE227903,Post_treatment_unspecified,cellchat,pDC,CD4 Memory T,APP,CD74,0.067239526381595,0,192,33
5750_MRD,GSE227903,Post_treatment_unspecified,cellchat,cDC,CD8 Memory T,APP,CD74,0.0220757451226353,0.98,213,43
5750_MRD,GSE227903,Post_treatment_unspecified,cellchat,Cycling Progenitor,CD8 Memory T,APP,CD74,0.0339401144731282,0.56,28,43
5750_MRD,GSE227903,Post_treatment_unspecified,cellchat,Early GMP,CD8 Memory T,APP,CD74,0.0253217348967119,0.7,59,43
5750_MRD,GSE227903,Post_treatment_unspecified,cellchat,Late GMP,CD8 Memory T,APP,CD74,0.0233673029843829,0.86,141,43
5750_MRD,GSE227903,Post_treatment_unspecified,cellchat,LMPP,CD8 Memory T,APP,CD74,0.0255772191475583,0.78,18,43
5750_MRD,GSE227903,Post_treatment_unspecified,cellchat,pDC,CD8 Memory T,APP,CD74,0.0902307947761375,0,192,43
5750_MRD,GSE227903,Post_treatment_unspecified,cellchat,cDC,cDC,APP,CD74,0.0703458394054785,0,213,213
5750_MRD,GSE227903,Post_treatment_unspecified,cellchat,Cycling Progenitor,cDC,APP,CD74,0.105357536472136,0,28,213
5750_MRD,GSE227903,Post_treatment_unspecified,cellchat,Early GMP,cDC,APP,CD74,0.0801079956595992,0,59,213
5750_MRD,GSE227903,Post_treatment_unspecified,cellchat,Late GMP,cDC,APP,CD74,0.074247062182738,0,141,213
5750_MRD,GSE227903,Post_treatment_unspecified,cellchat,LMPP,cDC,APP,CD74,0.0808703833458127,0.02,18,213
5750_MRD,GSE227903,Post_treatment_unspecified,cellchat,Monocyte,cDC,APP,CD74,0.0339591951563673,0.97,766,213
5750_MRD,GSE227903,Post_treatment_unspecified,cellchat,pDC,cDC,APP,CD74,0.249504545561233,0,192,213
5750_MRD,GSE227903,Post_treatment_unspecified,cellchat,Pro-Monocyte,cDC,APP,CD74,0.0637073707297687,0,393,213
5750_MRD,GSE227903,Post_treatment_unspecified,cellchat,cDC,Cycling Progenitor,APP,CD74,0.0496638036827748,0.28,213,28
5750_MRD,GSE227903,Post_treatment_unspecified,cellchat,Cycling Progenitor,Cycling Progenitor,APP,CD74,0.0752146996992188,0.02,28,28
5750_MRD,GSE227903,Post_treatment_unspecified,cellchat,Early GMP,Cycling Progenitor,APP,CD74,0.0567309818975998,0.12,59,28
5750_MRD,GSE227903,Post_treatment_unspecified,cellchat,Late GMP,Cycling Progenitor,APP,CD74,0.052482798759636,0.12,141,28
5750_MRD,GSE227903,Post_treatment_unspecified,cellchat,LMPP,Cycling Progenitor,APP,CD74,0.0572847450858284,0.28,18,28
5750_MRD,GSE227903,Post_treatment_unspecified,cellchat,Monocyte,Cycling Progenitor,APP,CD74,0.0237022681262478,0.99,766,28
5750_MRD,GSE227903,Post_treatment_unspecified,cellchat,pDC,Cycling Progenitor,APP,CD74,0.186728866940596,0,192,28
5750_MRD,GSE227903,Post_treatment_unspecified,cellchat,Pro-Monocyte,Cycling Progenitor,APP,CD74,0.0448828502762138,0.53,393,28
5750_MRD,GSE227903,Post_treatment_unspecified,cellchat,cDC,Early GMP,APP,CD74,0.0453872085674117,0.59,213,59
5750_MRD,GSE227903,Post_treatment_unspecified,cellchat,Cycling Progenitor,Early GMP,APP,CD74,0.0688974045090849,0.02,28,59
5750_MRD,GSE227903,Post_treatment_unspecified,cellchat,Early GMP,Early GMP,APP,CD74,0.0518790471411667,0.31,59,59
5750_MRD,GSE227903,Post_treatment_unspecified,cellchat,Late GMP,Early GMP,APP,CD74,0.0479757119542805,0.32,141,59
5750_MRD,GSE227903,Post_treatment_unspecified,cellchat,LMPP,Early GMP,APP,CD74,0.052388079924361,0.32,18,59
5750_MRD,GSE227903,Post_treatment_unspecified,cellchat,pDC,Early GMP,APP,CD74,0.172795526650435,0,192,59
5750_MRD,GSE227903,Post_treatment_unspecified,cellchat,Pro-Monocyte,Early GMP,APP,CD74,0.0410001858240634,0.73,393,59
5750_MRD,GSE227903,Post_treatment_unspecified,cellchat,cDC,Late GMP,APP,CD74,0.0457929506045968,0.52,213,141
5750_MRD,GSE227903,Post_treatment_unspecified,cellchat,Cycling Progenitor,Late GMP,APP,CD74,0.0694980166075141,0.02,28,141
5750_MRD,GSE227903,Post_treatment_unspecified,cellchat,Early GMP,Late GMP,APP,CD74,0.0523396415018296,0.26,59,141
5750_MRD,GSE227903,Post_treatment_unspecified,cellchat,Late GMP,Late GMP,APP,CD74,0.0484034207799819,0.32,141,141
5750_MRD,GSE227903,Post_treatment_unspecified,cellchat,LMPP,Late GMP,APP,CD74,0.052852941668795,0.38,18,141
5750_MRD,GSE227903,Post_treatment_unspecified,cellchat,pDC,Late GMP,APP,CD74,0.174132481657755,0,192,141
5750_MRD,GSE227903,Post_treatment_unspecified,cellchat,Pro-Monocyte,Late GMP,APP,CD74,0.0413684092998235,0.73,393,141
5750_MRD,GSE227903,Post_treatment_unspecified,cellchat,cDC,LMPP,APP,CD74,0.0508515792378771,0.28,213,18
5750_MRD,GSE227903,Post_treatment_unspecified,cellchat,Cycling Progenitor,LMPP,APP,CD74,0.0769640694308718,0.01,28,18
5750_MRD,GSE227903,Post_treatment_unspecified,cellchat,Early GMP,LMPP,APP,CD74,0.0580774490717461,0.14,59,18
5750_MRD,GSE227903,Post_treatment_unspecified,cellchat,Late GMP,LMPP,APP,CD74,0.0537341822298914,0.12,141,18
5750_MRD,GSE227903,Post_treatment_unspecified,cellchat,LMPP,LMPP,APP,CD74,0.0586435382958119,0.26,18,18
5750_MRD,GSE227903,Post_treatment_unspecified,cellchat,pDC,LMPP,APP,CD74,0.190537494223337,0,192,18
5750_MRD,GSE227903,Post_treatment_unspecified,cellchat,Pro-Monocyte,LMPP,APP,CD74,0.0459618130535327,0.38,393,18
5750_MRD,GSE227903,Post_treatment_unspecified,cellchat,cDC,Monocyte,APP,CD74,0.0414133222727906,0.77,213,766
5750_MRD,GSE227903,Post_treatment_unspecified,cellchat,Cycling Progenitor,Monocyte,APP,CD74,0.0630009276751128,0.05,28,766
5750_MRD,GSE227903,Post_treatment_unspecified,cellchat,Early GMP,Monocyte,APP,CD74,0.047364968582521,0.41,59,766
5750_MRD,GSE227903,Post_treatment_unspecified,cellchat,Late GMP,Monocyte,APP,CD74,0.0437855839600053,0.55,141,766
5750_MRD,GSE227903,Post_treatment_unspecified,cellchat,LMPP,Monocyte,APP,CD74,0.0478319440956883,0.45,18,766
5750_MRD,GSE227903,Post_treatment_unspecified,cellchat,pDC,Monocyte,APP,CD74,0.159530596192136,0,192,766
5750_MRD,GSE227903,Post_treatment_unspecified,cellchat,Pro-Monocyte,Monocyte,APP,CD74,0.0373953594633075,0.91,393,766
5750_MRD,GSE227903,Post_treatment_unspecified,cellchat,LMPP,Naive T,APP,CD74,0.00580693451582083,0.98,18,35
5750_MRD,GSE227903,Post_treatment_unspecified,cellchat,pDC,Naive T,APP,CD74,0.021593020430953,0.94,192,35
5750_MRD,GSE227903,Post_treatment_unspecified,cellchat,cDC,pDC,APP,CD74,0.0709325274243485,0,213,192
5750_MRD,GSE227903,Post_treatment_unspecified,cellchat,Cycling Progenitor,pDC,APP,CD74,0.106202866142386,0,28,192
5750_MRD,GSE227903,Post_treatment_unspecified,cellchat,Early GMP,pDC,APP,CD74,0.0807690270184352,0,59,192
5750_MRD,GSE227903,Post_treatment_unspecified,cellchat,Late GMP,pDC,APP,CD74,0.0748636664975521,0,141,192
5750_MRD,GSE227903,Post_treatment_unspecified,cellchat,LMPP,pDC,APP,CD74,0.0815371481161124,0.02,18,192
5750_MRD,GSE227903,Post_treatment_unspecified,cellchat,Monocyte,pDC,APP,CD74,0.0342535980235685,0.97,766,192
5750_MRD,GSE227903,Post_treatment_unspecified,cellchat,pDC,pDC,APP,CD74,0.251181713113575,0,192,192
5750_MRD,GSE227903,Post_treatment_unspecified,cellchat,Pro-Monocyte,pDC,APP,CD74,0.0642425195064095,0,393,192
5750_MRD,GSE227903,Post_treatment_unspecified,cellchat,cDC,Pro-Monocyte,APP,CD74,0.0459666873668166,0.52,213,393
5750_MRD,GSE227903,Post_treatment_unspecified,cellchat,Cycling Progenitor,Pro-Monocyte,APP,CD74,0.0697551149387914,0.02,28,393
5750_MRD,GSE227903,Post_treatment_unspecified,cellchat,Early GMP,Pro-Monocyte,APP,CD74,0.0525368486390427,0.29,59,393
5750_MRD,GSE227903,Post_treatment_unspecified,cellchat,Late GMP,Pro-Monocyte,APP,CD74,0.0485865572737866,0.33,141,393
5750_MRD,GSE227903,Post_treatment_unspecified,cellchat,LMPP,Pro-Monocyte,APP,CD74,0.0530519745653873,0.36,18,393
5750_MRD,GSE227903,Post_treatment_unspecified,cellchat,pDC,Pro-Monocyte,APP,CD74,0.174703985420199,0,192,393
5750_MRD,GSE227903,Post_treatment_unspecified,cellchat,Pro-Monocyte,Pro-Monocyte,APP,CD74,0.0415260900487362,0.75,393,393
5750_MRD,GSE227903,Post_treatment_unspecified,cellchat,Monocyte,cDC,ENTPD1,ADORA2A,0.000345787551627307,0,766,213
5750_MRD,GSE227903,Post_treatment_unspecified,cellchat,Monocyte,Monocyte,ENTPD1,ADORA2A,0.00162567408050084,0,766,766
5750_MRD,GSE227903,Post_treatment_unspecified,cellchat,Monocyte,Pro-Monocyte,ENTPD1,ADORA2A,0.00105820844928968,0,766,393
5750_MRD,GSE227903,Post_treatment_unspecified,cellchat,CD4 Memory T,cDC,CD48,CD244,0.00741475890024851,0,33,213
5750_MRD,GSE227903,Post_treatment_unspecified,cellchat,CD8 Memory T,cDC,CD48,CD244,0.00426540783841616,0,43,213
5750_MRD,GSE227903,Post_treatment_unspecified,cellchat,cDC,cDC,CD48,CD244,0.00427782285688047,0,213,213
5750_MRD,GSE227903,Post_treatment_unspecified,cellchat,Cycling Progenitor,cDC,CD48,CD244,0.00220408337628889,0,28,213
5750_MRD,GSE227903,Post_treatment_unspecified,cellchat,Early GMP,cDC,CD48,CD244,0.00256246670360213,0,59,213
5750_MRD,GSE227903,Post_treatment_unspecified,cellchat,Late GMP,cDC,CD48,CD244,0.00198701044799037,0,141,213
5750_MRD,GSE227903,Post_treatment_unspecified,cellchat,LMPP,cDC,CD48,CD244,0.00170117401281977,0,18,213
5750_MRD,GSE227903,Post_treatment_unspecified,cellchat,Monocyte,cDC,CD48,CD244,0.00514551917698201,0,766,213
5750_MRD,GSE227903,Post_treatment_unspecified,cellchat,Naive T,cDC,CD48,CD244,0.00762728462721804,0,35,213
5750_MRD,GSE227903,Post_treatment_unspecified,cellchat,Pro-Monocyte,cDC,CD48,CD244,0.00337271102706575,0,393,213
5750_MRD,GSE227903,Post_treatment_unspecified,cellchat,CD4 Memory T,Cycling Progenitor,CD48,CD244,0.000869301455379524,0,33,28
5750_MRD,GSE227903,Post_treatment_unspecified,cellchat,CD8 Memory T,Cycling Progenitor,CD48,CD244,0.000498676869184045,0.01,43,28
5750_MRD,GSE227903,Post_treatment_unspecified,cellchat,cDC,Cycling Progenitor,CD48,CD244,0.000500133839124099,0.01,213,28
5750_MRD,GSE227903,Post_treatment_unspecified,cellchat,Cycling Progenitor,Cycling Progenitor,CD48,CD244,0.000257213322349466,0.02,28,28
5750_MRD,GSE227903,Post_treatment_unspecified,cellchat,Early GMP,Cycling Progenitor,CD48,CD244,0.000299131037329332,0.02,59,28
5750_MRD,GSE227903,Post_treatment_unspecified,cellchat,Late GMP,Cycling Progenitor,CD48,CD244,0.000231836676778054,0.02,141,28
5750_MRD,GSE227903,Post_treatment_unspecified,cellchat,LMPP,Cycling Progenitor,CD48,CD244,0.000198436187375841,0.02,18,28
5750_MRD,GSE227903,Post_treatment_unspecified,cellchat,Monocyte,Cycling Progenitor,CD48,CD244,0.000602042265681199,0,766,28
5750_MRD,GSE227903,Post_treatment_unspecified,cellchat,Naive T,Cycling Progenitor,CD48,CD244,0.000894386880589065,0,35,28
5750_MRD,GSE227903,Post_treatment_unspecified,cellchat,Pro-Monocyte,Cycling Progenitor,CD48,CD244,0.00039399807155843,0.02,393,28
5750_MRD,GSE227903,Post_treatment_unspecified,cellchat,CD4 Memory T,cDC,CD6,ALCAM,0.0271278868735519,0,33,213
5750_MRD,GSE227903,Post_treatment_unspecified,cellchat,CD8 Memory T,cDC,CD6,ALCAM,0.010088375399553,0,43,213
5750_MRD,GSE227903,Post_treatment_unspecified,cellchat,Naive T,cDC,CD6,ALCAM,0.0332582273784886,0,35,213
5750_MRD,GSE227903,Post_treatment_unspecified,cellchat,CD4 Memory T,Cycling Progenitor,CD6,ALCAM,0.0155961916026508,0,33,28
5750_MRD,GSE227903,Post_treatment_unspecified,cellchat,CD8 Memory T,Cycling Progenitor,CD6,ALCAM,0.00575708156342869,0,43,28
5750_MRD,GSE227903,Post_treatment_unspecified,cellchat,Naive T,Cycling Progenitor,CD6,ALCAM,0.0191719616446108,0,35,28
5750_MRD,GSE227903,Post_treatment_unspecified,cellchat,CD4 Memory T,Early GMP,CD6,ALCAM,0.0131672602900186,0,33,59
5750_MRD,GSE227903,Post_treatment_unspecified,cellchat,CD8 Memory T,Early GMP,CD6,ALCAM,0.00485292680004813,0,43,59
5750_MRD,GSE227903,Post_treatment_unspecified,cellchat,Naive T,Early GMP,CD6,ALCAM,0.0161953062198911,0,35,59
5750_MRD,GSE227903,Post_treatment_unspecified,cellchat,CD4 Memory T,Late GMP,CD6,ALCAM,0.0154270102518983,0,33,141
5750_MRD,GSE227903,Post_treatment_unspecified,cellchat,CD8 Memory T,Late GMP,CD6,ALCAM,0.00569401365255265,0,43,141
5750_MRD,GSE227903,Post_treatment_unspecified,cellchat,Naive T,Late GMP,CD6,ALCAM,0.0189647390164175,0,35,141
5750_MRD,GSE227903,Post_treatment_unspecified,cellchat,CD4 Memory T,LMPP,CD6,ALCAM,0.0122341563709116,0,33,18
5750_MRD,GSE227903,Post_treatment_unspecified,cellchat,CD8 Memory T,LMPP,CD6,ALCAM,0.00450633137077847,0,43,18
5750_MRD,GSE227903,Post_treatment_unspecified,cellchat,Naive T,LMPP,CD6,ALCAM,0.0150508912136212,0,35,18
5750_MRD,GSE227903,Post_treatment_unspecified,cellchat,CD4 Memory T,Monocyte,CD6,ALCAM,0.0069841205592643,0,33,766
5750_MRD,GSE227903,Post_treatment_unspecified,cellchat,CD8 Memory T,Monocyte,CD6,ALCAM,0.00256392434001001,0,43,766
5750_MRD,GSE227903,Post_treatment_unspecified,cellchat,Naive T,Monocyte,CD6,ALCAM,0.00860263893073127,0,35,766
5750_MRD,GSE227903,Post_treatment_unspecified,cellchat,CD4 Memory T,pDC,CD6,ALCAM,0.02276236507369,0,33,192
5750_MRD,GSE227903,Post_treatment_unspecified,cellchat,CD8 Memory T,pDC,CD6,ALCAM,0.00844112450408608,0,43,192
5750_MRD,GSE227903,Post_treatment_unspecified,cellchat,Naive T,pDC,CD6,ALCAM,0.0279345144000109,0,35,192
5750_MRD,GSE227903,Post_treatment_unspecified,cellchat,CD4 Memory T,Pro-Monocyte,CD6,ALCAM,0.0164943831181818,0,33,393
5750_MRD,GSE227903,Post_treatment_unspecified,cellchat,CD8 Memory T,Pro-Monocyte,CD6,ALCAM,0.00609214115037863,0,43,393
5750_MRD,GSE227903,Post_treatment_unspecified,cellchat,Naive T,Pro-Monocyte,CD6,ALCAM,0.020271842602314,0,35,393
5750_MRD,GSE227903,Post_treatment_unspecified,cellchat,cDC,CD4 Memory T,CD86,CD28,0.0120765462743585,0,213,33
5750_MRD,GSE227903,Post_treatment_unspecified,cellchat,Monocyte,CD4 Memory T,CD86,CD28,0.00408484207796154,0,766,33
5750_MRD,GSE227903,Post_treatment_unspecified,cellchat,cDC,Naive T,CD86,CD28,0.00452086975944896,0,213,35
5750_MRD,GSE227903,Post_treatment_unspecified,cellchat,Monocyte,Naive T,CD86,CD28,0.00152146527145847,0,766,35
5750_MRD,GSE227903,Post_treatment_unspecified,cellchat,CD8 Memory T,pDC,CD96,NECTIN1,0.00825703540580743,0,43,192
5750_MRD,GSE227903,Post_treatment_unspecified,cellchat,Cycling Progenitor,pDC,CD96,NECTIN1,0.00236898230871502,0,28,192
5750_MRD,GSE227903,Post_treatment_unspecified,cellchat,Early GMP,pDC,CD96,NECTIN1,0.00259866564227078,0,59,192
5750_MRD,GSE227903,Post_treatment_unspecified,cellchat,LMPP,pDC,CD96,NECTIN1,0.00205520425238929,0,18,192
5750_MRD,GSE227903,Post_treatment_unspecified,cellchat,Naive T,pDC,CD96,NECTIN1,0.0071984944927052,0,35,192
5750_MRD,GSE227903,Post_treatment_unspecified,cellchat,CD8 Memory T,Cycling Progenitor,CD96,PVR,0.000645736314680167,0,43,28
5750_MRD,GSE227903,Post_treatment_unspecified,cellchat,Cycling Progenitor,Cycling Progenitor,CD96,PVR,0.000184256394038927,0,28,28
5750_MRD,GSE227903,Post_treatment_unspecified,cellchat,Early GMP,Cycling Progenitor,CD96,PVR,0.000202163791807907,0,59,28
5750_MRD,GSE227903,Post_treatment_unspecified,cellchat,LMPP,Cycling Progenitor,CD96,PVR,0.000159804787820943,0,18,28
5750_MRD,GSE227903,Post_treatment_unspecified,cellchat,Naive T,Cycling Progenitor,CD96,PVR,0.00056240044555219,0,35,28
5750_MRD,GSE227903,Post_treatment_unspecified,cellchat,CD4 Memory T,Monocyte,CD99,PILRA,0.0215165427703809,0,33,766
5750_MRD,GSE227903,Post_treatment_unspecified,cellchat,CD8 Memory T,Monocyte,CD99,PILRA,0.0347000148519317,0,43,766
5750_MRD,GSE227903,Post_treatment_unspecified,cellchat,cDC,Monocyte,CD99,PILRA,0.0294246668379693,0,213,766
5750_MRD,GSE227903,Post_treatment_unspecified,cellchat,Cycling Progenitor,Monocyte,CD99,PILRA,0.0348162080535275,0,28,766
5750_MRD,GSE227903,Post_treatment_unspecified,cellchat,Early GMP,Monocyte,CD99,PILRA,0.0326540985747958,0,59,766
5750_MRD,GSE227903,Post_treatment_unspecified,cellchat,Late GMP,Monocyte,CD99,PILRA,0.0280998674794749,0,141,766
5750_MRD,GSE227903,Post_treatment_unspecified,cellchat,LMPP,Monocyte,CD99,PILRA,0.0421729186953547,0,18,766
5750_MRD,GSE227903,Post_treatment_unspecified,cellchat,Monocyte,Monocyte,CD99,PILRA,0.0288923720969923,0,766,766
5750_MRD,GSE227903,Post_treatment_unspecified,cellchat,Naive T,Monocyte,CD99,PILRA,0.00280083183703184,0.98,35,766
5750_MRD,GSE227903,Post_treatment_unspecified,cellchat,pDC,Monocyte,CD99,PILRA,0.0356751898034118,0,192,766
5750_MRD,GSE227903,Post_treatment_unspecified,cellchat,Pro-Monocyte,Monocyte,CD99,PILRA,0.0263795905159117,0,393,766
5750_MRD,GSE227903,Post_treatment_unspecified,cellchat,CD4 Memory T,Pro-Monocyte,CD99,PILRA,0.0037690162441161,0.94,33,393
5750_MRD,GSE227903,Post_treatment_unspecified,cellchat,CD8 Memory T,Pro-Monocyte,CD99,PILRA,0.00614665202315639,0.7,43,393
5750_MRD,GSE227903,Post_treatment_unspecified,cellchat,cDC,Pro-Monocyte,CD99,PILRA,0.00518885943396744,0.86,213,393
5750_MRD,GSE227903,Post_treatment_unspecified,cellchat,Cycling Progenitor,Pro-Monocyte,CD99,PILRA,0.00616784503636705,0.67,28,393
5750_MRD,GSE227903,Post_treatment_unspecified,cellchat,Early GMP,Pro-Monocyte,CD99,PILRA,0.00577417450210388,0.76,59,393
5750_MRD,GSE227903,Post_treatment_unspecified,cellchat,Late GMP,Pro-Monocyte,CD99,PILRA,0.00494967447513727,0.9,141,393
5750_MRD,GSE227903,Post_treatment_unspecified,cellchat,LMPP,Pro-Monocyte,CD99,PILRA,0.00751827189590477,0.33,18,393
5750_MRD,GSE227903,Post_treatment_unspecified,cellchat,Monocyte,Pro-Monocyte,CD99,PILRA,0.00509269205435186,0.89,766,393
5750_MRD,GSE227903,Post_treatment_unspecified,cellchat,Naive T,Pro-Monocyte,CD99,PILRA,0.000482996823384559,0.98,35,393
5750_MRD,GSE227903,Post_treatment_unspecified,cellchat,pDC,Pro-Monocyte,CD99,PILRA,0.00632464902226309,0.69,192,393
5750_MRD,GSE227903,Post_treatment_unspecified,cellchat,Pro-Monocyte,Pro-Monocyte,CD99,PILRA,0.00463988882045998,0.92,393,393
5750_MRD,GSE227903,Post_treatment_unspecified,cellchat,CD8 Memory T,CD4 Memory T,CD99,CD99,0.0598576097471272,0.85,43,33
5750_MRD,GSE227903,Post_treatment_unspecified,cellchat,Cycling Progenitor,CD4 Memory T,CD99,CD99,0.0600528025791561,0.83,28,33
5750_MRD,GSE227903,Post_treatment_unspecified,cellchat,Early GMP,CD4 Memory T,CD99,CD99,0.0564150874682678,0.96,59,33
5750_MRD,GSE227903,Post_treatment_unspecified,cellchat,LMPP,CD4 Memory T,CD99,CD99,0.0723423559860161,0.34,18,33
5750_MRD,GSE227903,Post_treatment_unspecified,cellchat,pDC,CD4 Memory T,CD99,CD99,0.061494748970296,0.86,192,33
5750_MRD,GSE227903,Post_treatment_unspecified,cellchat,CD4 Memory T,CD8 Memory T,CD99,CD99,0.0598576097471272,0.85,33,43
5750_MRD,GSE227903,Post_treatment_unspecified,cellchat,CD8 Memory T,CD8 Memory T,CD99,CD99,0.0942698700107278,0.03,43,43
5750_MRD,GSE227903,Post_treatment_unspecified,cellchat,cDC,CD8 Memory T,CD99,CD99,0.0806953472101868,0.02,213,43
5750_MRD,GSE227903,Post_treatment_unspecified,cellchat,Cycling Progenitor,CD8 Memory T,CD99,CD99,0.094565992061354,0,28,43
5750_MRD,GSE227903,Post_treatment_unspecified,cellchat,Early GMP,CD8 Memory T,CD99,CD99,0.0890356655496457,0,59,43
5750_MRD,GSE227903,Post_treatment_unspecified,cellchat,Late GMP,CD8 Memory T,CD99,CD99,0.0772458849420895,0.11,141,43
5750_MRD,GSE227903,Post_treatment_unspecified,cellchat,LMPP,CD8 Memory T,CD99,CD99,0.113068898835619,0,18,43
5750_MRD,GSE227903,Post_treatment_unspecified,cellchat,Monocyte,CD8 Memory T,CD99,CD99,0.0793113521544888,0.03,766,43
5750_MRD,GSE227903,Post_treatment_unspecified,cellchat,pDC,CD8 Memory T,CD99,CD99,0.0967513442348743,0,192,43
5750_MRD,GSE227903,Post_treatment_unspecified,cellchat,Pro-Monocyte,CD8 Memory T,CD99,CD99,0.07274207203885,0.19,393,43
5750_MRD,GSE227903,Post_treatment_unspecified,cellchat,CD8 Memory T,cDC,CD99,CD99,0.0806953472101868,0.02,43,213
5750_MRD,GSE227903,Post_treatment_unspecified,cellchat,cDC,cDC,CD99,CD99,0.0689267541195768,0.39,213,213
5750_MRD,GSE227903,Post_treatment_unspecified,cellchat,Cycling Progenitor,cDC,CD99,CD99,0.0809526398862131,0.01,28,213
5750_MRD,GSE227903,Post_treatment_unspecified,cellchat,Early GMP,cDC,CD99,CD99,0.0761514796647826,0.01,59,213
5750_MRD,GSE227903,Post_treatment_unspecified,cellchat,Late GMP,cDC,CD99,CD99,0.0659442742030209,0.8,141,213
5750_MRD,GSE227903,Post_treatment_unspecified,cellchat,LMPP,cDC,CD99,CD99,0.0970775229430724,0,18,213
5750_MRD,GSE227903,Post_treatment_unspecified,cellchat,Monocyte,cDC,CD99,CD99,0.0677297299544744,0.57,766,213
5750_MRD,GSE227903,Post_treatment_unspecified,cellchat,pDC,cDC,CD99,CD99,0.0828521844174159,0,192,213
5750_MRD,GSE227903,Post_treatment_unspecified,cellchat,CD4 Memory T,Cycling Progenitor,CD99,CD99,0.0600528025791561,0.83,33,28
5750_MRD,GSE227903,Post_treatment_unspecified,cellchat,CD8 Memory T,Cycling Progenitor,CD99,CD99,0.094565992061354,0,43,28
5750_MRD,GSE227903,Post_treatment_unspecified,cellchat,cDC,Cycling Progenitor,CD99,CD99,0.0809526398862131,0.01,213,28
5750_MRD,GSE227903,Post_treatment_unspecified,cellchat,Cycling Progenitor,Cycling Progenitor,CD99,CD99,0.0948629468712912,0.02,28,28
5750_MRD,GSE227903,Post_treatment_unspecified,cellchat,Early GMP,Cycling Progenitor,CD99,CD99,0.0893169672077532,0,59,28
5750_MRD,GSE227903,Post_treatment_unspecified,cellchat,Late GMP,Cycling Progenitor,CD99,CD99,0.0774931063131169,0.05,141,28
5750_MRD,GSE227903,Post_treatment_unspecified,cellchat,LMPP,Cycling Progenitor,CD99,CD99,0.113416678158295,0,18,28
5750_MRD,GSE227903,Post_treatment_unspecified,cellchat,Monocyte,Cycling Progenitor,CD99,CD99,0.0795646139597841,0.03,766,28
5750_MRD,GSE227903,Post_treatment_unspecified,cellchat,pDC,Cycling Progenitor,CD99,CD99,0.0970544258680181,0,192,28
5750_MRD,GSE227903,Post_treatment_unspecified,cellchat,Pro-Monocyte,Cycling Progenitor,CD99,CD99,0.0729760191431383,0.21,393,28
5750_MRD,GSE227903,Post_treatment_unspecified,cellchat,CD4 Memory T,Early GMP,CD99,CD99,0.0564150874682678,0.96,33,59
5750_MRD,GSE227903,Post_treatment_unspecified,cellchat,CD8 Memory T,Early GMP,CD99,CD99,0.0890356655496457,0,43,59
5750_MRD,GSE227903,Post_treatment_unspecified,cellchat,cDC,Early GMP,CD99,CD99,0.0761514796647826,0.01,213,59
5750_MRD,GSE227903,Post_treatment_unspecified,cellchat,Cycling Progenitor,Early GMP,CD99,CD99,0.0893169672077532,0,28,59
5750_MRD,GSE227903,Post_treatment_unspecified,cellchat,Early GMP,Early GMP,CD99,CD99,0.0840651090648482,0.02,59,59
5750_MRD,GSE227903,Post_treatment_unspecified,cellchat,Late GMP,Early GMP,CD99,CD99,0.072880854231537,0.18,141,59
5750_MRD,GSE227903,Post_treatment_unspecified,cellchat,LMPP,Early GMP,CD99,CD99,0.106914115219736,0,18,59
5750_MRD,GSE227903,Post_treatment_unspecified,cellchat,Monocyte,Early GMP,CD99,CD99,0.0748390716155824,0.03,766,59
5750_MRD,GSE227903,Post_treatment_unspecified,cellchat,pDC,Early GMP,CD99,CD99,0.0913932621616113,0,192,59
5750_MRD,GSE227903,Post_treatment_unspecified,cellchat,Pro-Monocyte,Early GMP,CD99,CD99,0.0686126200829738,0.46,393,59
5750_MRD,GSE227903,Post_treatment_unspecified,cellchat,CD8 Memory T,Late GMP,CD99,CD99,0.0772458849420895,0.11,43,141
5750_MRD,GSE227903,Post_treatment_unspecified,cellchat,cDC,Late GMP,CD99,CD99,0.0659442742030209,0.8,213,141
5750_MRD,GSE227903,Post_treatment_unspecified,cellchat,Cycling Progenitor,Late GMP,CD99,CD99,0.0774931063131169,0.05,28,141
5750_MRD,GSE227903,Post_treatment_unspecified,cellchat,Early GMP,Late GMP,CD99,CD99,0.072880854231537,0.18,59,141
5750_MRD,GSE227903,Post_treatment_unspecified,cellchat,Late GMP,Late GMP,CD99,CD99,0.0630821034408721,0.86,141,141
5750_MRD,GSE227903,Post_treatment_unspecified,cellchat,LMPP,Late GMP,CD99,CD99,0.0929986183379026,0,18,141
5750_MRD,GSE227903,Post_treatment_unspecified,cellchat,Monocyte,Late GMP,CD99,CD99,0.0647954410401375,0.89,766,141
5750_MRD,GSE227903,Post_treatment_unspecified,cellchat,pDC,Late GMP,CD99,CD99,0.079318479318834,0,192,141
5750_MRD,GSE227903,Post_treatment_unspecified,cellchat,CD4 Memory T,LMPP,CD99,CD99,0.0723423559860161,0.34,33,18
5750_MRD,GSE227903,Post_treatment_unspecified,cellchat,CD8 Memory T,LMPP,CD99,CD99,0.113068898835619,0,43,18
5750_MRD,GSE227903,Post_treatment_unspecified,cellchat,cDC,LMPP,CD99,CD99,0.0970775229430724,0,213,18
5750_MRD,GSE227903,Post_treatment_unspecified,cellchat,Cycling Progenitor,LMPP,CD99,CD99,0.113416678158295,0,28,18
5750_MRD,GSE227903,Post_treatment_unspecified,cellchat,Early GMP,LMPP,CD99,CD99,0.106914115219736,0,59,18
5750_MRD,GSE227903,Post_treatment_unspecified,cellchat,Late GMP,LMPP,CD99,CD99,0.0929986183379026,0,141,18
5750_MRD,GSE227903,Post_treatment_unspecified,cellchat,LMPP,LMPP,CD99,CD99,0.135057767580966,0,18,18
5750_MRD,GSE227903,Post_treatment_unspecified,cellchat,Monocyte,LMPP,CD99,CD99,0.0954417293954075,0,766,18
5750_MRD,GSE227903,Post_treatment_unspecified,cellchat,pDC,LMPP,CD99,CD99,0.115981854525134,0,192,18
5750_MRD,GSE227903,Post_treatment_unspecified,cellchat,Pro-Monocyte,LMPP,CD99,CD99,0.0876635998139048,0,393,18
5750_MRD,GSE227903,Post_treatment_unspecified,cellchat,CD8 Memory T,Monocyte,CD99,CD99,0.0793113521544888,0.03,43,766
5750_MRD,GSE227903,Post_treatment_unspecified,cellchat,cDC,Monocyte,CD99,CD99,0.0677297299544744,0.57,213,766
5750_MRD,GSE227903,Post_treatment_unspecified,cellchat,Cycling Progenitor,Monocyte,CD99,CD99,0.0795646139597841,0.03,28,766
5750_MRD,GSE227903,Post_treatment_unspecified,cellchat,Early GMP,Monocyte,CD99,CD99,0.0748390716155824,0.03,59,766
5750_MRD,GSE227903,Post_treatment_unspecified,cellchat,Late GMP,Monocyte,CD99,CD99,0.0647954410401375,0.89,141,766
5750_MRD,GSE227903,Post_treatment_unspecified,cellchat,LMPP,Monocyte,CD99,CD99,0.0954417293954075,0,18,766
5750_MRD,GSE227903,Post_treatment_unspecified,cellchat,Monocyte,Monocyte,CD99,CD99,0.0665520081234313,0.78,766,766
5750_MRD,GSE227903,Post_treatment_unspecified,cellchat,pDC,Monocyte,CD99,CD99,0.0814344745541013,0,192,766
5750_MRD,GSE227903,Post_treatment_unspecified,cellchat,CD4 Memory T,pDC,CD99,CD99,0.061494748970296,0.86,33,192
5750_MRD,GSE227903,Post_treatment_unspecified,cellchat,CD8 Memory T,pDC,CD99,CD99,0.0967513442348743,0,43,192
5750_MRD,GSE227903,Post_treatment_unspecified,cellchat,cDC,pDC,CD99,CD99,0.0828521844174159,0,213,192
5750_MRD,GSE227903,Post_treatment_unspecified,cellchat,Cycling Progenitor,pDC,CD99,CD99,0.0970544258680181,0,28,192
5750_MRD,GSE227903,Post_treatment_unspecified,cellchat,Early GMP,pDC,CD99,CD99,0.0913932621616113,0,59,192
5750_MRD,GSE227903,Post_treatment_unspecified,cellchat,Late GMP,pDC,CD99,CD99,0.079318479318834,0,141,192
5750_MRD,GSE227903,Post_treatment_unspecified,cellchat,LMPP,pDC,CD99,CD99,0.115981854525134,0,18,192
5750_MRD,GSE227903,Post_treatment_unspecified,cellchat,Monocyte,pDC,CD99,CD99,0.0814344745541013,0,766,192
5750_MRD,GSE227903,Post_treatment_unspecified,cellchat,pDC,pDC,CD99,CD99,0.0992909777920976,0,192,192
5750_MRD,GSE227903,Post_treatment_unspecified,cellchat,Pro-Monocyte,pDC,CD99,CD99,0.0747036070901183,0,393,192
5750_MRD,GSE227903,Post_treatment_unspecified,cellchat,CD8 Memory T,Pro-Monocyte,CD99,CD99,0.07274207203885,0.19,43,393
5750_MRD,GSE227903,Post_treatment_unspecified,cellchat,Cycling Progenitor,Pro-Monocyte,CD99,CD99,0.0729760191431383,0.21,28,393
5750_MRD,GSE227903,Post_treatment_unspecified,cellchat,Early GMP,Pro-Monocyte,CD99,CD99,0.0686126200829738,0.46,59,393
5750_MRD,GSE227903,Post_treatment_unspecified,cellchat,LMPP,Pro-Monocyte,CD99,CD99,0.0876635998139048,0,18,393
5750_MRD,GSE227903,Post_treatment_unspecified,cellchat,pDC,Pro-Monocyte,CD99,CD99,0.0747036070901183,0,192,393
5750_MRD,GSE227903,Post_treatment_unspecified,cellchat,cDC,cDC,ICAM1,ITGAX_ITGB2,0.00984270015210185,0.04,213,213
5750_MRD,GSE227903,Post_treatment_unspecified,cellchat,Cycling Progenitor,cDC,ICAM1,ITGAX_ITGB2,0.00609940920529577,0.46,28,213
5750_MRD,GSE227903,Post_treatment_unspecified,cellchat,Early GMP,cDC,ICAM1,ITGAX_ITGB2,0.00249723482496394,0.99,59,213
5750_MRD,GSE227903,Post_treatment_unspecified,cellchat,Late GMP,cDC,ICAM1,ITGAX_ITGB2,0.00322670412575381,0.99,141,213
5750_MRD,GSE227903,Post_treatment_unspecified,cellchat,LMPP,cDC,ICAM1,ITGAX_ITGB2,0.00225591580856706,0.92,18,213
5750_MRD,GSE227903,Post_treatment_unspecified,cellchat,Monocyte,cDC,ICAM1,ITGAX_ITGB2,0.0220380067853786,0,766,213
5750_MRD,GSE227903,Post_treatment_unspecified,cellchat,pDC,cDC,ICAM1,ITGAX_ITGB2,0.00635166325399133,0.32,192,213
5750_MRD,GSE227903,Post_treatment_unspecified,cellchat,Pro-Monocyte,cDC,ICAM1,ITGAX_ITGB2,0.006265512722655,0.26,393,213
5750_MRD,GSE227903,Post_treatment_unspecified,cellchat,cDC,Monocyte,ICAM1,ITGAX_ITGB2,0.0141138967263531,0,213,766
5750_MRD,GSE227903,Post_treatment_unspecified,cellchat,Cycling Progenitor,Monocyte,ICAM1,ITGAX_ITGB2,0.00876059311916396,0.25,28,766
5750_MRD,GSE227903,Post_treatment_unspecified,cellchat,Early GMP,Monocyte,ICAM1,ITGAX_ITGB2,0.00359246385304283,0.94,59,766
5750_MRD,GSE227903,Post_treatment_unspecified,cellchat,Late GMP,Monocyte,ICAM1,ITGAX_ITGB2,0.0046403730951378,0.56,141,766
5750_MRD,GSE227903,Post_treatment_unspecified,cellchat,LMPP,Monocyte,ICAM1,ITGAX_ITGB2,0.0032456523066605,0.77,18,766
5750_MRD,GSE227903,Post_treatment_unspecified,cellchat,Monocyte,Monocyte,ICAM1,ITGAX_ITGB2,0.0314333014405187,0,766,766
5750_MRD,GSE227903,Post_treatment_unspecified,cellchat,pDC,Monocyte,ICAM1,ITGAX_ITGB2,0.00912189598514006,0.03,192,766
5750_MRD,GSE227903,Post_treatment_unspecified,cellchat,Pro-Monocyte,Monocyte,ICAM1,ITGAX_ITGB2,0.00899851178342872,0,393,766
5750_MRD,GSE227903,Post_treatment_unspecified,cellchat,cDC,CD8 Memory T,ICAM1,ITGAL_ITGB2,0.00852273320863693,0.03,213,43
5750_MRD,GSE227903,Post_treatment_unspecified,cellchat,Cycling Progenitor,CD8 Memory T,ICAM1,ITGAL_ITGB2,0.00527876444753739,0.49,28,43
5750_MRD,GSE227903,Post_treatment_unspecified,cellchat,Early GMP,CD8 Memory T,ICAM1,ITGAL_ITGB2,0.00216019109827112,0.86,59,43
5750_MRD,GSE227903,Post_treatment_unspecified,cellchat,Late GMP,CD8 Memory T,ICAM1,ITGAL_ITGB2,0.00279148180217364,0.82,141,43
5750_MRD,GSE227903,Post_treatment_unspecified,cellchat,LMPP,CD8 Memory T,ICAM1,ITGAL_ITGB2,0.00195137841526869,0.82,18,43
5750_MRD,GSE227903,Post_treatment_unspecified,cellchat,Monocyte,CD8 Memory T,ICAM1,ITGAL_ITGB2,0.0191141451056309,0,766,43
5750_MRD,GSE227903,Post_treatment_unspecified,cellchat,pDC,CD8 Memory T,ICAM1,ITGAL_ITGB2,0.00549726670526548,0.25,192,43
5750_MRD,GSE227903,Post_treatment_unspecified,cellchat,Pro-Monocyte,CD8 Memory T,ICAM1,ITGAL_ITGB2,0.0054226415050832,0.23,393,43
5750_MRD,GSE227903,Post_treatment_unspecified,cellchat,cDC,cDC,ICAM1,ITGAL_ITGB2,0.00892122776322825,0.02,213,213
5750_MRD,GSE227903,Post_treatment_unspecified,cellchat,Cycling Progenitor,cDC,ICAM1,ITGAL_ITGB2,0.00552642728993274,0.46,28,213
5750_MRD,GSE227903,Post_treatment_unspecified,cellchat,Late GMP,cDC,ICAM1,ITGAL_ITGB2,0.00292279213833453,0.99,141,213
5750_MRD,GSE227903,Post_treatment_unspecified,cellchat,LMPP,cDC,ICAM1,ITGAL_ITGB2,0.00204325155097249,0.92,18,213
5750_MRD,GSE227903,Post_treatment_unspecified,cellchat,Monocyte,cDC,ICAM1,ITGAL_ITGB2,0.0199978702691532,0,766,213
5750_MRD,GSE227903,Post_treatment_unspecified,cellchat,pDC,cDC,ICAM1,ITGAL_ITGB2,0.00575512166747318,0.31,192,213
5750_MRD,GSE227903,Post_treatment_unspecified,cellchat,Pro-Monocyte,cDC,ICAM1,ITGAL_ITGB2,0.00567701607685316,0.28,393,213
5750_MRD,GSE227903,Post_treatment_unspecified,cellchat,cDC,Cycling Progenitor,ICAM1,ITGAL_ITGB2,0.00564084652301942,0.26,213,28
5750_MRD,GSE227903,Post_treatment_unspecified,cellchat,Cycling Progenitor,Cycling Progenitor,ICAM1,ITGAL_ITGB2,0.00348993595762349,0.59,28,28
5750_MRD,GSE227903,Post_treatment_unspecified,cellchat,Early GMP,Cycling Progenitor,ICAM1,ITGAL_ITGB2,0.00142664590406817,0.86,59,28
5750_MRD,GSE227903,Post_treatment_unspecified,cellchat,Late GMP,Cycling Progenitor,ICAM1,ITGAL_ITGB2,0.00184396270953105,0.83,141,28
5750_MRD,GSE227903,Post_treatment_unspecified,cellchat,LMPP,Cycling Progenitor,ICAM1,ITGAL_ITGB2,0.0012886490511901,0.82,18,28
5750_MRD,GSE227903,Post_treatment_unspecified,cellchat,Monocyte,Cycling Progenitor,ICAM1,ITGAL_ITGB2,0.0126967292153083,0,766,28
5750_MRD,GSE227903,Post_treatment_unspecified,cellchat,pDC,Cycling Progenitor,ICAM1,ITGAL_ITGB2,0.00363466434791414,0.57,192,28
5750_MRD,GSE227903,Post_treatment_unspecified,cellchat,Pro-Monocyte,Cycling Progenitor,ICAM1,ITGAL_ITGB2,0.00358523275570239,0.56,393,28
5750_MRD,GSE227903,Post_treatment_unspecified,cellchat,cDC,Early GMP,ICAM1,ITGAL_ITGB2,0.00201182578001986,0.9,213,59
5750_MRD,GSE227903,Post_treatment_unspecified,cellchat,Cycling Progenitor,Early GMP,ICAM1,ITGAL_ITGB2,0.00124296696183341,0.92,28,59
5750_MRD,GSE227903,Post_treatment_unspecified,cellchat,Early GMP,Early GMP,ICAM1,ITGAL_ITGB2,0.00050743422428547,0.94,59,59
5750_MRD,GSE227903,Post_treatment_unspecified,cellchat,Late GMP,Early GMP,ICAM1,ITGAL_ITGB2,0.000656043524128769,0.94,141,59
5750_MRD,GSE227903,Post_treatment_unspecified,cellchat,LMPP,Early GMP,ICAM1,ITGAL_ITGB2,0.000458310230213613,0.92,18,59
5750_MRD,GSE227903,Post_treatment_unspecified,cellchat,Monocyte,Early GMP,ICAM1,ITGAL_ITGB2,0.00454909591067682,0.25,766,59
5750_MRD,GSE227903,Post_treatment_unspecified,cellchat,pDC,Early GMP,ICAM1,ITGAL_ITGB2,0.00129463412693522,0.94,192,59
5750_MRD,GSE227903,Post_treatment_unspecified,cellchat,Pro-Monocyte,Early GMP,ICAM1,ITGAL_ITGB2,0.00127698625914405,0.94,393,59
5750_MRD,GSE227903,Post_treatment_unspecified,cellchat,cDC,Late GMP,ICAM1,ITGAL_ITGB2,0.00386871396461371,0.62,213,141
5750_MRD,GSE227903,Post_treatment_unspecified,cellchat,Cycling Progenitor,Late GMP,ICAM1,ITGAL_ITGB2,0.00239190961152587,0.9,28,141
5750_MRD,GSE227903,Post_treatment_unspecified,cellchat,Early GMP,Late GMP,ICAM1,ITGAL_ITGB2,0.000977148739220788,0.98,59,141
5750_MRD,GSE227903,Post_treatment_unspecified,cellchat,Late GMP,Late GMP,ICAM1,ITGAL_ITGB2,0.00126314673786295,0.98,141,141
5750_MRD,GSE227903,Post_treatment_unspecified,cellchat,LMPP,Late GMP,ICAM1,ITGAL_ITGB2,0.000882592497101871,0.95,18,141
5750_MRD,GSE227903,Post_treatment_unspecified,cellchat,Monocyte,Late GMP,ICAM1,ITGAL_ITGB2,0.00872737082441158,0,766,141
5750_MRD,GSE227903,Post_treatment_unspecified,cellchat,pDC,Late GMP,ICAM1,ITGAL_ITGB2,0.00249121645027778,0.97,192,141
5750_MRD,GSE227903,Post_treatment_unspecified,cellchat,Pro-Monocyte,Late GMP,ICAM1,ITGAL_ITGB2,0.00245729744620422,0.98,393,141
5750_MRD,GSE227903,Post_treatment_unspecified,cellchat,cDC,LMPP,ICAM1,ITGAL_ITGB2,0.00245691661642323,0.76,213,18
5750_MRD,GSE227903,Post_treatment_unspecified,cellchat,Cycling Progenitor,LMPP,ICAM1,ITGAL_ITGB2,0.00151821634445505,0.76,28,18
5750_MRD,GSE227903,Post_treatment_unspecified,cellchat,Early GMP,LMPP,ICAM1,ITGAL_ITGB2,0.000619904322144406,0.79,59,18
5750_MRD,GSE227903,Post_treatment_unspecified,cellchat,Late GMP,LMPP,ICAM1,ITGAL_ITGB2,0.000801425672033652,0.79,141,18
5750_MRD,GSE227903,Post_treatment_unspecified,cellchat,LMPP,LMPP,ICAM1,ITGAL_ITGB2,0.00055989835528031,0.78,18,18
5750_MRD,GSE227903,Post_treatment_unspecified,cellchat,Monocyte,LMPP,ICAM1,ITGAL_ITGB2,0.00555240239391436,0.14,766,18
5750_MRD,GSE227903,Post_treatment_unspecified,cellchat,pDC,LMPP,ICAM1,ITGAL_ITGB2,0.00158130685339338,0.79,192,18
5750_MRD,GSE227903,Post_treatment_unspecified,cellchat,Pro-Monocyte,LMPP,ICAM1,ITGAL_ITGB2,0.00155975729556016,0.79,393,18
5750_MRD,GSE227903,Post_treatment_unspecified,cellchat,cDC,Monocyte,ICAM1,ITGAL_ITGB2,0.00676011725136558,0.23,213,766
5750_MRD,GSE227903,Post_treatment_unspecified,cellchat,Cycling Progenitor,Monocyte,ICAM1,ITGAL_ITGB2,0.00418421359478333,0.6,28,766
5750_MRD,GSE227903,Post_treatment_unspecified,cellchat,LMPP,Monocyte,ICAM1,ITGAL_ITGB2,0.00154568837354775,0.95,18,766
5750_MRD,GSE227903,Post_treatment_unspecified,cellchat,Monocyte,Monocyte,ICAM1,ITGAL_ITGB2,0.0151946517643525,0,766,766
5750_MRD,GSE227903,Post_treatment_unspecified,cellchat,pDC,Monocyte,ICAM1,ITGAL_ITGB2,0.00435760792416724,0.43,192,766
5750_MRD,GSE227903,Post_treatment_unspecified,cellchat,Pro-Monocyte,Monocyte,ICAM1,ITGAL_ITGB2,0.00429838668425587,0.34,393,766
5750_MRD,GSE227903,Post_treatment_unspecified,cellchat,cDC,Pro-Monocyte,ICAM1,ITGAL_ITGB2,0.00553714372035356,0.35,213,393
5750_MRD,GSE227903,Post_treatment_unspecified,cellchat,Cycling Progenitor,Pro-Monocyte,ICAM1,ITGAL_ITGB2,0.00342563983101156,0.78,28,393
5750_MRD,GSE227903,Post_treatment_unspecified,cellchat,LMPP,Pro-Monocyte,ICAM1,ITGAL_ITGB2,0.00126485641115671,0.95,18,393
5750_MRD,GSE227903,Post_treatment_unspecified,cellchat,Monocyte,Pro-Monocyte,ICAM1,ITGAL_ITGB2,0.0124649353027387,0,766,393
5750_MRD,GSE227903,Post_treatment_unspecified,cellchat,pDC,Pro-Monocyte,ICAM1,ITGAL_ITGB2,0.00356771139335431,0.83,192,393
5750_MRD,GSE227903,Post_treatment_unspecified,cellchat,Pro-Monocyte,Pro-Monocyte,ICAM1,ITGAL_ITGB2,0.00351918714808666,0.91,393,393
5750_MRD,GSE227903,Post_treatment_unspecified,cellchat,Cycling Progenitor,CD8 Memory T,ICAM2,ITGAL_ITGB2,0.00124441749017487,0.06,28,43
5750_MRD,GSE227903,Post_treatment_unspecified,cellchat,Late GMP,CD8 Memory T,ICAM2,ITGAL_ITGB2,0.00159983890372776,0,141,43
5750_MRD,GSE227903,Post_treatment_unspecified,cellchat,Naive T,CD8 Memory T,ICAM2,ITGAL_ITGB2,0.00623825836931259,0,35,43
5750_MRD,GSE227903,Post_treatment_unspecified,cellchat,Cycling Progenitor,cDC,ICAM2,ITGAL_ITGB2,0.00130304955022547,0.06,28,213
5750_MRD,GSE227903,Post_treatment_unspecified,cellchat,Late GMP,cDC,ICAM2,ITGAL_ITGB2,0.00167518893577611,0,141,213
5750_MRD,GSE227903,Post_treatment_unspecified,cellchat,Naive T,cDC,ICAM2,ITGAL_ITGB2,0.00653064206936761,0,35,213
5750_MRD,GSE227903,Post_treatment_unspecified,cellchat,Cycling Progenitor,Cycling Progenitor,ICAM2,ITGAL_ITGB2,0.000821589353810641,0.12,28,28
5750_MRD,GSE227903,Post_treatment_unspecified,cellchat,Late GMP,Cycling Progenitor,ICAM2,ITGAL_ITGB2,0.0010563734224171,0,141,28
5750_MRD,GSE227903,Post_treatment_unspecified,cellchat,Naive T,Cycling Progenitor,ICAM2,ITGAL_ITGB2,0.0041256322577064,0,35,28
5750_MRD,GSE227903,Post_treatment_unspecified,cellchat,Cycling Progenitor,Early GMP,ICAM2,ITGAL_ITGB2,0.000292111629054556,0.14,28,59
5750_MRD,GSE227903,Post_treatment_unspecified,cellchat,Late GMP,Early GMP,ICAM2,ITGAL_ITGB2,0.000375644713231831,0.02,141,59
5750_MRD,GSE227903,Post_treatment_unspecified,cellchat,Naive T,Early GMP,ICAM2,ITGAL_ITGB2,0.00146997873643921,0.04,35,59
5750_MRD,GSE227903,Post_treatment_unspecified,cellchat,Cycling Progenitor,Late GMP,ICAM2,ITGAL_ITGB2,0.000562621575167697,0.12,28,141
5750_MRD,GSE227903,Post_treatment_unspecified,cellchat,Late GMP,Late GMP,ICAM2,ITGAL_ITGB2,0.000723454484192089,0.02,141,141
5750_MRD,GSE227903,Post_treatment_unspecified,cellchat,Naive T,Late GMP,ICAM2,ITGAL_ITGB2,0.0028281666415928,0,35,141
5750_MRD,GSE227903,Post_treatment_unspecified,cellchat,Cycling Progenitor,LMPP,ICAM2,ITGAL_ITGB2,0.000356873659000451,0.11,28,18
5750_MRD,GSE227903,Post_treatment_unspecified,cellchat,Late GMP,LMPP,ICAM2,ITGAL_ITGB2,0.000458917778669356,0.02,141,18
5750_MRD,GSE227903,Post_treatment_unspecified,cellchat,Naive T,LMPP,ICAM2,ITGAL_ITGB2,0.0017954084756397,0.03,35,18
5750_MRD,GSE227903,Post_treatment_unspecified,cellchat,Cycling Progenitor,Monocyte,ICAM2,ITGAL_ITGB2,0.00098555893284531,0.1,28,766
5750_MRD,GSE227903,Post_treatment_unspecified,cellchat,Late GMP,Monocyte,ICAM2,ITGAL_ITGB2,0.00126714086089114,0,141,766
5750_MRD,GSE227903,Post_treatment_unspecified,cellchat,Naive T,Monocyte,ICAM2,ITGAL_ITGB2,0.00494574580773937,0,35,766
5750_MRD,GSE227903,Post_treatment_unspecified,cellchat,Cycling Progenitor,Pro-Monocyte,ICAM2,ITGAL_ITGB2,0.00080641318724379,0.12,28,393
5750_MRD,GSE227903,Post_treatment_unspecified,cellchat,Late GMP,Pro-Monocyte,ICAM2,ITGAL_ITGB2,0.00103686489126711,0.01,141,393
5750_MRD,GSE227903,Post_treatment_unspecified,cellchat,Naive T,Pro-Monocyte,ICAM2,ITGAL_ITGB2,0.00404967210369365,0,35,393
5750_MRD,GSE227903,Post_treatment_unspecified,cellchat,cDC,Monocyte,ICAM1,ITGAM_ITGB2,0.0148189899843695,0,213,766
5750_MRD,GSE227903,Post_treatment_unspecified,cellchat,Cycling Progenitor,Monocyte,ICAM1,ITGAM_ITGB2,0.00920074521718152,0.24,28,766
5750_MRD,GSE227903,Post_treatment_unspecified,cellchat,Early GMP,Monocyte,ICAM1,ITGAM_ITGB2,0.00377394599537547,0.91,59,766
5750_MRD,GSE227903,Post_treatment_unspecified,cellchat,Late GMP,Monocyte,ICAM1,ITGAM_ITGB2,0.00487453397170982,0.53,141,766
5750_MRD,GSE227903,Post_treatment_unspecified,cellchat,LMPP,Monocyte,ICAM1,ITGAM_ITGB2,0.00340967436421732,0.75,18,766
5750_MRD,GSE227903,Post_treatment_unspecified,cellchat,Monocyte,Monocyte,ICAM1,ITGAM_ITGB2,0.0329746875265207,0,766,766
5750_MRD,GSE227903,Post_treatment_unspecified,cellchat,pDC,Monocyte,ICAM1,ITGAM_ITGB2,0.0095800253197834,0.03,192,766
5750_MRD,GSE227903,Post_treatment_unspecified,cellchat,Pro-Monocyte,Monocyte,ICAM1,ITGAM_ITGB2,0.0094505034898707,0,393,766
5750_MRD,GSE227903,Post_treatment_unspecified,cellchat,Cycling Progenitor,Monocyte,ICAM2,ITGAM_ITGB2,0.00217554199620205,0,28,766
5750_MRD,GSE227903,Post_treatment_unspecified,cellchat,Late GMP,Monocyte,ICAM2,ITGAM_ITGB2,0.0027961598347323,0,141,766
5750_MRD,GSE227903,Post_treatment_unspecified,cellchat,Naive T,Monocyte,ICAM2,ITGAM_ITGB2,0.0108653306917979,0,35,766
5750_MRD,GSE227903,Post_treatment_unspecified,cellchat,cDC,CD8 Memory T,ICAM1,ITGAL,0.00509745380244149,0,213,43
5750_MRD,GSE227903,Post_treatment_unspecified,cellchat,Cycling Progenitor,CD8 Memory T,ICAM1,ITGAL,0.00315308722629777,0.12,28,43
5750_MRD,GSE227903,Post_treatment_unspecified,cellchat,Early GMP,CD8 Memory T,ICAM1,ITGAL,0.0012886884557534,0.51,59,43
5750_MRD,GSE227903,Post_treatment_unspecified,cellchat,Late GMP,CD8 Memory T,ICAM1,ITGAL,0.00166571781090651,0.42,141,43
5750_MRD,GSE227903,Post_treatment_unspecified,cellchat,LMPP,CD8 Memory T,ICAM1,ITGAL,0.00116402041959158,0.6,18,43
5750_MRD,GSE227903,Post_treatment_unspecified,cellchat,Monocyte,CD8 Memory T,ICAM1,ITGAL,0.0114814791350416,0,766,43
5750_MRD,GSE227903,Post_treatment_unspecified,cellchat,pDC,CD8 Memory T,ICAM1,ITGAL,0.0032838924616538,0.04,192,43
5750_MRD,GSE227903,Post_treatment_unspecified,cellchat,Pro-Monocyte,CD8 Memory T,ICAM1,ITGAL,0.00323921587316341,0.04,393,43
5750_MRD,GSE227903,Post_treatment_unspecified,cellchat,cDC,cDC,ICAM1,ITGAL,0.00402757963832642,0,213,213
5750_MRD,GSE227903,Post_treatment_unspecified,cellchat,Cycling Progenitor,cDC,ICAM1,ITGAL,0.00249028309132937,0.26,28,213
5750_MRD,GSE227903,Post_treatment_unspecified,cellchat,Early GMP,cDC,ICAM1,ITGAL,0.00101739585257858,0.8,59,213
5750_MRD,GSE227903,Post_treatment_unspecified,cellchat,Late GMP,cDC,ICAM1,ITGAL,0.0013151581204177,0.64,141,213
5750_MRD,GSE227903,Post_treatment_unspecified,cellchat,LMPP,cDC,ICAM1,ITGAL,0.000918948580305491,0.76,18,213
5750_MRD,GSE227903,Post_treatment_unspecified,cellchat,Monocyte,cDC,ICAM1,ITGAL,0.00908393395530679,0,766,213
5750_MRD,GSE227903,Post_treatment_unspecified,cellchat,pDC,cDC,ICAM1,ITGAL,0.00259366356254028,0.08,192,213
5750_MRD,GSE227903,Post_treatment_unspecified,cellchat,Pro-Monocyte,cDC,ICAM1,ITGAL,0.00255835327358523,0.04,393,213
5750_MRD,GSE227903,Post_treatment_unspecified,cellchat,cDC,Cycling Progenitor,ICAM1,ITGAL,0.00391769023544802,0.02,213,28
5750_MRD,GSE227903,Post_treatment_unspecified,cellchat,Cycling Progenitor,Cycling Progenitor,ICAM1,ITGAL,0.00242223562962649,0.26,28,28
5750_MRD,GSE227903,Post_treatment_unspecified,cellchat,Early GMP,Cycling Progenitor,ICAM1,ITGAL,0.000989555390354887,0.6,59,28
5750_MRD,GSE227903,Post_treatment_unspecified,cellchat,Late GMP,Cycling Progenitor,ICAM1,ITGAL,0.0012791799955995,0.55,141,28
5750_MRD,GSE227903,Post_treatment_unspecified,cellchat,LMPP,Cycling Progenitor,ICAM1,ITGAL,0.000893799661713604,0.62,18,28
5750_MRD,GSE227903,Post_treatment_unspecified,cellchat,Monocyte,Cycling Progenitor,ICAM1,ITGAL,0.00883730994045315,0,766,28
5750_MRD,GSE227903,Post_treatment_unspecified,cellchat,pDC,Cycling Progenitor,ICAM1,ITGAL,0.00252279835411384,0.15,192,28
5750_MRD,GSE227903,Post_treatment_unspecified,cellchat,Pro-Monocyte,Cycling Progenitor,ICAM1,ITGAL,0.0024884504212843,0.13,393,28
5750_MRD,GSE227903,Post_treatment_unspecified,cellchat,cDC,Early GMP,ICAM1,ITGAL,0.000860185225826558,0.82,213,59
5750_MRD,GSE227903,Post_treatment_unspecified,cellchat,Cycling Progenitor,Early GMP,ICAM1,ITGAL,0.000531214241342729,0.87,28,59
5750_MRD,GSE227903,Post_treatment_unspecified,cellchat,Early GMP,Early GMP,ICAM1,ITGAL,0.000216773790991949,0.94,59,59
5750_MRD,GSE227903,Post_treatment_unspecified,cellchat,Late GMP,Early GMP,ICAM1,ITGAL,0.000280282936976685,0.94,141,59
5750_MRD,GSE227903,Post_treatment_unspecified,cellchat,LMPP,Early GMP,ICAM1,ITGAL,0.000195782713139403,0.91,18,59
5750_MRD,GSE227903,Post_treatment_unspecified,cellchat,Monocyte,Early GMP,ICAM1,ITGAL,0.00194786661816076,0.15,766,59
5750_MRD,GSE227903,Post_treatment_unspecified,cellchat,pDC,Early GMP,ICAM1,ITGAL,0.000553311937988847,0.88,192,59
5750_MRD,GSE227903,Post_treatment_unspecified,cellchat,Pro-Monocyte,Early GMP,ICAM1,ITGAL,0.000545763917217926,0.91,393,59
5750_MRD,GSE227903,Post_treatment_unspecified,cellchat,cDC,Late GMP,ICAM1,ITGAL,0.0015319191810378,0.43,213,141
5750_MRD,GSE227903,Post_treatment_unspecified,cellchat,Cycling Progenitor,Late GMP,ICAM1,ITGAL,0.000946292209776129,0.8,28,141
5750_MRD,GSE227903,Post_treatment_unspecified,cellchat,Early GMP,Late GMP,ICAM1,ITGAL,0.000386250542443863,0.98,59,141
5750_MRD,GSE227903,Post_treatment_unspecified,cellchat,Late GMP,Late GMP,ICAM1,ITGAL,0.000499387217052014,0.97,141,141
5750_MRD,GSE227903,Post_treatment_unspecified,cellchat,LMPP,Late GMP,ICAM1,ITGAL,0.000348854075589715,0.91,18,141
5750_MRD,GSE227903,Post_treatment_unspecified,cellchat,Monocyte,Late GMP,ICAM1,ITGAL,0.00346604377804085,0,766,141
5750_MRD,GSE227903,Post_treatment_unspecified,cellchat,pDC,Late GMP,ICAM1,ITGAL,0.000985639484773526,0.88,192,141
5750_MRD,GSE227903,Post_treatment_unspecified,cellchat,Pro-Monocyte,Late GMP,ICAM1,ITGAL,0.000972199592122996,0.87,393,141
5750_MRD,GSE227903,Post_treatment_unspecified,cellchat,cDC,LMPP,ICAM1,ITGAL,0.00104202440703045,0.61,213,18
5750_MRD,GSE227903,Post_treatment_unspecified,cellchat,Cycling Progenitor,LMPP,ICAM1,ITGAL,0.000643555270098449,0.75,28,18
5750_MRD,GSE227903,Post_treatment_unspecified,cellchat,Early GMP,LMPP,ICAM1,ITGAL,0.000262634521319017,0.79,59,18
5750_MRD,GSE227903,Post_treatment_unspecified,cellchat,Late GMP,LMPP,ICAM1,ITGAL,0.000339575118362773,0.79,141,18
5750_MRD,GSE227903,Post_treatment_unspecified,cellchat,LMPP,LMPP,ICAM1,ITGAL,0.000237203618158905,0.77,18,18
5750_MRD,GSE227903,Post_treatment_unspecified,cellchat,Monocyte,LMPP,ICAM1,ITGAL,0.00235909372340116,0.12,766,18
5750_MRD,GSE227903,Post_treatment_unspecified,cellchat,pDC,LMPP,ICAM1,ITGAL,0.000670323046788813,0.75,192,18
5750_MRD,GSE227903,Post_treatment_unspecified,cellchat,Pro-Monocyte,LMPP,ICAM1,ITGAL,0.000661179871566678,0.75,393,18
5750_MRD,GSE227903,Post_treatment_unspecified,cellchat,cDC,Monocyte,ICAM1,ITGAL,0.00209486545146748,0.28,213,766
5750_MRD,GSE227903,Post_treatment_unspecified,cellchat,Cycling Progenitor,Monocyte,ICAM1,ITGAL,0.00129431254659567,0.64,28,766
5750_MRD,GSE227903,Post_treatment_unspecified,cellchat,LMPP,Monocyte,ICAM1,ITGAL,0.000477258005585398,0.95,18,766
5750_MRD,GSE227903,Post_treatment_unspecified,cellchat,Monocyte,Monocyte,ICAM1,ITGAL,0.00473636634806261,0,766,766
5750_MRD,GSE227903,Post_treatment_unspecified,cellchat,pDC,Monocyte,ICAM1,ITGAL,0.00134811114403436,0.57,192,766
5750_MRD,GSE227903,Post_treatment_unspecified,cellchat,Pro-Monocyte,Monocyte,ICAM1,ITGAL,0.00132973527229484,0.59,393,766
5750_MRD,GSE227903,Post_treatment_unspecified,cellchat,cDC,Pro-Monocyte,ICAM1,ITGAL,0.00174662007410301,0.35,213,393
5750_MRD,GSE227903,Post_treatment_unspecified,cellchat,Cycling Progenitor,Pro-Monocyte,ICAM1,ITGAL,0.00107900525465369,0.81,28,393
5750_MRD,GSE227903,Post_treatment_unspecified,cellchat,LMPP,Pro-Monocyte,ICAM1,ITGAL,0.00039781258722609,0.95,18,393
5750_MRD,GSE227903,Post_treatment_unspecified,cellchat,Monocyte,Pro-Monocyte,ICAM1,ITGAL,0.00395074271518569,0,766,393
5750_MRD,GSE227903,Post_treatment_unspecified,cellchat,pDC,Pro-Monocyte,ICAM1,ITGAL,0.00112386459279089,0.87,192,393
5750_MRD,GSE227903,Post_treatment_unspecified,cellchat,Pro-Monocyte,Pro-Monocyte,ICAM1,ITGAL,0.00110854199430539,0.91,393,393
5750_MRD,GSE227903,Post_treatment_unspecified,cellchat,cDC,CD4 Memory T,ICAM1,SPN,0.00287098147452397,0.8,213,33
5750_MRD,GSE227903,Post_treatment_unspecified,cellchat,Cycling Progenitor,CD4 Memory T,ICAM1,SPN,0.00177436317259107,0.97,28,33
5750_MRD,GSE227903,Post_treatment_unspecified,cellchat,LMPP,CD4 Memory T,ICAM1,SPN,0.000654467936817509,0.98,18,33
5750_MRD,GSE227903,Post_treatment_unspecified,cellchat,Monocyte,CD4 Memory T,ICAM1,SPN,0.00648475903156201,0.27,766,33
5750_MRD,GSE227903,Post_treatment_unspecified,cellchat,pDC,CD4 Memory T,ICAM1,SPN,0.00184807833502483,0.98,192,33
5750_MRD,GSE227903,Post_treatment_unspecified,cellchat,Pro-Monocyte,CD4 Memory T,ICAM1,SPN,0.00182289993604606,0.99,393,33
5750_MRD,GSE227903,Post_treatment_unspecified,cellchat,cDC,CD8 Memory T,ICAM1,SPN,0.00383365483162297,0.74,213,43
5750_MRD,GSE227903,Post_treatment_unspecified,cellchat,Cycling Progenitor,CD8 Memory T,ICAM1,SPN,0.00237020175902482,0.88,28,43
5750_MRD,GSE227903,Post_treatment_unspecified,cellchat,LMPP,CD8 Memory T,ICAM1,SPN,0.00087457049208417,0.96,18,43
5750_MRD,GSE227903,Post_treatment_unspecified,cellchat,Monocyte,CD8 Memory T,ICAM1,SPN,0.00864866376060749,0.09,766,43
5750_MRD,GSE227903,Post_treatment_unspecified,cellchat,pDC,CD8 Memory T,ICAM1,SPN,0.0024686095655716,0.92,192,43
5750_MRD,GSE227903,Post_treatment_unspecified,cellchat,Pro-Monocyte,CD8 Memory T,ICAM1,SPN,0.00243499761277322,0.87,393,43
5750_MRD,GSE227903,Post_treatment_unspecified,cellchat,cDC,cDC,ICAM1,SPN,0.00991674327041122,0.12,213,213
5750_MRD,GSE227903,Post_treatment_unspecified,cellchat,Cycling Progenitor,cDC,ICAM1,SPN,0.00614546765575603,0.52,28,213
5750_MRD,GSE227903,Post_treatment_unspecified,cellchat,Early GMP,cDC,ICAM1,SPN,0.00251616104915609,0.9,59,213
5750_MRD,GSE227903,Post_treatment_unspecified,cellchat,Late GMP,cDC,ICAM1,SPN,0.00325114088561741,0.9,141,213
5750_MRD,GSE227903,Post_treatment_unspecified,cellchat,LMPP,cDC,ICAM1,SPN,0.00227301727430443,0.89,18,213
5750_MRD,GSE227903,Post_treatment_unspecified,cellchat,Monocyte,cDC,ICAM1,SPN,0.0222017337855856,0,766,213
5750_MRD,GSE227903,Post_treatment_unspecified,cellchat,pDC,cDC,ICAM1,SPN,0.00639961428460925,0.37,192,213
5750_MRD,GSE227903,Post_treatment_unspecified,cellchat,Pro-Monocyte,cDC,ICAM1,SPN,0.00631281750336789,0.35,393,213
5750_MRD,GSE227903,Post_treatment_unspecified,cellchat,cDC,Cycling Progenitor,ICAM1,SPN,0.020832535993,0,213,28
5750_MRD,GSE227903,Post_treatment_unspecified,cellchat,Cycling Progenitor,Cycling Progenitor,ICAM1,SPN,0.0129644094915548,0.09,28,28
5750_MRD,GSE227903,Post_treatment_unspecified,cellchat,Early GMP,Cycling Progenitor,ICAM1,SPN,0.00532966052634688,0.46,59,28
5750_MRD,GSE227903,Post_treatment_unspecified,cellchat,Late GMP,Cycling Progenitor,ICAM1,SPN,0.0068808047004409,0.29,141,28
5750_MRD,GSE227903,Post_treatment_unspecified,cellchat,LMPP,Cycling Progenitor,ICAM1,SPN,0.00481595296839565,0.51,18,28
5750_MRD,GSE227903,Post_treatment_unspecified,cellchat,Monocyte,Cycling Progenitor,ICAM1,SPN,0.0460117211882907,0,766,28
5750_MRD,GSE227903,Post_treatment_unspecified,cellchat,pDC,Cycling Progenitor,ICAM1,SPN,0.0134967247759019,0.02,192,28
5750_MRD,GSE227903,Post_treatment_unspecified,cellchat,Pro-Monocyte,Cycling Progenitor,ICAM1,SPN,0.0133149611121553,0,393,28
5750_MRD,GSE227903,Post_treatment_unspecified,cellchat,cDC,Early GMP,ICAM1,SPN,0.0203564412753508,0,213,59
5750_MRD,GSE227903,Post_treatment_unspecified,cellchat,Cycling Progenitor,Early GMP,ICAM1,SPN,0.0126658024432759,0.11,28,59
5750_MRD,GSE227903,Post_treatment_unspecified,cellchat,Early GMP,Early GMP,ICAM1,SPN,0.00520597586337757,0.56,59,59
5750_MRD,GSE227903,Post_treatment_unspecified,cellchat,Late GMP,Early GMP,ICAM1,SPN,0.00672136610503536,0.29,141,59
5750_MRD,GSE227903,Post_treatment_unspecified,cellchat,LMPP,Early GMP,ICAM1,SPN,0.00470413346162185,0.54,18,59
5750_MRD,GSE227903,Post_treatment_unspecified,cellchat,Monocyte,Early GMP,ICAM1,SPN,0.0449866333892783,0,766,59
5750_MRD,GSE227903,Post_treatment_unspecified,cellchat,pDC,Early GMP,ICAM1,SPN,0.0131860207935273,0.02,192,59
5750_MRD,GSE227903,Post_treatment_unspecified,cellchat,Pro-Monocyte,Early GMP,ICAM1,SPN,0.013008386279594,0,393,59
5750_MRD,GSE227903,Post_treatment_unspecified,cellchat,cDC,Late GMP,ICAM1,SPN,0.0178970616141076,0,213,141
5750_MRD,GSE227903,Post_treatment_unspecified,cellchat,Cycling Progenitor,Late GMP,ICAM1,SPN,0.0111250218214794,0.16,28,141
5750_MRD,GSE227903,Post_treatment_unspecified,cellchat,Early GMP,Late GMP,ICAM1,SPN,0.00456847577319797,0.71,59,141
5750_MRD,GSE227903,Post_treatment_unspecified,cellchat,Late GMP,Late GMP,ICAM1,SPN,0.00589939869606854,0.47,141,141
5750_MRD,GSE227903,Post_treatment_unspecified,cellchat,LMPP,Late GMP,ICAM1,SPN,0.00412783170946038,0.63,18,141
5750_MRD,GSE227903,Post_treatment_unspecified,cellchat,Monocyte,Late GMP,ICAM1,SPN,0.039672043270532,0,766,141
5750_MRD,GSE227903,Post_treatment_unspecified,cellchat,pDC,Late GMP,ICAM1,SPN,0.011582698596876,0.04,192,141
5750_MRD,GSE227903,Post_treatment_unspecified,cellchat,Pro-Monocyte,Late GMP,ICAM1,SPN,0.0114264130232423,0.01,393,141
5750_MRD,GSE227903,Post_treatment_unspecified,cellchat,cDC,LMPP,ICAM1,SPN,0.0196336159708532,0,213,18
5750_MRD,GSE227903,Post_treatment_unspecified,cellchat,Cycling Progenitor,LMPP,ICAM1,SPN,0.0122126552989532,0.15,28,18
5750_MRD,GSE227903,Post_treatment_unspecified,cellchat,Early GMP,LMPP,ICAM1,SPN,0.00501836400067197,0.64,59,18
5750_MRD,GSE227903,Post_treatment_unspecified,cellchat,Late GMP,LMPP,ICAM1,SPN,0.00647949863340851,0.43,141,18
5750_MRD,GSE227903,Post_treatment_unspecified,cellchat,LMPP,LMPP,ICAM1,SPN,0.00453452445243077,0.59,18,18
5750_MRD,GSE227903,Post_treatment_unspecified,cellchat,Monocyte,LMPP,ICAM1,SPN,0.0434279990567347,0,766,18
5750_MRD,GSE227903,Post_treatment_unspecified,cellchat,pDC,LMPP,ICAM1,SPN,0.0127145013626974,0.04,192,18
5750_MRD,GSE227903,Post_treatment_unspecified,cellchat,Pro-Monocyte,LMPP,ICAM1,SPN,0.0125431381491255,0.04,393,18
5750_MRD,GSE227903,Post_treatment_unspecified,cellchat,Cycling Progenitor,Monocyte,ICAM1,SPN,0.0014160314904958,0.98,28,766
5750_MRD,GSE227903,Post_treatment_unspecified,cellchat,LMPP,Monocyte,ICAM1,SPN,0.000522180183936308,0.98,18,766
5750_MRD,GSE227903,Post_treatment_unspecified,cellchat,Monocyte,Monocyte,ICAM1,SPN,0.0051801018483205,0.8,766,766
5750_MRD,GSE227903,Post_treatment_unspecified,cellchat,cDC,pDC,ICAM1,SPN,0.00308604646860701,0.91,213,192
5750_MRD,GSE227903,Post_treatment_unspecified,cellchat,Cycling Progenitor,pDC,ICAM1,SPN,0.00190743771939575,0.97,28,192
5750_MRD,GSE227903,Post_treatment_unspecified,cellchat,LMPP,pDC,ICAM1,SPN,0.000703611241126856,0.98,18,192
5750_MRD,GSE227903,Post_treatment_unspecified,cellchat,Monocyte,pDC,ICAM1,SPN,0.00696863991852571,0.16,766,192
5750_MRD,GSE227903,Post_treatment_unspecified,cellchat,cDC,Pro-Monocyte,ICAM1,SPN,0.00976482108629192,0.14,213,393
5750_MRD,GSE227903,Post_treatment_unspecified,cellchat,Cycling Progenitor,Pro-Monocyte,ICAM1,SPN,0.00605096743414421,0.53,28,393
5750_MRD,GSE227903,Post_treatment_unspecified,cellchat,Early GMP,Pro-Monocyte,ICAM1,SPN,0.00247733037025602,0.99,59,393
5750_MRD,GSE227903,Post_treatment_unspecified,cellchat,Late GMP,Pro-Monocyte,ICAM1,SPN,0.00320100402276488,0.9,141,393
5750_MRD,GSE227903,Post_treatment_unspecified,cellchat,LMPP,Pro-Monocyte,ICAM1,SPN,0.00223793049537074,0.91,18,393
5750_MRD,GSE227903,Post_treatment_unspecified,cellchat,Monocyte,Pro-Monocyte,ICAM1,SPN,0.0218657648488803,0,766,393
5750_MRD,GSE227903,Post_treatment_unspecified,cellchat,pDC,Pro-Monocyte,ICAM1,SPN,0.00630123077173406,0.37,192,393
5750_MRD,GSE227903,Post_treatment_unspecified,cellchat,Pro-Monocyte,Pro-Monocyte,ICAM1,SPN,0.00621576000035954,0.31,393,393
5750_MRD,GSE227903,Post_treatment_unspecified,cellchat,cDC,CD4 Memory T,ICOSLG,ICOS,0.000993936390127048,0,213,33
5750_MRD,GSE227903,Post_treatment_unspecified,cellchat,Cycling Progenitor,CD4 Memory T,ICOSLG,ICOS,0.00206411508009319,0,28,33
5750_MRD,GSE227903,Post_treatment_unspecified,cellchat,Early GMP,CD4 Memory T,ICOSLG,ICOS,0.000884825198935237,0,59,33
5750_MRD,GSE227903,Post_treatment_unspecified,cellchat,Late GMP,CD4 Memory T,ICOSLG,ICOS,0.000761752936614101,0,141,33
5750_MRD,GSE227903,Post_treatment_unspecified,cellchat,LMPP,CD4 Memory T,ICOSLG,ICOS,0.00353377846362099,0,18,33
5750_MRD,GSE227903,Post_treatment_unspecified,cellchat,pDC,CD4 Memory T,ICOSLG,ICOS,0.0089649839747953,0,192,33
5750_MRD,GSE227903,Post_treatment_unspecified,cellchat,cDC,Naive T,ICOSLG,ICOS,0.0011358415082877,0,213,35
5750_MRD,GSE227903,Post_treatment_unspecified,cellchat,Cycling Progenitor,Naive T,ICOSLG,ICOS,0.00235844978568668,0,28,35
5750_MRD,GSE227903,Post_treatment_unspecified,cellchat,Early GMP,Naive T,ICOSLG,ICOS,0.00101116818988431,0,59,35
5750_MRD,GSE227903,Post_treatment_unspecified,cellchat,Late GMP,Naive T,ICOSLG,ICOS,0.000870537917817631,0,141,35
5750_MRD,GSE227903,Post_treatment_unspecified,cellchat,LMPP,Naive T,ICOSLG,ICOS,0.00403683365510347,0,18,35
5750_MRD,GSE227903,Post_treatment_unspecified,cellchat,pDC,Naive T,ICOSLG,ICOS,0.0102332647506215,0,192,35
5750_MRD,GSE227903,Post_treatment_unspecified,cellchat,cDC,CD4 Memory T,ICOSLG,CD28,0.00229249177803141,0,213,33
5750_MRD,GSE227903,Post_treatment_unspecified,cellchat,Cycling Progenitor,CD4 Memory T,ICOSLG,CD28,0.00475418095514979,0,28,33
5750_MRD,GSE227903,Post_treatment_unspecified,cellchat,Early GMP,CD4 Memory T,ICOSLG,CD28,0.00204112054003827,0,59,33
5750_MRD,GSE227903,Post_treatment_unspecified,cellchat,Late GMP,CD4 Memory T,ICOSLG,CD28,0.00175749955445083,0,141,33
5750_MRD,GSE227903,Post_treatment_unspecified,cellchat,LMPP,CD4 Memory T,ICOSLG,CD28,0.00812359709649443,0,18,33
5750_MRD,GSE227903,Post_treatment_unspecified,cellchat,pDC,CD4 Memory T,ICOSLG,CD28,0.0204642064043324,0,192,33
5750_MRD,GSE227903,Post_treatment_unspecified,cellchat,cDC,Naive T,ICOSLG,CD28,0.000852912256327803,0,213,35
5750_MRD,GSE227903,Post_treatment_unspecified,cellchat,Cycling Progenitor,Naive T,ICOSLG,CD28,0.00177151847256521,0,28,35
5750_MRD,GSE227903,Post_treatment_unspecified,cellchat,Early GMP,Naive T,ICOSLG,CD28,0.000759270482116094,0,59,35
5750_MRD,GSE227903,Post_treatment_unspecified,cellchat,Late GMP,Naive T,ICOSLG,CD28,0.000653650473316216,0,141,35
5750_MRD,GSE227903,Post_treatment_unspecified,cellchat,LMPP,Naive T,ICOSLG,CD28,0.00303348444049867,0,18,35
5750_MRD,GSE227903,Post_treatment_unspecified,cellchat,pDC,Naive T,ICOSLG,CD28,0.00770171106582979,0,192,35
5750_MRD,GSE227903,Post_treatment_unspecified,cellchat,Cycling Progenitor,Monocyte,JAM3,ITGAM_ITGB2,0.00263365487381822,0,28,766
5750_MRD,GSE227903,Post_treatment_unspecified,cellchat,cDC,CD8 Memory T,F11R,ITGAL_ITGB2,0.00123359873981552,0.1,213,43
5750_MRD,GSE227903,Post_treatment_unspecified,cellchat,Cycling Progenitor,CD8 Memory T,F11R,ITGAL_ITGB2,0.00535423050121432,0,28,43
5750_MRD,GSE227903,Post_treatment_unspecified,cellchat,Early GMP,CD8 Memory T,F11R,ITGAL_ITGB2,0.00715885540063357,0,59,43
5750_MRD,GSE227903,Post_treatment_unspecified,cellchat,Late GMP,CD8 Memory T,F11R,ITGAL_ITGB2,0.00251418500013487,0,141,43
5750_MRD,GSE227903,Post_treatment_unspecified,cellchat,LMPP,CD8 Memory T,F11R,ITGAL_ITGB2,0.00815248447552429,0,18,43
5750_MRD,GSE227903,Post_treatment_unspecified,cellchat,pDC,CD8 Memory T,F11R,ITGAL_ITGB2,0.00525110340426226,0,192,43
5750_MRD,GSE227903,Post_treatment_unspecified,cellchat,cDC,cDC,F11R,ITGAL_ITGB2,0.00129172172213887,0.09,213,213
5750_MRD,GSE227903,Post_treatment_unspecified,cellchat,Cycling Progenitor,cDC,F11R,ITGAL_ITGB2,0.0056054140188766,0,28,213
5750_MRD,GSE227903,Post_treatment_unspecified,cellchat,Early GMP,cDC,F11R,ITGAL_ITGB2,0.00749406158888898,0,59,213
5750_MRD,GSE227903,Post_treatment_unspecified,cellchat,Late GMP,cDC,F11R,ITGAL_ITGB2,0.00263248582499099,0,141,213
5750_MRD,GSE227903,Post_treatment_unspecified,cellchat,LMPP,cDC,F11R,ITGAL_ITGB2,0.00853381643919748,0,18,213
5750_MRD,GSE227903,Post_treatment_unspecified,cellchat,pDC,cDC,F11R,ITGAL_ITGB2,0.00549747565077407,0,192,213
5750_MRD,GSE227903,Post_treatment_unspecified,cellchat,cDC,Cycling Progenitor,F11R,ITGAL_ITGB2,0.000814443600493518,0.13,213,28
5750_MRD,GSE227903,Post_treatment_unspecified,cellchat,Cycling Progenitor,Cycling Progenitor,F11R,ITGAL_ITGB2,0.00353991964363215,0,28,28
5750_MRD,GSE227903,Post_treatment_unspecified,cellchat,Early GMP,Cycling Progenitor,F11R,ITGAL_ITGB2,0.00473594899091589,0,59,28
5750_MRD,GSE227903,Post_treatment_unspecified,cellchat,Late GMP,Cycling Progenitor,F11R,ITGAL_ITGB2,0.00166063265711366,0.01,141,28
5750_MRD,GSE227903,Post_treatment_unspecified,cellchat,LMPP,Cycling Progenitor,F11R,ITGAL_ITGB2,0.00539511286251283,0,18,28
5750_MRD,GSE227903,Post_treatment_unspecified,cellchat,pDC,Cycling Progenitor,F11R,ITGAL_ITGB2,0.00347161576913154,0,192,28
5750_MRD,GSE227903,Post_treatment_unspecified,cellchat,cDC,Early GMP,F11R,ITGAL_ITGB2,0.000289569660703505,0.21,213,59
5750_MRD,GSE227903,Post_treatment_unspecified,cellchat,Cycling Progenitor,Early GMP,F11R,ITGAL_ITGB2,0.00126080974485787,0.14,28,59
5750_MRD,GSE227903,Post_treatment_unspecified,cellchat,Early GMP,Early GMP,F11R,ITGAL_ITGB2,0.00168810288293167,0.05,59,59
5750_MRD,GSE227903,Post_treatment_unspecified,cellchat,Late GMP,Early GMP,F11R,ITGAL_ITGB2,0.000590748610783624,0.17,141,59
5750_MRD,GSE227903,Post_treatment_unspecified,cellchat,LMPP,Early GMP,F11R,ITGAL_ITGB2,0.00192387821653411,0.1,18,59
5750_MRD,GSE227903,Post_treatment_unspecified,cellchat,pDC,Early GMP,F11R,ITGAL_ITGB2,0.0012364274536691,0.04,192,59
5750_MRD,GSE227903,Post_treatment_unspecified,cellchat,cDC,Late GMP,F11R,ITGAL_ITGB2,0.00055772693053556,0.21,213,141
5750_MRD,GSE227903,Post_treatment_unspecified,cellchat,Cycling Progenitor,Late GMP,F11R,ITGAL_ITGB2,0.00242620539379519,0.02,28,141
5750_MRD,GSE227903,Post_treatment_unspecified,cellchat,Early GMP,Late GMP,F11R,ITGAL_ITGB2,0.0032471713640783,0,59,141
5750_MRD,GSE227903,Post_treatment_unspecified,cellchat,Late GMP,Late GMP,F11R,ITGAL_ITGB2,0.00113749663548981,0.09,141,141
5750_MRD,GSE227903,Post_treatment_unspecified,cellchat,LMPP,Late GMP,F11R,ITGAL_ITGB2,0.00369989292290313,0,18,141
5750_MRD,GSE227903,Post_treatment_unspecified,cellchat,pDC,Late GMP,F11R,ITGAL_ITGB2,0.00237933967728923,0,192,141
5750_MRD,GSE227903,Post_treatment_unspecified,cellchat,cDC,LMPP,F11R,ITGAL_ITGB2,0.000353768328021306,0.18,213,18
5750_MRD,GSE227903,Post_treatment_unspecified,cellchat,Cycling Progenitor,LMPP,F11R,ITGAL_ITGB2,0.00154000423821676,0.11,28,18
5750_MRD,GSE227903,Post_treatment_unspecified,cellchat,Early GMP,LMPP,F11R,ITGAL_ITGB2,0.00206172210776728,0.04,59,18
5750_MRD,GSE227903,Post_treatment_unspecified,cellchat,Late GMP,LMPP,F11R,ITGAL_ITGB2,0.000721671566148804,0.13,141,18
5750_MRD,GSE227903,Post_treatment_unspecified,cellchat,LMPP,LMPP,F11R,ITGAL_ITGB2,0.00234955758254404,0.07,18,18
5750_MRD,GSE227903,Post_treatment_unspecified,cellchat,pDC,LMPP,F11R,ITGAL_ITGB2,0.00151023088169335,0.02,192,18
5750_MRD,GSE227903,Post_treatment_unspecified,cellchat,cDC,Monocyte,F11R,ITGAL_ITGB2,0.000976988452573355,0.17,213,766
5750_MRD,GSE227903,Post_treatment_unspecified,cellchat,Cycling Progenitor,Monocyte,F11R,ITGAL_ITGB2,0.00424409853943165,0,28,766
5750_MRD,GSE227903,Post_treatment_unspecified,cellchat,Early GMP,Monocyte,F11R,ITGAL_ITGB2,0.00567669275499299,0,59,766
5750_MRD,GSE227903,Post_treatment_unspecified,cellchat,Late GMP,Monocyte,F11R,ITGAL_ITGB2,0.00199172141202046,0,141,766
5750_MRD,GSE227903,Post_treatment_unspecified,cellchat,LMPP,Monocyte,F11R,ITGAL_ITGB2,0.00646594157161067,0,18,766
5750_MRD,GSE227903,Post_treatment_unspecified,cellchat,pDC,Monocyte,F11R,ITGAL_ITGB2,0.00416226406442072,0,192,766
5750_MRD,GSE227903,Post_treatment_unspecified,cellchat,cDC,Pro-Monocyte,F11R,ITGAL_ITGB2,0.000799399322661382,0.2,213,393
5750_MRD,GSE227903,Post_treatment_unspecified,cellchat,Cycling Progenitor,Pro-Monocyte,F11R,ITGAL_ITGB2,0.00347470586366692,0,28,393
5750_MRD,GSE227903,Post_treatment_unspecified,cellchat,Early GMP,Pro-Monocyte,F11R,ITGAL_ITGB2,0.00464880428628859,0,59,393
5750_MRD,GSE227903,Post_treatment_unspecified,cellchat,Late GMP,Pro-Monocyte,F11R,ITGAL_ITGB2,0.00162998320273586,0.02,141,393
5750_MRD,GSE227903,Post_treatment_unspecified,cellchat,LMPP,Pro-Monocyte,F11R,ITGAL_ITGB2,0.00529590363127673,0,18,393
5750_MRD,GSE227903,Post_treatment_unspecified,cellchat,pDC,Pro-Monocyte,F11R,ITGAL_ITGB2,0.00340765600661888,0,192,393
5750_MRD,GSE227903,Post_treatment_unspecified,cellchat,cDC,cDC,F11R,F11R,9.96502887798559e-05,0.21,213,213
5750_MRD,GSE227903,Post_treatment_unspecified,cellchat,Cycling Progenitor,cDC,F11R,F11R,0.0004341620680447,0,28,213
5750_MRD,GSE227903,Post_treatment_unspecified,cellchat,Early GMP,cDC,F11R,F11R,0.000581464321904202,0,59,213
5750_MRD,GSE227903,Post_treatment_unspecified,cellchat,Late GMP,cDC,F11R,F11R,0.00020333588692242,0.01,141,213
5750_MRD,GSE227903,Post_treatment_unspecified,cellchat,LMPP,cDC,F11R,F11R,0.000662779370530713,0,18,213
5750_MRD,GSE227903,Post_treatment_unspecified,cellchat,pDC,cDC,F11R,F11R,0.000425759168036273,0,192,213
5750_MRD,GSE227903,Post_treatment_unspecified,cellchat,cDC,Cycling Progenitor,F11R,F11R,0.0004341620680447,0,213,28
5750_MRD,GSE227903,Post_treatment_unspecified,cellchat,Cycling Progenitor,Cycling Progenitor,F11R,F11R,0.00188946018622692,0,28,28
5750_MRD,GSE227903,Post_treatment_unspecified,cellchat,Early GMP,Cycling Progenitor,F11R,F11R,0.00252926576473189,0,59,28
5750_MRD,GSE227903,Post_treatment_unspecified,cellchat,Late GMP,Cycling Progenitor,F11R,F11R,0.000885597132678932,0,141,28
5750_MRD,GSE227903,Post_treatment_unspecified,cellchat,LMPP,Cycling Progenitor,F11R,F11R,0.00288218613943995,0,18,28
5750_MRD,GSE227903,Post_treatment_unspecified,cellchat,pDC,Cycling Progenitor,F11R,F11R,0.00185294323274979,0,192,28
5750_MRD,GSE227903,Post_treatment_unspecified,cellchat,cDC,Early GMP,F11R,F11R,0.000581464321904202,0,213,59
5750_MRD,GSE227903,Post_treatment_unspecified,cellchat,Cycling Progenitor,Early GMP,F11R,F11R,0.00252926576473189,0,28,59
5750_MRD,GSE227903,Post_treatment_unspecified,cellchat,Early GMP,Early GMP,F11R,F11R,0.00338498640194226,0,59,59
5750_MRD,GSE227903,Post_treatment_unspecified,cellchat,Late GMP,Early GMP,F11R,F11R,0.00118588030119838,0,141,59
5750_MRD,GSE227903,Post_treatment_unspecified,cellchat,LMPP,Early GMP,F11R,F11R,0.00385684782498856,0,18,59
5750_MRD,GSE227903,Post_treatment_unspecified,cellchat,pDC,Early GMP,F11R,F11R,0.00248041423589284,0,192,59
5750_MRD,GSE227903,Post_treatment_unspecified,cellchat,cDC,Late GMP,F11R,F11R,0.00020333588692242,0.01,213,141
5750_MRD,GSE227903,Post_treatment_unspecified,cellchat,Cycling Progenitor,Late GMP,F11R,F11R,0.000885597132678932,0,28,141
5750_MRD,GSE227903,Post_treatment_unspecified,cellchat,Early GMP,Late GMP,F11R,F11R,0.00118588030119838,0,59,141
5750_MRD,GSE227903,Post_treatment_unspecified,cellchat,Late GMP,Late GMP,F11R,F11R,0.000414861039785176,0.02,141,141
5750_MRD,GSE227903,Post_treatment_unspecified,cellchat,LMPP,Late GMP,F11R,F11R,0.00135160576913021,0,18,141
5750_MRD,GSE227903,Post_treatment_unspecified,cellchat,pDC,Late GMP,F11R,F11R,0.000868464617270428,0,192,141
5750_MRD,GSE227903,Post_treatment_unspecified,cellchat,cDC,LMPP,F11R,F11R,0.000662779370530713,0,213,18
5750_MRD,GSE227903,Post_treatment_unspecified,cellchat,Cycling Progenitor,LMPP,F11R,F11R,0.00288218613943995,0,28,18
5750_MRD,GSE227903,Post_treatment_unspecified,cellchat,Early GMP,LMPP,F11R,F11R,0.00385684782498856,0,59,18
5750_MRD,GSE227903,Post_treatment_unspecified,cellchat,Late GMP,LMPP,F11R,F11R,0.00135160576913021,0,141,18
5750_MRD,GSE227903,Post_treatment_unspecified,cellchat,LMPP,LMPP,F11R,F11R,0.00439419592106255,0,18,18
5750_MRD,GSE227903,Post_treatment_unspecified,cellchat,pDC,LMPP,F11R,F11R,0.00282653744240626,0,192,18
5750_MRD,GSE227903,Post_treatment_unspecified,cellchat,cDC,pDC,F11R,F11R,0.000425759168036273,0,213,192
5750_MRD,GSE227903,Post_treatment_unspecified,cellchat,Cycling Progenitor,pDC,F11R,F11R,0.00185294323274979,0,28,192
5750_MRD,GSE227903,Post_treatment_unspecified,cellchat,Early GMP,pDC,F11R,F11R,0.00248041423589284,0,59,192
5750_MRD,GSE227903,Post_treatment_unspecified,cellchat,Late GMP,pDC,F11R,F11R,0.000868464617270428,0,141,192
5750_MRD,GSE227903,Post_treatment_unspecified,cellchat,LMPP,pDC,F11R,F11R,0.00282653744240626,0,18,192
5750_MRD,GSE227903,Post_treatment_unspecified,cellchat,pDC,pDC,F11R,F11R,0.00181713074512594,0,192,192
5750_MRD,GSE227903,Post_treatment_unspecified,cellchat,Cycling Progenitor,cDC,JAM3,F11R,0.000121746556004453,0,28,213
5750_MRD,GSE227903,Post_treatment_unspecified,cellchat,Cycling Progenitor,Cycling Progenitor,JAM3,F11R,0.000530393001456653,0,28,28
5750_MRD,GSE227903,Post_treatment_unspecified,cellchat,Cycling Progenitor,Early GMP,JAM3,F11R,0.00071032122894357,0,28,59
5750_MRD,GSE227903,Post_treatment_unspecified,cellchat,Cycling Progenitor,Late GMP,JAM3,F11R,0.000248417491316471,0,28,141
5750_MRD,GSE227903,Post_treatment_unspecified,cellchat,Cycling Progenitor,LMPP,JAM3,F11R,0.000809641711267827,0,28,18
5750_MRD,GSE227903,Post_treatment_unspecified,cellchat,Cycling Progenitor,pDC,JAM3,F11R,0.000520128588888359,0,28,192
5750_MRD,GSE227903,Post_treatment_unspecified,cellchat,Cycling Progenitor,Cycling Progenitor,JAM3,JAM3,0.000148741679033842,0,28,28
5750_MRD,GSE227903,Post_treatment_unspecified,cellchat,CD8 Memory T,CD8 Memory T,LCK,CD8 receptor,0.00689040571471363,0,43,43
5750_MRD,GSE227903,Post_treatment_unspecified,cellchat,Naive T,CD8 Memory T,LCK,CD8 receptor,0.0081036484333785,0,35,43
5750_MRD,GSE227903,Post_treatment_unspecified,cellchat,CD4 Memory T,CD8 Memory T,HLA-A,CD8A,0.153188368815052,0,33,43
5750_MRD,GSE227903,Post_treatment_unspecified,cellchat,CD8 Memory T,CD8 Memory T,HLA-A,CD8A,0.162226948177531,0,43,43
5750_MRD,GSE227903,Post_treatment_unspecified,cellchat,cDC,CD8 Memory T,HLA-A,CD8A,0.107192782187226,0,213,43
5750_MRD,GSE227903,Post_treatment_unspecified,cellchat,Cycling Progenitor,CD8 Memory T,HLA-A,CD8A,0.108942207117075,0,28,43
5750_MRD,GSE227903,Post_treatment_unspecified,cellchat,Early GMP,CD8 Memory T,HLA-A,CD8A,0.113409474334834,0,59,43
5750_MRD,GSE227903,Post_treatment_unspecified,cellchat,Late GMP,CD8 Memory T,HLA-A,CD8A,0.104210455214134,0,141,43
5750_MRD,GSE227903,Post_treatment_unspecified,cellchat,LMPP,CD8 Memory T,HLA-A,CD8A,0.111970744447706,0,18,43
5750_MRD,GSE227903,Post_treatment_unspecified,cellchat,Monocyte,CD8 Memory T,HLA-A,CD8A,0.120089013407159,0,766,43
5750_MRD,GSE227903,Post_treatment_unspecified,cellchat,Naive T,CD8 Memory T,HLA-A,CD8A,0.129477082469705,0,35,43
5750_MRD,GSE227903,Post_treatment_unspecified,cellchat,pDC,CD8 Memory T,HLA-A,CD8A,0.110175235836386,0,192,43
5750_MRD,GSE227903,Post_treatment_unspecified,cellchat,Pro-Monocyte,CD8 Memory T,HLA-A,CD8A,0.111249491644756,0,393,43
5750_MRD,GSE227903,Post_treatment_unspecified,cellchat,CD4 Memory T,CD8 Memory T,HLA-B,CD8A,0.166206654798869,0,33,43
5750_MRD,GSE227903,Post_treatment_unspecified,cellchat,CD8 Memory T,CD8 Memory T,HLA-B,CD8A,0.181295487799299,0,43,43
5750_MRD,GSE227903,Post_treatment_unspecified,cellchat,cDC,CD8 Memory T,HLA-B,CD8A,0.14096698926747,0,213,43
5750_MRD,GSE227903,Post_treatment_unspecified,cellchat,Cycling Progenitor,CD8 Memory T,HLA-B,CD8A,0.124440114218465,0,28,43
5750_MRD,GSE227903,Post_treatment_unspecified,cellchat,Early GMP,CD8 Memory T,HLA-B,CD8A,0.120270510937049,0,59,43
5750_MRD,GSE227903,Post_treatment_unspecified,cellchat,Late GMP,CD8 Memory T,HLA-B,CD8A,0.119381544833485,0,141,43
5750_MRD,GSE227903,Post_treatment_unspecified,cellchat,LMPP,CD8 Memory T,HLA-B,CD8A,0.119146935548603,0,18,43
5750_MRD,GSE227903,Post_treatment_unspecified,cellchat,Monocyte,CD8 Memory T,HLA-B,CD8A,0.15003486962599,0,766,43
5750_MRD,GSE227903,Post_treatment_unspecified,cellchat,Naive T,CD8 Memory T,HLA-B,CD8A,0.140004550183602,0,35,43
5750_MRD,GSE227903,Post_treatment_unspecified,cellchat,pDC,CD8 Memory T,HLA-B,CD8A,0.156247670404477,0,192,43
5750_MRD,GSE227903,Post_treatment_unspecified,cellchat,Pro-Monocyte,CD8 Memory T,HLA-B,CD8A,0.137476498606466,0,393,43
5750_MRD,GSE227903,Post_treatment_unspecified,cellchat,CD4 Memory T,CD8 Memory T,HLA-C,CD8A,0.121516173927666,0,33,43
5750_MRD,GSE227903,Post_treatment_unspecified,cellchat,CD8 Memory T,CD8 Memory T,HLA-C,CD8A,0.139011072365548,0,43,43
5750_MRD,GSE227903,Post_treatment_unspecified,cellchat,cDC,CD8 Memory T,HLA-C,CD8A,0.0956657650260099,0,213,43
5750_MRD,GSE227903,Post_treatment_unspecified,cellchat,Cycling Progenitor,CD8 Memory T,HLA-C,CD8A,0.0826531485609489,0,28,43
5750_MRD,GSE227903,Post_treatment_unspecified,cellchat,Early GMP,CD8 Memory T,HLA-C,CD8A,0.0716788118795802,0,59,43
5750_MRD,GSE227903,Post_treatment_unspecified,cellchat,Late GMP,CD8 Memory T,HLA-C,CD8A,0.0688533057232325,0,141,43
5750_MRD,GSE227903,Post_treatment_unspecified,cellchat,LMPP,CD8 Memory T,HLA-C,CD8A,0.0718389816543516,0,18,43
5750_MRD,GSE227903,Post_treatment_unspecified,cellchat,Monocyte,CD8 Memory T,HLA-C,CD8A,0.101438512569799,0,766,43
5750_MRD,GSE227903,Post_treatment_unspecified,cellchat,Naive T,CD8 Memory T,HLA-C,CD8A,0.0985719832120114,0,35,43
5750_MRD,GSE227903,Post_treatment_unspecified,cellchat,pDC,CD8 Memory T,HLA-C,CD8A,0.102490832282373,0,192,43
5750_MRD,GSE227903,Post_treatment_unspecified,cellchat,Pro-Monocyte,CD8 Memory T,HLA-C,CD8A,0.0864694814788694,0,393,43
5750_MRD,GSE227903,Post_treatment_unspecified,cellchat,CD4 Memory T,CD8 Memory T,HLA-E,CD8A,0.106159548381747,0,33,43
5750_MRD,GSE227903,Post_treatment_unspecified,cellchat,CD8 Memory T,CD8 Memory T,HLA-E,CD8A,0.116046578858366,0,43,43
5750_MRD,GSE227903,Post_treatment_unspecified,cellchat,cDC,CD8 Memory T,HLA-E,CD8A,0.0749525587562043,0,213,43
5750_MRD,GSE227903,Post_treatment_unspecified,cellchat,Cycling Progenitor,CD8 Memory T,HLA-E,CD8A,0.0598424752742743,0,28,43
5750_MRD,GSE227903,Post_treatment_unspecified,cellchat,Early GMP,CD8 Memory T,HLA-E,CD8A,0.0641225057807255,0,59,43
5750_MRD,GSE227903,Post_treatment_unspecified,cellchat,Late GMP,CD8 Memory T,HLA-E,CD8A,0.0594667368158111,0,141,43
5750_MRD,GSE227903,Post_treatment_unspecified,cellchat,LMPP,CD8 Memory T,HLA-E,CD8A,0.079200387316972,0,18,43
5750_MRD,GSE227903,Post_treatment_unspecified,cellchat,Monocyte,CD8 Memory T,HLA-E,CD8A,0.0984567406035613,0,766,43
5750_MRD,GSE227903,Post_treatment_unspecified,cellchat,Naive T,CD8 Memory T,HLA-E,CD8A,0.0899237204433192,0,35,43
5750_MRD,GSE227903,Post_treatment_unspecified,cellchat,pDC,CD8 Memory T,HLA-E,CD8A,0.0636261738566089,0,192,43
5750_MRD,GSE227903,Post_treatment_unspecified,cellchat,Pro-Monocyte,CD8 Memory T,HLA-E,CD8A,0.0762136398124006,0,393,43
5750_MRD,GSE227903,Post_treatment_unspecified,cellchat,CD4 Memory T,CD8 Memory T,HLA-F,CD8A,0.0167943064739134,0,33,43
5750_MRD,GSE227903,Post_treatment_unspecified,cellchat,CD8 Memory T,CD8 Memory T,HLA-F,CD8A,0.0510056244788637,0,43,43
5750_MRD,GSE227903,Post_treatment_unspecified,cellchat,cDC,CD8 Memory T,HLA-F,CD8A,0.00559184290925627,0,213,43
5750_MRD,GSE227903,Post_treatment_unspecified,cellchat,Cycling Progenitor,CD8 Memory T,HLA-F,CD8A,0.00903688412353709,0,28,43
5750_MRD,GSE227903,Post_treatment_unspecified,cellchat,Early GMP,CD8 Memory T,HLA-F,CD8A,0.00371563500974246,0,59,43
5750_MRD,GSE227903,Post_treatment_unspecified,cellchat,LMPP,CD8 Memory T,HLA-F,CD8A,0.00617887693854793,0,18,43
5750_MRD,GSE227903,Post_treatment_unspecified,cellchat,Monocyte,CD8 Memory T,HLA-F,CD8A,0.01107143450973,0,766,43
5750_MRD,GSE227903,Post_treatment_unspecified,cellchat,Naive T,CD8 Memory T,HLA-F,CD8A,0.0449151051799529,0,35,43
5750_MRD,GSE227903,Post_treatment_unspecified,cellchat,pDC,CD8 Memory T,HLA-F,CD8A,0.00836450598645347,0,192,43
5750_MRD,GSE227903,Post_treatment_unspecified,cellchat,Pro-Monocyte,CD8 Memory T,HLA-F,CD8A,0.00475163498726972,0,393,43
5750_MRD,GSE227903,Post_treatment_unspecified,cellchat,CD4 Memory T,CD8 Memory T,HLA-A,CD8B,0.0412729905305371,0,33,43
5750_MRD,GSE227903,Post_treatment_unspecified,cellchat,CD8 Memory T,CD8 Memory T,HLA-A,CD8B,0.0440517331703538,0,43,43
5750_MRD,GSE227903,Post_treatment_unspecified,cellchat,cDC,CD8 Memory T,HLA-A,CD8B,0.0277782685986768,0,213,43
5750_MRD,GSE227903,Post_treatment_unspecified,cellchat,Cycling Progenitor,CD8 Memory T,HLA-A,CD8B,0.0282726629370987,0,28,43
5750_MRD,GSE227903,Post_treatment_unspecified,cellchat,Early GMP,CD8 Memory T,HLA-A,CD8B,0.0295416765492422,0,59,43
5750_MRD,GSE227903,Post_treatment_unspecified,cellchat,Late GMP,CD8 Memory T,HLA-A,CD8B,0.0269387524124173,0,141,43
5750_MRD,GSE227903,Post_treatment_unspecified,cellchat,LMPP,CD8 Memory T,HLA-A,CD8B,0.029131946322476,0,18,43
5750_MRD,GSE227903,Post_treatment_unspecified,cellchat,Monocyte,CD8 Memory T,HLA-A,CD8B,0.0314568694393465,0,766,43
5750_MRD,GSE227903,Post_treatment_unspecified,cellchat,Naive T,CD8 Memory T,HLA-A,CD8B,0.0341852323145539,0,35,43
5750_MRD,GSE227903,Post_treatment_unspecified,cellchat,pDC,CD8 Memory T,HLA-A,CD8B,0.028621986209095,0,192,43
5750_MRD,GSE227903,Post_treatment_unspecified,cellchat,Pro-Monocyte,CD8 Memory T,HLA-A,CD8B,0.0289269129736385,0,393,43
5750_MRD,GSE227903,Post_treatment_unspecified,cellchat,CD4 Memory T,CD8 Memory T,HLA-B,CD8B,0.0452891172040553,0,33,43
5750_MRD,GSE227903,Post_treatment_unspecified,cellchat,CD8 Memory T,CD8 Memory T,HLA-B,CD8B,0.0500596867682676,0,43,43
5750_MRD,GSE227903,Post_treatment_unspecified,cellchat,cDC,CD8 Memory T,HLA-B,CD8B,0.0375839503833047,0,213,43
5750_MRD,GSE227903,Post_treatment_unspecified,cellchat,Cycling Progenitor,CD8 Memory T,HLA-B,CD8B,0.0327160253410405,0,28,43
5750_MRD,GSE227903,Post_treatment_unspecified,cellchat,Early GMP,CD8 Memory T,HLA-B,CD8B,0.0315092089053396,0,59,43
5750_MRD,GSE227903,Post_treatment_unspecified,cellchat,Late GMP,CD8 Memory T,HLA-B,CD8B,0.0312530047726176,0,141,43
5750_MRD,GSE227903,Post_treatment_unspecified,cellchat,LMPP,CD8 Memory T,HLA-B,CD8B,0.0311854529671174,0,18,43
5750_MRD,GSE227903,Post_treatment_unspecified,cellchat,Monocyte,CD8 Memory T,HLA-B,CD8B,0.040313675903238,0,766,43
5750_MRD,GSE227903,Post_treatment_unspecified,cellchat,Naive T,CD8 Memory T,HLA-B,CD8B,0.037296704007355,0,35,43
5750_MRD,GSE227903,Post_treatment_unspecified,cellchat,pDC,CD8 Memory T,HLA-B,CD8B,0.0422086511768233,0,192,43
5750_MRD,GSE227903,Post_treatment_unspecified,cellchat,Pro-Monocyte,CD8 Memory T,HLA-B,CD8B,0.0365444318517251,0,393,43
5750_MRD,GSE227903,Post_treatment_unspecified,cellchat,CD4 Memory T,CD8 Memory T,HLA-C,CD8B,0.0318688582930834,0,33,43
5750_MRD,GSE227903,Post_treatment_unspecified,cellchat,CD8 Memory T,CD8 Memory T,HLA-C,CD8B,0.0370006882100125,0,43,43
5750_MRD,GSE227903,Post_treatment_unspecified,cellchat,cDC,CD8 Memory T,HLA-C,CD8B,0.0245562367142076,0,213,43
5750_MRD,GSE227903,Post_treatment_unspecified,cellchat,Cycling Progenitor,CD8 Memory T,HLA-C,CD8B,0.0209915385492683,0,28,43
5750_MRD,GSE227903,Post_treatment_unspecified,cellchat,Early GMP,CD8 Memory T,HLA-C,CD8B,0.0180433367491685,0,59,43
5750_MRD,GSE227903,Post_treatment_unspecified,cellchat,Late GMP,CD8 Memory T,HLA-C,CD8B,0.0172927024762917,0,141,43
5750_MRD,GSE227903,Post_treatment_unspecified,cellchat,LMPP,CD8 Memory T,HLA-C,CD8B,0.0180859904534096,0,18,43
5750_MRD,GSE227903,Post_treatment_unspecified,cellchat,Monocyte,CD8 Memory T,HLA-C,CD8B,0.0261621669298914,0,766,43
5750_MRD,GSE227903,Post_treatment_unspecified,cellchat,Naive T,CD8 Memory T,HLA-C,CD8B,0.0253628129165407,0,35,43
5750_MRD,GSE227903,Post_treatment_unspecified,cellchat,pDC,CD8 Memory T,HLA-C,CD8B,0.0264565650178064,0,192,43
5750_MRD,GSE227903,Post_treatment_unspecified,cellchat,Pro-Monocyte,CD8 Memory T,HLA-C,CD8B,0.0220291481286706,0,393,43
5750_MRD,GSE227903,Post_treatment_unspecified,cellchat,CD4 Memory T,CD8 Memory T,HLA-E,CD8B,0.0274869463382786,0,33,43
5750_MRD,GSE227903,Post_treatment_unspecified,cellchat,CD8 Memory T,CD8 Memory T,HLA-E,CD8B,0.0302952460080986,0,43,43
5750_MRD,GSE227903,Post_treatment_unspecified,cellchat,cDC,CD8 Memory T,HLA-E,CD8B,0.0189173393955797,0,213,43
5750_MRD,GSE227903,Post_treatment_unspecified,cellchat,Cycling Progenitor,CD8 Memory T,HLA-E,CD8B,0.014921475559774,0,28,43
5750_MRD,GSE227903,Post_treatment_unspecified,cellchat,Early GMP,CD8 Memory T,HLA-E,CD8B,0.0160435094603097,0,59,43
5750_MRD,GSE227903,Post_treatment_unspecified,cellchat,Late GMP,CD8 Memory T,HLA-E,CD8B,0.014823339678446,0,141,43
5750_MRD,GSE227903,Post_treatment_unspecified,cellchat,LMPP,CD8 Memory T,HLA-E,CD8B,0.0200583132108427,0,18,43
5750_MRD,GSE227903,Post_treatment_unspecified,cellchat,Monocyte,CD8 Memory T,HLA-E,CD8B,0.0253307555609102,0,766,43
5750_MRD,GSE227903,Post_treatment_unspecified,cellchat,Naive T,CD8 Memory T,HLA-E,CD8B,0.0229738952992732,0,35,43
5750_MRD,GSE227903,Post_treatment_unspecified,cellchat,pDC,CD8 Memory T,HLA-E,CD8B,0.0159129989977831,0,192,43
5750_MRD,GSE227903,Post_treatment_unspecified,cellchat,Pro-Monocyte,CD8 Memory T,HLA-E,CD8B,0.0192552493926628,0,393,43
5750_MRD,GSE227903,Post_treatment_unspecified,cellchat,CD4 Memory T,CD8 Memory T,HLA-F,CD8B,0.00404844182442376,0,33,43
5750_MRD,GSE227903,Post_treatment_unspecified,cellchat,CD8 Memory T,CD8 Memory T,HLA-F,CD8B,0.0126289377791294,0,43,43
5750_MRD,GSE227903,Post_treatment_unspecified,cellchat,cDC,CD8 Memory T,HLA-F,CD8B,0.00133641547598782,0,213,43
5750_MRD,GSE227903,Post_treatment_unspecified,cellchat,Cycling Progenitor,CD8 Memory T,HLA-F,CD8B,0.0021654679032501,0,28,43
5750_MRD,GSE227903,Post_treatment_unspecified,cellchat,Early GMP,CD8 Memory T,HLA-F,CD8B,0.000886740311775045,0,59,43
5750_MRD,GSE227903,Post_treatment_unspecified,cellchat,LMPP,CD8 Memory T,HLA-F,CD8B,0.00147737664637701,0,18,43
5750_MRD,GSE227903,Post_treatment_unspecified,cellchat,Monocyte,CD8 Memory T,HLA-F,CD8B,0.00265714620806596,0,766,43
5750_MRD,GSE227903,Post_treatment_unspecified,cellchat,Naive T,CD8 Memory T,HLA-F,CD8B,0.0110674889510423,0,35,43
5750_MRD,GSE227903,Post_treatment_unspecified,cellchat,pDC,CD8 Memory T,HLA-F,CD8B,0.00200331540046753,0,192,43
5750_MRD,GSE227903,Post_treatment_unspecified,cellchat,Pro-Monocyte,CD8 Memory T,HLA-F,CD8B,0.00113488131089954,0,393,43
5750_MRD,GSE227903,Post_treatment_unspecified,cellchat,CD4 Memory T,cDC,HLA-F,LILRB1,0.000917183065740216,0,33,213
5750_MRD,GSE227903,Post_treatment_unspecified,cellchat,CD8 Memory T,cDC,HLA-F,LILRB1,0.00288030563047605,0,43,213
5750_MRD,GSE227903,Post_treatment_unspecified,cellchat,cDC,cDC,HLA-F,LILRB1,0.000302131424874103,0.01,213,213
5750_MRD,GSE227903,Post_treatment_unspecified,cellchat,Cycling Progenitor,cDC,HLA-F,LILRB1,0.000489874992406939,0,28,213
5750_MRD,GSE227903,Post_treatment_unspecified,cellchat,Early GMP,cDC,HLA-F,LILRB1,0.000200400840290526,0.01,59,213
5750_MRD,GSE227903,Post_treatment_unspecified,cellchat,LMPP,cDC,HLA-F,LILRB1,0.000334035848000404,0,18,213
5750_MRD,GSE227903,Post_treatment_unspecified,cellchat,Monocyte,cDC,HLA-F,LILRB1,0.000601332377616479,0.01,766,213
5750_MRD,GSE227903,Post_treatment_unspecified,cellchat,Naive T,cDC,HLA-F,LILRB1,0.0025211054330427,0,35,213
5750_MRD,GSE227903,Post_treatment_unspecified,cellchat,pDC,cDC,HLA-F,LILRB1,0.000453135661931013,0.01,192,213
5750_MRD,GSE227903,Post_treatment_unspecified,cellchat,Pro-Monocyte,cDC,HLA-F,LILRB1,0.000256529328071218,0.01,393,213
5750_MRD,GSE227903,Post_treatment_unspecified,cellchat,CD4 Memory T,Monocyte,HLA-F,LILRB1,0.00234472670068353,0,33,766
5750_MRD,GSE227903,Post_treatment_unspecified,cellchat,CD8 Memory T,Monocyte,HLA-F,LILRB1,0.00734088805405323,0,43,766
5750_MRD,GSE227903,Post_treatment_unspecified,cellchat,cDC,Monocyte,HLA-F,LILRB1,0.000773122706360944,0,213,766
5750_MRD,GSE227903,Post_treatment_unspecified,cellchat,Cycling Progenitor,Monocyte,HLA-F,LILRB1,0.00125317197346483,0,28,766
5750_MRD,GSE227903,Post_treatment_unspecified,cellchat,Early GMP,Monocyte,HLA-F,LILRB1,0.000512886145599612,0,59,766
5750_MRD,GSE227903,Post_treatment_unspecified,cellchat,LMPP,Monocyte,HLA-F,LILRB1,0.000854720264283111,0,18,766
5750_MRD,GSE227903,Post_treatment_unspecified,cellchat,Monocyte,Monocyte,HLA-F,LILRB1,0.0015380290522284,0,766,766
5750_MRD,GSE227903,Post_treatment_unspecified,cellchat,Naive T,Monocyte,HLA-F,LILRB1,0.00642899945380799,0,35,766
5750_MRD,GSE227903,Post_treatment_unspecified,cellchat,pDC,Monocyte,HLA-F,LILRB1,0.00115925377988626,0,192,766
5750_MRD,GSE227903,Post_treatment_unspecified,cellchat,Pro-Monocyte,Monocyte,HLA-F,LILRB1,0.000656478394099659,0,393,766
5750_MRD,GSE227903,Post_treatment_unspecified,cellchat,CD4 Memory T,pDC,HLA-F,LILRB1,0.0022651968528183,0,33,192
5750_MRD,GSE227903,Post_treatment_unspecified,cellchat,CD8 Memory T,pDC,HLA-F,LILRB1,0.00709310024766701,0,43,192
5750_MRD,GSE227903,Post_treatment_unspecified,cellchat,cDC,pDC,HLA-F,LILRB1,0.000746859560152121,0,213,192
5750_MRD,GSE227903,Post_treatment_unspecified,cellchat,Cycling Progenitor,pDC,HLA-F,LILRB1,0.00121062120674819,0,28,192
5750_MRD,GSE227903,Post_treatment_unspecified,cellchat,Early GMP,pDC,HLA-F,LILRB1,0.000495458908476344,0,59,192
5750_MRD,GSE227903,Post_treatment_unspecified,cellchat,LMPP,pDC,HLA-F,LILRB1,0.000825687521796936,0,18,192
5750_MRD,GSE227903,Post_treatment_unspecified,cellchat,Monocyte,pDC,HLA-F,LILRB1,0.00148582050884391,0,766,192
5750_MRD,GSE227903,Post_treatment_unspecified,cellchat,Naive T,pDC,HLA-F,LILRB1,0.00621179935127331,0,35,192
5750_MRD,GSE227903,Post_treatment_unspecified,cellchat,pDC,pDC,HLA-F,LILRB1,0.00111988837815898,0,192,192
5750_MRD,GSE227903,Post_treatment_unspecified,cellchat,Pro-Monocyte,pDC,HLA-F,LILRB1,0.000634175165685551,0,393,192
5750_MRD,GSE227903,Post_treatment_unspecified,cellchat,CD4 Memory T,CD8 Memory T,HLA-E,KLRK1,0.0984299398625698,0,33,43
5750_MRD,GSE227903,Post_treatment_unspecified,cellchat,CD8 Memory T,CD8 Memory T,HLA-E,KLRK1,0.107683810453955,0,43,43
5750_MRD,GSE227903,Post_treatment_unspecified,cellchat,cDC,CD8 Memory T,HLA-E,KLRK1,0.0693189551230822,0,213,43
5750_MRD,GSE227903,Post_treatment_unspecified,cellchat,Cycling Progenitor,CD8 Memory T,HLA-E,KLRK1,0.0552767147972108,0,28,43
5750_MRD,GSE227903,Post_treatment_unspecified,cellchat,Early GMP,CD8 Memory T,HLA-E,KLRK1,0.0592507746661867,0,59,43
5750_MRD,GSE227903,Post_treatment_unspecified,cellchat,Late GMP,CD8 Memory T,HLA-E,KLRK1,0.0549279689253766,0,141,43
5750_MRD,GSE227903,Post_treatment_unspecified,cellchat,LMPP,CD8 Memory T,HLA-E,KLRK1,0.0732727971035819,0,18,43
5750_MRD,GSE227903,Post_treatment_unspecified,cellchat,Monocyte,CD8 Memory T,HLA-E,KLRK1,0.0912307392517692,0,766,43
5750_MRD,GSE227903,Post_treatment_unspecified,cellchat,Naive T,CD8 Memory T,HLA-E,KLRK1,0.0832661388861514,0,35,43
5750_MRD,GSE227903,Post_treatment_unspecified,cellchat,pDC,CD8 Memory T,HLA-E,KLRK1,0.0587897829465064,0,192,43
5750_MRD,GSE227903,Post_treatment_unspecified,cellchat,Pro-Monocyte,CD8 Memory T,HLA-E,KLRK1,0.0704924735441054,0,393,43
5750_MRD,GSE227903,Post_treatment_unspecified,cellchat,CD8 Memory T,cDC,HLA-DPA1,CD4,0.000966583115258441,0.28,43,213
5750_MRD,GSE227903,Post_treatment_unspecified,cellchat,cDC,cDC,HLA-DPA1,CD4,0.0096074053797318,0,213,213
5750_MRD,GSE227903,Post_treatment_unspecified,cellchat,Cycling Progenitor,cDC,HLA-DPA1,CD4,0.00502192082242685,0.06,28,213
5750_MRD,GSE227903,Post_treatment_unspecified,cellchat,Early GMP,cDC,HLA-DPA1,CD4,0.00471949633253551,0.11,59,213
5750_MRD,GSE227903,Post_treatment_unspecified,cellchat,Late GMP,cDC,HLA-DPA1,CD4,0.00351998516566296,0.16,141,213
5750_MRD,GSE227903,Post_treatment_unspecified,cellchat,LMPP,cDC,HLA-DPA1,CD4,0.00563282916891568,0.04,18,213
5750_MRD,GSE227903,Post_treatment_unspecified,cellchat,Monocyte,cDC,HLA-DPA1,CD4,0.00241828115888219,0.22,766,213
5750_MRD,GSE227903,Post_treatment_unspecified,cellchat,pDC,cDC,HLA-DPA1,CD4,0.00727688843903334,0,192,213
5750_MRD,GSE227903,Post_treatment_unspecified,cellchat,Pro-Monocyte,cDC,HLA-DPA1,CD4,0.00272135643534194,0.2,393,213
5750_MRD,GSE227903,Post_treatment_unspecified,cellchat,CD8 Memory T,Monocyte,HLA-DPA1,CD4,0.00192819605799202,0.15,43,766
5750_MRD,GSE227903,Post_treatment_unspecified,cellchat,cDC,Monocyte,HLA-DPA1,CD4,0.0190019036218021,0,213,766
5750_MRD,GSE227903,Post_treatment_unspecified,cellchat,Cycling Progenitor,Monocyte,HLA-DPA1,CD4,0.00997772498609709,0,28,766
5750_MRD,GSE227903,Post_treatment_unspecified,cellchat,Early GMP,Monocyte,HLA-DPA1,CD4,0.00937967103456531,0,59,766
5750_MRD,GSE227903,Post_treatment_unspecified,cellchat,Late GMP,Monocyte,HLA-DPA1,CD4,0.00700406112197039,0,141,766
5750_MRD,GSE227903,Post_treatment_unspecified,cellchat,LMPP,Monocyte,HLA-DPA1,CD4,0.011184721782593,0,18,766
5750_MRD,GSE227903,Post_treatment_unspecified,cellchat,Monocyte,Monocyte,HLA-DPA1,CD4,0.0048171636708355,0,766,766
5750_MRD,GSE227903,Post_treatment_unspecified,cellchat,pDC,Monocyte,HLA-DPA1,CD4,0.0144257089324477,0,192,766
5750_MRD,GSE227903,Post_treatment_unspecified,cellchat,Pro-Monocyte,Monocyte,HLA-DPA1,CD4,0.00541924983961183,0,393,766
5750_MRD,GSE227903,Post_treatment_unspecified,cellchat,CD8 Memory T,pDC,HLA-DPA1,CD4,0.00803558554770621,0.01,43,192
5750_MRD,GSE227903,Post_treatment_unspecified,cellchat,cDC,pDC,HLA-DPA1,CD4,0.0751185262628713,0,213,192
5750_MRD,GSE227903,Post_treatment_unspecified,cellchat,Cycling Progenitor,pDC,HLA-DPA1,CD4,0.0405455286085131,0,28,192
5750_MRD,GSE227903,Post_treatment_unspecified,cellchat,Early GMP,pDC,HLA-DPA1,CD4,0.0381859432887503,0,59,192
5750_MRD,GSE227903,Post_treatment_unspecified,cellchat,Late GMP,pDC,HLA-DPA1,CD4,0.0287260703208635,0,141,192
5750_MRD,GSE227903,Post_treatment_unspecified,cellchat,LMPP,pDC,HLA-DPA1,CD4,0.0452811598793693,0,18,192
5750_MRD,GSE227903,Post_treatment_unspecified,cellchat,Monocyte,pDC,HLA-DPA1,CD4,0.0198927201290659,0,766,192
5750_MRD,GSE227903,Post_treatment_unspecified,cellchat,pDC,pDC,HLA-DPA1,CD4,0.0578244688816337,0,192,192
5750_MRD,GSE227903,Post_treatment_unspecified,cellchat,Pro-Monocyte,pDC,HLA-DPA1,CD4,0.0223367733101037,0,393,192
5750_MRD,GSE227903,Post_treatment_unspecified,cellchat,cDC,cDC,HLA-DPB1,CD4,0.00852077960445008,0,213,213
5750_MRD,GSE227903,Post_treatment_unspecified,cellchat,Cycling Progenitor,cDC,HLA-DPB1,CD4,0.00514498328725126,0.02,28,213
5750_MRD,GSE227903,Post_treatment_unspecified,cellchat,Early GMP,cDC,HLA-DPB1,CD4,0.00414335716057171,0.1,59,213
5750_MRD,GSE227903,Post_treatment_unspecified,cellchat,Late GMP,cDC,HLA-DPB1,CD4,0.00327841353735521,0.16,141,213
5750_MRD,GSE227903,Post_treatment_unspecified,cellchat,LMPP,cDC,HLA-DPB1,CD4,0.00474773042849851,0.04,18,213
5750_MRD,GSE227903,Post_treatment_unspecified,cellchat,Monocyte,cDC,HLA-DPB1,CD4,0.00198600619682118,0.25,766,213
5750_MRD,GSE227903,Post_treatment_unspecified,cellchat,pDC,cDC,HLA-DPB1,CD4,0.0067416806955495,0,192,213
5750_MRD,GSE227903,Post_treatment_unspecified,cellchat,Pro-Monocyte,cDC,HLA-DPB1,CD4,0.00249009729277692,0.2,393,213
5750_MRD,GSE227903,Post_treatment_unspecified,cellchat,cDC,Monocyte,HLA-DPB1,CD4,0.0168708324118551,0,213,766
5750_MRD,GSE227903,Post_treatment_unspecified,cellchat,Cycling Progenitor,Monocyte,HLA-DPB1,CD4,0.0102209821988677,0,28,766
5750_MRD,GSE227903,Post_treatment_unspecified,cellchat,Early GMP,Monocyte,HLA-DPB1,CD4,0.00823934403054736,0,59,766
5750_MRD,GSE227903,Post_treatment_unspecified,cellchat,Late GMP,Monocyte,HLA-DPB1,CD4,0.0065249479372315,0,141,766
5750_MRD,GSE227903,Post_treatment_unspecified,cellchat,LMPP,Monocyte,HLA-DPB1,CD4,0.009435520036294,0,18,766
5750_MRD,GSE227903,Post_treatment_unspecified,cellchat,Monocyte,Monocyte,HLA-DPB1,CD4,0.00395778255315635,0,766,766
5750_MRD,GSE227903,Post_treatment_unspecified,cellchat,pDC,Monocyte,HLA-DPB1,CD4,0.0133717949852434,0,192,766
5750_MRD,GSE227903,Post_treatment_unspecified,cellchat,Pro-Monocyte,Monocyte,HLA-DPB1,CD4,0.00495986565587046,0,393,766
5750_MRD,GSE227903,Post_treatment_unspecified,cellchat,cDC,pDC,HLA-DPB1,CD4,0.0671245845561687,0,213,192
5750_MRD,GSE227903,Post_treatment_unspecified,cellchat,Cycling Progenitor,pDC,HLA-DPB1,CD4,0.0415027883058707,0,28,192
5750_MRD,GSE227903,Post_treatment_unspecified,cellchat,Early GMP,pDC,HLA-DPB1,CD4,0.0336625195361008,0,59,192
5750_MRD,GSE227903,Post_treatment_unspecified,cellchat,Late GMP,pDC,HLA-DPB1,CD4,0.0268011665276129,0,141,192
5750_MRD,GSE227903,Post_treatment_unspecified,cellchat,LMPP,pDC,HLA-DPB1,CD4,0.0384066624442403,0,18,192
5750_MRD,GSE227903,Post_treatment_unspecified,cellchat,Monocyte,pDC,HLA-DPB1,CD4,0.0163881513921319,0,766,192
5750_MRD,GSE227903,Post_treatment_unspecified,cellchat,pDC,pDC,HLA-DPB1,CD4,0.0537729162290389,0,192,192
5750_MRD,GSE227903,Post_treatment_unspecified,cellchat,Pro-Monocyte,pDC,HLA-DPB1,CD4,0.020472827888075,0,393,192
5750_MRD,GSE227903,Post_treatment_unspecified,cellchat,cDC,cDC,HLA-DQA1,CD4,0.00460755189608963,0,213,213
5750_MRD,GSE227903,Post_treatment_unspecified,cellchat,Cycling Progenitor,cDC,HLA-DQA1,CD4,0.00110228029458691,0.04,28,213
5750_MRD,GSE227903,Post_treatment_unspecified,cellchat,Early GMP,cDC,HLA-DQA1,CD4,0.00101572240627612,0.05,59,213
5750_MRD,GSE227903,Post_treatment_unspecified,cellchat,Late GMP,cDC,HLA-DQA1,CD4,0.000377647395101403,0.27,141,213
5750_MRD,GSE227903,Post_treatment_unspecified,cellchat,LMPP,cDC,HLA-DQA1,CD4,0.00156317008902942,0.01,18,213
5750_MRD,GSE227903,Post_treatment_unspecified,cellchat,pDC,cDC,HLA-DQA1,CD4,0.00399216284758686,0,192,213
5750_MRD,GSE227903,Post_treatment_unspecified,cellchat,Pro-Monocyte,cDC,HLA-DQA1,CD4,0.000389714261288466,0.27,393,213
5750_MRD,GSE227903,Post_treatment_unspecified,cellchat,cDC,Monocyte,HLA-DQA1,CD4,0.00915820636960369,0,213,766
5750_MRD,GSE227903,Post_treatment_unspecified,cellchat,Cycling Progenitor,Monocyte,HLA-DQA1,CD4,0.00219859556514809,0,28,766
5750_MRD,GSE227903,Post_treatment_unspecified,cellchat,Early GMP,Monocyte,HLA-DQA1,CD4,0.00202612281956128,0,59,766
5750_MRD,GSE227903,Post_treatment_unspecified,cellchat,Late GMP,Monocyte,HLA-DQA1,CD4,0.000753795007848827,0.01,141,766
5750_MRD,GSE227903,Post_treatment_unspecified,cellchat,LMPP,Monocyte,HLA-DQA1,CD4,0.00311645089057657,0,18,766
5750_MRD,GSE227903,Post_treatment_unspecified,cellchat,pDC,Monocyte,HLA-DQA1,CD4,0.0079398756600725,0,192,766
5750_MRD,GSE227903,Post_treatment_unspecified,cellchat,Pro-Monocyte,Monocyte,HLA-DQA1,CD4,0.000777871465352974,0,393,766
5750_MRD,GSE227903,Post_treatment_unspecified,cellchat,cDC,pDC,HLA-DQA1,CD4,0.0373099464722686,0,213,192
5750_MRD,GSE227903,Post_treatment_unspecified,cellchat,Cycling Progenitor,pDC,HLA-DQA1,CD4,0.00915459568930208,0,28,192
5750_MRD,GSE227903,Post_treatment_unspecified,cellchat,Early GMP,pDC,HLA-DQA1,CD4,0.00844106335627783,0,59,192
5750_MRD,GSE227903,Post_treatment_unspecified,cellchat,Late GMP,pDC,HLA-DQA1,CD4,0.00315312533026595,0,141,192
5750_MRD,GSE227903,Post_treatment_unspecified,cellchat,LMPP,pDC,HLA-DQA1,CD4,0.01293874035407,0,18,192
5750_MRD,GSE227903,Post_treatment_unspecified,cellchat,pDC,pDC,HLA-DQA1,CD4,0.0324692687876056,0,192,192
5750_MRD,GSE227903,Post_treatment_unspecified,cellchat,Pro-Monocyte,pDC,HLA-DQA1,CD4,0.00325358764990316,0,393,192
5750_MRD,GSE227903,Post_treatment_unspecified,cellchat,cDC,cDC,HLA-DMA,CD4,0.0050445544354856,0,213,213
5750_MRD,GSE227903,Post_treatment_unspecified,cellchat,Cycling Progenitor,cDC,HLA-DMA,CD4,0.00205460312240567,0.16,28,213
5750_MRD,GSE227903,Post_treatment_unspecified,cellchat,Early GMP,cDC,HLA-DMA,CD4,0.00216263955029645,0.16,59,213
5750_MRD,GSE227903,Post_treatment_unspecified,cellchat,Late GMP,cDC,HLA-DMA,CD4,0.00210711316316624,0.14,141,213
5750_MRD,GSE227903,Post_treatment_unspecified,cellchat,LMPP,cDC,HLA-DMA,CD4,0.00249800920561909,0.06,18,213
5750_MRD,GSE227903,Post_treatment_unspecified,cellchat,Monocyte,cDC,HLA-DMA,CD4,0.000759447579483157,0.28,766,213
5750_MRD,GSE227903,Post_treatment_unspecified,cellchat,pDC,cDC,HLA-DMA,CD4,0.00430114596391176,0,192,213
5750_MRD,GSE227903,Post_treatment_unspecified,cellchat,Pro-Monocyte,cDC,HLA-DMA,CD4,0.00169150989181923,0.19,393,213
5750_MRD,GSE227903,Post_treatment_unspecified,cellchat,cDC,Monocyte,HLA-DMA,CD4,0.0100224692388436,0,213,766
5750_MRD,GSE227903,Post_treatment_unspecified,cellchat,Cycling Progenitor,Monocyte,HLA-DMA,CD4,0.00409420551120792,0,28,766
5750_MRD,GSE227903,Post_treatment_unspecified,cellchat,Early GMP,Monocyte,HLA-DMA,CD4,0.00430902650460154,0,59,766
5750_MRD,GSE227903,Post_treatment_unspecified,cellchat,Late GMP,Monocyte,HLA-DMA,CD4,0.00419862290417598,0,141,766
5750_MRD,GSE227903,Post_treatment_unspecified,cellchat,LMPP,Monocyte,HLA-DMA,CD4,0.00497558574692641,0,18,766
5750_MRD,GSE227903,Post_treatment_unspecified,cellchat,Monocyte,Monocyte,HLA-DMA,CD4,0.00151530263903092,0.09,766,766
5750_MRD,GSE227903,Post_treatment_unspecified,cellchat,pDC,Monocyte,HLA-DMA,CD4,0.00855177816725666,0,192,766
5750_MRD,GSE227903,Post_treatment_unspecified,cellchat,Pro-Monocyte,Monocyte,HLA-DMA,CD4,0.00337188788035838,0,393,766
5750_MRD,GSE227903,Post_treatment_unspecified,cellchat,cDC,pDC,HLA-DMA,CD4,0.040721713220236,0,213,192
5750_MRD,GSE227903,Post_treatment_unspecified,cellchat,Cycling Progenitor,pDC,HLA-DMA,CD4,0.0169457539069522,0,28,192
5750_MRD,GSE227903,Post_treatment_unspecified,cellchat,Early GMP,pDC,HLA-DMA,CD4,0.0178228218660878,0,59,192
5750_MRD,GSE227903,Post_treatment_unspecified,cellchat,Late GMP,pDC,HLA-DMA,CD4,0.017372215985771,0,141,192
5750_MRD,GSE227903,Post_treatment_unspecified,cellchat,LMPP,pDC,HLA-DMA,CD4,0.0205367009020976,0,18,192
5750_MRD,GSE227903,Post_treatment_unspecified,cellchat,Monocyte,pDC,HLA-DMA,CD4,0.00632317439691137,0,766,192
5750_MRD,GSE227903,Post_treatment_unspecified,cellchat,pDC,pDC,HLA-DMA,CD4,0.0349050654868802,0,192,192
5750_MRD,GSE227903,Post_treatment_unspecified,cellchat,Pro-Monocyte,pDC,HLA-DMA,CD4,0.0139879555805182,0,393,192
5750_MRD,GSE227903,Post_treatment_unspecified,cellchat,cDC,cDC,HLA-DMB,CD4,0.00343513146834925,0,213,213
5750_MRD,GSE227903,Post_treatment_unspecified,cellchat,Cycling Progenitor,cDC,HLA-DMB,CD4,0.00075698474402989,0.09,28,213
5750_MRD,GSE227903,Post_treatment_unspecified,cellchat,Early GMP,cDC,HLA-DMB,CD4,0.00027267822430818,0.25,59,213
5750_MRD,GSE227903,Post_treatment_unspecified,cellchat,Late GMP,cDC,HLA-DMB,CD4,0.000362180827153452,0.25,141,213
5750_MRD,GSE227903,Post_treatment_unspecified,cellchat,LMPP,cDC,HLA-DMB,CD4,0.000215756874667823,0.23,18,213
5750_MRD,GSE227903,Post_treatment_unspecified,cellchat,Monocyte,cDC,HLA-DMB,CD4,0.000556147228417791,0.18,766,213
5750_MRD,GSE227903,Post_treatment_unspecified,cellchat,pDC,cDC,HLA-DMB,CD4,0.00234780757964547,0,192,213
5750_MRD,GSE227903,Post_treatment_unspecified,cellchat,Pro-Monocyte,cDC,HLA-DMB,CD4,0.000319170196272522,0.28,393,213
5750_MRD,GSE227903,Post_treatment_unspecified,cellchat,cDC,Monocyte,HLA-DMB,CD4,0.00683579551753877,0,213,766
5750_MRD,GSE227903,Post_treatment_unspecified,cellchat,Cycling Progenitor,Monocyte,HLA-DMB,CD4,0.00151039232348066,0,28,766
5750_MRD,GSE227903,Post_treatment_unspecified,cellchat,Early GMP,Monocyte,HLA-DMB,CD4,0.000544330471519622,0.03,59,766
5750_MRD,GSE227903,Post_treatment_unspecified,cellchat,Late GMP,Monocyte,HLA-DMB,CD4,0.00072293443673094,0,141,766
5750_MRD,GSE227903,Post_treatment_unspecified,cellchat,LMPP,Monocyte,HLA-DMB,CD4,0.000430726376032886,0.08,18,766
5750_MRD,GSE227903,Post_treatment_unspecified,cellchat,Monocyte,Monocyte,HLA-DMB,CD4,0.00110988838067156,0,766,766
5750_MRD,GSE227903,Post_treatment_unspecified,cellchat,pDC,Monocyte,HLA-DMB,CD4,0.00467710958919814,0,192,766
5750_MRD,GSE227903,Post_treatment_unspecified,cellchat,Pro-Monocyte,Monocyte,HLA-DMB,CD4,0.00063710996799633,0,393,766
5750_MRD,GSE227903,Post_treatment_unspecified,cellchat,cDC,pDC,HLA-DMB,CD4,0.0280506965404367,0,213,192
5750_MRD,GSE227903,Post_treatment_unspecified,cellchat,Cycling Progenitor,pDC,HLA-DMB,CD4,0.0063027825901458,0,28,192
5750_MRD,GSE227903,Post_treatment_unspecified,cellchat,Early GMP,pDC,HLA-DMB,CD4,0.00227845519996748,0,59,192
5750_MRD,GSE227903,Post_treatment_unspecified,cellchat,Late GMP,pDC,HLA-DMB,CD4,0.00302433283001188,0,141,192
5750_MRD,GSE227903,Post_treatment_unspecified,cellchat,LMPP,pDC,HLA-DMB,CD4,0.00180358497085071,0.06,18,192
5750_MRD,GSE227903,Post_treatment_unspecified,cellchat,Monocyte,pDC,HLA-DMB,CD4,0.00463740408225407,0,766,192
5750_MRD,GSE227903,Post_treatment_unspecified,cellchat,pDC,pDC,HLA-DMB,CD4,0.0193228700726938,0,192,192
5750_MRD,GSE227903,Post_treatment_unspecified,cellchat,Pro-Monocyte,pDC,HLA-DMB,CD4,0.00266602261350611,0,393,192
5750_MRD,GSE227903,Post_treatment_unspecified,cellchat,CD8 Memory T,cDC,HLA-DQA2,CD4,0.000952436077438592,0.2,43,213
5750_MRD,GSE227903,Post_treatment_unspecified,cellchat,cDC,cDC,HLA-DQA2,CD4,0.00587266250312972,0,213,213
5750_MRD,GSE227903,Post_treatment_unspecified,cellchat,Cycling Progenitor,cDC,HLA-DQA2,CD4,0.00246483776670601,0.03,28,213
5750_MRD,GSE227903,Post_treatment_unspecified,cellchat,Early GMP,cDC,HLA-DQA2,CD4,0.00196605677860816,0.12,59,213
5750_MRD,GSE227903,Post_treatment_unspecified,cellchat,Late GMP,cDC,HLA-DQA2,CD4,0.00129647420702588,0.16,141,213
5750_MRD,GSE227903,Post_treatment_unspecified,cellchat,LMPP,cDC,HLA-DQA2,CD4,0.0022607664140397,0.05,18,213
5750_MRD,GSE227903,Post_treatment_unspecified,cellchat,Monocyte,cDC,HLA-DQA2,CD4,0.000581581315187478,0.27,766,213
5750_MRD,GSE227903,Post_treatment_unspecified,cellchat,pDC,cDC,HLA-DQA2,CD4,0.00503604482654454,0,192,213
5750_MRD,GSE227903,Post_treatment_unspecified,cellchat,Pro-Monocyte,cDC,HLA-DQA2,CD4,0.000543337255850411,0.27,393,213
5750_MRD,GSE227903,Post_treatment_unspecified,cellchat,CD8 Memory T,Monocyte,HLA-DQA2,CD4,0.00190000149350387,0,43,766
5750_MRD,GSE227903,Post_treatment_unspecified,cellchat,cDC,Monocyte,HLA-DQA2,CD4,0.0116581708986457,0,213,766
5750_MRD,GSE227903,Post_treatment_unspecified,cellchat,Cycling Progenitor,Monocyte,HLA-DQA2,CD4,0.00490967613091265,0,28,766
5750_MRD,GSE227903,Post_treatment_unspecified,cellchat,Early GMP,Monocyte,HLA-DQA2,CD4,0.00391810441366086,0,59,766
5750_MRD,GSE227903,Post_treatment_unspecified,cellchat,Late GMP,Monocyte,HLA-DQA2,CD4,0.00258543259432653,0,141,766
5750_MRD,GSE227903,Post_treatment_unspecified,cellchat,LMPP,Monocyte,HLA-DQA2,CD4,0.00450410318966521,0,18,766
5750_MRD,GSE227903,Post_treatment_unspecified,cellchat,Monocyte,Monocyte,HLA-DQA2,CD4,0.00116061711008943,0.05,766,766
5750_MRD,GSE227903,Post_treatment_unspecified,cellchat,pDC,Monocyte,HLA-DQA2,CD4,0.0100056468800565,0,192,766
5750_MRD,GSE227903,Post_treatment_unspecified,cellchat,Pro-Monocyte,Monocyte,HLA-DQA2,CD4,0.00108433769363696,0.06,393,766
5750_MRD,GSE227903,Post_treatment_unspecified,cellchat,CD8 Memory T,pDC,HLA-DQA2,CD4,0.00791879575283491,0,43,192
5750_MRD,GSE227903,Post_treatment_unspecified,cellchat,cDC,pDC,HLA-DQA2,CD4,0.0471291197929279,0,213,192
5750_MRD,GSE227903,Post_treatment_unspecified,cellchat,Cycling Progenitor,pDC,HLA-DQA2,CD4,0.0202688583009586,0,28,192
5750_MRD,GSE227903,Post_treatment_unspecified,cellchat,Early GMP,pDC,HLA-DQA2,CD4,0.0162258845881576,0,59,192
5750_MRD,GSE227903,Post_treatment_unspecified,cellchat,Late GMP,pDC,HLA-DQA2,CD4,0.010752133976804,0,141,192
5750_MRD,GSE227903,Post_treatment_unspecified,cellchat,LMPP,pDC,HLA-DQA2,CD4,0.0186182504090737,0,18,192
5750_MRD,GSE227903,Post_treatment_unspecified,cellchat,Monocyte,pDC,HLA-DQA2,CD4,0.00484857938703887,0,766,192
5750_MRD,GSE227903,Post_treatment_unspecified,cellchat,pDC,pDC,HLA-DQA2,CD4,0.0406554793576857,0,192,192
5750_MRD,GSE227903,Post_treatment_unspecified,cellchat,Pro-Monocyte,pDC,HLA-DQA2,CD4,0.00453101498382367,0,393,192
5750_MRD,GSE227903,Post_treatment_unspecified,cellchat,cDC,cDC,HLA-DOA,CD4,0.00093434894578716,0,213,213
5750_MRD,GSE227903,Post_treatment_unspecified,cellchat,pDC,cDC,HLA-DOA,CD4,0.000341481778908822,0,192,213
5750_MRD,GSE227903,Post_treatment_unspecified,cellchat,cDC,Monocyte,HLA-DOA,CD4,0.00186395329909261,0,213,766
5750_MRD,GSE227903,Post_treatment_unspecified,cellchat,pDC,Monocyte,HLA-DOA,CD4,0.000681631965983417,0,192,766
5750_MRD,GSE227903,Post_treatment_unspecified,cellchat,cDC,pDC,HLA-DOA,CD4,0.00776944357045108,0,213,192
5750_MRD,GSE227903,Post_treatment_unspecified,cellchat,pDC,pDC,HLA-DOA,CD4,0.00285192281505426,0,192,192
5750_MRD,GSE227903,Post_treatment_unspecified,cellchat,cDC,cDC,HLA-DQB1,CD4,0.00577614460664632,0,213,213
5750_MRD,GSE227903,Post_treatment_unspecified,cellchat,Cycling Progenitor,cDC,HLA-DQB1,CD4,0.00194593606789089,0.08,28,213
5750_MRD,GSE227903,Post_treatment_unspecified,cellchat,Early GMP,cDC,HLA-DQB1,CD4,0.00108486473927733,0.17,59,213
5750_MRD,GSE227903,Post_treatment_unspecified,cellchat,Late GMP,cDC,HLA-DQB1,CD4,0.000896728867405109,0.23,141,213
5750_MRD,GSE227903,Post_treatment_unspecified,cellchat,LMPP,cDC,HLA-DQB1,CD4,0.00136103658524642,0.12,18,213
5750_MRD,GSE227903,Post_treatment_unspecified,cellchat,Monocyte,cDC,HLA-DQB1,CD4,0.000695310803550007,0.24,766,213
5750_MRD,GSE227903,Post_treatment_unspecified,cellchat,pDC,cDC,HLA-DQB1,CD4,0.00337631001370397,0,192,213
5750_MRD,GSE227903,Post_treatment_unspecified,cellchat,Pro-Monocyte,cDC,HLA-DQB1,CD4,0.000557023885021466,0.26,393,213
5750_MRD,GSE227903,Post_treatment_unspecified,cellchat,cDC,Monocyte,HLA-DQB1,CD4,0.0114676643437777,0,213,766
5750_MRD,GSE227903,Post_treatment_unspecified,cellchat,Cycling Progenitor,Monocyte,HLA-DQB1,CD4,0.00387808398883414,0,28,766
5750_MRD,GSE227903,Post_treatment_unspecified,cellchat,Early GMP,Monocyte,HLA-DQB1,CD4,0.00216389622222608,0,59,766
5750_MRD,GSE227903,Post_treatment_unspecified,cellchat,Late GMP,Monocyte,HLA-DQB1,CD4,0.00178897119792495,0,141,766
5750_MRD,GSE227903,Post_treatment_unspecified,cellchat,LMPP,Monocyte,HLA-DQB1,CD4,0.00271400864154347,0,18,766
5750_MRD,GSE227903,Post_treatment_unspecified,cellchat,Monocyte,Monocyte,HLA-DQB1,CD4,0.00138742111331853,0.01,766,766
5750_MRD,GSE227903,Post_treatment_unspecified,cellchat,pDC,Monocyte,HLA-DQB1,CD4,0.00671913542325197,0,192,766
5750_MRD,GSE227903,Post_treatment_unspecified,cellchat,Pro-Monocyte,Monocyte,HLA-DQB1,CD4,0.0011116369303259,0.02,393,766
5750_MRD,GSE227903,Post_treatment_unspecified,cellchat,cDC,pDC,HLA-DQB1,CD4,0.0463861853576451,0,213,192
5750_MRD,GSE227903,Post_treatment_unspecified,cellchat,Cycling Progenitor,pDC,HLA-DQB1,CD4,0.0160621768410621,0,28,192
5750_MRD,GSE227903,Post_treatment_unspecified,cellchat,Early GMP,pDC,HLA-DQB1,CD4,0.00901110469458228,0,59,192
5750_MRD,GSE227903,Post_treatment_unspecified,cellchat,Late GMP,pDC,HLA-DQB1,CD4,0.00745867382616583,0,141,192
5750_MRD,GSE227903,Post_treatment_unspecified,cellchat,LMPP,pDC,HLA-DQB1,CD4,0.0112822539024877,0,18,192
5750_MRD,GSE227903,Post_treatment_unspecified,cellchat,Monocyte,pDC,HLA-DQB1,CD4,0.00579189392009131,0,766,192
5750_MRD,GSE227903,Post_treatment_unspecified,cellchat,pDC,pDC,HLA-DQB1,CD4,0.0275820366204789,0,192,192
5750_MRD,GSE227903,Post_treatment_unspecified,cellchat,Pro-Monocyte,pDC,HLA-DQB1,CD4,0.00464468413944997,0,393,192
5750_MRD,GSE227903,Post_treatment_unspecified,cellchat,CD8 Memory T,cDC,HLA-DRA,CD4,0.000434274779280889,0.28,43,213
5750_MRD,GSE227903,Post_treatment_unspecified,cellchat,cDC,cDC,HLA-DRA,CD4,0.0124269153953216,0.06,213,213
5750_MRD,GSE227903,Post_treatment_unspecified,cellchat,Cycling Progenitor,cDC,HLA-DRA,CD4,0.00764281678320875,0.17,28,213
5750_MRD,GSE227903,Post_treatment_unspecified,cellchat,Early GMP,cDC,HLA-DRA,CD4,0.00711170236535646,0.18,59,213
5750_MRD,GSE227903,Post_treatment_unspecified,cellchat,Late GMP,cDC,HLA-DRA,CD4,0.00685685588538708,0.18,141,213
5750_MRD,GSE227903,Post_treatment_unspecified,cellchat,LMPP,cDC,HLA-DRA,CD4,0.0076850256228923,0.18,18,213
5750_MRD,GSE227903,Post_treatment_unspecified,cellchat,Monocyte,cDC,HLA-DRA,CD4,0.00769894078013932,0.18,766,213
5750_MRD,GSE227903,Post_treatment_unspecified,cellchat,pDC,cDC,HLA-DRA,CD4,0.0108192264269237,0.12,192,213
5750_MRD,GSE227903,Post_treatment_unspecified,cellchat,Pro-Monocyte,cDC,HLA-DRA,CD4,0.00746181266175508,0.18,393,213
5750_MRD,GSE227903,Post_treatment_unspecified,cellchat,CD8 Memory T,Monocyte,HLA-DRA,CD4,0.000866775980393004,0.19,43,766
5750_MRD,GSE227903,Post_treatment_unspecified,cellchat,cDC,Monocyte,HLA-DRA,CD4,0.0245102103984246,0,213,766
5750_MRD,GSE227903,Post_treatment_unspecified,cellchat,Cycling Progenitor,Monocyte,HLA-DRA,CD4,0.0151456409569579,0,28,766
5750_MRD,GSE227903,Post_treatment_unspecified,cellchat,Early GMP,Monocyte,HLA-DRA,CD4,0.014100548934915,0,59,766
5750_MRD,GSE227903,Post_treatment_unspecified,cellchat,Late GMP,Monocyte,HLA-DRA,CD4,0.0135986885920589,0,141,766
5750_MRD,GSE227903,Post_treatment_unspecified,cellchat,LMPP,Monocyte,HLA-DRA,CD4,0.0152286496321174,0,18,766
5750_MRD,GSE227903,Post_treatment_unspecified,cellchat,Monocyte,Monocyte,HLA-DRA,CD4,0.015256013915277,0,766,766
5750_MRD,GSE227903,Post_treatment_unspecified,cellchat,pDC,Monocyte,HLA-DRA,CD4,0.0213731187694694,0,192,766
5750_MRD,GSE227903,Post_treatment_unspecified,cellchat,Pro-Monocyte,Monocyte,HLA-DRA,CD4,0.0147895963296156,0,393,766
5750_MRD,GSE227903,Post_treatment_unspecified,cellchat,CD8 Memory T,pDC,HLA-DRA,CD4,0.00362442046808392,0.37,43,192
5750_MRD,GSE227903,Post_treatment_unspecified,cellchat,cDC,pDC,HLA-DRA,CD4,0.0953135071211956,0,213,192
5750_MRD,GSE227903,Post_treatment_unspecified,cellchat,Cycling Progenitor,pDC,HLA-DRA,CD4,0.0605771448431384,0,28,192
5750_MRD,GSE227903,Post_treatment_unspecified,cellchat,Early GMP,pDC,HLA-DRA,CD4,0.0565772424031315,0,59,192
5750_MRD,GSE227903,Post_treatment_unspecified,cellchat,Late GMP,pDC,HLA-DRA,CD4,0.0546473689545011,0,141,192
5750_MRD,GSE227903,Post_treatment_unspecified,cellchat,LMPP,pDC,HLA-DRA,CD4,0.0608937543482216,0,18,192
5750_MRD,GSE227903,Post_treatment_unspecified,cellchat,Monocyte,pDC,HLA-DRA,CD4,0.0609980914020942,0,766,192
5750_MRD,GSE227903,Post_treatment_unspecified,cellchat,pDC,pDC,HLA-DRA,CD4,0.0838935781919466,0,192,192
5750_MRD,GSE227903,Post_treatment_unspecified,cellchat,Pro-Monocyte,pDC,HLA-DRA,CD4,0.0592173108048301,0,393,192
5750_MRD,GSE227903,Post_treatment_unspecified,cellchat,CD8 Memory T,cDC,HLA-DRB1,CD4,0.000894503399296166,0.28,43,213
5750_MRD,GSE227903,Post_treatment_unspecified,cellchat,cDC,cDC,HLA-DRB1,CD4,0.00907251036256673,0,213,213
5750_MRD,GSE227903,Post_treatment_unspecified,cellchat,Cycling Progenitor,cDC,HLA-DRB1,CD4,0.00433438149154329,0.16,28,213
5750_MRD,GSE227903,Post_treatment_unspecified,cellchat,Early GMP,cDC,HLA-DRB1,CD4,0.00344444929904558,0.19,59,213
5750_MRD,GSE227903,Post_treatment_unspecified,cellchat,Late GMP,cDC,HLA-DRB1,CD4,0.00312377240717696,0.2,141,213
5750_MRD,GSE227903,Post_treatment_unspecified,cellchat,LMPP,cDC,HLA-DRB1,CD4,0.00378597339940471,0.19,18,213
5750_MRD,GSE227903,Post_treatment_unspecified,cellchat,Monocyte,cDC,HLA-DRB1,CD4,0.00305828212247237,0.2,766,213
5750_MRD,GSE227903,Post_treatment_unspecified,cellchat,pDC,cDC,HLA-DRB1,CD4,0.00752741240246331,0,192,213
5750_MRD,GSE227903,Post_treatment_unspecified,cellchat,Pro-Monocyte,cDC,HLA-DRB1,CD4,0.00336414310201756,0.19,393,213
5750_MRD,GSE227903,Post_treatment_unspecified,cellchat,CD8 Memory T,Monocyte,HLA-DRB1,CD4,0.00178453535132945,0.16,43,766
5750_MRD,GSE227903,Post_treatment_unspecified,cellchat,cDC,Monocyte,HLA-DRB1,CD4,0.0179534487413034,0,213,766
5750_MRD,GSE227903,Post_treatment_unspecified,cellchat,Cycling Progenitor,Monocyte,HLA-DRB1,CD4,0.00861757462731269,0,28,766
5750_MRD,GSE227903,Post_treatment_unspecified,cellchat,Early GMP,Monocyte,HLA-DRB1,CD4,0.00685427424161247,0,59,766
5750_MRD,GSE227903,Post_treatment_unspecified,cellchat,Late GMP,Monocyte,HLA-DRB1,CD4,0.00621812475944472,0,141,766
5750_MRD,GSE227903,Post_treatment_unspecified,cellchat,LMPP,Monocyte,HLA-DRB1,CD4,0.00753133429013105,0,18,766
5750_MRD,GSE227903,Post_treatment_unspecified,cellchat,Monocyte,Monocyte,HLA-DRB1,CD4,0.00608815718285049,0,766,766
5750_MRD,GSE227903,Post_treatment_unspecified,cellchat,pDC,Monocyte,HLA-DRB1,CD4,0.0149186492030704,0,192,766
5750_MRD,GSE227903,Post_treatment_unspecified,cellchat,Pro-Monocyte,Monocyte,HLA-DRB1,CD4,0.00669500318828171,0,393,766
5750_MRD,GSE227903,Post_treatment_unspecified,cellchat,CD8 Memory T,pDC,HLA-DRB1,CD4,0.0074402844440792,0.05,43,192
5750_MRD,GSE227903,Post_treatment_unspecified,cellchat,cDC,pDC,HLA-DRB1,CD4,0.0711984859476966,0,213,192
5750_MRD,GSE227903,Post_treatment_unspecified,cellchat,Cycling Progenitor,pDC,HLA-DRB1,CD4,0.0351664294754869,0,28,192
5750_MRD,GSE227903,Post_treatment_unspecified,cellchat,Early GMP,pDC,HLA-DRB1,CD4,0.0281248999814335,0,59,192
5750_MRD,GSE227903,Post_treatment_unspecified,cellchat,Late GMP,pDC,HLA-DRB1,CD4,0.0255654284700561,0,141,192
5750_MRD,GSE227903,Post_treatment_unspecified,cellchat,LMPP,pDC,HLA-DRB1,CD4,0.0308378160247207,0,18,192
5750_MRD,GSE227903,Post_treatment_unspecified,cellchat,Monocyte,pDC,HLA-DRB1,CD4,0.0250412646572902,0,766,192
5750_MRD,GSE227903,Post_treatment_unspecified,cellchat,pDC,pDC,HLA-DRB1,CD4,0.0597105408342693,0,192,192
5750_MRD,GSE227903,Post_treatment_unspecified,cellchat,Pro-Monocyte,pDC,HLA-DRB1,CD4,0.0274850472481018,0,393,192
5750_MRD,GSE227903,Post_treatment_unspecified,cellchat,cDC,cDC,HLA-DRB5,CD4,0.00627638364105296,0,213,213
5750_MRD,GSE227903,Post_treatment_unspecified,cellchat,Cycling Progenitor,cDC,HLA-DRB5,CD4,0.00216662596837759,0.11,28,213
5750_MRD,GSE227903,Post_treatment_unspecified,cellchat,Early GMP,cDC,HLA-DRB5,CD4,0.00151153602281475,0.22,59,213
5750_MRD,GSE227903,Post_treatment_unspecified,cellchat,Late GMP,cDC,HLA-DRB5,CD4,0.0014656955029113,0.22,141,213
5750_MRD,GSE227903,Post_treatment_unspecified,cellchat,LMPP,cDC,HLA-DRB5,CD4,0.00150401183810052,0.19,18,213
5750_MRD,GSE227903,Post_treatment_unspecified,cellchat,Monocyte,cDC,HLA-DRB5,CD4,0.000801671104120262,0.28,766,213
5750_MRD,GSE227903,Post_treatment_unspecified,cellchat,pDC,cDC,HLA-DRB5,CD4,0.00520664416650683,0,192,213
5750_MRD,GSE227903,Post_treatment_unspecified,cellchat,Pro-Monocyte,cDC,HLA-DRB5,CD4,0.00168818774957782,0.19,393,213
5750_MRD,GSE227903,Post_treatment_unspecified,cellchat,cDC,Monocyte,HLA-DRB5,CD4,0.0124546388500772,0,213,766
5750_MRD,GSE227903,Post_treatment_unspecified,cellchat,Cycling Progenitor,Monocyte,HLA-DRB5,CD4,0.00431695226530442,0,28,766
5750_MRD,GSE227903,Post_treatment_unspecified,cellchat,Early GMP,Monocyte,HLA-DRB5,CD4,0.00301366428287734,0,59,766
5750_MRD,GSE227903,Post_treatment_unspecified,cellchat,Late GMP,Monocyte,HLA-DRB5,CD4,0.00292240188549738,0,141,766
5750_MRD,GSE227903,Post_treatment_unspecified,cellchat,LMPP,Monocyte,HLA-DRB5,CD4,0.0029986851999633,0,18,766
5750_MRD,GSE227903,Post_treatment_unspecified,cellchat,Monocyte,Monocyte,HLA-DRB5,CD4,0.00159948268511728,0.06,766,766
5750_MRD,GSE227903,Post_treatment_unspecified,cellchat,pDC,Monocyte,HLA-DRB5,CD4,0.010342844751176,0,192,766
5750_MRD,GSE227903,Post_treatment_unspecified,cellchat,Pro-Monocyte,Monocyte,HLA-DRB5,CD4,0.00336527658421446,0,393,766
5750_MRD,GSE227903,Post_treatment_unspecified,cellchat,cDC,pDC,HLA-DRB5,CD4,0.0502257585868582,0,213,192
5750_MRD,GSE227903,Post_treatment_unspecified,cellchat,Cycling Progenitor,pDC,HLA-DRB5,CD4,0.0178551583416997,0,28,192
5750_MRD,GSE227903,Post_treatment_unspecified,cellchat,Early GMP,pDC,HLA-DRB5,CD4,0.0125160629055508,0,59,192
5750_MRD,GSE227903,Post_treatment_unspecified,cellchat,Late GMP,pDC,HLA-DRB5,CD4,0.0121405447479006,0,141,192
5750_MRD,GSE227903,Post_treatment_unspecified,cellchat,LMPP,pDC,HLA-DRB5,CD4,0.012454443216946,0,18,192
5750_MRD,GSE227903,Post_treatment_unspecified,cellchat,Monocyte,pDC,HLA-DRB5,CD4,0.00667266260753786,0,766,192
5750_MRD,GSE227903,Post_treatment_unspecified,cellchat,pDC,pDC,HLA-DRB5,CD4,0.0419817975612285,0,192,192
5750_MRD,GSE227903,Post_treatment_unspecified,cellchat,Pro-Monocyte,pDC,HLA-DRB5,CD4,0.0139608208265804,0,393,192
5750_MRD,GSE227903,Post_treatment_unspecified,cellchat,cDC,cDC,MPZL1,MPZL1,0.000315320502076329,0,213,213
5750_MRD,GSE227903,Post_treatment_unspecified,cellchat,Cycling Progenitor,cDC,MPZL1,MPZL1,0.000598878186306356,0,28,213
5750_MRD,GSE227903,Post_treatment_unspecified,cellchat,Early GMP,cDC,MPZL1,MPZL1,0.000300770154198091,0,59,213
5750_MRD,GSE227903,Post_treatment_unspecified,cellchat,Late GMP,cDC,MPZL1,MPZL1,0.000281714302146284,0,141,213
5750_MRD,GSE227903,Post_treatment_unspecified,cellchat,LMPP,cDC,MPZL1,MPZL1,0.000217468920495023,0,18,213
5750_MRD,GSE227903,Post_treatment_unspecified,cellchat,pDC,cDC,MPZL1,MPZL1,0.000279699434265262,0,192,213
5750_MRD,GSE227903,Post_treatment_unspecified,cellchat,cDC,Cycling Progenitor,MPZL1,MPZL1,0.000598878186306356,0,213,28
5750_MRD,GSE227903,Post_treatment_unspecified,cellchat,Cycling Progenitor,Cycling Progenitor,MPZL1,MPZL1,0.00113714020851743,0,28,28
5750_MRD,GSE227903,Post_treatment_unspecified,cellchat,Early GMP,Cycling Progenitor,MPZL1,MPZL1,0.000571250651005695,0,59,28
5750_MRD,GSE227903,Post_treatment_unspecified,cellchat,Late GMP,Cycling Progenitor,MPZL1,MPZL1,0.000535067176529424,0,141,28
5750_MRD,GSE227903,Post_treatment_unspecified,cellchat,LMPP,Cycling Progenitor,MPZL1,MPZL1,0.000413068153402801,0,18,28
5750_MRD,GSE227903,Post_treatment_unspecified,cellchat,pDC,Cycling Progenitor,MPZL1,MPZL1,0.000531241249341975,0,192,28
5750_MRD,GSE227903,Post_treatment_unspecified,cellchat,cDC,Early GMP,MPZL1,MPZL1,0.000300770154198091,0,213,59
5750_MRD,GSE227903,Post_treatment_unspecified,cellchat,Cycling Progenitor,Early GMP,MPZL1,MPZL1,0.000571250651005695,0,28,59
5750_MRD,GSE227903,Post_treatment_unspecified,cellchat,Early GMP,Early GMP,MPZL1,MPZL1,0.000286891034052819,0.01,59,59
5750_MRD,GSE227903,Post_treatment_unspecified,cellchat,Late GMP,Early GMP,MPZL1,MPZL1,0.000268714283088288,0,141,59
5750_MRD,GSE227903,Post_treatment_unspecified,cellchat,LMPP,Early GMP,MPZL1,MPZL1,0.000207432960714433,0,18,59
5750_MRD,GSE227903,Post_treatment_unspecified,cellchat,pDC,Early GMP,MPZL1,MPZL1,0.000266792368708405,0,192,59
5750_MRD,GSE227903,Post_treatment_unspecified,cellchat,cDC,Late GMP,MPZL1,MPZL1,0.000281714302146284,0,213,141
5750_MRD,GSE227903,Post_treatment_unspecified,cellchat,Cycling Progenitor,Late GMP,MPZL1,MPZL1,0.000535067176529424,0,28,141
5750_MRD,GSE227903,Post_treatment_unspecified,cellchat,Early GMP,Late GMP,MPZL1,MPZL1,0.000268714283088288,0,59,141
5750_MRD,GSE227903,Post_treatment_unspecified,cellchat,Late GMP,Late GMP,MPZL1,MPZL1,0.000251688878997627,0,141,141
5750_MRD,GSE227903,Post_treatment_unspecified,cellchat,LMPP,Late GMP,MPZL1,MPZL1,0.000194289510721161,0,18,141
5750_MRD,GSE227903,Post_treatment_unspecified,cellchat,pDC,Late GMP,MPZL1,MPZL1,0.000249888704294812,0,192,141
5750_MRD,GSE227903,Post_treatment_unspecified,cellchat,cDC,LMPP,MPZL1,MPZL1,0.000217468920495023,0,213,18
5750_MRD,GSE227903,Post_treatment_unspecified,cellchat,Cycling Progenitor,LMPP,MPZL1,MPZL1,0.000413068153402801,0,28,18
5750_MRD,GSE227903,Post_treatment_unspecified,cellchat,Early GMP,LMPP,MPZL1,MPZL1,0.000207432960714433,0,59,18
5750_MRD,GSE227903,Post_treatment_unspecified,cellchat,Late GMP,LMPP,MPZL1,MPZL1,0.000194289510721161,0,141,18
5750_MRD,GSE227903,Post_treatment_unspecified,cellchat,LMPP,LMPP,MPZL1,MPZL1,0.000149978496745381,0.14,18,18
5750_MRD,GSE227903,Post_treatment_unspecified,cellchat,pDC,LMPP,MPZL1,MPZL1,0.000192899798943845,0,192,18
5750_MRD,GSE227903,Post_treatment_unspecified,cellchat,cDC,pDC,MPZL1,MPZL1,0.000279699434265262,0,213,192
5750_MRD,GSE227903,Post_treatment_unspecified,cellchat,Cycling Progenitor,pDC,MPZL1,MPZL1,0.000531241249341975,0,28,192
5750_MRD,GSE227903,Post_treatment_unspecified,cellchat,Early GMP,pDC,MPZL1,MPZL1,0.000266792368708405,0,59,192
5750_MRD,GSE227903,Post_treatment_unspecified,cellchat,Late GMP,pDC,MPZL1,MPZL1,0.000249888704294812,0,141,192
5750_MRD,GSE227903,Post_treatment_unspecified,cellchat,LMPP,pDC,MPZL1,MPZL1,0.000192899798943845,0,18,192
5750_MRD,GSE227903,Post_treatment_unspecified,cellchat,pDC,pDC,MPZL1,MPZL1,0.000248101401931716,0,192,192
5750_MRD,GSE227903,Post_treatment_unspecified,cellchat,Cycling Progenitor,CD4 Memory T,NECTIN2,TIGIT,0.00236889151804871,0,28,33
5750_MRD,GSE227903,Post_treatment_unspecified,cellchat,Early GMP,CD4 Memory T,NECTIN2,TIGIT,0.00218672260410386,0,59,33
5750_MRD,GSE227903,Post_treatment_unspecified,cellchat,Late GMP,CD4 Memory T,NECTIN2,TIGIT,0.000650344710532458,0,141,33
5750_MRD,GSE227903,Post_treatment_unspecified,cellchat,LMPP,CD4 Memory T,NECTIN2,TIGIT,0.00384420659629276,0,18,33
5750_MRD,GSE227903,Post_treatment_unspecified,cellchat,Cycling Progenitor,CD8 Memory T,NECTIN2,TIGIT,0.00352799995273464,0,28,43
5750_MRD,GSE227903,Post_treatment_unspecified,cellchat,Early GMP,CD8 Memory T,NECTIN2,TIGIT,0.00325698603850446,0,59,43
5750_MRD,GSE227903,Post_treatment_unspecified,cellchat,Late GMP,CD8 Memory T,NECTIN2,TIGIT,0.000969378149906663,0,141,43
5750_MRD,GSE227903,Post_treatment_unspecified,cellchat,LMPP,CD8 Memory T,NECTIN2,TIGIT,0.00572105310372528,0,18,43
5750_MRD,GSE227903,Post_treatment_unspecified,cellchat,cDC,cDC,NEGR1,NEGR1,0.00042311405238361,0,213,213
5750_MRD,GSE227903,Post_treatment_unspecified,cellchat,Cycling Progenitor,cDC,NEGR1,NEGR1,0.00194330430665296,0,28,213
5750_MRD,GSE227903,Post_treatment_unspecified,cellchat,Early GMP,cDC,NEGR1,NEGR1,0.001197355573238,0,59,213
5750_MRD,GSE227903,Post_treatment_unspecified,cellchat,Late GMP,cDC,NEGR1,NEGR1,0.000365788078202149,0,141,213
5750_MRD,GSE227903,Post_treatment_unspecified,cellchat,LMPP,cDC,NEGR1,NEGR1,0.00264661947668137,0,18,213
5750_MRD,GSE227903,Post_treatment_unspecified,cellchat,cDC,Cycling Progenitor,NEGR1,NEGR1,0.00194330430665296,0,213,28
5750_MRD,GSE227903,Post_treatment_unspecified,cellchat,Cycling Progenitor,Cycling Progenitor,NEGR1,NEGR1,0.00887682357975103,0,28,28
5750_MRD,GSE227903,Post_treatment_unspecified,cellchat,Early GMP,Cycling Progenitor,NEGR1,NEGR1,0.00548402689005725,0,59,28
5750_MRD,GSE227903,Post_treatment_unspecified,cellchat,Late GMP,Cycling Progenitor,NEGR1,NEGR1,0.00168036027874929,0,141,28
5750_MRD,GSE227903,Post_treatment_unspecified,cellchat,LMPP,Cycling Progenitor,NEGR1,NEGR1,0.0120591785978788,0,18,28
5750_MRD,GSE227903,Post_treatment_unspecified,cellchat,cDC,Early GMP,NEGR1,NEGR1,0.001197355573238,0,213,59
5750_MRD,GSE227903,Post_treatment_unspecified,cellchat,Cycling Progenitor,Early GMP,NEGR1,NEGR1,0.00548402689005725,0,28,59
5750_MRD,GSE227903,Post_treatment_unspecified,cellchat,Early GMP,Early GMP,NEGR1,NEGR1,0.00338355870741077,0,59,59
5750_MRD,GSE227903,Post_treatment_unspecified,cellchat,Late GMP,Early GMP,NEGR1,NEGR1,0.00103523945674711,0,141,59
5750_MRD,GSE227903,Post_treatment_unspecified,cellchat,LMPP,Early GMP,NEGR1,NEGR1,0.00745921310450514,0,18,59
5750_MRD,GSE227903,Post_treatment_unspecified,cellchat,cDC,Late GMP,NEGR1,NEGR1,0.000365788078202149,0,213,141
5750_MRD,GSE227903,Post_treatment_unspecified,cellchat,Cycling Progenitor,Late GMP,NEGR1,NEGR1,0.00168036027874929,0,28,141
5750_MRD,GSE227903,Post_treatment_unspecified,cellchat,Early GMP,Late GMP,NEGR1,NEGR1,0.00103523945674711,0,59,141
5750_MRD,GSE227903,Post_treatment_unspecified,cellchat,Late GMP,Late GMP,NEGR1,NEGR1,0.000316226506201674,0,141,141
5750_MRD,GSE227903,Post_treatment_unspecified,cellchat,LMPP,Late GMP,NEGR1,NEGR1,0.00228872972238161,0,18,141
5750_MRD,GSE227903,Post_treatment_unspecified,cellchat,cDC,LMPP,NEGR1,NEGR1,0.00264661947668137,0,213,18
5750_MRD,GSE227903,Post_treatment_unspecified,cellchat,Cycling Progenitor,LMPP,NEGR1,NEGR1,0.0120591785978788,0,28,18
5750_MRD,GSE227903,Post_treatment_unspecified,cellchat,Early GMP,LMPP,NEGR1,NEGR1,0.00745921310450514,0,59,18
5750_MRD,GSE227903,Post_treatment_unspecified,cellchat,Late GMP,LMPP,NEGR1,NEGR1,0.00228872972238161,0,141,18
5750_MRD,GSE227903,Post_treatment_unspecified,cellchat,LMPP,LMPP,NEGR1,NEGR1,0.0163635767557413,0,18,18
5750_MRD,GSE227903,Post_treatment_unspecified,cellchat,Cycling Progenitor,Cycling Progenitor,OCLN,OCLN,3.92391611183179e-06,0,28,28
5750_MRD,GSE227903,Post_treatment_unspecified,cellchat,Early GMP,Cycling Progenitor,OCLN,OCLN,3.44008300233874e-05,0,59,28
5750_MRD,GSE227903,Post_treatment_unspecified,cellchat,Cycling Progenitor,Early GMP,OCLN,OCLN,3.44008300233874e-05,0,28,59
5750_MRD,GSE227903,Post_treatment_unspecified,cellchat,Early GMP,Early GMP,OCLN,OCLN,0.000301519453388543,0,59,59
5750_MRD,GSE227903,Post_treatment_unspecified,cellchat,Cycling Progenitor,cDC,PECAM1,PECAM1,0.00207834082666269,0.34,28,213
5750_MRD,GSE227903,Post_treatment_unspecified,cellchat,Early GMP,cDC,PECAM1,PECAM1,0.00148444116434491,0.5,59,213
5750_MRD,GSE227903,Post_treatment_unspecified,cellchat,Late GMP,cDC,PECAM1,PECAM1,0.00130900914934828,0.9,141,213
5750_MRD,GSE227903,Post_treatment_unspecified,cellchat,LMPP,cDC,PECAM1,PECAM1,0.00285955395582758,0.23,18,213
5750_MRD,GSE227903,Post_treatment_unspecified,cellchat,cDC,Cycling Progenitor,PECAM1,PECAM1,0.00207834082666269,0.34,213,28
5750_MRD,GSE227903,Post_treatment_unspecified,cellchat,Cycling Progenitor,Cycling Progenitor,PECAM1,PECAM1,0.00824618806092081,0.06,28,28
5750_MRD,GSE227903,Post_treatment_unspecified,cellchat,Early GMP,Cycling Progenitor,PECAM1,PECAM1,0.00590020597317292,0.01,59,28
5750_MRD,GSE227903,Post_treatment_unspecified,cellchat,Late GMP,Cycling Progenitor,PECAM1,PECAM1,0.00520563725631169,0.03,141,28
5750_MRD,GSE227903,Post_treatment_unspecified,cellchat,LMPP,Cycling Progenitor,PECAM1,PECAM1,0.011319492892785,0,18,28
5750_MRD,GSE227903,Post_treatment_unspecified,cellchat,Monocyte,Cycling Progenitor,PECAM1,PECAM1,0.00456849603482421,0.01,766,28
5750_MRD,GSE227903,Post_treatment_unspecified,cellchat,pDC,Cycling Progenitor,PECAM1,PECAM1,0.00288028105069312,0.12,192,28
5750_MRD,GSE227903,Post_treatment_unspecified,cellchat,Pro-Monocyte,Cycling Progenitor,PECAM1,PECAM1,0.0033189511000669,0.08,393,28
5750_MRD,GSE227903,Post_treatment_unspecified,cellchat,cDC,Early GMP,PECAM1,PECAM1,0.00148444116434491,0.5,213,59
5750_MRD,GSE227903,Post_treatment_unspecified,cellchat,Cycling Progenitor,Early GMP,PECAM1,PECAM1,0.00590020597317292,0.01,28,59
5750_MRD,GSE227903,Post_treatment_unspecified,cellchat,Early GMP,Early GMP,PECAM1,PECAM1,0.00421880006713886,0.13,59,59
5750_MRD,GSE227903,Post_treatment_unspecified,cellchat,Late GMP,Early GMP,PECAM1,PECAM1,0.00372142447882939,0.05,141,59
5750_MRD,GSE227903,Post_treatment_unspecified,cellchat,LMPP,Early GMP,PECAM1,PECAM1,0.00810632391358726,0.02,18,59
5750_MRD,GSE227903,Post_treatment_unspecified,cellchat,Monocyte,Early GMP,PECAM1,PECAM1,0.00326534641098967,0.03,766,59
5750_MRD,GSE227903,Post_treatment_unspecified,cellchat,pDC,Early GMP,PECAM1,PECAM1,0.00205769417840895,0.18,192,59
5750_MRD,GSE227903,Post_treatment_unspecified,cellchat,Pro-Monocyte,Early GMP,PECAM1,PECAM1,0.00237138126725327,0.14,393,59
5750_MRD,GSE227903,Post_treatment_unspecified,cellchat,cDC,Late GMP,PECAM1,PECAM1,0.00130900914934828,0.9,213,141
5750_MRD,GSE227903,Post_treatment_unspecified,cellchat,Cycling Progenitor,Late GMP,PECAM1,PECAM1,0.00520563725631169,0.03,28,141
5750_MRD,GSE227903,Post_treatment_unspecified,cellchat,Early GMP,Late GMP,PECAM1,PECAM1,0.00372142447882939,0.05,59,141
5750_MRD,GSE227903,Post_treatment_unspecified,cellchat,Late GMP,Late GMP,PECAM1,PECAM1,0.0032824937089966,0.14,141,141
5750_MRD,GSE227903,Post_treatment_unspecified,cellchat,LMPP,Late GMP,PECAM1,PECAM1,0.00715392123377315,0,18,141
5750_MRD,GSE227903,Post_treatment_unspecified,cellchat,Monocyte,Late GMP,PECAM1,PECAM1,0.00288005316534397,0.02,766,141
5750_MRD,GSE227903,Post_treatment_unspecified,cellchat,pDC,Late GMP,PECAM1,PECAM1,0.00181463794906216,0.18,192,141
5750_MRD,GSE227903,Post_treatment_unspecified,cellchat,Pro-Monocyte,Late GMP,PECAM1,PECAM1,0.00209134975703574,0.13,393,141
5750_MRD,GSE227903,Post_treatment_unspecified,cellchat,cDC,LMPP,PECAM1,PECAM1,0.00285955395582758,0.23,213,18
5750_MRD,GSE227903,Post_treatment_unspecified,cellchat,Cycling Progenitor,LMPP,PECAM1,PECAM1,0.011319492892785,0,28,18
5750_MRD,GSE227903,Post_treatment_unspecified,cellchat,Early GMP,LMPP,PECAM1,PECAM1,0.00810632391358726,0.02,59,18
5750_MRD,GSE227903,Post_treatment_unspecified,cellchat,Late GMP,LMPP,PECAM1,PECAM1,0.00715392123377315,0,141,18
5750_MRD,GSE227903,Post_treatment_unspecified,cellchat,LMPP,LMPP,PECAM1,PECAM1,0.0155202752329928,0.02,18,18
5750_MRD,GSE227903,Post_treatment_unspecified,cellchat,Monocyte,LMPP,PECAM1,PECAM1,0.00627982614266194,0,766,18
5750_MRD,GSE227903,Post_treatment_unspecified,cellchat,pDC,LMPP,PECAM1,PECAM1,0.00396173323755239,0.09,192,18
5750_MRD,GSE227903,Post_treatment_unspecified,cellchat,Pro-Monocyte,LMPP,PECAM1,PECAM1,0.00456435572338325,0.04,393,18
5750_MRD,GSE227903,Post_treatment_unspecified,cellchat,Cycling Progenitor,Monocyte,PECAM1,PECAM1,0.00456849603482421,0.01,28,766
5750_MRD,GSE227903,Post_treatment_unspecified,cellchat,Early GMP,Monocyte,PECAM1,PECAM1,0.00326534641098967,0.03,59,766
5750_MRD,GSE227903,Post_treatment_unspecified,cellchat,Late GMP,Monocyte,PECAM1,PECAM1,0.00288005316534397,0.02,141,766
5750_MRD,GSE227903,Post_treatment_unspecified,cellchat,LMPP,Monocyte,PECAM1,PECAM1,0.00627982614266194,0,18,766
5750_MRD,GSE227903,Post_treatment_unspecified,cellchat,Monocyte,Monocyte,PECAM1,PECAM1,0.00252682758348934,0,766,766
5750_MRD,GSE227903,Post_treatment_unspecified,cellchat,pDC,Monocyte,PECAM1,PECAM1,0.00159187214884624,0.16,192,766
5750_MRD,GSE227903,Post_treatment_unspecified,cellchat,Pro-Monocyte,Monocyte,PECAM1,PECAM1,0.00183467712227225,0.01,393,766
5750_MRD,GSE227903,Post_treatment_unspecified,cellchat,Cycling Progenitor,pDC,PECAM1,PECAM1,0.00288028105069312,0.12,28,192
5750_MRD,GSE227903,Post_treatment_unspecified,cellchat,Early GMP,pDC,PECAM1,PECAM1,0.00205769417840895,0.18,59,192
5750_MRD,GSE227903,Post_treatment_unspecified,cellchat,Late GMP,pDC,PECAM1,PECAM1,0.00181463794906216,0.18,141,192
5750_MRD,GSE227903,Post_treatment_unspecified,cellchat,LMPP,pDC,PECAM1,PECAM1,0.00396173323755239,0.09,18,192
5750_MRD,GSE227903,Post_treatment_unspecified,cellchat,Monocyte,pDC,PECAM1,PECAM1,0.00159187214884624,0.16,766,192
5750_MRD,GSE227903,Post_treatment_unspecified,cellchat,pDC,pDC,PECAM1,PECAM1,0.00100251334763465,0.97,192,192
5750_MRD,GSE227903,Post_treatment_unspecified,cellchat,Pro-Monocyte,pDC,PECAM1,PECAM1,0.00115552867982546,0.97,393,192
5750_MRD,GSE227903,Post_treatment_unspecified,cellchat,Cycling Progenitor,Pro-Monocyte,PECAM1,PECAM1,0.0033189511000669,0.08,28,393
5750_MRD,GSE227903,Post_treatment_unspecified,cellchat,Early GMP,Pro-Monocyte,PECAM1,PECAM1,0.00237138126725327,0.14,59,393
5750_MRD,GSE227903,Post_treatment_unspecified,cellchat,Late GMP,Pro-Monocyte,PECAM1,PECAM1,0.00209134975703574,0.13,141,393
5750_MRD,GSE227903,Post_treatment_unspecified,cellchat,LMPP,Pro-Monocyte,PECAM1,PECAM1,0.00456435572338325,0.04,18,393
5750_MRD,GSE227903,Post_treatment_unspecified,cellchat,Monocyte,Pro-Monocyte,PECAM1,PECAM1,0.00183467712227225,0.01,766,393
5750_MRD,GSE227903,Post_treatment_unspecified,cellchat,pDC,Pro-Monocyte,PECAM1,PECAM1,0.00115552867982546,0.97,192,393
5750_MRD,GSE227903,Post_treatment_unspecified,cellchat,Pro-Monocyte,Pro-Monocyte,PECAM1,PECAM1,0.00133186786770663,0.78,393,393
5750_MRD,GSE227903,Post_treatment_unspecified,cellchat,Cycling Progenitor,Cycling Progenitor,PTPRM,PTPRM,3.92391611183179e-06,0,28,28
5750_MRD,GSE227903,Post_treatment_unspecified,cellchat,Cycling Progenitor,CD4 Memory T,PVR,TIGIT,0.000430509610063315,0,28,33
5750_MRD,GSE227903,Post_treatment_unspecified,cellchat,Cycling Progenitor,CD8 Memory T,PVR,TIGIT,0.000641769883296152,0,28,43
5750_MRD,GSE227903,Post_treatment_unspecified,cellchat,cDC,Cycling Progenitor,SELL,CD34,0.029487858973817,0,213,28
5750_MRD,GSE227903,Post_treatment_unspecified,cellchat,Cycling Progenitor,Cycling Progenitor,SELL,CD34,0.0335177851890587,0,28,28
5750_MRD,GSE227903,Post_treatment_unspecified,cellchat,Early GMP,Cycling Progenitor,SELL,CD34,0.0328552985120112,0,59,28
5750_MRD,GSE227903,Post_treatment_unspecified,cellchat,Late GMP,Cycling Progenitor,SELL,CD34,0.0167437460744892,0,141,28
5750_MRD,GSE227903,Post_treatment_unspecified,cellchat,LMPP,Cycling Progenitor,SELL,CD34,0.0437695985305406,0,18,28
5750_MRD,GSE227903,Post_treatment_unspecified,cellchat,Monocyte,Cycling Progenitor,SELL,CD34,0.0264845899337119,0,766,28
5750_MRD,GSE227903,Post_treatment_unspecified,cellchat,Naive T,Cycling Progenitor,SELL,CD34,0.0100241279428942,0,35,28
5750_MRD,GSE227903,Post_treatment_unspecified,cellchat,pDC,Cycling Progenitor,SELL,CD34,0.0273134818089852,0,192,28
5750_MRD,GSE227903,Post_treatment_unspecified,cellchat,Pro-Monocyte,Cycling Progenitor,SELL,CD34,0.00628439524218731,0,393,28
5750_MRD,GSE227903,Post_treatment_unspecified,cellchat,cDC,Early GMP,SELL,CD34,0.0152756949070848,0,213,59
5750_MRD,GSE227903,Post_treatment_unspecified,cellchat,Cycling Progenitor,Early GMP,SELL,CD34,0.0173981501481099,0,28,59
5750_MRD,GSE227903,Post_treatment_unspecified,cellchat,Early GMP,Early GMP,SELL,CD34,0.017048651519489,0,59,59
5750_MRD,GSE227903,Post_treatment_unspecified,cellchat,Late GMP,Early GMP,SELL,CD34,0.00861926901432662,0,141,59
5750_MRD,GSE227903,Post_treatment_unspecified,cellchat,LMPP,Early GMP,SELL,CD34,0.0228360765934016,0,18,59
5750_MRD,GSE227903,Post_treatment_unspecified,cellchat,Monocyte,Early GMP,SELL,CD34,0.0136994691846984,0,766,59
5750_MRD,GSE227903,Post_treatment_unspecified,cellchat,Naive T,Early GMP,SELL,CD34,0.00514311990290443,0,35,59
5750_MRD,GSE227903,Post_treatment_unspecified,cellchat,pDC,Early GMP,SELL,CD34,0.0141340327864404,0,192,59
5750_MRD,GSE227903,Post_treatment_unspecified,cellchat,Pro-Monocyte,Early GMP,SELL,CD34,0.00321844007176894,0,393,59
5750_MRD,GSE227903,Post_treatment_unspecified,cellchat,cDC,LMPP,SELL,CD34,0.0327418423430526,0,213,18
5750_MRD,GSE227903,Post_treatment_unspecified,cellchat,Cycling Progenitor,LMPP,SELL,CD34,0.0371994253689515,0,28,18
5750_MRD,GSE227903,Post_treatment_unspecified,cellchat,Early GMP,LMPP,SELL,CD34,0.0364669159032,0,59,18
5750_MRD,GSE227903,Post_treatment_unspecified,cellchat,Late GMP,LMPP,SELL,CD34,0.0186183962155112,0,141,18
5750_MRD,GSE227903,Post_treatment_unspecified,cellchat,LMPP,LMPP,SELL,CD34,0.04852077934172,0,18,18
5750_MRD,GSE227903,Post_treatment_unspecified,cellchat,Monocyte,LMPP,SELL,CD34,0.0294172081448041,0,766,18
5750_MRD,GSE227903,Post_treatment_unspecified,cellchat,Naive T,LMPP,SELL,CD34,0.0111549766874932,0,35,18
5750_MRD,GSE227903,Post_treatment_unspecified,cellchat,pDC,LMPP,SELL,CD34,0.0303350226068241,0,192,18
5750_MRD,GSE227903,Post_treatment_unspecified,cellchat,Pro-Monocyte,LMPP,SELL,CD34,0.00699633628265785,0,393,18
5750_MRD,GSE227903,Post_treatment_unspecified,cellchat,CD4 Memory T,cDC,SELPLG,SELL,0.00713466488339424,0,33,213
5750_MRD,GSE227903,Post_treatment_unspecified,cellchat,cDC,cDC,SELPLG,SELL,0.00328620282775735,0.06,213,213
5750_MRD,GSE227903,Post_treatment_unspecified,cellchat,Cycling Progenitor,cDC,SELPLG,SELL,0.000370967844746043,0.76,28,213
5750_MRD,GSE227903,Post_treatment_unspecified,cellchat,Monocyte,cDC,SELPLG,SELL,0.00525048694667219,0,766,213
5750_MRD,GSE227903,Post_treatment_unspecified,cellchat,pDC,cDC,SELPLG,SELL,0.00636330457760437,0,192,213
5750_MRD,GSE227903,Post_treatment_unspecified,cellchat,Pro-Monocyte,cDC,SELPLG,SELL,0.00373797285273276,0.01,393,213
5750_MRD,GSE227903,Post_treatment_unspecified,cellchat,CD4 Memory T,Cycling Progenitor,SELPLG,SELL,0.00813532361680424,0,33,28
5750_MRD,GSE227903,Post_treatment_unspecified,cellchat,cDC,Cycling Progenitor,SELPLG,SELL,0.00374914107293162,0.06,213,28
5750_MRD,GSE227903,Post_treatment_unspecified,cellchat,Cycling Progenitor,Cycling Progenitor,SELPLG,SELL,0.000423401765589214,0.7,28,28
5750_MRD,GSE227903,Post_treatment_unspecified,cellchat,Monocyte,Cycling Progenitor,SELPLG,SELL,0.00598847781649923,0,766,28
5750_MRD,GSE227903,Post_treatment_unspecified,cellchat,pDC,Cycling Progenitor,SELPLG,SELL,0.00725656834939073,0,192,28
5750_MRD,GSE227903,Post_treatment_unspecified,cellchat,Pro-Monocyte,Cycling Progenitor,SELPLG,SELL,0.00426428114972521,0.01,393,28
5750_MRD,GSE227903,Post_treatment_unspecified,cellchat,CD4 Memory T,Early GMP,SELPLG,SELL,0.007970389747555,0,33,59
5750_MRD,GSE227903,Post_treatment_unspecified,cellchat,cDC,Early GMP,SELPLG,SELL,0.00367280248070586,0.02,213,59
5750_MRD,GSE227903,Post_treatment_unspecified,cellchat,Cycling Progenitor,Early GMP,SELPLG,SELL,0.000414752427341809,0.72,28,59
5750_MRD,GSE227903,Post_treatment_unspecified,cellchat,Monocyte,Early GMP,SELPLG,SELL,0.00586681120955497,0,766,59
5750_MRD,GSE227903,Post_treatment_unspecified,cellchat,pDC,Early GMP,SELPLG,SELL,0.00710932248634709,0,192,59
5750_MRD,GSE227903,Post_treatment_unspecified,cellchat,Pro-Monocyte,Early GMP,SELPLG,SELL,0.0041774974531678,0,393,59
5750_MRD,GSE227903,Post_treatment_unspecified,cellchat,CD4 Memory T,Late GMP,SELPLG,SELL,0.00401126451188446,0.13,33,141
5750_MRD,GSE227903,Post_treatment_unspecified,cellchat,cDC,Late GMP,SELPLG,SELL,0.00184444524257229,0.71,213,141
5750_MRD,GSE227903,Post_treatment_unspecified,cellchat,Cycling Progenitor,Late GMP,SELPLG,SELL,0.00020794607645314,0.77,28,141
5750_MRD,GSE227903,Post_treatment_unspecified,cellchat,Monocyte,Late GMP,SELPLG,SELL,0.00294948812720277,0.08,766,141
5750_MRD,GSE227903,Post_treatment_unspecified,cellchat,pDC,Late GMP,SELPLG,SELL,0.00357637252678203,0.1,192,141
5750_MRD,GSE227903,Post_treatment_unspecified,cellchat,Pro-Monocyte,Late GMP,SELPLG,SELL,0.00209842724521473,0.72,393,141
5750_MRD,GSE227903,Post_treatment_unspecified,cellchat,CD4 Memory T,LMPP,SELPLG,SELL,0.0107096371615576,0,33,18
5750_MRD,GSE227903,Post_treatment_unspecified,cellchat,cDC,LMPP,SELPLG,SELL,0.00494242234192021,0.01,213,18
5750_MRD,GSE227903,Post_treatment_unspecified,cellchat,Cycling Progenitor,LMPP,SELPLG,SELL,0.000558756285223155,0.65,28,18
5750_MRD,GSE227903,Post_treatment_unspecified,cellchat,Monocyte,LMPP,SELPLG,SELL,0.00788885410802371,0,766,18
5750_MRD,GSE227903,Post_treatment_unspecified,cellchat,pDC,LMPP,SELPLG,SELL,0.00955549052137285,0,192,18
5750_MRD,GSE227903,Post_treatment_unspecified,cellchat,Pro-Monocyte,LMPP,SELPLG,SELL,0.00562059682321094,0,393,18
5750_MRD,GSE227903,Post_treatment_unspecified,cellchat,CD4 Memory T,Monocyte,SELPLG,SELL,0.0063930193580641,0,33,766
5750_MRD,GSE227903,Post_treatment_unspecified,cellchat,cDC,Monocyte,SELPLG,SELL,0.00294341741058348,0.17,213,766
5750_MRD,GSE227903,Post_treatment_unspecified,cellchat,Cycling Progenitor,Monocyte,SELPLG,SELL,0.000332170665547504,0.77,28,766
5750_MRD,GSE227903,Post_treatment_unspecified,cellchat,Monocyte,Monocyte,SELPLG,SELL,0.00470377305579068,0,766,766
5750_MRD,GSE227903,Post_treatment_unspecified,cellchat,pDC,Monocyte,SELPLG,SELL,0.00570138120710566,0,192,766
5750_MRD,GSE227903,Post_treatment_unspecified,cellchat,Pro-Monocyte,Monocyte,SELPLG,SELL,0.00334822138724166,0.02,393,766
5750_MRD,GSE227903,Post_treatment_unspecified,cellchat,CD4 Memory T,Naive T,SELPLG,SELL,0.00238904408601495,0.42,33,35
5750_MRD,GSE227903,Post_treatment_unspecified,cellchat,cDC,Naive T,SELPLG,SELL,0.00109755601368418,0.84,213,35
5750_MRD,GSE227903,Post_treatment_unspecified,cellchat,Cycling Progenitor,Naive T,SELPLG,SELL,0.000123658342687325,0.78,28,35
5750_MRD,GSE227903,Post_treatment_unspecified,cellchat,Monocyte,Naive T,SELPLG,SELL,0.00175591026809696,0.8,766,35
5750_MRD,GSE227903,Post_treatment_unspecified,cellchat,pDC,Naive T,SELPLG,SELL,0.00212965340669909,0.52,192,35
5750_MRD,GSE227903,Post_treatment_unspecified,cellchat,Pro-Monocyte,Naive T,SELPLG,SELL,0.00124881927822963,0.89,393,35
5750_MRD,GSE227903,Post_treatment_unspecified,cellchat,CD4 Memory T,pDC,SELPLG,SELL,0.00659736390879361,0,33,192
5750_MRD,GSE227903,Post_treatment_unspecified,cellchat,cDC,pDC,SELPLG,SELL,0.00303783703397356,0.15,213,192
5750_MRD,GSE227903,Post_treatment_unspecified,cellchat,Cycling Progenitor,pDC,SELPLG,SELL,0.000342854916602759,0.77,28,192
5750_MRD,GSE227903,Post_treatment_unspecified,cellchat,Monocyte,pDC,SELPLG,SELL,0.00485438684199767,0,766,192
5750_MRD,GSE227903,Post_treatment_unspecified,cellchat,pDC,pDC,SELPLG,SELL,0.00588374935450999,0,192,192
5750_MRD,GSE227903,Post_treatment_unspecified,cellchat,Pro-Monocyte,pDC,SELPLG,SELL,0.00345558140151407,0.01,393,192
5750_MRD,GSE227903,Post_treatment_unspecified,cellchat,CD4 Memory T,Pro-Monocyte,SELPLG,SELL,0.00149345884224569,0.62,33,393
5750_MRD,GSE227903,Post_treatment_unspecified,cellchat,cDC,Pro-Monocyte,SELPLG,SELL,0.000685780410713704,0.92,213,393
5750_MRD,GSE227903,Post_treatment_unspecified,cellchat,Cycling Progenitor,Pro-Monocyte,SELPLG,SELL,7.72365692260578e-05,0.78,28,393
5750_MRD,GSE227903,Post_treatment_unspecified,cellchat,pDC,Pro-Monocyte,SELPLG,SELL,0.00133117666110323,0.86,192,393
5750_MRD,GSE227903,Post_treatment_unspecified,cellchat,Pro-Monocyte,Pro-Monocyte,SELPLG,SELL,0.000780337809447667,0.98,393,393
5750_MRD,GSE227903,Post_treatment_unspecified,cellchat,cDC,cDC,SEMA4A,PLXNB2,0.00749473447696613,0,213,213
5750_MRD,GSE227903,Post_treatment_unspecified,cellchat,Cycling Progenitor,cDC,SEMA4A,PLXNB2,0.000890758852366724,0.5,28,213
5750_MRD,GSE227903,Post_treatment_unspecified,cellchat,Early GMP,cDC,SEMA4A,PLXNB2,0.0012566727610445,0.11,59,213
5750_MRD,GSE227903,Post_treatment_unspecified,cellchat,Late GMP,cDC,SEMA4A,PLXNB2,0.00150295351120537,0,141,213
5750_MRD,GSE227903,Post_treatment_unspecified,cellchat,Monocyte,cDC,SEMA4A,PLXNB2,0.00250106259733487,0,766,213
5750_MRD,GSE227903,Post_treatment_unspecified,cellchat,Pro-Monocyte,cDC,SEMA4A,PLXNB2,0.00227159897476028,0,393,213
5750_MRD,GSE227903,Post_treatment_unspecified,cellchat,cDC,Cycling Progenitor,SEMA4A,PLXNB2,0.00387401267683741,0,213,28
5750_MRD,GSE227903,Post_treatment_unspecified,cellchat,Cycling Progenitor,Cycling Progenitor,SEMA4A,PLXNB2,0.000458956091799484,0.71,28,28
5750_MRD,GSE227903,Post_treatment_unspecified,cellchat,Early GMP,Cycling Progenitor,SEMA4A,PLXNB2,0.000647605165075728,0.69,59,28
5750_MRD,GSE227903,Post_treatment_unspecified,cellchat,Late GMP,Cycling Progenitor,SEMA4A,PLXNB2,0.000774614383726208,0.67,141,28
5750_MRD,GSE227903,Post_treatment_unspecified,cellchat,Monocyte,Cycling Progenitor,SEMA4A,PLXNB2,0.00128965932241179,0.27,766,28
5750_MRD,GSE227903,Post_treatment_unspecified,cellchat,Pro-Monocyte,Cycling Progenitor,SEMA4A,PLXNB2,0.00117120715709253,0.37,393,28
5750_MRD,GSE227903,Post_treatment_unspecified,cellchat,cDC,Early GMP,SEMA4A,PLXNB2,0.00184589087036439,0.09,213,59
5750_MRD,GSE227903,Post_treatment_unspecified,cellchat,Cycling Progenitor,Early GMP,SEMA4A,PLXNB2,0.000218291763258457,0.79,28,59
5750_MRD,GSE227903,Post_treatment_unspecified,cellchat,Early GMP,Early GMP,SEMA4A,PLXNB2,0.000308048783057919,0.87,59,59
5750_MRD,GSE227903,Post_treatment_unspecified,cellchat,Late GMP,Early GMP,SEMA4A,PLXNB2,0.000368488290598716,0.97,141,59
5750_MRD,GSE227903,Post_treatment_unspecified,cellchat,Monocyte,Early GMP,SEMA4A,PLXNB2,0.000613663818646745,0.97,766,59
5750_MRD,GSE227903,Post_treatment_unspecified,cellchat,Pro-Monocyte,Early GMP,SEMA4A,PLXNB2,0.000557265600562463,0.98,393,59
5750_MRD,GSE227903,Post_treatment_unspecified,cellchat,cDC,Late GMP,SEMA4A,PLXNB2,0.00186124050794997,0.01,213,141
5750_MRD,GSE227903,Post_treatment_unspecified,cellchat,Cycling Progenitor,Late GMP,SEMA4A,PLXNB2,0.000220109968601442,0.78,28,141
5750_MRD,GSE227903,Post_treatment_unspecified,cellchat,Early GMP,Late GMP,SEMA4A,PLXNB2,0.000310614364244269,0.87,59,141
5750_MRD,GSE227903,Post_treatment_unspecified,cellchat,Late GMP,Late GMP,SEMA4A,PLXNB2,0.000371557054526495,0.97,141,141
5750_MRD,GSE227903,Post_treatment_unspecified,cellchat,cDC,LMPP,SEMA4A,PLXNB2,0.00416551396368384,0,213,18
5750_MRD,GSE227903,Post_treatment_unspecified,cellchat,Cycling Progenitor,LMPP,SEMA4A,PLXNB2,0.000493617722210391,0.69,28,18
5750_MRD,GSE227903,Post_treatment_unspecified,cellchat,Early GMP,LMPP,SEMA4A,PLXNB2,0.000696504166164439,0.64,59,18
5750_MRD,GSE227903,Post_treatment_unspecified,cellchat,Late GMP,LMPP,SEMA4A,PLXNB2,0.000833095529707797,0.52,141,18
5750_MRD,GSE227903,Post_treatment_unspecified,cellchat,Monocyte,LMPP,SEMA4A,PLXNB2,0.00138697089853929,0.26,766,18
5750_MRD,GSE227903,Post_treatment_unspecified,cellchat,Pro-Monocyte,LMPP,SEMA4A,PLXNB2,0.0012595921671659,0.33,393,18
5750_MRD,GSE227903,Post_treatment_unspecified,cellchat,cDC,Monocyte,SEMA4A,PLXNB2,0.0046129398932341,0,213,766
5750_MRD,GSE227903,Post_treatment_unspecified,cellchat,Cycling Progenitor,Monocyte,SEMA4A,PLXNB2,0.000546854743315944,0.74,28,766
5750_MRD,GSE227903,Post_treatment_unspecified,cellchat,Early GMP,Monocyte,SEMA4A,PLXNB2,0.000771605741822464,0.7,59,766
5750_MRD,GSE227903,Post_treatment_unspecified,cellchat,Late GMP,Monocyte,SEMA4A,PLXNB2,0.000922911665716691,0.45,141,766
5750_MRD,GSE227903,Post_treatment_unspecified,cellchat,Monocyte,Monocyte,SEMA4A,PLXNB2,0.00153640858853032,0,766,766
5750_MRD,GSE227903,Post_treatment_unspecified,cellchat,Pro-Monocyte,Monocyte,SEMA4A,PLXNB2,0.00139532474896863,0,393,766
5750_MRD,GSE227903,Post_treatment_unspecified,cellchat,cDC,pDC,SEMA4A,PLXNB2,0.00353641442222874,0,213,192
5750_MRD,GSE227903,Post_treatment_unspecified,cellchat,Cycling Progenitor,pDC,SEMA4A,PLXNB2,0.000418835537444386,0.76,28,192
5750_MRD,GSE227903,Post_treatment_unspecified,cellchat,Early GMP,pDC,SEMA4A,PLXNB2,0.000591003229712019,0.81,59,192
5750_MRD,GSE227903,Post_treatment_unspecified,cellchat,Late GMP,pDC,SEMA4A,PLXNB2,0.000706919451181856,0.82,141,192
5750_MRD,GSE227903,Post_treatment_unspecified,cellchat,Monocyte,pDC,SEMA4A,PLXNB2,0.00117700671303628,0.01,766,192
5750_MRD,GSE227903,Post_treatment_unspecified,cellchat,Pro-Monocyte,pDC,SEMA4A,PLXNB2,0.00106889035008337,0.15,393,192
5750_MRD,GSE227903,Post_treatment_unspecified,cellchat,cDC,Pro-Monocyte,SEMA4A,PLXNB2,0.00356719522580083,0,213,393
5750_MRD,GSE227903,Post_treatment_unspecified,cellchat,Cycling Progenitor,Pro-Monocyte,SEMA4A,PLXNB2,0.000422492569625791,0.76,28,393
5750_MRD,GSE227903,Post_treatment_unspecified,cellchat,Early GMP,Pro-Monocyte,SEMA4A,PLXNB2,0.000596162635068822,0.81,59,393
5750_MRD,GSE227903,Post_treatment_unspecified,cellchat,Late GMP,Pro-Monocyte,SEMA4A,PLXNB2,0.000713090072758771,0.85,141,393
5750_MRD,GSE227903,Post_treatment_unspecified,cellchat,Monocyte,Pro-Monocyte,SEMA4A,PLXNB2,0.00118727579900346,0,766,393
5750_MRD,GSE227903,Post_treatment_unspecified,cellchat,Pro-Monocyte,Pro-Monocyte,SEMA4A,PLXNB2,0.00107821716638857,0.1,393,393
5750_MRD,GSE227903,Post_treatment_unspecified,cellchat,CD4 Memory T,cDC,SEMA4D,PLXNB2,0.00305254150149055,0,33,213
5750_MRD,GSE227903,Post_treatment_unspecified,cellchat,CD8 Memory T,cDC,SEMA4D,PLXNB2,0.00425310380788846,0,43,213
5750_MRD,GSE227903,Post_treatment_unspecified,cellchat,cDC,cDC,SEMA4D,PLXNB2,0.00156393188875836,0.01,213,213
5750_MRD,GSE227903,Post_treatment_unspecified,cellchat,Cycling Progenitor,cDC,SEMA4D,PLXNB2,0.00338978548282583,0.02,28,213
5750_MRD,GSE227903,Post_treatment_unspecified,cellchat,Early GMP,cDC,SEMA4D,PLXNB2,0.00126786928469986,0.22,59,213
5750_MRD,GSE227903,Post_treatment_unspecified,cellchat,Late GMP,cDC,SEMA4D,PLXNB2,0.00113405511421513,0.4,141,213
5750_MRD,GSE227903,Post_treatment_unspecified,cellchat,LMPP,cDC,SEMA4D,PLXNB2,0.00129094765496235,0.19,18,213
5750_MRD,GSE227903,Post_treatment_unspecified,cellchat,Monocyte,cDC,SEMA4D,PLXNB2,0.00322598586752425,0,766,213
5750_MRD,GSE227903,Post_treatment_unspecified,cellchat,pDC,cDC,SEMA4D,PLXNB2,0.00333885146401425,0,192,213
5750_MRD,GSE227903,Post_treatment_unspecified,cellchat,Pro-Monocyte,cDC,SEMA4D,PLXNB2,0.00137249096887901,0.01,393,213
5750_MRD,GSE227903,Post_treatment_unspecified,cellchat,CD4 Memory T,Cycling Progenitor,SEMA4D,PLXNB2,0.00157444802739363,0.24,33,28
5750_MRD,GSE227903,Post_treatment_unspecified,cellchat,CD8 Memory T,Cycling Progenitor,SEMA4D,PLXNB2,0.00219495717589034,0.14,43,28
5750_MRD,GSE227903,Post_treatment_unspecified,cellchat,cDC,Cycling Progenitor,SEMA4D,PLXNB2,0.000806066176246823,0.81,213,28
5750_MRD,GSE227903,Post_treatment_unspecified,cellchat,Cycling Progenitor,Cycling Progenitor,SEMA4D,PLXNB2,0.00174867906345039,0.24,28,28
5750_MRD,GSE227903,Post_treatment_unspecified,cellchat,Early GMP,Cycling Progenitor,SEMA4D,PLXNB2,0.000653378655245769,0.81,59,28
5750_MRD,GSE227903,Post_treatment_unspecified,cellchat,Late GMP,Cycling Progenitor,SEMA4D,PLXNB2,0.000584381450976874,0.89,141,28
5750_MRD,GSE227903,Post_treatment_unspecified,cellchat,LMPP,Cycling Progenitor,SEMA4D,PLXNB2,0.000665279220473869,0.66,18,28
5750_MRD,GSE227903,Post_treatment_unspecified,cellchat,Monocyte,Cycling Progenitor,SEMA4D,PLXNB2,0.00166404780940284,0.25,766,28
5750_MRD,GSE227903,Post_treatment_unspecified,cellchat,pDC,Cycling Progenitor,SEMA4D,PLXNB2,0.00172236125914326,0.21,192,28
5750_MRD,GSE227903,Post_treatment_unspecified,cellchat,Pro-Monocyte,Cycling Progenitor,SEMA4D,PLXNB2,0.00070732988463052,0.88,393,28
5750_MRD,GSE227903,Post_treatment_unspecified,cellchat,CD4 Memory T,Early GMP,SEMA4D,PLXNB2,0.000749287977118497,0.71,33,59
5750_MRD,GSE227903,Post_treatment_unspecified,cellchat,CD8 Memory T,Early GMP,SEMA4D,PLXNB2,0.00104493185077928,0.46,43,59
5750_MRD,GSE227903,Post_treatment_unspecified,cellchat,Cycling Progenitor,Early GMP,SEMA4D,PLXNB2,0.000832281548729413,0.67,28,59
5750_MRD,GSE227903,Post_treatment_unspecified,cellchat,Early GMP,Early GMP,SEMA4D,PLXNB2,0.000310796022277256,0.97,59,59
5750_MRD,GSE227903,Post_treatment_unspecified,cellchat,LMPP,Early GMP,SEMA4D,PLXNB2,0.000316458801936478,0.85,18,59
5750_MRD,GSE227903,Post_treatment_unspecified,cellchat,Monocyte,Early GMP,SEMA4D,PLXNB2,0.000791966226216344,0.93,766,59
5750_MRD,GSE227903,Post_treatment_unspecified,cellchat,pDC,Early GMP,SEMA4D,PLXNB2,0.000819744298035809,0.83,192,59
5750_MRD,GSE227903,Post_treatment_unspecified,cellchat,CD4 Memory T,Late GMP,SEMA4D,PLXNB2,0.00075552563718384,0.7,33,141
5750_MRD,GSE227903,Post_treatment_unspecified,cellchat,CD8 Memory T,Late GMP,SEMA4D,PLXNB2,0.00105362808693372,0.45,43,141
5750_MRD,GSE227903,Post_treatment_unspecified,cellchat,Cycling Progenitor,Late GMP,SEMA4D,PLXNB2,0.000839209532049072,0.68,28,141
5750_MRD,GSE227903,Post_treatment_unspecified,cellchat,Early GMP,Late GMP,SEMA4D,PLXNB2,0.00031338447664521,0.97,59,141
5750_MRD,GSE227903,Post_treatment_unspecified,cellchat,LMPP,Late GMP,SEMA4D,PLXNB2,0.000319094403523195,0.86,18,141
5750_MRD,GSE227903,Post_treatment_unspecified,cellchat,pDC,Late GMP,SEMA4D,PLXNB2,0.000826568006533951,0.87,192,141
5750_MRD,GSE227903,Post_treatment_unspecified,cellchat,CD4 Memory T,LMPP,SEMA4D,PLXNB2,0.00169321197647237,0.22,33,18
5750_MRD,GSE227903,Post_treatment_unspecified,cellchat,CD8 Memory T,LMPP,SEMA4D,PLXNB2,0.00236041678751229,0.17,43,18
5750_MRD,GSE227903,Post_treatment_unspecified,cellchat,cDC,LMPP,SEMA4D,PLXNB2,0.000866919781499435,0.64,213,18
5750_MRD,GSE227903,Post_treatment_unspecified,cellchat,Cycling Progenitor,LMPP,SEMA4D,PLXNB2,0.00188056087410197,0.28,28,18
5750_MRD,GSE227903,Post_treatment_unspecified,cellchat,Early GMP,LMPP,SEMA4D,PLXNB2,0.000702713291193839,0.73,59,18
5750_MRD,GSE227903,Post_treatment_unspecified,cellchat,Late GMP,LMPP,SEMA4D,PLXNB2,0.000628509594316861,0.84,141,18
5750_MRD,GSE227903,Post_treatment_unspecified,cellchat,LMPP,LMPP,SEMA4D,PLXNB2,0.000715511788562171,0.55,18,18
5750_MRD,GSE227903,Post_treatment_unspecified,cellchat,Monocyte,LMPP,SEMA4D,PLXNB2,0.00178955834562987,0.24,766,18
5750_MRD,GSE227903,Post_treatment_unspecified,cellchat,pDC,LMPP,SEMA4D,PLXNB2,0.00185226191751204,0.23,192,18
5750_MRD,GSE227903,Post_treatment_unspecified,cellchat,Pro-Monocyte,LMPP,SEMA4D,PLXNB2,0.000760735112866832,0.76,393,18
5750_MRD,GSE227903,Post_treatment_unspecified,cellchat,CD4 Memory T,Monocyte,SEMA4D,PLXNB2,0.00187558331055196,0.05,33,766
5750_MRD,GSE227903,Post_treatment_unspecified,cellchat,CD8 Memory T,Monocyte,SEMA4D,PLXNB2,0.0026144627661819,0,43,766
5750_MRD,GSE227903,Post_treatment_unspecified,cellchat,cDC,Monocyte,SEMA4D,PLXNB2,0.0009603790094011,0.7,213,766
5750_MRD,GSE227903,Post_treatment_unspecified,cellchat,Cycling Progenitor,Monocyte,SEMA4D,PLXNB2,0.00208306895171939,0.08,28,766
5750_MRD,GSE227903,Post_treatment_unspecified,cellchat,Early GMP,Monocyte,SEMA4D,PLXNB2,0.000778483853232743,0.83,59,766
5750_MRD,GSE227903,Post_treatment_unspecified,cellchat,Late GMP,Monocyte,SEMA4D,PLXNB2,0.000696284664730033,0.97,141,766
5750_MRD,GSE227903,Post_treatment_unspecified,cellchat,LMPP,Monocyte,SEMA4D,PLXNB2,0.000792661263064687,0.59,18,766
5750_MRD,GSE227903,Post_treatment_unspecified,cellchat,Monocyte,Monocyte,SEMA4D,PLXNB2,0.0019822862839965,0,766,766
5750_MRD,GSE227903,Post_treatment_unspecified,cellchat,pDC,Monocyte,SEMA4D,PLXNB2,0.00205172888795643,0,192,766
5750_MRD,GSE227903,Post_treatment_unspecified,cellchat,CD4 Memory T,pDC,SEMA4D,PLXNB2,0.00143695472560141,0.13,33,192
5750_MRD,GSE227903,Post_treatment_unspecified,cellchat,CD8 Memory T,pDC,SEMA4D,PLXNB2,0.00200338481900965,0,43,192
5750_MRD,GSE227903,Post_treatment_unspecified,cellchat,cDC,pDC,SEMA4D,PLXNB2,0.000735624638984889,0.97,213,192
5750_MRD,GSE227903,Post_treatment_unspecified,cellchat,Cycling Progenitor,pDC,SEMA4D,PLXNB2,0.00159599484604815,0.22,28,192
5750_MRD,GSE227903,Post_treatment_unspecified,cellchat,Early GMP,pDC,SEMA4D,PLXNB2,0.0005962724068338,0.91,59,192
5750_MRD,GSE227903,Post_treatment_unspecified,cellchat,Late GMP,pDC,SEMA4D,PLXNB2,0.000533302440795261,0.99,141,192
5750_MRD,GSE227903,Post_treatment_unspecified,cellchat,LMPP,pDC,SEMA4D,PLXNB2,0.000607133477194607,0.72,18,192
5750_MRD,GSE227903,Post_treatment_unspecified,cellchat,Monocyte,pDC,SEMA4D,PLXNB2,0.00151874184551732,0.01,766,192
5750_MRD,GSE227903,Post_treatment_unspecified,cellchat,pDC,pDC,SEMA4D,PLXNB2,0.00157197133673181,0.02,192,192
5750_MRD,GSE227903,Post_treatment_unspecified,cellchat,CD4 Memory T,Pro-Monocyte,SEMA4D,PLXNB2,0.00144948850096505,0.11,33,393
5750_MRD,GSE227903,Post_treatment_unspecified,cellchat,CD8 Memory T,Pro-Monocyte,SEMA4D,PLXNB2,0.00202084925763184,0,43,393
5750_MRD,GSE227903,Post_treatment_unspecified,cellchat,cDC,Pro-Monocyte,SEMA4D,PLXNB2,0.000742045638904425,0.97,213,393
5750_MRD,GSE227903,Post_treatment_unspecified,cellchat,Cycling Progenitor,Pro-Monocyte,SEMA4D,PLXNB2,0.00160991360545578,0.24,28,393
5750_MRD,GSE227903,Post_treatment_unspecified,cellchat,Early GMP,Pro-Monocyte,SEMA4D,PLXNB2,0.00060147778395178,0.93,59,393
5750_MRD,GSE227903,Post_treatment_unspecified,cellchat,LMPP,Pro-Monocyte,SEMA4D,PLXNB2,0.000612433611878593,0.71,18,393
5750_MRD,GSE227903,Post_treatment_unspecified,cellchat,Monocyte,Pro-Monocyte,SEMA4D,PLXNB2,0.00153198791102315,0,766,393
5750_MRD,GSE227903,Post_treatment_unspecified,cellchat,pDC,Pro-Monocyte,SEMA4D,PLXNB2,0.00158568091853237,0,192,393
5750_MRD,GSE227903,Post_treatment_unspecified,cellchat,cDC,pDC,SEMA6B,PLXNA4,0.000797396918057383,0,213,192
5750_MRD,GSE227903,Post_treatment_unspecified,cellchat,Monocyte,pDC,SEMA6B,PLXNA4,0.00157882221580616,0,766,192
5750_MRD,GSE227903,Post_treatment_unspecified,cellchat,pDC,cDC,SEMA7A,PLXNC1,0.00331439391684723,0,192,213
5750_MRD,GSE227903,Post_treatment_unspecified,cellchat,pDC,Cycling Progenitor,SEMA7A,PLXNC1,0.00487096180411219,0,192,28
5750_MRD,GSE227903,Post_treatment_unspecified,cellchat,pDC,Early GMP,SEMA7A,PLXNC1,0.00271043163992596,0,192,59
5750_MRD,GSE227903,Post_treatment_unspecified,cellchat,pDC,LMPP,SEMA7A,PLXNC1,0.0094214899178712,0,192,18
5750_MRD,GSE227903,Post_treatment_unspecified,cellchat,cDC,cDC,ITGAV_ITGB1,ADGRE2,0.00131770839304169,0.05,213,213
5750_MRD,GSE227903,Post_treatment_unspecified,cellchat,Cycling Progenitor,cDC,ITGAV_ITGB1,ADGRE2,0.00108592801026074,0.07,28,213
5750_MRD,GSE227903,Post_treatment_unspecified,cellchat,Early GMP,cDC,ITGAV_ITGB1,ADGRE2,0.000734832703659432,0.15,59,213
5750_MRD,GSE227903,Post_treatment_unspecified,cellchat,Late GMP,cDC,ITGAV_ITGB1,ADGRE2,0.00072270339119672,0.14,141,213
5750_MRD,GSE227903,Post_treatment_unspecified,cellchat,LMPP,cDC,ITGAV_ITGB1,ADGRE2,0.00188545468076783,0,18,213
5750_MRD,GSE227903,Post_treatment_unspecified,cellchat,Monocyte,cDC,ITGAV_ITGB1,ADGRE2,0.00221205694432682,0,766,213
5750_MRD,GSE227903,Post_treatment_unspecified,cellchat,Pro-Monocyte,cDC,ITGAV_ITGB1,ADGRE2,0.00112179254659832,0.04,393,213
5750_MRD,GSE227903,Post_treatment_unspecified,cellchat,cDC,Cycling Progenitor,ITGAV_ITGB1,ADGRE2,0.00598519319136457,0,213,28
5750_MRD,GSE227903,Post_treatment_unspecified,cellchat,Cycling Progenitor,Cycling Progenitor,ITGAV_ITGB1,ADGRE2,0.00493647642328216,0.01,28,28
5750_MRD,GSE227903,Post_treatment_unspecified,cellchat,Early GMP,Cycling Progenitor,ITGAV_ITGB1,ADGRE2,0.00334461475735395,0,59,28
5750_MRD,GSE227903,Post_treatment_unspecified,cellchat,Late GMP,Cycling Progenitor,ITGAV_ITGB1,ADGRE2,0.00328954961062826,0,141,28
5750_MRD,GSE227903,Post_treatment_unspecified,cellchat,LMPP,Cycling Progenitor,ITGAV_ITGB1,ADGRE2,0.00854675605164825,0,18,28
5750_MRD,GSE227903,Post_treatment_unspecified,cellchat,Monocyte,Cycling Progenitor,ITGAV_ITGB1,ADGRE2,0.0100156636314859,0,766,28
5750_MRD,GSE227903,Post_treatment_unspecified,cellchat,Pro-Monocyte,Cycling Progenitor,ITGAV_ITGB1,ADGRE2,0.00509886244475817,0,393,28
5750_MRD,GSE227903,Post_treatment_unspecified,cellchat,cDC,Early GMP,ITGAV_ITGB1,ADGRE2,0.0047118848687567,0,213,59
5750_MRD,GSE227903,Post_treatment_unspecified,cellchat,Cycling Progenitor,Early GMP,ITGAV_ITGB1,ADGRE2,0.00388540323538705,0,28,59
5750_MRD,GSE227903,Post_treatment_unspecified,cellchat,Early GMP,Early GMP,ITGAV_ITGB1,ADGRE2,0.00263158394222482,0,59,59
5750_MRD,GSE227903,Post_treatment_unspecified,cellchat,Late GMP,Early GMP,ITGAV_ITGB1,ADGRE2,0.00258822752320408,0.01,141,59
5750_MRD,GSE227903,Post_treatment_unspecified,cellchat,LMPP,Early GMP,ITGAV_ITGB1,ADGRE2,0.00673218382986385,0,18,59
5750_MRD,GSE227903,Post_treatment_unspecified,cellchat,Monocyte,Early GMP,ITGAV_ITGB1,ADGRE2,0.00789170821458923,0,766,59
5750_MRD,GSE227903,Post_treatment_unspecified,cellchat,Pro-Monocyte,Early GMP,ITGAV_ITGB1,ADGRE2,0.00401335352114995,0,393,59
5750_MRD,GSE227903,Post_treatment_unspecified,cellchat,cDC,Late GMP,ITGAV_ITGB1,ADGRE2,0.00133796617876205,0.11,213,141
5750_MRD,GSE227903,Post_treatment_unspecified,cellchat,Cycling Progenitor,Late GMP,ITGAV_ITGB1,ADGRE2,0.00110262645516105,0.17,28,141
5750_MRD,GSE227903,Post_treatment_unspecified,cellchat,Early GMP,Late GMP,ITGAV_ITGB1,ADGRE2,0.000746136346681879,0.25,59,141
5750_MRD,GSE227903,Post_treatment_unspecified,cellchat,Late GMP,Late GMP,ITGAV_ITGB1,ADGRE2,0.000733820590784166,0.23,141,141
5750_MRD,GSE227903,Post_treatment_unspecified,cellchat,LMPP,Late GMP,ITGAV_ITGB1,ADGRE2,0.00191442398059676,0.02,18,141
5750_MRD,GSE227903,Post_treatment_unspecified,cellchat,Monocyte,Late GMP,ITGAV_ITGB1,ADGRE2,0.00224603307255982,0,766,141
5750_MRD,GSE227903,Post_treatment_unspecified,cellchat,Pro-Monocyte,Late GMP,ITGAV_ITGB1,ADGRE2,0.00113904185590679,0.17,393,141
5750_MRD,GSE227903,Post_treatment_unspecified,cellchat,cDC,LMPP,ITGAV_ITGB1,ADGRE2,0.00844856630082889,0,213,18
5750_MRD,GSE227903,Post_treatment_unspecified,cellchat,Cycling Progenitor,LMPP,ITGAV_ITGB1,ADGRE2,0.0069712480193551,0,28,18
5750_MRD,GSE227903,Post_treatment_unspecified,cellchat,Early GMP,LMPP,ITGAV_ITGB1,ADGRE2,0.00472635174503319,0,59,18
5750_MRD,GSE227903,Post_treatment_unspecified,cellchat,Late GMP,LMPP,ITGAV_ITGB1,ADGRE2,0.00464864402991705,0,141,18
5750_MRD,GSE227903,Post_treatment_unspecified,cellchat,LMPP,LMPP,ITGAV_ITGB1,ADGRE2,0.0120516294379676,0,18,18
5750_MRD,GSE227903,Post_treatment_unspecified,cellchat,Monocyte,LMPP,ITGAV_ITGB1,ADGRE2,0.0141143346320296,0,766,18
5750_MRD,GSE227903,Post_treatment_unspecified,cellchat,Pro-Monocyte,LMPP,ITGAV_ITGB1,ADGRE2,0.00720008379020787,0,393,18
5750_MRD,GSE227903,Post_treatment_unspecified,cellchat,CD4 Memory T,CD4 Memory T,CD55,ADGRE5,0.104456308939171,0,33,33
5750_MRD,GSE227903,Post_treatment_unspecified,cellchat,cDC,CD4 Memory T,CD55,ADGRE5,0.0771689810710656,0.01,213,33
5750_MRD,GSE227903,Post_treatment_unspecified,cellchat,Late GMP,CD4 Memory T,CD55,ADGRE5,0.0444500194145044,0.99,141,33
5750_MRD,GSE227903,Post_treatment_unspecified,cellchat,Monocyte,CD4 Memory T,CD55,ADGRE5,0.0987314732598067,0,766,33
5750_MRD,GSE227903,Post_treatment_unspecified,cellchat,Naive T,CD4 Memory T,CD55,ADGRE5,0.078745768661023,0.09,35,33
5750_MRD,GSE227903,Post_treatment_unspecified,cellchat,Pro-Monocyte,CD4 Memory T,CD55,ADGRE5,0.0926871964791692,0,393,33
5750_MRD,GSE227903,Post_treatment_unspecified,cellchat,CD4 Memory T,CD8 Memory T,CD55,ADGRE5,0.110327441111986,0,33,43
5750_MRD,GSE227903,Post_treatment_unspecified,cellchat,cDC,CD8 Memory T,CD55,ADGRE5,0.0816462148614381,0,213,43
5750_MRD,GSE227903,Post_treatment_unspecified,cellchat,Late GMP,CD8 Memory T,CD55,ADGRE5,0.0471258860865307,0.98,141,43
5750_MRD,GSE227903,Post_treatment_unspecified,cellchat,Monocyte,CD8 Memory T,CD55,ADGRE5,0.104318314088584,0,766,43
5750_MRD,GSE227903,Post_treatment_unspecified,cellchat,Naive T,CD8 Memory T,CD55,ADGRE5,0.0833062270179322,0.06,35,43
5750_MRD,GSE227903,Post_treatment_unspecified,cellchat,Pro-Monocyte,CD8 Memory T,CD55,ADGRE5,0.0979691929049585,0,393,43
5750_MRD,GSE227903,Post_treatment_unspecified,cellchat,CD4 Memory T,cDC,CD55,ADGRE5,0.0830648156061426,0,33,213
5750_MRD,GSE227903,Post_treatment_unspecified,cellchat,cDC,cDC,CD55,ADGRE5,0.0609850862923206,0.61,213,213
5750_MRD,GSE227903,Post_treatment_unspecified,cellchat,Monocyte,cDC,CD55,ADGRE5,0.0784097142825624,0,766,213
5750_MRD,GSE227903,Post_treatment_unspecified,cellchat,Naive T,cDC,CD55,ADGRE5,0.0622534973733781,0.5,35,213
5750_MRD,GSE227903,Post_treatment_unspecified,cellchat,Pro-Monocyte,cDC,CD55,ADGRE5,0.0735080540272244,0,393,213
5750_MRD,GSE227903,Post_treatment_unspecified,cellchat,CD4 Memory T,Cycling Progenitor,CD55,ADGRE5,0.0622005911585284,0.44,33,28
5750_MRD,GSE227903,Post_treatment_unspecified,cellchat,cDC,Cycling Progenitor,CD55,ADGRE5,0.045392298716747,0.98,213,28
5750_MRD,GSE227903,Post_treatment_unspecified,cellchat,Monocyte,Cycling Progenitor,CD55,ADGRE5,0.0586399811676247,0.75,766,28
5750_MRD,GSE227903,Post_treatment_unspecified,cellchat,Naive T,Cycling Progenitor,CD55,ADGRE5,0.0463524087856672,0.9,35,28
5750_MRD,GSE227903,Post_treatment_unspecified,cellchat,Pro-Monocyte,Cycling Progenitor,CD55,ADGRE5,0.0549005718231831,0.93,393,28
5750_MRD,GSE227903,Post_treatment_unspecified,cellchat,CD4 Memory T,Early GMP,CD55,ADGRE5,0.0633963112797519,0.47,33,59
5750_MRD,GSE227903,Post_treatment_unspecified,cellchat,Monocyte,Early GMP,CD55,ADGRE5,0.0597716160894706,0.82,766,59
5750_MRD,GSE227903,Post_treatment_unspecified,cellchat,Naive T,Early GMP,CD55,ADGRE5,0.047258822369081,0.91,35,59
5750_MRD,GSE227903,Post_treatment_unspecified,cellchat,Pro-Monocyte,Early GMP,CD55,ADGRE5,0.0559643337240133,0.94,393,59
5750_MRD,GSE227903,Post_treatment_unspecified,cellchat,CD4 Memory T,Late GMP,CD55,ADGRE5,0.0831773563388159,0.02,33,141
5750_MRD,GSE227903,Post_treatment_unspecified,cellchat,cDC,Late GMP,CD55,ADGRE5,0.0610697045924707,0.63,213,141
5750_MRD,GSE227903,Post_treatment_unspecified,cellchat,Monocyte,Late GMP,CD55,ADGRE5,0.0785164880930978,0,766,141
5750_MRD,GSE227903,Post_treatment_unspecified,cellchat,Naive T,Late GMP,CD55,ADGRE5,0.0623397587844803,0.49,35,141
5750_MRD,GSE227903,Post_treatment_unspecified,cellchat,Pro-Monocyte,Late GMP,CD55,ADGRE5,0.0736086861657865,0.01,393,141
5750_MRD,GSE227903,Post_treatment_unspecified,cellchat,CD4 Memory T,LMPP,CD55,ADGRE5,0.0696218708844815,0.22,33,18
5750_MRD,GSE227903,Post_treatment_unspecified,cellchat,cDC,LMPP,CD55,ADGRE5,0.0509170299292621,0.91,213,18
5750_MRD,GSE227903,Post_treatment_unspecified,cellchat,Late GMP,LMPP,CD55,ADGRE5,0.0289791344118938,0.99,141,18
5750_MRD,GSE227903,Post_treatment_unspecified,cellchat,Monocyte,LMPP,CD55,ADGRE5,0.0656661840526973,0.36,766,18
5750_MRD,GSE227903,Post_treatment_unspecified,cellchat,Naive T,LMPP,CD55,ADGRE5,0.0519876317994238,0.78,35,18
5750_MRD,GSE227903,Post_treatment_unspecified,cellchat,Pro-Monocyte,LMPP,CD55,ADGRE5,0.061507996802991,0.57,393,18
5750_MRD,GSE227903,Post_treatment_unspecified,cellchat,CD4 Memory T,Monocyte,CD55,ADGRE5,0.0841271559072352,0.01,33,766
5750_MRD,GSE227903,Post_treatment_unspecified,cellchat,cDC,Monocyte,CD55,ADGRE5,0.0617840698002756,0.54,213,766
5750_MRD,GSE227903,Post_treatment_unspecified,cellchat,Monocyte,Monocyte,CD55,ADGRE5,0.0794176756173796,0,766,766
5750_MRD,GSE227903,Post_treatment_unspecified,cellchat,Naive T,Monocyte,CD55,ADGRE5,0.0630679825876663,0.44,35,766
5750_MRD,GSE227903,Post_treatment_unspecified,cellchat,Pro-Monocyte,Monocyte,CD55,ADGRE5,0.0744580951018083,0,393,766
5750_MRD,GSE227903,Post_treatment_unspecified,cellchat,CD4 Memory T,Naive T,CD55,ADGRE5,0.0677303695630482,0.26,33,35
5750_MRD,GSE227903,Post_treatment_unspecified,cellchat,cDC,Naive T,CD55,ADGRE5,0.0495066648013692,0.96,213,35
5750_MRD,GSE227903,Post_treatment_unspecified,cellchat,Monocyte,Naive T,CD55,ADGRE5,0.0638747734061053,0.41,766,35
5750_MRD,GSE227903,Post_treatment_unspecified,cellchat,Naive T,Naive T,CD55,ADGRE5,0.0505491912216627,0.85,35,35
5750_MRD,GSE227903,Post_treatment_unspecified,cellchat,Pro-Monocyte,Naive T,CD55,ADGRE5,0.0598227607605257,0.73,393,35
5750_MRD,GSE227903,Post_treatment_unspecified,cellchat,CD4 Memory T,pDC,CD55,ADGRE5,0.0859456247101564,0.01,33,192
5750_MRD,GSE227903,Post_treatment_unspecified,cellchat,cDC,pDC,CD55,ADGRE5,0.0631528788100078,0.45,213,192
5750_MRD,GSE227903,Post_treatment_unspecified,cellchat,Monocyte,pDC,CD55,ADGRE5,0.0811433646697245,0,766,192
5750_MRD,GSE227903,Post_treatment_unspecified,cellchat,Naive T,pDC,CD55,ADGRE5,0.0644632819396519,0.42,35,192
5750_MRD,GSE227903,Post_treatment_unspecified,cellchat,Pro-Monocyte,pDC,CD55,ADGRE5,0.076084922925714,0,393,192
5750_MRD,GSE227903,Post_treatment_unspecified,cellchat,CD4 Memory T,Pro-Monocyte,CD55,ADGRE5,0.0899084389744554,0,33,393
5750_MRD,GSE227903,Post_treatment_unspecified,cellchat,cDC,Pro-Monocyte,CD55,ADGRE5,0.0661408018758586,0.14,213,393
5750_MRD,GSE227903,Post_treatment_unspecified,cellchat,Monocyte,Pro-Monocyte,CD55,ADGRE5,0.0849053222931106,0,766,393
5750_MRD,GSE227903,Post_treatment_unspecified,cellchat,Naive T,Pro-Monocyte,CD55,ADGRE5,0.0675087359242414,0.31,35,393
5750_MRD,GSE227903,Post_treatment_unspecified,cellchat,Pro-Monocyte,Pro-Monocyte,CD55,ADGRE5,0.079632686326365,0,393,393
5750_MRD,GSE227903,Post_treatment_unspecified,cellchat,LMPP,CD4 Memory T,LPAR2,ADGRE5,0.00640341635373004,0.01,18,33
5750_MRD,GSE227903,Post_treatment_unspecified,cellchat,LMPP,CD8 Memory T,LPAR2,ADGRE5,0.00680521008809402,0,18,43
5750_MRD,GSE227903,Post_treatment_unspecified,cellchat,LMPP,cDC,LPAR2,ADGRE5,0.00498039581437357,0.01,18,213
5750_MRD,GSE227903,Post_treatment_unspecified,cellchat,LMPP,Cycling Progenitor,LPAR2,ADGRE5,0.00365131803816327,0.01,18,28
5750_MRD,GSE227903,Post_treatment_unspecified,cellchat,LMPP,Early GMP,LPAR2,ADGRE5,0.00372598141509911,0.01,18,59
5750_MRD,GSE227903,Post_treatment_unspecified,cellchat,LMPP,Late GMP,LPAR2,ADGRE5,0.00498771899257744,0.01,18,141
5750_MRD,GSE227903,Post_treatment_unspecified,cellchat,LMPP,LMPP,LPAR2,ADGRE5,0.00411763638277283,0.01,18,18
5750_MRD,GSE227903,Post_treatment_unspecified,cellchat,LMPP,Monocyte,LPAR2,ADGRE5,0.00504959112511021,0.01,18,766
5750_MRD,GSE227903,Post_treatment_unspecified,cellchat,LMPP,Naive T,LPAR2,ADGRE5,0.00399811996341941,0.01,18,35
5750_MRD,GSE227903,Post_treatment_unspecified,cellchat,LMPP,pDC,LPAR2,ADGRE5,0.00516838755990936,0.01,18,192
5750_MRD,GSE227903,Post_treatment_unspecified,cellchat,LMPP,Pro-Monocyte,LPAR2,ADGRE5,0.005428814436859,0.01,18,393
5750_MRD,GSE227903,Post_treatment_unspecified,cellchat,cDC,CD4 Memory T,ITGAV_ITGB1,ADGRE5,0.0250033008766321,0.04,213,33
5750_MRD,GSE227903,Post_treatment_unspecified,cellchat,Cycling Progenitor,CD4 Memory T,ITGAV_ITGB1,ADGRE5,0.0206916255786737,0.46,28,33
5750_MRD,GSE227903,Post_treatment_unspecified,cellchat,Early GMP,CD4 Memory T,ITGAV_ITGB1,ADGRE5,0.0140911593752042,0.93,59,33
5750_MRD,GSE227903,Post_treatment_unspecified,cellchat,Late GMP,CD4 Memory T,ITGAV_ITGB1,ADGRE5,0.0138616257724869,0.94,141,33
5750_MRD,GSE227903,Post_treatment_unspecified,cellchat,LMPP,CD4 Memory T,ITGAV_ITGB1,ADGRE5,0.0354143086050915,0.04,18,33
5750_MRD,GSE227903,Post_treatment_unspecified,cellchat,Monocyte,CD4 Memory T,ITGAV_ITGB1,ADGRE5,0.0413084764045684,0,766,33
5750_MRD,GSE227903,Post_treatment_unspecified,cellchat,Pro-Monocyte,CD4 Memory T,ITGAV_ITGB1,ADGRE5,0.0213611535243411,0.27,393,33
5750_MRD,GSE227903,Post_treatment_unspecified,cellchat,cDC,CD8 Memory T,ITGAV_ITGB1,ADGRE5,0.0265410022321469,0.02,213,43
5750_MRD,GSE227903,Post_treatment_unspecified,cellchat,Cycling Progenitor,CD8 Memory T,ITGAV_ITGB1,ADGRE5,0.0219701343576133,0.38,28,43
5750_MRD,GSE227903,Post_treatment_unspecified,cellchat,Early GMP,CD8 Memory T,ITGAV_ITGB1,ADGRE5,0.0149680673568991,0.92,59,43
5750_MRD,GSE227903,Post_treatment_unspecified,cellchat,Late GMP,CD8 Memory T,ITGAV_ITGB1,ADGRE5,0.0147244629636992,0.95,141,43
5750_MRD,GSE227903,Post_treatment_unspecified,cellchat,LMPP,CD8 Memory T,ITGAV_ITGB1,ADGRE5,0.037567615752069,0.02,18,43
5750_MRD,GSE227903,Post_treatment_unspecified,cellchat,Monocyte,CD8 Memory T,ITGAV_ITGB1,ADGRE5,0.0438038934342969,0,766,43
5750_MRD,GSE227903,Post_treatment_unspecified,cellchat,Pro-Monocyte,CD8 Memory T,ITGAV_ITGB1,ADGRE5,0.0226800734867127,0.1,393,43
5750_MRD,GSE227903,Post_treatment_unspecified,cellchat,cDC,cDC,ITGAV_ITGB1,ADGRE5,0.0195280970667644,0.66,213,213
5750_MRD,GSE227903,Post_treatment_unspecified,cellchat,Cycling Progenitor,cDC,ITGAV_ITGB1,ADGRE5,0.016144954693884,0.72,28,213
5750_MRD,GSE227903,Post_treatment_unspecified,cellchat,Early GMP,cDC,ITGAV_ITGB1,ADGRE5,0.0109785815857673,0.96,59,213
5750_MRD,GSE227903,Post_treatment_unspecified,cellchat,Late GMP,cDC,ITGAV_ITGB1,ADGRE5,0.0107991940010767,0.96,141,213
5750_MRD,GSE227903,Post_treatment_unspecified,cellchat,LMPP,cDC,ITGAV_ITGB1,ADGRE5,0.0277241364452547,0.09,18,213
5750_MRD,GSE227903,Post_treatment_unspecified,cellchat,Monocyte,cDC,ITGAV_ITGB1,ADGRE5,0.0323813600929199,0,766,213
5750_MRD,GSE227903,Post_treatment_unspecified,cellchat,Pro-Monocyte,cDC,ITGAV_ITGB1,ADGRE5,0.0166698682936119,0.98,393,213
5750_MRD,GSE227903,Post_treatment_unspecified,cellchat,cDC,Cycling Progenitor,ITGAV_ITGB1,ADGRE5,0.0143728704600706,0.99,213,28
5750_MRD,GSE227903,Post_treatment_unspecified,cellchat,Cycling Progenitor,Cycling Progenitor,ITGAV_ITGB1,ADGRE5,0.011872030292043,0.8,28,28
5750_MRD,GSE227903,Post_treatment_unspecified,cellchat,Early GMP,Cycling Progenitor,ITGAV_ITGB1,ADGRE5,0.00806178568197571,0.97,59,28
5750_MRD,GSE227903,Post_treatment_unspecified,cellchat,Late GMP,Cycling Progenitor,ITGAV_ITGB1,ADGRE5,0.00792967577261626,0.96,141,28
5750_MRD,GSE227903,Post_treatment_unspecified,cellchat,LMPP,Cycling Progenitor,ITGAV_ITGB1,ADGRE5,0.0204503648291835,0.31,18,28
5750_MRD,GSE227903,Post_treatment_unspecified,cellchat,Monocyte,Cycling Progenitor,ITGAV_ITGB1,ADGRE5,0.023915763462156,0.07,766,28
5750_MRD,GSE227903,Post_treatment_unspecified,cellchat,cDC,Early GMP,ITGAV_ITGB1,ADGRE5,0.0146635451538082,0.99,213,59
5750_MRD,GSE227903,Post_treatment_unspecified,cellchat,Cycling Progenitor,Early GMP,ITGAV_ITGB1,ADGRE5,0.0121127499389731,0.83,28,59
5750_MRD,GSE227903,Post_treatment_unspecified,cellchat,Early GMP,Early GMP,ITGAV_ITGB1,ADGRE5,0.00822589119693232,0.97,59,59
5750_MRD,GSE227903,Post_treatment_unspecified,cellchat,Late GMP,Early GMP,ITGAV_ITGB1,ADGRE5,0.00809111399711928,0.96,141,59
5750_MRD,GSE227903,Post_treatment_unspecified,cellchat,LMPP,Early GMP,ITGAV_ITGB1,ADGRE5,0.0208613483574287,0.27,18,59
5750_MRD,GSE227903,Post_treatment_unspecified,cellchat,Monocyte,Early GMP,ITGAV_ITGB1,ADGRE5,0.0243946554615047,0.01,766,59
5750_MRD,GSE227903,Post_treatment_unspecified,cellchat,cDC,Late GMP,ITGAV_ITGB1,ADGRE5,0.019556390773457,0.65,213,141
5750_MRD,GSE227903,Post_treatment_unspecified,cellchat,Cycling Progenitor,Late GMP,ITGAV_ITGB1,ADGRE5,0.0161684274933299,0.73,28,141
5750_MRD,GSE227903,Post_treatment_unspecified,cellchat,Early GMP,Late GMP,ITGAV_ITGB1,ADGRE5,0.0109946270462974,0.96,59,141
5750_MRD,GSE227903,Post_treatment_unspecified,cellchat,Late GMP,Late GMP,ITGAV_ITGB1,ADGRE5,0.010814980149284,0.95,141,141
5750_MRD,GSE227903,Post_treatment_unspecified,cellchat,LMPP,Late GMP,ITGAV_ITGB1,ADGRE5,0.0277639688972595,0.09,18,141
5750_MRD,GSE227903,Post_treatment_unspecified,cellchat,Monocyte,Late GMP,ITGAV_ITGB1,ADGRE5,0.0324276606090755,0,766,141
5750_MRD,GSE227903,Post_treatment_unspecified,cellchat,Pro-Monocyte,Late GMP,ITGAV_ITGB1,ADGRE5,0.0166940913042176,0.99,393,141
5750_MRD,GSE227903,Post_treatment_unspecified,cellchat,cDC,LMPP,ITGAV_ITGB1,ADGRE5,0.0161862186780637,0.9,213,18
5750_MRD,GSE227903,Post_treatment_unspecified,cellchat,Cycling Progenitor,LMPP,ITGAV_ITGB1,ADGRE5,0.0133741421898016,0.78,28,18
5750_MRD,GSE227903,Post_treatment_unspecified,cellchat,Early GMP,LMPP,ITGAV_ITGB1,ADGRE5,0.00908623836673704,0.97,59,18
5750_MRD,GSE227903,Post_treatment_unspecified,cellchat,Late GMP,LMPP,ITGAV_ITGB1,ADGRE5,0.0089374918308885,0.95,141,18
5750_MRD,GSE227903,Post_treatment_unspecified,cellchat,LMPP,LMPP,ITGAV_ITGB1,ADGRE5,0.0230125754692314,0.19,18,18
5750_MRD,GSE227903,Post_treatment_unspecified,cellchat,Monocyte,LMPP,ITGAV_ITGB1,ADGRE5,0.0269002279583062,0,766,18
5750_MRD,GSE227903,Post_treatment_unspecified,cellchat,Pro-Monocyte,LMPP,ITGAV_ITGB1,ADGRE5,0.0138102341443744,0.99,393,18
5750_MRD,GSE227903,Post_treatment_unspecified,cellchat,cDC,Monocyte,ITGAV_ITGB1,ADGRE5,0.0197953903437073,0.63,213,766
5750_MRD,GSE227903,Post_treatment_unspecified,cellchat,Cycling Progenitor,Monocyte,ITGAV_ITGB1,ADGRE5,0.0163667137769377,0.73,28,766
5750_MRD,GSE227903,Post_treatment_unspecified,cellchat,Early GMP,Monocyte,ITGAV_ITGB1,ADGRE5,0.0111301807215538,0.96,59,766
5750_MRD,GSE227903,Post_treatment_unspecified,cellchat,Late GMP,Monocyte,ITGAV_ITGB1,ADGRE5,0.0109483434618011,0.96,141,766
5750_MRD,GSE227903,Post_treatment_unspecified,cellchat,LMPP,Monocyte,ITGAV_ITGB1,ADGRE5,0.0281003988277815,0.07,18,766
5750_MRD,GSE227903,Post_treatment_unspecified,cellchat,Monocyte,Monocyte,ITGAV_ITGB1,ADGRE5,0.0328186952073779,0,766,766
5750_MRD,GSE227903,Post_treatment_unspecified,cellchat,Pro-Monocyte,Monocyte,ITGAV_ITGB1,ADGRE5,0.0168987134910084,0.98,393,766
5750_MRD,GSE227903,Post_treatment_unspecified,cellchat,cDC,Naive T,ITGAV_ITGB1,ADGRE5,0.015721935837849,0.93,213,35
5750_MRD,GSE227903,Post_treatment_unspecified,cellchat,Cycling Progenitor,Naive T,ITGAV_ITGB1,ADGRE5,0.0129894555077491,0.82,28,35
5750_MRD,GSE227903,Post_treatment_unspecified,cellchat,Early GMP,Naive T,ITGAV_ITGB1,ADGRE5,0.00882378362657834,0.97,59,35
5750_MRD,GSE227903,Post_treatment_unspecified,cellchat,Late GMP,Naive T,ITGAV_ITGB1,ADGRE5,0.00867929598113566,0.96,141,35
5750_MRD,GSE227903,Post_treatment_unspecified,cellchat,LMPP,Naive T,ITGAV_ITGB1,ADGRE5,0.0223569361785037,0.21,18,35
5750_MRD,GSE227903,Post_treatment_unspecified,cellchat,Monocyte,Naive T,ITGAV_ITGB1,ADGRE5,0.026136790715624,0,766,35
5750_MRD,GSE227903,Post_treatment_unspecified,cellchat,cDC,pDC,ITGAV_ITGB1,ADGRE5,0.0202540337668169,0.53,213,192
5750_MRD,GSE227903,Post_treatment_unspecified,cellchat,Cycling Progenitor,pDC,ITGAV_ITGB1,ADGRE5,0.0167472747618209,0.72,28,192
5750_MRD,GSE227903,Post_treatment_unspecified,cellchat,Early GMP,pDC,ITGAV_ITGB1,ADGRE5,0.011390391127028,0.96,59,192
5750_MRD,GSE227903,Post_treatment_unspecified,cellchat,Late GMP,pDC,ITGAV_ITGB1,ADGRE5,0.0112043508954846,0.96,141,192
5750_MRD,GSE227903,Post_treatment_unspecified,cellchat,LMPP,pDC,ITGAV_ITGB1,ADGRE5,0.0287458196926608,0.07,18,192
5750_MRD,GSE227903,Post_treatment_unspecified,cellchat,Monocyte,pDC,ITGAV_ITGB1,ADGRE5,0.0335687446517041,0,766,192
5750_MRD,GSE227903,Post_treatment_unspecified,cellchat,Pro-Monocyte,pDC,ITGAV_ITGB1,ADGRE5,0.0172914271471278,0.99,393,192
5750_MRD,GSE227903,Post_treatment_unspecified,cellchat,cDC,Pro-Monocyte,ITGAV_ITGB1,ADGRE5,0.0212583591824385,0.33,213,393
5750_MRD,GSE227903,Post_treatment_unspecified,cellchat,Cycling Progenitor,Pro-Monocyte,ITGAV_ITGB1,ADGRE5,0.0175808327738392,0.65,28,393
5750_MRD,GSE227903,Post_treatment_unspecified,cellchat,Early GMP,Pro-Monocyte,ITGAV_ITGB1,ADGRE5,0.0119605656045446,0.96,59,393
5750_MRD,GSE227903,Post_treatment_unspecified,cellchat,Late GMP,Pro-Monocyte,ITGAV_ITGB1,ADGRE5,0.0117653234939587,0.95,141,393
5750_MRD,GSE227903,Post_treatment_unspecified,cellchat,LMPP,Pro-Monocyte,ITGAV_ITGB1,ADGRE5,0.0301582610501677,0.06,18,393
5750_MRD,GSE227903,Post_treatment_unspecified,cellchat,Monocyte,Pro-Monocyte,ITGAV_ITGB1,ADGRE5,0.0352095722194545,0,766,393
5750_MRD,GSE227903,Post_treatment_unspecified,cellchat,Pro-Monocyte,Pro-Monocyte,ITGAV_ITGB1,ADGRE5,0.0181515691328684,0.9,393,393
5750_MRD,GSE227903,Post_treatment_unspecified,cellchat,Cycling Progenitor,Cycling Progenitor,NRXN2,ADGRL1,0.000456985900098629,0,28,28
5750_MRD,GSE227903,Post_treatment_unspecified,cellchat,Cycling Progenitor,LMPP,NRXN2,ADGRL1,0.000172817488644126,0,28,18
5750_MRD,GSE227903,Post_treatment_unspecified,cellchat,Cycling Progenitor,cDC,NRXN2,CLSTN1,0.000275094273279349,0,28,213
5750_MRD,GSE227903,Post_treatment_unspecified,cellchat,Cycling Progenitor,Cycling Progenitor,NRXN2,CLSTN1,0.000833640034000652,0,28,28
5750_MRD,GSE227903,Post_treatment_unspecified,cellchat,Cycling Progenitor,Early GMP,NRXN2,CLSTN1,0.000628510874366446,0,28,59
5750_MRD,GSE227903,Post_treatment_unspecified,cellchat,Cycling Progenitor,Late GMP,NRXN2,CLSTN1,0.000183832350442169,0,28,141
5750_MRD,GSE227903,Post_treatment_unspecified,cellchat,Cycling Progenitor,LMPP,NRXN2,CLSTN1,0.000884719462541848,0,28,18
5750_MRD,GSE227903,Post_treatment_unspecified,cellchat,Cycling Progenitor,Cycling Progenitor,NRXN2,DAG1,2.90906570273006e-05,0,28,28
5750_MRD,GSE227903,Post_treatment_unspecified,cellchat,Cycling Progenitor,LMPP,NRXN2,DAG1,0.000140982424029749,0,28,18
5750_MRD,GSE227903,Post_treatment_unspecified,cellchat,cDC,CD4 Memory T,APP,SORL1,0.00456823716142158,0.06,213,33
5750_MRD,GSE227903,Post_treatment_unspecified,cellchat,Cycling Progenitor,CD4 Memory T,APP,SORL1,0.00709161948677387,0.02,28,33
5750_MRD,GSE227903,Post_treatment_unspecified,cellchat,Early GMP,CD4 Memory T,APP,SORL1,0.00525377500894414,0.06,59,33
5750_MRD,GSE227903,Post_treatment_unspecified,cellchat,Late GMP,CD4 Memory T,APP,SORL1,0.00484057534637269,0.06,141,33
5750_MRD,GSE227903,Post_treatment_unspecified,cellchat,LMPP,CD4 Memory T,APP,SORL1,0.00530788573887504,0.06,18,33
5750_MRD,GSE227903,Post_treatment_unspecified,cellchat,Monocyte,CD4 Memory T,APP,SORL1,0.00212743915197087,0.72,766,33
5750_MRD,GSE227903,Post_treatment_unspecified,cellchat,pDC,CD4 Memory T,APP,SORL1,0.0197642831837307,0,192,33
5750_MRD,GSE227903,Post_treatment_unspecified,cellchat,Pro-Monocyte,CD4 Memory T,APP,SORL1,0.00410969630700415,0.08,393,33
5750_MRD,GSE227903,Post_treatment_unspecified,cellchat,cDC,cDC,APP,SORL1,0.00236747422577958,0.82,213,213
5750_MRD,GSE227903,Post_treatment_unspecified,cellchat,Cycling Progenitor,cDC,APP,SORL1,0.00367970275543402,0.14,28,213
5750_MRD,GSE227903,Post_treatment_unspecified,cellchat,Early GMP,cDC,APP,SORL1,0.00272365565455579,0.48,59,213
5750_MRD,GSE227903,Post_treatment_unspecified,cellchat,Late GMP,cDC,APP,SORL1,0.00250894329827648,0.63,141,213
5750_MRD,GSE227903,Post_treatment_unspecified,cellchat,LMPP,cDC,APP,SORL1,0.00275177975995923,0.51,18,213
5750_MRD,GSE227903,Post_treatment_unspecified,cellchat,pDC,cDC,APP,SORL1,0.0103186631955041,0,192,213
5750_MRD,GSE227903,Post_treatment_unspecified,cellchat,Pro-Monocyte,cDC,APP,SORL1,0.00212936435901759,0.89,393,213
5750_MRD,GSE227903,Post_treatment_unspecified,cellchat,cDC,Cycling Progenitor,APP,SORL1,0.0109821004518391,0,213,28
5750_MRD,GSE227903,Post_treatment_unspecified,cellchat,Cycling Progenitor,Cycling Progenitor,APP,SORL1,0.0169878818657746,0,28,28
5750_MRD,GSE227903,Post_treatment_unspecified,cellchat,Early GMP,Cycling Progenitor,APP,SORL1,0.0126179416355927,0,59,28
5750_MRD,GSE227903,Post_treatment_unspecified,cellchat,Late GMP,Cycling Progenitor,APP,SORL1,0.0116323366996718,0,141,28
5750_MRD,GSE227903,Post_treatment_unspecified,cellchat,LMPP,Cycling Progenitor,APP,SORL1,0.0127469269467359,0.01,18,28
5750_MRD,GSE227903,Post_treatment_unspecified,cellchat,Monocyte,Cycling Progenitor,APP,SORL1,0.00513205870124733,0.06,766,28
5750_MRD,GSE227903,Post_treatment_unspecified,cellchat,pDC,Cycling Progenitor,APP,SORL1,0.0465165826338127,0,192,28
5750_MRD,GSE227903,Post_treatment_unspecified,cellchat,Pro-Monocyte,Cycling Progenitor,APP,SORL1,0.0098861562729779,0,393,28
5750_MRD,GSE227903,Post_treatment_unspecified,cellchat,cDC,Early GMP,APP,SORL1,0.0114851417281758,0,213,59
5750_MRD,GSE227903,Post_treatment_unspecified,cellchat,Cycling Progenitor,Early GMP,APP,SORL1,0.0177610810352484,0,28,59
5750_MRD,GSE227903,Post_treatment_unspecified,cellchat,Early GMP,Early GMP,APP,SORL1,0.0131949138539504,0,59,59
5750_MRD,GSE227903,Post_treatment_unspecified,cellchat,Late GMP,Early GMP,APP,SORL1,0.0121647960675405,0,141,59
5750_MRD,GSE227903,Post_treatment_unspecified,cellchat,LMPP,Early GMP,APP,SORL1,0.0133297175668595,0,18,59
5750_MRD,GSE227903,Post_treatment_unspecified,cellchat,Monocyte,Early GMP,APP,SORL1,0.00536859009655473,0.01,766,59
5750_MRD,GSE227903,Post_treatment_unspecified,cellchat,pDC,Early GMP,APP,SORL1,0.0485673710297933,0,192,59
5750_MRD,GSE227903,Post_treatment_unspecified,cellchat,Pro-Monocyte,Early GMP,APP,SORL1,0.0103395220219912,0,393,59
5750_MRD,GSE227903,Post_treatment_unspecified,cellchat,cDC,Late GMP,APP,SORL1,0.00766503619787834,0,213,141
5750_MRD,GSE227903,Post_treatment_unspecified,cellchat,Cycling Progenitor,Late GMP,APP,SORL1,0.0118786017278122,0,28,141
5750_MRD,GSE227903,Post_treatment_unspecified,cellchat,Early GMP,Late GMP,APP,SORL1,0.00881118524360137,0,59,141
5750_MRD,GSE227903,Post_treatment_unspecified,cellchat,Late GMP,Late GMP,APP,SORL1,0.00812048584168777,0,141,141
5750_MRD,GSE227903,Post_treatment_unspecified,cellchat,LMPP,Late GMP,APP,SORL1,0.00890160729399113,0,18,141
5750_MRD,GSE227903,Post_treatment_unspecified,cellchat,Monocyte,Late GMP,APP,SORL1,0.00357556932307222,0.03,766,141
5750_MRD,GSE227903,Post_treatment_unspecified,cellchat,pDC,Late GMP,APP,SORL1,0.0328227807915544,0,192,141
5750_MRD,GSE227903,Post_treatment_unspecified,cellchat,Pro-Monocyte,Late GMP,APP,SORL1,0.00689780537609078,0,393,141
5750_MRD,GSE227903,Post_treatment_unspecified,cellchat,cDC,LMPP,APP,SORL1,0.0135538811413306,0,213,18
5750_MRD,GSE227903,Post_treatment_unspecified,cellchat,Cycling Progenitor,LMPP,APP,SORL1,0.0209363198670216,0,28,18
5750_MRD,GSE227903,Post_treatment_unspecified,cellchat,Early GMP,LMPP,APP,SORL1,0.0155667729434547,0,59,18
5750_MRD,GSE227903,Post_treatment_unspecified,cellchat,Late GMP,LMPP,APP,SORL1,0.0143541792557099,0,141,18
5750_MRD,GSE227903,Post_treatment_unspecified,cellchat,LMPP,LMPP,APP,SORL1,0.0157254222236864,0,18,18
5750_MRD,GSE227903,Post_treatment_unspecified,cellchat,Monocyte,LMPP,APP,SORL1,0.0063426663353028,0.07,766,18
5750_MRD,GSE227903,Post_treatment_unspecified,cellchat,pDC,LMPP,APP,SORL1,0.0569307970495743,0,192,18
5750_MRD,GSE227903,Post_treatment_unspecified,cellchat,Pro-Monocyte,LMPP,APP,SORL1,0.0122044565357437,0,393,18
5750_MRD,GSE227903,Post_treatment_unspecified,cellchat,cDC,Monocyte,APP,SORL1,0.00316864857028092,0.34,213,766
5750_MRD,GSE227903,Post_treatment_unspecified,cellchat,Cycling Progenitor,Monocyte,APP,SORL1,0.00492275567609948,0.01,28,766
5750_MRD,GSE227903,Post_treatment_unspecified,cellchat,Early GMP,Monocyte,APP,SORL1,0.00364492458051157,0.18,59,766
5750_MRD,GSE227903,Post_treatment_unspecified,cellchat,Late GMP,Monocyte,APP,SORL1,0.0033578309001447,0.17,141,766
5750_MRD,GSE227903,Post_treatment_unspecified,cellchat,LMPP,Monocyte,APP,SORL1,0.00368252645891844,0.28,18,766
5750_MRD,GSE227903,Post_treatment_unspecified,cellchat,Monocyte,Monocyte,APP,SORL1,0.00147453962622213,0.99,766,766
5750_MRD,GSE227903,Post_treatment_unspecified,cellchat,pDC,Monocyte,APP,SORL1,0.0137734417593106,0,192,766
5750_MRD,GSE227903,Post_treatment_unspecified,cellchat,Pro-Monocyte,Monocyte,APP,SORL1,0.00285019041490929,0.52,393,766
5750_MRD,GSE227903,Post_treatment_unspecified,cellchat,cDC,Naive T,APP,SORL1,0.00451418086605937,0.05,213,35
5750_MRD,GSE227903,Post_treatment_unspecified,cellchat,Cycling Progenitor,Naive T,APP,SORL1,0.00700791402999179,0.02,28,35
5750_MRD,GSE227903,Post_treatment_unspecified,cellchat,Early GMP,Naive T,APP,SORL1,0.00519164900049423,0.04,59,35
5750_MRD,GSE227903,Post_treatment_unspecified,cellchat,Late GMP,Naive T,APP,SORL1,0.00478331193813283,0.05,141,35
5750_MRD,GSE227903,Post_treatment_unspecified,cellchat,LMPP,Naive T,APP,SORL1,0.0052451232436917,0.06,18,35
5750_MRD,GSE227903,Post_treatment_unspecified,cellchat,Monocyte,Naive T,APP,SORL1,0.00210220400899942,0.8,766,35
5750_MRD,GSE227903,Post_treatment_unspecified,cellchat,pDC,Naive T,APP,SORL1,0.019533939561792,0,192,35
5750_MRD,GSE227903,Post_treatment_unspecified,cellchat,Pro-Monocyte,Naive T,APP,SORL1,0.00406104382406703,0.04,393,35
5750_MRD,GSE227903,Post_treatment_unspecified,cellchat,cDC,pDC,APP,SORL1,0.00325240961398662,0.2,213,192
5750_MRD,GSE227903,Post_treatment_unspecified,cellchat,Cycling Progenitor,pDC,APP,SORL1,0.00505265030453122,0.01,28,192
5750_MRD,GSE227903,Post_treatment_unspecified,cellchat,Early GMP,pDC,APP,SORL1,0.0037412284007898,0.14,59,192
5750_MRD,GSE227903,Post_treatment_unspecified,cellchat,Late GMP,pDC,APP,SORL1,0.00344657555772592,0.1,141,192
5750_MRD,GSE227903,Post_treatment_unspecified,cellchat,LMPP,pDC,APP,SORL1,0.0037798200025467,0.25,18,192
5750_MRD,GSE227903,Post_treatment_unspecified,cellchat,Monocyte,pDC,APP,SORL1,0.00151358606397658,0.98,766,192
5750_MRD,GSE227903,Post_treatment_unspecified,cellchat,pDC,pDC,APP,SORL1,0.0141335585502553,0,192,192
5750_MRD,GSE227903,Post_treatment_unspecified,cellchat,Pro-Monocyte,pDC,APP,SORL1,0.00292555794278161,0.38,393,192
5750_MRD,GSE227903,Post_treatment_unspecified,cellchat,cDC,Pro-Monocyte,APP,SORL1,0.00186046818322829,0.89,213,393
5750_MRD,GSE227903,Post_treatment_unspecified,cellchat,Cycling Progenitor,Pro-Monocyte,APP,SORL1,0.00289249141110242,0.41,28,393
5750_MRD,GSE227903,Post_treatment_unspecified,cellchat,Early GMP,Pro-Monocyte,APP,SORL1,0.00214053530150844,0.62,59,393
5750_MRD,GSE227903,Post_treatment_unspecified,cellchat,Late GMP,Pro-Monocyte,APP,SORL1,0.00197170084739147,0.76,141,393
5750_MRD,GSE227903,Post_treatment_unspecified,cellchat,LMPP,Pro-Monocyte,APP,SORL1,0.00216265124120752,0.58,18,393
5750_MRD,GSE227903,Post_treatment_unspecified,cellchat,pDC,Pro-Monocyte,APP,SORL1,0.00812273572320277,0,192,393
5750_MRD,GSE227903,Post_treatment_unspecified,cellchat,Pro-Monocyte,Pro-Monocyte,APP,SORL1,0.00167326516847372,0.92,393,393
5750_MRD,GSE227903,Post_treatment_unspecified,cellchat,cDC,Cycling Progenitor,APP,TNFRSF21,0.000176895116732754,0,213,28
5750_MRD,GSE227903,Post_treatment_unspecified,cellchat,Cycling Progenitor,Cycling Progenitor,APP,TNFRSF21,0.000275278445783307,0,28,28
5750_MRD,GSE227903,Post_treatment_unspecified,cellchat,Early GMP,Cycling Progenitor,APP,TNFRSF21,0.000203575859624741,0,59,28
5750_MRD,GSE227903,Post_treatment_unspecified,cellchat,Late GMP,Cycling Progenitor,APP,TNFRSF21,0.000187490133457987,0,141,28
5750_MRD,GSE227903,Post_treatment_unspecified,cellchat,LMPP,Cycling Progenitor,APP,TNFRSF21,0.000205683323738606,0,18,28
5750_MRD,GSE227903,Post_treatment_unspecified,cellchat,Monocyte,Cycling Progenitor,APP,TNFRSF21,8.21867675161582e-05,0,766,28
5750_MRD,GSE227903,Post_treatment_unspecified,cellchat,pDC,Cycling Progenitor,APP,TNFRSF21,0.000776727377470737,0,192,28
5750_MRD,GSE227903,Post_treatment_unspecified,cellchat,Pro-Monocyte,Cycling Progenitor,APP,TNFRSF21,0.000159068675754178,0,393,28
5750_MRD,GSE227903,Post_treatment_unspecified,cellchat,cDC,pDC,APP,TNFRSF21,0.00320760644202016,0,213,192
5750_MRD,GSE227903,Post_treatment_unspecified,cellchat,Cycling Progenitor,pDC,APP,TNFRSF21,0.0049831721173959,0,28,192
5750_MRD,GSE227903,Post_treatment_unspecified,cellchat,Early GMP,pDC,APP,TNFRSF21,0.00368971649162349,0,59,192
5750_MRD,GSE227903,Post_treatment_unspecified,cellchat,Late GMP,pDC,APP,TNFRSF21,0.00339910679777103,0,141,192
5750_MRD,GSE227903,Post_treatment_unspecified,cellchat,LMPP,pDC,APP,TNFRSF21,0.00372777872481715,0,18,192
5750_MRD,GSE227903,Post_treatment_unspecified,cellchat,Monocyte,pDC,APP,TNFRSF21,0.00149269997251418,0,766,192
5750_MRD,GSE227903,Post_treatment_unspecified,cellchat,pDC,pDC,APP,TNFRSF21,0.013940959894265,0,192,192
5750_MRD,GSE227903,Post_treatment_unspecified,cellchat,Pro-Monocyte,pDC,APP,TNFRSF21,0.00288524424293133,0,393,192
5750_MRD,GSE227903,Post_treatment_unspecified,cellchat,CD4 Memory T,cDC,CD99,PILRB,0.00398867689777632,0.01,33,213
5750_MRD,GSE227903,Post_treatment_unspecified,cellchat,CD8 Memory T,cDC,CD99,PILRB,0.0065039781290712,0,43,213
5750_MRD,GSE227903,Post_treatment_unspecified,cellchat,cDC,cDC,CD99,PILRB,0.00549081336766447,0,213,213
5750_MRD,GSE227903,Post_treatment_unspecified,cellchat,Cycling Progenitor,cDC,CD99,PILRB,0.00652639507491934,0,28,213
5750_MRD,GSE227903,Post_treatment_unspecified,cellchat,Early GMP,cDC,CD99,PILRB,0.00610998032370826,0,59,213
5750_MRD,GSE227903,Post_treatment_unspecified,cellchat,Late GMP,cDC,CD99,PILRB,0.00523778286542627,0,141,213
5750_MRD,GSE227903,Post_treatment_unspecified,cellchat,LMPP,cDC,CD99,PILRB,0.00795469679461054,0,18,213
5750_MRD,GSE227903,Post_treatment_unspecified,cellchat,Monocyte,cDC,CD99,PILRB,0.00538908006090121,0,766,213
5750_MRD,GSE227903,Post_treatment_unspecified,cellchat,Naive T,cDC,CD99,PILRB,0.00051124446364308,0.1,35,213
5750_MRD,GSE227903,Post_treatment_unspecified,cellchat,pDC,cDC,CD99,PILRB,0.00669225303143839,0,192,213
5750_MRD,GSE227903,Post_treatment_unspecified,cellchat,Pro-Monocyte,cDC,CD99,PILRB,0.00491005432673851,0,393,213
5750_MRD,GSE227903,Post_treatment_unspecified,cellchat,CD4 Memory T,Cycling Progenitor,CD99,PILRB,0.0126777925803379,0,33,28
5750_MRD,GSE227903,Post_treatment_unspecified,cellchat,CD8 Memory T,Cycling Progenitor,CD99,PILRB,0.0205594352642575,0,43,28
5750_MRD,GSE227903,Post_treatment_unspecified,cellchat,cDC,Cycling Progenitor,CD99,PILRB,0.0173951013131255,0,213,28
5750_MRD,GSE227903,Post_treatment_unspecified,cellchat,Cycling Progenitor,Cycling Progenitor,CD99,PILRB,0.0206292905590535,0,28,28
5750_MRD,GSE227903,Post_treatment_unspecified,cellchat,Early GMP,Cycling Progenitor,CD99,PILRB,0.0193305531397551,0,59,28
5750_MRD,GSE227903,Post_treatment_unspecified,cellchat,Late GMP,Cycling Progenitor,CD99,PILRB,0.0166026494149796,0,141,28
5750_MRD,GSE227903,Post_treatment_unspecified,cellchat,LMPP,Cycling Progenitor,CD99,PILRB,0.025066138460567,0,18,28
5750_MRD,GSE227903,Post_treatment_unspecified,cellchat,Monocyte,Cycling Progenitor,CD99,PILRB,0.0170765936429569,0,766,28
5750_MRD,GSE227903,Post_treatment_unspecified,cellchat,Naive T,Cycling Progenitor,CD99,PILRB,0.00163741647629061,0.15,35,28
5750_MRD,GSE227903,Post_treatment_unspecified,cellchat,pDC,Cycling Progenitor,CD99,PILRB,0.0211459226444091,0,192,28
5750_MRD,GSE227903,Post_treatment_unspecified,cellchat,Pro-Monocyte,Cycling Progenitor,CD99,PILRB,0.0155749538442679,0,393,28
5750_MRD,GSE227903,Post_treatment_unspecified,cellchat,CD4 Memory T,Early GMP,CD99,PILRB,0.00896221428025647,0,33,59
5750_MRD,GSE227903,Post_treatment_unspecified,cellchat,CD8 Memory T,Early GMP,CD99,PILRB,0.014568006477659,0,43,59
5750_MRD,GSE227903,Post_treatment_unspecified,cellchat,cDC,Early GMP,CD99,PILRB,0.0123142285142135,0,213,59
5750_MRD,GSE227903,Post_treatment_unspecified,cellchat,Cycling Progenitor,Early GMP,CD99,PILRB,0.0146178083731462,0,28,59
5750_MRD,GSE227903,Post_treatment_unspecified,cellchat,Early GMP,Early GMP,CD99,PILRB,0.0136922386688344,0,59,59
5750_MRD,GSE227903,Post_treatment_unspecified,cellchat,Late GMP,Early GMP,CD99,PILRB,0.0117504730852136,0,141,59
5750_MRD,GSE227903,Post_treatment_unspecified,cellchat,LMPP,Early GMP,CD99,PILRB,0.017785215029435,0,18,59
5750_MRD,GSE227903,Post_treatment_unspecified,cellchat,Monocyte,Early GMP,CD99,PILRB,0.0120876081687568,0,766,59
5750_MRD,GSE227903,Post_treatment_unspecified,cellchat,Naive T,Early GMP,CD99,PILRB,0.00115374512499457,0.23,35,59
5750_MRD,GSE227903,Post_treatment_unspecified,cellchat,pDC,Early GMP,CD99,PILRB,0.0149861948752652,0,192,59
5750_MRD,GSE227903,Post_treatment_unspecified,cellchat,Pro-Monocyte,Early GMP,CD99,PILRB,0.0110197591333917,0,393,59
5750_MRD,GSE227903,Post_treatment_unspecified,cellchat,CD4 Memory T,Late GMP,CD99,PILRB,0.00340241458156819,0.02,33,141
5750_MRD,GSE227903,Post_treatment_unspecified,cellchat,CD8 Memory T,Late GMP,CD99,PILRB,0.00555007278115689,0,43,141
5750_MRD,GSE227903,Post_treatment_unspecified,cellchat,cDC,Late GMP,CD99,PILRB,0.0046848030363425,0.01,213,141
5750_MRD,GSE227903,Post_treatment_unspecified,cellchat,Cycling Progenitor,Late GMP,CD99,PILRB,0.00556922037796254,0,28,141
5750_MRD,GSE227903,Post_treatment_unspecified,cellchat,Early GMP,Late GMP,CD99,PILRB,0.0052135573862214,0.01,59,141
5750_MRD,GSE227903,Post_treatment_unspecified,cellchat,Late GMP,Late GMP,CD99,PILRB,0.00446874862010049,0.02,141,141
5750_MRD,GSE227903,Post_treatment_unspecified,cellchat,LMPP,Late GMP,CD99,PILRB,0.00678947597907077,0,18,141
5750_MRD,GSE227903,Post_treatment_unspecified,cellchat,Monocyte,Late GMP,CD99,PILRB,0.00459793437482824,0.01,766,141
5750_MRD,GSE227903,Post_treatment_unspecified,cellchat,Naive T,Late GMP,CD99,PILRB,0.000435877231045995,0.06,35,141
5750_MRD,GSE227903,Post_treatment_unspecified,cellchat,pDC,Late GMP,CD99,PILRB,0.00571089309155899,0,192,141
5750_MRD,GSE227903,Post_treatment_unspecified,cellchat,Pro-Monocyte,Late GMP,CD99,PILRB,0.00418893599558291,0.02,393,141
5750_MRD,GSE227903,Post_treatment_unspecified,cellchat,CD4 Memory T,LMPP,CD99,PILRB,0.00362140630718747,0.19,33,18
5750_MRD,GSE227903,Post_treatment_unspecified,cellchat,CD8 Memory T,LMPP,CD99,PILRB,0.00590647632117103,0.06,43,18
5750_MRD,GSE227903,Post_treatment_unspecified,cellchat,cDC,LMPP,CD99,PILRB,0.00498592098882572,0.06,213,18
5750_MRD,GSE227903,Post_treatment_unspecified,cellchat,Cycling Progenitor,LMPP,CD99,PILRB,0.00592684617206457,0.06,28,18
5750_MRD,GSE227903,Post_treatment_unspecified,cellchat,Early GMP,LMPP,CD99,PILRB,0.00554847181946768,0.06,59,18
5750_MRD,GSE227903,Post_treatment_unspecified,cellchat,Late GMP,LMPP,CD99,PILRB,0.00475604592988674,0.08,141,18
5750_MRD,GSE227903,Post_treatment_unspecified,cellchat,LMPP,LMPP,CD99,PILRB,0.00722489081473348,0.03,18,18
5750_MRD,GSE227903,Post_treatment_unspecified,cellchat,Monocyte,LMPP,CD99,PILRB,0.00489349625416914,0.07,766,18
5750_MRD,GSE227903,Post_treatment_unspecified,cellchat,Naive T,LMPP,CD99,PILRB,0.000464020769586299,0.27,35,18
5750_MRD,GSE227903,Post_treatment_unspecified,cellchat,pDC,LMPP,CD99,PILRB,0.00607756075583346,0.06,192,18
5750_MRD,GSE227903,Post_treatment_unspecified,cellchat,Pro-Monocyte,LMPP,CD99,PILRB,0.00445832462216309,0.09,393,18
5750_MRD,GSE227903,Post_treatment_unspecified,cellchat,CD4 Memory T,pDC,CD99,PILRB,0.00418096194977177,0.01,33,192
5750_MRD,GSE227903,Post_treatment_unspecified,cellchat,CD8 Memory T,pDC,CD99,PILRB,0.00681669025805679,0,43,192
5750_MRD,GSE227903,Post_treatment_unspecified,cellchat,cDC,pDC,CD99,PILRB,0.00575509458466096,0,213,192
5750_MRD,GSE227903,Post_treatment_unspecified,cellchat,Cycling Progenitor,pDC,CD99,PILRB,0.00684017759295347,0,28,192
5750_MRD,GSE227903,Post_treatment_unspecified,cellchat,Early GMP,pDC,CD99,PILRB,0.00640387109177319,0,59,192
5750_MRD,GSE227903,Post_treatment_unspecified,cellchat,Late GMP,pDC,CD99,PILRB,0.0054899525685296,0,141,192
5750_MRD,GSE227903,Post_treatment_unspecified,cellchat,LMPP,pDC,CD99,PILRB,0.00833657437999581,0,18,192
5750_MRD,GSE227903,Post_treatment_unspecified,cellchat,Monocyte,pDC,CD99,PILRB,0.00564849250976727,0,766,192
5750_MRD,GSE227903,Post_treatment_unspecified,cellchat,Naive T,pDC,CD99,PILRB,0.00053598060895914,0.14,35,192
5750_MRD,GSE227903,Post_treatment_unspecified,cellchat,pDC,pDC,CD99,PILRB,0.00701395353469769,0,192,192
5750_MRD,GSE227903,Post_treatment_unspecified,cellchat,Pro-Monocyte,pDC,CD99,PILRB,0.00514652738005992,0,393,192
5750_MRD,GSE227903,Post_treatment_unspecified,cellchat,cDC,cDC,LAIR1,LILRB4,0.00207150303428664,0.61,213,213
5750_MRD,GSE227903,Post_treatment_unspecified,cellchat,Cycling Progenitor,cDC,LAIR1,LILRB4,0.00587000058760334,0,28,213
5750_MRD,GSE227903,Post_treatment_unspecified,cellchat,Early GMP,cDC,LAIR1,LILRB4,0.00583556771565496,0.01,59,213
5750_MRD,GSE227903,Post_treatment_unspecified,cellchat,Late GMP,cDC,LAIR1,LILRB4,0.00599235868229077,0,141,213
5750_MRD,GSE227903,Post_treatment_unspecified,cellchat,LMPP,cDC,LAIR1,LILRB4,0.00443395488251606,0.08,18,213
5750_MRD,GSE227903,Post_treatment_unspecified,cellchat,Monocyte,cDC,LAIR1,LILRB4,0.0114670396376801,0,766,213
5750_MRD,GSE227903,Post_treatment_unspecified,cellchat,pDC,cDC,LAIR1,LILRB4,0.00303266483295648,0.23,192,213
5750_MRD,GSE227903,Post_treatment_unspecified,cellchat,Pro-Monocyte,cDC,LAIR1,LILRB4,0.00761423804451734,0,393,213
5750_MRD,GSE227903,Post_treatment_unspecified,cellchat,Cycling Progenitor,Late GMP,LAIR1,LILRB4,0.00106420848457736,0.9,28,141
5750_MRD,GSE227903,Post_treatment_unspecified,cellchat,Early GMP,Late GMP,LAIR1,LILRB4,0.0010579359379355,0.98,59,141
5750_MRD,GSE227903,Post_treatment_unspecified,cellchat,LMPP,Late GMP,LAIR1,LILRB4,0.000802909381176315,0.94,18,141
5750_MRD,GSE227903,Post_treatment_unspecified,cellchat,Monocyte,Late GMP,LAIR1,LILRB4,0.00208855703582967,0.51,766,141
5750_MRD,GSE227903,Post_treatment_unspecified,cellchat,Pro-Monocyte,Late GMP,LAIR1,LILRB4,0.00138241778183777,0.99,393,141
5750_MRD,GSE227903,Post_treatment_unspecified,cellchat,Cycling Progenitor,Monocyte,LAIR1,LILRB4,0.00279487005630186,0.43,28,766
5750_MRD,GSE227903,Post_treatment_unspecified,cellchat,Early GMP,Monocyte,LAIR1,LILRB4,0.00277842519678357,0.45,59,766
5750_MRD,GSE227903,Post_treatment_unspecified,cellchat,Late GMP,Monocyte,LAIR1,LILRB4,0.00285331211549215,0.36,141,766
5750_MRD,GSE227903,Post_treatment_unspecified,cellchat,LMPP,Monocyte,LAIR1,LILRB4,0.00210953249261663,0.69,18,766
5750_MRD,GSE227903,Post_treatment_unspecified,cellchat,Monocyte,Monocyte,LAIR1,LILRB4,0.0054759265092477,0,766,766
5750_MRD,GSE227903,Post_treatment_unspecified,cellchat,pDC,Monocyte,LAIR1,LILRB4,0.00144178010529412,0.98,192,766
5750_MRD,GSE227903,Post_treatment_unspecified,cellchat,Pro-Monocyte,Monocyte,LAIR1,LILRB4,0.00362868519478467,0,393,766
5750_MRD,GSE227903,Post_treatment_unspecified,cellchat,cDC,pDC,LAIR1,LILRB4,0.00368520360381767,0.01,213,192
5750_MRD,GSE227903,Post_treatment_unspecified,cellchat,Cycling Progenitor,pDC,LAIR1,LILRB4,0.0104118572701689,0,28,192
5750_MRD,GSE227903,Post_treatment_unspecified,cellchat,Early GMP,pDC,LAIR1,LILRB4,0.0103510596960043,0,59,192
5750_MRD,GSE227903,Post_treatment_unspecified,cellchat,Late GMP,pDC,LAIR1,LILRB4,0.0106278766492665,0,141,192
5750_MRD,GSE227903,Post_treatment_unspecified,cellchat,LMPP,pDC,LAIR1,LILRB4,0.00787348506249377,0,18,192
5750_MRD,GSE227903,Post_treatment_unspecified,cellchat,Monocyte,pDC,LAIR1,LILRB4,0.0202513322425064,0,766,192
5750_MRD,GSE227903,Post_treatment_unspecified,cellchat,pDC,pDC,LAIR1,LILRB4,0.00539106539536225,0,192,192
5750_MRD,GSE227903,Post_treatment_unspecified,cellchat,Pro-Monocyte,pDC,LAIR1,LILRB4,0.0134873718776393,0,393,192
5750_MRD,GSE227903,Post_treatment_unspecified,cellchat,cDC,Pro-Monocyte,LAIR1,LILRB4,0.00174485707154971,0.69,213,393
5750_MRD,GSE227903,Post_treatment_unspecified,cellchat,Cycling Progenitor,Pro-Monocyte,LAIR1,LILRB4,0.00494735615098587,0.05,28,393
5750_MRD,GSE227903,Post_treatment_unspecified,cellchat,Early GMP,Pro-Monocyte,LAIR1,LILRB4,0.00491830864884213,0,59,393
5750_MRD,GSE227903,Post_treatment_unspecified,cellchat,Late GMP,Pro-Monocyte,LAIR1,LILRB4,0.00505057975466373,0,141,393
5750_MRD,GSE227903,Post_treatment_unspecified,cellchat,LMPP,Pro-Monocyte,LAIR1,LILRB4,0.00373617925886733,0.28,18,393
5750_MRD,GSE227903,Post_treatment_unspecified,cellchat,Monocyte,Pro-Monocyte,LAIR1,LILRB4,0.00967321492062071,0,766,393
5750_MRD,GSE227903,Post_treatment_unspecified,cellchat,pDC,Pro-Monocyte,LAIR1,LILRB4,0.00255484562427909,0.5,192,393
5750_MRD,GSE227903,Post_treatment_unspecified,cellchat,Pro-Monocyte,Pro-Monocyte,LAIR1,LILRB4,0.00641920530636667,0,393,393
5750_MRD,GSE227903,Post_treatment_unspecified,cellchat,Cycling Progenitor,CD8 Memory T,MICB,NKG2D_HCST,0.00317703066093728,0,28,43
5750_MRD,GSE227903,Post_treatment_unspecified,cellchat,LMPP,CD8 Memory T,MICB,NKG2D_HCST,0.00368152363462315,0,18,43
5750_MRD,GSE227903,Post_treatment_unspecified,cellchat,cDC,cDC,PECAM1,CD38,0.00055501041392282,0.94,213,213
5750_MRD,GSE227903,Post_treatment_unspecified,cellchat,Cycling Progenitor,cDC,PECAM1,CD38,0.00221212414434246,0.02,28,213
5750_MRD,GSE227903,Post_treatment_unspecified,cellchat,Early GMP,cDC,PECAM1,CD38,0.00158005554303674,0.1,59,213
5750_MRD,GSE227903,Post_treatment_unspecified,cellchat,Late GMP,cDC,PECAM1,CD38,0.00139333953973359,0.07,141,213
5750_MRD,GSE227903,Post_treatment_unspecified,cellchat,LMPP,cDC,PECAM1,CD38,0.00304347079218149,0.01,18,213
5750_MRD,GSE227903,Post_treatment_unspecified,cellchat,Monocyte,cDC,PECAM1,CD38,0.00122222920143438,0.01,766,213
5750_MRD,GSE227903,Post_treatment_unspecified,cellchat,pDC,cDC,PECAM1,CD38,0.000769617810602558,0.58,192,213
5750_MRD,GSE227903,Post_treatment_unspecified,cellchat,Pro-Monocyte,cDC,PECAM1,CD38,0.000887117463641468,0.34,393,213
5750_MRD,GSE227903,Post_treatment_unspecified,cellchat,cDC,Cycling Progenitor,PECAM1,CD38,0.00194669887707552,0.02,213,28
5750_MRD,GSE227903,Post_treatment_unspecified,cellchat,Cycling Progenitor,Cycling Progenitor,PECAM1,CD38,0.00772690010000745,0,28,28
5750_MRD,GSE227903,Post_treatment_unspecified,cellchat,Early GMP,Cycling Progenitor,PECAM1,CD38,0.00552782832152639,0,59,28
5750_MRD,GSE227903,Post_treatment_unspecified,cellchat,Late GMP,Cycling Progenitor,PECAM1,CD38,0.00487688062685662,0,141,28
5750_MRD,GSE227903,Post_treatment_unspecified,cellchat,LMPP,Cycling Progenitor,PECAM1,CD38,0.0106087396627987,0,18,28
5750_MRD,GSE227903,Post_treatment_unspecified,cellchat,Monocyte,Cycling Progenitor,PECAM1,CD38,0.00427980428742959,0,766,28
5750_MRD,GSE227903,Post_treatment_unspecified,cellchat,pDC,Cycling Progenitor,PECAM1,CD38,0.00269798159736543,0,192,28
5750_MRD,GSE227903,Post_treatment_unspecified,cellchat,Pro-Monocyte,Cycling Progenitor,PECAM1,CD38,0.00310897380276239,0,393,28
5750_MRD,GSE227903,Post_treatment_unspecified,cellchat,cDC,Early GMP,PECAM1,CD38,0.00199752130342005,0.01,213,59
5750_MRD,GSE227903,Post_treatment_unspecified,cellchat,Cycling Progenitor,Early GMP,PECAM1,CD38,0.00792742750661896,0.01,28,59
5750_MRD,GSE227903,Post_treatment_unspecified,cellchat,Early GMP,Early GMP,PECAM1,CD38,0.00567161193114607,0,59,59
5750_MRD,GSE227903,Post_treatment_unspecified,cellchat,Late GMP,Early GMP,PECAM1,CD38,0.00500381771643965,0,141,59
5750_MRD,GSE227903,Post_treatment_unspecified,cellchat,LMPP,Early GMP,PECAM1,CD38,0.0108832358721484,0,18,59
5750_MRD,GSE227903,Post_treatment_unspecified,cellchat,Monocyte,Early GMP,PECAM1,CD38,0.00439126905192841,0,766,59
5750_MRD,GSE227903,Post_treatment_unspecified,cellchat,pDC,Early GMP,PECAM1,CD38,0.00276836334195623,0,192,59
5750_MRD,GSE227903,Post_treatment_unspecified,cellchat,Pro-Monocyte,Early GMP,PECAM1,CD38,0.00319004273014808,0,393,59
5750_MRD,GSE227903,Post_treatment_unspecified,cellchat,cDC,Late GMP,PECAM1,CD38,0.00233872564222566,0,213,141
5750_MRD,GSE227903,Post_treatment_unspecified,cellchat,Cycling Progenitor,Late GMP,PECAM1,CD38,0.009272131422044,0,28,141
5750_MRD,GSE227903,Post_treatment_unspecified,cellchat,Early GMP,Late GMP,PECAM1,CD38,0.00663622876106847,0,59,141
5750_MRD,GSE227903,Post_treatment_unspecified,cellchat,Late GMP,Late GMP,PECAM1,CD38,0.00585552624038944,0,141,141
5750_MRD,GSE227903,Post_treatment_unspecified,cellchat,LMPP,Late GMP,PECAM1,CD38,0.0127228939788462,0,18,141
5750_MRD,GSE227903,Post_treatment_unspecified,cellchat,Monocyte,Late GMP,PECAM1,CD38,0.00513925312990938,0,766,141
5750_MRD,GSE227903,Post_treatment_unspecified,cellchat,pDC,Late GMP,PECAM1,CD38,0.00324081061715159,0,192,141
5750_MRD,GSE227903,Post_treatment_unspecified,cellchat,Pro-Monocyte,Late GMP,PECAM1,CD38,0.00373418409290753,0,393,141
5750_MRD,GSE227903,Post_treatment_unspecified,cellchat,cDC,LMPP,PECAM1,CD38,0.00132310234079816,0.13,213,18
5750_MRD,GSE227903,Post_treatment_unspecified,cellchat,Cycling Progenitor,LMPP,PECAM1,CD38,0.00526146171387808,0,28,18
5750_MRD,GSE227903,Post_treatment_unspecified,cellchat,Early GMP,LMPP,PECAM1,CD38,0.00376139264700687,0.02,59,18
5750_MRD,GSE227903,Post_treatment_unspecified,cellchat,Late GMP,LMPP,PECAM1,CD38,0.00331776345130754,0.02,141,18
5750_MRD,GSE227903,Post_treatment_unspecified,cellchat,LMPP,LMPP,PECAM1,CD38,0.00723048693286266,0.01,18,18
5750_MRD,GSE227903,Post_treatment_unspecified,cellchat,Monocyte,LMPP,PECAM1,CD38,0.0029110113931088,0.01,766,18
5750_MRD,GSE227903,Post_treatment_unspecified,cellchat,pDC,LMPP,PECAM1,CD38,0.00183416489644144,0.07,192,18
5750_MRD,GSE227903,Post_treatment_unspecified,cellchat,Pro-Monocyte,LMPP,PECAM1,CD38,0.00211384803779808,0.03,393,18
5750_MRD,GSE227903,Post_treatment_unspecified,cellchat,cDC,pDC,PECAM1,CD38,6.46249989793253e-05,0.93,213,192
5750_MRD,GSE227903,Post_treatment_unspecified,cellchat,Cycling Progenitor,pDC,PECAM1,CD38,0.000257955985535598,0.89,28,192
5750_MRD,GSE227903,Post_treatment_unspecified,cellchat,Early GMP,pDC,PECAM1,CD38,0.000184147362879932,0.93,59,192
5750_MRD,GSE227903,Post_treatment_unspecified,cellchat,Late GMP,pDC,PECAM1,CD38,0.000162359746665558,0.93,141,192
5750_MRD,GSE227903,Post_treatment_unspecified,cellchat,LMPP,pDC,PECAM1,CD38,0.000355160798705961,0.85,18,192
5750_MRD,GSE227903,Post_treatment_unspecified,cellchat,Monocyte,pDC,PECAM1,CD38,0.000142399452486238,0.93,766,192
5750_MRD,GSE227903,Post_treatment_unspecified,cellchat,pDC,pDC,PECAM1,CD38,8.96307294117971e-05,0.93,192,192
5750_MRD,GSE227903,Post_treatment_unspecified,cellchat,Pro-Monocyte,pDC,PECAM1,CD38,0.000103325632723083,0.93,393,192
5750_MRD,GSE227903,Post_treatment_unspecified,cellchat,cDC,Pro-Monocyte,PECAM1,CD38,0.000695737722377406,0.75,213,393
5750_MRD,GSE227903,Post_treatment_unspecified,cellchat,Cycling Progenitor,Pro-Monocyte,PECAM1,CD38,0.00277186051860568,0,28,393
5750_MRD,GSE227903,Post_treatment_unspecified,cellchat,Early GMP,Pro-Monocyte,PECAM1,CD38,0.00198017625341237,0.02,59,393
5750_MRD,GSE227903,Post_treatment_unspecified,cellchat,Late GMP,Pro-Monocyte,PECAM1,CD38,0.0017462604712926,0.02,141,393
5750_MRD,GSE227903,Post_treatment_unspecified,cellchat,LMPP,Pro-Monocyte,PECAM1,CD38,0.00381275996917774,0,18,393
5750_MRD,GSE227903,Post_treatment_unspecified,cellchat,Monocyte,Pro-Monocyte,PECAM1,CD38,0.00153187584009018,0,766,393
5750_MRD,GSE227903,Post_treatment_unspecified,cellchat,pDC,Pro-Monocyte,PECAM1,CD38,0.000964708008670289,0.1,192,393
5750_MRD,GSE227903,Post_treatment_unspecified,cellchat,Pro-Monocyte,Pro-Monocyte,PECAM1,CD38,0.00111195946988671,0.01,393,393
