sample,dataset,timepoint,engine,sender_bin,receiver_bin,ligand,receptor,prob,pval,n_sender,n_receiver
6323_Dg,GSE227903,Diagnosis,cellchat,cDC,cDC,TGFB1,TGFbR1_R2,0.00505762017037051,0.03,40,40
6323_Dg,GSE227903,Diagnosis,cellchat,Cycling Progenitor,cDC,TGFB1,TGFbR1_R2,0.00384196828574699,0.09,49,40
6323_Dg,GSE227903,Diagnosis,cellchat,Early GMP,cDC,TGFB1,TGFbR1_R2,0.00403542939748215,0.11,101,40
6323_Dg,GSE227903,Diagnosis,cellchat,Late GMP,cDC,TGFB1,TGFbR1_R2,0.00392549251343733,0.13,61,40
6323_Dg,GSE227903,Diagnosis,cellchat,LMPP,cDC,TGFB1,TGFbR1_R2,0.00533527613135496,0,50,40
6323_Dg,GSE227903,Diagnosis,cellchat,Monocyte,cDC,TGFB1,TGFbR1_R2,0.00889110817467781,0,28,40
6323_Dg,GSE227903,Diagnosis,cellchat,pDC,cDC,TGFB1,TGFbR1_R2,0.00488968103740799,0.01,133,40
6323_Dg,GSE227903,Diagnosis,cellchat,Pro-Monocyte,cDC,TGFB1,TGFbR1_R2,0.00457751180211653,0.05,35,40
6323_Dg,GSE227903,Diagnosis,cellchat,cDC,Cycling Progenitor,TGFB1,TGFbR1_R2,0.00365111270836462,0.24,40,49
6323_Dg,GSE227903,Diagnosis,cellchat,Cycling Progenitor,Cycling Progenitor,TGFB1,TGFbR1_R2,0.00277258750707207,0.43,49,49
6323_Dg,GSE227903,Diagnosis,cellchat,Early GMP,Cycling Progenitor,TGFB1,TGFbR1_R2,0.00291235771452333,0.45,101,49
6323_Dg,GSE227903,Diagnosis,cellchat,Late GMP,Cycling Progenitor,TGFB1,TGFbR1_R2,0.00283292955674645,0.45,61,49
6323_Dg,GSE227903,Diagnosis,cellchat,LMPP,Cycling Progenitor,TGFB1,TGFbR1_R2,0.00385185239727623,0.21,50,49
6323_Dg,GSE227903,Diagnosis,cellchat,Monocyte,Cycling Progenitor,TGFB1,TGFbR1_R2,0.00642173103546718,0.02,28,49
6323_Dg,GSE227903,Diagnosis,cellchat,pDC,Cycling Progenitor,TGFB1,TGFbR1_R2,0.00352971120629954,0.28,133,49
6323_Dg,GSE227903,Diagnosis,cellchat,Pro-Monocyte,Cycling Progenitor,TGFB1,TGFbR1_R2,0.00330407749979036,0.36,35,49
6323_Dg,GSE227903,Diagnosis,cellchat,cDC,pDC,TGFB1,TGFbR1_R2,0.00827844522683718,0,40,133
6323_Dg,GSE227903,Diagnosis,cellchat,Cycling Progenitor,pDC,TGFB1,TGFbR1_R2,0.00629353132737219,0,49,133
6323_Dg,GSE227903,Diagnosis,cellchat,Early GMP,pDC,TGFB1,TGFbR1_R2,0.00660962104015467,0,101,133
6323_Dg,GSE227903,Diagnosis,cellchat,Late GMP,pDC,TGFB1,TGFbR1_R2,0.006430008410595,0,61,133
6323_Dg,GSE227903,Diagnosis,cellchat,LMPP,pDC,TGFB1,TGFbR1_R2,0.0087313680633921,0,50,133
6323_Dg,GSE227903,Diagnosis,cellchat,Monocyte,pDC,TGFB1,TGFbR1_R2,0.0145365558849524,0,28,133
6323_Dg,GSE227903,Diagnosis,cellchat,pDC,pDC,TGFB1,TGFbR1_R2,0.0080044184617476,0,133,133
6323_Dg,GSE227903,Diagnosis,cellchat,Pro-Monocyte,pDC,TGFB1,TGFbR1_R2,0.00749489444825173,0,35,133
6323_Dg,GSE227903,Diagnosis,cellchat,cDC,Monocyte,CCL3,CCR1,0.0110446013582558,0,40,28
6323_Dg,GSE227903,Diagnosis,cellchat,Cycling Progenitor,Monocyte,CCL3,CCR1,0.00495819341057098,0,49,28
6323_Dg,GSE227903,Diagnosis,cellchat,Early GMP,Monocyte,CCL3,CCR1,0.00310228084093775,0,101,28
6323_Dg,GSE227903,Diagnosis,cellchat,Late GMP,Monocyte,CCL3,CCR1,0.0113508075467022,0,61,28
6323_Dg,GSE227903,Diagnosis,cellchat,LMPP,Monocyte,CCL3,CCR1,0.00250905365658135,0,50,28
6323_Dg,GSE227903,Diagnosis,cellchat,Monocyte,Monocyte,CCL3,CCR1,0.0364153162105715,0,28,28
6323_Dg,GSE227903,Diagnosis,cellchat,pDC,Monocyte,CCL3,CCR1,0.00587575105257573,0,133,28
6323_Dg,GSE227903,Diagnosis,cellchat,Pro-Monocyte,Monocyte,CCL3,CCR1,0.02454538224244,0,35,28
6323_Dg,GSE227903,Diagnosis,cellchat,cDC,Monocyte,CCL3L1,CCR1,0.00155228889417137,0,40,28
6323_Dg,GSE227903,Diagnosis,cellchat,Cycling Progenitor,Monocyte,CCL3L1,CCR1,0.000883314984735269,0,49,28
6323_Dg,GSE227903,Diagnosis,cellchat,LMPP,Monocyte,CCL3L1,CCR1,0.000734550362291445,0,50,28
6323_Dg,GSE227903,Diagnosis,cellchat,Monocyte,Monocyte,CCL3L1,CCR1,0.00399191844381099,0,28,28
6323_Dg,GSE227903,Diagnosis,cellchat,Pro-Monocyte,Monocyte,CCL3L1,CCR1,0.0021073746769718,0,35,28
6323_Dg,GSE227903,Diagnosis,cellchat,Cycling Progenitor,Monocyte,CCL23,CCR1,0.000770285472810028,0,49,28
6323_Dg,GSE227903,Diagnosis,cellchat,Late GMP,Monocyte,CCL23,CCR1,0.00146384350368609,0,61,28
6323_Dg,GSE227903,Diagnosis,cellchat,Pro-Monocyte,Monocyte,CCL23,CCR1,0.00149226530290825,0,35,28
6323_Dg,GSE227903,Diagnosis,cellchat,cDC,cDC,MIF,CD74_CXCR4,0.266566512458727,0,40,40
6323_Dg,GSE227903,Diagnosis,cellchat,Cycling Progenitor,cDC,MIF,CD74_CXCR4,0.330062413662409,0,49,40
6323_Dg,GSE227903,Diagnosis,cellchat,Early GMP,cDC,MIF,CD74_CXCR4,0.311288812794658,0,101,40
6323_Dg,GSE227903,Diagnosis,cellchat,Late GMP,cDC,MIF,CD74_CXCR4,0.275934136632467,0,61,40
6323_Dg,GSE227903,Diagnosis,cellchat,LMPP,cDC,MIF,CD74_CXCR4,0.294948311938455,0,50,40
6323_Dg,GSE227903,Diagnosis,cellchat,Monocyte,cDC,MIF,CD74_CXCR4,0.217620524399598,0.88,28,40
6323_Dg,GSE227903,Diagnosis,cellchat,pDC,cDC,MIF,CD74_CXCR4,0.235988100972867,0.54,133,40
6323_Dg,GSE227903,Diagnosis,cellchat,Pro-Monocyte,cDC,MIF,CD74_CXCR4,0.292419826271061,0,35,40
6323_Dg,GSE227903,Diagnosis,cellchat,Cycling Progenitor,Cycling Progenitor,MIF,CD74_CXCR4,0.24889830390596,0.15,49,49
6323_Dg,GSE227903,Diagnosis,cellchat,Early GMP,Cycling Progenitor,MIF,CD74_CXCR4,0.233134704382325,0.64,101,49
6323_Dg,GSE227903,Diagnosis,cellchat,LMPP,Cycling Progenitor,MIF,CD74_CXCR4,0.219588694956709,0.93,50,49
6323_Dg,GSE227903,Diagnosis,cellchat,Pro-Monocyte,Cycling Progenitor,MIF,CD74_CXCR4,0.21750694100738,0.94,35,49
6323_Dg,GSE227903,Diagnosis,cellchat,Cycling Progenitor,Early GMP,MIF,CD74_CXCR4,0.249294994284387,0.11,49,101
6323_Dg,GSE227903,Diagnosis,cellchat,Early GMP,Early GMP,MIF,CD74_CXCR4,0.233514081843418,0.73,101,101
6323_Dg,GSE227903,Diagnosis,cellchat,LMPP,Early GMP,MIF,CD74_CXCR4,0.219952351601617,0.96,50,101
6323_Dg,GSE227903,Diagnosis,cellchat,Pro-Monocyte,Early GMP,MIF,CD74_CXCR4,0.217868112555724,0.96,35,101
6323_Dg,GSE227903,Diagnosis,cellchat,Cycling Progenitor,Late GMP,MIF,CD74_CXCR4,0.262619906709359,0,49,61
6323_Dg,GSE227903,Diagnosis,cellchat,Early GMP,Late GMP,MIF,CD74_CXCR4,0.246272211135851,0.22,101,61
6323_Dg,GSE227903,Diagnosis,cellchat,LMPP,Late GMP,MIF,CD74_CXCR4,0.232193989061129,0.63,50,61
6323_Dg,GSE227903,Diagnosis,cellchat,Pro-Monocyte,Late GMP,MIF,CD74_CXCR4,0.230027957128203,0.71,35,61
6323_Dg,GSE227903,Diagnosis,cellchat,Cycling Progenitor,LMPP,MIF,CD74_CXCR4,0.25014191098607,0.12,49,50
6323_Dg,GSE227903,Diagnosis,cellchat,Early GMP,LMPP,MIF,CD74_CXCR4,0.234324121162011,0.6,101,50
6323_Dg,GSE227903,Diagnosis,cellchat,LMPP,LMPP,MIF,CD74_CXCR4,0.220728894123369,0.91,50,50
6323_Dg,GSE227903,Diagnosis,cellchat,Pro-Monocyte,LMPP,MIF,CD74_CXCR4,0.218639359152201,0.93,35,50
6323_Dg,GSE227903,Diagnosis,cellchat,cDC,Monocyte,MIF,CD74_CXCR4,0.222341509297507,0.89,40,28
6323_Dg,GSE227903,Diagnosis,cellchat,Cycling Progenitor,Monocyte,MIF,CD74_CXCR4,0.279314873636443,0,49,28
6323_Dg,GSE227903,Diagnosis,cellchat,Early GMP,Monocyte,MIF,CD74_CXCR4,0.262297614106125,0.03,101,28
6323_Dg,GSE227903,Diagnosis,cellchat,Late GMP,Monocyte,MIF,CD74_CXCR4,0.230643721837138,0.69,61,28
6323_Dg,GSE227903,Diagnosis,cellchat,LMPP,Monocyte,MIF,CD74_CXCR4,0.247604238701495,0.27,50,28
6323_Dg,GSE227903,Diagnosis,cellchat,Pro-Monocyte,Monocyte,MIF,CD74_CXCR4,0.245340386292926,0.4,35,28
6323_Dg,GSE227903,Diagnosis,cellchat,cDC,pDC,MIF,CD74_CXCR4,0.265512418431514,0,40,133
6323_Dg,GSE227903,Diagnosis,cellchat,Cycling Progenitor,pDC,MIF,CD74_CXCR4,0.328869820967613,0,49,133
6323_Dg,GSE227903,Diagnosis,cellchat,Early GMP,pDC,MIF,CD74_CXCR4,0.310132651547205,0,101,133
6323_Dg,GSE227903,Diagnosis,cellchat,Late GMP,pDC,MIF,CD74_CXCR4,0.274856881761262,0,61,133
6323_Dg,GSE227903,Diagnosis,cellchat,LMPP,pDC,MIF,CD74_CXCR4,0.29382694858185,0,50,133
6323_Dg,GSE227903,Diagnosis,cellchat,Monocyte,pDC,MIF,CD74_CXCR4,0.216702792694208,0.91,28,133
6323_Dg,GSE227903,Diagnosis,cellchat,pDC,pDC,MIF,CD74_CXCR4,0.235016178417072,0.74,133,133
6323_Dg,GSE227903,Diagnosis,cellchat,Pro-Monocyte,pDC,MIF,CD74_CXCR4,0.291304104165871,0,35,133
6323_Dg,GSE227903,Diagnosis,cellchat,cDC,Pro-Monocyte,MIF,CD74_CXCR4,0.240502281968765,0.37,40,35
6323_Dg,GSE227903,Diagnosis,cellchat,Cycling Progenitor,Pro-Monocyte,MIF,CD74_CXCR4,0.300332001793562,0,49,35
6323_Dg,GSE227903,Diagnosis,cellchat,Early GMP,Pro-Monocyte,MIF,CD74_CXCR4,0.282536266566494,0,101,35
6323_Dg,GSE227903,Diagnosis,cellchat,Late GMP,Pro-Monocyte,MIF,CD74_CXCR4,0.249265255761332,0.14,61,35
6323_Dg,GSE227903,Diagnosis,cellchat,LMPP,Pro-Monocyte,MIF,CD74_CXCR4,0.267119682532731,0,50,35
6323_Dg,GSE227903,Diagnosis,cellchat,pDC,Pro-Monocyte,MIF,CD74_CXCR4,0.21204932266904,0.99,133,35
6323_Dg,GSE227903,Diagnosis,cellchat,Pro-Monocyte,Pro-Monocyte,MIF,CD74_CXCR4,0.264740182870524,0.02,35,35
6323_Dg,GSE227903,Diagnosis,cellchat,cDC,cDC,MIF,CD74_CD44,0.247886521035197,0.02,40,40
6323_Dg,GSE227903,Diagnosis,cellchat,Cycling Progenitor,cDC,MIF,CD74_CD44,0.308806315700988,0,49,40
6323_Dg,GSE227903,Diagnosis,cellchat,Early GMP,cDC,MIF,CD74_CD44,0.290717087275277,0,101,40
6323_Dg,GSE227903,Diagnosis,cellchat,Late GMP,cDC,MIF,CD74_CD44,0.256827566437391,0,61,40
6323_Dg,GSE227903,Diagnosis,cellchat,LMPP,cDC,MIF,CD74_CD44,0.27502523013209,0,50,40
6323_Dg,GSE227903,Diagnosis,cellchat,Monocyte,cDC,MIF,CD74_CD44,0.201428491623646,0.95,28,40
6323_Dg,GSE227903,Diagnosis,cellchat,pDC,cDC,MIF,CD74_CD44,0.218811644346206,0.86,133,40
6323_Dg,GSE227903,Diagnosis,cellchat,Pro-Monocyte,cDC,MIF,CD74_CD44,0.272601502231289,0,35,40
6323_Dg,GSE227903,Diagnosis,cellchat,Cycling Progenitor,Cycling Progenitor,MIF,CD74_CD44,0.242899951754143,0.08,49,49
6323_Dg,GSE227903,Diagnosis,cellchat,Early GMP,Cycling Progenitor,MIF,CD74_CD44,0.227401232512623,0.62,101,49
6323_Dg,GSE227903,Diagnosis,cellchat,LMPP,Cycling Progenitor,MIF,CD74_CD44,0.214095353665569,0.94,50,49
6323_Dg,GSE227903,Diagnosis,cellchat,Pro-Monocyte,Cycling Progenitor,MIF,CD74_CD44,0.212051527353183,0.95,35,49
6323_Dg,GSE227903,Diagnosis,cellchat,cDC,Early GMP,MIF,CD74_CD44,0.209728517505577,0.97,40,101
6323_Dg,GSE227903,Diagnosis,cellchat,Cycling Progenitor,Early GMP,MIF,CD74_CD44,0.264569459415364,0,49,101
6323_Dg,GSE227903,Diagnosis,cellchat,Early GMP,Early GMP,MIF,CD74_CD44,0.2481412457628,0,101,101
6323_Dg,GSE227903,Diagnosis,cellchat,Late GMP,Early GMP,MIF,CD74_CD44,0.217691601114033,0.9,61,101
6323_Dg,GSE227903,Diagnosis,cellchat,LMPP,Early GMP,MIF,CD74_CD44,0.233989348702293,0.34,50,101
6323_Dg,GSE227903,Diagnosis,cellchat,Pro-Monocyte,Early GMP,MIF,CD74_CD44,0.231811625166006,0.49,35,101
6323_Dg,GSE227903,Diagnosis,cellchat,cDC,Late GMP,MIF,CD74_CD44,0.206297093466146,0.99,40,61
6323_Dg,GSE227903,Diagnosis,cellchat,Cycling Progenitor,Late GMP,MIF,CD74_CD44,0.260536579064873,0,49,61
6323_Dg,GSE227903,Diagnosis,cellchat,Early GMP,Late GMP,MIF,CD74_CD44,0.244275606437055,0.04,101,61
6323_Dg,GSE227903,Diagnosis,cellchat,Late GMP,Late GMP,MIF,CD74_CD44,0.214165198755365,0.97,61,61
6323_Dg,GSE227903,Diagnosis,cellchat,LMPP,Late GMP,MIF,CD74_CD44,0.23027665021072,0.42,50,61
6323_Dg,GSE227903,Diagnosis,cellchat,Pro-Monocyte,Late GMP,MIF,CD74_CD44,0.22812319014661,0.52,35,61
6323_Dg,GSE227903,Diagnosis,cellchat,Cycling Progenitor,LMPP,MIF,CD74_CD44,0.253500750764406,0,49,50
6323_Dg,GSE227903,Diagnosis,cellchat,Early GMP,LMPP,MIF,CD74_CD44,0.237537846356635,0.12,101,50
6323_Dg,GSE227903,Diagnosis,cellchat,Late GMP,LMPP,MIF,CD74_CD44,0.208029342985545,0.98,61,50
6323_Dg,GSE227903,Diagnosis,cellchat,LMPP,LMPP,MIF,CD74_CD44,0.223810664725048,0.67,50,50
6323_Dg,GSE227903,Diagnosis,cellchat,Pro-Monocyte,LMPP,MIF,CD74_CD44,0.221700255918624,0.68,35,50
6323_Dg,GSE227903,Diagnosis,cellchat,cDC,Monocyte,MIF,CD74_CD44,0.241878645337478,0.11,40,28
6323_Dg,GSE227903,Diagnosis,cellchat,Cycling Progenitor,Monocyte,MIF,CD74_CD44,0.301914653341457,0,49,28
6323_Dg,GSE227903,Diagnosis,cellchat,Early GMP,Monocyte,MIF,CD74_CD44,0.284063213886413,0,101,28
6323_Dg,GSE227903,Diagnosis,cellchat,Late GMP,Monocyte,MIF,CD74_CD44,0.250675216497739,0.02,61,28
6323_Dg,GSE227903,Diagnosis,cellchat,LMPP,Monocyte,MIF,CD74_CD44,0.268594503433859,0,50,28
6323_Dg,GSE227903,Diagnosis,cellchat,Monocyte,Monocyte,MIF,CD74_CD44,0.196252784678673,0.99,28,28
6323_Dg,GSE227903,Diagnosis,cellchat,pDC,Monocyte,MIF,CD74_CD44,0.213308585759252,0.93,133,28
6323_Dg,GSE227903,Diagnosis,cellchat,Pro-Monocyte,Monocyte,MIF,CD74_CD44,0.266206638129366,0,35,28
6323_Dg,GSE227903,Diagnosis,cellchat,cDC,pDC,MIF,CD74_CD44,0.239775891071875,0.15,40,133
6323_Dg,GSE227903,Diagnosis,cellchat,Cycling Progenitor,pDC,MIF,CD74_CD44,0.29949616462152,0,49,133
6323_Dg,GSE227903,Diagnosis,cellchat,Early GMP,pDC,MIF,CD74_CD44,0.281730013322685,0,101,133
6323_Dg,GSE227903,Diagnosis,cellchat,Late GMP,pDC,MIF,CD74_CD44,0.248521058416518,0.01,61,133
6323_Dg,GSE227903,Diagnosis,cellchat,LMPP,pDC,MIF,CD74_CD44,0.266341091067438,0,50,133
6323_Dg,GSE227903,Diagnosis,cellchat,Pro-Monocyte,pDC,MIF,CD74_CD44,0.263966029022108,0,35,133
6323_Dg,GSE227903,Diagnosis,cellchat,cDC,Pro-Monocyte,MIF,CD74_CD44,0.23169260249745,0.33,40,35
6323_Dg,GSE227903,Diagnosis,cellchat,Cycling Progenitor,Pro-Monocyte,MIF,CD74_CD44,0.290168039343654,0,49,35
6323_Dg,GSE227903,Diagnosis,cellchat,Early GMP,Pro-Monocyte,MIF,CD74_CD44,0.272739789624739,0,101,35
6323_Dg,GSE227903,Diagnosis,cellchat,Late GMP,Pro-Monocyte,MIF,CD74_CD44,0.240236117918195,0.14,61,35
6323_Dg,GSE227903,Diagnosis,cellchat,LMPP,Pro-Monocyte,MIF,CD74_CD44,0.257665776876005,0.01,50,35
6323_Dg,GSE227903,Diagnosis,cellchat,Pro-Monocyte,Pro-Monocyte,MIF,CD74_CD44,0.255341151256915,0,35,35
6323_Dg,GSE227903,Diagnosis,cellchat,cDC,cDC,IL1B,IL1R2,0.0219306951504192,0,40,40
6323_Dg,GSE227903,Diagnosis,cellchat,Cycling Progenitor,cDC,IL1B,IL1R2,0.0209398148419308,0,49,40
6323_Dg,GSE227903,Diagnosis,cellchat,Early GMP,cDC,IL1B,IL1R2,0.015382424406855,0,101,40
6323_Dg,GSE227903,Diagnosis,cellchat,Late GMP,cDC,IL1B,IL1R2,0.00525720640743308,0,61,40
6323_Dg,GSE227903,Diagnosis,cellchat,LMPP,cDC,IL1B,IL1R2,0.0202789235038869,0,50,40
6323_Dg,GSE227903,Diagnosis,cellchat,Monocyte,cDC,IL1B,IL1R2,0.0618996018789365,0,28,40
6323_Dg,GSE227903,Diagnosis,cellchat,Pro-Monocyte,cDC,IL1B,IL1R2,0.0146052337213655,0,35,40
6323_Dg,GSE227903,Diagnosis,cellchat,cDC,Monocyte,IL1B,IL1R2,0.0679724229280223,0,40,28
6323_Dg,GSE227903,Diagnosis,cellchat,Cycling Progenitor,Monocyte,IL1B,IL1R2,0.065039603149366,0,49,28
6323_Dg,GSE227903,Diagnosis,cellchat,Early GMP,Monocyte,IL1B,IL1R2,0.048356272373909,0,101,28
6323_Dg,GSE227903,Diagnosis,cellchat,Late GMP,Monocyte,IL1B,IL1R2,0.0168990986469397,0,61,28
6323_Dg,GSE227903,Diagnosis,cellchat,LMPP,Monocyte,IL1B,IL1R2,0.0630765286880022,0,50,28
6323_Dg,GSE227903,Diagnosis,cellchat,Monocyte,Monocyte,IL1B,IL1R2,0.176693743211602,0,28,28
6323_Dg,GSE227903,Diagnosis,cellchat,Pro-Monocyte,Monocyte,IL1B,IL1R2,0.0459909089628429,0,35,28
6323_Dg,GSE227903,Diagnosis,cellchat,cDC,pDC,IL1B,IL1R2,0.00592110565157819,0,40,133
6323_Dg,GSE227903,Diagnosis,cellchat,Cycling Progenitor,pDC,IL1B,IL1R2,0.00564939806713284,0,49,133
6323_Dg,GSE227903,Diagnosis,cellchat,Early GMP,pDC,IL1B,IL1R2,0.00413292731529015,0,101,133
6323_Dg,GSE227903,Diagnosis,cellchat,Late GMP,pDC,IL1B,IL1R2,0.00140195517150031,0.26,61,133
6323_Dg,GSE227903,Diagnosis,cellchat,LMPP,pDC,IL1B,IL1R2,0.00546839933371003,0,50,133
6323_Dg,GSE227903,Diagnosis,cellchat,Monocyte,pDC,IL1B,IL1R2,0.0172262705158806,0,28,133
6323_Dg,GSE227903,Diagnosis,cellchat,Pro-Monocyte,pDC,IL1B,IL1R2,0.00392184894728335,0.01,35,133
6323_Dg,GSE227903,Diagnosis,cellchat,cDC,Pro-Monocyte,IL1B,IL1R2,0.00520074541011768,0,40,35
6323_Dg,GSE227903,Diagnosis,cellchat,Cycling Progenitor,Pro-Monocyte,IL1B,IL1R2,0.00496192870496811,0.02,49,35
6323_Dg,GSE227903,Diagnosis,cellchat,Early GMP,Pro-Monocyte,IL1B,IL1R2,0.00362932214614171,0.02,101,35
6323_Dg,GSE227903,Diagnosis,cellchat,Late GMP,Pro-Monocyte,IL1B,IL1R2,0.00123071297911832,0.3,61,35
6323_Dg,GSE227903,Diagnosis,cellchat,LMPP,Pro-Monocyte,IL1B,IL1R2,0.0048028491323529,0.02,50,35
6323_Dg,GSE227903,Diagnosis,cellchat,Monocyte,Pro-Monocyte,IL1B,IL1R2,0.0151514899632648,0,28,35
6323_Dg,GSE227903,Diagnosis,cellchat,Pro-Monocyte,Pro-Monocyte,IL1B,IL1R2,0.00344387513949067,0.07,35,35
6323_Dg,GSE227903,Diagnosis,cellchat,cDC,Monocyte,RETN,TLR4,0.00623016622869262,0,40,28
6323_Dg,GSE227903,Diagnosis,cellchat,Late GMP,Monocyte,RETN,TLR4,0.00420293251565661,0,61,28
6323_Dg,GSE227903,Diagnosis,cellchat,Monocyte,Monocyte,RETN,TLR4,0.016458967083628,0,28,28
6323_Dg,GSE227903,Diagnosis,cellchat,Pro-Monocyte,Monocyte,RETN,TLR4,0.0160985764299337,0,35,28
6323_Dg,GSE227903,Diagnosis,cellchat,cDC,Pro-Monocyte,RETN,TLR4,0.002766497818741,0,40,35
6323_Dg,GSE227903,Diagnosis,cellchat,Late GMP,Pro-Monocyte,RETN,TLR4,0.00186419292986713,0,61,35
6323_Dg,GSE227903,Diagnosis,cellchat,Monocyte,Pro-Monocyte,RETN,TLR4,0.00735064762461248,0,28,35
6323_Dg,GSE227903,Diagnosis,cellchat,Pro-Monocyte,Pro-Monocyte,RETN,TLR4,0.00718823795919803,0,35,35
6323_Dg,GSE227903,Diagnosis,cellchat,cDC,cDC,RETN,CAP1,0.0506027796955998,0,40,40
6323_Dg,GSE227903,Diagnosis,cellchat,Late GMP,cDC,RETN,CAP1,0.0346404299245096,0,61,40
6323_Dg,GSE227903,Diagnosis,cellchat,Monocyte,cDC,RETN,CAP1,0.12455258651015,0,28,40
6323_Dg,GSE227903,Diagnosis,cellchat,Pro-Monocyte,cDC,RETN,CAP1,0.122119219332509,0,35,40
6323_Dg,GSE227903,Diagnosis,cellchat,cDC,Cycling Progenitor,RETN,CAP1,0.0341628669654262,0,40,49
6323_Dg,GSE227903,Diagnosis,cellchat,Late GMP,Cycling Progenitor,RETN,CAP1,0.0232593420964552,0,61,49
6323_Dg,GSE227903,Diagnosis,cellchat,Monocyte,Cycling Progenitor,RETN,CAP1,0.0862708650536832,0,28,49
6323_Dg,GSE227903,Diagnosis,cellchat,Pro-Monocyte,Cycling Progenitor,RETN,CAP1,0.0845132021270575,0,35,49
6323_Dg,GSE227903,Diagnosis,cellchat,cDC,Early GMP,RETN,CAP1,0.0310122639165238,0,40,101
6323_Dg,GSE227903,Diagnosis,cellchat,Late GMP,Early GMP,RETN,CAP1,0.0210923353971076,0,61,101
6323_Dg,GSE227903,Diagnosis,cellchat,Monocyte,Early GMP,RETN,CAP1,0.0787063106984992,0,28,101
6323_Dg,GSE227903,Diagnosis,cellchat,Pro-Monocyte,Early GMP,RETN,CAP1,0.0770897635623247,0,35,101
6323_Dg,GSE227903,Diagnosis,cellchat,cDC,Late GMP,RETN,CAP1,0.0339965436286915,0,40,61
6323_Dg,GSE227903,Diagnosis,cellchat,Late GMP,Late GMP,RETN,CAP1,0.0231448309390525,0,61,61
6323_Dg,GSE227903,Diagnosis,cellchat,Monocyte,Late GMP,RETN,CAP1,0.0858734075552286,0,28,61
6323_Dg,GSE227903,Diagnosis,cellchat,Pro-Monocyte,Late GMP,RETN,CAP1,0.0841230968159628,0,35,61
6323_Dg,GSE227903,Diagnosis,cellchat,cDC,LMPP,RETN,CAP1,0.0305556858742368,0,40,50
6323_Dg,GSE227903,Diagnosis,cellchat,Late GMP,LMPP,RETN,CAP1,0.0207786717301281,0,61,50
6323_Dg,GSE227903,Diagnosis,cellchat,Monocyte,LMPP,RETN,CAP1,0.0776037925505898,0,28,50
6323_Dg,GSE227903,Diagnosis,cellchat,Pro-Monocyte,LMPP,RETN,CAP1,0.0760080217988508,0,35,50
6323_Dg,GSE227903,Diagnosis,cellchat,cDC,Monocyte,RETN,CAP1,0.0522333562490368,0,40,28
6323_Dg,GSE227903,Diagnosis,cellchat,Late GMP,Monocyte,RETN,CAP1,0.0357760330913038,0,61,28
6323_Dg,GSE227903,Diagnosis,cellchat,Monocyte,Monocyte,RETN,CAP1,0.128244172670666,0,28,28
6323_Dg,GSE227903,Diagnosis,cellchat,Pro-Monocyte,Monocyte,RETN,CAP1,0.125749043058402,0,35,28
6323_Dg,GSE227903,Diagnosis,cellchat,cDC,pDC,RETN,CAP1,0.0417913508868064,0,40,133
6323_Dg,GSE227903,Diagnosis,cellchat,Late GMP,pDC,RETN,CAP1,0.0285250030553061,0,61,133
6323_Dg,GSE227903,Diagnosis,cellchat,Monocyte,pDC,RETN,CAP1,0.104278675284093,0,28,133
6323_Dg,GSE227903,Diagnosis,cellchat,Pro-Monocyte,pDC,RETN,CAP1,0.102195159466283,0,35,133
6323_Dg,GSE227903,Diagnosis,cellchat,cDC,Pro-Monocyte,RETN,CAP1,0.0383833494394293,0,40,35
6323_Dg,GSE227903,Diagnosis,cellchat,Late GMP,Pro-Monocyte,RETN,CAP1,0.0261692999883952,0,61,35
6323_Dg,GSE227903,Diagnosis,cellchat,Monocyte,Pro-Monocyte,RETN,CAP1,0.0962870075770642,0,28,35
6323_Dg,GSE227903,Diagnosis,cellchat,Pro-Monocyte,Pro-Monocyte,RETN,CAP1,0.0943463487762268,0,35,35
6323_Dg,GSE227903,Diagnosis,cellchat,cDC,cDC,NAMPT,ITGA5_ITGB1,0.0171510382591883,0,40,40
6323_Dg,GSE227903,Diagnosis,cellchat,Cycling Progenitor,cDC,NAMPT,ITGA5_ITGB1,0.00907924607906048,0.02,49,40
6323_Dg,GSE227903,Diagnosis,cellchat,Early GMP,cDC,NAMPT,ITGA5_ITGB1,0.0126491249769608,0,101,40
6323_Dg,GSE227903,Diagnosis,cellchat,Late GMP,cDC,NAMPT,ITGA5_ITGB1,0.0186391472524289,0,61,40
6323_Dg,GSE227903,Diagnosis,cellchat,LMPP,cDC,NAMPT,ITGA5_ITGB1,0.00682339235061071,0.18,50,40
6323_Dg,GSE227903,Diagnosis,cellchat,Monocyte,cDC,NAMPT,ITGA5_ITGB1,0.0453275854362947,0,28,40
6323_Dg,GSE227903,Diagnosis,cellchat,pDC,cDC,NAMPT,ITGA5_ITGB1,0.00921994388931458,0,133,40
6323_Dg,GSE227903,Diagnosis,cellchat,Pro-Monocyte,cDC,NAMPT,ITGA5_ITGB1,0.0278527643439393,0,35,40
6323_Dg,GSE227903,Diagnosis,cellchat,cDC,Cycling Progenitor,NAMPT,ITGA5_ITGB1,0.00819357193678211,0.04,40,49
6323_Dg,GSE227903,Diagnosis,cellchat,Cycling Progenitor,Cycling Progenitor,NAMPT,ITGA5_ITGB1,0.00431890690649357,0.79,49,49
6323_Dg,GSE227903,Diagnosis,cellchat,Early GMP,Cycling Progenitor,NAMPT,ITGA5_ITGB1,0.00602844970632089,0.36,101,49
6323_Dg,GSE227903,Diagnosis,cellchat,Late GMP,Cycling Progenitor,NAMPT,ITGA5_ITGB1,0.00891153365640185,0.01,61,49
6323_Dg,GSE227903,Diagnosis,cellchat,LMPP,Cycling Progenitor,NAMPT,ITGA5_ITGB1,0.00324195015874581,0.88,50,49
6323_Dg,GSE227903,Diagnosis,cellchat,Monocyte,Cycling Progenitor,NAMPT,ITGA5_ITGB1,0.0219835136279384,0,28,49
6323_Dg,GSE227903,Diagnosis,cellchat,pDC,Cycling Progenitor,NAMPT,ITGA5_ITGB1,0.0043861619816818,0.81,133,49
6323_Dg,GSE227903,Diagnosis,cellchat,Pro-Monocyte,Cycling Progenitor,NAMPT,ITGA5_ITGB1,0.0133822124408857,0,35,49
6323_Dg,GSE227903,Diagnosis,cellchat,cDC,Early GMP,NAMPT,ITGA5_ITGB1,0.00834574222600143,0.02,40,101
6323_Dg,GSE227903,Diagnosis,cellchat,Cycling Progenitor,Early GMP,NAMPT,ITGA5_ITGB1,0.00439943645994354,0.93,49,101
6323_Dg,GSE227903,Diagnosis,cellchat,Early GMP,Early GMP,NAMPT,ITGA5_ITGB1,0.00614065849660356,0.34,101,101
6323_Dg,GSE227903,Diagnosis,cellchat,Late GMP,Early GMP,NAMPT,ITGA5_ITGB1,0.00907691583606949,0.01,61,101
6323_Dg,GSE227903,Diagnosis,cellchat,LMPP,Early GMP,NAMPT,ITGA5_ITGB1,0.00330246557596295,0.97,50,101
6323_Dg,GSE227903,Diagnosis,cellchat,Monocyte,Early GMP,NAMPT,ITGA5_ITGB1,0.0223860089427746,0,28,101
6323_Dg,GSE227903,Diagnosis,cellchat,pDC,Early GMP,NAMPT,ITGA5_ITGB1,0.00446793993382788,0.98,133,101
6323_Dg,GSE227903,Diagnosis,cellchat,Pro-Monocyte,Early GMP,NAMPT,ITGA5_ITGB1,0.0136294214783978,0,35,101
6323_Dg,GSE227903,Diagnosis,cellchat,cDC,Late GMP,NAMPT,ITGA5_ITGB1,0.00986157402828897,0,40,61
6323_Dg,GSE227903,Diagnosis,cellchat,Cycling Progenitor,Late GMP,NAMPT,ITGA5_ITGB1,0.00520226346137818,0.59,49,61
6323_Dg,GSE227903,Diagnosis,cellchat,Early GMP,Late GMP,NAMPT,ITGA5_ITGB1,0.00725891407697039,0.06,101,61
6323_Dg,GSE227903,Diagnosis,cellchat,Late GMP,Late GMP,NAMPT,ITGA5_ITGB1,0.0107241140556042,0,61,61
6323_Dg,GSE227903,Diagnosis,cellchat,LMPP,Late GMP,NAMPT,ITGA5_ITGB1,0.00390589821969192,0.82,50,61
6323_Dg,GSE227903,Diagnosis,cellchat,Monocyte,Late GMP,NAMPT,ITGA5_ITGB1,0.0263841163390863,0,28,61
6323_Dg,GSE227903,Diagnosis,cellchat,pDC,Late GMP,NAMPT,ITGA5_ITGB1,0.00528320139086318,0.64,133,61
6323_Dg,GSE227903,Diagnosis,cellchat,Pro-Monocyte,Late GMP,NAMPT,ITGA5_ITGB1,0.0160893541132543,0,35,61
6323_Dg,GSE227903,Diagnosis,cellchat,cDC,Monocyte,NAMPT,ITGA5_ITGB1,0.00862232851587631,0.04,40,28
6323_Dg,GSE227903,Diagnosis,cellchat,Cycling Progenitor,Monocyte,NAMPT,ITGA5_ITGB1,0.00454583773713068,0.63,49,28
6323_Dg,GSE227903,Diagnosis,cellchat,Early GMP,Monocyte,NAMPT,ITGA5_ITGB1,0.00634463365390945,0.18,101,28
6323_Dg,GSE227903,Diagnosis,cellchat,Late GMP,Monocyte,NAMPT,ITGA5_ITGB1,0.00937750480816482,0.02,61,28
6323_Dg,GSE227903,Diagnosis,cellchat,LMPP,Monocyte,NAMPT,ITGA5_ITGB1,0.00341248776694348,0.71,50,28
6323_Dg,GSE227903,Diagnosis,cellchat,Monocyte,Monocyte,NAMPT,ITGA5_ITGB1,0.0231170566992361,0,28,28
6323_Dg,GSE227903,Diagnosis,cellchat,pDC,Monocyte,NAMPT,ITGA5_ITGB1,0.00461661024969746,0.65,133,28
6323_Dg,GSE227903,Diagnosis,cellchat,Pro-Monocyte,Monocyte,NAMPT,ITGA5_ITGB1,0.0140786282058986,0,35,28
6323_Dg,GSE227903,Diagnosis,cellchat,cDC,Pro-Monocyte,NAMPT,ITGA5_ITGB1,0.00887771984873169,0.08,40,35
6323_Dg,GSE227903,Diagnosis,cellchat,Cycling Progenitor,Pro-Monocyte,NAMPT,ITGA5_ITGB1,0.00468105450487463,0.64,49,35
6323_Dg,GSE227903,Diagnosis,cellchat,Early GMP,Pro-Monocyte,NAMPT,ITGA5_ITGB1,0.006533004784337,0.24,101,35
6323_Dg,GSE227903,Diagnosis,cellchat,Late GMP,Pro-Monocyte,NAMPT,ITGA5_ITGB1,0.00965504644053782,0.02,61,35
6323_Dg,GSE227903,Diagnosis,cellchat,LMPP,Pro-Monocyte,NAMPT,ITGA5_ITGB1,0.00351411184199981,0.74,50,35
6323_Dg,GSE227903,Diagnosis,cellchat,Monocyte,Pro-Monocyte,NAMPT,ITGA5_ITGB1,0.0237914752131678,0,28,35
6323_Dg,GSE227903,Diagnosis,cellchat,pDC,Pro-Monocyte,NAMPT,ITGA5_ITGB1,0.0047539221052818,0.68,133,35
6323_Dg,GSE227903,Diagnosis,cellchat,Pro-Monocyte,Pro-Monocyte,NAMPT,ITGA5_ITGB1,0.0144932711541573,0.01,35,35
6323_Dg,GSE227903,Diagnosis,cellchat,Cycling Progenitor,cDC,MDK,ITGA4_ITGB1,0.00283867473857923,0,49,40
6323_Dg,GSE227903,Diagnosis,cellchat,LMPP,cDC,MDK,ITGA4_ITGB1,0.0036805441536267,0,50,40
6323_Dg,GSE227903,Diagnosis,cellchat,Cycling Progenitor,Cycling Progenitor,MDK,ITGA4_ITGB1,0.00330443533808428,0,49,49
6323_Dg,GSE227903,Diagnosis,cellchat,LMPP,Cycling Progenitor,MDK,ITGA4_ITGB1,0.00428384255573662,0,50,49
6323_Dg,GSE227903,Diagnosis,cellchat,Cycling Progenitor,Early GMP,MDK,ITGA4_ITGB1,0.00305543946155277,0,49,101
6323_Dg,GSE227903,Diagnosis,cellchat,LMPP,Early GMP,MDK,ITGA4_ITGB1,0.00396133968464656,0,50,101
6323_Dg,GSE227903,Diagnosis,cellchat,Cycling Progenitor,Late GMP,MDK,ITGA4_ITGB1,0.00323352761541479,0,49,61
6323_Dg,GSE227903,Diagnosis,cellchat,LMPP,Late GMP,MDK,ITGA4_ITGB1,0.00419200676561698,0,50,61
6323_Dg,GSE227903,Diagnosis,cellchat,Cycling Progenitor,LMPP,MDK,ITGA4_ITGB1,0.00206403618808989,0,49,50
6323_Dg,GSE227903,Diagnosis,cellchat,LMPP,LMPP,MDK,ITGA4_ITGB1,0.00267678675647264,0,50,50
6323_Dg,GSE227903,Diagnosis,cellchat,Cycling Progenitor,Monocyte,MDK,ITGA4_ITGB1,0.00158769293786861,0,49,28
6323_Dg,GSE227903,Diagnosis,cellchat,LMPP,Monocyte,MDK,ITGA4_ITGB1,0.00205932326749411,0,50,28
6323_Dg,GSE227903,Diagnosis,cellchat,Cycling Progenitor,pDC,MDK,ITGA4_ITGB1,0.00224108231799535,0,49,133
6323_Dg,GSE227903,Diagnosis,cellchat,LMPP,pDC,MDK,ITGA4_ITGB1,0.00290623951641567,0,50,133
6323_Dg,GSE227903,Diagnosis,cellchat,Cycling Progenitor,Pro-Monocyte,MDK,ITGA4_ITGB1,0.00243644226880566,0,49,35
6323_Dg,GSE227903,Diagnosis,cellchat,LMPP,Pro-Monocyte,MDK,ITGA4_ITGB1,0.00315939904291825,0,50,35
6323_Dg,GSE227903,Diagnosis,cellchat,Cycling Progenitor,Cycling Progenitor,MDK,ITGA6_ITGB1,0.00166370433003296,0,49,49
6323_Dg,GSE227903,Diagnosis,cellchat,LMPP,Cycling Progenitor,MDK,ITGA6_ITGB1,0.00215786533681801,0,50,49
6323_Dg,GSE227903,Diagnosis,cellchat,Cycling Progenitor,Early GMP,MDK,ITGA6_ITGB1,0.00094503414318511,0,49,101
6323_Dg,GSE227903,Diagnosis,cellchat,LMPP,Early GMP,MDK,ITGA6_ITGB1,0.0012259946113524,0,50,101
6323_Dg,GSE227903,Diagnosis,cellchat,Cycling Progenitor,LMPP,MDK,ITGA6_ITGB1,0.00083732536066638,0,49,50
6323_Dg,GSE227903,Diagnosis,cellchat,LMPP,LMPP,MDK,ITGA6_ITGB1,0.00108629861904529,0,50,50
6323_Dg,GSE227903,Diagnosis,cellchat,Cycling Progenitor,Monocyte,MDK,LRP1,0.0010257122591616,0,49,28
6323_Dg,GSE227903,Diagnosis,cellchat,LMPP,Monocyte,MDK,LRP1,0.00133062654008319,0,50,28
6323_Dg,GSE227903,Diagnosis,cellchat,Cycling Progenitor,cDC,MDK,NCL,0.00889200149867417,0,49,40
6323_Dg,GSE227903,Diagnosis,cellchat,LMPP,cDC,MDK,NCL,0.0115083946310496,0,50,40
6323_Dg,GSE227903,Diagnosis,cellchat,Cycling Progenitor,Cycling Progenitor,MDK,NCL,0.0109096309549083,0,49,49
6323_Dg,GSE227903,Diagnosis,cellchat,LMPP,Cycling Progenitor,MDK,NCL,0.0141112412096097,0,50,49
6323_Dg,GSE227903,Diagnosis,cellchat,Cycling Progenitor,Early GMP,MDK,NCL,0.011152404362872,0,49,101
6323_Dg,GSE227903,Diagnosis,cellchat,LMPP,Early GMP,MDK,NCL,0.0144242214576797,0,50,101
6323_Dg,GSE227903,Diagnosis,cellchat,Cycling Progenitor,Late GMP,MDK,NCL,0.00945303850997299,0,49,61
6323_Dg,GSE227903,Diagnosis,cellchat,LMPP,Late GMP,MDK,NCL,0.0122324743856951,0,50,61
6323_Dg,GSE227903,Diagnosis,cellchat,Cycling Progenitor,LMPP,MDK,NCL,0.0107167538807447,0,49,50
6323_Dg,GSE227903,Diagnosis,cellchat,LMPP,LMPP,MDK,NCL,0.0138625545086653,0,50,50
6323_Dg,GSE227903,Diagnosis,cellchat,Cycling Progenitor,Monocyte,MDK,NCL,0.00726840435257919,0,49,28
6323_Dg,GSE227903,Diagnosis,cellchat,LMPP,Monocyte,MDK,NCL,0.00941160486013813,0,50,28
6323_Dg,GSE227903,Diagnosis,cellchat,Cycling Progenitor,pDC,MDK,NCL,0.0101399518112812,0,49,133
6323_Dg,GSE227903,Diagnosis,cellchat,LMPP,pDC,MDK,NCL,0.0131186829551624,0,50,133
6323_Dg,GSE227903,Diagnosis,cellchat,Cycling Progenitor,Pro-Monocyte,MDK,NCL,0.00918556468339859,0,49,35
6323_Dg,GSE227903,Diagnosis,cellchat,LMPP,Pro-Monocyte,MDK,NCL,0.0118873001795481,0,50,35
6323_Dg,GSE227903,Diagnosis,cellchat,cDC,Monocyte,ANXA1,FPR1,0.206839620577375,0,40,28
6323_Dg,GSE227903,Diagnosis,cellchat,Cycling Progenitor,Monocyte,ANXA1,FPR1,0.17036272340756,0,49,28
6323_Dg,GSE227903,Diagnosis,cellchat,Early GMP,Monocyte,ANXA1,FPR1,0.18785636003283,0,101,28
6323_Dg,GSE227903,Diagnosis,cellchat,Late GMP,Monocyte,ANXA1,FPR1,0.179331172020214,0,61,28
6323_Dg,GSE227903,Diagnosis,cellchat,LMPP,Monocyte,ANXA1,FPR1,0.183861120077137,0,50,28
6323_Dg,GSE227903,Diagnosis,cellchat,Monocyte,Monocyte,ANXA1,FPR1,0.250419808434317,0,28,28
6323_Dg,GSE227903,Diagnosis,cellchat,pDC,Monocyte,ANXA1,FPR1,0.044532308026488,0,133,28
6323_Dg,GSE227903,Diagnosis,cellchat,Pro-Monocyte,Monocyte,ANXA1,FPR1,0.208256750702462,0,35,28
6323_Dg,GSE227903,Diagnosis,cellchat,cDC,cDC,LGALS9,PTPRC,0.0733868455137803,0,40,40
6323_Dg,GSE227903,Diagnosis,cellchat,Cycling Progenitor,cDC,LGALS9,PTPRC,0.0462011035274775,0.04,49,40
6323_Dg,GSE227903,Diagnosis,cellchat,Early GMP,cDC,LGALS9,PTPRC,0.0579039969604074,0,101,40
6323_Dg,GSE227903,Diagnosis,cellchat,Late GMP,cDC,LGALS9,PTPRC,0.0534281397099389,0,61,40
6323_Dg,GSE227903,Diagnosis,cellchat,LMPP,cDC,LGALS9,PTPRC,0.056614104770098,0,50,40
6323_Dg,GSE227903,Diagnosis,cellchat,Monocyte,cDC,LGALS9,PTPRC,0.0170538840100763,0.99,28,40
6323_Dg,GSE227903,Diagnosis,cellchat,pDC,cDC,LGALS9,PTPRC,0.0519721181042542,0,133,40
6323_Dg,GSE227903,Diagnosis,cellchat,Pro-Monocyte,cDC,LGALS9,PTPRC,0.049912987760871,0.02,35,40
6323_Dg,GSE227903,Diagnosis,cellchat,cDC,Cycling Progenitor,LGALS9,PTPRC,0.0451398082764718,0.08,40,49
6323_Dg,GSE227903,Diagnosis,cellchat,Cycling Progenitor,Cycling Progenitor,LGALS9,PTPRC,0.0281006891487411,0.9,49,49
6323_Dg,GSE227903,Diagnosis,cellchat,Early GMP,Cycling Progenitor,LGALS9,PTPRC,0.0353888006917133,0.5,101,49
6323_Dg,GSE227903,Diagnosis,cellchat,Late GMP,Cycling Progenitor,LGALS9,PTPRC,0.0325931100321502,0.56,61,49
6323_Dg,GSE227903,Diagnosis,cellchat,LMPP,Cycling Progenitor,LGALS9,PTPRC,0.0345820549092294,0.55,50,49
6323_Dg,GSE227903,Diagnosis,cellchat,pDC,Cycling Progenitor,LGALS9,PTPRC,0.0316858772702787,0.7,133,49
6323_Dg,GSE227903,Diagnosis,cellchat,Pro-Monocyte,Cycling Progenitor,LGALS9,PTPRC,0.0304047087061884,0.8,35,49
6323_Dg,GSE227903,Diagnosis,cellchat,cDC,Early GMP,LGALS9,PTPRC,0.046842972943835,0.02,40,101
6323_Dg,GSE227903,Diagnosis,cellchat,Cycling Progenitor,Early GMP,LGALS9,PTPRC,0.0291805999671484,0.83,49,101
6323_Dg,GSE227903,Diagnosis,cellchat,Early GMP,Early GMP,LGALS9,PTPRC,0.0367382067463811,0.42,101,101
6323_Dg,GSE227903,Diagnosis,cellchat,Late GMP,Early GMP,LGALS9,PTPRC,0.0338396536701882,0.57,61,101
6323_Dg,GSE227903,Diagnosis,cellchat,LMPP,Early GMP,LGALS9,PTPRC,0.0359018439660454,0.44,50,101
6323_Dg,GSE227903,Diagnosis,cellchat,Monocyte,Early GMP,LGALS9,PTPRC,0.0106513145990966,0.99,28,101
6323_Dg,GSE227903,Diagnosis,cellchat,pDC,Early GMP,LGALS9,PTPRC,0.0328989032051864,0.63,133,101
6323_Dg,GSE227903,Diagnosis,cellchat,Pro-Monocyte,Early GMP,LGALS9,PTPRC,0.0315702869370219,0.74,35,101
6323_Dg,GSE227903,Diagnosis,cellchat,cDC,Late GMP,LGALS9,PTPRC,0.0328273557770016,0.63,40,61
6323_Dg,GSE227903,Diagnosis,cellchat,Early GMP,Late GMP,LGALS9,PTPRC,0.0256645713481797,0.99,101,61
6323_Dg,GSE227903,Diagnosis,cellchat,LMPP,Late GMP,LGALS9,PTPRC,0.0250737430694394,0.99,50,61
6323_Dg,GSE227903,Diagnosis,cellchat,Pro-Monocyte,Late GMP,LGALS9,PTPRC,0.022018759552811,0.99,35,61
6323_Dg,GSE227903,Diagnosis,cellchat,cDC,LMPP,LGALS9,PTPRC,0.0468400382713074,0.03,40,50
6323_Dg,GSE227903,Diagnosis,cellchat,Cycling Progenitor,LMPP,LGALS9,PTPRC,0.0291787379533229,0.83,49,50
6323_Dg,GSE227903,Diagnosis,cellchat,Early GMP,LMPP,LGALS9,PTPRC,0.0367358807301421,0.35,101,50
6323_Dg,GSE227903,Diagnosis,cellchat,Late GMP,LMPP,LGALS9,PTPRC,0.0338375047242514,0.52,61,50
6323_Dg,GSE227903,Diagnosis,cellchat,LMPP,LMPP,LGALS9,PTPRC,0.0358995689291867,0.42,50,50
6323_Dg,GSE227903,Diagnosis,cellchat,Monocyte,LMPP,LGALS9,PTPRC,0.0106506219674952,0.99,28,50
6323_Dg,GSE227903,Diagnosis,cellchat,pDC,LMPP,LGALS9,PTPRC,0.032896811966331,0.54,133,50
6323_Dg,GSE227903,Diagnosis,cellchat,Pro-Monocyte,LMPP,LGALS9,PTPRC,0.0315682773956986,0.72,35,50
6323_Dg,GSE227903,Diagnosis,cellchat,cDC,Monocyte,LGALS9,PTPRC,0.0878021543748834,0,40,28
6323_Dg,GSE227903,Diagnosis,cellchat,Cycling Progenitor,Monocyte,LGALS9,PTPRC,0.0555967466603259,0,49,28
6323_Dg,GSE227903,Diagnosis,cellchat,Early GMP,Monocyte,LGALS9,PTPRC,0.0695061539517472,0,101,28
6323_Dg,GSE227903,Diagnosis,cellchat,Late GMP,Monocyte,LGALS9,PTPRC,0.0641945839829577,0,61,28
6323_Dg,GSE227903,Diagnosis,cellchat,LMPP,Monocyte,LGALS9,PTPRC,0.0679764561845706,0,50,28
6323_Dg,GSE227903,Diagnosis,cellchat,Monocyte,Monocyte,LGALS9,PTPRC,0.0206503649266751,0.95,28,28
6323_Dg,GSE227903,Diagnosis,cellchat,pDC,Monocyte,LGALS9,PTPRC,0.0624645176369276,0,133,28
6323_Dg,GSE227903,Diagnosis,cellchat,Pro-Monocyte,Monocyte,LGALS9,PTPRC,0.0600159962935124,0.01,35,28
6323_Dg,GSE227903,Diagnosis,cellchat,cDC,pDC,LGALS9,PTPRC,0.0559545122659438,0,40,133
6323_Dg,GSE227903,Diagnosis,cellchat,Cycling Progenitor,pDC,LGALS9,PTPRC,0.0349826799023895,0.49,49,133
6323_Dg,GSE227903,Diagnosis,cellchat,Early GMP,pDC,LGALS9,PTPRC,0.0439749242593267,0,101,133
6323_Dg,GSE227903,Diagnosis,cellchat,Late GMP,pDC,LGALS9,PTPRC,0.0405294353983079,0.19,61,133
6323_Dg,GSE227903,Diagnosis,cellchat,LMPP,pDC,LGALS9,PTPRC,0.0429811652549423,0.1,50,133
6323_Dg,GSE227903,Diagnosis,cellchat,Monocyte,pDC,LGALS9,PTPRC,0.0128177957396332,0.99,28,133
6323_Dg,GSE227903,Diagnosis,cellchat,pDC,pDC,LGALS9,PTPRC,0.0394102935428885,0.12,133,133
6323_Dg,GSE227903,Diagnosis,cellchat,Pro-Monocyte,pDC,LGALS9,PTPRC,0.037829001912404,0.44,35,133
6323_Dg,GSE227903,Diagnosis,cellchat,cDC,Pro-Monocyte,LGALS9,PTPRC,0.0351936327663604,0.53,40,35
6323_Dg,GSE227903,Diagnosis,cellchat,Cycling Progenitor,Pro-Monocyte,LGALS9,PTPRC,0.021823132996094,0.99,49,35
6323_Dg,GSE227903,Diagnosis,cellchat,Early GMP,Pro-Monocyte,LGALS9,PTPRC,0.0275292332072051,0.97,101,35
6323_Dg,GSE227903,Diagnosis,cellchat,Late GMP,Pro-Monocyte,LGALS9,PTPRC,0.0253381332818342,0.97,61,35
6323_Dg,GSE227903,Diagnosis,cellchat,LMPP,Pro-Monocyte,LGALS9,PTPRC,0.0268966632410009,0.94,50,35
6323_Dg,GSE227903,Diagnosis,cellchat,pDC,Pro-Monocyte,LGALS9,PTPRC,0.0246277026332449,0.99,133,35
6323_Dg,GSE227903,Diagnosis,cellchat,Pro-Monocyte,Pro-Monocyte,LGALS9,PTPRC,0.0236249573881778,0.98,35,35
6323_Dg,GSE227903,Diagnosis,cellchat,cDC,cDC,LGALS9,HAVCR2,0.0210997281117361,0,40,40
6323_Dg,GSE227903,Diagnosis,cellchat,Cycling Progenitor,cDC,LGALS9,HAVCR2,0.0130114677896967,0,49,40
6323_Dg,GSE227903,Diagnosis,cellchat,Early GMP,cDC,LGALS9,HAVCR2,0.0164523312900907,0,101,40
6323_Dg,GSE227903,Diagnosis,cellchat,Late GMP,cDC,LGALS9,HAVCR2,0.0151291455070789,0,61,40
6323_Dg,GSE227903,Diagnosis,cellchat,LMPP,cDC,LGALS9,HAVCR2,0.0160700816334057,0,50,40
6323_Dg,GSE227903,Diagnosis,cellchat,Monocyte,cDC,LGALS9,HAVCR2,0.00469965954315337,0.01,28,40
6323_Dg,GSE227903,Diagnosis,cellchat,pDC,cDC,LGALS9,HAVCR2,0.01470063718782,0,133,40
6323_Dg,GSE227903,Diagnosis,cellchat,Pro-Monocyte,cDC,LGALS9,HAVCR2,0.0140962423844171,0,35,40
6323_Dg,GSE227903,Diagnosis,cellchat,cDC,Monocyte,LGALS9,HAVCR2,0.0015871690931074,0.23,40,28
6323_Dg,GSE227903,Diagnosis,cellchat,Cycling Progenitor,Monocyte,LGALS9,HAVCR2,0.000971329928555316,0.26,49,28
6323_Dg,GSE227903,Diagnosis,cellchat,Early GMP,Monocyte,LGALS9,HAVCR2,0.0012321716485275,0.25,101,28
6323_Dg,GSE227903,Diagnosis,cellchat,Late GMP,Monocyte,LGALS9,HAVCR2,0.00113166528683857,0.26,61,28
6323_Dg,GSE227903,Diagnosis,cellchat,LMPP,Monocyte,LGALS9,HAVCR2,0.00120311109486163,0.25,50,28
6323_Dg,GSE227903,Diagnosis,cellchat,Monocyte,Monocyte,LGALS9,HAVCR2,0.000348125361891878,0.33,28,28
6323_Dg,GSE227903,Diagnosis,cellchat,pDC,Monocyte,LGALS9,HAVCR2,0.00109917025068828,0.26,133,28
6323_Dg,GSE227903,Diagnosis,cellchat,Pro-Monocyte,Monocyte,LGALS9,HAVCR2,0.00105338165891066,0.29,35,28
6323_Dg,GSE227903,Diagnosis,cellchat,cDC,pDC,LGALS9,HAVCR2,0.00314574746165155,0.02,40,133
6323_Dg,GSE227903,Diagnosis,cellchat,Cycling Progenitor,pDC,LGALS9,HAVCR2,0.00192632944117297,0.03,49,133
6323_Dg,GSE227903,Diagnosis,cellchat,Early GMP,pDC,LGALS9,HAVCR2,0.00244300036601446,0.03,101,133
6323_Dg,GSE227903,Diagnosis,cellchat,Late GMP,pDC,LGALS9,HAVCR2,0.00224395045115868,0.04,61,133
6323_Dg,GSE227903,Diagnosis,cellchat,LMPP,pDC,LGALS9,HAVCR2,0.00238545083379351,0.03,50,133
6323_Dg,GSE227903,Diagnosis,cellchat,Monocyte,pDC,LGALS9,HAVCR2,0.000690821587259135,0.04,28,133
6323_Dg,GSE227903,Diagnosis,cellchat,pDC,pDC,LGALS9,HAVCR2,0.0021795865582295,0.03,133,133
6323_Dg,GSE227903,Diagnosis,cellchat,Pro-Monocyte,pDC,LGALS9,HAVCR2,0.00208888473409594,0.03,35,133
6323_Dg,GSE227903,Diagnosis,cellchat,cDC,cDC,LGALS9,CD44,0.0903853452796715,0,40,40
6323_Dg,GSE227903,Diagnosis,cellchat,Cycling Progenitor,cDC,LGALS9,CD44,0.0572919448461825,0.53,49,40
6323_Dg,GSE227903,Diagnosis,cellchat,Early GMP,cDC,LGALS9,CD44,0.0715933123044814,0.02,101,40
6323_Dg,GSE227903,Diagnosis,cellchat,Late GMP,cDC,LGALS9,CD44,0.0661335805041237,0.17,61,40
6323_Dg,GSE227903,Diagnosis,cellchat,LMPP,cDC,LGALS9,CD44,0.0700211368004045,0.09,50,40
6323_Dg,GSE227903,Diagnosis,cellchat,Monocyte,cDC,LGALS9,CD44,0.0213040512573203,0.99,28,40
6323_Dg,GSE227903,Diagnosis,cellchat,pDC,cDC,LGALS9,CD44,0.0643548511892835,0.12,133,40
6323_Dg,GSE227903,Diagnosis,cellchat,Pro-Monocyte,cDC,LGALS9,CD44,0.06183711874275,0.45,35,40
6323_Dg,GSE227903,Diagnosis,cellchat,cDC,Cycling Progenitor,LGALS9,CD44,0.0683626889533015,0.17,40,49
6323_Dg,GSE227903,Diagnosis,cellchat,Cycling Progenitor,Cycling Progenitor,LGALS9,CD44,0.0429518454303307,0.97,49,49
6323_Dg,GSE227903,Diagnosis,cellchat,Early GMP,Cycling Progenitor,LGALS9,CD44,0.0538781832852355,0.7,101,49
6323_Dg,GSE227903,Diagnosis,cellchat,Late GMP,Cycling Progenitor,LGALS9,CD44,0.0496970973523269,0.87,61,49
6323_Dg,GSE227903,Diagnosis,cellchat,LMPP,Cycling Progenitor,LGALS9,CD44,0.0526729576243515,0.77,50,49
6323_Dg,GSE227903,Diagnosis,cellchat,Monocyte,Cycling Progenitor,LGALS9,CD44,0.0158205074601358,0.99,28,49
6323_Dg,GSE227903,Diagnosis,cellchat,pDC,Cycling Progenitor,LGALS9,CD44,0.0483375616774249,0.95,133,49
6323_Dg,GSE227903,Diagnosis,cellchat,Pro-Monocyte,Cycling Progenitor,LGALS9,CD44,0.0464153818432277,0.94,35,49
6323_Dg,GSE227903,Diagnosis,cellchat,cDC,Early GMP,LGALS9,CD44,0.0832124400335813,0,40,101
6323_Dg,GSE227903,Diagnosis,cellchat,Cycling Progenitor,Early GMP,LGALS9,CD44,0.0525934548481329,0.71,49,101
6323_Dg,GSE227903,Diagnosis,cellchat,Early GMP,Early GMP,LGALS9,CD44,0.0658038411583744,0.17,101,101
6323_Dg,GSE227903,Diagnosis,cellchat,Late GMP,Early GMP,LGALS9,CD44,0.0607567234348404,0.34,61,101
6323_Dg,GSE227903,Diagnosis,cellchat,LMPP,Early GMP,LGALS9,CD44,0.0643499892733295,0.26,50,101
6323_Dg,GSE227903,Diagnosis,cellchat,Monocyte,Early GMP,LGALS9,CD44,0.0194958782456299,0.99,28,101
6323_Dg,GSE227903,Diagnosis,cellchat,pDC,Early GMP,LGALS9,CD44,0.0591134559635405,0.34,133,101
6323_Dg,GSE227903,Diagnosis,cellchat,Pro-Monocyte,Early GMP,LGALS9,CD44,0.0567883349885094,0.63,35,101
6323_Dg,GSE227903,Diagnosis,cellchat,cDC,Late GMP,LGALS9,CD44,0.082282945267476,0,40,61
6323_Dg,GSE227903,Diagnosis,cellchat,Cycling Progenitor,Late GMP,LGALS9,CD44,0.0519865842841977,0.75,49,61
6323_Dg,GSE227903,Diagnosis,cellchat,Early GMP,Late GMP,LGALS9,CD44,0.0650550043290479,0.26,101,61
6323_Dg,GSE227903,Diagnosis,cellchat,Late GMP,Late GMP,LGALS9,CD44,0.060061629318177,0.34,61,61
6323_Dg,GSE227903,Diagnosis,cellchat,LMPP,Late GMP,LGALS9,CD44,0.0636165703899058,0.32,50,61
6323_Dg,GSE227903,Diagnosis,cellchat,Monocyte,Late GMP,LGALS9,CD44,0.019263152095247,0.99,28,61
6323_Dg,GSE227903,Diagnosis,cellchat,pDC,Late GMP,LGALS9,CD44,0.05843599217232,0.35,133,61
6323_Dg,GSE227903,Diagnosis,cellchat,Pro-Monocyte,Late GMP,LGALS9,CD44,0.056135928187761,0.64,35,61
6323_Dg,GSE227903,Diagnosis,cellchat,cDC,LMPP,LGALS9,CD44,0.0776493318858381,0.02,40,50
6323_Dg,GSE227903,Diagnosis,cellchat,Cycling Progenitor,LMPP,LGALS9,CD44,0.0489680208744762,0.85,49,50
6323_Dg,GSE227903,Diagnosis,cellchat,Early GMP,LMPP,LGALS9,CD44,0.0613267196609233,0.4,101,50
6323_Dg,GSE227903,Diagnosis,cellchat,Late GMP,LMPP,LGALS9,CD44,0.0566021887599736,0.54,61,50
6323_Dg,GSE227903,Diagnosis,cellchat,LMPP,LMPP,LGALS9,CD44,0.059965434690168,0.45,50,50
6323_Dg,GSE227903,Diagnosis,cellchat,Monocyte,LMPP,LGALS9,CD44,0.018108357303817,0.99,28,50
6323_Dg,GSE227903,Diagnosis,cellchat,pDC,LMPP,LGALS9,CD44,0.0550646999812343,0.58,133,50
6323_Dg,GSE227903,Diagnosis,cellchat,Pro-Monocyte,LMPP,LGALS9,CD44,0.0528898775885372,0.73,35,50
6323_Dg,GSE227903,Diagnosis,cellchat,cDC,Monocyte,LGALS9,CD44,0.109365404203228,0,40,28
6323_Dg,GSE227903,Diagnosis,cellchat,Cycling Progenitor,Monocyte,LGALS9,CD44,0.069856396600277,0.07,49,28
6323_Dg,GSE227903,Diagnosis,cellchat,Early GMP,Monocyte,LGALS9,CD44,0.0870046729835813,0,101,28
6323_Dg,GSE227903,Diagnosis,cellchat,Late GMP,Monocyte,LGALS9,CD44,0.0804715346898409,0,61,28
6323_Dg,GSE227903,Diagnosis,cellchat,LMPP,Monocyte,LGALS9,CD44,0.0851250974440873,0,50,28
6323_Dg,GSE227903,Diagnosis,cellchat,Monocyte,Monocyte,LGALS9,CD44,0.0261954601338096,0.99,28,28
6323_Dg,GSE227903,Diagnosis,cellchat,pDC,Monocyte,LGALS9,CD44,0.0783395214114811,0,133,28
6323_Dg,GSE227903,Diagnosis,cellchat,Pro-Monocyte,Monocyte,LGALS9,CD44,0.0753187141070925,0.02,35,28
6323_Dg,GSE227903,Diagnosis,cellchat,cDC,pDC,LGALS9,CD44,0.084942370993965,0,40,133
6323_Dg,GSE227903,Diagnosis,cellchat,Cycling Progenitor,pDC,LGALS9,CD44,0.0537241395855578,0.67,49,133
6323_Dg,GSE227903,Diagnosis,cellchat,Early GMP,pDC,LGALS9,CD44,0.0671983863807816,0.09,101,133
6323_Dg,GSE227903,Diagnosis,cellchat,Late GMP,pDC,LGALS9,CD44,0.0620514124001663,0.31,61,133
6323_Dg,GSE227903,Diagnosis,cellchat,LMPP,pDC,LGALS9,CD44,0.0657158911728336,0.25,50,133
6323_Dg,GSE227903,Diagnosis,cellchat,Monocyte,pDC,LGALS9,CD44,0.0199299804351736,0.99,28,133
6323_Dg,GSE227903,Diagnosis,cellchat,pDC,pDC,LGALS9,CD44,0.060375378820237,0.28,133,133
6323_Dg,GSE227903,Diagnosis,cellchat,Pro-Monocyte,pDC,LGALS9,CD44,0.0580036823116052,0.58,35,133
6323_Dg,GSE227903,Diagnosis,cellchat,cDC,Pro-Monocyte,LGALS9,CD44,0.0946467278210699,0,40,35
6323_Dg,GSE227903,Diagnosis,cellchat,Cycling Progenitor,Pro-Monocyte,LGALS9,CD44,0.060096160531077,0.46,49,35
6323_Dg,GSE227903,Diagnosis,cellchat,Early GMP,Pro-Monocyte,LGALS9,CD44,0.0750418024301867,0.02,101,35
6323_Dg,GSE227903,Diagnosis,cellchat,Late GMP,Pro-Monocyte,LGALS9,CD44,0.0693387286139804,0.13,61,35
6323_Dg,GSE227903,Diagnosis,cellchat,LMPP,Pro-Monocyte,LGALS9,CD44,0.0733998858144245,0.04,50,35
6323_Dg,GSE227903,Diagnosis,cellchat,Monocyte,Pro-Monocyte,LGALS9,CD44,0.0223886344388052,0.99,28,35
6323_Dg,GSE227903,Diagnosis,cellchat,pDC,Pro-Monocyte,LGALS9,CD44,0.0674800227253159,0.06,133,35
6323_Dg,GSE227903,Diagnosis,cellchat,Pro-Monocyte,Pro-Monocyte,LGALS9,CD44,0.0648484993281372,0.35,35,35
6323_Dg,GSE227903,Diagnosis,cellchat,cDC,Monocyte,CTSG,FPR1,0.0116020121486207,0,40,28
6323_Dg,GSE227903,Diagnosis,cellchat,Cycling Progenitor,Monocyte,CTSG,FPR1,0.0447403504070669,0,49,28
6323_Dg,GSE227903,Diagnosis,cellchat,Early GMP,Monocyte,CTSG,FPR1,0.0381195856785903,0,101,28
6323_Dg,GSE227903,Diagnosis,cellchat,Late GMP,Monocyte,CTSG,FPR1,0.116102884859706,0,61,28
6323_Dg,GSE227903,Diagnosis,cellchat,Pro-Monocyte,Monocyte,CTSG,FPR1,0.0622142480562778,0,35,28
6323_Dg,GSE227903,Diagnosis,cellchat,cDC,cDC,LGALS9,P4HB,0.0664481638844139,0.02,40,40
6323_Dg,GSE227903,Diagnosis,cellchat,Cycling Progenitor,cDC,LGALS9,P4HB,0.0417170953820306,0.8,49,40
6323_Dg,GSE227903,Diagnosis,cellchat,Early GMP,cDC,LGALS9,P4HB,0.0523465105114156,0.44,101,40
6323_Dg,GSE227903,Diagnosis,cellchat,Late GMP,cDC,LGALS9,P4HB,0.0482782211177247,0.53,61,40
6323_Dg,GSE227903,Diagnosis,cellchat,LMPP,cDC,LGALS9,P4HB,0.0511736943424955,0.47,50,40
6323_Dg,GSE227903,Diagnosis,cellchat,Monocyte,cDC,LGALS9,P4HB,0.015353198220863,0.99,28,40
6323_Dg,GSE227903,Diagnosis,cellchat,pDC,cDC,LGALS9,P4HB,0.0469555829311094,0.63,133,40
6323_Dg,GSE227903,Diagnosis,cellchat,Pro-Monocyte,cDC,LGALS9,P4HB,0.0450857549740323,0.76,35,40
6323_Dg,GSE227903,Diagnosis,cellchat,cDC,Cycling Progenitor,LGALS9,P4HB,0.0728160342878482,0,40,49
6323_Dg,GSE227903,Diagnosis,cellchat,Cycling Progenitor,Cycling Progenitor,LGALS9,P4HB,0.0458312873599019,0.69,49,49
6323_Dg,GSE227903,Diagnosis,cellchat,Early GMP,Cycling Progenitor,LGALS9,P4HB,0.0574461470970848,0.17,101,49
6323_Dg,GSE227903,Diagnosis,cellchat,Late GMP,Cycling Progenitor,LGALS9,P4HB,0.0530036895390319,0.34,61,49
6323_Dg,GSE227903,Diagnosis,cellchat,LMPP,Cycling Progenitor,LGALS9,P4HB,0.0561658460921124,0.3,50,49
6323_Dg,GSE227903,Diagnosis,cellchat,Monocyte,Cycling Progenitor,LGALS9,P4HB,0.0169132392601448,0.99,28,49
6323_Dg,GSE227903,Diagnosis,cellchat,pDC,Cycling Progenitor,LGALS9,P4HB,0.0515586049873636,0.3,133,49
6323_Dg,GSE227903,Diagnosis,cellchat,Pro-Monocyte,Cycling Progenitor,LGALS9,P4HB,0.0495150023002419,0.63,35,49
6323_Dg,GSE227903,Diagnosis,cellchat,cDC,Early GMP,LGALS9,P4HB,0.0693244816992818,0,40,101
6323_Dg,GSE227903,Diagnosis,cellchat,Cycling Progenitor,Early GMP,LGALS9,P4HB,0.0435728542850552,0.77,49,101
6323_Dg,GSE227903,Diagnosis,cellchat,Early GMP,Early GMP,LGALS9,P4HB,0.0546481474156932,0.29,101,101
6323_Dg,GSE227903,Diagnosis,cellchat,Late GMP,Early GMP,LGALS9,P4HB,0.0504104938960998,0.39,61,101
6323_Dg,GSE227903,Diagnosis,cellchat,LMPP,Early GMP,LGALS9,P4HB,0.0534266706819889,0.32,50,101
6323_Dg,GSE227903,Diagnosis,cellchat,Monocyte,Early GMP,LGALS9,P4HB,0.0160558253467625,0.99,28,101
6323_Dg,GSE227903,Diagnosis,cellchat,pDC,Early GMP,LGALS9,P4HB,0.0490324491910273,0.37,133,101
6323_Dg,GSE227903,Diagnosis,cellchat,Pro-Monocyte,Early GMP,LGALS9,P4HB,0.0470840037712913,0.72,35,101
6323_Dg,GSE227903,Diagnosis,cellchat,cDC,Late GMP,LGALS9,P4HB,0.0872407174276169,0,40,61
6323_Dg,GSE227903,Diagnosis,cellchat,Cycling Progenitor,Late GMP,LGALS9,P4HB,0.0552287739634851,0.33,49,61
6323_Dg,GSE227903,Diagnosis,cellchat,Early GMP,Late GMP,LGALS9,P4HB,0.0690528517350459,0,101,61
6323_Dg,GSE227903,Diagnosis,cellchat,Late GMP,Late GMP,LGALS9,P4HB,0.0637735483475744,0.05,61,61
6323_Dg,GSE227903,Diagnosis,cellchat,LMPP,Late GMP,LGALS9,P4HB,0.0675324062337123,0.02,50,61
6323_Dg,GSE227903,Diagnosis,cellchat,Monocyte,Late GMP,LGALS9,P4HB,0.0205086655669539,0.99,28,61
6323_Dg,GSE227903,Diagnosis,cellchat,pDC,Late GMP,LGALS9,P4HB,0.0620540766249629,0.01,133,61
6323_Dg,GSE227903,Diagnosis,cellchat,Pro-Monocyte,Late GMP,LGALS9,P4HB,0.0596206208644928,0.2,35,61
6323_Dg,GSE227903,Diagnosis,cellchat,cDC,LMPP,LGALS9,P4HB,0.0499643628692771,0.45,40,50
6323_Dg,GSE227903,Diagnosis,cellchat,Early GMP,LMPP,LGALS9,P4HB,0.0392139654419523,0.98,101,50
6323_Dg,GSE227903,Diagnosis,cellchat,Late GMP,LMPP,LGALS9,P4HB,0.0361274071185871,0.99,61,50
6323_Dg,GSE227903,Diagnosis,cellchat,LMPP,LMPP,LGALS9,P4HB,0.0383234831972032,0.97,50,50
6323_Dg,GSE227903,Diagnosis,cellchat,Pro-Monocyte,LMPP,LGALS9,P4HB,0.0337099712596466,0.99,35,50
6323_Dg,GSE227903,Diagnosis,cellchat,cDC,Monocyte,LGALS9,P4HB,0.0632633020100367,0.06,40,28
6323_Dg,GSE227903,Diagnosis,cellchat,Cycling Progenitor,Monocyte,LGALS9,P4HB,0.0396672273869638,0.83,49,28
6323_Dg,GSE227903,Diagnosis,cellchat,Early GMP,Monocyte,LGALS9,P4HB,0.0498014848470571,0.57,101,28
6323_Dg,GSE227903,Diagnosis,cellchat,Late GMP,Monocyte,LGALS9,P4HB,0.0459214061162075,0.62,61,28
6323_Dg,GSE227903,Diagnosis,cellchat,LMPP,Monocyte,LGALS9,P4HB,0.0486827603443674,0.51,50,28
6323_Dg,GSE227903,Diagnosis,cellchat,Monocyte,Monocyte,LGALS9,P4HB,0.0145790738857201,0.99,28,28
6323_Dg,GSE227903,Diagnosis,cellchat,pDC,Monocyte,LGALS9,P4HB,0.0446603057351121,0.67,133,28
6323_Dg,GSE227903,Diagnosis,cellchat,Pro-Monocyte,Monocyte,LGALS9,P4HB,0.0428777663385002,0.81,35,28
6323_Dg,GSE227903,Diagnosis,cellchat,cDC,pDC,LGALS9,P4HB,0.0761480345486059,0,40,133
6323_Dg,GSE227903,Diagnosis,cellchat,Cycling Progenitor,pDC,LGALS9,P4HB,0.0479924034022895,0.63,49,133
6323_Dg,GSE227903,Diagnosis,cellchat,Early GMP,pDC,LGALS9,P4HB,0.060120438501897,0.05,101,133
6323_Dg,GSE227903,Diagnosis,cellchat,Late GMP,pDC,LGALS9,P4HB,0.0554833449856079,0.22,61,133
6323_Dg,GSE227903,Diagnosis,cellchat,LMPP,pDC,LGALS9,P4HB,0.0587842528135715,0.11,50,133
6323_Dg,GSE227903,Diagnosis,cellchat,Monocyte,pDC,LGALS9,P4HB,0.0177361080475341,0.99,28,133
6323_Dg,GSE227903,Diagnosis,cellchat,pDC,pDC,LGALS9,P4HB,0.0539745086605034,0.23,133,133
6323_Dg,GSE227903,Diagnosis,cellchat,Pro-Monocyte,pDC,LGALS9,P4HB,0.0518403819922253,0.53,35,133
6323_Dg,GSE227903,Diagnosis,cellchat,cDC,Pro-Monocyte,LGALS9,P4HB,0.0909253896356742,0,40,35
6323_Dg,GSE227903,Diagnosis,cellchat,Cycling Progenitor,Pro-Monocyte,LGALS9,P4HB,0.0576467902309803,0.25,49,35
6323_Dg,GSE227903,Diagnosis,cellchat,Early GMP,Pro-Monocyte,LGALS9,P4HB,0.0720299671553585,0,101,35
6323_Dg,GSE227903,Diagnosis,cellchat,Late GMP,Pro-Monocyte,LGALS9,P4HB,0.0665393224856167,0.01,61,35
6323_Dg,GSE227903,Diagnosis,cellchat,LMPP,Pro-Monocyte,LGALS9,P4HB,0.0704489304111888,0,50,35
6323_Dg,GSE227903,Diagnosis,cellchat,Monocyte,Pro-Monocyte,LGALS9,P4HB,0.0214410703427737,0.99,28,35
6323_Dg,GSE227903,Diagnosis,cellchat,pDC,Pro-Monocyte,LGALS9,P4HB,0.0647504369823539,0.01,133,35
6323_Dg,GSE227903,Diagnosis,cellchat,Pro-Monocyte,Pro-Monocyte,LGALS9,P4HB,0.0622182573133202,0.16,35,35
6323_Dg,GSE227903,Diagnosis,cellchat,cDC,cDC,PPIA,BSG,0.10243636633986,0.96,40,40
6323_Dg,GSE227903,Diagnosis,cellchat,Cycling Progenitor,cDC,PPIA,BSG,0.108612872698096,0.95,49,40
6323_Dg,GSE227903,Diagnosis,cellchat,Early GMP,cDC,PPIA,BSG,0.10098282529684,0.96,101,40
6323_Dg,GSE227903,Diagnosis,cellchat,Late GMP,cDC,PPIA,BSG,0.0946803099756268,0.98,61,40
6323_Dg,GSE227903,Diagnosis,cellchat,LMPP,cDC,PPIA,BSG,0.0931464441325407,0.98,50,40
6323_Dg,GSE227903,Diagnosis,cellchat,Monocyte,cDC,PPIA,BSG,0.0860485694038964,0.98,28,40
6323_Dg,GSE227903,Diagnosis,cellchat,pDC,cDC,PPIA,BSG,0.0996812298620492,0.96,133,40
6323_Dg,GSE227903,Diagnosis,cellchat,Pro-Monocyte,cDC,PPIA,BSG,0.102911074775637,0.96,35,40
6323_Dg,GSE227903,Diagnosis,cellchat,cDC,Cycling Progenitor,PPIA,BSG,0.151221943881754,0,40,49
6323_Dg,GSE227903,Diagnosis,cellchat,Cycling Progenitor,Cycling Progenitor,PPIA,BSG,0.159816262644488,0,49,49
6323_Dg,GSE227903,Diagnosis,cellchat,Early GMP,Cycling Progenitor,PPIA,BSG,0.149191215081888,0.01,101,49
6323_Dg,GSE227903,Diagnosis,cellchat,Late GMP,Cycling Progenitor,PPIA,BSG,0.140349642303637,0.04,61,49
6323_Dg,GSE227903,Diagnosis,cellchat,LMPP,Cycling Progenitor,PPIA,BSG,0.138188845313546,0.06,50,49
6323_Dg,GSE227903,Diagnosis,cellchat,Monocyte,Cycling Progenitor,PPIA,BSG,0.128143685791543,0.32,28,49
6323_Dg,GSE227903,Diagnosis,cellchat,pDC,Cycling Progenitor,PPIA,BSG,0.147370105827195,0.01,133,49
6323_Dg,GSE227903,Diagnosis,cellchat,Pro-Monocyte,Cycling Progenitor,PPIA,BSG,0.15188447627702,0,35,49
6323_Dg,GSE227903,Diagnosis,cellchat,cDC,Early GMP,PPIA,BSG,0.135671968141119,0.05,40,101
6323_Dg,GSE227903,Diagnosis,cellchat,Cycling Progenitor,Early GMP,PPIA,BSG,0.143531987987005,0,49,101
6323_Dg,GSE227903,Diagnosis,cellchat,Early GMP,Early GMP,PPIA,BSG,0.133817134946582,0.09,101,101
6323_Dg,GSE227903,Diagnosis,cellchat,Late GMP,Early GMP,PPIA,BSG,0.125752015685444,0.41,61,101
6323_Dg,GSE227903,Diagnosis,cellchat,LMPP,Early GMP,PPIA,BSG,0.123783599724379,0.52,50,101
6323_Dg,GSE227903,Diagnosis,cellchat,Monocyte,Early GMP,PPIA,BSG,0.114646279238728,0.88,28,101
6323_Dg,GSE227903,Diagnosis,cellchat,pDC,Early GMP,PPIA,BSG,0.132154540529514,0.09,133,101
6323_Dg,GSE227903,Diagnosis,cellchat,Pro-Monocyte,Early GMP,PPIA,BSG,0.136277311444885,0.02,35,101
6323_Dg,GSE227903,Diagnosis,cellchat,cDC,Late GMP,PPIA,BSG,0.135251701563275,0.08,40,61
6323_Dg,GSE227903,Diagnosis,cellchat,Cycling Progenitor,Late GMP,PPIA,BSG,0.143091404504311,0,49,61
6323_Dg,GSE227903,Diagnosis,cellchat,Early GMP,Late GMP,PPIA,BSG,0.133401727230925,0.11,101,61
6323_Dg,GSE227903,Diagnosis,cellchat,Late GMP,Late GMP,PPIA,BSG,0.12535802107127,0.53,61,61
6323_Dg,GSE227903,Diagnosis,cellchat,LMPP,Late GMP,PPIA,BSG,0.123394901897537,0.58,50,61
6323_Dg,GSE227903,Diagnosis,cellchat,Monocyte,Late GMP,PPIA,BSG,0.114282531596491,0.88,28,61
6323_Dg,GSE227903,Diagnosis,cellchat,pDC,Late GMP,PPIA,BSG,0.131743508997134,0.17,133,61
6323_Dg,GSE227903,Diagnosis,cellchat,Pro-Monocyte,Late GMP,PPIA,BSG,0.135855464452289,0.09,35,61
6323_Dg,GSE227903,Diagnosis,cellchat,cDC,LMPP,PPIA,BSG,0.122234933587433,0.56,40,50
6323_Dg,GSE227903,Diagnosis,cellchat,Cycling Progenitor,LMPP,PPIA,BSG,0.129433066778069,0.29,49,50
6323_Dg,GSE227903,Diagnosis,cellchat,Early GMP,LMPP,PPIA,BSG,0.120538185084272,0.61,101,50
6323_Dg,GSE227903,Diagnosis,cellchat,Late GMP,LMPP,PPIA,BSG,0.113168820742371,0.87,61,50
6323_Dg,GSE227903,Diagnosis,cellchat,LMPP,LMPP,PPIA,BSG,0.111372279496772,0.86,50,50
6323_Dg,GSE227903,Diagnosis,cellchat,Monocyte,LMPP,PPIA,BSG,0.103043382721487,0.94,28,50
6323_Dg,GSE227903,Diagnosis,cellchat,pDC,LMPP,PPIA,BSG,0.119017903882425,0.64,133,50
6323_Dg,GSE227903,Diagnosis,cellchat,Pro-Monocyte,LMPP,PPIA,BSG,0.122788840491527,0.57,35,50
6323_Dg,GSE227903,Diagnosis,cellchat,cDC,Monocyte,PPIA,BSG,0.103663909135308,0.85,40,28
6323_Dg,GSE227903,Diagnosis,cellchat,Cycling Progenitor,Monocyte,PPIA,BSG,0.109905368305368,0.78,49,28
6323_Dg,GSE227903,Diagnosis,cellchat,Early GMP,Monocyte,PPIA,BSG,0.10219493286514,0.87,101,28
6323_Dg,GSE227903,Diagnosis,cellchat,Late GMP,Monocyte,PPIA,BSG,0.095824831173044,0.93,61,28
6323_Dg,GSE227903,Diagnosis,cellchat,LMPP,Monocyte,PPIA,BSG,0.0942743543707831,0.95,50,28
6323_Dg,GSE227903,Diagnosis,cellchat,Monocyte,Monocyte,PPIA,BSG,0.0870987863757377,0.96,28,28
6323_Dg,GSE227903,Diagnosis,cellchat,pDC,Monocyte,PPIA,BSG,0.100879467333197,0.89,133,28
6323_Dg,GSE227903,Diagnosis,cellchat,Pro-Monocyte,Monocyte,PPIA,BSG,0.104143646173681,0.84,35,28
6323_Dg,GSE227903,Diagnosis,cellchat,cDC,pDC,PPIA,BSG,0.115651349855825,0.9,40,133
6323_Dg,GSE227903,Diagnosis,cellchat,Cycling Progenitor,pDC,PPIA,BSG,0.122515903925008,0.6,49,133
6323_Dg,GSE227903,Diagnosis,cellchat,Early GMP,pDC,PPIA,BSG,0.114034115900839,0.93,101,133
6323_Dg,GSE227903,Diagnosis,cellchat,pDC,pDC,PPIA,BSG,0.112585365459561,0.91,133,133
6323_Dg,GSE227903,Diagnosis,cellchat,Pro-Monocyte,pDC,PPIA,BSG,0.116179371991379,0.85,35,133
6323_Dg,GSE227903,Diagnosis,cellchat,cDC,Pro-Monocyte,PPIA,BSG,0.142052661878431,0.07,40,35
6323_Dg,GSE227903,Diagnosis,cellchat,Cycling Progenitor,Pro-Monocyte,PPIA,BSG,0.150218094988886,0,49,35
6323_Dg,GSE227903,Diagnosis,cellchat,Early GMP,Pro-Monocyte,PPIA,BSG,0.140124737578192,0.08,101,35
6323_Dg,GSE227903,Diagnosis,cellchat,Late GMP,Pro-Monocyte,PPIA,BSG,0.131737278890355,0.28,61,35
6323_Dg,GSE227903,Diagnosis,cellchat,LMPP,Pro-Monocyte,PPIA,BSG,0.129689072720292,0.3,50,35
6323_Dg,GSE227903,Diagnosis,cellchat,Monocyte,Pro-Monocyte,PPIA,BSG,0.120175616770204,0.55,28,35
6323_Dg,GSE227903,Diagnosis,cellchat,pDC,Pro-Monocyte,PPIA,BSG,0.138396296559715,0.09,133,35
6323_Dg,GSE227903,Diagnosis,cellchat,Pro-Monocyte,Pro-Monocyte,PPIA,BSG,0.14268177496877,0.08,35,35
6323_Dg,GSE227903,Diagnosis,cellchat,Late GMP,cDC,PLAU,PLAUR,0.00138667436806594,0,61,40
6323_Dg,GSE227903,Diagnosis,cellchat,Late GMP,Cycling Progenitor,PLAU,PLAUR,0.000309679218340382,0.05,61,49
6323_Dg,GSE227903,Diagnosis,cellchat,Late GMP,Early GMP,PLAU,PLAUR,0.00033587086321433,0.04,61,101
6323_Dg,GSE227903,Diagnosis,cellchat,Late GMP,Late GMP,PLAU,PLAUR,0.000476120411981032,0,61,61
6323_Dg,GSE227903,Diagnosis,cellchat,Late GMP,Monocyte,PLAU,PLAUR,0.00476801273522067,0,61,28
6323_Dg,GSE227903,Diagnosis,cellchat,Late GMP,Pro-Monocyte,PLAU,PLAUR,0.00195985940139091,0,61,35
6323_Dg,GSE227903,Diagnosis,cellchat,Monocyte,cDC,THBS1,CD36,0.010831994754267,0,28,40
6323_Dg,GSE227903,Diagnosis,cellchat,Monocyte,Monocyte,THBS1,CD36,0.0653777540378483,0,28,28
6323_Dg,GSE227903,Diagnosis,cellchat,Monocyte,pDC,THBS1,CD36,0.0168751780785386,0,28,133
6323_Dg,GSE227903,Diagnosis,cellchat,Monocyte,cDC,THBS1,CD47,0.0515872781352182,0,28,40
6323_Dg,GSE227903,Diagnosis,cellchat,Monocyte,Cycling Progenitor,THBS1,CD47,0.0522437015753075,0,28,49
6323_Dg,GSE227903,Diagnosis,cellchat,Monocyte,Early GMP,THBS1,CD47,0.0500235825754705,0,28,101
6323_Dg,GSE227903,Diagnosis,cellchat,Monocyte,Late GMP,THBS1,CD47,0.0357743591749072,0,28,61
6323_Dg,GSE227903,Diagnosis,cellchat,Monocyte,LMPP,THBS1,CD47,0.0582597080965365,0,28,50
6323_Dg,GSE227903,Diagnosis,cellchat,Monocyte,Monocyte,THBS1,CD47,0.0133163798587088,0,28,28
6323_Dg,GSE227903,Diagnosis,cellchat,Monocyte,pDC,THBS1,CD47,0.0625712945126952,0,28,133
6323_Dg,GSE227903,Diagnosis,cellchat,Monocyte,Pro-Monocyte,THBS1,CD47,0.0102067680453698,0,28,35
6323_Dg,GSE227903,Diagnosis,cellchat,cDC,cDC,APP,CD74,0.083820456935262,0.53,40,40
6323_Dg,GSE227903,Diagnosis,cellchat,Cycling Progenitor,cDC,APP,CD74,0.114778679547151,0.05,49,40
6323_Dg,GSE227903,Diagnosis,cellchat,Early GMP,cDC,APP,CD74,0.0916252801132616,0.29,101,40
6323_Dg,GSE227903,Diagnosis,cellchat,Late GMP,cDC,APP,CD74,0.0932951324589906,0.24,61,40
6323_Dg,GSE227903,Diagnosis,cellchat,LMPP,cDC,APP,CD74,0.110936422664723,0.04,50,40
6323_Dg,GSE227903,Diagnosis,cellchat,Monocyte,cDC,APP,CD74,0.0449426939767582,0.95,28,40
6323_Dg,GSE227903,Diagnosis,cellchat,pDC,cDC,APP,CD74,0.184325932154169,0,133,40
6323_Dg,GSE227903,Diagnosis,cellchat,Pro-Monocyte,cDC,APP,CD74,0.101537130444357,0.21,35,40
6323_Dg,GSE227903,Diagnosis,cellchat,cDC,Cycling Progenitor,APP,CD74,0.0600506455719462,0.94,40,49
6323_Dg,GSE227903,Diagnosis,cellchat,Cycling Progenitor,Cycling Progenitor,APP,CD74,0.0830253090709166,0.61,49,49
6323_Dg,GSE227903,Diagnosis,cellchat,Late GMP,Cycling Progenitor,APP,CD74,0.0670350819969311,0.91,61,49
6323_Dg,GSE227903,Diagnosis,cellchat,LMPP,Cycling Progenitor,APP,CD74,0.0801497653258059,0.7,50,49
6323_Dg,GSE227903,Diagnosis,cellchat,Monocyte,Cycling Progenitor,APP,CD74,0.0318149918955741,0.97,28,49
6323_Dg,GSE227903,Diagnosis,cellchat,pDC,Cycling Progenitor,APP,CD74,0.136294752361765,0,133,49
6323_Dg,GSE227903,Diagnosis,cellchat,Pro-Monocyte,Cycling Progenitor,APP,CD74,0.0731443283923352,0.82,35,49
6323_Dg,GSE227903,Diagnosis,cellchat,cDC,Early GMP,APP,CD74,0.0609801523621713,0.93,40,101
6323_Dg,GSE227903,Diagnosis,cellchat,Cycling Progenitor,Early GMP,APP,CD74,0.0842785483649773,0.61,49,101
6323_Dg,GSE227903,Diagnosis,cellchat,Early GMP,Early GMP,APP,CD74,0.0668133277915904,0.99,101,101
6323_Dg,GSE227903,Diagnosis,cellchat,Late GMP,Early GMP,APP,CD74,0.0680648702706276,0.92,61,101
6323_Dg,GSE227903,Diagnosis,cellchat,LMPP,Early GMP,APP,CD74,0.0813634506202129,0.65,50,101
6323_Dg,GSE227903,Diagnosis,cellchat,Monocyte,Early GMP,APP,CD74,0.0323224761651607,0.97,28,101
6323_Dg,GSE227903,Diagnosis,cellchat,pDC,Early GMP,APP,CD74,0.138230863063569,0,133,101
6323_Dg,GSE227903,Diagnosis,cellchat,Pro-Monocyte,Early GMP,APP,CD74,0.074260496392452,0.8,35,101
6323_Dg,GSE227903,Diagnosis,cellchat,cDC,Late GMP,APP,CD74,0.0593175516870229,0.93,40,61
6323_Dg,GSE227903,Diagnosis,cellchat,Cycling Progenitor,Late GMP,APP,CD74,0.0820362210968044,0.64,49,61
6323_Dg,GSE227903,Diagnosis,cellchat,Early GMP,Late GMP,APP,CD74,0.0650026971406797,0.99,101,61
6323_Dg,GSE227903,Diagnosis,cellchat,Late GMP,Late GMP,APP,CD74,0.0662227298762786,0.91,61,61
6323_Dg,GSE227903,Diagnosis,cellchat,LMPP,Late GMP,APP,CD74,0.0791919754857475,0.67,50,61
6323_Dg,GSE227903,Diagnosis,cellchat,Monocyte,Late GMP,APP,CD74,0.0314150762479718,0.97,28,61
6323_Dg,GSE227903,Diagnosis,cellchat,pDC,Late GMP,APP,CD74,0.134764326036322,0,133,61
6323_Dg,GSE227903,Diagnosis,cellchat,Pro-Monocyte,Late GMP,APP,CD74,0.0722636768650497,0.83,35,61
6323_Dg,GSE227903,Diagnosis,cellchat,cDC,LMPP,APP,CD74,0.0587235709421664,0.95,40,50
6323_Dg,GSE227903,Diagnosis,cellchat,Cycling Progenitor,LMPP,APP,CD74,0.0812343910192008,0.65,49,50
6323_Dg,GSE227903,Diagnosis,cellchat,Late GMP,LMPP,APP,CD74,0.0655644229712334,0.91,61,50
6323_Dg,GSE227903,Diagnosis,cellchat,LMPP,LMPP,APP,CD74,0.0784155705793994,0.74,50,50
6323_Dg,GSE227903,Diagnosis,cellchat,Monocyte,LMPP,APP,CD74,0.0310912642356837,0.97,28,50
6323_Dg,GSE227903,Diagnosis,cellchat,pDC,LMPP,APP,CD74,0.1335220891946,0,133,50
6323_Dg,GSE227903,Diagnosis,cellchat,Pro-Monocyte,LMPP,APP,CD74,0.0715499195384284,0.84,35,50
6323_Dg,GSE227903,Diagnosis,cellchat,cDC,Monocyte,APP,CD74,0.0648750581295929,0.9,40,28
6323_Dg,GSE227903,Diagnosis,cellchat,Cycling Progenitor,Monocyte,APP,CD74,0.0895196962120491,0.42,49,28
6323_Dg,GSE227903,Diagnosis,cellchat,Early GMP,Monocyte,APP,CD74,0.071052616828543,0.96,101,28
6323_Dg,GSE227903,Diagnosis,cellchat,Late GMP,Monocyte,APP,CD74,0.0723774103691512,0.86,61,28
6323_Dg,GSE227903,Diagnosis,cellchat,LMPP,Monocyte,APP,CD74,0.0864404258105027,0.51,50,28
6323_Dg,GSE227903,Diagnosis,cellchat,Monocyte,Monocyte,APP,CD74,0.0344541283526417,0.97,28,28
6323_Dg,GSE227903,Diagnosis,cellchat,pDC,Monocyte,APP,CD74,0.146291207175778,0,133,28
6323_Dg,GSE227903,Diagnosis,cellchat,Pro-Monocyte,Monocyte,APP,CD74,0.0789323388729945,0.67,35,28
6323_Dg,GSE227903,Diagnosis,cellchat,cDC,pDC,APP,CD74,0.0823041111784772,0.58,40,133
6323_Dg,GSE227903,Diagnosis,cellchat,Cycling Progenitor,pDC,APP,CD74,0.112771222441704,0.07,49,133
6323_Dg,GSE227903,Diagnosis,cellchat,Early GMP,pDC,APP,CD74,0.0899816090298523,0.44,101,133
6323_Dg,GSE227903,Diagnosis,cellchat,Late GMP,pDC,APP,CD74,0.0916245273122658,0.31,61,133
6323_Dg,GSE227903,Diagnosis,cellchat,LMPP,pDC,APP,CD74,0.108987892232541,0.03,50,133
6323_Dg,GSE227903,Diagnosis,cellchat,Monocyte,pDC,APP,CD74,0.0440958119888271,0.96,28,133
6323_Dg,GSE227903,Diagnosis,cellchat,pDC,pDC,APP,CD74,0.181351298780264,0,133,133
6323_Dg,GSE227903,Diagnosis,cellchat,Pro-Monocyte,pDC,APP,CD74,0.0997351727163922,0.23,35,133
6323_Dg,GSE227903,Diagnosis,cellchat,cDC,Pro-Monocyte,APP,CD74,0.0678607272081638,0.88,40,35
6323_Dg,GSE227903,Diagnosis,cellchat,Cycling Progenitor,Pro-Monocyte,APP,CD74,0.0935261210350045,0.32,49,35
6323_Dg,GSE227903,Diagnosis,cellchat,Early GMP,Pro-Monocyte,APP,CD74,0.0742999993270258,0.94,101,35
6323_Dg,GSE227903,Diagnosis,cellchat,Late GMP,Pro-Monocyte,APP,CD74,0.0756804083094299,0.76,61,35
6323_Dg,GSE227903,Diagnosis,cellchat,LMPP,Pro-Monocyte,APP,CD74,0.0903227102791016,0.41,50,35
6323_Dg,GSE227903,Diagnosis,cellchat,Monocyte,Pro-Monocyte,APP,CD74,0.0360938085115936,0.97,28,35
6323_Dg,GSE227903,Diagnosis,cellchat,pDC,Pro-Monocyte,APP,CD74,0.152413097783655,0,133,35
6323_Dg,GSE227903,Diagnosis,cellchat,Pro-Monocyte,Pro-Monocyte,APP,CD74,0.0825078688565301,0.59,35,35
6323_Dg,GSE227903,Diagnosis,cellchat,cDC,Cycling Progenitor,CD48,CD244,0.0043322131846885,0.05,40,49
6323_Dg,GSE227903,Diagnosis,cellchat,Cycling Progenitor,Cycling Progenitor,CD48,CD244,0.00244675682111187,0.15,49,49
6323_Dg,GSE227903,Diagnosis,cellchat,Early GMP,Cycling Progenitor,CD48,CD244,0.00302377410735031,0.11,101,49
6323_Dg,GSE227903,Diagnosis,cellchat,Late GMP,Cycling Progenitor,CD48,CD244,0.00332540289694788,0.06,61,49
6323_Dg,GSE227903,Diagnosis,cellchat,LMPP,Cycling Progenitor,CD48,CD244,0.00317785768394772,0.06,50,49
6323_Dg,GSE227903,Diagnosis,cellchat,Monocyte,Cycling Progenitor,CD48,CD244,0.00559474629162897,0,28,49
6323_Dg,GSE227903,Diagnosis,cellchat,pDC,Cycling Progenitor,CD48,CD244,0.00169425353716552,0.17,133,49
6323_Dg,GSE227903,Diagnosis,cellchat,Pro-Monocyte,Cycling Progenitor,CD48,CD244,0.00202070770619849,0.16,35,49
6323_Dg,GSE227903,Diagnosis,cellchat,cDC,Early GMP,CD48,CD244,0.00408029885458805,0,40,101
6323_Dg,GSE227903,Diagnosis,cellchat,Cycling Progenitor,Early GMP,CD48,CD244,0.00230422636667687,0.08,49,101
6323_Dg,GSE227903,Diagnosis,cellchat,Early GMP,Early GMP,CD48,CD244,0.00284772673100378,0.03,101,101
6323_Dg,GSE227903,Diagnosis,cellchat,Late GMP,Early GMP,CD48,CD244,0.00313184953418806,0.03,61,101
6323_Dg,GSE227903,Diagnosis,cellchat,LMPP,Early GMP,CD48,CD244,0.00299286632644068,0.01,50,101
6323_Dg,GSE227903,Diagnosis,cellchat,Monocyte,Early GMP,CD48,CD244,0.00526980535522542,0,28,101
6323_Dg,GSE227903,Diagnosis,cellchat,pDC,Early GMP,CD48,CD244,0.00159548840131467,0.08,133,101
6323_Dg,GSE227903,Diagnosis,cellchat,Pro-Monocyte,Early GMP,CD48,CD244,0.00190294846462338,0.08,35,101
6323_Dg,GSE227903,Diagnosis,cellchat,cDC,LMPP,CD48,CD244,0.00759605813086483,0,40,50
6323_Dg,GSE227903,Diagnosis,cellchat,Cycling Progenitor,LMPP,CD48,CD244,0.00429624759801898,0.01,49,50
6323_Dg,GSE227903,Diagnosis,cellchat,Early GMP,LMPP,CD48,CD244,0.00530710880556005,0,101,50
6323_Dg,GSE227903,Diagnosis,cellchat,Late GMP,LMPP,CD48,CD244,0.00583517266308231,0,61,50
6323_Dg,GSE227903,Diagnosis,cellchat,LMPP,LMPP,CD48,CD244,0.00557689425875206,0,50,50
6323_Dg,GSE227903,Diagnosis,cellchat,Monocyte,LMPP,CD48,CD244,0.00980040821394201,0,28,50
6323_Dg,GSE227903,Diagnosis,cellchat,pDC,LMPP,CD48,CD244,0.00297662828763344,0.07,133,50
6323_Dg,GSE227903,Diagnosis,cellchat,Pro-Monocyte,LMPP,CD48,CD244,0.00354929601770592,0.03,35,50
6323_Dg,GSE227903,Diagnosis,cellchat,cDC,Monocyte,CD99,PILRA,0.0215729682925757,0,40,28
6323_Dg,GSE227903,Diagnosis,cellchat,Cycling Progenitor,Monocyte,CD99,PILRA,0.044394614672507,0,49,28
6323_Dg,GSE227903,Diagnosis,cellchat,Early GMP,Monocyte,CD99,PILRA,0.0443890153986206,0,101,28
6323_Dg,GSE227903,Diagnosis,cellchat,Late GMP,Monocyte,CD99,PILRA,0.0337447097382047,0,61,28
6323_Dg,GSE227903,Diagnosis,cellchat,LMPP,Monocyte,CD99,PILRA,0.0578937772939803,0,50,28
6323_Dg,GSE227903,Diagnosis,cellchat,Monocyte,Monocyte,CD99,PILRA,0.027225225161751,0,28,28
6323_Dg,GSE227903,Diagnosis,cellchat,pDC,Monocyte,CD99,PILRA,0.0304767726088331,0,133,28
6323_Dg,GSE227903,Diagnosis,cellchat,Pro-Monocyte,Monocyte,CD99,PILRA,0.0245010691842875,0,35,28
6323_Dg,GSE227903,Diagnosis,cellchat,cDC,Pro-Monocyte,CD99,PILRA,0.00521149181652762,0,40,35
6323_Dg,GSE227903,Diagnosis,cellchat,Cycling Progenitor,Pro-Monocyte,CD99,PILRA,0.0109177699686522,0,49,35
6323_Dg,GSE227903,Diagnosis,cellchat,Early GMP,Pro-Monocyte,CD99,PILRA,0.0109163447311148,0,101,35
6323_Dg,GSE227903,Diagnosis,cellchat,Late GMP,Pro-Monocyte,CD99,PILRA,0.00822952606240169,0,61,35
6323_Dg,GSE227903,Diagnosis,cellchat,LMPP,Pro-Monocyte,CD99,PILRA,0.0143908543142666,0,50,35
6323_Dg,GSE227903,Diagnosis,cellchat,Monocyte,Pro-Monocyte,CD99,PILRA,0.00660587883377316,0,28,35
6323_Dg,GSE227903,Diagnosis,cellchat,pDC,Pro-Monocyte,CD99,PILRA,0.0074135960186291,0,133,35
6323_Dg,GSE227903,Diagnosis,cellchat,Pro-Monocyte,Pro-Monocyte,CD99,PILRA,0.00593231268460884,0,35,35
6323_Dg,GSE227903,Diagnosis,cellchat,LMPP,cDC,CD99,CD99,0.133168191505763,0.78,50,40
6323_Dg,GSE227903,Diagnosis,cellchat,Cycling Progenitor,Cycling Progenitor,CD99,CD99,0.196601420100528,0,49,49
6323_Dg,GSE227903,Diagnosis,cellchat,Early GMP,Cycling Progenitor,CD99,CD99,0.196580572826895,0,101,49
6323_Dg,GSE227903,Diagnosis,cellchat,Late GMP,Cycling Progenitor,CD99,CD99,0.155375148343861,0.15,61,49
6323_Dg,GSE227903,Diagnosis,cellchat,LMPP,Cycling Progenitor,CD99,CD99,0.244538923253278,0,50,49
6323_Dg,GSE227903,Diagnosis,cellchat,Monocyte,Cycling Progenitor,CD99,CD99,0.12848126294253,0.84,28,49
6323_Dg,GSE227903,Diagnosis,cellchat,pDC,Cycling Progenitor,CD99,CD99,0.142059930200402,0.44,133,49
6323_Dg,GSE227903,Diagnosis,cellchat,Pro-Monocyte,Cycling Progenitor,CD99,CD99,0.116842368876562,0.96,35,49
6323_Dg,GSE227903,Diagnosis,cellchat,Cycling Progenitor,Early GMP,CD99,CD99,0.196580572826895,0,49,101
6323_Dg,GSE227903,Diagnosis,cellchat,Early GMP,Early GMP,CD99,CD99,0.196559727223022,0,101,101
6323_Dg,GSE227903,Diagnosis,cellchat,Late GMP,Early GMP,CD99,CD99,0.155357827278306,0.14,61,101
6323_Dg,GSE227903,Diagnosis,cellchat,LMPP,Early GMP,CD99,CD99,0.244514539845969,0,50,101
6323_Dg,GSE227903,Diagnosis,cellchat,Monocyte,Early GMP,CD99,CD99,0.128466483972194,0.93,28,101
6323_Dg,GSE227903,Diagnosis,cellchat,pDC,Early GMP,CD99,CD99,0.142043843870206,0.58,133,101
6323_Dg,GSE227903,Diagnosis,cellchat,Cycling Progenitor,Late GMP,CD99,CD99,0.155375148343861,0.15,49,61
6323_Dg,GSE227903,Diagnosis,cellchat,Early GMP,Late GMP,CD99,CD99,0.155357827278306,0.14,101,61
6323_Dg,GSE227903,Diagnosis,cellchat,Late GMP,Late GMP,CD99,CD99,0.121486556471353,0.94,61,61
6323_Dg,GSE227903,Diagnosis,cellchat,LMPP,Late GMP,CD99,CD99,0.19570915340584,0,50,61
6323_Dg,GSE227903,Diagnosis,cellchat,cDC,LMPP,CD99,CD99,0.133168191505763,0.78,40,50
6323_Dg,GSE227903,Diagnosis,cellchat,Cycling Progenitor,LMPP,CD99,CD99,0.244538923253278,0,49,50
6323_Dg,GSE227903,Diagnosis,cellchat,Early GMP,LMPP,CD99,CD99,0.244514539845969,0,101,50
6323_Dg,GSE227903,Diagnosis,cellchat,Late GMP,LMPP,CD99,CD99,0.19570915340584,0,61,50
6323_Dg,GSE227903,Diagnosis,cellchat,LMPP,LMPP,CD99,CD99,0.29980323450547,0,50,50
6323_Dg,GSE227903,Diagnosis,cellchat,Monocyte,LMPP,CD99,CD99,0.163182673365801,0.07,28,50
6323_Dg,GSE227903,Diagnosis,cellchat,pDC,LMPP,CD99,CD99,0.179672709260988,0,133,50
6323_Dg,GSE227903,Diagnosis,cellchat,Pro-Monocyte,LMPP,CD99,CD99,0.148937451561951,0.25,35,50
6323_Dg,GSE227903,Diagnosis,cellchat,Cycling Progenitor,Monocyte,CD99,CD99,0.12848126294253,0.84,49,28
6323_Dg,GSE227903,Diagnosis,cellchat,Early GMP,Monocyte,CD99,CD99,0.128466483972194,0.93,101,28
6323_Dg,GSE227903,Diagnosis,cellchat,LMPP,Monocyte,CD99,CD99,0.163182673365801,0.07,50,28
6323_Dg,GSE227903,Diagnosis,cellchat,Cycling Progenitor,pDC,CD99,CD99,0.142059930200402,0.44,49,133
6323_Dg,GSE227903,Diagnosis,cellchat,Early GMP,pDC,CD99,CD99,0.142043843870206,0.58,101,133
6323_Dg,GSE227903,Diagnosis,cellchat,LMPP,pDC,CD99,CD99,0.179672709260988,0,50,133
6323_Dg,GSE227903,Diagnosis,cellchat,Cycling Progenitor,Pro-Monocyte,CD99,CD99,0.116842368876562,0.96,49,35
6323_Dg,GSE227903,Diagnosis,cellchat,LMPP,Pro-Monocyte,CD99,CD99,0.148937451561951,0.25,50,35
6323_Dg,GSE227903,Diagnosis,cellchat,cDC,cDC,ICAM1,ITGAX_ITGB2,0.00291745043681402,0,40,40
6323_Dg,GSE227903,Diagnosis,cellchat,Monocyte,cDC,ICAM1,ITGAX_ITGB2,0.00598818646526078,0,28,40
6323_Dg,GSE227903,Diagnosis,cellchat,cDC,Monocyte,ICAM1,ITGAX_ITGB2,0.00347073045132419,0,40,28
6323_Dg,GSE227903,Diagnosis,cellchat,Monocyte,Monocyte,ICAM1,ITGAX_ITGB2,0.00711965808348174,0,28,28
6323_Dg,GSE227903,Diagnosis,cellchat,cDC,cDC,ICAM1,ITGAL_ITGB2,0.00444562099693899,0,40,40
6323_Dg,GSE227903,Diagnosis,cellchat,Monocyte,cDC,ICAM1,ITGAL_ITGB2,0.00911012294231881,0,28,40
6323_Dg,GSE227903,Diagnosis,cellchat,cDC,Cycling Progenitor,ICAM1,ITGAL_ITGB2,0.0013726775227936,0.1,40,49
6323_Dg,GSE227903,Diagnosis,cellchat,Monocyte,Cycling Progenitor,ICAM1,ITGAL_ITGB2,0.0028220787619813,0,28,49
6323_Dg,GSE227903,Diagnosis,cellchat,cDC,Early GMP,ICAM1,ITGAL_ITGB2,0.00147821003402397,0.08,40,101
6323_Dg,GSE227903,Diagnosis,cellchat,Monocyte,Early GMP,ICAM1,ITGAL_ITGB2,0.00303870329173303,0,28,101
6323_Dg,GSE227903,Diagnosis,cellchat,cDC,Late GMP,ICAM1,ITGAL_ITGB2,0.00167051209371777,0.06,40,61
6323_Dg,GSE227903,Diagnosis,cellchat,Monocyte,Late GMP,ICAM1,ITGAL_ITGB2,0.00343331371482704,0,28,61
6323_Dg,GSE227903,Diagnosis,cellchat,cDC,LMPP,ICAM1,ITGAL_ITGB2,0.00157549102311323,0.06,40,50
6323_Dg,GSE227903,Diagnosis,cellchat,Monocyte,LMPP,ICAM1,ITGAL_ITGB2,0.0032383472703309,0,28,50
6323_Dg,GSE227903,Diagnosis,cellchat,cDC,Monocyte,ICAM1,ITGAL_ITGB2,0.00172934474504255,0.04,40,28
6323_Dg,GSE227903,Diagnosis,cellchat,Monocyte,Monocyte,ICAM1,ITGAL_ITGB2,0.00355400828832348,0.01,28,28
6323_Dg,GSE227903,Diagnosis,cellchat,cDC,pDC,ICAM1,ITGAL_ITGB2,0.00208292663052767,0.01,40,133
6323_Dg,GSE227903,Diagnosis,cellchat,Monocyte,pDC,ICAM1,ITGAL_ITGB2,0.00427906178565644,0,28,133
6323_Dg,GSE227903,Diagnosis,cellchat,cDC,Pro-Monocyte,ICAM1,ITGAL_ITGB2,0.00214514569281698,0.01,40,35
6323_Dg,GSE227903,Diagnosis,cellchat,Monocyte,Pro-Monocyte,ICAM1,ITGAL_ITGB2,0.0044065918810039,0,28,35
6323_Dg,GSE227903,Diagnosis,cellchat,cDC,cDC,ICAM2,ITGAL_ITGB2,0.014265619563017,0,40,40
6323_Dg,GSE227903,Diagnosis,cellchat,Cycling Progenitor,cDC,ICAM2,ITGAL_ITGB2,0.0114618817599059,0,49,40
6323_Dg,GSE227903,Diagnosis,cellchat,Early GMP,cDC,ICAM2,ITGAL_ITGB2,0.0160265286821794,0,101,40
6323_Dg,GSE227903,Diagnosis,cellchat,Late GMP,cDC,ICAM2,ITGAL_ITGB2,0.0177708469294482,0,61,40
6323_Dg,GSE227903,Diagnosis,cellchat,LMPP,cDC,ICAM2,ITGAL_ITGB2,0.00514154923557323,0.28,50,40
6323_Dg,GSE227903,Diagnosis,cellchat,Monocyte,cDC,ICAM2,ITGAL_ITGB2,0.00129570608741725,0.95,28,40
6323_Dg,GSE227903,Diagnosis,cellchat,pDC,cDC,ICAM2,ITGAL_ITGB2,0.00469479242031007,0.38,133,40
6323_Dg,GSE227903,Diagnosis,cellchat,Pro-Monocyte,cDC,ICAM2,ITGAL_ITGB2,0.00678114289524503,0.06,35,40
6323_Dg,GSE227903,Diagnosis,cellchat,cDC,Cycling Progenitor,ICAM2,ITGAL_ITGB2,0.00443504432687475,0.35,40,49
6323_Dg,GSE227903,Diagnosis,cellchat,Cycling Progenitor,Cycling Progenitor,ICAM2,ITGAL_ITGB2,0.00355641839338604,0.41,49,49
6323_Dg,GSE227903,Diagnosis,cellchat,Early GMP,Cycling Progenitor,ICAM2,ITGAL_ITGB2,0.0049886351992422,0.32,101,49
6323_Dg,GSE227903,Diagnosis,cellchat,Late GMP,Cycling Progenitor,ICAM2,ITGAL_ITGB2,0.00553835733119044,0.33,61,49
6323_Dg,GSE227903,Diagnosis,cellchat,LMPP,Cycling Progenitor,ICAM2,ITGAL_ITGB2,0.00158832724496297,0.95,50,49
6323_Dg,GSE227903,Diagnosis,cellchat,Monocyte,Cycling Progenitor,ICAM2,ITGAL_ITGB2,0.000399203008731114,0.95,28,49
6323_Dg,GSE227903,Diagnosis,cellchat,pDC,Cycling Progenitor,ICAM2,ITGAL_ITGB2,0.00144986519052161,0.95,133,49
6323_Dg,GSE227903,Diagnosis,cellchat,Pro-Monocyte,Cycling Progenitor,ICAM2,ITGAL_ITGB2,0.00209721909220069,0.86,35,49
6323_Dg,GSE227903,Diagnosis,cellchat,cDC,Early GMP,ICAM2,ITGAL_ITGB2,0.00477488823885799,0.32,40,101
6323_Dg,GSE227903,Diagnosis,cellchat,Cycling Progenitor,Early GMP,ICAM2,ITGAL_ITGB2,0.0038291948359295,0.41,49,101
6323_Dg,GSE227903,Diagnosis,cellchat,Early GMP,Early GMP,ICAM2,ITGAL_ITGB2,0.00537067025170736,0.22,101,101
6323_Dg,GSE227903,Diagnosis,cellchat,Late GMP,Early GMP,ICAM2,ITGAL_ITGB2,0.00596223843754333,0.17,61,101
6323_Dg,GSE227903,Diagnosis,cellchat,LMPP,Early GMP,ICAM2,ITGAL_ITGB2,0.00171041067745518,0.98,50,101
6323_Dg,GSE227903,Diagnosis,cellchat,Pro-Monocyte,Early GMP,ICAM2,ITGAL_ITGB2,0.0022583289511891,0.8,35,101
6323_Dg,GSE227903,Diagnosis,cellchat,cDC,Late GMP,ICAM2,ITGAL_ITGB2,0.00539374236231282,0.23,40,61
6323_Dg,GSE227903,Diagnosis,cellchat,Cycling Progenitor,Late GMP,ICAM2,ITGAL_ITGB2,0.00432601420125962,0.38,49,61
6323_Dg,GSE227903,Diagnosis,cellchat,Early GMP,Late GMP,ICAM2,ITGAL_ITGB2,0.00606627062742328,0.09,101,61
6323_Dg,GSE227903,Diagnosis,cellchat,Late GMP,Late GMP,ICAM2,ITGAL_ITGB2,0.00673393901829764,0.07,61,61
6323_Dg,GSE227903,Diagnosis,cellchat,LMPP,Late GMP,ICAM2,ITGAL_ITGB2,0.0019328615155952,0.9,50,61
6323_Dg,GSE227903,Diagnosis,cellchat,Monocyte,Late GMP,ICAM2,ITGAL_ITGB2,0.000485922237429513,0.96,28,61
6323_Dg,GSE227903,Diagnosis,cellchat,pDC,Late GMP,ICAM2,ITGAL_ITGB2,0.00176441784510686,0.95,133,61
6323_Dg,GSE227903,Diagnosis,cellchat,Pro-Monocyte,Late GMP,ICAM2,ITGAL_ITGB2,0.00255185822387693,0.62,35,61
6323_Dg,GSE227903,Diagnosis,cellchat,cDC,LMPP,ICAM2,ITGAL_ITGB2,0.00508801808916977,0.27,40,50
6323_Dg,GSE227903,Diagnosis,cellchat,Cycling Progenitor,LMPP,ICAM2,ITGAL_ITGB2,0.00408056184158294,0.37,49,50
6323_Dg,GSE227903,Diagnosis,cellchat,Early GMP,LMPP,ICAM2,ITGAL_ITGB2,0.00572264591383318,0.17,101,50
6323_Dg,GSE227903,Diagnosis,cellchat,Late GMP,LMPP,ICAM2,ITGAL_ITGB2,0.00635273586703599,0.11,61,50
6323_Dg,GSE227903,Diagnosis,cellchat,LMPP,LMPP,ICAM2,ITGAL_ITGB2,0.00182294489092465,0.88,50,50
6323_Dg,GSE227903,Diagnosis,cellchat,Monocyte,LMPP,ICAM2,ITGAL_ITGB2,0.00045825136994703,0.91,28,50
6323_Dg,GSE227903,Diagnosis,cellchat,pDC,LMPP,ICAM2,ITGAL_ITGB2,0.00166406418712751,0.91,133,50
6323_Dg,GSE227903,Diagnosis,cellchat,Pro-Monocyte,LMPP,ICAM2,ITGAL_ITGB2,0.00240682581077825,0.71,35,50
6323_Dg,GSE227903,Diagnosis,cellchat,cDC,Monocyte,ICAM2,ITGAL_ITGB2,0.00558296768035828,0.23,40,28
6323_Dg,GSE227903,Diagnosis,cellchat,Cycling Progenitor,Monocyte,ICAM2,ITGAL_ITGB2,0.00447794972111565,0.32,49,28
6323_Dg,GSE227903,Diagnosis,cellchat,Early GMP,Monocyte,ICAM2,ITGAL_ITGB2,0.00627894088944436,0.08,101,28
6323_Dg,GSE227903,Diagnosis,cellchat,Late GMP,Monocyte,ICAM2,ITGAL_ITGB2,0.00696985214374199,0.07,61,28
6323_Dg,GSE227903,Diagnosis,cellchat,LMPP,Monocyte,ICAM2,ITGAL_ITGB2,0.00200091515783259,0.82,50,28
6323_Dg,GSE227903,Diagnosis,cellchat,Monocyte,Monocyte,ICAM2,ITGAL_ITGB2,0.000503056630915028,0.95,28,28
6323_Dg,GSE227903,Diagnosis,cellchat,pDC,Monocyte,ICAM2,ITGAL_ITGB2,0.0018265516495748,0.88,133,28
6323_Dg,GSE227903,Diagnosis,cellchat,Pro-Monocyte,Monocyte,ICAM2,ITGAL_ITGB2,0.00264164828401382,0.64,35,28
6323_Dg,GSE227903,Diagnosis,cellchat,cDC,pDC,ICAM2,ITGAL_ITGB2,0.00671915816676714,0.09,40,133
6323_Dg,GSE227903,Diagnosis,cellchat,Cycling Progenitor,pDC,ICAM2,ITGAL_ITGB2,0.00539047688631407,0.24,49,133
6323_Dg,GSE227903,Diagnosis,cellchat,Early GMP,pDC,ICAM2,ITGAL_ITGB2,0.00755569279664932,0,101,133
6323_Dg,GSE227903,Diagnosis,cellchat,Late GMP,pDC,ICAM2,ITGAL_ITGB2,0.00838590750037393,0.01,61,133
6323_Dg,GSE227903,Diagnosis,cellchat,LMPP,pDC,ICAM2,ITGAL_ITGB2,0.0024098882976036,0.75,50,133
6323_Dg,GSE227903,Diagnosis,cellchat,pDC,pDC,ICAM2,ITGAL_ITGB2,0.00219996466218996,0.94,133,133
6323_Dg,GSE227903,Diagnosis,cellchat,Pro-Monocyte,pDC,ICAM2,ITGAL_ITGB2,0.00318116537267283,0.47,35,133
6323_Dg,GSE227903,Diagnosis,cellchat,cDC,Pro-Monocyte,ICAM2,ITGAL_ITGB2,0.0069189058233957,0.08,40,35
6323_Dg,GSE227903,Diagnosis,cellchat,Cycling Progenitor,Pro-Monocyte,ICAM2,ITGAL_ITGB2,0.00555094614328009,0.24,49,35
6323_Dg,GSE227903,Diagnosis,cellchat,Early GMP,Pro-Monocyte,ICAM2,ITGAL_ITGB2,0.00778011423071721,0,101,35
6323_Dg,GSE227903,Diagnosis,cellchat,Late GMP,Pro-Monocyte,ICAM2,ITGAL_ITGB2,0.00863477367003134,0,61,35
6323_Dg,GSE227903,Diagnosis,cellchat,LMPP,Pro-Monocyte,ICAM2,ITGAL_ITGB2,0.00248184973572265,0.65,50,35
6323_Dg,GSE227903,Diagnosis,cellchat,Monocyte,Pro-Monocyte,ICAM2,ITGAL_ITGB2,0.000624195141807168,0.95,28,35
6323_Dg,GSE227903,Diagnosis,cellchat,pDC,Pro-Monocyte,ICAM2,ITGAL_ITGB2,0.00226567182791224,0.83,133,35
6323_Dg,GSE227903,Diagnosis,cellchat,Pro-Monocyte,Pro-Monocyte,ICAM2,ITGAL_ITGB2,0.00327608220607836,0.5,35,35
6323_Dg,GSE227903,Diagnosis,cellchat,cDC,Monocyte,ICAM1,ITGAM_ITGB2,0.00537960377393126,0,40,28
6323_Dg,GSE227903,Diagnosis,cellchat,Monocyte,Monocyte,ICAM1,ITGAM_ITGB2,0.0110132325011314,0,28,28
6323_Dg,GSE227903,Diagnosis,cellchat,cDC,Monocyte,ICAM2,ITGAM_ITGB2,0.0172269913206574,0,40,28
6323_Dg,GSE227903,Diagnosis,cellchat,Cycling Progenitor,Monocyte,ICAM2,ITGAM_ITGB2,0.0138494084511381,0,49,28
6323_Dg,GSE227903,Diagnosis,cellchat,Early GMP,Monocyte,ICAM2,ITGAM_ITGB2,0.0193462698309432,0,101,28
6323_Dg,GSE227903,Diagnosis,cellchat,Late GMP,Monocyte,ICAM2,ITGAM_ITGB2,0.021444032483883,0,61,28
6323_Dg,GSE227903,Diagnosis,cellchat,LMPP,Monocyte,ICAM2,ITGAM_ITGB2,0.00622082633471476,0,50,28
6323_Dg,GSE227903,Diagnosis,cellchat,Monocyte,Monocyte,ICAM2,ITGAM_ITGB2,0.00156896456430359,0,28,28
6323_Dg,GSE227903,Diagnosis,cellchat,pDC,Monocyte,ICAM2,ITGAM_ITGB2,0.00568082503749102,0,133,28
6323_Dg,GSE227903,Diagnosis,cellchat,Pro-Monocyte,Monocyte,ICAM2,ITGAM_ITGB2,0.00820175432252246,0,35,28
6323_Dg,GSE227903,Diagnosis,cellchat,cDC,cDC,ICAM1,ITGAL,0.00185840427102922,0,40,40
6323_Dg,GSE227903,Diagnosis,cellchat,Monocyte,cDC,ICAM1,ITGAL,0.00381871999333854,0,28,40
6323_Dg,GSE227903,Diagnosis,cellchat,cDC,Cycling Progenitor,ICAM1,ITGAL,0.000372664883452033,0.11,40,49
6323_Dg,GSE227903,Diagnosis,cellchat,Monocyte,Cycling Progenitor,ICAM1,ITGAL,0.000766970264462688,0,28,49
6323_Dg,GSE227903,Diagnosis,cellchat,cDC,Early GMP,ICAM1,ITGAL,0.000410568700858232,0.1,40,101
6323_Dg,GSE227903,Diagnosis,cellchat,Monocyte,Early GMP,ICAM1,ITGAL,0.000844945059418861,0,28,101
6323_Dg,GSE227903,Diagnosis,cellchat,cDC,Late GMP,ICAM1,ITGAL,0.000441216024409633,0.06,40,61
6323_Dg,GSE227903,Diagnosis,cellchat,Monocyte,Late GMP,ICAM1,ITGAL,0.0009079874005488,0,28,61
6323_Dg,GSE227903,Diagnosis,cellchat,cDC,LMPP,ICAM1,ITGAL,0.000581469766969718,0.01,40,50
6323_Dg,GSE227903,Diagnosis,cellchat,Monocyte,LMPP,ICAM1,ITGAL,0.00119644081746285,0,28,50
6323_Dg,GSE227903,Diagnosis,cellchat,cDC,Monocyte,ICAM1,ITGAL,0.000231699904678828,0.11,40,28
6323_Dg,GSE227903,Diagnosis,cellchat,Monocyte,Monocyte,ICAM1,ITGAL,0.000476925688525947,0.11,28,28
6323_Dg,GSE227903,Diagnosis,cellchat,cDC,pDC,ICAM1,ITGAL,0.000657712927409613,0.01,40,133
6323_Dg,GSE227903,Diagnosis,cellchat,Monocyte,pDC,ICAM1,ITGAL,0.00135321069445535,0,28,133
6323_Dg,GSE227903,Diagnosis,cellchat,cDC,Pro-Monocyte,ICAM1,ITGAL,0.000508532929562893,0.01,40,35
6323_Dg,GSE227903,Diagnosis,cellchat,Monocyte,Pro-Monocyte,ICAM1,ITGAL,0.00104644566776372,0,28,35
6323_Dg,GSE227903,Diagnosis,cellchat,cDC,cDC,ICAM1,SPN,0.00475078420622572,0.07,40,40
6323_Dg,GSE227903,Diagnosis,cellchat,Monocyte,cDC,ICAM1,SPN,0.00973234403158448,0,28,40
6323_Dg,GSE227903,Diagnosis,cellchat,cDC,Cycling Progenitor,ICAM1,SPN,0.00584773580178941,0.02,40,49
6323_Dg,GSE227903,Diagnosis,cellchat,Monocyte,Cycling Progenitor,ICAM1,SPN,0.0119657039955184,0,28,49
6323_Dg,GSE227903,Diagnosis,cellchat,cDC,Early GMP,ICAM1,SPN,0.00594903556372406,0,40,101
6323_Dg,GSE227903,Diagnosis,cellchat,Monocyte,Early GMP,ICAM1,SPN,0.0121716871739965,0,28,101
6323_Dg,GSE227903,Diagnosis,cellchat,cDC,Late GMP,ICAM1,SPN,0.00549135551624451,0.02,40,61
6323_Dg,GSE227903,Diagnosis,cellchat,Monocyte,Late GMP,ICAM1,SPN,0.0112406903063527,0,28,61
6323_Dg,GSE227903,Diagnosis,cellchat,cDC,LMPP,ICAM1,SPN,0.00548591383184817,0.02,40,50
6323_Dg,GSE227903,Diagnosis,cellchat,Monocyte,LMPP,ICAM1,SPN,0.0112296156238919,0,28,50
6323_Dg,GSE227903,Diagnosis,cellchat,cDC,Monocyte,ICAM1,SPN,0.00173663587171659,0.14,40,28
6323_Dg,GSE227903,Diagnosis,cellchat,Monocyte,Monocyte,ICAM1,SPN,0.00356896491363892,0.2,28,28
6323_Dg,GSE227903,Diagnosis,cellchat,cDC,pDC,ICAM1,SPN,0.00394633897898805,0.11,40,133
6323_Dg,GSE227903,Diagnosis,cellchat,Monocyte,pDC,ICAM1,SPN,0.00809123430285707,0,28,133
6323_Dg,GSE227903,Diagnosis,cellchat,cDC,Pro-Monocyte,ICAM1,SPN,0.0062633171256184,0.02,40,35
6323_Dg,GSE227903,Diagnosis,cellchat,Monocyte,Pro-Monocyte,ICAM1,SPN,0.012810468687607,0,28,35
6323_Dg,GSE227903,Diagnosis,cellchat,cDC,cDC,HLA-F,LILRB1,0.00116087325936007,0,40,40
6323_Dg,GSE227903,Diagnosis,cellchat,Cycling Progenitor,cDC,HLA-F,LILRB1,0.00206877268287909,0,49,40
6323_Dg,GSE227903,Diagnosis,cellchat,Early GMP,cDC,HLA-F,LILRB1,0.000667107777157852,0,101,40
6323_Dg,GSE227903,Diagnosis,cellchat,Late GMP,cDC,HLA-F,LILRB1,0.000763341862415556,0,61,40
6323_Dg,GSE227903,Diagnosis,cellchat,LMPP,cDC,HLA-F,LILRB1,0.000798213603962661,0,50,40
6323_Dg,GSE227903,Diagnosis,cellchat,Monocyte,cDC,HLA-F,LILRB1,0.00192232107545886,0,28,40
6323_Dg,GSE227903,Diagnosis,cellchat,pDC,cDC,HLA-F,LILRB1,0.00103701256317524,0,133,40
6323_Dg,GSE227903,Diagnosis,cellchat,cDC,cDC,MPZL1,MPZL1,0.00588548210226452,0.11,40,40
6323_Dg,GSE227903,Diagnosis,cellchat,Cycling Progenitor,cDC,MPZL1,MPZL1,0.00539818577741539,0.04,49,40
6323_Dg,GSE227903,Diagnosis,cellchat,Early GMP,cDC,MPZL1,MPZL1,0.00190959327513582,0.53,101,40
6323_Dg,GSE227903,Diagnosis,cellchat,Late GMP,cDC,MPZL1,MPZL1,0.00201059627506349,0.32,61,40
6323_Dg,GSE227903,Diagnosis,cellchat,LMPP,cDC,MPZL1,MPZL1,0.00618525606208086,0,50,40
6323_Dg,GSE227903,Diagnosis,cellchat,pDC,cDC,MPZL1,MPZL1,0.00642778854268587,0,133,40
6323_Dg,GSE227903,Diagnosis,cellchat,Pro-Monocyte,cDC,MPZL1,MPZL1,0.00171235701901552,0.58,35,40
6323_Dg,GSE227903,Diagnosis,cellchat,cDC,Cycling Progenitor,MPZL1,MPZL1,0.00539818577741539,0.04,40,49
6323_Dg,GSE227903,Diagnosis,cellchat,Cycling Progenitor,Cycling Progenitor,MPZL1,MPZL1,0.00495103486162804,0.18,49,49
6323_Dg,GSE227903,Diagnosis,cellchat,Early GMP,Cycling Progenitor,MPZL1,MPZL1,0.00175090616663692,0.58,101,49
6323_Dg,GSE227903,Diagnosis,cellchat,Late GMP,Cycling Progenitor,MPZL1,MPZL1,0.0018435313251696,0.41,61,49
6323_Dg,GSE227903,Diagnosis,cellchat,LMPP,Cycling Progenitor,MPZL1,MPZL1,0.00567328119873395,0,50,49
6323_Dg,GSE227903,Diagnosis,cellchat,pDC,Cycling Progenitor,MPZL1,MPZL1,0.00589585753132456,0,133,49
6323_Dg,GSE227903,Diagnosis,cellchat,Pro-Monocyte,Cycling Progenitor,MPZL1,MPZL1,0.00157003445122258,0.56,35,49
6323_Dg,GSE227903,Diagnosis,cellchat,cDC,Early GMP,MPZL1,MPZL1,0.00190959327513582,0.53,40,101
6323_Dg,GSE227903,Diagnosis,cellchat,Cycling Progenitor,Early GMP,MPZL1,MPZL1,0.00175090616663692,0.58,49,101
6323_Dg,GSE227903,Diagnosis,cellchat,Early GMP,Early GMP,MPZL1,MPZL1,0.000617913841732946,0.99,101,101
6323_Dg,GSE227903,Diagnosis,cellchat,Late GMP,Early GMP,MPZL1,MPZL1,0.000650641333956361,0.99,61,101
6323_Dg,GSE227903,Diagnosis,cellchat,LMPP,Early GMP,MPZL1,MPZL1,0.00200726630987808,0.4,50,101
6323_Dg,GSE227903,Diagnosis,cellchat,pDC,Early GMP,MPZL1,MPZL1,0.00208631792748281,0.23,133,101
6323_Dg,GSE227903,Diagnosis,cellchat,Pro-Monocyte,Early GMP,MPZL1,MPZL1,0.000554017288912463,0.99,35,101
6323_Dg,GSE227903,Diagnosis,cellchat,cDC,Late GMP,MPZL1,MPZL1,0.00201059627506349,0.32,40,61
6323_Dg,GSE227903,Diagnosis,cellchat,Cycling Progenitor,Late GMP,MPZL1,MPZL1,0.0018435313251696,0.41,49,61
6323_Dg,GSE227903,Diagnosis,cellchat,Early GMP,Late GMP,MPZL1,MPZL1,0.000650641333956361,0.99,101,61
6323_Dg,GSE227903,Diagnosis,cellchat,Late GMP,Late GMP,MPZL1,MPZL1,0.000685101032868199,0.87,61,61
6323_Dg,GSE227903,Diagnosis,cellchat,LMPP,Late GMP,MPZL1,MPZL1,0.00211342453330612,0.29,50,61
6323_Dg,GSE227903,Diagnosis,cellchat,pDC,Late GMP,MPZL1,MPZL1,0.00219664774884163,0.1,133,61
6323_Dg,GSE227903,Diagnosis,cellchat,Pro-Monocyte,Late GMP,MPZL1,MPZL1,0.000583362508191587,0.97,35,61
6323_Dg,GSE227903,Diagnosis,cellchat,cDC,LMPP,MPZL1,MPZL1,0.00618525606208086,0,40,50
6323_Dg,GSE227903,Diagnosis,cellchat,Cycling Progenitor,LMPP,MPZL1,MPZL1,0.00567328119873395,0,49,50
6323_Dg,GSE227903,Diagnosis,cellchat,Early GMP,LMPP,MPZL1,MPZL1,0.00200726630987808,0.4,101,50
6323_Dg,GSE227903,Diagnosis,cellchat,Late GMP,LMPP,MPZL1,MPZL1,0.00211342453330612,0.29,61,50
6323_Dg,GSE227903,Diagnosis,cellchat,LMPP,LMPP,MPZL1,MPZL1,0.0065001990140874,0.05,50,50
6323_Dg,GSE227903,Diagnosis,cellchat,pDC,LMPP,MPZL1,MPZL1,0.00675499690624095,0,133,50
6323_Dg,GSE227903,Diagnosis,cellchat,Pro-Monocyte,LMPP,MPZL1,MPZL1,0.0017999598875177,0.44,35,50
6323_Dg,GSE227903,Diagnosis,cellchat,cDC,pDC,MPZL1,MPZL1,0.00642778854268587,0,40,133
6323_Dg,GSE227903,Diagnosis,cellchat,Cycling Progenitor,pDC,MPZL1,MPZL1,0.00589585753132456,0,49,133
6323_Dg,GSE227903,Diagnosis,cellchat,Early GMP,pDC,MPZL1,MPZL1,0.00208631792748281,0.23,101,133
6323_Dg,GSE227903,Diagnosis,cellchat,Late GMP,pDC,MPZL1,MPZL1,0.00219664774884163,0.1,61,133
6323_Dg,GSE227903,Diagnosis,cellchat,LMPP,pDC,MPZL1,MPZL1,0.00675499690624095,0,50,133
6323_Dg,GSE227903,Diagnosis,cellchat,pDC,pDC,MPZL1,MPZL1,0.00701971191792706,0,133,133
6323_Dg,GSE227903,Diagnosis,cellchat,Pro-Monocyte,pDC,MPZL1,MPZL1,0.00187086251823492,0.43,35,133
6323_Dg,GSE227903,Diagnosis,cellchat,cDC,Pro-Monocyte,MPZL1,MPZL1,0.00171235701901552,0.58,40,35
6323_Dg,GSE227903,Diagnosis,cellchat,Cycling Progenitor,Pro-Monocyte,MPZL1,MPZL1,0.00157003445122258,0.56,49,35
6323_Dg,GSE227903,Diagnosis,cellchat,Early GMP,Pro-Monocyte,MPZL1,MPZL1,0.000554017288912463,0.99,101,35
6323_Dg,GSE227903,Diagnosis,cellchat,Late GMP,Pro-Monocyte,MPZL1,MPZL1,0.000583362508191587,0.97,61,35
6323_Dg,GSE227903,Diagnosis,cellchat,LMPP,Pro-Monocyte,MPZL1,MPZL1,0.0017999598875177,0.44,50,35
6323_Dg,GSE227903,Diagnosis,cellchat,pDC,Pro-Monocyte,MPZL1,MPZL1,0.00187086251823492,0.43,133,35
6323_Dg,GSE227903,Diagnosis,cellchat,Pro-Monocyte,Pro-Monocyte,MPZL1,MPZL1,0.000496724796269941,0.86,35,35
6323_Dg,GSE227903,Diagnosis,cellchat,pDC,pDC,NEGR1,NEGR1,0.000468474040904592,0,133,133
6323_Dg,GSE227903,Diagnosis,cellchat,cDC,cDC,PECAM1,PECAM1,0.00250421787853148,0.59,40,40
6323_Dg,GSE227903,Diagnosis,cellchat,Cycling Progenitor,cDC,PECAM1,PECAM1,0.00416416030573653,0.19,49,40
6323_Dg,GSE227903,Diagnosis,cellchat,Early GMP,cDC,PECAM1,PECAM1,0.00401440662831878,0.18,101,40
6323_Dg,GSE227903,Diagnosis,cellchat,Late GMP,cDC,PECAM1,PECAM1,0.00131850544405612,0.82,61,40
6323_Dg,GSE227903,Diagnosis,cellchat,LMPP,cDC,PECAM1,PECAM1,0.00438032942106508,0.2,50,40
6323_Dg,GSE227903,Diagnosis,cellchat,Monocyte,cDC,PECAM1,PECAM1,0.00238365927229462,0.53,28,40
6323_Dg,GSE227903,Diagnosis,cellchat,pDC,cDC,PECAM1,PECAM1,0.00168666751099173,0.75,133,40
6323_Dg,GSE227903,Diagnosis,cellchat,Pro-Monocyte,cDC,PECAM1,PECAM1,0.00394919546753824,0.27,35,40
6323_Dg,GSE227903,Diagnosis,cellchat,cDC,Cycling Progenitor,PECAM1,PECAM1,0.00416416030573653,0.19,40,49
6323_Dg,GSE227903,Diagnosis,cellchat,Cycling Progenitor,Cycling Progenitor,PECAM1,PECAM1,0.00691678020363128,0.06,49,49
6323_Dg,GSE227903,Diagnosis,cellchat,Early GMP,Cycling Progenitor,PECAM1,PECAM1,0.00666869829431319,0,101,49
6323_Dg,GSE227903,Diagnosis,cellchat,Late GMP,Cycling Progenitor,PECAM1,PECAM1,0.00219421704947279,0.47,61,49
6323_Dg,GSE227903,Diagnosis,cellchat,LMPP,Cycling Progenitor,PECAM1,PECAM1,0.00727479894289816,0,50,49
6323_Dg,GSE227903,Diagnosis,cellchat,Monocyte,Cycling Progenitor,PECAM1,PECAM1,0.00396400595929059,0.17,28,49
6323_Dg,GSE227903,Diagnosis,cellchat,pDC,Cycling Progenitor,PECAM1,PECAM1,0.00280621418555061,0.19,133,49
6323_Dg,GSE227903,Diagnosis,cellchat,Pro-Monocyte,Cycling Progenitor,PECAM1,PECAM1,0.00656065408259611,0.03,35,49
6323_Dg,GSE227903,Diagnosis,cellchat,cDC,Early GMP,PECAM1,PECAM1,0.00401440662831878,0.18,40,101
6323_Dg,GSE227903,Diagnosis,cellchat,Cycling Progenitor,Early GMP,PECAM1,PECAM1,0.00666869829431319,0,49,101
6323_Dg,GSE227903,Diagnosis,cellchat,Early GMP,Early GMP,PECAM1,PECAM1,0.00642945665132617,0.05,101,101
6323_Dg,GSE227903,Diagnosis,cellchat,Late GMP,Early GMP,PECAM1,PECAM1,0.00211515701292071,0.7,61,101
6323_Dg,GSE227903,Diagnosis,cellchat,LMPP,Early GMP,PECAM1,PECAM1,0.00701396678497137,0,50,101
6323_Dg,GSE227903,Diagnosis,cellchat,Monocyte,Early GMP,PECAM1,PECAM1,0.00382142271372974,0.18,28,101
6323_Dg,GSE227903,Diagnosis,cellchat,pDC,Early GMP,PECAM1,PECAM1,0.00270516300635893,0.19,133,101
6323_Dg,GSE227903,Diagnosis,cellchat,Pro-Monocyte,Early GMP,PECAM1,PECAM1,0.00632526387751411,0.06,35,101
6323_Dg,GSE227903,Diagnosis,cellchat,cDC,Late GMP,PECAM1,PECAM1,0.00131850544405612,0.82,40,61
6323_Dg,GSE227903,Diagnosis,cellchat,Cycling Progenitor,Late GMP,PECAM1,PECAM1,0.00219421704947279,0.47,49,61
6323_Dg,GSE227903,Diagnosis,cellchat,Early GMP,Late GMP,PECAM1,PECAM1,0.00211515701292071,0.7,101,61
6323_Dg,GSE227903,Diagnosis,cellchat,Late GMP,Late GMP,PECAM1,PECAM1,0.000693820900936957,0.96,61,61
6323_Dg,GSE227903,Diagnosis,cellchat,LMPP,Late GMP,PECAM1,PECAM1,0.00230835988452641,0.42,50,61
6323_Dg,GSE227903,Diagnosis,cellchat,Monocyte,Late GMP,PECAM1,PECAM1,0.00125495784945756,0.74,28,61
6323_Dg,GSE227903,Diagnosis,cellchat,pDC,Late GMP,PECAM1,PECAM1,0.000887709343062591,0.97,133,61
6323_Dg,GSE227903,Diagnosis,cellchat,Pro-Monocyte,Late GMP,PECAM1,PECAM1,0.00208073334858134,0.6,35,61
6323_Dg,GSE227903,Diagnosis,cellchat,cDC,LMPP,PECAM1,PECAM1,0.00438032942106508,0.2,40,50
6323_Dg,GSE227903,Diagnosis,cellchat,Cycling Progenitor,LMPP,PECAM1,PECAM1,0.00727479894289816,0,49,50
6323_Dg,GSE227903,Diagnosis,cellchat,Early GMP,LMPP,PECAM1,PECAM1,0.00701396678497137,0,101,50
6323_Dg,GSE227903,Diagnosis,cellchat,Late GMP,LMPP,PECAM1,PECAM1,0.00230835988452641,0.42,61,50
6323_Dg,GSE227903,Diagnosis,cellchat,LMPP,LMPP,PECAM1,PECAM1,0.00765120627793429,0.02,50,50
6323_Dg,GSE227903,Diagnosis,cellchat,Monocyte,LMPP,PECAM1,PECAM1,0.00416982820666251,0.21,28,50
6323_Dg,GSE227903,Diagnosis,cellchat,pDC,LMPP,PECAM1,PECAM1,0.00295209882826401,0.21,133,50
6323_Dg,GSE227903,Diagnosis,cellchat,Pro-Monocyte,LMPP,PECAM1,PECAM1,0.00690036749803304,0.02,35,50
6323_Dg,GSE227903,Diagnosis,cellchat,cDC,Monocyte,PECAM1,PECAM1,0.00238365927229462,0.53,40,28
6323_Dg,GSE227903,Diagnosis,cellchat,Cycling Progenitor,Monocyte,PECAM1,PECAM1,0.00396400595929059,0.17,49,28
6323_Dg,GSE227903,Diagnosis,cellchat,Early GMP,Monocyte,PECAM1,PECAM1,0.00382142271372974,0.18,101,28
6323_Dg,GSE227903,Diagnosis,cellchat,Late GMP,Monocyte,PECAM1,PECAM1,0.00125495784945756,0.74,61,28
6323_Dg,GSE227903,Diagnosis,cellchat,LMPP,Monocyte,PECAM1,PECAM1,0.00416982820666251,0.21,50,28
6323_Dg,GSE227903,Diagnosis,cellchat,Monocyte,Monocyte,PECAM1,PECAM1,0.00226889142330329,0.51,28,28
6323_Dg,GSE227903,Diagnosis,cellchat,pDC,Monocyte,PECAM1,PECAM1,0.00160540424858569,0.69,133,28
6323_Dg,GSE227903,Diagnosis,cellchat,Pro-Monocyte,Monocyte,PECAM1,PECAM1,0.00375933460585296,0.23,35,28
6323_Dg,GSE227903,Diagnosis,cellchat,cDC,pDC,PECAM1,PECAM1,0.00168666751099173,0.75,40,133
6323_Dg,GSE227903,Diagnosis,cellchat,Cycling Progenitor,pDC,PECAM1,PECAM1,0.00280621418555061,0.19,49,133
6323_Dg,GSE227903,Diagnosis,cellchat,Early GMP,pDC,PECAM1,PECAM1,0.00270516300635893,0.19,101,133
6323_Dg,GSE227903,Diagnosis,cellchat,Late GMP,pDC,PECAM1,PECAM1,0.000887709343062591,0.97,61,133
6323_Dg,GSE227903,Diagnosis,cellchat,LMPP,pDC,PECAM1,PECAM1,0.00295209882826401,0.21,50,133
6323_Dg,GSE227903,Diagnosis,cellchat,Monocyte,pDC,PECAM1,PECAM1,0.00160540424858569,0.69,28,133
6323_Dg,GSE227903,Diagnosis,cellchat,pDC,pDC,PECAM1,PECAM1,0.00113571838539468,0.67,133,133
6323_Dg,GSE227903,Diagnosis,cellchat,Pro-Monocyte,pDC,PECAM1,PECAM1,0.00266116274561292,0.36,35,133
6323_Dg,GSE227903,Diagnosis,cellchat,cDC,Pro-Monocyte,PECAM1,PECAM1,0.00394919546753824,0.27,40,35
6323_Dg,GSE227903,Diagnosis,cellchat,Cycling Progenitor,Pro-Monocyte,PECAM1,PECAM1,0.00656065408259611,0.03,49,35
6323_Dg,GSE227903,Diagnosis,cellchat,Early GMP,Pro-Monocyte,PECAM1,PECAM1,0.00632526387751411,0.06,101,35
6323_Dg,GSE227903,Diagnosis,cellchat,Late GMP,Pro-Monocyte,PECAM1,PECAM1,0.00208073334858134,0.6,61,35
6323_Dg,GSE227903,Diagnosis,cellchat,LMPP,Pro-Monocyte,PECAM1,PECAM1,0.00690036749803304,0.02,50,35
6323_Dg,GSE227903,Diagnosis,cellchat,Monocyte,Pro-Monocyte,PECAM1,PECAM1,0.00375933460585296,0.23,28,35
6323_Dg,GSE227903,Diagnosis,cellchat,pDC,Pro-Monocyte,PECAM1,PECAM1,0.00266116274561292,0.36,133,35
6323_Dg,GSE227903,Diagnosis,cellchat,Pro-Monocyte,Pro-Monocyte,PECAM1,PECAM1,0.00622274902806629,0.18,35,35
6323_Dg,GSE227903,Diagnosis,cellchat,cDC,Cycling Progenitor,SELL,CD34,0.0757733236665476,0,40,49
6323_Dg,GSE227903,Diagnosis,cellchat,Cycling Progenitor,Cycling Progenitor,SELL,CD34,0.0668161111154565,0,49,49
6323_Dg,GSE227903,Diagnosis,cellchat,Early GMP,Cycling Progenitor,SELL,CD34,0.0667146836744772,0,101,49
6323_Dg,GSE227903,Diagnosis,cellchat,Late GMP,Cycling Progenitor,SELL,CD34,0.0532749078185999,0,61,49
6323_Dg,GSE227903,Diagnosis,cellchat,LMPP,Cycling Progenitor,SELL,CD34,0.0682248026723286,0,50,49
6323_Dg,GSE227903,Diagnosis,cellchat,Monocyte,Cycling Progenitor,SELL,CD34,0.0577636334231695,0,28,49
6323_Dg,GSE227903,Diagnosis,cellchat,pDC,Cycling Progenitor,SELL,CD34,0.0689933843029205,0,133,49
6323_Dg,GSE227903,Diagnosis,cellchat,Pro-Monocyte,Cycling Progenitor,SELL,CD34,0.0490597415039665,0,35,49
6323_Dg,GSE227903,Diagnosis,cellchat,cDC,Early GMP,SELL,CD34,0.0591392499432127,0,40,101
6323_Dg,GSE227903,Diagnosis,cellchat,Cycling Progenitor,Early GMP,SELL,CD34,0.0520376498663326,0,49,101
6323_Dg,GSE227903,Diagnosis,cellchat,Early GMP,Early GMP,SELL,CD34,0.0519574071975352,0,101,101
6323_Dg,GSE227903,Diagnosis,cellchat,Late GMP,Early GMP,SELL,CD34,0.0413587637133558,0,61,101
6323_Dg,GSE227903,Diagnosis,cellchat,LMPP,Early GMP,SELL,CD34,0.0531525122869896,0,50,101
6323_Dg,GSE227903,Diagnosis,cellchat,Monocyte,Early GMP,SELL,CD34,0.0448910909753926,0,28,101
6323_Dg,GSE227903,Diagnosis,cellchat,pDC,Early GMP,SELL,CD34,0.0537610949020298,0,133,101
6323_Dg,GSE227903,Diagnosis,cellchat,Pro-Monocyte,Early GMP,SELL,CD34,0.0380485236688789,0,35,101
6323_Dg,GSE227903,Diagnosis,cellchat,cDC,LMPP,SELL,CD34,0.0552675520903748,0,40,50
6323_Dg,GSE227903,Diagnosis,cellchat,Cycling Progenitor,LMPP,SELL,CD34,0.0486068569458209,0,49,50
6323_Dg,GSE227903,Diagnosis,cellchat,Early GMP,LMPP,SELL,CD34,0.0485316337580984,0,101,50
6323_Dg,GSE227903,Diagnosis,cellchat,Late GMP,LMPP,SELL,CD34,0.0386033490392077,0,61,50
6323_Dg,GSE227903,Diagnosis,cellchat,LMPP,LMPP,SELL,CD34,0.0496520673988875,0,50,50
6323_Dg,GSE227903,Diagnosis,cellchat,Monocyte,LMPP,SELL,CD34,0.0419106330596516,0,28,50
6323_Dg,GSE227903,Diagnosis,cellchat,pDC,LMPP,SELL,CD34,0.0502226967001235,0,133,50
6323_Dg,GSE227903,Diagnosis,cellchat,Pro-Monocyte,LMPP,SELL,CD34,0.0355054766513457,0,35,50
6323_Dg,GSE227903,Diagnosis,cellchat,cDC,cDC,SELPLG,SELL,0.0321541312618026,0,40,40
6323_Dg,GSE227903,Diagnosis,cellchat,Cycling Progenitor,cDC,SELPLG,SELL,0.00771143669161803,0.84,49,40
6323_Dg,GSE227903,Diagnosis,cellchat,Early GMP,cDC,SELPLG,SELL,0.00933314026806883,0.54,101,40
6323_Dg,GSE227903,Diagnosis,cellchat,Late GMP,cDC,SELPLG,SELL,0.0268689565131195,0,61,40
6323_Dg,GSE227903,Diagnosis,cellchat,LMPP,cDC,SELPLG,SELL,0.00968239755920873,0.43,50,40
6323_Dg,GSE227903,Diagnosis,cellchat,Monocyte,cDC,SELPLG,SELL,0.027428039569883,0.07,28,40
6323_Dg,GSE227903,Diagnosis,cellchat,pDC,cDC,SELPLG,SELL,0.0105142830204452,0.17,133,40
6323_Dg,GSE227903,Diagnosis,cellchat,Pro-Monocyte,cDC,SELPLG,SELL,0.033096869704143,0,35,40
6323_Dg,GSE227903,Diagnosis,cellchat,cDC,Cycling Progenitor,SELPLG,SELL,0.02819586656666,0.01,40,49
6323_Dg,GSE227903,Diagnosis,cellchat,Cycling Progenitor,Cycling Progenitor,SELPLG,SELL,0.00674117912429888,0.9,49,49
6323_Dg,GSE227903,Diagnosis,cellchat,Early GMP,Cycling Progenitor,SELPLG,SELL,0.00816051703110637,0.83,101,49
6323_Dg,GSE227903,Diagnosis,cellchat,Late GMP,Cycling Progenitor,SELPLG,SELL,0.0235454837084375,0.01,61,49
6323_Dg,GSE227903,Diagnosis,cellchat,LMPP,Cycling Progenitor,SELPLG,SELL,0.00846626836380582,0.7,50,49
6323_Dg,GSE227903,Diagnosis,cellchat,Monocyte,Cycling Progenitor,SELPLG,SELL,0.0240371208696931,0.09,28,49
6323_Dg,GSE227903,Diagnosis,cellchat,pDC,Cycling Progenitor,SELPLG,SELL,0.00919463739624613,0.56,133,49
6323_Dg,GSE227903,Diagnosis,cellchat,Pro-Monocyte,Cycling Progenitor,SELPLG,SELL,0.0290260317274321,0.01,35,49
6323_Dg,GSE227903,Diagnosis,cellchat,cDC,Early GMP,SELPLG,SELL,0.028151296431942,0,40,101
6323_Dg,GSE227903,Diagnosis,cellchat,Cycling Progenitor,Early GMP,SELPLG,SELL,0.00673028824612015,0.94,49,101
6323_Dg,GSE227903,Diagnosis,cellchat,Early GMP,Early GMP,SELPLG,SELL,0.00814735191562078,0.91,101,101
6323_Dg,GSE227903,Diagnosis,cellchat,Late GMP,Early GMP,SELPLG,SELL,0.0235080867649246,0.02,61,101
6323_Dg,GSE227903,Diagnosis,cellchat,LMPP,Early GMP,SELPLG,SELL,0.00845261419257121,0.7,50,101
6323_Dg,GSE227903,Diagnosis,cellchat,Monocyte,Early GMP,SELPLG,SELL,0.0239989622578572,0.1,28,101
6323_Dg,GSE227903,Diagnosis,cellchat,pDC,Early GMP,SELPLG,SELL,0.00917981940646717,0.61,133,101
6323_Dg,GSE227903,Diagnosis,cellchat,Pro-Monocyte,Early GMP,SELPLG,SELL,0.0289801884565181,0,35,101
6323_Dg,GSE227903,Diagnosis,cellchat,cDC,Late GMP,SELPLG,SELL,0.0222945944853667,0.12,40,61
6323_Dg,GSE227903,Diagnosis,cellchat,Cycling Progenitor,Late GMP,SELPLG,SELL,0.00530576358237282,0.98,49,61
6323_Dg,GSE227903,Diagnosis,cellchat,Early GMP,Late GMP,SELPLG,SELL,0.00642483335398322,0.99,101,61
6323_Dg,GSE227903,Diagnosis,cellchat,Late GMP,Late GMP,SELPLG,SELL,0.018598888896304,0.1,61,61
6323_Dg,GSE227903,Diagnosis,cellchat,LMPP,Late GMP,SELPLG,SELL,0.00666599062590923,0.97,50,61
6323_Dg,GSE227903,Diagnosis,cellchat,Monocyte,Late GMP,SELPLG,SELL,0.0189892482167806,0.13,28,61
6323_Dg,GSE227903,Diagnosis,cellchat,pDC,Late GMP,SELPLG,SELL,0.00724060938006769,0.99,133,61
6323_Dg,GSE227903,Diagnosis,cellchat,Pro-Monocyte,Late GMP,SELPLG,SELL,0.0229551138639006,0.11,35,61
6323_Dg,GSE227903,Diagnosis,cellchat,cDC,LMPP,SELPLG,SELL,0.0288154656625157,0.01,40,50
6323_Dg,GSE227903,Diagnosis,cellchat,Cycling Progenitor,LMPP,SELPLG,SELL,0.00689265924068828,0.9,49,50
6323_Dg,GSE227903,Diagnosis,cellchat,Early GMP,LMPP,SELPLG,SELL,0.00834362298047768,0.81,101,50
6323_Dg,GSE227903,Diagnosis,cellchat,Late GMP,LMPP,SELPLG,SELL,0.0240654221082485,0.01,61,50
6323_Dg,GSE227903,Diagnosis,cellchat,LMPP,LMPP,SELPLG,SELL,0.00865617489769948,0.62,50,50
6323_Dg,GSE227903,Diagnosis,cellchat,Monocyte,LMPP,SELPLG,SELL,0.0245676425985349,0.08,28,50
6323_Dg,GSE227903,Diagnosis,cellchat,pDC,LMPP,SELPLG,SELL,0.00940072704669218,0.49,133,50
6323_Dg,GSE227903,Diagnosis,cellchat,Pro-Monocyte,LMPP,SELPLG,SELL,0.0296633167128837,0.02,35,50
6323_Dg,GSE227903,Diagnosis,cellchat,cDC,Monocyte,SELPLG,SELL,0.0242398790048544,0.05,40,28
6323_Dg,GSE227903,Diagnosis,cellchat,Cycling Progenitor,Monocyte,SELPLG,SELL,0.00577747021565643,0.96,49,28
6323_Dg,GSE227903,Diagnosis,cellchat,Early GMP,Monocyte,SELPLG,SELL,0.00699533072412866,0.98,101,28
6323_Dg,GSE227903,Diagnosis,cellchat,Late GMP,Monocyte,SELPLG,SELL,0.0202283813130482,0.06,61,28
6323_Dg,GSE227903,Diagnosis,cellchat,LMPP,Monocyte,SELPLG,SELL,0.00725774529682642,0.88,50,28
6323_Dg,GSE227903,Diagnosis,cellchat,Monocyte,Monocyte,SELPLG,SELL,0.0206522212343425,0.14,28,28
6323_Dg,GSE227903,Diagnosis,cellchat,pDC,Monocyte,SELPLG,SELL,0.00788296941340379,0.98,133,28
6323_Dg,GSE227903,Diagnosis,cellchat,Pro-Monocyte,Monocyte,SELPLG,SELL,0.0249565599911196,0.09,35,28
6323_Dg,GSE227903,Diagnosis,cellchat,cDC,pDC,SELPLG,SELL,0.0291539752270171,0.01,40,133
6323_Dg,GSE227903,Diagnosis,cellchat,Cycling Progenitor,pDC,SELPLG,SELL,0.00697548048014701,0.89,49,133
6323_Dg,GSE227903,Diagnosis,cellchat,Early GMP,pDC,SELPLG,SELL,0.00844373056479097,0.78,101,133
6323_Dg,GSE227903,Diagnosis,cellchat,Late GMP,pDC,SELPLG,SELL,0.0243495296006979,0.03,61,133
6323_Dg,GSE227903,Diagnosis,cellchat,LMPP,pDC,SELPLG,SELL,0.00875999938308938,0.6,50,133
6323_Dg,GSE227903,Diagnosis,cellchat,Monocyte,pDC,SELPLG,SELL,0.0248575281054857,0.09,28,133
6323_Dg,GSE227903,Diagnosis,cellchat,pDC,pDC,SELPLG,SELL,0.00951339619055487,0.38,133,133
6323_Dg,GSE227903,Diagnosis,cellchat,Pro-Monocyte,pDC,SELPLG,SELL,0.0300114786169557,0.01,35,133
6323_Dg,GSE227903,Diagnosis,cellchat,cDC,Pro-Monocyte,SELPLG,SELL,0.0204776037121854,0.11,40,35
6323_Dg,GSE227903,Diagnosis,cellchat,Cycling Progenitor,Pro-Monocyte,SELPLG,SELL,0.00486645667278835,0.99,49,35
6323_Dg,GSE227903,Diagnosis,cellchat,Early GMP,Pro-Monocyte,SELPLG,SELL,0.00589341862098132,0.99,101,35
6323_Dg,GSE227903,Diagnosis,cellchat,Late GMP,Pro-Monocyte,SELPLG,SELL,0.0170778339479894,0.1,61,35
6323_Dg,GSE227903,Diagnosis,cellchat,LMPP,Pro-Monocyte,SELPLG,SELL,0.00611475190373183,0.98,50,35
6323_Dg,GSE227903,Diagnosis,cellchat,Monocyte,Pro-Monocyte,SELPLG,SELL,0.0174368360992086,0.17,28,35
6323_Dg,GSE227903,Diagnosis,cellchat,Pro-Monocyte,Pro-Monocyte,SELPLG,SELL,0.0210854522649796,0.16,35,35
6323_Dg,GSE227903,Diagnosis,cellchat,cDC,cDC,SEMA4A,PLXNB2,0.0150918060801306,0,40,40
6323_Dg,GSE227903,Diagnosis,cellchat,Early GMP,cDC,SEMA4A,PLXNB2,0.00180181734835337,0,101,40
6323_Dg,GSE227903,Diagnosis,cellchat,Late GMP,cDC,SEMA4A,PLXNB2,0.00202977408834382,0.01,61,40
6323_Dg,GSE227903,Diagnosis,cellchat,LMPP,cDC,SEMA4A,PLXNB2,0.00221214498838049,0,50,40
6323_Dg,GSE227903,Diagnosis,cellchat,Monocyte,cDC,SEMA4A,PLXNB2,0.00605429883474941,0,28,40
6323_Dg,GSE227903,Diagnosis,cellchat,pDC,cDC,SEMA4A,PLXNB2,0.0031017290812066,0,133,40
6323_Dg,GSE227903,Diagnosis,cellchat,Pro-Monocyte,cDC,SEMA4A,PLXNB2,0.0067958588927,0,35,40
6323_Dg,GSE227903,Diagnosis,cellchat,cDC,Cycling Progenitor,SEMA4A,PLXNB2,0.00312832186730393,0,40,49
6323_Dg,GSE227903,Diagnosis,cellchat,Early GMP,Cycling Progenitor,SEMA4A,PLXNB2,0.000369538914019424,0.93,101,49
6323_Dg,GSE227903,Diagnosis,cellchat,Late GMP,Cycling Progenitor,SEMA4A,PLXNB2,0.000416366676162409,0.88,61,49
6323_Dg,GSE227903,Diagnosis,cellchat,LMPP,Cycling Progenitor,SEMA4A,PLXNB2,0.000453842262934186,0.82,50,49
6323_Dg,GSE227903,Diagnosis,cellchat,Monocyte,Cycling Progenitor,SEMA4A,PLXNB2,0.00124590942788099,0.14,28,49
6323_Dg,GSE227903,Diagnosis,cellchat,pDC,Cycling Progenitor,SEMA4A,PLXNB2,0.000636800036564367,0.59,133,49
6323_Dg,GSE227903,Diagnosis,cellchat,Pro-Monocyte,Cycling Progenitor,SEMA4A,PLXNB2,0.00139934366341943,0.11,35,49
6323_Dg,GSE227903,Diagnosis,cellchat,cDC,Early GMP,SEMA4A,PLXNB2,0.00333573809760327,0,40,101
6323_Dg,GSE227903,Diagnosis,cellchat,Early GMP,Early GMP,SEMA4A,PLXNB2,0.000394112662238038,0.99,101,101
6323_Dg,GSE227903,Diagnosis,cellchat,Late GMP,Early GMP,SEMA4A,PLXNB2,0.000444053012574766,0.97,61,101
6323_Dg,GSE227903,Diagnosis,cellchat,LMPP,Early GMP,SEMA4A,PLXNB2,0.000484019334923801,0.88,50,101
6323_Dg,GSE227903,Diagnosis,cellchat,Monocyte,Early GMP,SEMA4A,PLXNB2,0.00132868295650522,0.13,28,101
6323_Dg,GSE227903,Diagnosis,cellchat,pDC,Early GMP,SEMA4A,PLXNB2,0.000679134148711225,0.55,133,101
6323_Dg,GSE227903,Diagnosis,cellchat,Pro-Monocyte,Early GMP,SEMA4A,PLXNB2,0.00149229555378484,0.12,35,101
6323_Dg,GSE227903,Diagnosis,cellchat,cDC,Late GMP,SEMA4A,PLXNB2,0.00444218195681568,0,40,61
6323_Dg,GSE227903,Diagnosis,cellchat,Early GMP,Late GMP,SEMA4A,PLXNB2,0.0005253517253901,0.82,101,61
6323_Dg,GSE227903,Diagnosis,cellchat,Late GMP,Late GMP,SEMA4A,PLXNB2,0.000591912307509796,0.64,61,61
6323_Dg,GSE227903,Diagnosis,cellchat,LMPP,Late GMP,SEMA4A,PLXNB2,0.000645177893175257,0.53,50,61
6323_Dg,GSE227903,Diagnosis,cellchat,Monocyte,Late GMP,SEMA4A,PLXNB2,0.00177058161112266,0.06,28,61
6323_Dg,GSE227903,Diagnosis,cellchat,pDC,Late GMP,SEMA4A,PLXNB2,0.00090519909100745,0.14,133,61
6323_Dg,GSE227903,Diagnosis,cellchat,Pro-Monocyte,Late GMP,SEMA4A,PLXNB2,0.00198850078771638,0.02,35,61
6323_Dg,GSE227903,Diagnosis,cellchat,cDC,LMPP,SEMA4A,PLXNB2,0.00416159919027023,0,40,50
6323_Dg,GSE227903,Diagnosis,cellchat,Early GMP,LMPP,SEMA4A,PLXNB2,0.000492046513783567,0.82,101,50
6323_Dg,GSE227903,Diagnosis,cellchat,Late GMP,LMPP,SEMA4A,PLXNB2,0.000554389760088125,0.66,61,50
6323_Dg,GSE227903,Diagnosis,cellchat,LMPP,LMPP,SEMA4A,PLXNB2,0.00060428077156187,0.61,50,50
6323_Dg,GSE227903,Diagnosis,cellchat,Monocyte,LMPP,SEMA4A,PLXNB2,0.00165846476576928,0.04,28,50
6323_Dg,GSE227903,Diagnosis,cellchat,pDC,LMPP,SEMA4A,PLXNB2,0.000847833493211505,0.18,133,50
6323_Dg,GSE227903,Diagnosis,cellchat,Pro-Monocyte,LMPP,SEMA4A,PLXNB2,0.00186261060275371,0.1,35,50
6323_Dg,GSE227903,Diagnosis,cellchat,cDC,pDC,SEMA4A,PLXNB2,0.00442669487202801,0,40,133
6323_Dg,GSE227903,Diagnosis,cellchat,Early GMP,pDC,SEMA4A,PLXNB2,0.00052351297476353,0.91,101,133
6323_Dg,GSE227903,Diagnosis,cellchat,Late GMP,pDC,SEMA4A,PLXNB2,0.000589840729848289,0.68,61,133
6323_Dg,GSE227903,Diagnosis,cellchat,LMPP,pDC,SEMA4A,PLXNB2,0.000642920016273575,0.54,50,133
6323_Dg,GSE227903,Diagnosis,cellchat,Monocyte,pDC,SEMA4A,PLXNB2,0.00176439220335028,0.02,28,133
6323_Dg,GSE227903,Diagnosis,cellchat,pDC,pDC,SEMA4A,PLXNB2,0.000902032060302516,0.06,133,133
6323_Dg,GSE227903,Diagnosis,cellchat,Pro-Monocyte,pDC,SEMA4A,PLXNB2,0.00198155111382654,0.05,35,133
6323_Dg,GSE227903,Diagnosis,cellchat,cDC,Pro-Monocyte,SEMA4A,PLXNB2,0.0138381957573904,0,40,35
6323_Dg,GSE227903,Diagnosis,cellchat,Early GMP,Pro-Monocyte,SEMA4A,PLXNB2,0.00165029851336104,0.02,101,35
6323_Dg,GSE227903,Diagnosis,cellchat,Late GMP,Pro-Monocyte,SEMA4A,PLXNB2,0.00185912156578952,0.01,61,35
6323_Dg,GSE227903,Diagnosis,cellchat,LMPP,Pro-Monocyte,SEMA4A,PLXNB2,0.00202619082864738,0,50,35
6323_Dg,GSE227903,Diagnosis,cellchat,Monocyte,Pro-Monocyte,SEMA4A,PLXNB2,0.00554716660870175,0.01,28,35
6323_Dg,GSE227903,Diagnosis,cellchat,pDC,Pro-Monocyte,SEMA4A,PLXNB2,0.00284120891278924,0,133,35
6323_Dg,GSE227903,Diagnosis,cellchat,Pro-Monocyte,Pro-Monocyte,SEMA4A,PLXNB2,0.00622699979004298,0,35,35
6323_Dg,GSE227903,Diagnosis,cellchat,cDC,cDC,SEMA4D,PLXNB2,0.00253681156290226,0.08,40,40
6323_Dg,GSE227903,Diagnosis,cellchat,Cycling Progenitor,cDC,SEMA4D,PLXNB2,0.00564608039588134,0,49,40
6323_Dg,GSE227903,Diagnosis,cellchat,Early GMP,cDC,SEMA4D,PLXNB2,0.00609745951642687,0,101,40
6323_Dg,GSE227903,Diagnosis,cellchat,Late GMP,cDC,SEMA4D,PLXNB2,0.00181654717643966,0.35,61,40
6323_Dg,GSE227903,Diagnosis,cellchat,LMPP,cDC,SEMA4D,PLXNB2,0.00655432091254946,0,50,40
6323_Dg,GSE227903,Diagnosis,cellchat,Monocyte,cDC,SEMA4D,PLXNB2,0.00415303457941022,0.02,28,40
6323_Dg,GSE227903,Diagnosis,cellchat,pDC,cDC,SEMA4D,PLXNB2,0.0145279364139992,0,133,40
6323_Dg,GSE227903,Diagnosis,cellchat,Pro-Monocyte,cDC,SEMA4D,PLXNB2,0.00257839787445983,0.03,35,40
6323_Dg,GSE227903,Diagnosis,cellchat,cDC,Cycling Progenitor,SEMA4D,PLXNB2,0.000520585290605433,0.93,40,49
6323_Dg,GSE227903,Diagnosis,cellchat,Cycling Progenitor,Cycling Progenitor,SEMA4D,PLXNB2,0.00116152360112379,0.84,49,49
6323_Dg,GSE227903,Diagnosis,cellchat,Early GMP,Cycling Progenitor,SEMA4D,PLXNB2,0.00125483470693046,0.88,101,49
6323_Dg,GSE227903,Diagnosis,cellchat,Late GMP,Cycling Progenitor,SEMA4D,PLXNB2,0.000372564258922427,0.94,61,49
6323_Dg,GSE227903,Diagnosis,cellchat,LMPP,Cycling Progenitor,SEMA4D,PLXNB2,0.00134934770158384,0.77,50,49
6323_Dg,GSE227903,Diagnosis,cellchat,Monocyte,Cycling Progenitor,SEMA4D,PLXNB2,0.000853353325636566,0.88,28,49
6323_Dg,GSE227903,Diagnosis,cellchat,pDC,Cycling Progenitor,SEMA4D,PLXNB2,0.00301007343295473,0.01,133,49
6323_Dg,GSE227903,Diagnosis,cellchat,Pro-Monocyte,Cycling Progenitor,SEMA4D,PLXNB2,0.000529136852730784,0.91,35,49
6323_Dg,GSE227903,Diagnosis,cellchat,cDC,Early GMP,SEMA4D,PLXNB2,0.000555197803228364,0.98,40,101
6323_Dg,GSE227903,Diagnosis,cellchat,Cycling Progenitor,Early GMP,SEMA4D,PLXNB2,0.00123869780647365,0.89,49,101
6323_Dg,GSE227903,Diagnosis,cellchat,Early GMP,Early GMP,SEMA4D,PLXNB2,0.00133820040297845,0.95,101,101
6323_Dg,GSE227903,Diagnosis,cellchat,Late GMP,Early GMP,SEMA4D,PLXNB2,0.000397339107783971,0.99,61,101
6323_Dg,GSE227903,Diagnosis,cellchat,LMPP,Early GMP,SEMA4D,PLXNB2,0.00143898337832529,0.85,50,101
6323_Dg,GSE227903,Diagnosis,cellchat,Monocyte,Early GMP,SEMA4D,PLXNB2,0.000910070669924198,0.87,28,101
6323_Dg,GSE227903,Diagnosis,cellchat,pDC,Early GMP,SEMA4D,PLXNB2,0.00320967471455775,0,133,101
6323_Dg,GSE227903,Diagnosis,cellchat,Pro-Monocyte,Early GMP,SEMA4D,PLXNB2,0.000564317617929003,0.97,35,101
6323_Dg,GSE227903,Diagnosis,cellchat,cDC,Late GMP,SEMA4D,PLXNB2,0.000740038320853621,0.96,40,61
6323_Dg,GSE227903,Diagnosis,cellchat,Cycling Progenitor,Late GMP,SEMA4D,PLXNB2,0.00165071831030723,0.66,49,61
6323_Dg,GSE227903,Diagnosis,cellchat,Early GMP,Late GMP,SEMA4D,PLXNB2,0.00178325875559478,0.63,101,61
6323_Dg,GSE227903,Diagnosis,cellchat,Late GMP,Late GMP,SEMA4D,PLXNB2,0.000529652004307358,0.97,61,61
6323_Dg,GSE227903,Diagnosis,cellchat,LMPP,Late GMP,SEMA4D,PLXNB2,0.00191749575000389,0.52,50,61
6323_Dg,GSE227903,Diagnosis,cellchat,Monocyte,Late GMP,SEMA4D,PLXNB2,0.00121291467890968,0.76,28,61
6323_Dg,GSE227903,Diagnosis,cellchat,pDC,Late GMP,SEMA4D,PLXNB2,0.00427448345651327,0,133,61
6323_Dg,GSE227903,Diagnosis,cellchat,Pro-Monocyte,Late GMP,SEMA4D,PLXNB2,0.000752192085935676,0.88,35,61
6323_Dg,GSE227903,Diagnosis,cellchat,cDC,LMPP,SEMA4D,PLXNB2,0.000693132270954528,0.92,40,50
6323_Dg,GSE227903,Diagnosis,cellchat,Cycling Progenitor,LMPP,SEMA4D,PLXNB2,0.00154617969776935,0.72,49,50
6323_Dg,GSE227903,Diagnosis,cellchat,Early GMP,LMPP,SEMA4D,PLXNB2,0.00167034051078281,0.68,101,50
6323_Dg,GSE227903,Diagnosis,cellchat,Late GMP,LMPP,SEMA4D,PLXNB2,0.000496074307418228,0.95,61,50
6323_Dg,GSE227903,Diagnosis,cellchat,LMPP,LMPP,SEMA4D,PLXNB2,0.00179609273970881,0.54,50,50
6323_Dg,GSE227903,Diagnosis,cellchat,Monocyte,LMPP,SEMA4D,PLXNB2,0.00113607025439294,0.75,28,50
6323_Dg,GSE227903,Diagnosis,cellchat,pDC,LMPP,SEMA4D,PLXNB2,0.00400445047073492,0.01,133,50
6323_Dg,GSE227903,Diagnosis,cellchat,Pro-Monocyte,LMPP,SEMA4D,PLXNB2,0.000704516233765962,0.86,35,50
6323_Dg,GSE227903,Diagnosis,cellchat,cDC,pDC,SEMA4D,PLXNB2,0.000737448713556757,0.97,40,133
6323_Dg,GSE227903,Diagnosis,cellchat,Cycling Progenitor,pDC,SEMA4D,PLXNB2,0.00164494721723909,0.7,49,133
6323_Dg,GSE227903,Diagnosis,cellchat,Early GMP,pDC,SEMA4D,PLXNB2,0.00177702511132056,0.71,101,133
6323_Dg,GSE227903,Diagnosis,cellchat,LMPP,pDC,SEMA4D,PLXNB2,0.00191079375872858,0.49,50,133
6323_Dg,GSE227903,Diagnosis,cellchat,Monocyte,pDC,SEMA4D,PLXNB2,0.00120867234250405,0.83,28,133
6323_Dg,GSE227903,Diagnosis,cellchat,pDC,pDC,SEMA4D,PLXNB2,0.00425957852904042,0,133,133
6323_Dg,GSE227903,Diagnosis,cellchat,Pro-Monocyte,pDC,SEMA4D,PLXNB2,0.000749559981015213,0.92,35,133
6323_Dg,GSE227903,Diagnosis,cellchat,cDC,Pro-Monocyte,SEMA4D,PLXNB2,0.00232362930345035,0.19,40,35
6323_Dg,GSE227903,Diagnosis,cellchat,Cycling Progenitor,Pro-Monocyte,SEMA4D,PLXNB2,0.00517296421319826,0.02,49,35
6323_Dg,GSE227903,Diagnosis,cellchat,Early GMP,Pro-Monocyte,SEMA4D,PLXNB2,0.00558673230028034,0.01,101,35
6323_Dg,GSE227903,Diagnosis,cellchat,Late GMP,Pro-Monocyte,SEMA4D,PLXNB2,0.00166379174198685,0.58,61,35
6323_Dg,GSE227903,Diagnosis,cellchat,LMPP,Pro-Monocyte,SEMA4D,PLXNB2,0.00600555791026144,0,50,35
6323_Dg,GSE227903,Diagnosis,cellchat,Monocyte,Pro-Monocyte,SEMA4D,PLXNB2,0.00380455023937365,0.02,28,35
6323_Dg,GSE227903,Diagnosis,cellchat,pDC,Pro-Monocyte,SEMA4D,PLXNB2,0.013320530808465,0,133,35
6323_Dg,GSE227903,Diagnosis,cellchat,Pro-Monocyte,Pro-Monocyte,SEMA4D,PLXNB2,0.00236172916259872,0.18,35,35
6323_Dg,GSE227903,Diagnosis,cellchat,cDC,cDC,CD55,ADGRE5,0.0665079365531925,0,40,40
6323_Dg,GSE227903,Diagnosis,cellchat,Early GMP,cDC,CD55,ADGRE5,0.0287311882892228,0.92,101,40
6323_Dg,GSE227903,Diagnosis,cellchat,Late GMP,cDC,CD55,ADGRE5,0.035173885406761,0.43,61,40
6323_Dg,GSE227903,Diagnosis,cellchat,LMPP,cDC,CD55,ADGRE5,0.0308959260884019,0.77,50,40
6323_Dg,GSE227903,Diagnosis,cellchat,Monocyte,cDC,CD55,ADGRE5,0.119948544727722,0,28,40
6323_Dg,GSE227903,Diagnosis,cellchat,pDC,cDC,CD55,ADGRE5,0.0367033464342669,0.26,133,40
6323_Dg,GSE227903,Diagnosis,cellchat,Pro-Monocyte,cDC,CD55,ADGRE5,0.0457032801729153,0.09,35,40
6323_Dg,GSE227903,Diagnosis,cellchat,cDC,Cycling Progenitor,CD55,ADGRE5,0.0577705964753639,0,40,49
6323_Dg,GSE227903,Diagnosis,cellchat,Late GMP,Cycling Progenitor,CD55,ADGRE5,0.0304188514742515,0.81,61,49
6323_Dg,GSE227903,Diagnosis,cellchat,LMPP,Cycling Progenitor,CD55,ADGRE5,0.0267032083835751,0.93,50,49
6323_Dg,GSE227903,Diagnosis,cellchat,Monocyte,Cycling Progenitor,CD55,ADGRE5,0.104980096144665,0,28,49
6323_Dg,GSE227903,Diagnosis,cellchat,pDC,Cycling Progenitor,CD55,ADGRE5,0.03174835372105,0.8,133,49
6323_Dg,GSE227903,Diagnosis,cellchat,Pro-Monocyte,Cycling Progenitor,CD55,ADGRE5,0.039583212466537,0.38,35,49
6323_Dg,GSE227903,Diagnosis,cellchat,cDC,Early GMP,CD55,ADGRE5,0.068209828141313,0,40,101
6323_Dg,GSE227903,Diagnosis,cellchat,Cycling Progenitor,Early GMP,CD55,ADGRE5,0.0201111286596229,0.99,49,101
6323_Dg,GSE227903,Diagnosis,cellchat,Early GMP,Early GMP,CD55,ADGRE5,0.0294969449580149,0.92,101,101
6323_Dg,GSE227903,Diagnosis,cellchat,Late GMP,Early GMP,CD55,ADGRE5,0.0361049726505027,0.4,61,101
6323_Dg,GSE227903,Diagnosis,cellchat,LMPP,Early GMP,CD55,ADGRE5,0.0317174942401758,0.75,50,101
6323_Dg,GSE227903,Diagnosis,cellchat,Monocyte,Early GMP,CD55,ADGRE5,0.122837994090011,0,28,101
6323_Dg,GSE227903,Diagnosis,cellchat,pDC,Early GMP,CD55,ADGRE5,0.0376733391510641,0.17,133,101
6323_Dg,GSE227903,Diagnosis,cellchat,Pro-Monocyte,Early GMP,CD55,ADGRE5,0.0468995422673813,0.1,35,101
6323_Dg,GSE227903,Diagnosis,cellchat,cDC,Late GMP,CD55,ADGRE5,0.0498459774218858,0.04,40,61
6323_Dg,GSE227903,Diagnosis,cellchat,Late GMP,Late GMP,CD55,ADGRE5,0.0261420809934076,0.98,61,61
6323_Dg,GSE227903,Diagnosis,cellchat,LMPP,Late GMP,CD55,ADGRE5,0.0229364846126828,0.98,50,61
6323_Dg,GSE227903,Diagnosis,cellchat,Monocyte,Late GMP,CD55,ADGRE5,0.0912064238461259,0,28,61
6323_Dg,GSE227903,Diagnosis,cellchat,pDC,Late GMP,CD55,ADGRE5,0.027289921616421,0.98,133,61
6323_Dg,GSE227903,Diagnosis,cellchat,Pro-Monocyte,Late GMP,CD55,ADGRE5,0.0340632355081891,0.61,35,61
6323_Dg,GSE227903,Diagnosis,cellchat,cDC,LMPP,CD55,ADGRE5,0.0861400616605877,0,40,50
6323_Dg,GSE227903,Diagnosis,cellchat,Cycling Progenitor,LMPP,CD55,ADGRE5,0.0257470835727924,0.97,49,50
6323_Dg,GSE227903,Diagnosis,cellchat,Early GMP,LMPP,CD55,ADGRE5,0.037662091488698,0.36,101,50
6323_Dg,GSE227903,Diagnosis,cellchat,Late GMP,LMPP,CD55,ADGRE5,0.0460125852555411,0.05,61,50
6323_Dg,GSE227903,Diagnosis,cellchat,LMPP,LMPP,CD55,ADGRE5,0.0404716851986307,0.24,50,50
6323_Dg,GSE227903,Diagnosis,cellchat,Monocyte,LMPP,CD55,ADGRE5,0.152773832648868,0,28,50
6323_Dg,GSE227903,Diagnosis,cellchat,pDC,LMPP,CD55,ADGRE5,0.0479899018419477,0.01,133,50
6323_Dg,GSE227903,Diagnosis,cellchat,Pro-Monocyte,LMPP,CD55,ADGRE5,0.0595861920862635,0.01,35,50
6323_Dg,GSE227903,Diagnosis,cellchat,cDC,Monocyte,CD55,ADGRE5,0.0715248031841665,0,40,28
6323_Dg,GSE227903,Diagnosis,cellchat,Early GMP,Monocyte,CD55,ADGRE5,0.0309930666631412,0.83,101,28
6323_Dg,GSE227903,Diagnosis,cellchat,Late GMP,Monocyte,CD55,ADGRE5,0.0379231648052183,0.33,61,28
6323_Dg,GSE227903,Diagnosis,cellchat,LMPP,Monocyte,CD55,ADGRE5,0.0333223778290346,0.6,50,28
6323_Dg,GSE227903,Diagnosis,cellchat,Monocyte,Monocyte,CD55,ADGRE5,0.12844191571622,0,28,28
6323_Dg,GSE227903,Diagnosis,cellchat,pDC,Monocyte,CD55,ADGRE5,0.0395672697834962,0.18,133,28
6323_Dg,GSE227903,Diagnosis,cellchat,Pro-Monocyte,Monocyte,CD55,ADGRE5,0.0492335669575532,0.09,35,28
6323_Dg,GSE227903,Diagnosis,cellchat,cDC,pDC,CD55,ADGRE5,0.0693502584648999,0,40,133
6323_Dg,GSE227903,Diagnosis,cellchat,Early GMP,pDC,CD55,ADGRE5,0.0300109642311905,0.95,101,133
6323_Dg,GSE227903,Diagnosis,cellchat,Late GMP,pDC,CD55,ADGRE5,0.0367297865634845,0.34,61,133
6323_Dg,GSE227903,Diagnosis,cellchat,LMPP,pDC,CD55,ADGRE5,0.0322689225998396,0.69,50,133
6323_Dg,GSE227903,Diagnosis,cellchat,Monocyte,pDC,CD55,ADGRE5,0.124769476295308,0,28,133
6323_Dg,GSE227903,Diagnosis,cellchat,pDC,pDC,CD55,ADGRE5,0.0383242152680264,0.19,133,133
6323_Dg,GSE227903,Diagnosis,cellchat,Pro-Monocyte,pDC,CD55,ADGRE5,0.0477019166498919,0.06,35,133
6323_Dg,GSE227903,Diagnosis,cellchat,cDC,Pro-Monocyte,CD55,ADGRE5,0.0528380559512145,0,40,35
6323_Dg,GSE227903,Diagnosis,cellchat,Early GMP,Pro-Monocyte,CD55,ADGRE5,0.0226375560205416,0.99,101,35
6323_Dg,GSE227903,Diagnosis,cellchat,Late GMP,Pro-Monocyte,CD55,ADGRE5,0.027752858150107,0.93,61,35
6323_Dg,GSE227903,Diagnosis,cellchat,LMPP,Pro-Monocyte,CD55,ADGRE5,0.0243546845136421,0.95,50,35
6323_Dg,GSE227903,Diagnosis,cellchat,Monocyte,Pro-Monocyte,CD55,ADGRE5,0.0964292577973764,0,28,35
6323_Dg,GSE227903,Diagnosis,cellchat,pDC,Pro-Monocyte,CD55,ADGRE5,0.0289693205414602,0.93,133,35
6323_Dg,GSE227903,Diagnosis,cellchat,Pro-Monocyte,Pro-Monocyte,CD55,ADGRE5,0.036143970145992,0.5,35,35
6323_Dg,GSE227903,Diagnosis,cellchat,cDC,cDC,NRXN2,CLSTN1,0.00126297993493647,0.82,40,40
6323_Dg,GSE227903,Diagnosis,cellchat,Cycling Progenitor,cDC,NRXN2,CLSTN1,0.0052853852767687,0.05,49,40
6323_Dg,GSE227903,Diagnosis,cellchat,Early GMP,cDC,NRXN2,CLSTN1,0.00582686499662488,0.02,101,40
6323_Dg,GSE227903,Diagnosis,cellchat,Late GMP,cDC,NRXN2,CLSTN1,0.00571236035356519,0.07,61,40
6323_Dg,GSE227903,Diagnosis,cellchat,LMPP,cDC,NRXN2,CLSTN1,0.00807449479264752,0,50,40
6323_Dg,GSE227903,Diagnosis,cellchat,pDC,cDC,NRXN2,CLSTN1,0.00206355576351585,0.55,133,40
6323_Dg,GSE227903,Diagnosis,cellchat,Pro-Monocyte,cDC,NRXN2,CLSTN1,0.00258582484090256,0.41,35,40
6323_Dg,GSE227903,Diagnosis,cellchat,cDC,Cycling Progenitor,NRXN2,CLSTN1,0.00130832453695618,0.79,40,49
6323_Dg,GSE227903,Diagnosis,cellchat,Cycling Progenitor,Cycling Progenitor,NRXN2,CLSTN1,0.00547435418375252,0.07,49,49
6323_Dg,GSE227903,Diagnosis,cellchat,Early GMP,Cycling Progenitor,NRXN2,CLSTN1,0.00603507602470696,0.04,101,49
6323_Dg,GSE227903,Diagnosis,cellchat,Late GMP,Cycling Progenitor,NRXN2,CLSTN1,0.00591650414367422,0.07,61,49
6323_Dg,GSE227903,Diagnosis,cellchat,LMPP,Cycling Progenitor,NRXN2,CLSTN1,0.00836234469226572,0,50,49
6323_Dg,GSE227903,Diagnosis,cellchat,pDC,Cycling Progenitor,NRXN2,CLSTN1,0.0021375818157721,0.57,133,49
6323_Dg,GSE227903,Diagnosis,cellchat,Pro-Monocyte,Cycling Progenitor,NRXN2,CLSTN1,0.00267853599403787,0.35,35,49
6323_Dg,GSE227903,Diagnosis,cellchat,cDC,Early GMP,NRXN2,CLSTN1,0.00150618475888047,0.69,40,101
6323_Dg,GSE227903,Diagnosis,cellchat,Cycling Progenitor,Early GMP,NRXN2,CLSTN1,0.00629827706027105,0,49,101
6323_Dg,GSE227903,Diagnosis,cellchat,Early GMP,Early GMP,NRXN2,CLSTN1,0.00694280173261846,0,101,101
6323_Dg,GSE227903,Diagnosis,cellchat,Late GMP,Early GMP,NRXN2,CLSTN1,0.00680651777877174,0.02,61,101
6323_Dg,GSE227903,Diagnosis,cellchat,LMPP,Early GMP,NRXN2,CLSTN1,0.00961672431176575,0,50,101
6323_Dg,GSE227903,Diagnosis,cellchat,pDC,Early GMP,NRXN2,CLSTN1,0.00246054309412968,0.38,133,101
6323_Dg,GSE227903,Diagnosis,cellchat,Pro-Monocyte,Early GMP,NRXN2,CLSTN1,0.00308297601607807,0.26,35,101
6323_Dg,GSE227903,Diagnosis,cellchat,cDC,Late GMP,NRXN2,CLSTN1,0.000623279031402416,0.99,40,61
6323_Dg,GSE227903,Diagnosis,cellchat,Cycling Progenitor,Late GMP,NRXN2,CLSTN1,0.00261366276682485,0.29,49,61
6323_Dg,GSE227903,Diagnosis,cellchat,Early GMP,Late GMP,NRXN2,CLSTN1,0.00288222165638526,0.21,101,61
6323_Dg,GSE227903,Diagnosis,cellchat,Late GMP,Late GMP,NRXN2,CLSTN1,0.00282541821112448,0.27,61,61
6323_Dg,GSE227903,Diagnosis,cellchat,LMPP,Late GMP,NRXN2,CLSTN1,0.00399856582532834,0.15,50,61
6323_Dg,GSE227903,Diagnosis,cellchat,pDC,Late GMP,NRXN2,CLSTN1,0.00101877583836192,0.89,133,61
6323_Dg,GSE227903,Diagnosis,cellchat,Pro-Monocyte,Late GMP,NRXN2,CLSTN1,0.00127695802443438,0.73,35,61
6323_Dg,GSE227903,Diagnosis,cellchat,cDC,LMPP,NRXN2,CLSTN1,0.00154582597505025,0.69,40,50
6323_Dg,GSE227903,Diagnosis,cellchat,Cycling Progenitor,LMPP,NRXN2,CLSTN1,0.00646322477104859,0.01,49,50
6323_Dg,GSE227903,Diagnosis,cellchat,Early GMP,LMPP,NRXN2,CLSTN1,0.00712450809669353,0,101,50
6323_Dg,GSE227903,Diagnosis,cellchat,Late GMP,LMPP,NRXN2,CLSTN1,0.0069846824190438,0,61,50
6323_Dg,GSE227903,Diagnosis,cellchat,LMPP,LMPP,NRXN2,CLSTN1,0.0098677169429005,0,50,50
6323_Dg,GSE227903,Diagnosis,cellchat,pDC,LMPP,NRXN2,CLSTN1,0.00252523850508184,0.24,133,50
6323_Dg,GSE227903,Diagnosis,cellchat,Pro-Monocyte,LMPP,NRXN2,CLSTN1,0.00316398523612108,0.2,35,50
6323_Dg,GSE227903,Diagnosis,cellchat,cDC,pDC,NRXN2,CLSTN1,0.000734464249484643,0.98,40,133
6323_Dg,GSE227903,Diagnosis,cellchat,Cycling Progenitor,pDC,NRXN2,CLSTN1,0.0030788138144907,0.12,49,133
6323_Dg,GSE227903,Diagnosis,cellchat,Early GMP,pDC,NRXN2,CLSTN1,0.00339500518115354,0.17,101,133
6323_Dg,GSE227903,Diagnosis,cellchat,Late GMP,pDC,NRXN2,CLSTN1,0.00332812941918615,0.09,61,133
6323_Dg,GSE227903,Diagnosis,cellchat,LMPP,pDC,NRXN2,CLSTN1,0.00470902306399186,0.09,50,133
6323_Dg,GSE227903,Diagnosis,cellchat,pDC,pDC,NRXN2,CLSTN1,0.00120042801698422,0.71,133,133
6323_Dg,GSE227903,Diagnosis,cellchat,Pro-Monocyte,pDC,NRXN2,CLSTN1,0.00150457587991675,0.63,35,133
6323_Dg,GSE227903,Diagnosis,cellchat,Cycling Progenitor,Pro-Monocyte,NRXN2,CLSTN1,0.00219259825944122,0.45,49,35
6323_Dg,GSE227903,Diagnosis,cellchat,Early GMP,Pro-Monocyte,NRXN2,CLSTN1,0.00241799684811243,0.39,101,35
6323_Dg,GSE227903,Diagnosis,cellchat,Late GMP,Pro-Monocyte,NRXN2,CLSTN1,0.00237032069652149,0.36,61,35
6323_Dg,GSE227903,Diagnosis,cellchat,LMPP,Pro-Monocyte,NRXN2,CLSTN1,0.00335514214116096,0.2,50,35
6323_Dg,GSE227903,Diagnosis,cellchat,pDC,Pro-Monocyte,NRXN2,CLSTN1,0.000854429600571467,0.89,133,35
6323_Dg,GSE227903,Diagnosis,cellchat,Pro-Monocyte,Pro-Monocyte,NRXN2,CLSTN1,0.00107100716783623,0.73,35,35
6323_Dg,GSE227903,Diagnosis,cellchat,cDC,Cycling Progenitor,APP,SORL1,0.0214248891305771,0.59,40,49
6323_Dg,GSE227903,Diagnosis,cellchat,Cycling Progenitor,Cycling Progenitor,APP,SORL1,0.0300949457809251,0.09,49,49
6323_Dg,GSE227903,Diagnosis,cellchat,Early GMP,Cycling Progenitor,APP,SORL1,0.0235693000692396,0.45,101,49
6323_Dg,GSE227903,Diagnosis,cellchat,Late GMP,Cycling Progenitor,APP,SORL1,0.0240316589716036,0.38,61,49
6323_Dg,GSE227903,Diagnosis,cellchat,LMPP,Cycling Progenitor,APP,SORL1,0.0289946548325981,0.17,50,49
6323_Dg,GSE227903,Diagnosis,cellchat,Monocyte,Cycling Progenitor,APP,SORL1,0.011135797115537,0.96,28,49
6323_Dg,GSE227903,Diagnosis,cellchat,pDC,Cycling Progenitor,APP,SORL1,0.0513040683649208,0,133,49
6323_Dg,GSE227903,Diagnosis,cellchat,Pro-Monocyte,Cycling Progenitor,APP,SORL1,0.0263324006249644,0.28,35,49
6323_Dg,GSE227903,Diagnosis,cellchat,cDC,Early GMP,APP,SORL1,0.0215693888154059,0.55,40,101
6323_Dg,GSE227903,Diagnosis,cellchat,Cycling Progenitor,Early GMP,APP,SORL1,0.0302961101169143,0.11,49,101
6323_Dg,GSE227903,Diagnosis,cellchat,Early GMP,Early GMP,APP,SORL1,0.023727911996978,0.42,101,101
6323_Dg,GSE227903,Diagnosis,cellchat,Late GMP,Early GMP,APP,SORL1,0.0241933052948633,0.29,61,101
6323_Dg,GSE227903,Diagnosis,cellchat,LMPP,Early GMP,APP,SORL1,0.0291886858036733,0.05,50,101
6323_Dg,GSE227903,Diagnosis,cellchat,Monocyte,Early GMP,APP,SORL1,0.0112116973146172,0.96,28,101
6323_Dg,GSE227903,Diagnosis,cellchat,pDC,Early GMP,APP,SORL1,0.0516394533139578,0,133,101
6323_Dg,GSE227903,Diagnosis,cellchat,Pro-Monocyte,Early GMP,APP,SORL1,0.0265091022868555,0.24,35,101
6323_Dg,GSE227903,Diagnosis,cellchat,cDC,Late GMP,APP,SORL1,0.0201091801487941,0.59,40,61
6323_Dg,GSE227903,Diagnosis,cellchat,Cycling Progenitor,Late GMP,APP,SORL1,0.0282621830839335,0.15,49,61
6323_Dg,GSE227903,Diagnosis,cellchat,Early GMP,Late GMP,APP,SORL1,0.0221248795491152,0.53,101,61
6323_Dg,GSE227903,Diagnosis,cellchat,Late GMP,Late GMP,APP,SORL1,0.0225595579169432,0.41,61,61
6323_Dg,GSE227903,Diagnosis,cellchat,LMPP,Late GMP,APP,SORL1,0.0272270181315369,0.18,50,61
6323_Dg,GSE227903,Diagnosis,cellchat,Monocyte,Late GMP,APP,SORL1,0.0104452000528161,0.96,28,61
6323_Dg,GSE227903,Diagnosis,cellchat,pDC,Late GMP,APP,SORL1,0.0482439302509325,0,133,61
6323_Dg,GSE227903,Diagnosis,cellchat,Pro-Monocyte,Late GMP,APP,SORL1,0.0247229337861889,0.31,35,61
6323_Dg,GSE227903,Diagnosis,cellchat,cDC,LMPP,APP,SORL1,0.023159123704298,0.38,40,50
6323_Dg,GSE227903,Diagnosis,cellchat,Cycling Progenitor,LMPP,APP,SORL1,0.032507663597074,0.04,49,50
6323_Dg,GSE227903,Diagnosis,cellchat,Early GMP,LMPP,APP,SORL1,0.0254725953655323,0.3,101,50
6323_Dg,GSE227903,Diagnosis,cellchat,Late GMP,LMPP,APP,SORL1,0.025971298111772,0.23,61,50
6323_Dg,GSE227903,Diagnosis,cellchat,LMPP,LMPP,APP,SORL1,0.0313220107655571,0.06,50,50
6323_Dg,GSE227903,Diagnosis,cellchat,Monocyte,LMPP,APP,SORL1,0.0120474359870873,0.94,28,50
6323_Dg,GSE227903,Diagnosis,cellchat,pDC,LMPP,APP,SORL1,0.0553201440860555,0,133,50
6323_Dg,GSE227903,Diagnosis,cellchat,Pro-Monocyte,LMPP,APP,SORL1,0.0284523232201422,0.14,35,50
6323_Dg,GSE227903,Diagnosis,cellchat,pDC,Monocyte,APP,SORL1,0.0143835804342932,0.98,133,28
6323_Dg,GSE227903,Diagnosis,cellchat,Pro-Monocyte,Monocyte,APP,SORL1,0.00724529376872574,0.99,35,28
6323_Dg,GSE227903,Diagnosis,cellchat,cDC,pDC,APP,SORL1,0.0142170494218576,0.93,40,133
6323_Dg,GSE227903,Diagnosis,cellchat,Cycling Progenitor,pDC,APP,SORL1,0.020029996710763,0.67,49,133
6323_Dg,GSE227903,Diagnosis,cellchat,Late GMP,pDC,APP,SORL1,0.0159611442529996,0.92,61,133
6323_Dg,GSE227903,Diagnosis,cellchat,LMPP,pDC,APP,SORL1,0.0192903681501799,0.74,50,133
6323_Dg,GSE227903,Diagnosis,cellchat,Monocyte,pDC,APP,SORL1,0.00736340502059562,0.98,28,133
6323_Dg,GSE227903,Diagnosis,cellchat,pDC,pDC,APP,SORL1,0.0343975017303137,0,133,133
6323_Dg,GSE227903,Diagnosis,cellchat,Pro-Monocyte,pDC,APP,SORL1,0.0175030882520327,0.82,35,133
6323_Dg,GSE227903,Diagnosis,cellchat,cDC,Pro-Monocyte,APP,SORL1,0.012485327324487,0.97,40,35
6323_Dg,GSE227903,Diagnosis,cellchat,Cycling Progenitor,Pro-Monocyte,APP,SORL1,0.0176028661807412,0.81,49,35
6323_Dg,GSE227903,Diagnosis,cellchat,Late GMP,Pro-Monocyte,APP,SORL1,0.014020002300857,0.94,61,35
6323_Dg,GSE227903,Diagnosis,cellchat,LMPP,Pro-Monocyte,APP,SORL1,0.0169513116488894,0.89,50,35
6323_Dg,GSE227903,Diagnosis,cellchat,pDC,Pro-Monocyte,APP,SORL1,0.0302831919044967,0.04,133,35
6323_Dg,GSE227903,Diagnosis,cellchat,Pro-Monocyte,Pro-Monocyte,APP,SORL1,0.0153773505626232,0.95,35,35
6323_Dg,GSE227903,Diagnosis,cellchat,cDC,Cycling Progenitor,APP,TNFRSF21,0.00140633797701578,0.2,40,49
6323_Dg,GSE227903,Diagnosis,cellchat,Cycling Progenitor,Cycling Progenitor,APP,TNFRSF21,0.00199193368588167,0.14,49,49
6323_Dg,GSE227903,Diagnosis,cellchat,Early GMP,Cycling Progenitor,APP,TNFRSF21,0.00155027214865418,0.2,101,49
6323_Dg,GSE227903,Diagnosis,cellchat,Late GMP,Cycling Progenitor,APP,TNFRSF21,0.00158138339599146,0.19,61,49
6323_Dg,GSE227903,Diagnosis,cellchat,LMPP,Cycling Progenitor,APP,TNFRSF21,0.00191707643810978,0.14,50,49
6323_Dg,GSE227903,Diagnosis,cellchat,Monocyte,Cycling Progenitor,APP,TNFRSF21,0.000723846801375136,0.2,28,49
6323_Dg,GSE227903,Diagnosis,cellchat,pDC,Cycling Progenitor,APP,TNFRSF21,0.0034665154913076,0,133,49
6323_Dg,GSE227903,Diagnosis,cellchat,Pro-Monocyte,Cycling Progenitor,APP,TNFRSF21,0.00173660626449337,0.16,35,49
6323_Dg,GSE227903,Diagnosis,cellchat,cDC,pDC,APP,TNFRSF21,0.00393019988183934,0,40,133
6323_Dg,GSE227903,Diagnosis,cellchat,Cycling Progenitor,pDC,APP,TNFRSF21,0.00556087322311532,0,49,133
6323_Dg,GSE227903,Diagnosis,cellchat,Early GMP,pDC,APP,TNFRSF21,0.00433132281115107,0,101,133
6323_Dg,GSE227903,Diagnosis,cellchat,Late GMP,pDC,APP,TNFRSF21,0.0044179979204582,0,61,133
6323_Dg,GSE227903,Diagnosis,cellchat,LMPP,pDC,APP,TNFRSF21,0.00535261388002993,0,50,133
6323_Dg,GSE227903,Diagnosis,cellchat,Monocyte,pDC,APP,TNFRSF21,0.00202537107153293,0.01,28,133
6323_Dg,GSE227903,Diagnosis,cellchat,pDC,pDC,APP,TNFRSF21,0.0096519060377548,0,133,133
6323_Dg,GSE227903,Diagnosis,cellchat,Pro-Monocyte,pDC,APP,TNFRSF21,0.00485029998345483,0,35,133
6323_Dg,GSE227903,Diagnosis,cellchat,Cycling Progenitor,cDC,CD99,PILRB,0.0158383137134757,0.98,49,40
6323_Dg,GSE227903,Diagnosis,cellchat,Early GMP,cDC,CD99,PILRB,0.0158362564183846,0.97,101,40
6323_Dg,GSE227903,Diagnosis,cellchat,Late GMP,cDC,CD99,PILRB,0.0119531436188847,0.99,61,40
6323_Dg,GSE227903,Diagnosis,cellchat,LMPP,cDC,CD99,PILRB,0.0208437003446114,0.95,50,40
6323_Dg,GSE227903,Diagnosis,cellchat,pDC,cDC,CD99,PILRB,0.0107720391881781,0.99,133,40
6323_Dg,GSE227903,Diagnosis,cellchat,cDC,Cycling Progenitor,CD99,PILRB,0.0265677123414647,0.89,40,49
6323_Dg,GSE227903,Diagnosis,cellchat,Cycling Progenitor,Cycling Progenitor,CD99,PILRB,0.0543795380782748,0,49,49
6323_Dg,GSE227903,Diagnosis,cellchat,Early GMP,Cycling Progenitor,CD99,PILRB,0.0543727511106164,0,101,49
6323_Dg,GSE227903,Diagnosis,cellchat,Late GMP,Cycling Progenitor,CD99,PILRB,0.0414381998582078,0.18,61,49
6323_Dg,GSE227903,Diagnosis,cellchat,LMPP,Cycling Progenitor,CD99,PILRB,0.0706902410141798,0,50,49
6323_Dg,GSE227903,Diagnosis,cellchat,Monocyte,Cycling Progenitor,CD99,PILRB,0.0334838394311452,0.66,28,49
6323_Dg,GSE227903,Diagnosis,cellchat,pDC,Cycling Progenitor,CD99,PILRB,0.03745408257341,0.38,133,49
6323_Dg,GSE227903,Diagnosis,cellchat,Pro-Monocyte,Cycling Progenitor,CD99,PILRB,0.0301528578323628,0.79,35,49
6323_Dg,GSE227903,Diagnosis,cellchat,cDC,Early GMP,CD99,PILRB,0.0267385939933969,0.97,40,101
6323_Dg,GSE227903,Diagnosis,cellchat,Cycling Progenitor,Early GMP,CD99,PILRB,0.0547192478976012,0,49,101
6323_Dg,GSE227903,Diagnosis,cellchat,Early GMP,Early GMP,CD99,PILRB,0.0547124209847627,0,101,101
6323_Dg,GSE227903,Diagnosis,cellchat,Late GMP,Early GMP,CD99,PILRB,0.0417006300843131,0.15,61,101
6323_Dg,GSE227903,Diagnosis,cellchat,LMPP,Early GMP,CD99,PILRB,0.0711241802214621,0,50,101
6323_Dg,GSE227903,Diagnosis,cellchat,Monocyte,Early GMP,CD99,PILRB,0.0336976652042095,0.75,28,101
6323_Dg,GSE227903,Diagnosis,cellchat,pDC,Early GMP,CD99,PILRB,0.0376922733321506,0.36,133,101
6323_Dg,GSE227903,Diagnosis,cellchat,Pro-Monocyte,Early GMP,CD99,PILRB,0.03034608002625,0.92,35,101
6323_Dg,GSE227903,Diagnosis,cellchat,cDC,Late GMP,CD99,PILRB,0.0223015491172006,0.98,40,61
6323_Dg,GSE227903,Diagnosis,cellchat,Cycling Progenitor,Late GMP,CD99,PILRB,0.0458578234214255,0.04,49,61
6323_Dg,GSE227903,Diagnosis,cellchat,Early GMP,Late GMP,CD99,PILRB,0.0458520484552188,0.06,101,61
6323_Dg,GSE227903,Diagnosis,cellchat,Late GMP,Late GMP,CD99,PILRB,0.0348697149779625,0.64,61,61
6323_Dg,GSE227903,Diagnosis,cellchat,LMPP,Late GMP,CD99,PILRB,0.0597740767134571,0,50,61
6323_Dg,GSE227903,Diagnosis,cellchat,Monocyte,Late GMP,CD99,PILRB,0.0281392088524792,0.93,28,61
6323_Dg,GSE227903,Diagnosis,cellchat,pDC,Late GMP,CD99,PILRB,0.0314963803582573,0.84,133,61
6323_Dg,GSE227903,Diagnosis,cellchat,Pro-Monocyte,Late GMP,CD99,PILRB,0.0253259806330997,0.95,35,61
6323_Dg,GSE227903,Diagnosis,cellchat,cDC,LMPP,CD99,PILRB,0.0233812040348977,0.99,40,50
6323_Dg,GSE227903,Diagnosis,cellchat,Cycling Progenitor,LMPP,CD99,PILRB,0.0480218633502627,0.01,49,50
6323_Dg,GSE227903,Diagnosis,cellchat,Early GMP,LMPP,CD99,PILRB,0.0480158295765046,0.02,101,50
6323_Dg,GSE227903,Diagnosis,cellchat,Late GMP,LMPP,CD99,PILRB,0.0365350789387946,0.51,61,50
6323_Dg,GSE227903,Diagnosis,cellchat,LMPP,LMPP,CD99,PILRB,0.062551774709292,0,50,50
6323_Dg,GSE227903,Diagnosis,cellchat,Monocyte,LMPP,CD99,PILRB,0.0294929493941726,0.88,28,50
6323_Dg,GSE227903,Diagnosis,cellchat,pDC,LMPP,CD99,PILRB,0.0330061448897721,0.77,133,50
6323_Dg,GSE227903,Diagnosis,cellchat,Pro-Monocyte,LMPP,CD99,PILRB,0.0265480775126794,0.94,35,50
6323_Dg,GSE227903,Diagnosis,cellchat,Cycling Progenitor,Monocyte,CD99,PILRB,0.020846626089867,0.87,49,28
6323_Dg,GSE227903,Diagnosis,cellchat,Early GMP,Monocyte,CD99,PILRB,0.0208439320254005,0.9,101,28
6323_Dg,GSE227903,Diagnosis,cellchat,Late GMP,Monocyte,CD99,PILRB,0.0157525711876818,0.92,61,28
6323_Dg,GSE227903,Diagnosis,cellchat,LMPP,Monocyte,CD99,PILRB,0.0273907398904296,0.82,50,28
6323_Dg,GSE227903,Diagnosis,cellchat,Monocyte,Monocyte,CD99,PILRB,0.0126636142203421,0.96,28,28
6323_Dg,GSE227903,Diagnosis,cellchat,pDC,Monocyte,CD99,PILRB,0.014201436859078,0.92,133,28
6323_Dg,GSE227903,Diagnosis,cellchat,Cycling Progenitor,pDC,CD99,PILRB,0.0469937312142901,0,49,133
6323_Dg,GSE227903,Diagnosis,cellchat,Early GMP,pDC,CD99,PILRB,0.0469878202454915,0,101,133
6323_Dg,GSE227903,Diagnosis,cellchat,Late GMP,pDC,CD99,PILRB,0.035743641245144,0.6,61,133
6323_Dg,GSE227903,Diagnosis,cellchat,LMPP,pDC,CD99,PILRB,0.0612325711391443,0,50,133
6323_Dg,GSE227903,Diagnosis,cellchat,Monocyte,pDC,CD99,PILRB,0.0288494933040689,0.96,28,133
6323_Dg,GSE227903,Diagnosis,cellchat,pDC,pDC,CD99,PILRB,0.0322885904891004,0.89,133,133
6323_Dg,GSE227903,Diagnosis,cellchat,cDC,Pro-Monocyte,CD99,PILRB,0.0182586523368299,0.93,40,35
6323_Dg,GSE227903,Diagnosis,cellchat,Cycling Progenitor,Pro-Monocyte,CD99,PILRB,0.037709274492661,0.4,49,35
6323_Dg,GSE227903,Diagnosis,cellchat,Early GMP,Pro-Monocyte,CD99,PILRB,0.0377044851388031,0.45,101,35
6323_Dg,GSE227903,Diagnosis,cellchat,Late GMP,Pro-Monocyte,CD99,PILRB,0.0286151042761354,0.89,61,35
6323_Dg,GSE227903,Diagnosis,cellchat,LMPP,Pro-Monocyte,CD99,PILRB,0.049280444382888,0.05,50,35
6323_Dg,GSE227903,Diagnosis,cellchat,Monocyte,Pro-Monocyte,CD99,PILRB,0.0230630058895834,0.93,28,35
6323_Dg,GSE227903,Diagnosis,cellchat,pDC,Pro-Monocyte,CD99,PILRB,0.0258306533353457,0.91,133,35
6323_Dg,GSE227903,Diagnosis,cellchat,Pro-Monocyte,Pro-Monocyte,CD99,PILRB,0.0207464394428308,0.93,35,35
6323_Dg,GSE227903,Diagnosis,cellchat,cDC,cDC,LAIR1,LILRB4,0.0236883367831353,0,40,40
6323_Dg,GSE227903,Diagnosis,cellchat,Cycling Progenitor,cDC,LAIR1,LILRB4,0.0325011336723304,0,49,40
6323_Dg,GSE227903,Diagnosis,cellchat,Early GMP,cDC,LAIR1,LILRB4,0.0383801733490805,0,101,40
6323_Dg,GSE227903,Diagnosis,cellchat,Late GMP,cDC,LAIR1,LILRB4,0.041953858174339,0,61,40
6323_Dg,GSE227903,Diagnosis,cellchat,LMPP,cDC,LAIR1,LILRB4,0.0340088131013334,0,50,40
6323_Dg,GSE227903,Diagnosis,cellchat,pDC,cDC,LAIR1,LILRB4,0.0453718155520939,0,133,40
6323_Dg,GSE227903,Diagnosis,cellchat,Pro-Monocyte,cDC,LAIR1,LILRB4,0.0329460044504538,0,35,40
6323_Dg,GSE227903,Diagnosis,cellchat,cDC,Monocyte,LAIR1,LILRB4,0.00590328715430386,0.57,40,28
6323_Dg,GSE227903,Diagnosis,cellchat,Cycling Progenitor,Monocyte,LAIR1,LILRB4,0.00815475915375494,0.39,49,28
6323_Dg,GSE227903,Diagnosis,cellchat,Early GMP,Monocyte,LAIR1,LILRB4,0.00967388531420338,0.23,101,28
6323_Dg,GSE227903,Diagnosis,cellchat,Late GMP,Monocyte,LAIR1,LILRB4,0.0106041229803814,0.16,61,28
6323_Dg,GSE227903,Diagnosis,cellchat,LMPP,Monocyte,LAIR1,LILRB4,0.00854301888469582,0.31,50,28
6323_Dg,GSE227903,Diagnosis,cellchat,pDC,Monocyte,LAIR1,LILRB4,0.0114986891908648,0.11,133,28
6323_Dg,GSE227903,Diagnosis,cellchat,Pro-Monocyte,Monocyte,LAIR1,LILRB4,0.00826922859783163,0.33,35,28
6323_Dg,GSE227903,Diagnosis,cellchat,cDC,pDC,LAIR1,LILRB4,0.0236238256593454,0,40,133
6323_Dg,GSE227903,Diagnosis,cellchat,Cycling Progenitor,pDC,LAIR1,LILRB4,0.03241341920874,0,49,133
6323_Dg,GSE227903,Diagnosis,cellchat,Early GMP,pDC,LAIR1,LILRB4,0.0382772201845379,0,101,133
6323_Dg,GSE227903,Diagnosis,cellchat,Late GMP,pDC,LAIR1,LILRB4,0.0418417358684454,0,61,133
6323_Dg,GSE227903,Diagnosis,cellchat,LMPP,pDC,LAIR1,LILRB4,0.0339171723368955,0,50,133
6323_Dg,GSE227903,Diagnosis,cellchat,pDC,pDC,LAIR1,LILRB4,0.0452509901525617,0,133,133
6323_Dg,GSE227903,Diagnosis,cellchat,Pro-Monocyte,pDC,LAIR1,LILRB4,0.0328571301383048,0,35,133
6323_Dg,GSE227903,Diagnosis,cellchat,cDC,Pro-Monocyte,LAIR1,LILRB4,0.0110562073539125,0.07,40,35
6323_Dg,GSE227903,Diagnosis,cellchat,Cycling Progenitor,Pro-Monocyte,LAIR1,LILRB4,0.015242832261875,0.02,49,35
6323_Dg,GSE227903,Diagnosis,cellchat,Early GMP,Pro-Monocyte,LAIR1,LILRB4,0.0180583342038135,0,101,35
6323_Dg,GSE227903,Diagnosis,cellchat,Late GMP,Pro-Monocyte,LAIR1,LILRB4,0.0197787154694227,0,61,35
6323_Dg,GSE227903,Diagnosis,cellchat,LMPP,Pro-Monocyte,LAIR1,LILRB4,0.0159631338543875,0.01,50,35
6323_Dg,GSE227903,Diagnosis,cellchat,pDC,Pro-Monocyte,LAIR1,LILRB4,0.0214304880343013,0,133,35
6323_Dg,GSE227903,Diagnosis,cellchat,Pro-Monocyte,Pro-Monocyte,LAIR1,LILRB4,0.0154552475536014,0.01,35,35
6323_Dg,GSE227903,Diagnosis,cellchat,Cycling Progenitor,cDC,PECAM1,CD38,0.00698097212384177,0.75,49,40
6323_Dg,GSE227903,Diagnosis,cellchat,Early GMP,cDC,PECAM1,CD38,0.00673060346790841,0.82,101,40
6323_Dg,GSE227903,Diagnosis,cellchat,LMPP,cDC,PECAM1,CD38,0.00734228892876668,0.7,50,40
6323_Dg,GSE227903,Diagnosis,cellchat,Monocyte,cDC,PECAM1,CD38,0.00400090474414222,0.99,28,40
6323_Dg,GSE227903,Diagnosis,cellchat,Pro-Monocyte,cDC,PECAM1,CD38,0.00662156297329388,0.8,35,40
6323_Dg,GSE227903,Diagnosis,cellchat,cDC,Cycling Progenitor,PECAM1,CD38,0.0163908366272184,0.27,40,49
6323_Dg,GSE227903,Diagnosis,cellchat,Cycling Progenitor,Cycling Progenitor,PECAM1,CD38,0.0270064294792933,0,49,49
6323_Dg,GSE227903,Diagnosis,cellchat,Early GMP,Cycling Progenitor,PECAM1,CD38,0.0260567045420073,0,101,49
6323_Dg,GSE227903,Diagnosis,cellchat,Late GMP,Cycling Progenitor,PECAM1,CD38,0.00868726603710767,0.58,61,49
6323_Dg,GSE227903,Diagnosis,cellchat,LMPP,Cycling Progenitor,PECAM1,CD38,0.0283745953992277,0,50,49
6323_Dg,GSE227903,Diagnosis,cellchat,Monocyte,Cycling Progenitor,PECAM1,CD38,0.0156122088501979,0.26,28,49
6323_Dg,GSE227903,Diagnosis,cellchat,pDC,Cycling Progenitor,PECAM1,CD38,0.0110901349117027,0.42,133,49
6323_Dg,GSE227903,Diagnosis,cellchat,Pro-Monocyte,Cycling Progenitor,PECAM1,CD38,0.0256426506864753,0,35,49
6323_Dg,GSE227903,Diagnosis,cellchat,cDC,Early GMP,PECAM1,CD38,0.0166648328518265,0.31,40,101
6323_Dg,GSE227903,Diagnosis,cellchat,Cycling Progenitor,Early GMP,PECAM1,CD38,0.0274529276528721,0,49,101
6323_Dg,GSE227903,Diagnosis,cellchat,Early GMP,Early GMP,PECAM1,CD38,0.0264879283354383,0,101,101
6323_Dg,GSE227903,Diagnosis,cellchat,Late GMP,Early GMP,PECAM1,CD38,0.00883364260502328,0.54,61,101
6323_Dg,GSE227903,Diagnosis,cellchat,LMPP,Early GMP,PECAM1,CD38,0.0288430429678378,0,50,101
6323_Dg,GSE227903,Diagnosis,cellchat,Monocyte,Early GMP,PECAM1,CD38,0.0158733992494309,0.29,28,101
6323_Dg,GSE227903,Diagnosis,cellchat,pDC,Early GMP,PECAM1,CD38,0.0112765381939145,0.43,133,101
6323_Dg,GSE227903,Diagnosis,cellchat,Pro-Monocyte,Early GMP,PECAM1,CD38,0.0260672055223061,0,35,101
6323_Dg,GSE227903,Diagnosis,cellchat,cDC,Late GMP,PECAM1,CD38,0.0152800646862096,0.34,40,61
6323_Dg,GSE227903,Diagnosis,cellchat,Cycling Progenitor,Late GMP,PECAM1,CD38,0.0251946885081792,0,49,61
6323_Dg,GSE227903,Diagnosis,cellchat,Early GMP,Late GMP,PECAM1,CD38,0.0243070847257584,0,101,61
6323_Dg,GSE227903,Diagnosis,cellchat,Late GMP,Late GMP,PECAM1,CD38,0.0080942525414113,0.58,61,61
6323_Dg,GSE227903,Diagnosis,cellchat,LMPP,Late GMP,PECAM1,CD38,0.0264735675722708,0,50,61
6323_Dg,GSE227903,Diagnosis,cellchat,Monocyte,Late GMP,PECAM1,CD38,0.0145534221266182,0.34,28,61
6323_Dg,GSE227903,Diagnosis,cellchat,pDC,Late GMP,PECAM1,CD38,0.0103348058844312,0.43,133,61
6323_Dg,GSE227903,Diagnosis,cellchat,Pro-Monocyte,Late GMP,PECAM1,CD38,0.0239201503620371,0.01,35,61
6323_Dg,GSE227903,Diagnosis,cellchat,cDC,LMPP,PECAM1,CD38,0.017378603462106,0.23,40,50
6323_Dg,GSE227903,Diagnosis,cellchat,Cycling Progenitor,LMPP,PECAM1,CD38,0.0286153164082451,0,49,50
6323_Dg,GSE227903,Diagnosis,cellchat,Early GMP,LMPP,PECAM1,CD38,0.0276106178946037,0,101,50
6323_Dg,GSE227903,Diagnosis,cellchat,Late GMP,LMPP,PECAM1,CD38,0.00921513920299516,0.52,61,50
6323_Dg,GSE227903,Diagnosis,cellchat,LMPP,LMPP,PECAM1,CD38,0.0300624714182291,0,50,50
6323_Dg,GSE227903,Diagnosis,cellchat,Monocyte,LMPP,PECAM1,CD38,0.0165538426567392,0.25,28,50
6323_Dg,GSE227903,Diagnosis,cellchat,pDC,LMPP,PECAM1,CD38,0.0117622836013228,0.42,133,50
6323_Dg,GSE227903,Diagnosis,cellchat,Pro-Monocyte,LMPP,PECAM1,CD38,0.02717256049904,0,35,50
6323_Dg,GSE227903,Diagnosis,cellchat,cDC,pDC,PECAM1,CD38,0.00564780913202766,0.98,40,133
6323_Dg,GSE227903,Diagnosis,cellchat,Cycling Progenitor,pDC,PECAM1,CD38,0.00937193029588401,0.42,49,133
6323_Dg,GSE227903,Diagnosis,cellchat,Early GMP,pDC,PECAM1,CD38,0.00903659160267705,0.47,101,133
6323_Dg,GSE227903,Diagnosis,cellchat,LMPP,pDC,PECAM1,CD38,0.00985576860110375,0.48,50,133
6323_Dg,GSE227903,Diagnosis,cellchat,Monocyte,pDC,PECAM1,CD38,0.00537672682008938,0.9,28,133
6323_Dg,GSE227903,Diagnosis,cellchat,Pro-Monocyte,pDC,PECAM1,CD38,0.00889052687217544,0.56,35,133
6323_Dg,GSE227903,Diagnosis,cellchat,cDC,Pro-Monocyte,PECAM1,CD38,0.00758915344482163,0.76,40,35
6323_Dg,GSE227903,Diagnosis,cellchat,Cycling Progenitor,Pro-Monocyte,PECAM1,CD38,0.0125771902635585,0.37,49,35
6323_Dg,GSE227903,Diagnosis,cellchat,Early GMP,Pro-Monocyte,PECAM1,CD38,0.0121285677578751,0.41,101,35
6323_Dg,GSE227903,Diagnosis,cellchat,Late GMP,Pro-Monocyte,PECAM1,CD38,0.00400546249096923,0.99,61,35
6323_Dg,GSE227903,Diagnosis,cellchat,LMPP,Pro-Monocyte,PECAM1,CD38,0.0132242953534331,0.37,50,35
6323_Dg,GSE227903,Diagnosis,cellchat,Monocyte,Pro-Monocyte,PECAM1,CD38,0.00722556801580079,0.69,28,35
6323_Dg,GSE227903,Diagnosis,cellchat,pDC,Pro-Monocyte,PECAM1,CD38,0.00512004850561875,0.98,133,35
6323_Dg,GSE227903,Diagnosis,cellchat,Pro-Monocyte,Pro-Monocyte,PECAM1,CD38,0.0119331270905369,0.5,35,35
