sample,dataset,timepoint,engine,sender_bin,receiver_bin,ligand,receptor,prob,pval,n_sender,n_receiver
782328,Petti2019,Diagnosis,cellchat,CD4 Memory T,CD4 Memory T,MIF,CD74_CXCR4,0.0712513642503071,0,33,33
782328,Petti2019,Diagnosis,cellchat,CD8 Memory T,CD4 Memory T,MIF,CD74_CXCR4,0.0644669556967712,0.02,81,33
782328,Petti2019,Diagnosis,cellchat,cDC,CD4 Memory T,MIF,CD74_CXCR4,0.0591825184236156,0,381,33
782328,Petti2019,Diagnosis,cellchat,Cycling Progenitor,CD4 Memory T,MIF,CD74_CXCR4,0.0890057597783204,0,142,33
782328,Petti2019,Diagnosis,cellchat,Early GMP,CD4 Memory T,MIF,CD74_CXCR4,0.0839704103397588,0,174,33
782328,Petti2019,Diagnosis,cellchat,EoBasoMast Precursor,CD4 Memory T,MIF,CD74_CXCR4,0.0728068992904813,0,37,33
782328,Petti2019,Diagnosis,cellchat,HSC MPP,CD4 Memory T,MIF,CD74_CXCR4,0.0685065448887529,0,125,33
782328,Petti2019,Diagnosis,cellchat,Late GMP,CD4 Memory T,MIF,CD74_CXCR4,0.0902744324829713,0,436,33
782328,Petti2019,Diagnosis,cellchat,LMPP,CD4 Memory T,MIF,CD74_CXCR4,0.0664276492632625,0,262,33
782328,Petti2019,Diagnosis,cellchat,Monocyte,CD4 Memory T,MIF,CD74_CXCR4,0.0368419383452446,0.33,8890,33
782328,Petti2019,Diagnosis,cellchat,Naive T,CD4 Memory T,MIF,CD74_CXCR4,0.0645899784750431,0.04,19,33
782328,Petti2019,Diagnosis,cellchat,NK,CD4 Memory T,MIF,CD74_CXCR4,0.0645979531980432,0.05,31,33
782328,Petti2019,Diagnosis,cellchat,pDC,CD4 Memory T,MIF,CD74_CXCR4,0.0596017220036661,0.02,99,33
782328,Petti2019,Diagnosis,cellchat,Plasma Cell,CD4 Memory T,MIF,CD74_CXCR4,0.0588603418741372,0.05,39,33
782328,Petti2019,Diagnosis,cellchat,Pro-Monocyte,CD4 Memory T,MIF,CD74_CXCR4,0.0694466478908051,0,1741,33
782328,Petti2019,Diagnosis,cellchat,CD4 Memory T,CD8 Memory T,MIF,CD74_CXCR4,0.0753805440214562,0,33,81
782328,Petti2019,Diagnosis,cellchat,CD8 Memory T,CD8 Memory T,MIF,CD74_CXCR4,0.0682318483966224,0,81,81
782328,Petti2019,Diagnosis,cellchat,cDC,CD8 Memory T,MIF,CD74_CXCR4,0.0626594682045398,0,381,81
782328,Petti2019,Diagnosis,cellchat,Cycling Progenitor,CD8 Memory T,MIF,CD74_CXCR4,0.0940596440995464,0,142,81
782328,Petti2019,Diagnosis,cellchat,Early GMP,CD8 Memory T,MIF,CD74_CXCR4,0.0887662389756784,0,174,81
782328,Petti2019,Diagnosis,cellchat,EoBasoMast Precursor,CD8 Memory T,MIF,CD74_CXCR4,0.077018750235172,0,37,81
782328,Petti2019,Diagnosis,cellchat,HSC MPP,CD8 Memory T,MIF,CD74_CXCR4,0.0724890714334668,0,125,81
782328,Petti2019,Diagnosis,cellchat,Late GMP,CD8 Memory T,MIF,CD74_CXCR4,0.0953928107767704,0,436,81
782328,Petti2019,Diagnosis,cellchat,LMPP,CD8 Memory T,MIF,CD74_CXCR4,0.0702984429267155,0,262,81
782328,Petti2019,Diagnosis,cellchat,Monocyte,CD8 Memory T,MIF,CD74_CXCR4,0.0390608802120105,0.25,8890,81
782328,Petti2019,Diagnosis,cellchat,Naive T,CD8 Memory T,MIF,CD74_CXCR4,0.0683615307549298,0.01,19,81
782328,Petti2019,Diagnosis,cellchat,NK,CD8 Memory T,MIF,CD74_CXCR4,0.0683699371040882,0,31,81
782328,Petti2019,Diagnosis,cellchat,pDC,CD8 Memory T,MIF,CD74_CXCR4,0.0631016480010097,0.01,99,81
782328,Petti2019,Diagnosis,cellchat,Plasma Cell,CD8 Memory T,MIF,CD74_CXCR4,0.0623196176801881,0.01,39,81
782328,Petti2019,Diagnosis,cellchat,Pro-Monocyte,CD8 Memory T,MIF,CD74_CXCR4,0.0734795148272028,0,1741,81
782328,Petti2019,Diagnosis,cellchat,CD4 Memory T,Late GMP,MIF,CD74_CXCR4,0.060622944798641,0,33,436
782328,Petti2019,Diagnosis,cellchat,CD8 Memory T,Late GMP,MIF,CD74_CXCR4,0.0547908493517531,0,81,436
782328,Petti2019,Diagnosis,cellchat,cDC,Late GMP,MIF,CD74_CXCR4,0.0502569658557884,0,381,436
782328,Petti2019,Diagnosis,cellchat,Cycling Progenitor,Late GMP,MIF,CD74_CXCR4,0.0759455172066462,0,142,436
782328,Petti2019,Diagnosis,cellchat,Early GMP,Late GMP,MIF,CD74_CXCR4,0.0715909649893715,0,174,436
782328,Petti2019,Diagnosis,cellchat,EoBasoMast Precursor,Late GMP,MIF,CD74_CXCR4,0.0619619242702969,0,37,436
782328,Petti2019,Diagnosis,cellchat,HSC MPP,Late GMP,MIF,CD74_CXCR4,0.0582618797319295,0,125,436
782328,Petti2019,Diagnosis,cellchat,Late GMP,Late GMP,MIF,CD74_CXCR4,0.0770437750946012,0,436,436
782328,Petti2019,Diagnosis,cellchat,LMPP,Late GMP,MIF,CD74_CXCR4,0.0564750196983114,0,262,436
782328,Petti2019,Diagnosis,cellchat,Monocyte,Late GMP,MIF,CD74_CXCR4,0.0311740171639428,0.06,8890,436
782328,Petti2019,Diagnosis,cellchat,Naive T,Late GMP,MIF,CD74_CXCR4,0.0548964906570454,0,19,436
782328,Petti2019,Diagnosis,cellchat,NK,Late GMP,MIF,CD74_CXCR4,0.0549033388022843,0,31,436
782328,Petti2019,Diagnosis,cellchat,pDC,Late GMP,MIF,CD74_CXCR4,0.0506163490214677,0,99,436
782328,Petti2019,Diagnosis,cellchat,Plasma Cell,Late GMP,MIF,CD74_CXCR4,0.0499807967719638,0,39,436
782328,Petti2019,Diagnosis,cellchat,Pro-Monocyte,Late GMP,MIF,CD74_CXCR4,0.0590703122253942,0,1741,436
782328,Petti2019,Diagnosis,cellchat,CD4 Memory T,Naive T,MIF,CD74_CXCR4,0.105633132524838,0,33,19
782328,Petti2019,Diagnosis,cellchat,CD8 Memory T,Naive T,MIF,CD74_CXCR4,0.0959130480985216,0,81,19
782328,Petti2019,Diagnosis,cellchat,cDC,Naive T,MIF,CD74_CXCR4,0.088294212343779,0,381,19
782328,Petti2019,Diagnosis,cellchat,Cycling Progenitor,Naive T,MIF,CD74_CXCR4,0.130748676834445,0,142,19
782328,Petti2019,Diagnosis,cellchat,Early GMP,Naive T,MIF,CD74_CXCR4,0.123672383932327,0,174,19
782328,Petti2019,Diagnosis,cellchat,EoBasoMast Precursor,Naive T,MIF,CD74_CXCR4,0.107852112756264,0,37,19
782328,Petti2019,Diagnosis,cellchat,HSC MPP,Naive T,MIF,CD74_CXCR4,0.101708870057312,0,125,19
782328,Petti2019,Diagnosis,cellchat,Late GMP,Naive T,MIF,CD74_CXCR4,0.13252578948589,0,436,19
782328,Petti2019,Diagnosis,cellchat,LMPP,Naive T,MIF,CD74_CXCR4,0.0987292096823654,0,262,19
782328,Petti2019,Diagnosis,cellchat,Monocyte,Naive T,MIF,CD74_CXCR4,0.0556139729799513,0,8890,19
782328,Petti2019,Diagnosis,cellchat,Naive T,Naive T,MIF,CD74_CXCR4,0.096089916102407,0,19,19
782328,Petti2019,Diagnosis,cellchat,NK,Naive T,MIF,CD74_CXCR4,0.0961013804590638,0,31,19
782328,Petti2019,Diagnosis,cellchat,pDC,Naive T,MIF,CD74_CXCR4,0.0889001360360289,0,99,19
782328,Petti2019,Diagnosis,cellchat,Plasma Cell,Naive T,MIF,CD74_CXCR4,0.0878283525657098,0,39,19
782328,Petti2019,Diagnosis,cellchat,Pro-Monocyte,Naive T,MIF,CD74_CXCR4,0.103054194800217,0,1741,19
782328,Petti2019,Diagnosis,cellchat,CD4 Memory T,Plasma Cell,MIF,CD74_CXCR4,0.0885304929411393,0,33,39
782328,Petti2019,Diagnosis,cellchat,CD8 Memory T,Plasma Cell,MIF,CD74_CXCR4,0.080242952060911,0,81,39
782328,Petti2019,Diagnosis,cellchat,cDC,Plasma Cell,MIF,CD74_CXCR4,0.0737673043917831,0,381,39
782328,Petti2019,Diagnosis,cellchat,Cycling Progenitor,Plasma Cell,MIF,CD74_CXCR4,0.11008017367089,0,142,39
782328,Petti2019,Diagnosis,cellchat,Early GMP,Plasma Cell,MIF,CD74_CXCR4,0.103988668622804,0,174,39
782328,Petti2019,Diagnosis,cellchat,EoBasoMast Precursor,Plasma Cell,MIF,CD74_CXCR4,0.0904265311692338,0,37,39
782328,Petti2019,Diagnosis,cellchat,HSC MPP,Plasma Cell,MIF,CD74_CXCR4,0.0851810792033872,0,125,39
782328,Petti2019,Diagnosis,cellchat,Late GMP,Plasma Cell,MIF,CD74_CXCR4,0.111612434365163,0,436,39
782328,Petti2019,Diagnosis,cellchat,LMPP,Plasma Cell,MIF,CD74_CXCR4,0.0826410712858943,0,262,39
782328,Petti2019,Diagnosis,cellchat,Monocyte,Plasma Cell,MIF,CD74_CXCR4,0.0461914769940548,0.14,8890,39
782328,Petti2019,Diagnosis,cellchat,Naive T,Plasma Cell,MIF,CD74_CXCR4,0.0803934932295729,0,19,39
782328,Petti2019,Diagnosis,cellchat,NK,Plasma Cell,MIF,CD74_CXCR4,0.0804032514467203,0,31,39
782328,Petti2019,Diagnosis,cellchat,pDC,Plasma Cell,MIF,CD74_CXCR4,0.0742816588375183,0,99,39
782328,Petti2019,Diagnosis,cellchat,Plasma Cell,Plasma Cell,MIF,CD74_CXCR4,0.073371923407291,0,39,39
782328,Petti2019,Diagnosis,cellchat,Pro-Monocyte,Plasma Cell,MIF,CD74_CXCR4,0.0863287971486893,0,1741,39
782328,Petti2019,Diagnosis,cellchat,CD4 Memory T,Pro-Monocyte,MIF,CD74_CXCR4,0.0797628305787143,0,33,1741
782328,Petti2019,Diagnosis,cellchat,CD8 Memory T,Pro-Monocyte,MIF,CD74_CXCR4,0.0722310078832369,0,81,1741
782328,Petti2019,Diagnosis,cellchat,cDC,Pro-Monocyte,MIF,CD74_CXCR4,0.0663552820108487,0,381,1741
782328,Petti2019,Diagnosis,cellchat,Cycling Progenitor,Pro-Monocyte,MIF,CD74_CXCR4,0.0994110963786917,0,142,1741
782328,Petti2019,Diagnosis,cellchat,Early GMP,Pro-Monocyte,MIF,CD74_CXCR4,0.0938477250366247,0,174,1741
782328,Petti2019,Diagnosis,cellchat,EoBasoMast Precursor,Pro-Monocyte,MIF,CD74_CXCR4,0.08148788130861,0,37,1741
782328,Petti2019,Diagnosis,cellchat,HSC MPP,Pro-Monocyte,MIF,CD74_CXCR4,0.0767172080565614,0,125,1741
782328,Petti2019,Diagnosis,cellchat,Late GMP,Pro-Monocyte,MIF,CD74_CXCR4,0.100811672146611,0,436,1741
782328,Petti2019,Diagnosis,cellchat,LMPP,Pro-Monocyte,MIF,CD74_CXCR4,0.0744090554128858,0,262,1741
782328,Petti2019,Diagnosis,cellchat,Monocyte,Pro-Monocyte,MIF,CD74_CXCR4,0.0414263056697433,0,8890,1741
782328,Petti2019,Diagnosis,cellchat,Naive T,Pro-Monocyte,MIF,CD74_CXCR4,0.0723677007610602,0,19,1741
782328,Petti2019,Diagnosis,cellchat,NK,Pro-Monocyte,MIF,CD74_CXCR4,0.0723765614734368,0,31,1741
782328,Petti2019,Diagnosis,cellchat,pDC,Pro-Monocyte,MIF,CD74_CXCR4,0.0668216834200585,0,99,1741
782328,Petti2019,Diagnosis,cellchat,Plasma Cell,Pro-Monocyte,MIF,CD74_CXCR4,0.0659967976002981,0,39,1741
782328,Petti2019,Diagnosis,cellchat,Pro-Monocyte,Pro-Monocyte,MIF,CD74_CXCR4,0.0777605785933387,0,1741,1741
782328,Petti2019,Diagnosis,cellchat,CD4 Memory T,CD4 Memory T,MIF,CD74_CD44,0.13226572229444,0.17,33,33
782328,Petti2019,Diagnosis,cellchat,CD8 Memory T,CD4 Memory T,MIF,CD74_CD44,0.120424953951667,0.37,81,33
782328,Petti2019,Diagnosis,cellchat,cDC,CD4 Memory T,MIF,CD74_CD44,0.111098287655462,0.53,381,33
782328,Petti2019,Diagnosis,cellchat,Cycling Progenitor,CD4 Memory T,MIF,CD74_CD44,0.162562523388046,0,142,33
782328,Petti2019,Diagnosis,cellchat,Early GMP,CD4 Memory T,MIF,CD74_CD44,0.154069602798668,0,174,33
782328,Petti2019,Diagnosis,cellchat,EoBasoMast Precursor,CD4 Memory T,MIF,CD74_CD44,0.134959737561998,0.18,37,33
782328,Petti2019,Diagnosis,cellchat,HSC MPP,CD4 Memory T,MIF,CD74_CD44,0.127493101226965,0.17,125,33
782328,Petti2019,Diagnosis,cellchat,Late GMP,CD4 Memory T,MIF,CD74_CD44,0.164690119237686,0,436,33
782328,Petti2019,Diagnosis,cellchat,LMPP,CD4 Memory T,MIF,CD74_CD44,0.12386222259654,0.19,262,33
782328,Petti2019,Diagnosis,cellchat,Naive T,CD4 Memory T,MIF,CD74_CD44,0.120640991408452,0.43,19,33
782328,Petti2019,Diagnosis,cellchat,NK,CD4 Memory T,MIF,CD74_CD44,0.120654993933242,0.41,31,33
782328,Petti2019,Diagnosis,cellchat,pDC,CD4 Memory T,MIF,CD74_CD44,0.111841507938976,0.53,99,33
782328,Petti2019,Diagnosis,cellchat,Plasma Cell,CD4 Memory T,MIF,CD74_CD44,0.110526694929384,0.63,39,33
782328,Petti2019,Diagnosis,cellchat,Pro-Monocyte,CD4 Memory T,MIF,CD74_CD44,0.129130452594226,0,1741,33
782328,Petti2019,Diagnosis,cellchat,Cycling Progenitor,CD8 Memory T,MIF,CD74_CD44,0.0948443782128068,0.99,142,81
782328,Petti2019,Diagnosis,cellchat,Late GMP,CD8 Memory T,MIF,CD74_CD44,0.0961874864958722,0.99,436,81
782328,Petti2019,Diagnosis,cellchat,Naive T,CD8 Memory T,MIF,CD74_CD44,0.0689481841365589,0.96,19,81
782328,Petti2019,Diagnosis,cellchat,NK,CD8 Memory T,MIF,CD74_CD44,0.0689566572863311,0.99,31,81
782328,Petti2019,Diagnosis,cellchat,CD4 Memory T,cDC,MIF,CD74_CD44,0.166201652673468,0,33,381
782328,Petti2019,Diagnosis,cellchat,CD8 Memory T,cDC,MIF,CD74_CD44,0.15185451151895,0,81,381
782328,Petti2019,Diagnosis,cellchat,cDC,cDC,MIF,CD74_CD44,0.140482464491835,0,381,381
782328,Petti2019,Diagnosis,cellchat,Cycling Progenitor,cDC,MIF,CD74_CD44,0.202458153944486,0,142,381
782328,Petti2019,Diagnosis,cellchat,Early GMP,cDC,MIF,CD74_CD44,0.192359691400169,0,174,381
782328,Petti2019,Diagnosis,cellchat,EoBasoMast Precursor,cDC,MIF,CD74_CD44,0.169451901045813,0,37,381
782328,Petti2019,Diagnosis,cellchat,HSC MPP,cDC,MIF,CD74_CD44,0.160430898672071,0,125,381
782328,Petti2019,Diagnosis,cellchat,Late GMP,cDC,MIF,CD74_CD44,0.204980091682375,0,436,381
782328,Petti2019,Diagnosis,cellchat,LMPP,cDC,MIF,CD74_CD44,0.156029732123542,0,262,381
782328,Petti2019,Diagnosis,cellchat,Naive T,cDC,MIF,CD74_CD44,0.152117181162162,0.04,19,381
782328,Petti2019,Diagnosis,cellchat,NK,cDC,MIF,CD74_CD44,0.152134205002415,0.01,31,381
782328,Petti2019,Diagnosis,cellchat,pDC,cDC,MIF,CD74_CD44,0.141390990312426,0.04,99,381
782328,Petti2019,Diagnosis,cellchat,Plasma Cell,cDC,MIF,CD74_CD44,0.139783465880516,0.15,39,381
782328,Petti2019,Diagnosis,cellchat,Pro-Monocyte,cDC,MIF,CD74_CD44,0.162412518281607,0,1741,381
782328,Petti2019,Diagnosis,cellchat,CD4 Memory T,Cycling Progenitor,MIF,CD74_CD44,0.156965498246159,0,33,142
782328,Petti2019,Diagnosis,cellchat,CD8 Memory T,Cycling Progenitor,MIF,CD74_CD44,0.143278649434054,0.02,81,142
782328,Petti2019,Diagnosis,cellchat,cDC,Cycling Progenitor,MIF,CD74_CD44,0.132448537839247,0.04,381,142
782328,Petti2019,Diagnosis,cellchat,Cycling Progenitor,Cycling Progenitor,MIF,CD74_CD44,0.191670318892411,0,142,142
782328,Petti2019,Diagnosis,cellchat,Early GMP,Cycling Progenitor,MIF,CD74_CD44,0.181987161621142,0,174,142
782328,Petti2019,Diagnosis,cellchat,EoBasoMast Precursor,Cycling Progenitor,MIF,CD74_CD44,0.160069799233698,0,37,142
782328,Petti2019,Diagnosis,cellchat,HSC MPP,Cycling Progenitor,MIF,CD74_CD44,0.151457183593225,0,125,142
782328,Petti2019,Diagnosis,cellchat,Late GMP,Cycling Progenitor,MIF,CD74_CD44,0.194090579774237,0,436,142
782328,Petti2019,Diagnosis,cellchat,LMPP,Cycling Progenitor,MIF,CD74_CD44,0.147259017155123,0,262,142
782328,Petti2019,Diagnosis,cellchat,Naive T,Cycling Progenitor,MIF,CD74_CD44,0.143528995340264,0.12,19,142
782328,Petti2019,Diagnosis,cellchat,NK,Cycling Progenitor,MIF,CD74_CD44,0.143545220770944,0.09,31,142
782328,Petti2019,Diagnosis,cellchat,pDC,Cycling Progenitor,MIF,CD74_CD44,0.133313165417042,0.17,99,142
782328,Petti2019,Diagnosis,cellchat,Plasma Cell,Cycling Progenitor,MIF,CD74_CD44,0.13178338466075,0.28,39,142
782328,Petti2019,Diagnosis,cellchat,Pro-Monocyte,Cycling Progenitor,MIF,CD74_CD44,0.153348206572963,0,1741,142
782328,Petti2019,Diagnosis,cellchat,CD4 Memory T,Early GMP,MIF,CD74_CD44,0.169391883403966,0,33,174
782328,Petti2019,Diagnosis,cellchat,CD8 Memory T,Early GMP,MIF,CD74_CD44,0.154820484885976,0,81,174
782328,Petti2019,Diagnosis,cellchat,cDC,Early GMP,MIF,CD74_CD44,0.143263841112623,0,381,174
782328,Petti2019,Diagnosis,cellchat,Cycling Progenitor,Early GMP,MIF,CD74_CD44,0.20617224151439,0,142,174
782328,Petti2019,Diagnosis,cellchat,Early GMP,Early GMP,MIF,CD74_CD44,0.195934035310405,0,174,174
782328,Petti2019,Diagnosis,cellchat,EoBasoMast Precursor,Early GMP,MIF,CD74_CD44,0.172691598581936,0,37,174
782328,Petti2019,Diagnosis,cellchat,HSC MPP,Early GMP,MIF,CD74_CD44,0.163532085200348,0,125,174
782328,Petti2019,Diagnosis,cellchat,Late GMP,Early GMP,MIF,CD74_CD44,0.208728335921506,0,436,174
782328,Petti2019,Diagnosis,cellchat,LMPP,Early GMP,MIF,CD74_CD44,0.159061960769553,0,262,174
782328,Petti2019,Diagnosis,cellchat,Naive T,Early GMP,MIF,CD74_CD44,0.155087346794363,0.03,19,174
782328,Petti2019,Diagnosis,cellchat,NK,Early GMP,MIF,CD74_CD44,0.155104642227445,0,31,174
782328,Petti2019,Diagnosis,cellchat,pDC,Early GMP,MIF,CD74_CD44,0.144187337104695,0,99,174
782328,Petti2019,Diagnosis,cellchat,Plasma Cell,Early GMP,MIF,CD74_CD44,0.142553298489903,0.06,39,174
782328,Petti2019,Diagnosis,cellchat,Pro-Monocyte,Early GMP,MIF,CD74_CD44,0.165544457243707,0,1741,174
782328,Petti2019,Diagnosis,cellchat,Naive T,EoBasoMast Precursor,MIF,CD74_CD44,0.0394557350640894,0.99,19,37
782328,Petti2019,Diagnosis,cellchat,NK,EoBasoMast Precursor,MIF,CD74_CD44,0.0394607374525232,0.99,31,37
782328,Petti2019,Diagnosis,cellchat,CD4 Memory T,HSC MPP,MIF,CD74_CD44,0.176317723279869,0,33,125
782328,Petti2019,Diagnosis,cellchat,CD8 Memory T,HSC MPP,MIF,CD74_CD44,0.161266223416686,0,81,125
782328,Petti2019,Diagnosis,cellchat,cDC,HSC MPP,MIF,CD74_CD44,0.149313435999306,0,381,125
782328,Petti2019,Diagnosis,cellchat,Cycling Progenitor,HSC MPP,MIF,CD74_CD44,0.214214065654658,0,142,125
782328,Petti2019,Diagnosis,cellchat,Early GMP,HSC MPP,MIF,CD74_CD44,0.203678977712303,0,174,125
782328,Petti2019,Diagnosis,cellchat,EoBasoMast Precursor,HSC MPP,MIF,CD74_CD44,0.179723160213717,0,37,125
782328,Petti2019,Diagnosis,cellchat,HSC MPP,HSC MPP,MIF,CD74_CD44,0.17026745165523,0,125,125
782328,Petti2019,Diagnosis,cellchat,Late GMP,HSC MPP,MIF,CD74_CD44,0.216842626949488,0,436,125
782328,Petti2019,Diagnosis,cellchat,LMPP,HSC MPP,MIF,CD74_CD44,0.165649677227665,0,262,125
782328,Petti2019,Diagnosis,cellchat,Naive T,HSC MPP,MIF,CD74_CD44,0.161542072179925,0,19,125
782328,Petti2019,Diagnosis,cellchat,NK,HSC MPP,MIF,CD74_CD44,0.161559949804624,0,31,125
782328,Petti2019,Diagnosis,cellchat,pDC,HSC MPP,MIF,CD74_CD44,0.150269088548433,0,99,125
782328,Petti2019,Diagnosis,cellchat,Plasma Cell,HSC MPP,MIF,CD74_CD44,0.14857809273329,0.03,39,125
782328,Petti2019,Diagnosis,cellchat,Pro-Monocyte,HSC MPP,MIF,CD74_CD44,0.172345629668877,0,1741,125
782328,Petti2019,Diagnosis,cellchat,CD4 Memory T,Late GMP,MIF,CD74_CD44,0.134431297377057,0.13,33,436
782328,Petti2019,Diagnosis,cellchat,CD8 Memory T,Late GMP,MIF,CD74_CD44,0.122424012957019,0.37,81,436
782328,Petti2019,Diagnosis,cellchat,cDC,Late GMP,MIF,CD74_CD44,0.112962407303402,0.38,381,436
782328,Petti2019,Diagnosis,cellchat,Cycling Progenitor,Late GMP,MIF,CD74_CD44,0.16512974766998,0,142,436
782328,Petti2019,Diagnosis,cellchat,Early GMP,Late GMP,MIF,CD74_CD44,0.15652777409161,0,174,436
782328,Petti2019,Diagnosis,cellchat,EoBasoMast Precursor,Late GMP,MIF,CD74_CD44,0.137162449246193,0.19,37,436
782328,Petti2019,Diagnosis,cellchat,HSC MPP,Late GMP,MIF,CD74_CD44,0.129592204714803,0.14,125,436
782328,Petti2019,Diagnosis,cellchat,Late GMP,Late GMP,MIF,CD74_CD44,0.167284231256346,0,436,436
782328,Petti2019,Diagnosis,cellchat,LMPP,Late GMP,MIF,CD74_CD44,0.125910172495511,0.22,262,436
782328,Petti2019,Diagnosis,cellchat,Naive T,Late GMP,MIF,CD74_CD44,0.122643136599787,0.43,19,436
782328,Petti2019,Diagnosis,cellchat,NK,Late GMP,MIF,CD74_CD44,0.122657339094876,0.35,31,436
782328,Petti2019,Diagnosis,cellchat,pDC,Late GMP,MIF,CD74_CD44,0.113716502748223,0.5,99,436
782328,Petti2019,Diagnosis,cellchat,Plasma Cell,Late GMP,MIF,CD74_CD44,0.112382436360215,0.58,39,436
782328,Petti2019,Diagnosis,cellchat,Pro-Monocyte,Late GMP,MIF,CD74_CD44,0.131252458824544,0,1741,436
782328,Petti2019,Diagnosis,cellchat,CD4 Memory T,LMPP,MIF,CD74_CD44,0.184553181013544,0,33,262
782328,Petti2019,Diagnosis,cellchat,CD8 Memory T,LMPP,MIF,CD74_CD44,0.168942850362895,0,81,262
782328,Petti2019,Diagnosis,cellchat,cDC,LMPP,MIF,CD74_CD44,0.156527268709516,0,381,262
782328,Petti2019,Diagnosis,cellchat,Cycling Progenitor,LMPP,MIF,CD74_CD44,0.22373878097786,0,142,262
782328,Petti2019,Diagnosis,cellchat,Early GMP,LMPP,MIF,CD74_CD44,0.212862158378095,0,174,262
782328,Petti2019,Diagnosis,cellchat,EoBasoMast Precursor,LMPP,MIF,CD74_CD44,0.188081358877381,0,37,262
782328,Petti2019,Diagnosis,cellchat,HSC MPP,LMPP,MIF,CD74_CD44,0.178281479408232,0,125,262
782328,Petti2019,Diagnosis,cellchat,Late GMP,LMPP,MIF,CD74_CD44,0.226450535923616,0,436,262
782328,Petti2019,Diagnosis,cellchat,LMPP,LMPP,MIF,CD74_CD44,0.173491804542217,0,262,262
782328,Petti2019,Diagnosis,cellchat,Monocyte,LMPP,MIF,CD74_CD44,0.101400894535756,0.98,8890,262
782328,Petti2019,Diagnosis,cellchat,Naive T,LMPP,MIF,CD74_CD44,0.169229180723946,0,19,262
782328,Petti2019,Diagnosis,cellchat,NK,LMPP,MIF,CD74_CD44,0.169247737346575,0,31,262
782328,Petti2019,Diagnosis,cellchat,pDC,LMPP,MIF,CD74_CD44,0.157520542653367,0,99,262
782328,Petti2019,Diagnosis,cellchat,Plasma Cell,LMPP,MIF,CD74_CD44,0.155762903611621,0,39,262
782328,Petti2019,Diagnosis,cellchat,Pro-Monocyte,LMPP,MIF,CD74_CD44,0.180436200651923,0,1741,262
782328,Petti2019,Diagnosis,cellchat,CD4 Memory T,Monocyte,MIF,CD74_CD44,0.183973285338043,0,33,8890
782328,Petti2019,Diagnosis,cellchat,CD8 Memory T,Monocyte,MIF,CD74_CD44,0.16840187526187,0,81,8890
782328,Petti2019,Diagnosis,cellchat,cDC,Monocyte,MIF,CD74_CD44,0.15601858614979,0,381,8890
782328,Petti2019,Diagnosis,cellchat,Cycling Progenitor,Monocyte,MIF,CD74_CD44,0.223069439974901,0,142,8890
782328,Petti2019,Diagnosis,cellchat,Early GMP,Monocyte,MIF,CD74_CD44,0.212216460555755,0,174,8890
782328,Petti2019,Diagnosis,cellchat,EoBasoMast Precursor,Monocyte,MIF,CD74_CD44,0.187492926091044,0,37,8890
782328,Petti2019,Diagnosis,cellchat,HSC MPP,Monocyte,MIF,CD74_CD44,0.177716995583903,0,125,8890
782328,Petti2019,Diagnosis,cellchat,Late GMP,Monocyte,MIF,CD74_CD44,0.2257754419148,0,436,8890
782328,Petti2019,Diagnosis,cellchat,LMPP,Monocyte,MIF,CD74_CD44,0.172939294329465,0,262,8890
782328,Petti2019,Diagnosis,cellchat,Naive T,Monocyte,MIF,CD74_CD44,0.16868747486352,0,19,8890
782328,Petti2019,Diagnosis,cellchat,NK,Monocyte,MIF,CD74_CD44,0.168705984148519,0,31,8890
782328,Petti2019,Diagnosis,cellchat,pDC,Monocyte,MIF,CD74_CD44,0.157009233019763,0,99,8890
782328,Petti2019,Diagnosis,cellchat,Plasma Cell,Monocyte,MIF,CD74_CD44,0.155256247855707,0,39,8890
782328,Petti2019,Diagnosis,cellchat,Pro-Monocyte,Monocyte,MIF,CD74_CD44,0.179866387796201,0,1741,8890
782328,Petti2019,Diagnosis,cellchat,CD4 Memory T,Naive T,MIF,CD74_CD44,0.101935376023226,0.75,33,19
782328,Petti2019,Diagnosis,cellchat,CD8 Memory T,Naive T,MIF,CD74_CD44,0.0925203505198559,0.93,81,19
782328,Petti2019,Diagnosis,cellchat,cDC,Naive T,MIF,CD74_CD44,0.0851456321167261,0.99,381,19
782328,Petti2019,Diagnosis,cellchat,Cycling Progenitor,Naive T,MIF,CD74_CD44,0.126295886521756,0.16,142,19
782328,Petti2019,Diagnosis,cellchat,Early GMP,Naive T,MIF,CD74_CD44,0.119427474540245,0.3,174,19
782328,Petti2019,Diagnosis,cellchat,EoBasoMast Precursor,Naive T,MIF,CD74_CD44,0.1040857193794,0.72,37,19
782328,Petti2019,Diagnosis,cellchat,HSC MPP,Naive T,MIF,CD74_CD44,0.0981334119954833,0.83,125,19
782328,Petti2019,Diagnosis,cellchat,Late GMP,Naive T,MIF,CD74_CD44,0.1280213911186,0.08,436,19
782328,Petti2019,Diagnosis,cellchat,LMPP,Naive T,MIF,CD74_CD44,0.0952473916869609,0.91,262,19
782328,Petti2019,Diagnosis,cellchat,Naive T,Naive T,MIF,CD74_CD44,0.092691603662315,0.8,19,19
782328,Petti2019,Diagnosis,cellchat,NK,Naive T,MIF,CD74_CD44,0.0927027041526663,0.87,31,19
782328,Petti2019,Diagnosis,cellchat,pDC,Naive T,MIF,CD74_CD44,0.085731980346777,0.98,99,19
782328,Petti2019,Diagnosis,cellchat,Plasma Cell,Naive T,MIF,CD74_CD44,0.0846948416806288,0.98,39,19
782328,Petti2019,Diagnosis,cellchat,Pro-Monocyte,Naive T,MIF,CD74_CD44,0.0994366785524415,0.8,1741,19
782328,Petti2019,Diagnosis,cellchat,CD4 Memory T,NK,MIF,CD74_CD44,0.0809714210945241,0.99,33,31
782328,Petti2019,Diagnosis,cellchat,Cycling Progenitor,NK,MIF,CD74_CD44,0.100884764970973,0.87,142,31
782328,Petti2019,Diagnosis,cellchat,Early GMP,NK,MIF,CD74_CD44,0.0952476445889964,0.98,174,31
782328,Petti2019,Diagnosis,cellchat,EoBasoMast Precursor,NK,MIF,CD74_CD44,0.0827202607215555,0.98,37,31
782328,Petti2019,Diagnosis,cellchat,Late GMP,NK,MIF,CD74_CD44,0.102303744349519,0.85,436,31
782328,Petti2019,Diagnosis,cellchat,Naive T,NK,MIF,CD74_CD44,0.0734731845421031,0.95,19,31
782328,Petti2019,Diagnosis,cellchat,NK,NK,MIF,CD74_CD44,0.0734821698879217,0.99,31,31
782328,Petti2019,Diagnosis,cellchat,CD4 Memory T,pDC,MIF,CD74_CD44,0.181348353470174,0,33,99
782328,Petti2019,Diagnosis,cellchat,CD8 Memory T,pDC,MIF,CD74_CD44,0.165953933430685,0,81,99
782328,Petti2019,Diagnosis,cellchat,cDC,pDC,MIF,CD74_CD44,0.153717378056446,0,381,99
782328,Petti2019,Diagnosis,cellchat,Cycling Progenitor,pDC,MIF,CD74_CD44,0.220037098156433,0,142,99
782328,Petti2019,Diagnosis,cellchat,Early GMP,pDC,MIF,CD74_CD44,0.209291908325568,0,174,99
782328,Petti2019,Diagnosis,cellchat,EoBasoMast Precursor,pDC,MIF,CD74_CD44,0.184829150348271,0,37,99
782328,Petti2019,Diagnosis,cellchat,HSC MPP,pDC,MIF,CD74_CD44,0.175162167586489,0,125,99
782328,Petti2019,Diagnosis,cellchat,Late GMP,pDC,MIF,CD74_CD44,0.222716860253196,0,436,99
782328,Petti2019,Diagnosis,cellchat,LMPP,pDC,MIF,CD74_CD44,0.170438913351861,0,262,99
782328,Petti2019,Diagnosis,cellchat,Monocyte,pDC,MIF,CD74_CD44,0.0994639066713856,0.98,8890,99
782328,Petti2019,Diagnosis,cellchat,Naive T,pDC,MIF,CD74_CD44,0.166236211364478,0,19,99
782328,Petti2019,Diagnosis,cellchat,NK,pDC,MIF,CD74_CD44,0.166254505474377,0,31,99
782328,Petti2019,Diagnosis,cellchat,pDC,pDC,MIF,CD74_CD44,0.154696091516077,0,99,99
782328,Petti2019,Diagnosis,cellchat,Plasma Cell,pDC,MIF,CD74_CD44,0.152964246022562,0,39,99
782328,Petti2019,Diagnosis,cellchat,Pro-Monocyte,pDC,MIF,CD74_CD44,0.177287322519442,0,1741,99
782328,Petti2019,Diagnosis,cellchat,Naive T,Plasma Cell,MIF,CD74_CD44,0.0512258383672214,0.96,19,39
782328,Petti2019,Diagnosis,cellchat,NK,Plasma Cell,MIF,CD74_CD44,0.0512322534333626,0.99,31,39
782328,Petti2019,Diagnosis,cellchat,CD4 Memory T,Pro-Monocyte,MIF,CD74_CD44,0.138676271731181,0.11,33,1741
782328,Petti2019,Diagnosis,cellchat,CD8 Memory T,Pro-Monocyte,MIF,CD74_CD44,0.126345174732434,0.32,81,1741
782328,Petti2019,Diagnosis,cellchat,cDC,Pro-Monocyte,MIF,CD74_CD44,0.116620792080433,0.15,381,1741
782328,Petti2019,Diagnosis,cellchat,Cycling Progenitor,Pro-Monocyte,MIF,CD74_CD44,0.170153536017979,0,142,1741
782328,Petti2019,Diagnosis,cellchat,Early GMP,Pro-Monocyte,MIF,CD74_CD44,0.161340436322523,0,174,1741
782328,Petti2019,Diagnosis,cellchat,EoBasoMast Precursor,Pro-Monocyte,MIF,CD74_CD44,0.141479569394125,0.1,37,1741
782328,Petti2019,Diagnosis,cellchat,HSC MPP,Pro-Monocyte,MIF,CD74_CD44,0.133707978175844,0.08,125,1741
782328,Petti2019,Diagnosis,cellchat,Late GMP,Pro-Monocyte,MIF,CD74_CD44,0.172360033909497,0,436,1741
782328,Petti2019,Diagnosis,cellchat,LMPP,Pro-Monocyte,MIF,CD74_CD44,0.129926462352281,0.2,262,1741
782328,Petti2019,Diagnosis,cellchat,Naive T,Pro-Monocyte,MIF,CD74_CD44,0.126570304521136,0.37,19,1741
782328,Petti2019,Diagnosis,cellchat,NK,Pro-Monocyte,MIF,CD74_CD44,0.126584896180209,0.31,31,1741
782328,Petti2019,Diagnosis,cellchat,pDC,Pro-Monocyte,MIF,CD74_CD44,0.117396077391728,0.35,99,1741
782328,Petti2019,Diagnosis,cellchat,Plasma Cell,Pro-Monocyte,MIF,CD74_CD44,0.116024495076497,0.52,39,1741
782328,Petti2019,Diagnosis,cellchat,Pro-Monocyte,Pro-Monocyte,MIF,CD74_CD44,0.135412757783315,0,1741,1741
782328,Petti2019,Diagnosis,cellchat,CD4 Memory T,CD4 Memory T,IL16,CD4,0.0130559617637306,0,33,33
782328,Petti2019,Diagnosis,cellchat,CD8 Memory T,CD4 Memory T,IL16,CD4,0.0148001169582619,0,81,33
782328,Petti2019,Diagnosis,cellchat,cDC,CD4 Memory T,IL16,CD4,0.00860588738190021,0,381,33
782328,Petti2019,Diagnosis,cellchat,Cycling Progenitor,CD4 Memory T,IL16,CD4,0.00486654078805243,0,142,33
782328,Petti2019,Diagnosis,cellchat,Early GMP,CD4 Memory T,IL16,CD4,0.00621999462389776,0,174,33
782328,Petti2019,Diagnosis,cellchat,HSC MPP,CD4 Memory T,IL16,CD4,0.00729289646345889,0,125,33
782328,Petti2019,Diagnosis,cellchat,LMPP,CD4 Memory T,IL16,CD4,0.00804510308410305,0,262,33
782328,Petti2019,Diagnosis,cellchat,NK,CD4 Memory T,IL16,CD4,0.0130937988818732,0,31,33
782328,Petti2019,Diagnosis,cellchat,pDC,CD4 Memory T,IL16,CD4,0.00761265656833197,0,99,33
782328,Petti2019,Diagnosis,cellchat,Plasma Cell,CD4 Memory T,IL16,CD4,0.00423521589557733,0,39,33
782328,Petti2019,Diagnosis,cellchat,CD4 Memory T,cDC,IL16,CD4,0.00283375025495406,0.01,33,381
782328,Petti2019,Diagnosis,cellchat,CD8 Memory T,cDC,IL16,CD4,0.00321676386124407,0,81,381
782328,Petti2019,Diagnosis,cellchat,cDC,cDC,IL16,CD4,0.00186130641633461,0,381,381
782328,Petti2019,Diagnosis,cellchat,Cycling Progenitor,cDC,IL16,CD4,0.00104944743457062,0.03,142,381
782328,Petti2019,Diagnosis,cellchat,Early GMP,cDC,IL16,CD4,0.00134274602524582,0.01,174,381
782328,Petti2019,Diagnosis,cellchat,HSC MPP,cDC,IL16,CD4,0.00157569342755606,0,125,381
782328,Petti2019,Diagnosis,cellchat,LMPP,cDC,IL16,CD4,0.00173924732521955,0,262,381
782328,Petti2019,Diagnosis,cellchat,NK,cDC,IL16,CD4,0.00284204797604395,0,31,381
782328,Petti2019,Diagnosis,cellchat,pDC,cDC,IL16,CD4,0.00164519580307705,0,99,381
782328,Petti2019,Diagnosis,cellchat,Plasma Cell,cDC,IL16,CD4,0.000912850848346048,0.1,39,381
782328,Petti2019,Diagnosis,cellchat,CD4 Memory T,Monocyte,IL16,CD4,0.0035611653710506,0,33,8890
782328,Petti2019,Diagnosis,cellchat,CD8 Memory T,Monocyte,IL16,CD4,0.00404209886895505,0,81,8890
782328,Petti2019,Diagnosis,cellchat,cDC,Monocyte,IL16,CD4,0.00233968384101459,0,381,8890
782328,Petti2019,Diagnosis,cellchat,Cycling Progenitor,Monocyte,IL16,CD4,0.00131944347129564,0,142,8890
782328,Petti2019,Diagnosis,cellchat,Early GMP,Monocyte,IL16,CD4,0.00168807278979241,0,174,8890
782328,Petti2019,Diagnosis,cellchat,HSC MPP,Monocyte,IL16,CD4,0.00198081066230166,0,125,8890
782328,Petti2019,Diagnosis,cellchat,LMPP,Monocyte,IL16,CD4,0.00218632285622952,0,262,8890
782328,Petti2019,Diagnosis,cellchat,NK,Monocyte,IL16,CD4,0.00357158546294143,0,31,8890
782328,Petti2019,Diagnosis,cellchat,pDC,Monocyte,IL16,CD4,0.00206814536854413,0,99,8890
782328,Petti2019,Diagnosis,cellchat,Plasma Cell,Monocyte,IL16,CD4,0.00114774444754381,0.07,39,8890
782328,Petti2019,Diagnosis,cellchat,CD4 Memory T,Naive T,IL16,CD4,0.00426367147167544,0,33,19
782328,Petti2019,Diagnosis,cellchat,CD8 Memory T,Naive T,IL16,CD4,0.00483901731331895,0,81,19
782328,Petti2019,Diagnosis,cellchat,cDC,Naive T,IL16,CD4,0.00280190755291578,0,381,19
782328,Petti2019,Diagnosis,cellchat,Cycling Progenitor,Naive T,IL16,CD4,0.00158042963274955,0.01,142,19
782328,Petti2019,Diagnosis,cellchat,Early GMP,Naive T,IL16,CD4,0.00202182628216046,0,174,19
782328,Petti2019,Diagnosis,cellchat,HSC MPP,Naive T,IL16,CD4,0.00237230462438011,0,125,19
782328,Petti2019,Diagnosis,cellchat,LMPP,Naive T,IL16,CD4,0.00261832836451276,0,262,19
782328,Petti2019,Diagnosis,cellchat,NK,Naive T,IL16,CD4,0.00427613829922681,0,31,19
782328,Petti2019,Diagnosis,cellchat,pDC,Naive T,IL16,CD4,0.00247685761224773,0,99,19
782328,Petti2019,Diagnosis,cellchat,Plasma Cell,Naive T,IL16,CD4,0.0013748152637997,0.04,39,19
782328,Petti2019,Diagnosis,cellchat,NK,CD4 Memory T,FASLG,FAS,0.00383213451809604,0,31,33
782328,Petti2019,Diagnosis,cellchat,Cycling Progenitor,CD4 Memory T,TNFSF4,TNFRSF4,0.012521868905509,0,142,33
782328,Petti2019,Diagnosis,cellchat,Early GMP,CD4 Memory T,TNFSF4,TNFRSF4,0.00587700763185383,0,174,33
782328,Petti2019,Diagnosis,cellchat,HSC MPP,CD4 Memory T,TNFSF4,TNFRSF4,0.00771037034117065,0,125,33
782328,Petti2019,Diagnosis,cellchat,LMPP,CD4 Memory T,TNFSF4,TNFRSF4,0.0208867102073355,0,262,33
782328,Petti2019,Diagnosis,cellchat,cDC,Plasma Cell,TNFSF13,TNFRSF17,0.00868243121266298,0,381,39
782328,Petti2019,Diagnosis,cellchat,Monocyte,Plasma Cell,TNFSF13,TNFRSF17,0.0132436870484098,0,8890,39
782328,Petti2019,Diagnosis,cellchat,pDC,Plasma Cell,TNFSF13,TNFRSF17,0.00578575713269314,0,99,39
782328,Petti2019,Diagnosis,cellchat,cDC,Plasma Cell,TNFSF13,TNFRSF13B,0.00319493925231705,0,381,39
782328,Petti2019,Diagnosis,cellchat,Monocyte,Plasma Cell,TNFSF13,TNFRSF13B,0.00488759216783651,0,8890,39
782328,Petti2019,Diagnosis,cellchat,pDC,Plasma Cell,TNFSF13,TNFRSF13B,0.00212510375530498,0,99,39
782328,Petti2019,Diagnosis,cellchat,cDC,Plasma Cell,TNFSF13B,TNFRSF17,0.038022095146419,0,381,39
782328,Petti2019,Diagnosis,cellchat,Cycling Progenitor,Plasma Cell,TNFSF13B,TNFRSF17,0.0542759315708273,0,142,39
782328,Petti2019,Diagnosis,cellchat,Early GMP,Plasma Cell,TNFSF13B,TNFRSF17,0.0621195036731648,0,174,39
782328,Petti2019,Diagnosis,cellchat,HSC MPP,Plasma Cell,TNFSF13B,TNFRSF17,0.043417841437711,0,125,39
782328,Petti2019,Diagnosis,cellchat,Late GMP,Plasma Cell,TNFSF13B,TNFRSF17,0.0485288172334116,0,436,39
782328,Petti2019,Diagnosis,cellchat,LMPP,Plasma Cell,TNFSF13B,TNFRSF17,0.0613869020085209,0,262,39
782328,Petti2019,Diagnosis,cellchat,Monocyte,Plasma Cell,TNFSF13B,TNFRSF17,0.0505125788949644,0,8890,39
782328,Petti2019,Diagnosis,cellchat,pDC,Plasma Cell,TNFSF13B,TNFRSF17,0.0334212143533274,0,99,39
782328,Petti2019,Diagnosis,cellchat,Pro-Monocyte,Plasma Cell,TNFSF13B,TNFRSF17,0.0510484968298139,0,1741,39
782328,Petti2019,Diagnosis,cellchat,cDC,Plasma Cell,TNFSF13B,TNFRSF13B,0.0142579812500991,0,381,39
782328,Petti2019,Diagnosis,cellchat,Cycling Progenitor,Plasma Cell,TNFSF13B,TNFRSF13B,0.0205702680282011,0,142,39
782328,Petti2019,Diagnosis,cellchat,Early GMP,Plasma Cell,TNFSF13B,TNFRSF13B,0.0236648214942451,0,174,39
782328,Petti2019,Diagnosis,cellchat,HSC MPP,Plasma Cell,TNFSF13B,TNFRSF13B,0.0163386208486739,0,125,39
782328,Petti2019,Diagnosis,cellchat,Late GMP,Plasma Cell,TNFSF13B,TNFRSF13B,0.018322996861647,0,436,39
782328,Petti2019,Diagnosis,cellchat,LMPP,Plasma Cell,TNFSF13B,TNFRSF13B,0.0233744295010774,0,262,39
782328,Petti2019,Diagnosis,cellchat,Monocyte,Plasma Cell,TNFSF13B,TNFRSF13B,0.0190967870790639,0,8890,39
782328,Petti2019,Diagnosis,cellchat,pDC,Plasma Cell,TNFSF13B,TNFRSF13B,0.0124953361731888,0,99,39
782328,Petti2019,Diagnosis,cellchat,Pro-Monocyte,Plasma Cell,TNFSF13B,TNFRSF13B,0.0193061734832318,0,1741,39
782328,Petti2019,Diagnosis,cellchat,CD4 Memory T,cDC,CD40LG,ITGA5_ITGB1,0.0066093353029013,0,33,381
782328,Petti2019,Diagnosis,cellchat,Naive T,cDC,CD40LG,ITGA5_ITGB1,0.00282204528373528,0,19,381
782328,Petti2019,Diagnosis,cellchat,CD4 Memory T,Cycling Progenitor,CD40LG,ITGA5_ITGB1,0.0182306420832772,0,33,142
782328,Petti2019,Diagnosis,cellchat,Naive T,Cycling Progenitor,CD40LG,ITGA5_ITGB1,0.0078366288809521,0,19,142
782328,Petti2019,Diagnosis,cellchat,CD4 Memory T,Early GMP,CD40LG,ITGA5_ITGB1,0.0167052754670394,0,33,174
782328,Petti2019,Diagnosis,cellchat,Naive T,Early GMP,CD40LG,ITGA5_ITGB1,0.00717457896860759,0,19,174
782328,Petti2019,Diagnosis,cellchat,CD4 Memory T,HSC MPP,CD40LG,ITGA5_ITGB1,0.00850483573837748,0,33,125
782328,Petti2019,Diagnosis,cellchat,Naive T,HSC MPP,CD40LG,ITGA5_ITGB1,0.00363535842339612,0,19,125
782328,Petti2019,Diagnosis,cellchat,CD4 Memory T,Late GMP,CD40LG,ITGA5_ITGB1,0.00684462668450047,0,33,436
782328,Petti2019,Diagnosis,cellchat,Naive T,Late GMP,CD40LG,ITGA5_ITGB1,0.00292290639660776,0,19,436
782328,Petti2019,Diagnosis,cellchat,CD4 Memory T,LMPP,CD40LG,ITGA5_ITGB1,0.0114505094400434,0,33,262
782328,Petti2019,Diagnosis,cellchat,Naive T,LMPP,CD40LG,ITGA5_ITGB1,0.00490281481113196,0,19,262
782328,Petti2019,Diagnosis,cellchat,CD4 Memory T,pDC,CD40LG,ITGA5_ITGB1,0.00601936280237016,0,33,99
782328,Petti2019,Diagnosis,cellchat,Naive T,pDC,CD40LG,ITGA5_ITGB1,0.00256926524011809,0,19,99
782328,Petti2019,Diagnosis,cellchat,CD4 Memory T,Pro-Monocyte,CD40LG,ITGA5_ITGB1,0.00769057541119978,0,33,1741
782328,Petti2019,Diagnosis,cellchat,Naive T,Pro-Monocyte,CD40LG,ITGA5_ITGB1,0.00328576107681467,0,19,1741
782328,Petti2019,Diagnosis,cellchat,CD4 Memory T,Monocyte,CD40LG,ITGAM_ITGB2,0.0450734866151675,0,33,8890
782328,Petti2019,Diagnosis,cellchat,Naive T,Monocyte,CD40LG,ITGAM_ITGB2,0.0196821133263223,0,19,8890
782328,Petti2019,Diagnosis,cellchat,CD4 Memory T,NK,CD40LG,ITGAM_ITGB2,0.0317066674925078,0,33,31
782328,Petti2019,Diagnosis,cellchat,Naive T,NK,CD40LG,ITGAM_ITGB2,0.013736940678762,0,19,31
782328,Petti2019,Diagnosis,cellchat,CD4 Memory T,Pro-Monocyte,CD40LG,ITGAM_ITGB2,0.0223955269387,0,33,1741
782328,Petti2019,Diagnosis,cellchat,Naive T,Pro-Monocyte,CD40LG,ITGAM_ITGB2,0.00965028821057096,0,19,1741
782328,Petti2019,Diagnosis,cellchat,Late GMP,CD4 Memory T,RETN,CAP1,0.0082219476001818,0,436,33
782328,Petti2019,Diagnosis,cellchat,Pro-Monocyte,CD4 Memory T,RETN,CAP1,0.00984642811075049,0,1741,33
782328,Petti2019,Diagnosis,cellchat,Late GMP,CD8 Memory T,RETN,CAP1,0.0112229077616127,0,436,81
782328,Petti2019,Diagnosis,cellchat,Pro-Monocyte,CD8 Memory T,RETN,CAP1,0.0134322832720715,0,1741,81
782328,Petti2019,Diagnosis,cellchat,Late GMP,cDC,RETN,CAP1,0.0109716336138755,0,436,381
782328,Petti2019,Diagnosis,cellchat,Pro-Monocyte,cDC,RETN,CAP1,0.0131321995151703,0,1741,381
782328,Petti2019,Diagnosis,cellchat,Late GMP,Cycling Progenitor,RETN,CAP1,0.00724746221752108,0,436,142
782328,Petti2019,Diagnosis,cellchat,Pro-Monocyte,Cycling Progenitor,RETN,CAP1,0.00868109060725268,0,1741,142
782328,Petti2019,Diagnosis,cellchat,Late GMP,Early GMP,RETN,CAP1,0.00582901442582649,0,436,174
782328,Petti2019,Diagnosis,cellchat,Pro-Monocyte,Early GMP,RETN,CAP1,0.0069840320324197,0,1741,174
782328,Petti2019,Diagnosis,cellchat,Late GMP,EoBasoMast Precursor,RETN,CAP1,0.00288023990166716,0,436,37
782328,Petti2019,Diagnosis,cellchat,Pro-Monocyte,EoBasoMast Precursor,RETN,CAP1,0.00345298805308532,0,1741,37
782328,Petti2019,Diagnosis,cellchat,Late GMP,HSC MPP,RETN,CAP1,0.00524928654314579,0,436,125
782328,Petti2019,Diagnosis,cellchat,Pro-Monocyte,HSC MPP,RETN,CAP1,0.00629015803448587,0,1741,125
782328,Petti2019,Diagnosis,cellchat,Late GMP,Late GMP,RETN,CAP1,0.00745375603156474,0,436,436
782328,Petti2019,Diagnosis,cellchat,Pro-Monocyte,Late GMP,RETN,CAP1,0.00892782464596357,0,1741,436
782328,Petti2019,Diagnosis,cellchat,Late GMP,LMPP,RETN,CAP1,0.0057023060180338,0,436,262
782328,Petti2019,Diagnosis,cellchat,Pro-Monocyte,LMPP,RETN,CAP1,0.00683238893663251,0,1741,262
782328,Petti2019,Diagnosis,cellchat,Late GMP,Monocyte,RETN,CAP1,0.0102866199920681,0,436,8890
782328,Petti2019,Diagnosis,cellchat,Pro-Monocyte,Monocyte,RETN,CAP1,0.0123139705433955,0,1741,8890
782328,Petti2019,Diagnosis,cellchat,Late GMP,Naive T,RETN,CAP1,0.00306680661755897,0,436,19
782328,Petti2019,Diagnosis,cellchat,Pro-Monocyte,Naive T,RETN,CAP1,0.00367651757536644,0,1741,19
782328,Petti2019,Diagnosis,cellchat,Late GMP,NK,RETN,CAP1,0.0118751020321633,0,436,31
782328,Petti2019,Diagnosis,cellchat,Pro-Monocyte,NK,RETN,CAP1,0.014211025171182,0,1741,31
782328,Petti2019,Diagnosis,cellchat,Late GMP,pDC,RETN,CAP1,0.00697316990313159,0,436,99
782328,Petti2019,Diagnosis,cellchat,Pro-Monocyte,pDC,RETN,CAP1,0.00835299675766616,0,1741,99
782328,Petti2019,Diagnosis,cellchat,Late GMP,Plasma Cell,RETN,CAP1,0.000893069312376163,0,436,39
782328,Petti2019,Diagnosis,cellchat,Pro-Monocyte,Plasma Cell,RETN,CAP1,0.00107108447413952,0,1741,39
782328,Petti2019,Diagnosis,cellchat,Late GMP,Pro-Monocyte,RETN,CAP1,0.00926145063646692,0,436,1741
782328,Petti2019,Diagnosis,cellchat,Pro-Monocyte,Pro-Monocyte,RETN,CAP1,0.0110890182707126,0,1741,1741
782328,Petti2019,Diagnosis,cellchat,Cycling Progenitor,cDC,NAMPT,ITGA5_ITGB1,0.000698354763432808,0.46,142,381
782328,Petti2019,Diagnosis,cellchat,Early GMP,cDC,NAMPT,ITGA5_ITGB1,0.000807932396661973,0.46,174,381
782328,Petti2019,Diagnosis,cellchat,Monocyte,cDC,NAMPT,ITGA5_ITGB1,0.00736490220290105,0,8890,381
782328,Petti2019,Diagnosis,cellchat,Cycling Progenitor,Cycling Progenitor,NAMPT,ITGA5_ITGB1,0.00194665072056488,0.42,142,142
782328,Petti2019,Diagnosis,cellchat,Early GMP,Cycling Progenitor,NAMPT,ITGA5_ITGB1,0.00225165496949365,0.41,174,142
782328,Petti2019,Diagnosis,cellchat,Monocyte,Cycling Progenitor,NAMPT,ITGA5_ITGB1,0.0202876031910364,0,8890,142
782328,Petti2019,Diagnosis,cellchat,Cycling Progenitor,Early GMP,NAMPT,ITGA5_ITGB1,0.00178130144404044,0.61,142,174
782328,Petti2019,Diagnosis,cellchat,Early GMP,Early GMP,NAMPT,ITGA5_ITGB1,0.00206045199692841,0.61,174,174
782328,Petti2019,Diagnosis,cellchat,Monocyte,Early GMP,NAMPT,ITGA5_ITGB1,0.0185933891201599,0,8890,174
782328,Petti2019,Diagnosis,cellchat,Cycling Progenitor,HSC MPP,NAMPT,ITGA5_ITGB1,0.00090017303701036,0.43,142,125
782328,Petti2019,Diagnosis,cellchat,Early GMP,HSC MPP,NAMPT,ITGA5_ITGB1,0.00104138462456087,0.43,174,125
782328,Petti2019,Diagnosis,cellchat,Monocyte,HSC MPP,NAMPT,ITGA5_ITGB1,0.0094750259129197,0,8890,125
782328,Petti2019,Diagnosis,cellchat,Cycling Progenitor,Late GMP,NAMPT,ITGA5_ITGB1,0.000723369323487233,0.53,142,436
782328,Petti2019,Diagnosis,cellchat,Early GMP,Late GMP,NAMPT,ITGA5_ITGB1,0.000836868660898864,0.53,174,436
782328,Petti2019,Diagnosis,cellchat,Monocyte,Late GMP,NAMPT,ITGA5_ITGB1,0.00762688514351975,0,8890,436
782328,Petti2019,Diagnosis,cellchat,Cycling Progenitor,LMPP,NAMPT,ITGA5_ITGB1,0.00121517860094525,0.5,142,262
782328,Petti2019,Diagnosis,cellchat,Early GMP,LMPP,NAMPT,ITGA5_ITGB1,0.001405736088717,0.5,174,262
782328,Petti2019,Diagnosis,cellchat,Monocyte,LMPP,NAMPT,ITGA5_ITGB1,0.01275240577774,0,8890,262
782328,Petti2019,Diagnosis,cellchat,Cycling Progenitor,pDC,NAMPT,ITGA5_ITGB1,0.00063567952430957,0.58,142,99
782328,Petti2019,Diagnosis,cellchat,Early GMP,pDC,NAMPT,ITGA5_ITGB1,0.000735430132071791,0.58,174,99
782328,Petti2019,Diagnosis,cellchat,Monocyte,pDC,NAMPT,ITGA5_ITGB1,0.00670794056923887,0,8890,99
782328,Petti2019,Diagnosis,cellchat,Cycling Progenitor,Pro-Monocyte,NAMPT,ITGA5_ITGB1,0.000813392399969494,0.5,142,1741
782328,Petti2019,Diagnosis,cellchat,Early GMP,Pro-Monocyte,NAMPT,ITGA5_ITGB1,0.000941003391667282,0.5,174,1741
782328,Petti2019,Diagnosis,cellchat,Monocyte,Pro-Monocyte,NAMPT,ITGA5_ITGB1,0.00856868148458361,0,8890,1741
782328,Petti2019,Diagnosis,cellchat,Cycling Progenitor,Plasma Cell,MDK,SDC1,0.0121642214016099,0,142,39
782328,Petti2019,Diagnosis,cellchat,Early GMP,Plasma Cell,MDK,SDC1,0.00317981870259023,0,174,39
782328,Petti2019,Diagnosis,cellchat,HSC MPP,Plasma Cell,MDK,SDC1,0.00589961156661184,0,125,39
782328,Petti2019,Diagnosis,cellchat,LMPP,Plasma Cell,MDK,SDC1,0.0105047141149842,0,262,39
782328,Petti2019,Diagnosis,cellchat,Plasma Cell,Plasma Cell,MDK,SDC1,0.00300424554606382,0,39,39
782328,Petti2019,Diagnosis,cellchat,Cycling Progenitor,CD4 Memory T,MDK,ITGA4_ITGB1,0.0149794194477736,0,142,33
782328,Petti2019,Diagnosis,cellchat,Early GMP,CD4 Memory T,MDK,ITGA4_ITGB1,0.0039239921509707,0,174,33
782328,Petti2019,Diagnosis,cellchat,HSC MPP,CD4 Memory T,MDK,ITGA4_ITGB1,0.00727565272301137,0,125,33
782328,Petti2019,Diagnosis,cellchat,LMPP,CD4 Memory T,MDK,ITGA4_ITGB1,0.0129408793153845,0,262,33
782328,Petti2019,Diagnosis,cellchat,Plasma Cell,CD4 Memory T,MDK,ITGA4_ITGB1,0.0037074824064882,0,39,33
782328,Petti2019,Diagnosis,cellchat,Cycling Progenitor,CD8 Memory T,MDK,ITGA4_ITGB1,0.00898848702473748,0,142,81
782328,Petti2019,Diagnosis,cellchat,Early GMP,CD8 Memory T,MDK,ITGA4_ITGB1,0.00234409197373929,0,174,81
782328,Petti2019,Diagnosis,cellchat,HSC MPP,CD8 Memory T,MDK,ITGA4_ITGB1,0.00435218404022859,0,125,81
782328,Petti2019,Diagnosis,cellchat,LMPP,CD8 Memory T,MDK,ITGA4_ITGB1,0.00775882727428663,0,262,81
782328,Petti2019,Diagnosis,cellchat,Plasma Cell,CD8 Memory T,MDK,ITGA4_ITGB1,0.00221456081261822,0,39,81
782328,Petti2019,Diagnosis,cellchat,Cycling Progenitor,cDC,MDK,ITGA4_ITGB1,0.00603205969892122,0,142,381
782328,Petti2019,Diagnosis,cellchat,Early GMP,cDC,MDK,ITGA4_ITGB1,0.00156962898792106,0,174,381
782328,Petti2019,Diagnosis,cellchat,HSC MPP,cDC,MDK,ITGA4_ITGB1,0.00291620816478684,0,125,381
782328,Petti2019,Diagnosis,cellchat,LMPP,cDC,MDK,ITGA4_ITGB1,0.00520472648024796,0,262,381
782328,Petti2019,Diagnosis,cellchat,Plasma Cell,cDC,MDK,ITGA4_ITGB1,0.00148282993297438,0,39,381
782328,Petti2019,Diagnosis,cellchat,Cycling Progenitor,Cycling Progenitor,MDK,ITGA4_ITGB1,0.0137429631303553,0,142,142
782328,Petti2019,Diagnosis,cellchat,Early GMP,Cycling Progenitor,MDK,ITGA4_ITGB1,0.00359675926507108,0,174,142
782328,Petti2019,Diagnosis,cellchat,HSC MPP,Cycling Progenitor,MDK,ITGA4_ITGB1,0.00667078717265845,0,125,142
782328,Petti2019,Diagnosis,cellchat,LMPP,Cycling Progenitor,MDK,ITGA4_ITGB1,0.0118706637546549,0,262,142
782328,Petti2019,Diagnosis,cellchat,Plasma Cell,Cycling Progenitor,MDK,ITGA4_ITGB1,0.003398243286839,0,39,142
782328,Petti2019,Diagnosis,cellchat,Cycling Progenitor,Early GMP,MDK,ITGA4_ITGB1,0.00825129927608733,0,142,174
782328,Petti2019,Diagnosis,cellchat,Early GMP,Early GMP,MDK,ITGA4_ITGB1,0.00215065945117485,0,174,174
782328,Petti2019,Diagnosis,cellchat,HSC MPP,Early GMP,MDK,ITGA4_ITGB1,0.00399370876513306,0,125,174
782328,Petti2019,Diagnosis,cellchat,LMPP,Early GMP,MDK,ITGA4_ITGB1,0.00712176491235408,0,262,174
782328,Petti2019,Diagnosis,cellchat,Plasma Cell,Early GMP,MDK,ITGA4_ITGB1,0.00203179532538608,0,39,174
782328,Petti2019,Diagnosis,cellchat,Cycling Progenitor,EoBasoMast Precursor,MDK,ITGA4_ITGB1,0.00757684719750182,0,142,37
782328,Petti2019,Diagnosis,cellchat,Early GMP,EoBasoMast Precursor,MDK,ITGA4_ITGB1,0.00197387444521987,0,174,37
782328,Petti2019,Diagnosis,cellchat,HSC MPP,EoBasoMast Precursor,MDK,ITGA4_ITGB1,0.00366598101152844,0,125,37
782328,Petti2019,Diagnosis,cellchat,LMPP,EoBasoMast Precursor,MDK,ITGA4_ITGB1,0.00653903097224497,0,262,37
782328,Petti2019,Diagnosis,cellchat,Plasma Cell,EoBasoMast Precursor,MDK,ITGA4_ITGB1,0.00186476273547374,0,39,37
782328,Petti2019,Diagnosis,cellchat,Cycling Progenitor,HSC MPP,MDK,ITGA4_ITGB1,0.00839152810123718,0,142,125
782328,Petti2019,Diagnosis,cellchat,Early GMP,HSC MPP,MDK,ITGA4_ITGB1,0.00218743806372426,0,174,125
782328,Petti2019,Diagnosis,cellchat,HSC MPP,HSC MPP,MDK,ITGA4_ITGB1,0.00406187722401271,0,125,125
782328,Petti2019,Diagnosis,cellchat,LMPP,HSC MPP,MDK,ITGA4_ITGB1,0.0072429377689871,0,262,125
782328,Petti2019,Diagnosis,cellchat,Plasma Cell,HSC MPP,MDK,ITGA4_ITGB1,0.00206654544201278,0,39,125
782328,Petti2019,Diagnosis,cellchat,Cycling Progenitor,LMPP,MDK,ITGA4_ITGB1,0.0121484158259811,0,142,262
782328,Petti2019,Diagnosis,cellchat,Early GMP,LMPP,MDK,ITGA4_ITGB1,0.00317564947792689,0,174,262
782328,Petti2019,Diagnosis,cellchat,HSC MPP,LMPP,MDK,ITGA4_ITGB1,0.00589189735882979,0,125,262
782328,Petti2019,Diagnosis,cellchat,LMPP,LMPP,MDK,ITGA4_ITGB1,0.0104910419192174,0,262,262
782328,Petti2019,Diagnosis,cellchat,Plasma Cell,LMPP,MDK,ITGA4_ITGB1,0.00300030583155847,0,39,262
782328,Petti2019,Diagnosis,cellchat,Cycling Progenitor,Monocyte,MDK,ITGA4_ITGB1,0.00693232585365075,0,142,8890
782328,Petti2019,Diagnosis,cellchat,Early GMP,Monocyte,MDK,ITGA4_ITGB1,0.00180510073387965,0,174,8890
782328,Petti2019,Diagnosis,cellchat,HSC MPP,Monocyte,MDK,ITGA4_ITGB1,0.00335301188366897,0,125,8890
782328,Petti2019,Diagnosis,cellchat,LMPP,Monocyte,MDK,ITGA4_ITGB1,0.00598225887808806,0,262,8890
782328,Petti2019,Diagnosis,cellchat,Plasma Cell,Monocyte,MDK,ITGA4_ITGB1,0.00170530254590925,0,39,8890
782328,Petti2019,Diagnosis,cellchat,Cycling Progenitor,Naive T,MDK,ITGA4_ITGB1,0.0177678297055567,0,142,19
782328,Petti2019,Diagnosis,cellchat,Early GMP,Naive T,MDK,ITGA4_ITGB1,0.00466418570185584,0,174,19
782328,Petti2019,Diagnosis,cellchat,HSC MPP,Naive T,MDK,ITGA4_ITGB1,0.00864259366849552,0,125,19
782328,Petti2019,Diagnosis,cellchat,LMPP,Naive T,MDK,ITGA4_ITGB1,0.0153557322082803,0,262,19
782328,Petti2019,Diagnosis,cellchat,Plasma Cell,Naive T,MDK,ITGA4_ITGB1,0.00440701581747609,0,39,19
782328,Petti2019,Diagnosis,cellchat,Cycling Progenitor,NK,MDK,ITGA4_ITGB1,0.00982304919545814,0,142,31
782328,Petti2019,Diagnosis,cellchat,Early GMP,NK,MDK,ITGA4_ITGB1,0.00256333170661981,0,174,31
782328,Petti2019,Diagnosis,cellchat,HSC MPP,NK,MDK,ITGA4_ITGB1,0.00475834210820457,0,125,31
782328,Petti2019,Diagnosis,cellchat,LMPP,NK,MDK,ITGA4_ITGB1,0.00848019509255331,0,262,31
782328,Petti2019,Diagnosis,cellchat,Plasma Cell,NK,MDK,ITGA4_ITGB1,0.00242171507994766,0,39,31
782328,Petti2019,Diagnosis,cellchat,Cycling Progenitor,pDC,MDK,ITGA4_ITGB1,0.00868300684751785,0,142,99
782328,Petti2019,Diagnosis,cellchat,Early GMP,pDC,MDK,ITGA4_ITGB1,0.00226391046636679,0,174,99
782328,Petti2019,Diagnosis,cellchat,HSC MPP,pDC,MDK,ITGA4_ITGB1,0.00420360358334136,0,125,99
782328,Petti2019,Diagnosis,cellchat,LMPP,pDC,MDK,ITGA4_ITGB1,0.00749482190949925,0,262,99
782328,Petti2019,Diagnosis,cellchat,Plasma Cell,pDC,MDK,ITGA4_ITGB1,0.00213880052168399,0,39,99
782328,Petti2019,Diagnosis,cellchat,Cycling Progenitor,Plasma Cell,MDK,ITGA4_ITGB1,0.00166658911638026,0,142,39
782328,Petti2019,Diagnosis,cellchat,Early GMP,Plasma Cell,MDK,ITGA4_ITGB1,0.000432266059784051,0,174,39
782328,Petti2019,Diagnosis,cellchat,HSC MPP,Plasma Cell,MDK,ITGA4_ITGB1,0.000803891210690908,0,125,39
782328,Petti2019,Diagnosis,cellchat,LMPP,Plasma Cell,MDK,ITGA4_ITGB1,0.00143714069812053,0,262,39
782328,Petti2019,Diagnosis,cellchat,Plasma Cell,Plasma Cell,MDK,ITGA4_ITGB1,0.000408336417214504,0,39,39
782328,Petti2019,Diagnosis,cellchat,Cycling Progenitor,Monocyte,MDK,LRP1,0.0225100568478291,0,142,8890
782328,Petti2019,Diagnosis,cellchat,Early GMP,Monocyte,MDK,LRP1,0.00593017022753326,0,174,8890
782328,Petti2019,Diagnosis,cellchat,HSC MPP,Monocyte,MDK,LRP1,0.0109765158416894,0,125,8890
782328,Petti2019,Diagnosis,cellchat,LMPP,Monocyte,MDK,LRP1,0.0194669307049921,0,262,8890
782328,Petti2019,Diagnosis,cellchat,Plasma Cell,Monocyte,MDK,LRP1,0.00560359054959854,0,39,8890
782328,Petti2019,Diagnosis,cellchat,Cycling Progenitor,CD4 Memory T,MDK,NCL,0.0277529774294914,0,142,33
782328,Petti2019,Diagnosis,cellchat,Early GMP,CD4 Memory T,MDK,NCL,0.00734039252108487,0,174,33
782328,Petti2019,Diagnosis,cellchat,HSC MPP,CD4 Memory T,MDK,NCL,0.01357040055435,0,125,33
782328,Petti2019,Diagnosis,cellchat,LMPP,CD4 Memory T,MDK,NCL,0.024018478876846,0,262,33
782328,Petti2019,Diagnosis,cellchat,Plasma Cell,CD4 Memory T,MDK,NCL,0.00693669259644091,0,39,33
782328,Petti2019,Diagnosis,cellchat,Cycling Progenitor,CD8 Memory T,MDK,NCL,0.0293363079557217,0,142,81
782328,Petti2019,Diagnosis,cellchat,Early GMP,CD8 Memory T,MDK,NCL,0.00776847309831566,0,174,81
782328,Petti2019,Diagnosis,cellchat,HSC MPP,CD8 Memory T,MDK,NCL,0.0143565511068319,0,125,81
782328,Petti2019,Diagnosis,cellchat,LMPP,CD8 Memory T,MDK,NCL,0.0253943180035016,0,262,81
782328,Petti2019,Diagnosis,cellchat,Plasma Cell,CD8 Memory T,MDK,NCL,0.00734140412334421,0,39,81
782328,Petti2019,Diagnosis,cellchat,Cycling Progenitor,cDC,MDK,NCL,0.0219971961835723,0,142,381
782328,Petti2019,Diagnosis,cellchat,Early GMP,cDC,MDK,NCL,0.00579282083156116,0,174,381
782328,Petti2019,Diagnosis,cellchat,HSC MPP,cDC,MDK,NCL,0.0107235482542638,0,125,381
782328,Petti2019,Diagnosis,cellchat,LMPP,cDC,MDK,NCL,0.0190220542457386,0,262,381
782328,Petti2019,Diagnosis,cellchat,Plasma Cell,cDC,MDK,NCL,0.00547376345510571,0,39,381
782328,Petti2019,Diagnosis,cellchat,Cycling Progenitor,Cycling Progenitor,MDK,NCL,0.0378964835771294,0,142,142
782328,Petti2019,Diagnosis,cellchat,Early GMP,Cycling Progenitor,MDK,NCL,0.0101007605389246,0,174,142
782328,Petti2019,Diagnosis,cellchat,HSC MPP,Cycling Progenitor,MDK,NCL,0.0186296061789353,0,125,142
782328,Petti2019,Diagnosis,cellchat,LMPP,Cycling Progenitor,MDK,NCL,0.0328431619759153,0,262,142
782328,Petti2019,Diagnosis,cellchat,Plasma Cell,Cycling Progenitor,MDK,NCL,0.00954670854305026,0,39,142
782328,Petti2019,Diagnosis,cellchat,Cycling Progenitor,Early GMP,MDK,NCL,0.0336484282975451,0,142,174
782328,Petti2019,Diagnosis,cellchat,Early GMP,Early GMP,MDK,NCL,0.00893955176566966,0,174,174
782328,Petti2019,Diagnosis,cellchat,HSC MPP,Early GMP,MDK,NCL,0.0165042474083055,0,125,174
782328,Petti2019,Diagnosis,cellchat,LMPP,Early GMP,MDK,NCL,0.0291444059289723,0,262,174
782328,Petti2019,Diagnosis,cellchat,Plasma Cell,Early GMP,MDK,NCL,0.00844865134762287,0,39,174
782328,Petti2019,Diagnosis,cellchat,Cycling Progenitor,EoBasoMast Precursor,MDK,NCL,0.0237302645185219,0,142,37
782328,Petti2019,Diagnosis,cellchat,Early GMP,EoBasoMast Precursor,MDK,NCL,0.00625738161433619,0,174,37
782328,Petti2019,Diagnosis,cellchat,HSC MPP,EoBasoMast Precursor,MDK,NCL,0.011578928149978,0,125,37
782328,Petti2019,Diagnosis,cellchat,LMPP,EoBasoMast Precursor,MDK,NCL,0.0205256428283165,0,262,37
782328,Petti2019,Diagnosis,cellchat,Plasma Cell,EoBasoMast Precursor,MDK,NCL,0.00591288930302877,0,39,37
782328,Petti2019,Diagnosis,cellchat,Cycling Progenitor,HSC MPP,MDK,NCL,0.0220258020094624,0,142,125
782328,Petti2019,Diagnosis,cellchat,Early GMP,HSC MPP,MDK,NCL,0.00580047897350557,0,174,125
782328,Petti2019,Diagnosis,cellchat,HSC MPP,HSC MPP,MDK,NCL,0.0107376544451064,0,125,125
782328,Petti2019,Diagnosis,cellchat,LMPP,HSC MPP,MDK,NCL,0.019046866455306,0,262,125
782328,Petti2019,Diagnosis,cellchat,Plasma Cell,HSC MPP,MDK,NCL,0.00548100212672474,0,39,125
782328,Petti2019,Diagnosis,cellchat,Cycling Progenitor,Late GMP,MDK,NCL,0.0243200641788041,0,142,436
782328,Petti2019,Diagnosis,cellchat,Early GMP,Late GMP,MDK,NCL,0.00641575853741453,0,174,436
782328,Petti2019,Diagnosis,cellchat,HSC MPP,Late GMP,MDK,NCL,0.0118703867258931,0,125,436
782328,Petti2019,Diagnosis,cellchat,LMPP,Late GMP,MDK,NCL,0.0210375101254562,0,262,436
782328,Petti2019,Diagnosis,cellchat,Plasma Cell,Late GMP,MDK,NCL,0.006062600177017,0,39,436
782328,Petti2019,Diagnosis,cellchat,Cycling Progenitor,LMPP,MDK,NCL,0.0292559139486952,0,142,262
782328,Petti2019,Diagnosis,cellchat,Early GMP,LMPP,MDK,NCL,0.00774671245758844,0,174,262
782328,Petti2019,Diagnosis,cellchat,HSC MPP,LMPP,MDK,NCL,0.0143166025560601,0,125,262
782328,Petti2019,Diagnosis,cellchat,LMPP,LMPP,MDK,NCL,0.025324444890259,0,262,262
782328,Petti2019,Diagnosis,cellchat,Plasma Cell,LMPP,MDK,NCL,0.00732083093954862,0,39,262
782328,Petti2019,Diagnosis,cellchat,Cycling Progenitor,Monocyte,MDK,NCL,0.00758708174839326,0,142,8890
782328,Petti2019,Diagnosis,cellchat,Early GMP,Monocyte,MDK,NCL,0.00197655576196166,0,174,8890
782328,Petti2019,Diagnosis,cellchat,HSC MPP,Monocyte,MDK,NCL,0.00367095243611058,0,125,8890
782328,Petti2019,Diagnosis,cellchat,LMPP,Monocyte,MDK,NCL,0.00654787292500963,0,262,8890
782328,Petti2019,Diagnosis,cellchat,Plasma Cell,Monocyte,MDK,NCL,0.00186729611186783,0,39,8890
782328,Petti2019,Diagnosis,cellchat,Cycling Progenitor,Naive T,MDK,NCL,0.0119592587117155,0,142,19
782328,Petti2019,Diagnosis,cellchat,Early GMP,Naive T,MDK,NCL,0.00312576090153065,0,174,19
782328,Petti2019,Diagnosis,cellchat,HSC MPP,Naive T,MDK,NCL,0.00579958554371326,0,125,19
782328,Petti2019,Diagnosis,cellchat,LMPP,Naive T,MDK,NCL,0.010327421184747,0,262,19
782328,Petti2019,Diagnosis,cellchat,Plasma Cell,Naive T,MDK,NCL,0.00295316369472746,0,39,19
782328,Petti2019,Diagnosis,cellchat,Cycling Progenitor,NK,MDK,NCL,0.0257193975510728,0,142,31
782328,Petti2019,Diagnosis,cellchat,Early GMP,NK,MDK,NCL,0.00679208139936045,0,174,31
782328,Petti2019,Diagnosis,cellchat,HSC MPP,NK,MDK,NCL,0.0125626110479212,0,125,31
782328,Petti2019,Diagnosis,cellchat,LMPP,NK,MDK,NCL,0.02225227875871,0,262,31
782328,Petti2019,Diagnosis,cellchat,Plasma Cell,NK,MDK,NCL,0.0064183419886614,0,39,31
782328,Petti2019,Diagnosis,cellchat,Cycling Progenitor,pDC,MDK,NCL,0.0291572598883209,0,142,99
782328,Petti2019,Diagnosis,cellchat,Early GMP,pDC,MDK,NCL,0.00772001289935193,0,174,99
782328,Petti2019,Diagnosis,cellchat,HSC MPP,pDC,MDK,NCL,0.0142675850270997,0,125,99
782328,Petti2019,Diagnosis,cellchat,LMPP,pDC,MDK,NCL,0.0252387034807521,0,262,99
782328,Petti2019,Diagnosis,cellchat,Plasma Cell,pDC,MDK,NCL,0.00729558841792773,0,39,99
782328,Petti2019,Diagnosis,cellchat,Cycling Progenitor,Plasma Cell,MDK,NCL,0.0134754910726901,0,142,39
782328,Petti2019,Diagnosis,cellchat,Early GMP,Plasma Cell,MDK,NCL,0.00352605144008134,0,174,39
782328,Petti2019,Diagnosis,cellchat,HSC MPP,Plasma Cell,MDK,NCL,0.00654004442450976,0,125,39
782328,Petti2019,Diagnosis,cellchat,LMPP,Plasma Cell,MDK,NCL,0.0116392012366733,0,262,39
782328,Petti2019,Diagnosis,cellchat,Plasma Cell,Plasma Cell,MDK,NCL,0.00333142499162499,0,39,39
782328,Petti2019,Diagnosis,cellchat,Cycling Progenitor,Pro-Monocyte,MDK,NCL,0.0198168168457128,0,142,1741
782328,Petti2019,Diagnosis,cellchat,Early GMP,Pro-Monocyte,MDK,NCL,0.00521007529353167,0,174,1741
782328,Petti2019,Diagnosis,cellchat,HSC MPP,Pro-Monocyte,MDK,NCL,0.00964959624231447,0,125,1741
782328,Petti2019,Diagnosis,cellchat,LMPP,Pro-Monocyte,MDK,NCL,0.0171314076554613,0,262,1741
782328,Petti2019,Diagnosis,cellchat,Plasma Cell,Pro-Monocyte,MDK,NCL,0.00492295548483709,0,39,1741
782328,Petti2019,Diagnosis,cellchat,Cycling Progenitor,Cycling Progenitor,CTSG,F2R,0.000411008866698381,0,142,142
782328,Petti2019,Diagnosis,cellchat,Early GMP,Cycling Progenitor,CTSG,F2R,0.000785352187158055,0,174,142
782328,Petti2019,Diagnosis,cellchat,Late GMP,Cycling Progenitor,CTSG,F2R,0.00546652343039466,0,436,142
782328,Petti2019,Diagnosis,cellchat,Pro-Monocyte,Cycling Progenitor,CTSG,F2R,0.00127684466899822,0,1741,142
782328,Petti2019,Diagnosis,cellchat,CD8 Memory T,Cycling Progenitor,GZMA,F2R,0.0104179192395131,0,81,142
782328,Petti2019,Diagnosis,cellchat,NK,Cycling Progenitor,GZMA,F2R,0.0101878829629657,0,31,142
782328,Petti2019,Diagnosis,cellchat,CD4 Memory T,cDC,FLT3LG,FLT3,0.0156786760339295,0,33,381
782328,Petti2019,Diagnosis,cellchat,Naive T,cDC,FLT3LG,FLT3,0.0124372107185911,0,19,381
782328,Petti2019,Diagnosis,cellchat,NK,cDC,FLT3LG,FLT3,0.0032397369955755,0,31,381
782328,Petti2019,Diagnosis,cellchat,CD4 Memory T,Cycling Progenitor,FLT3LG,FLT3,0.0218636428448597,0,33,142
782328,Petti2019,Diagnosis,cellchat,Naive T,Cycling Progenitor,FLT3LG,FLT3,0.0173660351573117,0,19,142
782328,Petti2019,Diagnosis,cellchat,NK,Cycling Progenitor,FLT3LG,FLT3,0.00454039160184436,0,31,142
782328,Petti2019,Diagnosis,cellchat,CD4 Memory T,Early GMP,FLT3LG,FLT3,0.0277121992311732,0,33,174
782328,Petti2019,Diagnosis,cellchat,Naive T,Early GMP,FLT3LG,FLT3,0.0220385825769943,0,19,174
782328,Petti2019,Diagnosis,cellchat,NK,Early GMP,FLT3LG,FLT3,0.00578234729304562,0,31,174
782328,Petti2019,Diagnosis,cellchat,CD4 Memory T,HSC MPP,FLT3LG,FLT3,0.0131562914499029,0,33,125
782328,Petti2019,Diagnosis,cellchat,Naive T,HSC MPP,FLT3LG,FLT3,0.0104307867455532,0,19,125
782328,Petti2019,Diagnosis,cellchat,NK,HSC MPP,FLT3LG,FLT3,0.00271301258232317,0,31,125
782328,Petti2019,Diagnosis,cellchat,CD4 Memory T,LMPP,FLT3LG,FLT3,0.0342371704687006,0,33,262
782328,Petti2019,Diagnosis,cellchat,Naive T,LMPP,FLT3LG,FLT3,0.0272651344431726,0,19,262
782328,Petti2019,Diagnosis,cellchat,NK,LMPP,FLT3LG,FLT3,0.00718196990635089,0,31,262
782328,Petti2019,Diagnosis,cellchat,CD4 Memory T,pDC,FLT3LG,FLT3,0.0379507942002419,0,33,99
782328,Petti2019,Diagnosis,cellchat,Naive T,pDC,FLT3LG,FLT3,0.0302462024269585,0,19,99
782328,Petti2019,Diagnosis,cellchat,NK,pDC,FLT3LG,FLT3,0.00798524529422705,0,31,99
782328,Petti2019,Diagnosis,cellchat,CD4 Memory T,Monocyte,ANXA1,FPR1,0.0207140829706309,0,33,8890
782328,Petti2019,Diagnosis,cellchat,CD8 Memory T,Monocyte,ANXA1,FPR1,0.0139977224513117,0,81,8890
782328,Petti2019,Diagnosis,cellchat,cDC,Monocyte,ANXA1,FPR1,0.0107370448858205,0,381,8890
782328,Petti2019,Diagnosis,cellchat,Cycling Progenitor,Monocyte,ANXA1,FPR1,0.00876311010906825,0,142,8890
782328,Petti2019,Diagnosis,cellchat,Early GMP,Monocyte,ANXA1,FPR1,0.00794321681435888,0,174,8890
782328,Petti2019,Diagnosis,cellchat,EoBasoMast Precursor,Monocyte,ANXA1,FPR1,0.0176273235969086,0,37,8890
782328,Petti2019,Diagnosis,cellchat,HSC MPP,Monocyte,ANXA1,FPR1,0.0110372289628097,0,125,8890
782328,Petti2019,Diagnosis,cellchat,Late GMP,Monocyte,ANXA1,FPR1,0.00845365240218308,0,436,8890
782328,Petti2019,Diagnosis,cellchat,LMPP,Monocyte,ANXA1,FPR1,0.00814326154620355,0,262,8890
782328,Petti2019,Diagnosis,cellchat,Monocyte,Monocyte,ANXA1,FPR1,0.0122625563959836,0,8890,8890
782328,Petti2019,Diagnosis,cellchat,Naive T,Monocyte,ANXA1,FPR1,0.0126809179099324,0,19,8890
782328,Petti2019,Diagnosis,cellchat,NK,Monocyte,ANXA1,FPR1,0.0119106455393769,0,31,8890
782328,Petti2019,Diagnosis,cellchat,pDC,Monocyte,ANXA1,FPR1,0.00165997664658042,0,99,8890
782328,Petti2019,Diagnosis,cellchat,Pro-Monocyte,Monocyte,ANXA1,FPR1,0.0105350891865617,0,1741,8890
782328,Petti2019,Diagnosis,cellchat,cDC,CD4 Memory T,LGALS9,PTPRC,0.0594579315456795,0,381,33
782328,Petti2019,Diagnosis,cellchat,Cycling Progenitor,CD4 Memory T,LGALS9,PTPRC,0.0106324445097547,0.98,142,33
782328,Petti2019,Diagnosis,cellchat,Early GMP,CD4 Memory T,LGALS9,PTPRC,0.0125528407768012,0.92,174,33
782328,Petti2019,Diagnosis,cellchat,HSC MPP,CD4 Memory T,LGALS9,PTPRC,0.0121819948164513,0.93,125,33
782328,Petti2019,Diagnosis,cellchat,Late GMP,CD4 Memory T,LGALS9,PTPRC,0.0133810310153122,0.85,436,33
782328,Petti2019,Diagnosis,cellchat,LMPP,CD4 Memory T,LGALS9,PTPRC,0.0141534807279415,0.76,262,33
782328,Petti2019,Diagnosis,cellchat,Monocyte,CD4 Memory T,LGALS9,PTPRC,0.0258022921948704,0,8890,33
782328,Petti2019,Diagnosis,cellchat,pDC,CD4 Memory T,LGALS9,PTPRC,0.0401869002922919,0,99,33
782328,Petti2019,Diagnosis,cellchat,Pro-Monocyte,CD4 Memory T,LGALS9,PTPRC,0.0160644541052506,0.47,1741,33
782328,Petti2019,Diagnosis,cellchat,cDC,CD8 Memory T,LGALS9,PTPRC,0.0692926635144419,0,381,81
782328,Petti2019,Diagnosis,cellchat,Cycling Progenitor,CD8 Memory T,LGALS9,PTPRC,0.0124984396558507,0.95,142,81
782328,Petti2019,Diagnosis,cellchat,Early GMP,CD8 Memory T,LGALS9,PTPRC,0.0147508407735612,0.73,174,81
782328,Petti2019,Diagnosis,cellchat,HSC MPP,CD8 Memory T,LGALS9,PTPRC,0.0143160011850785,0.77,125,81
782328,Petti2019,Diagnosis,cellchat,Late GMP,CD8 Memory T,LGALS9,PTPRC,0.0157217380770842,0.58,436,81
782328,Petti2019,Diagnosis,cellchat,LMPP,CD8 Memory T,LGALS9,PTPRC,0.0166270331425537,0.37,262,81
782328,Petti2019,Diagnosis,cellchat,Monocyte,CD8 Memory T,LGALS9,PTPRC,0.0302491990250064,0,8890,81
782328,Petti2019,Diagnosis,cellchat,pDC,CD8 Memory T,LGALS9,PTPRC,0.0469933405843087,0,99,81
782328,Petti2019,Diagnosis,cellchat,Pro-Monocyte,CD8 Memory T,LGALS9,PTPRC,0.0188655893255796,0.06,1741,81
782328,Petti2019,Diagnosis,cellchat,cDC,cDC,LGALS9,PTPRC,0.0359567668366131,0,381,381
782328,Petti2019,Diagnosis,cellchat,Monocyte,cDC,LGALS9,PTPRC,0.0153861400964987,0.48,8890,381
782328,Petti2019,Diagnosis,cellchat,pDC,cDC,LGALS9,PTPRC,0.0241075104741096,0.07,99,381
782328,Petti2019,Diagnosis,cellchat,cDC,Cycling Progenitor,LGALS9,PTPRC,0.0197902830161281,0.01,381,142
782328,Petti2019,Diagnosis,cellchat,pDC,Cycling Progenitor,LGALS9,PTPRC,0.0131956360307419,0.9,99,142
782328,Petti2019,Diagnosis,cellchat,cDC,Early GMP,LGALS9,PTPRC,0.0167256003659736,0.2,381,174
782328,Petti2019,Diagnosis,cellchat,pDC,Early GMP,LGALS9,PTPRC,0.0111405800549173,0.99,99,174
782328,Petti2019,Diagnosis,cellchat,cDC,HSC MPP,LGALS9,PTPRC,0.0236079555468452,0,381,125
782328,Petti2019,Diagnosis,cellchat,pDC,HSC MPP,LGALS9,PTPRC,0.0157616148221332,0.55,99,125
782328,Petti2019,Diagnosis,cellchat,cDC,LMPP,LGALS9,PTPRC,0.021397979857544,0,381,262
782328,Petti2019,Diagnosis,cellchat,pDC,LMPP,LGALS9,PTPRC,0.0142754077917605,0.79,99,262
782328,Petti2019,Diagnosis,cellchat,cDC,Monocyte,LGALS9,PTPRC,0.0514465210164395,0,381,8890
782328,Petti2019,Diagnosis,cellchat,Cycling Progenitor,Monocyte,LGALS9,PTPRC,0.00913591742956972,0.99,142,8890
782328,Petti2019,Diagnosis,cellchat,Monocyte,Monocyte,LGALS9,PTPRC,0.0222185442709858,0,8890,8890
782328,Petti2019,Diagnosis,cellchat,pDC,Monocyte,LGALS9,PTPRC,0.0346763518587901,0.02,99,8890
782328,Petti2019,Diagnosis,cellchat,cDC,Naive T,LGALS9,PTPRC,0.0631781300141979,0,381,19
782328,Petti2019,Diagnosis,cellchat,Cycling Progenitor,Naive T,LGALS9,PTPRC,0.011334516730157,0.88,142,19
782328,Petti2019,Diagnosis,cellchat,Early GMP,Naive T,LGALS9,PTPRC,0.0133800040165341,0.72,174,19
782328,Petti2019,Diagnosis,cellchat,HSC MPP,Naive T,LGALS9,PTPRC,0.0129850426904272,0.76,125,19
782328,Petti2019,Diagnosis,cellchat,Late GMP,Naive T,LGALS9,PTPRC,0.0142619792255418,0.62,436,19
782328,Petti2019,Diagnosis,cellchat,LMPP,Naive T,LGALS9,PTPRC,0.0150845061068086,0.54,262,19
782328,Petti2019,Diagnosis,cellchat,Monocyte,Naive T,LGALS9,PTPRC,0.0274782262069826,0,8890,19
782328,Petti2019,Diagnosis,cellchat,pDC,Naive T,LGALS9,PTPRC,0.0427561504166832,0.02,99,19
782328,Petti2019,Diagnosis,cellchat,Pro-Monocyte,Naive T,LGALS9,PTPRC,0.0171190017436629,0.35,1741,19
782328,Petti2019,Diagnosis,cellchat,cDC,NK,LGALS9,PTPRC,0.0709707165060913,0,381,31
782328,Petti2019,Diagnosis,cellchat,Cycling Progenitor,NK,LGALS9,PTPRC,0.0128200582378717,0.89,142,31
782328,Petti2019,Diagnosis,cellchat,Early GMP,NK,LGALS9,PTPRC,0.0151295317030636,0.65,174,31
782328,Petti2019,Diagnosis,cellchat,HSC MPP,NK,LGALS9,PTPRC,0.0146836950705321,0.71,125,31
782328,Petti2019,Diagnosis,cellchat,Late GMP,NK,LGALS9,PTPRC,0.0161249464281196,0.57,436,31
782328,Petti2019,Diagnosis,cellchat,LMPP,NK,LGALS9,PTPRC,0.0170530569324254,0.37,262,31
782328,Petti2019,Diagnosis,cellchat,Monocyte,NK,LGALS9,PTPRC,0.0310132471808312,0,8890,31
782328,Petti2019,Diagnosis,cellchat,pDC,NK,LGALS9,PTPRC,0.048159316539864,0.01,99,31
782328,Petti2019,Diagnosis,cellchat,Pro-Monocyte,NK,LGALS9,PTPRC,0.0193478417031568,0.14,1741,31
782328,Petti2019,Diagnosis,cellchat,cDC,pDC,LGALS9,PTPRC,0.0291686925432455,0,381,99
782328,Petti2019,Diagnosis,cellchat,Monocyte,pDC,LGALS9,PTPRC,0.0124314010251903,0.99,8890,99
782328,Petti2019,Diagnosis,cellchat,pDC,pDC,LGALS9,PTPRC,0.0195111168022091,0.12,99,99
782328,Petti2019,Diagnosis,cellchat,cDC,CD8 Memory T,BAG6,NCR3,0.00273314540420827,0,381,81
782328,Petti2019,Diagnosis,cellchat,Cycling Progenitor,CD8 Memory T,BAG6,NCR3,0.00576567775283954,0,142,81
782328,Petti2019,Diagnosis,cellchat,Early GMP,CD8 Memory T,BAG6,NCR3,0.00257729449347263,0,174,81
782328,Petti2019,Diagnosis,cellchat,EoBasoMast Precursor,CD8 Memory T,BAG6,NCR3,0.00177227046716466,0,37,81
782328,Petti2019,Diagnosis,cellchat,HSC MPP,CD8 Memory T,BAG6,NCR3,0.00233751548495329,0,125,81
782328,Petti2019,Diagnosis,cellchat,Late GMP,CD8 Memory T,BAG6,NCR3,0.00234378186890102,0,436,81
782328,Petti2019,Diagnosis,cellchat,LMPP,CD8 Memory T,BAG6,NCR3,0.00261702210409603,0,262,81
782328,Petti2019,Diagnosis,cellchat,pDC,CD8 Memory T,BAG6,NCR3,0.00260381727101438,0,99,81
782328,Petti2019,Diagnosis,cellchat,Pro-Monocyte,CD8 Memory T,BAG6,NCR3,0.00255989017110182,0,1741,81
782328,Petti2019,Diagnosis,cellchat,cDC,NK,BAG6,NCR3,0.00323950440870137,0,381,31
782328,Petti2019,Diagnosis,cellchat,Cycling Progenitor,NK,BAG6,NCR3,0.00683001420220314,0,142,31
782328,Petti2019,Diagnosis,cellchat,Early GMP,NK,BAG6,NCR3,0.00305486806575102,0,174,31
782328,Petti2019,Diagnosis,cellchat,EoBasoMast Precursor,NK,BAG6,NCR3,0.00210098702208268,0,37,31
782328,Petti2019,Diagnosis,cellchat,HSC MPP,NK,BAG6,NCR3,0.00277078135004204,0,125,31
782328,Petti2019,Diagnosis,cellchat,Late GMP,NK,BAG6,NCR3,0.00277820599358157,0,436,31
782328,Petti2019,Diagnosis,cellchat,LMPP,NK,BAG6,NCR3,0.00310193432251788,0,262,31
782328,Petti2019,Diagnosis,cellchat,pDC,NK,BAG6,NCR3,0.00308629031593731,0,99,31
782328,Petti2019,Diagnosis,cellchat,Pro-Monocyte,NK,BAG6,NCR3,0.00303424852716832,0,1741,31
782328,Petti2019,Diagnosis,cellchat,cDC,cDC,LGALS9,HAVCR2,0.00410946331616705,0,381,381
782328,Petti2019,Diagnosis,cellchat,Cycling Progenitor,cDC,LGALS9,HAVCR2,0.000700991655247083,0,142,381
782328,Petti2019,Diagnosis,cellchat,Early GMP,cDC,LGALS9,HAVCR2,0.000829105624337709,0,174,381
782328,Petti2019,Diagnosis,cellchat,HSC MPP,cDC,LGALS9,HAVCR2,0.000804329407149478,0,125,381
782328,Petti2019,Diagnosis,cellchat,Late GMP,cDC,LGALS9,HAVCR2,0.000884499810220901,0,436,381
782328,Petti2019,Diagnosis,cellchat,LMPP,cDC,LGALS9,HAVCR2,0.000936244081983379,0,262,381
782328,Petti2019,Diagnosis,cellchat,Monocyte,cDC,LGALS9,HAVCR2,0.00172584958454196,0,8890,381
782328,Petti2019,Diagnosis,cellchat,pDC,cDC,LGALS9,HAVCR2,0.00272555191920291,0,99,381
782328,Petti2019,Diagnosis,cellchat,Pro-Monocyte,cDC,LGALS9,HAVCR2,0.00106458088789232,0,1741,381
782328,Petti2019,Diagnosis,cellchat,cDC,pDC,LGALS9,HAVCR2,0.00355343870307479,0,381,99
782328,Petti2019,Diagnosis,cellchat,Cycling Progenitor,pDC,LGALS9,HAVCR2,0.000605864493198881,0,142,99
782328,Petti2019,Diagnosis,cellchat,Early GMP,pDC,LGALS9,HAVCR2,0.000716605389833933,0,174,99
782328,Petti2019,Diagnosis,cellchat,HSC MPP,pDC,LGALS9,HAVCR2,0.000695188685394951,0,125,99
782328,Petti2019,Diagnosis,cellchat,Late GMP,pDC,LGALS9,HAVCR2,0.000764488963584523,0,436,99
782328,Petti2019,Diagnosis,cellchat,LMPP,pDC,LGALS9,HAVCR2,0.000809218147045337,0,262,99
782328,Petti2019,Diagnosis,cellchat,Monocyte,pDC,LGALS9,HAVCR2,0.00149185303641125,0,8890,99
782328,Petti2019,Diagnosis,cellchat,pDC,pDC,LGALS9,HAVCR2,0.00235633226987193,0,99,99
782328,Petti2019,Diagnosis,cellchat,Pro-Monocyte,pDC,LGALS9,HAVCR2,0.000920158754151964,0,1741,99
782328,Petti2019,Diagnosis,cellchat,cDC,CD4 Memory T,LGALS9,CD44,0.0435278133195067,0,381,33
782328,Petti2019,Diagnosis,cellchat,Monocyte,CD4 Memory T,LGALS9,CD44,0.0187099029636043,0.51,8890,33
782328,Petti2019,Diagnosis,cellchat,pDC,CD4 Memory T,LGALS9,CD44,0.0292593050018391,0.07,99,33
782328,Petti2019,Diagnosis,cellchat,cDC,cDC,LGALS9,CD44,0.0286498019088831,0,381,381
782328,Petti2019,Diagnosis,cellchat,pDC,cDC,LGALS9,CD44,0.0191606369543549,0.34,99,381
782328,Petti2019,Diagnosis,cellchat,cDC,Cycling Progenitor,LGALS9,CD44,0.0408996784201793,0,381,142
782328,Petti2019,Diagnosis,cellchat,Monocyte,Cycling Progenitor,LGALS9,CD44,0.0175527319379822,0.81,8890,142
782328,Petti2019,Diagnosis,cellchat,pDC,Cycling Progenitor,LGALS9,CD44,0.0274679374611846,0.07,99,142
782328,Petti2019,Diagnosis,cellchat,cDC,Early GMP,LGALS9,CD44,0.0491256832918455,0,381,174
782328,Petti2019,Diagnosis,cellchat,Monocyte,Early GMP,LGALS9,CD44,0.0211867785985848,0,8890,174
782328,Petti2019,Diagnosis,cellchat,pDC,Early GMP,LGALS9,CD44,0.0330856563671272,0.07,99,174
782328,Petti2019,Diagnosis,cellchat,cDC,HSC MPP,LGALS9,CD44,0.0561331449414191,0,381,125
782328,Petti2019,Diagnosis,cellchat,Monocyte,HSC MPP,LGALS9,CD44,0.024310827359228,0,8890,125
782328,Petti2019,Diagnosis,cellchat,pDC,HSC MPP,LGALS9,CD44,0.0378962982754649,0.05,99,125
782328,Petti2019,Diagnosis,cellchat,Pro-Monocyte,HSC MPP,LGALS9,CD44,0.0151271308550123,0.94,1741,125
782328,Petti2019,Diagnosis,cellchat,cDC,Late GMP,LGALS9,CD44,0.0324745646473696,0,381,436
782328,Petti2019,Diagnosis,cellchat,pDC,Late GMP,LGALS9,CD44,0.0217469532520708,0.1,99,436
782328,Petti2019,Diagnosis,cellchat,cDC,LMPP,LGALS9,CD44,0.0536964803557899,0,381,262
782328,Petti2019,Diagnosis,cellchat,Monocyte,LMPP,LGALS9,CD44,0.0232215418320085,0,8890,262
782328,Petti2019,Diagnosis,cellchat,pDC,LMPP,LGALS9,CD44,0.0362208916868999,0.05,99,262
782328,Petti2019,Diagnosis,cellchat,Pro-Monocyte,LMPP,LGALS9,CD44,0.0144432442081539,0.99,1741,262
782328,Petti2019,Diagnosis,cellchat,cDC,Monocyte,LGALS9,CD44,0.0516991020445409,0,381,8890
782328,Petti2019,Diagnosis,cellchat,Monocyte,Monocyte,LGALS9,CD44,0.0223310063211349,0,8890,8890
782328,Petti2019,Diagnosis,cellchat,pDC,Monocyte,LGALS9,CD44,0.0348496232804785,0.06,99,8890
782328,Petti2019,Diagnosis,cellchat,cDC,Naive T,LGALS9,CD44,0.0323140792979687,0,381,19
782328,Petti2019,Diagnosis,cellchat,Monocyte,Naive T,LGALS9,CD44,0.0137975838063563,0.86,8890,19
782328,Petti2019,Diagnosis,cellchat,pDC,Naive T,LGALS9,CD44,0.0216382968056572,0.15,99,19
782328,Petti2019,Diagnosis,cellchat,cDC,NK,LGALS9,CD44,0.0128708100901437,0.98,381,31
782328,Petti2019,Diagnosis,cellchat,cDC,pDC,LGALS9,CD44,0.039684398540354,0,381,99
782328,Petti2019,Diagnosis,cellchat,Monocyte,pDC,LGALS9,CD44,0.0170188658519709,0.74,8890,99
782328,Petti2019,Diagnosis,cellchat,pDC,pDC,LGALS9,CD44,0.0266406781342376,0.07,99,99
782328,Petti2019,Diagnosis,cellchat,cDC,Pro-Monocyte,LGALS9,CD44,0.0293659995861869,0,381,1741
782328,Petti2019,Diagnosis,cellchat,pDC,Pro-Monocyte,LGALS9,CD44,0.0196444185609615,0.26,99,1741
782328,Petti2019,Diagnosis,cellchat,Cycling Progenitor,Monocyte,CTSG,FPR1,0.0011188882537134,0,142,8890
782328,Petti2019,Diagnosis,cellchat,Early GMP,Monocyte,CTSG,FPR1,0.00213658390948074,0,174,8890
782328,Petti2019,Diagnosis,cellchat,Late GMP,Monocyte,CTSG,FPR1,0.0147529924143442,0,436,8890
782328,Petti2019,Diagnosis,cellchat,Pro-Monocyte,Monocyte,CTSG,FPR1,0.00347077272744639,0,1741,8890
782328,Petti2019,Diagnosis,cellchat,cDC,CD4 Memory T,LGALS9,P4HB,0.0326876008438062,0,381,33
782328,Petti2019,Diagnosis,cellchat,Cycling Progenitor,CD4 Memory T,LGALS9,P4HB,0.00571179311897696,0.79,142,33
782328,Petti2019,Diagnosis,cellchat,Early GMP,CD4 Memory T,LGALS9,P4HB,0.00674950102221266,0.8,174,33
782328,Petti2019,Diagnosis,cellchat,HSC MPP,CD4 Memory T,LGALS9,P4HB,0.00654896484647559,0.8,125,33
782328,Petti2019,Diagnosis,cellchat,Late GMP,CD4 Memory T,LGALS9,P4HB,0.00719759913241134,0.8,436,33
782328,Petti2019,Diagnosis,cellchat,LMPP,CD4 Memory T,LGALS9,P4HB,0.00761585188206209,0.78,262,33
782328,Petti2019,Diagnosis,cellchat,Monocyte,CD4 Memory T,LGALS9,P4HB,0.0139601591275885,0,8890,33
782328,Petti2019,Diagnosis,cellchat,pDC,CD4 Memory T,LGALS9,P4HB,0.0218912075930487,0.03,99,33
782328,Petti2019,Diagnosis,cellchat,Pro-Monocyte,CD4 Memory T,LGALS9,P4HB,0.00865187490632738,0.76,1741,33
782328,Petti2019,Diagnosis,cellchat,cDC,CD8 Memory T,LGALS9,P4HB,0.0374676050640113,0,381,81
782328,Petti2019,Diagnosis,cellchat,Cycling Progenitor,CD8 Memory T,LGALS9,P4HB,0.00657385399202284,0.81,142,81
782328,Petti2019,Diagnosis,cellchat,Early GMP,CD8 Memory T,LGALS9,P4HB,0.00776695607412583,0.8,174,81
782328,Petti2019,Diagnosis,cellchat,HSC MPP,CD8 Memory T,LGALS9,P4HB,0.00753641940054706,0.81,125,81
782328,Petti2019,Diagnosis,cellchat,Late GMP,CD8 Memory T,LGALS9,P4HB,0.00828203959267801,0.81,436,81
782328,Petti2019,Diagnosis,cellchat,LMPP,CD8 Memory T,LGALS9,P4HB,0.00876275301261217,0.74,262,81
782328,Petti2019,Diagnosis,cellchat,Monocyte,CD8 Memory T,LGALS9,P4HB,0.0160470252588101,0,8890,81
782328,Petti2019,Diagnosis,cellchat,pDC,CD8 Memory T,LGALS9,P4HB,0.0251334446834222,0.01,99,81
782328,Petti2019,Diagnosis,cellchat,Pro-Monocyte,CD8 Memory T,LGALS9,P4HB,0.00995323001633119,0.58,1741,81
782328,Petti2019,Diagnosis,cellchat,cDC,cDC,LGALS9,P4HB,0.0269300229792343,0,381,381
782328,Petti2019,Diagnosis,cellchat,Monocyte,cDC,LGALS9,P4HB,0.0114621364415711,0.01,8890,381
782328,Petti2019,Diagnosis,cellchat,pDC,cDC,LGALS9,P4HB,0.017999914476128,0.07,99,381
782328,Petti2019,Diagnosis,cellchat,cDC,Cycling Progenitor,LGALS9,P4HB,0.0397480393635201,0,381,142
782328,Petti2019,Diagnosis,cellchat,Cycling Progenitor,Cycling Progenitor,LGALS9,P4HB,0.00698761651042526,0.91,142,142
782328,Petti2019,Diagnosis,cellchat,Early GMP,Cycling Progenitor,LGALS9,P4HB,0.008255189168088,0.92,174,142
782328,Petti2019,Diagnosis,cellchat,HSC MPP,Cycling Progenitor,LGALS9,P4HB,0.00801027788328073,0.89,125,142
782328,Petti2019,Diagnosis,cellchat,Late GMP,Cycling Progenitor,LGALS9,P4HB,0.00880236374833326,0.86,436,142
782328,Petti2019,Diagnosis,cellchat,LMPP,Cycling Progenitor,LGALS9,P4HB,0.00931299466847112,0.8,262,142
782328,Petti2019,Diagnosis,cellchat,Monocyte,Cycling Progenitor,LGALS9,P4HB,0.0170468037827892,0,8890,142
782328,Petti2019,Diagnosis,cellchat,pDC,Cycling Progenitor,LGALS9,P4HB,0.0266839823252184,0.02,99,142
782328,Petti2019,Diagnosis,cellchat,Pro-Monocyte,Cycling Progenitor,LGALS9,P4HB,0.0105774278867164,0.47,1741,142
782328,Petti2019,Diagnosis,cellchat,cDC,Early GMP,LGALS9,P4HB,0.0400747421273427,0,381,174
782328,Petti2019,Diagnosis,cellchat,Cycling Progenitor,Early GMP,LGALS9,P4HB,0.00704702621889768,0.87,142,174
782328,Petti2019,Diagnosis,cellchat,Early GMP,Early GMP,LGALS9,P4HB,0.0083252856057614,0.87,174,174
782328,Petti2019,Diagnosis,cellchat,HSC MPP,Early GMP,LGALS9,P4HB,0.00807831167039613,0.84,125,174
782328,Petti2019,Diagnosis,cellchat,Late GMP,Early GMP,LGALS9,P4HB,0.00887706476553182,0.85,436,174
782328,Petti2019,Diagnosis,cellchat,LMPP,Early GMP,LGALS9,P4HB,0.00939198807969589,0.73,262,174
782328,Petti2019,Diagnosis,cellchat,Monocyte,Early GMP,LGALS9,P4HB,0.0171902575948026,0,8890,174
782328,Petti2019,Diagnosis,cellchat,pDC,Early GMP,LGALS9,P4HB,0.0269063158618141,0.01,99,174
782328,Petti2019,Diagnosis,cellchat,Pro-Monocyte,Early GMP,LGALS9,P4HB,0.0106670308212703,0.37,1741,174
782328,Petti2019,Diagnosis,cellchat,cDC,EoBasoMast Precursor,LGALS9,P4HB,0.0395822875575699,0,381,37
782328,Petti2019,Diagnosis,cellchat,Cycling Progenitor,EoBasoMast Precursor,LGALS9,P4HB,0.00695748788624318,0.75,142,37
782328,Petti2019,Diagnosis,cellchat,Early GMP,EoBasoMast Precursor,LGALS9,P4HB,0.00821964036931894,0.74,174,37
782328,Petti2019,Diagnosis,cellchat,HSC MPP,EoBasoMast Precursor,LGALS9,P4HB,0.00797577524884399,0.73,125,37
782328,Petti2019,Diagnosis,cellchat,Late GMP,EoBasoMast Precursor,LGALS9,P4HB,0.00876447950961328,0.7,436,37
782328,Petti2019,Diagnosis,cellchat,LMPP,EoBasoMast Precursor,LGALS9,P4HB,0.0092729333001106,0.64,262,37
782328,Petti2019,Diagnosis,cellchat,Monocyte,EoBasoMast Precursor,LGALS9,P4HB,0.0169740441758686,0,8890,37
782328,Petti2019,Diagnosis,cellchat,pDC,EoBasoMast Precursor,LGALS9,P4HB,0.0265712009900038,0,99,37
782328,Petti2019,Diagnosis,cellchat,Pro-Monocyte,EoBasoMast Precursor,LGALS9,P4HB,0.0105319851759812,0.54,1741,37
782328,Petti2019,Diagnosis,cellchat,cDC,HSC MPP,LGALS9,P4HB,0.0220078627801246,0,381,125
782328,Petti2019,Diagnosis,cellchat,Early GMP,HSC MPP,LGALS9,P4HB,0.0045048283603633,0.97,174,125
782328,Petti2019,Diagnosis,cellchat,HSC MPP,HSC MPP,LGALS9,P4HB,0.00437069076524741,0.97,125,125
782328,Petti2019,Diagnosis,cellchat,Late GMP,HSC MPP,LGALS9,P4HB,0.00480462393934273,0.95,436,125
782328,Petti2019,Diagnosis,cellchat,LMPP,HSC MPP,LGALS9,P4HB,0.00508453297276085,0.95,262,125
782328,Petti2019,Diagnosis,cellchat,Monocyte,HSC MPP,LGALS9,P4HB,0.00933999727913617,0.84,8890,125
782328,Petti2019,Diagnosis,cellchat,pDC,HSC MPP,LGALS9,P4HB,0.0146853303393485,0.06,99,125
782328,Petti2019,Diagnosis,cellchat,Pro-Monocyte,HSC MPP,LGALS9,P4HB,0.00577821281199037,0.95,1741,125
782328,Petti2019,Diagnosis,cellchat,cDC,Late GMP,LGALS9,P4HB,0.0562585721901253,0,381,436
782328,Petti2019,Diagnosis,cellchat,Cycling Progenitor,Late GMP,LGALS9,P4HB,0.010032302047707,0.62,142,436
782328,Petti2019,Diagnosis,cellchat,Early GMP,Late GMP,LGALS9,P4HB,0.0118456004185153,0.04,174,436
782328,Petti2019,Diagnosis,cellchat,HSC MPP,Late GMP,LGALS9,P4HB,0.0114954050761214,0.18,125,436
782328,Petti2019,Diagnosis,cellchat,Late GMP,Late GMP,LGALS9,P4HB,0.012627726255175,0,436,436
782328,Petti2019,Diagnosis,cellchat,LMPP,Late GMP,LGALS9,P4HB,0.0133572785136954,0,262,436
782328,Petti2019,Diagnosis,cellchat,Monocyte,Late GMP,LGALS9,P4HB,0.0243669845958386,0,8890,436
782328,Petti2019,Diagnosis,cellchat,pDC,Late GMP,LGALS9,P4HB,0.0379826158465747,0,99,436
782328,Petti2019,Diagnosis,cellchat,Pro-Monocyte,Late GMP,LGALS9,P4HB,0.0151624037158055,0,1741,436
782328,Petti2019,Diagnosis,cellchat,cDC,LMPP,LGALS9,P4HB,0.0236372771418535,0,381,262
782328,Petti2019,Diagnosis,cellchat,Cycling Progenitor,LMPP,LGALS9,P4HB,0.00409870295203443,0.99,142,262
782328,Petti2019,Diagnosis,cellchat,Early GMP,LMPP,LGALS9,P4HB,0.00484477562909683,0.98,174,262
782328,Petti2019,Diagnosis,cellchat,HSC MPP,LMPP,LGALS9,P4HB,0.00470056342265614,0.98,125,262
782328,Petti2019,Diagnosis,cellchat,Late GMP,LMPP,LGALS9,P4HB,0.0051670772163181,0.97,436,262
782328,Petti2019,Diagnosis,cellchat,LMPP,LMPP,LGALS9,P4HB,0.00546798612833076,0.97,262,262
782328,Petti2019,Diagnosis,cellchat,Monocyte,LMPP,LGALS9,P4HB,0.0100411399151802,0.74,8890,262
782328,Petti2019,Diagnosis,cellchat,pDC,LMPP,LGALS9,P4HB,0.0157813486040024,0.07,99,262
782328,Petti2019,Diagnosis,cellchat,Pro-Monocyte,LMPP,LGALS9,P4HB,0.00621365353166082,0.96,1741,262
782328,Petti2019,Diagnosis,cellchat,cDC,Monocyte,LGALS9,P4HB,0.0109268993217296,0.17,381,8890
782328,Petti2019,Diagnosis,cellchat,cDC,Naive T,LGALS9,P4HB,0.011704504477883,0.24,381,19
782328,Petti2019,Diagnosis,cellchat,Cycling Progenitor,Naive T,LGALS9,P4HB,0.00200926220960078,0.99,142,19
782328,Petti2019,Diagnosis,cellchat,Early GMP,Naive T,LGALS9,P4HB,0.00237590859503557,0.99,174,19
782328,Petti2019,Diagnosis,cellchat,HSC MPP,Naive T,LGALS9,P4HB,0.00230501579792112,0.99,125,19
782328,Petti2019,Diagnosis,cellchat,Late GMP,Naive T,LGALS9,P4HB,0.00253438561205485,0.99,436,19
782328,Petti2019,Diagnosis,cellchat,LMPP,Naive T,LGALS9,P4HB,0.00268239099561685,0.99,262,19
782328,Petti2019,Diagnosis,cellchat,Monocyte,Naive T,LGALS9,P4HB,0.00493737648340494,0.69,8890,19
782328,Petti2019,Diagnosis,cellchat,pDC,Naive T,LGALS9,P4HB,0.0077828597856631,0.67,99,19
782328,Petti2019,Diagnosis,cellchat,Pro-Monocyte,Naive T,LGALS9,P4HB,0.00304935246904132,0.98,1741,19
782328,Petti2019,Diagnosis,cellchat,cDC,NK,LGALS9,P4HB,0.0356178307002964,0,381,31
782328,Petti2019,Diagnosis,cellchat,Cycling Progenitor,NK,LGALS9,P4HB,0.00623941610455822,0.67,142,31
782328,Petti2019,Diagnosis,cellchat,Early GMP,NK,LGALS9,P4HB,0.00737227081860026,0.68,174,31
782328,Petti2019,Diagnosis,cellchat,HSC MPP,NK,LGALS9,P4HB,0.00715336462800398,0.66,125,31
782328,Petti2019,Diagnosis,cellchat,Late GMP,NK,LGALS9,P4HB,0.0078613872568149,0.66,436,31
782328,Petti2019,Diagnosis,cellchat,LMPP,NK,LGALS9,P4HB,0.00831788958878572,0.63,262,31
782328,Petti2019,Diagnosis,cellchat,Monocyte,NK,LGALS9,P4HB,0.0152380421576863,0,8890,31
782328,Petti2019,Diagnosis,cellchat,pDC,NK,LGALS9,P4HB,0.0238775015134514,0.02,99,31
782328,Petti2019,Diagnosis,cellchat,Pro-Monocyte,NK,LGALS9,P4HB,0.00944850509531522,0.59,1741,31
782328,Petti2019,Diagnosis,cellchat,cDC,pDC,LGALS9,P4HB,0.0334663870357074,0,381,99
782328,Petti2019,Diagnosis,cellchat,Cycling Progenitor,pDC,LGALS9,P4HB,0.00585176533852005,0.84,142,99
782328,Petti2019,Diagnosis,cellchat,Early GMP,pDC,LGALS9,P4HB,0.00691472628223626,0.83,174,99
782328,Petti2019,Diagnosis,cellchat,HSC MPP,pDC,LGALS9,P4HB,0.00670931421611545,0.84,125,99
782328,Petti2019,Diagnosis,cellchat,Late GMP,pDC,LGALS9,P4HB,0.00737371223262943,0.83,436,99
782328,Petti2019,Diagnosis,cellchat,LMPP,pDC,LGALS9,P4HB,0.00780211849572372,0.82,262,99
782328,Petti2019,Diagnosis,cellchat,Monocyte,pDC,LGALS9,P4HB,0.0142993574089186,0,8890,99
782328,Petti2019,Diagnosis,cellchat,pDC,pDC,LGALS9,P4HB,0.022418729896566,0.03,99,99
782328,Petti2019,Diagnosis,cellchat,Pro-Monocyte,pDC,LGALS9,P4HB,0.00886325400609156,0.81,1741,99
782328,Petti2019,Diagnosis,cellchat,cDC,Plasma Cell,LGALS9,P4HB,0.0430608065521931,0,381,39
782328,Petti2019,Diagnosis,cellchat,Cycling Progenitor,Plasma Cell,LGALS9,P4HB,0.00759157955436745,0.77,142,39
782328,Petti2019,Diagnosis,cellchat,Early GMP,Plasma Cell,LGALS9,P4HB,0.00896772333007677,0.7,174,39
782328,Petti2019,Diagnosis,cellchat,HSC MPP,Plasma Cell,LGALS9,P4HB,0.00870185837934473,0.7,125,39
782328,Petti2019,Diagnosis,cellchat,Late GMP,Plasma Cell,LGALS9,P4HB,0.00956167111351332,0.63,436,39
782328,Petti2019,Diagnosis,cellchat,LMPP,Plasma Cell,LGALS9,P4HB,0.0101159004127415,0.53,262,39
782328,Petti2019,Diagnosis,cellchat,Monocyte,Plasma Cell,LGALS9,P4HB,0.0185040144852589,0,8890,39
782328,Petti2019,Diagnosis,cellchat,pDC,Plasma Cell,LGALS9,P4HB,0.0289407519897282,0,99,39
782328,Petti2019,Diagnosis,cellchat,Pro-Monocyte,Plasma Cell,LGALS9,P4HB,0.0114880807257375,0.21,1741,39
782328,Petti2019,Diagnosis,cellchat,cDC,Pro-Monocyte,LGALS9,P4HB,0.0475401054490729,0,381,1741
782328,Petti2019,Diagnosis,cellchat,Cycling Progenitor,Pro-Monocyte,LGALS9,P4HB,0.00841371589127821,0.97,142,1741
782328,Petti2019,Diagnosis,cellchat,Early GMP,Pro-Monocyte,LGALS9,P4HB,0.00993739798080452,0.79,174,1741
782328,Petti2019,Diagnosis,cellchat,HSC MPP,Pro-Monocyte,LGALS9,P4HB,0.0096430649348809,0.79,125,1741
782328,Petti2019,Diagnosis,cellchat,Late GMP,Pro-Monocyte,LGALS9,P4HB,0.0105948823941245,0.37,436,1741
782328,Petti2019,Diagnosis,cellchat,LMPP,Pro-Monocyte,LGALS9,P4HB,0.0112083226520453,0.08,262,1741
782328,Petti2019,Diagnosis,cellchat,Monocyte,Pro-Monocyte,LGALS9,P4HB,0.0204835298994266,0,8890,1741
782328,Petti2019,Diagnosis,cellchat,pDC,Pro-Monocyte,LGALS9,P4HB,0.0320003628327559,0,99,1741
782328,Petti2019,Diagnosis,cellchat,Pro-Monocyte,Pro-Monocyte,LGALS9,P4HB,0.0127267803921257,0,1741,1741
782328,Petti2019,Diagnosis,cellchat,CD4 Memory T,CD4 Memory T,PPIA,BSG,0.0318577796280273,0.47,33,33
782328,Petti2019,Diagnosis,cellchat,CD8 Memory T,CD4 Memory T,PPIA,BSG,0.0330619255237246,0.45,81,33
782328,Petti2019,Diagnosis,cellchat,cDC,CD4 Memory T,PPIA,BSG,0.0355327226809903,0.36,381,33
782328,Petti2019,Diagnosis,cellchat,Cycling Progenitor,CD4 Memory T,PPIA,BSG,0.0395667272060416,0.35,142,33
782328,Petti2019,Diagnosis,cellchat,Early GMP,CD4 Memory T,PPIA,BSG,0.036848413171789,0.36,174,33
782328,Petti2019,Diagnosis,cellchat,EoBasoMast Precursor,CD4 Memory T,PPIA,BSG,0.03082741707124,0.46,37,33
782328,Petti2019,Diagnosis,cellchat,HSC MPP,CD4 Memory T,PPIA,BSG,0.0309069180921849,0.52,125,33
782328,Petti2019,Diagnosis,cellchat,Late GMP,CD4 Memory T,PPIA,BSG,0.0384661576372656,0.35,436,33
782328,Petti2019,Diagnosis,cellchat,LMPP,CD4 Memory T,PPIA,BSG,0.0328336181980212,0.41,262,33
782328,Petti2019,Diagnosis,cellchat,Monocyte,CD4 Memory T,PPIA,BSG,0.0277920494877977,0.73,8890,33
782328,Petti2019,Diagnosis,cellchat,Naive T,CD4 Memory T,PPIA,BSG,0.0283058664238425,0.71,19,33
782328,Petti2019,Diagnosis,cellchat,NK,CD4 Memory T,PPIA,BSG,0.0339535366165813,0.43,31,33
782328,Petti2019,Diagnosis,cellchat,pDC,CD4 Memory T,PPIA,BSG,0.0365433864341973,0.36,99,33
782328,Petti2019,Diagnosis,cellchat,Pro-Monocyte,CD4 Memory T,PPIA,BSG,0.036197012667391,0.36,1741,33
782328,Petti2019,Diagnosis,cellchat,CD4 Memory T,CD8 Memory T,PPIA,BSG,0.0973875505311105,0,33,81
782328,Petti2019,Diagnosis,cellchat,CD8 Memory T,CD8 Memory T,PPIA,BSG,0.100810650176889,0,81,81
782328,Petti2019,Diagnosis,cellchat,cDC,CD8 Memory T,PPIA,BSG,0.107780120347955,0,381,81
782328,Petti2019,Diagnosis,cellchat,Cycling Progenitor,CD8 Memory T,PPIA,BSG,0.119004262768946,0,142,81
782328,Petti2019,Diagnosis,cellchat,Early GMP,CD8 Memory T,PPIA,BSG,0.111461794728368,0,174,81
782328,Petti2019,Diagnosis,cellchat,EoBasoMast Precursor,CD8 Memory T,PPIA,BSG,0.0944445391532982,0,37,81
782328,Petti2019,Diagnosis,cellchat,HSC MPP,CD8 Memory T,PPIA,BSG,0.0946720765798742,0,125,81
782328,Petti2019,Diagnosis,cellchat,Late GMP,CD8 Memory T,PPIA,BSG,0.115960878442169,0,436,81
782328,Petti2019,Diagnosis,cellchat,LMPP,CD8 Memory T,PPIA,BSG,0.100162969726457,0,262,81
782328,Petti2019,Diagnosis,cellchat,Monocyte,CD8 Memory T,PPIA,BSG,0.085699112975478,0,8890,81
782328,Petti2019,Diagnosis,cellchat,Naive T,CD8 Memory T,PPIA,BSG,0.0871875009924109,0,19,81
782328,Petti2019,Diagnosis,cellchat,NK,CD8 Memory T,PPIA,BSG,0.103334051914922,0,31,81
782328,Petti2019,Diagnosis,cellchat,pDC,CD8 Memory T,PPIA,BSG,0.110610058338666,0,99,81
782328,Petti2019,Diagnosis,cellchat,Plasma Cell,CD8 Memory T,PPIA,BSG,0.0488854716934531,0.29,39,81
782328,Petti2019,Diagnosis,cellchat,Pro-Monocyte,CD8 Memory T,PPIA,BSG,0.109641540900463,0,1741,81
782328,Petti2019,Diagnosis,cellchat,CD8 Memory T,cDC,PPIA,BSG,0.0258590007146647,0.99,81,381
782328,Petti2019,Diagnosis,cellchat,cDC,cDC,PPIA,BSG,0.0278069860650443,0.97,381,381
782328,Petti2019,Diagnosis,cellchat,Cycling Progenitor,cDC,PPIA,BSG,0.0309920777947588,0.27,142,381
782328,Petti2019,Diagnosis,cellchat,Early GMP,cDC,PPIA,BSG,0.0288451668822287,0.77,174,381
782328,Petti2019,Diagnosis,cellchat,Late GMP,cDC,PPIA,BSG,0.030122536205361,0.46,436,381
782328,Petti2019,Diagnosis,cellchat,NK,cDC,PPIA,BSG,0.0265616999365912,0.98,31,381
782328,Petti2019,Diagnosis,cellchat,pDC,cDC,PPIA,BSG,0.0286044225147546,0.89,99,381
782328,Petti2019,Diagnosis,cellchat,Pro-Monocyte,cDC,PPIA,BSG,0.0283310848827188,0.95,1741,381
782328,Petti2019,Diagnosis,cellchat,CD4 Memory T,Cycling Progenitor,PPIA,BSG,0.086796821869398,0,33,142
782328,Petti2019,Diagnosis,cellchat,CD8 Memory T,Cycling Progenitor,PPIA,BSG,0.0898847356544991,0,81,142
782328,Petti2019,Diagnosis,cellchat,cDC,Cycling Progenitor,PPIA,BSG,0.0961796455134177,0,381,142
782328,Petti2019,Diagnosis,cellchat,Cycling Progenitor,Cycling Progenitor,PPIA,BSG,0.106339706888847,0,142,142
782328,Petti2019,Diagnosis,cellchat,Early GMP,Cycling Progenitor,PPIA,BSG,0.0995092529404601,0,174,142
782328,Petti2019,Diagnosis,cellchat,EoBasoMast Precursor,Cycling Progenitor,PPIA,BSG,0.0841440222144814,0,37,142
782328,Petti2019,Diagnosis,cellchat,HSC MPP,Cycling Progenitor,PPIA,BSG,0.0843490549898999,0,125,142
782328,Petti2019,Diagnosis,cellchat,Late GMP,Cycling Progenitor,PPIA,BSG,0.103582122796659,0,436,142
782328,Petti2019,Diagnosis,cellchat,LMPP,Cycling Progenitor,PPIA,BSG,0.0893002798716792,0,262,142
782328,Petti2019,Diagnosis,cellchat,Monocyte,Cycling Progenitor,PPIA,BSG,0.0762720722028472,0,8890,142
782328,Petti2019,Diagnosis,cellchat,Naive T,Cycling Progenitor,PPIA,BSG,0.077610632975201,0.01,19,142
782328,Petti2019,Diagnosis,cellchat,NK,Cycling Progenitor,PPIA,BSG,0.0921626809063066,0,31,142
782328,Petti2019,Diagnosis,cellchat,pDC,Cycling Progenitor,PPIA,BSG,0.0987387023725869,0,99,142
782328,Petti2019,Diagnosis,cellchat,Plasma Cell,Cycling Progenitor,PPIA,BSG,0.0433161379668985,0.21,39,142
782328,Petti2019,Diagnosis,cellchat,Pro-Monocyte,Cycling Progenitor,PPIA,BSG,0.0978626945351356,0,1741,142
782328,Petti2019,Diagnosis,cellchat,CD4 Memory T,Early GMP,PPIA,BSG,0.0649197517357017,0.02,33,174
782328,Petti2019,Diagnosis,cellchat,CD8 Memory T,Early GMP,PPIA,BSG,0.0672867065181853,0.03,81,174
782328,Petti2019,Diagnosis,cellchat,cDC,Early GMP,PPIA,BSG,0.0721244236073737,0.02,381,174
782328,Petti2019,Diagnosis,cellchat,Cycling Progenitor,Early GMP,PPIA,BSG,0.0799682123037067,0,142,174
782328,Petti2019,Diagnosis,cellchat,Early GMP,Early GMP,PPIA,BSG,0.0746900899315219,0,174,174
782328,Petti2019,Diagnosis,cellchat,EoBasoMast Precursor,Early GMP,PPIA,BSG,0.0628895411878174,0.07,37,174
782328,Petti2019,Diagnosis,cellchat,HSC MPP,Early GMP,PPIA,BSG,0.0630463486076444,0.05,125,174
782328,Petti2019,Diagnosis,cellchat,Late GMP,Early GMP,PPIA,BSG,0.0778349274315898,0,436,174
782328,Petti2019,Diagnosis,cellchat,LMPP,Early GMP,PPIA,BSG,0.0668383983594027,0.03,262,174
782328,Petti2019,Diagnosis,cellchat,Monocyte,Early GMP,PPIA,BSG,0.0568825194142581,0.11,8890,174
782328,Petti2019,Diagnosis,cellchat,Naive T,Early GMP,PPIA,BSG,0.057902127114803,0.11,19,174
782328,Petti2019,Diagnosis,cellchat,NK,Early GMP,PPIA,BSG,0.0690353921722083,0.04,31,174
782328,Petti2019,Diagnosis,cellchat,pDC,Early GMP,PPIA,BSG,0.0740959127890859,0.01,99,174
782328,Petti2019,Diagnosis,cellchat,Plasma Cell,Early GMP,PPIA,BSG,0.0320141408172468,0.32,39,174
782328,Petti2019,Diagnosis,cellchat,Pro-Monocyte,Early GMP,PPIA,BSG,0.0734207247056973,0.01,1741,174
782328,Petti2019,Diagnosis,cellchat,CD4 Memory T,EoBasoMast Precursor,PPIA,BSG,0.0634051295857362,0.28,33,37
782328,Petti2019,Diagnosis,cellchat,CD8 Memory T,EoBasoMast Precursor,PPIA,BSG,0.0657207429408909,0.25,81,37
782328,Petti2019,Diagnosis,cellchat,cDC,EoBasoMast Precursor,PPIA,BSG,0.0704543764120939,0.16,381,37
782328,Petti2019,Diagnosis,cellchat,Cycling Progenitor,EoBasoMast Precursor,PPIA,BSG,0.0781318351397183,0.04,142,37
782328,Petti2019,Diagnosis,cellchat,Early GMP,EoBasoMast Precursor,PPIA,BSG,0.0729653061946679,0.11,174,37
782328,Petti2019,Diagnosis,cellchat,EoBasoMast Precursor,EoBasoMast Precursor,PPIA,BSG,0.0614191740674884,0.36,37,37
782328,Petti2019,Diagnosis,cellchat,HSC MPP,EoBasoMast Precursor,PPIA,BSG,0.0615725561911219,0.34,125,37
782328,Petti2019,Diagnosis,cellchat,Late GMP,EoBasoMast Precursor,PPIA,BSG,0.0760434896337014,0.05,436,37
782328,Petti2019,Diagnosis,cellchat,LMPP,EoBasoMast Precursor,PPIA,BSG,0.0652821380021017,0.27,262,37
782328,Petti2019,Diagnosis,cellchat,Monocyte,EoBasoMast Precursor,PPIA,BSG,0.0555442729437824,0.38,8890,37
782328,Petti2019,Diagnosis,cellchat,Naive T,EoBasoMast Precursor,PPIA,BSG,0.0565413309510436,0.36,19,37
782328,Petti2019,Diagnosis,cellchat,NK,EoBasoMast Precursor,PPIA,BSG,0.0674316736844785,0.22,31,37
782328,Petti2019,Diagnosis,cellchat,pDC,EoBasoMast Precursor,PPIA,BSG,0.0723837767597745,0.13,99,37
782328,Petti2019,Diagnosis,cellchat,Plasma Cell,EoBasoMast Precursor,PPIA,BSG,0.0312415793915521,0.52,39,37
782328,Petti2019,Diagnosis,cellchat,Pro-Monocyte,EoBasoMast Precursor,PPIA,BSG,0.0717229817233345,0.14,1741,37
782328,Petti2019,Diagnosis,cellchat,CD4 Memory T,HSC MPP,PPIA,BSG,0.0507518102298957,0.28,33,125
782328,Petti2019,Diagnosis,cellchat,CD8 Memory T,HSC MPP,PPIA,BSG,0.0526312807699403,0.27,81,125
782328,Petti2019,Diagnosis,cellchat,cDC,HSC MPP,PPIA,BSG,0.0564791198972324,0.22,381,125
782328,Petti2019,Diagnosis,cellchat,Cycling Progenitor,HSC MPP,PPIA,BSG,0.0627364683083742,0.14,142,125
782328,Petti2019,Diagnosis,cellchat,Early GMP,HSC MPP,PPIA,BSG,0.0585233420132901,0.18,174,125
782328,Petti2019,Diagnosis,cellchat,EoBasoMast Precursor,HSC MPP,PPIA,BSG,0.0491413836563869,0.27,37,125
782328,Petti2019,Diagnosis,cellchat,HSC MPP,HSC MPP,PPIA,BSG,0.0492657138503342,0.28,125,125
782328,Petti2019,Diagnosis,cellchat,Late GMP,HSC MPP,PPIA,BSG,0.0610323745628151,0.13,436,125
782328,Petti2019,Diagnosis,cellchat,LMPP,HSC MPP,PPIA,BSG,0.0522751440774464,0.28,262,125
782328,Petti2019,Diagnosis,cellchat,Monocyte,HSC MPP,PPIA,BSG,0.0443853472964767,0.28,8890,125
782328,Petti2019,Diagnosis,cellchat,Naive T,HSC MPP,PPIA,BSG,0.0451916796336893,0.28,19,125
782328,Petti2019,Diagnosis,cellchat,NK,HSC MPP,PPIA,BSG,0.0540211523322267,0.24,31,125
782328,Petti2019,Diagnosis,cellchat,pDC,HSC MPP,PPIA,BSG,0.0580497067145022,0.2,99,125
782328,Petti2019,Diagnosis,cellchat,Plasma Cell,HSC MPP,PPIA,BSG,0.0248367048895507,0.96,39,125
782328,Petti2019,Diagnosis,cellchat,Pro-Monocyte,HSC MPP,PPIA,BSG,0.0575116550834832,0.19,1741,125
782328,Petti2019,Diagnosis,cellchat,CD4 Memory T,Late GMP,PPIA,BSG,0.0695872501985361,0,33,436
782328,Petti2019,Diagnosis,cellchat,CD8 Memory T,Late GMP,PPIA,BSG,0.0721112570281977,0.01,81,436
782328,Petti2019,Diagnosis,cellchat,cDC,Late GMP,PPIA,BSG,0.0772671099441381,0,381,436
782328,Petti2019,Diagnosis,cellchat,Cycling Progenitor,Late GMP,PPIA,BSG,0.0856185767673613,0,142,436
782328,Petti2019,Diagnosis,cellchat,Early GMP,Late GMP,PPIA,BSG,0.0799999431595326,0,174,436
782328,Petti2019,Diagnosis,cellchat,EoBasoMast Precursor,Late GMP,PPIA,BSG,0.0674215991875986,0.01,37,436
782328,Petti2019,Diagnosis,cellchat,HSC MPP,Late GMP,PPIA,BSG,0.0675888917228371,0.01,125,436
782328,Petti2019,Diagnosis,cellchat,Late GMP,Late GMP,PPIA,BSG,0.0833482143439113,0,436,436
782328,Petti2019,Diagnosis,cellchat,LMPP,Late GMP,PPIA,BSG,0.0716332732649035,0,262,436
782328,Petti2019,Diagnosis,cellchat,Monocyte,Late GMP,PPIA,BSG,0.0610098716168592,0.03,8890,436
782328,Petti2019,Diagnosis,cellchat,Naive T,Late GMP,PPIA,BSG,0.0620985900090852,0.03,19,436
782328,Petti2019,Diagnosis,cellchat,NK,Late GMP,PPIA,BSG,0.0739753814822012,0,31,436
782328,Petti2019,Diagnosis,cellchat,pDC,Late GMP,PPIA,BSG,0.0793671480649043,0,99,436
782328,Petti2019,Diagnosis,cellchat,Plasma Cell,Late GMP,PPIA,BSG,0.0344028841668729,0.08,39,436
782328,Petti2019,Diagnosis,cellchat,Pro-Monocyte,Late GMP,PPIA,BSG,0.0786480066690761,0,1741,436
782328,Petti2019,Diagnosis,cellchat,CD4 Memory T,LMPP,PPIA,BSG,0.0568061034847785,0.09,33,262
782328,Petti2019,Diagnosis,cellchat,CD8 Memory T,LMPP,PPIA,BSG,0.0588958693196705,0.08,81,262
782328,Petti2019,Diagnosis,cellchat,cDC,LMPP,PPIA,BSG,0.0631711687475861,0.06,381,262
782328,Petti2019,Diagnosis,cellchat,Cycling Progenitor,LMPP,PPIA,BSG,0.0701148364344525,0.01,142,262
782328,Petti2019,Diagnosis,cellchat,Early GMP,LMPP,PPIA,BSG,0.0654408053752024,0.04,174,262
782328,Petti2019,Diagnosis,cellchat,EoBasoMast Precursor,LMPP,PPIA,BSG,0.0550146996560836,0.1,37,262
782328,Petti2019,Diagnosis,cellchat,HSC MPP,LMPP,PPIA,BSG,0.0551530277193863,0.1,125,262
782328,Petti2019,Diagnosis,cellchat,Late GMP,LMPP,PPIA,BSG,0.0682249147151961,0.02,436,262
782328,Petti2019,Diagnosis,cellchat,LMPP,LMPP,PPIA,BSG,0.0584999600313967,0.09,262,262
782328,Petti2019,Diagnosis,cellchat,Monocyte,LMPP,PPIA,BSG,0.0497199510708732,0.12,8890,262
782328,Petti2019,Diagnosis,cellchat,Naive T,LMPP,PPIA,BSG,0.0506180618679565,0.12,19,262
782328,Petti2019,Diagnosis,cellchat,NK,LMPP,PPIA,BSG,0.0604406199248737,0.08,31,262
782328,Petti2019,Diagnosis,cellchat,pDC,LMPP,PPIA,BSG,0.0649150464407399,0.06,99,262
782328,Petti2019,Diagnosis,cellchat,Plasma Cell,LMPP,PPIA,BSG,0.0278903612347285,0.85,39,262
782328,Petti2019,Diagnosis,cellchat,Pro-Monocyte,LMPP,PPIA,BSG,0.0643177062759802,0.06,1741,262
782328,Petti2019,Diagnosis,cellchat,CD4 Memory T,Monocyte,PPIA,BSG,0.0327784077451063,0.07,33,8890
782328,Petti2019,Diagnosis,cellchat,CD8 Memory T,Monocyte,PPIA,BSG,0.0340161284987226,0,81,8890
782328,Petti2019,Diagnosis,cellchat,cDC,Monocyte,PPIA,BSG,0.0365555396347451,0,381,8890
782328,Petti2019,Diagnosis,cellchat,Cycling Progenitor,Monocyte,PPIA,BSG,0.0407007635553538,0,142,8890
782328,Petti2019,Diagnosis,cellchat,Early GMP,Monocyte,PPIA,BSG,0.0379076140096704,0,174,8890
782328,Petti2019,Diagnosis,cellchat,EoBasoMast Precursor,Monocyte,PPIA,BSG,0.0317192452405878,0.13,37,8890
782328,Petti2019,Diagnosis,cellchat,HSC MPP,Monocyte,PPIA,BSG,0.0318009707360285,0.03,125,8890
782328,Petti2019,Diagnosis,cellchat,Late GMP,Monocyte,PPIA,BSG,0.0395699497709713,0,436,8890
782328,Petti2019,Diagnosis,cellchat,LMPP,Monocyte,PPIA,BSG,0.0337814621800289,0,262,8890
782328,Petti2019,Diagnosis,cellchat,Naive T,Monocyte,PPIA,BSG,0.0291269391973646,0.68,19,8890
782328,Petti2019,Diagnosis,cellchat,NK,Monocyte,PPIA,BSG,0.0349325428029658,0,31,8890
782328,Petti2019,Diagnosis,cellchat,pDC,Monocyte,PPIA,BSG,0.0375941615688181,0,99,8890
782328,Petti2019,Diagnosis,cellchat,Pro-Monocyte,Monocyte,PPIA,BSG,0.0372382130566776,0,1741,8890
782328,Petti2019,Diagnosis,cellchat,CD4 Memory T,Naive T,PPIA,BSG,0.029366256570222,0.63,33,19
782328,Petti2019,Diagnosis,cellchat,CD8 Memory T,Naive T,PPIA,BSG,0.0304791937906155,0.59,81,19
782328,Petti2019,Diagnosis,cellchat,cDC,Naive T,PPIA,BSG,0.0327635172334716,0.55,381,19
782328,Petti2019,Diagnosis,cellchat,Cycling Progenitor,Naive T,PPIA,BSG,0.0364950320791299,0.46,142,19
782328,Petti2019,Diagnosis,cellchat,Early GMP,Naive T,PPIA,BSG,0.0339802833671979,0.52,174,19
782328,Petti2019,Diagnosis,cellchat,EoBasoMast Precursor,Naive T,PPIA,BSG,0.0284141112616282,0.69,37,19
782328,Petti2019,Diagnosis,cellchat,HSC MPP,Naive T,PPIA,BSG,0.0284875715302379,0.66,125,19
782328,Petti2019,Diagnosis,cellchat,Late GMP,Naive T,PPIA,BSG,0.03547674730767,0.48,436,19
782328,Petti2019,Diagnosis,cellchat,LMPP,Naive T,PPIA,BSG,0.0302681630900593,0.63,262,19
782328,Petti2019,Diagnosis,cellchat,Monocyte,Naive T,PPIA,BSG,0.0256100865182658,0.8,8890,19
782328,Petti2019,Diagnosis,cellchat,Naive T,Naive T,PPIA,BSG,0.026084645850465,0.8,19,19
782328,Petti2019,Diagnosis,cellchat,NK,Naive T,PPIA,BSG,0.0313034088618237,0.6,31,19
782328,Petti2019,Diagnosis,cellchat,pDC,Naive T,PPIA,BSG,0.0336981679915827,0.51,99,19
782328,Petti2019,Diagnosis,cellchat,Plasma Cell,Naive T,PPIA,BSG,0.0142076909064553,0.97,39,19
782328,Petti2019,Diagnosis,cellchat,Pro-Monocyte,Naive T,PPIA,BSG,0.0333778281344351,0.54,1741,19
782328,Petti2019,Diagnosis,cellchat,CD4 Memory T,NK,PPIA,BSG,0.100659277222933,0,33,31
782328,Petti2019,Diagnosis,cellchat,CD8 Memory T,NK,PPIA,BSG,0.104184101879482,0,81,31
782328,Petti2019,Diagnosis,cellchat,cDC,NK,PPIA,BSG,0.111357910455131,0,381,31
782328,Petti2019,Diagnosis,cellchat,Cycling Progenitor,NK,PPIA,BSG,0.122903317236974,0,142,31
782328,Petti2019,Diagnosis,cellchat,Early GMP,NK,PPIA,BSG,0.115146026576837,0,174,31
782328,Petti2019,Diagnosis,cellchat,EoBasoMast Precursor,NK,PPIA,BSG,0.0976280895923381,0,37,31
782328,Petti2019,Diagnosis,cellchat,HSC MPP,NK,PPIA,BSG,0.0978624680094013,0,125,31
782328,Petti2019,Diagnosis,cellchat,Late GMP,NK,PPIA,BSG,0.119773775807537,0,436,31
782328,Petti2019,Diagnosis,cellchat,LMPP,NK,PPIA,BSG,0.10351724305217,0,262,31
782328,Petti2019,Diagnosis,cellchat,Monocyte,NK,PPIA,BSG,0.0886167193514702,0,8890,31
782328,Petti2019,Diagnosis,cellchat,Naive T,NK,PPIA,BSG,0.0901507829108897,0.02,19,31
782328,Petti2019,Diagnosis,cellchat,NK,NK,PPIA,BSG,0.106781917140337,0,31,31
782328,Petti2019,Diagnosis,cellchat,pDC,NK,PPIA,BSG,0.114269757700065,0,99,31
782328,Petti2019,Diagnosis,cellchat,Plasma Cell,NK,PPIA,BSG,0.0506191542948016,0.31,39,31
782328,Petti2019,Diagnosis,cellchat,Pro-Monocyte,NK,PPIA,BSG,0.113273276665243,0,1741,31
782328,Petti2019,Diagnosis,cellchat,CD4 Memory T,pDC,PPIA,BSG,0.0582050028194577,0.19,33,99
782328,Petti2019,Diagnosis,cellchat,CD8 Memory T,pDC,PPIA,BSG,0.0603429385270481,0.15,81,99
782328,Petti2019,Diagnosis,cellchat,cDC,pDC,PPIA,BSG,0.064716058433005,0.13,381,99
782328,Petti2019,Diagnosis,cellchat,Cycling Progenitor,pDC,PPIA,BSG,0.0718165201526049,0.04,142,99
782328,Petti2019,Diagnosis,cellchat,Early GMP,pDC,PPIA,BSG,0.0670372285862936,0.09,174,99
782328,Petti2019,Diagnosis,cellchat,EoBasoMast Precursor,pDC,PPIA,BSG,0.0563721207500216,0.18,37,99
782328,Petti2019,Diagnosis,cellchat,HSC MPP,pDC,PPIA,BSG,0.0565136577759719,0.18,125,99
782328,Petti2019,Diagnosis,cellchat,Late GMP,pDC,PPIA,BSG,0.0698841772904419,0.05,436,99
782328,Petti2019,Diagnosis,cellchat,LMPP,pDC,PPIA,BSG,0.0599379212956202,0.15,262,99
782328,Petti2019,Diagnosis,cellchat,Monocyte,pDC,PPIA,BSG,0.050953774868503,0.22,8890,99
782328,Petti2019,Diagnosis,cellchat,Naive T,pDC,PPIA,BSG,0.0518729561212699,0.2,19,99
782328,Petti2019,Diagnosis,cellchat,NK,pDC,PPIA,BSG,0.0619231462513672,0.14,31,99
782328,Petti2019,Diagnosis,cellchat,pDC,pDC,PPIA,BSG,0.0664995564415271,0.1,99,99
782328,Petti2019,Diagnosis,cellchat,Plasma Cell,pDC,PPIA,BSG,0.0285987764319575,0.73,39,99
782328,Petti2019,Diagnosis,cellchat,Pro-Monocyte,pDC,PPIA,BSG,0.0658886631929178,0.11,1741,99
782328,Petti2019,Diagnosis,cellchat,CD4 Memory T,Plasma Cell,PPIA,BSG,0.0531591336487056,0.31,33,39
782328,Petti2019,Diagnosis,cellchat,CD8 Memory T,Plasma Cell,PPIA,BSG,0.0551225767083233,0.3,81,39
782328,Petti2019,Diagnosis,cellchat,cDC,Plasma Cell,PPIA,BSG,0.0591411826512312,0.28,381,39
782328,Petti2019,Diagnosis,cellchat,Cycling Progenitor,Plasma Cell,PPIA,BSG,0.0656729338302275,0.21,142,39
782328,Petti2019,Diagnosis,cellchat,Early GMP,Plasma Cell,PPIA,BSG,0.0612754988626566,0.27,174,39
782328,Petti2019,Diagnosis,cellchat,EoBasoMast Precursor,Plasma Cell,PPIA,BSG,0.051476461711998,0.31,37,39
782328,Petti2019,Diagnosis,cellchat,HSC MPP,Plasma Cell,PPIA,BSG,0.051606379131624,0.31,125,39
782328,Petti2019,Diagnosis,cellchat,Late GMP,Plasma Cell,PPIA,BSG,0.0638945151761561,0.24,436,39
782328,Petti2019,Diagnosis,cellchat,LMPP,Plasma Cell,PPIA,BSG,0.0547505565679956,0.29,262,39
782328,Petti2019,Diagnosis,cellchat,Monocyte,Plasma Cell,PPIA,BSG,0.0465054833502867,0.32,8890,39
782328,Petti2019,Diagnosis,cellchat,Naive T,Plasma Cell,PPIA,BSG,0.0473484230595263,0.32,19,39
782328,Petti2019,Diagnosis,cellchat,NK,Plasma Cell,PPIA,BSG,0.0565743089225681,0.3,31,39
782328,Petti2019,Diagnosis,cellchat,pDC,Plasma Cell,PPIA,BSG,0.0607810280407602,0.27,99,39
782328,Petti2019,Diagnosis,cellchat,Plasma Cell,Plasma Cell,PPIA,BSG,0.0260485223537607,0.83,39,39
782328,Petti2019,Diagnosis,cellchat,Pro-Monocyte,Plasma Cell,PPIA,BSG,0.060219278783279,0.28,1741,39
782328,Petti2019,Diagnosis,cellchat,CD4 Memory T,Pro-Monocyte,PPIA,BSG,0.0316363465749144,0.23,33,1741
782328,Petti2019,Diagnosis,cellchat,CD8 Memory T,Pro-Monocyte,PPIA,BSG,0.032832406681963,0.01,81,1741
782328,Petti2019,Diagnosis,cellchat,cDC,Pro-Monocyte,PPIA,BSG,0.0352866772941907,0.01,381,1741
782328,Petti2019,Diagnosis,cellchat,Cycling Progenitor,Pro-Monocyte,PPIA,BSG,0.0392938865110006,0.01,142,1741
782328,Petti2019,Diagnosis,cellchat,Early GMP,Pro-Monocyte,PPIA,BSG,0.0365936029885973,0.01,174,1741
782328,Petti2019,Diagnosis,cellchat,EoBasoMast Precursor,Pro-Monocyte,PPIA,BSG,0.0306129192774102,0.4,37,1741
782328,Petti2019,Diagnosis,cellchat,HSC MPP,Pro-Monocyte,PPIA,BSG,0.0306918846464886,0.31,125,1741
782328,Petti2019,Diagnosis,cellchat,Late GMP,Pro-Monocyte,PPIA,BSG,0.0382006042955019,0.01,436,1741
782328,Petti2019,Diagnosis,cellchat,LMPP,Pro-Monocyte,PPIA,BSG,0.0326056308414988,0.01,262,1741
782328,Petti2019,Diagnosis,cellchat,Naive T,Pro-Monocyte,PPIA,BSG,0.0281084047821465,0.84,19,1741
782328,Petti2019,Diagnosis,cellchat,NK,Pro-Monocyte,PPIA,BSG,0.0337180439696579,0.02,31,1741
782328,Petti2019,Diagnosis,cellchat,pDC,Pro-Monocyte,PPIA,BSG,0.0362906060631876,0.01,99,1741
782328,Petti2019,Diagnosis,cellchat,Pro-Monocyte,Pro-Monocyte,PPIA,BSG,0.0359465388631059,0.01,1741,1741
782328,Petti2019,Diagnosis,cellchat,cDC,CD4 Memory T,COL9A2,CD44,0.00976109210154542,0,381,33
782328,Petti2019,Diagnosis,cellchat,cDC,CD8 Memory T,COL9A2,CD44,0.00262477508497213,0,381,81
782328,Petti2019,Diagnosis,cellchat,cDC,cDC,COL9A2,CD44,0.00634810316412575,0,381,381
782328,Petti2019,Diagnosis,cellchat,cDC,Cycling Progenitor,COL9A2,CD44,0.00915222555170879,0,381,142
782328,Petti2019,Diagnosis,cellchat,cDC,Early GMP,COL9A2,CD44,0.0110666564125428,0,381,174
782328,Petti2019,Diagnosis,cellchat,cDC,EoBasoMast Precursor,COL9A2,CD44,0.00214822853035733,0,381,37
782328,Petti2019,Diagnosis,cellchat,cDC,HSC MPP,COL9A2,CD44,0.0127178542066357,0,381,125
782328,Petti2019,Diagnosis,cellchat,cDC,Late GMP,COL9A2,CD44,0.00721770107216859,0,381,436
782328,Petti2019,Diagnosis,cellchat,cDC,LMPP,COL9A2,CD44,0.0121415464249065,0,381,262
782328,Petti2019,Diagnosis,cellchat,cDC,Monocyte,COL9A2,CD44,0.0116708466842938,0,381,8890
782328,Petti2019,Diagnosis,cellchat,cDC,Naive T,COL9A2,CD44,0.00718110566723026,0,381,19
782328,Petti2019,Diagnosis,cellchat,cDC,NK,COL9A2,CD44,0.00281624867713569,0,381,31
782328,Petti2019,Diagnosis,cellchat,cDC,pDC,COL9A2,CD44,0.00887155355419042,0,381,99
782328,Petti2019,Diagnosis,cellchat,cDC,Plasma Cell,COL9A2,CD44,0.00110288908017629,0,381,39
782328,Petti2019,Diagnosis,cellchat,cDC,Pro-Monocyte,COL9A2,CD44,0.00651053196119946,0,381,1741
782328,Petti2019,Diagnosis,cellchat,cDC,Plasma Cell,COL9A2,SDC1,0.00343394767509406,0,381,39
782328,Petti2019,Diagnosis,cellchat,cDC,CD4 Memory T,APP,CD74,0.0446698111708598,0.2,381,33
782328,Petti2019,Diagnosis,cellchat,Cycling Progenitor,CD4 Memory T,APP,CD74,0.0613180563692008,0.01,142,33
782328,Petti2019,Diagnosis,cellchat,Early GMP,CD4 Memory T,APP,CD74,0.0474058116745246,0.06,174,33
782328,Petti2019,Diagnosis,cellchat,HSC MPP,CD4 Memory T,APP,CD74,0.0561858918822073,0.01,125,33
782328,Petti2019,Diagnosis,cellchat,Late GMP,CD4 Memory T,APP,CD74,0.0493586805391987,0,436,33
782328,Petti2019,Diagnosis,cellchat,LMPP,CD4 Memory T,APP,CD74,0.053214613632613,0,262,33
782328,Petti2019,Diagnosis,cellchat,Naive T,CD4 Memory T,APP,CD74,0.0140438279768406,0.88,19,33
782328,Petti2019,Diagnosis,cellchat,pDC,CD4 Memory T,APP,CD74,0.0568700660692691,0.01,99,33
782328,Petti2019,Diagnosis,cellchat,cDC,CD8 Memory T,APP,CD74,0.0485524313148553,0.01,381,81
782328,Petti2019,Diagnosis,cellchat,Cycling Progenitor,CD8 Memory T,APP,CD74,0.0665469138218471,0.01,142,81
782328,Petti2019,Diagnosis,cellchat,Early GMP,CD8 Memory T,APP,CD74,0.0515134169687196,0.01,174,81
782328,Petti2019,Diagnosis,cellchat,HSC MPP,CD8 Memory T,APP,CD74,0.061005549977616,0.01,125,81
782328,Petti2019,Diagnosis,cellchat,Late GMP,CD8 Memory T,APP,CD74,0.0536259717476511,0,436,81
782328,Petti2019,Diagnosis,cellchat,LMPP,CD8 Memory T,APP,CD74,0.05779500137085,0,262,81
782328,Petti2019,Diagnosis,cellchat,Naive T,CD8 Memory T,APP,CD74,0.0153071446097645,0.88,19,81
782328,Petti2019,Diagnosis,cellchat,pDC,CD8 Memory T,APP,CD74,0.0617445735789109,0.01,99,81
782328,Petti2019,Diagnosis,cellchat,cDC,cDC,APP,CD74,0.109827480166731,0,381,381
782328,Petti2019,Diagnosis,cellchat,Cycling Progenitor,cDC,APP,CD74,0.147022474012982,0,142,381
782328,Petti2019,Diagnosis,cellchat,Early GMP,cDC,APP,CD74,0.116069473218107,0,174,381
782328,Petti2019,Diagnosis,cellchat,HSC MPP,cDC,APP,CD74,0.135754480581422,0,125,381
782328,Petti2019,Diagnosis,cellchat,Late GMP,cDC,APP,CD74,0.120493136416438,0,436,381
782328,Petti2019,Diagnosis,cellchat,LMPP,cDC,APP,CD74,0.129151174299578,0,262,381
782328,Petti2019,Diagnosis,cellchat,Monocyte,cDC,APP,CD74,0.0630728047923289,0,8890,381
782328,Petti2019,Diagnosis,cellchat,Naive T,cDC,APP,CD74,0.0362226989286864,0.7,19,381
782328,Petti2019,Diagnosis,cellchat,pDC,cDC,APP,CD74,0.137266643690288,0,99,381
782328,Petti2019,Diagnosis,cellchat,Pro-Monocyte,cDC,APP,CD74,0.0648204887850702,0,1741,381
782328,Petti2019,Diagnosis,cellchat,cDC,Cycling Progenitor,APP,CD74,0.0692958925214683,0,381,142
782328,Petti2019,Diagnosis,cellchat,Cycling Progenitor,Cycling Progenitor,APP,CD74,0.094217011344959,0.01,142,142
782328,Petti2019,Diagnosis,cellchat,Early GMP,Cycling Progenitor,APP,CD74,0.073424299733689,0,174,142
782328,Petti2019,Diagnosis,cellchat,HSC MPP,Cycling Progenitor,APP,CD74,0.0865852803866244,0.01,125,142
782328,Petti2019,Diagnosis,cellchat,Late GMP,Cycling Progenitor,APP,CD74,0.0763630718398877,0,436,142
782328,Petti2019,Diagnosis,cellchat,LMPP,Cycling Progenitor,APP,CD74,0.0821463122920948,0,262,142
782328,Petti2019,Diagnosis,cellchat,Naive T,Cycling Progenitor,APP,CD74,0.0221780281458419,0.82,19,142
782328,Petti2019,Diagnosis,cellchat,pDC,Cycling Progenitor,APP,CD74,0.0876052675672392,0,99,142
782328,Petti2019,Diagnosis,cellchat,Pro-Monocyte,Cycling Progenitor,APP,CD74,0.0401494821159828,0.97,1741,142
782328,Petti2019,Diagnosis,cellchat,cDC,Early GMP,APP,CD74,0.0686667487496244,0,381,174
782328,Petti2019,Diagnosis,cellchat,Cycling Progenitor,Early GMP,APP,CD74,0.0933843088703564,0.01,142,174
782328,Petti2019,Diagnosis,cellchat,Early GMP,Early GMP,APP,CD74,0.0727606040568898,0,174,174
782328,Petti2019,Diagnosis,cellchat,HSC MPP,Early GMP,APP,CD74,0.0858136379461259,0,125,174
782328,Petti2019,Diagnosis,cellchat,Late GMP,Early GMP,APP,CD74,0.075674981598638,0,436,174
782328,Petti2019,Diagnosis,cellchat,LMPP,Early GMP,APP,CD74,0.0814107037689673,0,262,174
782328,Petti2019,Diagnosis,cellchat,Naive T,Early GMP,APP,CD74,0.0219665751085262,0.82,19,174
782328,Petti2019,Diagnosis,cellchat,pDC,Early GMP,APP,CD74,0.0868253991299503,0,99,174
782328,Petti2019,Diagnosis,cellchat,Naive T,EoBasoMast Precursor,APP,CD74,0.00581257119298172,0.9,19,37
782328,Petti2019,Diagnosis,cellchat,cDC,HSC MPP,APP,CD74,0.0659150012762021,0,381,125
782328,Petti2019,Diagnosis,cellchat,Cycling Progenitor,HSC MPP,APP,CD74,0.0897374725815248,0.01,142,125
782328,Petti2019,Diagnosis,cellchat,Early GMP,HSC MPP,APP,CD74,0.0698571051758259,0,174,125
782328,Petti2019,Diagnosis,cellchat,HSC MPP,HSC MPP,APP,CD74,0.0824355684647888,0.01,125,125
782328,Petti2019,Diagnosis,cellchat,Late GMP,HSC MPP,APP,CD74,0.0726642988222464,0,436,125
782328,Petti2019,Diagnosis,cellchat,LMPP,HSC MPP,APP,CD74,0.0781911321898541,0,262,125
782328,Petti2019,Diagnosis,cellchat,Naive T,HSC MPP,APP,CD74,0.0210440010984297,0.83,19,125
782328,Petti2019,Diagnosis,cellchat,pDC,HSC MPP,APP,CD74,0.0834111354406408,0,99,125
782328,Petti2019,Diagnosis,cellchat,cDC,Late GMP,APP,CD74,0.0617543178625037,0,381,436
782328,Petti2019,Diagnosis,cellchat,Cycling Progenitor,Late GMP,APP,CD74,0.0842086301561053,0.01,142,436
782328,Petti2019,Diagnosis,cellchat,Early GMP,Late GMP,APP,CD74,0.0654650278726896,0,174,436
782328,Petti2019,Diagnosis,cellchat,HSC MPP,Late GMP,APP,CD74,0.0773183927170415,0.01,125,436
782328,Petti2019,Diagnosis,cellchat,Late GMP,Late GMP,APP,CD74,0.0681086504062578,0,436,436
782328,Petti2019,Diagnosis,cellchat,LMPP,Late GMP,APP,CD74,0.0733163768690388,0,262,436
782328,Petti2019,Diagnosis,cellchat,Naive T,Late GMP,APP,CD74,0.0196560613414984,0.85,19,436
782328,Petti2019,Diagnosis,cellchat,pDC,Late GMP,APP,CD74,0.078238565170346,0.01,99,436
782328,Petti2019,Diagnosis,cellchat,cDC,LMPP,APP,CD74,0.0763611763645482,0,381,262
782328,Petti2019,Diagnosis,cellchat,Cycling Progenitor,LMPP,APP,CD74,0.10354053171851,0,142,262
782328,Petti2019,Diagnosis,cellchat,Early GMP,LMPP,APP,CD74,0.0808739320555474,0,174,262
782328,Petti2019,Diagnosis,cellchat,HSC MPP,LMPP,APP,CD74,0.0952329834601431,0,125,262
782328,Petti2019,Diagnosis,cellchat,Late GMP,LMPP,APP,CD74,0.0840838142976672,0,436,262
782328,Petti2019,Diagnosis,cellchat,LMPP,LMPP,APP,CD74,0.0903945480982081,0,262,262
782328,Petti2019,Diagnosis,cellchat,Monocyte,LMPP,APP,CD74,0.0431626416899625,0.44,8890,262
782328,Petti2019,Diagnosis,cellchat,Naive T,LMPP,APP,CD74,0.0245660633962215,0.81,19,262
782328,Petti2019,Diagnosis,cellchat,pDC,LMPP,APP,CD74,0.0963440967872247,0,99,262
782328,Petti2019,Diagnosis,cellchat,Pro-Monocyte,LMPP,APP,CD74,0.044384770158138,0.07,1741,262
782328,Petti2019,Diagnosis,cellchat,cDC,Monocyte,APP,CD74,0.0786706691566594,0,381,8890
782328,Petti2019,Diagnosis,cellchat,Cycling Progenitor,Monocyte,APP,CD74,0.106577194235475,0,142,8890
782328,Petti2019,Diagnosis,cellchat,Early GMP,Monocyte,APP,CD74,0.0833075998408256,0,174,8890
782328,Petti2019,Diagnosis,cellchat,HSC MPP,Monocyte,APP,CD74,0.0980526495468587,0,125,8890
782328,Petti2019,Diagnosis,cellchat,Late GMP,Monocyte,APP,CD74,0.0866049728044291,0,436,8890
782328,Petti2019,Diagnosis,cellchat,LMPP,Monocyte,APP,CD74,0.0930856961649645,0,262,8890
782328,Petti2019,Diagnosis,cellchat,Monocyte,Monocyte,APP,CD74,0.0445164598352547,0,8890,8890
782328,Petti2019,Diagnosis,cellchat,Naive T,Monocyte,APP,CD74,0.02535204512027,0.81,19,8890
782328,Petti2019,Diagnosis,cellchat,pDC,Monocyte,APP,CD74,0.0991930540836529,0,99,8890
782328,Petti2019,Diagnosis,cellchat,Pro-Monocyte,Monocyte,APP,CD74,0.0457750871477138,0,1741,8890
782328,Petti2019,Diagnosis,cellchat,cDC,Naive T,APP,CD74,0.0341295229726311,0.99,381,19
782328,Petti2019,Diagnosis,cellchat,Cycling Progenitor,Naive T,APP,CD74,0.0470428888592328,0.09,142,19
782328,Petti2019,Diagnosis,cellchat,Early GMP,Naive T,APP,CD74,0.0362444298433633,0.96,174,19
782328,Petti2019,Diagnosis,cellchat,HSC MPP,Naive T,APP,CD74,0.0430507225585544,0.51,125,19
782328,Petti2019,Diagnosis,cellchat,Late GMP,Naive T,APP,CD74,0.0377557323839114,0.93,436,19
782328,Petti2019,Diagnosis,cellchat,LMPP,Naive T,APP,CD74,0.0407440846258789,0.74,262,19
782328,Petti2019,Diagnosis,cellchat,Naive T,Naive T,APP,CD74,0.0106494893918502,0.9,19,19
782328,Petti2019,Diagnosis,cellchat,pDC,Naive T,APP,CD74,0.0435823359471768,0.35,99,19
782328,Petti2019,Diagnosis,cellchat,cDC,NK,APP,CD74,0.0517070920973031,0,381,31
782328,Petti2019,Diagnosis,cellchat,Cycling Progenitor,NK,APP,CD74,0.0707837716115889,0.01,142,31
782328,Petti2019,Diagnosis,cellchat,Early GMP,NK,APP,CD74,0.0548493749051123,0.01,174,31
782328,Petti2019,Diagnosis,cellchat,HSC MPP,NK,APP,CD74,0.0649141390967423,0.01,125,31
782328,Petti2019,Diagnosis,cellchat,Late GMP,NK,APP,CD74,0.0570905020735212,0,436,31
782328,Petti2019,Diagnosis,cellchat,LMPP,NK,APP,CD74,0.0615113673583727,0,262,31
782328,Petti2019,Diagnosis,cellchat,Naive T,NK,APP,CD74,0.0163388101003701,0.88,19,31
782328,Petti2019,Diagnosis,cellchat,pDC,NK,APP,CD74,0.0656971987167877,0.01,99,31
782328,Petti2019,Diagnosis,cellchat,cDC,pDC,APP,CD74,0.0980891066909668,0,381,99
782328,Petti2019,Diagnosis,cellchat,Cycling Progenitor,pDC,APP,CD74,0.131897735074464,0,142,99
782328,Petti2019,Diagnosis,cellchat,Early GMP,pDC,APP,CD74,0.103741704638546,0,174,99
782328,Petti2019,Diagnosis,cellchat,HSC MPP,pDC,APP,CD74,0.121623637161011,0,125,99
782328,Petti2019,Diagnosis,cellchat,Late GMP,pDC,APP,CD74,0.107752803622257,0,436,99
782328,Petti2019,Diagnosis,cellchat,LMPP,pDC,APP,CD74,0.115615726071549,0,262,99
782328,Petti2019,Diagnosis,cellchat,Monocyte,pDC,APP,CD74,0.0560171140621984,0,8890,99
782328,Petti2019,Diagnosis,cellchat,Naive T,pDC,APP,CD74,0.0320678139172111,0.77,19,99
782328,Petti2019,Diagnosis,cellchat,pDC,pDC,APP,CD74,0.123000799257067,0,99,99
782328,Petti2019,Diagnosis,cellchat,Pro-Monocyte,pDC,APP,CD74,0.0575813072977966,0,1741,99
782328,Petti2019,Diagnosis,cellchat,cDC,Plasma Cell,APP,CD74,0.0607287155490784,0,381,39
782328,Petti2019,Diagnosis,cellchat,Cycling Progenitor,Plasma Cell,APP,CD74,0.0828430383971936,0.01,142,39
782328,Petti2019,Diagnosis,cellchat,Early GMP,Plasma Cell,APP,CD74,0.0643820276886489,0,174,39
782328,Petti2019,Diagnosis,cellchat,HSC MPP,Plasma Cell,APP,CD74,0.0760552586942635,0.01,125,39
782328,Petti2019,Diagnosis,cellchat,Late GMP,Plasma Cell,APP,CD74,0.0669850510167171,0,436,39
782328,Petti2019,Diagnosis,cellchat,LMPP,Plasma Cell,APP,CD74,0.0721135130478594,0,262,39
782328,Petti2019,Diagnosis,cellchat,Naive T,Plasma Cell,APP,CD74,0.0193152244861578,0.85,19,39
782328,Petti2019,Diagnosis,cellchat,pDC,Plasma Cell,APP,CD74,0.0769616523741645,0.01,99,39
782328,Petti2019,Diagnosis,cellchat,cDC,Pro-Monocyte,APP,CD74,0.0727624361320435,0,381,1741
782328,Petti2019,Diagnosis,cellchat,Cycling Progenitor,Pro-Monocyte,APP,CD74,0.0987978993837747,0,142,1741
782328,Petti2019,Diagnosis,cellchat,Early GMP,Pro-Monocyte,APP,CD74,0.0770802636836324,0,174,1741
782328,Petti2019,Diagnosis,cellchat,HSC MPP,Pro-Monocyte,APP,CD74,0.0908323190515047,0,125,1741
782328,Petti2019,Diagnosis,cellchat,Late GMP,Pro-Monocyte,APP,CD74,0.0801527059741879,0,436,1741
782328,Petti2019,Diagnosis,cellchat,LMPP,Pro-Monocyte,APP,CD74,0.0861961647959218,0,262,1741
782328,Petti2019,Diagnosis,cellchat,Naive T,Pro-Monocyte,APP,CD74,0.0233466164823791,0.81,19,1741
782328,Petti2019,Diagnosis,cellchat,pDC,Pro-Monocyte,APP,CD74,0.0918973034465684,0,99,1741
782328,Petti2019,Diagnosis,cellchat,Pro-Monocyte,Pro-Monocyte,APP,CD74,0.0422241185586198,0.86,1741,1741
782328,Petti2019,Diagnosis,cellchat,Pro-Monocyte,Monocyte,FCER2,ITGAM_ITGB2,0.0109548777419388,0,1741,8890
782328,Petti2019,Diagnosis,cellchat,Pro-Monocyte,NK,FCER2,ITGAM_ITGB2,0.00762534588303297,0,1741,31
782328,Petti2019,Diagnosis,cellchat,Pro-Monocyte,Pro-Monocyte,FCER2,ITGAM_ITGB2,0.00534699688395639,0,1741,1741
782328,Petti2019,Diagnosis,cellchat,Pro-Monocyte,cDC,FCER2,ITGAX_ITGB2,0.00804065063064071,0,1741,381
782328,Petti2019,Diagnosis,cellchat,Pro-Monocyte,Monocyte,FCER2,ITGAX_ITGB2,0.00670753609422077,0,1741,8890
782328,Petti2019,Diagnosis,cellchat,Pro-Monocyte,NK,FCER2,ITGAX_ITGB2,0.00478047652846701,0,1741,31
782328,Petti2019,Diagnosis,cellchat,Pro-Monocyte,pDC,FCER2,ITGAX_ITGB2,0.00307702594788845,0,1741,99
782328,Petti2019,Diagnosis,cellchat,CD4 Memory T,Plasma Cell,CD40LG,CD40,0.00435509117801321,0,33,39
782328,Petti2019,Diagnosis,cellchat,Naive T,Plasma Cell,CD40LG,CD40,0.00185711624270444,0,19,39
782328,Petti2019,Diagnosis,cellchat,CD4 Memory T,cDC,CD48,CD244,0.0122816389751321,0,33,381
782328,Petti2019,Diagnosis,cellchat,CD8 Memory T,cDC,CD48,CD244,0.00835779075151803,0,81,381
782328,Petti2019,Diagnosis,cellchat,cDC,cDC,CD48,CD244,0.0108461547231082,0,381,381
782328,Petti2019,Diagnosis,cellchat,Late GMP,cDC,CD48,CD244,0.0017336830606166,0.01,436,381
782328,Petti2019,Diagnosis,cellchat,Monocyte,cDC,CD48,CD244,0.0137193901195005,0,8890,381
782328,Petti2019,Diagnosis,cellchat,Naive T,cDC,CD48,CD244,0.0114079385451373,0,19,381
782328,Petti2019,Diagnosis,cellchat,NK,cDC,CD48,CD244,0.00794403903395899,0.01,31,381
782328,Petti2019,Diagnosis,cellchat,pDC,cDC,CD48,CD244,0.00124064116867277,0.01,99,381
782328,Petti2019,Diagnosis,cellchat,Plasma Cell,cDC,CD48,CD244,0.00100669188689753,0.01,39,381
782328,Petti2019,Diagnosis,cellchat,Pro-Monocyte,cDC,CD48,CD244,0.00666788057991481,0.01,1741,381
782328,Petti2019,Diagnosis,cellchat,CD4 Memory T,Cycling Progenitor,CD48,CD244,0.0107608391024787,0.01,33,142
782328,Petti2019,Diagnosis,cellchat,CD8 Memory T,Cycling Progenitor,CD48,CD244,0.0073192691707456,0.02,81,142
782328,Petti2019,Diagnosis,cellchat,cDC,Cycling Progenitor,CD48,CD244,0.00950139682697052,0.01,381,142
782328,Petti2019,Diagnosis,cellchat,Late GMP,Cycling Progenitor,CD48,CD244,0.00151700007000065,0.04,436,142
782328,Petti2019,Diagnosis,cellchat,Monocyte,Cycling Progenitor,CD48,CD244,0.0120227247278338,0,8890,142
782328,Petti2019,Diagnosis,cellchat,Naive T,Cycling Progenitor,CD48,CD244,0.00999423177396777,0.01,19,142
782328,Petti2019,Diagnosis,cellchat,NK,Cycling Progenitor,CD48,CD244,0.00695656871044165,0.02,31,142
782328,Petti2019,Diagnosis,cellchat,pDC,Cycling Progenitor,CD48,CD244,0.00108551361637798,0.04,99,142
782328,Petti2019,Diagnosis,cellchat,Plasma Cell,Cycling Progenitor,CD48,CD244,0.000880791136838163,0.04,39,142
782328,Petti2019,Diagnosis,cellchat,Pro-Monocyte,Cycling Progenitor,CD48,CD244,0.00583810745351846,0.03,1741,142
782328,Petti2019,Diagnosis,cellchat,CD4 Memory T,Early GMP,CD48,CD244,0.013450163434622,0,33,174
782328,Petti2019,Diagnosis,cellchat,CD8 Memory T,Early GMP,CD48,CD244,0.00915644541881386,0.02,81,174
782328,Petti2019,Diagnosis,cellchat,cDC,Early GMP,CD48,CD244,0.011879744128865,0,381,174
782328,Petti2019,Diagnosis,cellchat,Late GMP,Early GMP,CD48,CD244,0.00190056370486088,0.06,436,174
782328,Petti2019,Diagnosis,cellchat,Monocyte,Early GMP,CD48,CD244,0.0150226274482666,0,8890,174
782328,Petti2019,Diagnosis,cellchat,Naive T,Early GMP,CD48,CD244,0.0124943871767856,0,19,174
782328,Petti2019,Diagnosis,cellchat,NK,Early GMP,CD48,CD244,0.00870350338370199,0.03,31,174
782328,Petti2019,Diagnosis,cellchat,pDC,Early GMP,CD48,CD244,0.00136012731160202,0.06,99,174
782328,Petti2019,Diagnosis,cellchat,Plasma Cell,Early GMP,CD48,CD244,0.00110367127444151,0.06,39,174
782328,Petti2019,Diagnosis,cellchat,Pro-Monocyte,Early GMP,CD48,CD244,0.00730624041878034,0.05,1741,174
782328,Petti2019,Diagnosis,cellchat,CD4 Memory T,HSC MPP,CD48,CD244,0.0369561006204191,0,33,125
782328,Petti2019,Diagnosis,cellchat,CD8 Memory T,HSC MPP,CD48,CD244,0.0253513693771081,0,81,125
782328,Petti2019,Diagnosis,cellchat,cDC,HSC MPP,CD48,CD244,0.0327322249911081,0,381,125
782328,Petti2019,Diagnosis,cellchat,Late GMP,HSC MPP,CD48,CD244,0.00533112264943484,0.09,436,125
782328,Petti2019,Diagnosis,cellchat,Monocyte,HSC MPP,CD48,CD244,0.0411619942113056,0,8890,125
782328,Petti2019,Diagnosis,cellchat,Naive T,HSC MPP,CD48,CD244,0.0343882023903488,0,19,125
782328,Petti2019,Diagnosis,cellchat,NK,HSC MPP,CD48,CD244,0.024116811643467,0,31,125
782328,Petti2019,Diagnosis,cellchat,pDC,HSC MPP,CD48,CD244,0.00381891922518487,0.09,99,125
782328,Petti2019,Diagnosis,cellchat,Plasma Cell,HSC MPP,CD48,CD244,0.00310028997361751,0.09,39,125
782328,Petti2019,Diagnosis,cellchat,Pro-Monocyte,HSC MPP,CD48,CD244,0.0202957535924916,0,1741,125
782328,Petti2019,Diagnosis,cellchat,CD4 Memory T,LMPP,CD48,CD244,0.0348464356753618,0,33,262
782328,Petti2019,Diagnosis,cellchat,CD8 Memory T,LMPP,CD48,CD244,0.0238877366259936,0,81,262
782328,Petti2019,Diagnosis,cellchat,cDC,LMPP,CD48,CD244,0.0308559573656748,0,381,262
782328,Petti2019,Diagnosis,cellchat,Late GMP,LMPP,CD48,CD244,0.00501738611644764,0.03,436,262
782328,Petti2019,Diagnosis,cellchat,Monocyte,LMPP,CD48,CD244,0.0388219115655884,0,8890,262
782328,Petti2019,Diagnosis,cellchat,Naive T,LMPP,CD48,CD244,0.0324201928602461,0,19,262
782328,Petti2019,Diagnosis,cellchat,NK,LMPP,CD48,CD244,0.0227227929803799,0,31,262
782328,Petti2019,Diagnosis,cellchat,pDC,LMPP,CD48,CD244,0.00359385431116534,0.03,99,262
782328,Petti2019,Diagnosis,cellchat,Plasma Cell,LMPP,CD48,CD244,0.00291745285982778,0.03,39,262
782328,Petti2019,Diagnosis,cellchat,Pro-Monocyte,LMPP,CD48,CD244,0.0191182757289466,0,1741,262
782328,Petti2019,Diagnosis,cellchat,CD4 Memory T,NK,CD48,CD244,0.0231939392306294,0,33,31
782328,Petti2019,Diagnosis,cellchat,CD8 Memory T,NK,CD48,CD244,0.0158396407466714,0.05,81,31
782328,Petti2019,Diagnosis,cellchat,cDC,NK,CD48,CD244,0.0205095035454545,0,381,31
782328,Petti2019,Diagnosis,cellchat,Late GMP,NK,CD48,CD244,0.00330543292472072,0.25,436,31
782328,Petti2019,Diagnosis,cellchat,Monocyte,NK,CD48,CD244,0.0258756738823991,0,8890,31
782328,Petti2019,Diagnosis,cellchat,Naive T,NK,CD48,CD244,0.0215608969856206,0,19,31
782328,Petti2019,Diagnosis,cellchat,NK,NK,CD48,CD244,0.0150611261661094,0.06,31,31
782328,Petti2019,Diagnosis,cellchat,pDC,NK,CD48,CD244,0.00236646092154371,0.26,99,31
782328,Petti2019,Diagnosis,cellchat,Plasma Cell,NK,CD48,CD244,0.00192062262770053,0.26,39,31
782328,Petti2019,Diagnosis,cellchat,Pro-Monocyte,NK,CD48,CD244,0.0126562396556558,0.09,1741,31
782328,Petti2019,Diagnosis,cellchat,CD4 Memory T,pDC,CD48,CD244,0.0356514542032516,0,33,99
782328,Petti2019,Diagnosis,cellchat,CD8 Memory T,pDC,CD48,CD244,0.0244460008529541,0,81,99
782328,Petti2019,Diagnosis,cellchat,cDC,pDC,CD48,CD244,0.0315718039140311,0,381,99
782328,Petti2019,Diagnosis,cellchat,Late GMP,pDC,CD48,CD244,0.00513696494711031,0.14,436,99
782328,Petti2019,Diagnosis,cellchat,Monocyte,pDC,CD48,CD244,0.0397149919457116,0,8890,99
782328,Petti2019,Diagnosis,cellchat,Naive T,pDC,CD48,CD244,0.0331710869869771,0,19,99
782328,Petti2019,Diagnosis,cellchat,NK,pDC,CD48,CD244,0.0232544806923548,0,31,99
782328,Petti2019,Diagnosis,cellchat,pDC,pDC,CD48,CD244,0.00367963172739029,0.16,99,99
782328,Petti2019,Diagnosis,cellchat,Plasma Cell,pDC,CD48,CD244,0.00298713445656195,0.16,39,99
782328,Petti2019,Diagnosis,cellchat,Pro-Monocyte,pDC,CD48,CD244,0.0195673105163219,0,1741,99
782328,Petti2019,Diagnosis,cellchat,CD4 Memory T,Cycling Progenitor,CD6,ALCAM,0.00156638559178313,0,33,142
782328,Petti2019,Diagnosis,cellchat,CD8 Memory T,Cycling Progenitor,CD6,ALCAM,0.00145319724592443,0,81,142
782328,Petti2019,Diagnosis,cellchat,Naive T,Cycling Progenitor,CD6,ALCAM,0.00420232660729595,0,19,142
782328,Petti2019,Diagnosis,cellchat,NK,Cycling Progenitor,CD6,ALCAM,0.000520363857700164,0,31,142
782328,Petti2019,Diagnosis,cellchat,CD4 Memory T,Early GMP,CD6,ALCAM,0.0015062911304407,0,33,174
782328,Petti2019,Diagnosis,cellchat,CD8 Memory T,Early GMP,CD6,ALCAM,0.00139743918324828,0,81,174
782328,Petti2019,Diagnosis,cellchat,Naive T,Early GMP,CD6,ALCAM,0.00404151348885498,0,19,174
782328,Petti2019,Diagnosis,cellchat,NK,Early GMP,CD6,ALCAM,0.000500379960260265,0,31,174
782328,Petti2019,Diagnosis,cellchat,cDC,CD4 Memory T,CD86,CD28,0.00856354531006783,0,381,33
782328,Petti2019,Diagnosis,cellchat,Monocyte,CD4 Memory T,CD86,CD28,0.00390890611762716,0,8890,33
782328,Petti2019,Diagnosis,cellchat,cDC,Naive T,CD86,CD28,0.00957618238216714,0,381,19
782328,Petti2019,Diagnosis,cellchat,Monocyte,Naive T,CD86,CD28,0.00437356132387377,0,8890,19
782328,Petti2019,Diagnosis,cellchat,CD4 Memory T,Monocyte,CD99,PILRA,0.0306890797963782,0,33,8890
782328,Petti2019,Diagnosis,cellchat,CD8 Memory T,Monocyte,CD99,PILRA,0.0327392721706066,0,81,8890
782328,Petti2019,Diagnosis,cellchat,cDC,Monocyte,CD99,PILRA,0.0115483273916804,0.01,381,8890
782328,Petti2019,Diagnosis,cellchat,Cycling Progenitor,Monocyte,CD99,PILRA,0.0225100893515227,0,142,8890
782328,Petti2019,Diagnosis,cellchat,Early GMP,Monocyte,CD99,PILRA,0.0223427260844878,0,174,8890
782328,Petti2019,Diagnosis,cellchat,EoBasoMast Precursor,Monocyte,CD99,PILRA,0.0115835908566493,0.19,37,8890
782328,Petti2019,Diagnosis,cellchat,HSC MPP,Monocyte,CD99,PILRA,0.0234944212751459,0,125,8890
782328,Petti2019,Diagnosis,cellchat,Late GMP,Monocyte,CD99,PILRA,0.0107920251999631,0.04,436,8890
782328,Petti2019,Diagnosis,cellchat,LMPP,Monocyte,CD99,PILRA,0.0290577796498519,0,262,8890
782328,Petti2019,Diagnosis,cellchat,Monocyte,Monocyte,CD99,PILRA,0.00544480479520708,0.67,8890,8890
782328,Petti2019,Diagnosis,cellchat,Naive T,Monocyte,CD99,PILRA,0.030006944148073,0,19,8890
782328,Petti2019,Diagnosis,cellchat,NK,Monocyte,CD99,PILRA,0.0318129824787736,0,31,8890
782328,Petti2019,Diagnosis,cellchat,pDC,Monocyte,CD99,PILRA,0.0192050168172531,0,99,8890
782328,Petti2019,Diagnosis,cellchat,Plasma Cell,Monocyte,CD99,PILRA,0.00633223667939765,0.58,39,8890
782328,Petti2019,Diagnosis,cellchat,Pro-Monocyte,Monocyte,CD99,PILRA,0.010107521478587,0.03,1741,8890
782328,Petti2019,Diagnosis,cellchat,CD4 Memory T,CD4 Memory T,CD99,CD99,0.150127876971585,0,33,33
782328,Petti2019,Diagnosis,cellchat,CD8 Memory T,CD4 Memory T,CD99,CD99,0.158849598016801,0,81,33
782328,Petti2019,Diagnosis,cellchat,cDC,CD4 Memory T,CD99,CD99,0.0611963360592595,0,381,33
782328,Petti2019,Diagnosis,cellchat,Cycling Progenitor,CD4 Memory T,CD99,CD99,0.113856072664653,0,142,33
782328,Petti2019,Diagnosis,cellchat,Early GMP,CD4 Memory T,CD99,CD99,0.113088122636928,0,174,33
782328,Petti2019,Diagnosis,cellchat,EoBasoMast Precursor,CD4 Memory T,CD99,CD99,0.0613737893460547,0,37,33
782328,Petti2019,Diagnosis,cellchat,HSC MPP,CD4 Memory T,CD99,CD99,0.118351194273751,0,125,33
782328,Petti2019,Diagnosis,cellchat,Late GMP,CD4 Memory T,CD99,CD99,0.0573773157289865,0,436,33
782328,Petti2019,Diagnosis,cellchat,LMPP,CD4 Memory T,CD99,CD99,0.143084908291696,0,262,33
782328,Petti2019,Diagnosis,cellchat,Monocyte,CD4 Memory T,CD99,CD99,0.0296396760619169,0,8890,33
782328,Petti2019,Diagnosis,cellchat,Naive T,CD4 Memory T,CD99,CD99,0.147194081706174,0,19,33
782328,Petti2019,Diagnosis,cellchat,NK,CD4 Memory T,CD99,CD99,0.154926772249797,0,31,33
782328,Petti2019,Diagnosis,cellchat,pDC,CD4 Memory T,CD99,CD99,0.098490381342404,0,99,33
782328,Petti2019,Diagnosis,cellchat,Plasma Cell,CD4 Memory T,CD99,CD99,0.0343344179363197,0.04,39,33
782328,Petti2019,Diagnosis,cellchat,Pro-Monocyte,CD4 Memory T,CD99,CD99,0.0538990517190608,0,1741,33
782328,Petti2019,Diagnosis,cellchat,CD4 Memory T,CD8 Memory T,CD99,CD99,0.158849598016801,0,33,81
782328,Petti2019,Diagnosis,cellchat,CD8 Memory T,CD8 Memory T,CD99,CD99,0.167977862066523,0,81,81
782328,Petti2019,Diagnosis,cellchat,cDC,CD8 Memory T,CD99,CD99,0.0651475965510962,0,381,81
782328,Petti2019,Diagnosis,cellchat,Cycling Progenitor,CD8 Memory T,CD99,CD99,0.120770017039761,0,142,81
782328,Petti2019,Diagnosis,cellchat,Early GMP,CD8 Memory T,CD99,CD99,0.11996174609283,0,174,81
782328,Petti2019,Diagnosis,cellchat,EoBasoMast Precursor,CD8 Memory T,CD99,CD99,0.0653357100657846,0,37,81
782328,Petti2019,Diagnosis,cellchat,HSC MPP,CD8 Memory T,CD99,CD99,0.125499447437961,0,125,81
782328,Petti2019,Diagnosis,cellchat,Late GMP,CD8 Memory T,CD99,CD99,0.061098041514739,0,436,81
782328,Petti2019,Diagnosis,cellchat,LMPP,CD8 Memory T,CD99,CD99,0.151470390147222,0,262,81
782328,Petti2019,Diagnosis,cellchat,Monocyte,CD8 Memory T,CD99,CD99,0.0316220498067402,0,8890,81
782328,Petti2019,Diagnosis,cellchat,Naive T,CD8 Memory T,CD99,CD99,0.155776603689233,0,19,81
782328,Petti2019,Diagnosis,cellchat,NK,CD8 Memory T,CD99,CD99,0.163873529172565,0,31,81
782328,Petti2019,Diagnosis,cellchat,pDC,CD8 Memory T,CD99,CD99,0.104581360896219,0,99,81
782328,Petti2019,Diagnosis,cellchat,Plasma Cell,CD8 Memory T,CD99,CD99,0.0366189380509833,0.03,39,81
782328,Petti2019,Diagnosis,cellchat,Pro-Monocyte,CD8 Memory T,CD99,CD99,0.0574079605489254,0,1741,81
782328,Petti2019,Diagnosis,cellchat,CD4 Memory T,cDC,CD99,CD99,0.0611963360592595,0,33,381
782328,Petti2019,Diagnosis,cellchat,CD8 Memory T,cDC,CD99,CD99,0.0651475965510962,0,81,381
782328,Petti2019,Diagnosis,cellchat,cDC,cDC,CD99,CD99,0.023489324436866,0.3,381,381
782328,Petti2019,Diagnosis,cellchat,Cycling Progenitor,cDC,CD99,CD99,0.0452665064519603,0,142,381
782328,Petti2019,Diagnosis,cellchat,Early GMP,cDC,CD99,CD99,0.0449377267796401,0,174,381
782328,Petti2019,Diagnosis,cellchat,EoBasoMast Precursor,cDC,CD99,CD99,0.0235601813057506,0.2,37,381
782328,Petti2019,Diagnosis,cellchat,HSC MPP,cDC,CD99,CD99,0.0471978934764766,0,125,381
782328,Petti2019,Diagnosis,cellchat,Late GMP,cDC,CD99,CD99,0.0219683844329357,0.15,436,381
782328,Petti2019,Diagnosis,cellchat,LMPP,cDC,CD99,CD99,0.0580405011692269,0,262,381
782328,Petti2019,Diagnosis,cellchat,Monocyte,cDC,CD99,CD99,0.0111459097515639,0.47,8890,381
782328,Petti2019,Diagnosis,cellchat,Naive T,cDC,CD99,CD99,0.0598779946489874,0,19,381
782328,Petti2019,Diagnosis,cellchat,NK,cDC,CD99,CD99,0.0633644477229547,0,31,381
782328,Petti2019,Diagnosis,cellchat,pDC,cDC,CD99,CD99,0.0387526576945308,0,99,381
782328,Petti2019,Diagnosis,cellchat,Plasma Cell,cDC,CD99,CD99,0.0129504475840905,0.45,39,381
782328,Petti2019,Diagnosis,cellchat,Pro-Monocyte,cDC,CD99,CD99,0.0205897548262377,0.19,1741,381
782328,Petti2019,Diagnosis,cellchat,CD4 Memory T,Cycling Progenitor,CD99,CD99,0.113856072664653,0,33,142
782328,Petti2019,Diagnosis,cellchat,CD8 Memory T,Cycling Progenitor,CD99,CD99,0.120770017039761,0,81,142
782328,Petti2019,Diagnosis,cellchat,cDC,Cycling Progenitor,CD99,CD99,0.0452665064519603,0,381,142
782328,Petti2019,Diagnosis,cellchat,Cycling Progenitor,Cycling Progenitor,CD99,CD99,0.0854664653587967,0,142,142
782328,Petti2019,Diagnosis,cellchat,Early GMP,Cycling Progenitor,CD99,CD99,0.0848716611432599,0,174,142
782328,Petti2019,Diagnosis,cellchat,EoBasoMast Precursor,Cycling Progenitor,CD99,CD99,0.0454000012543939,0,37,142
782328,Petti2019,Diagnosis,cellchat,HSC MPP,Cycling Progenitor,CD99,CD99,0.0889532572359521,0,125,142
782328,Petti2019,Diagnosis,cellchat,Late GMP,Cycling Progenitor,CD99,CD99,0.0423967088346848,0,436,142
782328,Petti2019,Diagnosis,cellchat,LMPP,Cycling Progenitor,CD99,CD99,0.108297892567683,0,262,142
782328,Petti2019,Diagnosis,cellchat,Monocyte,Cycling Progenitor,CD99,CD99,0.0217340927029589,0.18,8890,142
782328,Petti2019,Diagnosis,cellchat,Naive T,Cycling Progenitor,CD99,CD99,0.111538073497824,0,19,142
782328,Petti2019,Diagnosis,cellchat,NK,Cycling Progenitor,CD99,CD99,0.117656038600677,0,31,142
782328,Petti2019,Diagnosis,cellchat,pDC,Cycling Progenitor,CD99,CD99,0.0736138736024068,0,99,142
782328,Petti2019,Diagnosis,cellchat,Plasma Cell,Cycling Progenitor,CD99,CD99,0.0252091699556883,0.19,39,142
782328,Petti2019,Diagnosis,cellchat,Pro-Monocyte,Cycling Progenitor,CD99,CD99,0.0397882499292489,0,1741,142
782328,Petti2019,Diagnosis,cellchat,CD4 Memory T,Early GMP,CD99,CD99,0.113088122636928,0,33,174
782328,Petti2019,Diagnosis,cellchat,CD8 Memory T,Early GMP,CD99,CD99,0.11996174609283,0,81,174
782328,Petti2019,Diagnosis,cellchat,cDC,Early GMP,CD99,CD99,0.0449377267796401,0,381,174
782328,Petti2019,Diagnosis,cellchat,Cycling Progenitor,Early GMP,CD99,CD99,0.0848716611432599,0,142,174
782328,Petti2019,Diagnosis,cellchat,Early GMP,Early GMP,CD99,CD99,0.0842806149825248,0,174,174
782328,Petti2019,Diagnosis,cellchat,EoBasoMast Precursor,Early GMP,CD99,CD99,0.0450702977547514,0,37,174
782328,Petti2019,Diagnosis,cellchat,HSC MPP,Early GMP,CD99,CD99,0.0883365306101558,0,125,174
782328,Petti2019,Diagnosis,cellchat,Late GMP,Early GMP,CD99,CD99,0.0420878542057335,0,436,174
782328,Petti2019,Diagnosis,cellchat,LMPP,Early GMP,CD99,CD99,0.107562881428232,0,262,174
782328,Petti2019,Diagnosis,cellchat,Monocyte,Early GMP,CD99,CD99,0.0215723716676453,0.1,8890,174
782328,Petti2019,Diagnosis,cellchat,Naive T,Early GMP,CD99,CD99,0.110783803568864,0,19,174
782328,Petti2019,Diagnosis,cellchat,NK,Early GMP,CD99,CD99,0.116865838288788,0,31,174
782328,Petti2019,Diagnosis,cellchat,pDC,Early GMP,CD99,CD99,0.0730949646028254,0,99,174
782328,Petti2019,Diagnosis,cellchat,Plasma Cell,Early GMP,CD99,CD99,0.0250222526380537,0.16,39,174
782328,Petti2019,Diagnosis,cellchat,Pro-Monocyte,Early GMP,CD99,CD99,0.0394976138168776,0,1741,174
782328,Petti2019,Diagnosis,cellchat,CD4 Memory T,EoBasoMast Precursor,CD99,CD99,0.0613737893460547,0,33,37
782328,Petti2019,Diagnosis,cellchat,CD8 Memory T,EoBasoMast Precursor,CD99,CD99,0.0653357100657846,0,81,37
782328,Petti2019,Diagnosis,cellchat,cDC,EoBasoMast Precursor,CD99,CD99,0.0235601813057506,0.2,381,37
782328,Petti2019,Diagnosis,cellchat,Cycling Progenitor,EoBasoMast Precursor,CD99,CD99,0.0454000012543939,0,142,37
782328,Petti2019,Diagnosis,cellchat,Early GMP,EoBasoMast Precursor,CD99,CD99,0.0450702977547514,0,174,37
782328,Petti2019,Diagnosis,cellchat,EoBasoMast Precursor,EoBasoMast Precursor,CD99,CD99,0.0236312467458371,0.38,37,37
782328,Petti2019,Diagnosis,cellchat,HSC MPP,EoBasoMast Precursor,CD99,CD99,0.0473368016988872,0,125,37
782328,Petti2019,Diagnosis,cellchat,Late GMP,EoBasoMast Precursor,CD99,CD99,0.0220347568279911,0.19,436,37
782328,Petti2019,Diagnosis,cellchat,LMPP,EoBasoMast Precursor,CD99,CD99,0.0582093707666896,0,262,37
782328,Petti2019,Diagnosis,cellchat,Monocyte,EoBasoMast Precursor,CD99,CD99,0.0111799583102044,0.52,8890,37
782328,Petti2019,Diagnosis,cellchat,Naive T,EoBasoMast Precursor,CD99,CD99,0.0600518696257205,0,19,37
782328,Petti2019,Diagnosis,cellchat,NK,EoBasoMast Precursor,CD99,CD99,0.0635477623987444,0,31,37
782328,Petti2019,Diagnosis,cellchat,pDC,EoBasoMast Precursor,CD99,CD99,0.0388677246448563,0,99,37
782328,Petti2019,Diagnosis,cellchat,Plasma Cell,EoBasoMast Precursor,CD99,CD99,0.0129899362360857,0.45,39,37
782328,Petti2019,Diagnosis,cellchat,Pro-Monocyte,EoBasoMast Precursor,CD99,CD99,0.0206520499629477,0.19,1741,37
782328,Petti2019,Diagnosis,cellchat,CD4 Memory T,HSC MPP,CD99,CD99,0.118351194273751,0,33,125
782328,Petti2019,Diagnosis,cellchat,CD8 Memory T,HSC MPP,CD99,CD99,0.125499447437961,0,81,125
782328,Petti2019,Diagnosis,cellchat,cDC,HSC MPP,CD99,CD99,0.0471978934764766,0,381,125
782328,Petti2019,Diagnosis,cellchat,Cycling Progenitor,HSC MPP,CD99,CD99,0.0889532572359521,0,142,125
782328,Petti2019,Diagnosis,cellchat,Early GMP,HSC MPP,CD99,CD99,0.0883365306101558,0,174,125
782328,Petti2019,Diagnosis,cellchat,EoBasoMast Precursor,HSC MPP,CD99,CD99,0.0473368016988872,0,37,125
782328,Petti2019,Diagnosis,cellchat,HSC MPP,HSC MPP,CD99,CD99,0.0925679019392773,0,125,125
782328,Petti2019,Diagnosis,cellchat,Late GMP,HSC MPP,CD99,CD99,0.0442113202962252,0,436,125
782328,Petti2019,Diagnosis,cellchat,LMPP,HSC MPP,CD99,CD99,0.112601457295292,0,262,125
782328,Petti2019,Diagnosis,cellchat,Monocyte,HSC MPP,CD99,CD99,0.0226852789849418,0.03,8890,125
782328,Petti2019,Diagnosis,cellchat,Naive T,HSC MPP,CD99,CD99,0.115953653879978,0,19,125
782328,Petti2019,Diagnosis,cellchat,NK,HSC MPP,CD99,CD99,0.122280483400332,0,31,125
782328,Petti2019,Diagnosis,cellchat,pDC,HSC MPP,CD99,CD99,0.0766576451387437,0,99,125
782328,Petti2019,Diagnosis,cellchat,Plasma Cell,HSC MPP,CD99,CD99,0.0263083519703939,0.17,39,125
782328,Petti2019,Diagnosis,cellchat,Pro-Monocyte,HSC MPP,CD99,CD99,0.0414960552587128,0,1741,125
782328,Petti2019,Diagnosis,cellchat,CD4 Memory T,Late GMP,CD99,CD99,0.0573773157289865,0,33,436
782328,Petti2019,Diagnosis,cellchat,CD8 Memory T,Late GMP,CD99,CD99,0.061098041514739,0,81,436
782328,Petti2019,Diagnosis,cellchat,cDC,Late GMP,CD99,CD99,0.0219683844329357,0.15,381,436
782328,Petti2019,Diagnosis,cellchat,Cycling Progenitor,Late GMP,CD99,CD99,0.0423967088346848,0,142,436
782328,Petti2019,Diagnosis,cellchat,Early GMP,Late GMP,CD99,CD99,0.0420878542057335,0,174,436
782328,Petti2019,Diagnosis,cellchat,EoBasoMast Precursor,Late GMP,CD99,CD99,0.0220347568279911,0.19,37,436
782328,Petti2019,Diagnosis,cellchat,HSC MPP,Late GMP,CD99,CD99,0.0442113202962252,0,125,436
782328,Petti2019,Diagnosis,cellchat,Late GMP,Late GMP,CD99,CD99,0.0205438538475348,0.34,436,436
782328,Petti2019,Diagnosis,cellchat,LMPP,Late GMP,CD99,CD99,0.0544070104087003,0,262,436
782328,Petti2019,Diagnosis,cellchat,Monocyte,Late GMP,CD99,CD99,0.0104156842625888,0.49,8890,436
782328,Petti2019,Diagnosis,cellchat,Naive T,Late GMP,CD99,CD99,0.0561363272405981,0,19,436
782328,Petti2019,Diagnosis,cellchat,NK,Late GMP,CD99,CD99,0.0594186877550717,0,31,436
782328,Petti2019,Diagnosis,cellchat,pDC,Late GMP,CD99,CD99,0.036280131122531,0,99,436
782328,Petti2019,Diagnosis,cellchat,Plasma Cell,Late GMP,CD99,CD99,0.012103444655171,0.49,39,436
782328,Petti2019,Diagnosis,cellchat,Pro-Monocyte,Late GMP,CD99,CD99,0.0192528610925271,0.13,1741,436
782328,Petti2019,Diagnosis,cellchat,CD4 Memory T,LMPP,CD99,CD99,0.143084908291696,0,33,262
782328,Petti2019,Diagnosis,cellchat,CD8 Memory T,LMPP,CD99,CD99,0.151470390147222,0,81,262
782328,Petti2019,Diagnosis,cellchat,cDC,LMPP,CD99,CD99,0.0580405011692269,0,381,262
782328,Petti2019,Diagnosis,cellchat,Cycling Progenitor,LMPP,CD99,CD99,0.108297892567683,0,142,262
782328,Petti2019,Diagnosis,cellchat,Early GMP,LMPP,CD99,CD99,0.107562881428232,0,174,262
782328,Petti2019,Diagnosis,cellchat,EoBasoMast Precursor,LMPP,CD99,CD99,0.0582093707666896,0,37,262
782328,Petti2019,Diagnosis,cellchat,HSC MPP,LMPP,CD99,CD99,0.112601457295292,0,125,262
782328,Petti2019,Diagnosis,cellchat,Late GMP,LMPP,CD99,CD99,0.0544070104087003,0,436,262
782328,Petti2019,Diagnosis,cellchat,LMPP,LMPP,CD99,CD99,0.136319349977807,0,262,262
782328,Petti2019,Diagnosis,cellchat,Monocyte,LMPP,CD99,CD99,0.0280625427864273,0,8890,262
782328,Petti2019,Diagnosis,cellchat,Naive T,LMPP,CD99,CD99,0.140266031002365,0,19,262
782328,Petti2019,Diagnosis,cellchat,NK,LMPP,CD99,CD99,0.147697797529184,0,31,262
782328,Petti2019,Diagnosis,cellchat,pDC,LMPP,CD99,CD99,0.0936030828868928,0,99,262
782328,Petti2019,Diagnosis,cellchat,Plasma Cell,LMPP,CD99,CD99,0.0325158473110918,0.02,39,262
782328,Petti2019,Diagnosis,cellchat,Pro-Monocyte,LMPP,CD99,CD99,0.0510990478639091,0,1741,262
782328,Petti2019,Diagnosis,cellchat,CD4 Memory T,Monocyte,CD99,CD99,0.0296396760619169,0,33,8890
782328,Petti2019,Diagnosis,cellchat,CD8 Memory T,Monocyte,CD99,CD99,0.0316220498067402,0,81,8890
782328,Petti2019,Diagnosis,cellchat,cDC,Monocyte,CD99,CD99,0.0111459097515639,0.47,381,8890
782328,Petti2019,Diagnosis,cellchat,Cycling Progenitor,Monocyte,CD99,CD99,0.0217340927029589,0.18,142,8890
782328,Petti2019,Diagnosis,cellchat,Early GMP,Monocyte,CD99,CD99,0.0215723716676453,0.1,174,8890
782328,Petti2019,Diagnosis,cellchat,EoBasoMast Precursor,Monocyte,CD99,CD99,0.0111799583102044,0.52,37,8890
782328,Petti2019,Diagnosis,cellchat,HSC MPP,Monocyte,CD99,CD99,0.0226852789849418,0.03,125,8890
782328,Petti2019,Diagnosis,cellchat,Late GMP,Monocyte,CD99,CD99,0.0104156842625888,0.49,436,8890
782328,Petti2019,Diagnosis,cellchat,LMPP,Monocyte,CD99,CD99,0.0280625427864273,0,262,8890
782328,Petti2019,Diagnosis,cellchat,Naive T,Monocyte,CD99,CD99,0.0289801684578357,0.02,19,8890
782328,Petti2019,Diagnosis,cellchat,NK,Monocyte,CD99,CD99,0.0307263654819879,0,31,8890
782328,Petti2019,Diagnosis,cellchat,pDC,Monocyte,CD99,CD99,0.0185407957406926,0.27,99,8890
782328,Petti2019,Diagnosis,cellchat,Plasma Cell,Monocyte,CD99,CD99,0.00611045739985137,0.89,39,8890
782328,Petti2019,Diagnosis,cellchat,Pro-Monocyte,Monocyte,CD99,CD99,0.0097548152571929,0.77,1741,8890
782328,Petti2019,Diagnosis,cellchat,CD4 Memory T,Naive T,CD99,CD99,0.147194081706174,0,33,19
782328,Petti2019,Diagnosis,cellchat,CD8 Memory T,Naive T,CD99,CD99,0.155776603689233,0,81,19
782328,Petti2019,Diagnosis,cellchat,cDC,Naive T,CD99,CD99,0.0598779946489874,0,381,19
782328,Petti2019,Diagnosis,cellchat,Cycling Progenitor,Naive T,CD99,CD99,0.111538073497824,0,142,19
782328,Petti2019,Diagnosis,cellchat,Early GMP,Naive T,CD99,CD99,0.110783803568864,0,174,19
782328,Petti2019,Diagnosis,cellchat,EoBasoMast Precursor,Naive T,CD99,CD99,0.0600518696257205,0,37,19
782328,Petti2019,Diagnosis,cellchat,HSC MPP,Naive T,CD99,CD99,0.115953653879978,0,125,19
782328,Petti2019,Diagnosis,cellchat,Late GMP,Naive T,CD99,CD99,0.0561363272405981,0,436,19
782328,Petti2019,Diagnosis,cellchat,LMPP,Naive T,CD99,CD99,0.140266031002365,0,262,19
782328,Petti2019,Diagnosis,cellchat,Monocyte,Naive T,CD99,CD99,0.0289801684578357,0.02,8890,19
782328,Petti2019,Diagnosis,cellchat,Naive T,Naive T,CD99,CD99,0.144307883622729,0,19,19
782328,Petti2019,Diagnosis,cellchat,NK,Naive T,CD99,CD99,0.151915960392699,0,31,19
782328,Petti2019,Diagnosis,cellchat,pDC,Naive T,CD99,CD99,0.0964511631128188,0,99,19
782328,Petti2019,Diagnosis,cellchat,Plasma Cell,Naive T,CD99,CD99,0.0335740627349803,0.11,39,19
782328,Petti2019,Diagnosis,cellchat,Pro-Monocyte,Naive T,CD99,CD99,0.0527290848001534,0,1741,19
782328,Petti2019,Diagnosis,cellchat,CD4 Memory T,NK,CD99,CD99,0.154926772249797,0,33,31
782328,Petti2019,Diagnosis,cellchat,CD8 Memory T,NK,CD99,CD99,0.163873529172565,0,81,31
782328,Petti2019,Diagnosis,cellchat,cDC,NK,CD99,CD99,0.0633644477229547,0,381,31
782328,Petti2019,Diagnosis,cellchat,Cycling Progenitor,NK,CD99,CD99,0.117656038600677,0,142,31
782328,Petti2019,Diagnosis,cellchat,Early GMP,NK,CD99,CD99,0.116865838288788,0,174,31
782328,Petti2019,Diagnosis,cellchat,EoBasoMast Precursor,NK,CD99,CD99,0.0635477623987444,0,37,31
782328,Petti2019,Diagnosis,cellchat,HSC MPP,NK,CD99,CD99,0.122280483400332,0,125,31
782328,Petti2019,Diagnosis,cellchat,Late GMP,NK,CD99,CD99,0.0594186877550717,0,436,31
782328,Petti2019,Diagnosis,cellchat,LMPP,NK,CD99,CD99,0.147697797529184,0,262,31
782328,Petti2019,Diagnosis,cellchat,Monocyte,NK,CD99,CD99,0.0307263654819879,0,8890,31
782328,Petti2019,Diagnosis,cellchat,Naive T,NK,CD99,CD99,0.151915960392699,0,19,31
782328,Petti2019,Diagnosis,cellchat,NK,NK,CD99,CD99,0.159850213733072,0,31,31
782328,Petti2019,Diagnosis,cellchat,pDC,NK,CD99,CD99,0.101836449874674,0,99,31
782328,Petti2019,Diagnosis,cellchat,Plasma Cell,NK,CD99,CD99,0.0355869197625862,0.04,39,31
782328,Petti2019,Diagnosis,cellchat,Pro-Monocyte,NK,CD99,CD99,0.0558240026642172,0,1741,31
782328,Petti2019,Diagnosis,cellchat,CD4 Memory T,pDC,CD99,CD99,0.098490381342404,0,33,99
782328,Petti2019,Diagnosis,cellchat,CD8 Memory T,pDC,CD99,CD99,0.104581360896219,0,81,99
782328,Petti2019,Diagnosis,cellchat,cDC,pDC,CD99,CD99,0.0387526576945308,0,381,99
782328,Petti2019,Diagnosis,cellchat,Cycling Progenitor,pDC,CD99,CD99,0.0736138736024068,0,142,99
782328,Petti2019,Diagnosis,cellchat,Early GMP,pDC,CD99,CD99,0.0730949646028254,0,174,99
782328,Petti2019,Diagnosis,cellchat,EoBasoMast Precursor,pDC,CD99,CD99,0.0388677246448563,0,37,99
782328,Petti2019,Diagnosis,cellchat,HSC MPP,pDC,CD99,CD99,0.0766576451387437,0,125,99
782328,Petti2019,Diagnosis,cellchat,Late GMP,pDC,CD99,CD99,0.036280131122531,0,436,99
782328,Petti2019,Diagnosis,cellchat,LMPP,pDC,CD99,CD99,0.0936030828868928,0,262,99
782328,Petti2019,Diagnosis,cellchat,Monocyte,pDC,CD99,CD99,0.0185407957406926,0.27,8890,99
782328,Petti2019,Diagnosis,cellchat,Naive T,pDC,CD99,CD99,0.0964511631128188,0,19,99
782328,Petti2019,Diagnosis,cellchat,NK,pDC,CD99,CD99,0.101836449874674,0,31,99
782328,Petti2019,Diagnosis,cellchat,pDC,pDC,CD99,CD99,0.0632912572842249,0,99,99
782328,Petti2019,Diagnosis,cellchat,Plasma Cell,pDC,CD99,CD99,0.0215165247478034,0.28,39,99
782328,Petti2019,Diagnosis,cellchat,Pro-Monocyte,pDC,CD99,CD99,0.0340346198054824,0,1741,99
782328,Petti2019,Diagnosis,cellchat,CD4 Memory T,Plasma Cell,CD99,CD99,0.0343344179363197,0.04,33,39
782328,Petti2019,Diagnosis,cellchat,CD8 Memory T,Plasma Cell,CD99,CD99,0.0366189380509833,0.03,81,39
782328,Petti2019,Diagnosis,cellchat,cDC,Plasma Cell,CD99,CD99,0.0129504475840905,0.45,381,39
782328,Petti2019,Diagnosis,cellchat,Cycling Progenitor,Plasma Cell,CD99,CD99,0.0252091699556883,0.19,142,39
782328,Petti2019,Diagnosis,cellchat,Early GMP,Plasma Cell,CD99,CD99,0.0250222526380537,0.16,174,39
782328,Petti2019,Diagnosis,cellchat,EoBasoMast Precursor,Plasma Cell,CD99,CD99,0.0129899362360857,0.45,37,39
782328,Petti2019,Diagnosis,cellchat,HSC MPP,Plasma Cell,CD99,CD99,0.0263083519703939,0.17,125,39
782328,Petti2019,Diagnosis,cellchat,Late GMP,Plasma Cell,CD99,CD99,0.012103444655171,0.49,436,39
782328,Petti2019,Diagnosis,cellchat,LMPP,Plasma Cell,CD99,CD99,0.0325158473110918,0.02,262,39
782328,Petti2019,Diagnosis,cellchat,Monocyte,Plasma Cell,CD99,CD99,0.00611045739985137,0.89,8890,39
782328,Petti2019,Diagnosis,cellchat,Naive T,Plasma Cell,CD99,CD99,0.0335740627349803,0.11,19,39
782328,Petti2019,Diagnosis,cellchat,NK,Plasma Cell,CD99,CD99,0.0355869197625862,0.04,31,39
782328,Petti2019,Diagnosis,cellchat,pDC,Plasma Cell,CD99,CD99,0.0215165247478034,0.28,99,39
782328,Petti2019,Diagnosis,cellchat,Plasma Cell,Plasma Cell,CD99,CD99,0.00710560681557424,0.6,39,39
782328,Petti2019,Diagnosis,cellchat,Pro-Monocyte,Plasma Cell,CD99,CD99,0.0113367150484622,0.56,1741,39
782328,Petti2019,Diagnosis,cellchat,CD4 Memory T,Pro-Monocyte,CD99,CD99,0.0538990517190608,0,33,1741
782328,Petti2019,Diagnosis,cellchat,CD8 Memory T,Pro-Monocyte,CD99,CD99,0.0574079605489254,0,81,1741
782328,Petti2019,Diagnosis,cellchat,cDC,Pro-Monocyte,CD99,CD99,0.0205897548262377,0.19,381,1741
782328,Petti2019,Diagnosis,cellchat,Cycling Progenitor,Pro-Monocyte,CD99,CD99,0.0397882499292489,0,142,1741
782328,Petti2019,Diagnosis,cellchat,Early GMP,Pro-Monocyte,CD99,CD99,0.0394976138168776,0,174,1741
782328,Petti2019,Diagnosis,cellchat,EoBasoMast Precursor,Pro-Monocyte,CD99,CD99,0.0206520499629477,0.19,37,1741
782328,Petti2019,Diagnosis,cellchat,HSC MPP,Pro-Monocyte,CD99,CD99,0.0414960552587128,0,125,1741
782328,Petti2019,Diagnosis,cellchat,Late GMP,Pro-Monocyte,CD99,CD99,0.0192528610925271,0.13,436,1741
782328,Petti2019,Diagnosis,cellchat,LMPP,Pro-Monocyte,CD99,CD99,0.0510990478639091,0,262,1741
782328,Petti2019,Diagnosis,cellchat,Monocyte,Pro-Monocyte,CD99,CD99,0.0097548152571929,0.77,8890,1741
782328,Petti2019,Diagnosis,cellchat,Naive T,Pro-Monocyte,CD99,CD99,0.0527290848001534,0,19,1741
782328,Petti2019,Diagnosis,cellchat,NK,Pro-Monocyte,CD99,CD99,0.0558240026642172,0,31,1741
782328,Petti2019,Diagnosis,cellchat,pDC,Pro-Monocyte,CD99,CD99,0.0340346198054824,0,99,1741
782328,Petti2019,Diagnosis,cellchat,Plasma Cell,Pro-Monocyte,CD99,CD99,0.0113367150484622,0.56,39,1741
782328,Petti2019,Diagnosis,cellchat,Pro-Monocyte,Pro-Monocyte,CD99,CD99,0.018041501035664,0.36,1741,1741
782328,Petti2019,Diagnosis,cellchat,CD4 Memory T,CD4 Memory T,CLEC2D,KLRB1,0.0064316844289553,0,33,33
782328,Petti2019,Diagnosis,cellchat,CD8 Memory T,CD4 Memory T,CLEC2D,KLRB1,0.0236275216342297,0,81,33
782328,Petti2019,Diagnosis,cellchat,Naive T,CD4 Memory T,CLEC2D,KLRB1,0.0221890224057754,0,19,33
782328,Petti2019,Diagnosis,cellchat,CD4 Memory T,CD8 Memory T,CLEC2D,KLRB1,0.00739247729191115,0,33,81
782328,Petti2019,Diagnosis,cellchat,CD8 Memory T,CD8 Memory T,CLEC2D,KLRB1,0.0270870717193505,0,81,81
782328,Petti2019,Diagnosis,cellchat,Naive T,CD8 Memory T,CLEC2D,KLRB1,0.0254434356474032,0,19,81
782328,Petti2019,Diagnosis,cellchat,CD4 Memory T,Naive T,CLEC2D,KLRB1,0.00799753553223731,0,33,19
782328,Petti2019,Diagnosis,cellchat,CD8 Memory T,Naive T,CLEC2D,KLRB1,0.0292565781595687,0,81,19
782328,Petti2019,Diagnosis,cellchat,Naive T,Naive T,CLEC2D,KLRB1,0.027485016036081,0,19,19
782328,Petti2019,Diagnosis,cellchat,CD4 Memory T,NK,CLEC2D,KLRB1,0.037309004966807,0,33,31
782328,Petti2019,Diagnosis,cellchat,CD8 Memory T,NK,CLEC2D,KLRB1,0.126544477881358,0,81,31
782328,Petti2019,Diagnosis,cellchat,Naive T,NK,CLEC2D,KLRB1,0.119607728970729,0,19,31
782328,Petti2019,Diagnosis,cellchat,CD8 Memory T,CD4 Memory T,CLEC2B,KLRB1,0.022467324699829,0,81,33
782328,Petti2019,Diagnosis,cellchat,cDC,CD4 Memory T,CLEC2B,KLRB1,0.0144662146780911,0,381,33
782328,Petti2019,Diagnosis,cellchat,Cycling Progenitor,CD4 Memory T,CLEC2B,KLRB1,0.0135841100576235,0,142,33
782328,Petti2019,Diagnosis,cellchat,Early GMP,CD4 Memory T,CLEC2B,KLRB1,0.0112179843347138,0,174,33
782328,Petti2019,Diagnosis,cellchat,HSC MPP,CD4 Memory T,CLEC2B,KLRB1,0.0128674284616436,0,125,33
782328,Petti2019,Diagnosis,cellchat,Late GMP,CD4 Memory T,CLEC2B,KLRB1,0.00320448920280787,0,436,33
782328,Petti2019,Diagnosis,cellchat,LMPP,CD4 Memory T,CLEC2B,KLRB1,0.0139175257862322,0,262,33
782328,Petti2019,Diagnosis,cellchat,Monocyte,CD4 Memory T,CLEC2B,KLRB1,0.00632498367346134,0,8890,33
782328,Petti2019,Diagnosis,cellchat,Naive T,CD4 Memory T,CLEC2B,KLRB1,0.00340873764896033,0,19,33
782328,Petti2019,Diagnosis,cellchat,NK,CD4 Memory T,CLEC2B,KLRB1,0.0203544255150185,0,31,33
782328,Petti2019,Diagnosis,cellchat,pDC,CD4 Memory T,CLEC2B,KLRB1,0.0127434840407101,0,99,33
782328,Petti2019,Diagnosis,cellchat,CD8 Memory T,CD8 Memory T,CLEC2B,KLRB1,0.0257614805102969,0,81,81
782328,Petti2019,Diagnosis,cellchat,cDC,CD8 Memory T,CLEC2B,KLRB1,0.0166071789393644,0,381,81
782328,Petti2019,Diagnosis,cellchat,Cycling Progenitor,CD8 Memory T,CLEC2B,KLRB1,0.0155965910121185,0,142,81
782328,Petti2019,Diagnosis,cellchat,Early GMP,CD8 Memory T,CLEC2B,KLRB1,0.0128845033661357,0,174,81
782328,Petti2019,Diagnosis,cellchat,HSC MPP,CD8 Memory T,CLEC2B,KLRB1,0.0147753236894197,0,125,81
782328,Petti2019,Diagnosis,cellchat,Late GMP,CD8 Memory T,CLEC2B,KLRB1,0.00368497767180975,0,436,81
782328,Petti2019,Diagnosis,cellchat,LMPP,CD8 Memory T,CLEC2B,KLRB1,0.0159786020205,0,262,81
782328,Petti2019,Diagnosis,cellchat,Monocyte,CD8 Memory T,CLEC2B,KLRB1,0.00726995374462311,0,8890,81
782328,Petti2019,Diagnosis,cellchat,Naive T,CD8 Memory T,CLEC2B,KLRB1,0.00391973116939219,0,19,81
782328,Petti2019,Diagnosis,cellchat,NK,CD8 Memory T,CLEC2B,KLRB1,0.0233461870746465,0,31,81
782328,Petti2019,Diagnosis,cellchat,pDC,CD8 Memory T,CLEC2B,KLRB1,0.0146332740589162,0,99,81
782328,Petti2019,Diagnosis,cellchat,CD8 Memory T,Naive T,CLEC2B,KLRB1,0.0278278521026735,0,81,19
782328,Petti2019,Diagnosis,cellchat,cDC,Naive T,CLEC2B,KLRB1,0.0179527996314085,0,381,19
782328,Petti2019,Diagnosis,cellchat,Cycling Progenitor,Naive T,CLEC2B,KLRB1,0.0168617313846189,0,142,19
782328,Petti2019,Diagnosis,cellchat,Early GMP,Naive T,CLEC2B,KLRB1,0.0139327624692331,0,174,19
782328,Petti2019,Diagnosis,cellchat,HSC MPP,Naive T,CLEC2B,KLRB1,0.0159749268413489,0,125,19
782328,Petti2019,Diagnosis,cellchat,Late GMP,Naive T,CLEC2B,KLRB1,0.00398780422033584,0,436,19
782328,Petti2019,Diagnosis,cellchat,LMPP,Naive T,CLEC2B,KLRB1,0.0172741860139845,0,262,19
782328,Petti2019,Diagnosis,cellchat,Monocyte,Naive T,CLEC2B,KLRB1,0.00786506315873889,0,8890,19
782328,Petti2019,Diagnosis,cellchat,Naive T,Naive T,CLEC2B,KLRB1,0.00424176731345132,0,19,19
782328,Petti2019,Diagnosis,cellchat,NK,Naive T,CLEC2B,KLRB1,0.0252238398789147,0,31,19
782328,Petti2019,Diagnosis,cellchat,pDC,Naive T,CLEC2B,KLRB1,0.0158215294585555,0,99,19
782328,Petti2019,Diagnosis,cellchat,CD8 Memory T,NK,CLEC2B,KLRB1,0.120956744114762,0,81,31
782328,Petti2019,Diagnosis,cellchat,cDC,NK,CLEC2B,KLRB1,0.0807797893471017,0,381,31
782328,Petti2019,Diagnosis,cellchat,Cycling Progenitor,NK,CLEC2B,KLRB1,0.0761665975767713,0,142,31
782328,Petti2019,Diagnosis,cellchat,Early GMP,NK,CLEC2B,KLRB1,0.0636025126865861,0,174,31
782328,Petti2019,Diagnosis,cellchat,HSC MPP,NK,CLEC2B,KLRB1,0.0723904466248335,0,125,31
782328,Petti2019,Diagnosis,cellchat,Late GMP,NK,CLEC2B,KLRB1,0.018883098543783,0,436,31
782328,Petti2019,Diagnosis,cellchat,LMPP,NK,CLEC2B,KLRB1,0.0779147419083795,0,262,31
782328,Petti2019,Diagnosis,cellchat,Monocyte,NK,CLEC2B,KLRB1,0.0367089796503278,0,8890,31
782328,Petti2019,Diagnosis,cellchat,Naive T,NK,CLEC2B,KLRB1,0.0200665561707357,0,19,31
782328,Petti2019,Diagnosis,cellchat,NK,NK,CLEC2B,KLRB1,0.11062981761963,0,31,31
782328,Petti2019,Diagnosis,cellchat,pDC,NK,CLEC2B,KLRB1,0.0717348170603829,0,99,31
782328,Petti2019,Diagnosis,cellchat,CD4 Memory T,CD4 Memory T,CD69,KLRB1,0.0292499529814718,0,33,33
782328,Petti2019,Diagnosis,cellchat,CD8 Memory T,CD4 Memory T,CD69,KLRB1,0.029597743490098,0,81,33
782328,Petti2019,Diagnosis,cellchat,Cycling Progenitor,CD4 Memory T,CD69,KLRB1,0.00446178109869356,0,142,33
782328,Petti2019,Diagnosis,cellchat,Early GMP,CD4 Memory T,CD69,KLRB1,0.00245407770887304,0,174,33
782328,Petti2019,Diagnosis,cellchat,EoBasoMast Precursor,CD4 Memory T,CD69,KLRB1,0.0130789222601834,0,37,33
782328,Petti2019,Diagnosis,cellchat,HSC MPP,CD4 Memory T,CD69,KLRB1,0.00497580006216774,0,125,33
782328,Petti2019,Diagnosis,cellchat,LMPP,CD4 Memory T,CD69,KLRB1,0.00431596141236485,0,262,33
782328,Petti2019,Diagnosis,cellchat,Naive T,CD4 Memory T,CD69,KLRB1,0.0254220624796202,0,19,33
782328,Petti2019,Diagnosis,cellchat,NK,CD4 Memory T,CD69,KLRB1,0.021595988124824,0,31,33
782328,Petti2019,Diagnosis,cellchat,CD4 Memory T,CD8 Memory T,CD69,KLRB1,0.0335044918024341,0,33,81
782328,Petti2019,Diagnosis,cellchat,CD8 Memory T,CD8 Memory T,CD69,KLRB1,0.0339011033700274,0,81,81
782328,Petti2019,Diagnosis,cellchat,Cycling Progenitor,CD8 Memory T,CD69,KLRB1,0.00512982061240243,0,142,81
782328,Petti2019,Diagnosis,cellchat,Early GMP,CD8 Memory T,CD69,KLRB1,0.00282236634455393,0,174,81
782328,Petti2019,Diagnosis,cellchat,EoBasoMast Precursor,CD8 Memory T,CD69,KLRB1,0.0150176992805599,0,37,81
782328,Petti2019,Diagnosis,cellchat,HSC MPP,CD8 Memory T,CD69,KLRB1,0.00572035876901541,0,125,81
782328,Petti2019,Diagnosis,cellchat,LMPP,CD8 Memory T,CD69,KLRB1,0.0049622769212618,0,262,81
782328,Petti2019,Diagnosis,cellchat,Naive T,CD8 Memory T,CD69,KLRB1,0.0291365287692344,0,19,81
782328,Petti2019,Diagnosis,cellchat,NK,CD8 Memory T,CD69,KLRB1,0.0247656253535069,0,31,81
782328,Petti2019,Diagnosis,cellchat,CD4 Memory T,Naive T,CD69,KLRB1,0.0361688855558755,0,33,19
782328,Petti2019,Diagnosis,cellchat,CD8 Memory T,Naive T,CD69,KLRB1,0.0365958428122893,0,81,19
782328,Petti2019,Diagnosis,cellchat,Cycling Progenitor,Naive T,CD69,KLRB1,0.0055507209221113,0,142,19
782328,Petti2019,Diagnosis,cellchat,Early GMP,Naive T,CD69,KLRB1,0.00305452197568247,0,174,19
782328,Petti2019,Diagnosis,cellchat,EoBasoMast Precursor,Naive T,CD69,KLRB1,0.0162366565156313,0,37,19
782328,Petti2019,Diagnosis,cellchat,HSC MPP,Naive T,CD69,KLRB1,0.00618941112016727,0,125,19
782328,Petti2019,Diagnosis,cellchat,LMPP,Naive T,CD69,KLRB1,0.00536950451388461,0,262,19
782328,Petti2019,Diagnosis,cellchat,Naive T,Naive T,CD69,KLRB1,0.0314648752885039,0,19,19
782328,Petti2019,Diagnosis,cellchat,NK,Naive T,CD69,KLRB1,0.0267543113565792,0,31,19
782328,Petti2019,Diagnosis,cellchat,CD4 Memory T,NK,CD69,KLRB1,0.152823879694495,0,33,31
782328,Petti2019,Diagnosis,cellchat,CD8 Memory T,NK,CD69,KLRB1,0.154407289051909,0,81,31
782328,Petti2019,Diagnosis,cellchat,Cycling Progenitor,NK,CD69,KLRB1,0.0261306833975869,0,142,31
782328,Petti2019,Diagnosis,cellchat,Early GMP,NK,CD69,KLRB1,0.0145146098408321,0,174,31
782328,Petti2019,Diagnosis,cellchat,EoBasoMast Precursor,NK,CD69,KLRB1,0.073507429841701,0,37,31
782328,Petti2019,Diagnosis,cellchat,HSC MPP,NK,CD69,KLRB1,0.0290681757393086,0,125,31
782328,Petti2019,Diagnosis,cellchat,LMPP,NK,CD69,KLRB1,0.0252946753429999,0,262,31
782328,Petti2019,Diagnosis,cellchat,Naive T,NK,CD69,KLRB1,0.135074312216787,0,19,31
782328,Petti2019,Diagnosis,cellchat,NK,NK,CD69,KLRB1,0.116721836509579,0,31,31
782328,Petti2019,Diagnosis,cellchat,CD4 Memory T,CD8 Memory T,ICAM2,ITGAL_ITGB2,0.0106213471087087,0,33,81
782328,Petti2019,Diagnosis,cellchat,CD8 Memory T,CD8 Memory T,ICAM2,ITGAL_ITGB2,0.011080927596981,0,81,81
782328,Petti2019,Diagnosis,cellchat,Cycling Progenitor,CD8 Memory T,ICAM2,ITGAL_ITGB2,0.00455449249450138,0,142,81
782328,Petti2019,Diagnosis,cellchat,Early GMP,CD8 Memory T,ICAM2,ITGAL_ITGB2,0.00496225433190589,0,174,81
782328,Petti2019,Diagnosis,cellchat,EoBasoMast Precursor,CD8 Memory T,ICAM2,ITGAL_ITGB2,0.010472958731049,0,37,81
782328,Petti2019,Diagnosis,cellchat,HSC MPP,CD8 Memory T,ICAM2,ITGAL_ITGB2,0.00623966609327941,0,125,81
782328,Petti2019,Diagnosis,cellchat,LMPP,CD8 Memory T,ICAM2,ITGAL_ITGB2,0.00580799634668406,0,262,81
782328,Petti2019,Diagnosis,cellchat,Naive T,CD8 Memory T,ICAM2,ITGAL_ITGB2,0.0115104563987354,0,19,81
782328,Petti2019,Diagnosis,cellchat,pDC,CD8 Memory T,ICAM2,ITGAL_ITGB2,0.00446459170827725,0.01,99,81
782328,Petti2019,Diagnosis,cellchat,Plasma Cell,CD8 Memory T,ICAM2,ITGAL_ITGB2,0.0173378466504703,0,39,81
782328,Petti2019,Diagnosis,cellchat,CD4 Memory T,cDC,ICAM2,ITGAL_ITGB2,0.00621901491630619,0.01,33,381
782328,Petti2019,Diagnosis,cellchat,CD8 Memory T,cDC,ICAM2,ITGAL_ITGB2,0.00648935805353792,0,81,381
782328,Petti2019,Diagnosis,cellchat,Cycling Progenitor,cDC,ICAM2,ITGAL_ITGB2,0.00265998747810608,0.04,142,381
782328,Petti2019,Diagnosis,cellchat,Early GMP,cDC,ICAM2,ITGAL_ITGB2,0.00289862895983084,0.02,174,381
782328,Petti2019,Diagnosis,cellchat,EoBasoMast Precursor,cDC,ICAM2,ITGAL_ITGB2,0.00613174932545148,0.02,37,381
782328,Petti2019,Diagnosis,cellchat,HSC MPP,cDC,ICAM2,ITGAL_ITGB2,0.00364675745805181,0.01,125,381
782328,Petti2019,Diagnosis,cellchat,LMPP,cDC,ICAM2,ITGAL_ITGB2,0.00339385652201279,0,262,381
782328,Petti2019,Diagnosis,cellchat,Naive T,cDC,ICAM2,ITGAL_ITGB2,0.00674211776507021,0.03,19,381
782328,Petti2019,Diagnosis,cellchat,pDC,cDC,ICAM2,ITGAL_ITGB2,0.00260738423397207,0.02,99,381
782328,Petti2019,Diagnosis,cellchat,Plasma Cell,cDC,ICAM2,ITGAL_ITGB2,0.0101803068204916,0,39,381
782328,Petti2019,Diagnosis,cellchat,CD4 Memory T,Cycling Progenitor,ICAM2,ITGAL_ITGB2,0.00258359678952718,0.12,33,142
782328,Petti2019,Diagnosis,cellchat,CD8 Memory T,Cycling Progenitor,ICAM2,ITGAL_ITGB2,0.00269633558189067,0.07,81,142
782328,Petti2019,Diagnosis,cellchat,Cycling Progenitor,Cycling Progenitor,ICAM2,ITGAL_ITGB2,0.00110274344232923,0.04,142,142
782328,Petti2019,Diagnosis,cellchat,Early GMP,Cycling Progenitor,ICAM2,ITGAL_ITGB2,0.00120184471840117,0.02,174,142
782328,Petti2019,Diagnosis,cellchat,EoBasoMast Precursor,Cycling Progenitor,ICAM2,ITGAL_ITGB2,0.0025472128515838,0.11,37,142
782328,Petti2019,Diagnosis,cellchat,HSC MPP,Cycling Progenitor,ICAM2,ITGAL_ITGB2,0.0015127020658385,0.01,125,142
782328,Petti2019,Diagnosis,cellchat,LMPP,Cycling Progenitor,ICAM2,ITGAL_ITGB2,0.0014075878006475,0,262,142
782328,Petti2019,Diagnosis,cellchat,Naive T,Cycling Progenitor,ICAM2,ITGAL_ITGB2,0.00280177415830905,0.09,19,142
782328,Petti2019,Diagnosis,cellchat,pDC,Cycling Progenitor,ICAM2,ITGAL_ITGB2,0.00108090248914878,0.03,99,142
782328,Petti2019,Diagnosis,cellchat,Plasma Cell,Cycling Progenitor,ICAM2,ITGAL_ITGB2,0.00423913400614356,0.03,39,142
782328,Petti2019,Diagnosis,cellchat,CD4 Memory T,Monocyte,ICAM2,ITGAL_ITGB2,0.00888058137415391,0,33,8890
782328,Petti2019,Diagnosis,cellchat,CD8 Memory T,Monocyte,ICAM2,ITGAL_ITGB2,0.00926554517388044,0,81,8890
782328,Petti2019,Diagnosis,cellchat,Cycling Progenitor,Monocyte,ICAM2,ITGAL_ITGB2,0.00380421929901442,0.04,142,8890
782328,Petti2019,Diagnosis,cellchat,Early GMP,Monocyte,ICAM2,ITGAL_ITGB2,0.00414508919260607,0.01,174,8890
782328,Petti2019,Diagnosis,cellchat,EoBasoMast Precursor,Monocyte,ICAM2,ITGAL_ITGB2,0.00875629759311298,0,37,8890
782328,Petti2019,Diagnosis,cellchat,HSC MPP,Monocyte,ICAM2,ITGAL_ITGB2,0.00521324377485249,0,125,8890
782328,Petti2019,Diagnosis,cellchat,LMPP,Monocyte,ICAM2,ITGAL_ITGB2,0.00485223679282076,0,262,8890
782328,Petti2019,Diagnosis,cellchat,Naive T,Monocyte,ICAM2,ITGAL_ITGB2,0.0096253894256599,0,19,8890
782328,Petti2019,Diagnosis,cellchat,pDC,Monocyte,ICAM2,ITGAL_ITGB2,0.0037290726205011,0.02,99,8890
782328,Petti2019,Diagnosis,cellchat,Plasma Cell,Monocyte,ICAM2,ITGAL_ITGB2,0.0145124394581319,0,39,8890
782328,Petti2019,Diagnosis,cellchat,CD4 Memory T,NK,ICAM2,ITGAL_ITGB2,0.0117026033091811,0,33,31
782328,Petti2019,Diagnosis,cellchat,CD8 Memory T,NK,ICAM2,ITGAL_ITGB2,0.012208391917178,0,81,31
782328,Petti2019,Diagnosis,cellchat,Cycling Progenitor,NK,ICAM2,ITGAL_ITGB2,0.00502127561467343,0.02,142,31
782328,Petti2019,Diagnosis,cellchat,Early GMP,NK,ICAM2,ITGAL_ITGB2,0.00547059868533335,0.01,174,31
782328,Petti2019,Diagnosis,cellchat,EoBasoMast Precursor,NK,ICAM2,ITGAL_ITGB2,0.0115392851353709,0,37,31
782328,Petti2019,Diagnosis,cellchat,HSC MPP,NK,ICAM2,ITGAL_ITGB2,0.00687796679879379,0,125,31
782328,Petti2019,Diagnosis,cellchat,LMPP,NK,ICAM2,ITGAL_ITGB2,0.00640242291999577,0,262,31
782328,Petti2019,Diagnosis,cellchat,Naive T,NK,ICAM2,ITGAL_ITGB2,0.0126810640764335,0,19,31
782328,Petti2019,Diagnosis,cellchat,pDC,NK,ICAM2,ITGAL_ITGB2,0.00492220659111553,0,99,31
782328,Petti2019,Diagnosis,cellchat,Plasma Cell,NK,ICAM2,ITGAL_ITGB2,0.0190896519311186,0,39,31
782328,Petti2019,Diagnosis,cellchat,CD4 Memory T,pDC,ICAM2,ITGAL_ITGB2,0.00625046806394373,0.03,33,99
782328,Petti2019,Diagnosis,cellchat,CD8 Memory T,pDC,ICAM2,ITGAL_ITGB2,0.00652216950899849,0.01,81,99
782328,Petti2019,Diagnosis,cellchat,Cycling Progenitor,pDC,ICAM2,ITGAL_ITGB2,0.00267348899405369,0.02,142,99
782328,Petti2019,Diagnosis,cellchat,Early GMP,pDC,ICAM2,ITGAL_ITGB2,0.00291333822954535,0.01,174,99
782328,Petti2019,Diagnosis,cellchat,EoBasoMast Precursor,pDC,ICAM2,ITGAL_ITGB2,0.00616276385760435,0.01,37,99
782328,Petti2019,Diagnosis,cellchat,HSC MPP,pDC,ICAM2,ITGAL_ITGB2,0.00366524919623835,0,125,99
782328,Petti2019,Diagnosis,cellchat,LMPP,pDC,ICAM2,ITGAL_ITGB2,0.00341107025708897,0,262,99
782328,Petti2019,Diagnosis,cellchat,Naive T,pDC,ICAM2,ITGAL_ITGB2,0.00677619850619197,0.01,19,99
782328,Petti2019,Diagnosis,cellchat,pDC,pDC,ICAM2,ITGAL_ITGB2,0.00262061944891046,0.02,99,99
782328,Petti2019,Diagnosis,cellchat,Plasma Cell,pDC,ICAM2,ITGAL_ITGB2,0.0102315882395447,0,39,99
782328,Petti2019,Diagnosis,cellchat,CD4 Memory T,Monocyte,ICAM2,ITGAM_ITGB2,0.0156374497202643,0,33,8890
782328,Petti2019,Diagnosis,cellchat,CD8 Memory T,Monocyte,ICAM2,ITGAM_ITGB2,0.0163104964075982,0,81,8890
782328,Petti2019,Diagnosis,cellchat,Cycling Progenitor,Monocyte,ICAM2,ITGAM_ITGB2,0.006724899919775,0,142,8890
782328,Petti2019,Diagnosis,cellchat,Early GMP,Monocyte,ICAM2,ITGAM_ITGB2,0.00732554745855046,0,174,8890
782328,Petti2019,Diagnosis,cellchat,EoBasoMast Precursor,Monocyte,ICAM2,ITGAM_ITGB2,0.0154200747574104,0,37,8890
782328,Petti2019,Diagnosis,cellchat,HSC MPP,Monocyte,ICAM2,ITGAM_ITGB2,0.00920570316621276,0,125,8890
782328,Petti2019,Diagnosis,cellchat,LMPP,Monocyte,ICAM2,ITGAM_ITGB2,0.00857060807799019,0,262,8890
782328,Petti2019,Diagnosis,cellchat,Naive T,Monocyte,ICAM2,ITGAM_ITGB2,0.0169392661321022,0,19,8890
782328,Petti2019,Diagnosis,cellchat,pDC,Monocyte,ICAM2,ITGAM_ITGB2,0.00659244134629432,0,99,8890
782328,Petti2019,Diagnosis,cellchat,Plasma Cell,Monocyte,ICAM2,ITGAM_ITGB2,0.0254443492944007,0,39,8890
782328,Petti2019,Diagnosis,cellchat,CD4 Memory T,NK,ICAM2,ITGAM_ITGB2,0.0109004220785388,0.02,33,31
782328,Petti2019,Diagnosis,cellchat,CD8 Memory T,NK,ICAM2,ITGAM_ITGB2,0.0113719392087645,0,81,31
782328,Petti2019,Diagnosis,cellchat,Cycling Progenitor,NK,ICAM2,ITGAM_ITGB2,0.00467491459785301,0.03,142,31
782328,Petti2019,Diagnosis,cellchat,Early GMP,NK,ICAM2,ITGAM_ITGB2,0.00509340261161799,0.02,174,31
782328,Petti2019,Diagnosis,cellchat,EoBasoMast Precursor,NK,ICAM2,ITGAM_ITGB2,0.0107481771650403,0.01,37,31
782328,Petti2019,Diagnosis,cellchat,HSC MPP,NK,ICAM2,ITGAM_ITGB2,0.00640435801441095,0,125,31
782328,Petti2019,Diagnosis,cellchat,LMPP,NK,ICAM2,ITGAM_ITGB2,0.0059613629742081,0,262,31
782328,Petti2019,Diagnosis,cellchat,Naive T,NK,ICAM2,ITGAM_ITGB2,0.0118126137175359,0,19,31
782328,Petti2019,Diagnosis,cellchat,pDC,NK,ICAM2,ITGAM_ITGB2,0.00458264775155608,0.02,99,31
782328,Petti2019,Diagnosis,cellchat,Plasma Cell,NK,ICAM2,ITGAM_ITGB2,0.0177902238188615,0,39,31
782328,Petti2019,Diagnosis,cellchat,CD4 Memory T,Pro-Monocyte,ICAM2,ITGAM_ITGB2,0.00765106959840348,0.03,33,1741
782328,Petti2019,Diagnosis,cellchat,CD8 Memory T,Pro-Monocyte,ICAM2,ITGAM_ITGB2,0.00798316466387715,0,81,1741
782328,Petti2019,Diagnosis,cellchat,Cycling Progenitor,Pro-Monocyte,ICAM2,ITGAM_ITGB2,0.00327520465375375,0.04,142,1741
782328,Petti2019,Diagnosis,cellchat,Early GMP,Pro-Monocyte,ICAM2,ITGAM_ITGB2,0.00356884300206726,0.02,174,1741
782328,Petti2019,Diagnosis,cellchat,EoBasoMast Precursor,Pro-Monocyte,ICAM2,ITGAM_ITGB2,0.00754386187035158,0.01,37,1741
782328,Petti2019,Diagnosis,cellchat,HSC MPP,Pro-Monocyte,ICAM2,ITGAM_ITGB2,0.00448917318217116,0.01,125,1741
782328,Petti2019,Diagnosis,cellchat,LMPP,Pro-Monocyte,ICAM2,ITGAM_ITGB2,0.00417809608943584,0,262,1741
782328,Petti2019,Diagnosis,cellchat,Naive T,Pro-Monocyte,ICAM2,ITGAM_ITGB2,0.00829362225765829,0.03,19,1741
782328,Petti2019,Diagnosis,cellchat,pDC,Pro-Monocyte,ICAM2,ITGAM_ITGB2,0.00321047419333273,0.02,99,1741
782328,Petti2019,Diagnosis,cellchat,Plasma Cell,Pro-Monocyte,ICAM2,ITGAM_ITGB2,0.0125130441111176,0,39,1741
782328,Petti2019,Diagnosis,cellchat,CD4 Memory T,CD8 Memory T,LCK,CD8 receptor,0.0776089276673009,0,33,81
782328,Petti2019,Diagnosis,cellchat,CD8 Memory T,CD8 Memory T,LCK,CD8 receptor,0.106849981320264,0,81,81
782328,Petti2019,Diagnosis,cellchat,Naive T,CD8 Memory T,LCK,CD8 receptor,0.0881295791405163,0,19,81
782328,Petti2019,Diagnosis,cellchat,NK,CD8 Memory T,LCK,CD8 receptor,0.0767908458017593,0,31,81
782328,Petti2019,Diagnosis,cellchat,CD4 Memory T,CD8 Memory T,HLA-A,CD8A,0.224475730586957,0,33,81
782328,Petti2019,Diagnosis,cellchat,CD8 Memory T,CD8 Memory T,HLA-A,CD8A,0.227161239660668,0,81,81
782328,Petti2019,Diagnosis,cellchat,cDC,CD8 Memory T,HLA-A,CD8A,0.172845912644711,0,381,81
782328,Petti2019,Diagnosis,cellchat,Cycling Progenitor,CD8 Memory T,HLA-A,CD8A,0.151721516727907,0,142,81
782328,Petti2019,Diagnosis,cellchat,Early GMP,CD8 Memory T,HLA-A,CD8A,0.155035678450827,0,174,81
782328,Petti2019,Diagnosis,cellchat,EoBasoMast Precursor,CD8 Memory T,HLA-A,CD8A,0.147403263994603,0,37,81
782328,Petti2019,Diagnosis,cellchat,HSC MPP,CD8 Memory T,HLA-A,CD8A,0.147152808275515,0,125,81
782328,Petti2019,Diagnosis,cellchat,Late GMP,CD8 Memory T,HLA-A,CD8A,0.162356879978938,0,436,81
782328,Petti2019,Diagnosis,cellchat,LMPP,CD8 Memory T,HLA-A,CD8A,0.17051666040733,0,262,81
782328,Petti2019,Diagnosis,cellchat,Monocyte,CD8 Memory T,HLA-A,CD8A,0.183105511665818,0,8890,81
782328,Petti2019,Diagnosis,cellchat,Naive T,CD8 Memory T,HLA-A,CD8A,0.208240932524218,0,19,81
782328,Petti2019,Diagnosis,cellchat,NK,CD8 Memory T,HLA-A,CD8A,0.224049919097457,0,31,81
782328,Petti2019,Diagnosis,cellchat,pDC,CD8 Memory T,HLA-A,CD8A,0.164841792283431,0,99,81
782328,Petti2019,Diagnosis,cellchat,Plasma Cell,CD8 Memory T,HLA-A,CD8A,0.0782978430996415,0,39,81
782328,Petti2019,Diagnosis,cellchat,Pro-Monocyte,CD8 Memory T,HLA-A,CD8A,0.178512814583748,0,1741,81
782328,Petti2019,Diagnosis,cellchat,CD4 Memory T,NK,HLA-A,CD8A,0.0543356264878888,0,33,31
782328,Petti2019,Diagnosis,cellchat,CD8 Memory T,NK,HLA-A,CD8A,0.0551303661838711,0,81,31
782328,Petti2019,Diagnosis,cellchat,cDC,NK,HLA-A,CD8A,0.0398286060919088,0,381,31
782328,Petti2019,Diagnosis,cellchat,Cycling Progenitor,NK,HLA-A,CD8A,0.0342870735837404,0,142,31
782328,Petti2019,Diagnosis,cellchat,Early GMP,NK,HLA-A,CD8A,0.0351423014358559,0,174,31
782328,Petti2019,Diagnosis,cellchat,EoBasoMast Precursor,NK,HLA-A,CD8A,0.033180467507456,0,37,31
782328,Petti2019,Diagnosis,cellchat,HSC MPP,NK,HLA-A,CD8A,0.0331165515563631,0,125,31
782328,Petti2019,Diagnosis,cellchat,Late GMP,NK,HLA-A,CD8A,0.0370500695575185,0,436,31
782328,Petti2019,Diagnosis,cellchat,LMPP,NK,HLA-A,CD8A,0.0392069148978087,0,262,31
782328,Petti2019,Diagnosis,cellchat,Monocyte,NK,HLA-A,CD8A,0.0425993356605168,0,8890,31
782328,Petti2019,Diagnosis,cellchat,Naive T,NK,HLA-A,CD8A,0.049618613715367,0,19,31
782328,Petti2019,Diagnosis,cellchat,NK,NK,HLA-A,CD8A,0.0542099964191189,0,31,31
782328,Petti2019,Diagnosis,cellchat,pDC,NK,HLA-A,CD8A,0.0377034551746633,0,99,31
782328,Petti2019,Diagnosis,cellchat,Plasma Cell,NK,HLA-A,CD8A,0.0165832799781958,0,39,31
782328,Petti2019,Diagnosis,cellchat,Pro-Monocyte,NK,HLA-A,CD8A,0.0413524478324237,0,1741,31
782328,Petti2019,Diagnosis,cellchat,CD4 Memory T,CD8 Memory T,HLA-B,CD8A,0.252173855923275,0,33,81
782328,Petti2019,Diagnosis,cellchat,CD8 Memory T,CD8 Memory T,HLA-B,CD8A,0.259657773555334,0,81,81
782328,Petti2019,Diagnosis,cellchat,cDC,CD8 Memory T,HLA-B,CD8A,0.214004116665733,0,381,81
782328,Petti2019,Diagnosis,cellchat,Cycling Progenitor,CD8 Memory T,HLA-B,CD8A,0.189526890595838,0,142,81
782328,Petti2019,Diagnosis,cellchat,Early GMP,CD8 Memory T,HLA-B,CD8A,0.189384959508437,0,174,81
782328,Petti2019,Diagnosis,cellchat,EoBasoMast Precursor,CD8 Memory T,HLA-B,CD8A,0.16627879883379,0,37,81
782328,Petti2019,Diagnosis,cellchat,HSC MPP,CD8 Memory T,HLA-B,CD8A,0.173316737756598,0,125,81
782328,Petti2019,Diagnosis,cellchat,Late GMP,CD8 Memory T,HLA-B,CD8A,0.210799143466084,0,436,81
782328,Petti2019,Diagnosis,cellchat,LMPP,CD8 Memory T,HLA-B,CD8A,0.19528321635812,0,262,81
782328,Petti2019,Diagnosis,cellchat,Monocyte,CD8 Memory T,HLA-B,CD8A,0.227142713826409,0,8890,81
782328,Petti2019,Diagnosis,cellchat,Naive T,CD8 Memory T,HLA-B,CD8A,0.250559139759071,0,19,81
782328,Petti2019,Diagnosis,cellchat,NK,CD8 Memory T,HLA-B,CD8A,0.250866805970026,0,31,81
782328,Petti2019,Diagnosis,cellchat,pDC,CD8 Memory T,HLA-B,CD8A,0.211198506657379,0,99,81
782328,Petti2019,Diagnosis,cellchat,Plasma Cell,CD8 Memory T,HLA-B,CD8A,0.160811096020394,0,39,81
782328,Petti2019,Diagnosis,cellchat,Pro-Monocyte,CD8 Memory T,HLA-B,CD8A,0.222876294460857,0,1741,81
782328,Petti2019,Diagnosis,cellchat,CD4 Memory T,NK,HLA-B,CD8A,0.0627384610499767,0,33,31
782328,Petti2019,Diagnosis,cellchat,CD8 Memory T,NK,HLA-B,CD8A,0.0650897186718717,0,81,31
782328,Petti2019,Diagnosis,cellchat,cDC,NK,HLA-B,CD8A,0.0512761405721367,0,381,31
782328,Petti2019,Diagnosis,cellchat,Cycling Progenitor,NK,HLA-B,CD8A,0.0443608453369632,0,142,31
782328,Petti2019,Diagnosis,cellchat,Early GMP,NK,HLA-B,CD8A,0.0443216798453337,0,174,31
782328,Petti2019,Diagnosis,cellchat,EoBasoMast Precursor,NK,HLA-B,CD8A,0.0380826736370539,0,37,31
782328,Petti2019,Diagnosis,cellchat,HSC MPP,NK,HLA-B,CD8A,0.0399545996202719,0,125,31
782328,Petti2019,Diagnosis,cellchat,Late GMP,NK,HLA-B,CD8A,0.0503520965328163,0,436,31
782328,Petti2019,Diagnosis,cellchat,LMPP,NK,HLA-B,CD8A,0.0459581901936842,0,262,31
782328,Petti2019,Diagnosis,cellchat,Monocyte,NK,HLA-B,CD8A,0.0551248693889511,0,8890,31
782328,Petti2019,Diagnosis,cellchat,Naive T,NK,HLA-B,CD8A,0.0622357872120908,0,19,31
782328,Petti2019,Diagnosis,cellchat,NK,NK,HLA-B,CD8A,0.0623314405333298,0,31,31
782328,Petti2019,Diagnosis,cellchat,pDC,NK,HLA-B,CD8A,0.0504669275262904,0,99,31
782328,Petti2019,Diagnosis,cellchat,Plasma Cell,NK,HLA-B,CD8A,0.0366451267470886,0,39,31
782328,Petti2019,Diagnosis,cellchat,Pro-Monocyte,NK,HLA-B,CD8A,0.0538642743613182,0,1741,31
782328,Petti2019,Diagnosis,cellchat,CD4 Memory T,CD8 Memory T,HLA-C,CD8A,0.244297275223324,0,33,81
782328,Petti2019,Diagnosis,cellchat,CD8 Memory T,CD8 Memory T,HLA-C,CD8A,0.259814728306019,0,81,81
782328,Petti2019,Diagnosis,cellchat,cDC,CD8 Memory T,HLA-C,CD8A,0.210717627389362,0,381,81
782328,Petti2019,Diagnosis,cellchat,Cycling Progenitor,CD8 Memory T,HLA-C,CD8A,0.176831120926266,0,142,81
782328,Petti2019,Diagnosis,cellchat,Early GMP,CD8 Memory T,HLA-C,CD8A,0.177581957217661,0,174,81
782328,Petti2019,Diagnosis,cellchat,EoBasoMast Precursor,CD8 Memory T,HLA-C,CD8A,0.165535508771295,0,37,81
782328,Petti2019,Diagnosis,cellchat,HSC MPP,CD8 Memory T,HLA-C,CD8A,0.164702862899932,0,125,81
782328,Petti2019,Diagnosis,cellchat,Late GMP,CD8 Memory T,HLA-C,CD8A,0.197579147416632,0,436,81
782328,Petti2019,Diagnosis,cellchat,LMPP,CD8 Memory T,HLA-C,CD8A,0.187775075591369,0,262,81
782328,Petti2019,Diagnosis,cellchat,Monocyte,CD8 Memory T,HLA-C,CD8A,0.227305148626082,0,8890,81
782328,Petti2019,Diagnosis,cellchat,Naive T,CD8 Memory T,HLA-C,CD8A,0.244601069094291,0,19,81
782328,Petti2019,Diagnosis,cellchat,NK,CD8 Memory T,HLA-C,CD8A,0.255336432857489,0,31,81
782328,Petti2019,Diagnosis,cellchat,pDC,CD8 Memory T,HLA-C,CD8A,0.202432358803263,0,99,81
782328,Petti2019,Diagnosis,cellchat,Plasma Cell,CD8 Memory T,HLA-C,CD8A,0.187645612101413,0,39,81
782328,Petti2019,Diagnosis,cellchat,Pro-Monocyte,CD8 Memory T,HLA-C,CD8A,0.213429740713132,0,1741,81
782328,Petti2019,Diagnosis,cellchat,CD4 Memory T,NK,HLA-C,CD8A,0.060301722287206,0,33,31
782328,Petti2019,Diagnosis,cellchat,CD8 Memory T,NK,HLA-C,CD8A,0.0651394112973698,0,81,31
782328,Petti2019,Diagnosis,cellchat,cDC,NK,HLA-C,CD8A,0.0503286686571896,0,381,31
782328,Petti2019,Diagnosis,cellchat,Cycling Progenitor,NK,HLA-C,CD8A,0.0408985539661221,0,142,31
782328,Petti2019,Diagnosis,cellchat,Early GMP,NK,HLA-C,CD8A,0.0411010305157156,0,174,31
782328,Petti2019,Diagnosis,cellchat,EoBasoMast Precursor,NK,HLA-C,CD8A,0.0378863975584535,0,37,31
782328,Petti2019,Diagnosis,cellchat,HSC MPP,NK,HLA-C,CD8A,0.0376668457935432,0,125,31
782328,Petti2019,Diagnosis,cellchat,Late GMP,NK,HLA-C,CD8A,0.0466001823176053,0,436,31
782328,Petti2019,Diagnosis,cellchat,LMPP,NK,HLA-C,CD8A,0.0438781710776115,0,262,31
782328,Petti2019,Diagnosis,cellchat,Monocyte,NK,HLA-C,CD8A,0.0551730721687456,0,8890,31
782328,Petti2019,Diagnosis,cellchat,Naive T,NK,HLA-C,CD8A,0.0603949959552738,0,19,31
782328,Petti2019,Diagnosis,cellchat,NK,NK,HLA-C,CD8A,0.0637277358654935,0,31,31
782328,Petti2019,Diagnosis,cellchat,pDC,NK,HLA-C,CD8A,0.0479665274348114,0,99,31
782328,Petti2019,Diagnosis,cellchat,Plasma Cell,NK,HLA-C,CD8A,0.0438425635550454,0,39,31
782328,Petti2019,Diagnosis,cellchat,Pro-Monocyte,NK,HLA-C,CD8A,0.051110117767849,0,1741,31
782328,Petti2019,Diagnosis,cellchat,CD4 Memory T,CD8 Memory T,HLA-E,CD8A,0.182978494374763,0,33,81
782328,Petti2019,Diagnosis,cellchat,CD8 Memory T,CD8 Memory T,HLA-E,CD8A,0.190674879404548,0,81,81
782328,Petti2019,Diagnosis,cellchat,cDC,CD8 Memory T,HLA-E,CD8A,0.117562492392166,0,381,81
782328,Petti2019,Diagnosis,cellchat,Cycling Progenitor,CD8 Memory T,HLA-E,CD8A,0.104677289785436,0,142,81
782328,Petti2019,Diagnosis,cellchat,Early GMP,CD8 Memory T,HLA-E,CD8A,0.106328702961054,0,174,81
782328,Petti2019,Diagnosis,cellchat,EoBasoMast Precursor,CD8 Memory T,HLA-E,CD8A,0.103155631427555,0,37,81
782328,Petti2019,Diagnosis,cellchat,HSC MPP,CD8 Memory T,HLA-E,CD8A,0.121948362060481,0,125,81
782328,Petti2019,Diagnosis,cellchat,Late GMP,CD8 Memory T,HLA-E,CD8A,0.0940227499895869,0,436,81
782328,Petti2019,Diagnosis,cellchat,LMPP,CD8 Memory T,HLA-E,CD8A,0.127215689184701,0,262,81
782328,Petti2019,Diagnosis,cellchat,Monocyte,CD8 Memory T,HLA-E,CD8A,0.140358233812146,0,8890,81
782328,Petti2019,Diagnosis,cellchat,Naive T,CD8 Memory T,HLA-E,CD8A,0.196271920911783,0,19,81
782328,Petti2019,Diagnosis,cellchat,NK,CD8 Memory T,HLA-E,CD8A,0.181358651062833,0,31,81
782328,Petti2019,Diagnosis,cellchat,pDC,CD8 Memory T,HLA-E,CD8A,0.107636103240723,0,99,81
782328,Petti2019,Diagnosis,cellchat,Plasma Cell,CD8 Memory T,HLA-E,CD8A,0.0805080124716344,0,39,81
782328,Petti2019,Diagnosis,cellchat,Pro-Monocyte,CD8 Memory T,HLA-E,CD8A,0.10614219199816,0,1741,81
782328,Petti2019,Diagnosis,cellchat,CD4 Memory T,NK,HLA-E,CD8A,0.0425647066406421,0,33,31
782328,Petti2019,Diagnosis,cellchat,CD8 Memory T,NK,HLA-E,CD8A,0.044678016271128,0,81,31
782328,Petti2019,Diagnosis,cellchat,cDC,NK,HLA-E,CD8A,0.025764540913574,0,381,31
782328,Petti2019,Diagnosis,cellchat,Cycling Progenitor,NK,HLA-E,CD8A,0.0226820546640021,0,142,31
782328,Petti2019,Diagnosis,cellchat,Early GMP,NK,HLA-E,CD8A,0.0230732285638858,0,174,31
782328,Petti2019,Diagnosis,cellchat,EoBasoMast Precursor,NK,HLA-E,CD8A,0.0223226153616683,0,37,31
782328,Petti2019,Diagnosis,cellchat,HSC MPP,NK,HLA-E,CD8A,0.0268298559693874,0,125,31
782328,Petti2019,Diagnosis,cellchat,Late GMP,NK,HLA-E,CD8A,0.0201852111937336,0,436,31
782328,Petti2019,Diagnosis,cellchat,LMPP,NK,HLA-E,CD8A,0.0281202972336578,0,262,31
782328,Petti2019,Diagnosis,cellchat,Monocyte,NK,HLA-E,CD8A,0.0313936175867323,0,8890,31
782328,Petti2019,Diagnosis,cellchat,Naive T,NK,HLA-E,CD8A,0.0462343096995449,0,19,31
782328,Petti2019,Diagnosis,cellchat,NK,NK,HLA-E,CD8A,0.0421238084627685,0,31,31
782328,Petti2019,Diagnosis,cellchat,pDC,NK,HLA-E,CD8A,0.02338371911932,0,99,31
782328,Petti2019,Diagnosis,cellchat,Plasma Cell,NK,HLA-E,CD8A,0.0170836770837398,0,39,31
782328,Petti2019,Diagnosis,cellchat,Pro-Monocyte,NK,HLA-E,CD8A,0.0230289926041724,0,1741,31
782328,Petti2019,Diagnosis,cellchat,CD4 Memory T,CD8 Memory T,HLA-F,CD8A,0.0813259795987709,0,33,81
782328,Petti2019,Diagnosis,cellchat,CD8 Memory T,CD8 Memory T,HLA-F,CD8A,0.0918274521868318,0,81,81
782328,Petti2019,Diagnosis,cellchat,cDC,CD8 Memory T,HLA-F,CD8A,0.0499349816555407,0,381,81
782328,Petti2019,Diagnosis,cellchat,Cycling Progenitor,CD8 Memory T,HLA-F,CD8A,0.0308322633235993,0,142,81
782328,Petti2019,Diagnosis,cellchat,Early GMP,CD8 Memory T,HLA-F,CD8A,0.0135439474545495,0,174,81
782328,Petti2019,Diagnosis,cellchat,HSC MPP,CD8 Memory T,HLA-F,CD8A,0.0167202345879878,0,125,81
782328,Petti2019,Diagnosis,cellchat,Late GMP,CD8 Memory T,HLA-F,CD8A,0.0189034000825595,0,436,81
782328,Petti2019,Diagnosis,cellchat,LMPP,CD8 Memory T,HLA-F,CD8A,0.0396744171204167,0,262,81
782328,Petti2019,Diagnosis,cellchat,Monocyte,CD8 Memory T,HLA-F,CD8A,0.0272993829155272,0,8890,81
782328,Petti2019,Diagnosis,cellchat,Naive T,CD8 Memory T,HLA-F,CD8A,0.090189252169289,0,19,81
782328,Petti2019,Diagnosis,cellchat,NK,CD8 Memory T,HLA-F,CD8A,0.0830918794667812,0,31,81
782328,Petti2019,Diagnosis,cellchat,pDC,CD8 Memory T,HLA-F,CD8A,0.0457389761598426,0,99,81
782328,Petti2019,Diagnosis,cellchat,Plasma Cell,CD8 Memory T,HLA-F,CD8A,0.0103892445654166,0,39,81
782328,Petti2019,Diagnosis,cellchat,Pro-Monocyte,CD8 Memory T,HLA-F,CD8A,0.0245631803192689,0,1741,81
782328,Petti2019,Diagnosis,cellchat,CD4 Memory T,NK,HLA-F,CD8A,0.0172693511142053,0,33,31
782328,Petti2019,Diagnosis,cellchat,CD8 Memory T,NK,HLA-F,CD8A,0.019676472410537,0,81,31
782328,Petti2019,Diagnosis,cellchat,cDC,NK,HLA-F,CD8A,0.0103256531071018,0,381,31
782328,Petti2019,Diagnosis,cellchat,Cycling Progenitor,NK,HLA-F,CD8A,0.00627546800987904,0,142,31
782328,Petti2019,Diagnosis,cellchat,Early GMP,NK,HLA-F,CD8A,0.00271806052313682,0,174,31
782328,Petti2019,Diagnosis,cellchat,HSC MPP,NK,HLA-F,CD8A,0.00336415052573045,0,125,31
782328,Petti2019,Diagnosis,cellchat,Late GMP,NK,HLA-F,CD8A,0.00381016612333669,0,436,31
782328,Petti2019,Diagnosis,cellchat,LMPP,NK,HLA-F,CD8A,0.00813427015404806,0,262,31
782328,Petti2019,Diagnosis,cellchat,Monocyte,NK,HLA-F,CD8A,0.00554031516843275,0,8890,31
782328,Petti2019,Diagnosis,cellchat,Naive T,NK,HLA-F,CD8A,0.0192980929189096,0,19,31
782328,Petti2019,Diagnosis,cellchat,NK,NK,HLA-F,CD8A,0.0176710900241952,0,31,31
782328,Petti2019,Diagnosis,cellchat,pDC,NK,HLA-F,CD8A,0.00942497652292322,0,99,31
782328,Petti2019,Diagnosis,cellchat,Plasma Cell,NK,HLA-F,CD8A,0.00207964446696127,0,39,31
782328,Petti2019,Diagnosis,cellchat,Pro-Monocyte,NK,HLA-F,CD8A,0.00497386040084204,0,1741,31
782328,Petti2019,Diagnosis,cellchat,CD4 Memory T,CD8 Memory T,HLA-A,CD8B,0.17212721898254,0,33,81
782328,Petti2019,Diagnosis,cellchat,CD8 Memory T,CD8 Memory T,HLA-A,CD8B,0.174327235020033,0,81,81
782328,Petti2019,Diagnosis,cellchat,cDC,CD8 Memory T,HLA-A,CD8B,0.130511422312944,0,381,81
782328,Petti2019,Diagnosis,cellchat,Cycling Progenitor,CD8 Memory T,HLA-A,CD8B,0.113848810345757,0,142,81
782328,Petti2019,Diagnosis,cellchat,Early GMP,CD8 Memory T,HLA-A,CD8B,0.116449258160489,0,174,81
782328,Petti2019,Diagnosis,cellchat,EoBasoMast Precursor,CD8 Memory T,HLA-A,CD8B,0.110468105652299,0,37,81
782328,Petti2019,Diagnosis,cellchat,HSC MPP,CD8 Memory T,HLA-A,CD8B,0.110272290338867,0,125,81
782328,Petti2019,Diagnosis,cellchat,Late GMP,CD8 Memory T,HLA-A,CD8B,0.122211853450737,0,436,81
782328,Petti2019,Diagnosis,cellchat,LMPP,CD8 Memory T,HLA-A,CD8B,0.128663924394665,0,262,81
782328,Petti2019,Diagnosis,cellchat,Monocyte,CD8 Memory T,HLA-A,CD8B,0.138679476791623,0,8890,81
782328,Petti2019,Diagnosis,cellchat,Naive T,CD8 Memory T,HLA-A,CD8B,0.158902688921878,0,19,81
782328,Petti2019,Diagnosis,cellchat,NK,CD8 Memory T,HLA-A,CD8B,0.171778713078599,0,31,81
782328,Petti2019,Diagnosis,cellchat,pDC,CD8 Memory T,HLA-A,CD8B,0.124173420095075,0,99,81
782328,Petti2019,Diagnosis,cellchat,Plasma Cell,CD8 Memory T,HLA-A,CD8B,0.0575105648359281,0,39,81
782328,Petti2019,Diagnosis,cellchat,Pro-Monocyte,CD8 Memory T,HLA-A,CD8B,0.135016911271134,0,1741,81
782328,Petti2019,Diagnosis,cellchat,CD4 Memory T,CD8 Memory T,HLA-B,CD8B,0.194990107962488,0,33,81
782328,Petti2019,Diagnosis,cellchat,CD8 Memory T,CD8 Memory T,HLA-B,CD8B,0.201233617470853,0,81,81
782328,Petti2019,Diagnosis,cellchat,cDC,CD8 Memory T,HLA-B,CD8B,0.163582523153678,0,381,81
782328,Petti2019,Diagnosis,cellchat,Cycling Progenitor,CD8 Memory T,HLA-B,CD8B,0.143817156039753,0,142,81
782328,Petti2019,Diagnosis,cellchat,Early GMP,CD8 Memory T,HLA-B,CD8B,0.143703386249353,0,174,81
782328,Petti2019,Diagnosis,cellchat,EoBasoMast Precursor,CD8 Memory T,HLA-B,CD8B,0.125309094474844,0,37,81
782328,Petti2019,Diagnosis,cellchat,HSC MPP,CD8 Memory T,HLA-B,CD8B,0.130885177336888,0,125,81
782328,Petti2019,Diagnosis,cellchat,Late GMP,CD8 Memory T,HLA-B,CD8B,0.160978019519473,0,436,81
782328,Petti2019,Diagnosis,cellchat,LMPP,CD8 Memory T,HLA-B,CD8B,0.148439451433227,0,262,81
782328,Petti2019,Diagnosis,cellchat,Monocyte,CD8 Memory T,HLA-B,CD8B,0.174312046151286,0,8890,81
782328,Petti2019,Diagnosis,cellchat,Naive T,CD8 Memory T,HLA-B,CD8B,0.19364673471669,0,19,81
782328,Petti2019,Diagnosis,cellchat,NK,CD8 Memory T,HLA-B,CD8B,0.1939025981436,0,31,81
782328,Petti2019,Diagnosis,cellchat,pDC,CD8 Memory T,HLA-B,CD8B,0.161302287081864,0,99,81
782328,Petti2019,Diagnosis,cellchat,Plasma Cell,CD8 Memory T,HLA-B,CD8B,0.12099307717322,0,39,81
782328,Petti2019,Diagnosis,cellchat,Pro-Monocyte,CD8 Memory T,HLA-B,CD8B,0.170818620406746,0,1741,81
782328,Petti2019,Diagnosis,cellchat,CD4 Memory T,CD8 Memory T,HLA-C,CD8B,0.188449550249536,0,33,81
782328,Petti2019,Diagnosis,cellchat,CD8 Memory T,CD8 Memory T,HLA-C,CD8B,0.201364862131947,0,81,81
782328,Petti2019,Diagnosis,cellchat,cDC,CD8 Memory T,HLA-C,CD8B,0.160911841129627,0,381,81
782328,Petti2019,Diagnosis,cellchat,Cycling Progenitor,CD8 Memory T,HLA-C,CD8B,0.133678295586194,0,142,81
782328,Petti2019,Diagnosis,cellchat,Early GMP,CD8 Memory T,HLA-C,CD8B,0.134275790741712,0,174,81
782328,Petti2019,Diagnosis,cellchat,EoBasoMast Precursor,CD8 Memory T,HLA-C,CD8B,0.124721547742005,0,37,81
782328,Petti2019,Diagnosis,cellchat,HSC MPP,CD8 Memory T,HLA-C,CD8B,0.124063674532811,0,125,81
782328,Petti2019,Diagnosis,cellchat,Late GMP,CD8 Memory T,HLA-C,CD8B,0.15028749866257,0,436,81
782328,Petti2019,Diagnosis,cellchat,LMPP,CD8 Memory T,HLA-C,CD8B,0.142413600271805,0,262,81
782328,Petti2019,Diagnosis,cellchat,Monocyte,CD8 Memory T,HLA-C,CD8B,0.174445228154012,0,8890,81
782328,Petti2019,Diagnosis,cellchat,Naive T,CD8 Memory T,HLA-C,CD8B,0.18870123675917,0,19,81
782328,Petti2019,Diagnosis,cellchat,NK,CD8 Memory T,HLA-C,CD8B,0.197625048843441,0,31,81
782328,Petti2019,Diagnosis,cellchat,pDC,CD8 Memory T,HLA-C,CD8B,0.154202301824584,0,99,81
782328,Petti2019,Diagnosis,cellchat,Plasma Cell,CD8 Memory T,HLA-C,CD8B,0.14230993204249,0,39,81
782328,Petti2019,Diagnosis,cellchat,Pro-Monocyte,CD8 Memory T,HLA-C,CD8B,0.163115391730009,0,1741,81
782328,Petti2019,Diagnosis,cellchat,CD4 Memory T,CD8 Memory T,HLA-E,CD8B,0.138578049210243,0,33,81
782328,Petti2019,Diagnosis,cellchat,CD8 Memory T,CD8 Memory T,HLA-E,CD8B,0.144737719666859,0,81,81
782328,Petti2019,Diagnosis,cellchat,cDC,CD8 Memory T,HLA-E,CD8B,0.0873386421922418,0,381,81
782328,Petti2019,Diagnosis,cellchat,Cycling Progenitor,CD8 Memory T,HLA-E,CD8B,0.0774752264322687,0,142,81
782328,Petti2019,Diagnosis,cellchat,Early GMP,CD8 Memory T,HLA-E,CD8B,0.0787352329235732,0,174,81
782328,Petti2019,Diagnosis,cellchat,EoBasoMast Precursor,CD8 Memory T,HLA-E,CD8B,0.0763152899462601,0,37,81
782328,Petti2019,Diagnosis,cellchat,HSC MPP,CD8 Memory T,HLA-E,CD8B,0.0907128696870855,0,125,81
782328,Petti2019,Diagnosis,cellchat,Late GMP,CD8 Memory T,HLA-E,CD8B,0.0693748994518225,0,436,81
782328,Petti2019,Diagnosis,cellchat,LMPP,CD8 Memory T,HLA-E,CD8B,0.0947766669579813,0,262,81
782328,Petti2019,Diagnosis,cellchat,Monocyte,CD8 Memory T,HLA-E,CD8B,0.104971023182243,0,8890,81
782328,Petti2019,Diagnosis,cellchat,Naive T,CD8 Memory T,HLA-E,CD8B,0.149234972058189,0,19,81
782328,Petti2019,Diagnosis,cellchat,NK,CD8 Memory T,HLA-E,CD8B,0.13728522057703,0,31,81
782328,Petti2019,Diagnosis,cellchat,pDC,CD8 Memory T,HLA-E,CD8B,0.0797336195137162,0,99,81
782328,Petti2019,Diagnosis,cellchat,Plasma Cell,CD8 Memory T,HLA-E,CD8B,0.0591716268542358,0,39,81
782328,Petti2019,Diagnosis,cellchat,Pro-Monocyte,CD8 Memory T,HLA-E,CD8B,0.0785928669847271,0,1741,81
782328,Petti2019,Diagnosis,cellchat,CD4 Memory T,CD8 Memory T,HLA-F,CD8B,0.0597869101339803,0,33,81
782328,Petti2019,Diagnosis,cellchat,CD8 Memory T,CD8 Memory T,HLA-F,CD8B,0.0677120821065473,0,81,81
782328,Petti2019,Diagnosis,cellchat,cDC,CD8 Memory T,HLA-F,CD8B,0.0363805347941128,0,381,81
782328,Petti2019,Diagnosis,cellchat,Cycling Progenitor,CD8 Memory T,HLA-F,CD8B,0.022341160931253,0,142,81
782328,Petti2019,Diagnosis,cellchat,Early GMP,CD8 Memory T,HLA-F,CD8B,0.00976601291274244,0,174,81
782328,Petti2019,Diagnosis,cellchat,HSC MPP,CD8 Memory T,HLA-F,CD8B,0.0120671480007883,0,125,81
782328,Petti2019,Diagnosis,cellchat,Late GMP,CD8 Memory T,HLA-F,CD8B,0.0136511936180855,0,436,81
782328,Petti2019,Diagnosis,cellchat,LMPP,CD8 Memory T,HLA-F,CD8B,0.0288206288738696,0,262,81
782328,Petti2019,Diagnosis,cellchat,Monocyte,CD8 Memory T,HLA-F,CD8B,0.01976138562074,0,8890,81
782328,Petti2019,Diagnosis,cellchat,Naive T,CD8 Memory T,HLA-F,CD8B,0.0664726105601601,0,19,81
782328,Petti2019,Diagnosis,cellchat,NK,CD8 Memory T,HLA-F,CD8B,0.0611162281584982,0,31,81
782328,Petti2019,Diagnosis,cellchat,pDC,CD8 Memory T,HLA-F,CD8B,0.0332835994865572,0,99,81
782328,Petti2019,Diagnosis,cellchat,Plasma Cell,CD8 Memory T,HLA-F,CD8B,0.00748460289837065,0,39,81
782328,Petti2019,Diagnosis,cellchat,Pro-Monocyte,CD8 Memory T,HLA-F,CD8B,0.0177669123134301,0,1741,81
782328,Petti2019,Diagnosis,cellchat,CD4 Memory T,NK,HLA-E,KLRC1,0.0398109579882919,0,33,31
782328,Petti2019,Diagnosis,cellchat,CD8 Memory T,NK,HLA-E,KLRC1,0.0417935139289575,0,81,31
782328,Petti2019,Diagnosis,cellchat,cDC,NK,HLA-E,KLRC1,0.0240703637532344,0,381,31
782328,Petti2019,Diagnosis,cellchat,Cycling Progenitor,NK,HLA-E,KLRC1,0.0211861621080071,0,142,31
782328,Petti2019,Diagnosis,cellchat,Early GMP,NK,HLA-E,KLRC1,0.0215521068062098,0,174,31
782328,Petti2019,Diagnosis,cellchat,EoBasoMast Precursor,NK,HLA-E,KLRC1,0.0208499222804451,0,37,31
782328,Petti2019,Diagnosis,cellchat,HSC MPP,NK,HLA-E,KLRC1,0.0250674302246234,0,125,31
782328,Petti2019,Diagnosis,cellchat,Late GMP,NK,HLA-E,KLRC1,0.0188508105129865,0,436,31
782328,Petti2019,Diagnosis,cellchat,LMPP,NK,HLA-E,KLRC1,0.02627539243671,0,262,31
782328,Petti2019,Diagnosis,cellchat,Monocyte,NK,HLA-E,KLRC1,0.0293404414544182,0,8890,31
782328,Petti2019,Diagnosis,cellchat,Naive T,NK,HLA-E,KLRC1,0.0432538792238893,0,19,31
782328,Petti2019,Diagnosis,cellchat,NK,NK,HLA-E,KLRC1,0.0393974102384481,0,31,31
782328,Petti2019,Diagnosis,cellchat,pDC,NK,HLA-E,KLRC1,0.0218425856771349,0,99,31
782328,Petti2019,Diagnosis,cellchat,Plasma Cell,NK,HLA-E,KLRC1,0.0159509742233488,0,39,31
782328,Petti2019,Diagnosis,cellchat,Pro-Monocyte,NK,HLA-E,KLRC1,0.0215107229257204,0,1741,31
782328,Petti2019,Diagnosis,cellchat,CD4 Memory T,NK,HLA-E,KLRC2,0.0409557373529356,0,33,31
782328,Petti2019,Diagnosis,cellchat,CD8 Memory T,NK,HLA-E,KLRC2,0.0429927498480665,0,81,31
782328,Petti2019,Diagnosis,cellchat,cDC,NK,HLA-E,KLRC2,0.0247741946871266,0,381,31
782328,Petti2019,Diagnosis,cellchat,Cycling Progenitor,NK,HLA-E,KLRC2,0.021807541883127,0,142,31
782328,Petti2019,Diagnosis,cellchat,Early GMP,NK,HLA-E,KLRC2,0.0221839763066233,0,174,31
782328,Petti2019,Diagnosis,cellchat,EoBasoMast Precursor,NK,HLA-E,KLRC2,0.0214616565364173,0,37,31
782328,Petti2019,Diagnosis,cellchat,HSC MPP,NK,HLA-E,KLRC2,0.0257996452063354,0,125,31
782328,Petti2019,Diagnosis,cellchat,Late GMP,NK,HLA-E,KLRC2,0.019405053480423,0,436,31
782328,Petti2019,Diagnosis,cellchat,LMPP,NK,HLA-E,KLRC2,0.0270419130807019,0,262,31
782328,Petti2019,Diagnosis,cellchat,Monocyte,NK,HLA-E,KLRC2,0.0301936048225288,0,8890,31
782328,Petti2019,Diagnosis,cellchat,Naive T,NK,HLA-E,KLRC2,0.0444930735473887,0,19,31
782328,Petti2019,Diagnosis,cellchat,NK,NK,HLA-E,KLRC2,0.0405307998437377,0,31,31
782328,Petti2019,Diagnosis,cellchat,pDC,NK,HLA-E,KLRC2,0.0224827758141166,0,99,31
782328,Petti2019,Diagnosis,cellchat,Plasma Cell,NK,HLA-E,KLRC2,0.0164213845030632,0,39,31
782328,Petti2019,Diagnosis,cellchat,Pro-Monocyte,NK,HLA-E,KLRC2,0.0221414065801891,0,1741,31
782328,Petti2019,Diagnosis,cellchat,CD4 Memory T,Monocyte,HLA-F,LILRB1,0.0148012415016957,0,33,8890
782328,Petti2019,Diagnosis,cellchat,CD8 Memory T,Monocyte,HLA-F,LILRB1,0.0168702463796138,0,81,8890
782328,Petti2019,Diagnosis,cellchat,cDC,Monocyte,HLA-F,LILRB1,0.00884099850689674,0,381,8890
782328,Petti2019,Diagnosis,cellchat,Cycling Progenitor,Monocyte,HLA-F,LILRB1,0.00537000181334039,0.29,142,8890
782328,Petti2019,Diagnosis,cellchat,Late GMP,Monocyte,HLA-F,LILRB1,0.00325924338649609,0.99,436,8890
782328,Petti2019,Diagnosis,cellchat,LMPP,Monocyte,HLA-F,LILRB1,0.00696248277334477,0.09,262,8890
782328,Petti2019,Diagnosis,cellchat,Monocyte,Monocyte,HLA-F,LILRB1,0.00474041570135424,0,8890,8890
782328,Petti2019,Diagnosis,cellchat,Naive T,Monocyte,HLA-F,LILRB1,0.0165449199987575,0,19,8890
782328,Petti2019,Diagnosis,cellchat,NK,Monocyte,HLA-F,LILRB1,0.015146449422116,0,31,8890
782328,Petti2019,Diagnosis,cellchat,pDC,Monocyte,HLA-F,LILRB1,0.00806876818599351,0.12,99,8890
782328,Petti2019,Diagnosis,cellchat,Plasma Cell,Monocyte,HLA-F,LILRB1,0.00177849605016522,0.97,39,8890
782328,Petti2019,Diagnosis,cellchat,Pro-Monocyte,Monocyte,HLA-F,LILRB1,0.0042553945638805,0,1741,8890
782328,Petti2019,Diagnosis,cellchat,CD4 Memory T,NK,HLA-E,KLRK1,0.0303358868207385,0,33,31
782328,Petti2019,Diagnosis,cellchat,CD8 Memory T,NK,HLA-E,KLRK1,0.0318622488942865,0,81,31
782328,Petti2019,Diagnosis,cellchat,cDC,NK,HLA-E,KLRK1,0.0182702953599227,0,381,31
782328,Petti2019,Diagnosis,cellchat,Cycling Progenitor,NK,HLA-E,KLRK1,0.0160696361303626,0,142,31
782328,Petti2019,Diagnosis,cellchat,Early GMP,NK,HLA-E,KLRK1,0.0163486801299242,0,174,31
782328,Petti2019,Diagnosis,cellchat,EoBasoMast Precursor,NK,HLA-E,KLRK1,0.0158132874176466,0,37,31
782328,Petti2019,Diagnosis,cellchat,HSC MPP,NK,HLA-E,KLRK1,0.0190317909298711,0,125,31
782328,Petti2019,Diagnosis,cellchat,Late GMP,NK,HLA-E,KLRK1,0.0142900454637283,0,436,31
782328,Petti2019,Diagnosis,cellchat,LMPP,NK,HLA-E,KLRK1,0.0199548577216943,0,262,31
782328,Petti2019,Diagnosis,cellchat,Monocyte,NK,HLA-E,KLRK1,0.0222994954684367,0,8890,31
782328,Petti2019,Diagnosis,cellchat,Naive T,NK,HLA-E,KLRK1,0.0329875387466604,0,19,31
782328,Petti2019,Diagnosis,cellchat,NK,NK,HLA-E,KLRK1,0.0300176871021496,0,31,31
782328,Petti2019,Diagnosis,cellchat,pDC,NK,HLA-E,KLRK1,0.0165702150129913,0,99,31
782328,Petti2019,Diagnosis,cellchat,Plasma Cell,NK,HLA-E,KLRK1,0.0120831553058698,0,39,31
782328,Petti2019,Diagnosis,cellchat,Pro-Monocyte,NK,HLA-E,KLRK1,0.0163171211309645,0,1741,31
782328,Petti2019,Diagnosis,cellchat,CD4 Memory T,NK,HLA-E,CD94:NKG2A,0.0994214192828102,0,33,31
782328,Petti2019,Diagnosis,cellchat,CD8 Memory T,NK,HLA-E,CD94:NKG2A,0.104050844138055,0,81,31
782328,Petti2019,Diagnosis,cellchat,cDC,NK,HLA-E,CD94:NKG2A,0.0616244814509185,0,381,31
782328,Petti2019,Diagnosis,cellchat,Cycling Progenitor,NK,HLA-E,CD94:NKG2A,0.0544916574308713,0,142,31
782328,Petti2019,Diagnosis,cellchat,Early GMP,NK,HLA-E,CD94:NKG2A,0.0554003213367002,0,174,31
782328,Petti2019,Diagnosis,cellchat,EoBasoMast Precursor,NK,HLA-E,CD94:NKG2A,0.0536558105268644,0,37,31
782328,Petti2019,Diagnosis,cellchat,HSC MPP,NK,HLA-E,CD94:NKG2A,0.064075018073651,0,125,31
782328,Petti2019,Diagnosis,cellchat,Late GMP,NK,HLA-E,CD94:NKG2A,0.0486675785368964,0,436,31
782328,Petti2019,Diagnosis,cellchat,LMPP,NK,HLA-E,CD94:NKG2A,0.0670334541992514,0,262,31
782328,Petti2019,Diagnosis,cellchat,Monocyte,NK,HLA-E,CD94:NKG2A,0.0744892557734564,0,8890,31
782328,Petti2019,Diagnosis,cellchat,Naive T,NK,HLA-E,CD94:NKG2A,0.107442701803681,0,19,31
782328,Petti2019,Diagnosis,cellchat,NK,NK,HLA-E,CD94:NKG2A,0.0984521420202993,0,31,31
782328,Petti2019,Diagnosis,cellchat,pDC,NK,HLA-E,CD94:NKG2A,0.0561208391918324,0,99,31
782328,Petti2019,Diagnosis,cellchat,Plasma Cell,NK,HLA-E,CD94:NKG2A,0.0413744231392463,0,39,31
782328,Petti2019,Diagnosis,cellchat,Pro-Monocyte,NK,HLA-E,CD94:NKG2A,0.0552976160723111,0,1741,31
782328,Petti2019,Diagnosis,cellchat,CD4 Memory T,NK,HLA-E,CD94:NKG2C,0.100751845003415,0,33,31
782328,Petti2019,Diagnosis,cellchat,CD8 Memory T,NK,HLA-E,CD94:NKG2C,0.105435966559109,0,81,31
782328,Petti2019,Diagnosis,cellchat,cDC,NK,HLA-E,CD94:NKG2C,0.0624842132407165,0,381,31
782328,Petti2019,Diagnosis,cellchat,Cycling Progenitor,NK,HLA-E,CD94:NKG2C,0.055257738057215,0,142,31
782328,Petti2019,Diagnosis,cellchat,Early GMP,NK,HLA-E,CD94:NKG2C,0.056178417558002,0,174,31
782328,Petti2019,Diagnosis,cellchat,EoBasoMast Precursor,NK,HLA-E,CD94:NKG2C,0.0544108164761025,0,37,31
782328,Petti2019,Diagnosis,cellchat,HSC MPP,NK,HLA-E,CD94:NKG2C,0.0649665707205392,0,125,31
782328,Petti2019,Diagnosis,cellchat,Late GMP,NK,HLA-E,CD94:NKG2C,0.0493560544382912,0,436,31
782328,Petti2019,Diagnosis,cellchat,LMPP,NK,HLA-E,CD94:NKG2C,0.0679631819322586,0,262,31
782328,Petti2019,Diagnosis,cellchat,Monocyte,NK,HLA-E,CD94:NKG2C,0.0755140226556418,0,8890,31
782328,Petti2019,Diagnosis,cellchat,Naive T,NK,HLA-E,CD94:NKG2C,0.108867490059855,0,19,31
782328,Petti2019,Diagnosis,cellchat,NK,NK,HLA-E,CD94:NKG2C,0.0997710341314226,0,31,31
782328,Petti2019,Diagnosis,cellchat,pDC,NK,HLA-E,CD94:NKG2C,0.056908445399786,0,99,31
782328,Petti2019,Diagnosis,cellchat,Plasma Cell,NK,HLA-E,CD94:NKG2C,0.0419642774708925,0,39,31
782328,Petti2019,Diagnosis,cellchat,Pro-Monocyte,NK,HLA-E,CD94:NKG2C,0.0560743554314134,0,1741,31
782328,Petti2019,Diagnosis,cellchat,CD4 Memory T,CD8 Memory T,HLA-E,CD94:NKG2E,0.070251020367705,0,33,81
782328,Petti2019,Diagnosis,cellchat,CD8 Memory T,CD8 Memory T,HLA-E,CD94:NKG2E,0.0736332206754007,0,81,81
782328,Petti2019,Diagnosis,cellchat,cDC,CD8 Memory T,HLA-E,CD94:NKG2E,0.0430140894515265,0,381,81
782328,Petti2019,Diagnosis,cellchat,Cycling Progenitor,CD8 Memory T,HLA-E,CD94:NKG2E,0.0379482428199413,0,142,81
782328,Petti2019,Diagnosis,cellchat,Early GMP,CD8 Memory T,HLA-E,CD94:NKG2E,0.0385923004546885,0,174,81
782328,Petti2019,Diagnosis,cellchat,EoBasoMast Precursor,CD8 Memory T,HLA-E,CD94:NKG2E,0.0373561293767467,0,37,81
782328,Petti2019,Diagnosis,cellchat,HSC MPP,CD8 Memory T,HLA-E,CD94:NKG2E,0.044759872096344,0,125,81
782328,Petti2019,Diagnosis,cellchat,Late GMP,CD8 Memory T,HLA-E,CD94:NKG2E,0.0338290646855705,0,436,81
782328,Petti2019,Diagnosis,cellchat,LMPP,CD8 Memory T,HLA-E,CD94:NKG2E,0.0468711618268896,0,262,81
782328,Petti2019,Diagnosis,cellchat,Monocyte,CD8 Memory T,HLA-E,CD94:NKG2E,0.0522099066263088,0,8890,81
782328,Petti2019,Diagnosis,cellchat,Naive T,CD8 Memory T,HLA-E,CD94:NKG2E,0.0761177625469814,0,19,81
782328,Petti2019,Diagnosis,cellchat,NK,CD8 Memory T,HLA-E,CD94:NKG2E,0.0695441696899109,0,31,81
782328,Petti2019,Diagnosis,cellchat,pDC,CD8 Memory T,HLA-E,CD94:NKG2E,0.0391032681568132,0,99,81
782328,Petti2019,Diagnosis,cellchat,Plasma Cell,CD8 Memory T,HLA-E,CD94:NKG2E,0.0286924918214968,0,39,81
782328,Petti2019,Diagnosis,cellchat,Pro-Monocyte,CD8 Memory T,HLA-E,CD94:NKG2E,0.0385194844971723,0,1741,81
782328,Petti2019,Diagnosis,cellchat,CD4 Memory T,NK,HLA-E,CD94:NKG2E,0.0996914623230069,0,33,31
782328,Petti2019,Diagnosis,cellchat,CD8 Memory T,NK,HLA-E,CD94:NKG2E,0.104332004649974,0,81,31
782328,Petti2019,Diagnosis,cellchat,cDC,NK,HLA-E,CD94:NKG2E,0.0617989073112708,0,381,31
782328,Petti2019,Diagnosis,cellchat,Cycling Progenitor,NK,HLA-E,CD94:NKG2E,0.0546470698261057,0,142,31
782328,Petti2019,Diagnosis,cellchat,Early GMP,NK,HLA-E,CD94:NKG2E,0.055558172998362,0,174,31
782328,Petti2019,Diagnosis,cellchat,EoBasoMast Precursor,NK,HLA-E,CD94:NKG2E,0.0538089747193838,0,37,31
782328,Petti2019,Diagnosis,cellchat,HSC MPP,NK,HLA-E,CD94:NKG2E,0.0642559051311025,0,125,31
782328,Petti2019,Diagnosis,cellchat,Late GMP,NK,HLA-E,CD94:NKG2E,0.0488072378613188,0,436,31
782328,Petti2019,Diagnosis,cellchat,LMPP,NK,HLA-E,CD94:NKG2E,0.0672220932105726,0,262,31
782328,Petti2019,Diagnosis,cellchat,Monocyte,NK,HLA-E,CD94:NKG2E,0.0746971963169974,0,8890,31
782328,Petti2019,Diagnosis,cellchat,Naive T,NK,HLA-E,CD94:NKG2E,0.107731925542787,0,19,31
782328,Petti2019,Diagnosis,cellchat,NK,NK,HLA-E,CD94:NKG2E,0.0987198409541597,0,31,31
782328,Petti2019,Diagnosis,cellchat,pDC,NK,HLA-E,CD94:NKG2E,0.0562806215001956,0,99,31
782328,Petti2019,Diagnosis,cellchat,Plasma Cell,NK,HLA-E,CD94:NKG2E,0.0414940664490763,0,39,31
782328,Petti2019,Diagnosis,cellchat,Pro-Monocyte,NK,HLA-E,CD94:NKG2E,0.0554551922767749,0,1741,31
782328,Petti2019,Diagnosis,cellchat,CD4 Memory T,CD4 Memory T,HLA-DPA1,CD4,0.0125794840766565,0.49,33,33
782328,Petti2019,Diagnosis,cellchat,CD8 Memory T,CD4 Memory T,HLA-DPA1,CD4,0.0423300821548283,0.01,81,33
782328,Petti2019,Diagnosis,cellchat,cDC,CD4 Memory T,HLA-DPA1,CD4,0.135634733671887,0,381,33
782328,Petti2019,Diagnosis,cellchat,Cycling Progenitor,CD4 Memory T,HLA-DPA1,CD4,0.0329096340319645,0.01,142,33
782328,Petti2019,Diagnosis,cellchat,Early GMP,CD4 Memory T,HLA-DPA1,CD4,0.0295434073731492,0.01,174,33
782328,Petti2019,Diagnosis,cellchat,EoBasoMast Precursor,CD4 Memory T,HLA-DPA1,CD4,0.00853709512674499,0.58,37,33
782328,Petti2019,Diagnosis,cellchat,HSC MPP,CD4 Memory T,HLA-DPA1,CD4,0.0277249586956897,0.02,125,33
782328,Petti2019,Diagnosis,cellchat,Late GMP,CD4 Memory T,HLA-DPA1,CD4,0.0352904288456132,0.01,436,33
782328,Petti2019,Diagnosis,cellchat,LMPP,CD4 Memory T,HLA-DPA1,CD4,0.0345558159844695,0.01,262,33
782328,Petti2019,Diagnosis,cellchat,Monocyte,CD4 Memory T,HLA-DPA1,CD4,0.065226370051835,0,8890,33
782328,Petti2019,Diagnosis,cellchat,NK,CD4 Memory T,HLA-DPA1,CD4,0.045911494053091,0.01,31,33
782328,Petti2019,Diagnosis,cellchat,pDC,CD4 Memory T,HLA-DPA1,CD4,0.0933071343733313,0,99,33
782328,Petti2019,Diagnosis,cellchat,Plasma Cell,CD4 Memory T,HLA-DPA1,CD4,0.00479606896390637,0.59,39,33
782328,Petti2019,Diagnosis,cellchat,Pro-Monocyte,CD4 Memory T,HLA-DPA1,CD4,0.0406582616436541,0.01,1741,33
782328,Petti2019,Diagnosis,cellchat,CD4 Memory T,cDC,HLA-DPA1,CD4,0.00272930079871555,0.78,33,381
782328,Petti2019,Diagnosis,cellchat,CD8 Memory T,cDC,HLA-DPA1,CD4,0.00940603527599728,0.73,81,381
782328,Petti2019,Diagnosis,cellchat,cDC,cDC,HLA-DPA1,CD4,0.0326101501308038,0,381,381
782328,Petti2019,Diagnosis,cellchat,Cycling Progenitor,cDC,HLA-DPA1,CD4,0.00725722172721896,0.77,142,381
782328,Petti2019,Diagnosis,cellchat,Early GMP,cDC,HLA-DPA1,CD4,0.00649727413607698,0.77,174,381
782328,Petti2019,Diagnosis,cellchat,EoBasoMast Precursor,cDC,HLA-DPA1,CD4,0.00184632742043749,0.78,37,381
782328,Petti2019,Diagnosis,cellchat,HSC MPP,cDC,HLA-DPA1,CD4,0.00608845590571031,0.77,125,381
782328,Petti2019,Diagnosis,cellchat,Late GMP,cDC,HLA-DPA1,CD4,0.00779719612627063,0.77,436,381
782328,Petti2019,Diagnosis,cellchat,LMPP,cDC,HLA-DPA1,CD4,0.00763036144043184,0.77,262,381
782328,Petti2019,Diagnosis,cellchat,Monocyte,cDC,HLA-DPA1,CD4,0.0147683766678643,0.2,8890,381
782328,Petti2019,Diagnosis,cellchat,NK,cDC,HLA-DPA1,CD4,0.0102316105541679,0.62,31,381
782328,Petti2019,Diagnosis,cellchat,pDC,cDC,HLA-DPA1,CD4,0.0216289728900244,0,99,381
782328,Petti2019,Diagnosis,cellchat,Plasma Cell,cDC,HLA-DPA1,CD4,0.00103419306105496,0.78,39,381
782328,Petti2019,Diagnosis,cellchat,Pro-Monocyte,cDC,HLA-DPA1,CD4,0.00902229473357049,0.73,1741,381
782328,Petti2019,Diagnosis,cellchat,CD8 Memory T,Monocyte,HLA-DPA1,CD4,0.0118005709201542,0.86,81,8890
782328,Petti2019,Diagnosis,cellchat,cDC,Monocyte,HLA-DPA1,CD4,0.0406693370489286,0,381,8890
782328,Petti2019,Diagnosis,cellchat,Monocyte,Monocyte,HLA-DPA1,CD4,0.0185025291632309,0,8890,8890
782328,Petti2019,Diagnosis,cellchat,NK,Monocyte,HLA-DPA1,CD4,0.0128335936651946,0.58,31,8890
782328,Petti2019,Diagnosis,cellchat,pDC,Monocyte,HLA-DPA1,CD4,0.02705018550494,0,99,8890
782328,Petti2019,Diagnosis,cellchat,CD4 Memory T,Naive T,HLA-DPA1,CD4,0.00410673348327181,0.49,33,19
782328,Petti2019,Diagnosis,cellchat,CD8 Memory T,Naive T,HLA-DPA1,CD4,0.0141054444153036,0.26,81,19
782328,Petti2019,Diagnosis,cellchat,cDC,Naive T,HLA-DPA1,CD4,0.0483370152287918,0,381,19
782328,Petti2019,Diagnosis,cellchat,Cycling Progenitor,Naive T,HLA-DPA1,CD4,0.0108948560439125,0.3,142,19
782328,Petti2019,Diagnosis,cellchat,Early GMP,Naive T,HLA-DPA1,CD4,0.00975773383166545,0.33,174,19
782328,Petti2019,Diagnosis,cellchat,EoBasoMast Precursor,Naive T,HLA-DPA1,CD4,0.0027793800803097,0.51,37,19
782328,Petti2019,Diagnosis,cellchat,HSC MPP,Naive T,HLA-DPA1,CD4,0.00914565111682799,0.33,125,19
782328,Petti2019,Diagnosis,cellchat,Late GMP,Naive T,HLA-DPA1,CD4,0.0117022985518666,0.29,436,19
782328,Petti2019,Diagnosis,cellchat,LMPP,Naive T,HLA-DPA1,CD4,0.011452871833183,0.31,262,19
782328,Petti2019,Diagnosis,cellchat,Monocyte,Naive T,HLA-DPA1,CD4,0.0220871634173223,0,8890,19
782328,Petti2019,Diagnosis,cellchat,NK,Naive T,HLA-DPA1,CD4,0.015337104433562,0.18,31,19
782328,Petti2019,Diagnosis,cellchat,pDC,Naive T,HLA-DPA1,CD4,0.032236431624834,0,99,19
782328,Petti2019,Diagnosis,cellchat,Plasma Cell,Naive T,HLA-DPA1,CD4,0.00155746913497062,0.51,39,19
782328,Petti2019,Diagnosis,cellchat,Pro-Monocyte,Naive T,HLA-DPA1,CD4,0.0135325999657411,0.28,1741,19
782328,Petti2019,Diagnosis,cellchat,CD4 Memory T,CD4 Memory T,HLA-DPB1,CD4,0.0145859767779159,0.43,33,33
782328,Petti2019,Diagnosis,cellchat,CD8 Memory T,CD4 Memory T,HLA-DPB1,CD4,0.042667567249161,0.01,81,33
782328,Petti2019,Diagnosis,cellchat,cDC,CD4 Memory T,HLA-DPB1,CD4,0.139194318535675,0,381,33
782328,Petti2019,Diagnosis,cellchat,Cycling Progenitor,CD4 Memory T,HLA-DPB1,CD4,0.0377707757830241,0.01,142,33
782328,Petti2019,Diagnosis,cellchat,Early GMP,CD4 Memory T,HLA-DPB1,CD4,0.0314848291058728,0.01,174,33
782328,Petti2019,Diagnosis,cellchat,HSC MPP,CD4 Memory T,HLA-DPB1,CD4,0.0390016310493155,0.01,125,33
782328,Petti2019,Diagnosis,cellchat,Late GMP,CD4 Memory T,HLA-DPB1,CD4,0.0325456019842253,0.01,436,33
782328,Petti2019,Diagnosis,cellchat,LMPP,CD4 Memory T,HLA-DPB1,CD4,0.0434242430066077,0,262,33
782328,Petti2019,Diagnosis,cellchat,Monocyte,CD4 Memory T,HLA-DPB1,CD4,0.0648059544477136,0,8890,33
782328,Petti2019,Diagnosis,cellchat,NK,CD4 Memory T,HLA-DPB1,CD4,0.0134517164504436,0.43,31,33
782328,Petti2019,Diagnosis,cellchat,pDC,CD4 Memory T,HLA-DPB1,CD4,0.0914573788415422,0,99,33
782328,Petti2019,Diagnosis,cellchat,Pro-Monocyte,CD4 Memory T,HLA-DPB1,CD4,0.0440311686694019,0,1741,33
782328,Petti2019,Diagnosis,cellchat,CD4 Memory T,cDC,HLA-DPB1,CD4,0.00316968188349549,0.78,33,381
782328,Petti2019,Diagnosis,cellchat,CD8 Memory T,cDC,HLA-DPB1,CD4,0.00948362620910689,0.72,81,381
782328,Petti2019,Diagnosis,cellchat,cDC,cDC,HLA-DPB1,CD4,0.0335709790560792,0,381,381
782328,Petti2019,Diagnosis,cellchat,Cycling Progenitor,cDC,HLA-DPB1,CD4,0.00836196218512987,0.72,142,381
782328,Petti2019,Diagnosis,cellchat,Early GMP,cDC,HLA-DPB1,CD4,0.00693505998231465,0.77,174,381
782328,Petti2019,Diagnosis,cellchat,HSC MPP,cDC,HLA-DPB1,CD4,0.00864306596177914,0.73,125,381
782328,Petti2019,Diagnosis,cellchat,Late GMP,cDC,HLA-DPB1,CD4,0.00717484031566514,0.77,436,381
782328,Petti2019,Diagnosis,cellchat,LMPP,cDC,HLA-DPB1,CD4,0.00965774767107245,0.68,262,381
782328,Petti2019,Diagnosis,cellchat,Monocyte,cDC,HLA-DPB1,CD4,0.0146680839975373,0.22,8890,381
782328,Petti2019,Diagnosis,cellchat,NK,cDC,HLA-DPB1,CD4,0.00292056433816168,0.78,31,381
782328,Petti2019,Diagnosis,cellchat,pDC,cDC,HLA-DPB1,CD4,0.0211670189580862,0,99,381
782328,Petti2019,Diagnosis,cellchat,Pro-Monocyte,cDC,HLA-DPB1,CD4,0.0097975644706404,0.64,1741,381
782328,Petti2019,Diagnosis,cellchat,CD8 Memory T,Monocyte,HLA-DPB1,CD4,0.0118976772749971,0.8,81,8890
782328,Petti2019,Diagnosis,cellchat,cDC,Monocyte,HLA-DPB1,CD4,0.0418573483553157,0,381,8890
782328,Petti2019,Diagnosis,cellchat,LMPP,Monocyte,HLA-DPB1,CD4,0.0121155791109547,0.89,262,8890
782328,Petti2019,Diagnosis,cellchat,Monocyte,Monocyte,HLA-DPB1,CD4,0.0183773507184006,0,8890,8890
782328,Petti2019,Diagnosis,cellchat,pDC,Monocyte,HLA-DPB1,CD4,0.0264755780237403,0,99,8890
782328,Petti2019,Diagnosis,cellchat,Pro-Monocyte,Monocyte,HLA-DPB1,CD4,0.0122905367480988,0.9,1741,8890
782328,Petti2019,Diagnosis,cellchat,CD4 Memory T,Naive T,HLA-DPB1,CD4,0.00476830490107003,0.48,33,19
782328,Petti2019,Diagnosis,cellchat,CD8 Memory T,Naive T,HLA-DPB1,CD4,0.0142212445170032,0.26,81,19
782328,Petti2019,Diagnosis,cellchat,cDC,Naive T,HLA-DPB1,CD4,0.049737398051368,0,381,19
782328,Petti2019,Diagnosis,cellchat,Cycling Progenitor,Naive T,HLA-DPB1,CD4,0.0125463420907745,0.3,142,19
782328,Petti2019,Diagnosis,cellchat,Early GMP,Naive T,HLA-DPB1,CD4,0.0104129066417995,0.33,174,19
782328,Petti2019,Diagnosis,cellchat,HSC MPP,Naive T,HLA-DPB1,CD4,0.0129662727177894,0.29,125,19
782328,Petti2019,Diagnosis,cellchat,Late GMP,Naive T,HLA-DPB1,CD4,0.0107716295414784,0.32,436,19
782328,Petti2019,Diagnosis,cellchat,LMPP,Naive T,HLA-DPB1,CD4,0.0144810780145008,0.25,262,19
782328,Petti2019,Diagnosis,cellchat,Monocyte,Naive T,HLA-DPB1,CD4,0.0219382752816182,0,8890,19
782328,Petti2019,Diagnosis,cellchat,NK,Naive T,HLA-DPB1,CD4,0.00439409923521249,0.5,31,19
782328,Petti2019,Diagnosis,cellchat,pDC,Naive T,HLA-DPB1,CD4,0.0315552294937437,0,99,19
782328,Petti2019,Diagnosis,cellchat,Pro-Monocyte,Naive T,HLA-DPB1,CD4,0.0146896872031112,0.27,1741,19
782328,Petti2019,Diagnosis,cellchat,cDC,CD4 Memory T,HLA-DQA1,CD4,0.118225322271957,0,381,33
782328,Petti2019,Diagnosis,cellchat,Cycling Progenitor,CD4 Memory T,HLA-DQA1,CD4,0.00678410801963125,0.33,142,33
782328,Petti2019,Diagnosis,cellchat,Early GMP,CD4 Memory T,HLA-DQA1,CD4,0.00850878576410985,0.35,174,33
782328,Petti2019,Diagnosis,cellchat,HSC MPP,CD4 Memory T,HLA-DQA1,CD4,0.00990779346565526,0.19,125,33
782328,Petti2019,Diagnosis,cellchat,Late GMP,CD4 Memory T,HLA-DQA1,CD4,0.00941132487719032,0.33,436,33
782328,Petti2019,Diagnosis,cellchat,LMPP,CD4 Memory T,HLA-DQA1,CD4,0.00872872015363753,0.34,262,33
782328,Petti2019,Diagnosis,cellchat,Monocyte,CD4 Memory T,HLA-DQA1,CD4,0.044870265068894,0,8890,33
782328,Petti2019,Diagnosis,cellchat,pDC,CD4 Memory T,HLA-DQA1,CD4,0.0635715327903819,0,99,33
782328,Petti2019,Diagnosis,cellchat,Plasma Cell,CD4 Memory T,HLA-DQA1,CD4,0.00468584253185963,0.41,39,33
782328,Petti2019,Diagnosis,cellchat,Pro-Monocyte,CD4 Memory T,HLA-DQA1,CD4,0.0104997570819877,0.14,1741,33
782328,Petti2019,Diagnosis,cellchat,cDC,cDC,HLA-DQA1,CD4,0.0279961635869402,0,381,381
782328,Petti2019,Diagnosis,cellchat,Cycling Progenitor,cDC,HLA-DQA1,CD4,0.00146517658479713,0.78,142,381
782328,Petti2019,Diagnosis,cellchat,Early GMP,cDC,HLA-DQA1,CD4,0.00184016374288091,0.77,174,381
782328,Petti2019,Diagnosis,cellchat,HSC MPP,cDC,HLA-DQA1,CD4,0.00214509415487208,0.78,125,381
782328,Petti2019,Diagnosis,cellchat,Late GMP,cDC,HLA-DQA1,CD4,0.00203680565027637,0.78,436,381
782328,Petti2019,Diagnosis,cellchat,LMPP,cDC,HLA-DQA1,CD4,0.00188805638001826,0.78,262,381
782328,Petti2019,Diagnosis,cellchat,Monocyte,cDC,HLA-DQA1,CD4,0.00999109367487837,0.01,8890,381
782328,Petti2019,Diagnosis,cellchat,pDC,cDC,HLA-DQA1,CD4,0.014374008019676,0,99,381
782328,Petti2019,Diagnosis,cellchat,Plasma Cell,cDC,HLA-DQA1,CD4,0.00101033677888175,0.78,39,381
782328,Petti2019,Diagnosis,cellchat,Pro-Monocyte,cDC,HLA-DQA1,CD4,0.00227432306249595,0.78,1741,381
782328,Petti2019,Diagnosis,cellchat,cDC,Monocyte,HLA-DQA1,CD4,0.0349562658740282,0,381,8890
782328,Petti2019,Diagnosis,cellchat,Monocyte,Monocyte,HLA-DQA1,CD4,0.012532685847445,0,8890,8890
782328,Petti2019,Diagnosis,cellchat,pDC,Monocyte,HLA-DQA1,CD4,0.0180102680635394,0,99,8890
782328,Petti2019,Diagnosis,cellchat,cDC,Naive T,HLA-DQA1,CD4,0.0415935190184099,0,381,19
782328,Petti2019,Diagnosis,cellchat,Cycling Progenitor,Naive T,HLA-DQA1,CD4,0.00220603808498159,0.45,142,19
782328,Petti2019,Diagnosis,cellchat,Early GMP,Naive T,HLA-DQA1,CD4,0.00277011019569348,0.47,174,19
782328,Petti2019,Diagnosis,cellchat,HSC MPP,Naive T,HLA-DQA1,CD4,0.00322864200624787,0.45,125,19
782328,Petti2019,Diagnosis,cellchat,Late GMP,Naive T,HLA-DQA1,CD4,0.00306582196871147,0.46,436,19
782328,Petti2019,Diagnosis,cellchat,LMPP,Naive T,HLA-DQA1,CD4,0.00284213697464672,0.49,262,19
782328,Petti2019,Diagnosis,cellchat,Monocyte,Naive T,HLA-DQA1,CD4,0.014978387736928,0,8890,19
782328,Petti2019,Diagnosis,cellchat,pDC,Naive T,HLA-DQA1,CD4,0.0215016221235823,0,99,19
782328,Petti2019,Diagnosis,cellchat,Plasma Cell,Naive T,HLA-DQA1,CD4,0.00152156055018858,0.5,39,19
782328,Petti2019,Diagnosis,cellchat,Pro-Monocyte,Naive T,HLA-DQA1,CD4,0.00342292417838904,0.48,1741,19
782328,Petti2019,Diagnosis,cellchat,cDC,CD4 Memory T,HLA-DMA,CD4,0.0806964367798384,0,381,33
782328,Petti2019,Diagnosis,cellchat,Cycling Progenitor,CD4 Memory T,HLA-DMA,CD4,0.0242793107481699,0.01,142,33
782328,Petti2019,Diagnosis,cellchat,Early GMP,CD4 Memory T,HLA-DMA,CD4,0.0206523063077674,0.01,174,33
782328,Petti2019,Diagnosis,cellchat,HSC MPP,CD4 Memory T,HLA-DMA,CD4,0.0111035736937004,0.14,125,33
782328,Petti2019,Diagnosis,cellchat,Late GMP,CD4 Memory T,HLA-DMA,CD4,0.0225481467186805,0.01,436,33
782328,Petti2019,Diagnosis,cellchat,LMPP,CD4 Memory T,HLA-DMA,CD4,0.0278170260300143,0,262,33
782328,Petti2019,Diagnosis,cellchat,Monocyte,CD4 Memory T,HLA-DMA,CD4,0.0422695670967065,0,8890,33
782328,Petti2019,Diagnosis,cellchat,pDC,CD4 Memory T,HLA-DMA,CD4,0.059767723312304,0,99,33
782328,Petti2019,Diagnosis,cellchat,Plasma Cell,CD4 Memory T,HLA-DMA,CD4,0.00471859769147807,0.52,39,33
782328,Petti2019,Diagnosis,cellchat,Pro-Monocyte,CD4 Memory T,HLA-DMA,CD4,0.0290075301196756,0,1741,33
782328,Petti2019,Diagnosis,cellchat,cDC,cDC,HLA-DMA,CD4,0.0185080145599459,0,381,381
782328,Petti2019,Diagnosis,cellchat,Cycling Progenitor,cDC,HLA-DMA,CD4,0.00531707957905079,0.75,142,381
782328,Petti2019,Diagnosis,cellchat,Early GMP,cDC,HLA-DMA,CD4,0.00450968649027375,0.76,174,381
782328,Petti2019,Diagnosis,cellchat,HSC MPP,cDC,HLA-DMA,CD4,0.00240626439520137,0.77,125,381
782328,Petti2019,Diagnosis,cellchat,Late GMP,cDC,HLA-DMA,CD4,0.00493112802615726,0.77,436,381
782328,Petti2019,Diagnosis,cellchat,LMPP,cDC,HLA-DMA,CD4,0.00610912552694792,0.69,262,381
782328,Petti2019,Diagnosis,cellchat,Monocyte,cDC,HLA-DMA,CD4,0.00939212680356275,0.25,8890,381
782328,Petti2019,Diagnosis,cellchat,pDC,cDC,HLA-DMA,CD4,0.0134715886728384,0,99,381
782328,Petti2019,Diagnosis,cellchat,Plasma Cell,cDC,HLA-DMA,CD4,0.00101742553796261,0.78,39,381
782328,Petti2019,Diagnosis,cellchat,Pro-Monocyte,cDC,HLA-DMA,CD4,0.00637667565259766,0.66,1741,381
782328,Petti2019,Diagnosis,cellchat,cDC,Monocyte,HLA-DMA,CD4,0.023165493816055,0,381,8890
782328,Petti2019,Diagnosis,cellchat,Cycling Progenitor,Monocyte,HLA-DMA,CD4,0.0066776889412128,0.95,142,8890
782328,Petti2019,Diagnosis,cellchat,Early GMP,Monocyte,HLA-DMA,CD4,0.00566486537221937,0.99,174,8890
782328,Petti2019,Diagnosis,cellchat,HSC MPP,Monocyte,HLA-DMA,CD4,0.00302427799479497,0.99,125,8890
782328,Petti2019,Diagnosis,cellchat,LMPP,Monocyte,HLA-DMA,CD4,0.00767085174610555,0.86,262,8890
782328,Petti2019,Diagnosis,cellchat,Monocyte,Monocyte,HLA-DMA,CD4,0.0117831638241913,0,8890,8890
782328,Petti2019,Diagnosis,cellchat,pDC,Monocyte,HLA-DMA,CD4,0.0168834699979218,0,99,8890
782328,Petti2019,Diagnosis,cellchat,Pro-Monocyte,Monocyte,HLA-DMA,CD4,0.00800624695876071,0.88,1741,8890
782328,Petti2019,Diagnosis,cellchat,cDC,Naive T,HLA-DMA,CD4,0.0276280898289989,0,381,19
782328,Petti2019,Diagnosis,cellchat,Cycling Progenitor,Naive T,HLA-DMA,CD4,0.00799005749663139,0.28,142,19
782328,Petti2019,Diagnosis,cellchat,Early GMP,Naive T,HLA-DMA,CD4,0.00677954189915148,0.32,174,19
782328,Petti2019,Diagnosis,cellchat,HSC MPP,Naive T,HLA-DMA,CD4,0.00362125797715217,0.48,125,19
782328,Petti2019,Diagnosis,cellchat,Late GMP,Naive T,HLA-DMA,CD4,0.00741152784468317,0.3,436,19
782328,Petti2019,Diagnosis,cellchat,LMPP,Naive T,HLA-DMA,CD4,0.00917660374519463,0.23,262,19
782328,Petti2019,Diagnosis,cellchat,Monocyte,Naive T,HLA-DMA,CD4,0.0140846858448683,0,8890,19
782328,Petti2019,Diagnosis,cellchat,pDC,Naive T,HLA-DMA,CD4,0.0201608748588711,0,99,19
782328,Petti2019,Diagnosis,cellchat,Plasma Cell,Naive T,HLA-DMA,CD4,0.00153223067332125,0.51,39,19
782328,Petti2019,Diagnosis,cellchat,Pro-Monocyte,Naive T,HLA-DMA,CD4,0.00957720005197472,0.25,1741,19
782328,Petti2019,Diagnosis,cellchat,cDC,CD4 Memory T,HLA-DMB,CD4,0.0419688740487642,0,381,33
782328,Petti2019,Diagnosis,cellchat,Late GMP,CD4 Memory T,HLA-DMB,CD4,0.0042484583290955,0.01,436,33
782328,Petti2019,Diagnosis,cellchat,Monocyte,CD4 Memory T,HLA-DMB,CD4,0.0121745653162004,0,8890,33
782328,Petti2019,Diagnosis,cellchat,pDC,CD4 Memory T,HLA-DMB,CD4,0.0282095152485035,0,99,33
782328,Petti2019,Diagnosis,cellchat,Pro-Monocyte,CD4 Memory T,HLA-DMB,CD4,0.00729740863891212,0.01,1741,33
782328,Petti2019,Diagnosis,cellchat,cDC,cDC,HLA-DMB,CD4,0.00932303731476688,0,381,381
782328,Petti2019,Diagnosis,cellchat,Late GMP,cDC,HLA-DMB,CD4,0.000915714651818547,0.78,436,381
782328,Petti2019,Diagnosis,cellchat,Monocyte,cDC,HLA-DMB,CD4,0.00264059991385647,0.21,8890,381
782328,Petti2019,Diagnosis,cellchat,pDC,cDC,HLA-DMB,CD4,0.00619727579227724,0,99,381
782328,Petti2019,Diagnosis,cellchat,Pro-Monocyte,cDC,HLA-DMB,CD4,0.00157667394024295,0.73,1741,381
782328,Petti2019,Diagnosis,cellchat,cDC,Monocyte,HLA-DMB,CD4,0.0116966932919377,0,381,8890
782328,Petti2019,Diagnosis,cellchat,Monocyte,Monocyte,HLA-DMB,CD4,0.00331859892922889,0,8890,8890
782328,Petti2019,Diagnosis,cellchat,pDC,Monocyte,HLA-DMB,CD4,0.00778136016436817,0,99,8890
782328,Petti2019,Diagnosis,cellchat,cDC,Naive T,HLA-DMB,CD4,0.0139815645951684,0,381,19
782328,Petti2019,Diagnosis,cellchat,Late GMP,Naive T,HLA-DMB,CD4,0.00137912634541451,0.4,436,19
782328,Petti2019,Diagnosis,cellchat,Monocyte,Naive T,HLA-DMB,CD4,0.00397344509971918,0,8890,19
782328,Petti2019,Diagnosis,cellchat,pDC,Naive T,HLA-DMB,CD4,0.00930860095877762,0,99,19
782328,Petti2019,Diagnosis,cellchat,Pro-Monocyte,Naive T,HLA-DMB,CD4,0.00237377966875436,0.29,1741,19
782328,Petti2019,Diagnosis,cellchat,cDC,CD4 Memory T,HLA-DQA2,CD4,0.0793731454153084,0,381,33
782328,Petti2019,Diagnosis,cellchat,Cycling Progenitor,CD4 Memory T,HLA-DQA2,CD4,0.00506851108674355,0.01,142,33
782328,Petti2019,Diagnosis,cellchat,Early GMP,CD4 Memory T,HLA-DQA2,CD4,0.0058891221400954,0.01,174,33
782328,Petti2019,Diagnosis,cellchat,Late GMP,CD4 Memory T,HLA-DQA2,CD4,0.00605534355648742,0.01,436,33
782328,Petti2019,Diagnosis,cellchat,LMPP,CD4 Memory T,HLA-DQA2,CD4,0.00624579049172925,0.01,262,33
782328,Petti2019,Diagnosis,cellchat,Monocyte,CD4 Memory T,HLA-DQA2,CD4,0.0134795209476154,0,8890,33
782328,Petti2019,Diagnosis,cellchat,pDC,CD4 Memory T,HLA-DQA2,CD4,0.0365453983728157,0,99,33
782328,Petti2019,Diagnosis,cellchat,cDC,cDC,HLA-DQA2,CD4,0.0181843409677529,0,381,381
782328,Petti2019,Diagnosis,cellchat,Cycling Progenitor,cDC,HLA-DQA2,CD4,0.00109317543658245,0.78,142,381
782328,Petti2019,Diagnosis,cellchat,Early GMP,cDC,HLA-DQA2,CD4,0.00127098686329325,0.77,174,381
782328,Petti2019,Diagnosis,cellchat,Late GMP,cDC,HLA-DQA2,CD4,0.00130703204900695,0.77,436,381
782328,Petti2019,Diagnosis,cellchat,LMPP,cDC,HLA-DQA2,CD4,0.00134834217148788,0.77,262,381
782328,Petti2019,Diagnosis,cellchat,Monocyte,cDC,HLA-DQA2,CD4,0.00292666567659945,0.25,8890,381
782328,Petti2019,Diagnosis,cellchat,pDC,cDC,HLA-DQA2,CD4,0.00808266510923017,0,99,381
782328,Petti2019,Diagnosis,cellchat,cDC,Monocyte,HLA-DQA2,CD4,0.0227622578374896,0,381,8890
782328,Petti2019,Diagnosis,cellchat,Monocyte,Monocyte,HLA-DQA2,CD4,0.00367784393035313,0,8890,8890
782328,Petti2019,Diagnosis,cellchat,pDC,Monocyte,HLA-DQA2,CD4,0.0101437544483766,0,99,8890
782328,Petti2019,Diagnosis,cellchat,cDC,Naive T,HLA-DQA2,CD4,0.0271493335079895,0,381,19
782328,Petti2019,Diagnosis,cellchat,Cycling Progenitor,Naive T,HLA-DQA2,CD4,0.00164624595083183,0.34,142,19
782328,Petti2019,Diagnosis,cellchat,Early GMP,Naive T,HLA-DQA2,CD4,0.00191384519758987,0.34,174,19
782328,Petti2019,Diagnosis,cellchat,Late GMP,Naive T,HLA-DQA2,CD4,0.00196808591804451,0.32,436,19
782328,Petti2019,Diagnosis,cellchat,LMPP,Naive T,HLA-DQA2,CD4,0.0020302468691923,0.34,262,19
782328,Petti2019,Diagnosis,cellchat,Monocyte,Naive T,HLA-DQA2,CD4,0.00440326533456689,0,8890,19
782328,Petti2019,Diagnosis,cellchat,pDC,Naive T,HLA-DQA2,CD4,0.0121289924209894,0,99,19
782328,Petti2019,Diagnosis,cellchat,cDC,CD4 Memory T,HLA-DOA,CD4,0.008177172590551,0,381,33
782328,Petti2019,Diagnosis,cellchat,pDC,CD4 Memory T,HLA-DOA,CD4,0.00738155807865581,0,99,33
782328,Petti2019,Diagnosis,cellchat,cDC,cDC,HLA-DOA,CD4,0.00176798354794691,0,381,381
782328,Petti2019,Diagnosis,cellchat,pDC,cDC,HLA-DOA,CD4,0.00159496121021401,0,99,381
782328,Petti2019,Diagnosis,cellchat,cDC,Monocyte,HLA-DOA,CD4,0.00222242931317928,0,381,8890
782328,Petti2019,Diagnosis,cellchat,pDC,Monocyte,HLA-DOA,CD4,0.00200502232260094,0,99,8890
782328,Petti2019,Diagnosis,cellchat,cDC,Naive T,HLA-DOA,CD4,0.00266155023075172,0,381,19
782328,Petti2019,Diagnosis,cellchat,pDC,Naive T,HLA-DOA,CD4,0.00240129004356048,0,99,19
782328,Petti2019,Diagnosis,cellchat,Plasma Cell,CD4 Memory T,HLA-DOB,CD4,0.00561520522723229,0,39,33
782328,Petti2019,Diagnosis,cellchat,Plasma Cell,cDC,HLA-DOB,CD4,0.00121160848123792,0,39,381
782328,Petti2019,Diagnosis,cellchat,Plasma Cell,Monocyte,HLA-DOB,CD4,0.00152326079890049,0,39,8890
782328,Petti2019,Diagnosis,cellchat,Plasma Cell,Naive T,HLA-DOB,CD4,0.00182448841364443,0,39,19
782328,Petti2019,Diagnosis,cellchat,cDC,CD4 Memory T,HLA-DQB1,CD4,0.10369793482182,0,381,33
782328,Petti2019,Diagnosis,cellchat,Cycling Progenitor,CD4 Memory T,HLA-DQB1,CD4,0.00492811610310031,0.41,142,33
782328,Petti2019,Diagnosis,cellchat,Early GMP,CD4 Memory T,HLA-DQB1,CD4,0.00614350958535729,0.44,174,33
782328,Petti2019,Diagnosis,cellchat,Late GMP,CD4 Memory T,HLA-DQB1,CD4,0.00730349294929269,0.42,436,33
782328,Petti2019,Diagnosis,cellchat,LMPP,CD4 Memory T,HLA-DQB1,CD4,0.00671286233227423,0.45,262,33
782328,Petti2019,Diagnosis,cellchat,Monocyte,CD4 Memory T,HLA-DQB1,CD4,0.0410874799078163,0,8890,33
782328,Petti2019,Diagnosis,cellchat,pDC,CD4 Memory T,HLA-DQB1,CD4,0.0441901113150354,0,99,33
782328,Petti2019,Diagnosis,cellchat,Pro-Monocyte,CD4 Memory T,HLA-DQB1,CD4,0.0113406925088525,0.04,1741,33
782328,Petti2019,Diagnosis,cellchat,cDC,cDC,HLA-DQB1,CD4,0.0242510998893767,0,381,381
782328,Petti2019,Diagnosis,cellchat,Cycling Progenitor,cDC,HLA-DQB1,CD4,0.00106277745165463,0.78,142,381
782328,Petti2019,Diagnosis,cellchat,Early GMP,cDC,HLA-DQB1,CD4,0.00132615472762776,0.78,174,381
782328,Petti2019,Diagnosis,cellchat,Late GMP,cDC,HLA-DQB1,CD4,0.00157799609482294,0.78,436,381
782328,Petti2019,Diagnosis,cellchat,LMPP,cDC,HLA-DQB1,CD4,0.00144970798771788,0.78,262,381
782328,Petti2019,Diagnosis,cellchat,Monocyte,cDC,HLA-DQB1,CD4,0.0091207158206572,0.03,8890,381
782328,Petti2019,Diagnosis,cellchat,pDC,cDC,HLA-DQB1,CD4,0.00983420272355816,0.05,99,381
782328,Petti2019,Diagnosis,cellchat,Pro-Monocyte,cDC,HLA-DQB1,CD4,0.00245811228242302,0.78,1741,381
782328,Petti2019,Diagnosis,cellchat,cDC,Monocyte,HLA-DQB1,CD4,0.0303091774627039,0,381,8890
782328,Petti2019,Diagnosis,cellchat,Monocyte,Monocyte,HLA-DQB1,CD4,0.0114434555281577,0,8890,8890
782328,Petti2019,Diagnosis,cellchat,pDC,Monocyte,HLA-DQB1,CD4,0.0123363813928597,0,99,8890
782328,Petti2019,Diagnosis,cellchat,cDC,Naive T,HLA-DQB1,CD4,0.0360970779229006,0,381,19
782328,Petti2019,Diagnosis,cellchat,Cycling Progenitor,Naive T,HLA-DQB1,CD4,0.00160049334734385,0.49,142,19
782328,Petti2019,Diagnosis,cellchat,Early GMP,Naive T,HLA-DQB1,CD4,0.00199686088109311,0.5,174,19
782328,Petti2019,Diagnosis,cellchat,Late GMP,Naive T,HLA-DQB1,CD4,0.00237576866331532,0.49,436,19
782328,Petti2019,Diagnosis,cellchat,LMPP,Naive T,HLA-DQB1,CD4,0.00218276494285745,0.5,262,19
782328,Petti2019,Diagnosis,cellchat,Monocyte,Naive T,HLA-DQB1,CD4,0.0136795432299657,0,8890,19
782328,Petti2019,Diagnosis,cellchat,pDC,Naive T,HLA-DQB1,CD4,0.0147443472738134,0,99,19
782328,Petti2019,Diagnosis,cellchat,Pro-Monocyte,Naive T,HLA-DQB1,CD4,0.00369918830919571,0.44,1741,19
782328,Petti2019,Diagnosis,cellchat,cDC,CD4 Memory T,HLA-DRA,CD4,0.157394221472165,0,381,33
782328,Petti2019,Diagnosis,cellchat,Cycling Progenitor,CD4 Memory T,HLA-DRA,CD4,0.0738583381937294,0.01,142,33
782328,Petti2019,Diagnosis,cellchat,Early GMP,CD4 Memory T,HLA-DRA,CD4,0.0673648592154347,0.01,174,33
782328,Petti2019,Diagnosis,cellchat,EoBasoMast Precursor,CD4 Memory T,HLA-DRA,CD4,0.00828287801700471,0.59,37,33
782328,Petti2019,Diagnosis,cellchat,HSC MPP,CD4 Memory T,HLA-DRA,CD4,0.0682071976217955,0.01,125,33
782328,Petti2019,Diagnosis,cellchat,Late GMP,CD4 Memory T,HLA-DRA,CD4,0.0677733693820051,0.01,436,33
782328,Petti2019,Diagnosis,cellchat,LMPP,CD4 Memory T,HLA-DRA,CD4,0.0802496163739013,0,262,33
782328,Petti2019,Diagnosis,cellchat,Monocyte,CD4 Memory T,HLA-DRA,CD4,0.114225148229267,0,8890,33
782328,Petti2019,Diagnosis,cellchat,NK,CD4 Memory T,HLA-DRA,CD4,0.0131768800036083,0.59,31,33
782328,Petti2019,Diagnosis,cellchat,pDC,CD4 Memory T,HLA-DRA,CD4,0.120544731935026,0,99,33
782328,Petti2019,Diagnosis,cellchat,Pro-Monocyte,CD4 Memory T,HLA-DRA,CD4,0.0924791521026555,0,1741,33
782328,Petti2019,Diagnosis,cellchat,cDC,cDC,HLA-DRA,CD4,0.0385793969826086,0,381,381
782328,Petti2019,Diagnosis,cellchat,Cycling Progenitor,cDC,HLA-DRA,CD4,0.0168431219232018,0.7,142,381
782328,Petti2019,Diagnosis,cellchat,Early GMP,cDC,HLA-DRA,CD4,0.0152796083504758,0.77,174,381
782328,Petti2019,Diagnosis,cellchat,EoBasoMast Precursor,cDC,HLA-DRA,CD4,0.0017909876885275,0.78,37,381
782328,Petti2019,Diagnosis,cellchat,HSC MPP,cDC,HLA-DRA,CD4,0.0154814775024387,0.76,125,381
782328,Petti2019,Diagnosis,cellchat,Late GMP,cDC,HLA-DRA,CD4,0.0153774739244175,0.76,436,381
782328,Petti2019,Diagnosis,cellchat,LMPP,cDC,HLA-DRA,CD4,0.0183986431917194,0.66,262,381
782328,Petti2019,Diagnosis,cellchat,Monocyte,cDC,HLA-DRA,CD4,0.0269555817933153,0.25,8890,381
782328,Petti2019,Diagnosis,cellchat,NK,cDC,HLA-DRA,CD4,0.00286026950415892,0.78,31,381
782328,Petti2019,Diagnosis,cellchat,pDC,cDC,HLA-DRA,CD4,0.0286028280533778,0.13,99,381
782328,Petti2019,Diagnosis,cellchat,Pro-Monocyte,cDC,HLA-DRA,CD4,0.0214220155125244,0.59,1741,381
782328,Petti2019,Diagnosis,cellchat,cDC,Monocyte,HLA-DRA,CD4,0.048040548325768,0,381,8890
782328,Petti2019,Diagnosis,cellchat,Cycling Progenitor,Monocyte,HLA-DRA,CD4,0.0210906394354955,0.99,142,8890
782328,Petti2019,Diagnosis,cellchat,LMPP,Monocyte,HLA-DRA,CD4,0.0230292452975985,0.86,262,8890
782328,Petti2019,Diagnosis,cellchat,Monocyte,Monocyte,HLA-DRA,CD4,0.0336659460988987,0,8890,8890
782328,Petti2019,Diagnosis,cellchat,pDC,Monocyte,HLA-DRA,CD4,0.0357082119600181,0,99,8890
782328,Petti2019,Diagnosis,cellchat,Pro-Monocyte,Monocyte,HLA-DRA,CD4,0.026792775663492,0,1741,8890
782328,Petti2019,Diagnosis,cellchat,cDC,Naive T,HLA-DRA,CD4,0.0570153771212876,0,381,19
782328,Petti2019,Diagnosis,cellchat,Cycling Progenitor,Naive T,HLA-DRA,CD4,0.0251638324182197,0.27,142,19
782328,Petti2019,Diagnosis,cellchat,Early GMP,Naive T,HLA-DRA,CD4,0.0228458721521816,0.29,174,19
782328,Petti2019,Diagnosis,cellchat,EoBasoMast Precursor,Naive T,HLA-DRA,CD4,0.0026961496229523,0.51,37,19
782328,Petti2019,Diagnosis,cellchat,HSC MPP,Naive T,HLA-DRA,CD4,0.0231453547095435,0.29,125,19
782328,Petti2019,Diagnosis,cellchat,Late GMP,Naive T,HLA-DRA,CD4,0.0229910680123416,0.29,436,19
782328,Petti2019,Diagnosis,cellchat,LMPP,Naive T,HLA-DRA,CD4,0.027466332425581,0.23,262,19
782328,Petti2019,Diagnosis,cellchat,Monocyte,Naive T,HLA-DRA,CD4,0.0400683744926994,0,8890,19
782328,Petti2019,Diagnosis,cellchat,NK,Naive T,HLA-DRA,CD4,0.00430351468339553,0.51,31,19
782328,Petti2019,Diagnosis,cellchat,pDC,Naive T,HLA-DRA,CD4,0.0424819543754653,0,99,19
782328,Petti2019,Diagnosis,cellchat,Pro-Monocyte,Naive T,HLA-DRA,CD4,0.0319312891103151,0.09,1741,19
782328,Petti2019,Diagnosis,cellchat,CD4 Memory T,CD4 Memory T,HLA-DRB1,CD4,0.0145859767779159,0.57,33,33
782328,Petti2019,Diagnosis,cellchat,CD8 Memory T,CD4 Memory T,HLA-DRB1,CD4,0.042852168299636,0.01,81,33
782328,Petti2019,Diagnosis,cellchat,cDC,CD4 Memory T,HLA-DRB1,CD4,0.14212291116225,0,381,33
782328,Petti2019,Diagnosis,cellchat,Cycling Progenitor,CD4 Memory T,HLA-DRB1,CD4,0.0587380333705166,0.01,142,33
782328,Petti2019,Diagnosis,cellchat,Early GMP,CD4 Memory T,HLA-DRB1,CD4,0.054235517591599,0.01,174,33
782328,Petti2019,Diagnosis,cellchat,EoBasoMast Precursor,CD4 Memory T,HLA-DRB1,CD4,0.00828287801700471,0.59,37,33
782328,Petti2019,Diagnosis,cellchat,HSC MPP,CD4 Memory T,HLA-DRB1,CD4,0.0427419149279444,0.01,125,33
782328,Petti2019,Diagnosis,cellchat,Late GMP,CD4 Memory T,HLA-DRB1,CD4,0.0509554442187998,0.01,436,33
782328,Petti2019,Diagnosis,cellchat,LMPP,CD4 Memory T,HLA-DRB1,CD4,0.0638811980214511,0.01,262,33
782328,Petti2019,Diagnosis,cellchat,Monocyte,CD4 Memory T,HLA-DRB1,CD4,0.100613798060621,0,8890,33
782328,Petti2019,Diagnosis,cellchat,NK,CD4 Memory T,HLA-DRB1,CD4,0.0144366005849427,0.57,31,33
782328,Petti2019,Diagnosis,cellchat,pDC,CD4 Memory T,HLA-DRB1,CD4,0.103027513034021,0,99,33
782328,Petti2019,Diagnosis,cellchat,Plasma Cell,CD4 Memory T,HLA-DRB1,CD4,0.00181230427745875,0.59,39,33
782328,Petti2019,Diagnosis,cellchat,Pro-Monocyte,CD4 Memory T,HLA-DRB1,CD4,0.0766468982554385,0,1741,33
782328,Petti2019,Diagnosis,cellchat,CD4 Memory T,cDC,HLA-DRB1,CD4,0.00316968188349549,0.78,33,381
782328,Petti2019,Diagnosis,cellchat,CD8 Memory T,cDC,HLA-DRB1,CD4,0.00952608569554897,0.77,81,381
782328,Petti2019,Diagnosis,cellchat,cDC,cDC,HLA-DRB1,CD4,0.0343660189721421,0,381,381
782328,Petti2019,Diagnosis,cellchat,Cycling Progenitor,cDC,HLA-DRB1,CD4,0.0132282759844382,0.76,142,381
782328,Petti2019,Diagnosis,cellchat,Early GMP,cDC,HLA-DRB1,CD4,0.0121691718483887,0.77,174,381
782328,Petti2019,Diagnosis,cellchat,EoBasoMast Precursor,cDC,HLA-DRB1,CD4,0.0017909876885275,0.78,37,381
782328,Petti2019,Diagnosis,cellchat,HSC MPP,cDC,HLA-DRB1,CD4,0.00950072514481139,0.78,125,381
782328,Petti2019,Diagnosis,cellchat,Late GMP,cDC,HLA-DRB1,CD4,0.0114025279438819,0.77,436,381
782328,Petti2019,Diagnosis,cellchat,LMPP,cDC,HLA-DRB1,CD4,0.0144477231000251,0.73,262,381
782328,Petti2019,Diagnosis,cellchat,Monocyte,cDC,HLA-DRB1,CD4,0.0234679674133251,0.23,8890,381
782328,Petti2019,Diagnosis,cellchat,NK,cDC,HLA-DRB1,CD4,0.00313684873563693,0.78,31,381
782328,Petti2019,Diagnosis,cellchat,pDC,cDC,HLA-DRB1,CD4,0.0240805135221382,0.18,99,381
782328,Petti2019,Diagnosis,cellchat,Plasma Cell,cDC,HLA-DRB1,CD4,0.000389876634788737,0.78,39,381
782328,Petti2019,Diagnosis,cellchat,Pro-Monocyte,cDC,HLA-DRB1,CD4,0.0175197641137997,0.6,1741,381
782328,Petti2019,Diagnosis,cellchat,cDC,Monocyte,HLA-DRB1,CD4,0.0428399300552766,0,381,8890
782328,Petti2019,Diagnosis,cellchat,Cycling Progenitor,Monocyte,HLA-DRB1,CD4,0.0165795703593786,0.98,142,8890
782328,Petti2019,Diagnosis,cellchat,Monocyte,Monocyte,HLA-DRB1,CD4,0.029336295299131,0,8890,8890
782328,Petti2019,Diagnosis,cellchat,pDC,Monocyte,HLA-DRB1,CD4,0.030097291974746,0,99,8890
782328,Petti2019,Diagnosis,cellchat,Pro-Monocyte,Monocyte,HLA-DRB1,CD4,0.0219341111407579,0.02,1741,8890
782328,Petti2019,Diagnosis,cellchat,CD4 Memory T,Naive T,HLA-DRB1,CD4,0.00476830490107003,0.51,33,19
782328,Petti2019,Diagnosis,cellchat,CD8 Memory T,Naive T,HLA-DRB1,CD4,0.0142846090747238,0.33,81,19
782328,Petti2019,Diagnosis,cellchat,cDC,Naive T,HLA-DRB1,CD4,0.0508951343444916,0,381,19
782328,Petti2019,Diagnosis,cellchat,Cycling Progenitor,Naive T,HLA-DRB1,CD4,0.0197991705465153,0.28,142,19
782328,Petti2019,Diagnosis,cellchat,Early GMP,Naive T,HLA-DRB1,CD4,0.0182236923925703,0.3,174,19
782328,Petti2019,Diagnosis,cellchat,EoBasoMast Precursor,Naive T,HLA-DRB1,CD4,0.0026961496229523,0.51,37,19
782328,Petti2019,Diagnosis,cellchat,HSC MPP,Naive T,HLA-DRB1,CD4,0.0142467624977185,0.33,125,19
782328,Petti2019,Diagnosis,cellchat,Late GMP,Naive T,HLA-DRB1,CD4,0.0170822165204196,0.32,436,19
782328,Petti2019,Diagnosis,cellchat,LMPP,Naive T,HLA-DRB1,CD4,0.0216110887015653,0.28,262,19
782328,Petti2019,Diagnosis,cellchat,Monocyte,Naive T,HLA-DRB1,CD4,0.0349451074065173,0,8890,19
782328,Petti2019,Diagnosis,cellchat,NK,Naive T,HLA-DRB1,CD4,0.00471899080948759,0.51,31,19
782328,Petti2019,Diagnosis,cellchat,pDC,Naive T,HLA-DRB1,CD4,0.0358462261106378,0.01,99,19
782328,Petti2019,Diagnosis,cellchat,Plasma Cell,Naive T,HLA-DRB1,CD4,0.000587336230123789,0.51,39,19
782328,Petti2019,Diagnosis,cellchat,Pro-Monocyte,Naive T,HLA-DRB1,CD4,0.0261658479286112,0.14,1741,19
782328,Petti2019,Diagnosis,cellchat,CD4 Memory T,CD4 Memory T,HLA-DRB5,CD4,0.0183043281837779,0.4,33,33
782328,Petti2019,Diagnosis,cellchat,CD8 Memory T,CD4 Memory T,HLA-DRB5,CD4,0.0401986159060784,0.01,81,33
782328,Petti2019,Diagnosis,cellchat,cDC,CD4 Memory T,HLA-DRB5,CD4,0.133965447380737,0,381,33
782328,Petti2019,Diagnosis,cellchat,Cycling Progenitor,CD4 Memory T,HLA-DRB5,CD4,0.0477377282722446,0.01,142,33
782328,Petti2019,Diagnosis,cellchat,Early GMP,CD4 Memory T,HLA-DRB5,CD4,0.0363854475888463,0.01,174,33
782328,Petti2019,Diagnosis,cellchat,HSC MPP,CD4 Memory T,HLA-DRB5,CD4,0.0334978035292751,0.01,125,33
782328,Petti2019,Diagnosis,cellchat,Late GMP,CD4 Memory T,HLA-DRB5,CD4,0.035160902173564,0.01,436,33
782328,Petti2019,Diagnosis,cellchat,LMPP,CD4 Memory T,HLA-DRB5,CD4,0.0528891741993207,0,262,33
782328,Petti2019,Diagnosis,cellchat,Monocyte,CD4 Memory T,HLA-DRB5,CD4,0.0870431508762044,0,8890,33
782328,Petti2019,Diagnosis,cellchat,pDC,CD4 Memory T,HLA-DRB5,CD4,0.0935590309783223,0,99,33
782328,Petti2019,Diagnosis,cellchat,Pro-Monocyte,CD4 Memory T,HLA-DRB5,CD4,0.0501850147808615,0.01,1741,33
782328,Petti2019,Diagnosis,cellchat,CD4 Memory T,cDC,HLA-DRB5,CD4,0.00398950022616179,0.78,33,381
782328,Petti2019,Diagnosis,cellchat,CD8 Memory T,cDC,HLA-DRB5,CD4,0.00891697248851571,0.77,81,381
782328,Petti2019,Diagnosis,cellchat,cDC,cDC,HLA-DRB5,CD4,0.0321616316717399,0,381,381
782328,Petti2019,Diagnosis,cellchat,Cycling Progenitor,cDC,HLA-DRB5,CD4,0.0106544451176155,0.72,142,381
782328,Petti2019,Diagnosis,cellchat,Early GMP,cDC,HLA-DRB5,CD4,0.00804624876616929,0.77,174,381
782328,Petti2019,Diagnosis,cellchat,HSC MPP,cDC,HLA-DRB5,CD4,0.00739042823749266,0.78,125,381
782328,Petti2019,Diagnosis,cellchat,Late GMP,cDC,HLA-DRB5,CD4,0.00776776552278264,0.78,436,381
782328,Petti2019,Diagnosis,cellchat,LMPP,cDC,HLA-DRB5,CD4,0.011853995662036,0.74,262,381
782328,Petti2019,Diagnosis,cellchat,Monocyte,cDC,HLA-DRB5,CD4,0.0200704389748534,0.15,8890,381
782328,Petti2019,Diagnosis,cellchat,pDC,cDC,HLA-DRB5,CD4,0.0216919930411697,0.04,99,381
782328,Petti2019,Diagnosis,cellchat,Pro-Monocyte,cDC,HLA-DRB5,CD4,0.0112230534501201,0.74,1741,381
782328,Petti2019,Diagnosis,cellchat,cDC,Monocyte,HLA-DRB5,CD4,0.0401145693313617,0,381,8890
782328,Petti2019,Diagnosis,cellchat,Cycling Progenitor,Monocyte,HLA-DRB5,CD4,0.0133625068239464,0.98,142,8890
782328,Petti2019,Diagnosis,cellchat,LMPP,Monocyte,HLA-DRB5,CD4,0.0148623693188281,0.89,262,8890
782328,Petti2019,Diagnosis,cellchat,Monocyte,Monocyte,HLA-DRB5,CD4,0.0251110377437521,0,8890,8890
782328,Petti2019,Diagnosis,cellchat,pDC,Monocyte,HLA-DRB5,CD4,0.0271285634073754,0,99,8890
782328,Petti2019,Diagnosis,cellchat,CD4 Memory T,Naive T,HLA-DRB5,CD4,0.00599910870085813,0.5,33,19
782328,Petti2019,Diagnosis,cellchat,CD8 Memory T,Naive T,HLA-DRB5,CD4,0.0133753370692451,0.32,81,19
782328,Petti2019,Diagnosis,cellchat,cDC,Naive T,HLA-DRB5,CD4,0.0476828520090059,0,381,19
782328,Petti2019,Diagnosis,cellchat,Cycling Progenitor,Naive T,HLA-DRB5,CD4,0.015967526313428,0.27,142,19
782328,Petti2019,Diagnosis,cellchat,Early GMP,Naive T,HLA-DRB5,CD4,0.0120745673238162,0.34,174,19
782328,Petti2019,Diagnosis,cellchat,HSC MPP,Naive T,HLA-DRB5,CD4,0.0110940852803916,0.36,125,19
782328,Petti2019,Diagnosis,cellchat,Late GMP,Naive T,HLA-DRB5,CD4,0.0116583012879003,0.34,436,19
782328,Petti2019,Diagnosis,cellchat,LMPP,Naive T,HLA-DRB5,CD4,0.0177545251670779,0.26,262,19
782328,Petti2019,Diagnosis,cellchat,Monocyte,Naive T,HLA-DRB5,CD4,0.0299369368210018,0,8890,19
782328,Petti2019,Diagnosis,cellchat,pDC,Naive T,HLA-DRB5,CD4,0.0323293373489727,0,99,19
782328,Petti2019,Diagnosis,cellchat,Pro-Monocyte,Naive T,HLA-DRB5,CD4,0.0168148649215868,0.29,1741,19
782328,Petti2019,Diagnosis,cellchat,Cycling Progenitor,Cycling Progenitor,NEGR1,NEGR1,0.00172495771448457,0,142,142
782328,Petti2019,Diagnosis,cellchat,Early GMP,Cycling Progenitor,NEGR1,NEGR1,0.00142039604137437,0,174,142
782328,Petti2019,Diagnosis,cellchat,LMPP,Cycling Progenitor,NEGR1,NEGR1,0.00423237548570786,0,262,142
782328,Petti2019,Diagnosis,cellchat,pDC,Cycling Progenitor,NEGR1,NEGR1,0.00504900674894594,0,99,142
782328,Petti2019,Diagnosis,cellchat,Cycling Progenitor,Early GMP,NEGR1,NEGR1,0.00142039604137437,0,142,174
782328,Petti2019,Diagnosis,cellchat,Early GMP,Early GMP,NEGR1,NEGR1,0.00116954533174366,0,174,174
782328,Petti2019,Diagnosis,cellchat,LMPP,Early GMP,NEGR1,NEGR1,0.00348664582296205,0,262,174
782328,Petti2019,Diagnosis,cellchat,pDC,Early GMP,NEGR1,NEGR1,0.00415999064715899,0,99,174
782328,Petti2019,Diagnosis,cellchat,Cycling Progenitor,LMPP,NEGR1,NEGR1,0.00423237548570786,0,142,262
782328,Petti2019,Diagnosis,cellchat,Early GMP,LMPP,NEGR1,NEGR1,0.00348664582296205,0,174,262
782328,Petti2019,Diagnosis,cellchat,LMPP,LMPP,NEGR1,NEGR1,0.0103468263080523,0,262,262
782328,Petti2019,Diagnosis,cellchat,pDC,LMPP,NEGR1,NEGR1,0.0123286259574702,0,99,262
782328,Petti2019,Diagnosis,cellchat,Cycling Progenitor,pDC,NEGR1,NEGR1,0.00504900674894594,0,142,99
782328,Petti2019,Diagnosis,cellchat,Early GMP,pDC,NEGR1,NEGR1,0.00415999064715899,0,174,99
782328,Petti2019,Diagnosis,cellchat,LMPP,pDC,NEGR1,NEGR1,0.0123286259574702,0,262,99
782328,Petti2019,Diagnosis,cellchat,pDC,pDC,NEGR1,NEGR1,0.0146843811962434,0,99,99
782328,Petti2019,Diagnosis,cellchat,Cycling Progenitor,cDC,DLK1,NOTCH2,0.00853854691700074,0,142,381
782328,Petti2019,Diagnosis,cellchat,Early GMP,cDC,DLK1,NOTCH2,0.00748120381053425,0,174,381
782328,Petti2019,Diagnosis,cellchat,EoBasoMast Precursor,cDC,DLK1,NOTCH2,0.00166327021291448,0,37,381
782328,Petti2019,Diagnosis,cellchat,HSC MPP,cDC,DLK1,NOTCH2,0.00436768243807542,0,125,381
782328,Petti2019,Diagnosis,cellchat,LMPP,cDC,DLK1,NOTCH2,0.0040665417187994,0,262,381
782328,Petti2019,Diagnosis,cellchat,Cycling Progenitor,Cycling Progenitor,DLK1,NOTCH2,0.00462016142918296,0,142,142
782328,Petti2019,Diagnosis,cellchat,Early GMP,Cycling Progenitor,DLK1,NOTCH2,0.00404605867056946,0,174,142
782328,Petti2019,Diagnosis,cellchat,EoBasoMast Precursor,Cycling Progenitor,DLK1,NOTCH2,0.000897131573430619,0,37,142
782328,Petti2019,Diagnosis,cellchat,HSC MPP,Cycling Progenitor,DLK1,NOTCH2,0.00235877562533573,0,125,142
782328,Petti2019,Diagnosis,cellchat,LMPP,Cycling Progenitor,DLK1,NOTCH2,0.00219583850056427,0,262,142
782328,Petti2019,Diagnosis,cellchat,Cycling Progenitor,Early GMP,DLK1,NOTCH2,0.00388742825160628,0,142,174
782328,Petti2019,Diagnosis,cellchat,Early GMP,Early GMP,DLK1,NOTCH2,0.00340406377796694,0,174,174
782328,Petti2019,Diagnosis,cellchat,EoBasoMast Precursor,Early GMP,DLK1,NOTCH2,0.00075440374129106,0,37,174
782328,Petti2019,Diagnosis,cellchat,HSC MPP,Early GMP,DLK1,NOTCH2,0.00198397143932855,0,125,174
782328,Petti2019,Diagnosis,cellchat,LMPP,Early GMP,DLK1,NOTCH2,0.00184687673094738,0,262,174
782328,Petti2019,Diagnosis,cellchat,Cycling Progenitor,EoBasoMast Precursor,DLK1,NOTCH2,0.00951236787348437,0,142,37
782328,Petti2019,Diagnosis,cellchat,Early GMP,EoBasoMast Precursor,DLK1,NOTCH2,0.0083354486531617,0,174,37
782328,Petti2019,Diagnosis,cellchat,EoBasoMast Precursor,EoBasoMast Precursor,DLK1,NOTCH2,0.00185443274854263,0,37,37
782328,Petti2019,Diagnosis,cellchat,HSC MPP,EoBasoMast Precursor,DLK1,NOTCH2,0.00486815211626787,0,125,37
782328,Petti2019,Diagnosis,cellchat,LMPP,EoBasoMast Precursor,DLK1,NOTCH2,0.0045326623621134,0,262,37
782328,Petti2019,Diagnosis,cellchat,Cycling Progenitor,Late GMP,DLK1,NOTCH2,0.00492180727865414,0,142,436
782328,Petti2019,Diagnosis,cellchat,Early GMP,Late GMP,DLK1,NOTCH2,0.00431038422326384,0,174,436
782328,Petti2019,Diagnosis,cellchat,EoBasoMast Precursor,Late GMP,DLK1,NOTCH2,0.000955937863177368,0,37,436
782328,Petti2019,Diagnosis,cellchat,HSC MPP,Late GMP,DLK1,NOTCH2,0.0025131505665414,0,125,436
782328,Petti2019,Diagnosis,cellchat,LMPP,Late GMP,DLK1,NOTCH2,0.00233957469284871,0,262,436
782328,Petti2019,Diagnosis,cellchat,Cycling Progenitor,LMPP,DLK1,NOTCH2,0.00494814270314215,0,142,262
782328,Petti2019,Diagnosis,cellchat,Early GMP,LMPP,DLK1,NOTCH2,0.00433346231525491,0,174,262
782328,Petti2019,Diagnosis,cellchat,EoBasoMast Precursor,LMPP,DLK1,NOTCH2,0.000961073355427589,0,37,262
782328,Petti2019,Diagnosis,cellchat,HSC MPP,LMPP,DLK1,NOTCH2,0.00252663056437413,0,125,262
782328,Petti2019,Diagnosis,cellchat,LMPP,LMPP,DLK1,NOTCH2,0.00235212586251788,0,262,262
782328,Petti2019,Diagnosis,cellchat,Cycling Progenitor,Monocyte,DLK1,NOTCH2,0.0253569326365003,0,142,8890
782328,Petti2019,Diagnosis,cellchat,Early GMP,Monocyte,DLK1,NOTCH2,0.0222637064201409,0,174,8890
782328,Petti2019,Diagnosis,cellchat,EoBasoMast Precursor,Monocyte,DLK1,NOTCH2,0.00500781657365298,0,37,8890
782328,Petti2019,Diagnosis,cellchat,HSC MPP,Monocyte,DLK1,NOTCH2,0.0130790862988068,0,125,8890
782328,Petti2019,Diagnosis,cellchat,LMPP,Monocyte,DLK1,NOTCH2,0.0121846667666303,0,262,8890
782328,Petti2019,Diagnosis,cellchat,Cycling Progenitor,NK,DLK1,NOTCH2,0.00526099712464914,0,142,31
782328,Petti2019,Diagnosis,cellchat,Early GMP,NK,DLK1,NOTCH2,0.00460763252544094,0,174,31
782328,Petti2019,Diagnosis,cellchat,EoBasoMast Precursor,NK,DLK1,NOTCH2,0.0010220977322624,0,37,31
782328,Petti2019,Diagnosis,cellchat,HSC MPP,NK,DLK1,NOTCH2,0.00268679432211333,0,125,31
782328,Petti2019,Diagnosis,cellchat,LMPP,NK,DLK1,NOTCH2,0.00250125546128896,0,262,31
782328,Petti2019,Diagnosis,cellchat,Cycling Progenitor,pDC,DLK1,NOTCH2,0.00617640015034638,0,142,99
782328,Petti2019,Diagnosis,cellchat,Early GMP,pDC,DLK1,NOTCH2,0.00540996969216489,0,174,99
782328,Petti2019,Diagnosis,cellchat,EoBasoMast Precursor,pDC,DLK1,NOTCH2,0.00120083107206831,0,37,99
782328,Petti2019,Diagnosis,cellchat,HSC MPP,pDC,DLK1,NOTCH2,0.0031557121235484,0,125,99
782328,Petti2019,Diagnosis,cellchat,LMPP,pDC,DLK1,NOTCH2,0.0029378871357476,0,262,99
782328,Petti2019,Diagnosis,cellchat,Cycling Progenitor,Pro-Monocyte,DLK1,NOTCH2,0.00492891802985892,0,142,1741
782328,Petti2019,Diagnosis,cellchat,Early GMP,Pro-Monocyte,DLK1,NOTCH2,0.00431661545666015,0,174,1741
782328,Petti2019,Diagnosis,cellchat,EoBasoMast Precursor,Pro-Monocyte,DLK1,NOTCH2,0.000957324460885008,0,37,1741
782328,Petti2019,Diagnosis,cellchat,HSC MPP,Pro-Monocyte,DLK1,NOTCH2,0.00251679022705268,0,125,1741
782328,Petti2019,Diagnosis,cellchat,LMPP,Pro-Monocyte,DLK1,NOTCH2,0.002342963563237,0,262,1741
782328,Petti2019,Diagnosis,cellchat,LMPP,cDC,PECAM1,PECAM1,0.00469657167334922,0.99,262,381
782328,Petti2019,Diagnosis,cellchat,Cycling Progenitor,Cycling Progenitor,PECAM1,PECAM1,0.012184599650848,0.62,142,142
782328,Petti2019,Diagnosis,cellchat,Early GMP,Cycling Progenitor,PECAM1,PECAM1,0.0120482837041038,0.47,174,142
782328,Petti2019,Diagnosis,cellchat,EoBasoMast Precursor,Cycling Progenitor,PECAM1,PECAM1,0.00457786127915151,0.96,37,142
782328,Petti2019,Diagnosis,cellchat,HSC MPP,Cycling Progenitor,PECAM1,PECAM1,0.00489331765839614,0.95,125,142
782328,Petti2019,Diagnosis,cellchat,LMPP,Cycling Progenitor,PECAM1,PECAM1,0.0145401481263068,0.46,262,142
782328,Petti2019,Diagnosis,cellchat,Monocyte,Cycling Progenitor,PECAM1,PECAM1,0.0206847648444482,0.33,8890,142
782328,Petti2019,Diagnosis,cellchat,pDC,Cycling Progenitor,PECAM1,PECAM1,0.0108666609677747,0.72,99,142
782328,Petti2019,Diagnosis,cellchat,Pro-Monocyte,Cycling Progenitor,PECAM1,PECAM1,0.00545100012922016,0.96,1741,142
782328,Petti2019,Diagnosis,cellchat,Cycling Progenitor,Early GMP,PECAM1,PECAM1,0.0120482837041038,0.47,142,174
782328,Petti2019,Diagnosis,cellchat,Early GMP,Early GMP,PECAM1,PECAM1,0.011913474407605,0.59,174,174
782328,Petti2019,Diagnosis,cellchat,EoBasoMast Precursor,Early GMP,PECAM1,PECAM1,0.00452625623926804,0.98,37,174
782328,Petti2019,Diagnosis,cellchat,HSC MPP,Early GMP,PECAM1,PECAM1,0.00483817384472216,0.95,125,174
782328,Petti2019,Diagnosis,cellchat,LMPP,Early GMP,PECAM1,PECAM1,0.0143778629094934,0.43,262,174
782328,Petti2019,Diagnosis,cellchat,Monocyte,Early GMP,PECAM1,PECAM1,0.020455322000374,0.29,8890,174
782328,Petti2019,Diagnosis,cellchat,pDC,Early GMP,PECAM1,PECAM1,0.0107449291568755,0.65,99,174
782328,Petti2019,Diagnosis,cellchat,Pro-Monocyte,Early GMP,PECAM1,PECAM1,0.00538960571416897,0.98,1741,174
782328,Petti2019,Diagnosis,cellchat,Cycling Progenitor,EoBasoMast Precursor,PECAM1,PECAM1,0.00457786127915151,0.96,142,37
782328,Petti2019,Diagnosis,cellchat,Early GMP,EoBasoMast Precursor,PECAM1,PECAM1,0.00452625623926804,0.98,174,37
782328,Petti2019,Diagnosis,cellchat,EoBasoMast Precursor,EoBasoMast Precursor,PECAM1,PECAM1,0.00171171386844739,0.99,37,37
782328,Petti2019,Diagnosis,cellchat,LMPP,EoBasoMast Precursor,PECAM1,PECAM1,0.00547100618074744,0.93,262,37
782328,Petti2019,Diagnosis,cellchat,Monocyte,EoBasoMast Precursor,PECAM1,PECAM1,0.00781342209260704,0.97,8890,37
782328,Petti2019,Diagnosis,cellchat,pDC,EoBasoMast Precursor,PECAM1,PECAM1,0.00407930236312069,0.96,99,37
782328,Petti2019,Diagnosis,cellchat,Cycling Progenitor,HSC MPP,PECAM1,PECAM1,0.00489331765839614,0.95,142,125
782328,Petti2019,Diagnosis,cellchat,Early GMP,HSC MPP,PECAM1,PECAM1,0.00483817384472216,0.95,174,125
782328,Petti2019,Diagnosis,cellchat,LMPP,HSC MPP,PECAM1,PECAM1,0.00584764683326066,0.88,262,125
782328,Petti2019,Diagnosis,cellchat,pDC,HSC MPP,PECAM1,PECAM1,0.00436055398450444,0.99,99,125
782328,Petti2019,Diagnosis,cellchat,LMPP,Late GMP,PECAM1,PECAM1,0.00562679032901944,0.94,262,436
782328,Petti2019,Diagnosis,cellchat,cDC,LMPP,PECAM1,PECAM1,0.00469657167334922,0.99,381,262
782328,Petti2019,Diagnosis,cellchat,Cycling Progenitor,LMPP,PECAM1,PECAM1,0.0145401481263068,0.46,142,262
782328,Petti2019,Diagnosis,cellchat,Early GMP,LMPP,PECAM1,PECAM1,0.0143778629094934,0.43,174,262
782328,Petti2019,Diagnosis,cellchat,EoBasoMast Precursor,LMPP,PECAM1,PECAM1,0.00547100618074744,0.93,37,262
782328,Petti2019,Diagnosis,cellchat,HSC MPP,LMPP,PECAM1,PECAM1,0.00584764683326066,0.88,125,262
782328,Petti2019,Diagnosis,cellchat,Late GMP,LMPP,PECAM1,PECAM1,0.00562679032901944,0.94,436,262
782328,Petti2019,Diagnosis,cellchat,LMPP,LMPP,PECAM1,PECAM1,0.0173430803340869,0.61,262,262
782328,Petti2019,Diagnosis,cellchat,Monocyte,LMPP,PECAM1,PECAM1,0.0246425865290003,0.01,8890,262
782328,Petti2019,Diagnosis,cellchat,pDC,LMPP,PECAM1,PECAM1,0.0129707687305612,0.51,99,262
782328,Petti2019,Diagnosis,cellchat,Plasma Cell,LMPP,PECAM1,PECAM1,0.00510425181911665,0.92,39,262
782328,Petti2019,Diagnosis,cellchat,Cycling Progenitor,Monocyte,PECAM1,PECAM1,0.0206847648444482,0.33,142,8890
782328,Petti2019,Diagnosis,cellchat,Early GMP,Monocyte,PECAM1,PECAM1,0.020455322000374,0.29,174,8890
782328,Petti2019,Diagnosis,cellchat,EoBasoMast Precursor,Monocyte,PECAM1,PECAM1,0.00781342209260704,0.97,37,8890
782328,Petti2019,Diagnosis,cellchat,LMPP,Monocyte,PECAM1,PECAM1,0.0246425865290003,0.01,262,8890
782328,Petti2019,Diagnosis,cellchat,Monocyte,Monocyte,PECAM1,PECAM1,0.0349052409228589,0,8890,8890
782328,Petti2019,Diagnosis,cellchat,pDC,Monocyte,PECAM1,PECAM1,0.0184645977716605,0.56,99,8890
782328,Petti2019,Diagnosis,cellchat,Plasma Cell,Monocyte,PECAM1,PECAM1,0.00729079268493925,0.99,39,8890
782328,Petti2019,Diagnosis,cellchat,Cycling Progenitor,pDC,PECAM1,PECAM1,0.0108666609677747,0.72,142,99
782328,Petti2019,Diagnosis,cellchat,Early GMP,pDC,PECAM1,PECAM1,0.0107449291568755,0.65,174,99
782328,Petti2019,Diagnosis,cellchat,EoBasoMast Precursor,pDC,PECAM1,PECAM1,0.00407930236312069,0.96,37,99
782328,Petti2019,Diagnosis,cellchat,HSC MPP,pDC,PECAM1,PECAM1,0.00436055398450444,0.99,125,99
782328,Petti2019,Diagnosis,cellchat,LMPP,pDC,PECAM1,PECAM1,0.0129707687305612,0.51,262,99
782328,Petti2019,Diagnosis,cellchat,Monocyte,pDC,PECAM1,PECAM1,0.0184645977716605,0.56,8890,99
782328,Petti2019,Diagnosis,cellchat,pDC,pDC,PECAM1,PECAM1,0.00968987783025849,0.64,99,99
782328,Petti2019,Diagnosis,cellchat,Plasma Cell,pDC,PECAM1,PECAM1,0.00380548527342562,0.99,39,99
782328,Petti2019,Diagnosis,cellchat,LMPP,Plasma Cell,PECAM1,PECAM1,0.00510425181911665,0.92,262,39
782328,Petti2019,Diagnosis,cellchat,Monocyte,Plasma Cell,PECAM1,PECAM1,0.00729079268493925,0.99,8890,39
782328,Petti2019,Diagnosis,cellchat,pDC,Plasma Cell,PECAM1,PECAM1,0.00380548527342562,0.99,99,39
782328,Petti2019,Diagnosis,cellchat,Cycling Progenitor,Pro-Monocyte,PECAM1,PECAM1,0.00545100012922016,0.96,142,1741
782328,Petti2019,Diagnosis,cellchat,Early GMP,Pro-Monocyte,PECAM1,PECAM1,0.00538960571416897,0.98,174,1741
782328,Petti2019,Diagnosis,cellchat,CD4 Memory T,Cycling Progenitor,SELL,CD34,0.0622949073879677,0,33,142
782328,Petti2019,Diagnosis,cellchat,CD8 Memory T,Cycling Progenitor,SELL,CD34,0.0272850107438491,0,81,142
782328,Petti2019,Diagnosis,cellchat,cDC,Cycling Progenitor,SELL,CD34,0.0531392916345204,0,381,142
782328,Petti2019,Diagnosis,cellchat,Cycling Progenitor,Cycling Progenitor,SELL,CD34,0.0649569501071954,0,142,142
782328,Petti2019,Diagnosis,cellchat,Early GMP,Cycling Progenitor,SELL,CD34,0.0508027608632436,0,174,142
782328,Petti2019,Diagnosis,cellchat,EoBasoMast Precursor,Cycling Progenitor,SELL,CD34,0.06723728147242,0,37,142
782328,Petti2019,Diagnosis,cellchat,HSC MPP,Cycling Progenitor,SELL,CD34,0.106004112648416,0,125,142
782328,Petti2019,Diagnosis,cellchat,Late GMP,Cycling Progenitor,SELL,CD34,0.0103810682244409,0,436,142
782328,Petti2019,Diagnosis,cellchat,LMPP,Cycling Progenitor,SELL,CD34,0.0959647408888366,0,262,142
782328,Petti2019,Diagnosis,cellchat,Monocyte,Cycling Progenitor,SELL,CD34,0.0239804003623504,0,8890,142
782328,Petti2019,Diagnosis,cellchat,Naive T,Cycling Progenitor,SELL,CD34,0.100470659469856,0,19,142
782328,Petti2019,Diagnosis,cellchat,NK,Cycling Progenitor,SELL,CD34,0.0361338316769612,0,31,142
782328,Petti2019,Diagnosis,cellchat,pDC,Cycling Progenitor,SELL,CD34,0.0783218591770338,0,99,142
782328,Petti2019,Diagnosis,cellchat,Pro-Monocyte,Cycling Progenitor,SELL,CD34,0.0183166750565742,0,1741,142
782328,Petti2019,Diagnosis,cellchat,CD4 Memory T,Early GMP,SELL,CD34,0.0509315265751734,0,33,174
782328,Petti2019,Diagnosis,cellchat,CD8 Memory T,Early GMP,SELL,CD34,0.0221569785933666,0,81,174
782328,Petti2019,Diagnosis,cellchat,cDC,Early GMP,SELL,CD34,0.043368769219968,0,381,174
782328,Petti2019,Diagnosis,cellchat,Cycling Progenitor,Early GMP,SELL,CD34,0.0531354951583626,0,142,174
782328,Petti2019,Diagnosis,cellchat,Early GMP,Early GMP,SELL,CD34,0.0414430440887206,0,174,174
782328,Petti2019,Diagnosis,cellchat,EoBasoMast Precursor,Early GMP,SELL,CD34,0.0550252527159161,0,37,174
782328,Petti2019,Diagnosis,cellchat,HSC MPP,Early GMP,SELL,CD34,0.0874108551854038,0,125,174
782328,Petti2019,Diagnosis,cellchat,Late GMP,Early GMP,SELL,CD34,0.00840257345807382,0,436,174
782328,Petti2019,Diagnosis,cellchat,LMPP,Early GMP,SELL,CD34,0.0789768401156852,0,262,174
782328,Petti2019,Diagnosis,cellchat,Monocyte,Early GMP,SELL,CD34,0.019461021379397,0,8890,174
782328,Petti2019,Diagnosis,cellchat,Naive T,Early GMP,SELL,CD34,0.0827581296804659,0,19,174
782328,Petti2019,Diagnosis,cellchat,NK,Early GMP,SELL,CD34,0.0293929777561232,0,31,174
782328,Petti2019,Diagnosis,cellchat,pDC,Early GMP,SELL,CD34,0.0642352278227485,0,99,174
782328,Petti2019,Diagnosis,cellchat,Pro-Monocyte,Early GMP,SELL,CD34,0.0148484509297585,0,1741,174
782328,Petti2019,Diagnosis,cellchat,CD4 Memory T,HSC MPP,SELL,CD34,0.058413856247035,0,33,125
782328,Petti2019,Diagnosis,cellchat,CD8 Memory T,HSC MPP,SELL,CD34,0.0255257457515149,0,81,125
782328,Petti2019,Diagnosis,cellchat,cDC,HSC MPP,SELL,CD34,0.0497983545200927,0,381,125
782328,Petti2019,Diagnosis,cellchat,Cycling Progenitor,HSC MPP,SELL,CD34,0.0609208252069042,0,142,125
782328,Petti2019,Diagnosis,cellchat,Early GMP,HSC MPP,SELL,CD34,0.0476013393970484,0,174,125
782328,Petti2019,Diagnosis,cellchat,EoBasoMast Precursor,HSC MPP,SELL,CD34,0.0630690243087067,0,37,125
782328,Petti2019,Diagnosis,cellchat,HSC MPP,HSC MPP,SELL,CD34,0.0996894256574954,0,125,125
782328,Petti2019,Diagnosis,cellchat,Late GMP,HSC MPP,SELL,CD34,0.00970085477995086,0,436,125
782328,Petti2019,Diagnosis,cellchat,LMPP,HSC MPP,SELL,CD34,0.090187769350029,0,262,125
782328,Petti2019,Diagnosis,cellchat,Monocyte,HSC MPP,SELL,CD34,0.0224292947461927,0,8890,125
782328,Petti2019,Diagnosis,cellchat,Naive T,HSC MPP,SELL,CD34,0.0944507760934165,0,19,125
782328,Petti2019,Diagnosis,cellchat,NK,HSC MPP,SELL,CD34,0.0338238576936356,0,31,125
782328,Petti2019,Diagnosis,cellchat,pDC,HSC MPP,SELL,CD34,0.0735205959187248,0,99,125
782328,Petti2019,Diagnosis,cellchat,Pro-Monocyte,HSC MPP,SELL,CD34,0.0171254838521853,0,1741,125
782328,Petti2019,Diagnosis,cellchat,CD4 Memory T,LMPP,SELL,CD34,0.0708800313688918,0,33,262
782328,Petti2019,Diagnosis,cellchat,CD8 Memory T,LMPP,SELL,CD34,0.031205839496479,0,81,262
782328,Petti2019,Diagnosis,cellchat,cDC,LMPP,SELL,CD34,0.0605441096135878,0,381,262
782328,Petti2019,Diagnosis,cellchat,Cycling Progenitor,LMPP,SELL,CD34,0.0738800366314476,0,142,262
782328,Petti2019,Diagnosis,cellchat,Early GMP,LMPP,SELL,CD34,0.0579018997929638,0,174,262
782328,Petti2019,Diagnosis,cellchat,EoBasoMast Precursor,LMPP,SELL,CD34,0.0764480046393972,0,37,262
782328,Petti2019,Diagnosis,cellchat,HSC MPP,LMPP,SELL,CD34,0.119843123006337,0,125,262
782328,Petti2019,Diagnosis,cellchat,Late GMP,LMPP,SELL,CD34,0.0119025405619969,0,436,262
782328,Petti2019,Diagnosis,cellchat,LMPP,LMPP,SELL,CD34,0.108652386337246,0,262,262
782328,Petti2019,Diagnosis,cellchat,Monocyte,LMPP,SELL,CD34,0.0274397557080795,0,8890,262
782328,Petti2019,Diagnosis,cellchat,Naive T,LMPP,SELL,CD34,0.113679127896359,0,19,262
782328,Petti2019,Diagnosis,cellchat,NK,LMPP,SELL,CD34,0.0412722746002928,0,31,262
782328,Petti2019,Diagnosis,cellchat,pDC,LMPP,SELL,CD34,0.0889063083193163,0,99,262
782328,Petti2019,Diagnosis,cellchat,Pro-Monocyte,LMPP,SELL,CD34,0.0209765545796365,0,1741,262
782328,Petti2019,Diagnosis,cellchat,CD4 Memory T,pDC,SELL,CD34,0.0396557770436484,0,33,99
782328,Petti2019,Diagnosis,cellchat,CD8 Memory T,pDC,SELL,CD34,0.0171366112627312,0,81,99
782328,Petti2019,Diagnosis,cellchat,cDC,pDC,SELL,CD34,0.0337078747936593,0,381,99
782328,Petti2019,Diagnosis,cellchat,Cycling Progenitor,pDC,SELL,CD34,0.0413930893229659,0,142,99
782328,Petti2019,Diagnosis,cellchat,Early GMP,pDC,SELL,CD34,0.0321966893792909,0,174,99
782328,Petti2019,Diagnosis,cellchat,EoBasoMast Precursor,pDC,SELL,CD34,0.0428841437881372,0,37,99
782328,Petti2019,Diagnosis,cellchat,HSC MPP,pDC,SELL,CD34,0.0686430570207865,0,125,99
782328,Petti2019,Diagnosis,cellchat,Late GMP,pDC,SELL,CD34,0.0064780572198382,0,436,99
782328,Petti2019,Diagnosis,cellchat,LMPP,pDC,SELL,CD34,0.061897069058433,0,262,99
782328,Petti2019,Diagnosis,cellchat,Monocyte,pDC,SELL,CD34,0.0150421120452614,0,8890,99
782328,Petti2019,Diagnosis,cellchat,Naive T,pDC,SELL,CD34,0.0649182447360874,0,19,99
782328,Petti2019,Diagnosis,cellchat,NK,pDC,SELL,CD34,0.0227712454148416,0,31,99
782328,Petti2019,Diagnosis,cellchat,pDC,pDC,SELL,CD34,0.050169862629395,0,99,99
782328,Petti2019,Diagnosis,cellchat,Pro-Monocyte,pDC,SELL,CD34,0.0114646472982659,0,1741,99
782328,Petti2019,Diagnosis,cellchat,CD4 Memory T,CD4 Memory T,SELPLG,SELL,0.0390292428698422,0.01,33,33
782328,Petti2019,Diagnosis,cellchat,CD8 Memory T,CD4 Memory T,SELPLG,SELL,0.0415662208839206,0,81,33
782328,Petti2019,Diagnosis,cellchat,cDC,CD4 Memory T,SELPLG,SELL,0.0086914302911216,0.29,381,33
782328,Petti2019,Diagnosis,cellchat,Cycling Progenitor,CD4 Memory T,SELPLG,SELL,0.00350694046620093,0.81,142,33
782328,Petti2019,Diagnosis,cellchat,Late GMP,CD4 Memory T,SELPLG,SELL,0.00624828962045599,0.36,436,33
782328,Petti2019,Diagnosis,cellchat,Monocyte,CD4 Memory T,SELPLG,SELL,0.0129096010965607,0,8890,33
782328,Petti2019,Diagnosis,cellchat,Naive T,CD4 Memory T,SELPLG,SELL,0.0479235368959986,0,19,33
782328,Petti2019,Diagnosis,cellchat,NK,CD4 Memory T,SELPLG,SELL,0.0415235334157455,0,31,33
782328,Petti2019,Diagnosis,cellchat,pDC,CD4 Memory T,SELPLG,SELL,0.00511486640755454,0.33,99,33
782328,Petti2019,Diagnosis,cellchat,Plasma Cell,CD4 Memory T,SELPLG,SELL,0.00232198366889207,0.85,39,33
782328,Petti2019,Diagnosis,cellchat,Pro-Monocyte,CD4 Memory T,SELPLG,SELL,0.00552790198150634,0.38,1741,33
782328,Petti2019,Diagnosis,cellchat,CD4 Memory T,CD8 Memory T,SELPLG,SELL,0.0168596183814919,0.01,33,81
782328,Petti2019,Diagnosis,cellchat,CD8 Memory T,CD8 Memory T,SELPLG,SELL,0.0179824934409196,0,81,81
782328,Petti2019,Diagnosis,cellchat,cDC,CD8 Memory T,SELPLG,SELL,0.00368833074413765,0.85,381,81
782328,Petti2019,Diagnosis,cellchat,Monocyte,CD8 Memory T,SELPLG,SELL,0.00549182265897427,0.25,8890,81
782328,Petti2019,Diagnosis,cellchat,Naive T,CD8 Memory T,SELPLG,SELL,0.0208111342791879,0.03,19,81
782328,Petti2019,Diagnosis,cellchat,NK,CD8 Memory T,SELPLG,SELL,0.0179635719257384,0.02,31,81
782328,Petti2019,Diagnosis,cellchat,pDC,CD8 Memory T,SELPLG,SELL,0.00216606693812608,0.95,99,81
782328,Petti2019,Diagnosis,cellchat,Plasma Cell,CD8 Memory T,SELPLG,SELL,0.000981735368718375,0.91,39,81
782328,Petti2019,Diagnosis,cellchat,CD4 Memory T,cDC,SELPLG,SELL,0.0331720674160406,0,33,381
782328,Petti2019,Diagnosis,cellchat,CD8 Memory T,cDC,SELPLG,SELL,0.0353423197460381,0,81,381
782328,Petti2019,Diagnosis,cellchat,cDC,cDC,SELPLG,SELL,0.00735226147772398,0.15,381,381
782328,Petti2019,Diagnosis,cellchat,Cycling Progenitor,cDC,SELPLG,SELL,0.00296420517574121,0.98,142,381
782328,Petti2019,Diagnosis,cellchat,Late GMP,cDC,SELPLG,SELL,0.00528355165609957,0.18,436,381
782328,Petti2019,Diagnosis,cellchat,Monocyte,cDC,SELPLG,SELL,0.0109276643228843,0,8890,381
782328,Petti2019,Diagnosis,cellchat,Naive T,cDC,SELPLG,SELL,0.0407882362446479,0,19,381
782328,Petti2019,Diagnosis,cellchat,NK,cDC,SELPLG,SELL,0.0353057886143584,0,31,381
782328,Petti2019,Diagnosis,cellchat,pDC,cDC,SELPLG,SELL,0.00432436783201527,0.52,99,381
782328,Petti2019,Diagnosis,cellchat,Plasma Cell,cDC,SELPLG,SELL,0.00196227157617426,0.89,39,381
782328,Petti2019,Diagnosis,cellchat,Pro-Monocyte,cDC,SELPLG,SELL,0.00467386897040426,0.18,1741,381
782328,Petti2019,Diagnosis,cellchat,CD4 Memory T,Cycling Progenitor,SELPLG,SELL,0.0407402712319853,0,33,142
782328,Petti2019,Diagnosis,cellchat,CD8 Memory T,Cycling Progenitor,SELPLG,SELL,0.043383448388964,0,81,142
782328,Petti2019,Diagnosis,cellchat,cDC,Cycling Progenitor,SELPLG,SELL,0.00908503338981706,0.1,381,142
782328,Petti2019,Diagnosis,cellchat,Cycling Progenitor,Cycling Progenitor,SELPLG,SELL,0.00366662539949888,0.87,142,142
782328,Petti2019,Diagnosis,cellchat,Late GMP,Cycling Progenitor,SELPLG,SELL,0.006531980851931,0.22,436,142
782328,Petti2019,Diagnosis,cellchat,Monocyte,Cycling Progenitor,SELPLG,SELL,0.0134916298856603,0,8890,142
782328,Petti2019,Diagnosis,cellchat,Naive T,Cycling Progenitor,SELPLG,SELL,0.0500041983343687,0,19,142
782328,Petti2019,Diagnosis,cellchat,NK,Cycling Progenitor,SELPLG,SELL,0.0433389790626153,0,31,142
782328,Petti2019,Diagnosis,cellchat,pDC,Cycling Progenitor,SELPLG,SELL,0.00534737371044652,0.24,99,142
782328,Petti2019,Diagnosis,cellchat,Plasma Cell,Cycling Progenitor,SELPLG,SELL,0.00242784426837673,0.85,39,142
782328,Petti2019,Diagnosis,cellchat,Pro-Monocyte,Cycling Progenitor,SELPLG,SELL,0.0057790756463114,0.23,1741,142
782328,Petti2019,Diagnosis,cellchat,CD4 Memory T,Early GMP,SELPLG,SELL,0.0316841155813748,0,33,174
782328,Petti2019,Diagnosis,cellchat,CD8 Memory T,Early GMP,SELPLG,SELL,0.0337604192828092,0,81,174
782328,Petti2019,Diagnosis,cellchat,cDC,Early GMP,SELPLG,SELL,0.00701406948802412,0.18,381,174
782328,Petti2019,Diagnosis,cellchat,Cycling Progenitor,Early GMP,SELPLG,SELL,0.00282728169617605,0.98,142,174
782328,Petti2019,Diagnosis,cellchat,Late GMP,Early GMP,SELPLG,SELL,0.00504003378291928,0.27,436,174
782328,Petti2019,Diagnosis,cellchat,Monocyte,Early GMP,SELPLG,SELL,0.0104267371667274,0,8890,174
782328,Petti2019,Diagnosis,cellchat,Naive T,Early GMP,SELPLG,SELL,0.0389724277153995,0,19,174
782328,Petti2019,Diagnosis,cellchat,NK,Early GMP,SELPLG,SELL,0.0337254660968517,0,31,174
782328,Petti2019,Diagnosis,cellchat,pDC,Early GMP,SELPLG,SELL,0.00412487523208833,0.63,99,174
782328,Petti2019,Diagnosis,cellchat,Plasma Cell,Early GMP,SELPLG,SELL,0.00187154284684905,0.9,39,174
782328,Petti2019,Diagnosis,cellchat,Pro-Monocyte,Early GMP,SELPLG,SELL,0.00445832530912314,0.32,1741,174
782328,Petti2019,Diagnosis,cellchat,CD4 Memory T,EoBasoMast Precursor,SELPLG,SELL,0.0422088454306164,0,33,37
782328,Petti2019,Diagnosis,cellchat,CD8 Memory T,EoBasoMast Precursor,SELPLG,SELL,0.0449428378371301,0,81,37
782328,Petti2019,Diagnosis,cellchat,cDC,EoBasoMast Precursor,SELPLG,SELL,0.00942373370592307,0.19,381,37
782328,Petti2019,Diagnosis,cellchat,Cycling Progenitor,EoBasoMast Precursor,SELPLG,SELL,0.00380409682935011,0.68,142,37
782328,Petti2019,Diagnosis,cellchat,Late GMP,EoBasoMast Precursor,SELPLG,SELL,0.00677615135492207,0.32,436,37
782328,Petti2019,Diagnosis,cellchat,Monocyte,EoBasoMast Precursor,SELPLG,SELL,0.0139922933314274,0,8890,37
782328,Petti2019,Diagnosis,cellchat,Naive T,EoBasoMast Precursor,SELPLG,SELL,0.0517886827497283,0,19,37
782328,Petti2019,Diagnosis,cellchat,NK,EoBasoMast Precursor,SELPLG,SELL,0.0448968451087747,0,31,37
782328,Petti2019,Diagnosis,cellchat,pDC,EoBasoMast Precursor,SELPLG,SELL,0.00554750994844746,0.32,99,37
782328,Petti2019,Diagnosis,cellchat,Plasma Cell,EoBasoMast Precursor,SELPLG,SELL,0.00251898796085352,0.84,39,37
782328,Petti2019,Diagnosis,cellchat,Pro-Monocyte,EoBasoMast Precursor,SELPLG,SELL,0.00599527181103073,0.32,1741,37
782328,Petti2019,Diagnosis,cellchat,CD4 Memory T,HSC MPP,SELPLG,SELL,0.0675907770470248,0,33,125
782328,Petti2019,Diagnosis,cellchat,CD8 Memory T,HSC MPP,SELPLG,SELL,0.0718455087104572,0,81,125
782328,Petti2019,Diagnosis,cellchat,cDC,HSC MPP,SELPLG,SELL,0.0154077676294789,0,381,125
782328,Petti2019,Diagnosis,cellchat,Cycling Progenitor,HSC MPP,SELPLG,SELL,0.00624217015323529,0.23,142,125
782328,Petti2019,Diagnosis,cellchat,Late GMP,HSC MPP,SELPLG,SELL,0.0110978160700884,0.01,436,125
782328,Petti2019,Diagnosis,cellchat,Monocyte,HSC MPP,SELPLG,SELL,0.022810541374805,0,8890,125
782328,Petti2019,Diagnosis,cellchat,Naive T,HSC MPP,SELPLG,SELL,0.0824355495153212,0,19,125
782328,Petti2019,Diagnosis,cellchat,NK,HSC MPP,SELPLG,SELL,0.0717740538574755,0,31,125
782328,Petti2019,Diagnosis,cellchat,pDC,HSC MPP,SELPLG,SELL,0.00909275069087715,0.09,99,125
782328,Petti2019,Diagnosis,cellchat,Plasma Cell,HSC MPP,SELPLG,SELL,0.00413684592942179,0.53,39,125
782328,Petti2019,Diagnosis,cellchat,Pro-Monocyte,HSC MPP,SELPLG,SELL,0.00982383642835769,0.04,1741,125
782328,Petti2019,Diagnosis,cellchat,CD4 Memory T,Late GMP,SELPLG,SELL,0.00637223018486447,0.11,33,436
782328,Petti2019,Diagnosis,cellchat,CD8 Memory T,Late GMP,SELPLG,SELL,0.00680146208662398,0.09,81,436
782328,Petti2019,Diagnosis,cellchat,cDC,Late GMP,SELPLG,SELL,0.0013825133630685,0.99,381,436
782328,Petti2019,Diagnosis,cellchat,Naive T,Late GMP,SELPLG,SELL,0.00788545271946463,0.14,19,436
782328,Petti2019,Diagnosis,cellchat,NK,Late GMP,SELPLG,SELL,0.00679422406427096,0.15,31,436
782328,Petti2019,Diagnosis,cellchat,pDC,Late GMP,SELPLG,SELL,0.000811141678121254,0.97,99,436
782328,Petti2019,Diagnosis,cellchat,Plasma Cell,Late GMP,SELPLG,SELL,0.000367364312860705,0.93,39,436
782328,Petti2019,Diagnosis,cellchat,CD4 Memory T,LMPP,SELPLG,SELL,0.0609414366044692,0,33,262
782328,Petti2019,Diagnosis,cellchat,CD8 Memory T,LMPP,SELPLG,SELL,0.0648066950909188,0,81,262
782328,Petti2019,Diagnosis,cellchat,cDC,LMPP,SELPLG,SELL,0.0138159395865284,0,381,262
782328,Petti2019,Diagnosis,cellchat,Cycling Progenitor,LMPP,SELPLG,SELL,0.00559189267683561,0.17,142,262
782328,Petti2019,Diagnosis,cellchat,Late GMP,LMPP,SELPLG,SELL,0.00994676518721838,0.02,436,262
782328,Petti2019,Diagnosis,cellchat,Monocyte,LMPP,SELPLG,SELL,0.0204698084078748,0,8890,262
782328,Petti2019,Diagnosis,cellchat,Naive T,LMPP,SELPLG,SELL,0.0744424277678022,0,19,262
782328,Petti2019,Diagnosis,cellchat,NK,LMPP,SELPLG,SELL,0.0647417524682712,0,31,262
782328,Petti2019,Diagnosis,cellchat,pDC,LMPP,SELPLG,SELL,0.00814794906555092,0.1,99,262
782328,Petti2019,Diagnosis,cellchat,Plasma Cell,LMPP,SELPLG,SELL,0.00370507269386806,0.7,39,262
782328,Petti2019,Diagnosis,cellchat,Pro-Monocyte,LMPP,SELPLG,SELL,0.00880374469595509,0.09,1741,262
782328,Petti2019,Diagnosis,cellchat,CD4 Memory T,Monocyte,SELPLG,SELL,0.0147984645072299,0.01,33,8890
782328,Petti2019,Diagnosis,cellchat,CD8 Memory T,Monocyte,SELPLG,SELL,0.0157862679622133,0,81,8890
782328,Petti2019,Diagnosis,cellchat,cDC,Monocyte,SELPLG,SELL,0.00323212422559477,0.99,381,8890
782328,Petti2019,Diagnosis,cellchat,Monocyte,Monocyte,SELPLG,SELL,0.00481362150798768,0,8890,8890
782328,Petti2019,Diagnosis,cellchat,Naive T,Monocyte,SELPLG,SELL,0.0182758724900481,0,19,8890
782328,Petti2019,Diagnosis,cellchat,NK,Monocyte,SELPLG,SELL,0.0157696202469806,0,31,8890
782328,Petti2019,Diagnosis,cellchat,pDC,Monocyte,SELPLG,SELL,0.00189778929279962,0.95,99,8890
782328,Petti2019,Diagnosis,cellchat,Plasma Cell,Monocyte,SELPLG,SELL,0.000860016369960103,0.91,39,8890
782328,Petti2019,Diagnosis,cellchat,CD4 Memory T,Naive T,SELPLG,SELL,0.0639191463458742,0,33,19
782328,Petti2019,Diagnosis,cellchat,CD8 Memory T,Naive T,SELPLG,SELL,0.0679596003680897,0,81,19
782328,Petti2019,Diagnosis,cellchat,cDC,Naive T,SELPLG,SELL,0.0145266319176897,0.02,381,19
782328,Petti2019,Diagnosis,cellchat,Cycling Progenitor,Naive T,SELPLG,SELL,0.0058820630370756,0.32,142,19
782328,Petti2019,Diagnosis,cellchat,Late GMP,Naive T,SELPLG,SELL,0.0104605382084214,0.15,436,19
782328,Petti2019,Diagnosis,cellchat,Monocyte,Naive T,SELPLG,SELL,0.0215153086185265,0,8890,19
782328,Petti2019,Diagnosis,cellchat,Naive T,Naive T,SELPLG,SELL,0.0780250084573282,0,19,19
782328,Petti2019,Diagnosis,cellchat,NK,Naive T,SELPLG,SELL,0.067891727597021,0,31,19
782328,Petti2019,Diagnosis,cellchat,pDC,Naive T,SELPLG,SELL,0.00856961337454912,0.26,99,19
782328,Petti2019,Diagnosis,cellchat,Plasma Cell,Naive T,SELPLG,SELL,0.00389771735606132,0.48,39,19
782328,Petti2019,Diagnosis,cellchat,Pro-Monocyte,Naive T,SELPLG,SELL,0.00925903025332908,0.23,1741,19
782328,Petti2019,Diagnosis,cellchat,CD4 Memory T,NK,SELPLG,SELL,0.0224052515783033,0.01,33,31
782328,Petti2019,Diagnosis,cellchat,CD8 Memory T,NK,SELPLG,SELL,0.0238884994024735,0,81,31
782328,Petti2019,Diagnosis,cellchat,cDC,NK,SELPLG,SELL,0.00492322846157143,0.37,381,31
782328,Petti2019,Diagnosis,cellchat,Cycling Progenitor,NK,SELPLG,SELL,0.00198199931506261,0.97,142,31
782328,Petti2019,Diagnosis,cellchat,Late GMP,NK,SELPLG,SELL,0.00353554269068387,0.79,436,31
782328,Petti2019,Diagnosis,cellchat,Monocyte,NK,SELPLG,SELL,0.00732611116114675,0.33,8890,31
782328,Petti2019,Diagnosis,cellchat,Naive T,NK,SELPLG,SELL,0.0276200239823134,0.02,19,31
782328,Petti2019,Diagnosis,cellchat,NK,NK,SELPLG,SELL,0.0238635144908542,0.02,31,31
782328,Petti2019,Diagnosis,cellchat,pDC,NK,SELPLG,SELL,0.00289277215626955,0.82,99,31
782328,Petti2019,Diagnosis,cellchat,Plasma Cell,NK,SELPLG,SELL,0.00131162523338097,0.89,39,31
782328,Petti2019,Diagnosis,cellchat,Pro-Monocyte,NK,SELPLG,SELL,0.0031269332034697,0.91,1741,31
782328,Petti2019,Diagnosis,cellchat,CD4 Memory T,pDC,SELPLG,SELL,0.0493857555814159,0,33,99
782328,Petti2019,Diagnosis,cellchat,CD8 Memory T,pDC,SELPLG,SELL,0.0525591079103509,0,81,99
782328,Petti2019,Diagnosis,cellchat,cDC,pDC,SELPLG,SELL,0.011090632433466,0,381,99
782328,Petti2019,Diagnosis,cellchat,Cycling Progenitor,pDC,SELPLG,SELL,0.00448147411291123,0.39,142,99
782328,Petti2019,Diagnosis,cellchat,Late GMP,pDC,SELPLG,SELL,0.0079785096316934,0.16,436,99
782328,Petti2019,Diagnosis,cellchat,Monocyte,pDC,SELPLG,SELL,0.0164538699255892,0,8890,99
782328,Petti2019,Diagnosis,cellchat,Naive T,pDC,SELPLG,SELL,0.0604916078812731,0,19,99
782328,Petti2019,Diagnosis,cellchat,NK,pDC,SELPLG,SELL,0.0525057494891949,0,31,99
782328,Petti2019,Diagnosis,cellchat,pDC,pDC,SELPLG,SELL,0.00653329249907938,0.18,99,99
782328,Petti2019,Diagnosis,cellchat,Plasma Cell,pDC,SELPLG,SELL,0.00296821388920435,0.79,39,99
782328,Petti2019,Diagnosis,cellchat,Pro-Monocyte,pDC,SELPLG,SELL,0.0070600559626961,0.18,1741,99
782328,Petti2019,Diagnosis,cellchat,CD4 Memory T,Pro-Monocyte,SELPLG,SELL,0.011278282922073,0.02,33,1741
782328,Petti2019,Diagnosis,cellchat,CD8 Memory T,Pro-Monocyte,SELPLG,SELL,0.0120339829823161,0,81,1741
782328,Petti2019,Diagnosis,cellchat,cDC,Pro-Monocyte,SELPLG,SELL,0.00245642339068963,0.99,381,1741
782328,Petti2019,Diagnosis,cellchat,Naive T,Pro-Monocyte,SELPLG,SELL,0.0139402075981888,0.01,19,1741
782328,Petti2019,Diagnosis,cellchat,NK,Pro-Monocyte,SELPLG,SELL,0.012021243980449,0,31,1741
782328,Petti2019,Diagnosis,cellchat,pDC,Pro-Monocyte,SELPLG,SELL,0.00144186190052479,0.95,99,1741
782328,Petti2019,Diagnosis,cellchat,Plasma Cell,Pro-Monocyte,SELPLG,SELL,0.000653241734449082,0.93,39,1741
782328,Petti2019,Diagnosis,cellchat,cDC,cDC,SEMA4A,PLXNB2,0.00169516904895128,0,381,381
782328,Petti2019,Diagnosis,cellchat,pDC,cDC,SEMA4A,PLXNB2,0.00134263207706828,0,99,381
782328,Petti2019,Diagnosis,cellchat,cDC,Monocyte,SEMA4A,PLXNB2,0.00252260713207472,0,381,8890
782328,Petti2019,Diagnosis,cellchat,pDC,Monocyte,SEMA4A,PLXNB2,0.00199833589747007,0,99,8890
782328,Petti2019,Diagnosis,cellchat,Cycling Progenitor,cDC,SEMA4D,PLXNB2,0.000802272476214617,0.02,142,381
782328,Petti2019,Diagnosis,cellchat,Early GMP,cDC,SEMA4D,PLXNB2,0.00096739779515349,0,174,381
782328,Petti2019,Diagnosis,cellchat,LMPP,cDC,SEMA4D,PLXNB2,0.000697114174680615,0,262,381
782328,Petti2019,Diagnosis,cellchat,NK,cDC,SEMA4D,PLXNB2,0.00252874061663483,0.02,31,381
782328,Petti2019,Diagnosis,cellchat,pDC,cDC,SEMA4D,PLXNB2,0.00146093707256512,0.01,99,381
782328,Petti2019,Diagnosis,cellchat,Cycling Progenitor,Monocyte,SEMA4D,PLXNB2,0.00119439545528867,0.02,142,8890
782328,Petti2019,Diagnosis,cellchat,Early GMP,Monocyte,SEMA4D,PLXNB2,0.00144011198556483,0,174,8890
782328,Petti2019,Diagnosis,cellchat,LMPP,Monocyte,SEMA4D,PLXNB2,0.00103789280899106,0,262,8890
782328,Petti2019,Diagnosis,cellchat,NK,Monocyte,SEMA4D,PLXNB2,0.00376152471696579,0,31,8890
782328,Petti2019,Diagnosis,cellchat,pDC,Monocyte,SEMA4D,PLXNB2,0.0021742919394824,0.01,99,8890
782328,Petti2019,Diagnosis,cellchat,Cycling Progenitor,cDC,SEMA4D,CD72,0.000778251985549053,0,142,381
782328,Petti2019,Diagnosis,cellchat,Early GMP,cDC,SEMA4D,CD72,0.000938438002568868,0,174,381
782328,Petti2019,Diagnosis,cellchat,LMPP,cDC,SEMA4D,CD72,0.000676240052053933,0,262,381
782328,Petti2019,Diagnosis,cellchat,NK,cDC,SEMA4D,CD72,0.00245315560452532,0,31,381
782328,Petti2019,Diagnosis,cellchat,pDC,cDC,SEMA4D,CD72,0.00141722376340834,0,99,381
782328,Petti2019,Diagnosis,cellchat,CD4 Memory T,CD4 Memory T,CD55,ADGRE5,0.00447434896173746,0.68,33,33
782328,Petti2019,Diagnosis,cellchat,cDC,CD4 Memory T,CD55,ADGRE5,0.00376224543204978,0.91,381,33
782328,Petti2019,Diagnosis,cellchat,Cycling Progenitor,CD4 Memory T,CD55,ADGRE5,0.00133325157371831,0.94,142,33
782328,Petti2019,Diagnosis,cellchat,EoBasoMast Precursor,CD4 Memory T,CD55,ADGRE5,0.00363342515364414,0.85,37,33
782328,Petti2019,Diagnosis,cellchat,HSC MPP,CD4 Memory T,CD55,ADGRE5,0.0022025245501083,0.94,125,33
782328,Petti2019,Diagnosis,cellchat,Monocyte,CD4 Memory T,CD55,ADGRE5,0.0139370547508117,0.03,8890,33
782328,Petti2019,Diagnosis,cellchat,Naive T,CD4 Memory T,CD55,ADGRE5,0.00556127839608972,0.6,19,33
782328,Petti2019,Diagnosis,cellchat,pDC,CD4 Memory T,CD55,ADGRE5,0.000605186909498738,0.94,99,33
782328,Petti2019,Diagnosis,cellchat,Plasma Cell,CD4 Memory T,CD55,ADGRE5,0.00173184184743534,0.94,39,33
782328,Petti2019,Diagnosis,cellchat,CD4 Memory T,CD8 Memory T,CD55,ADGRE5,0.00512318990427896,0.54,33,81
782328,Petti2019,Diagnosis,cellchat,cDC,CD8 Memory T,CD55,ADGRE5,0.00430826865029025,0.88,381,81
782328,Petti2019,Diagnosis,cellchat,EoBasoMast Precursor,CD8 Memory T,CD55,ADGRE5,0.0041608304770868,0.85,37,81
782328,Petti2019,Diagnosis,cellchat,Monocyte,CD8 Memory T,CD55,ADGRE5,0.0159361494643609,0,8890,81
782328,Petti2019,Diagnosis,cellchat,Naive T,CD8 Memory T,CD55,ADGRE5,0.00636673073470297,0.54,19,81
782328,Petti2019,Diagnosis,cellchat,Monocyte,cDC,CD55,ADGRE5,0.00627131935274616,0,8890,381
782328,Petti2019,Diagnosis,cellchat,Naive T,cDC,CD55,ADGRE5,0.00249079649701809,0.97,19,381
782328,Petti2019,Diagnosis,cellchat,CD4 Memory T,Monocyte,CD55,ADGRE5,0.00489193720493647,0.61,33,8890
782328,Petti2019,Diagnosis,cellchat,EoBasoMast Precursor,Monocyte,CD55,ADGRE5,0.00397284369549338,0.91,37,8890
782328,Petti2019,Diagnosis,cellchat,Monocyte,Monocyte,CD55,ADGRE5,0.0152242857842097,0,8890,8890
782328,Petti2019,Diagnosis,cellchat,Naive T,Monocyte,CD55,ADGRE5,0.00607968958591471,0.53,19,8890
782328,Petti2019,Diagnosis,cellchat,CD4 Memory T,Naive T,CD55,ADGRE5,0.00427923796328835,0.63,33,19
782328,Petti2019,Diagnosis,cellchat,cDC,Naive T,CD55,ADGRE5,0.00359807459300774,0.76,381,19
782328,Petti2019,Diagnosis,cellchat,Cycling Progenitor,Naive T,CD55,ADGRE5,0.00127493763320665,0.89,142,19
782328,Petti2019,Diagnosis,cellchat,EoBasoMast Precursor,Naive T,CD55,ADGRE5,0.00347485596073102,0.77,37,19
782328,Petti2019,Diagnosis,cellchat,HSC MPP,Naive T,CD55,ADGRE5,0.00210627041683707,0.87,125,19
782328,Petti2019,Diagnosis,cellchat,Monocyte,Naive T,CD55,ADGRE5,0.0133348348018546,0.09,8890,19
782328,Petti2019,Diagnosis,cellchat,Naive T,Naive T,CD55,ADGRE5,0.00531902337650137,0.54,19,19
782328,Petti2019,Diagnosis,cellchat,pDC,Naive T,CD55,ADGRE5,0.000578698708507029,0.91,99,19
782328,Petti2019,Diagnosis,cellchat,Plasma Cell,Naive T,CD55,ADGRE5,0.00165612322149675,0.88,39,19
782328,Petti2019,Diagnosis,cellchat,CD4 Memory T,NK,CD55,ADGRE5,0.0138224559190986,0.1,33,31
782328,Petti2019,Diagnosis,cellchat,cDC,NK,CD55,ADGRE5,0.0116399738937099,0.1,381,31
782328,Petti2019,Diagnosis,cellchat,Cycling Progenitor,NK,CD55,ADGRE5,0.00414610073885477,0.83,142,31
782328,Petti2019,Diagnosis,cellchat,EoBasoMast Precursor,NK,CD55,ADGRE5,0.0112444625946515,0.21,37,31
782328,Petti2019,Diagnosis,cellchat,HSC MPP,NK,CD55,ADGRE5,0.00683678135602725,0.39,125,31
782328,Petti2019,Diagnosis,cellchat,Monocyte,NK,CD55,ADGRE5,0.0422168910463666,0,8890,31
782328,Petti2019,Diagnosis,cellchat,Naive T,NK,CD55,ADGRE5,0.0171411699243344,0.1,19,31
782328,Petti2019,Diagnosis,cellchat,pDC,NK,CD55,ADGRE5,0.00188488896445098,0.94,99,31
782328,Petti2019,Diagnosis,cellchat,Plasma Cell,NK,CD55,ADGRE5,0.00538109214187676,0.6,39,31
782328,Petti2019,Diagnosis,cellchat,CD4 Memory T,pDC,CD55,ADGRE5,0.00215633356058488,0.99,33,99
782328,Petti2019,Diagnosis,cellchat,cDC,pDC,CD55,ADGRE5,0.00181247616505497,0.99,381,99
782328,Petti2019,Diagnosis,cellchat,EoBasoMast Precursor,pDC,CD55,ADGRE5,0.0017502992095742,0.99,37,99
782328,Petti2019,Diagnosis,cellchat,HSC MPP,pDC,CD55,ADGRE5,0.00106021442043182,0.99,125,99
782328,Petti2019,Diagnosis,cellchat,Monocyte,pDC,CD55,ADGRE5,0.00674995688962837,0.01,8890,99
782328,Petti2019,Diagnosis,cellchat,Naive T,pDC,CD55,ADGRE5,0.00268167687659598,0.93,19,99
782328,Petti2019,Diagnosis,cellchat,CD4 Memory T,Plasma Cell,CD55,ADGRE5,0.000730702381517413,0.98,33,39
782328,Petti2019,Diagnosis,cellchat,cDC,Plasma Cell,CD55,ADGRE5,0.000614041821811596,0.98,381,39
782328,Petti2019,Diagnosis,cellchat,Cycling Progenitor,Plasma Cell,CD55,ADGRE5,0.000217158970958364,0.98,142,39
782328,Petti2019,Diagnosis,cellchat,EoBasoMast Precursor,Plasma Cell,CD55,ADGRE5,0.000592952708556998,0.98,37,39
782328,Petti2019,Diagnosis,cellchat,HSC MPP,Plasma Cell,CD55,ADGRE5,0.000359007065133472,0.98,125,39
782328,Petti2019,Diagnosis,cellchat,Monocyte,Plasma Cell,CD55,ADGRE5,0.0022942957651228,0.96,8890,39
782328,Petti2019,Diagnosis,cellchat,Naive T,Plasma Cell,CD55,ADGRE5,0.000909038382445035,0.95,19,39
782328,Petti2019,Diagnosis,cellchat,pDC,Plasma Cell,CD55,ADGRE5,9.85122480965808e-05,0.98,99,39
782328,Petti2019,Diagnosis,cellchat,Plasma Cell,Plasma Cell,CD55,ADGRE5,0.000282175320846047,0.98,39,39
782328,Petti2019,Diagnosis,cellchat,cDC,CD4 Memory T,APP,SORL1,0.0181697212283809,0,381,33
782328,Petti2019,Diagnosis,cellchat,Cycling Progenitor,CD4 Memory T,APP,SORL1,0.0252020433760316,0,142,33
782328,Petti2019,Diagnosis,cellchat,Early GMP,CD4 Memory T,APP,SORL1,0.0193154234046449,0,174,33
782328,Petti2019,Diagnosis,cellchat,HSC MPP,CD4 Memory T,APP,SORL1,0.0230185705803939,0,125,33
782328,Petti2019,Diagnosis,cellchat,Late GMP,CD4 Memory T,APP,SORL1,0.0201355766916587,0,436,33
782328,Petti2019,Diagnosis,cellchat,LMPP,CD4 Memory T,APP,SORL1,0.0217608392070369,0,262,33
782328,Petti2019,Diagnosis,cellchat,Monocyte,CD4 Memory T,APP,SORL1,0.00999650149254943,0.3,8890,33
782328,Petti2019,Diagnosis,cellchat,Naive T,CD4 Memory T,APP,SORL1,0.00560580131668417,0.54,19,33
782328,Petti2019,Diagnosis,cellchat,pDC,CD4 Memory T,APP,SORL1,0.0233088414700132,0,99,33
782328,Petti2019,Diagnosis,cellchat,Pro-Monocyte,CD4 Memory T,APP,SORL1,0.0102896461137509,0.24,1741,33
782328,Petti2019,Diagnosis,cellchat,cDC,cDC,APP,SORL1,0.00524707892713426,0.74,381,381
782328,Petti2019,Diagnosis,cellchat,Cycling Progenitor,cDC,APP,SORL1,0.00731514721513438,0.6,142,381
782328,Petti2019,Diagnosis,cellchat,Early GMP,cDC,APP,SORL1,0.00558256960247761,0.74,174,381
782328,Petti2019,Diagnosis,cellchat,HSC MPP,cDC,APP,SORL1,0.00667076727959401,0.7,125,381
782328,Petti2019,Diagnosis,cellchat,Late GMP,cDC,APP,SORL1,0.00582307378500533,0.74,436,381
782328,Petti2019,Diagnosis,cellchat,LMPP,cDC,APP,SORL1,0.00630051703642696,0.73,262,381
782328,Petti2019,Diagnosis,cellchat,Naive T,cDC,APP,SORL1,0.00160425120180723,0.9,19,381
782328,Petti2019,Diagnosis,cellchat,pDC,cDC,APP,SORL1,0.00675631323474368,0.67,99,381
782328,Petti2019,Diagnosis,cellchat,cDC,Cycling Progenitor,APP,SORL1,0.0156713437605961,0,381,142
782328,Petti2019,Diagnosis,cellchat,Cycling Progenitor,Cycling Progenitor,APP,SORL1,0.0217581344215434,0,142,142
782328,Petti2019,Diagnosis,cellchat,Early GMP,Cycling Progenitor,APP,SORL1,0.0166621827954101,0,174,142
782328,Petti2019,Diagnosis,cellchat,HSC MPP,Cycling Progenitor,APP,SORL1,0.0198669564158672,0.01,125,142
782328,Petti2019,Diagnosis,cellchat,Late GMP,Cycling Progenitor,APP,SORL1,0.0173716723112491,0,436,142
782328,Petti2019,Diagnosis,cellchat,LMPP,Cycling Progenitor,APP,SORL1,0.018778118935075,0,262,142
782328,Petti2019,Diagnosis,cellchat,Monocyte,Cycling Progenitor,APP,SORL1,0.00861210238787108,0.46,8890,142
782328,Petti2019,Diagnosis,cellchat,Naive T,Cycling Progenitor,APP,SORL1,0.00482649864281058,0.68,19,142
782328,Petti2019,Diagnosis,cellchat,pDC,Cycling Progenitor,APP,SORL1,0.0201183029269936,0,99,142
782328,Petti2019,Diagnosis,cellchat,Pro-Monocyte,Cycling Progenitor,APP,SORL1,0.00886501341903182,0.4,1741,142
782328,Petti2019,Diagnosis,cellchat,cDC,Early GMP,APP,SORL1,0.0167107889499433,0,381,174
782328,Petti2019,Diagnosis,cellchat,Cycling Progenitor,Early GMP,APP,SORL1,0.0231917906927429,0,142,174
782328,Petti2019,Diagnosis,cellchat,Early GMP,Early GMP,APP,SORL1,0.017766161938647,0,174,174
782328,Petti2019,Diagnosis,cellchat,HSC MPP,Early GMP,APP,SORL1,0.0211786996505581,0,125,174
782328,Petti2019,Diagnosis,cellchat,Late GMP,Early GMP,APP,SORL1,0.0185217743677529,0,436,174
782328,Petti2019,Diagnosis,cellchat,LMPP,Early GMP,APP,SORL1,0.0200194385816437,0,262,174
782328,Petti2019,Diagnosis,cellchat,Monocyte,Early GMP,APP,SORL1,0.00918769426793766,0.27,8890,174
782328,Petti2019,Diagnosis,cellchat,Naive T,Early GMP,APP,SORL1,0.00515039323979925,0.66,19,174
782328,Petti2019,Diagnosis,cellchat,pDC,Early GMP,APP,SORL1,0.021446278536271,0,99,174
782328,Petti2019,Diagnosis,cellchat,Pro-Monocyte,Early GMP,APP,SORL1,0.00945734741737552,0.22,1741,174
782328,Petti2019,Diagnosis,cellchat,cDC,EoBasoMast Precursor,APP,SORL1,0.00258835512891527,0.99,381,37
782328,Petti2019,Diagnosis,cellchat,Cycling Progenitor,EoBasoMast Precursor,APP,SORL1,0.0036123271527738,0.81,142,37
782328,Petti2019,Diagnosis,cellchat,Early GMP,EoBasoMast Precursor,APP,SORL1,0.00275432152142863,0.98,174,37
782328,Petti2019,Diagnosis,cellchat,HSC MPP,EoBasoMast Precursor,APP,SORL1,0.0032930408498649,0.9,125,37
782328,Petti2019,Diagnosis,cellchat,Late GMP,EoBasoMast Precursor,APP,SORL1,0.00287333325302286,0.97,436,37
782328,Petti2019,Diagnosis,cellchat,LMPP,EoBasoMast Precursor,APP,SORL1,0.00310967899388614,0.94,262,37
782328,Petti2019,Diagnosis,cellchat,Naive T,EoBasoMast Precursor,APP,SORL1,0.000789902554928603,0.9,19,37
782328,Petti2019,Diagnosis,cellchat,pDC,EoBasoMast Precursor,APP,SORL1,0.00333541627034979,0.86,99,37
782328,Petti2019,Diagnosis,cellchat,cDC,HSC MPP,APP,SORL1,0.0152841232551983,0,381,125
782328,Petti2019,Diagnosis,cellchat,Cycling Progenitor,HSC MPP,APP,SORL1,0.0212237592837277,0,142,125
782328,Petti2019,Diagnosis,cellchat,Early GMP,HSC MPP,APP,SORL1,0.0162508840168195,0,174,125
782328,Petti2019,Diagnosis,cellchat,HSC MPP,HSC MPP,APP,SORL1,0.0193781081335975,0.01,125,125
782328,Petti2019,Diagnosis,cellchat,Late GMP,HSC MPP,APP,SORL1,0.0169431618517801,0,436,125
782328,Petti2019,Diagnosis,cellchat,LMPP,HSC MPP,APP,SORL1,0.0183155620370219,0,262,125
782328,Petti2019,Diagnosis,cellchat,Monocyte,HSC MPP,APP,SORL1,0.00839781933373938,0.55,8890,125
782328,Petti2019,Diagnosis,cellchat,Naive T,HSC MPP,APP,SORL1,0.00470596042619663,0.63,19,125
782328,Petti2019,Diagnosis,cellchat,pDC,HSC MPP,APP,SORL1,0.019623393811731,0,99,125
782328,Petti2019,Diagnosis,cellchat,Pro-Monocyte,HSC MPP,APP,SORL1,0.00864449239979966,0.47,1741,125
782328,Petti2019,Diagnosis,cellchat,cDC,Late GMP,APP,SORL1,0.0155827882121382,0,381,436
782328,Petti2019,Diagnosis,cellchat,Cycling Progenitor,Late GMP,APP,SORL1,0.0216359396882695,0,142,436
782328,Petti2019,Diagnosis,cellchat,Early GMP,Late GMP,APP,SORL1,0.0165681224611336,0,174,436
782328,Petti2019,Diagnosis,cellchat,HSC MPP,Late GMP,APP,SORL1,0.0197551681441733,0,125,436
782328,Petti2019,Diagnosis,cellchat,Late GMP,Late GMP,APP,SORL1,0.0172736771664386,0,436,436
782328,Petti2019,Diagnosis,cellchat,LMPP,Late GMP,APP,SORL1,0.0186723406633838,0,262,436
782328,Petti2019,Diagnosis,cellchat,Monocyte,Late GMP,APP,SORL1,0.00856309014137704,0.38,8890,436
782328,Petti2019,Diagnosis,cellchat,Naive T,Late GMP,APP,SORL1,0.00479892631928087,0.66,19,436
782328,Petti2019,Diagnosis,cellchat,pDC,Late GMP,APP,SORL1,0.0200051292340984,0,99,436
782328,Petti2019,Diagnosis,cellchat,Pro-Monocyte,Late GMP,APP,SORL1,0.00881457463057029,0.3,1741,436
782328,Petti2019,Diagnosis,cellchat,cDC,LMPP,APP,SORL1,0.0212791935153142,0,381,262
782328,Petti2019,Diagnosis,cellchat,Cycling Progenitor,LMPP,APP,SORL1,0.0294788573552202,0,142,262
782328,Petti2019,Diagnosis,cellchat,Early GMP,LMPP,APP,SORL1,0.0226164487872739,0,174,262
782328,Petti2019,Diagnosis,cellchat,HSC MPP,LMPP,APP,SORL1,0.0269350853633632,0,125,262
782328,Petti2019,Diagnosis,cellchat,Late GMP,LMPP,APP,SORL1,0.0235733978556994,0,436,262
782328,Petti2019,Diagnosis,cellchat,LMPP,LMPP,APP,SORL1,0.025468934897712,0,262,262
782328,Petti2019,Diagnosis,cellchat,Monocyte,LMPP,APP,SORL1,0.0117239531792983,0,8890,262
782328,Petti2019,Diagnosis,cellchat,Naive T,LMPP,APP,SORL1,0.0065795578825633,0.65,19,262
782328,Petti2019,Diagnosis,cellchat,pDC,LMPP,APP,SORL1,0.0272733659228632,0,99,262
782328,Petti2019,Diagnosis,cellchat,Pro-Monocyte,LMPP,APP,SORL1,0.0120671373820656,0,1741,262
782328,Petti2019,Diagnosis,cellchat,cDC,Monocyte,APP,SORL1,0.0170048473150628,0,381,8890
782328,Petti2019,Diagnosis,cellchat,Cycling Progenitor,Monocyte,APP,SORL1,0.0235971578184487,0,142,8890
782328,Petti2019,Diagnosis,cellchat,Early GMP,Monocyte,APP,SORL1,0.018078450168232,0,174,8890
782328,Petti2019,Diagnosis,cellchat,HSC MPP,Monocyte,APP,SORL1,0.0215496564101784,0,125,8890
782328,Petti2019,Diagnosis,cellchat,Late GMP,Monocyte,APP,SORL1,0.0188470896710006,0,436,8890
782328,Petti2019,Diagnosis,cellchat,LMPP,Monocyte,APP,SORL1,0.0203705128108145,0,262,8890
782328,Petti2019,Diagnosis,cellchat,Monocyte,Monocyte,APP,SORL1,0.0093506282648687,0,8890,8890
782328,Petti2019,Diagnosis,cellchat,Naive T,Monocyte,APP,SORL1,0.00524210879303449,0.81,19,8890
782328,Petti2019,Diagnosis,cellchat,pDC,Monocyte,APP,SORL1,0.0218218176023431,0,99,8890
782328,Petti2019,Diagnosis,cellchat,Pro-Monocyte,Monocyte,APP,SORL1,0.00962501697268438,0,1741,8890
782328,Petti2019,Diagnosis,cellchat,cDC,Naive T,APP,SORL1,0.00647406095704551,0.59,381,19
782328,Petti2019,Diagnosis,cellchat,Cycling Progenitor,Naive T,APP,SORL1,0.00902134261570303,0.47,142,19
782328,Petti2019,Diagnosis,cellchat,Early GMP,Naive T,APP,SORL1,0.00688745991615018,0.58,174,19
782328,Petti2019,Diagnosis,cellchat,HSC MPP,Naive T,APP,SORL1,0.00822791231808671,0.52,125,19
782328,Petti2019,Diagnosis,cellchat,Late GMP,Naive T,APP,SORL1,0.00718377431666001,0.57,436,19
782328,Petti2019,Diagnosis,cellchat,LMPP,Naive T,APP,SORL1,0.00777191144859509,0.56,262,19
782328,Petti2019,Diagnosis,cellchat,Monocyte,Naive T,APP,SORL1,0.00354287356965352,0.81,8890,19
782328,Petti2019,Diagnosis,cellchat,Naive T,Naive T,APP,SORL1,0.0019810873358373,0.84,19,19
782328,Petti2019,Diagnosis,cellchat,pDC,Naive T,APP,SORL1,0.00833325958650655,0.52,99,19
782328,Petti2019,Diagnosis,cellchat,Pro-Monocyte,Naive T,APP,SORL1,0.00364746460588693,0.8,1741,19
782328,Petti2019,Diagnosis,cellchat,cDC,NK,APP,SORL1,0.00708764279816006,0.56,381,31
782328,Petti2019,Diagnosis,cellchat,Cycling Progenitor,NK,APP,SORL1,0.00987394484595611,0.3,142,31
782328,Petti2019,Diagnosis,cellchat,Early GMP,NK,APP,SORL1,0.00753992447722372,0.52,174,31
782328,Petti2019,Diagnosis,cellchat,HSC MPP,NK,APP,SORL1,0.00900620937201954,0.39,125,31
782328,Petti2019,Diagnosis,cellchat,Late GMP,NK,APP,SORL1,0.00786408712698471,0.48,436,31
782328,Petti2019,Diagnosis,cellchat,LMPP,NK,APP,SORL1,0.00850744434271517,0.44,262,31
782328,Petti2019,Diagnosis,cellchat,Monocyte,NK,APP,SORL1,0.00387973572874194,0.76,8890,31
782328,Petti2019,Diagnosis,cellchat,Naive T,NK,APP,SORL1,0.00216977568057328,0.88,19,31
782328,Petti2019,Diagnosis,cellchat,pDC,NK,APP,SORL1,0.00912143003013158,0.34,99,31
782328,Petti2019,Diagnosis,cellchat,Pro-Monocyte,NK,APP,SORL1,0.00399423158755267,0.72,1741,31
782328,Petti2019,Diagnosis,cellchat,cDC,pDC,APP,SORL1,0.014234782777679,0,381,99
782328,Petti2019,Diagnosis,cellchat,Cycling Progenitor,pDC,APP,SORL1,0.0197748187200993,0,142,99
782328,Petti2019,Diagnosis,cellchat,Early GMP,pDC,APP,SORL1,0.0151361902459991,0,174,99
782328,Petti2019,Diagnosis,cellchat,HSC MPP,pDC,APP,SORL1,0.0180528456757776,0.01,125,99
782328,Petti2019,Diagnosis,cellchat,Late GMP,pDC,APP,SORL1,0.0157817445803629,0,436,99
782328,Petti2019,Diagnosis,cellchat,LMPP,pDC,APP,SORL1,0.0170617024321235,0,262,99
782328,Petti2019,Diagnosis,cellchat,Monocyte,pDC,APP,SORL1,0.00781750875095796,0.54,8890,99
782328,Petti2019,Diagnosis,cellchat,Naive T,pDC,APP,SORL1,0.0043796398610507,0.67,19,99
782328,Petti2019,Diagnosis,cellchat,pDC,pDC,APP,SORL1,0.0182816690822024,0,99,99
782328,Petti2019,Diagnosis,cellchat,Pro-Monocyte,pDC,APP,SORL1,0.00804727441686758,0.49,1741,99
782328,Petti2019,Diagnosis,cellchat,cDC,Pro-Monocyte,APP,SORL1,0.00671926919488746,0.95,381,1741
782328,Petti2019,Diagnosis,cellchat,Cycling Progenitor,Pro-Monocyte,APP,SORL1,0.00936212125820363,0.04,142,1741
782328,Petti2019,Diagnosis,cellchat,Early GMP,Pro-Monocyte,APP,SORL1,0.00714821318874446,0.85,174,1741
782328,Petti2019,Diagnosis,cellchat,HSC MPP,Pro-Monocyte,APP,SORL1,0.00853897761421939,0.28,125,1741
782328,Petti2019,Diagnosis,cellchat,Late GMP,Pro-Monocyte,APP,SORL1,0.00745566157684211,0.84,436,1741
782328,Petti2019,Diagnosis,cellchat,LMPP,Pro-Monocyte,APP,SORL1,0.008065877335363,0.48,262,1741
782328,Petti2019,Diagnosis,cellchat,Naive T,Pro-Monocyte,APP,SORL1,0.00205647422949354,0.9,19,1741
782328,Petti2019,Diagnosis,cellchat,pDC,Pro-Monocyte,APP,SORL1,0.00864827292243031,0.27,99,1741
782328,Petti2019,Diagnosis,cellchat,CD4 Memory T,NK,CD99,PILRB,0.0280850616383143,0,33,31
782328,Petti2019,Diagnosis,cellchat,CD8 Memory T,NK,CD99,PILRB,0.0299666699825012,0,81,31
782328,Petti2019,Diagnosis,cellchat,cDC,NK,CD99,PILRB,0.0105507548339942,0,381,31
782328,Petti2019,Diagnosis,cellchat,Cycling Progenitor,NK,CD99,PILRB,0.0205853332423478,0,142,31
782328,Petti2019,Diagnosis,cellchat,Early GMP,NK,CD99,PILRB,0.0204319814735054,0,174,31
782328,Petti2019,Diagnosis,cellchat,EoBasoMast Precursor,NK,CD99,PILRB,0.0105830047692352,0,37,31
782328,Petti2019,Diagnosis,cellchat,HSC MPP,NK,CD99,PILRB,0.0214873486784106,0,125,31
782328,Petti2019,Diagnosis,cellchat,Late GMP,NK,CD99,PILRB,0.00985913222736541,0,436,31
782328,Petti2019,Diagnosis,cellchat,LMPP,NK,CD99,PILRB,0.0265883831082963,0,262,31
782328,Petti2019,Diagnosis,cellchat,Monocyte,NK,CD99,PILRB,0.00497181738564041,0.01,8890,31
782328,Petti2019,Diagnosis,cellchat,Naive T,NK,CD99,PILRB,0.0274591666402613,0,19,31
782328,Petti2019,Diagnosis,cellchat,NK,NK,CD99,PILRB,0.0291164639591723,0,31,31
782328,Petti2019,Diagnosis,cellchat,pDC,NK,CD99,PILRB,0.0175577892946486,0,99,31
782328,Petti2019,Diagnosis,cellchat,Plasma Cell,NK,CD99,PILRB,0.00578260674166082,0.01,39,31
782328,Petti2019,Diagnosis,cellchat,Pro-Monocyte,NK,CD99,PILRB,0.00923324663489605,0,1741,31
782328,Petti2019,Diagnosis,cellchat,Late GMP,Late GMP,CEACAM6,CEACAM6,0.00288872061661378,0,436,436
782328,Petti2019,Diagnosis,cellchat,Cycling Progenitor,cDC,LAIR1,LILRB4,0.0088211437848456,0,142,381
782328,Petti2019,Diagnosis,cellchat,Early GMP,cDC,LAIR1,LILRB4,0.0108961807748556,0,174,381
782328,Petti2019,Diagnosis,cellchat,EoBasoMast Precursor,cDC,LAIR1,LILRB4,0.00680867533554738,0,37,381
782328,Petti2019,Diagnosis,cellchat,HSC MPP,cDC,LAIR1,LILRB4,0.00548933766600614,0,125,381
782328,Petti2019,Diagnosis,cellchat,Late GMP,cDC,LAIR1,LILRB4,0.0135662361032999,0,436,381
782328,Petti2019,Diagnosis,cellchat,LMPP,cDC,LAIR1,LILRB4,0.0150016136237957,0,262,381
782328,Petti2019,Diagnosis,cellchat,Monocyte,cDC,LAIR1,LILRB4,0.00551041583151883,0,8890,381
782328,Petti2019,Diagnosis,cellchat,pDC,cDC,LAIR1,LILRB4,0.012659510477293,0,99,381
782328,Petti2019,Diagnosis,cellchat,Pro-Monocyte,cDC,LAIR1,LILRB4,0.00626803627200811,0,1741,381
782328,Petti2019,Diagnosis,cellchat,cDC,Cycling Progenitor,PECAM1,CD38,0.00259993945944573,0,381,142
782328,Petti2019,Diagnosis,cellchat,Cycling Progenitor,Cycling Progenitor,PECAM1,CD38,0.00808486556210731,0,142,142
782328,Petti2019,Diagnosis,cellchat,Early GMP,Cycling Progenitor,PECAM1,CD38,0.00799404446116282,0,174,142
782328,Petti2019,Diagnosis,cellchat,EoBasoMast Precursor,Cycling Progenitor,PECAM1,CD38,0.00302970515523431,0,37,142
782328,Petti2019,Diagnosis,cellchat,HSC MPP,Cycling Progenitor,PECAM1,CD38,0.00323882657651593,0,125,142
782328,Petti2019,Diagnosis,cellchat,Late GMP,Cycling Progenitor,PECAM1,CD38,0.00311619229833906,0,436,142
782328,Petti2019,Diagnosis,cellchat,LMPP,Cycling Progenitor,PECAM1,CD38,0.00965559326048727,0,262,142
782328,Petti2019,Diagnosis,cellchat,Monocyte,Cycling Progenitor,PECAM1,CD38,0.013764846421405,0,8890,142
782328,Petti2019,Diagnosis,cellchat,pDC,Cycling Progenitor,PECAM1,CD38,0.00720713635438738,0,99,142
782328,Petti2019,Diagnosis,cellchat,Plasma Cell,Cycling Progenitor,PECAM1,CD38,0.00282614078872284,0,39,142
782328,Petti2019,Diagnosis,cellchat,Pro-Monocyte,Cycling Progenitor,PECAM1,CD38,0.00360863350986447,0,1741,142
782328,Petti2019,Diagnosis,cellchat,cDC,Early GMP,PECAM1,CD38,0.00278928364688315,0,381,174
782328,Petti2019,Diagnosis,cellchat,Cycling Progenitor,Early GMP,PECAM1,CD38,0.00867018476990689,0,142,174
782328,Petti2019,Diagnosis,cellchat,Early GMP,Early GMP,PECAM1,CD38,0.00857284533007661,0,174,174
782328,Petti2019,Diagnosis,cellchat,EoBasoMast Precursor,Early GMP,PECAM1,CD38,0.00325024563165484,0,37,174
782328,Petti2019,Diagnosis,cellchat,HSC MPP,Early GMP,PECAM1,CD38,0.003474536517898,0,125,174
782328,Petti2019,Diagnosis,cellchat,Late GMP,Early GMP,PECAM1,CD38,0.00334300729876674,0,436,174
782328,Petti2019,Diagnosis,cellchat,LMPP,Early GMP,PECAM1,CD38,0.0103534413388656,0,262,174
782328,Petti2019,Diagnosis,cellchat,Monocyte,Early GMP,PECAM1,CD38,0.0147552616276729,0,8890,174
782328,Petti2019,Diagnosis,cellchat,pDC,Early GMP,PECAM1,CD38,0.00772940585553886,0,99,174
782328,Petti2019,Diagnosis,cellchat,Plasma Cell,Early GMP,PECAM1,CD38,0.00303190832474407,0,39,174
782328,Petti2019,Diagnosis,cellchat,Pro-Monocyte,Early GMP,PECAM1,CD38,0.00387115212244311,0,1741,174
782328,Petti2019,Diagnosis,cellchat,cDC,HSC MPP,PECAM1,CD38,0.000982693626942508,0,381,125
782328,Petti2019,Diagnosis,cellchat,Cycling Progenitor,HSC MPP,PECAM1,CD38,0.00306630846515872,0,142,125
782328,Petti2019,Diagnosis,cellchat,Early GMP,HSC MPP,PECAM1,CD38,0.0030316908715318,0,174,125
782328,Petti2019,Diagnosis,cellchat,EoBasoMast Precursor,HSC MPP,PECAM1,CD38,0.00114543826539197,0,37,125
782328,Petti2019,Diagnosis,cellchat,HSC MPP,HSC MPP,PECAM1,CD38,0.00122466040025617,0,125,125
782328,Petti2019,Diagnosis,cellchat,Late GMP,HSC MPP,PECAM1,CD38,0.00117819995894607,0,436,125
782328,Petti2019,Diagnosis,cellchat,LMPP,HSC MPP,PECAM1,CD38,0.00366563402367772,0,262,125
782328,Petti2019,Diagnosis,cellchat,Monocyte,HSC MPP,PECAM1,CD38,0.00523915031576067,0,8890,125
782328,Petti2019,Diagnosis,cellchat,pDC,HSC MPP,PECAM1,CD38,0.00273191570707242,0,99,125
782328,Petti2019,Diagnosis,cellchat,Plasma Cell,HSC MPP,PECAM1,CD38,0.00106834117792198,0,39,125
782328,Petti2019,Diagnosis,cellchat,Pro-Monocyte,HSC MPP,PECAM1,CD38,0.00136480615333886,0,1741,125
782328,Petti2019,Diagnosis,cellchat,cDC,Late GMP,PECAM1,CD38,0.00116158105405286,0,381,436
782328,Petti2019,Diagnosis,cellchat,Cycling Progenitor,Late GMP,PECAM1,CD38,0.00362311705249663,0,142,436
782328,Petti2019,Diagnosis,cellchat,Early GMP,Late GMP,PECAM1,CD38,0.00358223586461225,0,174,436
782328,Petti2019,Diagnosis,cellchat,EoBasoMast Precursor,Late GMP,PECAM1,CD38,0.00135391122526899,0,37,436
782328,Petti2019,Diagnosis,cellchat,HSC MPP,Late GMP,PECAM1,CD38,0.00144753111431636,0,125,436
782328,Petti2019,Diagnosis,cellchat,Late GMP,Late GMP,PECAM1,CD38,0.00139262732508069,0,436,436
782328,Petti2019,Diagnosis,cellchat,LMPP,Late GMP,PECAM1,CD38,0.00433080090122233,0,262,436
782328,Petti2019,Diagnosis,cellchat,Monocyte,Late GMP,PECAM1,CD38,0.00618807447225434,0,8890,436
782328,Petti2019,Diagnosis,cellchat,pDC,Late GMP,PECAM1,CD38,0.00322819879758345,0,99,436
782328,Petti2019,Diagnosis,cellchat,Plasma Cell,Late GMP,PECAM1,CD38,0.00126279999257596,0,39,436
782328,Petti2019,Diagnosis,cellchat,Pro-Monocyte,Late GMP,PECAM1,CD38,0.00161314020142554,0,1741,436
782328,Petti2019,Diagnosis,cellchat,cDC,NK,PECAM1,CD38,0.00224089895827204,0,381,31
782328,Petti2019,Diagnosis,cellchat,Cycling Progenitor,NK,PECAM1,CD38,0.0069736762075484,0,142,31
782328,Petti2019,Diagnosis,cellchat,Early GMP,NK,PECAM1,CD38,0.00689525084813865,0,174,31
782328,Petti2019,Diagnosis,cellchat,EoBasoMast Precursor,NK,PECAM1,CD38,0.00261147124429167,0,37,31
782328,Petti2019,Diagnosis,cellchat,HSC MPP,NK,PECAM1,CD38,0.00279180545776954,0,125,31
782328,Petti2019,Diagnosis,cellchat,Late GMP,NK,PECAM1,CD38,0.00268605148572393,0,436,31
782328,Petti2019,Diagnosis,cellchat,LMPP,NK,PECAM1,CD38,0.00833033506217845,0,262,31
782328,Petti2019,Diagnosis,cellchat,Monocyte,NK,PECAM1,CD38,0.0118823483673063,0,8890,31
782328,Petti2019,Diagnosis,cellchat,pDC,NK,PECAM1,CD38,0.00621582672941415,0,99,31
782328,Petti2019,Diagnosis,cellchat,Plasma Cell,NK,PECAM1,CD38,0.00243593914386661,0,39,31
782328,Petti2019,Diagnosis,cellchat,Pro-Monocyte,NK,PECAM1,CD38,0.0031107311245325,0,1741,31
782328,Petti2019,Diagnosis,cellchat,cDC,pDC,PECAM1,CD38,0.00118224655769899,0,381,99
782328,Petti2019,Diagnosis,cellchat,Cycling Progenitor,pDC,PECAM1,CD38,0.00368741368134861,0,142,99
782328,Petti2019,Diagnosis,cellchat,Early GMP,pDC,PECAM1,CD38,0.00364580966155275,0,174,99
782328,Petti2019,Diagnosis,cellchat,EoBasoMast Precursor,pDC,PECAM1,CD38,0.00137799372379264,0,37,99
782328,Petti2019,Diagnosis,cellchat,HSC MPP,pDC,PECAM1,CD38,0.0014732764062671,0,125,99
782328,Petti2019,Diagnosis,cellchat,Late GMP,pDC,PECAM1,CD38,0.00141739750316104,0,436,99
782328,Petti2019,Diagnosis,cellchat,LMPP,pDC,PECAM1,CD38,0.00440760068759807,0,262,99
782328,Petti2019,Diagnosis,cellchat,Monocyte,pDC,PECAM1,CD38,0.00629760169886259,0,8890,99
782328,Petti2019,Diagnosis,cellchat,pDC,pDC,PECAM1,CD38,0.00328551023016682,0,99,99
782328,Petti2019,Diagnosis,cellchat,Plasma Cell,pDC,PECAM1,CD38,0.00128526394909018,0,39,99
782328,Petti2019,Diagnosis,cellchat,Pro-Monocyte,pDC,PECAM1,CD38,0.00164182611684791,0,1741,99
782328,Petti2019,Diagnosis,cellchat,cDC,Plasma Cell,PECAM1,CD38,0.00763625791774516,0,381,39
782328,Petti2019,Diagnosis,cellchat,Cycling Progenitor,Plasma Cell,PECAM1,CD38,0.0234956953982767,0,142,39
782328,Petti2019,Diagnosis,cellchat,Early GMP,Plasma Cell,PECAM1,CD38,0.0232358124940836,0,174,39
782328,Petti2019,Diagnosis,cellchat,EoBasoMast Precursor,Plasma Cell,PECAM1,CD38,0.00889109764152533,0,37,39
782328,Petti2019,Diagnosis,cellchat,HSC MPP,Plasma Cell,PECAM1,CD38,0.00950093846245638,0,125,39
782328,Petti2019,Diagnosis,cellchat,Late GMP,Plasma Cell,PECAM1,CD38,0.00914337184420644,0,436,39
782328,Petti2019,Diagnosis,cellchat,LMPP,Plasma Cell,PECAM1,CD38,0.0279759958562173,0,262,39
782328,Petti2019,Diagnosis,cellchat,Monocyte,Plasma Cell,PECAM1,CD38,0.0395705612622953,0,8890,39
782328,Petti2019,Diagnosis,cellchat,pDC,Plasma Cell,PECAM1,CD38,0.0209802850589352,0,99,39
782328,Petti2019,Diagnosis,cellchat,Plasma Cell,Plasma Cell,PECAM1,CD38,0.00829698674250095,0,39,39
782328,Petti2019,Diagnosis,cellchat,Pro-Monocyte,Plasma Cell,PECAM1,CD38,0.0105781609142339,0,1741,39
782328,Petti2019,Diagnosis,cellchat,Naive T,CD4 Memory T,SIRPG,CD47,0.00674956757330143,0,19,33
782328,Petti2019,Diagnosis,cellchat,Naive T,CD8 Memory T,SIRPG,CD47,0.0024294651447671,0,19,81
782328,Petti2019,Diagnosis,cellchat,Naive T,cDC,SIRPG,CD47,0.00502321224932966,0,19,381
782328,Petti2019,Diagnosis,cellchat,Naive T,Cycling Progenitor,SIRPG,CD47,0.00618895202542553,0,19,142
782328,Petti2019,Diagnosis,cellchat,Naive T,Early GMP,SIRPG,CD47,0.00490936593618393,0,19,174
782328,Petti2019,Diagnosis,cellchat,Naive T,EoBasoMast Precursor,SIRPG,CD47,0.00568176504178826,0,19,37
782328,Petti2019,Diagnosis,cellchat,Naive T,HSC MPP,SIRPG,CD47,0.00451100282795397,0,19,125
782328,Petti2019,Diagnosis,cellchat,Naive T,Late GMP,SIRPG,CD47,0.00156612891088683,0,19,436
782328,Petti2019,Diagnosis,cellchat,Naive T,LMPP,SIRPG,CD47,0.00610913656918321,0,19,262
782328,Petti2019,Diagnosis,cellchat,Naive T,Monocyte,SIRPG,CD47,0.00217408329483066,0,19,8890
782328,Petti2019,Diagnosis,cellchat,Naive T,Naive T,SIRPG,CD47,0.00671088178475064,0,19,19
782328,Petti2019,Diagnosis,cellchat,Naive T,NK,SIRPG,CD47,0.00735370454424996,0,19,31
782328,Petti2019,Diagnosis,cellchat,Naive T,pDC,SIRPG,CD47,0.00612187237587542,0,19,99
782328,Petti2019,Diagnosis,cellchat,Naive T,Plasma Cell,SIRPG,CD47,0.00107580622685306,0,19,39
782328,Petti2019,Diagnosis,cellchat,Naive T,Pro-Monocyte,SIRPG,CD47,0.00161291905247844,0,19,1741
